"","dif_mig","dif_habDen","dif_mass","dif_tailLen","dif_handWing","dif_Secondary","dif_KippsDist","dif_wingLen","dif_tarsusLen","dif_beakDep","dif_width","dif_beakLenNare","dif_beakLenCulm","dif_clutch","dif_ESI","dif_DB","dif_HB","dif_normMax","dif_elevaRange","dif_weight","dif_LAT","dif_RLM","dif_primHab","dif_primDiet","dif_INwt","dif_FRwt","dif_NEwt","dif_SEwt","dif_VEwt","dif_FIwt","dif_SCwt","dif_PLwt","dif_MSwt","dif_habitat","dif_trophicLvl","dif_trophicNic","dif_primLife","sp1","sp2","corr"
"1",0,0,0,0,0,0,0,0,0,0,0,0,0,0,0,0,0,0,0,0,0,1,1,1,1,1,1,1,1,1,1,1,1,1,1,1,1,"Northern.Bobwhite","Northern.Bobwhite",1
"2",0,1,53,65.4,9,12.2,22.8,34.6,10,5,4.3,0.700000000000001,4.7,5,0.0791812460476249,1,2,0,0,69.0166666666667,0,0,0,1,0,1,1,0,1,1,1,1,1,1,1,0,1,"Northern.Bobwhite","Mourning.Dove",0.0536752136752137
"3",0,1,102.4,20,0.599999999999998,11,5.2,17.4,8.5,0.800000000000001,0.0999999999999996,13,17.7,1,0.301029995663981,1,1,1900,1900,131.283333333333,1,0,1,0,0,0,0,0,0,1,0,1,0,0,0,1,0,"Northern.Bobwhite","Red.bellied.Woodpecker",0.127521367521368
"4",0,0,146.3,1.8,0.600000000000001,13.5,6,18.5,13.8,3.6,2.1,3.6,2.5,1,0.301029995663981,1,1,250,250,169.983333333333,1,0,0,0,0,0,1,0,1,1,1,1,1,0,0,0,0,"Northern.Bobwhite","Downy.Woodpecker",0.203418803418803
"5",0,1,114.7,110.5,2.3,87.2,26.1,118.6,0.300000000000001,3.5,7.6,28.8,37.2,0,0.301029995663981,1,1,200,200,91.75,1,0,0,0,0,0,1,0,1,1,1,0,1,0,0,0,0,"Northern.Bobwhite","Pileated.Woodpecker",0.121367521367521
"6",2,0,152.2,13.3,7,12.7,12.9,25.9,11.9,4.3,1.5,1.1,2.5,1,0.477121254719662,1,1,0,0,176.883333333333,0,1,1,0,0,0,1,0,1,1,1,0,1,0,0,0,0,"Northern.Bobwhite","Eastern.Phoebe",0.124102564102564
"7",0,0,83.9,64.6,10.2,28.9,7.4,20.2,5.1,0.5,3.1,10,15,0,0.176091259055681,1,0,1500,1500,120.31,1,0,1,0,0,0,1,0,0,1,0,0,1,0,0,1,1,"Northern.Bobwhite","Blue.Jay",0.416068376068376
"8",1,0,276.9,110.3,8.9,106.8,76.6,183.7,25.4,8.2,6.9,24.6,35,1,0.823908740944319,3,5,700,700,259.916666666667,1,0,0,0,1,0,1,0,0,0,0,0,0,1,0,1,1,"Northern.Bobwhite","American.Crow",-0.0475213675213675
"9",0,1,112.7,100.3,8.7,96.8,70.3,166.9,17.5,6.4,6.8,18.6,28.4,1,0.698970004336019,3,3,1500,1500,76.8083333333333,1,0,0,0,0,0,1,0,0,0,0,0,0,0,0,1,1,"Northern.Bobwhite","Fish.Crow",0.119316239316239
"10",0,1,150.3,11.8,11.5,14.2,17.8,31.9,9.1,2.9,2.1,0.200000000000001,1.6,3,0.477121254719662,1,3,1890,1890,174.216666666667,1,0,0,0,0,0,1,0,1,1,1,0,1,0,0,0,0,"Northern.Bobwhite","Tufted.Titmouse",-0.196581196581197
"11",0,0,161.9,7.2,8.1,32.4,18.9,51,14.8,4.7,3.5,2,6,4,0.477121254719662,1,3,650,650,185.6,1,0,0,0,0,0,1,0,1,1,1,0,1,0,0,0,0,"Northern.Bobwhite","Carolina.Chickadee",0.0379487179487179
"12",0,0,152.9,6.09999999999999,16.2,26.8,23.5,50.4,8.2,4.5,3.8,2.5,2,2,0.301029995663981,1,0,500,500,176.216666666667,1,0,0,0,0,0,1,0,0,1,1,0,1,0,0,0,0,"Northern.Bobwhite","Carolina.Wren",0.118632478632479
"13",0,1,150.9,8,3.6,18.5,2.7,21.2,11.1,4.2,3,3.6,4.2,2,0.176091259055681,0,1,1000,1000,174.296666666667,0,1,0,0,0,0,1,0,1,1,1,1,0,0,0,1,0,"Northern.Bobwhite","White.breasted.Nuthatch",-0.149401709401709
"14",0,1,161.7,21.4,4.3,29.5,15.2,44.8,14.8,4.5,3.7,1.8,0.4,1,0.1249387366083,0,1,1900,1900,185.940666666667,1,0,1,0,0,1,1,0,1,1,1,0,1,0,0,0,0,"Northern.Bobwhite","Brown.headed.Nuthatch",0.463247863247863
"15",2,0,123.4,60.8,7,11.1,7.2,2.5,2.6,3.1,2.4,3.6,7.2,1,0.1249387366083,0,1,500,500,147.866666666667,0,1,0,0,0,0,1,0,0,1,1,1,1,0,0,1,0,"Northern.Bobwhite","Northern.Mockingbird",0.20957264957265
"16",1,1,103.1,65,13.7,7.3,16.3,7.3,4.6,2.1,1.6,10.7,15.2,1,0,1,1,1980,1980,125.85,1,0,0,0,0,0,1,0,0,1,1,0,1,0,0,1,0,"Northern.Bobwhite","Brown.Thrasher",0.0201709401709402
"17",1,0,144.4,5.7,5.2,15,1.1,14,9.9,3.9,2.8,0.5,0.5,4,0,0,0,60,60,166.133333333333,0,1,1,0,0,0,1,0,0,1,1,0,1,0,0,0,0,"Northern.Bobwhite","Eastern.Bluebird",0.263589743589744
"18",2,1,93.4,38.9,1.4,10.9,6.6,17.2,3.1,1.6,1.4,3.9,8.5,3,0.367976785294594,0,4,1000,1000,116.383333333333,0,1,0,0,0,0,1,0,1,1,1,0,1,0,0,0,0,"Northern.Bobwhite","American.Robin",-0.16034188034188
"19",0,1,145.4,0.400000000000006,0.300000000000001,25,9.9,34.9,11.7,1,0.7,0.5,1.4,2,0.301029995663981,1,0,2100,2100,168.576666666667,0,0,0,1,0,0,0,0,0,1,0,1,1,1,1,0,1,"Northern.Bobwhite","House.Sparrow",0.364164819820571
"20",1,0,150.5,9.40000000000001,0.100000000000001,23.6,9.1,32.6,12.2,0.200000000000001,0.4,0.199999999999999,4.3,0,0.367976785294594,0,4,1000,1000,174.291666666667,0,1,0,1,0,0,0,1,1,1,1,1,1,0,1,0,0,"Northern.Bobwhite","House.Finch",0.0379487179487179
"21",0,1,159.1,8.5,0,29.1,11.2,40,16.1,2.1,2.7,0.4,3.4,0,0.176091259055681,1,1,1500,1500,183.066666666667,1,0,0,1,0,0,1,0,1,1,1,1,1,0,1,0,0,"Northern.Bobwhite","American.Goldfinch",0.0988034188034188
"22",2,0,159.7,0.799999999999997,3.4,28.4,14,41.8,13.3,3.5,3,1.6,1.8,0,0.221848749616356,0,2,1300,1300,182.666666666667,0,1,1,1,0,1,1,0,1,1,1,0,1,0,0,1,0,"Northern.Bobwhite","Chipping.Sparrow",0.161709401709402
"23",1,0,159.4,5.2,10.9,25.9,19.5,45.4,11.7,3.2,2.7,2,4.5,1,0.1249387366083,0,1,1500,1500,182.2,1,0,0,1,1,1,1,1,1,1,1,0,1,0,0,0,0,"Northern.Bobwhite","Field.Sparrow",0.447597886521246
"24",1,0,150,10.4,7.5,26.8,17.1,43.5,8.1,1.7,1.7,0.0999999999999996,1.5,0,0.301029995663981,1,1,0,0,170.55,0,1,0,0,0,0,1,0,1,0,0,0,1,0,0,1,0,"Northern.Bobwhite","Song.Sparrow",0.109059829059829
"25",1,0,131.9,34.9,14,8.60000000000001,19.2,27.5,2.6,0.200000000000001,1.5,1.2,0.5,1,0.522878745280338,2,2,520,520,154.9,0,1,0,0,0,0,1,0,0,1,1,0,1,0,1,1,0,"Northern.Bobwhite","Eastern.Towhee",0.144615384615385
"26",1,1,80.1,10.6,2.8,6.69999999999999,1.9,1.7,10.2,0.200000000000001,0.9,11.4,18.6,0,0.1249387366083,0,1,0,0,97.5166666666667,0,1,0,0,0,0,1,0,0,1,0,0,1,0,0,0,1,"Northern.Bobwhite","Eastern.Meadowlark",0.219866647084157
"27",2,1,121.1,32.1,3.6,9.5,2.5,8.2,1.6,0.4,1.4,6.8,7.8,3,0.1249387366083,0,1,0,0,139.616666666667,0,1,0,1,0,1,1,0,1,1,1,0,1,0,1,0,0,"Northern.Bobwhite","Red.winged.Blackbird",0.31008547008547
"28",2,0,131.6,13,5.4,10.6,3.6,4.8,4.9,0.5,1.2,2.5,2.7,4,0.1249387366083,0,1,395,395,153.266666666667,0,1,0,1,0,1,1,0,1,1,1,0,1,0,0,0,1,"Northern.Bobwhite","Brown.headed.Cowbird",0.0441025641025641
"29",1,1,66.7,61.4,1.7,18.8,4,23.1,6,2.1,0.3,13.2,18.1,1,0.477121254719662,1,3,1500,1500,88.2666666666667,1,0,1,0,0,0,1,0,0,0,0,0,0,0,0,1,1,"Northern.Bobwhite","Common.Grackle",-0.0201709401709402
"30",2,1,162.4,7.4,11.5,35.1,21.8,55.1,9.4,5.1,4,0.699999999999999,2.2,0,0.477121254719662,1,1,2100,2100,184.741666666667,0,1,0,0,0,1,1,0,1,1,1,0,1,0,0,0,0,"Northern.Bobwhite","Common.Yellowthroat",0.238290598290598
"31",2,0,160.1,2.8,1,28.2,9.7,38,11,4.6,3.9,0.6,1.5,4,0.301029995663981,1,1,550,550,183.766666666667,0,1,0,0,0,0,1,0,1,1,1,0,1,0,0,0,0,"Northern.Bobwhite","Pine.Warbler",0.143931623931624
"32",0,0,129.3,45,12.1,1.7,16.1,16.3,5.1,3.9,2.3,6.1,2.7,1,0.1249387366083,2,1,500,500,151.383333333333,0,1,0,0,0,0,1,0,0,1,1,0,1,0,1,1,0,"Northern.Bobwhite","Northern.Cardinal",0.0735042735042735
"34",0,0,0,0,0,0,0,0,0,0,0,0,0,0,0,0,0,0,0,0,0,1,1,1,1,1,1,1,1,1,1,1,1,1,1,1,1,"Mourning.Dove","Mourning.Dove",1
"35",0,2,49.4,45.4,8.4,1.19999999999999,17.6,17.2,1.5,4.2,4.4,12.3,13,6,0.380211241711606,2,1,1900,1900,62.2666666666667,1,1,0,0,0,0,0,0,0,1,0,1,0,0,0,0,0,"Mourning.Dove","Red.bellied.Woodpecker",0.524102564102564
"36",0,1,93.3,63.6,9.6,25.7,28.8,53.1,3.8,1.4,2.2,2.9,2.2,4,0.380211241711606,2,1,250,250,100.966666666667,1,1,0,0,0,0,1,0,1,1,1,1,1,0,0,0,0,"Mourning.Dove","Downy.Woodpecker",0.323760683760684
"37",0,2,167.7,45.1,11.3,75,3.3,84,9.7,8.5,11.9,28.1,32.5,5,0.380211241711606,2,1,200,200,160.766666666667,1,1,0,0,0,0,1,0,1,1,1,0,1,0,0,0,0,"Mourning.Dove","Pileated.Woodpecker",0.011965811965812
"38",2,1,99.2,52.1,16,24.9,35.7,60.5,1.9,0.7,2.8,0.399999999999999,2.2,4,0.397940008672037,0,3,0,0,107.866666666667,0,0,0,0,0,0,1,0,1,1,1,0,1,0,0,0,0,"Mourning.Dove","Eastern.Phoebe",0.0160683760683761
"39",0,1,30.9,0.799999999999997,19.2,16.7,30.2,14.4,15.1,5.5,7.4,9.3,10.3,5,0.255272505103306,2,2,1500,1500,51.2933333333333,1,1,0,0,0,0,1,0,0,1,0,0,1,0,0,0,1,"Mourning.Dove","Blue.Jay",0.247179487179487
"40",1,1,329.9,44.9,0.100000000000001,94.6,53.8,149.1,35.4,13.2,11.2,23.9,30.3,4,0.903089986991944,4,3,700,700,328.933333333333,1,1,1,0,0,0,1,0,0,0,0,0,0,1,0,0,1,"Mourning.Dove","American.Crow",0.303247863247863
"41",0,0,165.7,34.9,0.300000000000004,84.6,47.5,132.3,27.5,11.4,11.1,17.9,23.7,4,0.778151250383644,4,1,1500,1500,145.825,1,1,0,0,0,0,1,0,0,0,0,0,0,0,0,0,1,"Mourning.Dove","Fish.Crow",-0.0488888888888889
"42",0,2,97.3,53.6,20.5,26.4,40.6,66.5,0.899999999999999,2.1,2.2,0.5,6.3,2,0.556302500767287,2,1,1890,1890,105.2,1,1,0,0,0,0,1,0,1,1,1,0,1,0,0,0,0,"Mourning.Dove","Tufted.Titmouse",0.00854700854700855
"43",0,1,108.9,72.6,17.1,44.6,41.7,85.6,4.8,0.3,0.8,2.7,10.7,1,0.556302500767287,2,1,650,650,116.583333333333,1,1,0,0,0,0,1,0,1,1,1,0,1,0,0,0,0,"Mourning.Dove","Carolina.Chickadee",-0.158974358974359
"44",0,1,99.9,71.5,25.2,39,46.3,85,1.8,0.5,0.5,1.8,2.7,3,0.221848749616356,0,2,500,500,107.2,1,1,0,0,0,0,1,0,0,1,1,0,1,0,0,0,0,"Mourning.Dove","Carolina.Wren",0.00444444444444444
"45",0,2,97.9,73.4,5.4,30.7,25.5,55.8,1.1,0.8,1.3,2.9,0.5,7,0.0969100130080562,1,3,1000,1000,105.28,0,0,0,0,0,0,1,0,1,1,1,1,0,0,0,0,0,"Mourning.Dove","White.breasted.Nuthatch",0.382564102564103
"46",0,2,108.7,86.8,13.3,41.7,38,79.4,4.8,0.5,0.6,1.1,4.3,6,0.204119982655925,1,1,1900,1900,116.924,1,1,0,0,0,1,1,0,1,1,1,0,1,0,0,0,0,"Mourning.Dove","Brown.headed.Nuthatch",0.00444444444444444
"47",2,1,70.4,4.60000000000001,16,1.09999999999999,30,32.1,12.6,1.9,1.9,2.9,2.5,4,0.204119982655925,1,1,500,500,78.85,0,0,0,0,0,0,1,0,0,1,1,1,1,0,0,0,0,"Mourning.Dove","Northern.Mockingbird",0.324444444444444
"48",1,2,50.1,0.400000000000006,22.7,4.89999999999999,39.1,41.9,14.6,2.9,2.7,10,10.5,4,0.0791812460476249,2,3,1980,1980,56.8333333333333,1,1,0,0,0,0,1,0,0,1,1,0,1,0,0,0,0,"Mourning.Dove","Brown.Thrasher",0.301880341880342
"49",1,1,91.4,59.7,3.8,27.2,21.7,48.6,0.0999999999999979,1.1,1.5,0.200000000000001,4.2,1,0.0791812460476249,1,2,60,60,97.1166666666667,0,0,0,0,0,0,1,0,0,1,1,0,1,0,0,0,0,"Mourning.Dove","Eastern.Bluebird",0.173333333333333
"50",2,0,40.4,26.5,7.6,1.3,16.2,17.4,13.1,3.4,2.9,3.2,3.8,2,0.447158031342219,1,2,1000,1000,47.3666666666667,0,0,0,0,0,0,1,0,1,1,1,0,1,0,0,0,0,"Mourning.Dove","American.Robin",-0.0912820512820513
"51",0,0,92.4,65,9.3,37.2,32.7,69.5,1.7,4,3.6,0.200000000000001,6.1,7,0.221848749616356,0,2,2100,2100,99.56,0,0,0,1,1,0,0,1,0,1,0,1,1,1,1,1,1,"Mourning.Dove","House.Sparrow",0.0977944962147261
"52",1,1,97.5,56,9.1,35.8,31.9,67.2,2.2,4.8,3.9,0.9,9,5,0.447158031342219,1,2,1000,1000,105.275,0,0,0,1,1,0,0,0,1,1,1,1,1,0,1,1,0,"Mourning.Dove","House.Finch",0.266324786324786
"53",0,2,106.1,73.9,9,41.3,34,74.6,6.1,2.9,1.6,1.1,8.1,5,0.0969100130080562,0,1,1500,1500,114.05,1,1,0,1,1,0,1,1,1,1,1,1,1,0,1,1,0,"Mourning.Dove","American.Goldfinch",0.301880341880342
"54",2,1,106.7,66.2,12.4,40.6,36.8,76.4,3.3,1.5,1.3,2.3,6.5,5,0.301029995663981,1,0,1300,1300,113.65,0,0,0,1,0,1,1,0,1,1,1,0,1,0,0,0,0,"Mourning.Dove","Chipping.Sparrow",-0.415384615384615
"55",1,1,106.4,60.2,19.9,38.1,42.3,80,1.7,1.8,1.6,2.7,9.2,4,0.204119982655925,1,1,1500,1500,113.183333333333,1,1,0,1,0,1,1,0,1,1,1,0,1,0,0,1,0,"Mourning.Dove","Field.Sparrow",0.151136948695486
"56",1,1,97,55,16.5,39,39.9,78.1,1.9,3.3,2.6,0.800000000000001,6.2,5,0.380211241711606,2,1,0,0,101.533333333333,0,0,0,0,0,0,1,0,1,0,0,0,1,0,0,0,0,"Mourning.Dove","Song.Sparrow",0.00786324786324786
"57",1,1,78.9,30.5,23,20.8,42,62.1,7.4,4.8,2.8,0.5,4.2,4,0.602059991327962,3,0,520,520,85.8833333333333,0,0,0,0,0,0,1,0,0,1,1,0,1,0,1,0,0,"Mourning.Dove","Eastern.Towhee",0.521367521367521
"58",1,0,27.1,54.8,11.8,5.5,24.7,36.3,20.2,4.8,3.4,10.7,13.9,5,0.204119982655925,1,1,0,0,28.5,0,0,0,0,0,0,1,0,0,1,0,0,1,0,0,0,1,"Mourning.Dove","Eastern.Meadowlark",-0.0827491891047683
"59",2,0,68.1,33.3,12.6,2.69999999999999,25.3,26.4,8.4,5.4,2.9,6.1,3.1,2,0.204119982655925,1,1,0,0,70.6,0,0,0,1,0,1,1,0,1,1,1,0,1,0,1,1,0,"Mourning.Dove","Red.winged.Blackbird",0.00239316239316239
"60",2,1,78.6,52.4,3.6,22.8,19.2,39.4,5.1,5.5,3.1,1.8,2,1,0.204119982655925,1,1,395,395,84.25,0,0,0,1,0,1,1,0,1,1,1,0,1,0,0,0,1,"Mourning.Dove","Brown.headed.Cowbird",0.11042735042735
"61",1,0,13.7,4,10.7,6.60000000000001,18.8,11.5,16,7.1,4.6,12.5,13.4,6,0.556302500767287,2,1,1500,1500,19.25,1,1,0,0,0,0,1,0,0,0,0,0,0,0,0,0,1,"Mourning.Dove","Common.Grackle",0.000341880341880342
"62",2,2,109.4,72.8,20.5,47.3,44.6,89.7,0.599999999999998,0.1,0.3,1.4,6.9,5,0.397940008672037,0,3,2100,2100,115.725,0,0,0,0,0,1,1,0,1,1,1,0,1,0,0,0,0,"Mourning.Dove","Common.Yellowthroat",0.236239316239316
"63",2,1,107.1,68.2,8,40.4,32.5,72.6,1,0.4,0.4,1.3,6.2,1,0.380211241711606,2,1,550,550,114.75,0,0,0,0,0,0,1,0,1,1,1,0,1,0,0,0,0,"Mourning.Dove","Pine.Warbler",0.221880341880342
"64",0,1,76.3,20.4,21.1,13.9,38.9,50.9,4.9,8.9,6.6,5.4,2,4,0.204119982655925,3,3,500,500,82.3666666666667,0,0,0,0,0,0,1,0,0,1,1,0,1,0,1,0,0,"Mourning.Dove","Northern.Cardinal",-0.0475213675213675
"67",0,0,0,0,0,0,0,0,0,0,0,0,0,0,0,0,0,0,0,0,0,1,1,1,1,1,1,1,1,1,1,1,1,1,1,1,1,"Red.bellied.Woodpecker","Red.bellied.Woodpecker",1
"68",0,1,43.9,18.2,1.2,24.5,11.2,35.9,5.3,2.8,2.2,9.4,15.2,2,0,0,0,2150,2150,38.7,0,1,0,0,0,0,0,0,0,1,0,1,0,1,0,0,1,"Red.bellied.Woodpecker","Downy.Woodpecker",0.0605128205128205
"69",0,0,217.1,90.5,2.9,76.2,20.9,101.2,8.2,4.3,7.5,15.8,19.5,1,0,0,0,1700,1700,223.033333333333,0,1,0,0,0,0,0,0,0,1,0,0,0,0,0,0,1,"Red.bellied.Woodpecker","Pileated.Woodpecker",-0.124786324786325
"70",2,1,49.8,6.7,7.6,23.7,18.1,43.3,3.4,3.5,1.6,11.9,15.2,2,0.778151250383644,2,2,1900,1900,45.6,1,0,1,0,0,0,0,0,0,1,0,0,0,0,0,0,1,"Red.bellied.Woodpecker","Eastern.Phoebe",-0.227350427350427
"71",0,1,18.5,44.6,10.8,17.9,12.6,2.8,13.6,1.3,3,3,2.7,1,0.1249387366083,0,1,400,400,10.9733333333333,0,1,1,1,1,0,0,0,1,1,1,0,0,1,1,1,0,"Red.bellied.Woodpecker","Blue.Jay",0.277264957264957
"72",1,1,379.3,90.3,8.3,95.8,71.4,166.3,33.9,9,6.8,11.6,17.3,2,0.522878745280338,2,4,1200,1200,391.2,0,1,0,1,0,1,0,0,0,0,0,0,1,0,1,1,0,"Red.bellied.Woodpecker","American.Crow",0.28
"73",0,2,215.1,80.3,8.1,85.8,65.1,149.5,26,7.2,6.7,5.6,10.7,2,0.397940008672038,2,2,400,400,208.091666666667,0,1,0,1,1,0,0,0,0,0,0,0,1,0,1,1,0,"Red.bellied.Woodpecker","Fish.Crow",-0.247179487179487
"74",0,0,47.9,8.2,12.1,25.2,23,49.3,0.600000000000001,2.1,2.2,12.8,19.3,4,0.176091259055681,0,2,10,10,42.9333333333333,0,1,0,0,0,0,0,0,0,1,0,0,0,0,0,0,1,"Red.bellied.Woodpecker","Tufted.Titmouse",0.224615384615385
"75",0,1,59.5,27.2,8.7,43.4,24.1,68.4,6.3,3.9,3.6,15,23.7,5,0.176091259055681,0,2,1250,1250,54.3166666666667,0,1,0,0,0,0,0,0,0,1,0,0,0,0,1,0,1,"Red.bellied.Woodpecker","Carolina.Chickadee",0.148034188034188
"76",0,1,50.5,26.1,16.8,37.8,28.7,67.8,0.299999999999997,3.7,3.9,10.5,15.7,3,0.602059991327962,2,1,1400,1400,44.9333333333333,0,1,0,0,0,0,0,0,1,1,0,0,0,1,0,0,1,"Red.bellied.Woodpecker","Carolina.Wren",-0.305982905982906
"77",0,0,48.5,28,3,29.5,7.9,38.6,2.6,3.4,3.1,9.4,13.5,1,0.477121254719662,1,2,2900,2900,43.0133333333333,1,0,0,0,0,0,0,1,0,1,0,1,1,0,1,1,1,"Red.bellied.Woodpecker","White.breasted.Nuthatch",0.262222222222222
"78",0,0,59.3,41.4,4.9,40.5,20.4,62.2,6.3,3.7,3.8,11.2,17.3,0,0.176091259055681,1,0,0,0,54.6573333333333,0,1,1,0,0,0,0,1,0,1,0,0,0,0,1,0,1,"Red.bellied.Woodpecker","Brown.headed.Nuthatch",0.524786324786325
"79",2,1,21,40.8,7.6,0.0999999999999943,12.4,14.9,11.1,2.3,2.5,9.4,10.5,2,0.176091259055681,1,0,2400,2400,16.5833333333333,1,0,0,1,0,0,0,0,1,1,0,1,0,0,1,1,0,"Red.bellied.Woodpecker","Northern.Mockingbird",0.451623931623932
"80",1,0,0.700000000000003,45,14.3,3.7,21.5,24.7,13.1,1.3,1.7,2.3,2.5,2,0.301029995663981,0,2,80,80,5.43333333333334,0,1,0,0,0,0,0,0,1,1,0,0,0,0,1,1,0,"Red.bellied.Woodpecker","Brown.Thrasher",0.48034188034188
"81",1,1,42,14.3,4.6,26,4.1,31.4,1.4,3.1,2.9,12.5,17.2,5,0.301029995663981,1,1,1840,1840,34.85,1,0,1,0,0,0,0,0,1,1,0,0,0,1,0,0,1,"Red.bellied.Woodpecker","Eastern.Bluebird",-0.091965811965812
"82",2,2,9,18.9,0.800000000000001,0.100000000000009,1.4,0.200000000000003,11.6,0.8,1.5,9.1,9.2,4,0.0669467896306132,1,3,2900,2900,14.9,1,0,0,1,0,0,0,0,0,1,0,0,0,0,1,0,0,"Red.bellied.Woodpecker","American.Robin",-0.0263247863247863
"83",0,2,43,19.6,0.899999999999999,36,15.1,52.3,3.2,0.199999999999999,0.8,12.5,19.1,1,0.602059991327962,2,1,4000,4000,37.2933333333333,1,0,0,0,0,0,1,0,1,1,1,1,0,0,0,0,0,"Red.bellied.Woodpecker","House.Sparrow",0.0704393923784391
"84",1,1,48.1,10.6,0.699999999999999,34.6,14.3,50,3.7,0.6,0.5,13.2,22,1,0.0669467896306132,1,3,2900,2900,43.0083333333333,1,0,0,0,0,0,1,0,0,1,0,1,0,0,0,0,1,"Red.bellied.Woodpecker","House.Finch",0.476923076923077
"85",0,0,56.7,28.5,0.599999999999998,40.1,16.4,57.4,7.6,1.3,2.8,13.4,21.1,1,0.477121254719662,2,0,400,400,51.7833333333333,0,1,0,0,0,0,0,0,0,1,0,1,0,0,0,0,1,"Red.bellied.Woodpecker","American.Goldfinch",0.321025641025641
"86",2,1,57.3,20.8,4,39.4,19.2,59.2,4.8,2.7,3.1,14.6,19.5,1,0.0791812460476248,1,1,3200,3200,51.3833333333333,1,0,1,0,0,0,0,0,0,1,0,0,0,0,1,1,0,"Red.bellied.Woodpecker","Chipping.Sparrow",-0.0386324786324786
"87",1,1,57,14.8,11.5,36.9,24.7,62.8,3.2,2.4,2.8,15,22.2,2,0.176091259055681,1,0,400,400,50.9166666666667,0,1,0,0,0,0,0,0,0,1,0,0,0,0,1,0,0,"Red.bellied.Woodpecker","Field.Sparrow",0.364506758618525
"88",1,1,47.6,9.59999999999999,8.1,37.8,22.3,60.9,0.399999999999999,0.9,1.8,13.1,19.2,1,0,0,0,1900,1900,39.2666666666667,1,0,0,1,0,0,0,1,0,0,1,0,0,0,1,1,0,"Red.bellied.Woodpecker","Song.Sparrow",-0.0598290598290598
"89",1,1,29.5,14.9,14.6,19.6,24.4,44.9,5.9,0.6,1.6,11.8,17.2,2,0.221848749616356,1,1,1380,1380,23.6166666666667,1,0,0,1,1,0,0,1,1,1,0,0,0,0,0,1,0,"Red.bellied.Woodpecker","Eastern.Towhee",0.49059829059829
"90",1,2,22.3,9.39999999999999,3.4,4.30000000000001,7.1,19.1,18.7,0.6,1,1.6,0.899999999999999,1,0.176091259055681,1,0,1900,1900,33.7666666666667,1,0,0,0,0,0,0,0,1,1,1,0,0,0,0,0,0,"Red.bellied.Woodpecker","Eastern.Meadowlark",-0.294067366240086
"91",2,2,18.7,12.1,4.2,1.5,7.7,9.2,6.9,1.2,1.5,6.2,9.9,4,0.176091259055681,1,0,1900,1900,8.33333333333334,1,0,0,0,0,0,0,0,0,1,0,0,0,0,0,0,0,"Red.bellied.Woodpecker","Red.winged.Blackbird",0.0379487179487179
"92",2,1,29.2,7,4.8,21.6,1.6,22.2,3.6,1.3,1.3,10.5,15,5,0.176091259055681,1,0,2295,2295,21.9833333333333,1,0,0,0,0,0,0,0,0,1,0,0,0,0,0,0,0,"Red.bellied.Woodpecker","Brown.headed.Cowbird",0.27042735042735
"93",1,2,35.7,41.4,2.3,7.8,1.2,5.7,14.5,2.9,0.2,0.199999999999999,0.399999999999999,0,0.176091259055681,0,2,400,400,43.0166666666667,0,1,1,1,1,1,0,1,1,0,1,0,1,0,0,1,0,"Red.bellied.Woodpecker","Common.Grackle",0.2
"94",2,0,60,27.4,12.1,46.1,27,72.5,0.900000000000002,4.3,4.1,13.7,19.9,1,0.778151250383644,2,2,4000,4000,53.4583333333333,1,0,0,0,0,0,0,0,0,1,0,0,0,0,0,0,1,"Red.bellied.Woodpecker","Common.Yellowthroat",0.161709401709402
"95",2,1,57.7,22.8,0.400000000000002,39.2,14.9,55.4,2.5,3.8,4,13.6,19.2,5,0,0,0,2450,2450,52.4833333333333,1,0,0,0,0,0,0,0,0,1,0,0,0,0,0,0,1,"Red.bellied.Woodpecker","Pine.Warbler",0.127521367521368
"96",0,1,26.9,25,12.7,12.7,21.3,33.7,3.4,4.7,2.2,6.9,15,2,0.176091259055681,1,2,1400,1400,20.1,1,0,0,1,0,0,0,0,1,1,0,0,0,0,0,1,1,"Red.bellied.Woodpecker","Northern.Cardinal",0.225982905982906
"100",0,0,0,0,0,0,0,0,0,0,0,0,0,0,0,0,0,0,0,0,0,1,1,1,1,1,1,1,1,1,1,1,1,1,1,1,1,"Downy.Woodpecker","Downy.Woodpecker",1
"101",0,1,261,108.7,1.7,100.7,32.1,137.1,13.5,7.1,9.7,25.2,34.7,1,0,0,0,450,450,261.733333333333,0,1,1,1,0,0,1,1,1,1,1,0,1,0,1,1,1,"Downy.Woodpecker","Pileated.Woodpecker",0.414017094017094
"102",2,0,5.9,11.5,6.4,0.799999999999997,6.9,7.39999999999999,1.9,0.7,0.6,2.5,0,0,0.778151250383644,2,2,250,250,6.9,1,0,0,1,0,0,1,0,1,1,1,0,1,0,1,1,1,"Downy.Woodpecker","Eastern.Phoebe",0.214358974358974
"103",0,0,62.4,62.8,9.6,42.4,1.4,38.7,18.9,4.1,5.2,6.4,12.5,1,0.1249387366083,0,1,1750,1750,49.6733333333333,0,1,0,0,0,0,1,0,0,1,0,0,1,1,0,0,0,"Downy.Woodpecker","Blue.Jay",0.172649572649573
"104",1,0,423.2,108.5,9.5,120.3,82.6,202.2,39.2,11.8,9,21,32.5,0,0.522878745280338,2,4,950,950,429.9,0,1,0,0,0,0,1,0,0,0,0,0,0,0,0,0,0,"Downy.Woodpecker","American.Crow",0.310769230769231
"105",0,1,259,98.5,9.3,110.3,76.3,185.4,31.3,10,8.9,15,25.9,0,0.397940008672038,2,2,1750,1750,246.791666666667,0,1,0,0,0,0,1,1,0,0,0,0,0,0,0,0,0,"Downy.Woodpecker","Fish.Crow",0.269059829059829
"106",0,1,4,9.99999999999999,10.9,0.700000000000003,11.8,13.4,4.7,0.7,0,3.4,4.1,2,0.176091259055681,0,2,2140,2140,4.23333333333333,0,1,1,1,0,0,1,0,1,1,1,0,1,0,1,1,1,"Downy.Woodpecker","Tufted.Titmouse",0.294358974358974
"107",0,0,15.6,9,7.5,18.9,12.9,32.5,1,1.1,1.4,5.6,8.5,3,0.176091259055681,0,2,900,900,15.6166666666667,0,1,1,1,0,1,1,0,1,1,1,0,1,0,0,1,1,"Downy.Woodpecker","Carolina.Chickadee",0.145982905982906
"108",0,0,6.6,7.9,15.6,13.3,17.5,31.9,5.6,0.9,1.7,1.1,0.5,1,0.602059991327962,2,1,750,750,6.23333333333333,0,1,1,1,0,0,1,0,0,1,1,0,1,1,1,1,1,"Downy.Woodpecker","Carolina.Wren",0.0666666666666667
"109",0,1,4.6,9.8,4.2,5.00000000000001,3.3,2.7,2.7,0.6,0.9,0,1.7,3,0.477121254719662,1,2,750,750,4.31333333333334,1,0,1,1,0,0,1,0,1,1,1,1,0,0,0,0,1,"Downy.Woodpecker","White.breasted.Nuthatch",0.377094017094017
"110",0,1,15.4,23.2,3.7,16,9.2,26.3,1,0.9,1.6,1.8,2.1,2,0.176091259055681,1,0,2150,2150,15.9573333333333,0,1,0,1,0,0,1,0,1,1,1,0,1,0,0,1,1,"Downy.Woodpecker","Brown.headed.Nuthatch",0.0488888888888889
"111",2,0,22.9,59,6.4,24.6,1.2,21,16.4,0.5,0.300000000000001,0,4.7,0,0.176091259055681,1,0,250,250,22.1166666666667,1,0,0,0,0,0,1,0,0,1,1,1,1,0,0,0,0,"Downy.Woodpecker","Northern.Mockingbird",0.288205128205128
"112",1,1,43.2,63.2,13.1,20.8,10.3,11.2,18.4,1.5,0.5,7.1,12.7,0,0.301029995663981,0,2,2230,2230,44.1333333333333,0,1,0,1,0,0,1,0,0,1,1,0,1,0,0,0,0,"Downy.Woodpecker","Brown.Thrasher",0.065982905982906
"113",1,0,1.9,3.9,5.8,1.5,7.1,4.5,3.9,0.3,0.7,3.1,2,3,0.301029995663981,1,1,310,310,3.85,1,0,0,1,1,0,1,0,0,1,1,0,1,1,1,1,1,"Downy.Woodpecker","Eastern.Bluebird",-0.00991452991452991
"114",2,1,52.9,37.1,2,24.4,12.6,35.7,16.9,2,0.699999999999999,0.300000000000001,6,2,0.0669467896306132,1,3,750,750,53.6,1,0,1,0,0,0,1,0,1,1,1,0,1,0,0,1,0,"Downy.Woodpecker","American.Robin",-0.0851282051282051
"115",0,1,0.899999999999999,1.4,0.300000000000001,11.5,3.9,16.4,2.1,2.6,1.4,3.1,3.9,3,0.602059991327962,2,1,1850,1850,1.40666666666667,1,0,0,0,0,0,0,0,0,1,0,1,1,0,0,0,0,"Downy.Woodpecker","House.Sparrow",-0.0054710207672574
"116",1,0,4.2,7.6,0.5,10.1,3.1,14.1,1.6,3.4,1.7,3.8,6.8,1,0.0669467896306132,1,3,750,750,4.30833333333333,1,0,0,0,0,0,0,0,1,1,1,1,1,0,0,0,1,"Downy.Woodpecker","House.Finch",0.0714529914529914
"117",0,1,12.8,10.3,0.600000000000001,15.6,5.2,21.5,2.3,1.5,0.6,4,5.9,1,0.477121254719662,2,0,1750,1750,13.0833333333333,0,1,0,0,0,0,1,0,1,1,1,1,1,0,0,0,1,"Downy.Woodpecker","American.Goldfinch",0.247179487179487
"118",2,0,13.4,2.6,2.8,14.9,8,23.3,0.5,0.100000000000001,0.9,5.2,4.3,1,0.0791812460476248,1,1,1050,1050,12.6833333333333,1,0,0,0,0,0,1,0,1,1,1,0,1,0,0,0,0,"Downy.Woodpecker","Chipping.Sparrow",-0.251282051282051
"119",1,0,13.1,3.4,10.3,12.4,13.5,26.9,2.1,0.4,0.6,5.6,7,0,0.176091259055681,1,0,1750,1750,12.2166666666667,0,1,0,0,0,0,1,0,1,1,1,0,1,0,0,0,0,"Downy.Woodpecker","Field.Sparrow",0.0957428634270046
"120",1,0,3.7,8.6,6.9,13.3,11.1,25,5.7,1.9,0.399999999999999,3.7,4,1,0,0,0,250,250,0.566666666666666,1,0,0,0,0,0,1,0,1,0,0,0,1,0,0,0,0,"Downy.Woodpecker","Song.Sparrow",0.111111111111111
"121",1,0,14.4,33.1,13.4,4.89999999999999,13.2,9,11.2,3.4,0.6,2.4,2,0,0.221848749616356,1,1,770,770,15.0833333333333,1,0,1,0,0,0,1,0,0,1,1,0,1,0,0,0,0,"Downy.Woodpecker","Eastern.Towhee",0.435213675213675
"122",1,1,66.2,8.8,2.2,20.2,4.1,16.8,24,3.4,1.2,7.8,16.1,1,0.176091259055681,1,0,250,250,72.4666666666667,1,0,0,1,0,0,1,0,0,1,0,0,1,0,1,1,0,"Downy.Woodpecker","Eastern.Meadowlark",0.224311851457554
"123",2,1,25.2,30.3,3,23,3.5,26.7,12.2,4,0.699999999999999,3.2,5.3,2,0.176091259055681,1,0,250,250,30.3666666666667,1,0,0,0,0,0,1,0,1,1,1,0,1,0,0,0,0,"Downy.Woodpecker","Red.winged.Blackbird",-0.133675213675214
"124",2,0,14.7,11.2,6,2.89999999999999,9.6,13.7,8.9,4.1,0.9,1.1,0.200000000000003,3,0.176091259055681,1,0,145,145,16.7166666666667,1,0,0,0,0,0,1,0,1,1,1,0,1,0,1,1,0,"Downy.Woodpecker","Brown.headed.Cowbird",-0.0434188034188034
"125",1,1,79.6,59.6,1.1,32.3,10,41.6,19.8,5.7,2.4,9.6,15.6,2,0.176091259055681,0,2,1750,1750,81.7166666666667,0,1,0,0,0,0,1,0,0,0,0,0,0,0,1,0,0,"Downy.Woodpecker","Common.Grackle",0.0748717948717949
"126",2,1,16.1,9.2,10.9,21.6,15.8,36.6,4.4,1.5,1.9,4.3,4.7,1,0.778151250383644,2,2,1850,1850,14.7583333333333,1,0,0,1,0,0,1,0,1,1,1,0,1,0,1,1,1,"Downy.Woodpecker","Common.Yellowthroat",-0.0748717948717949
"127",2,0,13.8,4.6,1.6,14.7,3.7,19.5,2.8,1,1.8,4.2,4,3,0,0,0,300,300,13.7833333333333,1,0,1,1,1,1,1,1,1,1,1,0,1,0,1,1,1,"Downy.Woodpecker","Pine.Warbler",0.432478632478632
"128",0,0,17,43.2,11.5,11.8,10.1,2.2,8.7,7.5,4.4,2.5,0.200000000000003,0,0.176091259055681,1,2,750,750,18.6,1,0,0,0,0,0,1,0,0,1,1,0,1,0,0,0,1,"Downy.Woodpecker","Northern.Cardinal",0.343589743589744
"133",0,0,0,0,0,0,0,0,0,0,0,0,0,0,0,0,0,0,0,0,0,1,1,1,1,1,1,1,1,1,1,1,1,1,1,1,1,"Pileated.Woodpecker","Pileated.Woodpecker",1
"134",2,1,266.9,97.2,4.7,99.9,39,144.5,11.6,7.8,9.1,27.7,34.7,1,0.778151250383644,2,2,200,200,268.633333333333,1,0,0,1,0,0,1,0,1,1,1,1,1,1,1,1,1,"Pileated.Woodpecker","Eastern.Phoebe",0.321025641025641
"135",0,1,198.6,45.9,7.9,58.3,33.5,98.4,5.4,3,4.5,18.8,22.2,0,0.1249387366083,0,1,1300,1300,212.06,0,1,0,0,0,1,1,0,0,1,0,1,1,0,0,0,0,"Pileated.Woodpecker","Blue.Jay",0.235555555555556
"136",1,1,162.2,0.200000000000017,11.2,19.6,50.5,65.1,25.7,4.7,0.699999999999999,4.2,2.2,1,0.522878745280338,2,4,500,500,168.166666666667,0,1,0,0,0,0,1,0,0,0,0,1,0,0,0,0,0,"Pileated.Woodpecker","American.Crow",0.192478632478632
"137",0,2,2,10.2,11,9.59999999999999,44.2,48.3,17.8,2.9,0.799999999999999,10.2,8.8,1,0.397940008672038,2,2,1300,1300,14.9416666666667,0,1,0,0,0,1,1,1,0,0,0,1,0,0,0,0,0,"Pileated.Woodpecker","Fish.Crow",0.246495726495726
"138",0,0,265,98.7,9.2,101.4,43.9,150.5,8.8,6.4,9.7,28.6,38.8,3,0.176091259055681,0,2,1690,1690,265.966666666667,0,1,1,1,0,0,1,0,1,1,1,1,1,1,1,1,1,"Pileated.Woodpecker","Tufted.Titmouse",-0.0618803418803419
"139",0,1,276.6,117.7,5.8,119.6,45,169.6,14.5,8.2,11.1,30.8,43.2,4,0.176091259055681,0,2,450,450,277.35,0,1,1,1,1,0,1,0,1,1,1,1,1,1,0,1,1,"Pileated.Woodpecker","Carolina.Chickadee",-0.102222222222222
"140",0,1,267.6,116.6,13.9,114,49.6,169,7.9,8,11.4,26.3,35.2,2,0.602059991327962,2,1,300,300,267.966666666667,0,1,1,1,0,0,1,0,0,1,1,1,1,0,1,1,1,"Pileated.Woodpecker","Carolina.Wren",0.472820512820513
"141",0,0,265.6,118.5,5.9,105.7,28.8,139.8,10.8,7.7,10.6,25.2,33,2,0.477121254719662,1,2,1200,1200,266.046666666667,1,0,1,1,0,0,1,0,1,1,1,0,0,1,0,0,1,"Pileated.Woodpecker","White.breasted.Nuthatch",0.148034188034188
"142",0,0,276.4,131.9,2,116.7,41.3,163.4,14.5,8,11.3,27,36.8,1,0.176091259055681,1,0,1700,1700,277.690666666667,0,1,0,1,0,0,1,0,1,1,1,1,1,1,0,1,1,"Pileated.Woodpecker","Brown.headed.Nuthatch",-0.0283760683760684
"143",2,1,238.1,49.7,4.7,76.1,33.3,116.1,2.9,6.6,10,25.2,30,1,0.176091259055681,1,0,700,700,239.616666666667,1,0,0,0,0,0,1,0,0,1,1,0,1,0,0,0,0,"Pileated.Woodpecker","Northern.Mockingbird",0.260854700854701
"144",1,0,217.8,45.5,11.4,79.9,42.4,125.9,4.9,5.6,9.2,18.1,22,1,0.301029995663981,0,2,1780,1780,217.6,0,1,0,1,0,1,1,0,0,1,1,1,1,0,0,0,0,"Pileated.Woodpecker","Brown.Thrasher",0.0133333333333333
"145",1,1,259.1,104.8,7.5,102.2,25,132.6,9.6,7.4,10.4,28.3,36.7,4,0.301029995663981,1,1,140,140,257.883333333333,1,0,0,1,0,1,1,0,0,1,1,1,1,0,1,1,1,"Pileated.Woodpecker","Eastern.Bluebird",0.249230769230769
"146",2,2,208.1,71.6,3.7,76.3,19.5,101.4,3.4,5.1,9,24.9,28.7,3,0.0669467896306132,1,3,1200,1200,208.133333333333,1,0,1,0,0,0,1,0,1,1,1,1,1,1,0,1,0,"Pileated.Woodpecker","American.Robin",0.39008547008547
"147",0,2,260.1,110.1,2,112.2,36,153.5,11.4,4.5,8.3,28.3,38.6,2,0.602059991327962,2,1,2300,2300,260.326666666667,1,0,0,0,0,0,0,0,0,1,0,0,1,0,0,0,0,"Pileated.Woodpecker","House.Sparrow",-0.0742007191559285
"148",1,1,265.2,101.1,2.2,110.8,35.2,151.2,11.9,3.7,8,29,41.5,0,0.0669467896306132,1,3,1200,1200,266.041666666667,1,0,0,0,0,1,0,0,1,1,1,0,1,0,0,0,1,"Pileated.Woodpecker","House.Finch",-0.151452991452991
"149",0,0,273.8,119,2.3,116.3,37.3,158.6,15.8,5.6,10.3,29.2,40.6,0,0.477121254719662,2,0,1300,1300,274.816666666667,0,1,0,0,0,0,1,0,1,1,1,0,1,1,0,0,1,"Pileated.Woodpecker","American.Goldfinch",0.169230769230769
"150",2,1,274.4,111.3,1.1,115.6,40.1,160.4,13,7,10.6,30.4,39,0,0.0791812460476248,1,1,1500,1500,274.416666666667,1,0,0,0,0,0,1,0,1,1,1,1,1,1,0,0,0,"Pileated.Woodpecker","Chipping.Sparrow",-0.227350427350427
"151",1,1,274.1,105.3,8.6,113.1,45.6,164,11.4,6.7,10.3,30.8,41.7,1,0.176091259055681,1,0,1300,1300,273.95,0,1,0,0,0,0,1,0,1,1,1,1,1,0,0,0,0,"Pileated.Woodpecker","Field.Sparrow",-0.0574457180562028
"152",1,1,264.7,100.1,5.2,114,43.2,162.1,7.8,5.2,9.3,28.9,38.7,0,0,0,0,200,200,262.3,1,0,0,0,0,1,1,0,1,0,0,1,1,0,0,0,0,"Pileated.Woodpecker","Song.Sparrow",-0.215042735042735
"153",1,1,246.6,75.6,11.7,95.8,45.3,146.1,2.3,3.7,9.1,27.6,36.7,1,0.221848749616356,1,1,320,320,246.65,1,0,1,0,0,1,1,0,0,1,1,0,1,1,0,0,0,"Pileated.Woodpecker","Eastern.Towhee",0.307350427350427
"154",1,2,194.8,99.9,0.5,80.5,28,120.3,10.5,3.7,8.5,17.4,18.6,0,0.176091259055681,1,0,200,200,189.266666666667,1,0,0,1,1,0,1,0,0,1,0,1,1,0,1,1,0,"Pileated.Woodpecker","Eastern.Meadowlark",0.327919307237491
"155",2,2,235.8,78.4,1.3,77.7,28.6,110.4,1.3,3.1,9,22,29.4,3,0.176091259055681,1,0,200,200,231.366666666667,1,0,0,0,0,0,1,0,1,1,1,1,1,0,0,0,0,"Pileated.Woodpecker","Red.winged.Blackbird",-0.198632478632479
"156",2,1,246.3,97.5,7.7,97.8,22.5,123.4,4.6,3,8.8,26.3,34.5,4,0.176091259055681,1,0,595,595,245.016666666667,1,0,0,0,0,0,1,0,1,1,1,1,1,1,1,1,0,"Pileated.Woodpecker","Brown.headed.Cowbird",0.0988034188034188
"157",1,2,181.4,49.1,0.599999999999998,68.4,22.1,95.5,6.3,1.4,7.3,15.6,19.1,1,0.176091259055681,0,2,1300,1300,180.016666666667,0,1,0,0,0,0,1,0,0,0,0,1,0,0,1,0,0,"Pileated.Woodpecker","Common.Grackle",0.36
"158",2,0,277.1,117.9,9.2,122.3,47.9,173.7,9.1,8.6,11.6,29.5,39.4,0,0.778151250383644,2,2,2300,2300,276.491666666667,1,0,0,1,0,0,1,0,1,1,1,1,1,0,1,1,1,"Pileated.Woodpecker","Common.Yellowthroat",-0.353846153846154
"159",2,1,274.8,113.3,3.3,115.4,35.8,156.6,10.7,8.1,11.5,29.4,38.7,4,0,0,0,750,750,275.516666666667,1,0,1,1,0,0,1,1,1,1,1,1,1,1,1,1,1,"Pileated.Woodpecker","Pine.Warbler",0.50017094017094
"160",0,1,244,65.5,9.8,88.9,42.2,134.9,4.8,0.4,5.3,22.7,34.5,1,0.176091259055681,1,2,300,300,243.133333333333,1,0,0,0,0,0,1,0,0,1,1,0,1,0,0,0,1,"Pileated.Woodpecker","Northern.Cardinal",0.357264957264957
"166",0,0,0,0,0,0,0,0,0,0,0,0,0,0,0,0,0,0,0,0,0,1,1,1,1,1,1,1,1,1,1,1,1,1,1,1,1,"Eastern.Phoebe","Eastern.Phoebe",1
"167",2,0,68.3,51.3,3.2,41.6,5.5,46.1,17,4.8,4.6,8.9,12.5,1,0.653212513775344,2,1,1500,1500,56.5733333333333,1,0,1,0,0,0,1,0,0,1,0,1,1,0,0,0,0,"Eastern.Phoebe","Blue.Jay",-0.11042735042735
"168",1,0,429.1,97,15.9,119.5,89.5,209.6,37.3,12.5,8.4,23.5,32.5,0,1.30102999566398,4,6,700,700,436.8,1,0,0,0,0,0,1,0,0,0,0,1,0,0,0,0,0,"Eastern.Phoebe","American.Crow",0.216410256410256
"169",2,1,264.9,87,15.7,109.5,83.2,192.8,29.4,10.7,8.3,17.5,25.9,0,1.17609125905568,4,4,1500,1500,253.691666666667,1,0,0,0,0,0,1,0,0,0,0,1,0,0,0,0,0,"Eastern.Phoebe","Fish.Crow",0.34017094017094
"170",2,1,1.9,1.5,4.5,1.5,4.9,6,2.8,1.4,0.6,0.899999999999999,4.1,2,0.954242509439325,2,4,1890,1890,2.66666666666667,1,0,0,1,0,0,1,0,1,1,1,1,1,1,1,1,1,"Eastern.Phoebe","Tufted.Titmouse",-0.0864957264957265
"171",2,0,9.7,20.5,1.1,19.7,6,25.1,2.9,0.399999999999999,2,3.1,8.5,3,0.954242509439325,2,4,650,650,8.71666666666667,1,0,0,1,0,0,1,0,1,1,1,1,1,1,0,1,1,"Eastern.Phoebe","Carolina.Chickadee",0.0817094017094017
"172",2,0,0.699999999999999,19.4,9.2,14.1,10.6,24.5,3.7,0.2,2.3,1.4,0.5,1,0.176091259055681,0,1,500,500,0.666666666666668,1,0,0,1,1,1,1,0,0,1,1,1,1,0,1,1,1,"Eastern.Phoebe","Carolina.Wren",0.39965811965812
"173",2,1,1.3,21.3,10.6,5.8,10.2,4.69999999999999,0.800000000000001,0.100000000000001,1.5,2.5,1.7,3,0.301029995663981,1,0,1000,1000,2.58666666666667,0,1,0,1,0,1,1,0,1,1,1,0,0,1,0,0,1,"Eastern.Phoebe","White.breasted.Nuthatch",0.102905982905983
"174",2,1,9.5,34.7,2.7,16.8,2.3,18.9,2.9,0.2,2.2,0.700000000000001,2.1,2,0.602059991327962,1,2,1900,1900,9.05733333333333,1,0,1,1,0,0,1,0,1,1,1,1,1,1,0,1,1,"Eastern.Phoebe","Brown.headed.Nuthatch",0.00376068376068376
"175",0,0,28.8,47.5,0,23.8,5.7,28.4,14.5,1.2,0.9,2.5,4.7,0,0.602059991327962,1,2,500,500,29.0166666666667,0,1,0,0,0,0,1,1,0,1,1,0,1,0,0,0,0,"Eastern.Phoebe","Northern.Mockingbird",0.204102564102564
"176",1,1,49.1,51.7,6.7,20,3.4,18.6,16.5,2.2,0.0999999999999996,9.6,12.7,0,0.477121254719662,2,0,1980,1980,51.0333333333333,1,0,0,1,0,0,1,0,0,1,1,1,1,0,0,0,0,"Eastern.Phoebe","Brown.Thrasher",-0.251282051282051
"177",1,0,7.8,7.59999999999999,12.2,2.3,14,11.9,2,0.4,1.3,0.6,2,3,0.477121254719662,1,1,60,60,10.75,0,1,1,1,0,0,1,1,0,1,1,1,1,0,1,1,1,"Eastern.Phoebe","Eastern.Bluebird",0.217094017094017
"178",0,1,58.8,25.6,8.4,23.6,19.5,43.1,15,2.7,0.0999999999999996,2.8,6,2,0.845098040014257,1,5,1000,1000,60.5,0,1,0,0,0,0,1,1,1,1,1,1,1,1,0,1,0,"Eastern.Phoebe","American.Robin",0.231452991452991
"179",2,1,6.8,12.9,6.7,12.3,3,9,0.199999999999999,3.3,0.8,0.6,3.9,3,0.176091259055681,0,1,2100,2100,8.30666666666667,0,0,0,0,0,1,0,0,0,1,0,0,1,0,0,0,0,"Eastern.Phoebe","House.Sparrow",0.317661143298883
"180",1,0,1.7,3.89999999999999,6.9,10.9,3.8,6.7,0.300000000000001,4.1,1.1,1.3,6.8,1,0.845098040014257,1,5,1000,1000,2.59166666666667,0,1,0,0,0,0,0,0,1,1,1,0,1,0,0,0,1,"Eastern.Phoebe","House.Finch",-0.13025641025641
"181",2,1,6.9,21.8,7,16.4,1.7,14.1,4.2,2.2,1.2,1.5,5.9,1,0.301029995663981,0,2,1500,1500,6.18333333333333,1,0,0,0,0,1,1,0,1,1,1,0,1,1,0,0,1,"Eastern.Phoebe","American.Goldfinch",0.325128205128205
"182",0,0,7.5,14.1,3.6,15.7,1.1,15.9,1.4,0.800000000000001,1.5,2.7,4.3,1,0.698970004336019,1,3,1300,1300,5.78333333333333,0,1,1,0,0,0,1,0,1,1,1,1,1,1,0,0,0,"Eastern.Phoebe","Chipping.Sparrow",0.0591452991452991
"183",1,0,7.2,8.09999999999999,3.9,13.2,6.6,19.5,0.199999999999999,1.1,1.2,3.1,7,0,0.602059991327962,1,2,1500,1500,5.31666666666666,1,0,0,0,0,0,1,0,1,1,1,1,1,0,0,0,0,"Eastern.Phoebe","Field.Sparrow",-0.0878782710740721
"184",1,0,2.2,2.89999999999999,0.5,14.1,4.2,17.6,3.8,2.6,0.2,1.2,4,1,0.778151250383644,2,2,0,0,6.33333333333334,0,1,0,0,0,0,1,0,1,0,0,1,1,0,0,0,0,"Eastern.Phoebe","Song.Sparrow",-0.152136752136752
"185",1,0,20.3,21.6,7,4.09999999999999,6.3,1.60000000000001,9.3,4.1,0,0.100000000000001,2,0,1,3,3,520,520,21.9833333333333,0,1,0,0,0,0,1,0,0,1,1,0,1,1,0,0,0,"Eastern.Phoebe","Eastern.Towhee",0.293675213675214
"186",1,1,72.1,2.69999999999999,4.2,19.4,11,24.2,22.1,4.1,0.6,10.3,16.1,1,0.602059991327962,1,2,0,0,79.3666666666667,0,1,0,1,0,1,1,0,0,1,0,1,1,0,1,1,0,"Eastern.Phoebe","Eastern.Meadowlark",0.682167901917408
"187",0,1,31.1,18.8,3.4,22.2,10.4,34.1,10.3,4.7,0.0999999999999996,5.7,5.3,2,0.602059991327962,1,2,0,0,37.2666666666667,0,1,0,0,0,0,1,0,1,1,1,1,1,0,0,0,0,"Eastern.Phoebe","Red.winged.Blackbird",-0.0652991452991453
"188",0,0,20.6,0.299999999999997,12.4,2.09999999999999,16.5,21.1,7,4.8,0.3,1.4,0.200000000000003,3,0.602059991327962,1,2,395,395,23.6166666666667,0,1,0,0,0,0,1,0,1,1,1,1,1,1,1,1,0,"Eastern.Phoebe","Brown.headed.Cowbird",0.230769230769231
"189",1,1,85.5,48.1,5.3,31.5,16.9,49,17.9,6.4,1.8,12.1,15.6,2,0.954242509439325,2,4,1500,1500,88.6166666666667,1,0,1,0,0,0,1,0,0,0,0,1,0,0,1,0,0,"Eastern.Phoebe","Common.Grackle",0.171965811965812
"190",0,1,10.2,20.7,4.5,22.4,8.9,29.2,2.5,0.8,2.5,1.8,4.7,1,0,0,0,2100,2100,7.85833333333333,0,1,0,1,1,0,1,0,1,1,1,1,1,0,1,1,1,"Eastern.Phoebe","Common.Yellowthroat",-0.223247863247863
"191",0,0,7.9,16.1,8,15.5,3.2,12.1,0.900000000000002,0.3,2.4,1.7,4,3,0.778151250383644,2,2,550,550,6.88333333333333,0,1,0,1,0,0,1,0,1,1,1,1,1,1,1,1,1,"Eastern.Phoebe","Pine.Warbler",0.484444444444444
"192",2,0,22.9,31.7,5.1,11,3.2,9.59999999999999,6.8,8.2,3.8,5,0.200000000000003,0,0.602059991327962,3,0,500,500,25.5,0,1,0,0,0,0,1,0,0,1,1,0,1,0,0,0,1,"Eastern.Phoebe","Northern.Cardinal",-0.143247863247863
"199",0,0,0,0,0,0,0,0,0,0,0,0,0,0,0,0,0,0,0,0,0,1,1,1,1,1,1,1,1,1,1,1,1,1,1,1,1,"Blue.Jay","Blue.Jay",1
"200",1,0,360.8,45.7,19.1,77.9,84,163.5,20.3,7.7,3.8,14.6,20,1,0.647817481888637,2,5,800,800,380.226666666667,0,1,0,1,0,0,1,0,0,0,0,1,0,0,1,1,1,"Blue.Jay","American.Crow",0.0201709401709402
"201",0,1,196.6,35.7,18.9,67.9,77.7,146.7,12.4,5.9,3.7,8.6,13.4,1,0.522878745280337,2,3,0,0,197.118333333333,0,1,0,1,1,1,1,0,0,0,0,1,0,0,1,1,1,"Blue.Jay","Fish.Crow",-0.285470085470085
"202",0,1,66.4,52.8,1.3,43.1,10.4,52.1,14.2,3.4,5.2,9.8,16.6,3,0.301029995663981,0,3,390,390,53.9066666666667,0,1,0,0,0,0,1,0,0,1,0,1,1,0,0,0,0,"Blue.Jay","Tufted.Titmouse",-0.055042735042735
"203",0,0,78,71.8,2.1,61.3,11.5,71.2,19.9,5.2,6.6,12,21,4,0.301029995663981,0,3,850,850,65.29,0,1,0,0,0,0,1,0,0,1,0,1,1,0,1,0,0,"Blue.Jay","Carolina.Chickadee",0.0694017094017094
"204",0,0,69,70.7,6,55.7,16.1,70.6,13.3,5,6.9,7.5,13,2,0.477121254719663,2,0,1000,1000,55.9066666666667,0,1,0,0,0,0,1,0,1,1,0,1,1,1,0,0,0,"Blue.Jay","Carolina.Wren",0.360683760683761
"205",0,1,67,72.6,13.8,47.4,4.7,41.4,16.2,4.7,6.1,6.4,10.8,2,0.352182518111362,1,1,2500,2500,53.9866666666667,1,0,0,0,0,0,1,0,0,1,0,0,0,0,1,1,0,"Blue.Jay","White.breasted.Nuthatch",-0.105641025641026
"206",0,1,77.8,86,5.9,58.4,7.8,65,19.9,5,6.8,8.2,14.6,1,0.0511525224473814,1,1,400,400,65.6306666666667,0,1,1,0,0,0,1,0,0,1,0,1,1,0,1,0,0,"Blue.Jay","Brown.headed.Nuthatch",0.102905982905983
"207",2,0,39.5,3.80000000000001,3.2,17.8,0.200000000000003,17.7,2.5,3.6,5.5,6.4,7.8,1,0.0511525224473814,1,1,2000,2000,27.5566666666667,1,0,0,1,0,0,1,0,1,1,0,0,1,0,1,1,0,"Blue.Jay","Northern.Mockingbird",0.364786324786325
"208",1,1,19.2,0.399999999999991,3.5,21.6,8.9,27.5,0.5,2.6,4.7,0.699999999999999,0.200000000000003,1,0.176091259055681,0,1,480,480,5.53999999999999,0,1,0,0,0,1,1,0,1,1,0,1,1,0,1,1,0,"Blue.Jay","Brown.Thrasher",0.000341880341880342
"209",1,0,60.5,58.9,15.4,43.9,8.5,34.2,15,4.4,5.9,9.5,14.5,4,0.176091259055681,1,0,1440,1440,45.8233333333333,1,0,1,0,0,1,1,0,1,1,0,1,1,1,0,0,0,"Blue.Jay","Eastern.Bluebird",0.148034188034188
"210",2,1,9.5,25.7,11.6,18,14,3,2,2.1,4.5,6.1,6.5,3,0.191885526238913,1,4,2500,2500,3.92666666666668,1,0,0,1,0,0,1,0,0,1,0,1,1,0,1,0,0,"Blue.Jay","American.Robin",-0.0126495726495726
"211",0,1,61.5,64.2,9.9,53.9,2.5,55.1,16.8,1.5,3.8,9.5,16.4,2,0.477121254719663,2,0,3600,3600,48.2666666666667,1,0,0,0,0,0,0,0,1,1,1,0,1,0,0,0,1,"Blue.Jay","House.Sparrow",0.266370323605845
"212",1,0,66.6,55.2,10.1,52.5,1.7,52.8,17.3,0.700000000000001,3.5,10.2,19.3,0,0.191885526238913,1,4,2500,2500,53.9816666666667,1,0,0,0,0,1,0,0,0,1,0,0,1,0,0,0,0,"Blue.Jay","House.Finch",-0.217094017094017
"213",0,1,75.2,73.1,10.2,58,3.8,60.2,21.2,2.6,5.8,10.4,18.4,0,0.352182518111362,2,1,0,0,62.7566666666667,0,1,0,0,0,0,1,0,0,1,0,0,1,0,0,0,0,"Blue.Jay","American.Goldfinch",0.0365811965811966
"214",2,0,75.8,65.4,6.8,57.3,6.6,62,18.4,4,6.1,11.6,16.8,0,0.045757490560675,1,2,2800,2800,62.3566666666667,1,0,1,0,0,0,1,0,0,1,0,1,1,0,1,1,0,"Blue.Jay","Chipping.Sparrow",0.15008547008547
"215",1,0,75.5,59.4,0.699999999999999,54.8,12.1,65.6,16.8,3.7,5.8,12,19.5,1,0.0511525224473814,1,1,0,0,61.89,0,1,0,0,0,0,1,0,0,1,0,1,1,0,1,0,0,"Blue.Jay","Field.Sparrow",0.176098480946098
"216",1,0,66.1,54.2,2.7,55.7,9.7,63.7,13.2,2.2,4.8,10.1,16.5,0,0.1249387366083,0,1,1500,1500,50.24,1,0,0,1,0,1,1,0,0,0,1,1,1,0,1,1,0,"Blue.Jay","Song.Sparrow",-0.457094017094017
"217",1,0,48,29.7,3.8,37.5,11.8,47.7,7.7,0.700000000000001,4.6,8.8,14.5,1,0.346787486224656,1,2,980,980,34.59,1,0,0,1,1,1,1,0,1,1,0,0,1,0,0,1,0,"Blue.Jay","Eastern.Towhee",0.0509401709401709
"218",1,1,3.8,54,7.4,22.2,5.5,21.9,5.09999999999999,0.700000000000001,4,1.4,3.6,0,0.0511525224473814,1,1,1500,1500,22.7933333333333,1,0,0,0,0,0,1,0,1,1,1,1,1,0,0,0,1,"Blue.Jay","Eastern.Meadowlark",-0.0212002054731224
"219",2,1,37.2,32.5,6.6,19.4,4.9,12,6.7,0.0999999999999996,4.5,3.2,7.2,3,0.0511525224473814,1,1,1500,1500,19.3066666666667,1,0,0,0,0,0,1,0,0,1,0,1,1,0,0,0,0,"Blue.Jay","Red.winged.Blackbird",0.0194871794871795
"220",2,0,47.7,51.6,15.6,39.5,11,25,10,0,4.3,7.5,12.3,4,0.0511525224473814,1,1,1895,1895,32.9566666666667,1,0,0,0,0,0,1,0,0,1,0,1,1,0,0,0,1,"Blue.Jay","Brown.headed.Cowbird",0.0324786324786325
"221",1,1,17.2,3.2,8.5,10.1,11.4,2.90000000000001,0.899999999999999,1.6,2.8,3.2,3.1,1,0.301029995663981,0,3,0,0,32.0433333333333,0,1,1,1,1,0,1,0,1,0,1,1,0,0,0,1,1,"Blue.Jay","Common.Grackle",0.178803418803419
"222",2,1,78.5,72,1.3,64,14.4,75.3,14.5,5.6,7.1,10.7,17.2,0,0.653212513775344,2,1,3600,3600,64.4316666666667,1,0,0,0,0,0,1,0,0,1,0,1,1,0,0,0,0,"Blue.Jay","Common.Yellowthroat",0.340854700854701
"223",2,0,76.2,67.4,11.2,57.1,2.3,58.2,16.1,5.1,7,10.6,16.5,4,0.1249387366083,0,1,2050,2050,63.4566666666667,1,0,0,0,0,0,1,0,0,1,0,1,1,0,0,0,0,"Blue.Jay","Pine.Warbler",0.107692307692308
"224",0,0,45.4,19.6,1.9,30.6,8.7,36.5,10.2,3.4,0.799999999999999,3.9,12.3,1,0.0511525224473814,1,1,1000,1000,31.0733333333333,1,0,0,1,0,0,1,0,1,1,0,0,1,0,0,1,0,"Blue.Jay","Northern.Cardinal",0.32034188034188
"232",0,0,0,0,0,0,0,0,0,0,0,0,0,0,0,0,0,0,0,0,0,1,1,1,1,1,1,1,1,1,1,1,1,1,1,1,1,"American.Crow","American.Crow",1
"233",1,1,164.2,10,0.200000000000003,10,6.30000000000001,16.8,7.9,1.8,0.0999999999999996,6,6.6,0,0.1249387366083,0,2,800,800,183.108333333333,0,1,0,1,0,0,1,0,0,1,1,1,1,0,1,1,1,"American.Crow","Fish.Crow",0.0625641025641026
"234",1,1,427.2,98.5,20.4,121,94.4,215.6,34.5,11.1,9,24.4,36.6,2,0.346787486224656,2,2,1190,1190,434.133333333333,0,1,0,0,0,0,1,0,0,0,0,1,0,0,0,0,0,"American.Crow","Tufted.Titmouse",0.120683760683761
"235",1,0,438.8,117.5,17,139.2,95.5,234.7,40.2,12.9,10.4,26.6,41,3,0.346787486224656,2,2,50,50,445.516666666667,0,1,0,0,0,0,1,0,0,0,0,1,0,0,1,0,0,"American.Crow","Carolina.Chickadee",-0.161025641025641
"236",1,0,429.8,116.4,25.1,133.6,100.1,234.1,33.6,12.7,10.7,22.1,33,1,1.1249387366083,4,5,200,200,436.133333333333,0,1,0,0,0,0,1,0,0,0,0,1,0,0,0,0,0,"American.Crow","Carolina.Wren",-0.241025641025641
"237",1,1,427.8,118.3,5.3,125.3,79.3,204.9,36.5,12.4,9.9,21,30.8,3,1,3,6,1700,1700,434.213333333333,1,0,0,0,0,0,1,0,0,0,0,0,1,0,1,1,0,"American.Crow","White.breasted.Nuthatch",0.232820512820513
"238",1,1,438.6,131.7,13.2,136.3,91.8,228.5,40.2,12.7,10.6,22.8,34.6,2,0.698970004336019,3,4,1200,1200,445.857333333333,0,1,0,0,0,0,1,0,0,0,0,1,0,0,1,0,0,"American.Crow","Brown.headed.Nuthatch",0.0639316239316239
"239",1,0,400.3,49.5,15.9,95.7,83.8,181.2,22.8,11.3,9.3,21,27.8,0,0.698970004336019,3,4,1200,1200,407.783333333333,1,0,0,1,0,0,1,0,0,0,0,0,0,0,1,1,0,"American.Crow","Northern.Mockingbird",0.0632478632478632
"240",0,1,380,45.3,22.6,99.5,92.9,191,20.8,10.3,8.5,13.9,19.8,0,0.823908740944319,2,6,1280,1280,385.766666666667,0,1,0,0,0,0,1,0,0,0,0,1,0,0,1,1,0,"American.Crow","Brown.Thrasher",-0.0324786324786325
"241",0,0,421.3,104.6,3.7,121.8,75.5,197.7,35.3,12.1,9.7,24.1,34.5,3,0.823908740944319,3,5,640,640,426.05,1,0,0,0,0,0,1,0,0,0,0,1,0,0,0,0,0,"American.Crow","Eastern.Bluebird",0.232136752136752
"242",1,1,370.3,71.4,7.5,95.9,70,166.5,22.3,9.8,8.3,20.7,26.5,2,0.455931955649724,3,1,1700,1700,376.3,1,0,0,1,0,0,1,0,0,0,0,1,0,0,1,0,0,"American.Crow","American.Robin",0.0201709401709402
"243",1,1,422.3,109.9,9.2,131.8,86.5,218.6,37.1,9.2,7.6,24.1,36.4,3,1.1249387366083,4,5,2800,2800,428.493333333333,1,0,0,0,0,0,0,0,0,0,0,0,0,1,0,0,1,"American.Crow","House.Sparrow",-0.0225679606649368
"244",0,0,427.4,100.9,9,130.4,85.7,216.3,37.6,8.4,7.3,24.8,39.3,1,0.455931955649724,3,1,1700,1700,434.208333333333,1,0,0,0,0,0,0,0,0,0,0,0,0,0,0,0,0,"American.Crow","House.Finch",0.16991452991453
"245",1,1,436,118.8,8.9,135.9,87.8,223.7,41.5,10.3,9.6,25,38.4,1,1,4,4,800,800,442.983333333333,0,1,0,0,0,0,1,0,0,0,0,0,0,0,0,0,0,"American.Crow","American.Goldfinch",0.078974358974359
"246",1,0,436.6,111.1,12.3,135.2,90.6,225.5,38.7,11.7,9.9,26.2,36.8,1,0.602059991327962,3,3,2000,2000,442.583333333333,1,0,0,0,0,0,1,0,0,0,0,1,0,0,1,1,0,"American.Crow","Chipping.Sparrow",-0.0153846153846154
"247",0,0,436.3,105.1,19.8,132.7,96.1,229.1,37.1,11.4,9.6,26.6,39.5,0,0.698970004336019,3,4,800,800,442.116666666667,0,1,0,0,1,0,1,0,0,0,0,1,0,0,1,0,0,"American.Crow","Field.Sparrow",-0.356642166265592
"248",0,0,426.9,99.9,16.4,133.6,93.7,227.2,33.5,9.9,8.6,24.7,36.5,1,0.522878745280338,2,4,700,700,430.466666666667,1,0,0,1,0,0,1,0,0,1,0,1,0,0,1,1,0,"American.Crow","Song.Sparrow",-0.291623931623932
"249",0,0,408.8,75.4,22.9,115.4,95.8,211.2,28,8.4,8.4,23.4,34.5,0,0.301029995663981,1,3,180,180,414.816666666667,1,0,0,1,0,0,1,0,0,0,0,0,0,0,0,1,0,"American.Crow","Eastern.Towhee",0.215042735042735
"250",0,1,357,99.7,11.7,100.1,78.5,185.4,15.2,8.4,7.8,13.2,16.4,1,0.698970004336019,3,4,700,700,357.433333333333,1,0,0,0,0,0,1,1,0,0,0,1,0,0,0,0,1,"American.Crow","Eastern.Meadowlark",0.0376132677748947
"251",1,1,398,78.2,12.5,97.3,79.1,175.5,27,7.8,8.3,17.8,27.2,2,0.698970004336019,3,4,700,700,399.533333333333,1,0,0,0,0,0,1,0,0,0,0,1,0,0,0,0,0,"American.Crow","Red.winged.Blackbird",-0.222564102564103
"252",1,0,408.5,97.3,3.5,117.4,73,188.5,30.3,7.7,8.1,22.1,32.3,3,0.698970004336019,3,4,1095,1095,413.183333333333,1,0,0,0,0,0,1,0,0,0,0,1,0,0,0,0,1,"American.Crow","Brown.headed.Cowbird",-0.100854700854701
"253",0,1,343.6,48.9,10.6,88,72.6,160.6,19.4,6.1,6.6,11.4,16.9,2,0.346787486224656,2,2,800,800,348.183333333333,0,1,0,1,0,1,1,0,0,1,0,1,1,0,0,1,1,"American.Crow","Common.Grackle",-0.188376068376068
"254",1,1,439.3,117.7,20.4,141.9,98.4,238.8,34.8,13.3,10.9,25.3,37.2,1,1.30102999566398,4,6,2800,2800,444.658333333333,1,0,0,0,0,0,1,0,0,0,0,1,0,0,0,0,0,"American.Crow","Common.Yellowthroat",-0.242393162393162
"255",1,0,437,113.1,7.9,135,86.3,221.7,36.4,12.8,10.8,25.2,36.5,3,0.522878745280338,2,4,1250,1250,443.683333333333,1,0,0,0,0,0,1,0,0,0,0,1,0,0,0,0,0,"American.Crow","Pine.Warbler",0.179487179487179
"256",1,0,406.2,65.3,21,108.5,92.7,200,30.5,4.3,4.6,18.5,32.3,0,0.698970004336019,1,6,200,200,411.3,1,0,0,1,0,0,1,0,0,0,0,0,0,0,0,1,0,"American.Crow","Northern.Cardinal",-0.206153846153846
"265",0,0,0,0,0,0,0,0,0,0,0,0,0,0,0,0,0,0,0,0,0,1,1,1,1,1,1,1,1,1,1,1,1,1,1,1,1,"Fish.Crow","Fish.Crow",1
"266",0,2,263,88.5,20.2,111,88.1,198.8,26.6,9.3,8.9,18.4,30,2,0.221848749616356,2,0,390,390,251.025,0,1,0,0,0,0,1,0,0,0,0,1,0,0,0,0,0,"Fish.Crow","Tufted.Titmouse",0.117264957264957
"267",0,1,274.6,107.5,16.8,129.2,89.2,217.9,32.3,11.1,10.3,20.6,34.4,3,0.221848749616356,2,0,850,850,262.408333333333,0,1,0,0,0,0,1,0,0,0,0,1,0,0,1,0,0,"Fish.Crow","Carolina.Chickadee",0.115213675213675
"268",0,1,265.6,106.4,24.9,123.6,93.8,217.3,25.7,10.9,10.6,16.1,26.4,1,1,4,3,1000,1000,253.025,0,1,0,0,0,0,1,0,0,0,0,1,0,0,0,0,0,"Fish.Crow","Carolina.Wren",0.13982905982906
"269",0,2,263.6,108.3,5.1,115.3,73,188.1,28.6,10.6,9.8,15,24.2,3,0.8750612633917,3,4,2500,2500,251.105,1,0,0,0,0,0,1,0,0,0,0,0,1,0,1,1,0,"Fish.Crow","White.breasted.Nuthatch",0.182222222222222
"270",0,2,274.4,121.7,13,126.3,85.5,211.7,32.3,10.9,10.5,16.8,28,2,0.574031267727719,3,2,400,400,262.749,0,1,0,0,0,0,1,0,0,0,0,1,0,0,1,0,0,"Fish.Crow","Brown.headed.Nuthatch",0.118632478632479
"271",2,1,236.1,39.5,15.7,85.7,77.5,164.4,14.9,9.5,9.2,15,21.2,0,0.574031267727719,3,2,2000,2000,224.675,1,0,0,1,0,0,1,0,0,0,0,0,0,0,1,1,0,"Fish.Crow","Northern.Mockingbird",0.0201709401709402
"272",1,2,215.8,35.3,22.4,89.5,86.6,174.2,12.9,8.5,8.4,7.9,13.2,0,0.698970004336019,2,4,480,480,202.658333333333,0,1,0,0,0,1,1,0,0,0,0,1,0,0,1,1,0,"Fish.Crow","Brown.Thrasher",0.0502564102564102
"273",1,1,257.1,94.6,3.5,111.8,69.2,180.9,27.4,10.3,9.6,18.1,27.9,3,0.698970004336019,3,3,1440,1440,242.941666666667,1,0,0,0,0,1,1,0,0,0,0,1,0,0,0,0,0,"Fish.Crow","Eastern.Bluebird",0.288205128205128
"274",2,0,206.1,61.4,7.3,85.9,63.7,149.7,14.4,8,8.2,14.7,19.9,2,0.330993219041424,3,1,2500,2500,193.191666666667,1,0,0,1,0,0,1,0,0,0,0,1,0,0,1,0,0,"Fish.Crow","American.Robin",0.103589743589744
"275",0,0,258.1,99.9,9,121.8,80.2,201.8,29.2,7.4,7.5,18.1,29.8,3,1,4,3,3600,3600,245.385,1,0,0,0,0,0,0,0,0,0,0,0,0,0,0,0,1,"Fish.Crow","House.Sparrow",-0.303641652582786
"276",1,1,263.2,90.9,8.8,120.4,79.4,199.5,29.7,6.6,7.2,18.8,32.7,1,0.330993219041424,3,1,2500,2500,251.1,1,0,0,0,0,1,0,0,0,0,0,0,0,0,0,0,0,"Fish.Crow","House.Finch",0.207521367521368
"277",0,2,271.8,108.8,8.7,125.9,81.5,206.9,33.6,8.5,9.5,19,31.8,1,0.8750612633917,4,2,0,0,259.875,0,1,0,0,0,0,1,0,0,0,0,0,0,0,0,0,0,"Fish.Crow","American.Goldfinch",0.147350427350427
"278",2,1,272.4,101.1,12.1,125.2,84.3,208.7,30.8,9.9,9.8,20.2,30.2,1,0.477121254719662,3,1,2800,2800,259.475,1,0,0,0,0,0,1,0,0,0,0,1,0,0,1,1,0,"Fish.Crow","Chipping.Sparrow",-0.223931623931624
"279",1,1,272.1,95.1,19.6,122.7,89.8,212.3,29.2,9.6,9.5,20.6,32.9,0,0.574031267727719,3,2,0,0,259.008333333333,0,1,0,0,0,0,1,0,0,0,0,1,0,0,1,0,0,"Fish.Crow","Field.Sparrow",0.0977944962147261
"280",1,1,262.7,89.9,16.2,123.6,87.4,210.4,25.6,8.1,8.5,18.7,29.9,1,0.397940008672038,2,2,1500,1500,247.358333333333,1,0,0,1,0,1,1,0,0,1,0,1,0,0,1,1,0,"Fish.Crow","Song.Sparrow",0.232136752136752
"281",1,1,244.6,65.4,22.7,105.4,89.5,194.4,20.1,6.6,8.3,17.4,27.9,0,0.176091259055681,1,1,980,980,231.708333333333,1,0,0,1,1,1,1,0,0,0,0,0,0,0,0,1,0,"Fish.Crow","Eastern.Towhee",-0.0188034188034188
"282",1,0,192.8,89.7,11.5,90.1,72.2,168.6,7.3,6.6,7.7,7.2,9.8,1,0.574031267727719,3,2,1500,1500,174.325,1,0,0,0,0,0,1,0,0,0,0,1,0,0,0,0,1,"Fish.Crow","Eastern.Meadowlark",0.45272696849055
"283",2,0,233.8,68.2,12.3,87.3,72.8,158.7,19.1,6,8.2,11.8,20.6,2,0.574031267727719,3,2,1500,1500,216.425,1,0,0,0,0,0,1,0,0,0,0,1,0,0,0,0,0,"Fish.Crow","Red.winged.Blackbird",-0.347692307692308
"284",2,1,244.3,87.3,3.3,107.4,66.7,171.7,22.4,5.9,8,16.1,25.7,3,0.574031267727719,3,2,1895,1895,230.075,1,0,0,0,0,0,1,0,0,0,0,1,0,0,0,0,1,"Fish.Crow","Brown.headed.Cowbird",0.111794871794872
"285",1,0,179.4,38.9,10.4,78,66.3,143.8,11.5,4.3,6.5,5.4,10.3,2,0.221848749616356,2,0,0,0,165.075,0,1,0,1,1,0,1,0,0,1,0,1,1,0,0,1,1,"Fish.Crow","Common.Grackle",-0.201367521367521
"286",2,2,275.1,107.7,20.2,131.9,92.1,222,26.9,11.5,10.8,19.3,30.6,1,1.17609125905568,4,4,3600,3600,261.55,1,0,0,0,0,0,1,0,0,0,0,1,0,0,0,0,0,"Fish.Crow","Common.Yellowthroat",-0.477606837606838
"287",2,1,272.8,103.1,7.7,125,80,204.9,28.5,11,10.7,19.2,29.9,3,0.397940008672038,2,2,2050,2050,260.575,1,0,0,0,0,0,1,1,0,0,0,1,0,0,0,0,0,"Fish.Crow","Pine.Warbler",0.188376068376068
"288",0,1,242,55.3,20.8,98.5,86.4,183.2,22.6,2.5,4.5,12.5,25.7,0,0.574031267727719,1,4,1000,1000,228.191666666667,1,0,0,1,0,0,1,0,0,0,0,0,0,0,0,1,0,"Fish.Crow","Northern.Cardinal",-0.00991452991452991
"298",0,0,0,0,0,0,0,0,0,0,0,0,0,0,0,0,0,0,0,0,0,1,1,1,1,1,1,1,1,1,1,1,1,1,1,1,1,"Tufted.Titmouse","Tufted.Titmouse",1
"299",0,1,11.6,19,3.4,18.2,1.1,19.1,5.7,1.8,1.4,2.2,4.4,1,0,0,0,1240,1240,11.3833333333333,0,1,1,1,0,0,1,0,1,1,1,1,1,1,0,1,1,"Tufted.Titmouse","Carolina.Chickadee",0.527521367521367
"300",0,1,2.6,17.9,4.7,12.6,5.7,18.5,0.899999999999999,1.6,1.7,2.3,3.6,1,0.778151250383644,2,3,1390,1390,2,0,1,1,1,0,0,1,0,0,1,1,1,1,0,1,1,1,"Tufted.Titmouse","Carolina.Wren",-0.237606837606838
"301",0,0,0.600000000000001,19.8,15.1,4.3,15.1,10.7,2,1.3,0.9,3.4,5.8,5,0.653212513775344,1,4,2890,2890,0.0800000000000018,1,0,1,1,0,0,1,0,1,1,1,0,0,1,0,0,1,"Tufted.Titmouse","White.breasted.Nuthatch",0.143931623931624
"302",0,0,11.4,33.2,7.2,15.3,2.6,12.9,5.7,1.6,1.6,1.6,2,4,0.352182518111363,1,2,10,10,11.724,0,1,0,1,0,0,1,0,1,1,1,1,1,1,0,1,1,"Tufted.Titmouse","Brown.headed.Nuthatch",-0.23008547008547
"303",2,1,26.9,49,4.5,25.3,10.6,34.4,11.7,0.2,0.300000000000001,3.4,8.8,2,0.352182518111363,1,2,2390,2390,26.35,1,0,0,0,0,0,1,0,0,1,1,0,1,0,0,0,0,"Tufted.Titmouse","Northern.Mockingbird",0.0105982905982906
"304",1,0,47.2,53.2,2.2,21.5,1.5,24.6,13.7,0.8,0.5,10.5,16.8,2,0.477121254719662,0,4,90,90,48.3666666666667,0,1,0,1,0,0,1,0,0,1,1,1,1,0,0,0,0,"Tufted.Titmouse","Brown.Thrasher",0.0700854700854701
"305",1,1,5.9,6.09999999999999,16.7,0.799999999999997,18.9,17.9,0.800000000000001,1,0.7,0.299999999999999,2.1,1,0.477121254719662,1,3,1830,1830,8.08333333333334,1,0,0,1,0,0,1,0,0,1,1,1,1,0,1,1,1,"Tufted.Titmouse","Eastern.Bluebird",-0.60957264957265
"306",2,2,56.9,27.1,12.9,25.1,24.4,49.1,12.2,1.3,0.699999999999999,3.7,10.1,0,0.109144469425068,1,1,2890,2890,57.8333333333333,1,0,1,0,0,0,1,0,1,1,1,1,1,1,0,1,0,"Tufted.Titmouse","American.Robin",0.11042735042735
"307",0,2,4.9,11.4,11.2,10.8,7.9,3,2.6,1.9,1.4,0.299999999999999,0.199999999999999,5,0.778151250383644,2,3,3990,3990,5.64,1,0,0,0,0,0,0,0,0,1,0,0,1,0,0,0,0,"Tufted.Titmouse","House.Sparrow",-0.120704395677616
"308",1,1,0.200000000000003,2.39999999999999,11.4,9.40000000000001,8.7,0.700000000000003,3.1,2.7,1.7,0.4,2.7,3,0.109144469425068,1,1,2890,2890,0.0749999999999993,1,0,0,0,0,0,0,0,1,1,1,0,1,0,0,0,1,"Tufted.Titmouse","House.Finch",0.223247863247863
"309",0,0,8.8,20.3,11.5,14.9,6.6,8.10000000000001,7,0.8,0.6,0.600000000000001,1.8,3,0.653212513775344,2,2,390,390,8.85,0,1,0,0,0,0,1,0,1,1,1,0,1,1,0,0,1,"Tufted.Titmouse","American.Goldfinch",0.0181196581196581
"310",2,1,9.4,12.6,8.1,14.2,3.8,9.90000000000001,4.2,0.6,0.9,1.8,0.200000000000001,3,0.255272505103306,1,1,3190,3190,8.45,1,0,0,0,0,0,1,0,1,1,1,1,1,1,0,0,0,"Tufted.Titmouse","Chipping.Sparrow",0.0570940170940171
"311",1,1,9.1,6.59999999999999,0.599999999999998,11.7,1.7,13.5,2.6,0.3,0.6,2.2,2.9,2,0.352182518111363,1,2,390,390,7.98333333333333,0,1,0,0,0,0,1,0,1,1,1,1,1,0,0,0,0,"Tufted.Titmouse","Field.Sparrow",0.334758083196562
"312",1,1,0.299999999999997,1.39999999999999,4,12.6,0.699999999999999,11.6,1,1.2,0.399999999999999,0.300000000000001,0.0999999999999996,3,0.176091259055681,0,2,1890,1890,3.66666666666667,1,0,0,0,0,0,1,0,1,0,0,1,1,0,0,0,0,"Tufted.Titmouse","Song.Sparrow",0.0625641025641026
"313",1,1,18.4,23.1,2.5,5.59999999999999,1.4,4.39999999999999,6.5,2.7,0.6,1,2.1,2,0.045757490560675,1,1,1370,1370,19.3166666666667,1,0,1,0,0,0,1,0,0,1,1,0,1,1,0,0,0,"Tufted.Titmouse","Eastern.Towhee",0.0598290598290598
"314",1,2,70.2,1.19999999999999,8.7,20.9,15.9,30.2,19.3,2.7,1.2,11.2,20.2,3,0.352182518111363,1,2,1890,1890,76.7,1,0,0,1,0,0,1,0,0,1,0,1,1,0,1,1,0,"Tufted.Titmouse","Eastern.Meadowlark",0.149085315907764
"315",2,2,29.2,20.3,7.9,23.7,15.3,40.1,7.5,3.3,0.699999999999999,6.6,9.4,0,0.352182518111363,1,2,1890,1890,34.6,1,0,0,0,0,0,1,0,1,1,1,1,1,0,0,0,0,"Tufted.Titmouse","Red.winged.Blackbird",-0.483076923076923
"316",2,1,18.7,1.2,16.9,3.59999999999999,21.4,27.1,4.2,3.4,0.9,2.3,4.3,1,0.352182518111363,1,2,2285,2285,20.95,1,0,0,0,0,0,1,0,1,1,1,1,1,1,1,1,0,"Tufted.Titmouse","Brown.headed.Cowbird",0.0468376068376068
"317",1,2,83.6,49.6,9.8,33,21.8,55,15.1,5,2.4,13,19.7,4,0,0,0,390,390,85.95,0,1,0,0,0,0,1,0,0,0,0,1,0,0,1,0,0,"Tufted.Titmouse","Common.Grackle",0.182905982905983
"318",2,0,12.1,19.2,0,20.9,4,23.2,0.300000000000001,2.2,1.9,0.9,0.600000000000001,3,0.954242509439325,2,4,3990,3990,10.525,1,0,0,1,0,0,1,0,1,1,1,1,1,0,1,1,1,"Tufted.Titmouse","Common.Yellowthroat",-0.146666666666667
"319",2,1,9.8,14.6,12.5,14,8.1,6.10000000000001,1.9,1.7,1.8,0.800000000000001,0.0999999999999996,1,0.176091259055681,0,2,2440,2440,9.55,1,0,1,1,0,0,1,0,1,1,1,1,1,1,1,1,1,"Tufted.Titmouse","Pine.Warbler",0.0618803418803419
"320",0,1,21,33.2,0.600000000000001,12.5,1.7,15.6,4,6.8,4.4,5.9,4.3,2,0.352182518111363,1,4,1390,1390,22.8333333333333,1,0,0,0,0,0,1,0,0,1,1,0,1,0,0,0,1,"Tufted.Titmouse","Northern.Cardinal",0.338803418803419
"331",0,0,0,0,0,0,0,0,0,0,0,0,0,0,0,0,0,0,0,0,0,1,1,1,1,1,1,1,1,1,1,1,1,1,1,1,1,"Carolina.Chickadee","Carolina.Chickadee",1
"332",0,0,9,1.1,8.1,5.6,4.6,0.600000000000001,6.6,0.2,0.3,4.5,8,2,0.778151250383644,2,3,150,150,9.38333333333333,0,1,1,1,0,0,1,0,0,1,1,1,1,0,0,1,1,"Carolina.Chickadee","Carolina.Wren",-0.0905982905982906
"333",0,1,11,0.800000000000004,11.7,13.9,16.2,29.8,3.7,0.5,0.5,5.6,10.2,6,0.653212513775344,1,4,1650,1650,11.3033333333333,1,0,1,1,0,0,1,0,1,1,1,0,0,1,1,0,1,"Carolina.Chickadee","White.breasted.Nuthatch",-0.192478632478632
"334",0,1,0.199999999999999,14.2,3.8,2.9,3.7,6.2,0,0.2,0.2,3.8,6.4,5,0.352182518111363,1,2,1250,1250,0.340666666666664,0,1,0,1,0,0,1,0,1,1,1,1,1,1,1,1,1,"Carolina.Chickadee","Brown.headed.Nuthatch",0.0823931623931624
"335",2,0,38.5,68,1.1,43.5,11.7,53.5,17.4,1.6,1.1,5.6,13.2,3,0.352182518111363,1,2,1150,1150,37.7333333333333,1,0,0,0,0,0,1,0,0,1,1,0,1,0,1,0,0,"Carolina.Chickadee","Northern.Mockingbird",0.0700854700854701
"336",1,1,58.8,72.2,5.6,39.7,2.6,43.7,19.4,2.6,1.9,12.7,21.2,3,0.477121254719662,0,4,1330,1330,59.75,0,1,0,1,0,0,1,1,0,1,1,1,1,0,1,0,0,"Carolina.Chickadee","Brown.Thrasher",-0.0803418803418803
"337",1,0,17.5,12.9,13.3,17.4,20,37,4.9,0.8,0.7,2.5,6.5,0,0.477121254719662,1,3,590,590,19.4666666666667,1,0,0,1,0,0,1,0,0,1,1,1,1,0,0,1,1,"Carolina.Chickadee","Eastern.Bluebird",-0.284786324786325
"338",2,1,68.5,46.1,9.5,43.3,25.5,68.2,17.9,3.1,2.1,5.9,14.5,1,0.109144469425068,1,1,1650,1650,69.2166666666667,1,0,1,0,0,0,1,0,1,1,1,1,1,1,1,1,0,"Carolina.Chickadee","American.Robin",-0.213675213675214
"339",0,1,16.5,7.6,7.8,7.4,9,16.1,3.1,3.7,2.8,2.5,4.6,6,0.778151250383644,2,3,2750,2750,17.0233333333333,1,0,0,0,0,0,0,0,0,1,0,0,1,0,0,0,0,"Carolina.Chickadee","House.Sparrow",0.197982564015127
"340",1,0,11.4,16.6,8,8.8,9.8,18.4,2.6,4.5,3.1,1.8,1.7,4,0.109144469425068,1,1,1650,1650,11.3083333333333,1,0,0,0,0,0,0,0,1,1,1,0,1,0,0,0,1,"Carolina.Chickadee","House.Finch",0.259487179487179
"341",0,1,2.8,1.3,8.1,3.3,7.7,11,1.3,2.6,0.8,1.6,2.6,4,0.653212513775344,2,2,850,850,2.53333333333333,0,1,0,0,0,0,1,0,1,1,1,0,1,1,0,0,1,"Carolina.Chickadee","American.Goldfinch",0.0823931623931624
"342",2,0,2.2,6.4,4.7,4,4.9,9.2,1.5,1.2,0.5,0.4,4.2,4,0.255272505103306,1,1,1950,1950,2.93333333333333,1,0,0,0,0,0,1,0,1,1,1,1,1,1,1,0,0,"Carolina.Chickadee","Chipping.Sparrow",0.543931623931624
"343",1,0,2.5,12.4,2.8,6.5,0.6,5.60000000000001,3.1,1.5,0.8,0,1.5,3,0.352182518111363,1,2,850,850,3.4,0,1,0,0,0,0,1,0,1,1,1,1,1,0,1,0,0,"Carolina.Chickadee","Field.Sparrow",0.319028898490697
"344",1,0,11.9,17.6,0.600000000000001,5.6,1.8,7.5,6.7,3,1.8,1.9,4.5,4,0.176091259055681,0,2,650,650,15.05,1,0,0,0,0,0,1,0,1,0,0,1,1,0,1,0,0,"Carolina.Chickadee","Song.Sparrow",0.165811965811966
"345",1,0,30,42.1,5.9,23.8,0.300000000000001,23.5,12.2,4.5,2,3.2,6.5,3,0.045757490560675,1,1,130,130,30.7,1,0,1,0,0,0,1,0,0,1,1,0,1,1,0,0,0,"Carolina.Chickadee","Eastern.Towhee",0.158974358974359
"346",1,1,81.8,17.8,5.3,39.1,17,49.3,25,4.5,2.6,13.4,24.6,4,0.352182518111363,1,2,650,650,88.0833333333333,1,0,0,1,1,0,1,0,0,1,0,1,1,0,0,1,0,"Carolina.Chickadee","Eastern.Meadowlark",0.187382461278566
"347",2,1,40.8,39.3,4.5,41.9,16.4,59.2,13.2,5.1,2.1,8.8,13.8,1,0.352182518111363,1,2,650,650,45.9833333333333,1,0,0,0,0,0,1,0,1,1,1,1,1,0,0,0,0,"Carolina.Chickadee","Red.winged.Blackbird",-0.0639316239316239
"348",2,0,30.3,20.2,13.5,21.8,22.5,46.2,9.9,5.2,2.3,4.5,8.7,0,0.352182518111363,1,2,1045,1045,32.3333333333333,1,0,0,0,0,0,1,0,1,1,1,1,1,1,0,1,0,"Carolina.Chickadee","Brown.headed.Cowbird",0.425641025641026
"349",1,1,95.2,68.6,6.4,51.2,22.9,74.1,20.8,6.8,3.8,15.2,24.1,5,0,0,0,850,850,97.3333333333333,0,1,0,0,0,0,1,0,0,0,0,1,0,0,0,0,0,"Carolina.Chickadee","Common.Grackle",0.362051282051282
"350",2,1,0.5,0.200000000000003,3.4,2.7,2.9,4.09999999999999,5.4,0.4,0.5,1.3,3.8,4,0.954242509439325,2,4,2750,2750,0.858333333333334,1,0,0,1,0,0,1,0,1,1,1,1,1,0,0,1,1,"Carolina.Chickadee","Common.Yellowthroat",-0.0290598290598291
"351",2,0,1.8,4.4,9.1,4.2,9.2,13,3.8,0.0999999999999996,0.4,1.4,4.5,0,0.176091259055681,0,2,1200,1200,1.83333333333333,1,0,1,1,0,1,1,0,1,1,1,1,1,1,0,1,1,"Carolina.Chickadee","Pine.Warbler",0.461880341880342
"352",0,0,32.6,52.2,4,30.7,2.8,34.7,9.7,8.6,5.8,8.1,8.7,3,0.352182518111363,1,4,150,150,34.2166666666667,1,0,0,0,0,0,1,0,0,1,1,0,1,0,0,0,1,"Carolina.Chickadee","Northern.Cardinal",0.265641025641026
"364",0,0,0,0,0,0,0,0,0,0,0,0,0,0,0,0,0,0,0,0,0,1,1,1,1,1,1,1,1,1,1,1,1,1,1,1,1,"Carolina.Wren","Carolina.Wren",1
"365",0,1,2,1.90000000000001,19.8,8.3,20.8,29.2,2.9,0.3,0.8,1.1,2.2,4,0.1249387366083,1,1,1500,1500,1.92,1,0,1,1,0,1,1,0,0,1,1,0,0,0,0,0,1,"Carolina.Wren","White.breasted.Nuthatch",-0.00717948717948718
"366",0,1,8.8,15.3,11.9,2.7,8.3,5.6,6.6,0,0.0999999999999996,0.699999999999999,1.6,3,0.425968732272281,1,1,1400,1400,9.724,0,1,0,1,0,0,1,0,0,1,1,1,1,0,0,1,1,"Carolina.Wren","Brown.headed.Nuthatch",-0.227350427350427
"367",2,0,29.5,66.9,9.2,37.9,16.3,52.9,10.8,1.4,1.4,1.1,5.2,1,0.425968732272281,1,1,1000,1000,28.35,1,0,0,0,0,0,1,0,1,1,1,0,1,0,0,0,0,"Carolina.Wren","Northern.Mockingbird",0.165128205128205
"368",1,1,49.8,71.1,2.5,34.1,7.2,43.1,12.8,2.4,2.2,8.2,13.2,1,0.301029995663981,2,1,1480,1480,50.3666666666667,0,1,0,1,0,0,1,0,1,1,1,1,1,0,0,0,0,"Carolina.Wren","Brown.Thrasher",-0.187692307692308
"369",1,0,8.5,11.8,21.4,11.8,24.6,36.4,1.7,0.6,1,2,1.5,2,0.301029995663981,1,0,440,440,10.0833333333333,1,0,0,1,0,0,1,0,1,1,1,1,1,1,1,1,1,"Carolina.Wren","Eastern.Bluebird",0.352478632478632
"370",2,1,59.5,45,17.6,37.7,30.1,67.6,11.3,2.9,2.4,1.4,6.5,1,0.669006780958576,1,4,1500,1500,59.8333333333333,1,0,1,0,0,0,1,0,0,1,1,1,1,0,0,1,0,"Carolina.Wren","American.Robin",0.155555555555556
"371",0,1,7.5,6.5,15.9,1.8,13.6,15.5,3.5,3.5,3.1,2,3.4,4,0,0,0,2600,2600,7.64,1,0,0,0,0,1,0,0,1,1,0,0,1,0,0,0,0,"Carolina.Wren","House.Sparrow",-0.135749702787574
"372",1,0,2.4,15.5,16.1,3.2,14.4,17.8,4,4.3,3.4,2.7,6.3,2,0.669006780958576,1,4,1500,1500,1.925,1,0,0,0,0,0,0,0,0,1,1,0,1,0,0,0,1,"Carolina.Wren","House.Finch",-0.414017094017094
"373",0,1,6.2,2.40000000000001,16.2,2.3,12.3,10.4,7.9,2.4,1.1,2.9,5.4,2,0.1249387366083,0,1,1000,1000,6.85,0,1,0,0,0,1,1,0,0,1,1,0,1,0,0,0,1,"Carolina.Wren","American.Goldfinch",0.150769230769231
"374",2,0,6.8,5.3,12.8,1.6,9.5,8.6,5.1,1,0.8,4.1,3.8,2,0.522878745280338,1,2,1800,1800,6.45,1,0,0,0,0,0,1,0,0,1,1,1,1,0,0,0,0,"Carolina.Wren","Chipping.Sparrow",-0.174700854700855
"375",1,0,6.5,11.3,5.3,0.899999999999999,4,5.00000000000001,3.5,1.3,1.1,4.5,6.5,1,0.425968732272281,1,1,1000,1000,5.98333333333333,0,1,0,0,0,0,1,0,0,1,1,1,1,0,0,0,0,"Carolina.Wren","Field.Sparrow",0.0697555147825319
"376",1,0,2.9,16.5,8.7,0,6.4,6.9,0.100000000000001,2.8,2.1,2.6,3.5,2,0.602059991327962,2,1,500,500,5.66666666666667,1,0,0,0,0,0,1,0,0,0,0,1,1,0,0,0,0,"Carolina.Wren","Song.Sparrow",-0.283418803418803
"377",1,0,21,41,2.2,18.2,4.3,22.9,5.6,4.3,2.3,1.3,1.5,1,0.823908740944319,3,2,20,20,21.3166666666667,1,0,1,0,0,0,1,0,1,1,1,0,1,0,0,0,0,"Carolina.Wren","Eastern.Towhee",0.13982905982906
"378",1,1,72.8,16.7,13.4,33.5,21.6,48.7,18.4,4.3,2.9,8.9,16.6,2,0.425968732272281,1,1,500,500,78.7,1,0,0,1,0,1,1,0,1,1,0,1,1,0,1,1,0,"Carolina.Wren","Eastern.Meadowlark",0.47084972478209
"379",2,1,31.8,38.2,12.6,36.3,21,58.6,6.6,4.9,2.4,4.3,5.8,1,0.425968732272281,1,1,500,500,36.6,1,0,0,0,0,0,1,0,0,1,1,1,1,0,0,0,0,"Carolina.Wren","Red.winged.Blackbird",-0.12957264957265
"380",2,0,21.3,19.1,21.6,16.2,27.1,45.6,3.3,5,2.6,0,0.700000000000003,2,0.425968732272281,1,1,895,895,22.95,1,0,0,0,0,0,1,0,0,1,1,1,1,0,1,1,0,"Carolina.Wren","Brown.headed.Cowbird",0.176752136752137
"381",1,1,86.2,67.5,14.5,45.6,27.5,73.5,14.2,6.6,4.1,10.7,16.1,3,0.778151250383644,2,3,1000,1000,87.95,0,1,0,0,0,0,1,0,1,0,0,1,0,0,1,0,0,"Carolina.Wren","Common.Grackle",-0.00923076923076923
"382",2,1,9.5,1.3,4.7,8.3,1.7,4.7,1.2,0.6,0.2,3.2,4.2,2,0.176091259055681,0,1,2600,2600,8.525,1,0,0,1,1,0,1,1,0,1,1,1,1,0,1,1,1,"Carolina.Wren","Common.Yellowthroat",-0.0290598290598291
"383",2,0,7.2,3.3,17.2,1.4,13.8,12.4,2.8,0.1,0.1,3.1,3.5,2,0.602059991327962,2,1,1050,1050,7.55,1,0,1,1,0,0,1,0,0,1,1,1,1,0,1,1,1,"Carolina.Wren","Pine.Warbler",0.078974358974359
"384",0,0,23.6,51.1,4.1,25.1,7.4,34.1,3.1,8.4,6.1,3.6,0.700000000000003,1,0.425968732272281,3,1,0,0,24.8333333333333,1,0,0,0,0,0,1,0,1,1,1,0,1,0,0,0,1,"Carolina.Wren","Northern.Cardinal",0.262905982905983
"397",0,0,0,0,0,0,0,0,0,0,0,0,0,0,0,0,0,0,0,0,0,1,1,1,1,1,1,1,1,1,1,1,1,1,1,1,1,"White.breasted.Nuthatch","White.breasted.Nuthatch",1
"398",0,0,10.8,13.4,7.9,11,12.5,23.6,3.7,0.3,0.7,1.8,3.8,1,0.301029995663981,0,2,2900,2900,11.644,1,0,0,1,1,0,1,1,1,1,1,0,0,1,1,0,1,"White.breasted.Nuthatch","Brown.headed.Nuthatch",0.128205128205128
"399",2,1,27.5,68.8,10.6,29.6,4.5,23.7,13.7,1.1,0.6,0,3,3,0.301029995663981,0,2,500,500,26.43,0,1,0,0,0,0,1,0,0,1,1,1,0,0,1,1,0,"White.breasted.Nuthatch","Northern.Mockingbird",0.112478632478632
"400",1,0,47.8,73,17.3,25.8,13.6,13.9,15.7,2.1,1.4,7.1,11,3,0.176091259055681,1,0,2980,2980,48.4466666666667,1,0,0,1,1,0,1,0,0,1,1,0,0,0,1,1,0,"White.breasted.Nuthatch","Brown.Thrasher",0.361367521367521
"401",1,1,6.5,13.7,1.6,3.50000000000001,3.8,7.2,1.2,0.3,0.2,3.1,3.7,6,0.176091259055681,0,1,1060,1060,8.16333333333334,0,1,0,1,0,0,1,0,0,1,1,0,0,0,0,0,1,"White.breasted.Nuthatch","Eastern.Bluebird",0.238974358974359
"402",2,2,57.5,46.9,2.2,29.4,9.3,38.4,14.2,2.6,1.6,0.300000000000001,4.3,5,0.544068044350275,0,5,0,0,57.9133333333333,0,1,1,0,0,0,1,0,1,1,1,0,0,1,1,0,0,"White.breasted.Nuthatch","American.Robin",0.0871794871794872
"403",0,2,5.5,8.40000000000001,3.9,6.5,7.2,13.7,0.600000000000001,3.2,2.3,3.1,5.6,0,0.1249387366083,1,1,1100,1100,5.72,0,0,0,0,0,1,0,0,0,1,0,1,0,0,0,0,0,"White.breasted.Nuthatch","House.Sparrow",-0.338861348772006
"404",1,1,0.399999999999999,17.4,3.7,5.1,6.4,11.4,1.1,4,2.6,3.8,8.5,2,0.544068044350275,0,5,0,0,0.00500000000000256,0,1,0,0,0,0,0,0,1,1,1,1,0,0,0,0,1,"White.breasted.Nuthatch","House.Finch",0.146666666666667
"405",0,0,8.2,0.5,3.6,10.6,8.5,18.8,5,2.1,0.3,4,7.6,2,0,1,2,2500,2500,8.77,1,0,0,0,0,1,1,0,1,1,1,1,0,1,0,0,1,"White.breasted.Nuthatch","American.Goldfinch",0.434529914529915
"406",2,1,8.8,7.2,7,9.9,11.3,20.6,2.2,0.7,0,5.2,6,2,0.397940008672037,0,3,300,300,8.37,0,1,0,0,0,0,1,0,1,1,1,0,0,1,1,1,0,"White.breasted.Nuthatch","Chipping.Sparrow",-0.746324786324786
"407",1,1,8.5,13.2,14.5,7.4,16.8,24.2,0.600000000000001,1,0.3,5.6,8.7,3,0.301029995663981,0,2,2500,2500,7.90333333333333,1,0,0,0,0,0,1,0,1,1,1,0,0,0,1,0,0,"White.breasted.Nuthatch","Field.Sparrow",-0.00923234754474687
"408",1,1,0.899999999999999,18.4,11.1,8.3,14.4,22.3,3,2.5,1.3,3.7,5.7,2,0.477121254719662,1,2,1000,1000,3.74666666666667,0,1,0,0,0,0,1,1,1,0,0,0,0,0,1,1,0,"White.breasted.Nuthatch","Song.Sparrow",0.257435897435897
"409",1,1,19,42.9,17.6,9.9,16.5,6.3,8.5,4,1.5,2.4,3.7,3,0.698970004336019,2,3,1520,1520,19.3966666666667,0,1,1,0,0,0,1,1,0,1,1,0,0,1,0,1,0,"White.breasted.Nuthatch","Eastern.Towhee",0.192478632478632
"410",1,2,70.8,18.6,6.4,25.2,0.799999999999997,19.5,21.3,4,2.1,7.8,14.4,2,0.301029995663981,0,2,1000,1000,76.78,0,1,0,1,0,1,1,0,0,1,0,0,0,0,0,0,0,"White.breasted.Nuthatch","Eastern.Meadowlark",-0.00307744918158229
"411",2,2,29.8,40.1,7.2,28,0.199999999999999,29.4,9.5,4.6,1.6,3.2,3.6,5,0.301029995663981,0,2,1000,1000,34.68,0,1,0,0,0,0,1,0,1,1,1,0,0,0,0,0,0,"White.breasted.Nuthatch","Red.winged.Blackbird",-0.251965811965812
"412",2,1,19.3,21,1.8,7.9,6.3,16.4,6.2,4.7,1.8,1.1,1.5,6,0.301029995663981,0,2,605,605,21.03,0,1,0,0,0,0,1,0,1,1,1,0,0,1,0,0,0,"White.breasted.Nuthatch","Brown.headed.Cowbird",0.279316239316239
"413",1,2,84.2,69.4,5.3,37.3,6.7,44.3,17.1,6.3,3.3,9.6,13.9,1,0.653212513775344,1,4,2500,2500,86.03,1,0,0,0,0,0,1,1,0,0,0,0,1,0,0,1,0,"White.breasted.Nuthatch","Common.Grackle",-0.131623931623932
"414",2,0,11.5,0.600000000000001,15.1,16.6,19.1,33.9,1.7,0.9,1,4.3,6.4,2,0.301029995663981,1,0,1100,1100,10.445,0,1,0,1,0,0,1,0,1,1,1,0,0,0,0,0,1,"White.breasted.Nuthatch","Common.Yellowthroat",-0.504273504273504
"415",2,1,9.2,5.2,2.6,9.7,7,16.8,0.100000000000001,0.4,0.9,4.2,5.7,6,0.477121254719662,1,2,450,450,9.47,0,1,1,1,0,0,1,0,1,1,1,0,0,1,0,0,1,"White.breasted.Nuthatch","Pine.Warbler",0.0434188034188034
"416",0,1,21.6,53,15.7,16.8,13.4,4.90000000000001,6,8.1,5.3,2.5,1.5,3,0.301029995663981,2,0,1500,1500,22.9133333333333,0,1,0,0,0,0,1,0,0,1,1,0,0,0,0,1,1,"White.breasted.Nuthatch","Northern.Cardinal",0.291623931623932
"430",0,0,0,0,0,0,0,0,0,0,0,0,0,0,0,0,0,0,0,0,0,1,1,1,1,1,1,1,1,1,1,1,1,1,1,1,1,"Brown.headed.Nuthatch","Brown.headed.Nuthatch",1
"431",2,1,38.3,82.2,2.7,40.6,8,47.3,17.4,1.4,1.3,1.8,6.8,2,0,0,0,2400,2400,38.074,1,0,0,0,0,0,1,0,0,1,1,0,1,0,1,0,0,"Brown.headed.Nuthatch","Northern.Mockingbird",0.469401709401709
"432",1,0,58.6,86.4,9.4,36.8,1.1,37.5,19.4,2.4,2.1,8.9,14.8,2,0.1249387366083,1,2,80,80,60.0906666666667,0,1,0,1,1,0,1,0,0,1,1,1,1,0,1,0,0,"Brown.headed.Nuthatch","Brown.Thrasher",0.379145299145299
"433",1,1,17.3,27.1,9.5,14.5,16.3,30.8,4.9,0.6,0.9,1.3,0.0999999999999996,5,0.1249387366083,0,1,1840,1840,19.8073333333333,1,0,1,1,0,0,1,0,0,1,1,1,1,0,0,1,1,"Brown.headed.Nuthatch","Eastern.Bluebird",0.214358974358974
"434",2,2,68.3,60.3,5.7,40.4,21.8,62,17.9,2.9,2.3,2.1,8.1,4,0.243038048686294,0,3,2900,2900,69.5573333333333,1,0,0,0,0,0,1,0,1,1,1,1,1,1,1,1,0,"Brown.headed.Nuthatch","American.Robin",-0.0632478632478632
"435",0,2,16.3,21.8,4,4.5,5.3,9.90000000000001,3.1,3.5,3,1.3,1.8,1,0.425968732272281,1,1,4000,4000,17.364,1,0,0,0,0,0,0,0,0,1,0,0,1,0,0,0,0,"Brown.headed.Nuthatch","House.Sparrow",0.0338519409974052
"436",1,1,11.2,30.8,4.2,5.9,6.1,12.2,2.6,4.3,3.3,2,4.7,1,0.243038048686294,0,3,2900,2900,11.649,1,0,0,0,0,0,0,0,1,1,1,0,1,0,0,0,1,"Brown.headed.Nuthatch","House.Finch",0.438632478632479
"437",0,0,2.6,12.9,4.3,0.399999999999999,4,4.8,1.3,2.4,1,2.2,3.8,1,0.301029995663981,1,0,400,400,2.874,0,1,0,0,0,0,1,0,1,1,1,0,1,1,0,0,1,"Brown.headed.Nuthatch","American.Goldfinch",0.364102564102564
"438",2,1,2,20.6,0.899999999999999,1.1,1.2,3,1.5,1,0.7,3.4,2.2,1,0.0969100130080565,0,1,3200,3200,3.274,1,0,1,0,0,1,1,0,1,1,1,1,1,1,1,0,0,"Brown.headed.Nuthatch","Chipping.Sparrow",0.0851282051282051
"439",1,1,2.3,26.6,6.6,3.6,4.3,0.599999999999994,3.1,1.3,1,3.8,4.9,2,0,0,0,400,400,3.74066666666667,0,1,0,0,0,1,1,0,1,1,1,1,1,0,1,0,0,"Brown.headed.Nuthatch","Field.Sparrow",0.266028384807891
"440",1,1,11.7,31.8,3.2,2.7,1.9,1.3,6.7,2.8,2,1.9,1.9,1,0.176091259055681,1,0,1900,1900,15.3906666666667,1,0,0,0,0,0,1,1,1,0,0,1,1,0,1,0,0,"Brown.headed.Nuthatch","Song.Sparrow",0.0413675213675214
"441",1,1,29.8,56.3,9.7,20.9,4,17.3,12.2,4.3,2.2,0.6,0.0999999999999996,2,0.397940008672038,2,1,1380,1380,31.0406666666667,1,0,0,0,0,0,1,1,0,1,1,0,1,1,0,0,0,"Brown.headed.Nuthatch","Eastern.Towhee",0.219145299145299
"442",1,2,81.6,32,1.5,36.2,13.3,43.1,25,4.3,2.8,9.6,18.2,1,0,0,0,1900,1900,88.424,1,0,0,1,0,0,1,0,0,1,0,1,1,0,0,1,0,"Brown.headed.Nuthatch","Eastern.Meadowlark",-0.252350832889748
"443",2,2,40.6,53.5,0.699999999999999,39,12.7,53,13.2,4.9,2.3,5,7.4,4,0,0,0,1900,1900,46.324,1,0,0,0,0,1,1,0,1,1,1,1,1,0,0,0,0,"Brown.headed.Nuthatch","Red.winged.Blackbird",0.21025641025641
"444",2,1,30.1,34.4,9.7,18.9,18.8,40,9.9,5,2.5,0.699999999999999,2.3,5,0,0,0,2295,2295,32.674,1,0,0,0,0,1,1,0,1,1,1,1,1,1,0,1,0,"Brown.headed.Nuthatch","Brown.headed.Cowbird",0.202051282051282
"445",1,2,95,82.8,2.6,48.3,19.2,67.9,20.8,6.6,4,11.4,17.7,0,0.352182518111363,1,2,400,400,97.674,0,1,1,0,0,0,1,1,0,0,0,1,0,0,0,0,0,"Brown.headed.Nuthatch","Common.Grackle",0.0892307692307692
"446",2,0,0.699999999999999,14,7.2,5.6,6.6,10.3,5.4,0.6,0.3,2.5,2.6,1,0.602059991327962,1,2,4000,4000,1.199,1,0,0,1,0,1,1,0,1,1,1,1,1,0,0,1,1,"Brown.headed.Nuthatch","Common.Yellowthroat",0.0502564102564102
"447",2,1,1.6,18.6,5.3,1.3,5.5,6.8,3.8,0.1,0.2,2.4,1.9,5,0.176091259055681,1,0,2450,2450,2.174,1,0,0,1,0,0,1,0,1,1,1,1,1,1,0,1,1,"Brown.headed.Nuthatch","Pine.Warbler",0.154871794871795
"448",0,1,32.4,66.4,7.8,27.8,0.9,28.5,9.7,8.4,6,4.3,2.3,2,0,2,2,1400,1400,34.5573333333333,1,0,0,0,0,0,1,0,0,1,1,0,1,0,0,0,1,"Brown.headed.Nuthatch","Northern.Cardinal",0.0988034188034188
"463",0,0,0,0,0,0,0,0,0,0,0,0,0,0,0,0,0,0,0,0,0,1,1,1,1,1,1,1,1,1,1,1,1,1,1,1,1,"Northern.Mockingbird","Northern.Mockingbird",1
"464",1,1,20.3,4.2,6.7,3.8,9.1,9.8,2,1,0.800000000000001,7.1,8,0,0.1249387366083,1,2,2480,2480,22.0166666666667,1,0,1,0,0,0,1,0,1,1,1,0,1,1,1,1,1,"Northern.Mockingbird","Brown.Thrasher",0.48991452991453
"465",1,0,21,55.1,12.2,26.1,8.3,16.5,12.5,0.8,0.399999999999999,3.1,6.7,3,0.1249387366083,0,1,560,560,18.2666666666667,0,1,0,0,0,0,1,1,1,1,1,0,1,0,0,0,0,"Northern.Mockingbird","Eastern.Bluebird",0.0994871794871795
"466",0,1,30,21.9,8.4,0.200000000000003,13.8,14.7,0.5,1.5,1,0.300000000000001,1.3,2,0.243038048686294,0,3,500,500,31.4833333333333,0,1,0,1,0,0,1,1,0,1,1,0,1,0,1,0,1,"Northern.Mockingbird","American.Robin",0.457777777777778
"467",2,1,22,60.4,6.7,36.1,2.7,37.4,14.3,2.1,1.7,3.1,8.6,3,0.425968732272281,1,1,1600,1600,20.71,0,0,0,0,0,0,0,0,1,1,0,1,1,0,0,0,0,"Northern.Mockingbird","House.Sparrow",0.0492391869053166
"468",1,0,27.1,51.4,6.9,34.7,1.9,35.1,14.8,2.9,2,3.8,11.5,1,0.243038048686294,0,3,500,500,26.425,0,1,1,0,0,0,0,0,0,1,1,1,1,1,0,0,0,"Northern.Mockingbird","House.Finch",0.0912820512820513
"469",2,1,35.7,69.3,7,40.2,4,42.5,18.7,1,0.3,4,10.6,1,0.301029995663981,1,0,2000,2000,35.2,1,0,1,0,0,0,1,0,0,1,1,1,1,0,0,0,0,"Northern.Mockingbird","American.Goldfinch",0.291623931623932
"470",0,0,36.3,61.6,3.6,39.5,6.8,44.3,15.9,0.399999999999999,0.6,5.2,9,1,0.0969100130080565,0,1,800,800,34.8,0,1,0,0,0,0,1,0,0,1,1,0,1,0,1,1,1,"Northern.Mockingbird","Chipping.Sparrow",-0.111794871794872
"471",1,0,36,55.6,3.9,37,12.3,47.9,14.3,0.0999999999999996,0.3,5.6,11.7,0,0,0,0,2000,2000,34.3333333333333,1,0,0,0,0,0,1,0,0,1,1,0,1,0,1,0,1,"Northern.Mockingbird","Field.Sparrow",0.396649005626162
"472",1,0,26.6,50.4,0.5,37.9,9.9,46,10.7,1.4,0.7,3.7,8.7,1,0.176091259055681,1,0,500,500,22.6833333333333,0,1,1,1,0,0,1,0,0,0,0,0,1,1,1,1,1,"Northern.Mockingbird","Song.Sparrow",-0.314188034188034
"473",1,0,8.5,25.9,7,19.7,12,30,5.2,2.9,0.9,2.4,6.7,0,0.397940008672038,2,1,1020,1020,7.03333333333333,0,1,0,1,0,0,1,0,1,1,1,0,1,0,0,1,1,"Northern.Mockingbird","Eastern.Towhee",0.305299145299145
"474",1,1,43.3,50.2,4.2,4.40000000000001,5.3,4.2,7.59999999999999,2.9,1.5,7.8,11.4,1,0,0,0,500,500,50.35,0,1,0,0,0,0,1,0,1,1,0,0,1,0,0,0,0,"Northern.Mockingbird","Eastern.Meadowlark",-0.161395112634093
"475",0,1,2.3,28.7,3.4,1.59999999999999,4.7,5.7,4.2,3.5,1,3.2,0.599999999999998,2,0,0,0,500,500,8.25,0,1,0,0,0,0,1,0,0,1,1,0,1,0,0,0,1,"Northern.Mockingbird","Red.winged.Blackbird",-0.116581196581197
"476",0,0,8.2,47.8,12.4,21.7,10.8,7.3,7.5,3.6,1.2,1.1,4.5,3,0,0,0,105,105,5.4,0,1,0,0,0,0,1,0,0,1,1,0,1,0,0,0,0,"Northern.Mockingbird","Brown.headed.Cowbird",-0.0899145299145299
"477",1,1,56.7,0.600000000000009,5.3,7.7,11.2,20.6,3.4,5.2,2.7,9.6,10.9,2,0.352182518111363,1,2,2000,2000,59.6,1,0,0,1,0,0,1,0,1,0,0,0,0,0,0,1,0,"Northern.Mockingbird","Common.Grackle",0.231452991452991
"478",0,1,39,68.2,4.5,46.2,14.6,57.6,12,2,1.6,4.3,9.4,1,0.602059991327962,1,2,1600,1600,36.875,0,1,0,0,0,0,1,0,0,1,1,0,1,0,0,0,0,"Northern.Mockingbird","Common.Yellowthroat",0.132991452991453
"479",0,0,36.7,63.6,8,39.3,2.5,40.5,13.6,1.5,1.5,4.2,8.7,3,0.176091259055681,1,0,50,50,35.9,0,1,0,0,0,0,1,0,0,1,1,0,1,0,0,0,0,"Northern.Mockingbird","Pine.Warbler",0.285470085470085
"480",2,0,5.9,15.8,5.1,12.8,8.9,18.8,7.7,7,4.7,2.5,4.5,0,0,2,2,1000,1000,3.51666666666667,0,1,1,1,0,0,1,0,1,1,1,0,1,1,0,1,0,"Northern.Mockingbird","Northern.Cardinal",0.245811965811966
"496",0,0,0,0,0,0,0,0,0,0,0,0,0,0,0,0,0,0,0,0,0,1,1,1,1,1,1,1,1,1,1,1,1,1,1,1,1,"Brown.Thrasher","Brown.Thrasher",1
"497",0,1,41.3,59.3,18.9,22.3,17.4,6.7,14.5,1.8,1.2,10.2,14.7,3,0,1,1,1920,1920,40.2833333333333,1,0,0,1,0,1,1,0,1,1,1,1,1,0,0,0,0,"Brown.Thrasher","Eastern.Bluebird",0.150769230769231
"498",1,2,9.7,26.1,15.1,3.59999999999999,22.9,24.5,1.5,0.5,0.199999999999999,6.8,6.7,2,0.367976785294594,1,5,2980,2980,9.46666666666667,1,0,0,0,0,0,1,0,0,1,1,1,1,0,1,0,1,"Brown.Thrasher","American.Robin",0.336752136752137
"499",1,2,42.3,64.6,13.4,32.3,6.4,27.6,16.3,1.1,0.9,10.2,16.6,3,0.301029995663981,2,1,4080,4080,42.7266666666667,1,0,0,0,0,0,0,0,1,1,0,0,1,0,0,0,0,"Brown.Thrasher","House.Sparrow",-0.39357155644458
"500",0,1,47.4,55.6,13.6,30.9,7.2,25.3,16.8,1.9,1.2,10.9,19.5,1,0.367976785294594,1,5,2980,2980,48.4416666666667,1,0,1,0,0,1,0,0,0,1,1,0,1,1,0,0,0,"Brown.Thrasher","House.Finch",-0.0153846153846154
"501",1,0,56,73.5,13.7,36.4,5.1,32.7,20.7,0,1.1,11.1,18.6,1,0.176091259055681,2,2,480,480,57.2166666666667,0,1,1,0,0,0,1,0,0,1,1,0,1,0,0,0,0,"Brown.Thrasher","American.Goldfinch",-0.0769230769230769
"502",1,1,56.6,65.8,10.3,35.7,2.3,34.5,17.9,1.4,1.4,12.3,17,1,0.221848749616356,1,3,3280,3280,56.8166666666667,1,0,0,0,0,0,1,0,0,1,1,1,1,0,1,1,1,"Brown.Thrasher","Chipping.Sparrow",-0.284102564102564
"503",0,1,56.3,59.8,2.8,33.2,3.2,38.1,16.3,1.1,1.1,12.7,19.7,0,0.1249387366083,1,2,480,480,56.35,0,1,0,0,0,0,1,0,0,1,1,1,1,0,1,0,1,"Brown.Thrasher","Field.Sparrow",0.211318177135317
"504",0,1,46.9,54.6,6.2,34.1,0.800000000000001,36.2,12.7,0.4,0.100000000000001,10.8,16.7,1,0.301029995663981,0,2,1980,1980,44.7,1,0,1,0,0,1,1,0,0,0,0,1,1,1,1,1,1,"Brown.Thrasher","Song.Sparrow",-0.139145299145299
"505",0,1,28.8,30.1,0.300000000000001,15.9,2.9,20.2,7.2,1.9,0.0999999999999996,9.5,14.7,0,0.522878745280338,1,3,1460,1460,29.05,1,0,0,0,0,1,1,0,1,1,1,0,1,0,0,1,1,"Brown.Thrasher","Eastern.Towhee",0.0735042735042735
"506",0,2,23,54.4,10.9,0.600000000000009,14.4,5.59999999999999,5.59999999999999,1.9,0.699999999999999,0.699999999999999,3.4,1,0.1249387366083,1,2,1980,1980,28.3333333333333,1,0,0,1,0,0,1,0,1,1,0,1,1,0,0,0,0,"Brown.Thrasher","Eastern.Meadowlark",-0.468798091994369
"507",1,2,18,32.9,10.1,2.2,13.8,15.5,6.2,2.5,0.199999999999999,3.9,7.4,2,0.1249387366083,1,2,1980,1980,13.7666666666667,1,0,0,0,0,0,1,0,0,1,1,1,1,0,0,0,1,"Brown.Thrasher","Red.winged.Blackbird",-0.362051282051282
"508",1,1,28.5,52,19.1,17.9,19.9,2.5,9.5,2.6,0.399999999999999,8.2,12.5,3,0.1249387366083,1,2,2375,2375,27.4166666666667,1,0,0,0,0,0,1,0,0,1,1,1,1,0,0,0,0,"Brown.Thrasher","Brown.headed.Cowbird",0.0064957264957265
"509",0,2,36.4,3.59999999999999,12,11.5,20.3,30.4,1.4,4.2,1.9,2.5,2.9,2,0.477121254719662,0,4,480,480,37.5833333333333,0,1,0,0,0,0,1,0,1,0,0,1,0,0,0,1,0,"Brown.Thrasher","Common.Grackle",-0.055042735042735
"510",1,0,59.3,72.4,2.2,42.4,5.5,47.8,14,3,2.4,11.4,17.4,1,0.477121254719662,2,0,4080,4080,58.8916666666667,1,0,0,1,0,0,1,0,0,1,1,1,1,0,0,0,0,"Brown.Thrasher","Common.Yellowthroat",-0.195213675213675
"511",1,1,57,67.8,14.7,35.5,6.6,30.7,15.6,2.5,2.3,11.3,16.7,3,0.301029995663981,0,2,2530,2530,57.9166666666667,1,0,0,1,0,0,1,0,0,1,1,1,1,0,0,0,0,"Brown.Thrasher","Pine.Warbler",-0.0844444444444444
"512",1,1,26.2,20,1.6,9,0.199999999999999,9,9.7,6,3.9,4.6,12.5,0,0.1249387366083,1,0,1480,1480,25.5333333333333,1,0,1,0,0,0,1,0,1,1,1,0,1,1,0,1,0,"Brown.Thrasher","Northern.Cardinal",0.0454700854700855
"529",0,0,0,0,0,0,0,0,0,0,0,0,0,0,0,0,0,0,0,0,0,1,1,1,1,1,1,1,1,1,1,1,1,1,1,1,1,"Eastern.Bluebird","Eastern.Bluebird",1
"530",1,1,51,33.2,3.8,25.9,5.5,31.2,13,2.3,1.4,3.4,8,1,0.367976785294594,0,4,1060,1060,49.75,0,1,0,0,0,0,1,1,0,1,1,1,1,0,0,1,0,"Eastern.Bluebird","American.Robin",0.014017094017094
"531",1,1,1,5.3,5.5,10,11,20.9,1.8,2.9,2.1,0,1.9,6,0.301029995663981,1,0,2160,2160,2.44333333333334,0,0,0,0,0,0,0,0,1,1,0,0,1,0,0,0,0,"Eastern.Bluebird","House.Sparrow",-0.0841169442965826
"532",0,0,6.1,3.7,5.3,8.60000000000001,10.2,18.6,2.3,3.7,2.4,0.699999999999999,4.8,4,0.367976785294594,0,4,1060,1060,8.15833333333333,0,1,0,0,0,1,0,0,0,1,1,0,1,0,0,0,1,"Eastern.Bluebird","House.Finch",-0.0974358974358974
"533",1,1,14.7,14.2,5.2,14.1,12.3,26,6.2,1.8,0.0999999999999996,0.9,3.9,4,0.176091259055681,1,1,1440,1440,16.9333333333333,1,0,0,0,0,0,1,0,0,1,1,0,1,0,0,0,1,"Eastern.Bluebird","American.Goldfinch",0.157606837606838
"534",1,0,15.3,6.5,8.6,13.4,15.1,27.8,3.4,0.4,0.2,2.1,2.3,4,0.221848749616356,0,2,1360,1360,16.5333333333333,0,1,1,0,0,0,1,0,0,1,1,1,1,0,0,0,0,"Eastern.Bluebird","Chipping.Sparrow",-0.19042735042735
"535",0,0,15,0.5,16.1,10.9,20.6,31.4,1.8,0.7,0.0999999999999996,2.5,5,3,0.1249387366083,0,1,1440,1440,16.0666666666667,1,0,0,0,0,0,1,0,0,1,1,1,1,0,0,0,0,"Eastern.Bluebird","Field.Sparrow",-0.147033683120043
"536",0,0,5.6,4.7,12.7,11.8,18.2,29.5,1.8,2.2,1.1,0.6,2,4,0.301029995663981,1,1,60,60,4.41666666666667,0,1,0,0,0,1,1,0,0,0,0,1,1,0,0,0,0,"Eastern.Bluebird","Song.Sparrow",-0.00239316239316239
"537",0,0,12.5,29.2,19.2,6.39999999999999,20.3,13.5,7.3,3.7,1.3,0.700000000000001,0,3,0.522878745280338,2,2,460,460,11.2333333333333,0,1,0,0,0,1,1,0,1,1,1,0,1,0,0,0,0,"Eastern.Bluebird","Eastern.Towhee",-0.0721367521367521
"538",0,1,64.3,4.90000000000001,8,21.7,3,12.3,20.1,3.7,1.9,10.9,18.1,4,0.1249387366083,0,1,60,60,68.6166666666667,0,1,0,1,0,0,1,0,1,1,0,1,1,0,1,1,0,"Eastern.Bluebird","Eastern.Meadowlark",0.117626946496034
"539",1,1,23.3,26.4,8.8,24.5,3.6,22.2,8.3,4.3,1.4,6.3,7.3,1,0.1249387366083,0,1,60,60,26.5166666666667,0,1,0,0,0,0,1,0,0,1,1,1,1,0,0,0,0,"Eastern.Bluebird","Red.winged.Blackbird",0.0926495726495726
"540",1,0,12.8,7.3,0.200000000000003,4.39999999999999,2.5,9.2,5,4.4,1.6,2,2.2,0,0.1249387366083,0,1,455,455,12.8666666666667,0,1,0,0,0,0,1,0,0,1,1,1,1,0,1,1,0,"Eastern.Bluebird","Brown.headed.Cowbird",0.19042735042735
"541",0,1,77.7,55.7,6.9,33.8,2.9,37.1,15.9,6,3.1,12.7,17.6,5,0.477121254719662,1,3,1440,1440,77.8666666666667,1,0,1,0,0,0,1,0,1,0,0,1,0,0,1,0,0,"Eastern.Bluebird","Common.Grackle",-0.37982905982906
"542",1,1,18,13.1,16.7,20.1,22.9,41.1,0.5,1.2,1.2,1.2,2.7,4,0.477121254719662,1,1,2160,2160,18.6083333333333,0,1,0,1,0,0,1,0,0,1,1,1,1,0,1,1,1,"Eastern.Bluebird","Common.Yellowthroat",-0.388717948717949
"543",1,0,15.7,8.5,4.2,13.2,10.8,24,1.1,0.7,1.1,1.1,2,0,0.301029995663981,1,1,610,610,17.6333333333333,0,1,0,1,1,0,1,0,0,1,1,1,1,0,1,1,1,"Eastern.Bluebird","Pine.Warbler",0.0728205128205128
"544",1,0,15.1,39.3,17.3,13.3,17.2,2.3,4.8,7.8,5.1,5.6,2.2,3,0.1249387366083,2,1,440,440,14.75,0,1,0,0,0,0,1,0,1,1,1,0,1,0,0,0,1,"Eastern.Bluebird","Northern.Cardinal",-0.11042735042735
"562",0,0,0,0,0,0,0,0,0,0,0,0,0,0,0,0,0,0,0,0,0,1,1,1,1,1,1,1,1,1,1,1,1,1,1,1,1,"American.Robin","American.Robin",1
"563",2,0,52,38.5,1.7,35.9,16.5,52.1,14.8,0.6,0.7,3.4,9.9,5,0.669006780958576,1,4,1100,1100,52.1933333333333,0,0,0,0,0,0,0,0,0,1,0,0,1,0,0,0,0,"American.Robin","House.Sparrow",-0.103949394577891
"564",1,1,57.1,29.5,1.5,34.5,15.7,49.8,15.3,1.4,1,4.1,12.8,3,0,0,0,0,0,57.9083333333333,0,1,0,0,0,0,0,0,1,1,1,0,1,0,0,0,0,"American.Robin","House.Finch",-0.225299145299145
"565",2,2,65.7,47.4,1.4,40,17.8,57.2,19.2,0.5,1.3,4.3,11.9,3,0.544068044350275,1,3,2500,2500,66.6833333333333,1,0,0,0,0,0,1,0,1,1,1,0,1,1,0,0,0,"American.Robin","American.Goldfinch",0.091965811965812
"566",0,1,66.3,39.7,4.8,39.3,20.6,59,16.4,1.9,1.6,5.5,10.3,3,0.146128035678238,0,2,300,300,66.2833333333333,0,1,0,0,0,0,1,0,1,1,1,1,1,1,1,0,1,"American.Robin","Chipping.Sparrow",-0.164444444444444
"567",1,1,66,33.7,12.3,36.8,26.1,62.6,14.8,1.6,1.3,5.9,13,2,0.243038048686294,0,3,2500,2500,65.8166666666667,1,0,0,0,0,0,1,0,1,1,1,1,1,0,1,0,1,"American.Robin","Field.Sparrow",0.130278682020317
"568",1,1,56.6,28.5,8.9,37.7,23.7,60.7,11.2,0.0999999999999996,0.3,4,10,3,0.0669467896306132,1,3,1000,1000,54.1666666666667,0,1,0,1,0,0,1,0,1,0,0,1,1,0,1,0,1,"American.Robin","Song.Sparrow",-0.338119658119658
"569",1,1,38.5,4,15.4,19.5,25.8,44.7,5.7,1.4,0.0999999999999996,2.7,8,2,0.154901959985743,2,2,1520,1520,38.5166666666667,0,1,1,1,0,0,1,0,0,1,1,0,1,1,0,0,1,"American.Robin","Eastern.Towhee",0.0105982905982906
"570",1,0,13.3,28.3,4.2,4.2,8.5,18.9,7.09999999999999,1.4,0.5,7.5,10.1,3,0.243038048686294,0,3,1000,1000,18.8666666666667,0,1,0,0,0,0,1,0,0,1,0,1,1,0,0,1,0,"American.Robin","Eastern.Meadowlark",0.0485553093094095
"571",0,0,27.7,6.8,5,1.39999999999999,9.1,9,4.7,2,0,2.9,0.699999999999999,0,0.243038048686294,0,3,1000,1000,23.2333333333333,0,1,0,0,0,0,1,0,1,1,1,1,1,0,0,0,1,"American.Robin","Red.winged.Blackbird",-0.398290598290598
"572",0,1,38.2,25.9,4,21.5,3,22,8,2.1,0.2,1.4,5.8,1,0.243038048686294,0,3,605,605,36.8833333333333,0,1,0,0,0,0,1,0,1,1,1,1,1,1,0,1,0,"American.Robin","Brown.headed.Cowbird",-0.00991452991452991
"573",1,0,26.7,22.5,3.1,7.90000000000001,2.6,5.90000000000001,2.9,3.7,1.7,9.3,9.6,4,0.109144469425068,1,1,2500,2500,28.1166666666667,1,0,0,1,0,0,1,0,0,0,0,1,0,0,0,0,0,"American.Robin","Common.Grackle",0.260854700854701
"574",0,2,69,46.3,12.9,46,28.4,72.3,12.5,3.5,2.6,4.6,10.7,3,0.845098040014257,1,5,1100,1100,68.3583333333333,0,1,0,0,0,0,1,0,1,1,1,1,1,0,0,1,0,"American.Robin","Common.Yellowthroat",-0.315555555555556
"575",0,1,66.7,41.7,0.399999999999999,39.1,16.3,55.2,14.1,3,2.5,4.5,10,1,0.0669467896306132,1,3,450,450,67.3833333333333,0,1,1,0,0,0,1,0,1,1,1,1,1,1,0,1,0,"American.Robin","Pine.Warbler",0.0372649572649573
"576",2,1,35.9,6.09999999999999,13.5,12.6,22.7,33.5,8.2,5.5,3.7,2.2,5.8,2,0.243038048686294,2,5,1500,1500,35,0,1,0,1,0,0,1,0,0,1,1,0,1,0,0,0,0,"American.Robin","Northern.Cardinal",0.210940170940171
"595",0,0,0,0,0,0,0,0,0,0,0,0,0,0,0,0,0,0,0,0,0,1,1,1,1,1,1,1,1,1,1,1,1,1,1,1,1,"House.Sparrow","House.Sparrow",1
"596",1,1,5.1,9,0.199999999999999,1.4,0.800000000000001,2.3,0.5,0.799999999999999,0.3,0.699999999999999,2.9,2,0.669006780958576,1,4,1100,1100,5.715,0,0,0,1,1,0,1,0,0,1,0,1,1,0,1,1,0,"House.Sparrow","House.Finch",0.00444520437339664
"597",0,2,13.7,8.90000000000001,0.300000000000001,4.1,1.3,5.10000000000001,4.4,1.1,2,0.9,2,2,0.1249387366083,0,1,3600,3600,14.49,1,0,0,1,1,1,0,1,0,1,0,1,1,0,1,1,0,"House.Sparrow","American.Goldfinch",0.181911440511309
"598",2,1,14.3,1.2,3.1,3.4,4.1,6.90000000000001,1.6,2.5,2.3,2.1,0.4,2,0.522878745280338,1,2,800,800,14.09,0,0,0,1,0,0,0,0,0,1,0,0,1,0,0,0,0,"House.Sparrow","Chipping.Sparrow",0.457514111661901
"599",1,1,14,4.8,10.6,0.899999999999999,9.6,10.5,0,2.2,2,2.5,3.1,3,0.425968732272281,1,1,3600,3600,13.6233333333333,1,0,0,1,0,0,0,0,0,1,0,0,1,0,0,1,0,"House.Sparrow","Field.Sparrow",0.171682626538988
"600",1,1,4.6,10,7.2,1.8,7.2,8.60000000000001,3.6,0.7,1,0.6,0.0999999999999996,2,0.602059991327962,2,1,2100,2100,1.97333333333333,0,0,0,0,0,0,0,0,0,0,1,0,1,0,0,0,0,"House.Sparrow","Song.Sparrow",0.0912976590536079
"601",1,1,13.5,34.5,13.7,16.4,9.3,7.39999999999999,9.1,0.799999999999999,0.8,0.700000000000001,1.9,3,0.823908740944319,3,2,2620,2620,13.6766666666667,0,0,0,0,0,0,0,0,1,1,0,0,1,0,1,0,0,"House.Sparrow","Eastern.Towhee",0.194221237237638
"602",1,0,65.3,10.2,2.5,31.7,8,33.2,21.9,0.799999999999999,0.2,10.9,20,2,0.425968732272281,1,1,2100,2100,71.06,0,0,0,0,0,1,0,0,1,1,1,0,1,0,0,0,1,"House.Sparrow","Eastern.Meadowlark",0.265047879616963
"603",2,0,24.3,31.7,3.3,34.5,7.4,43.1,10.1,1.4,0.7,6.3,9.2,5,0.425968732272281,1,1,2100,2100,28.96,0,0,0,1,0,0,0,0,0,1,0,0,1,0,1,1,0,"House.Sparrow","Red.winged.Blackbird",0.552915036290952
"604",2,1,13.8,12.6,5.7,14.4,13.5,30.1,6.8,1.5,0.5,2,4.1,6,0.425968732272281,1,1,1705,1705,15.31,0,0,0,1,0,0,0,0,0,1,0,0,1,0,0,0,1,"House.Sparrow","Brown.headed.Cowbird",0.195588992429452
"605",1,0,78.7,61,1.4,43.8,13.9,58,17.7,3.1,1,12.7,19.5,1,0.778151250383644,2,3,3600,3600,80.31,1,0,0,0,0,0,0,0,1,0,1,0,0,0,0,0,1,"House.Sparrow","Common.Grackle",0.460249622045529
"606",2,2,17,7.8,11.2,10.1,11.9,20.2,2.3,4.1,3.3,1.2,0.800000000000001,2,0.176091259055681,0,1,0,0,16.165,0,0,0,0,0,0,0,0,0,1,0,0,1,0,0,0,0,"House.Sparrow","Common.Yellowthroat",0.383997270101879
"607",2,1,14.7,3.2,1.3,3.2,0.200000000000003,3.10000000000001,0.700000000000003,3.6,3.2,1.1,0.0999999999999996,6,0.602059991327962,2,1,1550,1550,15.19,0,0,0,0,0,0,0,0,0,1,0,0,1,0,0,0,0,"House.Sparrow","Pine.Warbler",0.455120540076225
"608",0,1,16.1,44.6,11.8,23.3,6.2,18.6,6.6,4.9,3,5.6,4.1,3,0.425968732272281,3,1,2600,2600,17.1933333333333,0,0,0,0,0,0,0,0,1,1,0,0,1,0,1,0,0,"House.Sparrow","Northern.Cardinal",-0.0844588830945362
"628",0,0,0,0,0,0,0,0,0,0,0,0,0,0,0,0,0,0,0,0,0,1,1,1,1,1,1,1,1,1,1,1,1,1,1,1,1,"House.Finch","House.Finch",1
"629",1,1,8.6,17.9,0.100000000000001,5.5,2.1,7.40000000000001,3.9,1.9,2.3,0.200000000000001,0.9,0,0.544068044350275,1,3,2500,2500,8.775,1,0,1,1,1,0,0,0,1,1,1,1,1,0,1,1,1,"House.Finch","American.Goldfinch",0.393504273504273
"630",1,0,9.2,10.2,3.3,4.8,4.9,9.2,1.1,3.3,2.6,1.4,2.5,0,0.146128035678238,0,2,300,300,8.375,0,1,0,1,0,0,0,0,1,1,1,0,1,0,0,0,0,"House.Finch","Chipping.Sparrow",-0.00854700854700855
"631",0,0,8.9,4.2,10.8,2.3,10.4,12.8,0.5,3,2.3,1.8,0.199999999999999,1,0.243038048686294,0,3,2500,2500,7.90833333333333,1,0,0,1,0,0,0,1,1,1,1,0,1,0,0,1,0,"House.Finch","Field.Sparrow",0.334074205600655
"632",0,0,0.5,1,7.4,3.2,8,10.9,4.1,1.5,1.3,0.0999999999999996,2.8,0,0.0669467896306132,1,3,1000,1000,3.74166666666667,0,1,1,0,0,1,0,0,1,0,0,0,1,1,0,0,0,"House.Finch","Song.Sparrow",0.443418803418803
"633",0,0,18.6,25.5,13.9,15,10.1,5.09999999999999,9.6,0,1.1,1.4,4.8,1,0.154901959985743,2,2,1520,1520,19.3916666666667,0,1,0,0,0,1,0,0,0,1,1,0,1,0,1,0,0,"House.Finch","Eastern.Towhee",0.26974358974359
"634",0,1,70.4,1.2,2.7,30.3,7.2,30.9,22.4,0,0.5,11.6,22.9,0,0.243038048686294,0,3,1000,1000,76.775,0,1,0,0,0,0,0,0,0,1,0,0,1,0,0,0,0,"House.Finch","Eastern.Meadowlark",0.00136775519181435
"635",1,1,29.4,22.7,3.5,33.1,6.6,40.8,10.6,0.600000000000001,1,7,12.1,3,0.243038048686294,0,3,1000,1000,34.675,0,1,0,1,0,0,0,0,1,1,1,0,1,0,1,1,0,"House.Finch","Red.winged.Blackbird",0.223247863247863
"636",1,0,18.9,3.59999999999999,5.5,13,12.7,27.8,7.3,0.700000000000001,0.8,2.7,7,4,0.243038048686294,0,3,605,605,21.025,0,1,0,1,0,0,0,0,1,1,1,0,1,0,0,0,0,"House.Finch","Brown.headed.Cowbird",0.161709401709402
"637",0,1,83.8,52,1.6,42.4,13.1,55.7,18.2,2.3,0.7,13.4,22.4,1,0.109144469425068,1,1,2500,2500,86.025,1,0,0,0,0,0,0,0,0,0,0,0,0,0,0,0,0,"House.Finch","Common.Grackle",0.0994871794871795
"638",1,1,11.9,16.8,11.4,11.5,12.7,22.5,2.8,4.9,3.6,0.5,2.1,0,0.845098040014257,1,5,1100,1100,10.45,0,1,0,0,0,0,0,0,1,1,1,0,1,0,0,0,1,"House.Finch","Common.Yellowthroat",0.0611965811965812
"639",1,0,9.6,12.2,1.1,4.59999999999999,0.599999999999998,5.40000000000001,1.2,4.4,3.5,0.4,2.8,4,0.0669467896306132,1,3,450,450,9.475,0,1,0,0,0,0,0,0,1,1,1,0,1,0,0,0,1,"House.Finch","Pine.Warbler",0.128888888888889
"640",1,0,21.2,35.6,12,21.9,7,16.3,7.1,4.1,2.7,6.3,7,1,0.243038048686294,2,5,1500,1500,22.9083333333333,0,1,1,0,0,0,0,0,0,1,1,0,1,1,1,0,1,"House.Finch","Northern.Cardinal",0.145299145299145
"661",0,0,0,0,0,0,0,0,0,0,0,0,0,0,0,0,0,0,0,0,0,1,1,1,1,1,1,1,1,1,1,1,1,1,1,1,1,"American.Goldfinch","American.Goldfinch",1
"662",2,1,0.600000000000001,7.7,3.4,0.700000000000003,2.8,1.8,2.8,1.4,0.3,1.2,1.6,0,0.397940008672037,1,1,2800,2800,0.4,1,0,0,1,0,0,1,0,1,1,1,0,1,1,0,0,0,"American.Goldfinch","Chipping.Sparrow",-0.277948717948718
"663",1,1,0.300000000000001,13.7,10.9,3.2,8.3,5.39999999999999,4.4,1.1,0,1.6,1.1,1,0.301029995663981,1,0,0,0,0.866666666666669,0,1,0,1,0,0,1,0,1,1,1,0,1,0,0,1,0,"American.Goldfinch","Field.Sparrow",0.329970940025212
"664",1,1,9.1,18.9,7.5,2.3,5.9,3.5,8,0.4,1,0.300000000000001,1.9,0,0.477121254719662,2,0,1500,1500,12.5166666666667,1,0,1,0,0,0,1,0,1,0,0,0,1,0,0,0,0,"American.Goldfinch","Song.Sparrow",0.282735042735043
"665",1,1,27.2,43.4,14,20.5,8,12.5,13.5,1.9,1.2,1.6,3.9,1,0.698970004336019,3,1,980,980,28.1666666666667,1,0,0,0,0,0,1,0,0,1,1,0,1,1,1,0,0,"American.Goldfinch","Eastern.Towhee",0.526837606837607
"666",1,2,79,19.1,2.8,35.8,9.3,38.3,26.3,1.9,1.8,11.8,22,0,0.301029995663981,1,0,1500,1500,85.55,1,0,0,0,0,1,1,0,0,1,0,0,1,0,0,0,0,"American.Goldfinch","Eastern.Meadowlark",0.213027871125085
"667",2,2,38,40.6,3.6,38.6,8.7,48.2,14.5,2.5,1.3,7.2,11.2,3,0.301029995663981,1,0,1500,1500,43.45,1,0,0,1,0,0,1,0,1,1,1,0,1,0,1,1,0,"American.Goldfinch","Red.winged.Blackbird",0.260854700854701
"668",2,1,27.5,21.5,5.4,18.5,14.8,35.2,11.2,2.6,1.5,2.9,6.1,4,0.301029995663981,1,0,1895,1895,29.8,1,0,0,1,0,0,1,0,1,1,1,0,1,1,0,0,0,"American.Goldfinch","Brown.headed.Cowbird",0.53025641025641
"669",1,2,92.4,69.9,1.7,47.9,15.2,63.1,22.1,4.2,3,13.6,21.5,1,0.653212513775344,2,2,0,0,94.8,0,1,0,0,0,0,1,0,0,0,0,0,0,0,0,0,0,"American.Goldfinch","Common.Grackle",0.199316239316239
"670",2,0,3.3,1.1,11.5,6,10.6,15.1,6.7,3,1.3,0.299999999999999,1.2,0,0.301029995663981,0,2,3600,3600,1.675,1,0,0,0,0,0,1,0,1,1,1,0,1,0,0,0,1,"American.Goldfinch","Common.Yellowthroat",-0.145982905982906
"671",2,1,1,5.7,1,0.900000000000006,1.5,2,5.1,2.5,1.2,0.199999999999999,1.9,4,0.477121254719662,2,0,2050,2050,0.699999999999999,1,0,0,0,0,0,1,0,1,1,1,0,1,1,0,0,1,"American.Goldfinch","Pine.Warbler",0.445470085470085
"672",0,1,29.8,53.5,12.1,27.4,4.9,23.7,11,6,5,6.5,6.1,1,0.301029995663981,3,2,1000,1000,31.6833333333333,1,0,1,0,0,0,1,0,0,1,1,0,1,0,1,0,1,"American.Goldfinch","Northern.Cardinal",0.405811965811966
"694",0,0,0,0,0,0,0,0,0,0,0,0,0,0,0,0,0,0,0,0,0,1,1,1,1,1,1,1,1,1,1,1,1,1,1,1,1,"Chipping.Sparrow","Chipping.Sparrow",1
"695",1,0,0.300000000000001,6,7.5,2.5,5.5,3.59999999999999,1.6,0.3,0.3,0.4,2.7,1,0.0969100130080565,0,1,2800,2800,0.466666666666669,1,0,0,1,0,1,1,0,1,1,1,1,1,0,1,0,1,"Chipping.Sparrow","Field.Sparrow",0.0382971453708018
"696",1,0,9.7,11.2,4.1,1.6,3.1,1.7,5.2,1.8,1.3,1.5,0.300000000000001,0,0.0791812460476248,1,1,1300,1300,12.1166666666667,0,1,0,0,1,0,1,0,1,0,0,1,1,0,1,1,1,"Chipping.Sparrow","Song.Sparrow",-0.222564102564103
"697",1,0,27.8,35.7,10.6,19.8,5.2,14.3,10.7,3.3,1.5,2.8,2.3,1,0.301029995663981,2,0,1820,1820,27.7666666666667,0,1,0,0,0,0,1,0,0,1,1,0,1,1,0,1,1,"Chipping.Sparrow","Eastern.Towhee",-0.133675213675214
"698",1,1,79.6,11.4,0.600000000000001,35.1,12.1,40.1,23.5,3.3,2.1,13,20.4,0,0.0969100130080565,0,1,1300,1300,85.15,0,1,0,0,0,0,1,0,0,1,0,1,1,0,0,0,0,"Chipping.Sparrow","Eastern.Meadowlark",0.0810394951150003
"699",0,1,38.6,32.9,0.199999999999999,37.9,11.5,50,11.7,3.9,1.6,8.4,9.6,3,0.0969100130080565,0,1,1300,1300,43.05,0,1,0,1,1,1,1,1,1,1,1,1,1,0,0,0,1,"Chipping.Sparrow","Red.winged.Blackbird",0.251282051282051
"700",0,0,28.1,13.8,8.8,17.8,17.6,37,8.4,4,1.8,4.1,4.5,4,0.0969100130080565,0,1,905,905,29.4,0,1,0,1,0,1,1,0,1,1,1,1,1,1,0,0,0,"Chipping.Sparrow","Brown.headed.Cowbird",0.0694017094017094
"701",1,1,93,62.2,1.7,47.2,18,64.9,19.3,5.6,3.3,14.8,19.9,1,0.255272505103306,1,1,2800,2800,94.4,1,0,1,0,0,0,1,0,0,0,0,1,0,0,0,1,0,"Chipping.Sparrow","Common.Grackle",0.234871794871795
"702",0,1,2.7,6.6,8.1,6.7,7.8,13.3,3.9,1.6,1,0.9,0.4,0,0.698970004336019,1,3,800,800,2.075,0,1,0,0,0,1,1,0,1,1,1,1,1,0,0,0,0,"Chipping.Sparrow","Common.Yellowthroat",0.292991452991453
"703",0,0,0.399999999999999,2,4.4,0.200000000000003,4.3,3.8,2.3,1.1,0.9,1,0.300000000000001,4,0.0791812460476248,1,1,750,750,1.1,0,1,0,0,0,0,1,0,1,1,1,1,1,1,0,0,0,"Chipping.Sparrow","Pine.Warbler",0.12
"704",2,0,30.4,45.8,8.7,26.7,2.1,25.5,8.2,7.4,5.3,7.7,4.5,1,0.0969100130080565,2,3,1800,1800,31.2833333333333,0,1,0,0,0,0,1,0,0,1,1,0,1,0,0,1,0,"Chipping.Sparrow","Northern.Cardinal",-0.172649572649573
"727",0,0,0,0,0,0,0,0,0,0,0,0,0,0,0,0,0,0,0,0,0,1,1,1,1,1,1,1,1,1,1,1,1,1,1,1,1,"Field.Sparrow","Field.Sparrow",1
"728",0,0,9.4,5.2,3.4,0.899999999999999,2.4,1.89999999999999,3.6,1.5,1,1.9,3,1,0.176091259055681,1,0,1500,1500,11.65,1,0,0,0,0,0,1,0,1,0,0,1,1,0,1,0,1,"Field.Sparrow","Song.Sparrow",0.320738592480465
"729",0,0,27.5,29.7,3.1,17.3,0.299999999999999,17.9,9.1,3,1.2,3.2,5,0,0.397940008672038,2,1,980,980,27.3,1,0,0,0,0,0,1,0,0,1,1,0,1,0,0,0,1,"Field.Sparrow","Eastern.Towhee",0.209266544347596
"730",0,1,79.3,5.40000000000001,8.1,32.6,17.6,43.7,21.9,3,1.8,13.4,23.1,1,0,0,0,1500,1500,84.6833333333333,1,0,1,0,0,0,1,0,0,1,0,1,1,1,0,0,0,"Field.Sparrow","Eastern.Meadowlark",0.189979480164159
"731",1,1,38.3,26.9,7.3,35.4,17,53.6,10.1,3.6,1.3,8.8,12.3,2,0,0,0,1500,1500,42.5833333333333,1,0,0,1,0,1,1,0,1,1,1,1,1,0,0,1,1,"Field.Sparrow","Red.winged.Blackbird",0.227389300639136
"732",1,0,27.8,7.8,16.3,15.3,23.1,40.6,6.8,3.7,1.5,4.5,7.2,3,0,0,0,1895,1895,28.9333333333333,1,0,1,1,0,1,1,0,1,1,1,1,1,0,0,0,0,"Field.Sparrow","Brown.headed.Cowbird",0.176440419744051
"733",0,1,92.7,56.2,9.2,44.7,23.5,68.5,17.7,5.3,3,15.2,22.6,2,0.352182518111363,1,2,0,0,93.9333333333333,0,1,0,0,0,0,1,0,0,0,0,1,0,0,0,0,0,"Field.Sparrow","Common.Grackle",0.103265516981984
"734",1,1,3,12.6,0.599999999999998,9.2,2.3,9.7,2.3,1.9,1.3,1.3,2.3,1,0.602059991327962,1,2,3600,3600,2.54166666666667,1,0,0,0,0,1,1,0,1,1,1,1,1,0,0,0,0,"Field.Sparrow","Common.Yellowthroat",0.260899302838587
"735",1,0,0.699999999999999,8,11.9,2.3,9.8,7.39999999999999,0.700000000000003,1.4,1.2,1.4,3,3,0.176091259055681,1,0,2050,2050,1.56666666666667,1,0,0,0,0,0,1,0,1,1,1,1,1,0,0,0,0,"Field.Sparrow","Pine.Warbler",0.0612070448336922
"736",1,0,30.1,39.8,1.2,24.2,3.4,29.1,6.6,7.1,5,8.1,7.2,0,0,2,2,1000,1000,30.8166666666667,1,0,0,0,0,0,1,0,0,1,1,0,1,0,0,0,0,"Field.Sparrow","Northern.Cardinal",0.49649513462861
"760",0,0,0,0,0,0,0,0,0,0,0,0,0,0,0,0,0,0,0,0,0,1,1,1,1,1,1,1,1,1,1,1,1,1,1,1,1,"Song.Sparrow","Song.Sparrow",1
"761",0,0,18.1,24.5,6.5,18.2,2.1,16,5.5,1.5,0.2,1.3,2,1,0.221848749616356,1,1,520,520,15.65,0,1,0,1,0,1,1,1,0,0,0,0,1,0,0,1,1,"Song.Sparrow","Eastern.Towhee",0.0652991452991453
"762",0,1,69.9,0.200000000000003,4.7,33.5,15.2,41.8,18.3,1.5,0.8,11.5,20.1,0,0.176091259055681,1,0,0,0,73.0333333333333,0,1,0,0,0,0,1,0,0,0,1,1,1,0,0,0,0,"Song.Sparrow","Eastern.Meadowlark",0.149427254705718
"763",1,1,28.9,21.7,3.9,36.3,14.6,51.7,6.5,2.1,0.3,6.9,9.3,3,0.176091259055681,1,0,0,0,30.9333333333333,0,1,0,0,1,0,1,0,1,0,0,1,1,0,0,0,1,"Song.Sparrow","Red.winged.Blackbird",0.476239316239316
"764",1,0,18.4,2.59999999999999,12.9,16.2,20.7,38.7,3.2,2.2,0.5,2.6,4.2,4,0.176091259055681,1,0,395,395,17.2833333333333,0,1,0,0,0,0,1,0,1,0,0,1,1,0,0,0,0,"Song.Sparrow","Brown.headed.Cowbird",0.278632478632479
"765",0,1,83.3,51,5.8,45.6,21.1,66.6,14.1,3.8,2,13.3,19.6,1,0.176091259055681,0,2,1500,1500,82.2833333333333,1,0,0,1,0,0,1,1,0,1,1,1,0,0,0,1,0,"Song.Sparrow","Common.Grackle",-0.0208547008547009
"766",1,1,12.4,17.8,4,8.3,4.7,11.6,1.3,3.4,2.3,0.6,0.700000000000001,0,0.778151250383644,2,2,2100,2100,14.1916666666667,0,1,0,0,0,0,1,0,1,0,0,1,1,0,0,0,0,"Song.Sparrow","Common.Yellowthroat",-0.180854700854701
"767",1,0,10.1,13.2,8.5,1.4,7.4,5.5,2.9,2.9,2.2,0.5,0,4,0,0,0,550,550,13.2166666666667,0,1,0,0,0,0,1,0,1,0,0,1,1,0,0,0,0,"Song.Sparrow","Pine.Warbler",0.0276923076923077
"768",1,0,20.7,34.6,4.6,25.1,1,27.2,3,5.6,4,6.2,4.2,1,0.176091259055681,1,2,500,500,19.1666666666667,0,1,1,1,0,0,1,0,0,0,0,0,1,1,0,1,0,"Song.Sparrow","Northern.Cardinal",0.212991452991453
"793",0,0,0,0,0,0,0,0,0,0,0,0,0,0,0,0,0,0,0,0,0,1,1,1,1,1,1,1,1,1,1,1,1,1,1,1,1,"Eastern.Towhee","Eastern.Towhee",1
"794",0,1,51.8,24.3,11.2,15.3,17.3,25.8,12.8,0,0.6,10.2,18.1,1,0.397940008672038,2,1,520,520,57.3833333333333,0,1,0,0,0,0,1,0,1,1,0,0,1,0,0,0,0,"Eastern.Towhee","Eastern.Meadowlark",0.226021545447322
"795",1,1,10.8,2.8,10.4,18.1,16.7,35.7,1,0.600000000000001,0.0999999999999996,5.6,7.3,2,0.397940008672038,2,1,520,520,15.2833333333333,0,1,0,0,0,0,1,0,0,1,1,0,1,0,1,0,1,"Eastern.Towhee","Red.winged.Blackbird",0.115897435897436
"796",1,0,0.299999999999997,21.9,19.4,2,22.8,22.7,2.3,0.700000000000001,0.3,1.3,2.2,3,0.397940008672038,2,1,915,915,1.63333333333333,0,1,0,0,0,0,1,0,0,1,1,0,1,1,0,0,0,"Eastern.Towhee","Brown.headed.Cowbird",0.473504273504273
"797",0,1,65.2,26.5,12.3,27.4,23.2,50.6,8.6,2.3,1.8,12,17.6,2,0.045757490560675,1,1,980,980,66.6333333333333,1,0,0,1,1,0,1,1,1,0,0,0,0,0,0,1,0,"Eastern.Towhee","Common.Grackle",0.427008547008547
"798",1,1,30.5,42.3,2.5,26.5,2.6,27.6,6.8,4.9,2.5,1.9,2.7,1,1,3,3,2620,2620,29.8416666666667,0,1,0,0,0,0,1,0,0,1,1,0,1,0,0,0,0,"Eastern.Towhee","Common.Yellowthroat",0.163076923076923
"799",1,0,28.2,37.7,15,19.6,9.5,10.5,8.4,4.4,2.4,1.8,2,3,0.221848749616356,1,1,1070,1070,28.8666666666667,0,1,1,0,0,0,1,0,0,1,1,0,1,1,0,0,0,"Eastern.Towhee","Pine.Warbler",0.629401709401709
"800",1,0,2.6,10.1,1.9,6.90000000000001,3.1,11.2,2.5,4.1,3.8,4.9,2.2,0,0.397940008672038,0,3,20,20,3.51666666666667,0,1,0,1,0,0,1,0,1,1,1,0,1,0,1,1,0,"Eastern.Towhee","Northern.Cardinal",0.324444444444444
"826",0,0,0,0,0,0,0,0,0,0,0,0,0,0,0,0,0,0,0,0,0,1,1,1,1,1,1,1,1,1,1,1,1,1,1,1,1,"Eastern.Meadowlark","Eastern.Meadowlark",1
"827",1,0,41,21.5,0.800000000000001,2.80000000000001,0.599999999999998,9.90000000000001,11.8,0.600000000000001,0.5,4.6,10.8,3,0,0,0,0,0,42.1,0,1,0,0,0,0,1,0,0,1,0,1,1,0,0,0,0,"Eastern.Meadowlark","Red.winged.Blackbird",0.0218840830690296
"828",1,1,51.5,2.39999999999999,8.2,17.3,5.5,3.09999999999999,15.1,0.700000000000001,0.3,8.9,15.9,4,0,0,0,395,395,55.75,0,1,1,0,0,0,1,0,0,1,0,1,1,0,1,1,1,"Eastern.Meadowlark","Brown.headed.Cowbird",0.3050094077746
"829",0,0,13.4,50.8,1.1,12.1,5.9,24.8,4.2,2.3,1.2,1.8,0.5,1,0.352182518111363,1,2,1500,1500,9.25,1,0,0,0,0,0,1,0,1,0,1,1,0,0,1,0,1,"Eastern.Meadowlark","Common.Grackle",0.0687296983886711
"830",1,2,82.3,18,8.7,41.8,19.9,53.4,19.6,4.9,3.1,12.1,20.8,0,0.602059991327962,1,2,2100,2100,87.225,0,1,0,1,0,0,1,0,0,1,0,1,1,0,1,1,0,"Eastern.Meadowlark","Common.Yellowthroat",-0.202769707186478
"831",1,1,80,13.4,3.8,34.9,7.8,36.3,21.2,4.4,3,12,20.1,4,0.176091259055681,1,0,550,550,86.25,0,1,0,1,0,0,1,0,0,1,0,1,1,0,1,1,0,"Eastern.Meadowlark","Pine.Warbler",0.306719101764368
"832",1,1,49.2,34.4,9.3,8.39999999999999,14.2,14.6,15.3,4.1,3.2,5.3,15.9,1,0,2,2,500,500,53.8666666666667,0,1,0,0,0,0,1,0,1,1,0,0,1,0,0,0,0,"Eastern.Meadowlark","Northern.Cardinal",0.188408277672427
"859",0,0,0,0,0,0,0,0,0,0,0,0,0,0,0,0,0,0,0,0,0,1,1,1,1,1,1,1,1,1,1,1,1,1,1,1,1,"Red.winged.Blackbird","Red.winged.Blackbird",1
"860",0,1,10.5,19.1,9,20.1,6.1,13,3.3,0.0999999999999996,0.2,4.3,5.1,1,0,0,0,395,395,13.65,0,1,0,1,0,1,1,0,1,1,1,1,1,0,0,0,0,"Red.winged.Blackbird","Brown.headed.Cowbird",0.0735042735042735
"861",1,0,54.4,29.3,1.9,9.3,6.5,14.9,7.6,1.7,1.7,6.4,10.3,4,0.352182518111363,1,2,1500,1500,51.35,1,0,0,0,0,0,1,0,0,0,0,1,0,1,0,0,0,"Red.winged.Blackbird","Common.Grackle",0.0892307692307692
"862",0,2,41.3,39.5,7.9,44.6,19.3,63.3,7.8,5.5,2.6,7.5,10,3,0.602059991327962,1,2,2100,2100,45.125,0,1,1,0,0,1,1,0,1,1,1,1,1,1,0,0,0,"Red.winged.Blackbird","Common.Yellowthroat",0.413333333333333
"863",0,1,39,34.9,4.6,37.7,7.2,46.2,9.4,5,2.5,7.4,9.3,1,0.176091259055681,1,0,550,550,44.15,0,1,0,0,0,0,1,0,1,1,1,1,1,0,0,0,0,"Red.winged.Blackbird","Pine.Warbler",0.0625641025641026
"864",2,1,8.2,12.9,8.5,11.2,13.6,24.5,3.5,3.5,3.7,0.700000000000001,5.1,2,0,2,2,500,500,11.7666666666667,0,1,0,0,0,0,1,0,0,1,1,0,1,0,1,0,0,"Red.winged.Blackbird","Northern.Cardinal",0.0454700854700855
"892",0,0,0,0,0,0,0,0,0,0,0,0,0,0,0,0,0,0,0,0,0,1,1,1,1,1,1,1,1,1,1,1,1,1,1,1,1,"Brown.headed.Cowbird","Brown.headed.Cowbird",1
"893",1,1,64.9,48.4,7.1,29.4,0.399999999999999,27.9,10.9,1.6,1.5,10.7,15.4,5,0.352182518111363,1,2,1895,1895,65,1,0,0,0,0,0,1,0,0,0,0,1,0,0,1,0,1,"Brown.headed.Cowbird","Common.Grackle",0.385299145299145
"894",0,1,30.8,20.4,16.9,24.5,25.4,50.3,4.5,5.6,2.8,3.2,4.9,4,0.602059991327962,1,2,1705,1705,31.475,0,1,0,0,0,1,1,0,1,1,1,1,1,0,1,1,0,"Brown.headed.Cowbird","Common.Yellowthroat",-0.307350427350427
"895",0,0,28.5,15.8,4.4,17.6,13.3,33.2,6.1,5.1,2.7,3.1,4.2,0,0.176091259055681,1,0,155,155,30.5,0,1,0,0,0,0,1,0,1,1,1,1,1,1,1,1,0,"Brown.headed.Cowbird","Pine.Warbler",0.437948717948718
"896",2,0,2.3,32,17.5,8.90000000000001,19.7,11.5,0.199999999999999,3.4,3.5,3.6,0,3,0,2,2,895,895,1.88333333333333,0,1,0,0,0,0,1,0,0,1,1,0,1,0,0,0,0,"Brown.headed.Cowbird","Northern.Cardinal",0.327179487179487
"925",0,0,0,0,0,0,0,0,0,0,0,0,0,0,0,0,0,0,0,0,0,1,1,1,1,1,1,1,1,1,1,1,1,1,1,1,1,"Common.Grackle","Common.Grackle",1
"926",1,2,95.7,68.8,9.8,53.9,25.8,78.2,15.4,7.2,4.3,13.9,20.3,1,0.954242509439325,2,4,3600,3600,96.475,1,0,0,0,0,0,1,0,0,0,0,1,0,1,1,0,0,"Common.Grackle","Common.Yellowthroat",0.102222222222222
"927",1,1,93.4,64.2,2.7,47,13.7,61.1,17,6.7,4.2,13.8,19.6,5,0.176091259055681,0,2,2050,2050,95.5,1,0,0,0,0,0,1,0,0,0,0,1,0,0,1,0,0,"Common.Grackle","Pine.Warbler",0.582905982905983
"928",1,1,62.6,16.4,10.4,20.5,20.1,39.4,11.1,1.8,2,7.1,15.4,2,0.352182518111363,1,4,1000,1000,63.1166666666667,1,0,0,1,0,0,1,0,1,0,0,0,0,0,0,1,0,"Common.Grackle","Northern.Cardinal",0.383931623931624
"958",0,0,0,0,0,0,0,0,0,0,0,0,0,0,0,0,0,0,0,0,0,1,1,1,1,1,1,1,1,1,1,1,1,1,1,1,1,"Common.Yellowthroat","Common.Yellowthroat",1
"959",0,1,2.3,4.6,12.5,6.90000000000001,12.1,17.1,1.6,0.5,0.1,0.0999999999999996,0.700000000000001,4,0.778151250383644,2,2,1550,1550,0.975,0,1,0,1,0,0,1,0,1,1,1,1,1,0,1,1,1,"Common.Yellowthroat","Pine.Warbler",-0.0905982905982906
"960",2,1,33.1,52.4,0.600000000000001,33.4,5.7,38.8,4.3,9,6.3,6.8,4.9,1,0.602059991327962,3,0,2600,2600,33.3583333333333,0,1,0,0,0,0,1,0,0,1,1,0,1,0,0,0,1,"Common.Yellowthroat","Northern.Cardinal",-0.0912820512820513
"991",0,0,0,0,0,0,0,0,0,0,0,0,0,0,0,0,0,0,0,0,0,1,1,1,1,1,1,1,1,1,1,1,1,1,1,1,1,"Pine.Warbler","Pine.Warbler",1
"992",2,0,30.8,47.8,13.1,26.5,6.4,21.7,5.9,8.5,6.2,6.7,4.2,3,0.176091259055681,1,2,1050,1050,32.3833333333333,0,1,0,0,0,0,1,0,0,1,1,0,1,0,0,0,1,"Pine.Warbler","Northern.Cardinal",0.221880341880342
"1024",0,0,0,0,0,0,0,0,0,0,0,0,0,0,0,0,0,0,0,0,0,1,1,1,1,1,1,1,1,1,1,1,1,1,1,1,1,"Northern.Cardinal","Northern.Cardinal",1
