"common_name","year","count"
"Canada Goose",1999,1.47402597402597
"Canada Goose",2000,4.06617326948193
"Canada Goose",2001,1.92370572207084
"Canada Goose",2002,4.55722423614707
"Canada Goose",2003,2.47916666666667
"Canada Goose",2004,2.91555555555556
"Canada Goose",2005,2.24378881987578
"Canada Goose",2006,2.16838279830406
"Canada Goose",2007,1.87628865979381
"Canada Goose",2008,2.62903225806452
"Canada Goose",2009,2.49227600411946
"Canada Goose",2010,1.77189409368635
"Canada Goose",2011,2.5503355704698
"Canada Goose",2012,1.75
"Canada Goose",2013,0.524891774891775
"Canada Goose",2014,1.03151862464183
"Canada Goose",2015,0.910201588271228
"Canada Goose",2016,0.724009900990099
"Canada Goose",2017,1.07874015748032
"Canada Goose",2018,0.873269435569755
"Canada Goose",2019,0.916666666666667
"Canada Goose",2020,0.651260504201681
"Canada Goose",2021,1.84808144087706
"Canada Goose",2022,1.39458030403172
"Canada Goose",2023,0.773229369720598
"Canada Goose",2024,0.89760348583878
"Mute Swan",1999,0
"Mute Swan",2000,0
"Mute Swan",2001,0
"Mute Swan",2002,0
"Mute Swan",2003,0
"Mute Swan",2004,0
"Mute Swan",2005,0
"Mute Swan",2006,0
"Mute Swan",2007,0
"Mute Swan",2008,0.0122174709835064
"Mute Swan",2009,0.00618811881188119
"Mute Swan",2010,0
"Mute Swan",2011,0
"Mute Swan",2012,0
"Mute Swan",2013,0
"Mute Swan",2014,0
"Mute Swan",2015,0
"Mute Swan",2016,0
"Mute Swan",2017,0
"Mute Swan",2018,0
"Mute Swan",2019,0
"Mute Swan",2020,0
"Mute Swan",2021,0
"Mute Swan",2022,0
"Mute Swan",2023,0
"Mute Swan",2024,0
"Wood Duck",1999,0.189393939393939
"Wood Duck",2000,0.358166189111748
"Wood Duck",2001,0.354306658521686
"Wood Duck",2002,0.476485148514852
"Wood Duck",2003,0.503937007874016
"Wood Duck",2004,0.468583599574015
"Wood Duck",2005,0.322916666666667
"Wood Duck",2006,0.378151260504202
"Wood Duck",2007,0.634299138606108
"Wood Duck",2008,0.185062789160608
"Wood Duck",2009,0.402858999350227
"Wood Duck",2010,0.4880174291939
"Wood Duck",2011,0.116883116883117
"Wood Duck",2012,0.148019155420113
"Wood Duck",2013,0.185286103542234
"Wood Duck",2014,0.559295701708959
"Wood Duck",2015,0.215277777777778
"Wood Duck",2016,0.257777777777778
"Wood Duck",2017,0.194099378881988
"Wood Duck",2018,0.0908540278619019
"Wood Duck",2019,0.164948453608247
"Wood Duck",2020,0.693548387096774
"Wood Duck",2021,0.803295571575695
"Wood Duck",2022,0.251188051595384
"Wood Duck",2023,0.545302013422819
"Wood Duck",2024,0.346774193548387
"Blue-winged Teal",1999,0
"Blue-winged Teal",2000,0
"Blue-winged Teal",2001,0
"Blue-winged Teal",2002,0
"Blue-winged Teal",2003,0
"Blue-winged Teal",2004,0
"Blue-winged Teal",2005,0.0261210274270788
"Blue-winged Teal",2006,0
"Blue-winged Teal",2007,0
"Blue-winged Teal",2008,0
"Blue-winged Teal",2009,0
"Blue-winged Teal",2010,0
"Blue-winged Teal",2011,0
"Blue-winged Teal",2012,0
"Blue-winged Teal",2013,0
"Blue-winged Teal",2014,0
"Blue-winged Teal",2015,0.0135777325186694
"Blue-winged Teal",2016,0
"Blue-winged Teal",2017,0
"Blue-winged Teal",2018,0
"Blue-winged Teal",2019,0
"Blue-winged Teal",2020,0
"Blue-winged Teal",2021,0
"Blue-winged Teal",2022,0
"Blue-winged Teal",2023,0.053248136315229
"Blue-winged Teal",2024,0
"Northern Shoveler",1999,0
"Northern Shoveler",2000,0
"Northern Shoveler",2001,0
"Northern Shoveler",2002,0
"Northern Shoveler",2003,0
"Northern Shoveler",2004,0
"Northern Shoveler",2005,0
"Northern Shoveler",2006,0
"Northern Shoveler",2007,0
"Northern Shoveler",2008,0
"Northern Shoveler",2009,0
"Northern Shoveler",2010,0
"Northern Shoveler",2011,0
"Northern Shoveler",2012,0
"Northern Shoveler",2013,0
"Northern Shoveler",2014,0
"Northern Shoveler",2015,0
"Northern Shoveler",2016,0
"Northern Shoveler",2017,0
"Northern Shoveler",2018,0
"Northern Shoveler",2019,0
"Northern Shoveler",2020,0
"Northern Shoveler",2021,0
"Northern Shoveler",2022,0
"Northern Shoveler",2023,0
"Northern Shoveler",2024,0
"American Wigeon",1999,0
"American Wigeon",2000,0
"American Wigeon",2001,0
"American Wigeon",2002,0
"American Wigeon",2003,0
"American Wigeon",2004,0
"American Wigeon",2005,0
"American Wigeon",2006,0
"American Wigeon",2007,0
"American Wigeon",2008,0
"American Wigeon",2009,0
"American Wigeon",2010,0
"American Wigeon",2011,0
"American Wigeon",2012,0
"American Wigeon",2013,0
"American Wigeon",2014,0
"American Wigeon",2015,0
"American Wigeon",2016,0
"American Wigeon",2017,0
"American Wigeon",2018,0
"American Wigeon",2019,0
"American Wigeon",2020,0
"American Wigeon",2021,0
"American Wigeon",2022,0
"American Wigeon",2023,0.00605693519079346
"American Wigeon",2024,0
"Mallard",1999,0.390959071472205
"Mallard",2000,0.606435643564356
"Mallard",2001,0.582677165354331
"Mallard",2002,1.18210862619808
"Mallard",2003,0.927083333333333
"Mallard",2004,0.483193277310924
"Mallard",2005,0.681284259984338
"Mallard",2006,0.575016523463318
"Mallard",2007,0.37037037037037
"Mallard",2008,0.784313725490196
"Mallard",2009,0.324675324675325
"Mallard",2010,0.330866347409665
"Mallard",2011,0.577656675749319
"Mallard",2012,0.455722423614707
"Mallard",2013,0.0486111111111111
"Mallard",2014,0.542222222222222
"Mallard",2015,0.403726708074534
"Mallard",2016,0.242277407631738
"Mallard",2017,0.371134020618557
"Mallard",2018,0.306451612903226
"Mallard",2019,0.350154479917611
"Mallard",2020,0.203665987780041
"Mallard",2021,0.511744966442953
"Mallard",2022,0.112903225806452
"Mallard",2023,0.238095238095238
"Mallard",2024,0.0787965616045845
"American Black Duck",1999,0
"American Black Duck",2000,0
"American Black Duck",2001,0
"American Black Duck",2002,0.00649350649350649
"American Black Duck",2003,0
"American Black Duck",2004,0
"American Black Duck",2005,0
"American Black Duck",2006,0
"American Black Duck",2007,0.00888888888888889
"American Black Duck",2008,0
"American Black Duck",2009,0
"American Black Duck",2010,0
"American Black Duck",2011,0
"American Black Duck",2012,0
"American Black Duck",2013,0
"American Black Duck",2014,0
"American Black Duck",2015,0
"American Black Duck",2016,0
"American Black Duck",2017,0
"American Black Duck",2018,0
"American Black Duck",2019,0
"American Black Duck",2020,0
"American Black Duck",2021,0
"American Black Duck",2022,0
"American Black Duck",2023,0
"American Black Duck",2024,0
"Northern Pintail",1999,0
"Northern Pintail",2000,0
"Northern Pintail",2001,0
"Northern Pintail",2002,0
"Northern Pintail",2003,0
"Northern Pintail",2004,0
"Northern Pintail",2005,0
"Northern Pintail",2006,0
"Northern Pintail",2007,0
"Northern Pintail",2008,0
"Northern Pintail",2009,0
"Northern Pintail",2010,0
"Northern Pintail",2011,0
"Northern Pintail",2012,0
"Northern Pintail",2013,0
"Northern Pintail",2014,0
"Northern Pintail",2015,0
"Northern Pintail",2016,0
"Northern Pintail",2017,0
"Northern Pintail",2018,0
"Northern Pintail",2019,0
"Northern Pintail",2020,0
"Northern Pintail",2021,0
"Northern Pintail",2022,0
"Northern Pintail",2023,0
"Northern Pintail",2024,0
"Redhead",1999,0
"Redhead",2000,0
"Redhead",2001,0
"Redhead",2002,0
"Redhead",2003,0
"Redhead",2004,0
"Redhead",2005,0
"Redhead",2006,0
"Redhead",2007,0
"Redhead",2008,0
"Redhead",2009,0
"Redhead",2010,0
"Redhead",2011,0
"Redhead",2012,0
"Redhead",2013,0
"Redhead",2014,0
"Redhead",2015,0
"Redhead",2016,0
"Redhead",2017,0
"Redhead",2018,0
"Redhead",2019,0
"Redhead",2020,0
"Redhead",2021,0
"Redhead",2022,0
"Redhead",2023,0
"Redhead",2024,0
"Lesser Scaup",1999,0
"Lesser Scaup",2000,0
"Lesser Scaup",2001,0
"Lesser Scaup",2002,0
"Lesser Scaup",2003,0
"Lesser Scaup",2004,0
"Lesser Scaup",2005,0
"Lesser Scaup",2006,0
"Lesser Scaup",2007,0
"Lesser Scaup",2008,0
"Lesser Scaup",2009,0
"Lesser Scaup",2010,0
"Lesser Scaup",2011,0
"Lesser Scaup",2012,0
"Lesser Scaup",2013,0
"Lesser Scaup",2014,0
"Lesser Scaup",2015,0
"Lesser Scaup",2016,0
"Lesser Scaup",2017,0
"Lesser Scaup",2018,0
"Lesser Scaup",2019,0
"Lesser Scaup",2020,0
"Lesser Scaup",2021,0
"Lesser Scaup",2022,0
"Lesser Scaup",2023,0
"Lesser Scaup",2024,0
"Hooded Merganser",1999,0
"Hooded Merganser",2000,0
"Hooded Merganser",2001,0
"Hooded Merganser",2002,0
"Hooded Merganser",2003,0.0103573278094252
"Hooded Merganser",2004,0.0277777777777778
"Hooded Merganser",2005,0.0711111111111111
"Hooded Merganser",2006,0.015527950310559
"Hooded Merganser",2007,0.0121138703815869
"Hooded Merganser",2008,0
"Hooded Merganser",2009,0
"Hooded Merganser",2010,0.0102986611740474
"Hooded Merganser",2011,0
"Hooded Merganser",2012,0
"Hooded Merganser",2013,0.0403225806451613
"Hooded Merganser",2014,0.00541125541125541
"Hooded Merganser",2015,0.0143266475644699
"Hooded Merganser",2016,0.0671960904092853
"Hooded Merganser",2017,0.00618811881188119
"Hooded Merganser",2018,0.031496062992126
"Hooded Merganser",2019,0
"Hooded Merganser",2020,0.0416666666666667
"Hooded Merganser",2021,0.0157563025210084
"Hooded Merganser",2022,0
"Hooded Merganser",2023,0.0264375413086583
"Hooded Merganser",2024,0
"Common Merganser",1999,0
"Common Merganser",2000,0
"Common Merganser",2001,0
"Common Merganser",2002,0
"Common Merganser",2003,0.0102986611740474
"Common Merganser",2004,0
"Common Merganser",2005,0
"Common Merganser",2006,0
"Common Merganser",2007,0
"Common Merganser",2008,0
"Common Merganser",2009,0
"Common Merganser",2010,0
"Common Merganser",2011,0
"Common Merganser",2012,0
"Common Merganser",2013,0
"Common Merganser",2014,0
"Common Merganser",2015,0
"Common Merganser",2016,0
"Common Merganser",2017,0
"Common Merganser",2018,0
"Common Merganser",2019,0
"Common Merganser",2020,0
"Common Merganser",2021,0
"Common Merganser",2022,0
"Common Merganser",2023,0
"Common Merganser",2024,0
"Red-breasted Merganser",1999,0
"Red-breasted Merganser",2000,0
"Red-breasted Merganser",2001,0
"Red-breasted Merganser",2002,0
"Red-breasted Merganser",2003,0
"Red-breasted Merganser",2004,0
"Red-breasted Merganser",2005,0
"Red-breasted Merganser",2006,0
"Red-breasted Merganser",2007,0
"Red-breasted Merganser",2008,0
"Red-breasted Merganser",2009,0
"Red-breasted Merganser",2010,0
"Red-breasted Merganser",2011,0
"Red-breasted Merganser",2012,0
"Red-breasted Merganser",2013,0
"Red-breasted Merganser",2014,0
"Red-breasted Merganser",2015,0
"Red-breasted Merganser",2016,0
"Red-breasted Merganser",2017,0
"Red-breasted Merganser",2018,0
"Red-breasted Merganser",2019,0
"Red-breasted Merganser",2020,0.00687285223367698
"Red-breasted Merganser",2021,0
"Red-breasted Merganser",2022,0
"Red-breasted Merganser",2023,0
"Red-breasted Merganser",2024,0
"Ruddy Duck",1999,0
"Ruddy Duck",2000,0
"Ruddy Duck",2001,0
"Ruddy Duck",2002,0
"Ruddy Duck",2003,0
"Ruddy Duck",2004,0.00871459694989107
"Ruddy Duck",2005,0.00649350649350649
"Ruddy Duck",2006,0
"Ruddy Duck",2007,0
"Ruddy Duck",2008,0
"Ruddy Duck",2009,0
"Ruddy Duck",2010,0
"Ruddy Duck",2011,0
"Ruddy Duck",2012,0
"Ruddy Duck",2013,0
"Ruddy Duck",2014,0
"Ruddy Duck",2015,0
"Ruddy Duck",2016,0
"Ruddy Duck",2017,0
"Ruddy Duck",2018,0
"Ruddy Duck",2019,0
"Ruddy Duck",2020,0
"Ruddy Duck",2021,0
"Ruddy Duck",2022,0
"Ruddy Duck",2023,0
"Ruddy Duck",2024,0
"Northern Bobwhite",1999,0.043535045711798
"Northern Bobwhite",2000,0.0490463215258856
"Northern Bobwhite",2001,0.0828586224754014
"Northern Bobwhite",2002,0.0208333333333333
"Northern Bobwhite",2003,0.0355555555555556
"Northern Bobwhite",2004,0.0232919254658385
"Northern Bobwhite",2005,0.0242277407631738
"Northern Bobwhite",2006,0
"Northern Bobwhite",2007,0
"Northern Bobwhite",2008,0
"Northern Bobwhite",2009,0
"Northern Bobwhite",2010,0.00838926174496644
"Northern Bobwhite",2011,0.0161290322580645
"Northern Bobwhite",2012,0.00541125541125541
"Northern Bobwhite",2013,0
"Northern Bobwhite",2014,0
"Northern Bobwhite",2015,0
"Northern Bobwhite",2016,0
"Northern Bobwhite",2017,0
"Northern Bobwhite",2018,0
"Northern Bobwhite",2019,0
"Northern Bobwhite",2020,0.00783085356303837
"Northern Bobwhite",2021,0
"Northern Bobwhite",2022,0.0129954515919428
"Northern Bobwhite",2023,0
"Northern Bobwhite",2024,0
"Ruffed Grouse",1999,0
"Ruffed Grouse",2000,0
"Ruffed Grouse",2001,0
"Ruffed Grouse",2002,0
"Ruffed Grouse",2003,0
"Ruffed Grouse",2004,0
"Ruffed Grouse",2005,0
"Ruffed Grouse",2006,0
"Ruffed Grouse",2007,0
"Ruffed Grouse",2008,0
"Ruffed Grouse",2009,0
"Ruffed Grouse",2010,0
"Ruffed Grouse",2011,0
"Ruffed Grouse",2012,0
"Ruffed Grouse",2013,0
"Ruffed Grouse",2014,0
"Ruffed Grouse",2015,0
"Ruffed Grouse",2016,0
"Ruffed Grouse",2017,0
"Ruffed Grouse",2018,0
"Ruffed Grouse",2019,0
"Ruffed Grouse",2020,0
"Ruffed Grouse",2021,0
"Ruffed Grouse",2022,0
"Ruffed Grouse",2023,0
"Ruffed Grouse",2024,0
"Wild Turkey",1999,0
"Wild Turkey",2000,0.0244349419670128
"Wild Turkey",2001,0.0185643564356436
"Wild Turkey",2002,0.078740157480315
"Wild Turkey",2003,0.117145899893504
"Wild Turkey",2004,0.03125
"Wild Turkey",2005,0.0262605042016807
"Wild Turkey",2006,0.0313234142521535
"Wild Turkey",2007,0.0330469266358229
"Wild Turkey",2008,0.0194931773879142
"Wild Turkey",2009,0.00871459694989107
"Wild Turkey",2010,0.0324675324675325
"Wild Turkey",2011,0
"Wild Turkey",2012,0.0217983651226158
"Wild Turkey",2013,0.0103573278094252
"Wild Turkey",2014,0.00694444444444444
"Wild Turkey",2015,0
"Wild Turkey",2016,0.046583850931677
"Wild Turkey",2017,0.0242277407631738
"Wild Turkey",2018,0.0274914089347079
"Wild Turkey",2019,0.0241935483870968
"Wild Turkey",2020,0.0617919670442842
"Wild Turkey",2021,0.0271554650373388
"Wild Turkey",2022,0.0167785234899329
"Wild Turkey",2023,0.0161290322580645
"Wild Turkey",2024,0
"Pied-billed Grebe",1999,0
"Pied-billed Grebe",2000,0
"Pied-billed Grebe",2001,0
"Pied-billed Grebe",2002,0
"Pied-billed Grebe",2003,0
"Pied-billed Grebe",2004,0
"Pied-billed Grebe",2005,0
"Pied-billed Grebe",2006,0.0207146556188503
"Pied-billed Grebe",2007,0
"Pied-billed Grebe",2008,0.00888888888888889
"Pied-billed Grebe",2009,0
"Pied-billed Grebe",2010,0
"Pied-billed Grebe",2011,0
"Pied-billed Grebe",2012,0
"Pied-billed Grebe",2013,0
"Pied-billed Grebe",2014,0
"Pied-billed Grebe",2015,0.00838926174496644
"Pied-billed Grebe",2016,0
"Pied-billed Grebe",2017,0
"Pied-billed Grebe",2018,0
"Pied-billed Grebe",2019,0
"Pied-billed Grebe",2020,0
"Pied-billed Grebe",2021,0
"Pied-billed Grebe",2022,0
"Pied-billed Grebe",2023,0
"Pied-billed Grebe",2024,0
"Horned Grebe",1999,0
"Horned Grebe",2000,0
"Horned Grebe",2001,0
"Horned Grebe",2002,0
"Horned Grebe",2003,0
"Horned Grebe",2004,0
"Horned Grebe",2005,0
"Horned Grebe",2006,0
"Horned Grebe",2007,0
"Horned Grebe",2008,0
"Horned Grebe",2009,0
"Horned Grebe",2010,0
"Horned Grebe",2011,0
"Horned Grebe",2012,0
"Horned Grebe",2013,0
"Horned Grebe",2014,0
"Horned Grebe",2015,0
"Horned Grebe",2016,0
"Horned Grebe",2017,0
"Horned Grebe",2018,0
"Horned Grebe",2019,0
"Horned Grebe",2020,0
"Horned Grebe",2021,0
"Horned Grebe",2022,0
"Horned Grebe",2023,0
"Horned Grebe",2024,0
"Rock Pigeon",1999,0.226570545829042
"Rock Pigeon",2000,0.386965376782077
"Rock Pigeon",2001,0.360738255033557
"Rock Pigeon",2002,0.548387096774194
"Rock Pigeon",2003,0.178571428571429
"Rock Pigeon",2004,0.243553008595989
"Rock Pigeon",2005,0.965180207697007
"Rock Pigeon",2006,0.173267326732673
"Rock Pigeon",2007,0.141732283464567
"Rock Pigeon",2008,0.223642172523962
"Rock Pigeon",2009,0.25
"Rock Pigeon",2010,0.0367647058823529
"Rock Pigeon",2011,0.0704776820673453
"Rock Pigeon",2012,0.165234633179114
"Rock Pigeon",2013,0.337881741390513
"Rock Pigeon",2014,0.16557734204793
"Rock Pigeon",2015,0.136363636363636
"Rock Pigeon",2016,0.0957771005659556
"Rock Pigeon",2017,0.0926430517711172
"Rock Pigeon",2018,0.0725012946659762
"Rock Pigeon",2019,0.0763888888888889
"Rock Pigeon",2020,0.177777777777778
"Rock Pigeon",2021,0.124223602484472
"Rock Pigeon",2022,0.272562083585706
"Rock Pigeon",2023,0.0274914089347079
"Rock Pigeon",2024,0.112903225806452
"Mourning Dove",1999,1.09529702970297
"Mourning Dove",2000,3.22047244094488
"Mourning Dove",2001,3.71671991480298
"Mourning Dove",2002,4.09375
"Mourning Dove",2003,2.17436974789916
"Mourning Dove",2004,2.48238057948316
"Mourning Dove",2005,1.6986120290813
"Mourning Dove",2006,1.7738791423002
"Mourning Dove",2007,2.16122004357298
"Mourning Dove",2008,1.35064935064935
"Mourning Dove",2009,2.15063125816282
"Mourning Dove",2010,0.73024523160763
"Mourning Dove",2011,1.98860693940963
"Mourning Dove",2012,1.65277777777778
"Mourning Dove",2013,1.16444444444444
"Mourning Dove",2014,1.60714285714286
"Mourning Dove",2015,1.36886735311932
"Mourning Dove",2016,1.01030927835052
"Mourning Dove",2017,1.53225806451613
"Mourning Dove",2018,1.5859938208033
"Mourning Dove",2019,1.34419551934827
"Mourning Dove",2020,1.44295302013423
"Mourning Dove",2021,1.57258064516129
"Mourning Dove",2022,0.898268398268398
"Mourning Dove",2023,1.36103151862464
"Mourning Dove",2024,0.830788026878436
"Yellow-billed Cuckoo",1999,0.0454840805717999
"Yellow-billed Cuckoo",2000,0.461873638344227
"Yellow-billed Cuckoo",2001,0.051948051948052
"Yellow-billed Cuckoo",2002,0.139312146277754
"Yellow-billed Cuckoo",2003,0.0108991825613079
"Yellow-billed Cuckoo",2004,0.393578456758156
"Yellow-billed Cuckoo",2005,0.111111111111111
"Yellow-billed Cuckoo",2006,0.168888888888889
"Yellow-billed Cuckoo",2007,0.093167701863354
"Yellow-billed Cuckoo",2008,0.00605693519079346
"Yellow-billed Cuckoo",2009,0.0549828178694158
"Yellow-billed Cuckoo",2010,0.0887096774193548
"Yellow-billed Cuckoo",2011,0.226570545829042
"Yellow-billed Cuckoo",2012,0.088255261371351
"Yellow-billed Cuckoo",2013,0.243288590604027
"Yellow-billed Cuckoo",2014,0.225806451612903
"Yellow-billed Cuckoo",2015,0.0216450216450216
"Yellow-billed Cuckoo",2016,0.121776504297994
"Yellow-billed Cuckoo",2017,0.0855222968845449
"Yellow-billed Cuckoo",2018,0.247524752475248
"Yellow-billed Cuckoo",2019,0.21259842519685
"Yellow-billed Cuckoo",2020,0.468583599574015
"Yellow-billed Cuckoo",2021,0.135416666666667
"Yellow-billed Cuckoo",2022,0.0630252100840336
"Yellow-billed Cuckoo",2023,0.0469851213782302
"Yellow-billed Cuckoo",2024,0.112359550561798
"Black-billed Cuckoo",1999,0
"Black-billed Cuckoo",2000,0
"Black-billed Cuckoo",2001,0
"Black-billed Cuckoo",2002,0
"Black-billed Cuckoo",2003,0
"Black-billed Cuckoo",2004,0
"Black-billed Cuckoo",2005,0
"Black-billed Cuckoo",2006,0
"Black-billed Cuckoo",2007,0
"Black-billed Cuckoo",2008,0
"Black-billed Cuckoo",2009,0
"Black-billed Cuckoo",2010,0
"Black-billed Cuckoo",2011,0
"Black-billed Cuckoo",2012,0
"Black-billed Cuckoo",2013,0
"Black-billed Cuckoo",2014,0
"Black-billed Cuckoo",2015,0
"Black-billed Cuckoo",2016,0
"Black-billed Cuckoo",2017,0.00660938532716457
"Black-billed Cuckoo",2018,0
"Black-billed Cuckoo",2019,0
"Black-billed Cuckoo",2020,0
"Black-billed Cuckoo",2021,0
"Black-billed Cuckoo",2022,0
"Black-billed Cuckoo",2023,0
"Black-billed Cuckoo",2024,0
"Common Nighthawk",1999,0
"Common Nighthawk",2000,0
"Common Nighthawk",2001,0
"Common Nighthawk",2002,0
"Common Nighthawk",2003,0
"Common Nighthawk",2004,0
"Common Nighthawk",2005,0
"Common Nighthawk",2006,0
"Common Nighthawk",2007,0
"Common Nighthawk",2008,0
"Common Nighthawk",2009,0
"Common Nighthawk",2010,0
"Common Nighthawk",2011,0
"Common Nighthawk",2012,0
"Common Nighthawk",2013,0
"Common Nighthawk",2014,0
"Common Nighthawk",2015,0
"Common Nighthawk",2016,0.0103573278094252
"Common Nighthawk",2017,0.0138888888888889
"Common Nighthawk",2018,0
"Common Nighthawk",2019,0
"Common Nighthawk",2020,0
"Common Nighthawk",2021,0
"Common Nighthawk",2022,0
"Common Nighthawk",2023,0
"Common Nighthawk",2024,0
"Chuck-will's-widow",1999,0
"Chuck-will's-widow",2000,0.0104166666666667
"Chuck-will's-widow",2001,0
"Chuck-will's-widow",2002,0
"Chuck-will's-widow",2003,0
"Chuck-will's-widow",2004,0
"Chuck-will's-widow",2005,0
"Chuck-will's-widow",2006,0.051948051948052
"Chuck-will's-widow",2007,0
"Chuck-will's-widow",2008,0.00544959128065395
"Chuck-will's-widow",2009,0
"Chuck-will's-widow",2010,0
"Chuck-will's-widow",2011,0
"Chuck-will's-widow",2012,0
"Chuck-will's-widow",2013,0.0121138703815869
"Chuck-will's-widow",2014,0.0343642611683849
"Chuck-will's-widow",2015,0.00806451612903226
"Chuck-will's-widow",2016,0.0102986611740474
"Chuck-will's-widow",2017,0.00678886625933469
"Chuck-will's-widow",2018,0.00838926174496644
"Chuck-will's-widow",2019,0.00806451612903226
"Chuck-will's-widow",2020,0.00541125541125541
"Chuck-will's-widow",2021,0
"Chuck-will's-widow",2022,0.00610873549175321
"Chuck-will's-widow",2023,0.0247524752475248
"Chuck-will's-widow",2024,0
"Eastern Whip-poor-will",1999,0.0454545454545455
"Eastern Whip-poor-will",2000,0.200261210274271
"Eastern Whip-poor-will",2001,0.0490463215258856
"Eastern Whip-poor-will",2002,0.30036250647333
"Eastern Whip-poor-will",2003,0.118055555555556
"Eastern Whip-poor-will",2004,0.0533333333333333
"Eastern Whip-poor-will",2005,0.046583850931677
"Eastern Whip-poor-will",2006,0.0847970926711084
"Eastern Whip-poor-will",2007,0.0687285223367698
"Eastern Whip-poor-will",2008,0.0564516129032258
"Eastern Whip-poor-will",2009,0.0514933058702369
"Eastern Whip-poor-will",2010,0.108621860149355
"Eastern Whip-poor-will",2011,0.0587248322147651
"Eastern Whip-poor-will",2012,0.0645161290322581
"Eastern Whip-poor-will",2013,0.0324675324675325
"Eastern Whip-poor-will",2014,0.0214899713467049
"Eastern Whip-poor-will",2015,0.0549786194257789
"Eastern Whip-poor-will",2016,0.0618811881188119
"Eastern Whip-poor-will",2017,0.031496062992126
"Eastern Whip-poor-will",2018,0.0638977635782748
"Eastern Whip-poor-will",2019,0.0625
"Eastern Whip-poor-will",2020,0.0420168067226891
"Eastern Whip-poor-will",2021,0.101801096319499
"Eastern Whip-poor-will",2022,0.0198281559814937
"Eastern Whip-poor-will",2023,0.0519818063677713
"Eastern Whip-poor-will",2024,0.0174291938997821
"Chimney Swift",1999,0.62992125984252
"Chimney Swift",2000,1.31958762886598
"Chimney Swift",2001,1.33870967741935
"Chimney Swift",2002,2.62615859938208
"Chimney Swift",2003,12.8988458927359
"Chimney Swift",2004,1.11577181208054
"Chimney Swift",2005,1.37096774193548
"Chimney Swift",2006,2.1969696969697
"Chimney Swift",2007,0.494269340974212
"Chimney Swift",2008,0.64752596212584
"Chimney Swift",2009,0.847772277227723
"Chimney Swift",2010,0.574803149606299
"Chimney Swift",2011,1.33120340788072
"Chimney Swift",2012,1.20833333333333
"Chimney Swift",2013,0.173319327731092
"Chimney Swift",2014,0.469851213782302
"Chimney Swift",2015,0.568407138136153
"Chimney Swift",2016,0.92267706302794
"Chimney Swift",2017,1.47276688453159
"Chimney Swift",2018,0.461038961038961
"Chimney Swift",2019,0.731388767958206
"Chimney Swift",2020,0.403269754768392
"Chimney Swift",2021,1.00466079751424
"Chimney Swift",2022,0.520833333333333
"Chimney Swift",2023,0.515555555555556
"Chimney Swift",2024,0.47360248447205
"Ruby-throated Hummingbird",1999,0.140692640692641
"Ruby-throated Hummingbird",2000,0.429799426934097
"Ruby-throated Hummingbird",2001,0.195479535736103
"Ruby-throated Hummingbird",2002,0.377475247524752
"Ruby-throated Hummingbird",2003,0.503937007874016
"Ruby-throated Hummingbird",2004,0.596379126730564
"Ruby-throated Hummingbird",2005,0.5
"Ruby-throated Hummingbird",2006,0.252100840336134
"Ruby-throated Hummingbird",2007,0.33672670321065
"Ruby-throated Hummingbird",2008,0.191672174487773
"Ruby-throated Hummingbird",2009,0.266406757634828
"Ruby-throated Hummingbird",2010,0.400871459694989
"Ruby-throated Hummingbird",2011,0.298701298701299
"Ruby-throated Hummingbird",2012,0.374401393121463
"Ruby-throated Hummingbird",2013,0.136239782016349
"Ruby-throated Hummingbird",2014,0.341791817711031
"Ruby-throated Hummingbird",2015,0.284722222222222
"Ruby-throated Hummingbird",2016,0.275555555555556
"Ruby-throated Hummingbird",2017,0.427018633540373
"Ruby-throated Hummingbird",2018,0.17565112053301
"Ruby-throated Hummingbird",2019,0.343642611683849
"Ruby-throated Hummingbird",2020,0.306451612903226
"Ruby-throated Hummingbird",2021,0.442842430484037
"Ruby-throated Hummingbird",2022,0.162932790224033
"Ruby-throated Hummingbird",2023,0.243288590604027
"Ruby-throated Hummingbird",2024,0.120967741935484
"King Rail",1999,0
"King Rail",2000,0
"King Rail",2001,0
"King Rail",2002,0
"King Rail",2003,0
"King Rail",2004,0
"King Rail",2005,0
"King Rail",2006,0
"King Rail",2007,0
"King Rail",2008,0.00694444444444444
"King Rail",2009,0
"King Rail",2010,0
"King Rail",2011,0.0121138703815869
"King Rail",2012,0.0274914089347079
"King Rail",2013,0
"King Rail",2014,0.0514933058702369
"King Rail",2015,0.0339443312966735
"King Rail",2016,0.00838926174496644
"King Rail",2017,0
"King Rail",2018,0.00541125541125541
"King Rail",2019,0
"King Rail",2020,0
"King Rail",2021,0
"King Rail",2022,0
"King Rail",2023,0
"King Rail",2024,0
"Sora",1999,0
"Sora",2000,0
"Sora",2001,0
"Sora",2002,0
"Sora",2003,0
"Sora",2004,0
"Sora",2005,0
"Sora",2006,0
"Sora",2007,0
"Sora",2008,0
"Sora",2009,0
"Sora",2010,0
"Sora",2011,0
"Sora",2012,0
"Sora",2013,0
"Sora",2014,0.00618811881188119
"Sora",2015,0
"Sora",2016,0
"Sora",2017,0
"Sora",2018,0
"Sora",2019,0
"Sora",2020,0
"Sora",2021,0
"Sora",2022,0
"Sora",2023,0
"Sora",2024,0
"Common Gallinule",1999,0
"Common Gallinule",2000,0
"Common Gallinule",2001,0
"Common Gallinule",2002,0
"Common Gallinule",2003,0
"Common Gallinule",2004,0
"Common Gallinule",2005,0
"Common Gallinule",2006,0
"Common Gallinule",2007,0
"Common Gallinule",2008,0
"Common Gallinule",2009,0
"Common Gallinule",2010,0
"Common Gallinule",2011,0
"Common Gallinule",2012,0
"Common Gallinule",2013,0
"Common Gallinule",2014,0
"Common Gallinule",2015,0
"Common Gallinule",2016,0.00649350649350649
"Common Gallinule",2017,0.0087070091423596
"Common Gallinule",2018,0
"Common Gallinule",2019,0
"Common Gallinule",2020,0
"Common Gallinule",2021,0
"Common Gallinule",2022,0
"Common Gallinule",2023,0.00605693519079346
"Common Gallinule",2024,0
"American Coot",1999,0
"American Coot",2000,0
"American Coot",2001,0
"American Coot",2002,0
"American Coot",2003,0
"American Coot",2004,0
"American Coot",2005,0.00783085356303837
"American Coot",2006,0
"American Coot",2007,0
"American Coot",2008,0
"American Coot",2009,0
"American Coot",2010,0
"American Coot",2011,0
"American Coot",2012,0
"American Coot",2013,0
"American Coot",2014,0.00888888888888889
"American Coot",2015,0
"American Coot",2016,0.00605693519079346
"American Coot",2017,0
"American Coot",2018,0
"American Coot",2019,0
"American Coot",2020,0
"American Coot",2021,0.00838926174496644
"American Coot",2022,0
"American Coot",2023,0
"American Coot",2024,0
"Killdeer",1999,0.198281559814937
"Killdeer",2000,0.409356725146199
"Killdeer",2001,0.366013071895425
"Killdeer",2002,0.350649350649351
"Killdeer",2003,0.287331301697867
"Killdeer",2004,0.190735694822888
"Killdeer",2005,0.30036250647333
"Killdeer",2006,0.270833333333333
"Killdeer",2007,0.328888888888889
"Killdeer",2008,0.194099378881988
"Killdeer",2009,0.218049666868565
"Killdeer",2010,0.343642611683849
"Killdeer",2011,0.290322580645161
"Killdeer",2012,0.381050463439753
"Killdeer",2013,0.10183299389002
"Killdeer",2014,0.276845637583893
"Killdeer",2015,0.17741935483871
"Killdeer",2016,0.102813852813853
"Killdeer",2017,0.143266475644699
"Killdeer",2018,0.103848503359805
"Killdeer",2019,0.204207920792079
"Killdeer",2020,0.173228346456693
"Killdeer",2021,0.362087326943557
"Killdeer",2022,0.260416666666667
"Killdeer",2023,0.131302521008403
"Killdeer",2024,0.211433046202036
"Semipalmated Plover",1999,0
"Semipalmated Plover",2000,0
"Semipalmated Plover",2001,0
"Semipalmated Plover",2002,0
"Semipalmated Plover",2003,0
"Semipalmated Plover",2004,0
"Semipalmated Plover",2005,0
"Semipalmated Plover",2006,0
"Semipalmated Plover",2007,0
"Semipalmated Plover",2008,0
"Semipalmated Plover",2009,0.00541125541125541
"Semipalmated Plover",2010,0
"Semipalmated Plover",2011,0
"Semipalmated Plover",2012,0
"Semipalmated Plover",2013,0
"Semipalmated Plover",2014,0
"Semipalmated Plover",2015,0
"Semipalmated Plover",2016,0
"Semipalmated Plover",2017,0.00783085356303837
"Semipalmated Plover",2018,0
"Semipalmated Plover",2019,0
"Semipalmated Plover",2020,0
"Semipalmated Plover",2021,0
"Semipalmated Plover",2022,0
"Semipalmated Plover",2023,0
"Semipalmated Plover",2024,0
"Upland Sandpiper",1999,0
"Upland Sandpiper",2000,0
"Upland Sandpiper",2001,0
"Upland Sandpiper",2002,0
"Upland Sandpiper",2003,0
"Upland Sandpiper",2004,0
"Upland Sandpiper",2005,0
"Upland Sandpiper",2006,0
"Upland Sandpiper",2007,0
"Upland Sandpiper",2008,0
"Upland Sandpiper",2009,0
"Upland Sandpiper",2010,0
"Upland Sandpiper",2011,0
"Upland Sandpiper",2012,0
"Upland Sandpiper",2013,0
"Upland Sandpiper",2014,0
"Upland Sandpiper",2015,0
"Upland Sandpiper",2016,0
"Upland Sandpiper",2017,0
"Upland Sandpiper",2018,0
"Upland Sandpiper",2019,0
"Upland Sandpiper",2020,0
"Upland Sandpiper",2021,0
"Upland Sandpiper",2022,0
"Upland Sandpiper",2023,0
"Upland Sandpiper",2024,0
"Least Sandpiper",1999,0
"Least Sandpiper",2000,0.0851970181043663
"Least Sandpiper",2001,0
"Least Sandpiper",2002,0
"Least Sandpiper",2003,0
"Least Sandpiper",2004,0.118968935888962
"Least Sandpiper",2005,0
"Least Sandpiper",2006,0.0261437908496732
"Least Sandpiper",2007,0.0909090909090909
"Least Sandpiper",2008,0
"Least Sandpiper",2009,0.0163487738419619
"Least Sandpiper",2010,0.062143966856551
"Least Sandpiper",2011,0.0694444444444444
"Least Sandpiper",2012,0.257777777777778
"Least Sandpiper",2013,0.0077639751552795
"Least Sandpiper",2014,0.00605693519079346
"Least Sandpiper",2015,0.109965635738832
"Least Sandpiper",2016,0.217741935483871
"Least Sandpiper",2017,0.0102986611740474
"Least Sandpiper",2018,0.00678886625933469
"Least Sandpiper",2019,0
"Least Sandpiper",2020,0
"Least Sandpiper",2021,0.00541125541125541
"Least Sandpiper",2022,0
"Least Sandpiper",2023,0.0366524129505192
"Least Sandpiper",2024,0.0433168316831683
"Pectoral Sandpiper",1999,0
"Pectoral Sandpiper",2000,0
"Pectoral Sandpiper",2001,0
"Pectoral Sandpiper",2002,0
"Pectoral Sandpiper",2003,0
"Pectoral Sandpiper",2004,0
"Pectoral Sandpiper",2005,0
"Pectoral Sandpiper",2006,0
"Pectoral Sandpiper",2007,0
"Pectoral Sandpiper",2008,0
"Pectoral Sandpiper",2009,0
"Pectoral Sandpiper",2010,0
"Pectoral Sandpiper",2011,0
"Pectoral Sandpiper",2012,0
"Pectoral Sandpiper",2013,0
"Pectoral Sandpiper",2014,0
"Pectoral Sandpiper",2015,0
"Pectoral Sandpiper",2016,0
"Pectoral Sandpiper",2017,0
"Pectoral Sandpiper",2018,0
"Pectoral Sandpiper",2019,0
"Pectoral Sandpiper",2020,0
"Pectoral Sandpiper",2021,0
"Pectoral Sandpiper",2022,0
"Pectoral Sandpiper",2023,0
"Pectoral Sandpiper",2024,0
"Semipalmated Sandpiper",1999,0
"Semipalmated Sandpiper",2000,0
"Semipalmated Sandpiper",2001,0
"Semipalmated Sandpiper",2002,0.0161290322580645
"Semipalmated Sandpiper",2003,0
"Semipalmated Sandpiper",2004,0
"Semipalmated Sandpiper",2005,0
"Semipalmated Sandpiper",2006,0
"Semipalmated Sandpiper",2007,0.00541125541125541
"Semipalmated Sandpiper",2008,0
"Semipalmated Sandpiper",2009,0
"Semipalmated Sandpiper",2010,0.00618811881188119
"Semipalmated Sandpiper",2011,0
"Semipalmated Sandpiper",2012,0
"Semipalmated Sandpiper",2013,0
"Semipalmated Sandpiper",2014,0
"Semipalmated Sandpiper",2015,0
"Semipalmated Sandpiper",2016,0
"Semipalmated Sandpiper",2017,0
"Semipalmated Sandpiper",2018,0
"Semipalmated Sandpiper",2019,0
"Semipalmated Sandpiper",2020,0
"Semipalmated Sandpiper",2021,0
"Semipalmated Sandpiper",2022,0
"Semipalmated Sandpiper",2023,0
"Semipalmated Sandpiper",2024,0
"Short-billed Dowitcher",1999,0
"Short-billed Dowitcher",2000,0
"Short-billed Dowitcher",2001,0
"Short-billed Dowitcher",2002,0
"Short-billed Dowitcher",2003,0
"Short-billed Dowitcher",2004,0
"Short-billed Dowitcher",2005,0
"Short-billed Dowitcher",2006,0
"Short-billed Dowitcher",2007,0
"Short-billed Dowitcher",2008,0
"Short-billed Dowitcher",2009,0
"Short-billed Dowitcher",2010,0
"Short-billed Dowitcher",2011,0
"Short-billed Dowitcher",2012,0
"Short-billed Dowitcher",2013,0
"Short-billed Dowitcher",2014,0
"Short-billed Dowitcher",2015,0
"Short-billed Dowitcher",2016,0
"Short-billed Dowitcher",2017,0.00888888888888889
"Short-billed Dowitcher",2018,0
"Short-billed Dowitcher",2019,0
"Short-billed Dowitcher",2020,0
"Short-billed Dowitcher",2021,0
"Short-billed Dowitcher",2022,0
"Short-billed Dowitcher",2023,0
"Short-billed Dowitcher",2024,0
"American Woodcock",1999,0
"American Woodcock",2000,0
"American Woodcock",2001,0
"American Woodcock",2002,0
"American Woodcock",2003,0
"American Woodcock",2004,0.00871459694989107
"American Woodcock",2005,0
"American Woodcock",2006,0
"American Woodcock",2007,0
"American Woodcock",2008,0
"American Woodcock",2009,0
"American Woodcock",2010,0
"American Woodcock",2011,0
"American Woodcock",2012,0.00605693519079346
"American Woodcock",2013,0.0206185567010309
"American Woodcock",2014,0
"American Woodcock",2015,0
"American Woodcock",2016,0
"American Woodcock",2017,0
"American Woodcock",2018,0
"American Woodcock",2019,0
"American Woodcock",2020,0.00716332378223496
"American Woodcock",2021,0.0122174709835064
"American Woodcock",2022,0
"American Woodcock",2023,0
"American Woodcock",2024,0
"Wilson's Snipe",1999,0.0087070091423596
"Wilson's Snipe",2000,0
"Wilson's Snipe",2001,0
"Wilson's Snipe",2002,0
"Wilson's Snipe",2003,0
"Wilson's Snipe",2004,0
"Wilson's Snipe",2005,0
"Wilson's Snipe",2006,0
"Wilson's Snipe",2007,0
"Wilson's Snipe",2008,0
"Wilson's Snipe",2009,0
"Wilson's Snipe",2010,0
"Wilson's Snipe",2011,0
"Wilson's Snipe",2012,0
"Wilson's Snipe",2013,0
"Wilson's Snipe",2014,0
"Wilson's Snipe",2015,0
"Wilson's Snipe",2016,0
"Wilson's Snipe",2017,0
"Wilson's Snipe",2018,0
"Wilson's Snipe",2019,0
"Wilson's Snipe",2020,0
"Wilson's Snipe",2021,0
"Wilson's Snipe",2022,0
"Wilson's Snipe",2023,0
"Wilson's Snipe",2024,0
"Spotted Sandpiper",1999,0.109965635738832
"Spotted Sandpiper",2000,0.0564516129032258
"Spotted Sandpiper",2001,0.113285272914521
"Spotted Sandpiper",2002,0.156143923964698
"Spotted Sandpiper",2003,0.23489932885906
"Spotted Sandpiper",2004,0.129032258064516
"Spotted Sandpiper",2005,0.12987012987013
"Spotted Sandpiper",2006,0.0573065902578797
"Spotted Sandpiper",2007,0.238240684178375
"Spotted Sandpiper",2008,0.0371287128712871
"Spotted Sandpiper",2009,0.015748031496063
"Spotted Sandpiper",2010,0.276890308839191
"Spotted Sandpiper",2011,0.1875
"Spotted Sandpiper",2012,0.152310924369748
"Spotted Sandpiper",2013,0.0704776820673453
"Spotted Sandpiper",2014,0.0528750826173166
"Spotted Sandpiper",2015,0.0389863547758285
"Spotted Sandpiper",2016,0.174291938997821
"Spotted Sandpiper",2017,0.62987012987013
"Spotted Sandpiper",2018,0.0696560731388768
"Spotted Sandpiper",2019,0.0490463215258856
"Spotted Sandpiper",2020,0.238218539616779
"Spotted Sandpiper",2021,0.145833333333333
"Spotted Sandpiper",2022,0.124444444444444
"Spotted Sandpiper",2023,0.062111801242236
"Spotted Sandpiper",2024,0.133252574197456
"Solitary Sandpiper",1999,0.0716332378223496
"Solitary Sandpiper",2000,0.0427611484422725
"Solitary Sandpiper",2001,0.111386138613861
"Solitary Sandpiper",2002,0.0078740157480315
"Solitary Sandpiper",2003,0.106496272630458
"Solitary Sandpiper",2004,0.135416666666667
"Solitary Sandpiper",2005,0.115546218487395
"Solitary Sandpiper",2006,0.062646828504307
"Solitary Sandpiper",2007,0.185062789160608
"Solitary Sandpiper",2008,0.0194931773879142
"Solitary Sandpiper",2009,0.113289760348584
"Solitary Sandpiper",2010,0.038961038961039
"Solitary Sandpiper",2011,0.130605137135394
"Solitary Sandpiper",2012,0.0217983651226158
"Solitary Sandpiper",2013,0.0414293112377007
"Solitary Sandpiper",2014,0.0208333333333333
"Solitary Sandpiper",2015,0.0355555555555556
"Solitary Sandpiper",2016,0.170807453416149
"Solitary Sandpiper",2017,0.121138703815869
"Solitary Sandpiper",2018,0.0206185567010309
"Solitary Sandpiper",2019,0.0564516129032258
"Solitary Sandpiper",2020,0.267765190525232
"Solitary Sandpiper",2021,0.122199592668024
"Solitary Sandpiper",2022,0.0838926174496644
"Solitary Sandpiper",2023,0.032258064516129
"Solitary Sandpiper",2024,0.162337662337662
"Lesser Yellowlegs",1999,0
"Lesser Yellowlegs",2000,0
"Lesser Yellowlegs",2001,0.0259909031838856
"Lesser Yellowlegs",2002,0
"Lesser Yellowlegs",2003,0
"Lesser Yellowlegs",2004,0
"Lesser Yellowlegs",2005,0.0435967302452316
"Lesser Yellowlegs",2006,0
"Lesser Yellowlegs",2007,0.0138888888888889
"Lesser Yellowlegs",2008,0
"Lesser Yellowlegs",2009,0
"Lesser Yellowlegs",2010,0
"Lesser Yellowlegs",2011,0.00687285223367698
"Lesser Yellowlegs",2012,0.00806451612903226
"Lesser Yellowlegs",2013,0
"Lesser Yellowlegs",2014,0
"Lesser Yellowlegs",2015,0
"Lesser Yellowlegs",2016,0
"Lesser Yellowlegs",2017,0
"Lesser Yellowlegs",2018,0
"Lesser Yellowlegs",2019,0
"Lesser Yellowlegs",2020,0
"Lesser Yellowlegs",2021,0
"Lesser Yellowlegs",2022,0.0106496272630458
"Lesser Yellowlegs",2023,0
"Lesser Yellowlegs",2024,0
"Greater Yellowlegs",1999,0
"Greater Yellowlegs",2000,0
"Greater Yellowlegs",2001,0
"Greater Yellowlegs",2002,0
"Greater Yellowlegs",2003,0
"Greater Yellowlegs",2004,0.00687285223367698
"Greater Yellowlegs",2005,0
"Greater Yellowlegs",2006,0
"Greater Yellowlegs",2007,0
"Greater Yellowlegs",2008,0
"Greater Yellowlegs",2009,0.00806451612903226
"Greater Yellowlegs",2010,0
"Greater Yellowlegs",2011,0.0286532951289398
"Greater Yellowlegs",2012,0
"Greater Yellowlegs",2013,0
"Greater Yellowlegs",2014,0
"Greater Yellowlegs",2015,0
"Greater Yellowlegs",2016,0
"Greater Yellowlegs",2017,0
"Greater Yellowlegs",2018,0
"Greater Yellowlegs",2019,0
"Greater Yellowlegs",2020,0
"Greater Yellowlegs",2021,0
"Greater Yellowlegs",2022,0
"Greater Yellowlegs",2023,0
"Greater Yellowlegs",2024,0
"Bonaparte's Gull",1999,0
"Bonaparte's Gull",2000,0
"Bonaparte's Gull",2001,0
"Bonaparte's Gull",2002,0
"Bonaparte's Gull",2003,0
"Bonaparte's Gull",2004,0
"Bonaparte's Gull",2005,0
"Bonaparte's Gull",2006,0
"Bonaparte's Gull",2007,0
"Bonaparte's Gull",2008,0
"Bonaparte's Gull",2009,0
"Bonaparte's Gull",2010,0
"Bonaparte's Gull",2011,0
"Bonaparte's Gull",2012,0
"Bonaparte's Gull",2013,0
"Bonaparte's Gull",2014,0
"Bonaparte's Gull",2015,0
"Bonaparte's Gull",2016,0
"Bonaparte's Gull",2017,0
"Bonaparte's Gull",2018,0
"Bonaparte's Gull",2019,0
"Bonaparte's Gull",2020,0.0266666666666667
"Bonaparte's Gull",2021,0
"Bonaparte's Gull",2022,0
"Bonaparte's Gull",2023,0
"Bonaparte's Gull",2024,0
"Laughing Gull",1999,0
"Laughing Gull",2000,0
"Laughing Gull",2001,0
"Laughing Gull",2002,0
"Laughing Gull",2003,0
"Laughing Gull",2004,0
"Laughing Gull",2005,0
"Laughing Gull",2006,0
"Laughing Gull",2007,0
"Laughing Gull",2008,0
"Laughing Gull",2009,0
"Laughing Gull",2010,0
"Laughing Gull",2011,0
"Laughing Gull",2012,0
"Laughing Gull",2013,0
"Laughing Gull",2014,0
"Laughing Gull",2015,0
"Laughing Gull",2016,0
"Laughing Gull",2017,0
"Laughing Gull",2018,0
"Laughing Gull",2019,0
"Laughing Gull",2020,0
"Laughing Gull",2021,0
"Laughing Gull",2022,0
"Laughing Gull",2023,0
"Laughing Gull",2024,0
"Ring-billed Gull",1999,0.0519818063677713
"Ring-billed Gull",2000,0
"Ring-billed Gull",2001,0.00649350649350649
"Ring-billed Gull",2002,0.0348280365694384
"Ring-billed Gull",2003,0.141689373297003
"Ring-billed Gull",2004,0.0310719834282755
"Ring-billed Gull",2005,0.284722222222222
"Ring-billed Gull",2006,0.275555555555556
"Ring-billed Gull",2007,0.295031055900621
"Ring-billed Gull",2008,0.351302241066021
"Ring-billed Gull",2009,0.288659793814433
"Ring-billed Gull",2010,0.0161290322580645
"Ring-billed Gull",2011,0
"Ring-billed Gull",2012,0
"Ring-billed Gull",2013,0
"Ring-billed Gull",2014,0.0564516129032258
"Ring-billed Gull",2015,0
"Ring-billed Gull",2016,0.0429799426934097
"Ring-billed Gull",2017,0.0183262064752596
"Ring-billed Gull",2018,0
"Ring-billed Gull",2019,0
"Ring-billed Gull",2020,0.298189563365282
"Ring-billed Gull",2021,0.0208333333333333
"Ring-billed Gull",2022,0
"Ring-billed Gull",2023,0
"Ring-billed Gull",2024,0
"Herring Gull",1999,0
"Herring Gull",2000,0
"Herring Gull",2001,0
"Herring Gull",2002,0
"Herring Gull",2003,0
"Herring Gull",2004,0
"Herring Gull",2005,0
"Herring Gull",2006,0
"Herring Gull",2007,0
"Herring Gull",2008,0
"Herring Gull",2009,0
"Herring Gull",2010,0
"Herring Gull",2011,0
"Herring Gull",2012,0
"Herring Gull",2013,0
"Herring Gull",2014,0
"Herring Gull",2015,0
"Herring Gull",2016,0
"Herring Gull",2017,0
"Herring Gull",2018,0
"Herring Gull",2019,0
"Herring Gull",2020,0
"Herring Gull",2021,0
"Herring Gull",2022,0
"Herring Gull",2023,0
"Herring Gull",2024,0
"Caspian Tern",1999,0
"Caspian Tern",2000,0
"Caspian Tern",2001,0.00541125541125541
"Caspian Tern",2002,0.0143266475644699
"Caspian Tern",2003,0.0122174709835064
"Caspian Tern",2004,0
"Caspian Tern",2005,0
"Caspian Tern",2006,0
"Caspian Tern",2007,0
"Caspian Tern",2008,0
"Caspian Tern",2009,0
"Caspian Tern",2010,0
"Caspian Tern",2011,0
"Caspian Tern",2012,0
"Caspian Tern",2013,0
"Caspian Tern",2014,0
"Caspian Tern",2015,0
"Caspian Tern",2016,0.0103573278094252
"Caspian Tern",2017,0
"Caspian Tern",2018,0
"Caspian Tern",2019,0
"Caspian Tern",2020,0.0181708055723804
"Caspian Tern",2021,0.00687285223367698
"Caspian Tern",2022,0
"Caspian Tern",2023,0
"Caspian Tern",2024,0
"Common Tern",1999,0
"Common Tern",2000,0
"Common Tern",2001,0
"Common Tern",2002,0
"Common Tern",2003,0.00660938532716457
"Common Tern",2004,0
"Common Tern",2005,0
"Common Tern",2006,0
"Common Tern",2007,0
"Common Tern",2008,0
"Common Tern",2009,0
"Common Tern",2010,0
"Common Tern",2011,0
"Common Tern",2012,0
"Common Tern",2013,0
"Common Tern",2014,0
"Common Tern",2015,0
"Common Tern",2016,0.0102986611740474
"Common Tern",2017,0
"Common Tern",2018,0
"Common Tern",2019,0
"Common Tern",2020,0
"Common Tern",2021,0
"Common Tern",2022,0
"Common Tern",2023,0
"Common Tern",2024,0
"Forster's Tern",1999,0
"Forster's Tern",2000,0
"Forster's Tern",2001,0
"Forster's Tern",2002,0.0103573278094252
"Forster's Tern",2003,0
"Forster's Tern",2004,0
"Forster's Tern",2005,0
"Forster's Tern",2006,0
"Forster's Tern",2007,0.0274914089347079
"Forster's Tern",2008,0
"Forster's Tern",2009,0
"Forster's Tern",2010,0
"Forster's Tern",2011,0
"Forster's Tern",2012,0
"Forster's Tern",2013,0
"Forster's Tern",2014,0
"Forster's Tern",2015,0
"Forster's Tern",2016,0.0185643564356436
"Forster's Tern",2017,0
"Forster's Tern",2018,0
"Forster's Tern",2019,0
"Forster's Tern",2020,0
"Forster's Tern",2021,0
"Forster's Tern",2022,0
"Forster's Tern",2023,0
"Forster's Tern",2024,0
"Common Loon",1999,0
"Common Loon",2000,0
"Common Loon",2001,0.0241935483870968
"Common Loon",2002,0
"Common Loon",2003,0.00678886625933469
"Common Loon",2004,0
"Common Loon",2005,0
"Common Loon",2006,0
"Common Loon",2007,0.0143266475644699
"Common Loon",2008,0
"Common Loon",2009,0
"Common Loon",2010,0
"Common Loon",2011,0
"Common Loon",2012,0
"Common Loon",2013,0.00525210084033613
"Common Loon",2014,0
"Common Loon",2015,0
"Common Loon",2016,0
"Common Loon",2017,0
"Common Loon",2018,0
"Common Loon",2019,0
"Common Loon",2020,0
"Common Loon",2021,0
"Common Loon",2022,0
"Common Loon",2023,0
"Common Loon",2024,0.0077639751552795
"Double-crested Cormorant",1999,0.844155844155844
"Double-crested Cormorant",2000,0.429799426934097
"Double-crested Cormorant",2001,0.47648136835675
"Double-crested Cormorant",2002,0.823019801980198
"Double-crested Cormorant",2003,5.51181102362205
"Double-crested Cormorant",2004,1.06496272630458
"Double-crested Cormorant",2005,1.35416666666667
"Double-crested Cormorant",2006,0.735294117647059
"Double-crested Cormorant",2007,1.05716523101018
"Double-crested Cormorant",2008,1.91672174487773
"Double-crested Cormorant",2009,1.11760883690708
"Double-crested Cormorant",2010,1.02832244008715
"Double-crested Cormorant",2011,0.331168831168831
"Double-crested Cormorant",2012,0.600783630822812
"Double-crested Cormorant",2013,0.899182561307902
"Double-crested Cormorant",2014,0.248575867426204
"Double-crested Cormorant",2015,0.618055555555556
"Double-crested Cormorant",2016,1.44
"Double-crested Cormorant",2017,0.551242236024845
"Double-crested Cormorant",2018,0.193821926105391
"Double-crested Cormorant",2019,0.288659793814433
"Double-crested Cormorant",2020,3.01612903225806
"Double-crested Cormorant",2021,3.29557157569516
"Double-crested Cormorant",2022,0.305498981670061
"Double-crested Cormorant",2023,0.61241610738255
"Double-crested Cormorant",2024,0.129032258064516
"Anhinga",1999,0
"Anhinga",2000,0.00783085356303837
"Anhinga",2001,0
"Anhinga",2002,0
"Anhinga",2003,0
"Anhinga",2004,0
"Anhinga",2005,0
"Anhinga",2006,0
"Anhinga",2007,0
"Anhinga",2008,0
"Anhinga",2009,0
"Anhinga",2010,0
"Anhinga",2011,0
"Anhinga",2012,0
"Anhinga",2013,0
"Anhinga",2014,0
"Anhinga",2015,0
"Anhinga",2016,0
"Anhinga",2017,0
"Anhinga",2018,0
"Anhinga",2019,0
"Anhinga",2020,0
"Anhinga",2021,0
"Anhinga",2022,0.0078740157480315
"Anhinga",2023,0
"Anhinga",2024,0.0104166666666667
"American Bittern",1999,0
"American Bittern",2000,0
"American Bittern",2001,0
"American Bittern",2002,0
"American Bittern",2003,0
"American Bittern",2004,0
"American Bittern",2005,0
"American Bittern",2006,0
"American Bittern",2007,0
"American Bittern",2008,0
"American Bittern",2009,0.00838926174496644
"American Bittern",2010,0
"American Bittern",2011,0
"American Bittern",2012,0
"American Bittern",2013,0
"American Bittern",2014,0
"American Bittern",2015,0
"American Bittern",2016,0
"American Bittern",2017,0
"American Bittern",2018,0
"American Bittern",2019,0
"American Bittern",2020,0
"American Bittern",2021,0
"American Bittern",2022,0
"American Bittern",2023,0
"American Bittern",2024,0
"Great Blue Heron",1999,0.185483870967742
"Great Blue Heron",2000,0.895983522142121
"Great Blue Heron",2001,0.936863543788187
"Great Blue Heron",2002,2.03859060402685
"Great Blue Heron",2003,1.00806451612903
"Great Blue Heron",2004,0.811688311688312
"Great Blue Heron",2005,0.79512893982808
"Great Blue Heron",2006,1.09957238851558
"Great Blue Heron",2007,1.42326732673267
"Great Blue Heron",2008,1.78740157480315
"Great Blue Heron",2009,2.0234291799787
"Great Blue Heron",2010,0.875
"Great Blue Heron",2011,0.446428571428571
"Great Blue Heron",2012,1.2451057165231
"Great Blue Heron",2013,0.270984798413748
"Great Blue Heron",2014,0.519818063677713
"Great Blue Heron",2015,0.906318082788671
"Great Blue Heron",2016,0.75974025974026
"Great Blue Heron",2017,1.13191118850675
"Great Blue Heron",2018,0.485013623978202
"Great Blue Heron",2019,0.673226307612636
"Great Blue Heron",2020,0.881944444444444
"Great Blue Heron",2021,1.02222222222222
"Great Blue Heron",2022,0.419254658385093
"Great Blue Heron",2023,0.484554815263477
"Great Blue Heron",2024,0.563573883161512
"Great Egret",1999,0
"Great Egret",2000,0
"Great Egret",2001,0.0236220472440945
"Great Egret",2002,0.106496272630458
"Great Egret",2003,0.0104166666666667
"Great Egret",2004,0.00525210084033613
"Great Egret",2005,0.0548159749412686
"Great Egret",2006,0.00660938532716457
"Great Egret",2007,0.0649772579597141
"Great Egret",2008,0.00871459694989107
"Great Egret",2009,0.012987012987013
"Great Egret",2010,0
"Great Egret",2011,0
"Great Egret",2012,0.103573278094252
"Great Egret",2013,0.00694444444444444
"Great Egret",2014,0
"Great Egret",2015,0
"Great Egret",2016,0
"Great Egret",2017,0.0206185567010309
"Great Egret",2018,0.00806451612903226
"Great Egret",2019,0.0102986611740474
"Great Egret",2020,0.00678886625933469
"Great Egret",2021,0
"Great Egret",2022,0
"Great Egret",2023,0.0108225108225108
"Great Egret",2024,0.0501432664756447
"Snowy Egret",1999,0
"Snowy Egret",2000,0
"Snowy Egret",2001,0
"Snowy Egret",2002,0
"Snowy Egret",2003,0
"Snowy Egret",2004,0
"Snowy Egret",2005,0
"Snowy Egret",2006,0
"Snowy Egret",2007,0.0177777777777778
"Snowy Egret",2008,0
"Snowy Egret",2009,0
"Snowy Egret",2010,0
"Snowy Egret",2011,0
"Snowy Egret",2012,0
"Snowy Egret",2013,0
"Snowy Egret",2014,0
"Snowy Egret",2015,0
"Snowy Egret",2016,0
"Snowy Egret",2017,0
"Snowy Egret",2018,0
"Snowy Egret",2019,0
"Snowy Egret",2020,0
"Snowy Egret",2021,0
"Snowy Egret",2022,0
"Snowy Egret",2023,0
"Snowy Egret",2024,0
"Little Blue Heron",1999,0
"Little Blue Heron",2000,0
"Little Blue Heron",2001,0
"Little Blue Heron",2002,0
"Little Blue Heron",2003,0
"Little Blue Heron",2004,0
"Little Blue Heron",2005,0.0102986611740474
"Little Blue Heron",2006,0
"Little Blue Heron",2007,0.00838926174496644
"Little Blue Heron",2008,0
"Little Blue Heron",2009,0
"Little Blue Heron",2010,0
"Little Blue Heron",2011,0
"Little Blue Heron",2012,0
"Little Blue Heron",2013,0
"Little Blue Heron",2014,0
"Little Blue Heron",2015,0
"Little Blue Heron",2016,0
"Little Blue Heron",2017,0
"Little Blue Heron",2018,0
"Little Blue Heron",2019,0
"Little Blue Heron",2020,0
"Little Blue Heron",2021,0
"Little Blue Heron",2022,0
"Little Blue Heron",2023,0
"Little Blue Heron",2024,0
"Tricolored Heron",1999,0.00678886625933469
"Tricolored Heron",2000,0
"Tricolored Heron",2001,0
"Tricolored Heron",2002,0
"Tricolored Heron",2003,0
"Tricolored Heron",2004,0
"Tricolored Heron",2005,0
"Tricolored Heron",2006,0
"Tricolored Heron",2007,0
"Tricolored Heron",2008,0
"Tricolored Heron",2009,0
"Tricolored Heron",2010,0
"Tricolored Heron",2011,0
"Tricolored Heron",2012,0
"Tricolored Heron",2013,0
"Tricolored Heron",2014,0
"Tricolored Heron",2015,0
"Tricolored Heron",2016,0
"Tricolored Heron",2017,0
"Tricolored Heron",2018,0
"Tricolored Heron",2019,0
"Tricolored Heron",2020,0
"Tricolored Heron",2021,0
"Tricolored Heron",2022,0
"Tricolored Heron",2023,0
"Tricolored Heron",2024,0
"Cattle Egret",1999,0
"Cattle Egret",2000,0
"Cattle Egret",2001,0
"Cattle Egret",2002,0
"Cattle Egret",2003,0
"Cattle Egret",2004,0
"Cattle Egret",2005,0
"Cattle Egret",2006,0
"Cattle Egret",2007,0
"Cattle Egret",2008,0
"Cattle Egret",2009,0
"Cattle Egret",2010,0
"Cattle Egret",2011,0
"Cattle Egret",2012,0
"Cattle Egret",2013,0
"Cattle Egret",2014,0
"Cattle Egret",2015,0
"Cattle Egret",2016,0
"Cattle Egret",2017,0
"Cattle Egret",2018,0
"Cattle Egret",2019,0
"Cattle Egret",2020,0
"Cattle Egret",2021,0
"Cattle Egret",2022,0
"Cattle Egret",2023,0
"Cattle Egret",2024,0
"Green Heron",1999,0.0958605664488017
"Green Heron",2000,0.0844155844155844
"Green Heron",2001,0.0522420548541576
"Green Heron",2002,0.0871934604904632
"Green Heron",2003,0.0725012946659762
"Green Heron",2004,0.104166666666667
"Green Heron",2005,0.0711111111111111
"Green Heron",2006,0.0854037267080745
"Green Heron",2007,0.0242277407631738
"Green Heron",2008,0.0756013745704467
"Green Heron",2009,0.0806451612903226
"Green Heron",2010,0.113285272914521
"Green Heron",2011,0.108621860149355
"Green Heron",2012,0.11744966442953
"Green Heron",2013,0.0161290322580645
"Green Heron",2014,0.0432900432900433
"Green Heron",2015,0.0501432664756447
"Green Heron",2016,0.0366524129505192
"Green Heron",2017,0.0556930693069307
"Green Heron",2018,0.0866141732283465
"Green Heron",2019,0.053248136315229
"Green Heron",2020,0.09375
"Green Heron",2021,0.0892857142857143
"Green Heron",2022,0.133124510571652
"Green Heron",2023,0.0198281559814937
"Green Heron",2024,0.0649772579597141
"Black-crowned Night-Heron",1999,0
"Black-crowned Night-Heron",2000,0
"Black-crowned Night-Heron",2001,0
"Black-crowned Night-Heron",2002,0
"Black-crowned Night-Heron",2003,0
"Black-crowned Night-Heron",2004,0
"Black-crowned Night-Heron",2005,0.00838926174496644
"Black-crowned Night-Heron",2006,0
"Black-crowned Night-Heron",2007,0.00541125541125541
"Black-crowned Night-Heron",2008,0
"Black-crowned Night-Heron",2009,0
"Black-crowned Night-Heron",2010,0
"Black-crowned Night-Heron",2011,0
"Black-crowned Night-Heron",2012,0
"Black-crowned Night-Heron",2013,0
"Black-crowned Night-Heron",2014,0
"Black-crowned Night-Heron",2015,0
"Black-crowned Night-Heron",2016,0
"Black-crowned Night-Heron",2017,0
"Black-crowned Night-Heron",2018,0
"Black-crowned Night-Heron",2019,0
"Black-crowned Night-Heron",2020,0
"Black-crowned Night-Heron",2021,0
"Black-crowned Night-Heron",2022,0
"Black-crowned Night-Heron",2023,0
"Black-crowned Night-Heron",2024,0
"Yellow-crowned Night-Heron",1999,0
"Yellow-crowned Night-Heron",2000,0
"Yellow-crowned Night-Heron",2001,0
"Yellow-crowned Night-Heron",2002,0
"Yellow-crowned Night-Heron",2003,0
"Yellow-crowned Night-Heron",2004,0
"Yellow-crowned Night-Heron",2005,0.0106496272630458
"Yellow-crowned Night-Heron",2006,0.0104166666666667
"Yellow-crowned Night-Heron",2007,0
"Yellow-crowned Night-Heron",2008,0.0548159749412686
"Yellow-crowned Night-Heron",2009,0.0132187706543291
"Yellow-crowned Night-Heron",2010,0.0389863547758285
"Yellow-crowned Night-Heron",2011,0.0958605664488017
"Yellow-crowned Night-Heron",2012,0.0649350649350649
"Yellow-crowned Night-Heron",2013,0.0348280365694384
"Yellow-crowned Night-Heron",2014,0.0108991825613079
"Yellow-crowned Night-Heron",2015,0.0103573278094252
"Yellow-crowned Night-Heron",2016,0.0555555555555556
"Yellow-crowned Night-Heron",2017,0.0355555555555556
"Yellow-crowned Night-Heron",2018,0.0232919254658385
"Yellow-crowned Night-Heron",2019,0.00605693519079346
"Yellow-crowned Night-Heron",2020,0.0206185567010309
"Yellow-crowned Night-Heron",2021,0
"Yellow-crowned Night-Heron",2022,0
"Yellow-crowned Night-Heron",2023,0.0203665987780041
"Yellow-crowned Night-Heron",2024,0.0671140939597315
"White Ibis",1999,0
"White Ibis",2000,0
"White Ibis",2001,0
"White Ibis",2002,0
"White Ibis",2003,0
"White Ibis",2004,0
"White Ibis",2005,0
"White Ibis",2006,0
"White Ibis",2007,0
"White Ibis",2008,0
"White Ibis",2009,0
"White Ibis",2010,0
"White Ibis",2011,0
"White Ibis",2012,0
"White Ibis",2013,0
"White Ibis",2014,0
"White Ibis",2015,0
"White Ibis",2016,0
"White Ibis",2017,0
"White Ibis",2018,0
"White Ibis",2019,0
"White Ibis",2020,0
"White Ibis",2021,0
"White Ibis",2022,0
"White Ibis",2023,0
"White Ibis",2024,0
"GLOSSY IBIS",1999,0
"GLOSSY IBIS",2000,0
"GLOSSY IBIS",2001,0
"GLOSSY IBIS",2002,0
"GLOSSY IBIS",2003,0
"GLOSSY IBIS",2004,0
"GLOSSY IBIS",2005,0
"GLOSSY IBIS",2006,0
"GLOSSY IBIS",2007,0
"GLOSSY IBIS",2008,0
"GLOSSY IBIS",2009,0
"GLOSSY IBIS",2010,0
"GLOSSY IBIS",2011,0
"GLOSSY IBIS",2012,0
"GLOSSY IBIS",2013,0
"GLOSSY IBIS",2014,0
"GLOSSY IBIS",2015,0
"GLOSSY IBIS",2016,0
"GLOSSY IBIS",2017,0
"GLOSSY IBIS",2018,0
"GLOSSY IBIS",2019,0
"GLOSSY IBIS",2020,0.00783085356303837
"GLOSSY IBIS",2021,0
"GLOSSY IBIS",2022,0
"GLOSSY IBIS",2023,0
"GLOSSY IBIS",2024,0
"Black Vulture",1999,0.178694158075601
"Black Vulture",2000,0.330645161290323
"Black Vulture",2001,0.545829042224511
"Black Vulture",2002,0.291921249151392
"Black Vulture",2003,0.738255033557047
"Black Vulture",2004,0.241935483870968
"Black Vulture",2005,0.357142857142857
"Black Vulture",2006,0.293696275071633
"Black Vulture",2007,0.189370800244349
"Black Vulture",2008,0.501237623762376
"Black Vulture",2009,0.409448818897638
"Black Vulture",2010,0.362087326943557
"Black Vulture",2011,0.65625
"Black Vulture",2012,0.435924369747899
"Black Vulture",2013,0.360219263899765
"Black Vulture",2014,0.23132848645076
"Black Vulture",2015,0.318388564002599
"Black Vulture",2016,1.04575163398693
"Black Vulture",2017,0.461038961038961
"Black Vulture",2018,0.42664344797562
"Black Vulture",2019,0.44141689373297
"Black Vulture",2020,2.18539616778871
"Black Vulture",2021,1
"Black Vulture",2022,0.551111111111111
"Black Vulture",2023,0.566770186335404
"Black Vulture",2024,0.0969109630526953
"Turkey Vulture",1999,0.938395415472779
"Turkey Vulture",2000,0.916310323762981
"Turkey Vulture",2001,0.754950495049505
"Turkey Vulture",2002,1.36220472440945
"Turkey Vulture",2003,1.67199148029819
"Turkey Vulture",2004,1.58333333333333
"Turkey Vulture",2005,0.940126050420168
"Turkey Vulture",2006,1.20595144870791
"Turkey Vulture",2007,0.323859881031064
"Turkey Vulture",2008,0.818713450292398
"Turkey Vulture",2009,1.13289760348584
"Turkey Vulture",2010,0.538961038961039
"Turkey Vulture",2011,0.783630822812364
"Turkey Vulture",2012,0.801089918256131
"Turkey Vulture",2013,0.704298291040911
"Turkey Vulture",2014,0.534722222222222
"Turkey Vulture",2015,1.02222222222222
"Turkey Vulture",2016,1.06366459627329
"Turkey Vulture",2017,0.720775287704422
"Turkey Vulture",2018,0.419243986254296
"Turkey Vulture",2019,0.709677419354839
"Turkey Vulture",2020,2.05973223480947
"Turkey Vulture",2021,0.98438560760353
"Turkey Vulture",2022,0.830536912751678
"Turkey Vulture",2023,1.04032258064516
"Turkey Vulture",2024,0.286796536796537
"Osprey",1999,0.0391542678151919
"Osprey",2000,0.046265697290152
"Osprey",2001,0.0519818063677713
"Osprey",2002,0.0958605664488017
"Osprey",2003,0.051948051948052
"Osprey",2004,0.087070091423596
"Osprey",2005,0.136239782016349
"Osprey",2006,0.145002589331952
"Osprey",2007,0.0763888888888889
"Osprey",2008,0.106666666666667
"Osprey",2009,0.093167701863354
"Osprey",2010,0.0969109630526953
"Osprey",2011,0.0756013745704467
"Osprey",2012,0.129032258064516
"Osprey",2013,0.0617919670442842
"Osprey",2014,0.0271554650373388
"Osprey",2015,0.176174496644295
"Osprey",2016,0.241935483870968
"Osprey",2017,0.0974025974025974
"Osprey",2018,0.100286532951289
"Osprey",2019,0.134392180818571
"Osprey",2020,0.173267326732673
"Osprey",2021,0.196850393700787
"Osprey",2022,0.149094781682641
"Osprey",2023,0.15625
"Osprey",2024,0.0577731092436975
"Swallow-tailed Kite",1999,0
"Swallow-tailed Kite",2000,0
"Swallow-tailed Kite",2001,0
"Swallow-tailed Kite",2002,0
"Swallow-tailed Kite",2003,0
"Swallow-tailed Kite",2004,0
"Swallow-tailed Kite",2005,0
"Swallow-tailed Kite",2006,0
"Swallow-tailed Kite",2007,0
"Swallow-tailed Kite",2008,0
"Swallow-tailed Kite",2009,0
"Swallow-tailed Kite",2010,0
"Swallow-tailed Kite",2011,0
"Swallow-tailed Kite",2012,0
"Swallow-tailed Kite",2013,0
"Swallow-tailed Kite",2014,0
"Swallow-tailed Kite",2015,0
"Swallow-tailed Kite",2016,0
"Swallow-tailed Kite",2017,0
"Swallow-tailed Kite",2018,0
"Swallow-tailed Kite",2019,0
"Swallow-tailed Kite",2020,0.00649772579597141
"Swallow-tailed Kite",2021,0
"Swallow-tailed Kite",2022,0
"Swallow-tailed Kite",2023,0
"Swallow-tailed Kite",2024,0.00544959128065395
"Northern Harrier",1999,0
"Northern Harrier",2000,0
"Northern Harrier",2001,0
"Northern Harrier",2002,0
"Northern Harrier",2003,0
"Northern Harrier",2004,0
"Northern Harrier",2005,0
"Northern Harrier",2006,0
"Northern Harrier",2007,0.0078740157480315
"Northern Harrier",2008,0
"Northern Harrier",2009,0
"Northern Harrier",2010,0
"Northern Harrier",2011,0
"Northern Harrier",2012,0.0132187706543291
"Northern Harrier",2013,0
"Northern Harrier",2014,0
"Northern Harrier",2015,0
"Northern Harrier",2016,0
"Northern Harrier",2017,0
"Northern Harrier",2018,0
"Northern Harrier",2019,0
"Northern Harrier",2020,0
"Northern Harrier",2021,0
"Northern Harrier",2022,0
"Northern Harrier",2023,0
"Northern Harrier",2024,0
"Sharp-shinned Hawk",1999,0.0247524752475248
"Sharp-shinned Hawk",2000,0.015748031496063
"Sharp-shinned Hawk",2001,0.0212992545260916
"Sharp-shinned Hawk",2002,0.0416666666666667
"Sharp-shinned Hawk",2003,0.0210084033613445
"Sharp-shinned Hawk",2004,0
"Sharp-shinned Hawk",2005,0.00660938532716457
"Sharp-shinned Hawk",2006,0.0194931773879142
"Sharp-shinned Hawk",2007,0
"Sharp-shinned Hawk",2008,0.00649350649350649
"Sharp-shinned Hawk",2009,0
"Sharp-shinned Hawk",2010,0.00544959128065395
"Sharp-shinned Hawk",2011,0
"Sharp-shinned Hawk",2012,0.00694444444444444
"Sharp-shinned Hawk",2013,0.0355555555555556
"Sharp-shinned Hawk",2014,0.0232919254658385
"Sharp-shinned Hawk",2015,0.00605693519079346
"Sharp-shinned Hawk",2016,0
"Sharp-shinned Hawk",2017,0
"Sharp-shinned Hawk",2018,0
"Sharp-shinned Hawk",2019,0.00678886625933469
"Sharp-shinned Hawk",2020,0.0167785234899329
"Sharp-shinned Hawk",2021,0
"Sharp-shinned Hawk",2022,0.00541125541125541
"Sharp-shinned Hawk",2023,0
"Sharp-shinned Hawk",2024,0.00610873549175321
"Cooper's Hawk",1999,0.032488628979857
"Cooper's Hawk",2000,0.00871459694989107
"Cooper's Hawk",2001,0.0194805194805195
"Cooper's Hawk",2002,0.0348280365694384
"Cooper's Hawk",2003,0.0163487738419619
"Cooper's Hawk",2004,0.0207146556188503
"Cooper's Hawk",2005,0.0208333333333333
"Cooper's Hawk",2006,0.0177777777777778
"Cooper's Hawk",2007,0.015527950310559
"Cooper's Hawk",2008,0.0242277407631738
"Cooper's Hawk",2009,0.0274914089347079
"Cooper's Hawk",2010,0.032258064516129
"Cooper's Hawk",2011,0.0205973223480947
"Cooper's Hawk",2012,0.0407331975560081
"Cooper's Hawk",2013,0.0419463087248322
"Cooper's Hawk",2014,0.0403225806451613
"Cooper's Hawk",2015,0.0108225108225108
"Cooper's Hawk",2016,0.0644699140401146
"Cooper's Hawk",2017,0.0122174709835064
"Cooper's Hawk",2018,0.00618811881188119
"Cooper's Hawk",2019,0.015748031496063
"Cooper's Hawk",2020,0.0319488817891374
"Cooper's Hawk",2021,0.0520833333333333
"Cooper's Hawk",2022,0.0315126050420168
"Cooper's Hawk",2023,0.0313234142521535
"Cooper's Hawk",2024,0.00660938532716457
"Bald Eagle",1999,0.0977777777777778
"Bald Eagle",2000,0.15527950310559
"Bald Eagle",2001,0.127195639006663
"Bald Eagle",2002,0.0756013745704467
"Bald Eagle",2003,0.201612903225806
"Bald Eagle",2004,0.113285272914521
"Bald Eagle",2005,0.162932790224033
"Bald Eagle",2006,0.209731543624161
"Bald Eagle",2007,0.217741935483871
"Bald Eagle",2008,0.135281385281385
"Bald Eagle",2009,0.386819484240688
"Bald Eagle",2010,0.226023213194869
"Bald Eagle",2011,0.0495049504950495
"Bald Eagle",2012,0.102362204724409
"Bald Eagle",2013,0.0638977635782748
"Bald Eagle",2014,0.21875
"Bald Eagle",2015,0.152310924369748
"Bald Eagle",2016,0.313234142521535
"Bald Eagle",2017,0.171844018506279
"Bald Eagle",2018,0.0909681611435997
"Bald Eagle",2019,0.0958605664488017
"Bald Eagle",2020,0.123376623376623
"Bald Eagle",2021,0.20896821941663
"Bald Eagle",2022,0.114441416893733
"Bald Eagle",2023,0.165717244950803
"Bald Eagle",2024,0.0902777777777778
"Mississippi Kite",1999,0
"Mississippi Kite",2000,0
"Mississippi Kite",2001,0
"Mississippi Kite",2002,0
"Mississippi Kite",2003,0
"Mississippi Kite",2004,0
"Mississippi Kite",2005,0
"Mississippi Kite",2006,0
"Mississippi Kite",2007,0
"Mississippi Kite",2008,0
"Mississippi Kite",2009,0
"Mississippi Kite",2010,0
"Mississippi Kite",2011,0
"Mississippi Kite",2012,0
"Mississippi Kite",2013,0
"Mississippi Kite",2014,0
"Mississippi Kite",2015,0.0108991825613079
"Mississippi Kite",2016,0
"Mississippi Kite",2017,0
"Mississippi Kite",2018,0
"Mississippi Kite",2019,0
"Mississippi Kite",2020,0.00605693519079346
"Mississippi Kite",2021,0
"Mississippi Kite",2022,0
"Mississippi Kite",2023,0.0102986611740474
"Mississippi Kite",2024,0
"Red-shouldered Hawk",1999,0.276890308839191
"Red-shouldered Hawk",2000,0.447916666666667
"Red-shouldered Hawk",2001,0.16281512605042
"Red-shouldered Hawk",2002,0.33672670321065
"Red-shouldered Hawk",2003,0.277594183740912
"Red-shouldered Hawk",2004,0.123456790123457
"Red-shouldered Hawk",2005,0.435729847494553
"Red-shouldered Hawk",2006,0.214285714285714
"Red-shouldered Hawk",2007,0.191554201131911
"Red-shouldered Hawk",2008,0.136239782016349
"Red-shouldered Hawk",2009,0.196789228379078
"Red-shouldered Hawk",2010,0.104166666666667
"Red-shouldered Hawk",2011,0.373333333333333
"Red-shouldered Hawk",2012,0.225155279503106
"Red-shouldered Hawk",2013,0.236220472440945
"Red-shouldered Hawk",2014,0.199312714776632
"Red-shouldered Hawk",2015,0.338709677419355
"Red-shouldered Hawk",2016,0.370751802265705
"Red-shouldered Hawk",2017,0.251188051595384
"Red-shouldered Hawk",2018,0.276845637583893
"Red-shouldered Hawk",2019,0.241935483870968
"Red-shouldered Hawk",2020,0.227272727272727
"Red-shouldered Hawk",2021,0.515759312320917
"Red-shouldered Hawk",2022,0.372632864996946
"Red-shouldered Hawk",2023,0.185643564356436
"Red-shouldered Hawk",2024,0.181102362204724
"Broad-winged Hawk",1999,0.012987012987013
"Broad-winged Hawk",2000,0.0174140182847192
"Broad-winged Hawk",2001,0
"Broad-winged Hawk",2002,0.0103573278094252
"Broad-winged Hawk",2003,0
"Broad-winged Hawk",2004,0.00888888888888889
"Broad-winged Hawk",2005,0.0543478260869565
"Broad-winged Hawk",2006,0.00605693519079346
"Broad-winged Hawk",2007,0
"Broad-winged Hawk",2008,0.032258064516129
"Broad-winged Hawk",2009,0.0411946446961895
"Broad-winged Hawk",2010,0
"Broad-winged Hawk",2011,0.00838926174496644
"Broad-winged Hawk",2012,0.0161290322580645
"Broad-winged Hawk",2013,0.00541125541125541
"Broad-winged Hawk",2014,0.0286532951289398
"Broad-winged Hawk",2015,0
"Broad-winged Hawk",2016,0.00618811881188119
"Broad-winged Hawk",2017,0
"Broad-winged Hawk",2018,0
"Broad-winged Hawk",2019,0
"Broad-winged Hawk",2020,0.0105042016806723
"Broad-winged Hawk",2021,0.0156617071260767
"Broad-winged Hawk",2022,0.00660938532716457
"Broad-winged Hawk",2023,0.00649772579597141
"Broad-winged Hawk",2024,0
"Red-tailed Hawk",1999,0.205935796486978
"Red-tailed Hawk",2000,0.185567010309278
"Red-tailed Hawk",2001,0.338709677419355
"Red-tailed Hawk",2002,0.319258496395468
"Red-tailed Hawk",2003,0.156143923964698
"Red-tailed Hawk",2004,0.0922818791946309
"Red-tailed Hawk",2005,0.330645161290323
"Red-tailed Hawk",2006,0.20021645021645
"Red-tailed Hawk",2007,0.0931232091690544
"Red-tailed Hawk",2008,0.140500916310324
"Red-tailed Hawk",2009,0.129950495049505
"Red-tailed Hawk",2010,0.141732283464567
"Red-tailed Hawk",2011,0.223642172523962
"Red-tailed Hawk",2012,0.28125
"Red-tailed Hawk",2013,0.0840336134453781
"Red-tailed Hawk",2014,0.133124510571652
"Red-tailed Hawk",2015,0.092531394580304
"Red-tailed Hawk",2016,0.233918128654971
"Red-tailed Hawk",2017,0.191721132897603
"Red-tailed Hawk",2018,0.0779220779220779
"Red-tailed Hawk",2019,0.121898127993034
"Red-tailed Hawk",2020,0.108991825613079
"Red-tailed Hawk",2021,0.186431900569653
"Red-tailed Hawk",2022,0.145833333333333
"Red-tailed Hawk",2023,0.0622222222222222
"Red-tailed Hawk",2024,0.046583850931677
"Rough-legged Hawk",1999,0
"Rough-legged Hawk",2000,0
"Rough-legged Hawk",2001,0
"Rough-legged Hawk",2002,0
"Rough-legged Hawk",2003,0
"Rough-legged Hawk",2004,0
"Rough-legged Hawk",2005,0
"Rough-legged Hawk",2006,0
"Rough-legged Hawk",2007,0
"Rough-legged Hawk",2008,0
"Rough-legged Hawk",2009,0
"Rough-legged Hawk",2010,0
"Rough-legged Hawk",2011,0
"Rough-legged Hawk",2012,0
"Rough-legged Hawk",2013,0
"Rough-legged Hawk",2014,0
"Rough-legged Hawk",2015,0
"Rough-legged Hawk",2016,0
"Rough-legged Hawk",2017,0
"Rough-legged Hawk",2018,0
"Rough-legged Hawk",2019,0
"Rough-legged Hawk",2020,0
"Rough-legged Hawk",2021,0
"Rough-legged Hawk",2022,0
"Rough-legged Hawk",2023,0
"Rough-legged Hawk",2024,0
"Barn Owl",1999,0
"Barn Owl",2000,0
"Barn Owl",2001,0
"Barn Owl",2002,0
"Barn Owl",2003,0
"Barn Owl",2004,0
"Barn Owl",2005,0
"Barn Owl",2006,0
"Barn Owl",2007,0
"Barn Owl",2008,0
"Barn Owl",2009,0
"Barn Owl",2010,0
"Barn Owl",2011,0
"Barn Owl",2012,0
"Barn Owl",2013,0
"Barn Owl",2014,0
"Barn Owl",2015,0
"Barn Owl",2016,0
"Barn Owl",2017,0
"Barn Owl",2018,0
"Barn Owl",2019,0
"Barn Owl",2020,0
"Barn Owl",2021,0
"Barn Owl",2022,0
"Barn Owl",2023,0
"Barn Owl",2024,0
"Eastern Screech-Owl",1999,0
"Eastern Screech-Owl",2000,0.0207146556188503
"Eastern Screech-Owl",2001,0
"Eastern Screech-Owl",2002,0.0355555555555556
"Eastern Screech-Owl",2003,0
"Eastern Screech-Owl",2004,0
"Eastern Screech-Owl",2005,0.00687285223367698
"Eastern Screech-Owl",2006,0
"Eastern Screech-Owl",2007,0
"Eastern Screech-Owl",2008,0.00678886625933469
"Eastern Screech-Owl",2009,0
"Eastern Screech-Owl",2010,0
"Eastern Screech-Owl",2011,0
"Eastern Screech-Owl",2012,0.00716332378223496
"Eastern Screech-Owl",2013,0
"Eastern Screech-Owl",2014,0
"Eastern Screech-Owl",2015,0
"Eastern Screech-Owl",2016,0.0106496272630458
"Eastern Screech-Owl",2017,0.0104166666666667
"Eastern Screech-Owl",2018,0
"Eastern Screech-Owl",2019,0
"Eastern Screech-Owl",2020,0.0132187706543291
"Eastern Screech-Owl",2021,0.00649772579597141
"Eastern Screech-Owl",2022,0.00871459694989107
"Eastern Screech-Owl",2023,0.00649350649350649
"Eastern Screech-Owl",2024,0
"Great Horned Owl",1999,0
"Great Horned Owl",2000,0.0308959835221421
"Great Horned Owl",2001,0.00678886625933469
"Great Horned Owl",2002,0.0587248322147651
"Great Horned Owl",2003,0.0403225806451613
"Great Horned Owl",2004,0.0216450216450216
"Great Horned Owl",2005,0
"Great Horned Owl",2006,0.0183262064752596
"Great Horned Owl",2007,0
"Great Horned Owl",2008,0.0236220472440945
"Great Horned Owl",2009,0.0212992545260916
"Great Horned Owl",2010,0.0104166666666667
"Great Horned Owl",2011,0.00525210084033613
"Great Horned Owl",2012,0.00783085356303837
"Great Horned Owl",2013,0.00660938532716457
"Great Horned Owl",2014,0
"Great Horned Owl",2015,0.0348583877995643
"Great Horned Owl",2016,0.012987012987013
"Great Horned Owl",2017,0
"Great Horned Owl",2018,0.00544959128065395
"Great Horned Owl",2019,0.0103573278094252
"Great Horned Owl",2020,0.0138888888888889
"Great Horned Owl",2021,0.0444444444444444
"Great Horned Owl",2022,0
"Great Horned Owl",2023,0.00605693519079346
"Great Horned Owl",2024,0
"Barred Owl",1999,0.0122174709835064
"Barred Owl",2000,0.099009900990099
"Barred Owl",2001,0.031496062992126
"Barred Owl",2002,0.181043663471778
"Barred Owl",2003,0.239583333333333
"Barred Owl",2004,0.0472689075630252
"Barred Owl",2005,0.133124510571652
"Barred Owl",2006,0.092531394580304
"Barred Owl",2007,0.129954515919428
"Barred Owl",2008,0.174291938997821
"Barred Owl",2009,0.0909090909090909
"Barred Owl",2010,0.113191118850675
"Barred Owl",2011,0.0435967302452316
"Barred Owl",2012,0.165717244950803
"Barred Owl",2013,0.111111111111111
"Barred Owl",2014,0.151111111111111
"Barred Owl",2015,0.178571428571429
"Barred Owl",2016,0.078740157480315
"Barred Owl",2017,0.0962199312714777
"Barred Owl",2018,0.104838709677419
"Barred Owl",2019,0.123583934088568
"Barred Owl",2020,0.298710115410726
"Barred Owl",2021,0.427852348993289
"Barred Owl",2022,0.193548387096774
"Barred Owl",2023,0.146103896103896
"Barred Owl",2024,0.0931232091690544
"Belted Kingfisher",1999,0.0660938532716457
"Belted Kingfisher",2000,0.0454840805717999
"Belted Kingfisher",2001,0.0610021786492375
"Belted Kingfisher",2002,0.0714285714285714
"Belted Kingfisher",2003,0.0522420548541576
"Belted Kingfisher",2004,0.0272479564032698
"Belted Kingfisher",2005,0.176074572760228
"Belted Kingfisher",2006,0.0763888888888889
"Belted Kingfisher",2007,0.168888888888889
"Belted Kingfisher",2008,0.0698757763975155
"Belted Kingfisher",2009,0.0302846759539673
"Belted Kingfisher",2010,0.00687285223367698
"Belted Kingfisher",2011,0.0806451612903226
"Belted Kingfisher",2012,0.0720906282183316
"Belted Kingfisher",2013,0.0271554650373388
"Belted Kingfisher",2014,0.0335570469798658
"Belted Kingfisher",2015,0.0645161290322581
"Belted Kingfisher",2016,0.0378787878787879
"Belted Kingfisher",2017,0.0716332378223496
"Belted Kingfisher",2018,0.0183262064752596
"Belted Kingfisher",2019,0
"Belted Kingfisher",2020,0.062992125984252
"Belted Kingfisher",2021,0.0851970181043663
"Belted Kingfisher",2022,0.0520833333333333
"Belted Kingfisher",2023,0.0420168067226891
"Belted Kingfisher",2024,0.0548159749412686
"Red-headed Woodpecker",1999,0.0486111111111111
"Red-headed Woodpecker",2000,0.0888888888888889
"Red-headed Woodpecker",2001,0.194099378881988
"Red-headed Woodpecker",2002,0.248334342822532
"Red-headed Woodpecker",2003,0.199312714776632
"Red-headed Woodpecker",2004,0.120967741935484
"Red-headed Woodpecker",2005,0.164778578784758
"Red-headed Woodpecker",2006,0.156143923964698
"Red-headed Woodpecker",2007,0.192953020134228
"Red-headed Woodpecker",2008,0.201612903225806
"Red-headed Woodpecker",2009,0.0974025974025974
"Red-headed Woodpecker",2010,0.136103151862464
"Red-headed Woodpecker",2011,0.0916310323762981
"Red-headed Woodpecker",2012,0.185643564356436
"Red-headed Woodpecker",2013,0.118110236220472
"Red-headed Woodpecker",2014,0.191693290734824
"Red-headed Woodpecker",2015,0.15625
"Red-headed Woodpecker",2016,0.0682773109243697
"Red-headed Woodpecker",2017,0.101801096319499
"Red-headed Woodpecker",2018,0.118968935888962
"Red-headed Woodpecker",2019,0.116959064327485
"Red-headed Woodpecker",2020,0.444444444444444
"Red-headed Woodpecker",2021,0.279220779220779
"Red-headed Woodpecker",2022,0.174140182847192
"Red-headed Woodpecker",2023,0.108991825613079
"Red-headed Woodpecker",2024,0.134645261522527
"Red-bellied Woodpecker",1999,0.862186014935506
"Red-bellied Woodpecker",2000,1.69463087248322
"Red-bellied Woodpecker",2001,1.37903225806452
"Red-bellied Woodpecker",2002,1.2987012987013
"Red-bellied Woodpecker",2003,2.12034383954155
"Red-bellied Woodpecker",2004,1.08124618204032
"Red-bellied Woodpecker",2005,1.26856435643564
"Red-bellied Woodpecker",2006,1.51968503937008
"Red-bellied Woodpecker",2007,1.94888178913738
"Red-bellied Woodpecker",2008,1.67708333333333
"Red-bellied Woodpecker",2009,0.908613445378151
"Red-bellied Woodpecker",2010,1.36256851996868
"Red-bellied Woodpecker",2011,1.24256444150694
"Red-bellied Woodpecker",2012,1.19558154645874
"Red-bellied Woodpecker",2013,1.03703703703704
"Red-bellied Woodpecker",2014,1.41558441558442
"Red-bellied Woodpecker",2015,1.54114061819765
"Red-bellied Woodpecker",2016,0.73024523160763
"Red-bellied Woodpecker",2017,1.46038322112895
"Red-bellied Woodpecker",2018,1.13888888888889
"Red-bellied Woodpecker",2019,1.25333333333333
"Red-bellied Woodpecker",2020,1.94875776397516
"Red-bellied Woodpecker",2021,1.52029073288916
"Red-bellied Woodpecker",2022,1.07903780068729
"Red-bellied Woodpecker",2023,1.2741935483871
"Red-bellied Woodpecker",2024,1.20494335736354
"Yellow-bellied Sapsucker",1999,0.0078740157480315
"Yellow-bellied Sapsucker",2000,0.0106496272630458
"Yellow-bellied Sapsucker",2001,0.0104166666666667
"Yellow-bellied Sapsucker",2002,0
"Yellow-bellied Sapsucker",2003,0
"Yellow-bellied Sapsucker",2004,0
"Yellow-bellied Sapsucker",2005,0.00649772579597141
"Yellow-bellied Sapsucker",2006,0
"Yellow-bellied Sapsucker",2007,0
"Yellow-bellied Sapsucker",2008,0
"Yellow-bellied Sapsucker",2009,0
"Yellow-bellied Sapsucker",2010,0
"Yellow-bellied Sapsucker",2011,0
"Yellow-bellied Sapsucker",2012,0.00888888888888889
"Yellow-bellied Sapsucker",2013,0
"Yellow-bellied Sapsucker",2014,0
"Yellow-bellied Sapsucker",2015,0
"Yellow-bellied Sapsucker",2016,0
"Yellow-bellied Sapsucker",2017,0
"Yellow-bellied Sapsucker",2018,0
"Yellow-bellied Sapsucker",2019,0
"Yellow-bellied Sapsucker",2020,0
"Yellow-bellied Sapsucker",2021,0
"Yellow-bellied Sapsucker",2022,0
"Yellow-bellied Sapsucker",2023,0
"Yellow-bellied Sapsucker",2024,0
"Downy Woodpecker",1999,0.348583877995643
"Downy Woodpecker",2000,0.551948051948052
"Downy Woodpecker",2001,0.487592511972138
"Downy Woodpecker",2002,0.555858310626703
"Downy Woodpecker",2003,0.859658208182289
"Downy Woodpecker",2004,0.361111111111111
"Downy Woodpecker",2005,0.524444444444444
"Downy Woodpecker",2006,0.597826086956522
"Downy Woodpecker",2007,0.47244094488189
"Downy Woodpecker",2008,0.36426116838488
"Downy Woodpecker",2009,0.5
"Downy Woodpecker",2010,0.597322348094747
"Downy Woodpecker",2011,0.373387644263408
"Downy Woodpecker",2012,0.813758389261745
"Downy Woodpecker",2013,0.467741935483871
"Downy Woodpecker",2014,0.432900432900433
"Downy Woodpecker",2015,0.587392550143267
"Downy Woodpecker",2016,0.378741600488699
"Downy Woodpecker",2017,0.445544554455446
"Downy Woodpecker",2018,0.440944881889764
"Downy Woodpecker",2019,0.564430244941427
"Downy Woodpecker",2020,1.41666666666667
"Downy Woodpecker",2021,0.667016806722689
"Downy Woodpecker",2022,0.712607674236492
"Downy Woodpecker",2023,0.588235294117647
"Downy Woodpecker",2024,0.50682261208577
"Hairy Woodpecker",1999,0.108695652173913
"Hairy Woodpecker",2000,0.115081768625076
"Hairy Woodpecker",2001,0.123711340206186
"Hairy Woodpecker",2002,0.153225806451613
"Hairy Woodpecker",2003,0.257466529351184
"Hairy Woodpecker",2004,0.0814663951120163
"Hairy Woodpecker",2005,0.167785234899329
"Hairy Woodpecker",2006,0.137096774193548
"Hairy Woodpecker",2007,0.108225108225108
"Hairy Woodpecker",2008,0.0787965616045845
"Hairy Woodpecker",2009,0.0488698839340257
"Hairy Woodpecker",2010,0.0680693069306931
"Hairy Woodpecker",2011,0.0708661417322835
"Hairy Woodpecker",2012,0.12779552715655
"Hairy Woodpecker",2013,0.114583333333333
"Hairy Woodpecker",2014,0.0892857142857143
"Hairy Woodpecker",2015,0.0939702427564604
"Hairy Woodpecker",2016,0.0594844679444812
"Hairy Woodpecker",2017,0.0519818063677713
"Hairy Woodpecker",2018,0.104575163398693
"Hairy Woodpecker",2019,0.0454545454545455
"Hairy Woodpecker",2020,0.235089246843709
"Hairy Woodpecker",2021,0.114441416893733
"Hairy Woodpecker",2022,0.145002589331952
"Hairy Woodpecker",2023,0.118055555555556
"Hairy Woodpecker",2024,0.08
"Northern ""Yellow-shafted"" Flicker",1999,0.217741935483871
"Northern ""Yellow-shafted"" Flicker",2000,0.151515151515152
"Northern ""Yellow-shafted"" Flicker",2001,0.222063037249284
"Northern ""Yellow-shafted"" Flicker",2002,0.262675626145388
"Northern ""Yellow-shafted"" Flicker",2003,0.253712871287129
"Northern ""Yellow-shafted"" Flicker",2004,0.188976377952756
"Northern ""Yellow-shafted"" Flicker",2005,0.40468583599574
"Northern ""Yellow-shafted"" Flicker",2006,0.166666666666667
"Northern ""Yellow-shafted"" Flicker",2007,0.105042016806723
"Northern ""Yellow-shafted"" Flicker",2008,0.117462803445576
"Northern ""Yellow-shafted"" Flicker",2009,0.0727032385988103
"Northern ""Yellow-shafted"" Flicker",2010,0.110461338531514
"Northern ""Yellow-shafted"" Flicker",2011,0.148148148148148
"Northern ""Yellow-shafted"" Flicker",2012,0.123376623376623
"Northern ""Yellow-shafted"" Flicker",2013,0.104484109708315
"Northern ""Yellow-shafted"" Flicker",2014,0.136239782016349
"Northern ""Yellow-shafted"" Flicker",2015,0.0932159502848265
"Northern ""Yellow-shafted"" Flicker",2016,0.0833333333333333
"Northern ""Yellow-shafted"" Flicker",2017,0.0888888888888889
"Northern ""Yellow-shafted"" Flicker",2018,0.093167701863354
"Northern ""Yellow-shafted"" Flicker",2019,0.0726832222895215
"Northern ""Yellow-shafted"" Flicker",2020,0.109965635738832
"Northern ""Yellow-shafted"" Flicker",2021,0.0887096774193548
"Northern ""Yellow-shafted"" Flicker",2022,0.082389289392379
"Northern ""Yellow-shafted"" Flicker",2023,0.0610997963340122
"Northern ""Yellow-shafted"" Flicker",2024,0.0503355704697987
"Pileated Woodpecker",1999,0.114583333333333
"Pileated Woodpecker",2000,0.126050420168067
"Pileated Woodpecker",2001,0.164447924823806
"Pileated Woodpecker",2002,0.218109715796431
"Pileated Woodpecker",2003,0.162443144899285
"Pileated Woodpecker",2004,0.183006535947712
"Pileated Woodpecker",2005,0.149350649350649
"Pileated Woodpecker",2006,0.191554201131911
"Pileated Woodpecker",2007,0.185286103542234
"Pileated Woodpecker",2008,0.186431900569653
"Pileated Woodpecker",2009,0.215277777777778
"Pileated Woodpecker",2010,0.186666666666667
"Pileated Woodpecker",2011,0.16304347826087
"Pileated Woodpecker",2012,0.169594185342217
"Pileated Woodpecker",2013,0.0824742268041237
"Pileated Woodpecker",2014,0.193548387096774
"Pileated Woodpecker",2015,0.267765190525232
"Pileated Woodpecker",2016,0.128988458927359
"Pileated Woodpecker",2017,0.201342281879195
"Pileated Woodpecker",2018,0.185483870967742
"Pileated Woodpecker",2019,0.0757575757575758
"Pileated Woodpecker",2020,0.265042979942693
"Pileated Woodpecker",2021,0.195479535736103
"Pileated Woodpecker",2022,0.0804455445544554
"Pileated Woodpecker",2023,0.188976377952756
"Pileated Woodpecker",2024,0.191693290734824
"American Kestrel",1999,0.0087070091423596
"American Kestrel",2000,0
"American Kestrel",2001,0
"American Kestrel",2002,0.00694444444444444
"American Kestrel",2003,0.00888888888888889
"American Kestrel",2004,0.0077639751552795
"American Kestrel",2005,0
"American Kestrel",2006,0
"American Kestrel",2007,0
"American Kestrel",2008,0
"American Kestrel",2009,0
"American Kestrel",2010,0
"American Kestrel",2011,0.0161290322580645
"American Kestrel",2012,0
"American Kestrel",2013,0
"American Kestrel",2014,0
"American Kestrel",2015,0
"American Kestrel",2016,0
"American Kestrel",2017,0
"American Kestrel",2018,0
"American Kestrel",2019,0
"American Kestrel",2020,0.00783085356303837
"American Kestrel",2021,0.00660938532716457
"American Kestrel",2022,0
"American Kestrel",2023,0
"American Kestrel",2024,0
"Merlin",1999,0
"Merlin",2000,0
"Merlin",2001,0
"Merlin",2002,0
"Merlin",2003,0
"Merlin",2004,0
"Merlin",2005,0
"Merlin",2006,0
"Merlin",2007,0
"Merlin",2008,0
"Merlin",2009,0
"Merlin",2010,0
"Merlin",2011,0
"Merlin",2012,0
"Merlin",2013,0
"Merlin",2014,0
"Merlin",2015,0
"Merlin",2016,0
"Merlin",2017,0
"Merlin",2018,0
"Merlin",2019,0
"Merlin",2020,0
"Merlin",2021,0
"Merlin",2022,0
"Merlin",2023,0
"Merlin",2024,0
"Peregrine Falcon",1999,0
"Peregrine Falcon",2000,0
"Peregrine Falcon",2001,0
"Peregrine Falcon",2002,0
"Peregrine Falcon",2003,0
"Peregrine Falcon",2004,0
"Peregrine Falcon",2005,0
"Peregrine Falcon",2006,0
"Peregrine Falcon",2007,0
"Peregrine Falcon",2008,0
"Peregrine Falcon",2009,0
"Peregrine Falcon",2010,0
"Peregrine Falcon",2011,0
"Peregrine Falcon",2012,0
"Peregrine Falcon",2013,0
"Peregrine Falcon",2014,0
"Peregrine Falcon",2015,0
"Peregrine Falcon",2016,0
"Peregrine Falcon",2017,0
"Peregrine Falcon",2018,0.00687285223367698
"Peregrine Falcon",2019,0
"Peregrine Falcon",2020,0
"Peregrine Falcon",2021,0
"Peregrine Falcon",2022,0
"Peregrine Falcon",2023,0
"Peregrine Falcon",2024,0
"Great Crested Flycatcher",1999,0.281910728269381
"Great Crested Flycatcher",2000,0.46265697290152
"Great Crested Flycatcher",2001,0.441845354126056
"Great Crested Flycatcher",2002,0.662309368191721
"Great Crested Flycatcher",2003,0.5
"Great Crested Flycatcher",2004,0.583369612538093
"Great Crested Flycatcher",2005,0.435967302452316
"Great Crested Flycatcher",2006,1.11859140341792
"Great Crested Flycatcher",2007,0.548611111111111
"Great Crested Flycatcher",2008,0.631111111111111
"Great Crested Flycatcher",2009,0.854037267080745
"Great Crested Flycatcher",2010,0.351302241066021
"Great Crested Flycatcher",2011,0.556701030927835
"Great Crested Flycatcher",2012,0.790322580645161
"Great Crested Flycatcher",2013,0.453141091658084
"Great Crested Flycatcher",2014,0.6653088934148
"Great Crested Flycatcher",2015,0.906040268456376
"Great Crested Flycatcher",2016,0.588709677419355
"Great Crested Flycatcher",2017,0.443722943722944
"Great Crested Flycatcher",2018,0.601719197707736
"Great Crested Flycatcher",2019,0.623091020158827
"Great Crested Flycatcher",2020,0.742574257425743
"Great Crested Flycatcher",2021,1.06299212598425
"Great Crested Flycatcher",2022,0.926517571884984
"Great Crested Flycatcher",2023,1.3125
"Great Crested Flycatcher",2024,0.514705882352941
"Eastern Kingbird",1999,0.528223718280684
"Eastern Kingbird",2000,0.472222222222222
"Eastern Kingbird",2001,0.533333333333333
"Eastern Kingbird",2002,0.442546583850932
"Eastern Kingbird",2003,0.242277407631738
"Eastern Kingbird",2004,0.281786941580756
"Eastern Kingbird",2005,0.306451612903226
"Eastern Kingbird",2006,0.535530381050463
"Eastern Kingbird",2007,0.264765784114053
"Eastern Kingbird",2008,0.285234899328859
"Eastern Kingbird",2009,0.217741935483871
"Eastern Kingbird",2010,0.140692640692641
"Eastern Kingbird",2011,0.150429799426934
"Eastern Kingbird",2012,0.146609651802077
"Eastern Kingbird",2013,0.099009900990099
"Eastern Kingbird",2014,0.149606299212598
"Eastern Kingbird",2015,0.255591054313099
"Eastern Kingbird",2016,0.291666666666667
"Eastern Kingbird",2017,0.078781512605042
"Eastern Kingbird",2018,0.0939702427564604
"Eastern Kingbird",2019,0.132187706543291
"Eastern Kingbird",2020,0.376868096166342
"Eastern Kingbird",2021,0.427015250544662
"Eastern Kingbird",2022,0.116883116883117
"Eastern Kingbird",2023,0.165433173704832
"Eastern Kingbird",2024,0.168937329700272
"Olive-sided Flycatcher",1999,0
"Olive-sided Flycatcher",2000,0.00678886625933469
"Olive-sided Flycatcher",2001,0
"Olive-sided Flycatcher",2002,0
"Olive-sided Flycatcher",2003,0
"Olive-sided Flycatcher",2004,0
"Olive-sided Flycatcher",2005,0
"Olive-sided Flycatcher",2006,0
"Olive-sided Flycatcher",2007,0
"Olive-sided Flycatcher",2008,0
"Olive-sided Flycatcher",2009,0
"Olive-sided Flycatcher",2010,0
"Olive-sided Flycatcher",2011,0
"Olive-sided Flycatcher",2012,0
"Olive-sided Flycatcher",2013,0
"Olive-sided Flycatcher",2014,0
"Olive-sided Flycatcher",2015,0
"Olive-sided Flycatcher",2016,0
"Olive-sided Flycatcher",2017,0
"Olive-sided Flycatcher",2018,0
"Olive-sided Flycatcher",2019,0
"Olive-sided Flycatcher",2020,0
"Olive-sided Flycatcher",2021,0
"Olive-sided Flycatcher",2022,0
"Olive-sided Flycatcher",2023,0
"Olive-sided Flycatcher",2024,0
"Eastern Wood-Pewee",1999,0.0433168316831683
"Eastern Wood-Pewee",2000,0.52755905511811
"Eastern Wood-Pewee",2001,0.255591054313099
"Eastern Wood-Pewee",2002,0.885416666666667
"Eastern Wood-Pewee",2003,0.136554621848739
"Eastern Wood-Pewee",2004,0.38371182458888
"Eastern Wood-Pewee",2005,0.112359550561798
"Eastern Wood-Pewee",2006,0.383365821962313
"Eastern Wood-Pewee",2007,0.122004357298475
"Eastern Wood-Pewee",2008,0.0909090909090909
"Eastern Wood-Pewee",2009,0.156726164562473
"Eastern Wood-Pewee",2010,0.0817438692098093
"Eastern Wood-Pewee",2011,0.362506473329881
"Eastern Wood-Pewee",2012,0.284722222222222
"Eastern Wood-Pewee",2013,0.257777777777778
"Eastern Wood-Pewee",2014,0.450310559006211
"Eastern Wood-Pewee",2015,0.260448213204119
"Eastern Wood-Pewee",2016,0.336769759450172
"Eastern Wood-Pewee",2017,0.540322580645161
"Eastern Wood-Pewee",2018,0.617919670442842
"Eastern Wood-Pewee",2019,0.414120841819416
"Eastern Wood-Pewee",2020,0.453020134228188
"Eastern Wood-Pewee",2021,0.419354838709677
"Eastern Wood-Pewee",2022,0.232683982683983
"Eastern Wood-Pewee",2023,0.351002865329513
"Eastern Wood-Pewee",2024,0.213805742211362
"Yellow-bellied Flycatcher",1999,0
"Yellow-bellied Flycatcher",2000,0
"Yellow-bellied Flycatcher",2001,0
"Yellow-bellied Flycatcher",2002,0
"Yellow-bellied Flycatcher",2003,0
"Yellow-bellied Flycatcher",2004,0
"Yellow-bellied Flycatcher",2005,0
"Yellow-bellied Flycatcher",2006,0
"Yellow-bellied Flycatcher",2007,0
"Yellow-bellied Flycatcher",2008,0
"Yellow-bellied Flycatcher",2009,0
"Yellow-bellied Flycatcher",2010,0
"Yellow-bellied Flycatcher",2011,0
"Yellow-bellied Flycatcher",2012,0
"Yellow-bellied Flycatcher",2013,0
"Yellow-bellied Flycatcher",2014,0
"Yellow-bellied Flycatcher",2015,0
"Yellow-bellied Flycatcher",2016,0
"Yellow-bellied Flycatcher",2017,0
"Yellow-bellied Flycatcher",2018,0
"Yellow-bellied Flycatcher",2019,0
"Yellow-bellied Flycatcher",2020,0
"Yellow-bellied Flycatcher",2021,0
"Yellow-bellied Flycatcher",2022,0
"Yellow-bellied Flycatcher",2023,0
"Yellow-bellied Flycatcher",2024,0
"Acadian Flycatcher",1999,0.151111111111111
"Acadian Flycatcher",2000,0.434782608695652
"Acadian Flycatcher",2001,0.284675953967293
"Acadian Flycatcher",2002,0.439862542955326
"Acadian Flycatcher",2003,0.596774193548387
"Acadian Flycatcher",2004,0.803295571575695
"Acadian Flycatcher",2005,0.230821452817379
"Acadian Flycatcher",2006,0.738255033557047
"Acadian Flycatcher",2007,0.25
"Acadian Flycatcher",2008,0.227272727272727
"Acadian Flycatcher",2009,0.487106017191977
"Acadian Flycatcher",2010,0.213805742211362
"Acadian Flycatcher",2011,0.396039603960396
"Acadian Flycatcher",2012,0.598425196850394
"Acadian Flycatcher",2013,0.670926517571885
"Acadian Flycatcher",2014,0.75
"Acadian Flycatcher",2015,0.420168067226891
"Acadian Flycatcher",2016,0.438527799530149
"Acadian Flycatcher",2017,0.53536021150033
"Acadian Flycatcher",2018,0.695256660168941
"Acadian Flycatcher",2019,0.627450980392157
"Acadian Flycatcher",2020,0.720779220779221
"Acadian Flycatcher",2021,0.548541575968655
"Acadian Flycatcher",2022,0.49591280653951
"Acadian Flycatcher",2023,0.90108751941999
"Acadian Flycatcher",2024,0.326388888888889
"WILLOW FLYCATCHER",1999,0
"WILLOW FLYCATCHER",2000,0
"WILLOW FLYCATCHER",2001,0
"WILLOW FLYCATCHER",2002,0
"WILLOW FLYCATCHER",2003,0
"WILLOW FLYCATCHER",2004,0
"WILLOW FLYCATCHER",2005,0
"WILLOW FLYCATCHER",2006,0
"WILLOW FLYCATCHER",2007,0
"WILLOW FLYCATCHER",2008,0
"WILLOW FLYCATCHER",2009,0
"WILLOW FLYCATCHER",2010,0
"WILLOW FLYCATCHER",2011,0
"WILLOW FLYCATCHER",2012,0
"WILLOW FLYCATCHER",2013,0
"WILLOW FLYCATCHER",2014,0
"WILLOW FLYCATCHER",2015,0
"WILLOW FLYCATCHER",2016,0
"WILLOW FLYCATCHER",2017,0.00694444444444444
"WILLOW FLYCATCHER",2018,0
"WILLOW FLYCATCHER",2019,0
"WILLOW FLYCATCHER",2020,0
"WILLOW FLYCATCHER",2021,0
"WILLOW FLYCATCHER",2022,0
"WILLOW FLYCATCHER",2023,0
"WILLOW FLYCATCHER",2024,0
"Least Flycatcher",1999,0
"Least Flycatcher",2000,0
"Least Flycatcher",2001,0
"Least Flycatcher",2002,0
"Least Flycatcher",2003,0
"Least Flycatcher",2004,0
"Least Flycatcher",2005,0
"Least Flycatcher",2006,0
"Least Flycatcher",2007,0
"Least Flycatcher",2008,0
"Least Flycatcher",2009,0
"Least Flycatcher",2010,0
"Least Flycatcher",2011,0
"Least Flycatcher",2012,0
"Least Flycatcher",2013,0
"Least Flycatcher",2014,0
"Least Flycatcher",2015,0
"Least Flycatcher",2016,0
"Least Flycatcher",2017,0
"Least Flycatcher",2018,0
"Least Flycatcher",2019,0
"Least Flycatcher",2020,0
"Least Flycatcher",2021,0
"Least Flycatcher",2022,0
"Least Flycatcher",2023,0
"Least Flycatcher",2024,0
"Eastern Phoebe",1999,0.253246753246753
"Eastern Phoebe",2000,0.243796255986069
"Eastern Phoebe",2001,0.228882833787466
"Eastern Phoebe",2002,0.849300880372864
"Eastern Phoebe",2003,0.215277777777778
"Eastern Phoebe",2004,0.222222222222222
"Eastern Phoebe",2005,0.256211180124224
"Eastern Phoebe",2006,0.321017565112053
"Eastern Phoebe",2007,0.350515463917526
"Eastern Phoebe",2008,0.403225806451613
"Eastern Phoebe",2009,0.576725025746653
"Eastern Phoebe",2010,0.196877121520706
"Eastern Phoebe",2011,0.478187919463087
"Eastern Phoebe",2012,0.379032258064516
"Eastern Phoebe",2013,0.319264069264069
"Eastern Phoebe",2014,0.329512893982808
"Eastern Phoebe",2015,0.116065974343311
"Eastern Phoebe",2016,0.253712871287129
"Eastern Phoebe",2017,0.362204724409449
"Eastern Phoebe",2018,0.351437699680511
"Eastern Phoebe",2019,0.21875
"Eastern Phoebe",2020,0.262605042016807
"Eastern Phoebe",2021,0.493343774471417
"Eastern Phoebe",2022,0.237937871777925
"Eastern Phoebe",2023,0.357374918778428
"Eastern Phoebe",2024,0.261437908496732
"Loggerhead Shrike",1999,0
"Loggerhead Shrike",2000,0
"Loggerhead Shrike",2001,0
"Loggerhead Shrike",2002,0
"Loggerhead Shrike",2003,0
"Loggerhead Shrike",2004,0
"Loggerhead Shrike",2005,0
"Loggerhead Shrike",2006,0
"Loggerhead Shrike",2007,0
"Loggerhead Shrike",2008,0
"Loggerhead Shrike",2009,0
"Loggerhead Shrike",2010,0
"Loggerhead Shrike",2011,0
"Loggerhead Shrike",2012,0
"Loggerhead Shrike",2013,0
"Loggerhead Shrike",2014,0
"Loggerhead Shrike",2015,0
"Loggerhead Shrike",2016,0
"Loggerhead Shrike",2017,0
"Loggerhead Shrike",2018,0
"Loggerhead Shrike",2019,0
"Loggerhead Shrike",2020,0
"Loggerhead Shrike",2021,0
"Loggerhead Shrike",2022,0
"Loggerhead Shrike",2023,0
"Loggerhead Shrike",2024,0
"White-eyed Vireo",1999,0.205627705627706
"White-eyed Vireo",2000,0.236389684813754
"White-eyed Vireo",2001,0.122174709835064
"White-eyed Vireo",2002,0.321782178217822
"White-eyed Vireo",2003,0.275590551181102
"White-eyed Vireo",2004,0.276890308839191
"White-eyed Vireo",2005,0.364583333333333
"White-eyed Vireo",2006,0.23109243697479
"White-eyed Vireo",2007,0.164447924823806
"White-eyed Vireo",2008,0.264375413086583
"White-eyed Vireo",2009,0.227420402858999
"White-eyed Vireo",2010,0.305010893246187
"White-eyed Vireo",2011,0.149350649350649
"White-eyed Vireo",2012,0.287331301697867
"White-eyed Vireo",2013,0.0926430517711172
"White-eyed Vireo",2014,0.30036250647333
"White-eyed Vireo",2015,0.243055555555556
"White-eyed Vireo",2016,0.373333333333333
"White-eyed Vireo",2017,0.170807453416149
"White-eyed Vireo",2018,0.260448213204119
"White-eyed Vireo",2019,0.213058419243986
"White-eyed Vireo",2020,0.67741935483871
"White-eyed Vireo",2021,0.998970133882595
"White-eyed Vireo",2022,0.373387644263408
"White-eyed Vireo",2023,0.763422818791946
"White-eyed Vireo",2024,0.629032258064516
"Yellow-throated Vireo",1999,0.0262605042016807
"Yellow-throated Vireo",2000,0.140955364134691
"Yellow-throated Vireo",2001,0.132187706543291
"Yellow-throated Vireo",2002,0.162443144899285
"Yellow-throated Vireo",2003,0.174291938997821
"Yellow-throated Vireo",2004,0.155844155844156
"Yellow-throated Vireo",2005,0.261210274270788
"Yellow-throated Vireo",2006,0.0980926430517711
"Yellow-throated Vireo",2007,0.145002589331952
"Yellow-throated Vireo",2008,0.0555555555555556
"Yellow-throated Vireo",2009,0.08
"Yellow-throated Vireo",2010,0.147515527950311
"Yellow-throated Vireo",2011,0.078740157480315
"Yellow-throated Vireo",2012,0.0893470790378007
"Yellow-throated Vireo",2013,0.0483870967741935
"Yellow-throated Vireo",2014,0.144181256436663
"Yellow-throated Vireo",2015,0.0678886625933469
"Yellow-throated Vireo",2016,0.0587248322147651
"Yellow-throated Vireo",2017,0.0887096774193548
"Yellow-throated Vireo",2018,0.0757575757575758
"Yellow-throated Vireo",2019,0.0573065902578797
"Yellow-throated Vireo",2020,0.146609651802077
"Yellow-throated Vireo",2021,0.129950495049505
"Yellow-throated Vireo",2022,0.110236220472441
"Yellow-throated Vireo",2023,0.234291799787007
"Yellow-throated Vireo",2024,0.177083333333333
"Blue-headed Vireo",1999,0.00544959128065395
"Blue-headed Vireo",2000,0.0414293112377007
"Blue-headed Vireo",2001,0.0486111111111111
"Blue-headed Vireo",2002,0.115555555555556
"Blue-headed Vireo",2003,0.0698757763975155
"Blue-headed Vireo",2004,0.0545124167171411
"Blue-headed Vireo",2005,0.0481099656357388
"Blue-headed Vireo",2006,0.0645161290322581
"Blue-headed Vireo",2007,0.0102986611740474
"Blue-headed Vireo",2008,0.0135777325186694
"Blue-headed Vireo",2009,0.0335570469798658
"Blue-headed Vireo",2010,0.0645161290322581
"Blue-headed Vireo",2011,0.0162337662337662
"Blue-headed Vireo",2012,0.0286532951289398
"Blue-headed Vireo",2013,0.00610873549175321
"Blue-headed Vireo",2014,0.0618811881188119
"Blue-headed Vireo",2015,0.031496062992126
"Blue-headed Vireo",2016,0.053248136315229
"Blue-headed Vireo",2017,0
"Blue-headed Vireo",2018,0.0262605042016807
"Blue-headed Vireo",2019,0.0548159749412686
"Blue-headed Vireo",2020,0.0198281559814937
"Blue-headed Vireo",2021,0.0974658869395711
"Blue-headed Vireo",2022,0
"Blue-headed Vireo",2023,0
"Blue-headed Vireo",2024,0
"Philadelphia Vireo",1999,0
"Philadelphia Vireo",2000,0
"Philadelphia Vireo",2001,0
"Philadelphia Vireo",2002,0
"Philadelphia Vireo",2003,0
"Philadelphia Vireo",2004,0
"Philadelphia Vireo",2005,0
"Philadelphia Vireo",2006,0
"Philadelphia Vireo",2007,0
"Philadelphia Vireo",2008,0
"Philadelphia Vireo",2009,0
"Philadelphia Vireo",2010,0
"Philadelphia Vireo",2011,0
"Philadelphia Vireo",2012,0
"Philadelphia Vireo",2013,0
"Philadelphia Vireo",2014,0
"Philadelphia Vireo",2015,0
"Philadelphia Vireo",2016,0
"Philadelphia Vireo",2017,0
"Philadelphia Vireo",2018,0
"Philadelphia Vireo",2019,0
"Philadelphia Vireo",2020,0
"Philadelphia Vireo",2021,0
"Philadelphia Vireo",2022,0
"Philadelphia Vireo",2023,0
"Philadelphia Vireo",2024,0
"Warbling Vireo",1999,0
"Warbling Vireo",2000,0
"Warbling Vireo",2001,0
"Warbling Vireo",2002,0
"Warbling Vireo",2003,0
"Warbling Vireo",2004,0
"Warbling Vireo",2005,0
"Warbling Vireo",2006,0
"Warbling Vireo",2007,0
"Warbling Vireo",2008,0
"Warbling Vireo",2009,0
"Warbling Vireo",2010,0
"Warbling Vireo",2011,0
"Warbling Vireo",2012,0
"Warbling Vireo",2013,0
"Warbling Vireo",2014,0
"Warbling Vireo",2015,0
"Warbling Vireo",2016,0
"Warbling Vireo",2017,0
"Warbling Vireo",2018,0
"Warbling Vireo",2019,0
"Warbling Vireo",2020,0.00678886625933469
"Warbling Vireo",2021,0
"Warbling Vireo",2022,0
"Warbling Vireo",2023,0
"Warbling Vireo",2024,0
"Red-eyed Vireo",1999,1.3813615333774
"Red-eyed Vireo",2000,2.74204028589994
"Red-eyed Vireo",2001,2.94553376906318
"Red-eyed Vireo",2002,2.2012987012987
"Red-eyed Vireo",2003,3.04745319982586
"Red-eyed Vireo",2004,1.42779291553134
"Red-eyed Vireo",2005,3.58363542206111
"Red-eyed Vireo",2006,1.89583333333333
"Red-eyed Vireo",2007,1.68
"Red-eyed Vireo",2008,1.94875776397516
"Red-eyed Vireo",2009,1.59903089036947
"Red-eyed Vireo",2010,1.68384879725086
"Red-eyed Vireo",2011,1.79032258064516
"Red-eyed Vireo",2012,2.11122554067971
"Red-eyed Vireo",2013,1.00475220638153
"Red-eyed Vireo",2014,1.71979865771812
"Red-eyed Vireo",2015,1.31451612903226
"Red-eyed Vireo",2016,0.806277056277056
"Red-eyed Vireo",2017,1.46848137535817
"Red-eyed Vireo",2018,1.19120342089188
"Red-eyed Vireo",2019,1.18193069306931
"Red-eyed Vireo",2020,2.94488188976378
"Red-eyed Vireo",2021,3.24813631522897
"Red-eyed Vireo",2022,2.36458333333333
"Red-eyed Vireo",2023,1.18697478991597
"Red-eyed Vireo",2024,1.48786217697729
"Blue Jay",1999,0.951388888888889
"Blue Jay",2000,1.61777777777778
"Blue Jay",2001,1.29658385093168
"Blue Jay",2002,1.44760751059964
"Blue Jay",2003,1.42955326460481
"Blue Jay",2004,1.13709677419355
"Blue Jay",2005,3.50154479917611
"Blue Jay",2006,1.05227427019688
"Blue Jay",2007,1.10738255033557
"Blue Jay",2008,1.34677419354839
"Blue Jay",2009,0.882034632034632
"Blue Jay",2010,0.86676217765043
"Blue Jay",2011,0.977397678680513
"Blue Jay",2012,1.02722772277228
"Blue Jay",2013,0.724409448818898
"Blue Jay",2014,1.7678381256656
"Blue Jay",2015,1.5
"Blue Jay",2016,0.48844537815126
"Blue Jay",2017,0.877055599060298
"Blue Jay",2018,0.799735624586913
"Blue Jay",2019,0.630279402209227
"Blue Jay",2020,1.64705882352941
"Blue Jay",2021,1.01298701298701
"Blue Jay",2022,1.01001306051371
"Blue Jay",2023,0.572207084468665
"Blue Jay",2024,0.507509062661833
"American Crow",1999,1.94840461642906
"American Crow",2000,3.25503355704698
"American Crow",2001,3.51612903225806
"American Crow",2002,2.24025974025974
"American Crow",2003,2.49283667621776
"American Crow",2004,1.35613927916921
"American Crow",2005,1.71410891089109
"American Crow",2006,2.21259842519685
"American Crow",2007,3.40788072417465
"American Crow",2008,3.20833333333333
"American Crow",2009,1.38655462184874
"American Crow",2010,1.95771339075959
"American Crow",2011,1.64573694646398
"American Crow",2012,2.00129954515919
"American Crow",2013,1.32461873638344
"American Crow",2014,1.43506493506494
"American Crow",2015,2.59468872442316
"American Crow",2016,1.32425068119891
"American Crow",2017,2.94148109787675
"American Crow",2018,1.21527777777778
"American Crow",2019,1.39555555555556
"American Crow",2020,1.63819875776397
"American Crow",2021,1.59297395517868
"American Crow",2022,1.23711340206186
"American Crow",2023,1.94354838709677
"American Crow",2024,1.38002059732235
"Fish Crow",1999,0.188976377952756
"Fish Crow",2000,0.255591054313099
"Fish Crow",2001,0.302083333333333
"Fish Crow",2002,0.288865546218487
"Fish Crow",2003,0.281910728269381
"Fish Crow",2004,0.092531394580304
"Fish Crow",2005,0.350877192982456
"Fish Crow",2006,0.65359477124183
"Fish Crow",2007,0.318181818181818
"Fish Crow",2008,0.365694383979103
"Fish Crow",2009,0.272479564032698
"Fish Crow",2010,0.662868979803211
"Fish Crow",2011,0.472222222222222
"Fish Crow",2012,0.48
"Fish Crow",2013,0.186335403726708
"Fish Crow",2014,0.393700787401575
"Fish Crow",2015,0.556701030927835
"Fish Crow",2016,0.282258064516129
"Fish Crow",2017,0.411946446961895
"Fish Crow",2018,0.359809911744739
"Fish Crow",2019,0.243288590604027
"Fish Crow",2020,0.637096774193548
"Fish Crow",2021,0.38961038961039
"Fish Crow",2022,0.594555873925501
"Fish Crow",2023,0.335980452046426
"Fish Crow",2024,0.309405940594059
"Common Raven",1999,0
"Common Raven",2000,0
"Common Raven",2001,0
"Common Raven",2002,0
"Common Raven",2003,0
"Common Raven",2004,0
"Common Raven",2005,0
"Common Raven",2006,0
"Common Raven",2007,0
"Common Raven",2008,0.00687285223367698
"Common Raven",2009,0
"Common Raven",2010,0
"Common Raven",2011,0
"Common Raven",2012,0
"Common Raven",2013,0
"Common Raven",2014,0
"Common Raven",2015,0
"Common Raven",2016,0
"Common Raven",2017,0
"Common Raven",2018,0
"Common Raven",2019,0
"Common Raven",2020,0
"Common Raven",2021,0
"Common Raven",2022,0
"Common Raven",2023,0
"Common Raven",2024,0
"Horned Lark",1999,0
"Horned Lark",2000,0
"Horned Lark",2001,0
"Horned Lark",2002,0
"Horned Lark",2003,0
"Horned Lark",2004,0
"Horned Lark",2005,0
"Horned Lark",2006,0
"Horned Lark",2007,0
"Horned Lark",2008,0
"Horned Lark",2009,0
"Horned Lark",2010,0
"Horned Lark",2011,0
"Horned Lark",2012,0
"Horned Lark",2013,0
"Horned Lark",2014,0
"Horned Lark",2015,0
"Horned Lark",2016,0
"Horned Lark",2017,0
"Horned Lark",2018,0
"Horned Lark",2019,0
"Horned Lark",2020,0
"Horned Lark",2021,0
"Horned Lark",2022,0
"Horned Lark",2023,0
"Horned Lark",2024,0
"Bank Swallow",1999,0.0403225806451613
"Bank Swallow",2000,0
"Bank Swallow",2001,0
"Bank Swallow",2002,0
"Bank Swallow",2003,0.129950495049505
"Bank Swallow",2004,0
"Bank Swallow",2005,0
"Bank Swallow",2006,0.0104166666666667
"Bank Swallow",2007,0
"Bank Swallow",2008,0
"Bank Swallow",2009,0
"Bank Swallow",2010,0.00649772579597141
"Bank Swallow",2011,0
"Bank Swallow",2012,0
"Bank Swallow",2013,0
"Bank Swallow",2014,0
"Bank Swallow",2015,0
"Bank Swallow",2016,0.0347222222222222
"Bank Swallow",2017,0.0177777777777778
"Bank Swallow",2018,0
"Bank Swallow",2019,0
"Bank Swallow",2020,0
"Bank Swallow",2021,0
"Bank Swallow",2022,0
"Bank Swallow",2023,0
"Bank Swallow",2024,0
"Tree Swallow",1999,0.333333333333333
"Tree Swallow",2000,0.0315126050420168
"Tree Swallow",2001,0.234925606891151
"Tree Swallow",2002,0.0396563119629874
"Tree Swallow",2003,0.181936322287199
"Tree Swallow",2004,0.0697167755991285
"Tree Swallow",2005,0.0454545454545455
"Tree Swallow",2006,0.104484109708315
"Tree Swallow",2007,0.20708446866485
"Tree Swallow",2008,0.134645261522527
"Tree Swallow",2009,0.0763888888888889
"Tree Swallow",2010,0.133333333333333
"Tree Swallow",2011,0.100931677018634
"Tree Swallow",2012,0.078740157480315
"Tree Swallow",2013,0.0481099656357388
"Tree Swallow",2014,0.0645161290322581
"Tree Swallow",2015,0.133882595262616
"Tree Swallow",2016,0.848608282416836
"Tree Swallow",2017,0.134228187919463
"Tree Swallow",2018,0.0241935483870968
"Tree Swallow",2019,0.0865800865800866
"Tree Swallow",2020,0.107449856733524
"Tree Swallow",2021,0.0855222968845449
"Tree Swallow",2022,0.0433168316831683
"Tree Swallow",2023,0.165354330708661
"Tree Swallow",2024,0.212992545260916
"N. Rough-winged Swallow",1999,0.391815411406182
"N. Rough-winged Swallow",2000,0.217983651226158
"N. Rough-winged Swallow",2001,0.517866390471258
"N. Rough-winged Swallow",2002,0.277777777777778
"N. Rough-winged Swallow",2003,0.48
"N. Rough-winged Swallow",2004,0.15527950310559
"N. Rough-winged Swallow",2005,0.236220472440945
"N. Rough-winged Swallow",2006,0.329896907216495
"N. Rough-winged Swallow",2007,0.620967741935484
"N. Rough-winged Swallow",2008,0.360453141091658
"N. Rough-winged Swallow",2009,0.475220638153428
"N. Rough-winged Swallow",2010,0.285234899328859
"N. Rough-winged Swallow",2011,0.475806451612903
"N. Rough-winged Swallow",2012,0.33008658008658
"N. Rough-winged Swallow",2013,0.250716332378223
"N. Rough-winged Swallow",2014,0.403176542455712
"N. Rough-winged Swallow",2015,0.550742574257426
"N. Rough-winged Swallow",2016,1.20472440944882
"N. Rough-winged Swallow",2017,2.70500532481363
"N. Rough-winged Swallow",2018,0.635416666666667
"N. Rough-winged Swallow",2019,0.267857142857143
"N. Rough-winged Swallow",2020,0.610806577916993
"N. Rough-winged Swallow",2021,0.482485128883014
"N. Rough-winged Swallow",2022,0.422352176738142
"N. Rough-winged Swallow",2023,0.339869281045752
"N. Rough-winged Swallow",2024,0.266233766233766
"Purple Martin",1999,0.192439862542955
"Purple Martin",2000,0.241935483870968
"Purple Martin",2001,0.350154479917611
"Purple Martin",2002,0.3326544467074
"Purple Martin",2003,0.436241610738255
"Purple Martin",2004,0.338709677419355
"Purple Martin",2005,0.25974025974026
"Purple Martin",2006,0.408309455587393
"Purple Martin",2007,0.207697006719609
"Purple Martin",2008,0.327970297029703
"Purple Martin",2009,0.448818897637795
"Purple Martin",2010,1.03301384451544
"Purple Martin",2011,0.59375
"Purple Martin",2012,0.309873949579832
"Purple Martin",2013,0.477682067345341
"Purple Martin",2014,0.350297422339722
"Purple Martin",2015,0.194931773879142
"Purple Martin",2016,0.252723311546841
"Purple Martin",2017,0.123376623376623
"Purple Martin",2018,0.087070091423596
"Purple Martin",2019,0.0926430517711172
"Purple Martin",2020,0.611082340756085
"Purple Martin",2021,0.118055555555556
"Purple Martin",2022,0.222222222222222
"Purple Martin",2023,0.46583850931677
"Purple Martin",2024,0.242277407631738
"Barn Swallow",1999,0.773638968481375
"Barn Swallow",2000,0.335980452046426
"Barn Swallow",2001,0.853960396039604
"Barn Swallow",2002,0.748031496062992
"Barn Swallow",2003,1.86368477103301
"Barn Swallow",2004,0.65625
"Barn Swallow",2005,0.430672268907563
"Barn Swallow",2006,0.43069694596711
"Barn Swallow",2007,1.1566424322538
"Barn Swallow",2008,0.305393112410656
"Barn Swallow",2009,0.671023965141612
"Barn Swallow",2010,0.415584415584416
"Barn Swallow",2011,0.687853722246408
"Barn Swallow",2012,0.267029972752044
"Barn Swallow",2013,0.58001035732781
"Barn Swallow",2014,0.305555555555556
"Barn Swallow",2015,0.497777777777778
"Barn Swallow",2016,0.722049689440994
"Barn Swallow",2017,1.08419139915203
"Barn Swallow",2018,0.316151202749141
"Barn Swallow",2019,0.661290322580645
"Barn Swallow",2020,0.947476828012358
"Barn Swallow",2021,0.685675492192804
"Barn Swallow",2022,0.645973154362416
"Barn Swallow",2023,0.419354838709677
"Barn Swallow",2024,0.449134199134199
"Cliff Swallow",1999,0.0234925606891151
"Cliff Swallow",2000,0
"Cliff Swallow",2001,0.168940870695257
"Cliff Swallow",2002,0.0174291938997821
"Cliff Swallow",2003,0.0714285714285714
"Cliff Swallow",2004,0.0609490639965172
"Cliff Swallow",2005,0.0163487738419619
"Cliff Swallow",2006,0.124287933713102
"Cliff Swallow",2007,0.0138888888888889
"Cliff Swallow",2008,0.00888888888888889
"Cliff Swallow",2009,0.0232919254658385
"Cliff Swallow",2010,0.0242277407631738
"Cliff Swallow",2011,0.268041237113402
"Cliff Swallow",2012,0.0161290322580645
"Cliff Swallow",2013,0
"Cliff Swallow",2014,0
"Cliff Swallow",2015,0.00838926174496644
"Cliff Swallow",2016,0.137096774193548
"Cliff Swallow",2017,0.335497835497835
"Cliff Swallow",2018,0.107449856733524
"Cliff Swallow",2019,0.0794135613927917
"Cliff Swallow",2020,0.173267326732673
"Cliff Swallow",2021,0.062992125984252
"Cliff Swallow",2022,0.0319488817891374
"Cliff Swallow",2023,0.0208333333333333
"Cliff Swallow",2024,0.0262605042016807
"Carolina Chickadee",1999,2.9207664422579
"Carolina Chickadee",2000,3.04861111111111
"Carolina Chickadee",2001,3.25333333333333
"Carolina Chickadee",2002,3.74223602484472
"Carolina Chickadee",2003,2.17443973349485
"Carolina Chickadee",2004,1.39518900343643
"Carolina Chickadee",2005,2.39516129032258
"Carolina Chickadee",2006,3.51184346035015
"Carolina Chickadee",2007,1.89409368635438
"Carolina Chickadee",2008,2.28187919463087
"Carolina Chickadee",2009,1.81451612903226
"Carolina Chickadee",2010,1.5530303030303
"Carolina Chickadee",2011,2.11318051575931
"Carolina Chickadee",2012,1.91814294441051
"Carolina Chickadee",2013,0.88490099009901
"Carolina Chickadee",2014,2.06299212598425
"Carolina Chickadee",2015,3.06709265175719
"Carolina Chickadee",2016,2.23958333333333
"Carolina Chickadee",2017,1.24474789915966
"Carolina Chickadee",2018,1.42521534847298
"Carolina Chickadee",2019,1.03106411103767
"Carolina Chickadee",2020,1.68940870695257
"Carolina Chickadee",2021,2.46623093681917
"Carolina Chickadee",2022,1.74675324675325
"Carolina Chickadee",2023,2.38572050500653
"Carolina Chickadee",2024,0.64850136239782
"Tufted Titmouse",1999,2.60556127703398
"Tufted Titmouse",2000,3.57773251866938
"Tufted Titmouse",2001,3.17953020134228
"Tufted Titmouse",2002,4.12903225806452
"Tufted Titmouse",2003,2.70562770562771
"Tufted Titmouse",2004,2.08452722063037
"Tufted Titmouse",2005,2.53512522907758
"Tufted Titmouse",2006,2.23391089108911
"Tufted Titmouse",2007,2.55905511811024
"Tufted Titmouse",2008,3.90841320553781
"Tufted Titmouse",2009,3.32291666666667
"Tufted Titmouse",2010,1.82773109243697
"Tufted Titmouse",2011,3.25763508222396
"Tufted Titmouse",2012,2.8354263053536
"Tufted Titmouse",2013,1.35152696556205
"Tufted Titmouse",2014,2.97167755991285
"Tufted Titmouse",2015,2.58441558441558
"Tufted Titmouse",2016,2.76882890727035
"Tufted Titmouse",2017,1.98910081743869
"Tufted Titmouse",2018,3.41791817711031
"Tufted Titmouse",2019,1.94444444444444
"Tufted Titmouse",2020,3.39555555555556
"Tufted Titmouse",2021,2.7639751552795
"Tufted Titmouse",2022,2.16232586311326
"Tufted Titmouse",2023,2.31615120274914
"Tufted Titmouse",2024,2.20967741935484
"Red-breasted Nuthatch",1999,0
"Red-breasted Nuthatch",2000,0
"Red-breasted Nuthatch",2001,0
"Red-breasted Nuthatch",2002,0
"Red-breasted Nuthatch",2003,0
"Red-breasted Nuthatch",2004,0
"Red-breasted Nuthatch",2005,0
"Red-breasted Nuthatch",2006,0
"Red-breasted Nuthatch",2007,0
"Red-breasted Nuthatch",2008,0.00649350649350649
"Red-breasted Nuthatch",2009,0
"Red-breasted Nuthatch",2010,0
"Red-breasted Nuthatch",2011,0
"Red-breasted Nuthatch",2012,0
"Red-breasted Nuthatch",2013,0
"Red-breasted Nuthatch",2014,0
"Red-breasted Nuthatch",2015,0
"Red-breasted Nuthatch",2016,0
"Red-breasted Nuthatch",2017,0
"Red-breasted Nuthatch",2018,0
"Red-breasted Nuthatch",2019,0
"Red-breasted Nuthatch",2020,0
"Red-breasted Nuthatch",2021,0.032258064516129
"Red-breasted Nuthatch",2022,0
"Red-breasted Nuthatch",2023,0
"Red-breasted Nuthatch",2024,0
"White-breasted Nuthatch",1999,0.1364522417154
"White-breasted Nuthatch",2000,0.601307189542484
"White-breasted Nuthatch",2001,0.38961038961039
"White-breasted Nuthatch",2002,0.65302568567697
"White-breasted Nuthatch",2003,0.528610354223433
"White-breasted Nuthatch",2004,0.486794407042983
"White-breasted Nuthatch",2005,0.305555555555556
"White-breasted Nuthatch",2006,0.462222222222222
"White-breasted Nuthatch",2007,0.295031055900621
"White-breasted Nuthatch",2008,0.266505148394912
"White-breasted Nuthatch",2009,0.261168384879725
"White-breasted Nuthatch",2010,0.419354838709677
"White-breasted Nuthatch",2011,0.494335736354274
"White-breasted Nuthatch",2012,0.420909708078751
"White-breasted Nuthatch",2013,0.302013422818792
"White-breasted Nuthatch",2014,0.370967741935484
"White-breasted Nuthatch",2015,0.265151515151515
"White-breasted Nuthatch",2016,0.150429799426934
"White-breasted Nuthatch",2017,0.232131948686622
"White-breasted Nuthatch",2018,0.266089108910891
"White-breasted Nuthatch",2019,0.181102362204724
"White-breasted Nuthatch",2020,0.745473908413205
"White-breasted Nuthatch",2021,0.583333333333333
"White-breasted Nuthatch",2022,0.262605042016807
"White-breasted Nuthatch",2023,0.509005481597494
"White-breasted Nuthatch",2024,0.132187706543291
"Brown-headed Nuthatch",1999,0.32
"Brown-headed Nuthatch",2000,0.388198757763975
"Brown-headed Nuthatch",2001,0.369473046638401
"Brown-headed Nuthatch",2002,0.666666666666667
"Brown-headed Nuthatch",2003,0.685483870967742
"Brown-headed Nuthatch",2004,0.648815653964984
"Brown-headed Nuthatch",2005,0.339443312966735
"Brown-headed Nuthatch",2006,0.654362416107383
"Brown-headed Nuthatch",2007,0.540322580645161
"Brown-headed Nuthatch",2008,0.38961038961039
"Brown-headed Nuthatch",2009,0.558739255014327
"Brown-headed Nuthatch",2010,0.317654245571167
"Brown-headed Nuthatch",2011,0.513613861386139
"Brown-headed Nuthatch",2012,0.724409448818898
"Brown-headed Nuthatch",2013,0.468583599574015
"Brown-headed Nuthatch",2014,1
"Brown-headed Nuthatch",2015,0.39390756302521
"Brown-headed Nuthatch",2016,0.501174628034456
"Brown-headed Nuthatch",2017,0.608063450099141
"Brown-headed Nuthatch",2018,0.383365821962313
"Brown-headed Nuthatch",2019,0.453159041394335
"Brown-headed Nuthatch",2020,0.675324675324675
"Brown-headed Nuthatch",2021,0.940356987374837
"Brown-headed Nuthatch",2022,0.430517711171662
"Brown-headed Nuthatch",2023,0.838943552563439
"Brown-headed Nuthatch",2024,0.347222222222222
"Brown Creeper",1999,0
"Brown Creeper",2000,0.00806451612903226
"Brown Creeper",2001,0
"Brown Creeper",2002,0
"Brown Creeper",2003,0
"Brown Creeper",2004,0
"Brown Creeper",2005,0
"Brown Creeper",2006,0
"Brown Creeper",2007,0
"Brown Creeper",2008,0
"Brown Creeper",2009,0
"Brown Creeper",2010,0
"Brown Creeper",2011,0
"Brown Creeper",2012,0
"Brown Creeper",2013,0
"Brown Creeper",2014,0
"Brown Creeper",2015,0
"Brown Creeper",2016,0
"Brown Creeper",2017,0
"Brown Creeper",2018,0
"Brown Creeper",2019,0
"Brown Creeper",2020,0
"Brown Creeper",2021,0
"Brown Creeper",2022,0
"Brown Creeper",2023,0
"Brown Creeper",2024,0
"House Wren",1999,0.340788072417465
"House Wren",2000,0.302083333333333
"House Wren",2001,0.131302521008403
"House Wren",2002,0.274079874706343
"House Wren",2003,0.178453403833443
"House Wren",2004,0.194931773879142
"House Wren",2005,0.392156862745098
"House Wren",2006,0.396103896103896
"House Wren",2007,0.417936438833261
"House Wren",2008,0.316076294277929
"House Wren",2009,0.372863801139306
"House Wren",2010,0.3125
"House Wren",2011,0.133333333333333
"House Wren",2012,0.256211180124224
"House Wren",2013,0.0847970926711084
"House Wren",2014,0.13745704467354
"House Wren",2015,0.266129032258065
"House Wren",2016,0.411946446961895
"House Wren",2017,0.196877121520706
"House Wren",2018,0.243288590604027
"House Wren",2019,0.145161290322581
"House Wren",2020,0.211038961038961
"House Wren",2021,0.272206303724928
"House Wren",2022,0.201588271227856
"House Wren",2023,0.111386138613861
"House Wren",2024,0.15748031496063
"Winter Wren",1999,0
"Winter Wren",2000,0
"Winter Wren",2001,0
"Winter Wren",2002,0
"Winter Wren",2003,0
"Winter Wren",2004,0
"Winter Wren",2005,0
"Winter Wren",2006,0
"Winter Wren",2007,0
"Winter Wren",2008,0
"Winter Wren",2009,0
"Winter Wren",2010,0
"Winter Wren",2011,0
"Winter Wren",2012,0
"Winter Wren",2013,0
"Winter Wren",2014,0
"Winter Wren",2015,0
"Winter Wren",2016,0
"Winter Wren",2017,0
"Winter Wren",2018,0
"Winter Wren",2019,0
"Winter Wren",2020,0
"Winter Wren",2021,0
"Winter Wren",2022,0
"Winter Wren",2023,0
"Winter Wren",2024,0
"Sedge Wren",1999,0.00605693519079346
"Sedge Wren",2000,0
"Sedge Wren",2001,0
"Sedge Wren",2002,0
"Sedge Wren",2003,0
"Sedge Wren",2004,0
"Sedge Wren",2005,0
"Sedge Wren",2006,0
"Sedge Wren",2007,0
"Sedge Wren",2008,0
"Sedge Wren",2009,0
"Sedge Wren",2010,0
"Sedge Wren",2011,0
"Sedge Wren",2012,0
"Sedge Wren",2013,0.00525210084033613
"Sedge Wren",2014,0
"Sedge Wren",2015,0
"Sedge Wren",2016,0
"Sedge Wren",2017,0.00871459694989107
"Sedge Wren",2018,0
"Sedge Wren",2019,0
"Sedge Wren",2020,0
"Sedge Wren",2021,0
"Sedge Wren",2022,0
"Sedge Wren",2023,0
"Sedge Wren",2024,0
"Marsh Wren",1999,0
"Marsh Wren",2000,0
"Marsh Wren",2001,0
"Marsh Wren",2002,0
"Marsh Wren",2003,0
"Marsh Wren",2004,0
"Marsh Wren",2005,0
"Marsh Wren",2006,0
"Marsh Wren",2007,0
"Marsh Wren",2008,0
"Marsh Wren",2009,0
"Marsh Wren",2010,0
"Marsh Wren",2011,0
"Marsh Wren",2012,0
"Marsh Wren",2013,0.00544959128065395
"Marsh Wren",2014,0
"Marsh Wren",2015,0
"Marsh Wren",2016,0
"Marsh Wren",2017,0
"Marsh Wren",2018,0
"Marsh Wren",2019,0
"Marsh Wren",2020,0
"Marsh Wren",2021,0
"Marsh Wren",2022,0
"Marsh Wren",2023,0
"Marsh Wren",2024,0.00806451612903226
"Carolina Wren",1999,1.86449579831933
"Carolina Wren",2000,2.70947533281128
"Carolina Wren",2001,2.94117647058824
"Carolina Wren",2002,2.90448343079922
"Carolina Wren",2003,3.54684095860566
"Carolina Wren",2004,3.21428571428571
"Carolina Wren",2005,4.45798868088812
"Carolina Wren",2006,3.18801089918256
"Carolina Wren",2007,3.86328327291559
"Carolina Wren",2008,2.88194444444444
"Carolina Wren",2009,3.07555555555556
"Carolina Wren",2010,3.24534161490683
"Carolina Wren",2011,2.36826165960024
"Carolina Wren",2012,3.03780068728522
"Carolina Wren",2013,2.30645161290323
"Carolina Wren",2014,4.03707518022657
"Carolina Wren",2015,2.38289205702648
"Carolina Wren",2016,1.97147651006711
"Carolina Wren",2017,2.95161290322581
"Carolina Wren",2018,1.61255411255411
"Carolina Wren",2019,2.62893982808023
"Carolina Wren",2020,2.81001832620648
"Carolina Wren",2021,2.7970297029703
"Carolina Wren",2022,3.1259842519685
"Carolina Wren",2023,4.40894568690096
"Carolina Wren",2024,3.8125
"Bewick's Wren",1999,0
"Bewick's Wren",2000,0
"Bewick's Wren",2001,0
"Bewick's Wren",2002,0
"Bewick's Wren",2003,0
"Bewick's Wren",2004,0
"Bewick's Wren",2005,0
"Bewick's Wren",2006,0
"Bewick's Wren",2007,0
"Bewick's Wren",2008,0
"Bewick's Wren",2009,0
"Bewick's Wren",2010,0
"Bewick's Wren",2011,0
"Bewick's Wren",2012,0
"Bewick's Wren",2013,0
"Bewick's Wren",2014,0
"Bewick's Wren",2015,0
"Bewick's Wren",2016,0
"Bewick's Wren",2017,0
"Bewick's Wren",2018,0
"Bewick's Wren",2019,0
"Bewick's Wren",2020,0
"Bewick's Wren",2021,0
"Bewick's Wren",2022,0
"Bewick's Wren",2023,0
"Bewick's Wren",2024,0
"Blue-gray Gnatcatcher",1999,1.84677419354839
"Blue-gray Gnatcatcher",2000,3.87229660144181
"Blue-gray Gnatcatcher",2001,1.90088255261371
"Blue-gray Gnatcatcher",2002,4.00167785234899
"Blue-gray Gnatcatcher",2003,3.44354838709677
"Blue-gray Gnatcatcher",2004,1.70454545454545
"Blue-gray Gnatcatcher",2005,2.47134670487106
"Blue-gray Gnatcatcher",2006,2.1930360415394
"Blue-gray Gnatcatcher",2007,2.04826732673267
"Blue-gray Gnatcatcher",2008,2.66141732283465
"Blue-gray Gnatcatcher",2009,3.61022364217252
"Blue-gray Gnatcatcher",2010,2.42708333333333
"Blue-gray Gnatcatcher",2011,1.03991596638655
"Blue-gray Gnatcatcher",2012,1.72278778386844
"Blue-gray Gnatcatcher",2013,0.846001321877065
"Blue-gray Gnatcatcher",2014,1.66341780376868
"Blue-gray Gnatcatcher",2015,2.10021786492375
"Blue-gray Gnatcatcher",2016,1.24675324675325
"Blue-gray Gnatcatcher",2017,1.93295602960383
"Blue-gray Gnatcatcher",2018,1.0299727520436
"Blue-gray Gnatcatcher",2019,2.00932159502848
"Blue-gray Gnatcatcher",2020,2.78472222222222
"Blue-gray Gnatcatcher",2021,2.16888888888889
"Blue-gray Gnatcatcher",2022,1.69254658385093
"Blue-gray Gnatcatcher",2023,1.21138703815869
"Blue-gray Gnatcatcher",2024,1.29896907216495
"Golden-crowned Kinglet",1999,0
"Golden-crowned Kinglet",2000,0
"Golden-crowned Kinglet",2001,0
"Golden-crowned Kinglet",2002,0
"Golden-crowned Kinglet",2003,0
"Golden-crowned Kinglet",2004,0
"Golden-crowned Kinglet",2005,0
"Golden-crowned Kinglet",2006,0
"Golden-crowned Kinglet",2007,0
"Golden-crowned Kinglet",2008,0
"Golden-crowned Kinglet",2009,0
"Golden-crowned Kinglet",2010,0
"Golden-crowned Kinglet",2011,0
"Golden-crowned Kinglet",2012,0
"Golden-crowned Kinglet",2013,0
"Golden-crowned Kinglet",2014,0
"Golden-crowned Kinglet",2015,0
"Golden-crowned Kinglet",2016,0
"Golden-crowned Kinglet",2017,0
"Golden-crowned Kinglet",2018,0
"Golden-crowned Kinglet",2019,0
"Golden-crowned Kinglet",2020,0
"Golden-crowned Kinglet",2021,0
"Golden-crowned Kinglet",2022,0
"Golden-crowned Kinglet",2023,0
"Golden-crowned Kinglet",2024,0
"Ruby-crowned Kinglet",1999,0.0991407799074686
"Ruby-crowned Kinglet",2000,0
"Ruby-crowned Kinglet",2001,0.0174291938997821
"Ruby-crowned Kinglet",2002,0
"Ruby-crowned Kinglet",2003,0.0609490639965172
"Ruby-crowned Kinglet",2004,0.00544959128065395
"Ruby-crowned Kinglet",2005,0.445365095805282
"Ruby-crowned Kinglet",2006,0.0208333333333333
"Ruby-crowned Kinglet",2007,0.0622222222222222
"Ruby-crowned Kinglet",2008,0.0232919254658385
"Ruby-crowned Kinglet",2009,0.0423985463355542
"Ruby-crowned Kinglet",2010,0.0274914089347079
"Ruby-crowned Kinglet",2011,0
"Ruby-crowned Kinglet",2012,0
"Ruby-crowned Kinglet",2013,0
"Ruby-crowned Kinglet",2014,0
"Ruby-crowned Kinglet",2015,0
"Ruby-crowned Kinglet",2016,0
"Ruby-crowned Kinglet",2017,0
"Ruby-crowned Kinglet",2018,0.00610873549175321
"Ruby-crowned Kinglet",2019,0
"Ruby-crowned Kinglet",2020,0.047244094488189
"Ruby-crowned Kinglet",2021,0.308839190628328
"Ruby-crowned Kinglet",2022,0.0208333333333333
"Ruby-crowned Kinglet",2023,0.00525210084033613
"Ruby-crowned Kinglet",2024,0
"Eastern Bluebird",1999,1.625
"Eastern Bluebird",2000,2.14222222222222
"Eastern Bluebird",2001,2.25931677018634
"Eastern Bluebird",2002,1.72622652937614
"Eastern Bluebird",2003,1.71821305841924
"Eastern Bluebird",2004,1.58870967741935
"Eastern Bluebird",2005,2.47167868177137
"Eastern Bluebird",2006,1.67684996605567
"Eastern Bluebird",2007,1.41778523489933
"Eastern Bluebird",2008,2.20161290322581
"Eastern Bluebird",2009,0.806277056277056
"Eastern Bluebird",2010,1.26790830945559
"Eastern Bluebird",2011,1.58216249236408
"Eastern Bluebird",2012,1.25
"Eastern Bluebird",2013,1.37007874015748
"Eastern Bluebird",2014,2.01277955271565
"Eastern Bluebird",2015,1.625
"Eastern Bluebird",2016,0.582983193277311
"Eastern Bluebird",2017,1.59749412685983
"Eastern Bluebird",2018,1.01123595505618
"Eastern Bluebird",2019,1.16959064327485
"Eastern Bluebird",2020,2.09150326797386
"Eastern Bluebird",2021,1.61038961038961
"Eastern Bluebird",2022,1.83717892903788
"Eastern Bluebird",2023,1.1008174386921
"Eastern Bluebird",2024,1.19109269808389
"Veery",1999,0.0610997963340122
"Veery",2000,0.0167785234899329
"Veery",2001,0
"Veery",2002,0
"Veery",2003,0.0214899713467049
"Veery",2004,0
"Veery",2005,0.0433168316831683
"Veery",2006,0.0393700787401575
"Veery",2007,0.0425985090521832
"Veery",2008,0
"Veery",2009,0.0315126050420168
"Veery",2010,0.0783085356303837
"Veery",2011,0.0132187706543291
"Veery",2012,0.00649772579597141
"Veery",2013,0.00871459694989107
"Veery",2014,0.0194805194805195
"Veery",2015,0.0087070091423596
"Veery",2016,0.0326975476839237
"Veery",2017,0.113930605903677
"Veery",2018,0
"Veery",2019,0.0177777777777778
"Veery",2020,0.271739130434783
"Veery",2021,0.13930950938825
"Veery",2022,0.0618556701030928
"Veery",2023,0.0161290322580645
"Veery",2024,0
"Gray-cheeked Thrush",1999,0.0078740157480315
"Gray-cheeked Thrush",2000,0
"Gray-cheeked Thrush",2001,0.0208333333333333
"Gray-cheeked Thrush",2002,0
"Gray-cheeked Thrush",2003,0
"Gray-cheeked Thrush",2004,0
"Gray-cheeked Thrush",2005,0
"Gray-cheeked Thrush",2006,0
"Gray-cheeked Thrush",2007,0
"Gray-cheeked Thrush",2008,0
"Gray-cheeked Thrush",2009,0
"Gray-cheeked Thrush",2010,0
"Gray-cheeked Thrush",2011,0
"Gray-cheeked Thrush",2012,0.0266666666666667
"Gray-cheeked Thrush",2013,0
"Gray-cheeked Thrush",2014,0.0121138703815869
"Gray-cheeked Thrush",2015,0
"Gray-cheeked Thrush",2016,0
"Gray-cheeked Thrush",2017,0
"Gray-cheeked Thrush",2018,0
"Gray-cheeked Thrush",2019,0
"Gray-cheeked Thrush",2020,0.0161290322580645
"Gray-cheeked Thrush",2021,0
"Gray-cheeked Thrush",2022,0.00716332378223496
"Gray-cheeked Thrush",2023,0
"Gray-cheeked Thrush",2024,0
"Swainson's Thrush",1999,0.0435729847494553
"Swainson's Thrush",2000,0.0649350649350649
"Swainson's Thrush",2001,0
"Swainson's Thrush",2002,0.0217983651226158
"Swainson's Thrush",2003,0
"Swainson's Thrush",2004,0.00694444444444444
"Swainson's Thrush",2005,0.151111111111111
"Swainson's Thrush",2006,0.0698757763975155
"Swainson's Thrush",2007,0.0484554815263477
"Swainson's Thrush",2008,0.0412371134020619
"Swainson's Thrush",2009,0.137096774193548
"Swainson's Thrush",2010,0.175077239958805
"Swainson's Thrush",2011,0.0610997963340122
"Swainson's Thrush",2012,0.075503355704698
"Swainson's Thrush",2013,0.032258064516129
"Swainson's Thrush",2014,0.173160173160173
"Swainson's Thrush",2015,0.0214899713467049
"Swainson's Thrush",2016,0.116065974343311
"Swainson's Thrush",2017,0.10519801980198
"Swainson's Thrush",2018,0.0708661417322835
"Swainson's Thrush",2019,0.0638977635782748
"Swainson's Thrush",2020,0.34375
"Swainson's Thrush",2021,0.0682773109243697
"Swainson's Thrush",2022,0.297572435395458
"Swainson's Thrush",2023,0.0396563119629874
"Swainson's Thrush",2024,0.0454840805717999
"Hermit Thrush",1999,0.0077639751552795
"Hermit Thrush",2000,0
"Hermit Thrush",2001,0
"Hermit Thrush",2002,0
"Hermit Thrush",2003,0.0411946446961895
"Hermit Thrush",2004,0
"Hermit Thrush",2005,0
"Hermit Thrush",2006,0.00806451612903226
"Hermit Thrush",2007,0
"Hermit Thrush",2008,0
"Hermit Thrush",2009,0
"Hermit Thrush",2010,0
"Hermit Thrush",2011,0.0078740157480315
"Hermit Thrush",2012,0
"Hermit Thrush",2013,0
"Hermit Thrush",2014,0
"Hermit Thrush",2015,0
"Hermit Thrush",2016,0
"Hermit Thrush",2017,0.0129954515919428
"Hermit Thrush",2018,0
"Hermit Thrush",2019,0
"Hermit Thrush",2020,0
"Hermit Thrush",2021,0
"Hermit Thrush",2022,0
"Hermit Thrush",2023,0
"Hermit Thrush",2024,0.00888888888888889
"Wood Thrush",1999,0.483870967741935
"Wood Thrush",2000,0.806277056277056
"Wood Thrush",2001,0.974212034383954
"Wood Thrush",2002,0.977397678680513
"Wood Thrush",2003,1.00866336633663
"Wood Thrush",2004,0.795275590551181
"Wood Thrush",2005,1.01171458998935
"Wood Thrush",2006,1.21875
"Wood Thrush",2007,0.540966386554622
"Wood Thrush",2008,0.509005481597494
"Wood Thrush",2009,0.594844679444812
"Wood Thrush",2010,0.337881741390513
"Wood Thrush",2011,0.540305010893246
"Wood Thrush",2012,0.24025974025974
"Wood Thrush",2013,0.313452329124946
"Wood Thrush",2014,0.354223433242507
"Wood Thrush",2015,0.538581046090109
"Wood Thrush",2016,0.291666666666667
"Wood Thrush",2017,0.337777777777778
"Wood Thrush",2018,0.31055900621118
"Wood Thrush",2019,0.181708055723804
"Wood Thrush",2020,0.391752577319588
"Wood Thrush",2021,0.282258064516129
"Wood Thrush",2022,0.442842430484037
"Wood Thrush",2023,0.21724372029871
"Wood Thrush",2024,0.201342281879195
"American Robin",1999,2.6875
"American Robin",2000,1.89600840336134
"American Robin",2001,2.90524667188724
"American Robin",2002,2.76272306675479
"American Robin",2003,2.64457439896036
"American Robin",2004,2.3442265795207
"American Robin",2005,1.49350649350649
"American Robin",2006,2.4989116238572
"American Robin",2007,1.19891008174387
"American Robin",2008,2.42361470740549
"American Robin",2009,1.78472222222222
"American Robin",2010,1.85777777777778
"American Robin",2011,2.50776397515528
"American Robin",2012,2.01695941853422
"American Robin",2013,1.03092783505155
"American Robin",2014,2.56451612903226
"American Robin",2015,2.16271884654995
"American Robin",2016,1.24915139171758
"American Robin",2017,1.91275167785235
"American Robin",2018,1.04838709677419
"American Robin",2019,1.15800865800866
"American Robin",2020,1.38968481375358
"American Robin",2021,1.17287721441662
"American Robin",2022,1.1200495049505
"American Robin",2023,1.37795275590551
"American Robin",2024,1.18210862619808
"Gray Catbird",1999,0.496299521114497
"Gray Catbird",2000,0.343324250681199
"Gray Catbird",2001,0.963231486276541
"Gray Catbird",2002,0.597222222222222
"Gray Catbird",2003,0.986666666666667
"Gray Catbird",2004,0.458074534161491
"Gray Catbird",2005,0.678376741368867
"Gray Catbird",2006,0.81786941580756
"Gray Catbird",2007,0.943548387096774
"Gray Catbird",2008,0.792996910401648
"Gray Catbird",2009,0.739986422267481
"Gray Catbird",2010,0.771812080536913
"Gray Catbird",2011,0.685483870967742
"Gray Catbird",2012,0.432900432900433
"Gray Catbird",2013,0.229226361031519
"Gray Catbird",2014,0.482590103848503
"Gray Catbird",2015,0.272277227722772
"Gray Catbird",2016,0.614173228346457
"Gray Catbird",2017,0.702875399361022
"Gray Catbird",2018,0.520833333333333
"Gray Catbird",2019,0.23109243697479
"Gray Catbird",2020,1.46436961628818
"Gray Catbird",2021,1.09715796430932
"Gray Catbird",2022,0.454840805717999
"Gray Catbird",2023,0.392156862745098
"Gray Catbird",2024,0.279220779220779
"Brown Thrasher",1999,0.515463917525773
"Brown Thrasher",2000,0.725806451612903
"Brown Thrasher",2001,0.854788877445932
"Brown Thrasher",2002,0.977596741344195
"Brown Thrasher",2003,0.738255033557047
"Brown Thrasher",2004,0.524193548387097
"Brown Thrasher",2005,0.38961038961039
"Brown Thrasher",2006,0.616045845272206
"Brown Thrasher",2007,0.372632864996946
"Brown Thrasher",2008,0.41460396039604
"Brown Thrasher",2009,0.519685039370079
"Brown Thrasher",2010,0.660276890308839
"Brown Thrasher",2011,0.614583333333333
"Brown Thrasher",2012,0.309873949579832
"Brown Thrasher",2013,0.258418167580266
"Brown Thrasher",2014,0.383344348975545
"Brown Thrasher",2015,0.305393112410656
"Brown Thrasher",2016,0.549019607843137
"Brown Thrasher",2017,0.285714285714286
"Brown Thrasher",2018,0.505006530256857
"Brown Thrasher",2019,0.343324250681199
"Brown Thrasher",2020,0.569653029518384
"Brown Thrasher",2021,0.465277777777778
"Brown Thrasher",2022,0.462222222222222
"Brown Thrasher",2023,0.357142857142857
"Brown Thrasher",2024,0.17565112053301
"Northern Mockingbird",1999,1.41833810888252
"Northern Mockingbird",2000,1.69822846670739
"Northern Mockingbird",2001,1.20668316831683
"Northern Mockingbird",2002,2.29133858267717
"Northern Mockingbird",2003,2.09797657082002
"Northern Mockingbird",2004,2.27083333333333
"Northern Mockingbird",2005,0.966386554621849
"Northern Mockingbird",2006,1.7149569303054
"Northern Mockingbird",2007,0.984798413747521
"Northern Mockingbird",2008,1.26705653021442
"Northern Mockingbird",2009,1.22875816993464
"Northern Mockingbird",2010,1.1038961038961
"Northern Mockingbird",2011,1.92424902046147
"Northern Mockingbird",2012,0.975476839237057
"Northern Mockingbird",2013,1.13930605903677
"Northern Mockingbird",2014,1.09722222222222
"Northern Mockingbird",2015,1.15555555555556
"Northern Mockingbird",2016,0.799689440993789
"Northern Mockingbird",2017,0.660205935796487
"Northern Mockingbird",2018,0.714776632302406
"Northern Mockingbird",2019,0.870967741935484
"Northern Mockingbird",2020,1.1740473738414
"Northern Mockingbird",2021,0.9979633401222
"Northern Mockingbird",2022,0.98993288590604
"Northern Mockingbird",2023,1.09677419354839
"Northern Mockingbird",2024,0.432900432900433
"European Starling",1999,2.64682850430697
"European Starling",2000,2.17448777263714
"European Starling",2001,2.57959714100065
"European Starling",2002,2.85838779956427
"European Starling",2003,2.05844155844156
"European Starling",2004,1.97649107531563
"European Starling",2005,1.90735694822888
"European Starling",2006,1.93682030036251
"European Starling",2007,1.09722222222222
"European Starling",2008,1.39555555555556
"European Starling",2009,1.24223602484472
"European Starling",2010,1.08419139915203
"European Starling",2011,1.56701030927835
"European Starling",2012,1.70161290322581
"European Starling",2013,1.1946446961895
"European Starling",2014,0.950441276306857
"European Starling",2015,1.25
"European Starling",2016,0.854838709677419
"European Starling",2017,0.974025974025974
"European Starling",2018,0.959885386819484
"European Starling",2019,1.41722663408674
"European Starling",2020,1.07054455445545
"European Starling",2021,1.29133858267717
"European Starling",2022,1.95953141640043
"European Starling",2023,2.20833333333333
"European Starling",2024,0.651260504201681
"Cedar Waxwing",1999,2.33039875712066
"Cedar Waxwing",2000,0.263888888888889
"Cedar Waxwing",2001,2.65777777777778
"Cedar Waxwing",2002,1.37422360248447
"Cedar Waxwing",2003,1.53240460327075
"Cedar Waxwing",2004,1.30584192439863
"Cedar Waxwing",2005,0.838709677419355
"Cedar Waxwing",2006,1.18434603501545
"Cedar Waxwing",2007,1.05906313645621
"Cedar Waxwing",2008,0.855704697986577
"Cedar Waxwing",2009,0.959677419354839
"Cedar Waxwing",2010,0.275974025974026
"Cedar Waxwing",2011,0.415472779369628
"Cedar Waxwing",2012,0.97128894318876
"Cedar Waxwing",2013,0.612623762376238
"Cedar Waxwing",2014,0.78740157480315
"Cedar Waxwing",2015,0.266240681576145
"Cedar Waxwing",2016,0.927083333333333
"Cedar Waxwing",2017,0.598739495798319
"Cedar Waxwing",2018,0.454189506656226
"Cedar Waxwing",2019,0.165234633179114
"Cedar Waxwing",2020,2.19623131903834
"Cedar Waxwing",2021,1.15904139433551
"Cedar Waxwing",2022,0.74025974025974
"Cedar Waxwing",2023,0.853286895951241
"Cedar Waxwing",2024,0.920980926430518
"House Sparrow",1999,0.607621009268795
"House Sparrow",2000,0.86897488119484
"House Sparrow",2001,0.931208053691275
"House Sparrow",2002,0.919354838709677
"House Sparrow",2003,0.752164502164502
"House Sparrow",2004,0.401146131805158
"House Sparrow",2005,0.623091020158827
"House Sparrow",2006,0.606435643564356
"House Sparrow",2007,0.559055118110236
"House Sparrow",2008,0.394036208732694
"House Sparrow",2009,0.677083333333333
"House Sparrow",2010,0.173319327731092
"House Sparrow",2011,0.509005481597494
"House Sparrow",2012,0.3172504957039
"House Sparrow",2013,0.292397660818713
"House Sparrow",2014,0.261437908496732
"House Sparrow",2015,0.38961038961039
"House Sparrow",2016,0.113191118850675
"House Sparrow",2017,0.0708446866485014
"House Sparrow",2018,0.466079751424133
"House Sparrow",2019,0.638888888888889
"House Sparrow",2020,0.515555555555556
"House Sparrow",2021,0.302795031055901
"House Sparrow",2022,0.339188370684434
"House Sparrow",2023,0.254295532646048
"House Sparrow",2024,0.314516129032258
"American Pipit",1999,0
"American Pipit",2000,0
"American Pipit",2001,0
"American Pipit",2002,0
"American Pipit",2003,0
"American Pipit",2004,0
"American Pipit",2005,0
"American Pipit",2006,0
"American Pipit",2007,0
"American Pipit",2008,0
"American Pipit",2009,0
"American Pipit",2010,0
"American Pipit",2011,0
"American Pipit",2012,0
"American Pipit",2013,0
"American Pipit",2014,0
"American Pipit",2015,0
"American Pipit",2016,0
"American Pipit",2017,0
"American Pipit",2018,0
"American Pipit",2019,0
"American Pipit",2020,0
"American Pipit",2021,0
"American Pipit",2022,0
"American Pipit",2023,0
"American Pipit",2024,0
"Evening Grosbeak",1999,0
"Evening Grosbeak",2000,0
"Evening Grosbeak",2001,0
"Evening Grosbeak",2002,0
"Evening Grosbeak",2003,0
"Evening Grosbeak",2004,0
"Evening Grosbeak",2005,0
"Evening Grosbeak",2006,0
"Evening Grosbeak",2007,0
"Evening Grosbeak",2008,0
"Evening Grosbeak",2009,0
"Evening Grosbeak",2010,0
"Evening Grosbeak",2011,0
"Evening Grosbeak",2012,0
"Evening Grosbeak",2013,0
"Evening Grosbeak",2014,0
"Evening Grosbeak",2015,0
"Evening Grosbeak",2016,0
"Evening Grosbeak",2017,0
"Evening Grosbeak",2018,0
"Evening Grosbeak",2019,0
"Evening Grosbeak",2020,0
"Evening Grosbeak",2021,0.09375
"Evening Grosbeak",2022,0
"Evening Grosbeak",2023,0
"Evening Grosbeak",2024,0
"House Finch",1999,1.52
"House Finch",2000,1.98757763975155
"House Finch",2001,1.51423379769836
"House Finch",2002,2.70790378006873
"House Finch",2003,1.69354838709677
"House Finch",2004,1.82286302780638
"House Finch",2005,1.12016293279022
"House Finch",2006,1.69463087248322
"House Finch",2007,1.20161290322581
"House Finch",2008,1.37445887445887
"House Finch",2009,1.36103151862464
"House Finch",2010,0.739156994502138
"House Finch",2011,1.22524752475248
"House Finch",2012,1.54330708661417
"House Finch",2013,0.73482428115016
"House Finch",2014,0.989583333333333
"House Finch",2015,0.69327731092437
"House Finch",2016,0.884886452623336
"House Finch",2017,0.951751487111699
"House Finch",2018,1.21507472384665
"House Finch",2019,1.02832244008715
"House Finch",2020,0.694805194805195
"House Finch",2021,1.14061819764911
"House Finch",2022,0.719346049046321
"House Finch",2023,1.90574831693423
"House Finch",2024,1.08333333333333
"Purple Finch",1999,0
"Purple Finch",2000,0
"Purple Finch",2001,0
"Purple Finch",2002,0
"Purple Finch",2003,0
"Purple Finch",2004,0
"Purple Finch",2005,0
"Purple Finch",2006,0
"Purple Finch",2007,0
"Purple Finch",2008,0
"Purple Finch",2009,0
"Purple Finch",2010,0
"Purple Finch",2011,0
"Purple Finch",2012,0
"Purple Finch",2013,0
"Purple Finch",2014,0
"Purple Finch",2015,0
"Purple Finch",2016,0
"Purple Finch",2017,0
"Purple Finch",2018,0
"Purple Finch",2019,0
"Purple Finch",2020,0
"Purple Finch",2021,0
"Purple Finch",2022,0
"Purple Finch",2023,0
"Purple Finch",2024,0
"Red Crossbill",1999,0
"Red Crossbill",2000,0
"Red Crossbill",2001,0
"Red Crossbill",2002,0
"Red Crossbill",2003,0
"Red Crossbill",2004,0
"Red Crossbill",2005,0
"Red Crossbill",2006,0
"Red Crossbill",2007,0
"Red Crossbill",2008,0
"Red Crossbill",2009,0
"Red Crossbill",2010,0
"Red Crossbill",2011,0
"Red Crossbill",2012,0
"Red Crossbill",2013,0
"Red Crossbill",2014,0
"Red Crossbill",2015,0
"Red Crossbill",2016,0
"Red Crossbill",2017,0
"Red Crossbill",2018,0
"Red Crossbill",2019,0
"Red Crossbill",2020,0
"Red Crossbill",2021,0
"Red Crossbill",2022,0
"Red Crossbill",2023,0
"Red Crossbill",2024,0
"Pine Siskin",1999,0
"Pine Siskin",2000,0
"Pine Siskin",2001,0
"Pine Siskin",2002,0
"Pine Siskin",2003,0
"Pine Siskin",2004,0
"Pine Siskin",2005,0.031055900621118
"Pine Siskin",2006,0
"Pine Siskin",2007,0
"Pine Siskin",2008,0.0725806451612903
"Pine Siskin",2009,0.144181256436663
"Pine Siskin",2010,0
"Pine Siskin",2011,0.0251677852348993
"Pine Siskin",2012,0
"Pine Siskin",2013,0.38961038961039
"Pine Siskin",2014,0
"Pine Siskin",2015,0.0794135613927917
"Pine Siskin",2016,0.00618811881188119
"Pine Siskin",2017,0
"Pine Siskin",2018,0
"Pine Siskin",2019,0.0208333333333333
"Pine Siskin",2020,0
"Pine Siskin",2021,0.524667188723571
"Pine Siskin",2022,0
"Pine Siskin",2023,0
"Pine Siskin",2024,0
"American Goldfinch",1999,1.847365233192
"American Goldfinch",2000,2.57044673539519
"American Goldfinch",2001,3.10483870967742
"American Goldfinch",2002,5.72605561277034
"American Goldfinch",2003,4.02579769178547
"American Goldfinch",2004,3.47315436241611
"American Goldfinch",2005,4.46774193548387
"American Goldfinch",2006,2.5487012987013
"American Goldfinch",2007,2.85816618911175
"American Goldfinch",2008,2.71838729383018
"American Goldfinch",2009,1.93069306930693
"American Goldfinch",2010,1.49606299212598
"American Goldfinch",2011,3.23748668796592
"American Goldfinch",2012,2.73958333333333
"American Goldfinch",2013,0.772058823529412
"American Goldfinch",2014,1.56617071260767
"American Goldfinch",2015,2.2009253139458
"American Goldfinch",2016,1.39051332033788
"American Goldfinch",2017,2.10893246187364
"American Goldfinch",2018,1.14935064935065
"American Goldfinch",2019,1.44536351763169
"American Goldfinch",2020,1.19346049046322
"American Goldfinch",2021,3.45934748834801
"American Goldfinch",2022,1.09027777777778
"American Goldfinch",2023,2.34666666666667
"American Goldfinch",2024,1.25776397515528
"Bachman's Sparrow",1999,0
"Bachman's Sparrow",2000,0
"Bachman's Sparrow",2001,0
"Bachman's Sparrow",2002,0
"Bachman's Sparrow",2003,0
"Bachman's Sparrow",2004,0
"Bachman's Sparrow",2005,0
"Bachman's Sparrow",2006,0
"Bachman's Sparrow",2007,0
"Bachman's Sparrow",2008,0
"Bachman's Sparrow",2009,0
"Bachman's Sparrow",2010,0
"Bachman's Sparrow",2011,0
"Bachman's Sparrow",2012,0
"Bachman's Sparrow",2013,0
"Bachman's Sparrow",2014,0
"Bachman's Sparrow",2015,0
"Bachman's Sparrow",2016,0
"Bachman's Sparrow",2017,0
"Bachman's Sparrow",2018,0
"Bachman's Sparrow",2019,0
"Bachman's Sparrow",2020,0
"Bachman's Sparrow",2021,0
"Bachman's Sparrow",2022,0
"Bachman's Sparrow",2023,0
"Bachman's Sparrow",2024,0
"Grasshopper Sparrow",1999,0.0262605042016807
"Grasshopper Sparrow",2000,0.0391542678151919
"Grasshopper Sparrow",2001,0.0396563119629874
"Grasshopper Sparrow",2002,0.0454840805717999
"Grasshopper Sparrow",2003,0
"Grasshopper Sparrow",2004,0.038961038961039
"Grasshopper Sparrow",2005,0
"Grasshopper Sparrow",2006,0.00544959128065395
"Grasshopper Sparrow",2007,0
"Grasshopper Sparrow",2008,0.0486111111111111
"Grasshopper Sparrow",2009,0.0177777777777778
"Grasshopper Sparrow",2010,0
"Grasshopper Sparrow",2011,0
"Grasshopper Sparrow",2012,0.0206185567010309
"Grasshopper Sparrow",2013,0
"Grasshopper Sparrow",2014,0
"Grasshopper Sparrow",2015,0
"Grasshopper Sparrow",2016,0
"Grasshopper Sparrow",2017,0
"Grasshopper Sparrow",2018,0.00541125541125541
"Grasshopper Sparrow",2019,0
"Grasshopper Sparrow",2020,0
"Grasshopper Sparrow",2021,0
"Grasshopper Sparrow",2022,0.0078740157480315
"Grasshopper Sparrow",2023,0.0106496272630458
"Grasshopper Sparrow",2024,0.0104166666666667
"Chipping Sparrow",1999,0.692098092643052
"Chipping Sparrow",2000,1.79181771103055
"Chipping Sparrow",2001,1.36111111111111
"Chipping Sparrow",2002,2.44444444444444
"Chipping Sparrow",2003,1.36645962732919
"Chipping Sparrow",2004,1.01150817686251
"Chipping Sparrow",2005,1.70446735395189
"Chipping Sparrow",2006,1.57258064516129
"Chipping Sparrow",2007,1.60659114315139
"Chipping Sparrow",2008,1.683638832315
"Chipping Sparrow",2009,1.26677852348993
"Chipping Sparrow",2010,1.66129032258065
"Chipping Sparrow",2011,0.941558441558441
"Chipping Sparrow",2012,1.51862464183381
"Chipping Sparrow",2013,0.788026878436164
"Chipping Sparrow",2014,0.971534653465347
"Chipping Sparrow",2015,1.7244094488189
"Chipping Sparrow",2016,1.57614483493078
"Chipping Sparrow",2017,2.32291666666667
"Chipping Sparrow",2018,1.05042016806723
"Chipping Sparrow",2019,1.52701644479248
"Chipping Sparrow",2020,1.50693985459352
"Chipping Sparrow",2021,1.67641325536062
"Chipping Sparrow",2022,1.92592592592593
"Chipping Sparrow",2023,1.3961038961039
"Chipping Sparrow",2024,1.44536351763169
"Field Sparrow",1999,0.467741935483871
"Field Sparrow",2000,0.216271884654995
"Field Sparrow",2001,0.122199592668024
"Field Sparrow",2002,0.218120805369128
"Field Sparrow",2003,0.258064516129032
"Field Sparrow",2004,0.0649350649350649
"Field Sparrow",2005,0.186246418338109
"Field Sparrow",2006,0.122174709835064
"Field Sparrow",2007,0.123762376237624
"Field Sparrow",2008,0.165354330708661
"Field Sparrow",2009,0.106496272630458
"Field Sparrow",2010,0.0416666666666667
"Field Sparrow",2011,0.0525210084033613
"Field Sparrow",2012,0.125293657008614
"Field Sparrow",2013,0.0330469266358229
"Field Sparrow",2014,0.0974658869395711
"Field Sparrow",2015,0.16557734204793
"Field Sparrow",2016,0.0779220779220779
"Field Sparrow",2017,0.121898127993034
"Field Sparrow",2018,0.0817438692098093
"Field Sparrow",2019,0.062143966856551
"Field Sparrow",2020,0.125
"Field Sparrow",2021,0.0888888888888889
"Field Sparrow",2022,0.046583850931677
"Field Sparrow",2023,0.0181708055723804
"Field Sparrow",2024,0
"Fox Sparrow",1999,0
"Fox Sparrow",2000,0
"Fox Sparrow",2001,0
"Fox Sparrow",2002,0
"Fox Sparrow",2003,0
"Fox Sparrow",2004,0
"Fox Sparrow",2005,0
"Fox Sparrow",2006,0
"Fox Sparrow",2007,0
"Fox Sparrow",2008,0
"Fox Sparrow",2009,0
"Fox Sparrow",2010,0
"Fox Sparrow",2011,0
"Fox Sparrow",2012,0
"Fox Sparrow",2013,0
"Fox Sparrow",2014,0
"Fox Sparrow",2015,0
"Fox Sparrow",2016,0
"Fox Sparrow",2017,0
"Fox Sparrow",2018,0
"Fox Sparrow",2019,0
"Fox Sparrow",2020,0
"Fox Sparrow",2021,0
"Fox Sparrow",2022,0
"Fox Sparrow",2023,0
"Fox Sparrow",2024,0
"Dark-eyed ""Slate-colored"" Junco",1999,0
"Dark-eyed ""Slate-colored"" Junco",2000,0
"Dark-eyed ""Slate-colored"" Junco",2001,0
"Dark-eyed ""Slate-colored"" Junco",2002,0
"Dark-eyed ""Slate-colored"" Junco",2003,0
"Dark-eyed ""Slate-colored"" Junco",2004,0
"Dark-eyed ""Slate-colored"" Junco",2005,0.0103573278094252
"Dark-eyed ""Slate-colored"" Junco",2006,0
"Dark-eyed ""Slate-colored"" Junco",2007,0
"Dark-eyed ""Slate-colored"" Junco",2008,0
"Dark-eyed ""Slate-colored"" Junco",2009,0
"Dark-eyed ""Slate-colored"" Junco",2010,0
"Dark-eyed ""Slate-colored"" Junco",2011,0
"Dark-eyed ""Slate-colored"" Junco",2012,0
"Dark-eyed ""Slate-colored"" Junco",2013,0
"Dark-eyed ""Slate-colored"" Junco",2014,0
"Dark-eyed ""Slate-colored"" Junco",2015,0
"Dark-eyed ""Slate-colored"" Junco",2016,0
"Dark-eyed ""Slate-colored"" Junco",2017,0
"Dark-eyed ""Slate-colored"" Junco",2018,0
"Dark-eyed ""Slate-colored"" Junco",2019,0
"Dark-eyed ""Slate-colored"" Junco",2020,0
"Dark-eyed ""Slate-colored"" Junco",2021,0
"Dark-eyed ""Slate-colored"" Junco",2022,0
"Dark-eyed ""Slate-colored"" Junco",2023,0
"Dark-eyed ""Slate-colored"" Junco",2024,0
"White-crowned Sparrow",1999,0
"White-crowned Sparrow",2000,0
"White-crowned Sparrow",2001,0
"White-crowned Sparrow",2002,0
"White-crowned Sparrow",2003,0
"White-crowned Sparrow",2004,0
"White-crowned Sparrow",2005,0
"White-crowned Sparrow",2006,0
"White-crowned Sparrow",2007,0.00838926174496644
"White-crowned Sparrow",2008,0
"White-crowned Sparrow",2009,0.0108225108225108
"White-crowned Sparrow",2010,0
"White-crowned Sparrow",2011,0
"White-crowned Sparrow",2012,0
"White-crowned Sparrow",2013,0
"White-crowned Sparrow",2014,0
"White-crowned Sparrow",2015,0
"White-crowned Sparrow",2016,0
"White-crowned Sparrow",2017,0
"White-crowned Sparrow",2018,0
"White-crowned Sparrow",2019,0
"White-crowned Sparrow",2020,0
"White-crowned Sparrow",2021,0
"White-crowned Sparrow",2022,0
"White-crowned Sparrow",2023,0
"White-crowned Sparrow",2024,0.0103573278094252
"White-throated Sparrow",1999,1.45281737949762
"White-throated Sparrow",2000,0.0251677852348993
"White-throated Sparrow",2001,0.0564516129032258
"White-throated Sparrow",2002,0.0757575757575758
"White-throated Sparrow",2003,0.272206303724928
"White-throated Sparrow",2004,0.0488698839340257
"White-throated Sparrow",2005,1.6460396039604
"White-throated Sparrow",2006,0.291338582677165
"White-throated Sparrow",2007,0.415335463258786
"White-throated Sparrow",2008,0.333333333333333
"White-throated Sparrow",2009,0.189075630252101
"White-throated Sparrow",2010,0.211433046202036
"White-throated Sparrow",2011,0.0594844679444812
"White-throated Sparrow",2012,0.00649772579597141
"White-throated Sparrow",2013,0.0435729847494553
"White-throated Sparrow",2014,0.0194805194805195
"White-throated Sparrow",2015,0.043535045711798
"White-throated Sparrow",2016,0.0544959128065395
"White-throated Sparrow",2017,0.0103573278094252
"White-throated Sparrow",2018,0
"White-throated Sparrow",2019,0
"White-throated Sparrow",2020,0.178571428571429
"White-throated Sparrow",2021,0.478497880072683
"White-throated Sparrow",2022,0.0274914089347079
"White-throated Sparrow",2023,0.0403225806451613
"White-throated Sparrow",2024,0.205973223480947
"Vesper Sparrow",1999,0
"Vesper Sparrow",2000,0
"Vesper Sparrow",2001,0
"Vesper Sparrow",2002,0
"Vesper Sparrow",2003,0
"Vesper Sparrow",2004,0
"Vesper Sparrow",2005,0
"Vesper Sparrow",2006,0
"Vesper Sparrow",2007,0
"Vesper Sparrow",2008,0
"Vesper Sparrow",2009,0
"Vesper Sparrow",2010,0
"Vesper Sparrow",2011,0
"Vesper Sparrow",2012,0
"Vesper Sparrow",2013,0
"Vesper Sparrow",2014,0
"Vesper Sparrow",2015,0
"Vesper Sparrow",2016,0
"Vesper Sparrow",2017,0
"Vesper Sparrow",2018,0
"Vesper Sparrow",2019,0
"Vesper Sparrow",2020,0
"Vesper Sparrow",2021,0
"Vesper Sparrow",2022,0
"Vesper Sparrow",2023,0
"Vesper Sparrow",2024,0
"Henslow's Sparrow",1999,0
"Henslow's Sparrow",2000,0
"Henslow's Sparrow",2001,0
"Henslow's Sparrow",2002,0
"Henslow's Sparrow",2003,0
"Henslow's Sparrow",2004,0
"Henslow's Sparrow",2005,0
"Henslow's Sparrow",2006,0
"Henslow's Sparrow",2007,0
"Henslow's Sparrow",2008,0
"Henslow's Sparrow",2009,0
"Henslow's Sparrow",2010,0
"Henslow's Sparrow",2011,0
"Henslow's Sparrow",2012,0
"Henslow's Sparrow",2013,0
"Henslow's Sparrow",2014,0
"Henslow's Sparrow",2015,0
"Henslow's Sparrow",2016,0
"Henslow's Sparrow",2017,0
"Henslow's Sparrow",2018,0
"Henslow's Sparrow",2019,0
"Henslow's Sparrow",2020,0
"Henslow's Sparrow",2021,0
"Henslow's Sparrow",2022,0
"Henslow's Sparrow",2023,0
"Henslow's Sparrow",2024,0
"Savannah Sparrow",1999,0.046583850931677
"Savannah Sparrow",2000,0
"Savannah Sparrow",2001,0.0206185567010309
"Savannah Sparrow",2002,0
"Savannah Sparrow",2003,0.0205973223480947
"Savannah Sparrow",2004,0.0271554650373388
"Savannah Sparrow",2005,0.0335570469798658
"Savannah Sparrow",2006,0.032258064516129
"Savannah Sparrow",2007,0.0378787878787879
"Savannah Sparrow",2008,0.0501432664756447
"Savannah Sparrow",2009,0.00610873549175321
"Savannah Sparrow",2010,0.0185643564356436
"Savannah Sparrow",2011,0.015748031496063
"Savannah Sparrow",2012,0
"Savannah Sparrow",2013,0.0625
"Savannah Sparrow",2014,0.0105042016806723
"Savannah Sparrow",2015,0
"Savannah Sparrow",2016,0.0198281559814937
"Savannah Sparrow",2017,0.00649772579597141
"Savannah Sparrow",2018,0
"Savannah Sparrow",2019,0
"Savannah Sparrow",2020,0.0174140182847192
"Savannah Sparrow",2021,0.0272479564032698
"Savannah Sparrow",2022,0.0725012946659762
"Savannah Sparrow",2023,0
"Savannah Sparrow",2024,0.0266666666666667
"Song Sparrow",1999,0.0725806451612903
"Song Sparrow",2000,0.146103896103896
"Song Sparrow",2001,0.150429799426934
"Song Sparrow",2002,0.177153329260843
"Song Sparrow",2003,0.327970297029703
"Song Sparrow",2004,0.401574803149606
"Song Sparrow",2005,0.521831735889244
"Song Sparrow",2006,0.59375
"Song Sparrow",2007,0.309873949579832
"Song Sparrow",2008,0.360219263899765
"Song Sparrow",2009,0.330469266358229
"Song Sparrow",2010,0.32488628979857
"Song Sparrow",2011,0.601307189542484
"Song Sparrow",2012,0.363636363636364
"Song Sparrow",2013,0.252503265128428
"Song Sparrow",2014,0.147138964577657
"Song Sparrow",2015,0.569653029518384
"Song Sparrow",2016,0.340277777777778
"Song Sparrow",2017,0.328888888888889
"Song Sparrow",2018,0.450310559006211
"Song Sparrow",2019,0.357359176256814
"Song Sparrow",2020,0.15807560137457
"Song Sparrow",2021,0.435483870967742
"Song Sparrow",2022,0.535530381050463
"Song Sparrow",2023,0.183299389002037
"Song Sparrow",2024,0.402684563758389
"Swamp Sparrow",1999,0.09375
"Swamp Sparrow",2000,0.0105042016806723
"Swamp Sparrow",2001,0.0469851213782302
"Swamp Sparrow",2002,0.0198281559814937
"Swamp Sparrow",2003,0.0129954515919428
"Swamp Sparrow",2004,0.0174291938997821
"Swamp Sparrow",2005,0.0844155844155844
"Swamp Sparrow",2006,0.0348280365694384
"Swamp Sparrow",2007,0.119891008174387
"Swamp Sparrow",2008,0.062143966856551
"Swamp Sparrow",2009,0.0347222222222222
"Swamp Sparrow",2010,0.0355555555555556
"Swamp Sparrow",2011,0.046583850931677
"Swamp Sparrow",2012,0.00605693519079346
"Swamp Sparrow",2013,0.00687285223367698
"Swamp Sparrow",2014,0
"Swamp Sparrow",2015,0.0205973223480947
"Swamp Sparrow",2016,0.0407331975560081
"Swamp Sparrow",2017,0.0167785234899329
"Swamp Sparrow",2018,0
"Swamp Sparrow",2019,0
"Swamp Sparrow",2020,0.0214899713467049
"Swamp Sparrow",2021,0.116065974343311
"Swamp Sparrow",2022,0.0185643564356436
"Swamp Sparrow",2023,0.0078740157480315
"Swamp Sparrow",2024,0.149094781682641
"Eastern Towhee",1999,1.52372659991293
"Eastern Towhee",2000,1.32425068119891
"Eastern Towhee",2001,2.50647332988089
"Eastern Towhee",2002,2.50694444444444
"Eastern Towhee",2003,3.04
"Eastern Towhee",2004,1.97981366459627
"Eastern Towhee",2005,1.62325863113265
"Eastern Towhee",2006,2
"Eastern Towhee",2007,1.91129032258065
"Eastern Towhee",2008,2.91452111225541
"Eastern Towhee",2009,1.56822810590631
"Eastern Towhee",2010,1.71979865771812
"Eastern Towhee",2011,1.45161290322581
"Eastern Towhee",2012,0.946969696969697
"Eastern Towhee",2013,0.565902578796562
"Eastern Towhee",2014,1.41111789859499
"Eastern Towhee",2015,1.21287128712871
"Eastern Towhee",2016,1.20472440944882
"Eastern Towhee",2017,1.58679446219382
"Eastern Towhee",2018,1.60416666666667
"Eastern Towhee",2019,0.635504201680672
"Eastern Towhee",2020,1.20595144870791
"Eastern Towhee",2021,0.92531394580304
"Eastern Towhee",2022,0.695256660168941
"Eastern Towhee",2023,1.11546840958606
"Eastern Towhee",2024,0.538961038961039
"Yellow-breasted Chat",1999,0.240549828178694
"Yellow-breasted Chat",2000,0.580645161290323
"Yellow-breasted Chat",2001,0.576725025746653
"Yellow-breasted Chat",2002,0.386965376782077
"Yellow-breasted Chat",2003,0.461409395973154
"Yellow-breasted Chat",2004,0.379032258064516
"Yellow-breasted Chat",2005,0.178571428571429
"Yellow-breasted Chat",2006,0.293696275071633
"Yellow-breasted Chat",2007,0.244349419670128
"Yellow-breasted Chat",2008,0.253712871287129
"Yellow-breasted Chat",2009,0.259842519685039
"Yellow-breasted Chat",2010,0.319488817891374
"Yellow-breasted Chat",2011,0.416666666666667
"Yellow-breasted Chat",2012,0.173319327731092
"Yellow-breasted Chat",2013,0.203602192638998
"Yellow-breasted Chat",2014,0.178453403833443
"Yellow-breasted Chat",2015,0.162443144899285
"Yellow-breasted Chat",2016,0.113289760348584
"Yellow-breasted Chat",2017,0.188311688311688
"Yellow-breasted Chat",2018,0.174140182847192
"Yellow-breasted Chat",2019,0.158038147138965
"Yellow-breasted Chat",2020,0.393578456758156
"Yellow-breasted Chat",2021,0.145833333333333
"Yellow-breasted Chat",2022,0.142222222222222
"Yellow-breasted Chat",2023,0.256211180124224
"Yellow-breasted Chat",2024,0.224106602059358
"Bobolink",1999,0.286532951289398
"Bobolink",2000,0.30543677458766
"Bobolink",2001,0.228960396039604
"Bobolink",2002,0
"Bobolink",2003,1.70394036208733
"Bobolink",2004,0.78125
"Bobolink",2005,0.0262605042016807
"Bobolink",2006,0.0391542678151919
"Bobolink",2007,0.23132848645076
"Bobolink",2008,0.0129954515919428
"Bobolink",2009,0
"Bobolink",2010,0
"Bobolink",2011,0.409229429690901
"Bobolink",2012,0
"Bobolink",2013,0.145002589331952
"Bobolink",2014,0.138888888888889
"Bobolink",2015,0
"Bobolink",2016,0.124223602484472
"Bobolink",2017,0.0181708055723804
"Bobolink",2018,0
"Bobolink",2019,0.0806451612903226
"Bobolink",2020,1.85375901132853
"Bobolink",2021,0.108621860149355
"Bobolink",2022,0.125838926174497
"Bobolink",2023,0
"Bobolink",2024,0.378787878787879
"Eastern Meadowlark",1999,0.305403288958496
"Eastern Meadowlark",2000,0.152015862524785
"Eastern Meadowlark",2001,0.103963612735543
"Eastern Meadowlark",2002,0.235294117647059
"Eastern Meadowlark",2003,0.0779220779220779
"Eastern Meadowlark",2004,0.104484109708315
"Eastern Meadowlark",2005,0.0163487738419619
"Eastern Meadowlark",2006,0.341791817711031
"Eastern Meadowlark",2007,0.111111111111111
"Eastern Meadowlark",2008,0.106666666666667
"Eastern Meadowlark",2009,0.046583850931677
"Eastern Meadowlark",2010,0.109024833434282
"Eastern Meadowlark",2011,0.0824742268041237
"Eastern Meadowlark",2012,0.104838709677419
"Eastern Meadowlark",2013,0.185375901132853
"Eastern Meadowlark",2014,0.088255261371351
"Eastern Meadowlark",2015,0.0838926174496644
"Eastern Meadowlark",2016,0.0483870967741935
"Eastern Meadowlark",2017,0.0432900432900433
"Eastern Meadowlark",2018,0.0644699140401146
"Eastern Meadowlark",2019,0.0855222968845449
"Eastern Meadowlark",2020,0.0804455445544554
"Eastern Meadowlark",2021,0.0866141732283465
"Eastern Meadowlark",2022,0.138445154419595
"Eastern Meadowlark",2023,0.145833333333333
"Eastern Meadowlark",2024,0.0367647058823529
"Orchard Oriole",1999,0.165717244950803
"Orchard Oriole",2000,0.152777777777778
"Orchard Oriole",2001,0.186666666666667
"Orchard Oriole",2002,0.240683229813665
"Orchard Oriole",2003,0.102967898243489
"Orchard Oriole",2004,0.103092783505155
"Orchard Oriole",2005,0.145161290322581
"Orchard Oriole",2006,0.23686920700309
"Orchard Oriole",2007,0.278343516632722
"Orchard Oriole",2008,0.11744966442953
"Orchard Oriole",2009,0.145161290322581
"Orchard Oriole",2010,0.151515151515152
"Orchard Oriole",2011,0.136103151862464
"Orchard Oriole",2012,0.128283445326817
"Orchard Oriole",2013,0.0742574257425743
"Orchard Oriole",2014,0.102362204724409
"Orchard Oriole",2015,0.266240681576145
"Orchard Oriole",2016,0.15625
"Orchard Oriole",2017,0.0892857142857143
"Orchard Oriole",2018,0.0548159749412686
"Orchard Oriole",2019,0.112359550561798
"Orchard Oriole",2020,0.32488628979857
"Orchard Oriole",2021,0.374727668845316
"Orchard Oriole",2022,0.116883116883117
"Orchard Oriole",2023,0.269917283413148
"Orchard Oriole",2024,0.0926430517711172
"Baltimore Oriole",1999,0.082389289392379
"Baltimore Oriole",2000,0.0135777325186694
"Baltimore Oriole",2001,0.0335570469798658
"Baltimore Oriole",2002,0.00806451612903226
"Baltimore Oriole",2003,0.0541125541125541
"Baltimore Oriole",2004,0
"Baltimore Oriole",2005,0.0183262064752596
"Baltimore Oriole",2006,0.0433168316831683
"Baltimore Oriole",2007,0.0236220472440945
"Baltimore Oriole",2008,0.0638977635782748
"Baltimore Oriole",2009,0
"Baltimore Oriole",2010,0.0105042016806723
"Baltimore Oriole",2011,0.00783085356303837
"Baltimore Oriole",2012,0
"Baltimore Oriole",2013,0.00649772579597141
"Baltimore Oriole",2014,0
"Baltimore Oriole",2015,0
"Baltimore Oriole",2016,0.0348280365694384
"Baltimore Oriole",2017,0.0163487738419619
"Baltimore Oriole",2018,0
"Baltimore Oriole",2019,0.00694444444444444
"Baltimore Oriole",2020,0.0266666666666667
"Baltimore Oriole",2021,0.0232919254658385
"Baltimore Oriole",2022,0.0121138703815869
"Baltimore Oriole",2023,0.013745704467354
"Baltimore Oriole",2024,0
"Red-winged Blackbird",1999,0.445544554455446
"Red-winged Blackbird",2000,0.850393700787402
"Red-winged Blackbird",2001,1.79978700745474
"Red-winged Blackbird",2002,1.30208333333333
"Red-winged Blackbird",2003,0.840336134453782
"Red-winged Blackbird",2004,0.642129992169146
"Red-winged Blackbird",2005,0.515532055518837
"Red-winged Blackbird",2006,0.591293047433398
"Red-winged Blackbird",2007,1.34204793028322
"Red-winged Blackbird",2008,0.558441558441558
"Red-winged Blackbird",2009,0.740095777100566
"Red-winged Blackbird",2010,0.4141689373297
"Red-winged Blackbird",2011,1.02537545313309
"Red-winged Blackbird",2012,0.506944444444444
"Red-winged Blackbird",2013,0.346666666666667
"Red-winged Blackbird",2014,0.535714285714286
"Red-winged Blackbird",2015,0.593579648697759
"Red-winged Blackbird",2016,0.219931271477663
"Red-winged Blackbird",2017,0.306451612903226
"Red-winged Blackbird",2018,0.350154479917611
"Red-winged Blackbird",2019,0.278343516632722
"Red-winged Blackbird",2020,0.855704697986577
"Red-winged Blackbird",2021,0.951612903225806
"Red-winged Blackbird",2022,0.227272727272727
"Red-winged Blackbird",2023,0.537249283667622
"Red-winged Blackbird",2024,0.32376298106292
"Brown-headed Cowbird",1999,0.409356725146199
"Brown-headed Cowbird",2000,1.01089324618736
"Brown-headed Cowbird",2001,0.974025974025974
"Brown-headed Cowbird",2002,1.4018284719199
"Brown-headed Cowbird",2003,1.08991825613079
"Brown-headed Cowbird",2004,0.952874158467116
"Brown-headed Cowbird",2005,1.41666666666667
"Brown-headed Cowbird",2006,1.45777777777778
"Brown-headed Cowbird",2007,1.36645962732919
"Brown-headed Cowbird",2008,0.999394306480921
"Brown-headed Cowbird",2009,0.865979381443299
"Brown-headed Cowbird",2010,1.20161290322581
"Brown-headed Cowbird",2011,1.61688980432544
"Brown-headed Cowbird",2012,1.12016293279022
"Brown-headed Cowbird",2013,0.61241610738255
"Brown-headed Cowbird",2014,1.20161290322581
"Brown-headed Cowbird",2015,0.611471861471861
"Brown-headed Cowbird",2016,0.644699140401146
"Brown-headed Cowbird",2017,0.824679291386683
"Brown-headed Cowbird",2018,0.792079207920792
"Brown-headed Cowbird",2019,1.13385826771654
"Brown-headed Cowbird",2020,2.11927582534611
"Brown-headed Cowbird",2021,1.67708333333333
"Brown-headed Cowbird",2022,0.698529411764706
"Brown-headed Cowbird",2023,0.994518402505873
"Brown-headed Cowbird",2024,0.674157303370786
"Rusty Blackbird",1999,0
"Rusty Blackbird",2000,0
"Rusty Blackbird",2001,0
"Rusty Blackbird",2002,0
"Rusty Blackbird",2003,0
"Rusty Blackbird",2004,0
"Rusty Blackbird",2005,0
"Rusty Blackbird",2006,0
"Rusty Blackbird",2007,0
"Rusty Blackbird",2008,0
"Rusty Blackbird",2009,0
"Rusty Blackbird",2010,0.0610873549175321
"Rusty Blackbird",2011,0
"Rusty Blackbird",2012,0
"Rusty Blackbird",2013,0
"Rusty Blackbird",2014,0
"Rusty Blackbird",2015,0
"Rusty Blackbird",2016,0.00783085356303837
"Rusty Blackbird",2017,0
"Rusty Blackbird",2018,0
"Rusty Blackbird",2019,0
"Rusty Blackbird",2020,0
"Rusty Blackbird",2021,0
"Rusty Blackbird",2022,0
"Rusty Blackbird",2023,0
"Rusty Blackbird",2024,0
"Brewer's Blackbird",1999,0
"Brewer's Blackbird",2000,0
"Brewer's Blackbird",2001,0
"Brewer's Blackbird",2002,0
"Brewer's Blackbird",2003,0
"Brewer's Blackbird",2004,0
"Brewer's Blackbird",2005,0
"Brewer's Blackbird",2006,0
"Brewer's Blackbird",2007,0
"Brewer's Blackbird",2008,0
"Brewer's Blackbird",2009,0
"Brewer's Blackbird",2010,0
"Brewer's Blackbird",2011,0
"Brewer's Blackbird",2012,0
"Brewer's Blackbird",2013,0
"Brewer's Blackbird",2014,0
"Brewer's Blackbird",2015,0
"Brewer's Blackbird",2016,0
"Brewer's Blackbird",2017,0
"Brewer's Blackbird",2018,0
"Brewer's Blackbird",2019,0
"Brewer's Blackbird",2020,0
"Brewer's Blackbird",2021,0
"Brewer's Blackbird",2022,0
"Brewer's Blackbird",2023,0
"Brewer's Blackbird",2024,0
"Common Grackle",1999,2.93929712460064
"Common Grackle",2000,4.07291666666667
"Common Grackle",2001,2.44747899159664
"Common Grackle",2002,3.05403288958496
"Common Grackle",2003,2.23397224058163
"Common Grackle",2004,2.14424951267057
"Common Grackle",2005,2.58823529411765
"Common Grackle",2006,2.0974025974026
"Common Grackle",2007,2.76882890727035
"Common Grackle",2008,1.32425068119891
"Common Grackle",2009,1.62610046607975
"Common Grackle",2010,1
"Common Grackle",2011,1.19111111111111
"Common Grackle",2012,1.50621118012422
"Common Grackle",2013,1.13264688067838
"Common Grackle",2014,1.34020618556701
"Common Grackle",2015,1.84677419354839
"Common Grackle",2016,1.88465499485067
"Common Grackle",2017,1.3509843856076
"Common Grackle",2018,0.805369127516778
"Common Grackle",2019,0.838709677419355
"Common Grackle",2020,0.73051948051948
"Common Grackle",2021,0.773638968481375
"Common Grackle",2022,0.574221136224802
"Common Grackle",2023,0.872524752475248
"Common Grackle",2024,0.62992125984252
"Ovenbird",1999,0.454545454545455
"Ovenbird",2000,0.940356987374837
"Ovenbird",2001,0.632152588555858
"Ovenbird",2002,1.42931123770067
"Ovenbird",2003,1.0625
"Ovenbird",2004,0.853333333333333
"Ovenbird",2005,1.38198757763975
"Ovenbird",2006,0.854027861901878
"Ovenbird",2007,0.852233676975945
"Ovenbird",2008,0.838709677419355
"Ovenbird",2009,1.38002059732235
"Ovenbird",2010,0.957230142566191
"Ovenbird",2011,0.696308724832215
"Ovenbird",2012,0.75
"Ovenbird",2013,0.438311688311688
"Ovenbird",2014,0.90974212034384
"Ovenbird",2015,0.580329871716555
"Ovenbird",2016,0.748762376237624
"Ovenbird",2017,0.724409448818898
"Ovenbird",2018,0.830670926517572
"Ovenbird",2019,0.583333333333333
"Ovenbird",2020,0.546218487394958
"Ovenbird",2021,0.806577916992952
"Ovenbird",2022,0.264375413086583
"Ovenbird",2023,0.305393112410656
"Ovenbird",2024,0.435729847494553
"Worm-eating Warbler",1999,0.0121138703815869
"Worm-eating Warbler",2000,0
"Worm-eating Warbler",2001,0.00806451612903226
"Worm-eating Warbler",2002,0.0102986611740474
"Worm-eating Warbler",2003,0.00678886625933469
"Worm-eating Warbler",2004,0.0251677852348993
"Worm-eating Warbler",2005,0.0887096774193548
"Worm-eating Warbler",2006,0.0162337662337662
"Worm-eating Warbler",2007,0.0143266475644699
"Worm-eating Warbler",2008,0.00610873549175321
"Worm-eating Warbler",2009,0
"Worm-eating Warbler",2010,0.0708661417322835
"Worm-eating Warbler",2011,0
"Worm-eating Warbler",2012,0.0104166666666667
"Worm-eating Warbler",2013,0.00525210084033613
"Worm-eating Warbler",2014,0
"Worm-eating Warbler",2015,0.00660938532716457
"Worm-eating Warbler",2016,0.0129954515919428
"Worm-eating Warbler",2017,0.00871459694989107
"Worm-eating Warbler",2018,0.012987012987013
"Worm-eating Warbler",2019,0
"Worm-eating Warbler",2020,0.00544959128065395
"Worm-eating Warbler",2021,0.0207146556188503
"Worm-eating Warbler",2022,0.00694444444444444
"Worm-eating Warbler",2023,0
"Worm-eating Warbler",2024,0
"Louisiana Waterthrush",1999,0.0595238095238095
"Louisiana Waterthrush",2000,0.0931232091690544
"Louisiana Waterthrush",2001,0.0794135613927917
"Louisiana Waterthrush",2002,0.185643564356436
"Louisiana Waterthrush",2003,0.228346456692913
"Louisiana Waterthrush",2004,0.20234291799787
"Louisiana Waterthrush",2005,0.15625
"Louisiana Waterthrush",2006,0.0367647058823529
"Louisiana Waterthrush",2007,0.125293657008614
"Louisiana Waterthrush",2008,0.0727032385988103
"Louisiana Waterthrush",2009,0.110461338531514
"Louisiana Waterthrush",2010,0.113289760348584
"Louisiana Waterthrush",2011,0.0584415584415584
"Louisiana Waterthrush",2012,0.174140182847192
"Louisiana Waterthrush",2013,0.0435967302452316
"Louisiana Waterthrush",2014,0.217503883997929
"Louisiana Waterthrush",2015,0.0763888888888889
"Louisiana Waterthrush",2016,0.16
"Louisiana Waterthrush",2017,0.240683229813665
"Louisiana Waterthrush",2018,0.109024833434282
"Louisiana Waterthrush",2019,0.0893470790378007
"Louisiana Waterthrush",2020,0.161290322580645
"Louisiana Waterthrush",2021,0.164778578784758
"Louisiana Waterthrush",2022,0.0610997963340122
"Louisiana Waterthrush",2023,0.125838926174497
"Louisiana Waterthrush",2024,0.112903225806452
"Northern Waterthrush",1999,0.0315126050420168
"Northern Waterthrush",2000,0.0783085356303837
"Northern Waterthrush",2001,0.0264375413086583
"Northern Waterthrush",2002,0.0909681611435997
"Northern Waterthrush",2003,0.0522875816993464
"Northern Waterthrush",2004,0.038961038961039
"Northern Waterthrush",2005,0.0609490639965172
"Northern Waterthrush",2006,0
"Northern Waterthrush",2007,0.227861211807354
"Northern Waterthrush",2008,0.0277777777777778
"Northern Waterthrush",2009,0.0533333333333333
"Northern Waterthrush",2010,0.062111801242236
"Northern Waterthrush",2011,0.0121138703815869
"Northern Waterthrush",2012,0.0687285223367698
"Northern Waterthrush",2013,0.032258064516129
"Northern Waterthrush",2014,0.154479917610711
"Northern Waterthrush",2015,0.0135777325186694
"Northern Waterthrush",2016,0.100671140939597
"Northern Waterthrush",2017,0.145161290322581
"Northern Waterthrush",2018,0.0162337662337662
"Northern Waterthrush",2019,0.0286532951289398
"Northern Waterthrush",2020,0.0977397678680513
"Northern Waterthrush",2021,0.142326732673267
"Northern Waterthrush",2022,0.078740157480315
"Northern Waterthrush",2023,0.0638977635782748
"Northern Waterthrush",2024,0.0416666666666667
"Golden-winged Warbler",1999,0
"Golden-winged Warbler",2000,0
"Golden-winged Warbler",2001,0
"Golden-winged Warbler",2002,0
"Golden-winged Warbler",2003,0
"Golden-winged Warbler",2004,0
"Golden-winged Warbler",2005,0
"Golden-winged Warbler",2006,0
"Golden-winged Warbler",2007,0
"Golden-winged Warbler",2008,0
"Golden-winged Warbler",2009,0
"Golden-winged Warbler",2010,0
"Golden-winged Warbler",2011,0
"Golden-winged Warbler",2012,0
"Golden-winged Warbler",2013,0
"Golden-winged Warbler",2014,0
"Golden-winged Warbler",2015,0
"Golden-winged Warbler",2016,0
"Golden-winged Warbler",2017,0
"Golden-winged Warbler",2018,0
"Golden-winged Warbler",2019,0
"Golden-winged Warbler",2020,0
"Golden-winged Warbler",2021,0
"Golden-winged Warbler",2022,0
"Golden-winged Warbler",2023,0
"Golden-winged Warbler",2024,0
"Blue-winged Warbler",1999,0.0967741935483871
"Blue-winged Warbler",2000,0
"Blue-winged Warbler",2001,0
"Blue-winged Warbler",2002,0
"Blue-winged Warbler",2003,0
"Blue-winged Warbler",2004,0
"Blue-winged Warbler",2005,0.0286532951289398
"Blue-winged Warbler",2006,0
"Blue-winged Warbler",2007,0.00618811881188119
"Blue-winged Warbler",2008,0.015748031496063
"Blue-winged Warbler",2009,0
"Blue-winged Warbler",2010,0.0104166666666667
"Blue-winged Warbler",2011,0
"Blue-winged Warbler",2012,0
"Blue-winged Warbler",2013,0
"Blue-winged Warbler",2014,0
"Blue-winged Warbler",2015,0.0174291938997821
"Blue-winged Warbler",2016,0
"Blue-winged Warbler",2017,0
"Blue-winged Warbler",2018,0
"Blue-winged Warbler",2019,0.0103573278094252
"Blue-winged Warbler",2020,0.0138888888888889
"Blue-winged Warbler",2021,0.0177777777777778
"Blue-winged Warbler",2022,0
"Blue-winged Warbler",2023,0
"Blue-winged Warbler",2024,0
"Black-and-white Warbler",1999,0.207697006719609
"Black-and-white Warbler",2000,0.0618811881188119
"Black-and-white Warbler",2001,0.173228346456693
"Black-and-white Warbler",2002,0.340788072417465
"Black-and-white Warbler",2003,0.520833333333333
"Black-and-white Warbler",2004,0.0945378151260504
"Black-and-white Warbler",2005,0.642129992169146
"Black-and-white Warbler",2006,0.118968935888962
"Black-and-white Warbler",2007,0.201429499675114
"Black-and-white Warbler",2008,0.209150326797386
"Black-and-white Warbler",2009,0.207792207792208
"Black-and-white Warbler",2010,0.21767522855899
"Black-and-white Warbler",2011,0.168937329700272
"Black-and-white Warbler",2012,0.176074572760228
"Black-and-white Warbler",2013,0.0625
"Black-and-white Warbler",2014,0.195555555555556
"Black-and-white Warbler",2015,0.031055900621118
"Black-and-white Warbler",2016,0.211992731677771
"Black-and-white Warbler",2017,0.103092783505155
"Black-and-white Warbler",2018,0.0806451612903226
"Black-and-white Warbler",2019,0.0308959835221421
"Black-and-white Warbler",2020,0.631364562118126
"Black-and-white Warbler",2021,0.461409395973154
"Black-and-white Warbler",2022,0.258064516129032
"Black-and-white Warbler",2023,0.0432900432900433
"Black-and-white Warbler",2024,0.0859598853868195
"Prothonotary Warbler",1999,0.092531394580304
"Prothonotary Warbler",2000,0.233918128654971
"Prothonotary Warbler",2001,0.32244008714597
"Prothonotary Warbler",2002,0.305194805194805
"Prothonotary Warbler",2003,0.304745319982586
"Prothonotary Warbler",2004,0.190735694822888
"Prothonotary Warbler",2005,0.538581046090109
"Prothonotary Warbler",2006,0.368055555555556
"Prothonotary Warbler",2007,0.453333333333333
"Prothonotary Warbler",2008,0.380434782608696
"Prothonotary Warbler",2009,0.218049666868565
"Prothonotary Warbler",2010,0.309278350515464
"Prothonotary Warbler",2011,0.185483870967742
"Prothonotary Warbler",2012,0.329557157569516
"Prothonotary Warbler",2013,0.230821452817379
"Prothonotary Warbler",2014,0.243288590604027
"Prothonotary Warbler",2015,0.362903225806452
"Prothonotary Warbler",2016,0.124458874458874
"Prothonotary Warbler",2017,0.207736389684814
"Prothonotary Warbler",2018,0.0855222968845449
"Prothonotary Warbler",2019,0.136138613861386
"Prothonotary Warbler",2020,0.362204724409449
"Prothonotary Warbler",2021,0.60702875399361
"Prothonotary Warbler",2022,0.1875
"Prothonotary Warbler",2023,0.120798319327731
"Prothonotary Warbler",2024,0.219263899765074
"Swainson's Warbler",1999,0
"Swainson's Warbler",2000,0
"Swainson's Warbler",2001,0
"Swainson's Warbler",2002,0.00605693519079346
"Swainson's Warbler",2003,0
"Swainson's Warbler",2004,0
"Swainson's Warbler",2005,0
"Swainson's Warbler",2006,0
"Swainson's Warbler",2007,0
"Swainson's Warbler",2008,0
"Swainson's Warbler",2009,0
"Swainson's Warbler",2010,0
"Swainson's Warbler",2011,0
"Swainson's Warbler",2012,0
"Swainson's Warbler",2013,0
"Swainson's Warbler",2014,0
"Swainson's Warbler",2015,0
"Swainson's Warbler",2016,0
"Swainson's Warbler",2017,0
"Swainson's Warbler",2018,0
"Swainson's Warbler",2019,0
"Swainson's Warbler",2020,0
"Swainson's Warbler",2021,0
"Swainson's Warbler",2022,0
"Swainson's Warbler",2023,0
"Swainson's Warbler",2024,0
"Tennessee Warbler",1999,0
"Tennessee Warbler",2000,0
"Tennessee Warbler",2001,0
"Tennessee Warbler",2002,0
"Tennessee Warbler",2003,0
"Tennessee Warbler",2004,0
"Tennessee Warbler",2005,0.00618811881188119
"Tennessee Warbler",2006,0
"Tennessee Warbler",2007,0
"Tennessee Warbler",2008,0
"Tennessee Warbler",2009,0
"Tennessee Warbler",2010,0
"Tennessee Warbler",2011,0
"Tennessee Warbler",2012,0
"Tennessee Warbler",2013,0
"Tennessee Warbler",2014,0
"Tennessee Warbler",2015,0
"Tennessee Warbler",2016,0
"Tennessee Warbler",2017,0
"Tennessee Warbler",2018,0
"Tennessee Warbler",2019,0
"Tennessee Warbler",2020,0
"Tennessee Warbler",2021,0
"Tennessee Warbler",2022,0.00687285223367698
"Tennessee Warbler",2023,0
"Tennessee Warbler",2024,0
"Orange-crowned Warbler",1999,0
"Orange-crowned Warbler",2000,0
"Orange-crowned Warbler",2001,0
"Orange-crowned Warbler",2002,0
"Orange-crowned Warbler",2003,0
"Orange-crowned Warbler",2004,0
"Orange-crowned Warbler",2005,0
"Orange-crowned Warbler",2006,0
"Orange-crowned Warbler",2007,0
"Orange-crowned Warbler",2008,0
"Orange-crowned Warbler",2009,0
"Orange-crowned Warbler",2010,0
"Orange-crowned Warbler",2011,0
"Orange-crowned Warbler",2012,0
"Orange-crowned Warbler",2013,0
"Orange-crowned Warbler",2014,0
"Orange-crowned Warbler",2015,0
"Orange-crowned Warbler",2016,0
"Orange-crowned Warbler",2017,0
"Orange-crowned Warbler",2018,0
"Orange-crowned Warbler",2019,0
"Orange-crowned Warbler",2020,0
"Orange-crowned Warbler",2021,0
"Orange-crowned Warbler",2022,0
"Orange-crowned Warbler",2023,0
"Orange-crowned Warbler",2024,0
"Nashville Warbler",1999,0
"Nashville Warbler",2000,0
"Nashville Warbler",2001,0
"Nashville Warbler",2002,0
"Nashville Warbler",2003,0
"Nashville Warbler",2004,0
"Nashville Warbler",2005,0.00888888888888889
"Nashville Warbler",2006,0
"Nashville Warbler",2007,0
"Nashville Warbler",2008,0
"Nashville Warbler",2009,0
"Nashville Warbler",2010,0
"Nashville Warbler",2011,0
"Nashville Warbler",2012,0
"Nashville Warbler",2013,0
"Nashville Warbler",2014,0
"Nashville Warbler",2015,0
"Nashville Warbler",2016,0
"Nashville Warbler",2017,0
"Nashville Warbler",2018,0
"Nashville Warbler",2019,0
"Nashville Warbler",2020,0
"Nashville Warbler",2021,0
"Nashville Warbler",2022,0
"Nashville Warbler",2023,0
"Nashville Warbler",2024,0
"Kentucky Warbler",1999,0.0388198757763975
"Kentucky Warbler",2000,0.0605693519079346
"Kentucky Warbler",2001,0.0343642611683849
"Kentucky Warbler",2002,0.0241935483870968
"Kentucky Warbler",2003,0.0926879505664263
"Kentucky Warbler",2004,0.0203665987780041
"Kentucky Warbler",2005,0.0167785234899329
"Kentucky Warbler",2006,0.0645161290322581
"Kentucky Warbler",2007,0.0270562770562771
"Kentucky Warbler",2008,0.0143266475644699
"Kentucky Warbler",2009,0.0366524129505192
"Kentucky Warbler",2010,0.0495049504950495
"Kentucky Warbler",2011,0.0551181102362205
"Kentucky Warbler",2012,0.0425985090521832
"Kentucky Warbler",2013,0.03125
"Kentucky Warbler",2014,0
"Kentucky Warbler",2015,0.00783085356303837
"Kentucky Warbler",2016,0.0528750826173166
"Kentucky Warbler",2017,0.0519818063677713
"Kentucky Warbler",2018,0
"Kentucky Warbler",2019,0.0324675324675325
"Kentucky Warbler",2020,0.0174140182847192
"Kentucky Warbler",2021,0.0217983651226158
"Kentucky Warbler",2022,0.0103573278094252
"Kentucky Warbler",2023,0.00694444444444444
"Kentucky Warbler",2024,0
"Common Yellowthroat",1999,0.798387096774194
"Common Yellowthroat",2000,0.557359307359307
"Common Yellowthroat",2001,1.01719197707736
"Common Yellowthroat",2002,0.910201588271228
"Common Yellowthroat",2003,0.847772277227723
"Common Yellowthroat",2004,1.28346456692913
"Common Yellowthroat",2005,1.30990415335463
"Common Yellowthroat",2006,1.05208333333333
"Common Yellowthroat",2007,0.908613445378151
"Common Yellowthroat",2008,0.924040720438528
"Common Yellowthroat",2009,0.680766688697951
"Common Yellowthroat",2010,0.467836257309941
"Common Yellowthroat",2011,0.827886710239651
"Common Yellowthroat",2012,0.75974025974026
"Common Yellowthroat",2013,0.853286895951241
"Common Yellowthroat",2014,0.724795640326976
"Common Yellowthroat",2015,1.04609010875194
"Common Yellowthroat",2016,0.868055555555556
"Common Yellowthroat",2017,0.96
"Common Yellowthroat",2018,0.388198757763975
"Common Yellowthroat",2019,0.339188370684434
"Common Yellowthroat",2020,0.852233676975945
"Common Yellowthroat",2021,1.63709677419355
"Common Yellowthroat",2022,1.27703398558187
"Common Yellowthroat",2023,0.577053632043449
"Common Yellowthroat",2024,1.11577181208054
"Hooded Warbler",1999,0.385416666666667
"Hooded Warbler",2000,0.341386554621849
"Hooded Warbler",2001,0.454189506656226
"Hooded Warbler",2002,0.46265697290152
"Hooded Warbler",2003,0.480831708901884
"Hooded Warbler",2004,0.479302832244009
"Hooded Warbler",2005,0.396103896103896
"Hooded Warbler",2006,0.43535045711798
"Hooded Warbler",2007,0.212534059945504
"Hooded Warbler",2008,0.476437079233558
"Hooded Warbler",2009,0.361111111111111
"Hooded Warbler",2010,0.435555555555556
"Hooded Warbler",2011,0.225155279503106
"Hooded Warbler",2012,0.187764990914597
"Hooded Warbler",2013,0.268041237113402
"Hooded Warbler",2014,0.185483870967742
"Hooded Warbler",2015,0.319258496395468
"Hooded Warbler",2016,0.210454854039375
"Hooded Warbler",2017,0.268456375838926
"Hooded Warbler",2018,0.306451612903226
"Hooded Warbler",2019,0.151515151515152
"Hooded Warbler",2020,0.336676217765043
"Hooded Warbler",2021,0.397067806963958
"Hooded Warbler",2022,0.167079207920792
"Hooded Warbler",2023,0.228346456692913
"Hooded Warbler",2024,0.20234291799787
"American Redstart",1999,0.304745319982586
"American Redstart",2000,0.288828337874659
"American Redstart",2001,0.372863801139306
"American Redstart",2002,0.576388888888889
"American Redstart",2003,0.524444444444444
"American Redstart",2004,0.419254658385093
"American Redstart",2005,0.381586917019988
"American Redstart",2006,0.240549828178694
"American Redstart",2007,0.491935483870968
"American Redstart",2008,0.319258496395468
"American Redstart",2009,0.291921249151392
"American Redstart",2010,0.302013422818792
"American Redstart",2011,0.346774193548387
"American Redstart",2012,0.303030303030303
"American Redstart",2013,0.379656160458453
"American Redstart",2014,0.354306658521686
"American Redstart",2015,0.0928217821782178
"American Redstart",2016,0.346456692913386
"American Redstart",2017,0.53248136315229
"American Redstart",2018,0.208333333333333
"American Redstart",2019,0.110294117647059
"American Redstart",2020,0.321064996084573
"American Redstart",2021,0.244547257105089
"American Redstart",2022,0.402858999350227
"American Redstart",2023,0.427015250544662
"American Redstart",2024,0.142857142857143
"Cape May Warbler",1999,0
"Cape May Warbler",2000,0
"Cape May Warbler",2001,0
"Cape May Warbler",2002,0
"Cape May Warbler",2003,0.00838926174496644
"Cape May Warbler",2004,0
"Cape May Warbler",2005,0.00541125541125541
"Cape May Warbler",2006,0.0143266475644699
"Cape May Warbler",2007,0.00610873549175321
"Cape May Warbler",2008,0.0247524752475248
"Cape May Warbler",2009,0
"Cape May Warbler",2010,0.0212992545260916
"Cape May Warbler",2011,0.0104166666666667
"Cape May Warbler",2012,0
"Cape May Warbler",2013,0
"Cape May Warbler",2014,0
"Cape May Warbler",2015,0
"Cape May Warbler",2016,0
"Cape May Warbler",2017,0
"Cape May Warbler",2018,0
"Cape May Warbler",2019,0
"Cape May Warbler",2020,0.0414293112377007
"Cape May Warbler",2021,0.0138888888888889
"Cape May Warbler",2022,0.00888888888888889
"Cape May Warbler",2023,0
"Cape May Warbler",2024,0
"Cerulean Warbler",1999,0
"Cerulean Warbler",2000,0
"Cerulean Warbler",2001,0
"Cerulean Warbler",2002,0
"Cerulean Warbler",2003,0
"Cerulean Warbler",2004,0
"Cerulean Warbler",2005,0
"Cerulean Warbler",2006,0
"Cerulean Warbler",2007,0
"Cerulean Warbler",2008,0
"Cerulean Warbler",2009,0
"Cerulean Warbler",2010,0
"Cerulean Warbler",2011,0
"Cerulean Warbler",2012,0
"Cerulean Warbler",2013,0
"Cerulean Warbler",2014,0
"Cerulean Warbler",2015,0
"Cerulean Warbler",2016,0
"Cerulean Warbler",2017,0
"Cerulean Warbler",2018,0
"Cerulean Warbler",2019,0
"Cerulean Warbler",2020,0
"Cerulean Warbler",2021,0
"Cerulean Warbler",2022,0
"Cerulean Warbler",2023,0
"Cerulean Warbler",2024,0
"Northern Parula",1999,0.509005481597494
"Northern Parula",2000,0.343688037012558
"Northern Parula",2001,0.610786224821313
"Northern Parula",2002,0.854030501089325
"Northern Parula",2003,1.16883116883117
"Northern Parula",2004,0.687853722246408
"Northern Parula",2005,0.643051771117166
"Northern Parula",2006,0.932159502848265
"Northern Parula",2007,0.916666666666667
"Northern Parula",2008,1.19111111111111
"Northern Parula",2009,1.11024844720497
"Northern Parula",2010,0.82374318594791
"Northern Parula",2011,0.494845360824742
"Northern Parula",2012,0.57258064516129
"Northern Parula",2013,0.710607621009269
"Northern Parula",2014,0.76714188730482
"Northern Parula",2015,0.671140939597315
"Northern Parula",2016,0.653225806451613
"Northern Parula",2017,0.438311688311688
"Northern Parula",2018,0.587392550143267
"Northern Parula",2019,0.415394013439218
"Northern Parula",2020,1.4480198019802
"Northern Parula",2021,1.81889763779528
"Northern Parula",2022,1.40575079872204
"Northern Parula",2023,0.864583333333333
"Northern Parula",2024,0.39390756302521
"Magnolia Warbler",1999,0.0103573278094252
"Magnolia Warbler",2000,0.0416666666666667
"Magnolia Warbler",2001,0.00888888888888889
"Magnolia Warbler",2002,0.0232919254658385
"Magnolia Warbler",2003,0.0242277407631738
"Magnolia Warbler",2004,0.013745704467354
"Magnolia Warbler",2005,0
"Magnolia Warbler",2006,0.0720906282183316
"Magnolia Warbler",2007,0
"Magnolia Warbler",2008,0.00838926174496644
"Magnolia Warbler",2009,0
"Magnolia Warbler",2010,0
"Magnolia Warbler",2011,0.00716332378223496
"Magnolia Warbler",2012,0.0122174709835064
"Magnolia Warbler",2013,0.0123762376237624
"Magnolia Warbler",2014,0.047244094488189
"Magnolia Warbler",2015,0
"Magnolia Warbler",2016,0.114583333333333
"Magnolia Warbler",2017,0.0735294117647059
"Magnolia Warbler",2018,0.00783085356303837
"Magnolia Warbler",2019,0.00660938532716457
"Magnolia Warbler",2020,0.0129954515919428
"Magnolia Warbler",2021,0.0522875816993464
"Magnolia Warbler",2022,0.0584415584415584
"Magnolia Warbler",2023,0
"Magnolia Warbler",2024,0
"Bay-breasted Warbler",1999,0
"Bay-breasted Warbler",2000,0
"Bay-breasted Warbler",2001,0
"Bay-breasted Warbler",2002,0.0241935483870968
"Bay-breasted Warbler",2003,0
"Bay-breasted Warbler",2004,0
"Bay-breasted Warbler",2005,0.00610873549175321
"Bay-breasted Warbler",2006,0
"Bay-breasted Warbler",2007,0
"Bay-breasted Warbler",2008,0
"Bay-breasted Warbler",2009,0
"Bay-breasted Warbler",2010,0
"Bay-breasted Warbler",2011,0
"Bay-breasted Warbler",2012,0
"Bay-breasted Warbler",2013,0
"Bay-breasted Warbler",2014,0.00871459694989107
"Bay-breasted Warbler",2015,0
"Bay-breasted Warbler",2016,0
"Bay-breasted Warbler",2017,0
"Bay-breasted Warbler",2018,0
"Bay-breasted Warbler",2019,0
"Bay-breasted Warbler",2020,0.0177777777777778
"Bay-breasted Warbler",2021,0
"Bay-breasted Warbler",2022,0
"Bay-breasted Warbler",2023,0
"Bay-breasted Warbler",2024,0
"Blackburnian Warbler",1999,0.00618811881188119
"Blackburnian Warbler",2000,0
"Blackburnian Warbler",2001,0.0212992545260916
"Blackburnian Warbler",2002,0
"Blackburnian Warbler",2003,0
"Blackburnian Warbler",2004,0
"Blackburnian Warbler",2005,0
"Blackburnian Warbler",2006,0
"Blackburnian Warbler",2007,0.00871459694989107
"Blackburnian Warbler",2008,0
"Blackburnian Warbler",2009,0
"Blackburnian Warbler",2010,0
"Blackburnian Warbler",2011,0
"Blackburnian Warbler",2012,0
"Blackburnian Warbler",2013,0
"Blackburnian Warbler",2014,0
"Blackburnian Warbler",2015,0
"Blackburnian Warbler",2016,0
"Blackburnian Warbler",2017,0.00806451612903226
"Blackburnian Warbler",2018,0
"Blackburnian Warbler",2019,0
"Blackburnian Warbler",2020,0.00838926174496644
"Blackburnian Warbler",2021,0
"Blackburnian Warbler",2022,0.00541125541125541
"Blackburnian Warbler",2023,0
"Blackburnian Warbler",2024,0
"Yellow Warbler",1999,0.0714749837556855
"Yellow Warbler",2000,0.0522875816993464
"Yellow Warbler",2001,0.012987012987013
"Yellow Warbler",2002,0.121898127993034
"Yellow Warbler",2003,0.0544959128065395
"Yellow Warbler",2004,0
"Yellow Warbler",2005,0.0833333333333333
"Yellow Warbler",2006,0.0711111111111111
"Yellow Warbler",2007,0.217391304347826
"Yellow Warbler",2008,0.0484554815263477
"Yellow Warbler",2009,0.0206185567010309
"Yellow Warbler",2010,0.0725806451612903
"Yellow Warbler",2011,0.0720906282183316
"Yellow Warbler",2012,0.0407331975560081
"Yellow Warbler",2013,0.00838926174496644
"Yellow Warbler",2014,0.0483870967741935
"Yellow Warbler",2015,0.0162337662337662
"Yellow Warbler",2016,0.0501432664756447
"Yellow Warbler",2017,0.0916310323762981
"Yellow Warbler",2018,0.0185643564356436
"Yellow Warbler",2019,0.0708661417322835
"Yellow Warbler",2020,0.0638977635782748
"Yellow Warbler",2021,0.177083333333333
"Yellow Warbler",2022,0.0472689075630252
"Yellow Warbler",2023,0.0156617071260767
"Yellow Warbler",2024,0.0330469266358229
"Chestnut-sided Warbler",1999,0.0533333333333333
"Chestnut-sided Warbler",2000,0.0232919254658385
"Chestnut-sided Warbler",2001,0
"Chestnut-sided Warbler",2002,0
"Chestnut-sided Warbler",2003,0.032258064516129
"Chestnut-sided Warbler",2004,0.0102986611740474
"Chestnut-sided Warbler",2005,0.00678886625933469
"Chestnut-sided Warbler",2006,0.0503355704697987
"Chestnut-sided Warbler",2007,0
"Chestnut-sided Warbler",2008,0.0108225108225108
"Chestnut-sided Warbler",2009,0
"Chestnut-sided Warbler",2010,0
"Chestnut-sided Warbler",2011,0.00618811881188119
"Chestnut-sided Warbler",2012,0.0078740157480315
"Chestnut-sided Warbler",2013,0
"Chestnut-sided Warbler",2014,0
"Chestnut-sided Warbler",2015,0.00525210084033613
"Chestnut-sided Warbler",2016,0.0313234142521535
"Chestnut-sided Warbler",2017,0.0396563119629874
"Chestnut-sided Warbler",2018,0
"Chestnut-sided Warbler",2019,0
"Chestnut-sided Warbler",2020,0.00649350649350649
"Chestnut-sided Warbler",2021,0.0174140182847192
"Chestnut-sided Warbler",2022,0.0217983651226158
"Chestnut-sided Warbler",2023,0.0414293112377007
"Chestnut-sided Warbler",2024,0
"Blackpoll Warbler",1999,0
"Blackpoll Warbler",2000,0.0483870967741935
"Blackpoll Warbler",2001,0
"Blackpoll Warbler",2002,0.143266475644699
"Blackpoll Warbler",2003,0.0366524129505192
"Blackpoll Warbler",2004,0.0433168316831683
"Blackpoll Warbler",2005,0.031496062992126
"Blackpoll Warbler",2006,0
"Blackpoll Warbler",2007,0.3125
"Blackpoll Warbler",2008,0.0157563025210084
"Blackpoll Warbler",2009,0.00783085356303837
"Blackpoll Warbler",2010,0.0330469266358229
"Blackpoll Warbler",2011,0.0389863547758285
"Blackpoll Warbler",2012,0.0435729847494553
"Blackpoll Warbler",2013,0.0909090909090909
"Blackpoll Warbler",2014,0.0609490639965172
"Blackpoll Warbler",2015,0.0108991825613079
"Blackpoll Warbler",2016,0.0310719834282755
"Blackpoll Warbler",2017,0.0555555555555556
"Blackpoll Warbler",2018,0.0355555555555556
"Blackpoll Warbler",2019,0
"Blackpoll Warbler",2020,0.0545124167171411
"Blackpoll Warbler",2021,0
"Blackpoll Warbler",2022,0.0483870967741935
"Blackpoll Warbler",2023,0.0205973223480947
"Blackpoll Warbler",2024,0.0135777325186694
"Black-throated Blue Warbler",1999,0.53248136315229
"Black-throated Blue Warbler",2000,0.0416666666666667
"Black-throated Blue Warbler",2001,0.126050420168067
"Black-throated Blue Warbler",2002,0.305403288958496
"Black-throated Blue Warbler",2003,0.753469927296761
"Black-throated Blue Warbler",2004,0.266406757634828
"Black-throated Blue Warbler",2005,0.749455337690632
"Black-throated Blue Warbler",2006,0.564935064935065
"Black-throated Blue Warbler",2007,1.03613408794079
"Black-throated Blue Warbler",2008,0.425068119891008
"Black-throated Blue Warbler",2009,0.932159502848265
"Black-throated Blue Warbler",2010,0.527777777777778
"Black-throated Blue Warbler",2011,0.604444444444444
"Black-throated Blue Warbler",2012,0.116459627329193
"Black-throated Blue Warbler",2013,0.133252574197456
"Black-throated Blue Warbler",2014,0.405498281786942
"Black-throated Blue Warbler",2015,0.0403225806451613
"Black-throated Blue Warbler",2016,0.998970133882595
"Black-throated Blue Warbler",2017,0.244399185336049
"Black-throated Blue Warbler",2018,0.0587248322147651
"Black-throated Blue Warbler",2019,0.0403225806451613
"Black-throated Blue Warbler",2020,0.606060606060606
"Black-throated Blue Warbler",2021,0.92406876790831
"Black-throated Blue Warbler",2022,0.348197923029933
"Black-throated Blue Warbler",2023,0.0309405940594059
"Black-throated Blue Warbler",2024,0.149606299212598
"Palm Warbler",1999,0.012987012987013
"Palm Warbler",2000,0
"Palm Warbler",2001,0
"Palm Warbler",2002,0.0103573278094252
"Palm Warbler",2003,0.00694444444444444
"Palm Warbler",2004,0.00888888888888889
"Palm Warbler",2005,0.031055900621118
"Palm Warbler",2006,0.00605693519079346
"Palm Warbler",2007,0.013745704467354
"Palm Warbler",2008,0
"Palm Warbler",2009,0
"Palm Warbler",2010,0.00678886625933469
"Palm Warbler",2011,0
"Palm Warbler",2012,0.00806451612903226
"Palm Warbler",2013,0
"Palm Warbler",2014,0
"Palm Warbler",2015,0
"Palm Warbler",2016,0.0123762376237624
"Palm Warbler",2017,0.0078740157480315
"Palm Warbler",2018,0
"Palm Warbler",2019,0
"Palm Warbler",2020,0
"Palm Warbler",2021,0
"Palm Warbler",2022,0.0132187706543291
"Palm Warbler",2023,0
"Palm Warbler",2024,0.00871459694989107
"Pine Warbler",1999,0.932768019382193
"Pine Warbler",2000,1.45017182130584
"Pine Warbler",2001,1.74193548387097
"Pine Warbler",2002,2.80123583934088
"Pine Warbler",2003,0.991174473862865
"Pine Warbler",2004,1.48489932885906
"Pine Warbler",2005,1.33870967741935
"Pine Warbler",2006,1.08766233766234
"Pine Warbler",2007,1.01002865329513
"Pine Warbler",2008,1.00183262064753
"Pine Warbler",2009,0.767326732673267
"Pine Warbler",2010,1.33070866141732
"Pine Warbler",2011,1.35250266240682
"Pine Warbler",2012,1.47916666666667
"Pine Warbler",2013,0.46218487394958
"Pine Warbler",2014,1.13547376664056
"Pine Warbler",2015,1.044282881692
"Pine Warbler",2016,0.734243014944769
"Pine Warbler",2017,1.0718954248366
"Pine Warbler",2018,0.707792207792208
"Pine Warbler",2019,1.01872006965607
"Pine Warbler",2020,1.15531335149864
"Pine Warbler",2021,1.7711030554117
"Pine Warbler",2022,0.951388888888889
"Pine Warbler",2023,1.34222222222222
"Pine Warbler",2024,0.869565217391304
"Yellow-rumped (Myrtle) Warbler",1999,1.89935064935065
"Yellow-rumped (Myrtle) Warbler",2000,0.0286532951289398
"Yellow-rumped (Myrtle) Warbler",2001,0.146609651802077
"Yellow-rumped (Myrtle) Warbler",2002,0.284653465346535
"Yellow-rumped (Myrtle) Warbler",2003,0.929133858267717
"Yellow-rumped (Myrtle) Warbler",2004,0.181043663471778
"Yellow-rumped (Myrtle) Warbler",2005,3.15625
"Yellow-rumped (Myrtle) Warbler",2006,0.435924369747899
"Yellow-rumped (Myrtle) Warbler",2007,0.665622552858262
"Yellow-rumped (Myrtle) Warbler",2008,0.614672835426305
"Yellow-rumped (Myrtle) Warbler",2009,0.32488628979857
"Yellow-rumped (Myrtle) Warbler",2010,0.671023965141612
"Yellow-rumped (Myrtle) Warbler",2011,0.103896103896104
"Yellow-rumped (Myrtle) Warbler",2012,0
"Yellow-rumped (Myrtle) Warbler",2013,0.0326975476839237
"Yellow-rumped (Myrtle) Warbler",2014,0.207146556188503
"Yellow-rumped (Myrtle) Warbler",2015,0.0347222222222222
"Yellow-rumped (Myrtle) Warbler",2016,0.24
"Yellow-rumped (Myrtle) Warbler",2017,0.077639751552795
"Yellow-rumped (Myrtle) Warbler",2018,0.0121138703815869
"Yellow-rumped (Myrtle) Warbler",2019,0.0274914089347079
"Yellow-rumped (Myrtle) Warbler",2020,0.653225806451613
"Yellow-rumped (Myrtle) Warbler",2021,1.33882595262616
"Yellow-rumped (Myrtle) Warbler",2022,0.203665987780041
"Yellow-rumped (Myrtle) Warbler",2023,0.00838926174496644
"Yellow-rumped (Myrtle) Warbler",2024,0.137096774193548
"Yellow-throated Warbler",1999,0.115546218487395
"Yellow-throated Warbler",2000,0.148786217697729
"Yellow-throated Warbler",2001,0.0859220092531394
"Yellow-throated Warbler",2002,0.181936322287199
"Yellow-throated Warbler",2003,0.278867102396514
"Yellow-throated Warbler",2004,0.116883116883117
"Yellow-throated Warbler",2005,0.191554201131911
"Yellow-throated Warbler",2006,0.141689373297003
"Yellow-throated Warbler",2007,0.269290523045054
"Yellow-throated Warbler",2008,0.152777777777778
"Yellow-throated Warbler",2009,0.204444444444444
"Yellow-throated Warbler",2010,0.186335403726708
"Yellow-throated Warbler",2011,0.078740157480315
"Yellow-throated Warbler",2012,0.13745704467354
"Yellow-throated Warbler",2013,0.0967741935483871
"Yellow-throated Warbler",2014,0.226570545829042
"Yellow-throated Warbler",2015,0.169721656483367
"Yellow-throated Warbler",2016,0.0922818791946309
"Yellow-throated Warbler",2017,0.137096774193548
"Yellow-throated Warbler",2018,0.102813852813853
"Yellow-throated Warbler",2019,0.121776504297994
"Yellow-throated Warbler",2020,0.317654245571167
"Yellow-throated Warbler",2021,0.507425742574257
"Yellow-throated Warbler",2022,0.173228346456693
"Yellow-throated Warbler",2023,0.500532481363152
"Yellow-throated Warbler",2024,0.385416666666667
"Prairie Warbler",1999,0.283378746594005
"Prairie Warbler",2000,0.424650440186432
"Prairie Warbler",2001,0.208333333333333
"Prairie Warbler",2002,0.293333333333333
"Prairie Warbler",2003,0.364906832298137
"Prairie Warbler",2004,0.205935796486978
"Prairie Warbler",2005,0.247422680412371
"Prairie Warbler",2006,0.258064516129032
"Prairie Warbler",2007,0.329557157569516
"Prairie Warbler",2008,0.251188051595384
"Prairie Warbler",2009,0.276845637583893
"Prairie Warbler",2010,0.274193548387097
"Prairie Warbler",2011,0.146103896103896
"Prairie Warbler",2012,0.171919770773639
"Prairie Warbler",2013,0.0794135613927917
"Prairie Warbler",2014,0.129950495049505
"Prairie Warbler",2015,0.220472440944882
"Prairie Warbler",2016,0.191693290734824
"Prairie Warbler",2017,0.197916666666667
"Prairie Warbler",2018,0.131302521008403
"Prairie Warbler",2019,0.125293657008614
"Prairie Warbler",2020,0.145406477197621
"Prairie Warbler",2021,0.233918128654971
"Prairie Warbler",2022,0.235294117647059
"Prairie Warbler",2023,0.142857142857143
"Prairie Warbler",2024,0.121898127993034
"Black-throated Green Warbler",1999,0.0161290322580645
"Black-throated Green Warbler",2000,0
"Black-throated Green Warbler",2001,0.00678886625933469
"Black-throated Green Warbler",2002,0.0251677852348993
"Black-throated Green Warbler",2003,0.104838709677419
"Black-throated Green Warbler",2004,0
"Black-throated Green Warbler",2005,0.0143266475644699
"Black-throated Green Warbler",2006,0.00610873549175321
"Black-throated Green Warbler",2007,0.0123762376237624
"Black-throated Green Warbler",2008,0.0393700787401575
"Black-throated Green Warbler",2009,0.0212992545260916
"Black-throated Green Warbler",2010,0.0208333333333333
"Black-throated Green Warbler",2011,0
"Black-throated Green Warbler",2012,0.00783085356303837
"Black-throated Green Warbler",2013,0
"Black-throated Green Warbler",2014,0
"Black-throated Green Warbler",2015,0
"Black-throated Green Warbler",2016,0
"Black-throated Green Warbler",2017,0.0261210274270788
"Black-throated Green Warbler",2018,0
"Black-throated Green Warbler",2019,0.0103573278094252
"Black-throated Green Warbler",2020,0
"Black-throated Green Warbler",2021,0.0177777777777778
"Black-throated Green Warbler",2022,0
"Black-throated Green Warbler",2023,0
"Black-throated Green Warbler",2024,0
"Canada Warbler",1999,0
"Canada Warbler",2000,0.0123762376237624
"Canada Warbler",2001,0
"Canada Warbler",2002,0
"Canada Warbler",2003,0
"Canada Warbler",2004,0
"Canada Warbler",2005,0
"Canada Warbler",2006,0.00660938532716457
"Canada Warbler",2007,0
"Canada Warbler",2008,0
"Canada Warbler",2009,0
"Canada Warbler",2010,0
"Canada Warbler",2011,0
"Canada Warbler",2012,0
"Canada Warbler",2013,0
"Canada Warbler",2014,0
"Canada Warbler",2015,0
"Canada Warbler",2016,0
"Canada Warbler",2017,0.00687285223367698
"Canada Warbler",2018,0
"Canada Warbler",2019,0
"Canada Warbler",2020,0
"Canada Warbler",2021,0
"Canada Warbler",2022,0
"Canada Warbler",2023,0
"Canada Warbler",2024,0
"Wilson's Warbler",1999,0
"Wilson's Warbler",2000,0.00649772579597141
"Wilson's Warbler",2001,0
"Wilson's Warbler",2002,0
"Wilson's Warbler",2003,0
"Wilson's Warbler",2004,0
"Wilson's Warbler",2005,0
"Wilson's Warbler",2006,0
"Wilson's Warbler",2007,0
"Wilson's Warbler",2008,0
"Wilson's Warbler",2009,0
"Wilson's Warbler",2010,0
"Wilson's Warbler",2011,0
"Wilson's Warbler",2012,0
"Wilson's Warbler",2013,0
"Wilson's Warbler",2014,0
"Wilson's Warbler",2015,0
"Wilson's Warbler",2016,0
"Wilson's Warbler",2017,0.00716332378223496
"Wilson's Warbler",2018,0
"Wilson's Warbler",2019,0
"Wilson's Warbler",2020,0
"Wilson's Warbler",2021,0.0106496272630458
"Wilson's Warbler",2022,0
"Wilson's Warbler",2023,0
"Wilson's Warbler",2024,0
"Summer Tanager",1999,0.25
"Summer Tanager",2000,0.995555555555556
"Summer Tanager",2001,1.00931677018634
"Summer Tanager",2002,0.642035130224107
"Summer Tanager",2003,0.838487972508591
"Summer Tanager",2004,0.862903225806452
"Summer Tanager",2005,1.10195674562307
"Summer Tanager",2006,0.970807875084861
"Summer Tanager",2007,0.889261744966443
"Summer Tanager",2008,0.854838709677419
"Summer Tanager",2009,0.703463203463203
"Summer Tanager",2010,0.530085959885387
"Summer Tanager",2011,0.433720219914478
"Summer Tanager",2012,0.544554455445545
"Summer Tanager",2013,0.606299212598425
"Summer Tanager",2014,1.20340788072417
"Summer Tanager",2015,1.375
"Summer Tanager",2016,0.441176470588235
"Summer Tanager",2017,0.76742364917776
"Summer Tanager",2018,0.812954395241242
"Summer Tanager",2019,0.792722547108512
"Summer Tanager",2020,1.5599128540305
"Summer Tanager",2021,0.987012987012987
"Summer Tanager",2022,0.992599042228994
"Summer Tanager",2023,0.594005449591281
"Summer Tanager",2024,0.973588814085966
"Scarlet Tanager",1999,0.285132382892057
"Scarlet Tanager",2000,0.427852348993289
"Scarlet Tanager",2001,0.370967741935484
"Scarlet Tanager",2002,0.362554112554113
"Scarlet Tanager",2003,0.680515759312321
"Scarlet Tanager",2004,0.281001832620648
"Scarlet Tanager",2005,0.41460396039604
"Scarlet Tanager",2006,0.574803149606299
"Scarlet Tanager",2007,0.521831735889244
"Scarlet Tanager",2008,0.416666666666667
"Scarlet Tanager",2009,0.262605042016807
"Scarlet Tanager",2010,0.438527799530149
"Scarlet Tanager",2011,0.290812954395241
"Scarlet Tanager",2012,0.207927225471085
"Scarlet Tanager",2013,0.24400871459695
"Scarlet Tanager",2014,0.201298701298701
"Scarlet Tanager",2015,0.322159338267305
"Scarlet Tanager",2016,0.141689373297003
"Scarlet Tanager",2017,0.362506473329881
"Scarlet Tanager",2018,0.166666666666667
"Scarlet Tanager",2019,0.293333333333333
"Scarlet Tanager",2020,0.543478260869565
"Scarlet Tanager",2021,0.339188370684434
"Scarlet Tanager",2022,0.233676975945017
"Scarlet Tanager",2023,0.120967741935484
"Scarlet Tanager",2024,0.216271884654995
"Northern Cardinal",1999,3.96850393700787
"Northern Cardinal",2000,7.75292864749734
"Northern Cardinal",2001,8.08333333333333
"Northern Cardinal",2002,5.25735294117647
"Northern Cardinal",2003,6.27251370399374
"Northern Cardinal",2004,4.15069398545935
"Northern Cardinal",2005,5.31513970110461
"Northern Cardinal",2006,7.37254901960784
"Northern Cardinal",2007,4.05194805194805
"Northern Cardinal",2008,5.79886808881149
"Northern Cardinal",2009,3.70027247956403
"Northern Cardinal",2010,6.73226307612636
"Northern Cardinal",2011,4.77777777777778
"Northern Cardinal",2012,5.24444444444444
"Northern Cardinal",2013,2.56211180124224
"Northern Cardinal",2014,3.90672319806178
"Northern Cardinal",2015,4.6872852233677
"Northern Cardinal",2016,3.99193548387097
"Northern Cardinal",2017,6.07621009268795
"Northern Cardinal",2018,3.75424304141208
"Northern Cardinal",2019,4.38758389261745
"Northern Cardinal",2020,6.58064516129032
"Northern Cardinal",2021,4.07467532467532
"Northern Cardinal",2022,4.58452722063037
"Northern Cardinal",2023,2.92608430054979
"Northern Cardinal",2024,2.94554455445545
"Rose-breasted Grosbeak",1999,0.0871459694989107
"Rose-breasted Grosbeak",2000,0.00649350649350649
"Rose-breasted Grosbeak",2001,0
"Rose-breasted Grosbeak",2002,0.0163487738419619
"Rose-breasted Grosbeak",2003,0.269290523045054
"Rose-breasted Grosbeak",2004,0.00694444444444444
"Rose-breasted Grosbeak",2005,0.106666666666667
"Rose-breasted Grosbeak",2006,0.062111801242236
"Rose-breasted Grosbeak",2007,0.13930950938825
"Rose-breasted Grosbeak",2008,0.0824742268041237
"Rose-breasted Grosbeak",2009,0.0241935483870968
"Rose-breasted Grosbeak",2010,0.0308959835221421
"Rose-breasted Grosbeak",2011,0
"Rose-breasted Grosbeak",2012,0.0335570469798658
"Rose-breasted Grosbeak",2013,0.00806451612903226
"Rose-breasted Grosbeak",2014,0.0108225108225108
"Rose-breasted Grosbeak",2015,0.00716332378223496
"Rose-breasted Grosbeak",2016,0.0427611484422725
"Rose-breasted Grosbeak",2017,0.0185643564356436
"Rose-breasted Grosbeak",2018,0.0078740157480315
"Rose-breasted Grosbeak",2019,0
"Rose-breasted Grosbeak",2020,0.3125
"Rose-breasted Grosbeak",2021,0.0735294117647059
"Rose-breasted Grosbeak",2022,0.0234925606891151
"Rose-breasted Grosbeak",2023,0.0132187706543291
"Rose-breasted Grosbeak",2024,0.0194931773879142
"Blue Grosbeak",1999,0.271739130434783
"Blue Grosbeak",2000,0.351302241066021
"Blue Grosbeak",2001,0.391752577319588
"Blue Grosbeak",2002,0.395161290322581
"Blue Grosbeak",2003,0.525231719876416
"Blue Grosbeak",2004,0.3326544467074
"Blue Grosbeak",2005,0.352348993288591
"Blue Grosbeak",2006,0.225806451612903
"Blue Grosbeak",2007,0.238095238095238
"Blue Grosbeak",2008,0.265042979942693
"Blue Grosbeak",2009,0.189370800244349
"Blue Grosbeak",2010,0.253712871287129
"Blue Grosbeak",2011,0.299212598425197
"Blue Grosbeak",2012,0.351437699680511
"Blue Grosbeak",2013,0.229166666666667
"Blue Grosbeak",2014,0.147058823529412
"Blue Grosbeak",2015,0.234925606891151
"Blue Grosbeak",2016,0.185062789160608
"Blue Grosbeak",2017,0.311890838206628
"Blue Grosbeak",2018,0.339869281045752
"Blue Grosbeak",2019,0.25974025974026
"Blue Grosbeak",2020,0.470178493687418
"Blue Grosbeak",2021,0.250681198910082
"Blue Grosbeak",2022,0.290005178663905
"Blue Grosbeak",2023,0.388888888888889
"Blue Grosbeak",2024,0.426666666666667
"Indigo Bunting",1999,1.2258064516129
"Indigo Bunting",2000,1.42857142857143
"Indigo Bunting",2001,1.91260744985673
"Indigo Bunting",2002,1.69822846670739
"Indigo Bunting",2003,1.3490099009901
"Indigo Bunting",2004,1.76377952755906
"Indigo Bunting",2005,1.24600638977636
"Indigo Bunting",2006,2.0625
"Indigo Bunting",2007,0.588235294117647
"Indigo Bunting",2008,1.26859827721222
"Indigo Bunting",2009,0.812954395241242
"Indigo Bunting",2010,0.656270305393112
"Indigo Bunting",2011,1.60348583877996
"Indigo Bunting",2012,1.14935064935065
"Indigo Bunting",2013,1.30605137135394
"Indigo Bunting",2014,0.790190735694823
"Indigo Bunting",2015,1.71931641636458
"Indigo Bunting",2016,0.951388888888889
"Indigo Bunting",2017,1.28
"Indigo Bunting",2018,1.11801242236025
"Indigo Bunting",2019,0.769230769230769
"Indigo Bunting",2020,1.10652920962199
"Indigo Bunting",2021,1.09677419354839
"Indigo Bunting",2022,1.47270854788877
"Indigo Bunting",2023,1.1541072640869
"Indigo Bunting",2024,1.1996644295302
"DICKCISSEL",1999,0
"DICKCISSEL",2000,0
"DICKCISSEL",2001,0
"DICKCISSEL",2002,0
"DICKCISSEL",2003,0
"DICKCISSEL",2004,0
"DICKCISSEL",2005,0
"DICKCISSEL",2006,0
"DICKCISSEL",2007,0
"DICKCISSEL",2008,0
"DICKCISSEL",2009,0
"DICKCISSEL",2010,0
"DICKCISSEL",2011,0
"DICKCISSEL",2012,0
"DICKCISSEL",2013,0
"DICKCISSEL",2014,0
"DICKCISSEL",2015,0
"DICKCISSEL",2016,0
"DICKCISSEL",2017,0.00838926174496644
"DICKCISSEL",2018,0
"DICKCISSEL",2019,0
"DICKCISSEL",2020,0.00716332378223496
"DICKCISSEL",2021,0
"DICKCISSEL",2022,0
"DICKCISSEL",2023,0
"DICKCISSEL",2024,0
