"common_name","year","count"
"Canada Goose",1999,NA
"Canada Goose",2000,NA
"Canada Goose",2001,NA
"Canada Goose",2002,NA
"Canada Goose",2003,NA
"Canada Goose",2004,NA
"Canada Goose",2005,NA
"Canada Goose",2006,NA
"Canada Goose",2007,NA
"Canada Goose",2008,NA
"Canada Goose",2009,NA
"Canada Goose",2010,NA
"Canada Goose",2011,NA
"Canada Goose",2012,NA
"Canada Goose",2013,NA
"Canada Goose",2014,NA
"Canada Goose",2015,NA
"Canada Goose",2016,NA
"Canada Goose",2017,NA
"Canada Goose",2018,NA
"Canada Goose",2019,NA
"Canada Goose",2021,NA
"Canada Goose",2022,NA
"Wood Duck",1999,NA
"Wood Duck",2000,NA
"Wood Duck",2001,NA
"Wood Duck",2002,NA
"Wood Duck",2003,NA
"Wood Duck",2004,NA
"Wood Duck",2005,NA
"Wood Duck",2006,NA
"Wood Duck",2007,NA
"Wood Duck",2008,NA
"Wood Duck",2009,NA
"Wood Duck",2010,NA
"Wood Duck",2011,NA
"Wood Duck",2012,NA
"Wood Duck",2013,NA
"Wood Duck",2014,NA
"Wood Duck",2015,NA
"Wood Duck",2016,NA
"Wood Duck",2017,NA
"Wood Duck",2018,NA
"Wood Duck",2019,NA
"Wood Duck",2021,NA
"Wood Duck",2022,NA
"Blue-winged Teal",1999,NA
"Blue-winged Teal",2000,NA
"Blue-winged Teal",2001,NA
"Blue-winged Teal",2002,NA
"Blue-winged Teal",2003,NA
"Blue-winged Teal",2004,NA
"Blue-winged Teal",2005,NA
"Blue-winged Teal",2006,NA
"Blue-winged Teal",2007,NA
"Blue-winged Teal",2008,NA
"Blue-winged Teal",2009,NA
"Blue-winged Teal",2010,NA
"Blue-winged Teal",2011,NA
"Blue-winged Teal",2012,NA
"Blue-winged Teal",2013,NA
"Blue-winged Teal",2014,NA
"Blue-winged Teal",2015,NA
"Blue-winged Teal",2016,NA
"Blue-winged Teal",2017,NA
"Blue-winged Teal",2018,NA
"Blue-winged Teal",2019,NA
"Blue-winged Teal",2021,NA
"Blue-winged Teal",2022,NA
"Northern Shoveler",1999,NA
"Northern Shoveler",2000,NA
"Northern Shoveler",2001,NA
"Northern Shoveler",2002,NA
"Northern Shoveler",2003,NA
"Northern Shoveler",2004,NA
"Northern Shoveler",2005,NA
"Northern Shoveler",2006,NA
"Northern Shoveler",2007,NA
"Northern Shoveler",2008,NA
"Northern Shoveler",2009,NA
"Northern Shoveler",2010,NA
"Northern Shoveler",2011,NA
"Northern Shoveler",2012,NA
"Northern Shoveler",2013,NA
"Northern Shoveler",2014,NA
"Northern Shoveler",2015,NA
"Northern Shoveler",2016,NA
"Northern Shoveler",2017,NA
"Northern Shoveler",2018,NA
"Northern Shoveler",2019,NA
"Northern Shoveler",2021,NA
"Northern Shoveler",2022,NA
"Mallard",1999,NA
"Mallard",2000,NA
"Mallard",2001,NA
"Mallard",2002,NA
"Mallard",2003,NA
"Mallard",2004,NA
"Mallard",2005,NA
"Mallard",2006,NA
"Mallard",2007,NA
"Mallard",2008,NA
"Mallard",2009,NA
"Mallard",2010,NA
"Mallard",2011,NA
"Mallard",2012,NA
"Mallard",2013,NA
"Mallard",2014,NA
"Mallard",2015,NA
"Mallard",2016,NA
"Mallard",2017,NA
"Mallard",2018,NA
"Mallard",2019,NA
"Mallard",2021,NA
"Mallard",2022,NA
"American Black Duck",1999,NA
"American Black Duck",2000,NA
"American Black Duck",2001,NA
"American Black Duck",2002,NA
"American Black Duck",2003,NA
"American Black Duck",2004,NA
"American Black Duck",2005,NA
"American Black Duck",2006,NA
"American Black Duck",2007,NA
"American Black Duck",2008,NA
"American Black Duck",2009,NA
"American Black Duck",2010,NA
"American Black Duck",2011,NA
"American Black Duck",2012,NA
"American Black Duck",2013,NA
"American Black Duck",2014,NA
"American Black Duck",2015,NA
"American Black Duck",2016,NA
"American Black Duck",2017,NA
"American Black Duck",2018,NA
"American Black Duck",2019,NA
"American Black Duck",2021,NA
"American Black Duck",2022,NA
"Northern Pintail",1999,NA
"Northern Pintail",2000,NA
"Northern Pintail",2001,NA
"Northern Pintail",2002,NA
"Northern Pintail",2003,NA
"Northern Pintail",2004,NA
"Northern Pintail",2005,NA
"Northern Pintail",2006,NA
"Northern Pintail",2007,NA
"Northern Pintail",2008,NA
"Northern Pintail",2009,NA
"Northern Pintail",2010,NA
"Northern Pintail",2011,NA
"Northern Pintail",2012,NA
"Northern Pintail",2013,NA
"Northern Pintail",2014,NA
"Northern Pintail",2015,NA
"Northern Pintail",2016,NA
"Northern Pintail",2017,NA
"Northern Pintail",2018,NA
"Northern Pintail",2019,NA
"Northern Pintail",2021,NA
"Northern Pintail",2022,NA
"Ring-necked Duck",1999,NA
"Ring-necked Duck",2000,NA
"Ring-necked Duck",2001,NA
"Ring-necked Duck",2002,NA
"Ring-necked Duck",2003,NA
"Ring-necked Duck",2004,NA
"Ring-necked Duck",2005,NA
"Ring-necked Duck",2006,NA
"Ring-necked Duck",2007,NA
"Ring-necked Duck",2008,NA
"Ring-necked Duck",2009,NA
"Ring-necked Duck",2010,NA
"Ring-necked Duck",2011,NA
"Ring-necked Duck",2012,NA
"Ring-necked Duck",2013,NA
"Ring-necked Duck",2014,NA
"Ring-necked Duck",2015,NA
"Ring-necked Duck",2016,NA
"Ring-necked Duck",2017,NA
"Ring-necked Duck",2018,NA
"Ring-necked Duck",2019,NA
"Ring-necked Duck",2021,NA
"Ring-necked Duck",2022,NA
"Lesser Scaup",1999,NA
"Lesser Scaup",2000,NA
"Lesser Scaup",2001,NA
"Lesser Scaup",2002,NA
"Lesser Scaup",2003,NA
"Lesser Scaup",2004,NA
"Lesser Scaup",2005,NA
"Lesser Scaup",2006,NA
"Lesser Scaup",2007,NA
"Lesser Scaup",2008,NA
"Lesser Scaup",2009,NA
"Lesser Scaup",2010,NA
"Lesser Scaup",2011,NA
"Lesser Scaup",2012,NA
"Lesser Scaup",2013,NA
"Lesser Scaup",2014,NA
"Lesser Scaup",2015,NA
"Lesser Scaup",2016,NA
"Lesser Scaup",2017,NA
"Lesser Scaup",2018,NA
"Lesser Scaup",2019,NA
"Lesser Scaup",2021,NA
"Lesser Scaup",2022,NA
"White-winged Scoter",1999,NA
"White-winged Scoter",2000,NA
"White-winged Scoter",2001,NA
"White-winged Scoter",2002,NA
"White-winged Scoter",2003,NA
"White-winged Scoter",2004,NA
"White-winged Scoter",2005,NA
"White-winged Scoter",2006,NA
"White-winged Scoter",2007,NA
"White-winged Scoter",2008,NA
"White-winged Scoter",2009,NA
"White-winged Scoter",2010,NA
"White-winged Scoter",2011,NA
"White-winged Scoter",2012,NA
"White-winged Scoter",2013,NA
"White-winged Scoter",2014,NA
"White-winged Scoter",2015,NA
"White-winged Scoter",2016,NA
"White-winged Scoter",2017,NA
"White-winged Scoter",2018,NA
"White-winged Scoter",2019,NA
"White-winged Scoter",2021,NA
"White-winged Scoter",2022,NA
"Black Scoter",1999,NA
"Black Scoter",2000,NA
"Black Scoter",2001,NA
"Black Scoter",2002,NA
"Black Scoter",2003,NA
"Black Scoter",2004,NA
"Black Scoter",2005,NA
"Black Scoter",2006,NA
"Black Scoter",2007,NA
"Black Scoter",2008,NA
"Black Scoter",2009,NA
"Black Scoter",2010,NA
"Black Scoter",2011,NA
"Black Scoter",2012,NA
"Black Scoter",2013,NA
"Black Scoter",2014,NA
"Black Scoter",2015,NA
"Black Scoter",2016,NA
"Black Scoter",2017,NA
"Black Scoter",2018,NA
"Black Scoter",2019,NA
"Black Scoter",2021,NA
"Black Scoter",2022,NA
"Bufflehead",1999,NA
"Bufflehead",2000,NA
"Bufflehead",2001,NA
"Bufflehead",2002,NA
"Bufflehead",2003,NA
"Bufflehead",2004,NA
"Bufflehead",2005,NA
"Bufflehead",2006,NA
"Bufflehead",2007,NA
"Bufflehead",2008,NA
"Bufflehead",2009,NA
"Bufflehead",2010,NA
"Bufflehead",2011,NA
"Bufflehead",2012,NA
"Bufflehead",2013,NA
"Bufflehead",2014,NA
"Bufflehead",2015,NA
"Bufflehead",2016,NA
"Bufflehead",2017,NA
"Bufflehead",2018,NA
"Bufflehead",2019,NA
"Bufflehead",2021,NA
"Bufflehead",2022,NA
"Hooded Merganser",1999,NA
"Hooded Merganser",2000,NA
"Hooded Merganser",2001,NA
"Hooded Merganser",2002,NA
"Hooded Merganser",2003,NA
"Hooded Merganser",2004,NA
"Hooded Merganser",2005,NA
"Hooded Merganser",2006,NA
"Hooded Merganser",2007,NA
"Hooded Merganser",2008,NA
"Hooded Merganser",2009,NA
"Hooded Merganser",2010,NA
"Hooded Merganser",2011,NA
"Hooded Merganser",2012,NA
"Hooded Merganser",2013,NA
"Hooded Merganser",2014,NA
"Hooded Merganser",2015,NA
"Hooded Merganser",2016,NA
"Hooded Merganser",2017,NA
"Hooded Merganser",2018,NA
"Hooded Merganser",2019,NA
"Hooded Merganser",2021,NA
"Hooded Merganser",2022,NA
"Common Merganser",1999,NA
"Common Merganser",2000,NA
"Common Merganser",2001,NA
"Common Merganser",2002,NA
"Common Merganser",2003,NA
"Common Merganser",2004,NA
"Common Merganser",2005,NA
"Common Merganser",2006,NA
"Common Merganser",2007,NA
"Common Merganser",2008,NA
"Common Merganser",2009,NA
"Common Merganser",2010,NA
"Common Merganser",2011,NA
"Common Merganser",2012,NA
"Common Merganser",2013,NA
"Common Merganser",2014,NA
"Common Merganser",2015,NA
"Common Merganser",2016,NA
"Common Merganser",2017,NA
"Common Merganser",2018,NA
"Common Merganser",2019,NA
"Common Merganser",2021,NA
"Common Merganser",2022,NA
"Red-breasted Merganser",1999,NA
"Red-breasted Merganser",2000,NA
"Red-breasted Merganser",2001,NA
"Red-breasted Merganser",2002,NA
"Red-breasted Merganser",2003,NA
"Red-breasted Merganser",2004,NA
"Red-breasted Merganser",2005,NA
"Red-breasted Merganser",2006,NA
"Red-breasted Merganser",2007,NA
"Red-breasted Merganser",2008,NA
"Red-breasted Merganser",2009,NA
"Red-breasted Merganser",2010,NA
"Red-breasted Merganser",2011,NA
"Red-breasted Merganser",2012,NA
"Red-breasted Merganser",2013,NA
"Red-breasted Merganser",2014,NA
"Red-breasted Merganser",2015,NA
"Red-breasted Merganser",2016,NA
"Red-breasted Merganser",2017,NA
"Red-breasted Merganser",2018,NA
"Red-breasted Merganser",2019,NA
"Red-breasted Merganser",2021,NA
"Red-breasted Merganser",2022,NA
"Ruddy Duck",1999,NA
"Ruddy Duck",2000,NA
"Ruddy Duck",2001,NA
"Ruddy Duck",2002,NA
"Ruddy Duck",2003,NA
"Ruddy Duck",2004,NA
"Ruddy Duck",2005,NA
"Ruddy Duck",2006,NA
"Ruddy Duck",2007,NA
"Ruddy Duck",2008,NA
"Ruddy Duck",2009,NA
"Ruddy Duck",2010,NA
"Ruddy Duck",2011,NA
"Ruddy Duck",2012,NA
"Ruddy Duck",2013,NA
"Ruddy Duck",2014,NA
"Ruddy Duck",2015,NA
"Ruddy Duck",2016,NA
"Ruddy Duck",2017,NA
"Ruddy Duck",2018,NA
"Ruddy Duck",2019,NA
"Ruddy Duck",2021,NA
"Ruddy Duck",2022,NA
"Northern Bobwhite",1999,NA
"Northern Bobwhite",2000,NA
"Northern Bobwhite",2001,NA
"Northern Bobwhite",2002,NA
"Northern Bobwhite",2003,NA
"Northern Bobwhite",2004,NA
"Northern Bobwhite",2005,NA
"Northern Bobwhite",2006,NA
"Northern Bobwhite",2007,NA
"Northern Bobwhite",2008,NA
"Northern Bobwhite",2009,NA
"Northern Bobwhite",2010,NA
"Northern Bobwhite",2011,NA
"Northern Bobwhite",2012,NA
"Northern Bobwhite",2013,NA
"Northern Bobwhite",2014,NA
"Northern Bobwhite",2015,NA
"Northern Bobwhite",2016,NA
"Northern Bobwhite",2017,NA
"Northern Bobwhite",2018,NA
"Northern Bobwhite",2019,NA
"Northern Bobwhite",2021,NA
"Northern Bobwhite",2022,NA
"Wild Turkey",1999,NA
"Wild Turkey",2000,NA
"Wild Turkey",2001,NA
"Wild Turkey",2002,NA
"Wild Turkey",2003,NA
"Wild Turkey",2004,NA
"Wild Turkey",2005,NA
"Wild Turkey",2006,NA
"Wild Turkey",2007,NA
"Wild Turkey",2008,NA
"Wild Turkey",2009,NA
"Wild Turkey",2010,NA
"Wild Turkey",2011,NA
"Wild Turkey",2012,NA
"Wild Turkey",2013,NA
"Wild Turkey",2014,NA
"Wild Turkey",2015,NA
"Wild Turkey",2016,NA
"Wild Turkey",2017,NA
"Wild Turkey",2018,NA
"Wild Turkey",2019,NA
"Wild Turkey",2021,NA
"Wild Turkey",2022,NA
"Pied-billed Grebe",1999,NA
"Pied-billed Grebe",2000,NA
"Pied-billed Grebe",2001,NA
"Pied-billed Grebe",2002,NA
"Pied-billed Grebe",2003,NA
"Pied-billed Grebe",2004,NA
"Pied-billed Grebe",2005,NA
"Pied-billed Grebe",2006,NA
"Pied-billed Grebe",2007,NA
"Pied-billed Grebe",2008,NA
"Pied-billed Grebe",2009,NA
"Pied-billed Grebe",2010,NA
"Pied-billed Grebe",2011,NA
"Pied-billed Grebe",2012,NA
"Pied-billed Grebe",2013,NA
"Pied-billed Grebe",2014,NA
"Pied-billed Grebe",2015,NA
"Pied-billed Grebe",2016,NA
"Pied-billed Grebe",2017,NA
"Pied-billed Grebe",2018,NA
"Pied-billed Grebe",2019,NA
"Pied-billed Grebe",2021,NA
"Pied-billed Grebe",2022,NA
"Horned Grebe",1999,NA
"Horned Grebe",2000,NA
"Horned Grebe",2001,NA
"Horned Grebe",2002,NA
"Horned Grebe",2003,NA
"Horned Grebe",2004,NA
"Horned Grebe",2005,NA
"Horned Grebe",2006,NA
"Horned Grebe",2007,NA
"Horned Grebe",2008,NA
"Horned Grebe",2009,NA
"Horned Grebe",2010,NA
"Horned Grebe",2011,NA
"Horned Grebe",2012,NA
"Horned Grebe",2013,NA
"Horned Grebe",2014,NA
"Horned Grebe",2015,NA
"Horned Grebe",2016,NA
"Horned Grebe",2017,NA
"Horned Grebe",2018,NA
"Horned Grebe",2019,NA
"Horned Grebe",2021,NA
"Horned Grebe",2022,NA
"Rock Pigeon",1999,NA
"Rock Pigeon",2000,NA
"Rock Pigeon",2001,NA
"Rock Pigeon",2002,NA
"Rock Pigeon",2003,NA
"Rock Pigeon",2004,NA
"Rock Pigeon",2005,NA
"Rock Pigeon",2006,NA
"Rock Pigeon",2007,NA
"Rock Pigeon",2008,NA
"Rock Pigeon",2009,NA
"Rock Pigeon",2010,NA
"Rock Pigeon",2011,NA
"Rock Pigeon",2012,NA
"Rock Pigeon",2013,NA
"Rock Pigeon",2014,NA
"Rock Pigeon",2015,NA
"Rock Pigeon",2016,NA
"Rock Pigeon",2017,NA
"Rock Pigeon",2018,NA
"Rock Pigeon",2019,NA
"Rock Pigeon",2021,NA
"Rock Pigeon",2022,NA
"Mourning Dove",1999,NA
"Mourning Dove",2000,NA
"Mourning Dove",2001,NA
"Mourning Dove",2002,NA
"Mourning Dove",2003,NA
"Mourning Dove",2004,NA
"Mourning Dove",2005,NA
"Mourning Dove",2006,NA
"Mourning Dove",2007,NA
"Mourning Dove",2008,NA
"Mourning Dove",2009,NA
"Mourning Dove",2010,NA
"Mourning Dove",2011,NA
"Mourning Dove",2012,NA
"Mourning Dove",2013,NA
"Mourning Dove",2014,NA
"Mourning Dove",2015,NA
"Mourning Dove",2016,NA
"Mourning Dove",2017,NA
"Mourning Dove",2018,NA
"Mourning Dove",2019,NA
"Mourning Dove",2021,NA
"Mourning Dove",2022,NA
"Yellow-billed Cuckoo",1999,NA
"Yellow-billed Cuckoo",2000,NA
"Yellow-billed Cuckoo",2001,NA
"Yellow-billed Cuckoo",2002,NA
"Yellow-billed Cuckoo",2003,NA
"Yellow-billed Cuckoo",2004,NA
"Yellow-billed Cuckoo",2005,NA
"Yellow-billed Cuckoo",2006,NA
"Yellow-billed Cuckoo",2007,NA
"Yellow-billed Cuckoo",2008,NA
"Yellow-billed Cuckoo",2009,NA
"Yellow-billed Cuckoo",2010,NA
"Yellow-billed Cuckoo",2011,NA
"Yellow-billed Cuckoo",2012,NA
"Yellow-billed Cuckoo",2013,NA
"Yellow-billed Cuckoo",2014,NA
"Yellow-billed Cuckoo",2015,NA
"Yellow-billed Cuckoo",2016,NA
"Yellow-billed Cuckoo",2017,NA
"Yellow-billed Cuckoo",2018,NA
"Yellow-billed Cuckoo",2019,NA
"Yellow-billed Cuckoo",2021,NA
"Yellow-billed Cuckoo",2022,NA
"Black-billed Cuckoo",1999,NA
"Black-billed Cuckoo",2000,NA
"Black-billed Cuckoo",2001,NA
"Black-billed Cuckoo",2002,NA
"Black-billed Cuckoo",2003,NA
"Black-billed Cuckoo",2004,NA
"Black-billed Cuckoo",2005,NA
"Black-billed Cuckoo",2006,NA
"Black-billed Cuckoo",2007,NA
"Black-billed Cuckoo",2008,NA
"Black-billed Cuckoo",2009,NA
"Black-billed Cuckoo",2010,NA
"Black-billed Cuckoo",2011,NA
"Black-billed Cuckoo",2012,NA
"Black-billed Cuckoo",2013,NA
"Black-billed Cuckoo",2014,NA
"Black-billed Cuckoo",2015,NA
"Black-billed Cuckoo",2016,NA
"Black-billed Cuckoo",2017,NA
"Black-billed Cuckoo",2018,NA
"Black-billed Cuckoo",2019,NA
"Black-billed Cuckoo",2021,NA
"Black-billed Cuckoo",2022,NA
"Common Nighthawk",1999,NA
"Common Nighthawk",2000,NA
"Common Nighthawk",2001,NA
"Common Nighthawk",2002,NA
"Common Nighthawk",2003,NA
"Common Nighthawk",2004,NA
"Common Nighthawk",2005,NA
"Common Nighthawk",2006,NA
"Common Nighthawk",2007,NA
"Common Nighthawk",2008,NA
"Common Nighthawk",2009,NA
"Common Nighthawk",2010,NA
"Common Nighthawk",2011,NA
"Common Nighthawk",2012,NA
"Common Nighthawk",2013,NA
"Common Nighthawk",2014,NA
"Common Nighthawk",2015,NA
"Common Nighthawk",2016,NA
"Common Nighthawk",2017,NA
"Common Nighthawk",2018,NA
"Common Nighthawk",2019,NA
"Common Nighthawk",2021,NA
"Common Nighthawk",2022,NA
"Chuck-will's-widow",1999,NA
"Chuck-will's-widow",2000,NA
"Chuck-will's-widow",2001,NA
"Chuck-will's-widow",2002,NA
"Chuck-will's-widow",2003,NA
"Chuck-will's-widow",2004,NA
"Chuck-will's-widow",2005,NA
"Chuck-will's-widow",2006,NA
"Chuck-will's-widow",2007,NA
"Chuck-will's-widow",2008,NA
"Chuck-will's-widow",2009,NA
"Chuck-will's-widow",2010,NA
"Chuck-will's-widow",2011,NA
"Chuck-will's-widow",2012,NA
"Chuck-will's-widow",2013,NA
"Chuck-will's-widow",2014,NA
"Chuck-will's-widow",2015,NA
"Chuck-will's-widow",2016,NA
"Chuck-will's-widow",2017,NA
"Chuck-will's-widow",2018,NA
"Chuck-will's-widow",2019,NA
"Chuck-will's-widow",2021,NA
"Chuck-will's-widow",2022,NA
"Eastern Whip-poor-will",1999,NA
"Eastern Whip-poor-will",2000,NA
"Eastern Whip-poor-will",2001,NA
"Eastern Whip-poor-will",2002,NA
"Eastern Whip-poor-will",2003,NA
"Eastern Whip-poor-will",2004,NA
"Eastern Whip-poor-will",2005,NA
"Eastern Whip-poor-will",2006,NA
"Eastern Whip-poor-will",2007,NA
"Eastern Whip-poor-will",2008,NA
"Eastern Whip-poor-will",2009,NA
"Eastern Whip-poor-will",2010,NA
"Eastern Whip-poor-will",2011,NA
"Eastern Whip-poor-will",2012,NA
"Eastern Whip-poor-will",2013,NA
"Eastern Whip-poor-will",2014,NA
"Eastern Whip-poor-will",2015,NA
"Eastern Whip-poor-will",2016,NA
"Eastern Whip-poor-will",2017,NA
"Eastern Whip-poor-will",2018,NA
"Eastern Whip-poor-will",2019,NA
"Eastern Whip-poor-will",2021,NA
"Eastern Whip-poor-will",2022,NA
"Chimney Swift",1999,NA
"Chimney Swift",2000,NA
"Chimney Swift",2001,NA
"Chimney Swift",2002,NA
"Chimney Swift",2003,NA
"Chimney Swift",2004,NA
"Chimney Swift",2005,NA
"Chimney Swift",2006,NA
"Chimney Swift",2007,NA
"Chimney Swift",2008,NA
"Chimney Swift",2009,NA
"Chimney Swift",2010,NA
"Chimney Swift",2011,NA
"Chimney Swift",2012,NA
"Chimney Swift",2013,NA
"Chimney Swift",2014,NA
"Chimney Swift",2015,NA
"Chimney Swift",2016,NA
"Chimney Swift",2017,NA
"Chimney Swift",2018,NA
"Chimney Swift",2019,NA
"Chimney Swift",2021,NA
"Chimney Swift",2022,NA
"Ruby-thr Hummingbird",1999,NA
"Ruby-thr Hummingbird",2000,NA
"Ruby-thr Hummingbird",2001,NA
"Ruby-thr Hummingbird",2002,NA
"Ruby-thr Hummingbird",2003,NA
"Ruby-thr Hummingbird",2004,NA
"Ruby-thr Hummingbird",2005,NA
"Ruby-thr Hummingbird",2006,NA
"Ruby-thr Hummingbird",2007,NA
"Ruby-thr Hummingbird",2008,NA
"Ruby-thr Hummingbird",2009,NA
"Ruby-thr Hummingbird",2010,NA
"Ruby-thr Hummingbird",2011,NA
"Ruby-thr Hummingbird",2012,NA
"Ruby-thr Hummingbird",2013,NA
"Ruby-thr Hummingbird",2014,NA
"Ruby-thr Hummingbird",2015,NA
"Ruby-thr Hummingbird",2016,NA
"Ruby-thr Hummingbird",2017,NA
"Ruby-thr Hummingbird",2018,NA
"Ruby-thr Hummingbird",2019,NA
"Ruby-thr Hummingbird",2021,NA
"Ruby-thr Hummingbird",2022,NA
"King Rail",1999,NA
"King Rail",2000,NA
"King Rail",2001,NA
"King Rail",2002,NA
"King Rail",2003,NA
"King Rail",2004,NA
"King Rail",2005,NA
"King Rail",2006,NA
"King Rail",2007,NA
"King Rail",2008,NA
"King Rail",2009,NA
"King Rail",2010,NA
"King Rail",2011,NA
"King Rail",2012,NA
"King Rail",2013,NA
"King Rail",2014,NA
"King Rail",2015,NA
"King Rail",2016,NA
"King Rail",2017,NA
"King Rail",2018,NA
"King Rail",2019,NA
"King Rail",2021,NA
"King Rail",2022,NA
"Virginia Rail",1999,NA
"Virginia Rail",2000,NA
"Virginia Rail",2001,NA
"Virginia Rail",2002,NA
"Virginia Rail",2003,NA
"Virginia Rail",2004,NA
"Virginia Rail",2005,NA
"Virginia Rail",2006,NA
"Virginia Rail",2007,NA
"Virginia Rail",2008,NA
"Virginia Rail",2009,NA
"Virginia Rail",2010,NA
"Virginia Rail",2011,NA
"Virginia Rail",2012,NA
"Virginia Rail",2013,NA
"Virginia Rail",2014,NA
"Virginia Rail",2015,NA
"Virginia Rail",2016,NA
"Virginia Rail",2017,NA
"Virginia Rail",2018,NA
"Virginia Rail",2019,NA
"Virginia Rail",2021,NA
"Virginia Rail",2022,NA
"Sora",1999,NA
"Sora",2000,NA
"Sora",2001,NA
"Sora",2002,NA
"Sora",2003,NA
"Sora",2004,NA
"Sora",2005,NA
"Sora",2006,NA
"Sora",2007,NA
"Sora",2008,NA
"Sora",2009,NA
"Sora",2010,NA
"Sora",2011,NA
"Sora",2012,NA
"Sora",2013,NA
"Sora",2014,NA
"Sora",2015,NA
"Sora",2016,NA
"Sora",2017,NA
"Sora",2018,NA
"Sora",2019,NA
"Sora",2021,NA
"Sora",2022,NA
"Common Gallinule",1999,NA
"Common Gallinule",2000,NA
"Common Gallinule",2001,NA
"Common Gallinule",2002,NA
"Common Gallinule",2003,NA
"Common Gallinule",2004,NA
"Common Gallinule",2005,NA
"Common Gallinule",2006,NA
"Common Gallinule",2007,NA
"Common Gallinule",2008,NA
"Common Gallinule",2009,NA
"Common Gallinule",2010,NA
"Common Gallinule",2011,NA
"Common Gallinule",2012,NA
"Common Gallinule",2013,NA
"Common Gallinule",2014,NA
"Common Gallinule",2015,NA
"Common Gallinule",2016,NA
"Common Gallinule",2017,NA
"Common Gallinule",2018,NA
"Common Gallinule",2019,NA
"Common Gallinule",2021,NA
"Common Gallinule",2022,NA
"American Coot",1999,NA
"American Coot",2000,NA
"American Coot",2001,NA
"American Coot",2002,NA
"American Coot",2003,NA
"American Coot",2004,NA
"American Coot",2005,NA
"American Coot",2006,NA
"American Coot",2007,NA
"American Coot",2008,NA
"American Coot",2009,NA
"American Coot",2010,NA
"American Coot",2011,NA
"American Coot",2012,NA
"American Coot",2013,NA
"American Coot",2014,NA
"American Coot",2015,NA
"American Coot",2016,NA
"American Coot",2017,NA
"American Coot",2018,NA
"American Coot",2019,NA
"American Coot",2021,NA
"American Coot",2022,NA
"Black-bellied Plover",1999,NA
"Black-bellied Plover",2000,NA
"Black-bellied Plover",2001,NA
"Black-bellied Plover",2002,NA
"Black-bellied Plover",2003,NA
"Black-bellied Plover",2004,NA
"Black-bellied Plover",2005,NA
"Black-bellied Plover",2006,NA
"Black-bellied Plover",2007,NA
"Black-bellied Plover",2008,NA
"Black-bellied Plover",2009,NA
"Black-bellied Plover",2010,NA
"Black-bellied Plover",2011,NA
"Black-bellied Plover",2012,NA
"Black-bellied Plover",2013,NA
"Black-bellied Plover",2014,NA
"Black-bellied Plover",2015,NA
"Black-bellied Plover",2016,NA
"Black-bellied Plover",2017,NA
"Black-bellied Plover",2018,NA
"Black-bellied Plover",2019,NA
"Black-bellied Plover",2021,NA
"Black-bellied Plover",2022,NA
"Wilson's Plover",1999,NA
"Wilson's Plover",2000,NA
"Wilson's Plover",2001,NA
"Wilson's Plover",2002,NA
"Wilson's Plover",2003,NA
"Wilson's Plover",2004,NA
"Wilson's Plover",2005,NA
"Wilson's Plover",2006,NA
"Wilson's Plover",2007,NA
"Wilson's Plover",2008,NA
"Wilson's Plover",2009,NA
"Wilson's Plover",2010,NA
"Wilson's Plover",2011,NA
"Wilson's Plover",2012,NA
"Wilson's Plover",2013,NA
"Wilson's Plover",2014,NA
"Wilson's Plover",2015,NA
"Wilson's Plover",2016,NA
"Wilson's Plover",2017,NA
"Wilson's Plover",2018,NA
"Wilson's Plover",2019,NA
"Wilson's Plover",2021,NA
"Wilson's Plover",2022,NA
"Semipalmated Plover",1999,NA
"Semipalmated Plover",2000,NA
"Semipalmated Plover",2001,NA
"Semipalmated Plover",2002,NA
"Semipalmated Plover",2003,NA
"Semipalmated Plover",2004,NA
"Semipalmated Plover",2005,NA
"Semipalmated Plover",2006,NA
"Semipalmated Plover",2007,NA
"Semipalmated Plover",2008,NA
"Semipalmated Plover",2009,NA
"Semipalmated Plover",2010,NA
"Semipalmated Plover",2011,NA
"Semipalmated Plover",2012,NA
"Semipalmated Plover",2013,NA
"Semipalmated Plover",2014,NA
"Semipalmated Plover",2015,NA
"Semipalmated Plover",2016,NA
"Semipalmated Plover",2017,NA
"Semipalmated Plover",2018,NA
"Semipalmated Plover",2019,NA
"Semipalmated Plover",2021,NA
"Semipalmated Plover",2022,NA
"Killdeer",1999,NA
"Killdeer",2000,NA
"Killdeer",2001,NA
"Killdeer",2002,NA
"Killdeer",2003,NA
"Killdeer",2004,NA
"Killdeer",2005,NA
"Killdeer",2006,NA
"Killdeer",2007,NA
"Killdeer",2008,NA
"Killdeer",2009,NA
"Killdeer",2010,NA
"Killdeer",2011,NA
"Killdeer",2012,NA
"Killdeer",2013,NA
"Killdeer",2014,NA
"Killdeer",2015,NA
"Killdeer",2016,NA
"Killdeer",2017,NA
"Killdeer",2018,NA
"Killdeer",2019,NA
"Killdeer",2021,NA
"Killdeer",2022,NA
"Whimbrel",1999,NA
"Whimbrel",2000,NA
"Whimbrel",2001,NA
"Whimbrel",2002,NA
"Whimbrel",2003,NA
"Whimbrel",2004,NA
"Whimbrel",2005,NA
"Whimbrel",2006,NA
"Whimbrel",2007,NA
"Whimbrel",2008,NA
"Whimbrel",2009,NA
"Whimbrel",2010,NA
"Whimbrel",2011,NA
"Whimbrel",2012,NA
"Whimbrel",2013,NA
"Whimbrel",2014,NA
"Whimbrel",2015,NA
"Whimbrel",2016,NA
"Whimbrel",2017,NA
"Whimbrel",2018,NA
"Whimbrel",2019,NA
"Whimbrel",2021,NA
"Whimbrel",2022,NA
"Ruddy Turnstone",1999,NA
"Ruddy Turnstone",2000,NA
"Ruddy Turnstone",2001,NA
"Ruddy Turnstone",2002,NA
"Ruddy Turnstone",2003,NA
"Ruddy Turnstone",2004,NA
"Ruddy Turnstone",2005,NA
"Ruddy Turnstone",2006,NA
"Ruddy Turnstone",2007,NA
"Ruddy Turnstone",2008,NA
"Ruddy Turnstone",2009,NA
"Ruddy Turnstone",2010,NA
"Ruddy Turnstone",2011,NA
"Ruddy Turnstone",2012,NA
"Ruddy Turnstone",2013,NA
"Ruddy Turnstone",2014,NA
"Ruddy Turnstone",2015,NA
"Ruddy Turnstone",2016,NA
"Ruddy Turnstone",2017,NA
"Ruddy Turnstone",2018,NA
"Ruddy Turnstone",2019,NA
"Ruddy Turnstone",2021,NA
"Ruddy Turnstone",2022,NA
"Sanderling",1999,NA
"Sanderling",2000,NA
"Sanderling",2001,NA
"Sanderling",2002,NA
"Sanderling",2003,NA
"Sanderling",2004,NA
"Sanderling",2005,NA
"Sanderling",2006,NA
"Sanderling",2007,NA
"Sanderling",2008,NA
"Sanderling",2009,NA
"Sanderling",2010,NA
"Sanderling",2011,NA
"Sanderling",2012,NA
"Sanderling",2013,NA
"Sanderling",2014,NA
"Sanderling",2015,NA
"Sanderling",2016,NA
"Sanderling",2017,NA
"Sanderling",2018,NA
"Sanderling",2019,NA
"Sanderling",2021,NA
"Sanderling",2022,NA
"Dunlin",1999,NA
"Dunlin",2000,NA
"Dunlin",2001,NA
"Dunlin",2002,NA
"Dunlin",2003,NA
"Dunlin",2004,NA
"Dunlin",2005,NA
"Dunlin",2006,NA
"Dunlin",2007,NA
"Dunlin",2008,NA
"Dunlin",2009,NA
"Dunlin",2010,NA
"Dunlin",2011,NA
"Dunlin",2012,NA
"Dunlin",2013,NA
"Dunlin",2014,NA
"Dunlin",2015,NA
"Dunlin",2016,NA
"Dunlin",2017,NA
"Dunlin",2018,NA
"Dunlin",2019,NA
"Dunlin",2021,NA
"Dunlin",2022,NA
"Least Sandpiper",1999,NA
"Least Sandpiper",2000,NA
"Least Sandpiper",2001,NA
"Least Sandpiper",2002,NA
"Least Sandpiper",2003,NA
"Least Sandpiper",2004,NA
"Least Sandpiper",2005,NA
"Least Sandpiper",2006,NA
"Least Sandpiper",2007,NA
"Least Sandpiper",2008,NA
"Least Sandpiper",2009,NA
"Least Sandpiper",2010,NA
"Least Sandpiper",2011,NA
"Least Sandpiper",2012,NA
"Least Sandpiper",2013,NA
"Least Sandpiper",2014,NA
"Least Sandpiper",2015,NA
"Least Sandpiper",2016,NA
"Least Sandpiper",2017,NA
"Least Sandpiper",2018,NA
"Least Sandpiper",2019,NA
"Least Sandpiper",2021,NA
"Least Sandpiper",2022,NA
"White-rumped Sandpiper",1999,NA
"White-rumped Sandpiper",2000,NA
"White-rumped Sandpiper",2001,NA
"White-rumped Sandpiper",2002,NA
"White-rumped Sandpiper",2003,NA
"White-rumped Sandpiper",2004,NA
"White-rumped Sandpiper",2005,NA
"White-rumped Sandpiper",2006,NA
"White-rumped Sandpiper",2007,NA
"White-rumped Sandpiper",2008,NA
"White-rumped Sandpiper",2009,NA
"White-rumped Sandpiper",2010,NA
"White-rumped Sandpiper",2011,NA
"White-rumped Sandpiper",2012,NA
"White-rumped Sandpiper",2013,NA
"White-rumped Sandpiper",2014,NA
"White-rumped Sandpiper",2015,NA
"White-rumped Sandpiper",2016,NA
"White-rumped Sandpiper",2017,NA
"White-rumped Sandpiper",2018,NA
"White-rumped Sandpiper",2019,NA
"White-rumped Sandpiper",2021,NA
"White-rumped Sandpiper",2022,NA
"Pectoral Sandpiper",1999,NA
"Pectoral Sandpiper",2000,NA
"Pectoral Sandpiper",2001,NA
"Pectoral Sandpiper",2002,NA
"Pectoral Sandpiper",2003,NA
"Pectoral Sandpiper",2004,NA
"Pectoral Sandpiper",2005,NA
"Pectoral Sandpiper",2006,NA
"Pectoral Sandpiper",2007,NA
"Pectoral Sandpiper",2008,NA
"Pectoral Sandpiper",2009,NA
"Pectoral Sandpiper",2010,NA
"Pectoral Sandpiper",2011,NA
"Pectoral Sandpiper",2012,NA
"Pectoral Sandpiper",2013,NA
"Pectoral Sandpiper",2014,NA
"Pectoral Sandpiper",2015,NA
"Pectoral Sandpiper",2016,NA
"Pectoral Sandpiper",2017,NA
"Pectoral Sandpiper",2018,NA
"Pectoral Sandpiper",2019,NA
"Pectoral Sandpiper",2021,NA
"Pectoral Sandpiper",2022,NA
"Semipalmated Sandpiper",1999,NA
"Semipalmated Sandpiper",2000,NA
"Semipalmated Sandpiper",2001,NA
"Semipalmated Sandpiper",2002,NA
"Semipalmated Sandpiper",2003,NA
"Semipalmated Sandpiper",2004,NA
"Semipalmated Sandpiper",2005,NA
"Semipalmated Sandpiper",2006,NA
"Semipalmated Sandpiper",2007,NA
"Semipalmated Sandpiper",2008,NA
"Semipalmated Sandpiper",2009,NA
"Semipalmated Sandpiper",2010,NA
"Semipalmated Sandpiper",2011,NA
"Semipalmated Sandpiper",2012,NA
"Semipalmated Sandpiper",2013,NA
"Semipalmated Sandpiper",2014,NA
"Semipalmated Sandpiper",2015,NA
"Semipalmated Sandpiper",2016,NA
"Semipalmated Sandpiper",2017,NA
"Semipalmated Sandpiper",2018,NA
"Semipalmated Sandpiper",2019,NA
"Semipalmated Sandpiper",2021,NA
"Semipalmated Sandpiper",2022,NA
"Western Sandpiper",1999,NA
"Western Sandpiper",2000,NA
"Western Sandpiper",2001,NA
"Western Sandpiper",2002,NA
"Western Sandpiper",2003,NA
"Western Sandpiper",2004,NA
"Western Sandpiper",2005,NA
"Western Sandpiper",2006,NA
"Western Sandpiper",2007,NA
"Western Sandpiper",2008,NA
"Western Sandpiper",2009,NA
"Western Sandpiper",2010,NA
"Western Sandpiper",2011,NA
"Western Sandpiper",2012,NA
"Western Sandpiper",2013,NA
"Western Sandpiper",2014,NA
"Western Sandpiper",2015,NA
"Western Sandpiper",2016,NA
"Western Sandpiper",2017,NA
"Western Sandpiper",2018,NA
"Western Sandpiper",2019,NA
"Western Sandpiper",2021,NA
"Western Sandpiper",2022,NA
"American Woodcock",1999,NA
"American Woodcock",2000,NA
"American Woodcock",2001,NA
"American Woodcock",2002,NA
"American Woodcock",2003,NA
"American Woodcock",2004,NA
"American Woodcock",2005,NA
"American Woodcock",2006,NA
"American Woodcock",2007,NA
"American Woodcock",2008,NA
"American Woodcock",2009,NA
"American Woodcock",2010,NA
"American Woodcock",2011,NA
"American Woodcock",2012,NA
"American Woodcock",2013,NA
"American Woodcock",2014,NA
"American Woodcock",2015,NA
"American Woodcock",2016,NA
"American Woodcock",2017,NA
"American Woodcock",2018,NA
"American Woodcock",2019,NA
"American Woodcock",2021,NA
"American Woodcock",2022,NA
"Wilson's Snipe",1999,NA
"Wilson's Snipe",2000,NA
"Wilson's Snipe",2001,NA
"Wilson's Snipe",2002,NA
"Wilson's Snipe",2003,NA
"Wilson's Snipe",2004,NA
"Wilson's Snipe",2005,NA
"Wilson's Snipe",2006,NA
"Wilson's Snipe",2007,NA
"Wilson's Snipe",2008,NA
"Wilson's Snipe",2009,NA
"Wilson's Snipe",2010,NA
"Wilson's Snipe",2011,NA
"Wilson's Snipe",2012,NA
"Wilson's Snipe",2013,NA
"Wilson's Snipe",2014,NA
"Wilson's Snipe",2015,NA
"Wilson's Snipe",2016,NA
"Wilson's Snipe",2017,NA
"Wilson's Snipe",2018,NA
"Wilson's Snipe",2019,NA
"Wilson's Snipe",2021,NA
"Wilson's Snipe",2022,NA
"Spotted Sandpiper",1999,NA
"Spotted Sandpiper",2000,NA
"Spotted Sandpiper",2001,NA
"Spotted Sandpiper",2002,NA
"Spotted Sandpiper",2003,NA
"Spotted Sandpiper",2004,NA
"Spotted Sandpiper",2005,NA
"Spotted Sandpiper",2006,NA
"Spotted Sandpiper",2007,NA
"Spotted Sandpiper",2008,NA
"Spotted Sandpiper",2009,NA
"Spotted Sandpiper",2010,NA
"Spotted Sandpiper",2011,NA
"Spotted Sandpiper",2012,NA
"Spotted Sandpiper",2013,NA
"Spotted Sandpiper",2014,NA
"Spotted Sandpiper",2015,NA
"Spotted Sandpiper",2016,NA
"Spotted Sandpiper",2017,NA
"Spotted Sandpiper",2018,NA
"Spotted Sandpiper",2019,NA
"Spotted Sandpiper",2021,NA
"Spotted Sandpiper",2022,NA
"Solitary Sandpiper",1999,NA
"Solitary Sandpiper",2000,NA
"Solitary Sandpiper",2001,NA
"Solitary Sandpiper",2002,NA
"Solitary Sandpiper",2003,NA
"Solitary Sandpiper",2004,NA
"Solitary Sandpiper",2005,NA
"Solitary Sandpiper",2006,NA
"Solitary Sandpiper",2007,NA
"Solitary Sandpiper",2008,NA
"Solitary Sandpiper",2009,NA
"Solitary Sandpiper",2010,NA
"Solitary Sandpiper",2011,NA
"Solitary Sandpiper",2012,NA
"Solitary Sandpiper",2013,NA
"Solitary Sandpiper",2014,NA
"Solitary Sandpiper",2015,NA
"Solitary Sandpiper",2016,NA
"Solitary Sandpiper",2017,NA
"Solitary Sandpiper",2018,NA
"Solitary Sandpiper",2019,NA
"Solitary Sandpiper",2021,NA
"Solitary Sandpiper",2022,NA
"Greater Yellowlegs",1999,NA
"Greater Yellowlegs",2000,NA
"Greater Yellowlegs",2001,NA
"Greater Yellowlegs",2002,NA
"Greater Yellowlegs",2003,NA
"Greater Yellowlegs",2004,NA
"Greater Yellowlegs",2005,NA
"Greater Yellowlegs",2006,NA
"Greater Yellowlegs",2007,NA
"Greater Yellowlegs",2008,NA
"Greater Yellowlegs",2009,NA
"Greater Yellowlegs",2010,NA
"Greater Yellowlegs",2011,NA
"Greater Yellowlegs",2012,NA
"Greater Yellowlegs",2013,NA
"Greater Yellowlegs",2014,NA
"Greater Yellowlegs",2015,NA
"Greater Yellowlegs",2016,NA
"Greater Yellowlegs",2017,NA
"Greater Yellowlegs",2018,NA
"Greater Yellowlegs",2019,NA
"Greater Yellowlegs",2021,NA
"Greater Yellowlegs",2022,NA
"Willet",1999,NA
"Willet",2000,NA
"Willet",2001,NA
"Willet",2002,NA
"Willet",2003,NA
"Willet",2004,NA
"Willet",2005,NA
"Willet",2006,NA
"Willet",2007,NA
"Willet",2008,NA
"Willet",2009,NA
"Willet",2010,NA
"Willet",2011,NA
"Willet",2012,NA
"Willet",2013,NA
"Willet",2014,NA
"Willet",2015,NA
"Willet",2016,NA
"Willet",2017,NA
"Willet",2018,NA
"Willet",2019,NA
"Willet",2021,NA
"Willet",2022,NA
"Lesser Yellowlegs",1999,NA
"Lesser Yellowlegs",2000,NA
"Lesser Yellowlegs",2001,NA
"Lesser Yellowlegs",2002,NA
"Lesser Yellowlegs",2003,NA
"Lesser Yellowlegs",2004,NA
"Lesser Yellowlegs",2005,NA
"Lesser Yellowlegs",2006,NA
"Lesser Yellowlegs",2007,NA
"Lesser Yellowlegs",2008,NA
"Lesser Yellowlegs",2009,NA
"Lesser Yellowlegs",2010,NA
"Lesser Yellowlegs",2011,NA
"Lesser Yellowlegs",2012,NA
"Lesser Yellowlegs",2013,NA
"Lesser Yellowlegs",2014,NA
"Lesser Yellowlegs",2015,NA
"Lesser Yellowlegs",2016,NA
"Lesser Yellowlegs",2017,NA
"Lesser Yellowlegs",2018,NA
"Lesser Yellowlegs",2019,NA
"Lesser Yellowlegs",2021,NA
"Lesser Yellowlegs",2022,NA
"Bonaparte's Gull",1999,NA
"Bonaparte's Gull",2000,NA
"Bonaparte's Gull",2001,NA
"Bonaparte's Gull",2002,NA
"Bonaparte's Gull",2003,NA
"Bonaparte's Gull",2004,NA
"Bonaparte's Gull",2005,NA
"Bonaparte's Gull",2006,NA
"Bonaparte's Gull",2007,NA
"Bonaparte's Gull",2008,NA
"Bonaparte's Gull",2009,NA
"Bonaparte's Gull",2010,NA
"Bonaparte's Gull",2011,NA
"Bonaparte's Gull",2012,NA
"Bonaparte's Gull",2013,NA
"Bonaparte's Gull",2014,NA
"Bonaparte's Gull",2015,NA
"Bonaparte's Gull",2016,NA
"Bonaparte's Gull",2017,NA
"Bonaparte's Gull",2018,NA
"Bonaparte's Gull",2019,NA
"Bonaparte's Gull",2021,NA
"Bonaparte's Gull",2022,NA
"Laughing Gull",1999,NA
"Laughing Gull",2000,NA
"Laughing Gull",2001,NA
"Laughing Gull",2002,NA
"Laughing Gull",2003,NA
"Laughing Gull",2004,NA
"Laughing Gull",2005,NA
"Laughing Gull",2006,NA
"Laughing Gull",2007,NA
"Laughing Gull",2008,NA
"Laughing Gull",2009,NA
"Laughing Gull",2010,NA
"Laughing Gull",2011,NA
"Laughing Gull",2012,NA
"Laughing Gull",2013,NA
"Laughing Gull",2014,NA
"Laughing Gull",2015,NA
"Laughing Gull",2016,NA
"Laughing Gull",2017,NA
"Laughing Gull",2018,NA
"Laughing Gull",2019,NA
"Laughing Gull",2021,NA
"Laughing Gull",2022,NA
"Ring-billed Gull",1999,NA
"Ring-billed Gull",2000,NA
"Ring-billed Gull",2001,NA
"Ring-billed Gull",2002,NA
"Ring-billed Gull",2003,NA
"Ring-billed Gull",2004,NA
"Ring-billed Gull",2005,NA
"Ring-billed Gull",2006,NA
"Ring-billed Gull",2007,NA
"Ring-billed Gull",2008,NA
"Ring-billed Gull",2009,NA
"Ring-billed Gull",2010,NA
"Ring-billed Gull",2011,NA
"Ring-billed Gull",2012,NA
"Ring-billed Gull",2013,NA
"Ring-billed Gull",2014,NA
"Ring-billed Gull",2015,NA
"Ring-billed Gull",2016,NA
"Ring-billed Gull",2017,NA
"Ring-billed Gull",2018,NA
"Ring-billed Gull",2019,NA
"Ring-billed Gull",2021,NA
"Ring-billed Gull",2022,NA
"Herring Gull",1999,NA
"Herring Gull",2000,NA
"Herring Gull",2001,NA
"Herring Gull",2002,NA
"Herring Gull",2003,NA
"Herring Gull",2004,NA
"Herring Gull",2005,NA
"Herring Gull",2006,NA
"Herring Gull",2007,NA
"Herring Gull",2008,NA
"Herring Gull",2009,NA
"Herring Gull",2010,NA
"Herring Gull",2011,NA
"Herring Gull",2012,NA
"Herring Gull",2013,NA
"Herring Gull",2014,NA
"Herring Gull",2015,NA
"Herring Gull",2016,NA
"Herring Gull",2017,NA
"Herring Gull",2018,NA
"Herring Gull",2019,NA
"Herring Gull",2021,NA
"Herring Gull",2022,NA
"Glaucous Gull",1999,NA
"Glaucous Gull",2000,NA
"Glaucous Gull",2001,NA
"Glaucous Gull",2002,NA
"Glaucous Gull",2003,NA
"Glaucous Gull",2004,NA
"Glaucous Gull",2005,NA
"Glaucous Gull",2006,NA
"Glaucous Gull",2007,NA
"Glaucous Gull",2008,NA
"Glaucous Gull",2009,NA
"Glaucous Gull",2010,NA
"Glaucous Gull",2011,NA
"Glaucous Gull",2012,NA
"Glaucous Gull",2013,NA
"Glaucous Gull",2014,NA
"Glaucous Gull",2015,NA
"Glaucous Gull",2016,NA
"Glaucous Gull",2017,NA
"Glaucous Gull",2018,NA
"Glaucous Gull",2019,NA
"Glaucous Gull",2021,NA
"Glaucous Gull",2022,NA
"Caspian Tern",1999,NA
"Caspian Tern",2000,NA
"Caspian Tern",2001,NA
"Caspian Tern",2002,NA
"Caspian Tern",2003,NA
"Caspian Tern",2004,NA
"Caspian Tern",2005,NA
"Caspian Tern",2006,NA
"Caspian Tern",2007,NA
"Caspian Tern",2008,NA
"Caspian Tern",2009,NA
"Caspian Tern",2010,NA
"Caspian Tern",2011,NA
"Caspian Tern",2012,NA
"Caspian Tern",2013,NA
"Caspian Tern",2014,NA
"Caspian Tern",2015,NA
"Caspian Tern",2016,NA
"Caspian Tern",2017,NA
"Caspian Tern",2018,NA
"Caspian Tern",2019,NA
"Caspian Tern",2021,NA
"Caspian Tern",2022,NA
"Black Tern",1999,NA
"Black Tern",2000,NA
"Black Tern",2001,NA
"Black Tern",2002,NA
"Black Tern",2003,NA
"Black Tern",2004,NA
"Black Tern",2005,NA
"Black Tern",2006,NA
"Black Tern",2007,NA
"Black Tern",2008,NA
"Black Tern",2009,NA
"Black Tern",2010,NA
"Black Tern",2011,NA
"Black Tern",2012,NA
"Black Tern",2013,NA
"Black Tern",2014,NA
"Black Tern",2015,NA
"Black Tern",2016,NA
"Black Tern",2017,NA
"Black Tern",2018,NA
"Black Tern",2019,NA
"Black Tern",2021,NA
"Black Tern",2022,NA
"Common Tern",1999,NA
"Common Tern",2000,NA
"Common Tern",2001,NA
"Common Tern",2002,NA
"Common Tern",2003,NA
"Common Tern",2004,NA
"Common Tern",2005,NA
"Common Tern",2006,NA
"Common Tern",2007,NA
"Common Tern",2008,NA
"Common Tern",2009,NA
"Common Tern",2010,NA
"Common Tern",2011,NA
"Common Tern",2012,NA
"Common Tern",2013,NA
"Common Tern",2014,NA
"Common Tern",2015,NA
"Common Tern",2016,NA
"Common Tern",2017,NA
"Common Tern",2018,NA
"Common Tern",2019,NA
"Common Tern",2021,NA
"Common Tern",2022,NA
"Forster's Tern",1999,NA
"Forster's Tern",2000,NA
"Forster's Tern",2001,NA
"Forster's Tern",2002,NA
"Forster's Tern",2003,NA
"Forster's Tern",2004,NA
"Forster's Tern",2005,NA
"Forster's Tern",2006,NA
"Forster's Tern",2007,NA
"Forster's Tern",2008,NA
"Forster's Tern",2009,NA
"Forster's Tern",2010,NA
"Forster's Tern",2011,NA
"Forster's Tern",2012,NA
"Forster's Tern",2013,NA
"Forster's Tern",2014,NA
"Forster's Tern",2015,NA
"Forster's Tern",2016,NA
"Forster's Tern",2017,NA
"Forster's Tern",2018,NA
"Forster's Tern",2019,NA
"Forster's Tern",2021,NA
"Forster's Tern",2022,NA
"Common Loon",1999,NA
"Common Loon",2000,NA
"Common Loon",2001,NA
"Common Loon",2002,NA
"Common Loon",2003,NA
"Common Loon",2004,NA
"Common Loon",2005,NA
"Common Loon",2006,NA
"Common Loon",2007,NA
"Common Loon",2008,NA
"Common Loon",2009,NA
"Common Loon",2010,NA
"Common Loon",2011,NA
"Common Loon",2012,NA
"Common Loon",2013,NA
"Common Loon",2014,NA
"Common Loon",2015,NA
"Common Loon",2016,NA
"Common Loon",2017,NA
"Common Loon",2018,NA
"Common Loon",2019,NA
"Common Loon",2021,NA
"Common Loon",2022,NA
"Anhinga",1999,NA
"Anhinga",2000,NA
"Anhinga",2001,NA
"Anhinga",2002,NA
"Anhinga",2003,NA
"Anhinga",2004,NA
"Anhinga",2005,NA
"Anhinga",2006,NA
"Anhinga",2007,NA
"Anhinga",2008,NA
"Anhinga",2009,NA
"Anhinga",2010,NA
"Anhinga",2011,NA
"Anhinga",2012,NA
"Anhinga",2013,NA
"Anhinga",2014,NA
"Anhinga",2015,NA
"Anhinga",2016,NA
"Anhinga",2017,NA
"Anhinga",2018,NA
"Anhinga",2019,NA
"Anhinga",2021,NA
"Anhinga",2022,NA
"Double-crested Cormorant",1999,NA
"Double-crested Cormorant",2000,NA
"Double-crested Cormorant",2001,NA
"Double-crested Cormorant",2002,NA
"Double-crested Cormorant",2003,NA
"Double-crested Cormorant",2004,NA
"Double-crested Cormorant",2005,NA
"Double-crested Cormorant",2006,NA
"Double-crested Cormorant",2007,NA
"Double-crested Cormorant",2008,NA
"Double-crested Cormorant",2009,NA
"Double-crested Cormorant",2010,NA
"Double-crested Cormorant",2011,NA
"Double-crested Cormorant",2012,NA
"Double-crested Cormorant",2013,NA
"Double-crested Cormorant",2014,NA
"Double-crested Cormorant",2015,NA
"Double-crested Cormorant",2016,NA
"Double-crested Cormorant",2017,NA
"Double-crested Cormorant",2018,NA
"Double-crested Cormorant",2019,NA
"Double-crested Cormorant",2021,NA
"Double-crested Cormorant",2022,NA
"American Bittern",1999,NA
"American Bittern",2000,NA
"American Bittern",2001,NA
"American Bittern",2002,NA
"American Bittern",2003,NA
"American Bittern",2004,NA
"American Bittern",2005,NA
"American Bittern",2006,NA
"American Bittern",2007,NA
"American Bittern",2008,NA
"American Bittern",2009,NA
"American Bittern",2010,NA
"American Bittern",2011,NA
"American Bittern",2012,NA
"American Bittern",2013,NA
"American Bittern",2014,NA
"American Bittern",2015,NA
"American Bittern",2016,NA
"American Bittern",2017,NA
"American Bittern",2018,NA
"American Bittern",2019,NA
"American Bittern",2021,NA
"American Bittern",2022,NA
"Great Blue Heron",1999,NA
"Great Blue Heron",2000,NA
"Great Blue Heron",2001,NA
"Great Blue Heron",2002,NA
"Great Blue Heron",2003,NA
"Great Blue Heron",2004,NA
"Great Blue Heron",2005,NA
"Great Blue Heron",2006,NA
"Great Blue Heron",2007,NA
"Great Blue Heron",2008,NA
"Great Blue Heron",2009,NA
"Great Blue Heron",2010,NA
"Great Blue Heron",2011,NA
"Great Blue Heron",2012,NA
"Great Blue Heron",2013,NA
"Great Blue Heron",2014,NA
"Great Blue Heron",2015,NA
"Great Blue Heron",2016,NA
"Great Blue Heron",2017,NA
"Great Blue Heron",2018,NA
"Great Blue Heron",2019,NA
"Great Blue Heron",2021,NA
"Great Blue Heron",2022,NA
"Great Egret",1999,NA
"Great Egret",2000,NA
"Great Egret",2001,NA
"Great Egret",2002,NA
"Great Egret",2003,NA
"Great Egret",2004,NA
"Great Egret",2005,NA
"Great Egret",2006,NA
"Great Egret",2007,NA
"Great Egret",2008,NA
"Great Egret",2009,NA
"Great Egret",2010,NA
"Great Egret",2011,NA
"Great Egret",2012,NA
"Great Egret",2013,NA
"Great Egret",2014,NA
"Great Egret",2015,NA
"Great Egret",2016,NA
"Great Egret",2017,NA
"Great Egret",2018,NA
"Great Egret",2019,NA
"Great Egret",2021,NA
"Great Egret",2022,NA
"Snowy Egret",1999,NA
"Snowy Egret",2000,NA
"Snowy Egret",2001,NA
"Snowy Egret",2002,NA
"Snowy Egret",2003,NA
"Snowy Egret",2004,NA
"Snowy Egret",2005,NA
"Snowy Egret",2006,NA
"Snowy Egret",2007,NA
"Snowy Egret",2008,NA
"Snowy Egret",2009,NA
"Snowy Egret",2010,NA
"Snowy Egret",2011,NA
"Snowy Egret",2012,NA
"Snowy Egret",2013,NA
"Snowy Egret",2014,NA
"Snowy Egret",2015,NA
"Snowy Egret",2016,NA
"Snowy Egret",2017,NA
"Snowy Egret",2018,NA
"Snowy Egret",2019,NA
"Snowy Egret",2021,NA
"Snowy Egret",2022,NA
"Little Blue Heron",1999,NA
"Little Blue Heron",2000,NA
"Little Blue Heron",2001,NA
"Little Blue Heron",2002,NA
"Little Blue Heron",2003,NA
"Little Blue Heron",2004,NA
"Little Blue Heron",2005,NA
"Little Blue Heron",2006,NA
"Little Blue Heron",2007,NA
"Little Blue Heron",2008,NA
"Little Blue Heron",2009,NA
"Little Blue Heron",2010,NA
"Little Blue Heron",2011,NA
"Little Blue Heron",2012,NA
"Little Blue Heron",2013,NA
"Little Blue Heron",2014,NA
"Little Blue Heron",2015,NA
"Little Blue Heron",2016,NA
"Little Blue Heron",2017,NA
"Little Blue Heron",2018,NA
"Little Blue Heron",2019,NA
"Little Blue Heron",2021,NA
"Little Blue Heron",2022,NA
"Cattle Egret",1999,NA
"Cattle Egret",2000,NA
"Cattle Egret",2001,NA
"Cattle Egret",2002,NA
"Cattle Egret",2003,NA
"Cattle Egret",2004,NA
"Cattle Egret",2005,NA
"Cattle Egret",2006,NA
"Cattle Egret",2007,NA
"Cattle Egret",2008,NA
"Cattle Egret",2009,NA
"Cattle Egret",2010,NA
"Cattle Egret",2011,NA
"Cattle Egret",2012,NA
"Cattle Egret",2013,NA
"Cattle Egret",2014,NA
"Cattle Egret",2015,NA
"Cattle Egret",2016,NA
"Cattle Egret",2017,NA
"Cattle Egret",2018,NA
"Cattle Egret",2019,NA
"Cattle Egret",2021,NA
"Cattle Egret",2022,NA
"Green Heron",1999,NA
"Green Heron",2000,NA
"Green Heron",2001,NA
"Green Heron",2002,NA
"Green Heron",2003,NA
"Green Heron",2004,NA
"Green Heron",2005,NA
"Green Heron",2006,NA
"Green Heron",2007,NA
"Green Heron",2008,NA
"Green Heron",2009,NA
"Green Heron",2010,NA
"Green Heron",2011,NA
"Green Heron",2012,NA
"Green Heron",2013,NA
"Green Heron",2014,NA
"Green Heron",2015,NA
"Green Heron",2016,NA
"Green Heron",2017,NA
"Green Heron",2018,NA
"Green Heron",2019,NA
"Green Heron",2021,NA
"Green Heron",2022,NA
"Black-crowned Night-Heron",1999,NA
"Black-crowned Night-Heron",2000,NA
"Black-crowned Night-Heron",2001,NA
"Black-crowned Night-Heron",2002,NA
"Black-crowned Night-Heron",2003,NA
"Black-crowned Night-Heron",2004,NA
"Black-crowned Night-Heron",2005,NA
"Black-crowned Night-Heron",2006,NA
"Black-crowned Night-Heron",2007,NA
"Black-crowned Night-Heron",2008,NA
"Black-crowned Night-Heron",2009,NA
"Black-crowned Night-Heron",2010,NA
"Black-crowned Night-Heron",2011,NA
"Black-crowned Night-Heron",2012,NA
"Black-crowned Night-Heron",2013,NA
"Black-crowned Night-Heron",2014,NA
"Black-crowned Night-Heron",2015,NA
"Black-crowned Night-Heron",2016,NA
"Black-crowned Night-Heron",2017,NA
"Black-crowned Night-Heron",2018,NA
"Black-crowned Night-Heron",2019,NA
"Black-crowned Night-Heron",2021,NA
"Black-crowned Night-Heron",2022,NA
"Yellow-crowned Night-Heron",1999,NA
"Yellow-crowned Night-Heron",2000,NA
"Yellow-crowned Night-Heron",2001,NA
"Yellow-crowned Night-Heron",2002,NA
"Yellow-crowned Night-Heron",2003,NA
"Yellow-crowned Night-Heron",2004,NA
"Yellow-crowned Night-Heron",2005,NA
"Yellow-crowned Night-Heron",2006,NA
"Yellow-crowned Night-Heron",2007,NA
"Yellow-crowned Night-Heron",2008,NA
"Yellow-crowned Night-Heron",2009,NA
"Yellow-crowned Night-Heron",2010,NA
"Yellow-crowned Night-Heron",2011,NA
"Yellow-crowned Night-Heron",2012,NA
"Yellow-crowned Night-Heron",2013,NA
"Yellow-crowned Night-Heron",2014,NA
"Yellow-crowned Night-Heron",2015,NA
"Yellow-crowned Night-Heron",2016,NA
"Yellow-crowned Night-Heron",2017,NA
"Yellow-crowned Night-Heron",2018,NA
"Yellow-crowned Night-Heron",2019,NA
"Yellow-crowned Night-Heron",2021,NA
"Yellow-crowned Night-Heron",2022,NA
"Black Vulture",1999,NA
"Black Vulture",2000,NA
"Black Vulture",2001,NA
"Black Vulture",2002,NA
"Black Vulture",2003,NA
"Black Vulture",2004,NA
"Black Vulture",2005,NA
"Black Vulture",2006,NA
"Black Vulture",2007,NA
"Black Vulture",2008,NA
"Black Vulture",2009,NA
"Black Vulture",2010,NA
"Black Vulture",2011,NA
"Black Vulture",2012,NA
"Black Vulture",2013,NA
"Black Vulture",2014,NA
"Black Vulture",2015,NA
"Black Vulture",2016,NA
"Black Vulture",2017,NA
"Black Vulture",2018,NA
"Black Vulture",2019,NA
"Black Vulture",2021,NA
"Black Vulture",2022,NA
"Turkey Vulture",1999,NA
"Turkey Vulture",2000,NA
"Turkey Vulture",2001,NA
"Turkey Vulture",2002,NA
"Turkey Vulture",2003,NA
"Turkey Vulture",2004,NA
"Turkey Vulture",2005,NA
"Turkey Vulture",2006,NA
"Turkey Vulture",2007,NA
"Turkey Vulture",2008,NA
"Turkey Vulture",2009,NA
"Turkey Vulture",2010,NA
"Turkey Vulture",2011,NA
"Turkey Vulture",2012,NA
"Turkey Vulture",2013,NA
"Turkey Vulture",2014,NA
"Turkey Vulture",2015,NA
"Turkey Vulture",2016,NA
"Turkey Vulture",2017,NA
"Turkey Vulture",2018,NA
"Turkey Vulture",2019,NA
"Turkey Vulture",2021,NA
"Turkey Vulture",2022,NA
"Osprey",1999,NA
"Osprey",2000,NA
"Osprey",2001,NA
"Osprey",2002,NA
"Osprey",2003,NA
"Osprey",2004,NA
"Osprey",2005,NA
"Osprey",2006,NA
"Osprey",2007,NA
"Osprey",2008,NA
"Osprey",2009,NA
"Osprey",2010,NA
"Osprey",2011,NA
"Osprey",2012,NA
"Osprey",2013,NA
"Osprey",2014,NA
"Osprey",2015,NA
"Osprey",2016,NA
"Osprey",2017,NA
"Osprey",2018,NA
"Osprey",2019,NA
"Osprey",2021,NA
"Osprey",2022,NA
"Mississippi Kite",1999,NA
"Mississippi Kite",2000,NA
"Mississippi Kite",2001,NA
"Mississippi Kite",2002,NA
"Mississippi Kite",2003,NA
"Mississippi Kite",2004,NA
"Mississippi Kite",2005,NA
"Mississippi Kite",2006,NA
"Mississippi Kite",2007,NA
"Mississippi Kite",2008,NA
"Mississippi Kite",2009,NA
"Mississippi Kite",2010,NA
"Mississippi Kite",2011,NA
"Mississippi Kite",2012,NA
"Mississippi Kite",2013,NA
"Mississippi Kite",2014,NA
"Mississippi Kite",2015,NA
"Mississippi Kite",2016,NA
"Mississippi Kite",2017,NA
"Mississippi Kite",2018,NA
"Mississippi Kite",2019,NA
"Mississippi Kite",2021,NA
"Mississippi Kite",2022,NA
"Northern Harrier",1999,NA
"Northern Harrier",2000,NA
"Northern Harrier",2001,NA
"Northern Harrier",2002,NA
"Northern Harrier",2003,NA
"Northern Harrier",2004,NA
"Northern Harrier",2005,NA
"Northern Harrier",2006,NA
"Northern Harrier",2007,NA
"Northern Harrier",2008,NA
"Northern Harrier",2009,NA
"Northern Harrier",2010,NA
"Northern Harrier",2011,NA
"Northern Harrier",2012,NA
"Northern Harrier",2013,NA
"Northern Harrier",2014,NA
"Northern Harrier",2015,NA
"Northern Harrier",2016,NA
"Northern Harrier",2017,NA
"Northern Harrier",2018,NA
"Northern Harrier",2019,NA
"Northern Harrier",2021,NA
"Northern Harrier",2022,NA
"Sharp-shinned Hawk",1999,NA
"Sharp-shinned Hawk",2000,NA
"Sharp-shinned Hawk",2001,NA
"Sharp-shinned Hawk",2002,NA
"Sharp-shinned Hawk",2003,NA
"Sharp-shinned Hawk",2004,NA
"Sharp-shinned Hawk",2005,NA
"Sharp-shinned Hawk",2006,NA
"Sharp-shinned Hawk",2007,NA
"Sharp-shinned Hawk",2008,NA
"Sharp-shinned Hawk",2009,NA
"Sharp-shinned Hawk",2010,NA
"Sharp-shinned Hawk",2011,NA
"Sharp-shinned Hawk",2012,NA
"Sharp-shinned Hawk",2013,NA
"Sharp-shinned Hawk",2014,NA
"Sharp-shinned Hawk",2015,NA
"Sharp-shinned Hawk",2016,NA
"Sharp-shinned Hawk",2017,NA
"Sharp-shinned Hawk",2018,NA
"Sharp-shinned Hawk",2019,NA
"Sharp-shinned Hawk",2021,NA
"Sharp-shinned Hawk",2022,NA
"Cooper's Hawk",1999,NA
"Cooper's Hawk",2000,NA
"Cooper's Hawk",2001,NA
"Cooper's Hawk",2002,NA
"Cooper's Hawk",2003,NA
"Cooper's Hawk",2004,NA
"Cooper's Hawk",2005,NA
"Cooper's Hawk",2006,NA
"Cooper's Hawk",2007,NA
"Cooper's Hawk",2008,NA
"Cooper's Hawk",2009,NA
"Cooper's Hawk",2010,NA
"Cooper's Hawk",2011,NA
"Cooper's Hawk",2012,NA
"Cooper's Hawk",2013,NA
"Cooper's Hawk",2014,NA
"Cooper's Hawk",2015,NA
"Cooper's Hawk",2016,NA
"Cooper's Hawk",2017,NA
"Cooper's Hawk",2018,NA
"Cooper's Hawk",2019,NA
"Cooper's Hawk",2021,NA
"Cooper's Hawk",2022,NA
"Bald Eagle",1999,NA
"Bald Eagle",2000,NA
"Bald Eagle",2001,NA
"Bald Eagle",2002,NA
"Bald Eagle",2003,NA
"Bald Eagle",2004,NA
"Bald Eagle",2005,NA
"Bald Eagle",2006,NA
"Bald Eagle",2007,NA
"Bald Eagle",2008,NA
"Bald Eagle",2009,NA
"Bald Eagle",2010,NA
"Bald Eagle",2011,NA
"Bald Eagle",2012,NA
"Bald Eagle",2013,NA
"Bald Eagle",2014,NA
"Bald Eagle",2015,NA
"Bald Eagle",2016,NA
"Bald Eagle",2017,NA
"Bald Eagle",2018,NA
"Bald Eagle",2019,NA
"Bald Eagle",2021,NA
"Bald Eagle",2022,NA
"Red-shouldered Hawk",1999,NA
"Red-shouldered Hawk",2000,NA
"Red-shouldered Hawk",2001,NA
"Red-shouldered Hawk",2002,NA
"Red-shouldered Hawk",2003,NA
"Red-shouldered Hawk",2004,NA
"Red-shouldered Hawk",2005,NA
"Red-shouldered Hawk",2006,NA
"Red-shouldered Hawk",2007,NA
"Red-shouldered Hawk",2008,NA
"Red-shouldered Hawk",2009,NA
"Red-shouldered Hawk",2010,NA
"Red-shouldered Hawk",2011,NA
"Red-shouldered Hawk",2012,NA
"Red-shouldered Hawk",2013,NA
"Red-shouldered Hawk",2014,NA
"Red-shouldered Hawk",2015,NA
"Red-shouldered Hawk",2016,NA
"Red-shouldered Hawk",2017,NA
"Red-shouldered Hawk",2018,NA
"Red-shouldered Hawk",2019,NA
"Red-shouldered Hawk",2021,NA
"Red-shouldered Hawk",2022,NA
"Broad-winged Hawk",1999,NA
"Broad-winged Hawk",2000,NA
"Broad-winged Hawk",2001,NA
"Broad-winged Hawk",2002,NA
"Broad-winged Hawk",2003,NA
"Broad-winged Hawk",2004,NA
"Broad-winged Hawk",2005,NA
"Broad-winged Hawk",2006,NA
"Broad-winged Hawk",2007,NA
"Broad-winged Hawk",2008,NA
"Broad-winged Hawk",2009,NA
"Broad-winged Hawk",2010,NA
"Broad-winged Hawk",2011,NA
"Broad-winged Hawk",2012,NA
"Broad-winged Hawk",2013,NA
"Broad-winged Hawk",2014,NA
"Broad-winged Hawk",2015,NA
"Broad-winged Hawk",2016,NA
"Broad-winged Hawk",2017,NA
"Broad-winged Hawk",2018,NA
"Broad-winged Hawk",2019,NA
"Broad-winged Hawk",2021,NA
"Broad-winged Hawk",2022,NA
"Red-tailed Hawk",1999,NA
"Red-tailed Hawk",2000,NA
"Red-tailed Hawk",2001,NA
"Red-tailed Hawk",2002,NA
"Red-tailed Hawk",2003,NA
"Red-tailed Hawk",2004,NA
"Red-tailed Hawk",2005,NA
"Red-tailed Hawk",2006,NA
"Red-tailed Hawk",2007,NA
"Red-tailed Hawk",2008,NA
"Red-tailed Hawk",2009,NA
"Red-tailed Hawk",2010,NA
"Red-tailed Hawk",2011,NA
"Red-tailed Hawk",2012,NA
"Red-tailed Hawk",2013,NA
"Red-tailed Hawk",2014,NA
"Red-tailed Hawk",2015,NA
"Red-tailed Hawk",2016,NA
"Red-tailed Hawk",2017,NA
"Red-tailed Hawk",2018,NA
"Red-tailed Hawk",2019,NA
"Red-tailed Hawk",2021,NA
"Red-tailed Hawk",2022,NA
"Rough-legged Hawk",1999,NA
"Rough-legged Hawk",2000,NA
"Rough-legged Hawk",2001,NA
"Rough-legged Hawk",2002,NA
"Rough-legged Hawk",2003,NA
"Rough-legged Hawk",2004,NA
"Rough-legged Hawk",2005,NA
"Rough-legged Hawk",2006,NA
"Rough-legged Hawk",2007,NA
"Rough-legged Hawk",2008,NA
"Rough-legged Hawk",2009,NA
"Rough-legged Hawk",2010,NA
"Rough-legged Hawk",2011,NA
"Rough-legged Hawk",2012,NA
"Rough-legged Hawk",2013,NA
"Rough-legged Hawk",2014,NA
"Rough-legged Hawk",2015,NA
"Rough-legged Hawk",2016,NA
"Rough-legged Hawk",2017,NA
"Rough-legged Hawk",2018,NA
"Rough-legged Hawk",2019,NA
"Rough-legged Hawk",2021,NA
"Rough-legged Hawk",2022,NA
"Barn Owl",1999,NA
"Barn Owl",2000,NA
"Barn Owl",2001,NA
"Barn Owl",2002,NA
"Barn Owl",2003,NA
"Barn Owl",2004,NA
"Barn Owl",2005,NA
"Barn Owl",2006,NA
"Barn Owl",2007,NA
"Barn Owl",2008,NA
"Barn Owl",2009,NA
"Barn Owl",2010,NA
"Barn Owl",2011,NA
"Barn Owl",2012,NA
"Barn Owl",2013,NA
"Barn Owl",2014,NA
"Barn Owl",2015,NA
"Barn Owl",2016,NA
"Barn Owl",2017,NA
"Barn Owl",2018,NA
"Barn Owl",2019,NA
"Barn Owl",2021,NA
"Barn Owl",2022,NA
"Eastern Screech-Owl",1999,NA
"Eastern Screech-Owl",2000,NA
"Eastern Screech-Owl",2001,NA
"Eastern Screech-Owl",2002,NA
"Eastern Screech-Owl",2003,NA
"Eastern Screech-Owl",2004,NA
"Eastern Screech-Owl",2005,NA
"Eastern Screech-Owl",2006,NA
"Eastern Screech-Owl",2007,NA
"Eastern Screech-Owl",2008,NA
"Eastern Screech-Owl",2009,NA
"Eastern Screech-Owl",2010,NA
"Eastern Screech-Owl",2011,NA
"Eastern Screech-Owl",2012,NA
"Eastern Screech-Owl",2013,NA
"Eastern Screech-Owl",2014,NA
"Eastern Screech-Owl",2015,NA
"Eastern Screech-Owl",2016,NA
"Eastern Screech-Owl",2017,NA
"Eastern Screech-Owl",2018,NA
"Eastern Screech-Owl",2019,NA
"Eastern Screech-Owl",2021,NA
"Eastern Screech-Owl",2022,NA
"Great Horned Owl",1999,NA
"Great Horned Owl",2000,NA
"Great Horned Owl",2001,NA
"Great Horned Owl",2002,NA
"Great Horned Owl",2003,NA
"Great Horned Owl",2004,NA
"Great Horned Owl",2005,NA
"Great Horned Owl",2006,NA
"Great Horned Owl",2007,NA
"Great Horned Owl",2008,NA
"Great Horned Owl",2009,NA
"Great Horned Owl",2010,NA
"Great Horned Owl",2011,NA
"Great Horned Owl",2012,NA
"Great Horned Owl",2013,NA
"Great Horned Owl",2014,NA
"Great Horned Owl",2015,NA
"Great Horned Owl",2016,NA
"Great Horned Owl",2017,NA
"Great Horned Owl",2018,NA
"Great Horned Owl",2019,NA
"Great Horned Owl",2021,NA
"Great Horned Owl",2022,NA
"Barred Owl",1999,NA
"Barred Owl",2000,NA
"Barred Owl",2001,NA
"Barred Owl",2002,NA
"Barred Owl",2003,NA
"Barred Owl",2004,NA
"Barred Owl",2005,NA
"Barred Owl",2006,NA
"Barred Owl",2007,NA
"Barred Owl",2008,NA
"Barred Owl",2009,NA
"Barred Owl",2010,NA
"Barred Owl",2011,NA
"Barred Owl",2012,NA
"Barred Owl",2013,NA
"Barred Owl",2014,NA
"Barred Owl",2015,NA
"Barred Owl",2016,NA
"Barred Owl",2017,NA
"Barred Owl",2018,NA
"Barred Owl",2019,NA
"Barred Owl",2021,NA
"Barred Owl",2022,NA
"Belted Kingfisher",1999,NA
"Belted Kingfisher",2000,NA
"Belted Kingfisher",2001,NA
"Belted Kingfisher",2002,NA
"Belted Kingfisher",2003,NA
"Belted Kingfisher",2004,NA
"Belted Kingfisher",2005,NA
"Belted Kingfisher",2006,NA
"Belted Kingfisher",2007,NA
"Belted Kingfisher",2008,NA
"Belted Kingfisher",2009,NA
"Belted Kingfisher",2010,NA
"Belted Kingfisher",2011,NA
"Belted Kingfisher",2012,NA
"Belted Kingfisher",2013,NA
"Belted Kingfisher",2014,NA
"Belted Kingfisher",2015,NA
"Belted Kingfisher",2016,NA
"Belted Kingfisher",2017,NA
"Belted Kingfisher",2018,NA
"Belted Kingfisher",2019,NA
"Belted Kingfisher",2021,NA
"Belted Kingfisher",2022,NA
"Yellow-bellied Sapsucker",1999,NA
"Yellow-bellied Sapsucker",2000,NA
"Yellow-bellied Sapsucker",2001,NA
"Yellow-bellied Sapsucker",2002,NA
"Yellow-bellied Sapsucker",2003,NA
"Yellow-bellied Sapsucker",2004,NA
"Yellow-bellied Sapsucker",2005,NA
"Yellow-bellied Sapsucker",2006,NA
"Yellow-bellied Sapsucker",2007,NA
"Yellow-bellied Sapsucker",2008,NA
"Yellow-bellied Sapsucker",2009,NA
"Yellow-bellied Sapsucker",2010,NA
"Yellow-bellied Sapsucker",2011,NA
"Yellow-bellied Sapsucker",2012,NA
"Yellow-bellied Sapsucker",2013,NA
"Yellow-bellied Sapsucker",2014,NA
"Yellow-bellied Sapsucker",2015,NA
"Yellow-bellied Sapsucker",2016,NA
"Yellow-bellied Sapsucker",2017,NA
"Yellow-bellied Sapsucker",2018,NA
"Yellow-bellied Sapsucker",2019,NA
"Yellow-bellied Sapsucker",2021,NA
"Yellow-bellied Sapsucker",2022,NA
"Red-headed Woodpecker",1999,NA
"Red-headed Woodpecker",2000,NA
"Red-headed Woodpecker",2001,NA
"Red-headed Woodpecker",2002,NA
"Red-headed Woodpecker",2003,NA
"Red-headed Woodpecker",2004,NA
"Red-headed Woodpecker",2005,NA
"Red-headed Woodpecker",2006,NA
"Red-headed Woodpecker",2007,NA
"Red-headed Woodpecker",2008,NA
"Red-headed Woodpecker",2009,NA
"Red-headed Woodpecker",2010,NA
"Red-headed Woodpecker",2011,NA
"Red-headed Woodpecker",2012,NA
"Red-headed Woodpecker",2013,NA
"Red-headed Woodpecker",2014,NA
"Red-headed Woodpecker",2015,NA
"Red-headed Woodpecker",2016,NA
"Red-headed Woodpecker",2017,NA
"Red-headed Woodpecker",2018,NA
"Red-headed Woodpecker",2019,NA
"Red-headed Woodpecker",2021,NA
"Red-headed Woodpecker",2022,NA
"Red-bellied Woodpecker",1999,NA
"Red-bellied Woodpecker",2000,NA
"Red-bellied Woodpecker",2001,NA
"Red-bellied Woodpecker",2002,NA
"Red-bellied Woodpecker",2003,NA
"Red-bellied Woodpecker",2004,NA
"Red-bellied Woodpecker",2005,NA
"Red-bellied Woodpecker",2006,NA
"Red-bellied Woodpecker",2007,NA
"Red-bellied Woodpecker",2008,NA
"Red-bellied Woodpecker",2009,NA
"Red-bellied Woodpecker",2010,NA
"Red-bellied Woodpecker",2011,NA
"Red-bellied Woodpecker",2012,NA
"Red-bellied Woodpecker",2013,NA
"Red-bellied Woodpecker",2014,NA
"Red-bellied Woodpecker",2015,NA
"Red-bellied Woodpecker",2016,NA
"Red-bellied Woodpecker",2017,NA
"Red-bellied Woodpecker",2018,NA
"Red-bellied Woodpecker",2019,NA
"Red-bellied Woodpecker",2021,NA
"Red-bellied Woodpecker",2022,NA
"Downy Woodpecker",1999,NA
"Downy Woodpecker",2000,NA
"Downy Woodpecker",2001,NA
"Downy Woodpecker",2002,NA
"Downy Woodpecker",2003,NA
"Downy Woodpecker",2004,NA
"Downy Woodpecker",2005,NA
"Downy Woodpecker",2006,NA
"Downy Woodpecker",2007,NA
"Downy Woodpecker",2008,NA
"Downy Woodpecker",2009,NA
"Downy Woodpecker",2010,NA
"Downy Woodpecker",2011,NA
"Downy Woodpecker",2012,NA
"Downy Woodpecker",2013,NA
"Downy Woodpecker",2014,NA
"Downy Woodpecker",2015,NA
"Downy Woodpecker",2016,NA
"Downy Woodpecker",2017,NA
"Downy Woodpecker",2018,NA
"Downy Woodpecker",2019,NA
"Downy Woodpecker",2021,NA
"Downy Woodpecker",2022,NA
"Red-cockaded Woodpecker",1999,NA
"Red-cockaded Woodpecker",2000,NA
"Red-cockaded Woodpecker",2001,NA
"Red-cockaded Woodpecker",2002,NA
"Red-cockaded Woodpecker",2003,NA
"Red-cockaded Woodpecker",2004,NA
"Red-cockaded Woodpecker",2005,NA
"Red-cockaded Woodpecker",2006,NA
"Red-cockaded Woodpecker",2007,NA
"Red-cockaded Woodpecker",2008,NA
"Red-cockaded Woodpecker",2009,NA
"Red-cockaded Woodpecker",2010,NA
"Red-cockaded Woodpecker",2011,NA
"Red-cockaded Woodpecker",2012,NA
"Red-cockaded Woodpecker",2013,NA
"Red-cockaded Woodpecker",2014,NA
"Red-cockaded Woodpecker",2015,NA
"Red-cockaded Woodpecker",2016,NA
"Red-cockaded Woodpecker",2017,NA
"Red-cockaded Woodpecker",2018,NA
"Red-cockaded Woodpecker",2019,NA
"Red-cockaded Woodpecker",2021,NA
"Red-cockaded Woodpecker",2022,NA
"Hairy Woodpecker",1999,NA
"Hairy Woodpecker",2000,NA
"Hairy Woodpecker",2001,NA
"Hairy Woodpecker",2002,NA
"Hairy Woodpecker",2003,NA
"Hairy Woodpecker",2004,NA
"Hairy Woodpecker",2005,NA
"Hairy Woodpecker",2006,NA
"Hairy Woodpecker",2007,NA
"Hairy Woodpecker",2008,NA
"Hairy Woodpecker",2009,NA
"Hairy Woodpecker",2010,NA
"Hairy Woodpecker",2011,NA
"Hairy Woodpecker",2012,NA
"Hairy Woodpecker",2013,NA
"Hairy Woodpecker",2014,NA
"Hairy Woodpecker",2015,NA
"Hairy Woodpecker",2016,NA
"Hairy Woodpecker",2017,NA
"Hairy Woodpecker",2018,NA
"Hairy Woodpecker",2019,NA
"Hairy Woodpecker",2021,NA
"Hairy Woodpecker",2022,NA
"Pileated Woodpecker",1999,NA
"Pileated Woodpecker",2000,NA
"Pileated Woodpecker",2001,NA
"Pileated Woodpecker",2002,NA
"Pileated Woodpecker",2003,NA
"Pileated Woodpecker",2004,NA
"Pileated Woodpecker",2005,NA
"Pileated Woodpecker",2006,NA
"Pileated Woodpecker",2007,NA
"Pileated Woodpecker",2008,NA
"Pileated Woodpecker",2009,NA
"Pileated Woodpecker",2010,NA
"Pileated Woodpecker",2011,NA
"Pileated Woodpecker",2012,NA
"Pileated Woodpecker",2013,NA
"Pileated Woodpecker",2014,NA
"Pileated Woodpecker",2015,NA
"Pileated Woodpecker",2016,NA
"Pileated Woodpecker",2017,NA
"Pileated Woodpecker",2018,NA
"Pileated Woodpecker",2019,NA
"Pileated Woodpecker",2021,NA
"Pileated Woodpecker",2022,NA
"Northern Flicker",1999,NA
"Northern Flicker",2000,NA
"Northern Flicker",2001,NA
"Northern Flicker",2002,NA
"Northern Flicker",2003,NA
"Northern Flicker",2004,NA
"Northern Flicker",2005,NA
"Northern Flicker",2006,NA
"Northern Flicker",2007,NA
"Northern Flicker",2008,NA
"Northern Flicker",2009,NA
"Northern Flicker",2010,NA
"Northern Flicker",2011,NA
"Northern Flicker",2012,NA
"Northern Flicker",2013,NA
"Northern Flicker",2014,NA
"Northern Flicker",2015,NA
"Northern Flicker",2016,NA
"Northern Flicker",2017,NA
"Northern Flicker",2018,NA
"Northern Flicker",2019,NA
"Northern Flicker",2021,NA
"Northern Flicker",2022,NA
"American Kestrel",1999,NA
"American Kestrel",2000,NA
"American Kestrel",2001,NA
"American Kestrel",2002,NA
"American Kestrel",2003,NA
"American Kestrel",2004,NA
"American Kestrel",2005,NA
"American Kestrel",2006,NA
"American Kestrel",2007,NA
"American Kestrel",2008,NA
"American Kestrel",2009,NA
"American Kestrel",2010,NA
"American Kestrel",2011,NA
"American Kestrel",2012,NA
"American Kestrel",2013,NA
"American Kestrel",2014,NA
"American Kestrel",2015,NA
"American Kestrel",2016,NA
"American Kestrel",2017,NA
"American Kestrel",2018,NA
"American Kestrel",2019,NA
"American Kestrel",2021,NA
"American Kestrel",2022,NA
"Merlin",1999,NA
"Merlin",2000,NA
"Merlin",2001,NA
"Merlin",2002,NA
"Merlin",2003,NA
"Merlin",2004,NA
"Merlin",2005,NA
"Merlin",2006,NA
"Merlin",2007,NA
"Merlin",2008,NA
"Merlin",2009,NA
"Merlin",2010,NA
"Merlin",2011,NA
"Merlin",2012,NA
"Merlin",2013,NA
"Merlin",2014,NA
"Merlin",2015,NA
"Merlin",2016,NA
"Merlin",2017,NA
"Merlin",2018,NA
"Merlin",2019,NA
"Merlin",2021,NA
"Merlin",2022,NA
"Peregrine Falcon",1999,NA
"Peregrine Falcon",2000,NA
"Peregrine Falcon",2001,NA
"Peregrine Falcon",2002,NA
"Peregrine Falcon",2003,NA
"Peregrine Falcon",2004,NA
"Peregrine Falcon",2005,NA
"Peregrine Falcon",2006,NA
"Peregrine Falcon",2007,NA
"Peregrine Falcon",2008,NA
"Peregrine Falcon",2009,NA
"Peregrine Falcon",2010,NA
"Peregrine Falcon",2011,NA
"Peregrine Falcon",2012,NA
"Peregrine Falcon",2013,NA
"Peregrine Falcon",2014,NA
"Peregrine Falcon",2015,NA
"Peregrine Falcon",2016,NA
"Peregrine Falcon",2017,NA
"Peregrine Falcon",2018,NA
"Peregrine Falcon",2019,NA
"Peregrine Falcon",2021,NA
"Peregrine Falcon",2022,NA
"Olive-sided Flycatcher",1999,NA
"Olive-sided Flycatcher",2000,NA
"Olive-sided Flycatcher",2001,NA
"Olive-sided Flycatcher",2002,NA
"Olive-sided Flycatcher",2003,NA
"Olive-sided Flycatcher",2004,NA
"Olive-sided Flycatcher",2005,NA
"Olive-sided Flycatcher",2006,NA
"Olive-sided Flycatcher",2007,NA
"Olive-sided Flycatcher",2008,NA
"Olive-sided Flycatcher",2009,NA
"Olive-sided Flycatcher",2010,NA
"Olive-sided Flycatcher",2011,NA
"Olive-sided Flycatcher",2012,NA
"Olive-sided Flycatcher",2013,NA
"Olive-sided Flycatcher",2014,NA
"Olive-sided Flycatcher",2015,NA
"Olive-sided Flycatcher",2016,NA
"Olive-sided Flycatcher",2017,NA
"Olive-sided Flycatcher",2018,NA
"Olive-sided Flycatcher",2019,NA
"Olive-sided Flycatcher",2021,NA
"Olive-sided Flycatcher",2022,NA
"Eastern Wood-Pewee",1999,NA
"Eastern Wood-Pewee",2000,NA
"Eastern Wood-Pewee",2001,NA
"Eastern Wood-Pewee",2002,NA
"Eastern Wood-Pewee",2003,NA
"Eastern Wood-Pewee",2004,NA
"Eastern Wood-Pewee",2005,NA
"Eastern Wood-Pewee",2006,NA
"Eastern Wood-Pewee",2007,NA
"Eastern Wood-Pewee",2008,NA
"Eastern Wood-Pewee",2009,NA
"Eastern Wood-Pewee",2010,NA
"Eastern Wood-Pewee",2011,NA
"Eastern Wood-Pewee",2012,NA
"Eastern Wood-Pewee",2013,NA
"Eastern Wood-Pewee",2014,NA
"Eastern Wood-Pewee",2015,NA
"Eastern Wood-Pewee",2016,NA
"Eastern Wood-Pewee",2017,NA
"Eastern Wood-Pewee",2018,NA
"Eastern Wood-Pewee",2019,NA
"Eastern Wood-Pewee",2021,NA
"Eastern Wood-Pewee",2022,NA
"Yellow-bellied Flycatcher",1999,NA
"Yellow-bellied Flycatcher",2000,NA
"Yellow-bellied Flycatcher",2001,NA
"Yellow-bellied Flycatcher",2002,NA
"Yellow-bellied Flycatcher",2003,NA
"Yellow-bellied Flycatcher",2004,NA
"Yellow-bellied Flycatcher",2005,NA
"Yellow-bellied Flycatcher",2006,NA
"Yellow-bellied Flycatcher",2007,NA
"Yellow-bellied Flycatcher",2008,NA
"Yellow-bellied Flycatcher",2009,NA
"Yellow-bellied Flycatcher",2010,NA
"Yellow-bellied Flycatcher",2011,NA
"Yellow-bellied Flycatcher",2012,NA
"Yellow-bellied Flycatcher",2013,NA
"Yellow-bellied Flycatcher",2014,NA
"Yellow-bellied Flycatcher",2015,NA
"Yellow-bellied Flycatcher",2016,NA
"Yellow-bellied Flycatcher",2017,NA
"Yellow-bellied Flycatcher",2018,NA
"Yellow-bellied Flycatcher",2019,NA
"Yellow-bellied Flycatcher",2021,NA
"Yellow-bellied Flycatcher",2022,NA
"Acadian Flycatcher",1999,NA
"Acadian Flycatcher",2000,NA
"Acadian Flycatcher",2001,NA
"Acadian Flycatcher",2002,NA
"Acadian Flycatcher",2003,NA
"Acadian Flycatcher",2004,NA
"Acadian Flycatcher",2005,NA
"Acadian Flycatcher",2006,NA
"Acadian Flycatcher",2007,NA
"Acadian Flycatcher",2008,NA
"Acadian Flycatcher",2009,NA
"Acadian Flycatcher",2010,NA
"Acadian Flycatcher",2011,NA
"Acadian Flycatcher",2012,NA
"Acadian Flycatcher",2013,NA
"Acadian Flycatcher",2014,NA
"Acadian Flycatcher",2015,NA
"Acadian Flycatcher",2016,NA
"Acadian Flycatcher",2017,NA
"Acadian Flycatcher",2018,NA
"Acadian Flycatcher",2019,NA
"Acadian Flycatcher",2021,NA
"Acadian Flycatcher",2022,NA
"Alder Flycatcher",1999,NA
"Alder Flycatcher",2000,NA
"Alder Flycatcher",2001,NA
"Alder Flycatcher",2002,NA
"Alder Flycatcher",2003,NA
"Alder Flycatcher",2004,NA
"Alder Flycatcher",2005,NA
"Alder Flycatcher",2006,NA
"Alder Flycatcher",2007,NA
"Alder Flycatcher",2008,NA
"Alder Flycatcher",2009,NA
"Alder Flycatcher",2010,NA
"Alder Flycatcher",2011,NA
"Alder Flycatcher",2012,NA
"Alder Flycatcher",2013,NA
"Alder Flycatcher",2014,NA
"Alder Flycatcher",2015,NA
"Alder Flycatcher",2016,NA
"Alder Flycatcher",2017,NA
"Alder Flycatcher",2018,NA
"Alder Flycatcher",2019,NA
"Alder Flycatcher",2021,NA
"Alder Flycatcher",2022,NA
"Willow Flycatcher",1999,NA
"Willow Flycatcher",2000,NA
"Willow Flycatcher",2001,NA
"Willow Flycatcher",2002,NA
"Willow Flycatcher",2003,NA
"Willow Flycatcher",2004,NA
"Willow Flycatcher",2005,NA
"Willow Flycatcher",2006,NA
"Willow Flycatcher",2007,NA
"Willow Flycatcher",2008,NA
"Willow Flycatcher",2009,NA
"Willow Flycatcher",2010,NA
"Willow Flycatcher",2011,NA
"Willow Flycatcher",2012,NA
"Willow Flycatcher",2013,NA
"Willow Flycatcher",2014,NA
"Willow Flycatcher",2015,NA
"Willow Flycatcher",2016,NA
"Willow Flycatcher",2017,NA
"Willow Flycatcher",2018,NA
"Willow Flycatcher",2019,NA
"Willow Flycatcher",2021,NA
"Willow Flycatcher",2022,NA
"Least Flycatcher",1999,NA
"Least Flycatcher",2000,NA
"Least Flycatcher",2001,NA
"Least Flycatcher",2002,NA
"Least Flycatcher",2003,NA
"Least Flycatcher",2004,NA
"Least Flycatcher",2005,NA
"Least Flycatcher",2006,NA
"Least Flycatcher",2007,NA
"Least Flycatcher",2008,NA
"Least Flycatcher",2009,NA
"Least Flycatcher",2010,NA
"Least Flycatcher",2011,NA
"Least Flycatcher",2012,NA
"Least Flycatcher",2013,NA
"Least Flycatcher",2014,NA
"Least Flycatcher",2015,NA
"Least Flycatcher",2016,NA
"Least Flycatcher",2017,NA
"Least Flycatcher",2018,NA
"Least Flycatcher",2019,NA
"Least Flycatcher",2021,NA
"Least Flycatcher",2022,NA
"Eastern Phoebe",1999,NA
"Eastern Phoebe",2000,NA
"Eastern Phoebe",2001,NA
"Eastern Phoebe",2002,NA
"Eastern Phoebe",2003,NA
"Eastern Phoebe",2004,NA
"Eastern Phoebe",2005,NA
"Eastern Phoebe",2006,NA
"Eastern Phoebe",2007,NA
"Eastern Phoebe",2008,NA
"Eastern Phoebe",2009,NA
"Eastern Phoebe",2010,NA
"Eastern Phoebe",2011,NA
"Eastern Phoebe",2012,NA
"Eastern Phoebe",2013,NA
"Eastern Phoebe",2014,NA
"Eastern Phoebe",2015,NA
"Eastern Phoebe",2016,NA
"Eastern Phoebe",2017,NA
"Eastern Phoebe",2018,NA
"Eastern Phoebe",2019,NA
"Eastern Phoebe",2021,NA
"Eastern Phoebe",2022,NA
"Great Crested Flycatcher",1999,NA
"Great Crested Flycatcher",2000,NA
"Great Crested Flycatcher",2001,NA
"Great Crested Flycatcher",2002,NA
"Great Crested Flycatcher",2003,NA
"Great Crested Flycatcher",2004,NA
"Great Crested Flycatcher",2005,NA
"Great Crested Flycatcher",2006,NA
"Great Crested Flycatcher",2007,NA
"Great Crested Flycatcher",2008,NA
"Great Crested Flycatcher",2009,NA
"Great Crested Flycatcher",2010,NA
"Great Crested Flycatcher",2011,NA
"Great Crested Flycatcher",2012,NA
"Great Crested Flycatcher",2013,NA
"Great Crested Flycatcher",2014,NA
"Great Crested Flycatcher",2015,NA
"Great Crested Flycatcher",2016,NA
"Great Crested Flycatcher",2017,NA
"Great Crested Flycatcher",2018,NA
"Great Crested Flycatcher",2019,NA
"Great Crested Flycatcher",2021,NA
"Great Crested Flycatcher",2022,NA
"Eastern Kingbird",1999,NA
"Eastern Kingbird",2000,NA
"Eastern Kingbird",2001,NA
"Eastern Kingbird",2002,NA
"Eastern Kingbird",2003,NA
"Eastern Kingbird",2004,NA
"Eastern Kingbird",2005,NA
"Eastern Kingbird",2006,NA
"Eastern Kingbird",2007,NA
"Eastern Kingbird",2008,NA
"Eastern Kingbird",2009,NA
"Eastern Kingbird",2010,NA
"Eastern Kingbird",2011,NA
"Eastern Kingbird",2012,NA
"Eastern Kingbird",2013,NA
"Eastern Kingbird",2014,NA
"Eastern Kingbird",2015,NA
"Eastern Kingbird",2016,NA
"Eastern Kingbird",2017,NA
"Eastern Kingbird",2018,NA
"Eastern Kingbird",2019,NA
"Eastern Kingbird",2021,NA
"Eastern Kingbird",2022,NA
"White-eyed Vireo",1999,NA
"White-eyed Vireo",2000,NA
"White-eyed Vireo",2001,NA
"White-eyed Vireo",2002,NA
"White-eyed Vireo",2003,NA
"White-eyed Vireo",2004,NA
"White-eyed Vireo",2005,NA
"White-eyed Vireo",2006,NA
"White-eyed Vireo",2007,NA
"White-eyed Vireo",2008,NA
"White-eyed Vireo",2009,NA
"White-eyed Vireo",2010,NA
"White-eyed Vireo",2011,NA
"White-eyed Vireo",2012,NA
"White-eyed Vireo",2013,NA
"White-eyed Vireo",2014,NA
"White-eyed Vireo",2015,NA
"White-eyed Vireo",2016,NA
"White-eyed Vireo",2017,NA
"White-eyed Vireo",2018,NA
"White-eyed Vireo",2019,NA
"White-eyed Vireo",2021,NA
"White-eyed Vireo",2022,NA
"Yellow-throated Vireo",1999,NA
"Yellow-throated Vireo",2000,NA
"Yellow-throated Vireo",2001,NA
"Yellow-throated Vireo",2002,NA
"Yellow-throated Vireo",2003,NA
"Yellow-throated Vireo",2004,NA
"Yellow-throated Vireo",2005,NA
"Yellow-throated Vireo",2006,NA
"Yellow-throated Vireo",2007,NA
"Yellow-throated Vireo",2008,NA
"Yellow-throated Vireo",2009,NA
"Yellow-throated Vireo",2010,NA
"Yellow-throated Vireo",2011,NA
"Yellow-throated Vireo",2012,NA
"Yellow-throated Vireo",2013,NA
"Yellow-throated Vireo",2014,NA
"Yellow-throated Vireo",2015,NA
"Yellow-throated Vireo",2016,NA
"Yellow-throated Vireo",2017,NA
"Yellow-throated Vireo",2018,NA
"Yellow-throated Vireo",2019,NA
"Yellow-throated Vireo",2021,NA
"Yellow-throated Vireo",2022,NA
"Blue-headed Vireo",1999,NA
"Blue-headed Vireo",2000,NA
"Blue-headed Vireo",2001,NA
"Blue-headed Vireo",2002,NA
"Blue-headed Vireo",2003,NA
"Blue-headed Vireo",2004,NA
"Blue-headed Vireo",2005,NA
"Blue-headed Vireo",2006,NA
"Blue-headed Vireo",2007,NA
"Blue-headed Vireo",2008,NA
"Blue-headed Vireo",2009,NA
"Blue-headed Vireo",2010,NA
"Blue-headed Vireo",2011,NA
"Blue-headed Vireo",2012,NA
"Blue-headed Vireo",2013,NA
"Blue-headed Vireo",2014,NA
"Blue-headed Vireo",2015,NA
"Blue-headed Vireo",2016,NA
"Blue-headed Vireo",2017,NA
"Blue-headed Vireo",2018,NA
"Blue-headed Vireo",2019,NA
"Blue-headed Vireo",2021,NA
"Blue-headed Vireo",2022,NA
"Philadelphia Vireo",1999,NA
"Philadelphia Vireo",2000,NA
"Philadelphia Vireo",2001,NA
"Philadelphia Vireo",2002,NA
"Philadelphia Vireo",2003,NA
"Philadelphia Vireo",2004,NA
"Philadelphia Vireo",2005,NA
"Philadelphia Vireo",2006,NA
"Philadelphia Vireo",2007,NA
"Philadelphia Vireo",2008,NA
"Philadelphia Vireo",2009,NA
"Philadelphia Vireo",2010,NA
"Philadelphia Vireo",2011,NA
"Philadelphia Vireo",2012,NA
"Philadelphia Vireo",2013,NA
"Philadelphia Vireo",2014,NA
"Philadelphia Vireo",2015,NA
"Philadelphia Vireo",2016,NA
"Philadelphia Vireo",2017,NA
"Philadelphia Vireo",2018,NA
"Philadelphia Vireo",2019,NA
"Philadelphia Vireo",2021,NA
"Philadelphia Vireo",2022,NA
"Warbling Vireo",1999,NA
"Warbling Vireo",2000,NA
"Warbling Vireo",2001,NA
"Warbling Vireo",2002,NA
"Warbling Vireo",2003,NA
"Warbling Vireo",2004,NA
"Warbling Vireo",2005,NA
"Warbling Vireo",2006,NA
"Warbling Vireo",2007,NA
"Warbling Vireo",2008,NA
"Warbling Vireo",2009,NA
"Warbling Vireo",2010,NA
"Warbling Vireo",2011,NA
"Warbling Vireo",2012,NA
"Warbling Vireo",2013,NA
"Warbling Vireo",2014,NA
"Warbling Vireo",2015,NA
"Warbling Vireo",2016,NA
"Warbling Vireo",2017,NA
"Warbling Vireo",2018,NA
"Warbling Vireo",2019,NA
"Warbling Vireo",2021,NA
"Warbling Vireo",2022,NA
"Red-eyed Vireo",1999,NA
"Red-eyed Vireo",2000,NA
"Red-eyed Vireo",2001,NA
"Red-eyed Vireo",2002,NA
"Red-eyed Vireo",2003,NA
"Red-eyed Vireo",2004,NA
"Red-eyed Vireo",2005,NA
"Red-eyed Vireo",2006,NA
"Red-eyed Vireo",2007,NA
"Red-eyed Vireo",2008,NA
"Red-eyed Vireo",2009,NA
"Red-eyed Vireo",2010,NA
"Red-eyed Vireo",2011,NA
"Red-eyed Vireo",2012,NA
"Red-eyed Vireo",2013,NA
"Red-eyed Vireo",2014,NA
"Red-eyed Vireo",2015,NA
"Red-eyed Vireo",2016,NA
"Red-eyed Vireo",2017,NA
"Red-eyed Vireo",2018,NA
"Red-eyed Vireo",2019,NA
"Red-eyed Vireo",2021,NA
"Red-eyed Vireo",2022,NA
"Loggerhead Shrike",1999,NA
"Loggerhead Shrike",2000,NA
"Loggerhead Shrike",2001,NA
"Loggerhead Shrike",2002,NA
"Loggerhead Shrike",2003,NA
"Loggerhead Shrike",2004,NA
"Loggerhead Shrike",2005,NA
"Loggerhead Shrike",2006,NA
"Loggerhead Shrike",2007,NA
"Loggerhead Shrike",2008,NA
"Loggerhead Shrike",2009,NA
"Loggerhead Shrike",2010,NA
"Loggerhead Shrike",2011,NA
"Loggerhead Shrike",2012,NA
"Loggerhead Shrike",2013,NA
"Loggerhead Shrike",2014,NA
"Loggerhead Shrike",2015,NA
"Loggerhead Shrike",2016,NA
"Loggerhead Shrike",2017,NA
"Loggerhead Shrike",2018,NA
"Loggerhead Shrike",2019,NA
"Loggerhead Shrike",2021,NA
"Loggerhead Shrike",2022,NA
"Blue Jay",1999,NA
"Blue Jay",2000,NA
"Blue Jay",2001,NA
"Blue Jay",2002,NA
"Blue Jay",2003,NA
"Blue Jay",2004,NA
"Blue Jay",2005,NA
"Blue Jay",2006,NA
"Blue Jay",2007,NA
"Blue Jay",2008,NA
"Blue Jay",2009,NA
"Blue Jay",2010,NA
"Blue Jay",2011,NA
"Blue Jay",2012,NA
"Blue Jay",2013,NA
"Blue Jay",2014,NA
"Blue Jay",2015,NA
"Blue Jay",2016,NA
"Blue Jay",2017,NA
"Blue Jay",2018,NA
"Blue Jay",2019,NA
"Blue Jay",2021,NA
"Blue Jay",2022,NA
"American Crow",1999,NA
"American Crow",2000,NA
"American Crow",2001,NA
"American Crow",2002,NA
"American Crow",2003,NA
"American Crow",2004,NA
"American Crow",2005,NA
"American Crow",2006,NA
"American Crow",2007,NA
"American Crow",2008,NA
"American Crow",2009,NA
"American Crow",2010,NA
"American Crow",2011,NA
"American Crow",2012,NA
"American Crow",2013,NA
"American Crow",2014,NA
"American Crow",2015,NA
"American Crow",2016,NA
"American Crow",2017,NA
"American Crow",2018,NA
"American Crow",2019,NA
"American Crow",2021,NA
"American Crow",2022,NA
"Fish Crow",1999,NA
"Fish Crow",2000,NA
"Fish Crow",2001,NA
"Fish Crow",2002,NA
"Fish Crow",2003,NA
"Fish Crow",2004,NA
"Fish Crow",2005,NA
"Fish Crow",2006,NA
"Fish Crow",2007,NA
"Fish Crow",2008,NA
"Fish Crow",2009,NA
"Fish Crow",2010,NA
"Fish Crow",2011,NA
"Fish Crow",2012,NA
"Fish Crow",2013,NA
"Fish Crow",2014,NA
"Fish Crow",2015,NA
"Fish Crow",2016,NA
"Fish Crow",2017,NA
"Fish Crow",2018,NA
"Fish Crow",2019,NA
"Fish Crow",2021,NA
"Fish Crow",2022,NA
"Common Raven",1999,NA
"Common Raven",2000,NA
"Common Raven",2001,NA
"Common Raven",2002,NA
"Common Raven",2003,NA
"Common Raven",2004,NA
"Common Raven",2005,NA
"Common Raven",2006,NA
"Common Raven",2007,NA
"Common Raven",2008,NA
"Common Raven",2009,NA
"Common Raven",2010,NA
"Common Raven",2011,NA
"Common Raven",2012,NA
"Common Raven",2013,NA
"Common Raven",2014,NA
"Common Raven",2015,NA
"Common Raven",2016,NA
"Common Raven",2017,NA
"Common Raven",2018,NA
"Common Raven",2019,NA
"Common Raven",2021,NA
"Common Raven",2022,NA
"Carolina Chickadee",1999,NA
"Carolina Chickadee",2000,NA
"Carolina Chickadee",2001,NA
"Carolina Chickadee",2002,NA
"Carolina Chickadee",2003,NA
"Carolina Chickadee",2004,NA
"Carolina Chickadee",2005,NA
"Carolina Chickadee",2006,NA
"Carolina Chickadee",2007,NA
"Carolina Chickadee",2008,NA
"Carolina Chickadee",2009,NA
"Carolina Chickadee",2010,NA
"Carolina Chickadee",2011,NA
"Carolina Chickadee",2012,NA
"Carolina Chickadee",2013,NA
"Carolina Chickadee",2014,NA
"Carolina Chickadee",2015,NA
"Carolina Chickadee",2016,NA
"Carolina Chickadee",2017,NA
"Carolina Chickadee",2018,NA
"Carolina Chickadee",2019,NA
"Carolina Chickadee",2021,NA
"Carolina Chickadee",2022,NA
"Tufted Titmouse",1999,NA
"Tufted Titmouse",2000,NA
"Tufted Titmouse",2001,NA
"Tufted Titmouse",2002,NA
"Tufted Titmouse",2003,NA
"Tufted Titmouse",2004,NA
"Tufted Titmouse",2005,NA
"Tufted Titmouse",2006,NA
"Tufted Titmouse",2007,NA
"Tufted Titmouse",2008,NA
"Tufted Titmouse",2009,NA
"Tufted Titmouse",2010,NA
"Tufted Titmouse",2011,NA
"Tufted Titmouse",2012,NA
"Tufted Titmouse",2013,NA
"Tufted Titmouse",2014,NA
"Tufted Titmouse",2015,NA
"Tufted Titmouse",2016,NA
"Tufted Titmouse",2017,NA
"Tufted Titmouse",2018,NA
"Tufted Titmouse",2019,NA
"Tufted Titmouse",2021,NA
"Tufted Titmouse",2022,NA
"Horned Lark",1999,NA
"Horned Lark",2000,NA
"Horned Lark",2001,NA
"Horned Lark",2002,NA
"Horned Lark",2003,NA
"Horned Lark",2004,NA
"Horned Lark",2005,NA
"Horned Lark",2006,NA
"Horned Lark",2007,NA
"Horned Lark",2008,NA
"Horned Lark",2009,NA
"Horned Lark",2010,NA
"Horned Lark",2011,NA
"Horned Lark",2012,NA
"Horned Lark",2013,NA
"Horned Lark",2014,NA
"Horned Lark",2015,NA
"Horned Lark",2016,NA
"Horned Lark",2017,NA
"Horned Lark",2018,NA
"Horned Lark",2019,NA
"Horned Lark",2021,NA
"Horned Lark",2022,NA
"N. Rough-winged Swallow",1999,NA
"N. Rough-winged Swallow",2000,NA
"N. Rough-winged Swallow",2001,NA
"N. Rough-winged Swallow",2002,NA
"N. Rough-winged Swallow",2003,NA
"N. Rough-winged Swallow",2004,NA
"N. Rough-winged Swallow",2005,NA
"N. Rough-winged Swallow",2006,NA
"N. Rough-winged Swallow",2007,NA
"N. Rough-winged Swallow",2008,NA
"N. Rough-winged Swallow",2009,NA
"N. Rough-winged Swallow",2010,NA
"N. Rough-winged Swallow",2011,NA
"N. Rough-winged Swallow",2012,NA
"N. Rough-winged Swallow",2013,NA
"N. Rough-winged Swallow",2014,NA
"N. Rough-winged Swallow",2015,NA
"N. Rough-winged Swallow",2016,NA
"N. Rough-winged Swallow",2017,NA
"N. Rough-winged Swallow",2018,NA
"N. Rough-winged Swallow",2019,NA
"N. Rough-winged Swallow",2021,NA
"N. Rough-winged Swallow",2022,NA
"Purple Martin",1999,NA
"Purple Martin",2000,NA
"Purple Martin",2001,NA
"Purple Martin",2002,NA
"Purple Martin",2003,NA
"Purple Martin",2004,NA
"Purple Martin",2005,NA
"Purple Martin",2006,NA
"Purple Martin",2007,NA
"Purple Martin",2008,NA
"Purple Martin",2009,NA
"Purple Martin",2010,NA
"Purple Martin",2011,NA
"Purple Martin",2012,NA
"Purple Martin",2013,NA
"Purple Martin",2014,NA
"Purple Martin",2015,NA
"Purple Martin",2016,NA
"Purple Martin",2017,NA
"Purple Martin",2018,NA
"Purple Martin",2019,NA
"Purple Martin",2021,NA
"Purple Martin",2022,NA
"Tree Swallow",1999,NA
"Tree Swallow",2000,NA
"Tree Swallow",2001,NA
"Tree Swallow",2002,NA
"Tree Swallow",2003,NA
"Tree Swallow",2004,NA
"Tree Swallow",2005,NA
"Tree Swallow",2006,NA
"Tree Swallow",2007,NA
"Tree Swallow",2008,NA
"Tree Swallow",2009,NA
"Tree Swallow",2010,NA
"Tree Swallow",2011,NA
"Tree Swallow",2012,NA
"Tree Swallow",2013,NA
"Tree Swallow",2014,NA
"Tree Swallow",2015,NA
"Tree Swallow",2016,NA
"Tree Swallow",2017,NA
"Tree Swallow",2018,NA
"Tree Swallow",2019,NA
"Tree Swallow",2021,NA
"Tree Swallow",2022,NA
"Bank Swallow",1999,NA
"Bank Swallow",2000,NA
"Bank Swallow",2001,NA
"Bank Swallow",2002,NA
"Bank Swallow",2003,NA
"Bank Swallow",2004,NA
"Bank Swallow",2005,NA
"Bank Swallow",2006,NA
"Bank Swallow",2007,NA
"Bank Swallow",2008,NA
"Bank Swallow",2009,NA
"Bank Swallow",2010,NA
"Bank Swallow",2011,NA
"Bank Swallow",2012,NA
"Bank Swallow",2013,NA
"Bank Swallow",2014,NA
"Bank Swallow",2015,NA
"Bank Swallow",2016,NA
"Bank Swallow",2017,NA
"Bank Swallow",2018,NA
"Bank Swallow",2019,NA
"Bank Swallow",2021,NA
"Bank Swallow",2022,NA
"Barn Swallow",1999,NA
"Barn Swallow",2000,NA
"Barn Swallow",2001,NA
"Barn Swallow",2002,NA
"Barn Swallow",2003,NA
"Barn Swallow",2004,NA
"Barn Swallow",2005,NA
"Barn Swallow",2006,NA
"Barn Swallow",2007,NA
"Barn Swallow",2008,NA
"Barn Swallow",2009,NA
"Barn Swallow",2010,NA
"Barn Swallow",2011,NA
"Barn Swallow",2012,NA
"Barn Swallow",2013,NA
"Barn Swallow",2014,NA
"Barn Swallow",2015,NA
"Barn Swallow",2016,NA
"Barn Swallow",2017,NA
"Barn Swallow",2018,NA
"Barn Swallow",2019,NA
"Barn Swallow",2021,NA
"Barn Swallow",2022,NA
"Cliff Swallow",1999,NA
"Cliff Swallow",2000,NA
"Cliff Swallow",2001,NA
"Cliff Swallow",2002,NA
"Cliff Swallow",2003,NA
"Cliff Swallow",2004,NA
"Cliff Swallow",2005,NA
"Cliff Swallow",2006,NA
"Cliff Swallow",2007,NA
"Cliff Swallow",2008,NA
"Cliff Swallow",2009,NA
"Cliff Swallow",2010,NA
"Cliff Swallow",2011,NA
"Cliff Swallow",2012,NA
"Cliff Swallow",2013,NA
"Cliff Swallow",2014,NA
"Cliff Swallow",2015,NA
"Cliff Swallow",2016,NA
"Cliff Swallow",2017,NA
"Cliff Swallow",2018,NA
"Cliff Swallow",2019,NA
"Cliff Swallow",2021,NA
"Cliff Swallow",2022,NA
"Ruby-crowned Kinglet",1999,NA
"Ruby-crowned Kinglet",2000,NA
"Ruby-crowned Kinglet",2001,NA
"Ruby-crowned Kinglet",2002,NA
"Ruby-crowned Kinglet",2003,NA
"Ruby-crowned Kinglet",2004,NA
"Ruby-crowned Kinglet",2005,NA
"Ruby-crowned Kinglet",2006,NA
"Ruby-crowned Kinglet",2007,NA
"Ruby-crowned Kinglet",2008,NA
"Ruby-crowned Kinglet",2009,NA
"Ruby-crowned Kinglet",2010,NA
"Ruby-crowned Kinglet",2011,NA
"Ruby-crowned Kinglet",2012,NA
"Ruby-crowned Kinglet",2013,NA
"Ruby-crowned Kinglet",2014,NA
"Ruby-crowned Kinglet",2015,NA
"Ruby-crowned Kinglet",2016,NA
"Ruby-crowned Kinglet",2017,NA
"Ruby-crowned Kinglet",2018,NA
"Ruby-crowned Kinglet",2019,NA
"Ruby-crowned Kinglet",2021,NA
"Ruby-crowned Kinglet",2022,NA
"Golden-crowned Kinglet",1999,NA
"Golden-crowned Kinglet",2000,NA
"Golden-crowned Kinglet",2001,NA
"Golden-crowned Kinglet",2002,NA
"Golden-crowned Kinglet",2003,NA
"Golden-crowned Kinglet",2004,NA
"Golden-crowned Kinglet",2005,NA
"Golden-crowned Kinglet",2006,NA
"Golden-crowned Kinglet",2007,NA
"Golden-crowned Kinglet",2008,NA
"Golden-crowned Kinglet",2009,NA
"Golden-crowned Kinglet",2010,NA
"Golden-crowned Kinglet",2011,NA
"Golden-crowned Kinglet",2012,NA
"Golden-crowned Kinglet",2013,NA
"Golden-crowned Kinglet",2014,NA
"Golden-crowned Kinglet",2015,NA
"Golden-crowned Kinglet",2016,NA
"Golden-crowned Kinglet",2017,NA
"Golden-crowned Kinglet",2018,NA
"Golden-crowned Kinglet",2019,NA
"Golden-crowned Kinglet",2021,NA
"Golden-crowned Kinglet",2022,NA
"Red-breasted Nuthatch",1999,NA
"Red-breasted Nuthatch",2000,NA
"Red-breasted Nuthatch",2001,NA
"Red-breasted Nuthatch",2002,NA
"Red-breasted Nuthatch",2003,NA
"Red-breasted Nuthatch",2004,NA
"Red-breasted Nuthatch",2005,NA
"Red-breasted Nuthatch",2006,NA
"Red-breasted Nuthatch",2007,NA
"Red-breasted Nuthatch",2008,NA
"Red-breasted Nuthatch",2009,NA
"Red-breasted Nuthatch",2010,NA
"Red-breasted Nuthatch",2011,NA
"Red-breasted Nuthatch",2012,NA
"Red-breasted Nuthatch",2013,NA
"Red-breasted Nuthatch",2014,NA
"Red-breasted Nuthatch",2015,NA
"Red-breasted Nuthatch",2016,NA
"Red-breasted Nuthatch",2017,NA
"Red-breasted Nuthatch",2018,NA
"Red-breasted Nuthatch",2019,NA
"Red-breasted Nuthatch",2021,NA
"Red-breasted Nuthatch",2022,NA
"White-breasted Nuthatch",1999,NA
"White-breasted Nuthatch",2000,NA
"White-breasted Nuthatch",2001,NA
"White-breasted Nuthatch",2002,NA
"White-breasted Nuthatch",2003,NA
"White-breasted Nuthatch",2004,NA
"White-breasted Nuthatch",2005,NA
"White-breasted Nuthatch",2006,NA
"White-breasted Nuthatch",2007,NA
"White-breasted Nuthatch",2008,NA
"White-breasted Nuthatch",2009,NA
"White-breasted Nuthatch",2010,NA
"White-breasted Nuthatch",2011,NA
"White-breasted Nuthatch",2012,NA
"White-breasted Nuthatch",2013,NA
"White-breasted Nuthatch",2014,NA
"White-breasted Nuthatch",2015,NA
"White-breasted Nuthatch",2016,NA
"White-breasted Nuthatch",2017,NA
"White-breasted Nuthatch",2018,NA
"White-breasted Nuthatch",2019,NA
"White-breasted Nuthatch",2021,NA
"White-breasted Nuthatch",2022,NA
"Brown-headed Nuthatch",1999,NA
"Brown-headed Nuthatch",2000,NA
"Brown-headed Nuthatch",2001,NA
"Brown-headed Nuthatch",2002,NA
"Brown-headed Nuthatch",2003,NA
"Brown-headed Nuthatch",2004,NA
"Brown-headed Nuthatch",2005,NA
"Brown-headed Nuthatch",2006,NA
"Brown-headed Nuthatch",2007,NA
"Brown-headed Nuthatch",2008,NA
"Brown-headed Nuthatch",2009,NA
"Brown-headed Nuthatch",2010,NA
"Brown-headed Nuthatch",2011,NA
"Brown-headed Nuthatch",2012,NA
"Brown-headed Nuthatch",2013,NA
"Brown-headed Nuthatch",2014,NA
"Brown-headed Nuthatch",2015,NA
"Brown-headed Nuthatch",2016,NA
"Brown-headed Nuthatch",2017,NA
"Brown-headed Nuthatch",2018,NA
"Brown-headed Nuthatch",2019,NA
"Brown-headed Nuthatch",2021,NA
"Brown-headed Nuthatch",2022,NA
"Brown Creeper",1999,NA
"Brown Creeper",2000,NA
"Brown Creeper",2001,NA
"Brown Creeper",2002,NA
"Brown Creeper",2003,NA
"Brown Creeper",2004,NA
"Brown Creeper",2005,NA
"Brown Creeper",2006,NA
"Brown Creeper",2007,NA
"Brown Creeper",2008,NA
"Brown Creeper",2009,NA
"Brown Creeper",2010,NA
"Brown Creeper",2011,NA
"Brown Creeper",2012,NA
"Brown Creeper",2013,NA
"Brown Creeper",2014,NA
"Brown Creeper",2015,NA
"Brown Creeper",2016,NA
"Brown Creeper",2017,NA
"Brown Creeper",2018,NA
"Brown Creeper",2019,NA
"Brown Creeper",2021,NA
"Brown Creeper",2022,NA
"Blue-gray Gnatcatcher",1999,NA
"Blue-gray Gnatcatcher",2000,NA
"Blue-gray Gnatcatcher",2001,NA
"Blue-gray Gnatcatcher",2002,NA
"Blue-gray Gnatcatcher",2003,NA
"Blue-gray Gnatcatcher",2004,NA
"Blue-gray Gnatcatcher",2005,NA
"Blue-gray Gnatcatcher",2006,NA
"Blue-gray Gnatcatcher",2007,NA
"Blue-gray Gnatcatcher",2008,NA
"Blue-gray Gnatcatcher",2009,NA
"Blue-gray Gnatcatcher",2010,NA
"Blue-gray Gnatcatcher",2011,NA
"Blue-gray Gnatcatcher",2012,NA
"Blue-gray Gnatcatcher",2013,NA
"Blue-gray Gnatcatcher",2014,NA
"Blue-gray Gnatcatcher",2015,NA
"Blue-gray Gnatcatcher",2016,NA
"Blue-gray Gnatcatcher",2017,NA
"Blue-gray Gnatcatcher",2018,NA
"Blue-gray Gnatcatcher",2019,NA
"Blue-gray Gnatcatcher",2021,NA
"Blue-gray Gnatcatcher",2022,NA
"House Wren",1999,NA
"House Wren",2000,NA
"House Wren",2001,NA
"House Wren",2002,NA
"House Wren",2003,NA
"House Wren",2004,NA
"House Wren",2005,NA
"House Wren",2006,NA
"House Wren",2007,NA
"House Wren",2008,NA
"House Wren",2009,NA
"House Wren",2010,NA
"House Wren",2011,NA
"House Wren",2012,NA
"House Wren",2013,NA
"House Wren",2014,NA
"House Wren",2015,NA
"House Wren",2016,NA
"House Wren",2017,NA
"House Wren",2018,NA
"House Wren",2019,NA
"House Wren",2021,NA
"House Wren",2022,NA
"Sedge Wren",1999,NA
"Sedge Wren",2000,NA
"Sedge Wren",2001,NA
"Sedge Wren",2002,NA
"Sedge Wren",2003,NA
"Sedge Wren",2004,NA
"Sedge Wren",2005,NA
"Sedge Wren",2006,NA
"Sedge Wren",2007,NA
"Sedge Wren",2008,NA
"Sedge Wren",2009,NA
"Sedge Wren",2010,NA
"Sedge Wren",2011,NA
"Sedge Wren",2012,NA
"Sedge Wren",2013,NA
"Sedge Wren",2014,NA
"Sedge Wren",2015,NA
"Sedge Wren",2016,NA
"Sedge Wren",2017,NA
"Sedge Wren",2018,NA
"Sedge Wren",2019,NA
"Sedge Wren",2021,NA
"Sedge Wren",2022,NA
"Marsh Wren",1999,NA
"Marsh Wren",2000,NA
"Marsh Wren",2001,NA
"Marsh Wren",2002,NA
"Marsh Wren",2003,NA
"Marsh Wren",2004,NA
"Marsh Wren",2005,NA
"Marsh Wren",2006,NA
"Marsh Wren",2007,NA
"Marsh Wren",2008,NA
"Marsh Wren",2009,NA
"Marsh Wren",2010,NA
"Marsh Wren",2011,NA
"Marsh Wren",2012,NA
"Marsh Wren",2013,NA
"Marsh Wren",2014,NA
"Marsh Wren",2015,NA
"Marsh Wren",2016,NA
"Marsh Wren",2017,NA
"Marsh Wren",2018,NA
"Marsh Wren",2019,NA
"Marsh Wren",2021,NA
"Marsh Wren",2022,NA
"Carolina Wren",1999,NA
"Carolina Wren",2000,NA
"Carolina Wren",2001,NA
"Carolina Wren",2002,NA
"Carolina Wren",2003,NA
"Carolina Wren",2004,NA
"Carolina Wren",2005,NA
"Carolina Wren",2006,NA
"Carolina Wren",2007,NA
"Carolina Wren",2008,NA
"Carolina Wren",2009,NA
"Carolina Wren",2010,NA
"Carolina Wren",2011,NA
"Carolina Wren",2012,NA
"Carolina Wren",2013,NA
"Carolina Wren",2014,NA
"Carolina Wren",2015,NA
"Carolina Wren",2016,NA
"Carolina Wren",2017,NA
"Carolina Wren",2018,NA
"Carolina Wren",2019,NA
"Carolina Wren",2021,NA
"Carolina Wren",2022,NA
"Bewick's Wren",1999,NA
"Bewick's Wren",2000,NA
"Bewick's Wren",2001,NA
"Bewick's Wren",2002,NA
"Bewick's Wren",2003,NA
"Bewick's Wren",2004,NA
"Bewick's Wren",2005,NA
"Bewick's Wren",2006,NA
"Bewick's Wren",2007,NA
"Bewick's Wren",2008,NA
"Bewick's Wren",2009,NA
"Bewick's Wren",2010,NA
"Bewick's Wren",2011,NA
"Bewick's Wren",2012,NA
"Bewick's Wren",2013,NA
"Bewick's Wren",2014,NA
"Bewick's Wren",2015,NA
"Bewick's Wren",2016,NA
"Bewick's Wren",2017,NA
"Bewick's Wren",2018,NA
"Bewick's Wren",2019,NA
"Bewick's Wren",2021,NA
"Bewick's Wren",2022,NA
"European Starling",1999,NA
"European Starling",2000,NA
"European Starling",2001,NA
"European Starling",2002,NA
"European Starling",2003,NA
"European Starling",2004,NA
"European Starling",2005,NA
"European Starling",2006,NA
"European Starling",2007,NA
"European Starling",2008,NA
"European Starling",2009,NA
"European Starling",2010,NA
"European Starling",2011,NA
"European Starling",2012,NA
"European Starling",2013,NA
"European Starling",2014,NA
"European Starling",2015,NA
"European Starling",2016,NA
"European Starling",2017,NA
"European Starling",2018,NA
"European Starling",2019,NA
"European Starling",2021,NA
"European Starling",2022,NA
"Gray Catbird",1999,NA
"Gray Catbird",2000,NA
"Gray Catbird",2001,NA
"Gray Catbird",2002,NA
"Gray Catbird",2003,NA
"Gray Catbird",2004,NA
"Gray Catbird",2005,NA
"Gray Catbird",2006,NA
"Gray Catbird",2007,NA
"Gray Catbird",2008,NA
"Gray Catbird",2009,NA
"Gray Catbird",2010,NA
"Gray Catbird",2011,NA
"Gray Catbird",2012,NA
"Gray Catbird",2013,NA
"Gray Catbird",2014,NA
"Gray Catbird",2015,NA
"Gray Catbird",2016,NA
"Gray Catbird",2017,NA
"Gray Catbird",2018,NA
"Gray Catbird",2019,NA
"Gray Catbird",2021,NA
"Gray Catbird",2022,NA
"Brown Thrasher",1999,NA
"Brown Thrasher",2000,NA
"Brown Thrasher",2001,NA
"Brown Thrasher",2002,NA
"Brown Thrasher",2003,NA
"Brown Thrasher",2004,NA
"Brown Thrasher",2005,NA
"Brown Thrasher",2006,NA
"Brown Thrasher",2007,NA
"Brown Thrasher",2008,NA
"Brown Thrasher",2009,NA
"Brown Thrasher",2010,NA
"Brown Thrasher",2011,NA
"Brown Thrasher",2012,NA
"Brown Thrasher",2013,NA
"Brown Thrasher",2014,NA
"Brown Thrasher",2015,NA
"Brown Thrasher",2016,NA
"Brown Thrasher",2017,NA
"Brown Thrasher",2018,NA
"Brown Thrasher",2019,NA
"Brown Thrasher",2021,NA
"Brown Thrasher",2022,NA
"Northern Mockingbird",1999,NA
"Northern Mockingbird",2000,NA
"Northern Mockingbird",2001,NA
"Northern Mockingbird",2002,NA
"Northern Mockingbird",2003,NA
"Northern Mockingbird",2004,NA
"Northern Mockingbird",2005,NA
"Northern Mockingbird",2006,NA
"Northern Mockingbird",2007,NA
"Northern Mockingbird",2008,NA
"Northern Mockingbird",2009,NA
"Northern Mockingbird",2010,NA
"Northern Mockingbird",2011,NA
"Northern Mockingbird",2012,NA
"Northern Mockingbird",2013,NA
"Northern Mockingbird",2014,NA
"Northern Mockingbird",2015,NA
"Northern Mockingbird",2016,NA
"Northern Mockingbird",2017,NA
"Northern Mockingbird",2018,NA
"Northern Mockingbird",2019,NA
"Northern Mockingbird",2021,NA
"Northern Mockingbird",2022,NA
"Eastern Bluebird",1999,NA
"Eastern Bluebird",2000,NA
"Eastern Bluebird",2001,NA
"Eastern Bluebird",2002,NA
"Eastern Bluebird",2003,NA
"Eastern Bluebird",2004,NA
"Eastern Bluebird",2005,NA
"Eastern Bluebird",2006,NA
"Eastern Bluebird",2007,NA
"Eastern Bluebird",2008,NA
"Eastern Bluebird",2009,NA
"Eastern Bluebird",2010,NA
"Eastern Bluebird",2011,NA
"Eastern Bluebird",2012,NA
"Eastern Bluebird",2013,NA
"Eastern Bluebird",2014,NA
"Eastern Bluebird",2015,NA
"Eastern Bluebird",2016,NA
"Eastern Bluebird",2017,NA
"Eastern Bluebird",2018,NA
"Eastern Bluebird",2019,NA
"Eastern Bluebird",2021,NA
"Eastern Bluebird",2022,NA
"Veery",1999,NA
"Veery",2000,NA
"Veery",2001,NA
"Veery",2002,NA
"Veery",2003,NA
"Veery",2004,NA
"Veery",2005,NA
"Veery",2006,NA
"Veery",2007,NA
"Veery",2008,NA
"Veery",2009,NA
"Veery",2010,NA
"Veery",2011,NA
"Veery",2012,NA
"Veery",2013,NA
"Veery",2014,NA
"Veery",2015,NA
"Veery",2016,NA
"Veery",2017,NA
"Veery",2018,NA
"Veery",2019,NA
"Veery",2021,NA
"Veery",2022,NA
"Gray-cheeked Thrush",1999,NA
"Gray-cheeked Thrush",2000,NA
"Gray-cheeked Thrush",2001,NA
"Gray-cheeked Thrush",2002,NA
"Gray-cheeked Thrush",2003,NA
"Gray-cheeked Thrush",2004,NA
"Gray-cheeked Thrush",2005,NA
"Gray-cheeked Thrush",2006,NA
"Gray-cheeked Thrush",2007,NA
"Gray-cheeked Thrush",2008,NA
"Gray-cheeked Thrush",2009,NA
"Gray-cheeked Thrush",2010,NA
"Gray-cheeked Thrush",2011,NA
"Gray-cheeked Thrush",2012,NA
"Gray-cheeked Thrush",2013,NA
"Gray-cheeked Thrush",2014,NA
"Gray-cheeked Thrush",2015,NA
"Gray-cheeked Thrush",2016,NA
"Gray-cheeked Thrush",2017,NA
"Gray-cheeked Thrush",2018,NA
"Gray-cheeked Thrush",2019,NA
"Gray-cheeked Thrush",2021,NA
"Gray-cheeked Thrush",2022,NA
"Swainson's Thrush",1999,NA
"Swainson's Thrush",2000,NA
"Swainson's Thrush",2001,NA
"Swainson's Thrush",2002,NA
"Swainson's Thrush",2003,NA
"Swainson's Thrush",2004,NA
"Swainson's Thrush",2005,NA
"Swainson's Thrush",2006,NA
"Swainson's Thrush",2007,NA
"Swainson's Thrush",2008,NA
"Swainson's Thrush",2009,NA
"Swainson's Thrush",2010,NA
"Swainson's Thrush",2011,NA
"Swainson's Thrush",2012,NA
"Swainson's Thrush",2013,NA
"Swainson's Thrush",2014,NA
"Swainson's Thrush",2015,NA
"Swainson's Thrush",2016,NA
"Swainson's Thrush",2017,NA
"Swainson's Thrush",2018,NA
"Swainson's Thrush",2019,NA
"Swainson's Thrush",2021,NA
"Swainson's Thrush",2022,NA
"Hermit Thrush",1999,NA
"Hermit Thrush",2000,NA
"Hermit Thrush",2001,NA
"Hermit Thrush",2002,NA
"Hermit Thrush",2003,NA
"Hermit Thrush",2004,NA
"Hermit Thrush",2005,NA
"Hermit Thrush",2006,NA
"Hermit Thrush",2007,NA
"Hermit Thrush",2008,NA
"Hermit Thrush",2009,NA
"Hermit Thrush",2010,NA
"Hermit Thrush",2011,NA
"Hermit Thrush",2012,NA
"Hermit Thrush",2013,NA
"Hermit Thrush",2014,NA
"Hermit Thrush",2015,NA
"Hermit Thrush",2016,NA
"Hermit Thrush",2017,NA
"Hermit Thrush",2018,NA
"Hermit Thrush",2019,NA
"Hermit Thrush",2021,NA
"Hermit Thrush",2022,NA
"Wood Thrush",1999,NA
"Wood Thrush",2000,NA
"Wood Thrush",2001,NA
"Wood Thrush",2002,NA
"Wood Thrush",2003,NA
"Wood Thrush",2004,NA
"Wood Thrush",2005,NA
"Wood Thrush",2006,NA
"Wood Thrush",2007,NA
"Wood Thrush",2008,NA
"Wood Thrush",2009,NA
"Wood Thrush",2010,NA
"Wood Thrush",2011,NA
"Wood Thrush",2012,NA
"Wood Thrush",2013,NA
"Wood Thrush",2014,NA
"Wood Thrush",2015,NA
"Wood Thrush",2016,NA
"Wood Thrush",2017,NA
"Wood Thrush",2018,NA
"Wood Thrush",2019,NA
"Wood Thrush",2021,NA
"Wood Thrush",2022,NA
"American Robin",1999,NA
"American Robin",2000,NA
"American Robin",2001,NA
"American Robin",2002,NA
"American Robin",2003,NA
"American Robin",2004,NA
"American Robin",2005,NA
"American Robin",2006,NA
"American Robin",2007,NA
"American Robin",2008,NA
"American Robin",2009,NA
"American Robin",2010,NA
"American Robin",2011,NA
"American Robin",2012,NA
"American Robin",2013,NA
"American Robin",2014,NA
"American Robin",2015,NA
"American Robin",2016,NA
"American Robin",2017,NA
"American Robin",2018,NA
"American Robin",2019,NA
"American Robin",2021,NA
"American Robin",2022,NA
"Cedar Waxwing",1999,NA
"Cedar Waxwing",2000,NA
"Cedar Waxwing",2001,NA
"Cedar Waxwing",2002,NA
"Cedar Waxwing",2003,NA
"Cedar Waxwing",2004,NA
"Cedar Waxwing",2005,NA
"Cedar Waxwing",2006,NA
"Cedar Waxwing",2007,NA
"Cedar Waxwing",2008,NA
"Cedar Waxwing",2009,NA
"Cedar Waxwing",2010,NA
"Cedar Waxwing",2011,NA
"Cedar Waxwing",2012,NA
"Cedar Waxwing",2013,NA
"Cedar Waxwing",2014,NA
"Cedar Waxwing",2015,NA
"Cedar Waxwing",2016,NA
"Cedar Waxwing",2017,NA
"Cedar Waxwing",2018,NA
"Cedar Waxwing",2019,NA
"Cedar Waxwing",2021,NA
"Cedar Waxwing",2022,NA
"House Sparrow",1999,NA
"House Sparrow",2000,NA
"House Sparrow",2001,NA
"House Sparrow",2002,NA
"House Sparrow",2003,NA
"House Sparrow",2004,NA
"House Sparrow",2005,NA
"House Sparrow",2006,NA
"House Sparrow",2007,NA
"House Sparrow",2008,NA
"House Sparrow",2009,NA
"House Sparrow",2010,NA
"House Sparrow",2011,NA
"House Sparrow",2012,NA
"House Sparrow",2013,NA
"House Sparrow",2014,NA
"House Sparrow",2015,NA
"House Sparrow",2016,NA
"House Sparrow",2017,NA
"House Sparrow",2018,NA
"House Sparrow",2019,NA
"House Sparrow",2021,NA
"House Sparrow",2022,NA
"American Pipit",1999,NA
"American Pipit",2000,NA
"American Pipit",2001,NA
"American Pipit",2002,NA
"American Pipit",2003,NA
"American Pipit",2004,NA
"American Pipit",2005,NA
"American Pipit",2006,NA
"American Pipit",2007,NA
"American Pipit",2008,NA
"American Pipit",2009,NA
"American Pipit",2010,NA
"American Pipit",2011,NA
"American Pipit",2012,NA
"American Pipit",2013,NA
"American Pipit",2014,NA
"American Pipit",2015,NA
"American Pipit",2016,NA
"American Pipit",2017,NA
"American Pipit",2018,NA
"American Pipit",2019,NA
"American Pipit",2021,NA
"American Pipit",2022,NA
"Evening Grosbeak",1999,NA
"Evening Grosbeak",2000,NA
"Evening Grosbeak",2001,NA
"Evening Grosbeak",2002,NA
"Evening Grosbeak",2003,NA
"Evening Grosbeak",2004,NA
"Evening Grosbeak",2005,NA
"Evening Grosbeak",2006,NA
"Evening Grosbeak",2007,NA
"Evening Grosbeak",2008,NA
"Evening Grosbeak",2009,NA
"Evening Grosbeak",2010,NA
"Evening Grosbeak",2011,NA
"Evening Grosbeak",2012,NA
"Evening Grosbeak",2013,NA
"Evening Grosbeak",2014,NA
"Evening Grosbeak",2015,NA
"Evening Grosbeak",2016,NA
"Evening Grosbeak",2017,NA
"Evening Grosbeak",2018,NA
"Evening Grosbeak",2019,NA
"Evening Grosbeak",2021,NA
"Evening Grosbeak",2022,NA
"House Finch",1999,NA
"House Finch",2000,NA
"House Finch",2001,NA
"House Finch",2002,NA
"House Finch",2003,NA
"House Finch",2004,NA
"House Finch",2005,NA
"House Finch",2006,NA
"House Finch",2007,NA
"House Finch",2008,NA
"House Finch",2009,NA
"House Finch",2010,NA
"House Finch",2011,NA
"House Finch",2012,NA
"House Finch",2013,NA
"House Finch",2014,NA
"House Finch",2015,NA
"House Finch",2016,NA
"House Finch",2017,NA
"House Finch",2018,NA
"House Finch",2019,NA
"House Finch",2021,NA
"House Finch",2022,NA
"Purple Finch",1999,NA
"Purple Finch",2000,NA
"Purple Finch",2001,NA
"Purple Finch",2002,NA
"Purple Finch",2003,NA
"Purple Finch",2004,NA
"Purple Finch",2005,NA
"Purple Finch",2006,NA
"Purple Finch",2007,NA
"Purple Finch",2008,NA
"Purple Finch",2009,NA
"Purple Finch",2010,NA
"Purple Finch",2011,NA
"Purple Finch",2012,NA
"Purple Finch",2013,NA
"Purple Finch",2014,NA
"Purple Finch",2015,NA
"Purple Finch",2016,NA
"Purple Finch",2017,NA
"Purple Finch",2018,NA
"Purple Finch",2019,NA
"Purple Finch",2021,NA
"Purple Finch",2022,NA
"Pine Siskin",1999,NA
"Pine Siskin",2000,NA
"Pine Siskin",2001,NA
"Pine Siskin",2002,NA
"Pine Siskin",2003,NA
"Pine Siskin",2004,NA
"Pine Siskin",2005,NA
"Pine Siskin",2006,NA
"Pine Siskin",2007,NA
"Pine Siskin",2008,NA
"Pine Siskin",2009,NA
"Pine Siskin",2010,NA
"Pine Siskin",2011,NA
"Pine Siskin",2012,NA
"Pine Siskin",2013,NA
"Pine Siskin",2014,NA
"Pine Siskin",2015,NA
"Pine Siskin",2016,NA
"Pine Siskin",2017,NA
"Pine Siskin",2018,NA
"Pine Siskin",2019,NA
"Pine Siskin",2021,NA
"Pine Siskin",2022,NA
"American Goldfinch",1999,NA
"American Goldfinch",2000,NA
"American Goldfinch",2001,NA
"American Goldfinch",2002,NA
"American Goldfinch",2003,NA
"American Goldfinch",2004,NA
"American Goldfinch",2005,NA
"American Goldfinch",2006,NA
"American Goldfinch",2007,NA
"American Goldfinch",2008,NA
"American Goldfinch",2009,NA
"American Goldfinch",2010,NA
"American Goldfinch",2011,NA
"American Goldfinch",2012,NA
"American Goldfinch",2013,NA
"American Goldfinch",2014,NA
"American Goldfinch",2015,NA
"American Goldfinch",2016,NA
"American Goldfinch",2017,NA
"American Goldfinch",2018,NA
"American Goldfinch",2019,NA
"American Goldfinch",2021,NA
"American Goldfinch",2022,NA
"Bachman's Sparrow",1999,NA
"Bachman's Sparrow",2000,NA
"Bachman's Sparrow",2001,NA
"Bachman's Sparrow",2002,NA
"Bachman's Sparrow",2003,NA
"Bachman's Sparrow",2004,NA
"Bachman's Sparrow",2005,NA
"Bachman's Sparrow",2006,NA
"Bachman's Sparrow",2007,NA
"Bachman's Sparrow",2008,NA
"Bachman's Sparrow",2009,NA
"Bachman's Sparrow",2010,NA
"Bachman's Sparrow",2011,NA
"Bachman's Sparrow",2012,NA
"Bachman's Sparrow",2013,NA
"Bachman's Sparrow",2014,NA
"Bachman's Sparrow",2015,NA
"Bachman's Sparrow",2016,NA
"Bachman's Sparrow",2017,NA
"Bachman's Sparrow",2018,NA
"Bachman's Sparrow",2019,NA
"Bachman's Sparrow",2021,NA
"Bachman's Sparrow",2022,NA
"Grasshopper Sparrow",1999,NA
"Grasshopper Sparrow",2000,NA
"Grasshopper Sparrow",2001,NA
"Grasshopper Sparrow",2002,NA
"Grasshopper Sparrow",2003,NA
"Grasshopper Sparrow",2004,NA
"Grasshopper Sparrow",2005,NA
"Grasshopper Sparrow",2006,NA
"Grasshopper Sparrow",2007,NA
"Grasshopper Sparrow",2008,NA
"Grasshopper Sparrow",2009,NA
"Grasshopper Sparrow",2010,NA
"Grasshopper Sparrow",2011,NA
"Grasshopper Sparrow",2012,NA
"Grasshopper Sparrow",2013,NA
"Grasshopper Sparrow",2014,NA
"Grasshopper Sparrow",2015,NA
"Grasshopper Sparrow",2016,NA
"Grasshopper Sparrow",2017,NA
"Grasshopper Sparrow",2018,NA
"Grasshopper Sparrow",2019,NA
"Grasshopper Sparrow",2021,NA
"Grasshopper Sparrow",2022,NA
"Chipping Sparrow",1999,NA
"Chipping Sparrow",2000,NA
"Chipping Sparrow",2001,NA
"Chipping Sparrow",2002,NA
"Chipping Sparrow",2003,NA
"Chipping Sparrow",2004,NA
"Chipping Sparrow",2005,NA
"Chipping Sparrow",2006,NA
"Chipping Sparrow",2007,NA
"Chipping Sparrow",2008,NA
"Chipping Sparrow",2009,NA
"Chipping Sparrow",2010,NA
"Chipping Sparrow",2011,NA
"Chipping Sparrow",2012,NA
"Chipping Sparrow",2013,NA
"Chipping Sparrow",2014,NA
"Chipping Sparrow",2015,NA
"Chipping Sparrow",2016,NA
"Chipping Sparrow",2017,NA
"Chipping Sparrow",2018,NA
"Chipping Sparrow",2019,NA
"Chipping Sparrow",2021,NA
"Chipping Sparrow",2022,NA
"Field Sparrow",1999,NA
"Field Sparrow",2000,NA
"Field Sparrow",2001,NA
"Field Sparrow",2002,NA
"Field Sparrow",2003,NA
"Field Sparrow",2004,NA
"Field Sparrow",2005,NA
"Field Sparrow",2006,NA
"Field Sparrow",2007,NA
"Field Sparrow",2008,NA
"Field Sparrow",2009,NA
"Field Sparrow",2010,NA
"Field Sparrow",2011,NA
"Field Sparrow",2012,NA
"Field Sparrow",2013,NA
"Field Sparrow",2014,NA
"Field Sparrow",2015,NA
"Field Sparrow",2016,NA
"Field Sparrow",2017,NA
"Field Sparrow",2018,NA
"Field Sparrow",2019,NA
"Field Sparrow",2021,NA
"Field Sparrow",2022,NA
"Dark-eyed Junco",1999,NA
"Dark-eyed Junco",2000,NA
"Dark-eyed Junco",2001,NA
"Dark-eyed Junco",2002,NA
"Dark-eyed Junco",2003,NA
"Dark-eyed Junco",2004,NA
"Dark-eyed Junco",2005,NA
"Dark-eyed Junco",2006,NA
"Dark-eyed Junco",2007,NA
"Dark-eyed Junco",2008,NA
"Dark-eyed Junco",2009,NA
"Dark-eyed Junco",2010,NA
"Dark-eyed Junco",2011,NA
"Dark-eyed Junco",2012,NA
"Dark-eyed Junco",2013,NA
"Dark-eyed Junco",2014,NA
"Dark-eyed Junco",2015,NA
"Dark-eyed Junco",2016,NA
"Dark-eyed Junco",2017,NA
"Dark-eyed Junco",2018,NA
"Dark-eyed Junco",2019,NA
"Dark-eyed Junco",2021,NA
"Dark-eyed Junco",2022,NA
"White-crowned Sparrow",1999,NA
"White-crowned Sparrow",2000,NA
"White-crowned Sparrow",2001,NA
"White-crowned Sparrow",2002,NA
"White-crowned Sparrow",2003,NA
"White-crowned Sparrow",2004,NA
"White-crowned Sparrow",2005,NA
"White-crowned Sparrow",2006,NA
"White-crowned Sparrow",2007,NA
"White-crowned Sparrow",2008,NA
"White-crowned Sparrow",2009,NA
"White-crowned Sparrow",2010,NA
"White-crowned Sparrow",2011,NA
"White-crowned Sparrow",2012,NA
"White-crowned Sparrow",2013,NA
"White-crowned Sparrow",2014,NA
"White-crowned Sparrow",2015,NA
"White-crowned Sparrow",2016,NA
"White-crowned Sparrow",2017,NA
"White-crowned Sparrow",2018,NA
"White-crowned Sparrow",2019,NA
"White-crowned Sparrow",2021,NA
"White-crowned Sparrow",2022,NA
"White-throated Sparrow",1999,NA
"White-throated Sparrow",2000,NA
"White-throated Sparrow",2001,NA
"White-throated Sparrow",2002,NA
"White-throated Sparrow",2003,NA
"White-throated Sparrow",2004,NA
"White-throated Sparrow",2005,NA
"White-throated Sparrow",2006,NA
"White-throated Sparrow",2007,NA
"White-throated Sparrow",2008,NA
"White-throated Sparrow",2009,NA
"White-throated Sparrow",2010,NA
"White-throated Sparrow",2011,NA
"White-throated Sparrow",2012,NA
"White-throated Sparrow",2013,NA
"White-throated Sparrow",2014,NA
"White-throated Sparrow",2015,NA
"White-throated Sparrow",2016,NA
"White-throated Sparrow",2017,NA
"White-throated Sparrow",2018,NA
"White-throated Sparrow",2019,NA
"White-throated Sparrow",2021,NA
"White-throated Sparrow",2022,NA
"Vesper Sparrow",1999,NA
"Vesper Sparrow",2000,NA
"Vesper Sparrow",2001,NA
"Vesper Sparrow",2002,NA
"Vesper Sparrow",2003,NA
"Vesper Sparrow",2004,NA
"Vesper Sparrow",2005,NA
"Vesper Sparrow",2006,NA
"Vesper Sparrow",2007,NA
"Vesper Sparrow",2008,NA
"Vesper Sparrow",2009,NA
"Vesper Sparrow",2010,NA
"Vesper Sparrow",2011,NA
"Vesper Sparrow",2012,NA
"Vesper Sparrow",2013,NA
"Vesper Sparrow",2014,NA
"Vesper Sparrow",2015,NA
"Vesper Sparrow",2016,NA
"Vesper Sparrow",2017,NA
"Vesper Sparrow",2018,NA
"Vesper Sparrow",2019,NA
"Vesper Sparrow",2021,NA
"Vesper Sparrow",2022,NA
"Savannah Sparrow",1999,NA
"Savannah Sparrow",2000,NA
"Savannah Sparrow",2001,NA
"Savannah Sparrow",2002,NA
"Savannah Sparrow",2003,NA
"Savannah Sparrow",2004,NA
"Savannah Sparrow",2005,NA
"Savannah Sparrow",2006,NA
"Savannah Sparrow",2007,NA
"Savannah Sparrow",2008,NA
"Savannah Sparrow",2009,NA
"Savannah Sparrow",2010,NA
"Savannah Sparrow",2011,NA
"Savannah Sparrow",2012,NA
"Savannah Sparrow",2013,NA
"Savannah Sparrow",2014,NA
"Savannah Sparrow",2015,NA
"Savannah Sparrow",2016,NA
"Savannah Sparrow",2017,NA
"Savannah Sparrow",2018,NA
"Savannah Sparrow",2019,NA
"Savannah Sparrow",2021,NA
"Savannah Sparrow",2022,NA
"Song Sparrow",1999,NA
"Song Sparrow",2000,NA
"Song Sparrow",2001,NA
"Song Sparrow",2002,NA
"Song Sparrow",2003,NA
"Song Sparrow",2004,NA
"Song Sparrow",2005,NA
"Song Sparrow",2006,NA
"Song Sparrow",2007,NA
"Song Sparrow",2008,NA
"Song Sparrow",2009,NA
"Song Sparrow",2010,NA
"Song Sparrow",2011,NA
"Song Sparrow",2012,NA
"Song Sparrow",2013,NA
"Song Sparrow",2014,NA
"Song Sparrow",2015,NA
"Song Sparrow",2016,NA
"Song Sparrow",2017,NA
"Song Sparrow",2018,NA
"Song Sparrow",2019,NA
"Song Sparrow",2021,NA
"Song Sparrow",2022,NA
"Swamp Sparrow",1999,NA
"Swamp Sparrow",2000,NA
"Swamp Sparrow",2001,NA
"Swamp Sparrow",2002,NA
"Swamp Sparrow",2003,NA
"Swamp Sparrow",2004,NA
"Swamp Sparrow",2005,NA
"Swamp Sparrow",2006,NA
"Swamp Sparrow",2007,NA
"Swamp Sparrow",2008,NA
"Swamp Sparrow",2009,NA
"Swamp Sparrow",2010,NA
"Swamp Sparrow",2011,NA
"Swamp Sparrow",2012,NA
"Swamp Sparrow",2013,NA
"Swamp Sparrow",2014,NA
"Swamp Sparrow",2015,NA
"Swamp Sparrow",2016,NA
"Swamp Sparrow",2017,NA
"Swamp Sparrow",2018,NA
"Swamp Sparrow",2019,NA
"Swamp Sparrow",2021,NA
"Swamp Sparrow",2022,NA
"Eastern Towhee",1999,NA
"Eastern Towhee",2000,NA
"Eastern Towhee",2001,NA
"Eastern Towhee",2002,NA
"Eastern Towhee",2003,NA
"Eastern Towhee",2004,NA
"Eastern Towhee",2005,NA
"Eastern Towhee",2006,NA
"Eastern Towhee",2007,NA
"Eastern Towhee",2008,NA
"Eastern Towhee",2009,NA
"Eastern Towhee",2010,NA
"Eastern Towhee",2011,NA
"Eastern Towhee",2012,NA
"Eastern Towhee",2013,NA
"Eastern Towhee",2014,NA
"Eastern Towhee",2015,NA
"Eastern Towhee",2016,NA
"Eastern Towhee",2017,NA
"Eastern Towhee",2018,NA
"Eastern Towhee",2019,NA
"Eastern Towhee",2021,NA
"Eastern Towhee",2022,NA
"Yellow-breasted Chat",1999,NA
"Yellow-breasted Chat",2000,NA
"Yellow-breasted Chat",2001,NA
"Yellow-breasted Chat",2002,NA
"Yellow-breasted Chat",2003,NA
"Yellow-breasted Chat",2004,NA
"Yellow-breasted Chat",2005,NA
"Yellow-breasted Chat",2006,NA
"Yellow-breasted Chat",2007,NA
"Yellow-breasted Chat",2008,NA
"Yellow-breasted Chat",2009,NA
"Yellow-breasted Chat",2010,NA
"Yellow-breasted Chat",2011,NA
"Yellow-breasted Chat",2012,NA
"Yellow-breasted Chat",2013,NA
"Yellow-breasted Chat",2014,NA
"Yellow-breasted Chat",2015,NA
"Yellow-breasted Chat",2016,NA
"Yellow-breasted Chat",2017,NA
"Yellow-breasted Chat",2018,NA
"Yellow-breasted Chat",2019,NA
"Yellow-breasted Chat",2021,NA
"Yellow-breasted Chat",2022,NA
"Bobolink",1999,NA
"Bobolink",2000,NA
"Bobolink",2001,NA
"Bobolink",2002,NA
"Bobolink",2003,NA
"Bobolink",2004,NA
"Bobolink",2005,NA
"Bobolink",2006,NA
"Bobolink",2007,NA
"Bobolink",2008,NA
"Bobolink",2009,NA
"Bobolink",2010,NA
"Bobolink",2011,NA
"Bobolink",2012,NA
"Bobolink",2013,NA
"Bobolink",2014,NA
"Bobolink",2015,NA
"Bobolink",2016,NA
"Bobolink",2017,NA
"Bobolink",2018,NA
"Bobolink",2019,NA
"Bobolink",2021,NA
"Bobolink",2022,NA
"Eastern Meadowlark",1999,NA
"Eastern Meadowlark",2000,NA
"Eastern Meadowlark",2001,NA
"Eastern Meadowlark",2002,NA
"Eastern Meadowlark",2003,NA
"Eastern Meadowlark",2004,NA
"Eastern Meadowlark",2005,NA
"Eastern Meadowlark",2006,NA
"Eastern Meadowlark",2007,NA
"Eastern Meadowlark",2008,NA
"Eastern Meadowlark",2009,NA
"Eastern Meadowlark",2010,NA
"Eastern Meadowlark",2011,NA
"Eastern Meadowlark",2012,NA
"Eastern Meadowlark",2013,NA
"Eastern Meadowlark",2014,NA
"Eastern Meadowlark",2015,NA
"Eastern Meadowlark",2016,NA
"Eastern Meadowlark",2017,NA
"Eastern Meadowlark",2018,NA
"Eastern Meadowlark",2019,NA
"Eastern Meadowlark",2021,NA
"Eastern Meadowlark",2022,NA
