"common_name","year","count"
"Canada Goose",1999,1.47402597402597
"Canada Goose",2000,4.06617326948193
"Canada Goose",2001,1.92370572207084
"Canada Goose",2002,4.55722423614707
"Canada Goose",2003,2.47916666666667
"Canada Goose",2004,2.91555555555556
"Canada Goose",2005,2.24378881987578
"Canada Goose",2006,2.16838279830406
"Canada Goose",2007,1.87628865979381
"Canada Goose",2008,2.62903225806452
"Canada Goose",2009,2.49227600411946
"Canada Goose",2010,1.77189409368635
"Canada Goose",2011,2.5503355704698
"Canada Goose",2012,1.75
"Canada Goose",2013,0.524891774891775
"Canada Goose",2014,1.03151862464183
"Canada Goose",2015,0.910201588271228
"Canada Goose",2016,0.724009900990099
"Canada Goose",2017,1.07874015748032
"Canada Goose",2018,0.873269435569755
"Canada Goose",2019,0.916666666666667
"Canada Goose",2020,0.651260504201681
"Canada Goose",2021,1.84808144087706
"Canada Goose",2022,1.39458030403172
"Canada Goose",2023,0.773229369720598
"Canada Goose",2024,0.89760348583878
"Mute Swan",1999,0
"Mute Swan",2000,0
"Mute Swan",2001,0
"Mute Swan",2002,0
"Mute Swan",2003,0
"Mute Swan",2004,0
"Mute Swan",2005,0
"Mute Swan",2006,0
"Mute Swan",2007,0
"Mute Swan",2008,0.0122174709835064
"Mute Swan",2009,0.00618811881188119
"Mute Swan",2010,0
"Mute Swan",2011,0
"Mute Swan",2012,0
"Mute Swan",2013,0
"Mute Swan",2014,0
"Mute Swan",2015,0
"Mute Swan",2016,0
"Mute Swan",2017,0
"Mute Swan",2018,0
"Mute Swan",2019,0
"Mute Swan",2020,0
"Mute Swan",2021,0
"Mute Swan",2022,0
"Mute Swan",2023,0
"Mute Swan",2024,0
"Wood Duck",1999,0.189393939393939
"Wood Duck",2000,0.358166189111748
"Wood Duck",2001,0.354306658521686
"Wood Duck",2002,0.476485148514852
"Wood Duck",2003,0.503937007874016
"Wood Duck",2004,0.468583599574015
"Wood Duck",2005,0.322916666666667
"Wood Duck",2006,0.378151260504202
"Wood Duck",2007,0.634299138606108
"Wood Duck",2008,0.185062789160608
"Wood Duck",2009,0.402858999350227
"Wood Duck",2010,0.4880174291939
"Wood Duck",2011,0.116883116883117
"Wood Duck",2012,0.148019155420113
"Wood Duck",2013,0.185286103542234
"Wood Duck",2014,0.559295701708959
"Wood Duck",2015,0.215277777777778
"Wood Duck",2016,0.257777777777778
"Wood Duck",2017,0.194099378881988
"Wood Duck",2018,0.0908540278619019
"Wood Duck",2019,0.164948453608247
"Wood Duck",2020,0.693548387096774
"Wood Duck",2021,0.803295571575695
"Wood Duck",2022,0.251188051595384
"Wood Duck",2023,0.545302013422819
"Wood Duck",2024,0.346774193548387
"Blue-winged Teal",1999,0
"Blue-winged Teal",2000,0
"Blue-winged Teal",2001,0
"Blue-winged Teal",2002,0
"Blue-winged Teal",2003,0
"Blue-winged Teal",2004,0
"Blue-winged Teal",2005,0.0261210274270788
"Blue-winged Teal",2006,0
"Blue-winged Teal",2007,0
"Blue-winged Teal",2008,0
"Blue-winged Teal",2009,0
"Blue-winged Teal",2010,0
"Blue-winged Teal",2011,0
"Blue-winged Teal",2012,0
"Blue-winged Teal",2013,0
"Blue-winged Teal",2014,0
"Blue-winged Teal",2015,0.0135777325186694
"Blue-winged Teal",2016,0
"Blue-winged Teal",2017,0
"Blue-winged Teal",2018,0
"Blue-winged Teal",2019,0
"Blue-winged Teal",2020,0
"Blue-winged Teal",2021,0
"Blue-winged Teal",2022,0
"Blue-winged Teal",2023,0.053248136315229
"Blue-winged Teal",2024,0
"Northern Shoveler",1999,0
"Northern Shoveler",2000,0
"Northern Shoveler",2001,0
"Northern Shoveler",2002,0
"Northern Shoveler",2003,0
"Northern Shoveler",2004,0
"Northern Shoveler",2005,0
"Northern Shoveler",2006,0
"Northern Shoveler",2007,0
"Northern Shoveler",2008,0
"Northern Shoveler",2009,0
"Northern Shoveler",2010,0
"Northern Shoveler",2011,0
"Northern Shoveler",2012,0
"Northern Shoveler",2013,0
"Northern Shoveler",2014,0
"Northern Shoveler",2015,0
"Northern Shoveler",2016,0
"Northern Shoveler",2017,0
"Northern Shoveler",2018,0
"Northern Shoveler",2019,0
"Northern Shoveler",2020,0
"Northern Shoveler",2021,0
"Northern Shoveler",2022,0
"Northern Shoveler",2023,0
"Northern Shoveler",2024,0
"American Wigeon",1999,0
"American Wigeon",2000,0
"American Wigeon",2001,0
"American Wigeon",2002,0
"American Wigeon",2003,0
"American Wigeon",2004,0
"American Wigeon",2005,0
"American Wigeon",2006,0
"American Wigeon",2007,0
"American Wigeon",2008,0
"American Wigeon",2009,0
"American Wigeon",2010,0
"American Wigeon",2011,0
"American Wigeon",2012,0
"American Wigeon",2013,0
"American Wigeon",2014,0
"American Wigeon",2015,0
"American Wigeon",2016,0
"American Wigeon",2017,0
"American Wigeon",2018,0
"American Wigeon",2019,0
"American Wigeon",2020,0
"American Wigeon",2021,0
"American Wigeon",2022,0
"American Wigeon",2023,0.00605693519079346
"American Wigeon",2024,0
"Mallard",1999,0.390959071472205
"Mallard",2000,0.606435643564356
"Mallard",2001,0.582677165354331
"Mallard",2002,1.18210862619808
"Mallard",2003,0.927083333333333
"Mallard",2004,0.483193277310924
"Mallard",2005,0.681284259984338
"Mallard",2006,0.575016523463318
"Mallard",2007,0.37037037037037
"Mallard",2008,0.784313725490196
"Mallard",2009,0.324675324675325
"Mallard",2010,0.330866347409665
"Mallard",2011,0.577656675749319
"Mallard",2012,0.455722423614707
"Mallard",2013,0.0486111111111111
"Mallard",2014,0.542222222222222
"Mallard",2015,0.403726708074534
"Mallard",2016,0.242277407631738
"Mallard",2017,0.371134020618557
"Mallard",2018,0.306451612903226
"Mallard",2019,0.350154479917611
"Mallard",2020,0.203665987780041
"Mallard",2021,0.511744966442953
"Mallard",2022,0.112903225806452
"Mallard",2023,0.238095238095238
"Mallard",2024,0.0787965616045845
"American Black Duck",1999,0
"American Black Duck",2000,0
"American Black Duck",2001,0
"American Black Duck",2002,0.00649350649350649
"American Black Duck",2003,0
"American Black Duck",2004,0
"American Black Duck",2005,0
"American Black Duck",2006,0
"American Black Duck",2007,0.00888888888888889
"American Black Duck",2008,0
"American Black Duck",2009,0
"American Black Duck",2010,0
"American Black Duck",2011,0
"American Black Duck",2012,0
"American Black Duck",2013,0
"American Black Duck",2014,0
"American Black Duck",2015,0
"American Black Duck",2016,0
"American Black Duck",2017,0
"American Black Duck",2018,0
"American Black Duck",2019,0
"American Black Duck",2020,0
"American Black Duck",2021,0
"American Black Duck",2022,0
"American Black Duck",2023,0
"American Black Duck",2024,0
"Northern Pintail",1999,0
"Northern Pintail",2000,0
"Northern Pintail",2001,0
"Northern Pintail",2002,0
"Northern Pintail",2003,0
"Northern Pintail",2004,0
"Northern Pintail",2005,0
"Northern Pintail",2006,0
"Northern Pintail",2007,0
"Northern Pintail",2008,0
"Northern Pintail",2009,0
"Northern Pintail",2010,0
"Northern Pintail",2011,0
"Northern Pintail",2012,0
"Northern Pintail",2013,0
"Northern Pintail",2014,0
"Northern Pintail",2015,0
"Northern Pintail",2016,0
"Northern Pintail",2017,0
"Northern Pintail",2018,0
"Northern Pintail",2019,0
"Northern Pintail",2020,0
"Northern Pintail",2021,0
"Northern Pintail",2022,0
"Northern Pintail",2023,0
"Northern Pintail",2024,0
"Redhead",1999,0
"Redhead",2000,0
"Redhead",2001,0
"Redhead",2002,0
"Redhead",2003,0
"Redhead",2004,0
"Redhead",2005,0
"Redhead",2006,0
"Redhead",2007,0
"Redhead",2008,0
"Redhead",2009,0
"Redhead",2010,0
"Redhead",2011,0
"Redhead",2012,0
"Redhead",2013,0
"Redhead",2014,0
"Redhead",2015,0
"Redhead",2016,0
"Redhead",2017,0
"Redhead",2018,0
"Redhead",2019,0
"Redhead",2020,0
"Redhead",2021,0
"Redhead",2022,0
"Redhead",2023,0
"Redhead",2024,0
"Lesser Scaup",1999,0
"Lesser Scaup",2000,0
"Lesser Scaup",2001,0
"Lesser Scaup",2002,0
"Lesser Scaup",2003,0
"Lesser Scaup",2004,0
"Lesser Scaup",2005,0
"Lesser Scaup",2006,0
"Lesser Scaup",2007,0
"Lesser Scaup",2008,0
"Lesser Scaup",2009,0
"Lesser Scaup",2010,0
"Lesser Scaup",2011,0
"Lesser Scaup",2012,0
"Lesser Scaup",2013,0
"Lesser Scaup",2014,0
"Lesser Scaup",2015,0
"Lesser Scaup",2016,0
"Lesser Scaup",2017,0
"Lesser Scaup",2018,0
"Lesser Scaup",2019,0
"Lesser Scaup",2020,0
"Lesser Scaup",2021,0
"Lesser Scaup",2022,0
"Lesser Scaup",2023,0
"Lesser Scaup",2024,0
"Hooded Merganser",1999,0
"Hooded Merganser",2000,0
"Hooded Merganser",2001,0
"Hooded Merganser",2002,0
"Hooded Merganser",2003,0.0103573278094252
"Hooded Merganser",2004,0.0277777777777778
"Hooded Merganser",2005,0.0711111111111111
"Hooded Merganser",2006,0.015527950310559
"Hooded Merganser",2007,0.0121138703815869
"Hooded Merganser",2008,0
"Hooded Merganser",2009,0
"Hooded Merganser",2010,0.0102986611740474
"Hooded Merganser",2011,0
"Hooded Merganser",2012,0
"Hooded Merganser",2013,0.0403225806451613
"Hooded Merganser",2014,0.00541125541125541
"Hooded Merganser",2015,0.0143266475644699
"Hooded Merganser",2016,0.0671960904092853
"Hooded Merganser",2017,0.00618811881188119
"Hooded Merganser",2018,0.031496062992126
"Hooded Merganser",2019,0
"Hooded Merganser",2020,0.0416666666666667
"Hooded Merganser",2021,0.0157563025210084
"Hooded Merganser",2022,0
"Hooded Merganser",2023,0.0264375413086583
"Hooded Merganser",2024,0
"Common Merganser",1999,0
"Common Merganser",2000,0
"Common Merganser",2001,0
"Common Merganser",2002,0
"Common Merganser",2003,0.0102986611740474
"Common Merganser",2004,0
"Common Merganser",2005,0
"Common Merganser",2006,0
"Common Merganser",2007,0
"Common Merganser",2008,0
"Common Merganser",2009,0
"Common Merganser",2010,0
"Common Merganser",2011,0
"Common Merganser",2012,0
"Common Merganser",2013,0
"Common Merganser",2014,0
"Common Merganser",2015,0
"Common Merganser",2016,0
"Common Merganser",2017,0
"Common Merganser",2018,0
"Common Merganser",2019,0
"Common Merganser",2020,0
"Common Merganser",2021,0
"Common Merganser",2022,0
"Common Merganser",2023,0
"Common Merganser",2024,0
"Red-breasted Merganser",1999,0
"Red-breasted Merganser",2000,0
"Red-breasted Merganser",2001,0
"Red-breasted Merganser",2002,0
"Red-breasted Merganser",2003,0
"Red-breasted Merganser",2004,0
"Red-breasted Merganser",2005,0
"Red-breasted Merganser",2006,0
"Red-breasted Merganser",2007,0
"Red-breasted Merganser",2008,0
"Red-breasted Merganser",2009,0
"Red-breasted Merganser",2010,0
"Red-breasted Merganser",2011,0
"Red-breasted Merganser",2012,0
"Red-breasted Merganser",2013,0
"Red-breasted Merganser",2014,0
"Red-breasted Merganser",2015,0
"Red-breasted Merganser",2016,0
"Red-breasted Merganser",2017,0
"Red-breasted Merganser",2018,0
"Red-breasted Merganser",2019,0
"Red-breasted Merganser",2020,0.00687285223367698
"Red-breasted Merganser",2021,0
"Red-breasted Merganser",2022,0
"Red-breasted Merganser",2023,0
"Red-breasted Merganser",2024,0
"Ruddy Duck",1999,0
"Ruddy Duck",2000,0
"Ruddy Duck",2001,0
"Ruddy Duck",2002,0
"Ruddy Duck",2003,0
"Ruddy Duck",2004,0.00871459694989107
"Ruddy Duck",2005,0.00649350649350649
"Ruddy Duck",2006,0
"Ruddy Duck",2007,0
"Ruddy Duck",2008,0
"Ruddy Duck",2009,0
"Ruddy Duck",2010,0
"Ruddy Duck",2011,0
"Ruddy Duck",2012,0
"Ruddy Duck",2013,0
"Ruddy Duck",2014,0
"Ruddy Duck",2015,0
"Ruddy Duck",2016,0
"Ruddy Duck",2017,0
"Ruddy Duck",2018,0
"Ruddy Duck",2019,0
"Ruddy Duck",2020,0
"Ruddy Duck",2021,0
"Ruddy Duck",2022,0
"Ruddy Duck",2023,0
"Ruddy Duck",2024,0
"Northern Bobwhite",1999,0.043535045711798
"Northern Bobwhite",2000,0.0490463215258856
"Northern Bobwhite",2001,0.0828586224754014
"Northern Bobwhite",2002,0.0208333333333333
"Northern Bobwhite",2003,0.0355555555555556
"Northern Bobwhite",2004,0.0232919254658385
"Northern Bobwhite",2005,0.0242277407631738
"Northern Bobwhite",2006,0
"Northern Bobwhite",2007,0
"Northern Bobwhite",2008,0
"Northern Bobwhite",2009,0
"Northern Bobwhite",2010,0.00838926174496644
"Northern Bobwhite",2011,0.0161290322580645
"Northern Bobwhite",2012,0.00541125541125541
"Northern Bobwhite",2013,0
"Northern Bobwhite",2014,0
"Northern Bobwhite",2015,0
"Northern Bobwhite",2016,0
"Northern Bobwhite",2017,0
"Northern Bobwhite",2018,0
"Northern Bobwhite",2019,0
"Northern Bobwhite",2020,0.00783085356303837
"Northern Bobwhite",2021,0
"Northern Bobwhite",2022,0.0129954515919428
"Northern Bobwhite",2023,0
"Northern Bobwhite",2024,0
"Ruffed Grouse",1999,0
"Ruffed Grouse",2000,0
"Ruffed Grouse",2001,0
"Ruffed Grouse",2002,0
"Ruffed Grouse",2003,0
"Ruffed Grouse",2004,0
"Ruffed Grouse",2005,0
"Ruffed Grouse",2006,0
"Ruffed Grouse",2007,0
"Ruffed Grouse",2008,0
"Ruffed Grouse",2009,0
"Ruffed Grouse",2010,0
"Ruffed Grouse",2011,0
"Ruffed Grouse",2012,0
"Ruffed Grouse",2013,0
"Ruffed Grouse",2014,0
"Ruffed Grouse",2015,0
"Ruffed Grouse",2016,0
"Ruffed Grouse",2017,0
"Ruffed Grouse",2018,0
"Ruffed Grouse",2019,0
"Ruffed Grouse",2020,0
"Ruffed Grouse",2021,0
"Ruffed Grouse",2022,0
"Ruffed Grouse",2023,0
"Ruffed Grouse",2024,0
"Wild Turkey",1999,0
"Wild Turkey",2000,0.0244349419670128
"Wild Turkey",2001,0.0185643564356436
"Wild Turkey",2002,0.078740157480315
"Wild Turkey",2003,0.117145899893504
"Wild Turkey",2004,0.03125
"Wild Turkey",2005,0.0262605042016807
"Wild Turkey",2006,0.0313234142521535
"Wild Turkey",2007,0.0330469266358229
"Wild Turkey",2008,0.0194931773879142
"Wild Turkey",2009,0.00871459694989107
"Wild Turkey",2010,0.0324675324675325
"Wild Turkey",2011,0
"Wild Turkey",2012,0.0217983651226158
"Wild Turkey",2013,0.0103573278094252
"Wild Turkey",2014,0.00694444444444444
"Wild Turkey",2015,0
"Wild Turkey",2016,0.046583850931677
"Wild Turkey",2017,0.0242277407631738
"Wild Turkey",2018,0.0274914089347079
"Wild Turkey",2019,0.0241935483870968
"Wild Turkey",2020,0.0617919670442842
"Wild Turkey",2021,0.0271554650373388
"Wild Turkey",2022,0.0167785234899329
"Wild Turkey",2023,0.0161290322580645
"Wild Turkey",2024,0
"Pied-billed Grebe",1999,0
"Pied-billed Grebe",2000,0
"Pied-billed Grebe",2001,0
"Pied-billed Grebe",2002,0
"Pied-billed Grebe",2003,0
"Pied-billed Grebe",2004,0
"Pied-billed Grebe",2005,0
"Pied-billed Grebe",2006,0.0207146556188503
"Pied-billed Grebe",2007,0
"Pied-billed Grebe",2008,0.00888888888888889
"Pied-billed Grebe",2009,0
"Pied-billed Grebe",2010,0
"Pied-billed Grebe",2011,0
"Pied-billed Grebe",2012,0
"Pied-billed Grebe",2013,0
"Pied-billed Grebe",2014,0
"Pied-billed Grebe",2015,0.00838926174496644
"Pied-billed Grebe",2016,0
"Pied-billed Grebe",2017,0
"Pied-billed Grebe",2018,0
"Pied-billed Grebe",2019,0
"Pied-billed Grebe",2020,0
"Pied-billed Grebe",2021,0
"Pied-billed Grebe",2022,0
"Pied-billed Grebe",2023,0
"Pied-billed Grebe",2024,0
"Horned Grebe",1999,0
"Horned Grebe",2000,0
"Horned Grebe",2001,0
"Horned Grebe",2002,0
"Horned Grebe",2003,0
"Horned Grebe",2004,0
"Horned Grebe",2005,0
"Horned Grebe",2006,0
"Horned Grebe",2007,0
"Horned Grebe",2008,0
"Horned Grebe",2009,0
"Horned Grebe",2010,0
"Horned Grebe",2011,0
"Horned Grebe",2012,0
"Horned Grebe",2013,0
"Horned Grebe",2014,0
"Horned Grebe",2015,0
"Horned Grebe",2016,0
"Horned Grebe",2017,0
"Horned Grebe",2018,0
"Horned Grebe",2019,0
"Horned Grebe",2020,0
"Horned Grebe",2021,0
"Horned Grebe",2022,0
"Horned Grebe",2023,0
"Horned Grebe",2024,0
"Rock Pigeon",1999,0.226570545829042
"Rock Pigeon",2000,0.386965376782077
"Rock Pigeon",2001,0.360738255033557
"Rock Pigeon",2002,0.548387096774194
"Rock Pigeon",2003,0.178571428571429
"Rock Pigeon",2004,0.243553008595989
"Rock Pigeon",2005,0.965180207697007
"Rock Pigeon",2006,0.173267326732673
"Rock Pigeon",2007,0.141732283464567
"Rock Pigeon",2008,0.223642172523962
"Rock Pigeon",2009,0.25
"Rock Pigeon",2010,0.0367647058823529
"Rock Pigeon",2011,0.0704776820673453
"Rock Pigeon",2012,0.165234633179114
"Rock Pigeon",2013,0.337881741390513
"Rock Pigeon",2014,0.16557734204793
"Rock Pigeon",2015,0.136363636363636
"Rock Pigeon",2016,0.0957771005659556
"Rock Pigeon",2017,0.0926430517711172
"Rock Pigeon",2018,0.0725012946659762
"Rock Pigeon",2019,0.0763888888888889
"Rock Pigeon",2020,0.177777777777778
"Rock Pigeon",2021,0.124223602484472
"Rock Pigeon",2022,0.272562083585706
"Rock Pigeon",2023,0.0274914089347079
"Rock Pigeon",2024,0.112903225806452
"Mourning Dove",1999,1.09529702970297
"Mourning Dove",2000,3.22047244094488
"Mourning Dove",2001,3.71671991480298
"Mourning Dove",2002,4.09375
"Mourning Dove",2003,2.17436974789916
"Mourning Dove",2004,2.48238057948316
"Mourning Dove",2005,1.6986120290813
"Mourning Dove",2006,1.7738791423002
"Mourning Dove",2007,2.16122004357298
"Mourning Dove",2008,1.35064935064935
"Mourning Dove",2009,2.15063125816282
"Mourning Dove",2010,0.73024523160763
"Mourning Dove",2011,1.98860693940963
"Mourning Dove",2012,1.65277777777778
"Mourning Dove",2013,1.16444444444444
"Mourning Dove",2014,1.60714285714286
"Mourning Dove",2015,1.36886735311932
"Mourning Dove",2016,1.01030927835052
"Mourning Dove",2017,1.53225806451613
"Mourning Dove",2018,1.5859938208033
"Mourning Dove",2019,1.34419551934827
"Mourning Dove",2020,1.44295302013423
"Mourning Dove",2021,1.57258064516129
"Mourning Dove",2022,0.898268398268398
"Mourning Dove",2023,1.36103151862464
"Mourning Dove",2024,0.830788026878436
"Yellow-billed Cuckoo",1999,0.0454840805717999
"Yellow-billed Cuckoo",2000,0.461873638344227
"Yellow-billed Cuckoo",2001,0.051948051948052
"Yellow-billed Cuckoo",2002,0.139312146277754
"Yellow-billed Cuckoo",2003,0.0108991825613079
"Yellow-billed Cuckoo",2004,0.393578456758156
"Yellow-billed Cuckoo",2005,0.111111111111111
"Yellow-billed Cuckoo",2006,0.168888888888889
"Yellow-billed Cuckoo",2007,0.093167701863354
"Yellow-billed Cuckoo",2008,0.00605693519079346
"Yellow-billed Cuckoo",2009,0.0549828178694158
"Yellow-billed Cuckoo",2010,0.0887096774193548
"Yellow-billed Cuckoo",2011,0.226570545829042
"Yellow-billed Cuckoo",2012,0.088255261371351
"Yellow-billed Cuckoo",2013,0.243288590604027
"Yellow-billed Cuckoo",2014,0.225806451612903
"Yellow-billed Cuckoo",2015,0.0216450216450216
"Yellow-billed Cuckoo",2016,0.121776504297994
"Yellow-billed Cuckoo",2017,0.0855222968845449
"Yellow-billed Cuckoo",2018,0.247524752475248
"Yellow-billed Cuckoo",2019,0.21259842519685
"Yellow-billed Cuckoo",2020,0.468583599574015
"Yellow-billed Cuckoo",2021,0.135416666666667
"Yellow-billed Cuckoo",2022,0.0630252100840336
"Yellow-billed Cuckoo",2023,0.0469851213782302
"Yellow-billed Cuckoo",2024,0.112359550561798
"Black-billed Cuckoo",1999,0
"Black-billed Cuckoo",2000,0
"Black-billed Cuckoo",2001,0
"Black-billed Cuckoo",2002,0
"Black-billed Cuckoo",2003,0
"Black-billed Cuckoo",2004,0
"Black-billed Cuckoo",2005,0
"Black-billed Cuckoo",2006,0
"Black-billed Cuckoo",2007,0
"Black-billed Cuckoo",2008,0
"Black-billed Cuckoo",2009,0
"Black-billed Cuckoo",2010,0
"Black-billed Cuckoo",2011,0
"Black-billed Cuckoo",2012,0
"Black-billed Cuckoo",2013,0
"Black-billed Cuckoo",2014,0
"Black-billed Cuckoo",2015,0
"Black-billed Cuckoo",2016,0
"Black-billed Cuckoo",2017,0.00660938532716457
"Black-billed Cuckoo",2018,0
"Black-billed Cuckoo",2019,0
"Black-billed Cuckoo",2020,0
"Black-billed Cuckoo",2021,0
"Black-billed Cuckoo",2022,0
"Black-billed Cuckoo",2023,0
"Black-billed Cuckoo",2024,0
"Common Nighthawk",1999,0
"Common Nighthawk",2000,0
"Common Nighthawk",2001,0
"Common Nighthawk",2002,0
"Common Nighthawk",2003,0
"Common Nighthawk",2004,0
"Common Nighthawk",2005,0
"Common Nighthawk",2006,0
"Common Nighthawk",2007,0
"Common Nighthawk",2008,0
"Common Nighthawk",2009,0
"Common Nighthawk",2010,0
"Common Nighthawk",2011,0
"Common Nighthawk",2012,0
"Common Nighthawk",2013,0
"Common Nighthawk",2014,0
"Common Nighthawk",2015,0
"Common Nighthawk",2016,0.0103573278094252
"Common Nighthawk",2017,0.0138888888888889
"Common Nighthawk",2018,0
"Common Nighthawk",2019,0
"Common Nighthawk",2020,0
"Common Nighthawk",2021,0
"Common Nighthawk",2022,0
"Common Nighthawk",2023,0
"Common Nighthawk",2024,0
"Chuck-will's-widow",1999,0
"Chuck-will's-widow",2000,0.0104166666666667
"Chuck-will's-widow",2001,0
"Chuck-will's-widow",2002,0
"Chuck-will's-widow",2003,0
"Chuck-will's-widow",2004,0
"Chuck-will's-widow",2005,0
"Chuck-will's-widow",2006,0.051948051948052
"Chuck-will's-widow",2007,0
"Chuck-will's-widow",2008,0.00544959128065395
"Chuck-will's-widow",2009,0
"Chuck-will's-widow",2010,0
"Chuck-will's-widow",2011,0
"Chuck-will's-widow",2012,0
"Chuck-will's-widow",2013,0.0121138703815869
"Chuck-will's-widow",2014,0.0343642611683849
"Chuck-will's-widow",2015,0.00806451612903226
"Chuck-will's-widow",2016,0.0102986611740474
"Chuck-will's-widow",2017,0.00678886625933469
"Chuck-will's-widow",2018,0.00838926174496644
"Chuck-will's-widow",2019,0.00806451612903226
"Chuck-will's-widow",2020,0.00541125541125541
"Chuck-will's-widow",2021,0
"Chuck-will's-widow",2022,0.00610873549175321
"Chuck-will's-widow",2023,0.0247524752475248
"Chuck-will's-widow",2024,0
"Eastern Whip-poor-will",1999,0.0454545454545455
"Eastern Whip-poor-will",2000,0.200261210274271
"Eastern Whip-poor-will",2001,0.0490463215258856
"Eastern Whip-poor-will",2002,0.30036250647333
"Eastern Whip-poor-will",2003,0.118055555555556
"Eastern Whip-poor-will",2004,0.0533333333333333
"Eastern Whip-poor-will",2005,0.046583850931677
"Eastern Whip-poor-will",2006,0.0847970926711084
"Eastern Whip-poor-will",2007,0.0687285223367698
"Eastern Whip-poor-will",2008,0.0564516129032258
"Eastern Whip-poor-will",2009,0.0514933058702369
"Eastern Whip-poor-will",2010,0.108621860149355
"Eastern Whip-poor-will",2011,0.0587248322147651
"Eastern Whip-poor-will",2012,0.0645161290322581
"Eastern Whip-poor-will",2013,0.0324675324675325
"Eastern Whip-poor-will",2014,0.0214899713467049
"Eastern Whip-poor-will",2015,0.0549786194257789
"Eastern Whip-poor-will",2016,0.0618811881188119
"Eastern Whip-poor-will",2017,0.031496062992126
"Eastern Whip-poor-will",2018,0.0638977635782748
"Eastern Whip-poor-will",2019,0.0625
"Eastern Whip-poor-will",2020,0.0420168067226891
"Eastern Whip-poor-will",2021,0.101801096319499
"Eastern Whip-poor-will",2022,0.0198281559814937
"Eastern Whip-poor-will",2023,0.0519818063677713
"Eastern Whip-poor-will",2024,0.0174291938997821
"Chimney Swift",1999,0.62992125984252
"Chimney Swift",2000,1.31958762886598
"Chimney Swift",2001,1.33870967741935
"Chimney Swift",2002,2.62615859938208
"Chimney Swift",2003,12.8988458927359
"Chimney Swift",2004,1.11577181208054
"Chimney Swift",2005,1.37096774193548
"Chimney Swift",2006,2.1969696969697
"Chimney Swift",2007,0.494269340974212
"Chimney Swift",2008,0.64752596212584
"Chimney Swift",2009,0.847772277227723
"Chimney Swift",2010,0.574803149606299
"Chimney Swift",2011,1.33120340788072
"Chimney Swift",2012,1.20833333333333
"Chimney Swift",2013,0.173319327731092
"Chimney Swift",2014,0.469851213782302
"Chimney Swift",2015,0.568407138136153
"Chimney Swift",2016,0.92267706302794
"Chimney Swift",2017,1.47276688453159
"Chimney Swift",2018,0.461038961038961
"Chimney Swift",2019,0.731388767958206
"Chimney Swift",2020,0.403269754768392
"Chimney Swift",2021,1.00466079751424
"Chimney Swift",2022,0.520833333333333
"Chimney Swift",2023,0.515555555555556
"Chimney Swift",2024,0.47360248447205
"Ruby-throated Hummingbird",1999,0.140692640692641
"Ruby-throated Hummingbird",2000,0.429799426934097
"Ruby-throated Hummingbird",2001,0.195479535736103
"Ruby-throated Hummingbird",2002,0.377475247524752
"Ruby-throated Hummingbird",2003,0.503937007874016
"Ruby-throated Hummingbird",2004,0.596379126730564
"Ruby-throated Hummingbird",2005,0.5
"Ruby-throated Hummingbird",2006,0.252100840336134
"Ruby-throated Hummingbird",2007,0.33672670321065
"Ruby-throated Hummingbird",2008,0.191672174487773
"Ruby-throated Hummingbird",2009,0.266406757634828
"Ruby-throated Hummingbird",2010,0.400871459694989
"Ruby-throated Hummingbird",2011,0.298701298701299
"Ruby-throated Hummingbird",2012,0.374401393121463
"Ruby-throated Hummingbird",2013,0.136239782016349
"Ruby-throated Hummingbird",2014,0.341791817711031
"Ruby-throated Hummingbird",2015,0.284722222222222
"Ruby-throated Hummingbird",2016,0.275555555555556
"Ruby-throated Hummingbird",2017,0.427018633540373
"Ruby-throated Hummingbird",2018,0.17565112053301
"Ruby-throated Hummingbird",2019,0.343642611683849
"Ruby-throated Hummingbird",2020,0.306451612903226
"Ruby-throated Hummingbird",2021,0.442842430484037
"Ruby-throated Hummingbird",2022,0.162932790224033
"Ruby-throated Hummingbird",2023,0.243288590604027
"Ruby-throated Hummingbird",2024,0.120967741935484
"King Rail",1999,0
"King Rail",2000,0
"King Rail",2001,0
"King Rail",2002,0
"King Rail",2003,0
"King Rail",2004,0
"King Rail",2005,0
"King Rail",2006,0
"King Rail",2007,0
"King Rail",2008,0.00694444444444444
"King Rail",2009,0
"King Rail",2010,0
"King Rail",2011,0.0121138703815869
"King Rail",2012,0.0274914089347079
"King Rail",2013,0
"King Rail",2014,0.0514933058702369
"King Rail",2015,0.0339443312966735
"King Rail",2016,0.00838926174496644
"King Rail",2017,0
"King Rail",2018,0.00541125541125541
"King Rail",2019,0
"King Rail",2020,0
"King Rail",2021,0
"King Rail",2022,0
"King Rail",2023,0
"King Rail",2024,0
"Sora",1999,0
"Sora",2000,0
"Sora",2001,0
"Sora",2002,0
"Sora",2003,0
"Sora",2004,0
"Sora",2005,0
"Sora",2006,0
"Sora",2007,0
"Sora",2008,0
"Sora",2009,0
"Sora",2010,0
"Sora",2011,0
"Sora",2012,0
"Sora",2013,0
"Sora",2014,0.00618811881188119
"Sora",2015,0
"Sora",2016,0
"Sora",2017,0
"Sora",2018,0
"Sora",2019,0
"Sora",2020,0
"Sora",2021,0
"Sora",2022,0
"Sora",2023,0
"Sora",2024,0
"Common Gallinule",1999,0
"Common Gallinule",2000,0
"Common Gallinule",2001,0
"Common Gallinule",2002,0
"Common Gallinule",2003,0
"Common Gallinule",2004,0
"Common Gallinule",2005,0
"Common Gallinule",2006,0
"Common Gallinule",2007,0
"Common Gallinule",2008,0
"Common Gallinule",2009,0
"Common Gallinule",2010,0
"Common Gallinule",2011,0
"Common Gallinule",2012,0
"Common Gallinule",2013,0
"Common Gallinule",2014,0
"Common Gallinule",2015,0
"Common Gallinule",2016,0.00649350649350649
"Common Gallinule",2017,0.0087070091423596
"Common Gallinule",2018,0
"Common Gallinule",2019,0
"Common Gallinule",2020,0
"Common Gallinule",2021,0
"Common Gallinule",2022,0
"Common Gallinule",2023,0.00605693519079346
"Common Gallinule",2024,0
"American Coot",1999,0
"American Coot",2000,0
"American Coot",2001,0
"American Coot",2002,0
"American Coot",2003,0
"American Coot",2004,0
"American Coot",2005,0.00783085356303837
"American Coot",2006,0
"American Coot",2007,0
"American Coot",2008,0
"American Coot",2009,0
"American Coot",2010,0
"American Coot",2011,0
"American Coot",2012,0
"American Coot",2013,0
"American Coot",2014,0.00888888888888889
"American Coot",2015,0
"American Coot",2016,0.00605693519079346
"American Coot",2017,0
"American Coot",2018,0
"American Coot",2019,0
"American Coot",2020,0
"American Coot",2021,0.00838926174496644
"American Coot",2022,0
"American Coot",2023,0
"American Coot",2024,0
"Killdeer",1999,0.198281559814937
"Killdeer",2000,0.409356725146199
"Killdeer",2001,0.366013071895425
"Killdeer",2002,0.350649350649351
"Killdeer",2003,0.287331301697867
"Killdeer",2004,0.190735694822888
"Killdeer",2005,0.30036250647333
"Killdeer",2006,0.270833333333333
"Killdeer",2007,0.328888888888889
"Killdeer",2008,0.194099378881988
"Killdeer",2009,0.218049666868565
"Killdeer",2010,0.343642611683849
"Killdeer",2011,0.290322580645161
"Killdeer",2012,0.381050463439753
"Killdeer",2013,0.10183299389002
"Killdeer",2014,0.276845637583893
"Killdeer",2015,0.17741935483871
"Killdeer",2016,0.102813852813853
"Killdeer",2017,0.143266475644699
"Killdeer",2018,0.103848503359805
"Killdeer",2019,0.204207920792079
"Killdeer",2020,0.173228346456693
"Killdeer",2021,0.362087326943557
"Killdeer",2022,0.260416666666667
"Killdeer",2023,0.131302521008403
"Killdeer",2024,0.211433046202036
"Semipalmated Plover",1999,0
"Semipalmated Plover",2000,0
"Semipalmated Plover",2001,0
"Semipalmated Plover",2002,0
"Semipalmated Plover",2003,0
"Semipalmated Plover",2004,0
"Semipalmated Plover",2005,0
"Semipalmated Plover",2006,0
"Semipalmated Plover",2007,0
"Semipalmated Plover",2008,0
"Semipalmated Plover",2009,0.00541125541125541
"Semipalmated Plover",2010,0
"Semipalmated Plover",2011,0
"Semipalmated Plover",2012,0
"Semipalmated Plover",2013,0
"Semipalmated Plover",2014,0
"Semipalmated Plover",2015,0
"Semipalmated Plover",2016,0
"Semipalmated Plover",2017,0.00783085356303837
"Semipalmated Plover",2018,0
"Semipalmated Plover",2019,0
"Semipalmated Plover",2020,0
"Semipalmated Plover",2021,0
"Semipalmated Plover",2022,0
"Semipalmated Plover",2023,0
"Semipalmated Plover",2024,0
"Upland Sandpiper",1999,0
"Upland Sandpiper",2000,0
"Upland Sandpiper",2001,0
"Upland Sandpiper",2002,0
"Upland Sandpiper",2003,0
"Upland Sandpiper",2004,0
"Upland Sandpiper",2005,0
"Upland Sandpiper",2006,0
"Upland Sandpiper",2007,0
"Upland Sandpiper",2008,0
"Upland Sandpiper",2009,0
"Upland Sandpiper",2010,0
"Upland Sandpiper",2011,0
"Upland Sandpiper",2012,0
"Upland Sandpiper",2013,0
"Upland Sandpiper",2014,0
"Upland Sandpiper",2015,0
"Upland Sandpiper",2016,0
"Upland Sandpiper",2017,0
"Upland Sandpiper",2018,0
"Upland Sandpiper",2019,0
"Upland Sandpiper",2020,0
"Upland Sandpiper",2021,0
"Upland Sandpiper",2022,0
"Upland Sandpiper",2023,0
"Upland Sandpiper",2024,0
"Least Sandpiper",1999,0
"Least Sandpiper",2000,0.0851970181043663
"Least Sandpiper",2001,0
"Least Sandpiper",2002,0
"Least Sandpiper",2003,0
"Least Sandpiper",2004,0.118968935888962
"Least Sandpiper",2005,0
"Least Sandpiper",2006,0.0261437908496732
"Least Sandpiper",2007,0.0909090909090909
"Least Sandpiper",2008,0
"Least Sandpiper",2009,0.0163487738419619
"Least Sandpiper",2010,0.062143966856551
"Least Sandpiper",2011,0.0694444444444444
"Least Sandpiper",2012,0.257777777777778
"Least Sandpiper",2013,0.0077639751552795
"Least Sandpiper",2014,0.00605693519079346
"Least Sandpiper",2015,0.109965635738832
"Least Sandpiper",2016,0.217741935483871
"Least Sandpiper",2017,0.0102986611740474
"Least Sandpiper",2018,0.00678886625933469
"Least Sandpiper",2019,0
"Least Sandpiper",2020,0
"Least Sandpiper",2021,0.00541125541125541
"Least Sandpiper",2022,0
"Least Sandpiper",2023,0.0366524129505192
"Least Sandpiper",2024,0.0433168316831683
"Pectoral Sandpiper",1999,0
"Pectoral Sandpiper",2000,0
"Pectoral Sandpiper",2001,0
"Pectoral Sandpiper",2002,0
"Pectoral Sandpiper",2003,0
"Pectoral Sandpiper",2004,0
"Pectoral Sandpiper",2005,0
"Pectoral Sandpiper",2006,0
"Pectoral Sandpiper",2007,0
"Pectoral Sandpiper",2008,0
"Pectoral Sandpiper",2009,0
"Pectoral Sandpiper",2010,0
"Pectoral Sandpiper",2011,0
"Pectoral Sandpiper",2012,0
"Pectoral Sandpiper",2013,0
"Pectoral Sandpiper",2014,0
"Pectoral Sandpiper",2015,0
"Pectoral Sandpiper",2016,0
"Pectoral Sandpiper",2017,0
"Pectoral Sandpiper",2018,0
"Pectoral Sandpiper",2019,0
"Pectoral Sandpiper",2020,0
"Pectoral Sandpiper",2021,0
"Pectoral Sandpiper",2022,0
"Pectoral Sandpiper",2023,0
"Pectoral Sandpiper",2024,0
"Semipalmated Sandpiper",1999,0
"Semipalmated Sandpiper",2000,0
"Semipalmated Sandpiper",2001,0
"Semipalmated Sandpiper",2002,0.0161290322580645
"Semipalmated Sandpiper",2003,0
"Semipalmated Sandpiper",2004,0
"Semipalmated Sandpiper",2005,0
"Semipalmated Sandpiper",2006,0
"Semipalmated Sandpiper",2007,0.00541125541125541
"Semipalmated Sandpiper",2008,0
"Semipalmated Sandpiper",2009,0
"Semipalmated Sandpiper",2010,0.00618811881188119
"Semipalmated Sandpiper",2011,0
"Semipalmated Sandpiper",2012,0
"Semipalmated Sandpiper",2013,0
"Semipalmated Sandpiper",2014,0
"Semipalmated Sandpiper",2015,0
"Semipalmated Sandpiper",2016,0
"Semipalmated Sandpiper",2017,0
"Semipalmated Sandpiper",2018,0
"Semipalmated Sandpiper",2019,0
"Semipalmated Sandpiper",2020,0
"Semipalmated Sandpiper",2021,0
"Semipalmated Sandpiper",2022,0
"Semipalmated Sandpiper",2023,0
"Semipalmated Sandpiper",2024,0
"Short-billed Dowitcher",1999,0
"Short-billed Dowitcher",2000,0
"Short-billed Dowitcher",2001,0
"Short-billed Dowitcher",2002,0
"Short-billed Dowitcher",2003,0
"Short-billed Dowitcher",2004,0
"Short-billed Dowitcher",2005,0
"Short-billed Dowitcher",2006,0
"Short-billed Dowitcher",2007,0
"Short-billed Dowitcher",2008,0
"Short-billed Dowitcher",2009,0
"Short-billed Dowitcher",2010,0
"Short-billed Dowitcher",2011,0
"Short-billed Dowitcher",2012,0
"Short-billed Dowitcher",2013,0
"Short-billed Dowitcher",2014,0
"Short-billed Dowitcher",2015,0
"Short-billed Dowitcher",2016,0
"Short-billed Dowitcher",2017,0.00888888888888889
"Short-billed Dowitcher",2018,0
"Short-billed Dowitcher",2019,0
"Short-billed Dowitcher",2020,0
"Short-billed Dowitcher",2021,0
"Short-billed Dowitcher",2022,0
"Short-billed Dowitcher",2023,0
"Short-billed Dowitcher",2024,0
"American Woodcock",1999,0
"American Woodcock",2000,0
"American Woodcock",2001,0
"American Woodcock",2002,0
"American Woodcock",2003,0
"American Woodcock",2004,0.00871459694989107
"American Woodcock",2005,0
"American Woodcock",2006,0
"American Woodcock",2007,0
"American Woodcock",2008,0
"American Woodcock",2009,0
"American Woodcock",2010,0
"American Woodcock",2011,0
"American Woodcock",2012,0.00605693519079346
"American Woodcock",2013,0.0206185567010309
"American Woodcock",2014,0
"American Woodcock",2015,0
"American Woodcock",2016,0
"American Woodcock",2017,0
"American Woodcock",2018,0
"American Woodcock",2019,0
"American Woodcock",2020,0.00716332378223496
"American Woodcock",2021,0.0122174709835064
"American Woodcock",2022,0
"American Woodcock",2023,0
"American Woodcock",2024,0
"Wilson's Snipe",1999,0.0087070091423596
"Wilson's Snipe",2000,0
"Wilson's Snipe",2001,0
"Wilson's Snipe",2002,0
"Wilson's Snipe",2003,0
"Wilson's Snipe",2004,0
"Wilson's Snipe",2005,0
"Wilson's Snipe",2006,0
"Wilson's Snipe",2007,0
"Wilson's Snipe",2008,0
"Wilson's Snipe",2009,0
"Wilson's Snipe",2010,0
"Wilson's Snipe",2011,0
"Wilson's Snipe",2012,0
"Wilson's Snipe",2013,0
"Wilson's Snipe",2014,0
"Wilson's Snipe",2015,0
"Wilson's Snipe",2016,0
"Wilson's Snipe",2017,0
"Wilson's Snipe",2018,0
"Wilson's Snipe",2019,0
"Wilson's Snipe",2020,0
"Wilson's Snipe",2021,0
"Wilson's Snipe",2022,0
"Wilson's Snipe",2023,0
"Wilson's Snipe",2024,0
"Spotted Sandpiper",1999,0.109965635738832
"Spotted Sandpiper",2000,0.0564516129032258
"Spotted Sandpiper",2001,0.113285272914521
"Spotted Sandpiper",2002,0.156143923964698
"Spotted Sandpiper",2003,0.23489932885906
"Spotted Sandpiper",2004,0.129032258064516
"Spotted Sandpiper",2005,0.12987012987013
"Spotted Sandpiper",2006,0.0573065902578797
"Spotted Sandpiper",2007,0.238240684178375
"Spotted Sandpiper",2008,0.0371287128712871
"Spotted Sandpiper",2009,0.015748031496063
"Spotted Sandpiper",2010,0.276890308839191
"Spotted Sandpiper",2011,0.1875
"Spotted Sandpiper",2012,0.152310924369748
"Spotted Sandpiper",2013,0.0704776820673453
"Spotted Sandpiper",2014,0.0528750826173166
"Spotted Sandpiper",2015,0.0389863547758285
"Spotted Sandpiper",2016,0.174291938997821
"Spotted Sandpiper",2017,0.62987012987013
"Spotted Sandpiper",2018,0.0696560731388768
"Spotted Sandpiper",2019,0.0490463215258856
"Spotted Sandpiper",2020,0.238218539616779
"Spotted Sandpiper",2021,0.145833333333333
"Spotted Sandpiper",2022,0.124444444444444
"Spotted Sandpiper",2023,0.062111801242236
"Spotted Sandpiper",2024,0.133252574197456
"Solitary Sandpiper",1999,0.0716332378223496
"Solitary Sandpiper",2000,0.0427611484422725
"Solitary Sandpiper",2001,0.111386138613861
"Solitary Sandpiper",2002,0.0078740157480315
"Solitary Sandpiper",2003,0.106496272630458
"Solitary Sandpiper",2004,0.135416666666667
"Solitary Sandpiper",2005,0.115546218487395
"Solitary Sandpiper",2006,0.062646828504307
"Solitary Sandpiper",2007,0.185062789160608
"Solitary Sandpiper",2008,0.0194931773879142
"Solitary Sandpiper",2009,0.113289760348584
"Solitary Sandpiper",2010,0.038961038961039
"Solitary Sandpiper",2011,0.130605137135394
"Solitary Sandpiper",2012,0.0217983651226158
"Solitary Sandpiper",2013,0.0414293112377007
"Solitary Sandpiper",2014,0.0208333333333333
"Solitary Sandpiper",2015,0.0355555555555556
"Solitary Sandpiper",2016,0.170807453416149
"Solitary Sandpiper",2017,0.121138703815869
"Solitary Sandpiper",2018,0.0206185567010309
"Solitary Sandpiper",2019,0.0564516129032258
"Solitary Sandpiper",2020,0.267765190525232
"Solitary Sandpiper",2021,0.122199592668024
"Solitary Sandpiper",2022,0.0838926174496644
"Solitary Sandpiper",2023,0.032258064516129
"Solitary Sandpiper",2024,0.162337662337662
"Lesser Yellowlegs",1999,0
"Lesser Yellowlegs",2000,0
"Lesser Yellowlegs",2001,0.0259909031838856
"Lesser Yellowlegs",2002,0
"Lesser Yellowlegs",2003,0
"Lesser Yellowlegs",2004,0
"Lesser Yellowlegs",2005,0.0435967302452316
"Lesser Yellowlegs",2006,0
"Lesser Yellowlegs",2007,0.0138888888888889
"Lesser Yellowlegs",2008,0
"Lesser Yellowlegs",2009,0
"Lesser Yellowlegs",2010,0
"Lesser Yellowlegs",2011,0.00687285223367698
"Lesser Yellowlegs",2012,0.00806451612903226
"Lesser Yellowlegs",2013,0
"Lesser Yellowlegs",2014,0
"Lesser Yellowlegs",2015,0
"Lesser Yellowlegs",2016,0
"Lesser Yellowlegs",2017,0
"Lesser Yellowlegs",2018,0
"Lesser Yellowlegs",2019,0
"Lesser Yellowlegs",2020,0
"Lesser Yellowlegs",2021,0
"Lesser Yellowlegs",2022,0.0106496272630458
"Lesser Yellowlegs",2023,0
"Lesser Yellowlegs",2024,0
"Greater Yellowlegs",1999,0
"Greater Yellowlegs",2000,0
"Greater Yellowlegs",2001,0
"Greater Yellowlegs",2002,0
"Greater Yellowlegs",2003,0
"Greater Yellowlegs",2004,0.00687285223367698
"Greater Yellowlegs",2005,0
"Greater Yellowlegs",2006,0
"Greater Yellowlegs",2007,0
"Greater Yellowlegs",2008,0
"Greater Yellowlegs",2009,0.00806451612903226
"Greater Yellowlegs",2010,0
"Greater Yellowlegs",2011,0.0286532951289398
"Greater Yellowlegs",2012,0
"Greater Yellowlegs",2013,0
"Greater Yellowlegs",2014,0
"Greater Yellowlegs",2015,0
"Greater Yellowlegs",2016,0
"Greater Yellowlegs",2017,0
"Greater Yellowlegs",2018,0
"Greater Yellowlegs",2019,0
"Greater Yellowlegs",2020,0
"Greater Yellowlegs",2021,0
"Greater Yellowlegs",2022,0
"Greater Yellowlegs",2023,0
"Greater Yellowlegs",2024,0
"Bonaparte's Gull",1999,0
"Bonaparte's Gull",2000,0
"Bonaparte's Gull",2001,0
"Bonaparte's Gull",2002,0
"Bonaparte's Gull",2003,0
"Bonaparte's Gull",2004,0
"Bonaparte's Gull",2005,0
"Bonaparte's Gull",2006,0
"Bonaparte's Gull",2007,0
"Bonaparte's Gull",2008,0
"Bonaparte's Gull",2009,0
"Bonaparte's Gull",2010,0
"Bonaparte's Gull",2011,0
"Bonaparte's Gull",2012,0
"Bonaparte's Gull",2013,0
"Bonaparte's Gull",2014,0
"Bonaparte's Gull",2015,0
"Bonaparte's Gull",2016,0
"Bonaparte's Gull",2017,0
"Bonaparte's Gull",2018,0
"Bonaparte's Gull",2019,0
"Bonaparte's Gull",2020,0.0266666666666667
"Bonaparte's Gull",2021,0
"Bonaparte's Gull",2022,0
"Bonaparte's Gull",2023,0
"Bonaparte's Gull",2024,0
"Laughing Gull",1999,0
"Laughing Gull",2000,0
"Laughing Gull",2001,0
"Laughing Gull",2002,0
"Laughing Gull",2003,0
"Laughing Gull",2004,0
"Laughing Gull",2005,0
"Laughing Gull",2006,0
"Laughing Gull",2007,0
"Laughing Gull",2008,0
"Laughing Gull",2009,0
"Laughing Gull",2010,0
"Laughing Gull",2011,0
"Laughing Gull",2012,0
"Laughing Gull",2013,0
"Laughing Gull",2014,0
"Laughing Gull",2015,0
"Laughing Gull",2016,0
"Laughing Gull",2017,0
"Laughing Gull",2018,0
"Laughing Gull",2019,0
"Laughing Gull",2020,0
"Laughing Gull",2021,0
"Laughing Gull",2022,0
"Laughing Gull",2023,0
"Laughing Gull",2024,0
"Ring-billed Gull",1999,0.0519818063677713
"Ring-billed Gull",2000,0
"Ring-billed Gull",2001,0.00649350649350649
"Ring-billed Gull",2002,0.0348280365694384
"Ring-billed Gull",2003,0.141689373297003
"Ring-billed Gull",2004,0.0310719834282755
"Ring-billed Gull",2005,0.284722222222222
"Ring-billed Gull",2006,0.275555555555556
"Ring-billed Gull",2007,0.295031055900621
"Ring-billed Gull",2008,0.351302241066021
"Ring-billed Gull",2009,0.288659793814433
"Ring-billed Gull",2010,0.0161290322580645
"Ring-billed Gull",2011,0
"Ring-billed Gull",2012,0
"Ring-billed Gull",2013,0
"Ring-billed Gull",2014,0.0564516129032258
"Ring-billed Gull",2015,0
"Ring-billed Gull",2016,0.0429799426934097
"Ring-billed Gull",2017,0.0183262064752596
"Ring-billed Gull",2018,0
"Ring-billed Gull",2019,0
"Ring-billed Gull",2020,0.298189563365282
"Ring-billed Gull",2021,0.0208333333333333
"Ring-billed Gull",2022,0
"Ring-billed Gull",2023,0
"Ring-billed Gull",2024,0
"Herring Gull",1999,0
"Herring Gull",2000,0
"Herring Gull",2001,0
"Herring Gull",2002,0
"Herring Gull",2003,0
"Herring Gull",2004,0
"Herring Gull",2005,0
"Herring Gull",2006,0
"Herring Gull",2007,0
"Herring Gull",2008,0
"Herring Gull",2009,0
"Herring Gull",2010,0
"Herring Gull",2011,0
"Herring Gull",2012,0
"Herring Gull",2013,0
"Herring Gull",2014,0
"Herring Gull",2015,0
"Herring Gull",2016,0
"Herring Gull",2017,0
"Herring Gull",2018,0
"Herring Gull",2019,0
"Herring Gull",2020,0
"Herring Gull",2021,0
"Herring Gull",2022,0
"Herring Gull",2023,0
"Herring Gull",2024,0
"Caspian Tern",1999,0
"Caspian Tern",2000,0
"Caspian Tern",2001,0.00541125541125541
"Caspian Tern",2002,0.0143266475644699
"Caspian Tern",2003,0.0122174709835064
"Caspian Tern",2004,0
"Caspian Tern",2005,0
"Caspian Tern",2006,0
"Caspian Tern",2007,0
"Caspian Tern",2008,0
"Caspian Tern",2009,0
"Caspian Tern",2010,0
"Caspian Tern",2011,0
"Caspian Tern",2012,0
"Caspian Tern",2013,0
"Caspian Tern",2014,0
"Caspian Tern",2015,0
"Caspian Tern",2016,0.0103573278094252
"Caspian Tern",2017,0
"Caspian Tern",2018,0
"Caspian Tern",2019,0
"Caspian Tern",2020,0.0181708055723804
"Caspian Tern",2021,0.00687285223367698
"Caspian Tern",2022,0
"Caspian Tern",2023,0
"Caspian Tern",2024,0
"Common Tern",1999,0
"Common Tern",2000,0
"Common Tern",2001,0
"Common Tern",2002,0
"Common Tern",2003,0.00660938532716457
"Common Tern",2004,0
"Common Tern",2005,0
"Common Tern",2006,0
"Common Tern",2007,0
"Common Tern",2008,0
"Common Tern",2009,0
"Common Tern",2010,0
"Common Tern",2011,0
"Common Tern",2012,0
"Common Tern",2013,0
"Common Tern",2014,0
"Common Tern",2015,0
"Common Tern",2016,0.0102986611740474
"Common Tern",2017,0
"Common Tern",2018,0
"Common Tern",2019,0
"Common Tern",2020,0
"Common Tern",2021,0
"Common Tern",2022,0
"Common Tern",2023,0
"Common Tern",2024,0
"Forster's Tern",1999,0
"Forster's Tern",2000,0
"Forster's Tern",2001,0
"Forster's Tern",2002,0.0103573278094252
"Forster's Tern",2003,0
"Forster's Tern",2004,0
"Forster's Tern",2005,0
"Forster's Tern",2006,0
"Forster's Tern",2007,0.0274914089347079
"Forster's Tern",2008,0
"Forster's Tern",2009,0
"Forster's Tern",2010,0
"Forster's Tern",2011,0
"Forster's Tern",2012,0
"Forster's Tern",2013,0
"Forster's Tern",2014,0
"Forster's Tern",2015,0
"Forster's Tern",2016,0.0185643564356436
"Forster's Tern",2017,0
"Forster's Tern",2018,0
"Forster's Tern",2019,0
"Forster's Tern",2020,0
"Forster's Tern",2021,0
"Forster's Tern",2022,0
"Forster's Tern",2023,0
"Forster's Tern",2024,0
"Common Loon",1999,0
"Common Loon",2000,0
"Common Loon",2001,0.0241935483870968
"Common Loon",2002,0
"Common Loon",2003,0.00678886625933469
"Common Loon",2004,0
"Common Loon",2005,0
"Common Loon",2006,0
"Common Loon",2007,0.0143266475644699
"Common Loon",2008,0
"Common Loon",2009,0
"Common Loon",2010,0
"Common Loon",2011,0
"Common Loon",2012,0
"Common Loon",2013,0.00525210084033613
"Common Loon",2014,0
"Common Loon",2015,0
"Common Loon",2016,0
"Common Loon",2017,0
"Common Loon",2018,0
"Common Loon",2019,0
"Common Loon",2020,0
"Common Loon",2021,0
"Common Loon",2022,0
"Common Loon",2023,0
"Common Loon",2024,0.0077639751552795
"Double-crested Cormorant",1999,0.844155844155844
"Double-crested Cormorant",2000,0.429799426934097
"Double-crested Cormorant",2001,0.47648136835675
"Double-crested Cormorant",2002,0.823019801980198
"Double-crested Cormorant",2003,5.51181102362205
"Double-crested Cormorant",2004,1.06496272630458
"Double-crested Cormorant",2005,1.35416666666667
"Double-crested Cormorant",2006,0.735294117647059
"Double-crested Cormorant",2007,1.05716523101018
"Double-crested Cormorant",2008,1.91672174487773
"Double-crested Cormorant",2009,1.11760883690708
"Double-crested Cormorant",2010,1.02832244008715
"Double-crested Cormorant",2011,0.331168831168831
"Double-crested Cormorant",2012,0.600783630822812
"Double-crested Cormorant",2013,0.899182561307902
"Double-crested Cormorant",2014,0.248575867426204
"Double-crested Cormorant",2015,0.618055555555556
"Double-crested Cormorant",2016,1.44
"Double-crested Cormorant",2017,0.551242236024845
"Double-crested Cormorant",2018,0.193821926105391
"Double-crested Cormorant",2019,0.288659793814433
"Double-crested Cormorant",2020,3.01612903225806
"Double-crested Cormorant",2021,3.29557157569516
"Double-crested Cormorant",2022,0.305498981670061
"Double-crested Cormorant",2023,0.61241610738255
"Double-crested Cormorant",2024,0.129032258064516
"Anhinga",1999,0
"Anhinga",2000,0.00783085356303837
"Anhinga",2001,0
"Anhinga",2002,0
"Anhinga",2003,0
"Anhinga",2004,0
"Anhinga",2005,0
"Anhinga",2006,0
"Anhinga",2007,0
"Anhinga",2008,0
"Anhinga",2009,0
"Anhinga",2010,0
"Anhinga",2011,0
"Anhinga",2012,0
"Anhinga",2013,0
"Anhinga",2014,0
"Anhinga",2015,0
"Anhinga",2016,0
"Anhinga",2017,0
"Anhinga",2018,0
"Anhinga",2019,0
"Anhinga",2020,0
"Anhinga",2021,0
"Anhinga",2022,0.0078740157480315
"Anhinga",2023,0
"Anhinga",2024,0.0104166666666667
"American Bittern",1999,0
"American Bittern",2000,0
"American Bittern",2001,0
"American Bittern",2002,0
"American Bittern",2003,0
"American Bittern",2004,0
"American Bittern",2005,0
"American Bittern",2006,0
"American Bittern",2007,0
"American Bittern",2008,0
"American Bittern",2009,0.00838926174496644
"American Bittern",2010,0
"American Bittern",2011,0
"American Bittern",2012,0
"American Bittern",2013,0
"American Bittern",2014,0
"American Bittern",2015,0
"American Bittern",2016,0
"American Bittern",2017,0
"American Bittern",2018,0
"American Bittern",2019,0
"American Bittern",2020,0
"American Bittern",2021,0
"American Bittern",2022,0
"American Bittern",2023,0
"American Bittern",2024,0
"Great Blue Heron",1999,0.185483870967742
"Great Blue Heron",2000,0.895983522142121
"Great Blue Heron",2001,0.936863543788187
"Great Blue Heron",2002,2.03859060402685
"Great Blue Heron",2003,1.00806451612903
"Great Blue Heron",2004,0.811688311688312
"Great Blue Heron",2005,0.79512893982808
"Great Blue Heron",2006,1.09957238851558
"Great Blue Heron",2007,1.42326732673267
"Great Blue Heron",2008,1.78740157480315
"Great Blue Heron",2009,2.0234291799787
"Great Blue Heron",2010,0.875
"Great Blue Heron",2011,0.446428571428571
"Great Blue Heron",2012,1.2451057165231
"Great Blue Heron",2013,0.270984798413748
"Great Blue Heron",2014,0.519818063677713
"Great Blue Heron",2015,0.906318082788671
"Great Blue Heron",2016,0.75974025974026
"Great Blue Heron",2017,1.13191118850675
"Great Blue Heron",2018,0.485013623978202
"Great Blue Heron",2019,0.673226307612636
"Great Blue Heron",2020,0.881944444444444
"Great Blue Heron",2021,1.02222222222222
"Great Blue Heron",2022,0.419254658385093
"Great Blue Heron",2023,0.484554815263477
"Great Blue Heron",2024,0.563573883161512
"Great Egret",1999,0
"Great Egret",2000,0
"Great Egret",2001,0.0236220472440945
"Great Egret",2002,0.106496272630458
"Great Egret",2003,0.0104166666666667
"Great Egret",2004,0.00525210084033613
"Great Egret",2005,0.0548159749412686
"Great Egret",2006,0.00660938532716457
"Great Egret",2007,0.0649772579597141
"Great Egret",2008,0.00871459694989107
"Great Egret",2009,0.012987012987013
"Great Egret",2010,0
"Great Egret",2011,0
"Great Egret",2012,0.103573278094252
"Great Egret",2013,0.00694444444444444
"Great Egret",2014,0
"Great Egret",2015,0
"Great Egret",2016,0
"Great Egret",2017,0.0206185567010309
"Great Egret",2018,0.00806451612903226
"Great Egret",2019,0.0102986611740474
"Great Egret",2020,0.00678886625933469
"Great Egret",2021,0
"Great Egret",2022,0
"Great Egret",2023,0.0108225108225108
"Great Egret",2024,0.0501432664756447
"Snowy Egret",1999,0
"Snowy Egret",2000,0
"Snowy Egret",2001,0
"Snowy Egret",2002,0
"Snowy Egret",2003,0
"Snowy Egret",2004,0
"Snowy Egret",2005,0
"Snowy Egret",2006,0
"Snowy Egret",2007,0.0177777777777778
"Snowy Egret",2008,0
"Snowy Egret",2009,0
"Snowy Egret",2010,0
"Snowy Egret",2011,0
"Snowy Egret",2012,0
"Snowy Egret",2013,0
"Snowy Egret",2014,0
"Snowy Egret",2015,0
"Snowy Egret",2016,0
"Snowy Egret",2017,0
"Snowy Egret",2018,0
"Snowy Egret",2019,0
"Snowy Egret",2020,0
"Snowy Egret",2021,0
"Snowy Egret",2022,0
"Snowy Egret",2023,0
"Snowy Egret",2024,0
"Little Blue Heron",1999,0
"Little Blue Heron",2000,0
"Little Blue Heron",2001,0
"Little Blue Heron",2002,0
"Little Blue Heron",2003,0
"Little Blue Heron",2004,0
"Little Blue Heron",2005,0.0102986611740474
"Little Blue Heron",2006,0
"Little Blue Heron",2007,0.00838926174496644
"Little Blue Heron",2008,0
"Little Blue Heron",2009,0
"Little Blue Heron",2010,0
"Little Blue Heron",2011,0
"Little Blue Heron",2012,0
"Little Blue Heron",2013,0
"Little Blue Heron",2014,0
"Little Blue Heron",2015,0
"Little Blue Heron",2016,0
"Little Blue Heron",2017,0
"Little Blue Heron",2018,0
"Little Blue Heron",2019,0
"Little Blue Heron",2020,0
"Little Blue Heron",2021,0
"Little Blue Heron",2022,0
"Little Blue Heron",2023,0
"Little Blue Heron",2024,0
"Tricolored Heron",1999,0.00678886625933469
"Tricolored Heron",2000,0
"Tricolored Heron",2001,0
"Tricolored Heron",2002,0
"Tricolored Heron",2003,0
"Tricolored Heron",2004,0
"Tricolored Heron",2005,0
"Tricolored Heron",2006,0
"Tricolored Heron",2007,0
"Tricolored Heron",2008,0
"Tricolored Heron",2009,0
"Tricolored Heron",2010,0
"Tricolored Heron",2011,0
"Tricolored Heron",2012,0
"Tricolored Heron",2013,0
"Tricolored Heron",2014,0
"Tricolored Heron",2015,0
"Tricolored Heron",2016,0
"Tricolored Heron",2017,0
"Tricolored Heron",2018,0
"Tricolored Heron",2019,0
"Tricolored Heron",2020,0
"Tricolored Heron",2021,0
"Tricolored Heron",2022,0
"Tricolored Heron",2023,0
"Tricolored Heron",2024,0
"Cattle Egret",1999,0
"Cattle Egret",2000,0
"Cattle Egret",2001,0
"Cattle Egret",2002,0
"Cattle Egret",2003,0
"Cattle Egret",2004,0
"Cattle Egret",2005,0
"Cattle Egret",2006,0
"Cattle Egret",2007,0
"Cattle Egret",2008,0
"Cattle Egret",2009,0
"Cattle Egret",2010,0
"Cattle Egret",2011,0
"Cattle Egret",2012,0
"Cattle Egret",2013,0
"Cattle Egret",2014,0
"Cattle Egret",2015,0
"Cattle Egret",2016,0
"Cattle Egret",2017,0
"Cattle Egret",2018,0
"Cattle Egret",2019,0
"Cattle Egret",2020,0
"Cattle Egret",2021,0
"Cattle Egret",2022,0
"Cattle Egret",2023,0
"Cattle Egret",2024,0
"Green Heron",1999,0.0958605664488017
"Green Heron",2000,0.0844155844155844
"Green Heron",2001,0.0522420548541576
"Green Heron",2002,0.0871934604904632
"Green Heron",2003,0.0725012946659762
"Green Heron",2004,0.104166666666667
"Green Heron",2005,0.0711111111111111
"Green Heron",2006,0.0854037267080745
"Green Heron",2007,0.0242277407631738
"Green Heron",2008,0.0756013745704467
"Green Heron",2009,0.0806451612903226
"Green Heron",2010,0.113285272914521
"Green Heron",2011,0.108621860149355
"Green Heron",2012,0.11744966442953
"Green Heron",2013,0.0161290322580645
"Green Heron",2014,0.0432900432900433
"Green Heron",2015,0.0501432664756447
"Green Heron",2016,0.0366524129505192
"Green Heron",2017,0.0556930693069307
"Green Heron",2018,0.0866141732283465
"Green Heron",2019,0.053248136315229
"Green Heron",2020,0.09375
"Green Heron",2021,0.0892857142857143
"Green Heron",2022,0.133124510571652
"Green Heron",2023,0.0198281559814937
"Green Heron",2024,0.0649772579597141
"Black-crowned Night-Heron",1999,0
"Black-crowned Night-Heron",2000,0
"Black-crowned Night-Heron",2001,0
"Black-crowned Night-Heron",2002,0
"Black-crowned Night-Heron",2003,0
"Black-crowned Night-Heron",2004,0
"Black-crowned Night-Heron",2005,0.00838926174496644
"Black-crowned Night-Heron",2006,0
"Black-crowned Night-Heron",2007,0.00541125541125541
"Black-crowned Night-Heron",2008,0
"Black-crowned Night-Heron",2009,0
"Black-crowned Night-Heron",2010,0
"Black-crowned Night-Heron",2011,0
"Black-crowned Night-Heron",2012,0
"Black-crowned Night-Heron",2013,0
"Black-crowned Night-Heron",2014,0
"Black-crowned Night-Heron",2015,0
"Black-crowned Night-Heron",2016,0
"Black-crowned Night-Heron",2017,0
"Black-crowned Night-Heron",2018,0
"Black-crowned Night-Heron",2019,0
"Black-crowned Night-Heron",2020,0
"Black-crowned Night-Heron",2021,0
"Black-crowned Night-Heron",2022,0
"Black-crowned Night-Heron",2023,0
"Black-crowned Night-Heron",2024,0
"Yellow-crowned Night-Heron",1999,0
"Yellow-crowned Night-Heron",2000,0
"Yellow-crowned Night-Heron",2001,0
"Yellow-crowned Night-Heron",2002,0
"Yellow-crowned Night-Heron",2003,0
"Yellow-crowned Night-Heron",2004,0
"Yellow-crowned Night-Heron",2005,0.0106496272630458
"Yellow-crowned Night-Heron",2006,0.0104166666666667
"Yellow-crowned Night-Heron",2007,0
"Yellow-crowned Night-Heron",2008,0.0548159749412686
"Yellow-crowned Night-Heron",2009,0.0132187706543291
"Yellow-crowned Night-Heron",2010,0.0389863547758285
"Yellow-crowned Night-Heron",2011,0.0958605664488017
"Yellow-crowned Night-Heron",2012,0.0649350649350649
"Yellow-crowned Night-Heron",2013,0.0348280365694384
"Yellow-crowned Night-Heron",2014,0.0108991825613079
"Yellow-crowned Night-Heron",2015,0.0103573278094252
"Yellow-crowned Night-Heron",2016,0.0555555555555556
"Yellow-crowned Night-Heron",2017,0.0355555555555556
"Yellow-crowned Night-Heron",2018,0.0232919254658385
"Yellow-crowned Night-Heron",2019,0.00605693519079346
"Yellow-crowned Night-Heron",2020,0.0206185567010309
"Yellow-crowned Night-Heron",2021,0
"Yellow-crowned Night-Heron",2022,0
"Yellow-crowned Night-Heron",2023,0.0203665987780041
"Yellow-crowned Night-Heron",2024,0.0671140939597315
"White Ibis",1999,0
"White Ibis",2000,0
"White Ibis",2001,0
"White Ibis",2002,0
"White Ibis",2003,0
"White Ibis",2004,0
"White Ibis",2005,0
"White Ibis",2006,0
"White Ibis",2007,0
"White Ibis",2008,0
"White Ibis",2009,0
"White Ibis",2010,0
"White Ibis",2011,0
"White Ibis",2012,0
"White Ibis",2013,0
"White Ibis",2014,0
"White Ibis",2015,0
"White Ibis",2016,0
"White Ibis",2017,0
"White Ibis",2018,0
"White Ibis",2019,0
"White Ibis",2020,0
"White Ibis",2021,0
"White Ibis",2022,0
"White Ibis",2023,0
"White Ibis",2024,0
"GLOSSY IBIS",1999,0
"GLOSSY IBIS",2000,0
"GLOSSY IBIS",2001,0
"GLOSSY IBIS",2002,0
"GLOSSY IBIS",2003,0
"GLOSSY IBIS",2004,0
"GLOSSY IBIS",2005,0
"GLOSSY IBIS",2006,0
"GLOSSY IBIS",2007,0
"GLOSSY IBIS",2008,0
"GLOSSY IBIS",2009,0
"GLOSSY IBIS",2010,0
"GLOSSY IBIS",2011,0
"GLOSSY IBIS",2012,0
"GLOSSY IBIS",2013,0
"GLOSSY IBIS",2014,0
"GLOSSY IBIS",2015,0
"GLOSSY IBIS",2016,0
"GLOSSY IBIS",2017,0
"GLOSSY IBIS",2018,0
"GLOSSY IBIS",2019,0
"GLOSSY IBIS",2020,0.00783085356303837
"GLOSSY IBIS",2021,0
"GLOSSY IBIS",2022,0
"GLOSSY IBIS",2023,0
"GLOSSY IBIS",2024,0
"Black Vulture",1999,0.178694158075601
"Black Vulture",2000,0.330645161290323
"Black Vulture",2001,0.545829042224511
"Black Vulture",2002,0.291921249151392
"Black Vulture",2003,0.738255033557047
"Black Vulture",2004,0.241935483870968
"Black Vulture",2005,0.357142857142857
"Black Vulture",2006,0.293696275071633
"Black Vulture",2007,0.189370800244349
"Black Vulture",2008,0.501237623762376
"Black Vulture",2009,0.409448818897638
"Black Vulture",2010,0.362087326943557
"Black Vulture",2011,0.65625
"Black Vulture",2012,0.435924369747899
"Black Vulture",2013,0.360219263899765
"Black Vulture",2014,0.23132848645076
"Black Vulture",2015,0.318388564002599
"Black Vulture",2016,1.04575163398693
"Black Vulture",2017,0.461038961038961
"Black Vulture",2018,0.42664344797562
"Black Vulture",2019,0.44141689373297
"Black Vulture",2020,2.18539616778871
"Black Vulture",2021,1
"Black Vulture",2022,0.551111111111111
"Black Vulture",2023,0.566770186335404
"Black Vulture",2024,0.0969109630526953
"Turkey Vulture",1999,0.938395415472779
"Turkey Vulture",2000,0.916310323762981
"Turkey Vulture",2001,0.754950495049505
"Turkey Vulture",2002,1.36220472440945
"Turkey Vulture",2003,1.67199148029819
"Turkey Vulture",2004,1.58333333333333
"Turkey Vulture",2005,0.940126050420168
"Turkey Vulture",2006,1.20595144870791
"Turkey Vulture",2007,0.323859881031064
"Turkey Vulture",2008,0.818713450292398
"Turkey Vulture",2009,1.13289760348584
"Turkey Vulture",2010,0.538961038961039
"Turkey Vulture",2011,0.783630822812364
"Turkey Vulture",2012,0.801089918256131
"Turkey Vulture",2013,0.704298291040911
"Turkey Vulture",2014,0.534722222222222
"Turkey Vulture",2015,1.02222222222222
"Turkey Vulture",2016,1.06366459627329
"Turkey Vulture",2017,0.720775287704422
"Turkey Vulture",2018,0.419243986254296
"Turkey Vulture",2019,0.709677419354839
"Turkey Vulture",2020,2.05973223480947
"Turkey Vulture",2021,0.98438560760353
"Turkey Vulture",2022,0.830536912751678
"Turkey Vulture",2023,1.04032258064516
"Turkey Vulture",2024,0.286796536796537
"Osprey",1999,0.0391542678151919
"Osprey",2000,0.046265697290152
"Osprey",2001,0.0519818063677713
"Osprey",2002,0.0958605664488017
"Osprey",2003,0.051948051948052
"Osprey",2004,0.087070091423596
"Osprey",2005,0.136239782016349
"Osprey",2006,0.145002589331952
"Osprey",2007,0.0763888888888889
"Osprey",2008,0.106666666666667
"Osprey",2009,0.093167701863354
"Osprey",2010,0.0969109630526953
"Osprey",2011,0.0756013745704467
"Osprey",2012,0.129032258064516
"Osprey",2013,0.0617919670442842
"Osprey",2014,0.0271554650373388
"Osprey",2015,0.176174496644295
"Osprey",2016,0.241935483870968
"Osprey",2017,0.0974025974025974
"Osprey",2018,0.100286532951289
"Osprey",2019,0.134392180818571
"Osprey",2020,0.173267326732673
"Osprey",2021,0.196850393700787
"Osprey",2022,0.149094781682641
"Osprey",2023,0.15625
"Osprey",2024,0.0577731092436975
"Swallow-tailed Kite",1999,0
"Swallow-tailed Kite",2000,0
"Swallow-tailed Kite",2001,0
"Swallow-tailed Kite",2002,0
"Swallow-tailed Kite",2003,0
"Swallow-tailed Kite",2004,0
"Swallow-tailed Kite",2005,0
"Swallow-tailed Kite",2006,0
"Swallow-tailed Kite",2007,0
"Swallow-tailed Kite",2008,0
"Swallow-tailed Kite",2009,0
"Swallow-tailed Kite",2010,0
"Swallow-tailed Kite",2011,0
"Swallow-tailed Kite",2012,0
"Swallow-tailed Kite",2013,0
"Swallow-tailed Kite",2014,0
"Swallow-tailed Kite",2015,0
"Swallow-tailed Kite",2016,0
"Swallow-tailed Kite",2017,0
"Swallow-tailed Kite",2018,0
"Swallow-tailed Kite",2019,0
"Swallow-tailed Kite",2020,0.00649772579597141
"Swallow-tailed Kite",2021,0
"Swallow-tailed Kite",2022,0
"Swallow-tailed Kite",2023,0
"Swallow-tailed Kite",2024,0.00544959128065395
"Northern Harrier",1999,0
"Northern Harrier",2000,0
"Northern Harrier",2001,0
"Northern Harrier",2002,0
"Northern Harrier",2003,0
"Northern Harrier",2004,0
"Northern Harrier",2005,0
"Northern Harrier",2006,0
"Northern Harrier",2007,0.0078740157480315
"Northern Harrier",2008,0
"Northern Harrier",2009,0
"Northern Harrier",2010,0
"Northern Harrier",2011,0
"Northern Harrier",2012,0.0132187706543291
"Northern Harrier",2013,0
"Northern Harrier",2014,0
"Northern Harrier",2015,0
"Northern Harrier",2016,0
"Northern Harrier",2017,0
"Northern Harrier",2018,0
"Northern Harrier",2019,0
"Northern Harrier",2020,0
"Northern Harrier",2021,0
"Northern Harrier",2022,0
"Northern Harrier",2023,0
"Northern Harrier",2024,0
"Sharp-shinned Hawk",1999,0.0247524752475248
"Sharp-shinned Hawk",2000,0.015748031496063
"Sharp-shinned Hawk",2001,0.0212992545260916
"Sharp-shinned Hawk",2002,0.0416666666666667
"Sharp-shinned Hawk",2003,0.0210084033613445
"Sharp-shinned Hawk",2004,0
"Sharp-shinned Hawk",2005,0.00660938532716457
"Sharp-shinned Hawk",2006,0.0194931773879142
"Sharp-shinned Hawk",2007,0
"Sharp-shinned Hawk",2008,0.00649350649350649
"Sharp-shinned Hawk",2009,0
"Sharp-shinned Hawk",2010,0.00544959128065395
"Sharp-shinned Hawk",2011,0
"Sharp-shinned Hawk",2012,0.00694444444444444
"Sharp-shinned Hawk",2013,0.0355555555555556
"Sharp-shinned Hawk",2014,0.0232919254658385
"Sharp-shinned Hawk",2015,0.00605693519079346
"Sharp-shinned Hawk",2016,0
"Sharp-shinned Hawk",2017,0
"Sharp-shinned Hawk",2018,0
"Sharp-shinned Hawk",2019,0.00678886625933469
"Sharp-shinned Hawk",2020,0.0167785234899329
"Sharp-shinned Hawk",2021,0
"Sharp-shinned Hawk",2022,0.00541125541125541
"Sharp-shinned Hawk",2023,0
"Sharp-shinned Hawk",2024,0.00610873549175321
"Cooper's Hawk",1999,0.032488628979857
"Cooper's Hawk",2000,0.00871459694989107
"Cooper's Hawk",2001,0.0194805194805195
"Cooper's Hawk",2002,0.0348280365694384
"Cooper's Hawk",2003,0.0163487738419619
"Cooper's Hawk",2004,0.0207146556188503
"Cooper's Hawk",2005,0.0208333333333333
"Cooper's Hawk",2006,0.0177777777777778
"Cooper's Hawk",2007,0.015527950310559
"Cooper's Hawk",2008,0.0242277407631738
"Cooper's Hawk",2009,0.0274914089347079
"Cooper's Hawk",2010,0.032258064516129
"Cooper's Hawk",2011,0.0205973223480947
"Cooper's Hawk",2012,0.0407331975560081
"Cooper's Hawk",2013,0.0419463087248322
"Cooper's Hawk",2014,0.0403225806451613
"Cooper's Hawk",2015,0.0108225108225108
"Cooper's Hawk",2016,0.0644699140401146
"Cooper's Hawk",2017,0.0122174709835064
"Cooper's Hawk",2018,0.00618811881188119
"Cooper's Hawk",2019,0.015748031496063
"Cooper's Hawk",2020,0.0319488817891374
"Cooper's Hawk",2021,0.0520833333333333
"Cooper's Hawk",2022,0.0315126050420168
"Cooper's Hawk",2023,0.0313234142521535
"Cooper's Hawk",2024,0.00660938532716457
"Bald Eagle",1999,0.0977777777777778
"Bald Eagle",2000,0.15527950310559
"Bald Eagle",2001,0.127195639006663
"Bald Eagle",2002,0.0756013745704467
"Bald Eagle",2003,0.201612903225806
"Bald Eagle",2004,0.113285272914521
"Bald Eagle",2005,0.162932790224033
"Bald Eagle",2006,0.209731543624161
"Bald Eagle",2007,0.217741935483871
"Bald Eagle",2008,0.135281385281385
"Bald Eagle",2009,0.386819484240688
"Bald Eagle",2010,0.226023213194869
"Bald Eagle",2011,0.0495049504950495
"Bald Eagle",2012,0.102362204724409
"Bald Eagle",2013,0.0638977635782748
"Bald Eagle",2014,0.21875
"Bald Eagle",2015,0.152310924369748
"Bald Eagle",2016,0.313234142521535
"Bald Eagle",2017,0.171844018506279
"Bald Eagle",2018,0.0909681611435997
"Bald Eagle",2019,0.0958605664488017
"Bald Eagle",2020,0.123376623376623
"Bald Eagle",2021,0.20896821941663
"Bald Eagle",2022,0.114441416893733
"Bald Eagle",2023,0.165717244950803
"Bald Eagle",2024,0.0902777777777778
"Mississippi Kite",1999,0
"Mississippi Kite",2000,0
"Mississippi Kite",2001,0
"Mississippi Kite",2002,0
"Mississippi Kite",2003,0
"Mississippi Kite",2004,0
"Mississippi Kite",2005,0
"Mississippi Kite",2006,0
"Mississippi Kite",2007,0
"Mississippi Kite",2008,0
"Mississippi Kite",2009,0
"Mississippi Kite",2010,0
"Mississippi Kite",2011,0
"Mississippi Kite",2012,0
"Mississippi Kite",2013,0
"Mississippi Kite",2014,0
"Mississippi Kite",2015,0.0108991825613079
"Mississippi Kite",2016,0
"Mississippi Kite",2017,0
"Mississippi Kite",2018,0
"Mississippi Kite",2019,0
"Mississippi Kite",2020,0.00605693519079346
"Mississippi Kite",2021,0
"Mississippi Kite",2022,0
"Mississippi Kite",2023,0.0102986611740474
"Mississippi Kite",2024,0
"Red-shouldered Hawk",1999,0.276890308839191
"Red-shouldered Hawk",2000,0.447916666666667
"Red-shouldered Hawk",2001,0.16281512605042
"Red-shouldered Hawk",2002,0.33672670321065
"Red-shouldered Hawk",2003,0.277594183740912
"Red-shouldered Hawk",2004,0.123456790123457
"Red-shouldered Hawk",2005,0.435729847494553
"Red-shouldered Hawk",2006,0.214285714285714
"Red-shouldered Hawk",2007,0.191554201131911
"Red-shouldered Hawk",2008,0.136239782016349
"Red-shouldered Hawk",2009,0.196789228379078
"Red-shouldered Hawk",2010,0.104166666666667
"Red-shouldered Hawk",2011,0.373333333333333
"Red-shouldered Hawk",2012,0.225155279503106
"Red-shouldered Hawk",2013,0.236220472440945
"Red-shouldered Hawk",2014,0.199312714776632
"Red-shouldered Hawk",2015,0.338709677419355
"Red-shouldered Hawk",2016,0.370751802265705
"Red-shouldered Hawk",2017,0.251188051595384
"Red-shouldered Hawk",2018,0.276845637583893
"Red-shouldered Hawk",2019,0.241935483870968
"Red-shouldered Hawk",2020,0.227272727272727
"Red-shouldered Hawk",2021,0.515759312320917
"Red-shouldered Hawk",2022,0.372632864996946
"Red-shouldered Hawk",2023,0.185643564356436
"Red-shouldered Hawk",2024,0.181102362204724
"Broad-winged Hawk",1999,0.012987012987013
"Broad-winged Hawk",2000,0.0174140182847192
"Broad-winged Hawk",2001,0
"Broad-winged Hawk",2002,0.0103573278094252
"Broad-winged Hawk",2003,0
"Broad-winged Hawk",2004,0.00888888888888889
"Broad-winged Hawk",2005,0.0543478260869565
"Broad-winged Hawk",2006,0.00605693519079346
"Broad-winged Hawk",2007,0
"Broad-winged Hawk",2008,0.032258064516129
"Broad-winged Hawk",2009,0.0411946446961895
"Broad-winged Hawk",2010,0
"Broad-winged Hawk",2011,0.00838926174496644
"Broad-winged Hawk",2012,0.0161290322580645
"Broad-winged Hawk",2013,0.00541125541125541
"Broad-winged Hawk",2014,0.0286532951289398
"Broad-winged Hawk",2015,0
"Broad-winged Hawk",2016,0.00618811881188119
"Broad-winged Hawk",2017,0
"Broad-winged Hawk",2018,0
"Broad-winged Hawk",2019,0
"Broad-winged Hawk",2020,0.0105042016806723
"Broad-winged Hawk",2021,0.0156617071260767
"Broad-winged Hawk",2022,0.00660938532716457
"Broad-winged Hawk",2023,0.00649772579597141
"Broad-winged Hawk",2024,0
"Red-tailed Hawk",1999,0.205935796486978
"Red-tailed Hawk",2000,0.185567010309278
"Red-tailed Hawk",2001,0.338709677419355
"Red-tailed Hawk",2002,0.319258496395468
"Red-tailed Hawk",2003,0.156143923964698
"Red-tailed Hawk",2004,0.0922818791946309
"Red-tailed Hawk",2005,0.330645161290323
"Red-tailed Hawk",2006,0.20021645021645
"Red-tailed Hawk",2007,0.0931232091690544
"Red-tailed Hawk",2008,0.140500916310324
"Red-tailed Hawk",2009,0.129950495049505
"Red-tailed Hawk",2010,0.141732283464567
"Red-tailed Hawk",2011,0.223642172523962
"Red-tailed Hawk",2012,0.28125
"Red-tailed Hawk",2013,0.0840336134453781
"Red-tailed Hawk",2014,0.133124510571652
"Red-tailed Hawk",2015,0.092531394580304
"Red-tailed Hawk",2016,0.233918128654971
"Red-tailed Hawk",2017,0.191721132897603
"Red-tailed Hawk",2018,0.0779220779220779
"Red-tailed Hawk",2019,0.121898127993034
"Red-tailed Hawk",2020,0.108991825613079
"Red-tailed Hawk",2021,0.186431900569653
"Red-tailed Hawk",2022,0.145833333333333
"Red-tailed Hawk",2023,0.0622222222222222
"Red-tailed Hawk",2024,0.046583850931677
"Rough-legged Hawk",1999,0
"Rough-legged Hawk",2000,0
"Rough-legged Hawk",2001,0
"Rough-legged Hawk",2002,0
"Rough-legged Hawk",2003,0
"Rough-legged Hawk",2004,0
"Rough-legged Hawk",2005,0
"Rough-legged Hawk",2006,0
"Rough-legged Hawk",2007,0
"Rough-legged Hawk",2008,0
"Rough-legged Hawk",2009,0
"Rough-legged Hawk",2010,0
"Rough-legged Hawk",2011,0
"Rough-legged Hawk",2012,0
"Rough-legged Hawk",2013,0
"Rough-legged Hawk",2014,0
"Rough-legged Hawk",2015,0
"Rough-legged Hawk",2016,0
"Rough-legged Hawk",2017,0
"Rough-legged Hawk",2018,0
"Rough-legged Hawk",2019,0
"Rough-legged Hawk",2020,0
"Rough-legged Hawk",2021,0
"Rough-legged Hawk",2022,0
"Rough-legged Hawk",2023,0
"Rough-legged Hawk",2024,0
"Barn Owl",1999,0
"Barn Owl",2000,0
"Barn Owl",2001,0
"Barn Owl",2002,0
"Barn Owl",2003,0
"Barn Owl",2004,0
"Barn Owl",2005,0
"Barn Owl",2006,0
"Barn Owl",2007,0
"Barn Owl",2008,0
"Barn Owl",2009,0
"Barn Owl",2010,0
"Barn Owl",2011,0
"Barn Owl",2012,0
"Barn Owl",2013,0
"Barn Owl",2014,0
"Barn Owl",2015,0
"Barn Owl",2016,0
"Barn Owl",2017,0
"Barn Owl",2018,0
"Barn Owl",2019,0
"Barn Owl",2020,0
"Barn Owl",2021,0
"Barn Owl",2022,0
"Barn Owl",2023,0
"Barn Owl",2024,0
"Eastern Screech-Owl",1999,0
"Eastern Screech-Owl",2000,0.0207146556188503
"Eastern Screech-Owl",2001,0
"Eastern Screech-Owl",2002,0.0355555555555556
"Eastern Screech-Owl",2003,0
"Eastern Screech-Owl",2004,0
"Eastern Screech-Owl",2005,0.00687285223367698
"Eastern Screech-Owl",2006,0
"Eastern Screech-Owl",2007,0
"Eastern Screech-Owl",2008,0.00678886625933469
"Eastern Screech-Owl",2009,0
"Eastern Screech-Owl",2010,0
"Eastern Screech-Owl",2011,0
"Eastern Screech-Owl",2012,0.00716332378223496
"Eastern Screech-Owl",2013,0
"Eastern Screech-Owl",2014,0
"Eastern Screech-Owl",2015,0
"Eastern Screech-Owl",2016,0.0106496272630458
"Eastern Screech-Owl",2017,0.0104166666666667
"Eastern Screech-Owl",2018,0
"Eastern Screech-Owl",2019,0
"Eastern Screech-Owl",2020,0.0132187706543291
"Eastern Screech-Owl",2021,0.00649772579597141
"Eastern Screech-Owl",2022,0.00871459694989107
"Eastern Screech-Owl",2023,0.00649350649350649
"Eastern Screech-Owl",2024,0
"Great Horned Owl",1999,0
"Great Horned Owl",2000,0.0308959835221421
"Great Horned Owl",2001,0.00678886625933469
"Great Horned Owl",2002,0.0587248322147651
"Great Horned Owl",2003,0.0403225806451613
"Great Horned Owl",2004,0.0216450216450216
"Great Horned Owl",2005,0
"Great Horned Owl",2006,0.0183262064752596
"Great Horned Owl",2007,0
"Great Horned Owl",2008,0.0236220472440945
"Great Horned Owl",2009,0.0212992545260916
"Great Horned Owl",2010,0.0104166666666667
"Great Horned Owl",2011,0.00525210084033613
"Great Horned Owl",2012,0.00783085356303837
"Great Horned Owl",2013,0.00660938532716457
"Great Horned Owl",2014,0
"Great Horned Owl",2015,0.0348583877995643
"Great Horned Owl",2016,0.012987012987013
"Great Horned Owl",2017,0
"Great Horned Owl",2018,0.00544959128065395
"Great Horned Owl",2019,0.0103573278094252
"Great Horned Owl",2020,0.0138888888888889
"Great Horned Owl",2021,0.0444444444444444
"Great Horned Owl",2022,0
"Great Horned Owl",2023,0.00605693519079346
"Great Horned Owl",2024,0
"Barred Owl",1999,0.0122174709835064
"Barred Owl",2000,0.099009900990099
"Barred Owl",2001,0.031496062992126
"Barred Owl",2002,0.181043663471778
"Barred Owl",2003,0.239583333333333
"Barred Owl",2004,0.0472689075630252
"Barred Owl",2005,0.133124510571652
"Barred Owl",2006,0.092531394580304
"Barred Owl",2007,0.129954515919428
"Barred Owl",2008,0.174291938997821
"Barred Owl",2009,0.0909090909090909
"Barred Owl",2010,0.113191118850675
"Barred Owl",2011,0.0435967302452316
"Barred Owl",2012,0.165717244950803
"Barred Owl",2013,0.111111111111111
"Barred Owl",2014,0.151111111111111
"Barred Owl",2015,0.178571428571429
"Barred Owl",2016,0.078740157480315
"Barred Owl",2017,0.0962199312714777
"Barred Owl",2018,0.104838709677419
"Barred Owl",2019,0.123583934088568
"Barred Owl",2020,0.298710115410726
"Barred Owl",2021,0.427852348993289
"Barred Owl",2022,0.193548387096774
"Barred Owl",2023,0.146103896103896
"Barred Owl",2024,0.0931232091690544
"Belted Kingfisher",1999,0.0660938532716457
"Belted Kingfisher",2000,0.0454840805717999
"Belted Kingfisher",2001,0.0610021786492375
"Belted Kingfisher",2002,0.0714285714285714
"Belted Kingfisher",2003,0.0522420548541576
"Belted Kingfisher",2004,0.0272479564032698
"Belted Kingfisher",2005,0.176074572760228
"Belted Kingfisher",2006,0.0763888888888889
"Belted Kingfisher",2007,0.168888888888889
"Belted Kingfisher",2008,0.0698757763975155
"Belted Kingfisher",2009,0.0302846759539673
"Belted Kingfisher",2010,0.00687285223367698
"Belted Kingfisher",2011,0.0806451612903226
"Belted Kingfisher",2012,0.0720906282183316
"Belted Kingfisher",2013,0.0271554650373388
"Belted Kingfisher",2014,0.0335570469798658
"Belted Kingfisher",2015,0.0645161290322581
"Belted Kingfisher",2016,0.0378787878787879
"Belted Kingfisher",2017,0.0716332378223496
"Belted Kingfisher",2018,0.0183262064752596
"Belted Kingfisher",2019,0
"Belted Kingfisher",2020,0.062992125984252
"Belted Kingfisher",2021,0.0851970181043663
"Belted Kingfisher",2022,0.0520833333333333
"Belted Kingfisher",2023,0.0420168067226891
"Belted Kingfisher",2024,0.0548159749412686
"Red-headed Woodpecker",1999,0.0486111111111111
"Red-headed Woodpecker",2000,0.0888888888888889
"Red-headed Woodpecker",2001,0.194099378881988
"Red-headed Woodpecker",2002,0.248334342822532
"Red-headed Woodpecker",2003,0.199312714776632
"Red-headed Woodpecker",2004,0.120967741935484
"Red-headed Woodpecker",2005,0.164778578784758
"Red-headed Woodpecker",2006,0.156143923964698
"Red-headed Woodpecker",2007,0.192953020134228
"Red-headed Woodpecker",2008,0.201612903225806
"Red-headed Woodpecker",2009,0.0974025974025974
"Red-headed Woodpecker",2010,0.136103151862464
"Red-headed Woodpecker",2011,0.0916310323762981
"Red-headed Woodpecker",2012,0.185643564356436
"Red-headed Woodpecker",2013,0.118110236220472
"Red-headed Woodpecker",2014,0.191693290734824
"Red-headed Woodpecker",2015,0.15625
"Red-headed Woodpecker",2016,0.0682773109243697
"Red-headed Woodpecker",2017,0.101801096319499
"Red-headed Woodpecker",2018,0.118968935888962
"Red-headed Woodpecker",2019,0.116959064327485
"Red-headed Woodpecker",2020,0.444444444444444
"Red-headed Woodpecker",2021,0.279220779220779
"Red-headed Woodpecker",2022,0.174140182847192
"Red-headed Woodpecker",2023,0.108991825613079
"Red-headed Woodpecker",2024,0.134645261522527
"Red-bellied Woodpecker",1999,0.862186014935506
"Red-bellied Woodpecker",2000,1.69463087248322
"Red-bellied Woodpecker",2001,1.37903225806452
"Red-bellied Woodpecker",2002,1.2987012987013
"Red-bellied Woodpecker",2003,2.12034383954155
"Red-bellied Woodpecker",2004,1.08124618204032
"Red-bellied Woodpecker",2005,1.26856435643564
"Red-bellied Woodpecker",2006,1.51968503937008
"Red-bellied Woodpecker",2007,1.94888178913738
"Red-bellied Woodpecker",2008,1.67708333333333
"Red-bellied Woodpecker",2009,0.908613445378151
"Red-bellied Woodpecker",2010,1.36256851996868
"Red-bellied Woodpecker",2011,1.24256444150694
"Red-bellied Woodpecker",2012,1.19558154645874
"Red-bellied Woodpecker",2013,1.03703703703704
"Red-bellied Woodpecker",2014,1.41558441558442
"Red-bellied Woodpecker",2015,1.54114061819765
"Red-bellied Woodpecker",2016,0.73024523160763
"Red-bellied Woodpecker",2017,1.46038322112895
"Red-bellied Woodpecker",2018,1.13888888888889
"Red-bellied Woodpecker",2019,1.25333333333333
"Red-bellied Woodpecker",2020,1.94875776397516
"Red-bellied Woodpecker",2021,1.52029073288916
"Red-bellied Woodpecker",2022,1.07903780068729
"Red-bellied Woodpecker",2023,1.2741935483871
"Red-bellied Woodpecker",2024,1.20494335736354
"Yellow-bellied Sapsucker",1999,0.0078740157480315
"Yellow-bellied Sapsucker",2000,0.0106496272630458
"Yellow-bellied Sapsucker",2001,0.0104166666666667
"Yellow-bellied Sapsucker",2002,0
"Yellow-bellied Sapsucker",2003,0
"Yellow-bellied Sapsucker",2004,0
"Yellow-bellied Sapsucker",2005,0.00649772579597141
"Yellow-bellied Sapsucker",2006,0
"Yellow-bellied Sapsucker",2007,0
"Yellow-bellied Sapsucker",2008,0
"Yellow-bellied Sapsucker",2009,0
"Yellow-bellied Sapsucker",2010,0
"Yellow-bellied Sapsucker",2011,0
"Yellow-bellied Sapsucker",2012,0.00888888888888889
"Yellow-bellied Sapsucker",2013,0
"Yellow-bellied Sapsucker",2014,0
"Yellow-bellied Sapsucker",2015,0
"Yellow-bellied Sapsucker",2016,0
"Yellow-bellied Sapsucker",2017,0
"Yellow-bellied Sapsucker",2018,0
"Yellow-bellied Sapsucker",2019,0
"Yellow-bellied Sapsucker",2020,0
"Yellow-bellied Sapsucker",2021,0
"Yellow-bellied Sapsucker",2022,0
"Yellow-bellied Sapsucker",2023,0
"Yellow-bellied Sapsucker",2024,0
"Downy Woodpecker",1999,0.348583877995643
"Downy Woodpecker",2000,0.551948051948052
"Downy Woodpecker",2001,0.487592511972138
"Downy Woodpecker",2002,0.555858310626703
"Downy Woodpecker",2003,0.859658208182289
"Downy Woodpecker",2004,0.361111111111111
"Downy Woodpecker",2005,0.524444444444444
"Downy Woodpecker",2006,0.597826086956522
"Downy Woodpecker",2007,0.47244094488189
"Downy Woodpecker",2008,0.36426116838488
"Downy Woodpecker",2009,0.5
"Downy Woodpecker",2010,0.597322348094747
"Downy Woodpecker",2011,0.373387644263408
"Downy Woodpecker",2012,0.813758389261745
"Downy Woodpecker",2013,0.467741935483871
"Downy Woodpecker",2014,0.432900432900433
"Downy Woodpecker",2015,0.587392550143267
"Downy Woodpecker",2016,0.378741600488699
"Downy Woodpecker",2017,0.445544554455446
"Downy Woodpecker",2018,0.440944881889764
"Downy Woodpecker",2019,0.564430244941427
"Downy Woodpecker",2020,1.41666666666667
"Downy Woodpecker",2021,0.667016806722689
"Downy Woodpecker",2022,0.712607674236492
"Downy Woodpecker",2023,0.588235294117647
"Downy Woodpecker",2024,0.50682261208577
"Hairy Woodpecker",1999,0.108695652173913
"Hairy Woodpecker",2000,0.115081768625076
"Hairy Woodpecker",2001,0.123711340206186
"Hairy Woodpecker",2002,0.153225806451613
"Hairy Woodpecker",2003,0.257466529351184
"Hairy Woodpecker",2004,0.0814663951120163
"Hairy Woodpecker",2005,0.167785234899329
"Hairy Woodpecker",2006,0.137096774193548
"Hairy Woodpecker",2007,0.108225108225108
"Hairy Woodpecker",2008,0.0787965616045845
"Hairy Woodpecker",2009,0.0488698839340257
"Hairy Woodpecker",2010,0.0680693069306931
"Hairy Woodpecker",2011,0.0708661417322835
"Hairy Woodpecker",2012,0.12779552715655
"Hairy Woodpecker",2013,0.114583333333333
"Hairy Woodpecker",2014,0.0892857142857143
"Hairy Woodpecker",2015,0.0939702427564604
"Hairy Woodpecker",2016,0.0594844679444812
"Hairy Woodpecker",2017,0.0519818063677713
"Hairy Woodpecker",2018,0.104575163398693
"Hairy Woodpecker",2019,0.0454545454545455
"Hairy Woodpecker",2020,0.235089246843709
"Hairy Woodpecker",2021,0.114441416893733
"Hairy Woodpecker",2022,0.145002589331952
"Hairy Woodpecker",2023,0.118055555555556
"Hairy Woodpecker",2024,0.08
"Northern ""Yellow-shafted"" Flicker",1999,0.217741935483871
"Northern ""Yellow-shafted"" Flicker",2000,0.151515151515152
"Northern ""Yellow-shafted"" Flicker",2001,0.222063037249284
"Northern ""Yellow-shafted"" Flicker",2002,0.262675626145388
"Northern ""Yellow-shafted"" Flicker",2003,0.253712871287129
"Northern ""Yellow-shafted"" Flicker",2004,0.188976377952756
"Northern ""Yellow-shafted"" Flicker",2005,0.40468583599574
"Northern ""Yellow-shafted"" Flicker",2006,0.166666666666667
"Northern ""Yellow-shafted"" Flicker",2007,0.105042016806723
"Northern ""Yellow-shafted"" Flicker",2008,0.117462803445576
"Northern ""Yellow-shafted"" Flicker",2009,0.0727032385988103
"Northern ""Yellow-shafted"" Flicker",2010,0.110461338531514
"Northern ""Yellow-shafted"" Flicker",2011,0.148148148148148
"Northern ""Yellow-shafted"" Flicker",2012,0.123376623376623
"Northern ""Yellow-shafted"" Flicker",2013,0.104484109708315
"Northern ""Yellow-shafted"" Flicker",2014,0.136239782016349
"Northern ""Yellow-shafted"" Flicker",2015,0.0932159502848265
"Northern ""Yellow-shafted"" Flicker",2016,0.0833333333333333
"Northern ""Yellow-shafted"" Flicker",2017,0.0888888888888889
"Northern ""Yellow-shafted"" Flicker",2018,0.093167701863354
"Northern ""Yellow-shafted"" Flicker",2019,0.0726832222895215
"Northern ""Yellow-shafted"" Flicker",2020,0.109965635738832
"Northern ""Yellow-shafted"" Flicker",2021,0.0887096774193548
"Northern ""Yellow-shafted"" Flicker",2022,0.082389289392379
"Northern ""Yellow-shafted"" Flicker",2023,0.0610997963340122
"Northern ""Yellow-shafted"" Flicker",2024,0.0503355704697987
"Pileated Woodpecker",1999,0.114583333333333
"Pileated Woodpecker",2000,0.126050420168067
"Pileated Woodpecker",2001,0.164447924823806
"Pileated Woodpecker",2002,0.218109715796431
"Pileated Woodpecker",2003,0.162443144899285
"Pileated Woodpecker",2004,0.183006535947712
"Pileated Woodpecker",2005,0.149350649350649
"Pileated Woodpecker",2006,0.191554201131911
"Pileated Woodpecker",2007,0.185286103542234
"Pileated Woodpecker",2008,0.186431900569653
"Pileated Woodpecker",2009,0.215277777777778
"Pileated Woodpecker",2010,0.186666666666667
"Pileated Woodpecker",2011,0.16304347826087
"Pileated Woodpecker",2012,0.169594185342217
"Pileated Woodpecker",2013,0.0824742268041237
"Pileated Woodpecker",2014,0.193548387096774
"Pileated Woodpecker",2015,0.267765190525232
"Pileated Woodpecker",2016,0.128988458927359
"Pileated Woodpecker",2017,0.201342281879195
"Pileated Woodpecker",2018,0.185483870967742
"Pileated Woodpecker",2019,0.0757575757575758
"Pileated Woodpecker",2020,0.265042979942693
"Pileated Woodpecker",2021,0.195479535736103
"Pileated Woodpecker",2022,0.0804455445544554
"Pileated Woodpecker",2023,0.188976377952756
"Pileated Woodpecker",2024,0.191693290734824
"American Kestrel",1999,0.0087070091423596
"American Kestrel",2000,0
"American Kestrel",2001,0
"American Kestrel",2002,0.00694444444444444
"American Kestrel",2003,0.00888888888888889
"American Kestrel",2004,0.0077639751552795
"American Kestrel",2005,0
"American Kestrel",2006,0
"American Kestrel",2007,0
"American Kestrel",2008,0
"American Kestrel",2009,0
"American Kestrel",2010,0
"American Kestrel",2011,0.0161290322580645
"American Kestrel",2012,0
"American Kestrel",2013,0
"American Kestrel",2014,0
"American Kestrel",2015,0
"American Kestrel",2016,0
"American Kestrel",2017,0
"American Kestrel",2018,0
"American Kestrel",2019,0
"American Kestrel",2020,0.00783085356303837
"American Kestrel",2021,0.00660938532716457
"American Kestrel",2022,0
"American Kestrel",2023,0
"American Kestrel",2024,0
"Merlin",1999,0
"Merlin",2000,0
"Merlin",2001,0
"Merlin",2002,0
"Merlin",2003,0
"Merlin",2004,0
"Merlin",2005,0
"Merlin",2006,0
"Merlin",2007,0
"Merlin",2008,0
"Merlin",2009,0
"Merlin",2010,0
"Merlin",2011,0
"Merlin",2012,0
"Merlin",2013,0
"Merlin",2014,0
"Merlin",2015,0
"Merlin",2016,0
"Merlin",2017,0
"Merlin",2018,0
"Merlin",2019,0
"Merlin",2020,0
"Merlin",2021,0
"Merlin",2022,0
"Merlin",2023,0
"Merlin",2024,0
"Peregrine Falcon",1999,0
"Peregrine Falcon",2000,0
"Peregrine Falcon",2001,0
"Peregrine Falcon",2002,0
"Peregrine Falcon",2003,0
"Peregrine Falcon",2004,0
"Peregrine Falcon",2005,0
"Peregrine Falcon",2006,0
"Peregrine Falcon",2007,0
"Peregrine Falcon",2008,0
"Peregrine Falcon",2009,0
"Peregrine Falcon",2010,0
"Peregrine Falcon",2011,0
"Peregrine Falcon",2012,0
"Peregrine Falcon",2013,0
"Peregrine Falcon",2014,0
"Peregrine Falcon",2015,0
"Peregrine Falcon",2016,0
"Peregrine Falcon",2017,0
"Peregrine Falcon",2018,0.00687285223367698
"Peregrine Falcon",2019,0
"Peregrine Falcon",2020,0
"Peregrine Falcon",2021,0
"Peregrine Falcon",2022,0
"Peregrine Falcon",2023,0
"Peregrine Falcon",2024,0
"Great Crested Flycatcher",1999,0.281910728269381
"Great Crested Flycatcher",2000,0.46265697290152
"Great Crested Flycatcher",2001,0.441845354126056
"Great Crested Flycatcher",2002,0.662309368191721
"Great Crested Flycatcher",2003,0.5
"Great Crested Flycatcher",2004,0.583369612538093
"Great Crested Flycatcher",2005,0.435967302452316
"Great Crested Flycatcher",2006,1.11859140341792
"Great Crested Flycatcher",2007,0.548611111111111
"Great Crested Flycatcher",2008,0.631111111111111
"Great Crested Flycatcher",2009,0.854037267080745
"Great Crested Flycatcher",2010,0.351302241066021
"Great Crested Flycatcher",2011,0.556701030927835
"Great Crested Flycatcher",2012,0.790322580645161
"Great Crested Flycatcher",2013,0.453141091658084
"Great Crested Flycatcher",2014,0.6653088934148
"Great Crested Flycatcher",2015,0.906040268456376
"Great Crested Flycatcher",2016,0.588709677419355
"Great Crested Flycatcher",2017,0.443722943722944
"Great Crested Flycatcher",2018,0.601719197707736
"Great Crested Flycatcher",2019,0.623091020158827
"Great Crested Flycatcher",2020,0.742574257425743
"Great Crested Flycatcher",2021,1.06299212598425
"Great Crested Flycatcher",2022,0.926517571884984
"Great Crested Flycatcher",2023,1.3125
"Great Crested Flycatcher",2024,0.514705882352941
"Eastern Kingbird",1999,0.528223718280684
"Eastern Kingbird",2000,0.472222222222222
"Eastern Kingbird",2001,0.533333333333333
"Eastern Kingbird",2002,0.442546583850932
"Eastern Kingbird",2003,0.242277407631738
"Eastern Kingbird",2004,0.281786941580756
"Eastern Kingbird",2005,0.306451612903226
"Eastern Kingbird",2006,0.535530381050463
"Eastern Kingbird",2007,0.264765784114053
"Eastern Kingbird",2008,0.285234899328859
"Eastern Kingbird",2009,0.217741935483871
"Eastern Kingbird",2010,0.140692640692641
"Eastern Kingbird",2011,0.150429799426934
"Eastern Kingbird",2012,0.146609651802077
"Eastern Kingbird",2013,0.099009900990099
"Eastern Kingbird",2014,0.149606299212598
"Eastern Kingbird",2015,0.255591054313099
"Eastern Kingbird",2016,0.291666666666667
"Eastern Kingbird",2017,0.078781512605042
"Eastern Kingbird",2018,0.0939702427564604
"Eastern Kingbird",2019,0.132187706543291
"Eastern Kingbird",2020,0.376868096166342
"Eastern Kingbird",2021,0.427015250544662
"Eastern Kingbird",2022,0.116883116883117
"Eastern Kingbird",2023,0.165433173704832
"Eastern Kingbird",2024,0.168937329700272
"Olive-sided Flycatcher",1999,0
"Olive-sided Flycatcher",2000,0.00678886625933469
"Olive-sided Flycatcher",2001,0
"Olive-sided Flycatcher",2002,0
"Olive-sided Flycatcher",2003,0
"Olive-sided Flycatcher",2004,0
"Olive-sided Flycatcher",2005,0
"Olive-sided Flycatcher",2006,0
"Olive-sided Flycatcher",2007,0
"Olive-sided Flycatcher",2008,0
"Olive-sided Flycatcher",2009,0
"Olive-sided Flycatcher",2010,0
"Olive-sided Flycatcher",2011,0
"Olive-sided Flycatcher",2012,0
"Olive-sided Flycatcher",2013,0
"Olive-sided Flycatcher",2014,0
"Olive-sided Flycatcher",2015,0
"Olive-sided Flycatcher",2016,0
"Olive-sided Flycatcher",2017,0
"Olive-sided Flycatcher",2018,0
"Olive-sided Flycatcher",2019,0
"Olive-sided Flycatcher",2020,0
"Olive-sided Flycatcher",2021,0
"Olive-sided Flycatcher",2022,0
"Olive-sided Flycatcher",2023,0
"Olive-sided Flycatcher",2024,0
"Eastern Wood-Pewee",1999,0.0433168316831683
"Eastern Wood-Pewee",2000,0.52755905511811
"Eastern Wood-Pewee",2001,0.255591054313099
"Eastern Wood-Pewee",2002,0.885416666666667
"Eastern Wood-Pewee",2003,0.136554621848739
"Eastern Wood-Pewee",2004,0.38371182458888
"Eastern Wood-Pewee",2005,0.112359550561798
"Eastern Wood-Pewee",2006,0.383365821962313
"Eastern Wood-Pewee",2007,0.122004357298475
"Eastern Wood-Pewee",2008,0.0909090909090909
"Eastern Wood-Pewee",2009,0.156726164562473
"Eastern Wood-Pewee",2010,0.0817438692098093
"Eastern Wood-Pewee",2011,0.362506473329881
"Eastern Wood-Pewee",2012,0.284722222222222
"Eastern Wood-Pewee",2013,0.257777777777778
"Eastern Wood-Pewee",2014,0.450310559006211
"Eastern Wood-Pewee",2015,0.260448213204119
"Eastern Wood-Pewee",2016,0.336769759450172
"Eastern Wood-Pewee",2017,0.540322580645161
"Eastern Wood-Pewee",2018,0.617919670442842
"Eastern Wood-Pewee",2019,0.414120841819416
"Eastern Wood-Pewee",2020,0.453020134228188
"Eastern Wood-Pewee",2021,0.419354838709677
"Eastern Wood-Pewee",2022,0.232683982683983
"Eastern Wood-Pewee",2023,0.351002865329513
"Eastern Wood-Pewee",2024,0.213805742211362
"Yellow-bellied Flycatcher",1999,0
"Yellow-bellied Flycatcher",2000,0
"Yellow-bellied Flycatcher",2001,0
"Yellow-bellied Flycatcher",2002,0
"Yellow-bellied Flycatcher",2003,0
"Yellow-bellied Flycatcher",2004,0
"Yellow-bellied Flycatcher",2005,0
"Yellow-bellied Flycatcher",2006,0
"Yellow-bellied Flycatcher",2007,0
"Yellow-bellied Flycatcher",2008,0
"Yellow-bellied Flycatcher",2009,0
"Yellow-bellied Flycatcher",2010,0
"Yellow-bellied Flycatcher",2011,0
"Yellow-bellied Flycatcher",2012,0
"Yellow-bellied Flycatcher",2013,0
"Yellow-bellied Flycatcher",2014,0
"Yellow-bellied Flycatcher",2015,0
"Yellow-bellied Flycatcher",2016,0
"Yellow-bellied Flycatcher",2017,0
"Yellow-bellied Flycatcher",2018,0
"Yellow-bellied Flycatcher",2019,0
"Yellow-bellied Flycatcher",2020,0
"Yellow-bellied Flycatcher",2021,0
"Yellow-bellied Flycatcher",2022,0
"Yellow-bellied Flycatcher",2023,0
"Yellow-bellied Flycatcher",2024,0
"Acadian Flycatcher",1999,0.151111111111111
"Acadian Flycatcher",2000,0.434782608695652
"Acadian Flycatcher",2001,0.284675953967293
"Acadian Flycatcher",2002,0.439862542955326
"Acadian Flycatcher",2003,0.596774193548387
"Acadian Flycatcher",2004,0.803295571575695
"Acadian Flycatcher",2005,0.230821452817379
"Acadian Flycatcher",2006,0.738255033557047
"Acadian Flycatcher",2007,0.25
"Acadian Flycatcher",2008,0.227272727272727
"Acadian Flycatcher",2009,0.487106017191977
"Acadian Flycatcher",2010,0.213805742211362
"Acadian Flycatcher",2011,0.396039603960396
"Acadian Flycatcher",2012,0.598425196850394
"Acadian Flycatcher",2013,0.670926517571885
"Acadian Flycatcher",2014,0.75
"Acadian Flycatcher",2015,0.420168067226891
"Acadian Flycatcher",2016,0.438527799530149
"Acadian Flycatcher",2017,0.53536021150033
"Acadian Flycatcher",2018,0.695256660168941
"Acadian Flycatcher",2019,0.627450980392157
"Acadian Flycatcher",2020,0.720779220779221
"Acadian Flycatcher",2021,0.548541575968655
"Acadian Flycatcher",2022,0.49591280653951
"Acadian Flycatcher",2023,0.90108751941999
"Acadian Flycatcher",2024,0.326388888888889
"WILLOW FLYCATCHER",1999,0
"WILLOW FLYCATCHER",2000,0
"WILLOW FLYCATCHER",2001,0
"WILLOW FLYCATCHER",2002,0
"WILLOW FLYCATCHER",2003,0
"WILLOW FLYCATCHER",2004,0
"WILLOW FLYCATCHER",2005,0
"WILLOW FLYCATCHER",2006,0
"WILLOW FLYCATCHER",2007,0
"WILLOW FLYCATCHER",2008,0
"WILLOW FLYCATCHER",2009,0
"WILLOW FLYCATCHER",2010,0
"WILLOW FLYCATCHER",2011,0
"WILLOW FLYCATCHER",2012,0
"WILLOW FLYCATCHER",2013,0
"WILLOW FLYCATCHER",2014,0
"WILLOW FLYCATCHER",2015,0
"WILLOW FLYCATCHER",2016,0
"WILLOW FLYCATCHER",2017,0.00694444444444444
"WILLOW FLYCATCHER",2018,0
"WILLOW FLYCATCHER",2019,0
"WILLOW FLYCATCHER",2020,0
"WILLOW FLYCATCHER",2021,0
"WILLOW FLYCATCHER",2022,0
"WILLOW FLYCATCHER",2023,0
"WILLOW FLYCATCHER",2024,0
"Least Flycatcher",1999,0
"Least Flycatcher",2000,0
"Least Flycatcher",2001,0
"Least Flycatcher",2002,0
"Least Flycatcher",2003,0
"Least Flycatcher",2004,0
"Least Flycatcher",2005,0
"Least Flycatcher",2006,0
"Least Flycatcher",2007,0
"Least Flycatcher",2008,0
"Least Flycatcher",2009,0
"Least Flycatcher",2010,0
"Least Flycatcher",2011,0
"Least Flycatcher",2012,0
"Least Flycatcher",2013,0
"Least Flycatcher",2014,0
"Least Flycatcher",2015,0
"Least Flycatcher",2016,0
"Least Flycatcher",2017,0
"Least Flycatcher",2018,0
"Least Flycatcher",2019,0
"Least Flycatcher",2020,0
"Least Flycatcher",2021,0
"Least Flycatcher",2022,0
"Least Flycatcher",2023,0
"Least Flycatcher",2024,0
"Eastern Phoebe",1999,0.253246753246753
"Eastern Phoebe",2000,0.243796255986069
"Eastern Phoebe",2001,0.228882833787466
"Eastern Phoebe",2002,0.849300880372864
"Eastern Phoebe",2003,0.215277777777778
"Eastern Phoebe",2004,0.222222222222222
"Eastern Phoebe",2005,0.256211180124224
"Eastern Phoebe",2006,0.321017565112053
"Eastern Phoebe",2007,0.350515463917526
"Eastern Phoebe",2008,0.403225806451613
"Eastern Phoebe",2009,0.576725025746653
"Eastern Phoebe",2010,0.196877121520706
"Eastern Phoebe",2011,0.478187919463087
"Eastern Phoebe",2012,0.379032258064516
"Eastern Phoebe",2013,0.319264069264069
"Eastern Phoebe",2014,0.329512893982808
"Eastern Phoebe",2015,0.116065974343311
"Eastern Phoebe",2016,0.253712871287129
"Eastern Phoebe",2017,0.362204724409449
"Eastern Phoebe",2018,0.351437699680511
"Eastern Phoebe",2019,0.21875
"Eastern Phoebe",2020,0.262605042016807
"Eastern Phoebe",2021,0.493343774471417
"Eastern Phoebe",2022,0.237937871777925
"Eastern Phoebe",2023,0.357374918778428
"Eastern Phoebe",2024,0.261437908496732
"Loggerhead Shrike",1999,0
"Loggerhead Shrike",2000,0
"Loggerhead Shrike",2001,0
"Loggerhead Shrike",2002,0
"Loggerhead Shrike",2003,0
"Loggerhead Shrike",2004,0
"Loggerhead Shrike",2005,0
"Loggerhead Shrike",2006,0
"Loggerhead Shrike",2007,0
"Loggerhead Shrike",2008,0
"Loggerhead Shrike",2009,0
"Loggerhead Shrike",2010,0
"Loggerhead Shrike",2011,0
"Loggerhead Shrike",2012,0
"Loggerhead Shrike",2013,0
"Loggerhead Shrike",2014,0
"Loggerhead Shrike",2015,0
"Loggerhead Shrike",2016,0
"Loggerhead Shrike",2017,0
"Loggerhead Shrike",2018,0
"Loggerhead Shrike",2019,0
"Loggerhead Shrike",2020,0
"Loggerhead Shrike",2021,0
"Loggerhead Shrike",2022,0
"Loggerhead Shrike",2023,0
"Loggerhead Shrike",2024,0
"White-eyed Vireo",1999,0.205627705627706
"White-eyed Vireo",2000,0.236389684813754
"White-eyed Vireo",2001,0.122174709835064
"White-eyed Vireo",2002,0.321782178217822
"White-eyed Vireo",2003,0.275590551181102
"White-eyed Vireo",2004,0.276890308839191
"White-eyed Vireo",2005,0.364583333333333
"White-eyed Vireo",2006,0.23109243697479
"White-eyed Vireo",2007,0.164447924823806
"White-eyed Vireo",2008,0.264375413086583
"White-eyed Vireo",2009,0.227420402858999
"White-eyed Vireo",2010,0.305010893246187
"White-eyed Vireo",2011,0.149350649350649
"White-eyed Vireo",2012,0.287331301697867
"White-eyed Vireo",2013,0.0926430517711172
"White-eyed Vireo",2014,0.30036250647333
"White-eyed Vireo",2015,0.243055555555556
"White-eyed Vireo",2016,0.373333333333333
"White-eyed Vireo",2017,0.170807453416149
"White-eyed Vireo",2018,0.260448213204119
"White-eyed Vireo",2019,0.213058419243986
"White-eyed Vireo",2020,0.67741935483871
"White-eyed Vireo",2021,0.998970133882595
"White-eyed Vireo",2022,0.373387644263408
"White-eyed Vireo",2023,0.763422818791946
"White-eyed Vireo",2024,0.629032258064516
"Yellow-throated Vireo",1999,0.0262605042016807
"Yellow-throated Vireo",2000,0.140955364134691
"Yellow-throated Vireo",2001,0.132187706543291
"Yellow-throated Vireo",2002,0.162443144899285
"Yellow-throated Vireo",2003,0.174291938997821
"Yellow-throated Vireo",2004,0.155844155844156
"Yellow-throated Vireo",2005,0.261210274270788
"Yellow-throated Vireo",2006,0.0980926430517711
"Yellow-throated Vireo",2007,0.145002589331952
"Yellow-throated Vireo",2008,0.0555555555555556
"Yellow-throated Vireo",2009,0.08
"Yellow-throated Vireo",2010,0.147515527950311
"Yellow-throated Vireo",2011,0.078740157480315
"Yellow-throated Vireo",2012,0.0893470790378007
"Yellow-throated Vireo",2013,0.0483870967741935
"Yellow-throated Vireo",2014,0.144181256436663
"Yellow-throated Vireo",2015,0.0678886625933469
"Yellow-throated Vireo",2016,0.0587248322147651
"Yellow-throated Vireo",2017,0.0887096774193548
"Yellow-throated Vireo",2018,0.0757575757575758
"Yellow-throated Vireo",2019,0.0573065902578797
"Yellow-throated Vireo",2020,0.146609651802077
"Yellow-throated Vireo",2021,0.129950495049505
"Yellow-throated Vireo",2022,0.110236220472441
"Yellow-throated Vireo",2023,0.234291799787007
"Yellow-throated Vireo",2024,0.177083333333333
"Blue-headed Vireo",1999,0.00544959128065395
"Blue-headed Vireo",2000,0.0414293112377007
"Blue-headed Vireo",2001,0.0486111111111111
"Blue-headed Vireo",2002,0.115555555555556
"Blue-headed Vireo",2003,0.0698757763975155
"Blue-headed Vireo",2004,0.0545124167171411
"Blue-headed Vireo",2005,0.0481099656357388
"Blue-headed Vireo",2006,0.0645161290322581
"Blue-headed Vireo",2007,0.0102986611740474
"Blue-headed Vireo",2008,0.0135777325186694
"Blue-headed Vireo",2009,0.0335570469798658
"Blue-headed Vireo",2010,0.0645161290322581
"Blue-headed Vireo",2011,0.0162337662337662
"Blue-headed Vireo",2012,0.0286532951289398
"Blue-headed Vireo",2013,0.00610873549175321
"Blue-headed Vireo",2014,0.0618811881188119
"Blue-headed Vireo",2015,0.031496062992126
"Blue-headed Vireo",2016,0.053248136315229
"Blue-headed Vireo",2017,0
"Blue-headed Vireo",2018,0.0262605042016807
"Blue-headed Vireo",2019,0.0548159749412686
"Blue-headed Vireo",2020,0.0198281559814937
"Blue-headed Vireo",2021,0.0974658869395711
"Blue-headed Vireo",2022,0
"Blue-headed Vireo",2023,0
"Blue-headed Vireo",2024,0
"Philadelphia Vireo",1999,0
"Philadelphia Vireo",2000,0
"Philadelphia Vireo",2001,0
"Philadelphia Vireo",2002,0
"Philadelphia Vireo",2003,0
"Philadelphia Vireo",2004,0
"Philadelphia Vireo",2005,0
"Philadelphia Vireo",2006,0
"Philadelphia Vireo",2007,0
"Philadelphia Vireo",2008,0
"Philadelphia Vireo",2009,0
"Philadelphia Vireo",2010,0
"Philadelphia Vireo",2011,0
"Philadelphia Vireo",2012,0
"Philadelphia Vireo",2013,0
"Philadelphia Vireo",2014,0
"Philadelphia Vireo",2015,0
"Philadelphia Vireo",2016,0
"Philadelphia Vireo",2017,0
"Philadelphia Vireo",2018,0
"Philadelphia Vireo",2019,0
"Philadelphia Vireo",2020,0
"Philadelphia Vireo",2021,0
"Philadelphia Vireo",2022,0
"Philadelphia Vireo",2023,0
"Philadelphia Vireo",2024,0
"Warbling Vireo",1999,0
"Warbling Vireo",2000,0
"Warbling Vireo",2001,0
"Warbling Vireo",2002,0
"Warbling Vireo",2003,0
"Warbling Vireo",2004,0
"Warbling Vireo",2005,0
"Warbling Vireo",2006,0
"Warbling Vireo",2007,0
"Warbling Vireo",2008,0
"Warbling Vireo",2009,0
"Warbling Vireo",2010,0
"Warbling Vireo",2011,0
"Warbling Vireo",2012,0
"Warbling Vireo",2013,0
"Warbling Vireo",2014,0
"Warbling Vireo",2015,0
"Warbling Vireo",2016,0
"Warbling Vireo",2017,0
"Warbling Vireo",2018,0
"Warbling Vireo",2019,0
"Warbling Vireo",2020,0.00678886625933469
"Warbling Vireo",2021,0
"Warbling Vireo",2022,0
"Warbling Vireo",2023,0
"Warbling Vireo",2024,0
"Red-eyed Vireo",1999,1.3813615333774
"Red-eyed Vireo",2000,2.74204028589994
"Red-eyed Vireo",2001,2.94553376906318
"Red-eyed Vireo",2002,2.2012987012987
"Red-eyed Vireo",2003,3.04745319982586
"Red-eyed Vireo",2004,1.42779291553134
"Red-eyed Vireo",2005,3.58363542206111
"Red-eyed Vireo",2006,1.89583333333333
"Red-eyed Vireo",2007,1.68
"Red-eyed Vireo",2008,1.94875776397516
"Red-eyed Vireo",2009,1.59903089036947
"Red-eyed Vireo",2010,1.68384879725086
"Red-eyed Vireo",2011,1.79032258064516
"Red-eyed Vireo",2012,2.11122554067971
"Red-eyed Vireo",2013,1.00475220638153
"Red-eyed Vireo",2014,1.71979865771812
"Red-eyed Vireo",2015,1.31451612903226
"Red-eyed Vireo",2016,0.806277056277056
"Red-eyed Vireo",2017,1.46848137535817
"Red-eyed Vireo",2018,1.19120342089188
"Red-eyed Vireo",2019,1.18193069306931
"Red-eyed Vireo",2020,2.94488188976378
"Red-eyed Vireo",2021,3.24813631522897
"Red-eyed Vireo",2022,2.36458333333333
"Red-eyed Vireo",2023,1.18697478991597
"Red-eyed Vireo",2024,1.48786217697729
"Blue Jay",1999,0.951388888888889
"Blue Jay",2000,1.61777777777778
"Blue Jay",2001,1.29658385093168
"Blue Jay",2002,1.44760751059964
"Blue Jay",2003,1.42955326460481
"Blue Jay",2004,1.13709677419355
"Blue Jay",2005,3.50154479917611
"Blue Jay",2006,1.05227427019688
"Blue Jay",2007,1.10738255033557
"Blue Jay",2008,1.34677419354839
"Blue Jay",2009,0.882034632034632
"Blue Jay",2010,0.86676217765043
"Blue Jay",2011,0.977397678680513
"Blue Jay",2012,1.02722772277228
"Blue Jay",2013,0.724409448818898
"Blue Jay",2014,1.7678381256656
"Blue Jay",2015,1.5
"Blue Jay",2016,0.48844537815126
"Blue Jay",2017,0.877055599060298
"Blue Jay",2018,0.799735624586913
"Blue Jay",2019,0.630279402209227
"Blue Jay",2020,1.64705882352941
"Blue Jay",2021,1.01298701298701
"Blue Jay",2022,1.01001306051371
"Blue Jay",2023,0.572207084468665
"Blue Jay",2024,0.507509062661833
"American Crow",1999,1.94840461642906
"American Crow",2000,3.25503355704698
"American Crow",2001,3.51612903225806
"American Crow",2002,2.24025974025974
"American Crow",2003,2.49283667621776
"American Crow",2004,1.35613927916921
"American Crow",2005,1.71410891089109
"American Crow",2006,2.21259842519685
"American Crow",2007,3.40788072417465
"American Crow",2008,3.20833333333333
"American Crow",2009,1.38655462184874
"American Crow",2010,1.95771339075959
"American Crow",2011,1.64573694646398
"American Crow",2012,2.00129954515919
"American Crow",2013,1.32461873638344
"American Crow",2014,1.43506493506494
"American Crow",2015,2.59468872442316
"American Crow",2016,1.32425068119891
"American Crow",2017,2.94148109787675
"American Crow",2018,1.21527777777778
"American Crow",2019,1.39555555555556
"American Crow",2020,1.63819875776397
"American Crow",2021,1.59297395517868
"American Crow",2022,1.23711340206186
"American Crow",2023,1.94354838709677
"American Crow",2024,1.38002059732235
"Fish Crow",1999,0.188976377952756
"Fish Crow",2000,0.255591054313099
"Fish Crow",2001,0.302083333333333
"Fish Crow",2002,0.288865546218487
"Fish Crow",2003,0.281910728269381
"Fish Crow",2004,0.092531394580304
"Fish Crow",2005,0.350877192982456
"Fish Crow",2006,0.65359477124183
"Fish Crow",2007,0.318181818181818
"Fish Crow",2008,0.365694383979103
"Fish Crow",2009,0.272479564032698
"Fish Crow",2010,0.662868979803211
"Fish Crow",2011,0.472222222222222
"Fish Crow",2012,0.48
"Fish Crow",2013,0.186335403726708
"Fish Crow",2014,0.393700787401575
"Fish Crow",2015,0.556701030927835
"Fish Crow",2016,0.282258064516129
"Fish Crow",2017,0.411946446961895
"Fish Crow",2018,0.359809911744739
"Fish Crow",2019,0.243288590604027
"Fish Crow",2020,0.637096774193548
"Fish Crow",2021,0.38961038961039
"Fish Crow",2022,0.594555873925501
"Fish Crow",2023,0.335980452046426
"Fish Crow",2024,0.309405940594059
"Common Raven",1999,0
"Common Raven",2000,0
"Common Raven",2001,0
"Common Raven",2002,0
"Common Raven",2003,0
"Common Raven",2004,0
"Common Raven",2005,0
"Common Raven",2006,0
"Common Raven",2007,0
"Common Raven",2008,0.00687285223367698
"Common Raven",2009,0
"Common Raven",2010,0
"Common Raven",2011,0
"Common Raven",2012,0
"Common Raven",2013,0
"Common Raven",2014,0
"Common Raven",2015,0
"Common Raven",2016,0
"Common Raven",2017,0
"Common Raven",2018,0
"Common Raven",2019,0
"Common Raven",2020,0
"Common Raven",2021,0
"Common Raven",2022,0
"Common Raven",2023,0
"Common Raven",2024,0
"Horned Lark",1999,0
"Horned Lark",2000,0
"Horned Lark",2001,0
"Horned Lark",2002,0
"Horned Lark",2003,0
"Horned Lark",2004,0
"Horned Lark",2005,0
"Horned Lark",2006,0
"Horned Lark",2007,0
"Horned Lark",2008,0
"Horned Lark",2009,0
"Horned Lark",2010,0
"Horned Lark",2011,0
"Horned Lark",2012,0
"Horned Lark",2013,0
"Horned Lark",2014,0
"Horned Lark",2015,0
"Horned Lark",2016,0
"Horned Lark",2017,0
"Horned Lark",2018,0
"Horned Lark",2019,0
"Horned Lark",2020,0
"Horned Lark",2021,0
"Horned Lark",2022,0
"Horned Lark",2023,0
"Horned Lark",2024,0
"Bank Swallow",1999,0.0403225806451613
"Bank Swallow",2000,0
"Bank Swallow",2001,0
"Bank Swallow",2002,0
"Bank Swallow",2003,0.129950495049505
"Bank Swallow",2004,0
"Bank Swallow",2005,0
"Bank Swallow",2006,0.0104166666666667
"Bank Swallow",2007,0
"Bank Swallow",2008,0
"Bank Swallow",2009,0
"Bank Swallow",2010,0.00649772579597141
"Bank Swallow",2011,0
"Bank Swallow",2012,0
"Bank Swallow",2013,0
"Bank Swallow",2014,0
"Bank Swallow",2015,0
"Bank Swallow",2016,0.0347222222222222
"Bank Swallow",2017,0.0177777777777778
"Bank Swallow",2018,0
"Bank Swallow",2019,0
"Bank Swallow",2020,0
"Bank Swallow",2021,0
"Bank Swallow",2022,0
"Bank Swallow",2023,0
"Bank Swallow",2024,0
"Tree Swallow",1999,0.333333333333333
"Tree Swallow",2000,0.0315126050420168
"Tree Swallow",2001,0.234925606891151
"Tree Swallow",2002,0.0396563119629874
"Tree Swallow",2003,0.181936322287199
"Tree Swallow",2004,0.0697167755991285
"Tree Swallow",2005,0.0454545454545455
"Tree Swallow",2006,0.104484109708315
"Tree Swallow",2007,0.20708446866485
"Tree Swallow",2008,0.134645261522527
"Tree Swallow",2009,0.0763888888888889
"Tree Swallow",2010,0.133333333333333
"Tree Swallow",2011,0.100931677018634
"Tree Swallow",2012,0.078740157480315
"Tree Swallow",2013,0.0481099656357388
"Tree Swallow",2014,0.0645161290322581
"Tree Swallow",2015,0.133882595262616
"Tree Swallow",2016,0.848608282416836
"Tree Swallow",2017,0.134228187919463
"Tree Swallow",2018,0.0241935483870968
"Tree Swallow",2019,0.0865800865800866
"Tree Swallow",2020,0.107449856733524
"Tree Swallow",2021,0.0855222968845449
"Tree Swallow",2022,0.0433168316831683
"Tree Swallow",2023,0.165354330708661
"Tree Swallow",2024,0.212992545260916
"N. Rough-winged Swallow",1999,0.391815411406182
"N. Rough-winged Swallow",2000,0.217983651226158
"N. Rough-winged Swallow",2001,0.517866390471258
"N. Rough-winged Swallow",2002,0.277777777777778
"N. Rough-winged Swallow",2003,0.48
"N. Rough-winged Swallow",2004,0.15527950310559
"N. Rough-winged Swallow",2005,0.236220472440945
"N. Rough-winged Swallow",2006,0.329896907216495
"N. Rough-winged Swallow",2007,0.620967741935484
"N. Rough-winged Swallow",2008,0.360453141091658
"N. Rough-winged Swallow",2009,0.475220638153428
"N. Rough-winged Swallow",2010,0.285234899328859
"N. Rough-winged Swallow",2011,0.475806451612903
"N. Rough-winged Swallow",2012,0.33008658008658
"N. Rough-winged Swallow",2013,0.250716332378223
"N. Rough-winged Swallow",2014,0.403176542455712
"N. Rough-winged Swallow",2015,0.550742574257426
"N. Rough-winged Swallow",2016,1.20472440944882
"N. Rough-winged Swallow",2017,2.70500532481363
"N. Rough-winged Swallow",2018,0.635416666666667
"N. Rough-winged Swallow",2019,0.267857142857143
"N. Rough-winged Swallow",2020,0.610806577916993
"N. Rough-winged Swallow",2021,0.482485128883014
"N. Rough-winged Swallow",2022,0.422352176738142
"N. Rough-winged Swallow",2023,0.339869281045752
"N. Rough-winged Swallow",2024,0.266233766233766
"Purple Martin",1999,0.192439862542955
"Purple Martin",2000,0.241935483870968
"Purple Martin",2001,0.350154479917611
"Purple Martin",2002,0.3326544467074
"Purple Martin",2003,0.436241610738255
"Purple Martin",2004,0.338709677419355
"Purple Martin",2005,0.25974025974026
"Purple Martin",2006,0.408309455587393
"Purple Martin",2007,0.207697006719609
"Purple Martin",2008,0.327970297029703
"Purple Martin",2009,0.448818897637795
"Purple Martin",2010,1.03301384451544
"Purple Martin",2011,0.59375
"Purple Martin",2012,0.309873949579832
"Purple Martin",2013,0.477682067345341
"Purple Martin",2014,0.350297422339722
"Purple Martin",2015,0.194931773879142
"Purple Martin",2016,0.252723311546841
"Purple Martin",2017,0.123376623376623
"Purple Martin",2018,0.087070091423596
"Purple Martin",2019,0.0926430517711172
"Purple Martin",2020,0.611082340756085
"Purple Martin",2021,0.118055555555556
"Purple Martin",2022,0.222222222222222
"Purple Martin",2023,0.46583850931677
"Purple Martin",2024,0.242277407631738
"Barn Swallow",1999,0.773638968481375
"Barn Swallow",2000,0.335980452046426
"Barn Swallow",2001,0.853960396039604
"Barn Swallow",2002,0.748031496062992
"Barn Swallow",2003,1.86368477103301
"Barn Swallow",2004,0.65625
"Barn Swallow",2005,0.430672268907563
"Barn Swallow",2006,0.43069694596711
"Barn Swallow",2007,1.1566424322538
"Barn Swallow",2008,0.305393112410656
"Barn Swallow",2009,0.671023965141612
"Barn Swallow",2010,0.415584415584416
"Barn Swallow",2011,0.687853722246408
"Barn Swallow",2012,0.267029972752044
"Barn Swallow",2013,0.58001035732781
"Barn Swallow",2014,0.305555555555556
"Barn Swallow",2015,0.497777777777778
"Barn Swallow",2016,0.722049689440994
"Barn Swallow",2017,1.08419139915203
"Barn Swallow",2018,0.316151202749141
"Barn Swallow",2019,0.661290322580645
"Barn Swallow",2020,0.947476828012358
"Barn Swallow",2021,0.685675492192804
"Barn Swallow",2022,0.645973154362416
"Barn Swallow",2023,0.419354838709677
"Barn Swallow",2024,0.449134199134199
"Cliff Swallow",1999,0.0234925606891151
"Cliff Swallow",2000,0
"Cliff Swallow",2001,0.168940870695257
"Cliff Swallow",2002,0.0174291938997821
"Cliff Swallow",2003,0.0714285714285714
"Cliff Swallow",2004,0.0609490639965172
"Cliff Swallow",2005,0.0163487738419619
"Cliff Swallow",2006,0.124287933713102
"Cliff Swallow",2007,0.0138888888888889
"Cliff Swallow",2008,0.00888888888888889
"Cliff Swallow",2009,0.0232919254658385
"Cliff Swallow",2010,0.0242277407631738
"Cliff Swallow",2011,0.268041237113402
"Cliff Swallow",2012,0.0161290322580645
"Cliff Swallow",2013,0
"Cliff Swallow",2014,0
"Cliff Swallow",2015,0.00838926174496644
"Cliff Swallow",2016,0.137096774193548
"Cliff Swallow",2017,0.335497835497835
"Cliff Swallow",2018,0.107449856733524
"Cliff Swallow",2019,0.0794135613927917
"Cliff Swallow",2020,0.173267326732673
"Cliff Swallow",2021,0.062992125984252
"Cliff Swallow",2022,0.0319488817891374
"Cliff Swallow",2023,0.0208333333333333
"Cliff Swallow",2024,0.0262605042016807
"Carolina Chickadee",1999,2.9207664422579
"Carolina Chickadee",2000,3.04861111111111
"Carolina Chickadee",2001,3.25333333333333
"Carolina Chickadee",2002,3.74223602484472
"Carolina Chickadee",2003,2.17443973349485
"Carolina Chickadee",2004,1.39518900343643
"Carolina Chickadee",2005,2.39516129032258
"Carolina Chickadee",2006,3.51184346035015
"Carolina Chickadee",2007,1.89409368635438
"Carolina Chickadee",2008,2.28187919463087
"Carolina Chickadee",2009,1.81451612903226
"Carolina Chickadee",2010,1.5530303030303
"Carolina Chickadee",2011,2.11318051575931
"Carolina Chickadee",2012,1.91814294441051
"Carolina Chickadee",2013,0.88490099009901
"Carolina Chickadee",2014,2.06299212598425
"Carolina Chickadee",2015,3.06709265175719
"Carolina Chickadee",2016,2.23958333333333
"Carolina Chickadee",2017,1.24474789915966
"Carolina Chickadee",2018,1.42521534847298
"Carolina Chickadee",2019,1.03106411103767
"Carolina Chickadee",2020,1.68940870695257
"Carolina Chickadee",2021,2.46623093681917
"Carolina Chickadee",2022,1.74675324675325
"Carolina Chickadee",2023,2.38572050500653
"Carolina Chickadee",2024,0.64850136239782
"Tufted Titmouse",1999,2.60556127703398
"Tufted Titmouse",2000,3.57773251866938
"Tufted Titmouse",2001,3.17953020134228
"Tufted Titmouse",2002,4.12903225806452
"Tufted Titmouse",2003,2.70562770562771
"Tufted Titmouse",2004,2.08452722063037
"Tufted Titmouse",2005,2.53512522907758
"Tufted Titmouse",2006,2.23391089108911
"Tufted Titmouse",2007,2.55905511811024
"Tufted Titmouse",2008,3.90841320553781
"Tufted Titmouse",2009,3.32291666666667
"Tufted Titmouse",2010,1.82773109243697
"Tufted Titmouse",2011,3.25763508222396
"Tufted Titmouse",2012,2.8354263053536
"Tufted Titmouse",2013,1.35152696556205
"Tufted Titmouse",2014,2.97167755991285
"Tufted Titmouse",2015,2.58441558441558
"Tufted Titmouse",2016,2.76882890727035
"Tufted Titmouse",2017,1.98910081743869
"Tufted Titmouse",2018,3.41791817711031
"Tufted Titmouse",2019,1.94444444444444
"Tufted Titmouse",2020,3.39555555555556
"Tufted Titmouse",2021,2.7639751552795
"Tufted Titmouse",2022,2.16232586311326
"Tufted Titmouse",2023,2.31615120274914
"Tufted Titmouse",2024,2.20967741935484
"Red-breasted Nuthatch",1999,0
"Red-breasted Nuthatch",2000,0
"Red-breasted Nuthatch",2001,0
"Red-breasted Nuthatch",2002,0
"Red-breasted Nuthatch",2003,0
"Red-breasted Nuthatch",2004,0
"Red-breasted Nuthatch",2005,0
"Red-breasted Nuthatch",2006,0
"Red-breasted Nuthatch",2007,0
"Red-breasted Nuthatch",2008,0.00649350649350649
"Red-breasted Nuthatch",2009,0
"Red-breasted Nuthatch",2010,0
"Red-breasted Nuthatch",2011,0
"Red-breasted Nuthatch",2012,0
"Red-breasted Nuthatch",2013,0
"Red-breasted Nuthatch",2014,0
"Red-breasted Nuthatch",2015,0
"Red-breasted Nuthatch",2016,0
"Red-breasted Nuthatch",2017,0
"Red-breasted Nuthatch",2018,0
"Red-breasted Nuthatch",2019,0
"Red-breasted Nuthatch",2020,0
"Red-breasted Nuthatch",2021,0.032258064516129
"Red-breasted Nuthatch",2022,0
"Red-breasted Nuthatch",2023,0
"Red-breasted Nuthatch",2024,0
"White-breasted Nuthatch",1999,0.1364522417154
"White-breasted Nuthatch",2000,0.601307189542484
"White-breasted Nuthatch",2001,0.38961038961039
"White-breasted Nuthatch",2002,0.65302568567697
"White-breasted Nuthatch",2003,0.528610354223433
"White-breasted Nuthatch",2004,0.486794407042983
"White-breasted Nuthatch",2005,0.305555555555556
"White-breasted Nuthatch",2006,0.462222222222222
"White-breasted Nuthatch",2007,0.295031055900621
"White-breasted Nuthatch",2008,0.266505148394912
"White-breasted Nuthatch",2009,0.261168384879725
"White-breasted Nuthatch",2010,0.419354838709677
"White-breasted Nuthatch",2011,0.494335736354274
"White-breasted Nuthatch",2012,0.420909708078751
"White-breasted Nuthatch",2013,0.302013422818792
"White-breasted Nuthatch",2014,0.370967741935484
"White-breasted Nuthatch",2015,0.265151515151515
"White-breasted Nuthatch",2016,0.150429799426934
"White-breasted Nuthatch",2017,0.232131948686622
"White-breasted Nuthatch",2018,0.266089108910891
"White-breasted Nuthatch",2019,0.181102362204724
"White-breasted Nuthatch",2020,0.745473908413205
"White-breasted Nuthatch",2021,0.583333333333333
"White-breasted Nuthatch",2022,0.262605042016807
"White-breasted Nuthatch",2023,0.509005481597494
"White-breasted Nuthatch",2024,0.132187706543291
"Brown-headed Nuthatch",1999,0.32
"Brown-headed Nuthatch",2000,0.388198757763975
"Brown-headed Nuthatch",2001,0.369473046638401
"Brown-headed Nuthatch",2002,0.666666666666667
"Brown-headed Nuthatch",2003,0.685483870967742
"Brown-headed Nuthatch",2004,0.648815653964984
"Brown-headed Nuthatch",2005,0.339443312966735
"Brown-headed Nuthatch",2006,0.654362416107383
"Brown-headed Nuthatch",2007,0.540322580645161
"Brown-headed Nuthatch",2008,0.38961038961039
"Brown-headed Nuthatch",2009,0.558739255014327
"Brown-headed Nuthatch",2010,0.317654245571167
"Brown-headed Nuthatch",2011,0.513613861386139
"Brown-headed Nuthatch",2012,0.724409448818898
"Brown-headed Nuthatch",2013,0.468583599574015
"Brown-headed Nuthatch",2014,1
"Brown-headed Nuthatch",2015,0.39390756302521
"Brown-headed Nuthatch",2016,0.501174628034456
"Brown-headed Nuthatch",2017,0.608063450099141
"Brown-headed Nuthatch",2018,0.383365821962313
"Brown-headed Nuthatch",2019,0.453159041394335
"Brown-headed Nuthatch",2020,0.675324675324675
"Brown-headed Nuthatch",2021,0.940356987374837
"Brown-headed Nuthatch",2022,0.430517711171662
"Brown-headed Nuthatch",2023,0.838943552563439
"Brown-headed Nuthatch",2024,0.347222222222222
"Brown Creeper",1999,0
"Brown Creeper",2000,0.00806451612903226
"Brown Creeper",2001,0
"Brown Creeper",2002,0
"Brown Creeper",2003,0
"Brown Creeper",2004,0
"Brown Creeper",2005,0
"Brown Creeper",2006,0
"Brown Creeper",2007,0
"Brown Creeper",2008,0
"Brown Creeper",2009,0
"Brown Creeper",2010,0
"Brown Creeper",2011,0
"Brown Creeper",2012,0
"Brown Creeper",2013,0
"Brown Creeper",2014,0
"Brown Creeper",2015,0
"Brown Creeper",2016,0
"Brown Creeper",2017,0
"Brown Creeper",2018,0
"Brown Creeper",2019,0
"Brown Creeper",2020,0
"Brown Creeper",2021,0
"Brown Creeper",2022,0
"Brown Creeper",2023,0
"Brown Creeper",2024,0
"House Wren",1999,0.340788072417465
"House Wren",2000,0.302083333333333
"House Wren",2001,0.131302521008403
"House Wren",2002,0.274079874706343
"House Wren",2003,0.178453403833443
"House Wren",2004,0.194931773879142
"House Wren",2005,0.392156862745098
"House Wren",2006,0.396103896103896
"House Wren",2007,0.417936438833261
"House Wren",2008,0.316076294277929
"House Wren",2009,0.372863801139306
"House Wren",2010,0.3125
"House Wren",2011,0.133333333333333
"House Wren",2012,0.256211180124224
"House Wren",2013,0.0847970926711084
"House Wren",2014,0.13745704467354
"House Wren",2015,0.266129032258065
"House Wren",2016,0.411946446961895
"House Wren",2017,0.196877121520706
"House Wren",2018,0.243288590604027
"House Wren",2019,0.145161290322581
"House Wren",2020,0.211038961038961
"House Wren",2021,0.272206303724928
"House Wren",2022,0.201588271227856
"House Wren",2023,0.111386138613861
"House Wren",2024,0.15748031496063
"Winter Wren",1999,0
"Winter Wren",2000,0
"Winter Wren",2001,0
"Winter Wren",2002,0
"Winter Wren",2003,0
"Winter Wren",2004,0
"Winter Wren",2005,0
"Winter Wren",2006,0
"Winter Wren",2007,0
"Winter Wren",2008,0
"Winter Wren",2009,0
"Winter Wren",2010,0
"Winter Wren",2011,0
"Winter Wren",2012,0
"Winter Wren",2013,0
"Winter Wren",2014,0
"Winter Wren",2015,0
"Winter Wren",2016,0
"Winter Wren",2017,0
"Winter Wren",2018,0
"Winter Wren",2019,0
"Winter Wren",2020,0
"Winter Wren",2021,0
"Winter Wren",2022,0
"Winter Wren",2023,0
"Winter Wren",2024,0
"Sedge Wren",1999,0.00605693519079346
"Sedge Wren",2000,0
"Sedge Wren",2001,0
"Sedge Wren",2002,0
"Sedge Wren",2003,0
"Sedge Wren",2004,0
"Sedge Wren",2005,0
"Sedge Wren",2006,0
"Sedge Wren",2007,0
"Sedge Wren",2008,0
"Sedge Wren",2009,0
"Sedge Wren",2010,0
"Sedge Wren",2011,0
"Sedge Wren",2012,0
"Sedge Wren",2013,0.00525210084033613
"Sedge Wren",2014,0
"Sedge Wren",2015,0
"Sedge Wren",2016,0
"Sedge Wren",2017,0.00871459694989107
"Sedge Wren",2018,0
"Sedge Wren",2019,0
"Sedge Wren",2020,0
"Sedge Wren",2021,0
"Sedge Wren",2022,0
"Sedge Wren",2023,0
"Sedge Wren",2024,0
"Marsh Wren",1999,0
"Marsh Wren",2000,0
"Marsh Wren",2001,0
"Marsh Wren",2002,0
"Marsh Wren",2003,0
"Marsh Wren",2004,0
"Marsh Wren",2005,0
"Marsh Wren",2006,0
"Marsh Wren",2007,0
"Marsh Wren",2008,0
"Marsh Wren",2009,0
"Marsh Wren",2010,0
"Marsh Wren",2011,0
"Marsh Wren",2012,0
"Marsh Wren",2013,0.00544959128065395
"Marsh Wren",2014,0
"Marsh Wren",2015,0
"Marsh Wren",2016,0
"Marsh Wren",2017,0
"Marsh Wren",2018,0
"Marsh Wren",2019,0
"Marsh Wren",2020,0
"Marsh Wren",2021,0
"Marsh Wren",2022,0
"Marsh Wren",2023,0
"Marsh Wren",2024,0.00806451612903226
"Carolina Wren",1999,1.86449579831933
"Carolina Wren",2000,2.70947533281128
"Carolina Wren",2001,2.94117647058824
"Carolina Wren",2002,2.90448343079922
"Carolina Wren",2003,3.54684095860566
"Carolina Wren",2004,3.21428571428571
"Carolina Wren",2005,4.45798868088812
"Carolina Wren",2006,3.18801089918256
"Carolina Wren",2007,3.86328327291559
"Carolina Wren",2008,2.88194444444444
"Carolina Wren",2009,3.07555555555556
"Carolina Wren",2010,3.24534161490683
"Carolina Wren",2011,2.36826165960024
"Carolina Wren",2012,3.03780068728522
"Carolina Wren",2013,2.30645161290323
"Carolina Wren",2014,4.03707518022657
"Carolina Wren",2015,2.38289205702648
"Carolina Wren",2016,1.97147651006711
"Carolina Wren",2017,2.95161290322581
"Carolina Wren",2018,1.61255411255411
"Carolina Wren",2019,2.62893982808023
"Carolina Wren",2020,2.81001832620648
"Carolina Wren",2021,2.7970297029703
"Carolina Wren",2022,3.1259842519685
"Carolina Wren",2023,4.40894568690096
"Carolina Wren",2024,3.8125
"Bewick's Wren",1999,0
"Bewick's Wren",2000,0
"Bewick's Wren",2001,0
"Bewick's Wren",2002,0
"Bewick's Wren",2003,0
"Bewick's Wren",2004,0
"Bewick's Wren",2005,0
"Bewick's Wren",2006,0
"Bewick's Wren",2007,0
"Bewick's Wren",2008,0
"Bewick's Wren",2009,0
"Bewick's Wren",2010,0
"Bewick's Wren",2011,0
"Bewick's Wren",2012,0
"Bewick's Wren",2013,0
"Bewick's Wren",2014,0
"Bewick's Wren",2015,0
"Bewick's Wren",2016,0
"Bewick's Wren",2017,0
"Bewick's Wren",2018,0
"Bewick's Wren",2019,0
"Bewick's Wren",2020,0
"Bewick's Wren",2021,0
"Bewick's Wren",2022,0
"Bewick's Wren",2023,0
"Bewick's Wren",2024,0
"Blue-gray Gnatcatcher",1999,1.84677419354839
"Blue-gray Gnatcatcher",2000,3.87229660144181
"Blue-gray Gnatcatcher",2001,1.90088255261371
"Blue-gray Gnatcatcher",2002,4.00167785234899
"Blue-gray Gnatcatcher",2003,3.44354838709677
"Blue-gray Gnatcatcher",2004,1.70454545454545
"Blue-gray Gnatcatcher",2005,2.47134670487106
"Blue-gray Gnatcatcher",2006,2.1930360415394
"Blue-gray Gnatcatcher",2007,2.04826732673267
"Blue-gray Gnatcatcher",2008,2.66141732283465
"Blue-gray Gnatcatcher",2009,3.61022364217252
"Blue-gray Gnatcatcher",2010,2.42708333333333
"Blue-gray Gnatcatcher",2011,1.03991596638655
"Blue-gray Gnatcatcher",2012,1.72278778386844
"Blue-gray Gnatcatcher",2013,0.846001321877065
"Blue-gray Gnatcatcher",2014,1.66341780376868
"Blue-gray Gnatcatcher",2015,2.10021786492375
"Blue-gray Gnatcatcher",2016,1.24675324675325
"Blue-gray Gnatcatcher",2017,1.93295602960383
"Blue-gray Gnatcatcher",2018,1.0299727520436
"Blue-gray Gnatcatcher",2019,2.00932159502848
"Blue-gray Gnatcatcher",2020,2.78472222222222
"Blue-gray Gnatcatcher",2021,2.16888888888889
"Blue-gray Gnatcatcher",2022,1.69254658385093
"Blue-gray Gnatcatcher",2023,1.21138703815869
"Blue-gray Gnatcatcher",2024,1.29896907216495
"Golden-crowned Kinglet",1999,0
"Golden-crowned Kinglet",2000,0
"Golden-crowned Kinglet",2001,0
"Golden-crowned Kinglet",2002,0
"Golden-crowned Kinglet",2003,0
"Golden-crowned Kinglet",2004,0
"Golden-crowned Kinglet",2005,0
"Golden-crowned Kinglet",2006,0
"Golden-crowned Kinglet",2007,0
"Golden-crowned Kinglet",2008,0
"Golden-crowned Kinglet",2009,0
"Golden-crowned Kinglet",2010,0
"Golden-crowned Kinglet",2011,0
"Golden-crowned Kinglet",2012,0
"Golden-crowned Kinglet",2013,0
"Golden-crowned Kinglet",2014,0
"Golden-crowned Kinglet",2015,0
"Golden-crowned Kinglet",2016,0
"Golden-crowned Kinglet",2017,0
"Golden-crowned Kinglet",2018,0
"Golden-crowned Kinglet",2019,0
"Golden-crowned Kinglet",2020,0
"Golden-crowned Kinglet",2021,0
"Golden-crowned Kinglet",2022,0
"Golden-crowned Kinglet",2023,0
"Golden-crowned Kinglet",2024,0
"Ruby-crowned Kinglet",1999,0.0991407799074686
"Ruby-crowned Kinglet",2000,0
"Ruby-crowned Kinglet",2001,0.0174291938997821
"Ruby-crowned Kinglet",2002,0
"Ruby-crowned Kinglet",2003,0.0609490639965172
"Ruby-crowned Kinglet",2004,0.00544959128065395
"Ruby-crowned Kinglet",2005,0.445365095805282
"Ruby-crowned Kinglet",2006,0.0208333333333333
"Ruby-crowned Kinglet",2007,0.0622222222222222
"Ruby-crowned Kinglet",2008,0.0232919254658385
"Ruby-crowned Kinglet",2009,0.0423985463355542
"Ruby-crowned Kinglet",2010,0.0274914089347079
"Ruby-crowned Kinglet",2011,0
"Ruby-crowned Kinglet",2012,0
"Ruby-crowned Kinglet",2013,0
"Ruby-crowned Kinglet",2014,0
"Ruby-crowned Kinglet",2015,0
"Ruby-crowned Kinglet",2016,0
"Ruby-crowned Kinglet",2017,0
"Ruby-crowned Kinglet",2018,0.00610873549175321
"Ruby-crowned Kinglet",2019,0
"Ruby-crowned Kinglet",2020,0.047244094488189
"Ruby-crowned Kinglet",2021,0.308839190628328
"Ruby-crowned Kinglet",2022,0.0208333333333333
"Ruby-crowned Kinglet",2023,0.00525210084033613
"Ruby-crowned Kinglet",2024,0
"Eastern Bluebird",1999,1.625
"Eastern Bluebird",2000,2.14222222222222
"Eastern Bluebird",2001,2.25931677018634
"Eastern Bluebird",2002,1.72622652937614
"Eastern Bluebird",2003,1.71821305841924
"Eastern Bluebird",2004,1.58870967741935
"Eastern Bluebird",2005,2.47167868177137
"Eastern Bluebird",2006,1.67684996605567
"Eastern Bluebird",2007,1.41778523489933
"Eastern Bluebird",2008,2.20161290322581
"Eastern Bluebird",2009,0.806277056277056
"Eastern Bluebird",2010,1.26790830945559
"Eastern Bluebird",2011,1.58216249236408
"Eastern Bluebird",2012,1.25
"Eastern Bluebird",2013,1.37007874015748
"Eastern Bluebird",2014,2.01277955271565
"Eastern Bluebird",2015,1.625
"Eastern Bluebird",2016,0.582983193277311
"Eastern Bluebird",2017,1.59749412685983
"Eastern Bluebird",2018,1.01123595505618
"Eastern Bluebird",2019,1.16959064327485
"Eastern Bluebird",2020,2.09150326797386
"Eastern Bluebird",2021,1.61038961038961
"Eastern Bluebird",2022,1.83717892903788
"Eastern Bluebird",2023,1.1008174386921
"Eastern Bluebird",2024,1.19109269808389
"Veery",1999,0.0610997963340122
"Veery",2000,0.0167785234899329
"Veery",2001,0
"Veery",2002,0
"Veery",2003,0.0214899713467049
"Veery",2004,0
"Veery",2005,0.0433168316831683
"Veery",2006,0.0393700787401575
"Veery",2007,0.0425985090521832
"Veery",2008,0
"Veery",2009,0.0315126050420168
"Veery",2010,0.0783085356303837
"Veery",2011,0.0132187706543291
"Veery",2012,0.00649772579597141
"Veery",2013,0.00871459694989107
"Veery",2014,0.0194805194805195
"Veery",2015,0.0087070091423596
"Veery",2016,0.0326975476839237
"Veery",2017,0.113930605903677
"Veery",2018,0
"Veery",2019,0.0177777777777778
"Veery",2020,0.271739130434783
"Veery",2021,0.13930950938825
"Veery",2022,0.0618556701030928
"Veery",2023,0.0161290322580645
"Veery",2024,0
"Gray-cheeked Thrush",1999,0.0078740157480315
"Gray-cheeked Thrush",2000,0
"Gray-cheeked Thrush",2001,0.0208333333333333
"Gray-cheeked Thrush",2002,0
"Gray-cheeked Thrush",2003,0
"Gray-cheeked Thrush",2004,0
"Gray-cheeked Thrush",2005,0
"Gray-cheeked Thrush",2006,0
"Gray-cheeked Thrush",2007,0
"Gray-cheeked Thrush",2008,0
"Gray-cheeked Thrush",2009,0
"Gray-cheeked Thrush",2010,0
"Gray-cheeked Thrush",2011,0
"Gray-cheeked Thrush",2012,0.0266666666666667
"Gray-cheeked Thrush",2013,0
"Gray-cheeked Thrush",2014,0.0121138703815869
"Gray-cheeked Thrush",2015,0
"Gray-cheeked Thrush",2016,0
"Gray-cheeked Thrush",2017,0
"Gray-cheeked Thrush",2018,0
"Gray-cheeked Thrush",2019,0
"Gray-cheeked Thrush",2020,0.0161290322580645
"Gray-cheeked Thrush",2021,0
"Gray-cheeked Thrush",2022,0.00716332378223496
"Gray-cheeked Thrush",2023,0
"Gray-cheeked Thrush",2024,0
"Swainson's Thrush",1999,0.0435729847494553
"Swainson's Thrush",2000,0.0649350649350649
"Swainson's Thrush",2001,0
"Swainson's Thrush",2002,0.0217983651226158
"Swainson's Thrush",2003,0
"Swainson's Thrush",2004,0.00694444444444444
"Swainson's Thrush",2005,0.151111111111111
"Swainson's Thrush",2006,0.0698757763975155
"Swainson's Thrush",2007,0.0484554815263477
"Swainson's Thrush",2008,0.0412371134020619
"Swainson's Thrush",2009,0.137096774193548
"Swainson's Thrush",2010,0.175077239958805
"Swainson's Thrush",2011,0.0610997963340122
"Swainson's Thrush",2012,0.075503355704698
"Swainson's Thrush",2013,0.032258064516129
"Swainson's Thrush",2014,0.173160173160173
"Swainson's Thrush",2015,0.0214899713467049
"Swainson's Thrush",2016,0.116065974343311
"Swainson's Thrush",2017,0.10519801980198
"Swainson's Thrush",2018,0.0708661417322835
"Swainson's Thrush",2019,0.0638977635782748
"Swainson's Thrush",2020,0.34375
"Swainson's Thrush",2021,0.0682773109243697
"Swainson's Thrush",2022,0.297572435395458
"Swainson's Thrush",2023,0.0396563119629874
"Swainson's Thrush",2024,0.0454840805717999
"Hermit Thrush",1999,0.0077639751552795
"Hermit Thrush",2000,0
"Hermit Thrush",2001,0
"Hermit Thrush",2002,0
"Hermit Thrush",2003,0.0411946446961895
"Hermit Thrush",2004,0
"Hermit Thrush",2005,0
"Hermit Thrush",2006,0.00806451612903226
"Hermit Thrush",2007,0
"Hermit Thrush",2008,0
"Hermit Thrush",2009,0
"Hermit Thrush",2010,0
"Hermit Thrush",2011,0.0078740157480315
"Hermit Thrush",2012,0
"Hermit Thrush",2013,0
"Hermit Thrush",2014,0
"Hermit Thrush",2015,0
"Hermit Thrush",2016,0
"Hermit Thrush",2017,0.0129954515919428
"Hermit Thrush",2018,0
"Hermit Thrush",2019,0
"Hermit Thrush",2020,0
"Hermit Thrush",2021,0
"Hermit Thrush",2022,0
"Hermit Thrush",2023,0
"Hermit Thrush",2024,0.00888888888888889
"Wood Thrush",1999,0.483870967741935
"Wood Thrush",2000,0.806277056277056
"Wood Thrush",2001,0.974212034383954
"Wood Thrush",2002,0.977397678680513
"Wood Thrush",2003,1.00866336633663
"Wood Thrush",2004,0.795275590551181
"Wood Thrush",2005,1.01171458998935
"Wood Thrush",2006,1.21875
"Wood Thrush",2007,0.540966386554622
"Wood Thrush",2008,0.509005481597494
"Wood Thrush",2009,0.594844679444812
"Wood Thrush",2010,0.337881741390513
"Wood Thrush",2011,0.540305010893246
"Wood Thrush",2012,0.24025974025974
"Wood Thrush",2013,0.313452329124946
"Wood Thrush",2014,0.354223433242507
"Wood Thrush",2015,0.538581046090109
"Wood Thrush",2016,0.291666666666667
"Wood Thrush",2017,0.337777777777778
"Wood Thrush",2018,0.31055900621118
"Wood Thrush",2019,0.181708055723804
"Wood Thrush",2020,0.391752577319588
"Wood Thrush",2021,0.282258064516129
"Wood Thrush",2022,0.442842430484037
"Wood Thrush",2023,0.21724372029871
"Wood Thrush",2024,0.201342281879195
"American Robin",1999,2.6875
"American Robin",2000,1.89600840336134
"American Robin",2001,2.90524667188724
"American Robin",2002,2.76272306675479
"American Robin",2003,2.64457439896036
"American Robin",2004,2.3442265795207
"American Robin",2005,1.49350649350649
"American Robin",2006,2.4989116238572
"American Robin",2007,1.19891008174387
"American Robin",2008,2.42361470740549
"American Robin",2009,1.78472222222222
"American Robin",2010,1.85777777777778
"American Robin",2011,2.50776397515528
"American Robin",2012,2.01695941853422
"American Robin",2013,1.03092783505155
"American Robin",2014,2.56451612903226
"American Robin",2015,2.16271884654995
"American Robin",2016,1.24915139171758
"American Robin",2017,1.91275167785235
"American Robin",2018,1.04838709677419
"American Robin",2019,1.15800865800866
"American Robin",2020,1.38968481375358
"American Robin",2021,1.17287721441662
"American Robin",2022,1.1200495049505
"American Robin",2023,1.37795275590551
"American Robin",2024,1.18210862619808
"Gray Catbird",1999,0.496299521114497
"Gray Catbird",2000,0.343324250681199
"Gray Catbird",2001,0.963231486276541
"Gray Catbird",2002,0.597222222222222
"Gray Catbird",2003,0.986666666666667
"Gray Catbird",2004,0.458074534161491
"Gray Catbird",2005,0.678376741368867
"Gray Catbird",2006,0.81786941580756
"Gray Catbird",2007,0.943548387096774
"Gray Catbird",2008,0.792996910401648
"Gray Catbird",2009,0.739986422267481
"Gray Catbird",2010,0.771812080536913
"Gray Catbird",2011,0.685483870967742
"Gray Catbird",2012,0.432900432900433
"Gray Catbird",2013,0.229226361031519
"Gray Catbird",2014,0.482590103848503
"Gray Catbird",2015,0.272277227722772
"Gray Catbird",2016,0.614173228346457
"Gray Catbird",2017,0.702875399361022
"Gray Catbird",2018,0.520833333333333
"Gray Catbird",2019,0.23109243697479
"Gray Catbird",2020,1.46436961628818
"Gray Catbird",2021,1.09715796430932
"Gray Catbird",2022,0.454840805717999
"Gray Catbird",2023,0.392156862745098
"Gray Catbird",2024,0.279220779220779
"Brown Thrasher",1999,0.515463917525773
"Brown Thrasher",2000,0.725806451612903
"Brown Thrasher",2001,0.854788877445932
"Brown Thrasher",2002,0.977596741344195
"Brown Thrasher",2003,0.738255033557047
"Brown Thrasher",2004,0.524193548387097
"Brown Thrasher",2005,0.38961038961039
"Brown Thrasher",2006,0.616045845272206
"Brown Thrasher",2007,0.372632864996946
"Brown Thrasher",2008,0.41460396039604
"Brown Thrasher",2009,0.519685039370079
"Brown Thrasher",2010,0.660276890308839
"Brown Thrasher",2011,0.614583333333333
"Brown Thrasher",2012,0.309873949579832
"Brown Thrasher",2013,0.258418167580266
"Brown Thrasher",2014,0.383344348975545
"Brown Thrasher",2015,0.305393112410656
"Brown Thrasher",2016,0.549019607843137
"Brown Thrasher",2017,0.285714285714286
"Brown Thrasher",2018,0.505006530256857
"Brown Thrasher",2019,0.343324250681199
"Brown Thrasher",2020,0.569653029518384
"Brown Thrasher",2021,0.465277777777778
"Brown Thrasher",2022,0.462222222222222
"Brown Thrasher",2023,0.357142857142857
"Brown Thrasher",2024,0.17565112053301
"Northern Mockingbird",1999,1.41833810888252
"Northern Mockingbird",2000,1.69822846670739
"Northern Mockingbird",2001,1.20668316831683
"Northern Mockingbird",2002,2.29133858267717
"Northern Mockingbird",2003,2.09797657082002
"Northern Mockingbird",2004,2.27083333333333
"Northern Mockingbird",2005,0.966386554621849
"Northern Mockingbird",2006,1.7149569303054
"Northern Mockingbird",2007,0.984798413747521
"Northern Mockingbird",2008,1.26705653021442
"Northern Mockingbird",2009,1.22875816993464
"Northern Mockingbird",2010,1.1038961038961
"Northern Mockingbird",2011,1.92424902046147
"Northern Mockingbird",2012,0.975476839237057
"Northern Mockingbird",2013,1.13930605903677
"Northern Mockingbird",2014,1.09722222222222
"Northern Mockingbird",2015,1.15555555555556
"Northern Mockingbird",2016,0.799689440993789
"Northern Mockingbird",2017,0.660205935796487
"Northern Mockingbird",2018,0.714776632302406
"Northern Mockingbird",2019,0.870967741935484
"Northern Mockingbird",2020,1.1740473738414
"Northern Mockingbird",2021,0.9979633401222
"Northern Mockingbird",2022,0.98993288590604
"Northern Mockingbird",2023,1.09677419354839
"Northern Mockingbird",2024,0.432900432900433
"European Starling",1999,2.64682850430697
"European Starling",2000,2.17448777263714
"European Starling",2001,2.57959714100065
"European Starling",2002,2.85838779956427
"European Starling",2003,2.05844155844156
"European Starling",2004,1.97649107531563
"European Starling",2005,1.90735694822888
"European Starling",2006,1.93682030036251
"European Starling",2007,1.09722222222222
"European Starling",2008,1.39555555555556
"European Starling",2009,1.24223602484472
"European Starling",2010,1.08419139915203
"European Starling",2011,1.56701030927835
"European Starling",2012,1.70161290322581
"European Starling",2013,1.1946446961895
"European Starling",2014,0.950441276306857
"European Starling",2015,1.25
"European Starling",2016,0.854838709677419
"European Starling",2017,0.974025974025974
"European Starling",2018,0.959885386819484
"European Starling",2019,1.41722663408674
"European Starling",2020,1.07054455445545
"European Starling",2021,1.29133858267717
"European Starling",2022,1.95953141640043
"European Starling",2023,2.20833333333333
"European Starling",2024,0.651260504201681
"Cedar Waxwing",1999,2.33039875712066
"Cedar Waxwing",2000,0.263888888888889
"Cedar Waxwing",2001,2.65777777777778
"Cedar Waxwing",2002,1.37422360248447
"Cedar Waxwing",2003,1.53240460327075
"Cedar Waxwing",2004,1.30584192439863
"Cedar Waxwing",2005,0.838709677419355
"Cedar Waxwing",2006,1.18434603501545
"Cedar Waxwing",2007,1.05906313645621
"Cedar Waxwing",2008,0.855704697986577
"Cedar Waxwing",2009,0.959677419354839
"Cedar Waxwing",2010,0.275974025974026
"Cedar Waxwing",2011,0.415472779369628
"Cedar Waxwing",2012,0.97128894318876
"Cedar Waxwing",2013,0.612623762376238
"Cedar Waxwing",2014,0.78740157480315
"Cedar Waxwing",2015,0.266240681576145
"Cedar Waxwing",2016,0.927083333333333
"Cedar Waxwing",2017,0.598739495798319
"Cedar Waxwing",2018,0.454189506656226
"Cedar Waxwing",2019,0.165234633179114
"Cedar Waxwing",2020,2.19623131903834
"Cedar Waxwing",2021,1.15904139433551
"Cedar Waxwing",2022,0.74025974025974
"Cedar Waxwing",2023,0.853286895951241
"Cedar Waxwing",2024,0.920980926430518
"House Sparrow",1999,0.607621009268795
"House Sparrow",2000,0.86897488119484
"House Sparrow",2001,0.931208053691275
"House Sparrow",2002,0.919354838709677
"House Sparrow",2003,0.752164502164502
"House Sparrow",2004,0.401146131805158
"House Sparrow",2005,0.623091020158827
"House Sparrow",2006,0.606435643564356
"House Sparrow",2007,0.559055118110236
"House Sparrow",2008,0.394036208732694
"House Sparrow",2009,0.677083333333333
"House Sparrow",2010,0.173319327731092
"House Sparrow",2011,0.509005481597494
"House Sparrow",2012,0.3172504957039
"House Sparrow",2013,0.292397660818713
"House Sparrow",2014,0.261437908496732
"House Sparrow",2015,0.38961038961039
"House Sparrow",2016,0.113191118850675
"House Sparrow",2017,0.0708446866485014
"House Sparrow",2018,0.466079751424133
"House Sparrow",2019,0.638888888888889
"House Sparrow",2020,0.515555555555556
"House Sparrow",2021,0.302795031055901
"House Sparrow",2022,0.339188370684434
"House Sparrow",2023,0.254295532646048
"House Sparrow",2024,0.314516129032258
"American Pipit",1999,0
"American Pipit",2000,0
"American Pipit",2001,0
"American Pipit",2002,0
"American Pipit",2003,0
"American Pipit",2004,0
"American Pipit",2005,0
"American Pipit",2006,0
"American Pipit",2007,0
"American Pipit",2008,0
"American Pipit",2009,0
"American Pipit",2010,0
"American Pipit",2011,0
"American Pipit",2012,0
"American Pipit",2013,0
"American Pipit",2014,0
"American Pipit",2015,0
"American Pipit",2016,0
"American Pipit",2017,0
"American Pipit",2018,0
"American Pipit",2019,0
"American Pipit",2020,0
"American Pipit",2021,0
"American Pipit",2022,0
"American Pipit",2023,0
"American Pipit",2024,0
"Evening Grosbeak",1999,0
"Evening Grosbeak",2000,0
"Evening Grosbeak",2001,0
"Evening Grosbeak",2002,0
"Evening Grosbeak",2003,0
"Evening Grosbeak",2004,0
"Evening Grosbeak",2005,0
"Evening Grosbeak",2006,0
"Evening Grosbeak",2007,0
"Evening Grosbeak",2008,0
"Evening Grosbeak",2009,0
"Evening Grosbeak",2010,0
"Evening Grosbeak",2011,0
"Evening Grosbeak",2012,0
"Evening Grosbeak",2013,0
"Evening Grosbeak",2014,0
"Evening Grosbeak",2015,0
"Evening Grosbeak",2016,0
"Evening Grosbeak",2017,0
"Evening Grosbeak",2018,0
"Evening Grosbeak",2019,0
"Evening Grosbeak",2020,0
"Evening Grosbeak",2021,0.09375
"Evening Grosbeak",2022,0
"Evening Grosbeak",2023,0
"Evening Grosbeak",2024,0
"House Finch",1999,1.52
"House Finch",2000,1.98757763975155
"House Finch",2001,1.51423379769836
"House Finch",2002,2.70790378006873
"House Finch",2003,1.69354838709677
"House Finch",2004,1.82286302780638
"House Finch",2005,1.12016293279022
"House Finch",2006,1.69463087248322
"House Finch",2007,1.20161290322581
"House Finch",2008,1.37445887445887
"House Finch",2009,1.36103151862464
"House Finch",2010,0.739156994502138
"House Finch",2011,1.22524752475248
"House Finch",2012,1.54330708661417
"House Finch",2013,0.73482428115016
"House Finch",2014,0.989583333333333
"House Finch",2015,0.69327731092437
"House Finch",2016,0.884886452623336
"House Finch",2017,0.951751487111699
"House Finch",2018,1.21507472384665
"House Finch",2019,1.02832244008715
"House Finch",2020,0.694805194805195
"House Finch",2021,1.14061819764911
"House Finch",2022,0.719346049046321
"House Finch",2023,1.90574831693423
"House Finch",2024,1.08333333333333
"Purple Finch",1999,0
"Purple Finch",2000,0
"Purple Finch",2001,0
"Purple Finch",2002,0
"Purple Finch",2003,0
"Purple Finch",2004,0
"Purple Finch",2005,0
"Purple Finch",2006,0
"Purple Finch",2007,0
"Purple Finch",2008,0
"Purple Finch",2009,0
"Purple Finch",2010,0
"Purple Finch",2011,0
"Purple Finch",2012,0
"Purple Finch",2013,0
"Purple Finch",2014,0
"Purple Finch",2015,0
"Purple Finch",2016,0
"Purple Finch",2017,0
"Purple Finch",2018,0
"Purple Finch",2019,0
"Purple Finch",2020,0
"Purple Finch",2021,0
"Purple Finch",2022,0
"Purple Finch",2023,0
"Purple Finch",2024,0
"Red Crossbill",1999,0
"Red Crossbill",2000,0
"Red Crossbill",2001,0
"Red Crossbill",2002,0
"Red Crossbill",2003,0
"Red Crossbill",2004,0
"Red Crossbill",2005,0
"Red Crossbill",2006,0
"Red Crossbill",2007,0
"Red Crossbill",2008,0
"Red Crossbill",2009,0
"Red Crossbill",2010,0
"Red Crossbill",2011,0
"Red Crossbill",2012,0
"Red Crossbill",2013,0
"Red Crossbill",2014,0
"Red Crossbill",2015,0
"Red Crossbill",2016,0
"Red Crossbill",2017,0
"Red Crossbill",2018,0
"Red Crossbill",2019,0
"Red Crossbill",2020,0
"Red Crossbill",2021,0
"Red Crossbill",2022,0
"Red Crossbill",2023,0
"Red Crossbill",2024,0
"Pine Siskin",1999,0
"Pine Siskin",2000,0
"Pine Siskin",2001,0
"Pine Siskin",2002,0
"Pine Siskin",2003,0
"Pine Siskin",2004,0
"Pine Siskin",2005,0.031055900621118
"Pine Siskin",2006,0
"Pine Siskin",2007,0
"Pine Siskin",2008,0.0725806451612903
"Pine Siskin",2009,0.144181256436663
"Pine Siskin",2010,0
"Pine Siskin",2011,0.0251677852348993
"Pine Siskin",2012,0
"Pine Siskin",2013,0.38961038961039
"Pine Siskin",2014,0
"Pine Siskin",2015,0.0794135613927917
"Pine Siskin",2016,0.00618811881188119
"Pine Siskin",2017,0
"Pine Siskin",2018,0
"Pine Siskin",2019,0.0208333333333333
"Pine Siskin",2020,0
"Pine Siskin",2021,0.524667188723571
"Pine Siskin",2022,0
"Pine Siskin",2023,0
"Pine Siskin",2024,0
"American Goldfinch",1999,1.847365233192
"American Goldfinch",2000,2.57044673539519
"American Goldfinch",2001,3.10483870967742
"American Goldfinch",2002,5.72605561277034
"American Goldfinch",2003,4.02579769178547
"American Goldfinch",2004,3.47315436241611
"American Goldfinch",2005,4.46774193548387
"American Goldfinch",2006,2.5487012987013
"American Goldfinch",2007,2.85816618911175
"American Goldfinch",2008,2.71838729383018
"American Goldfinch",2009,1.93069306930693
"American Goldfinch",2010,1.49606299212598
"American Goldfinch",2011,3.23748668796592
"American Goldfinch",2012,2.73958333333333
"American Goldfinch",2013,0.772058823529412
"American Goldfinch",2014,1.56617071260767
"American Goldfinch",2015,2.2009253139458
"American Goldfinch",2016,1.39051332033788
"American Goldfinch",2017,2.10893246187364
"American Goldfinch",2018,1.14935064935065
"American Goldfinch",2019,1.44536351763169
"American Goldfinch",2020,1.19346049046322
"American Goldfinch",2021,3.45934748834801
"American Goldfinch",2022,1.09027777777778
"American Goldfinch",2023,2.34666666666667
"American Goldfinch",2024,1.25776397515528
"Bachman's Sparrow",1999,0
"Bachman's Sparrow",2000,0
"Bachman's Sparrow",2001,0
"Bachman's Sparrow",2002,0
"Bachman's Sparrow",2003,0
"Bachman's Sparrow",2004,0
"Bachman's Sparrow",2005,0
"Bachman's Sparrow",2006,0
"Bachman's Sparrow",2007,0
"Bachman's Sparrow",2008,0
"Bachman's Sparrow",2009,0
"Bachman's Sparrow",2010,0
"Bachman's Sparrow",2011,0
"Bachman's Sparrow",2012,0
"Bachman's Sparrow",2013,0
"Bachman's Sparrow",2014,0
"Bachman's Sparrow",2015,0
"Bachman's Sparrow",2016,0
"Bachman's Sparrow",2017,0
"Bachman's Sparrow",2018,0
"Bachman's Sparrow",2019,0
"Bachman's Sparrow",2020,0
"Bachman's Sparrow",2021,0
"Bachman's Sparrow",2022,0
"Bachman's Sparrow",2023,0
"Bachman's Sparrow",2024,0
"Grasshopper Sparrow",1999,0.0262605042016807
"Grasshopper Sparrow",2000,0.0391542678151919
"Grasshopper Sparrow",2001,0.0396563119629874
"Grasshopper Sparrow",2002,0.0454840805717999
"Grasshopper Sparrow",2003,0
"Grasshopper Sparrow",2004,0.038961038961039
"Grasshopper Sparrow",2005,0
"Grasshopper Sparrow",2006,0.00544959128065395
"Grasshopper Sparrow",2007,0
"Grasshopper Sparrow",2008,0.0486111111111111
"Grasshopper Sparrow",2009,0.0177777777777778
"Grasshopper Sparrow",2010,0
"Grasshopper Sparrow",2011,0
"Grasshopper Sparrow",2012,0.0206185567010309
"Grasshopper Sparrow",2013,0
"Grasshopper Sparrow",2014,0
"Grasshopper Sparrow",2015,0
"Grasshopper Sparrow",2016,0
"Grasshopper Sparrow",2017,0
"Grasshopper Sparrow",2018,0.00541125541125541
"Grasshopper Sparrow",2019,0
"Grasshopper Sparrow",2020,0
"Grasshopper Sparrow",2021,0
"Grasshopper Sparrow",2022,0.0078740157480315
"Grasshopper Sparrow",2023,0.0106496272630458
"Grasshopper Sparrow",2024,0.0104166666666667
"Chipping Sparrow",1999,0.692098092643052
"Chipping Sparrow",2000,1.79181771103055
"Chipping Sparrow",2001,1.36111111111111
"Chipping Sparrow",2002,2.44444444444444
"Chipping Sparrow",2003,1.36645962732919
"Chipping Sparrow",2004,1.01150817686251
"Chipping Sparrow",2005,1.70446735395189
"Chipping Sparrow",2006,1.57258064516129
"Chipping Sparrow",2007,1.60659114315139
"Chipping Sparrow",2008,1.683638832315
"Chipping Sparrow",2009,1.26677852348993
"Chipping Sparrow",2010,1.66129032258065
"Chipping Sparrow",2011,0.941558441558441
"Chipping Sparrow",2012,1.51862464183381
"Chipping Sparrow",2013,0.788026878436164
"Chipping Sparrow",2014,0.971534653465347
"Chipping Sparrow",2015,1.7244094488189
"Chipping Sparrow",2016,1.57614483493078
"Chipping Sparrow",2017,2.32291666666667
"Chipping Sparrow",2018,1.05042016806723
"Chipping Sparrow",2019,1.52701644479248
"Chipping Sparrow",2020,1.50693985459352
"Chipping Sparrow",2021,1.67641325536062
"Chipping Sparrow",2022,1.92592592592593
"Chipping Sparrow",2023,1.3961038961039
"Chipping Sparrow",2024,1.44536351763169
"Field Sparrow",1999,0.467741935483871
"Field Sparrow",2000,0.216271884654995
"Field Sparrow",2001,0.122199592668024
"Field Sparrow",2002,0.218120805369128
"Field Sparrow",2003,0.258064516129032
"Field Sparrow",2004,0.0649350649350649
"Field Sparrow",2005,0.186246418338109
"Field Sparrow",2006,0.122174709835064
"Field Sparrow",2007,0.123762376237624
"Field Sparrow",2008,0.165354330708661
"Field Sparrow",2009,0.106496272630458
"Field Sparrow",2010,0.0416666666666667
"Field Sparrow",2011,0.0525210084033613
"Field Sparrow",2012,0.125293657008614
"Field Sparrow",2013,0.0330469266358229
"Field Sparrow",2014,0.0974658869395711
"Field Sparrow",2015,0.16557734204793
"Field Sparrow",2016,0.0779220779220779
"Field Sparrow",2017,0.121898127993034
"Field Sparrow",2018,0.0817438692098093
"Field Sparrow",2019,0.062143966856551
"Field Sparrow",2020,0.125
"Field Sparrow",2021,0.0888888888888889
"Field Sparrow",2022,0.046583850931677
"Field Sparrow",2023,0.0181708055723804
"Field Sparrow",2024,0
"Fox Sparrow",1999,0
"Fox Sparrow",2000,0
"Fox Sparrow",2001,0
"Fox Sparrow",2002,0
"Fox Sparrow",2003,0
"Fox Sparrow",2004,0
"Fox Sparrow",2005,0
"Fox Sparrow",2006,0
"Fox Sparrow",2007,0
"Fox Sparrow",2008,0
"Fox Sparrow",2009,0
"Fox Sparrow",2010,0
"Fox Sparrow",2011,0
"Fox Sparrow",2012,0
"Fox Sparrow",2013,0
"Fox Sparrow",2014,0
"Fox Sparrow",2015,0
"Fox Sparrow",2016,0
"Fox Sparrow",2017,0
"Fox Sparrow",2018,0
"Fox Sparrow",2019,0
"Fox Sparrow",2020,0
"Fox Sparrow",2021,0
"Fox Sparrow",2022,0
"Fox Sparrow",2023,0
"Fox Sparrow",2024,0
"Dark-eyed ""Slate-colored"" Junco",1999,0
"Dark-eyed ""Slate-colored"" Junco",2000,0
"Dark-eyed ""Slate-colored"" Junco",2001,0
"Dark-eyed ""Slate-colored"" Junco",2002,0
"Dark-eyed ""Slate-colored"" Junco",2003,0
"Dark-eyed ""Slate-colored"" Junco",2004,0
"Dark-eyed ""Slate-colored"" Junco",2005,0.0103573278094252
"Dark-eyed ""Slate-colored"" Junco",2006,0
"Dark-eyed ""Slate-colored"" Junco",2007,0
"Dark-eyed ""Slate-colored"" Junco",2008,0
"Dark-eyed ""Slate-colored"" Junco",2009,0
"Dark-eyed ""Slate-colored"" Junco",2010,0
"Dark-eyed ""Slate-colored"" Junco",2011,0
"Dark-eyed ""Slate-colored"" Junco",2012,0
"Dark-eyed ""Slate-colored"" Junco",2013,0
"Dark-eyed ""Slate-colored"" Junco",2014,0
"Dark-eyed ""Slate-colored"" Junco",2015,0
"Dark-eyed ""Slate-colored"" Junco",2016,0
"Dark-eyed ""Slate-colored"" Junco",2017,0
"Dark-eyed ""Slate-colored"" Junco",2018,0
"Dark-eyed ""Slate-colored"" Junco",2019,0
"Dark-eyed ""Slate-colored"" Junco",2020,0
"Dark-eyed ""Slate-colored"" Junco",2021,0
"Dark-eyed ""Slate-colored"" Junco",2022,0
"Dark-eyed ""Slate-colored"" Junco",2023,0
"Dark-eyed ""Slate-colored"" Junco",2024,0
"White-crowned Sparrow",1999,0
"White-crowned Sparrow",2000,0
"White-crowned Sparrow",2001,0
"White-crowned Sparrow",2002,0
"White-crowned Sparrow",2003,0
"White-crowned Sparrow",2004,0
"White-crowned Sparrow",2005,0
"White-crowned Sparrow",2006,0
"White-crowned Sparrow",2007,0.00838926174496644
"White-crowned Sparrow",2008,0
"White-crowned Sparrow",2009,0.0108225108225108
"White-crowned Sparrow",2010,0
"White-crowned Sparrow",2011,0
"White-crowned Sparrow",2012,0
"White-crowned Sparrow",2013,0
"White-crowned Sparrow",2014,0
"White-crowned Sparrow",2015,0
"White-crowned Sparrow",2016,0
"White-crowned Sparrow",2017,0
"White-crowned Sparrow",2018,0
"White-crowned Sparrow",2019,0
"White-crowned Sparrow",2020,0
"White-crowned Sparrow",2021,0
"White-crowned Sparrow",2022,0
"White-crowned Sparrow",2023,0
"White-crowned Sparrow",2024,0.0103573278094252
"White-throated Sparrow",1999,1.45281737949762
"White-throated Sparrow",2000,0.0251677852348993
"White-throated Sparrow",2001,0.0564516129032258
"White-throated Sparrow",2002,0.0757575757575758
"White-throated Sparrow",2003,0.272206303724928
"White-throated Sparrow",2004,0.0488698839340257
"White-throated Sparrow",2005,1.6460396039604
"White-throated Sparrow",2006,0.291338582677165
"White-throated Sparrow",2007,0.415335463258786
"White-throated Sparrow",2008,0.333333333333333
"White-throated Sparrow",2009,0.189075630252101
"White-throated Sparrow",2010,0.211433046202036
"White-throated Sparrow",2011,0.0594844679444812
"White-throated Sparrow",2012,0.00649772579597141
"White-throated Sparrow",2013,0.0435729847494553
"White-throated Sparrow",2014,0.0194805194805195
"White-throated Sparrow",2015,0.043535045711798
"White-throated Sparrow",2016,0.0544959128065395
"White-throated Sparrow",2017,0.0103573278094252
"White-throated Sparrow",2018,0
"White-throated Sparrow",2019,0
"White-throated Sparrow",2020,0.178571428571429
"White-throated Sparrow",2021,0.478497880072683
"White-throated Sparrow",2022,0.0274914089347079
"White-throated Sparrow",2023,0.0403225806451613
"White-throated Sparrow",2024,0.205973223480947
"Vesper Sparrow",1999,0
"Vesper Sparrow",2000,0
"Vesper Sparrow",2001,0
"Vesper Sparrow",2002,0
"Vesper Sparrow",2003,0
"Vesper Sparrow",2004,0
"Vesper Sparrow",2005,0
"Vesper Sparrow",2006,0
"Vesper Sparrow",2007,0
"Vesper Sparrow",2008,0
"Vesper Sparrow",2009,0
"Vesper Sparrow",2010,0
"Vesper Sparrow",2011,0
"Vesper Sparrow",2012,0
"Vesper Sparrow",2013,0
"Vesper Sparrow",2014,0
"Vesper Sparrow",2015,0
"Vesper Sparrow",2016,0
"Vesper Sparrow",2017,0
"Vesper Sparrow",2018,0
"Vesper Sparrow",2019,0
"Vesper Sparrow",2020,0
"Vesper Sparrow",2021,0
"Vesper Sparrow",2022,0
"Vesper Sparrow",2023,0
"Vesper Sparrow",2024,0
"Henslow's Sparrow",1999,0
"Henslow's Sparrow",2000,0
"Henslow's Sparrow",2001,0
"Henslow's Sparrow",2002,0
"Henslow's Sparrow",2003,0
"Henslow's Sparrow",2004,0
"Henslow's Sparrow",2005,0
"Henslow's Sparrow",2006,0
"Henslow's Sparrow",2007,0
"Henslow's Sparrow",2008,0
"Henslow's Sparrow",2009,0
"Henslow's Sparrow",2010,0
"Henslow's Sparrow",2011,0
"Henslow's Sparrow",2012,0
"Henslow's Sparrow",2013,0
"Henslow's Sparrow",2014,0
"Henslow's Sparrow",2015,0
"Henslow's Sparrow",2016,0
"Henslow's Sparrow",2017,0
"Henslow's Sparrow",2018,0
"Henslow's Sparrow",2019,0
"Henslow's Sparrow",2020,0
"Henslow's Sparrow",2021,0
"Henslow's Sparrow",2022,0
"Henslow's Sparrow",2023,0
"Henslow's Sparrow",2024,0
"Savannah Sparrow",1999,0.046583850931677
"Savannah Sparrow",2000,0
"Savannah Sparrow",2001,0.0206185567010309
"Savannah Sparrow",2002,0
"Savannah Sparrow",2003,0.0205973223480947
"Savannah Sparrow",2004,0.0271554650373388
"Savannah Sparrow",2005,0.0335570469798658
"Savannah Sparrow",2006,0.032258064516129
"Savannah Sparrow",2007,0.0378787878787879
"Savannah Sparrow",2008,0.0501432664756447
"Savannah Sparrow",2009,0.00610873549175321
"Savannah Sparrow",2010,0.0185643564356436
"Savannah Sparrow",2011,0.015748031496063
"Savannah Sparrow",2012,0
"Savannah Sparrow",2013,0.0625
"Savannah Sparrow",2014,0.0105042016806723
"Savannah Sparrow",2015,0
"Savannah Sparrow",2016,0.0198281559814937
"Savannah Sparrow",2017,0.00649772579597141
"Savannah Sparrow",2018,0
"Savannah Sparrow",2019,0
"Savannah Sparrow",2020,0.0174140182847192
"Savannah Sparrow",2021,0.0272479564032698
"Savannah Sparrow",2022,0.0725012946659762
"Savannah Sparrow",2023,0
"Savannah Sparrow",2024,0.0266666666666667
"Song Sparrow",1999,0.0725806451612903
"Song Sparrow",2000,0.146103896103896
"Song Sparrow",2001,0.150429799426934
"Song Sparrow",2002,0.177153329260843
"Song Sparrow",2003,0.327970297029703
"Song Sparrow",2004,0.401574803149606
"Song Sparrow",2005,0.521831735889244
"Song Sparrow",2006,0.59375
"Song Sparrow",2007,0.309873949579832
"Song Sparrow",2008,0.360219263899765
"Song Sparrow",2009,0.330469266358229
"Song Sparrow",2010,0.32488628979857
"Song Sparrow",2011,0.601307189542484
"Song Sparrow",2012,0.363636363636364
"Song Sparrow",2013,0.252503265128428
"Song Sparrow",2014,0.147138964577657
"Song Sparrow",2015,0.569653029518384
"Song Sparrow",2016,0.340277777777778
"Song Sparrow",2017,0.328888888888889
"Song Sparrow",2018,0.450310559006211
"Song Sparrow",2019,0.357359176256814
"Song Sparrow",2020,0.15807560137457
"Song Sparrow",2021,0.435483870967742
"Song Sparrow",2022,0.535530381050463
"Song Sparrow",2023,0.183299389002037
"Song Sparrow",2024,0.402684563758389
"Swamp Sparrow",1999,0.09375
"Swamp Sparrow",2000,0.0105042016806723
"Swamp Sparrow",2001,0.0469851213782302
"Swamp Sparrow",2002,0.0198281559814937
"Swamp Sparrow",2003,0.0129954515919428
"Swamp Sparrow",2004,0.0174291938997821
"Swamp Sparrow",2005,0.0844155844155844
"Swamp Sparrow",2006,0.0348280365694384
"Swamp Sparrow",2007,0.119891008174387
"Swamp Sparrow",2008,0.062143966856551
"Swamp Sparrow",2009,0.0347222222222222
"Swamp Sparrow",2010,0.0355555555555556
"Swamp Sparrow",2011,0.046583850931677
"Swamp Sparrow",2012,0.00605693519079346
"Swamp Sparrow",2013,0.00687285223367698
"Swamp Sparrow",2014,0
"Swamp Sparrow",2015,0.0205973223480947
"Swamp Sparrow",2016,0.0407331975560081
"Swamp Sparrow",2017,0.0167785234899329
"Swamp Sparrow",2018,0
"Swamp Sparrow",2019,0
"Swamp Sparrow",2020,0.0214899713467049
"Swamp Sparrow",2021,0.116065974343311
"Swamp Sparrow",2022,0.0185643564356436
"Swamp Sparrow",2023,0.0078740157480315
"Swamp Sparrow",2024,0.149094781682641
"Eastern Towhee",1999,1.52372659991293
"Eastern Towhee",2000,1.32425068119891
"Eastern Towhee",2001,2.50647332988089
"Eastern Towhee",2002,2.50694444444444
"Eastern Towhee",2003,3.04
"Eastern Towhee",2004,1.97981366459627
"Eastern Towhee",2005,1.62325863113265
"Eastern Towhee",2006,2
"Eastern Towhee",2007,1.91129032258065
"Eastern Towhee",2008,2.91452111225541
"Eastern Towhee",2009,1.56822810590631
"Eastern Towhee",2010,1.71979865771812
"Eastern Towhee",2011,1.45161290322581
"Eastern Towhee",2012,0.946969696969697
"Eastern Towhee",2013,0.565902578796562
"Eastern Towhee",2014,1.41111789859499
"Eastern Towhee",2015,1.21287128712871
"Eastern Towhee",2016,1.20472440944882
"Eastern Towhee",2017,1.58679446219382
"Eastern Towhee",2018,1.60416666666667
"Eastern Towhee",2019,0.635504201680672
"Eastern Towhee",2020,1.20595144870791
"Eastern Towhee",2021,0.92531394580304
"Eastern Towhee",2022,0.695256660168941
"Eastern Towhee",2023,1.11546840958606
"Eastern Towhee",2024,0.538961038961039
"Yellow-breasted Chat",1999,0.240549828178694
"Yellow-breasted Chat",2000,0.580645161290323
"Yellow-breasted Chat",2001,0.576725025746653
"Yellow-breasted Chat",2002,0.386965376782077
"Yellow-breasted Chat",2003,0.461409395973154
"Yellow-breasted Chat",2004,0.379032258064516
"Yellow-breasted Chat",2005,0.178571428571429
"Yellow-breasted Chat",2006,0.293696275071633
"Yellow-breasted Chat",2007,0.244349419670128
"Yellow-breasted Chat",2008,0.253712871287129
"Yellow-breasted Chat",2009,0.259842519685039
"Yellow-breasted Chat",2010,0.319488817891374
"Yellow-breasted Chat",2011,0.416666666666667
"Yellow-breasted Chat",2012,0.173319327731092
"Yellow-breasted Chat",2013,0.203602192638998
"Yellow-breasted Chat",2014,0.178453403833443
"Yellow-breasted Chat",2015,0.162443144899285
"Yellow-breasted Chat",2016,0.113289760348584
"Yellow-breasted Chat",2017,0.188311688311688
"Yellow-breasted Chat",2018,0.174140182847192
"Yellow-breasted Chat",2019,0.158038147138965
"Yellow-breasted Chat",2020,0.393578456758156
"Yellow-breasted Chat",2021,0.145833333333333
"Yellow-breasted Chat",2022,0.142222222222222
"Yellow-breasted Chat",2023,0.256211180124224
"Yellow-breasted Chat",2024,0.224106602059358
"Bobolink",1999,0.286532951289398
"Bobolink",2000,0.30543677458766
"Bobolink",2001,0.228960396039604
"Bobolink",2002,0
"Bobolink",2003,1.70394036208733
"Bobolink",2004,0.78125
"Bobolink",2005,0.0262605042016807
"Bobolink",2006,0.0391542678151919
"Bobolink",2007,0.23132848645076
"Bobolink",2008,0.0129954515919428
"Bobolink",2009,0
"Bobolink",2010,0
"Bobolink",2011,0.409229429690901
"Bobolink",2012,0
"Bobolink",2013,0.145002589331952
"Bobolink",2014,0.138888888888889
"Bobolink",2015,0
"Bobolink",2016,0.124223602484472
"Bobolink",2017,0.0181708055723804
"Bobolink",2018,0
"Bobolink",2019,0.0806451612903226
"Bobolink",2020,1.85375901132853
"Bobolink",2021,0.108621860149355
"Bobolink",2022,0.125838926174497
"Bobolink",2023,0
"Bobolink",2024,0.378787878787879
"Eastern Meadowlark",1999,0.305403288958496
"Eastern Meadowlark",2000,0.152015862524785
"Eastern Meadowlark",2001,0.103963612735543
"Eastern Meadowlark",2002,0.235294117647059
"Eastern Meadowlark",2003,0.0779220779220779
"Eastern Meadowlark",2004,0.104484109708315
"Eastern Meadowlark",2005,0.0163487738419619
"Eastern Meadowlark",2006,0.341791817711031
"Eastern Meadowlark",2007,0.111111111111111
"Eastern Meadowlark",2008,0.106666666666667
"Eastern Meadowlark",2009,0.046583850931677
"Eastern Meadowlark",2010,0.109024833434282
"Eastern Meadowlark",2011,0.0824742268041237
"Eastern Meadowlark",2012,0.104838709677419
"Eastern Meadowlark",2013,0.185375901132853
"Eastern Meadowlark",2014,0.088255261371351
"Eastern Meadowlark",2015,0.0838926174496644
"Eastern Meadowlark",2016,0.0483870967741935
"Eastern Meadowlark",2017,0.0432900432900433
"Eastern Meadowlark",2018,0.0644699140401146
"Eastern Meadowlark",2019,0.0855222968845449
"Eastern Meadowlark",2020,0.0804455445544554
"Eastern Meadowlark",2021,0.0866141732283465
"Eastern Meadowlark",2022,0.138445154419595
"Eastern Meadowlark",2023,0.145833333333333
"Eastern Meadowlark",2024,0.0367647058823529
"Orchard Oriole",1999,0.165717244950803
"Orchard Oriole",2000,0.152777777777778
"Orchard Oriole",2001,0.186666666666667
"Orchard Oriole",2002,0.240683229813665
"Orchard Oriole",2003,0.102967898243489
"Orchard Oriole",2004,0.103092783505155
"Orchard Oriole",2005,0.145161290322581
"Orchard Oriole",2006,0.23686920700309
"Orchard Oriole",2007,0.278343516632722
"Orchard Oriole",2008,0.11744966442953
"Orchard Oriole",2009,0.145161290322581
"Orchard Oriole",2010,0.151515151515152
"Orchard Oriole",2011,0.136103151862464
"Orchard Oriole",2012,0.128283445326817
"Orchard Oriole",2013,0.0742574257425743
"Orchard Oriole",2014,0.102362204724409
"Orchard Oriole",2015,0.266240681576145
"Orchard Oriole",2016,0.15625
"Orchard Oriole",2017,0.0892857142857143
"Orchard Oriole",2018,0.0548159749412686
"Orchard Oriole",2019,0.112359550561798
"Orchard Oriole",2020,0.32488628979857
"Orchard Oriole",2021,0.374727668845316
"Orchard Oriole",2022,0.116883116883117
"Orchard Oriole",2023,0.269917283413148
"Orchard Oriole",2024,0.0926430517711172
"Baltimore Oriole",1999,0.082389289392379
"Baltimore Oriole",2000,0.0135777325186694
"Baltimore Oriole",2001,0.0335570469798658
"Baltimore Oriole",2002,0.00806451612903226
"Baltimore Oriole",2003,0.0541125541125541
"Baltimore Oriole",2004,0
"Baltimore Oriole",2005,0.0183262064752596
"Baltimore Oriole",2006,0.0433168316831683
"Baltimore Oriole",2007,0.0236220472440945
"Baltimore Oriole",2008,0.0638977635782748
"Baltimore Oriole",2009,0
"Baltimore Oriole",2010,0.0105042016806723
"Baltimore Oriole",2011,0.00783085356303837
"Baltimore Oriole",2012,0
"Baltimore Oriole",2013,0.00649772579597141
"Baltimore Oriole",2014,0
"Baltimore Oriole",2015,0
"Baltimore Oriole",2016,0.0348280365694384
"Baltimore Oriole",2017,0.0163487738419619
"Baltimore Oriole",2018,0
"Baltimore Oriole",2019,0.00694444444444444
"Baltimore Oriole",2020,0.0266666666666667
"Baltimore Oriole",2021,0.0232919254658385
"Baltimore Oriole",2022,0.0121138703815869
"Baltimore Oriole",2023,0.013745704467354
"Baltimore Oriole",2024,0
"Red-winged Blackbird",1999,0.445544554455446
"Red-winged Blackbird",2000,0.850393700787402
"Red-winged Blackbird",2001,1.79978700745474
"Red-winged Blackbird",2002,1.30208333333333
"Red-winged Blackbird",2003,0.840336134453782
"Red-winged Blackbird",2004,0.642129992169146
"Red-winged Blackbird",2005,0.515532055518837
"Red-winged Blackbird",2006,0.591293047433398
"Red-winged Blackbird",2007,1.34204793028322
"Red-winged Blackbird",2008,0.558441558441558
"Red-winged Blackbird",2009,0.740095777100566
"Red-winged Blackbird",2010,0.4141689373297
"Red-winged Blackbird",2011,1.02537545313309
"Red-winged Blackbird",2012,0.506944444444444
"Red-winged Blackbird",2013,0.346666666666667
"Red-winged Blackbird",2014,0.535714285714286
"Red-winged Blackbird",2015,0.593579648697759
"Red-winged Blackbird",2016,0.219931271477663
"Red-winged Blackbird",2017,0.306451612903226
"Red-winged Blackbird",2018,0.350154479917611
"Red-winged Blackbird",2019,0.278343516632722
"Red-winged Blackbird",2020,0.855704697986577
"Red-winged Blackbird",2021,0.951612903225806
"Red-winged Blackbird",2022,0.227272727272727
"Red-winged Blackbird",2023,0.537249283667622
"Red-winged Blackbird",2024,0.32376298106292
"Brown-headed Cowbird",1999,0.409356725146199
"Brown-headed Cowbird",2000,1.01089324618736
"Brown-headed Cowbird",2001,0.974025974025974
"Brown-headed Cowbird",2002,1.4018284719199
"Brown-headed Cowbird",2003,1.08991825613079
"Brown-headed Cowbird",2004,0.952874158467116
"Brown-headed Cowbird",2005,1.41666666666667
"Brown-headed Cowbird",2006,1.45777777777778
"Brown-headed Cowbird",2007,1.36645962732919
"Brown-headed Cowbird",2008,0.999394306480921
"Brown-headed Cowbird",2009,0.865979381443299
"Brown-headed Cowbird",2010,1.20161290322581
"Brown-headed Cowbird",2011,1.61688980432544
"Brown-headed Cowbird",2012,1.12016293279022
"Brown-headed Cowbird",2013,0.61241610738255
"Brown-headed Cowbird",2014,1.20161290322581
"Brown-headed Cowbird",2015,0.611471861471861
"Brown-headed Cowbird",2016,0.644699140401146
"Brown-headed Cowbird",2017,0.824679291386683
"Brown-headed Cowbird",2018,0.792079207920792
"Brown-headed Cowbird",2019,1.13385826771654
"Brown-headed Cowbird",2020,2.11927582534611
"Brown-headed Cowbird",2021,1.67708333333333
"Brown-headed Cowbird",2022,0.698529411764706
"Brown-headed Cowbird",2023,0.994518402505873
"Brown-headed Cowbird",2024,0.674157303370786
"Rusty Blackbird",1999,0
"Rusty Blackbird",2000,0
"Rusty Blackbird",2001,0
"Rusty Blackbird",2002,0
"Rusty Blackbird",2003,0
"Rusty Blackbird",2004,0
"Rusty Blackbird",2005,0
"Rusty Blackbird",2006,0
"Rusty Blackbird",2007,0
"Rusty Blackbird",2008,0
"Rusty Blackbird",2009,0
"Rusty Blackbird",2010,0.0610873549175321
"Rusty Blackbird",2011,0
"Rusty Blackbird",2012,0
"Rusty Blackbird",2013,0
"Rusty Blackbird",2014,0
"Rusty Blackbird",2015,0
"Rusty Blackbird",2016,0.00783085356303837
"Rusty Blackbird",2017,0
"Rusty Blackbird",2018,0
"Rusty Blackbird",2019,0
"Rusty Blackbird",2020,0
"Rusty Blackbird",2021,0
"Rusty Blackbird",2022,0
"Rusty Blackbird",2023,0
"Rusty Blackbird",2024,0
"Brewer's Blackbird",1999,0
"Brewer's Blackbird",2000,0
"Brewer's Blackbird",2001,0
"Brewer's Blackbird",2002,0
"Brewer's Blackbird",2003,0
"Brewer's Blackbird",2004,0
"Brewer's Blackbird",2005,0
"Brewer's Blackbird",2006,0
"Brewer's Blackbird",2007,0
"Brewer's Blackbird",2008,0
"Brewer's Blackbird",2009,0
"Brewer's Blackbird",2010,0
"Brewer's Blackbird",2011,0
"Brewer's Blackbird",2012,0
"Brewer's Blackbird",2013,0
"Brewer's Blackbird",2014,0
"Brewer's Blackbird",2015,0
"Brewer's Blackbird",2016,0
"Brewer's Blackbird",2017,0
"Brewer's Blackbird",2018,0
"Brewer's Blackbird",2019,0
"Brewer's Blackbird",2020,0
"Brewer's Blackbird",2021,0
"Brewer's Blackbird",2022,0
"Brewer's Blackbird",2023,0
"Brewer's Blackbird",2024,0
"Common Grackle",1999,2.93929712460064
"Common Grackle",2000,4.07291666666667
"Common Grackle",2001,2.44747899159664
"Common Grackle",2002,3.05403288958496
"Common Grackle",2003,2.23397224058163
"Common Grackle",2004,2.14424951267057
"Common Grackle",2005,2.58823529411765
"Common Grackle",2006,2.0974025974026
"Common Grackle",2007,2.76882890727035
"Common Grackle",2008,1.32425068119891
"Common Grackle",2009,1.62610046607975
"Common Grackle",2010,1
"Common Grackle",2011,1.19111111111111
"Common Grackle",2012,1.50621118012422
"Common Grackle",2013,1.13264688067838
"Common Grackle",2014,1.34020618556701
"Common Grackle",2015,1.84677419354839
"Common Grackle",2016,1.88465499485067
"Common Grackle",2017,1.3509843856076
"Common Grackle",2018,0.805369127516778
"Common Grackle",2019,0.838709677419355
"Common Grackle",2020,0.73051948051948
"Common Grackle",2021,0.773638968481375
"Common Grackle",2022,0.574221136224802
"Common Grackle",2023,0.872524752475248
"Common Grackle",2024,0.62992125984252
"Ovenbird",1999,0.454545454545455
"Ovenbird",2000,0.940356987374837
"Ovenbird",2001,0.632152588555858
"Ovenbird",2002,1.42931123770067
"Ovenbird",2003,1.0625
"Ovenbird",2004,0.853333333333333
"Ovenbird",2005,1.38198757763975
"Ovenbird",2006,0.854027861901878
"Ovenbird",2007,0.852233676975945
"Ovenbird",2008,0.838709677419355
"Ovenbird",2009,1.38002059732235
"Ovenbird",2010,0.957230142566191
"Ovenbird",2011,0.696308724832215
"Ovenbird",2012,0.75
"Ovenbird",2013,0.438311688311688
"Ovenbird",2014,0.90974212034384
"Ovenbird",2015,0.580329871716555
"Ovenbird",2016,0.748762376237624
"Ovenbird",2017,0.724409448818898
"Ovenbird",2018,0.830670926517572
"Ovenbird",2019,0.583333333333333
"Ovenbird",2020,0.546218487394958
"Ovenbird",2021,0.806577916992952
"Ovenbird",2022,0.264375413086583
"Ovenbird",2023,0.305393112410656
"Ovenbird",2024,0.435729847494553
"Worm-eating Warbler",1999,0.0121138703815869
"Worm-eating Warbler",2000,0
"Worm-eating Warbler",2001,0.00806451612903226
"Worm-eating Warbler",2002,0.0102986611740474
"Worm-eating Warbler",2003,0.00678886625933469
"Worm-eating Warbler",2004,0.0251677852348993
"Worm-eating Warbler",2005,0.0887096774193548
"Worm-eating Warbler",2006,0.0162337662337662
"Worm-eating Warbler",2007,0.0143266475644699
"Worm-eating Warbler",2008,0.00610873549175321
"Worm-eating Warbler",2009,0
"Worm-eating Warbler",2010,0.0708661417322835
"Worm-eating Warbler",2011,0
"Worm-eating Warbler",2012,0.0104166666666667
"Worm-eating Warbler",2013,0.00525210084033613
"Worm-eating Warbler",2014,0
"Worm-eating Warbler",2015,0.00660938532716457
"Worm-eating Warbler",2016,0.0129954515919428
"Worm-eating Warbler",2017,0.00871459694989107
"Worm-eating Warbler",2018,0.012987012987013
"Worm-eating Warbler",2019,0
"Worm-eating Warbler",2020,0.00544959128065395
"Worm-eating Warbler",2021,0.0207146556188503
"Worm-eating Warbler",2022,0.00694444444444444
"Worm-eating Warbler",2023,0
"Worm-eating Warbler",2024,0
"Louisiana Waterthrush",1999,0.0595238095238095
"Louisiana Waterthrush",2000,0.0931232091690544
"Louisiana Waterthrush",2001,0.0794135613927917
"Louisiana Waterthrush",2002,0.185643564356436
"Louisiana Waterthrush",2003,0.228346456692913
"Louisiana Waterthrush",2004,0.20234291799787
"Louisiana Waterthrush",2005,0.15625
"Louisiana Waterthrush",2006,0.0367647058823529
"Louisiana Waterthrush",2007,0.125293657008614
"Louisiana Waterthrush",2008,0.0727032385988103
"Louisiana Waterthrush",2009,0.110461338531514
"Louisiana Waterthrush",2010,0.113289760348584
"Louisiana Waterthrush",2011,0.0584415584415584
"Louisiana Waterthrush",2012,0.174140182847192
"Louisiana Waterthrush",2013,0.0435967302452316
"Louisiana Waterthrush",2014,0.217503883997929
"Louisiana Waterthrush",2015,0.0763888888888889
"Louisiana Waterthrush",2016,0.16
"Louisiana Waterthrush",2017,0.240683229813665
"Louisiana Waterthrush",2018,0.109024833434282
"Louisiana Waterthrush",2019,0.0893470790378007
"Louisiana Waterthrush",2020,0.161290322580645
"Louisiana Waterthrush",2021,0.164778578784758
"Louisiana Waterthrush",2022,0.0610997963340122
"Louisiana Waterthrush",2023,0.125838926174497
"Louisiana Waterthrush",2024,0.112903225806452
"Northern Waterthrush",1999,0.0315126050420168
"Northern Waterthrush",2000,0.0783085356303837
"Northern Waterthrush",2001,0.0264375413086583
"Northern Waterthrush",2002,0.0909681611435997
"Northern Waterthrush",2003,0.0522875816993464
"Northern Waterthrush",2004,0.038961038961039
"Northern Waterthrush",2005,0.0609490639965172
"Northern Waterthrush",2006,0
"Northern Waterthrush",2007,0.227861211807354
"Northern Waterthrush",2008,0.0277777777777778
"Northern Waterthrush",2009,0.0533333333333333
"Northern Waterthrush",2010,0.062111801242236
"Northern Waterthrush",2011,0.0121138703815869
"Northern Waterthrush",2012,0.0687285223367698
"Northern Waterthrush",2013,0.032258064516129
"Northern Waterthrush",2014,0.154479917610711
"Northern Waterthrush",2015,0.0135777325186694
"Northern Waterthrush",2016,0.100671140939597
"Northern Waterthrush",2017,0.145161290322581
"Northern Waterthrush",2018,0.0162337662337662
"Northern Waterthrush",2019,0.0286532951289398
"Northern Waterthrush",2020,0.0977397678680513
"Northern Waterthrush",2021,0.142326732673267
"Northern Waterthrush",2022,0.078740157480315
"Northern Waterthrush",2023,0.0638977635782748
"Northern Waterthrush",2024,0.0416666666666667
"Golden-winged Warbler",1999,0
"Golden-winged Warbler",2000,0
"Golden-winged Warbler",2001,0
"Golden-winged Warbler",2002,0
"Golden-winged Warbler",2003,0
"Golden-winged Warbler",2004,0
"Golden-winged Warbler",2005,0
"Golden-winged Warbler",2006,0
"Golden-winged Warbler",2007,0
"Golden-winged Warbler",2008,0
"Golden-winged Warbler",2009,0
"Golden-winged Warbler",2010,0
"Golden-winged Warbler",2011,0
"Golden-winged Warbler",2012,0
"Golden-winged Warbler",2013,0
"Golden-winged Warbler",2014,0
"Golden-winged Warbler",2015,0
"Golden-winged Warbler",2016,0
"Golden-winged Warbler",2017,0
"Golden-winged Warbler",2018,0
"Golden-winged Warbler",2019,0
"Golden-winged Warbler",2020,0
"Golden-winged Warbler",2021,0
"Golden-winged Warbler",2022,0
"Golden-winged Warbler",2023,0
"Golden-winged Warbler",2024,0
"Blue-winged Warbler",1999,0.0967741935483871
"Blue-winged Warbler",2000,0
"Blue-winged Warbler",2001,0
"Blue-winged Warbler",2002,0
"Blue-winged Warbler",2003,0
"Blue-winged Warbler",2004,0
"Blue-winged Warbler",2005,0.0286532951289398
"Blue-winged Warbler",2006,0
"Blue-winged Warbler",2007,0.00618811881188119
"Blue-winged Warbler",2008,0.015748031496063
"Blue-winged Warbler",2009,0
"Blue-winged Warbler",2010,0.0104166666666667
"Blue-winged Warbler",2011,0
"Blue-winged Warbler",2012,0
"Blue-winged Warbler",2013,0
"Blue-winged Warbler",2014,0
"Blue-winged Warbler",2015,0.0174291938997821
"Blue-winged Warbler",2016,0
"Blue-winged Warbler",2017,0
"Blue-winged Warbler",2018,0
"Blue-winged Warbler",2019,0.0103573278094252
"Blue-winged Warbler",2020,0.0138888888888889
"Blue-winged Warbler",2021,0.0177777777777778
"Blue-winged Warbler",2022,0
"Blue-winged Warbler",2023,0
"Blue-winged Warbler",2024,0
"Black-and-white Warbler",1999,0.207697006719609
"Black-and-white Warbler",2000,0.0618811881188119
"Black-and-white Warbler",2001,0.173228346456693
"Black-and-white Warbler",2002,0.340788072417465
"Black-and-white Warbler",2003,0.520833333333333
"Black-and-white Warbler",2004,0.0945378151260504
"Black-and-white Warbler",2005,0.642129992169146
"Black-and-white Warbler",2006,0.118968935888962
"Black-and-white Warbler",2007,0.201429499675114
"Black-and-white Warbler",2008,0.209150326797386
"Black-and-white Warbler",2009,0.207792207792208
"Black-and-white Warbler",2010,0.21767522855899
"Black-and-white Warbler",2011,0.168937329700272
"Black-and-white Warbler",2012,0.176074572760228
"Black-and-white Warbler",2013,0.0625
"Black-and-white Warbler",2014,0.195555555555556
"Black-and-white Warbler",2015,0.031055900621118
"Black-and-white Warbler",2016,0.211992731677771
"Black-and-white Warbler",2017,0.103092783505155
"Black-and-white Warbler",2018,0.0806451612903226
"Black-and-white Warbler",2019,0.0308959835221421
"Black-and-white Warbler",2020,0.631364562118126
"Black-and-white Warbler",2021,0.461409395973154
"Black-and-white Warbler",2022,0.258064516129032
"Black-and-white Warbler",2023,0.0432900432900433
"Black-and-white Warbler",2024,0.0859598853868195
"Prothonotary Warbler",1999,0.092531394580304
"Prothonotary Warbler",2000,0.233918128654971
"Prothonotary Warbler",2001,0.32244008714597
"Prothonotary Warbler",2002,0.305194805194805
"Prothonotary Warbler",2003,0.304745319982586
"Prothonotary Warbler",2004,0.190735694822888
"Prothonotary Warbler",2005,0.538581046090109
"Prothonotary Warbler",2006,0.368055555555556
"Prothonotary Warbler",2007,0.453333333333333
"Prothonotary Warbler",2008,0.380434782608696
"Prothonotary Warbler",2009,0.218049666868565
"Prothonotary Warbler",2010,0.309278350515464
"Prothonotary Warbler",2011,0.185483870967742
"Prothonotary Warbler",2012,0.329557157569516
"Prothonotary Warbler",2013,0.230821452817379
"Prothonotary Warbler",2014,0.243288590604027
"Prothonotary Warbler",2015,0.362903225806452
"Prothonotary Warbler",2016,0.124458874458874
"Prothonotary Warbler",2017,0.207736389684814
"Prothonotary Warbler",2018,0.0855222968845449
"Prothonotary Warbler",2019,0.136138613861386
"Prothonotary Warbler",2020,0.362204724409449
"Prothonotary Warbler",2021,0.60702875399361
"Prothonotary Warbler",2022,0.1875
"Prothonotary Warbler",2023,0.120798319327731
"Prothonotary Warbler",2024,0.219263899765074
"Swainson's Warbler",1999,0
"Swainson's Warbler",2000,0
"Swainson's Warbler",2001,0
"Swainson's Warbler",2002,0.00605693519079346
"Swainson's Warbler",2003,0
"Swainson's Warbler",2004,0
"Swainson's Warbler",2005,0
"Swainson's Warbler",2006,0
"Swainson's Warbler",2007,0
"Swainson's Warbler",2008,0
"Swainson's Warbler",2009,0
"Swainson's Warbler",2010,0
"Swainson's Warbler",2011,0
"Swainson's Warbler",2012,0
"Swainson's Warbler",2013,0
"Swainson's Warbler",2014,0
"Swainson's Warbler",2015,0
"Swainson's Warbler",2016,0
"Swainson's Warbler",2017,0
"Swainson's Warbler",2018,0
"Swainson's Warbler",2019,0
"Swainson's Warbler",2020,0
"Swainson's Warbler",2021,0
"Swainson's Warbler",2022,0
"Swainson's Warbler",2023,0
"Swainson's Warbler",2024,0
"Tennessee Warbler",1999,0
"Tennessee Warbler",2000,0
"Tennessee Warbler",2001,0
"Tennessee Warbler",2002,0
"Tennessee Warbler",2003,0
"Tennessee Warbler",2004,0
"Tennessee Warbler",2005,0.00618811881188119
"Tennessee Warbler",2006,0
"Tennessee Warbler",2007,0
"Tennessee Warbler",2008,0
"Tennessee Warbler",2009,0
"Tennessee Warbler",2010,0
"Tennessee Warbler",2011,0
"Tennessee Warbler",2012,0
"Tennessee Warbler",2013,0
"Tennessee Warbler",2014,0
"Tennessee Warbler",2015,0
"Tennessee Warbler",2016,0
"Tennessee Warbler",2017,0
"Tennessee Warbler",2018,0
"Tennessee Warbler",2019,0
"Tennessee Warbler",2020,0
"Tennessee Warbler",2021,0
"Tennessee Warbler",2022,0.00687285223367698
"Tennessee Warbler",2023,0
"Tennessee Warbler",2024,0
"Orange-crowned Warbler",1999,0
"Orange-crowned Warbler",2000,0
"Orange-crowned Warbler",2001,0
"Orange-crowned Warbler",2002,0
"Orange-crowned Warbler",2003,0
"Orange-crowned Warbler",2004,0
"Orange-crowned Warbler",2005,0
"Orange-crowned Warbler",2006,0
"Orange-crowned Warbler",2007,0
"Orange-crowned Warbler",2008,0
"Orange-crowned Warbler",2009,0
"Orange-crowned Warbler",2010,0
"Orange-crowned Warbler",2011,0
"Orange-crowned Warbler",2012,0
"Orange-crowned Warbler",2013,0
"Orange-crowned Warbler",2014,0
"Orange-crowned Warbler",2015,0
"Orange-crowned Warbler",2016,0
"Orange-crowned Warbler",2017,0
"Orange-crowned Warbler",2018,0
"Orange-crowned Warbler",2019,0
"Orange-crowned Warbler",2020,0
"Orange-crowned Warbler",2021,0
"Orange-crowned Warbler",2022,0
"Orange-crowned Warbler",2023,0
"Orange-crowned Warbler",2024,0
"Nashville Warbler",1999,0
"Nashville Warbler",2000,0
"Nashville Warbler",2001,0
"Nashville Warbler",2002,0
"Nashville Warbler",2003,0
"Nashville Warbler",2004,0
"Nashville Warbler",2005,0.00888888888888889
"Nashville Warbler",2006,0
"Nashville Warbler",2007,0
"Nashville Warbler",2008,0
"Nashville Warbler",2009,0
"Nashville Warbler",2010,0
"Nashville Warbler",2011,0
"Nashville Warbler",2012,0
"Nashville Warbler",2013,0
"Nashville Warbler",2014,0
"Nashville Warbler",2015,0
"Nashville Warbler",2016,0
"Nashville Warbler",2017,0
"Nashville Warbler",2018,0
"Nashville Warbler",2019,0
"Nashville Warbler",2020,0
"Nashville Warbler",2021,0
"Nashville Warbler",2022,0
"Nashville Warbler",2023,0
"Nashville Warbler",2024,0
"Kentucky Warbler",1999,0.0388198757763975
"Kentucky Warbler",2000,0.0605693519079346
"Kentucky Warbler",2001,0.0343642611683849
"Kentucky Warbler",2002,0.0241935483870968
"Kentucky Warbler",2003,0.0926879505664263
"Kentucky Warbler",2004,0.0203665987780041
"Kentucky Warbler",2005,0.0167785234899329
"Kentucky Warbler",2006,0.0645161290322581
"Kentucky Warbler",2007,0.0270562770562771
"Kentucky Warbler",2008,0.0143266475644699
"Kentucky Warbler",2009,0.0366524129505192
"Kentucky Warbler",2010,0.0495049504950495
"Kentucky Warbler",2011,0.0551181102362205
"Kentucky Warbler",2012,0.0425985090521832
"Kentucky Warbler",2013,0.03125
"Kentucky Warbler",2014,0
"Kentucky Warbler",2015,0.00783085356303837
"Kentucky Warbler",2016,0.0528750826173166
"Kentucky Warbler",2017,0.0519818063677713
"Kentucky Warbler",2018,0
"Kentucky Warbler",2019,0.0324675324675325
"Kentucky Warbler",2020,0.0174140182847192
"Kentucky Warbler",2021,0.0217983651226158
"Kentucky Warbler",2022,0.0103573278094252
"Kentucky Warbler",2023,0.00694444444444444
"Kentucky Warbler",2024,0
"Common Yellowthroat",1999,0.798387096774194
"Common Yellowthroat",2000,0.557359307359307
"Common Yellowthroat",2001,1.01719197707736
"Common Yellowthroat",2002,0.910201588271228
"Common Yellowthroat",2003,0.847772277227723
"Common Yellowthroat",2004,1.28346456692913
"Common Yellowthroat",2005,1.30990415335463
"Common Yellowthroat",2006,1.05208333333333
"Common Yellowthroat",2007,0.908613445378151
"Common Yellowthroat",2008,0.924040720438528
"Common Yellowthroat",2009,0.680766688697951
"Common Yellowthroat",2010,0.467836257309941
"Common Yellowthroat",2011,0.827886710239651
"Common Yellowthroat",2012,0.75974025974026
"Common Yellowthroat",2013,0.853286895951241
"Common Yellowthroat",2014,0.724795640326976
"Common Yellowthroat",2015,1.04609010875194
"Common Yellowthroat",2016,0.868055555555556
"Common Yellowthroat",2017,0.96
"Common Yellowthroat",2018,0.388198757763975
"Common Yellowthroat",2019,0.339188370684434
"Common Yellowthroat",2020,0.852233676975945
"Common Yellowthroat",2021,1.63709677419355
"Common Yellowthroat",2022,1.27703398558187
"Common Yellowthroat",2023,0.577053632043449
"Common Yellowthroat",2024,1.11577181208054
"Hooded Warbler",1999,0.385416666666667
"Hooded Warbler",2000,0.341386554621849
"Hooded Warbler",2001,0.454189506656226
"Hooded Warbler",2002,0.46265697290152
"Hooded Warbler",2003,0.480831708901884
"Hooded Warbler",2004,0.479302832244009
"Hooded Warbler",2005,0.396103896103896
"Hooded Warbler",2006,0.43535045711798
"Hooded Warbler",2007,0.212534059945504
"Hooded Warbler",2008,0.476437079233558
"Hooded Warbler",2009,0.361111111111111
"Hooded Warbler",2010,0.435555555555556
"Hooded Warbler",2011,0.225155279503106
"Hooded Warbler",2012,0.187764990914597
"Hooded Warbler",2013,0.268041237113402
"Hooded Warbler",2014,0.185483870967742
"Hooded Warbler",2015,0.319258496395468
"Hooded Warbler",2016,0.210454854039375
"Hooded Warbler",2017,0.268456375838926
"Hooded Warbler",2018,0.306451612903226
"Hooded Warbler",2019,0.151515151515152
"Hooded Warbler",2020,0.336676217765043
"Hooded Warbler",2021,0.397067806963958
"Hooded Warbler",2022,0.167079207920792
"Hooded Warbler",2023,0.228346456692913
"Hooded Warbler",2024,0.20234291799787
"American Redstart",1999,0.304745319982586
"American Redstart",2000,0.288828337874659
"American Redstart",2001,0.372863801139306
"American Redstart",2002,0.576388888888889
"American Redstart",2003,0.524444444444444
"American Redstart",2004,0.419254658385093
"American Redstart",2005,0.381586917019988
"American Redstart",2006,0.240549828178694
"American Redstart",2007,0.491935483870968
"American Redstart",2008,0.319258496395468
"American Redstart",2009,0.291921249151392
"American Redstart",2010,0.302013422818792
"American Redstart",2011,0.346774193548387
"American Redstart",2012,0.303030303030303
"American Redstart",2013,0.379656160458453
"American Redstart",2014,0.354306658521686
"American Redstart",2015,0.0928217821782178
"American Redstart",2016,0.346456692913386
"American Redstart",2017,0.53248136315229
"American Redstart",2018,0.208333333333333
"American Redstart",2019,0.110294117647059
"American Redstart",2020,0.321064996084573
"American Redstart",2021,0.244547257105089
"American Redstart",2022,0.402858999350227
"American Redstart",2023,0.427015250544662
"American Redstart",2024,0.142857142857143
"Cape May Warbler",1999,0
"Cape May Warbler",2000,0
"Cape May Warbler",2001,0
"Cape May Warbler",2002,0
"Cape May Warbler",2003,0.00838926174496644
"Cape May Warbler",2004,0
"Cape May Warbler",2005,0.00541125541125541
"Cape May Warbler",2006,0.0143266475644699
"Cape May Warbler",2007,0.00610873549175321
"Cape May Warbler",2008,0.0247524752475248
"Cape May Warbler",2009,0
"Cape May Warbler",2010,0.0212992545260916
"Cape May Warbler",2011,0.0104166666666667
"Cape May Warbler",2012,0
"Cape May Warbler",2013,0
"Cape May Warbler",2014,0
"Cape May Warbler",2015,0
"Cape May Warbler",2016,0
"Cape May Warbler",2017,0
"Cape May Warbler",2018,0
"Cape May Warbler",2019,0
"Cape May Warbler",2020,0.0414293112377007
"Cape May Warbler",2021,0.0138888888888889
"Cape May Warbler",2022,0.00888888888888889
"Cape May Warbler",2023,0
"Cape May Warbler",2024,0
"Cerulean Warbler",1999,0
"Cerulean Warbler",2000,0
"Cerulean Warbler",2001,0
"Cerulean Warbler",2002,0
"Cerulean Warbler",2003,0
"Cerulean Warbler",2004,0
"Cerulean Warbler",2005,0
"Cerulean Warbler",2006,0
"Cerulean Warbler",2007,0
"Cerulean Warbler",2008,0
"Cerulean Warbler",2009,0
"Cerulean Warbler",2010,0
"Cerulean Warbler",2011,0
"Cerulean Warbler",2012,0
"Cerulean Warbler",2013,0
"Cerulean Warbler",2014,0
"Cerulean Warbler",2015,0
"Cerulean Warbler",2016,0
"Cerulean Warbler",2017,0
"Cerulean Warbler",2018,0
"Cerulean Warbler",2019,0
"Cerulean Warbler",2020,0
"Cerulean Warbler",2021,0
"Cerulean Warbler",2022,0
"Cerulean Warbler",2023,0
"Cerulean Warbler",2024,0
"Northern Parula",1999,0.509005481597494
"Northern Parula",2000,0.343688037012558
"Northern Parula",2001,0.610786224821313
"Northern Parula",2002,0.854030501089325
"Northern Parula",2003,1.16883116883117
"Northern Parula",2004,0.687853722246408
"Northern Parula",2005,0.643051771117166
"Northern Parula",2006,0.932159502848265
"Northern Parula",2007,0.916666666666667
"Northern Parula",2008,1.19111111111111
"Northern Parula",2009,1.11024844720497
"Northern Parula",2010,0.82374318594791
"Northern Parula",2011,0.494845360824742
"Northern Parula",2012,0.57258064516129
"Northern Parula",2013,0.710607621009269
"Northern Parula",2014,0.76714188730482
"Northern Parula",2015,0.671140939597315
"Northern Parula",2016,0.653225806451613
"Northern Parula",2017,0.438311688311688
"Northern Parula",2018,0.587392550143267
"Northern Parula",2019,0.415394013439218
"Northern Parula",2020,1.4480198019802
"Northern Parula",2021,1.81889763779528
"Northern Parula",2022,1.40575079872204
"Northern Parula",2023,0.864583333333333
"Northern Parula",2024,0.39390756302521
"Magnolia Warbler",1999,0.0103573278094252
"Magnolia Warbler",2000,0.0416666666666667
"Magnolia Warbler",2001,0.00888888888888889
"Magnolia Warbler",2002,0.0232919254658385
"Magnolia Warbler",2003,0.0242277407631738
"Magnolia Warbler",2004,0.013745704467354
"Magnolia Warbler",2005,0
"Magnolia Warbler",2006,0.0720906282183316
"Magnolia Warbler",2007,0
"Magnolia Warbler",2008,0.00838926174496644
"Magnolia Warbler",2009,0
"Magnolia Warbler",2010,0
"Magnolia Warbler",2011,0.00716332378223496
"Magnolia Warbler",2012,0.0122174709835064
"Magnolia Warbler",2013,0.0123762376237624
"Magnolia Warbler",2014,0.047244094488189
"Magnolia Warbler",2015,0
"Magnolia Warbler",2016,0.114583333333333
"Magnolia Warbler",2017,0.0735294117647059
"Magnolia Warbler",2018,0.00783085356303837
"Magnolia Warbler",2019,0.00660938532716457
"Magnolia Warbler",2020,0.0129954515919428
"Magnolia Warbler",2021,0.0522875816993464
"Magnolia Warbler",2022,0.0584415584415584
"Magnolia Warbler",2023,0
"Magnolia Warbler",2024,0
"Bay-breasted Warbler",1999,0
"Bay-breasted Warbler",2000,0
"Bay-breasted Warbler",2001,0
"Bay-breasted Warbler",2002,0.0241935483870968
"Bay-breasted Warbler",2003,0
"Bay-breasted Warbler",2004,0
"Bay-breasted Warbler",2005,0.00610873549175321
"Bay-breasted Warbler",2006,0
"Bay-breasted Warbler",2007,0
"Bay-breasted Warbler",2008,0
"Bay-breasted Warbler",2009,0
"Bay-breasted Warbler",2010,0
"Bay-breasted Warbler",2011,0
"Bay-breasted Warbler",2012,0
"Bay-breasted Warbler",2013,0
"Bay-breasted Warbler",2014,0.00871459694989107
"Bay-breasted Warbler",2015,0
"Bay-breasted Warbler",2016,0
"Bay-breasted Warbler",2017,0
"Bay-breasted Warbler",2018,0
"Bay-breasted Warbler",2019,0
"Bay-breasted Warbler",2020,0.0177777777777778
"Bay-breasted Warbler",2021,0
"Bay-breasted Warbler",2022,0
"Bay-breasted Warbler",2023,0
"Bay-breasted Warbler",2024,0
"Blackburnian Warbler",1999,0.00618811881188119
"Blackburnian Warbler",2000,0
"Blackburnian Warbler",2001,0.0212992545260916
"Blackburnian Warbler",2002,0
"Blackburnian Warbler",2003,0
"Blackburnian Warbler",2004,0
"Blackburnian Warbler",2005,0
"Blackburnian Warbler",2006,0
"Blackburnian Warbler",2007,0.00871459694989107
"Blackburnian Warbler",2008,0
"Blackburnian Warbler",2009,0
"Blackburnian Warbler",2010,0
"Blackburnian Warbler",2011,0
"Blackburnian Warbler",2012,0
"Blackburnian Warbler",2013,0
"Blackburnian Warbler",2014,0
"Blackburnian Warbler",2015,0
"Blackburnian Warbler",2016,0
"Blackburnian Warbler",2017,0.00806451612903226
"Blackburnian Warbler",2018,0
"Blackburnian Warbler",2019,0
"Blackburnian Warbler",2020,0.00838926174496644
"Blackburnian Warbler",2021,0
"Blackburnian Warbler",2022,0.00541125541125541
"Blackburnian Warbler",2023,0
"Blackburnian Warbler",2024,0
"Yellow Warbler",1999,0.0714749837556855
"Yellow Warbler",2000,0.0522875816993464
"Yellow Warbler",2001,0.012987012987013
"Yellow Warbler",2002,0.121898127993034
"Yellow Warbler",2003,0.0544959128065395
"Yellow Warbler",2004,0
"Yellow Warbler",2005,0.0833333333333333
"Yellow Warbler",2006,0.0711111111111111
"Yellow Warbler",2007,0.217391304347826
"Yellow Warbler",2008,0.0484554815263477
"Yellow Warbler",2009,0.0206185567010309
"Yellow Warbler",2010,0.0725806451612903
"Yellow Warbler",2011,0.0720906282183316
"Yellow Warbler",2012,0.0407331975560081
"Yellow Warbler",2013,0.00838926174496644
"Yellow Warbler",2014,0.0483870967741935
"Yellow Warbler",2015,0.0162337662337662
"Yellow Warbler",2016,0.0501432664756447
"Yellow Warbler",2017,0.0916310323762981
"Yellow Warbler",2018,0.0185643564356436
"Yellow Warbler",2019,0.0708661417322835
"Yellow Warbler",2020,0.0638977635782748
"Yellow Warbler",2021,0.177083333333333
"Yellow Warbler",2022,0.0472689075630252
"Yellow Warbler",2023,0.0156617071260767
"Yellow Warbler",2024,0.0330469266358229
"Chestnut-sided Warbler",1999,0.0533333333333333
"Chestnut-sided Warbler",2000,0.0232919254658385
"Chestnut-sided Warbler",2001,0
"Chestnut-sided Warbler",2002,0
"Chestnut-sided Warbler",2003,0.032258064516129
"Chestnut-sided Warbler",2004,0.0102986611740474
"Chestnut-sided Warbler",2005,0.00678886625933469
"Chestnut-sided Warbler",2006,0.0503355704697987
"Chestnut-sided Warbler",2007,0
"Chestnut-sided Warbler",2008,0.0108225108225108
"Chestnut-sided Warbler",2009,0
"Chestnut-sided Warbler",2010,0
"Chestnut-sided Warbler",2011,0.00618811881188119
"Chestnut-sided Warbler",2012,0.0078740157480315
"Chestnut-sided Warbler",2013,0
"Chestnut-sided Warbler",2014,0
"Chestnut-sided Warbler",2015,0.00525210084033613
"Chestnut-sided Warbler",2016,0.0313234142521535
"Chestnut-sided Warbler",2017,0.0396563119629874
"Chestnut-sided Warbler",2018,0
"Chestnut-sided Warbler",2019,0
"Chestnut-sided Warbler",2020,0.00649350649350649
"Chestnut-sided Warbler",2021,0.0174140182847192
"Chestnut-sided Warbler",2022,0.0217983651226158
"Chestnut-sided Warbler",2023,0.0414293112377007
"Chestnut-sided Warbler",2024,0
"Blackpoll Warbler",1999,0
"Blackpoll Warbler",2000,0.0483870967741935
"Blackpoll Warbler",2001,0
"Blackpoll Warbler",2002,0.143266475644699
"Blackpoll Warbler",2003,0.0366524129505192
"Blackpoll Warbler",2004,0.0433168316831683
"Blackpoll Warbler",2005,0.031496062992126
"Blackpoll Warbler",2006,0
"Blackpoll Warbler",2007,0.3125
"Blackpoll Warbler",2008,0.0157563025210084
"Blackpoll Warbler",2009,0.00783085356303837
"Blackpoll Warbler",2010,0.0330469266358229
"Blackpoll Warbler",2011,0.0389863547758285
"Blackpoll Warbler",2012,0.0435729847494553
"Blackpoll Warbler",2013,0.0909090909090909
"Blackpoll Warbler",2014,0.0609490639965172
"Blackpoll Warbler",2015,0.0108991825613079
"Blackpoll Warbler",2016,0.0310719834282755
"Blackpoll Warbler",2017,0.0555555555555556
"Blackpoll Warbler",2018,0.0355555555555556
"Blackpoll Warbler",2019,0
"Blackpoll Warbler",2020,0.0545124167171411
"Blackpoll Warbler",2021,0
"Blackpoll Warbler",2022,0.0483870967741935
"Blackpoll Warbler",2023,0.0205973223480947
"Blackpoll Warbler",2024,0.0135777325186694
"Black-throated Blue Warbler",1999,0.53248136315229
"Black-throated Blue Warbler",2000,0.0416666666666667
"Black-throated Blue Warbler",2001,0.126050420168067
"Black-throated Blue Warbler",2002,0.305403288958496
"Black-throated Blue Warbler",2003,0.753469927296761
"Black-throated Blue Warbler",2004,0.266406757634828
"Black-throated Blue Warbler",2005,0.749455337690632
"Black-throated Blue Warbler",2006,0.564935064935065
"Black-throated Blue Warbler",2007,1.03613408794079
"Black-throated Blue Warbler",2008,0.425068119891008
"Black-throated Blue Warbler",2009,0.932159502848265
"Black-throated Blue Warbler",2010,0.527777777777778
"Black-throated Blue Warbler",2011,0.604444444444444
"Black-throated Blue Warbler",2012,0.116459627329193
"Black-throated Blue Warbler",2013,0.133252574197456
"Black-throated Blue Warbler",2014,0.405498281786942
"Black-throated Blue Warbler",2015,0.0403225806451613
"Black-throated Blue Warbler",2016,0.998970133882595
"Black-throated Blue Warbler",2017,0.244399185336049
"Black-throated Blue Warbler",2018,0.0587248322147651
"Black-throated Blue Warbler",2019,0.0403225806451613
"Black-throated Blue Warbler",2020,0.606060606060606
"Black-throated Blue Warbler",2021,0.92406876790831
"Black-throated Blue Warbler",2022,0.348197923029933
"Black-throated Blue Warbler",2023,0.0309405940594059
"Black-throated Blue Warbler",2024,0.149606299212598
"Palm Warbler",1999,0.012987012987013
"Palm Warbler",2000,0
"Palm Warbler",2001,0
"Palm Warbler",2002,0.0103573278094252
"Palm Warbler",2003,0.00694444444444444
"Palm Warbler",2004,0.00888888888888889
"Palm Warbler",2005,0.031055900621118
"Palm Warbler",2006,0.00605693519079346
"Palm Warbler",2007,0.013745704467354
"Palm Warbler",2008,0
"Palm Warbler",2009,0
"Palm Warbler",2010,0.00678886625933469
"Palm Warbler",2011,0
"Palm Warbler",2012,0.00806451612903226
"Palm Warbler",2013,0
"Palm Warbler",2014,0
"Palm Warbler",2015,0
"Palm Warbler",2016,0.0123762376237624
"Palm Warbler",2017,0.0078740157480315
"Palm Warbler",2018,0
"Palm Warbler",2019,0
"Palm Warbler",2020,0
"Palm Warbler",2021,0
"Palm Warbler",2022,0.0132187706543291
"Palm Warbler",2023,0
"Palm Warbler",2024,0.00871459694989107
"Pine Warbler",1999,0.932768019382193
"Pine Warbler",2000,1.45017182130584
"Pine Warbler",2001,1.74193548387097
"Pine Warbler",2002,2.80123583934088
"Pine Warbler",2003,0.991174473862865
"Pine Warbler",2004,1.48489932885906
"Pine Warbler",2005,1.33870967741935
"Pine Warbler",2006,1.08766233766234
"Pine Warbler",2007,1.01002865329513
"Pine Warbler",2008,1.00183262064753
"Pine Warbler",2009,0.767326732673267
"Pine Warbler",2010,1.33070866141732
"Pine Warbler",2011,1.35250266240682
"Pine Warbler",2012,1.47916666666667
"Pine Warbler",2013,0.46218487394958
"Pine Warbler",2014,1.13547376664056
"Pine Warbler",2015,1.044282881692
"Pine Warbler",2016,0.734243014944769
"Pine Warbler",2017,1.0718954248366
"Pine Warbler",2018,0.707792207792208
"Pine Warbler",2019,1.01872006965607
"Pine Warbler",2020,1.15531335149864
"Pine Warbler",2021,1.7711030554117
"Pine Warbler",2022,0.951388888888889
"Pine Warbler",2023,1.34222222222222
"Pine Warbler",2024,0.869565217391304
"Yellow-rumped (Myrtle) Warbler",1999,1.89935064935065
"Yellow-rumped (Myrtle) Warbler",2000,0.0286532951289398
"Yellow-rumped (Myrtle) Warbler",2001,0.146609651802077
"Yellow-rumped (Myrtle) Warbler",2002,0.284653465346535
"Yellow-rumped (Myrtle) Warbler",2003,0.929133858267717
"Yellow-rumped (Myrtle) Warbler",2004,0.181043663471778
"Yellow-rumped (Myrtle) Warbler",2005,3.15625
"Yellow-rumped (Myrtle) Warbler",2006,0.435924369747899
"Yellow-rumped (Myrtle) Warbler",2007,0.665622552858262
"Yellow-rumped (Myrtle) Warbler",2008,0.614672835426305
"Yellow-rumped (Myrtle) Warbler",2009,0.32488628979857
"Yellow-rumped (Myrtle) Warbler",2010,0.671023965141612
"Yellow-rumped (Myrtle) Warbler",2011,0.103896103896104
"Yellow-rumped (Myrtle) Warbler",2012,0
"Yellow-rumped (Myrtle) Warbler",2013,0.0326975476839237
"Yellow-rumped (Myrtle) Warbler",2014,0.207146556188503
"Yellow-rumped (Myrtle) Warbler",2015,0.0347222222222222
"Yellow-rumped (Myrtle) Warbler",2016,0.24
"Yellow-rumped (Myrtle) Warbler",2017,0.077639751552795
"Yellow-rumped (Myrtle) Warbler",2018,0.0121138703815869
"Yellow-rumped (Myrtle) Warbler",2019,0.0274914089347079
"Yellow-rumped (Myrtle) Warbler",2020,0.653225806451613
"Yellow-rumped (Myrtle) Warbler",2021,1.33882595262616
"Yellow-rumped (Myrtle) Warbler",2022,0.203665987780041
"Yellow-rumped (Myrtle) Warbler",2023,0.00838926174496644
"Yellow-rumped (Myrtle) Warbler",2024,0.137096774193548
"Yellow-throated Warbler",1999,0.115546218487395
"Yellow-throated Warbler",2000,0.148786217697729
"Yellow-throated Warbler",2001,0.0859220092531394
"Yellow-throated Warbler",2002,0.181936322287199
"Yellow-throated Warbler",2003,0.278867102396514
"Yellow-throated Warbler",2004,0.116883116883117
"Yellow-throated Warbler",2005,0.191554201131911
"Yellow-throated Warbler",2006,0.141689373297003
"Yellow-throated Warbler",2007,0.269290523045054
"Yellow-throated Warbler",2008,0.152777777777778
"Yellow-throated Warbler",2009,0.204444444444444
"Yellow-throated Warbler",2010,0.186335403726708
"Yellow-throated Warbler",2011,0.078740157480315
"Yellow-throated Warbler",2012,0.13745704467354
"Yellow-throated Warbler",2013,0.0967741935483871
"Yellow-throated Warbler",2014,0.226570545829042
"Yellow-throated Warbler",2015,0.169721656483367
"Yellow-throated Warbler",2016,0.0922818791946309
"Yellow-throated Warbler",2017,0.137096774193548
"Yellow-throated Warbler",2018,0.102813852813853
"Yellow-throated Warbler",2019,0.121776504297994
"Yellow-throated Warbler",2020,0.317654245571167
"Yellow-throated Warbler",2021,0.507425742574257
"Yellow-throated Warbler",2022,0.173228346456693
"Yellow-throated Warbler",2023,0.500532481363152
"Yellow-throated Warbler",2024,0.385416666666667
"Prairie Warbler",1999,0.283378746594005
"Prairie Warbler",2000,0.424650440186432
"Prairie Warbler",2001,0.208333333333333
"Prairie Warbler",2002,0.293333333333333
"Prairie Warbler",2003,0.364906832298137
"Prairie Warbler",2004,0.205935796486978
"Prairie Warbler",2005,0.247422680412371
"Prairie Warbler",2006,0.258064516129032
"Prairie Warbler",2007,0.329557157569516
"Prairie Warbler",2008,0.251188051595384
"Prairie Warbler",2009,0.276845637583893
"Prairie Warbler",2010,0.274193548387097
"Prairie Warbler",2011,0.146103896103896
"Prairie Warbler",2012,0.171919770773639
"Prairie Warbler",2013,0.0794135613927917
"Prairie Warbler",2014,0.129950495049505
"Prairie Warbler",2015,0.220472440944882
"Prairie Warbler",2016,0.191693290734824
"Prairie Warbler",2017,0.197916666666667
"Prairie Warbler",2018,0.131302521008403
"Prairie Warbler",2019,0.125293657008614
"Prairie Warbler",2020,0.145406477197621
"Prairie Warbler",2021,0.233918128654971
"Prairie Warbler",2022,0.235294117647059
"Prairie Warbler",2023,0.142857142857143
"Prairie Warbler",2024,0.121898127993034
"Black-throated Green Warbler",1999,0.0161290322580645
"Black-throated Green Warbler",2000,0
"Black-throated Green Warbler",2001,0.00678886625933469
"Black-throated Green Warbler",2002,0.0251677852348993
"Black-throated Green Warbler",2003,0.104838709677419
"Black-throated Green Warbler",2004,0
"Black-throated Green Warbler",2005,0.0143266475644699
"Black-throated Green Warbler",2006,0.00610873549175321
"Black-throated Green Warbler",2007,0.0123762376237624
"Black-throated Green Warbler",2008,0.0393700787401575
"Black-throated Green Warbler",2009,0.0212992545260916
"Black-throated Green Warbler",2010,0.0208333333333333
"Black-throated Green Warbler",2011,0
"Black-throated Green Warbler",2012,0.00783085356303837
"Black-throated Green Warbler",2013,0
"Black-throated Green Warbler",2014,0
"Black-throated Green Warbler",2015,0
"Black-throated Green Warbler",2016,0
"Black-throated Green Warbler",2017,0.0261210274270788
"Black-throated Green Warbler",2018,0
"Black-throated Green Warbler",2019,0.0103573278094252
"Black-throated Green Warbler",2020,0
"Black-throated Green Warbler",2021,0.0177777777777778
"Black-throated Green Warbler",2022,0
"Black-throated Green Warbler",2023,0
"Black-throated Green Warbler",2024,0
"Canada Warbler",1999,0
"Canada Warbler",2000,0.0123762376237624
"Canada Warbler",2001,0
"Canada Warbler",2002,0
"Canada Warbler",2003,0
"Canada Warbler",2004,0
"Canada Warbler",2005,0
"Canada Warbler",2006,0.00660938532716457
"Canada Warbler",2007,0
"Canada Warbler",2008,0
"Canada Warbler",2009,0
"Canada Warbler",2010,0
"Canada Warbler",2011,0
"Canada Warbler",2012,0
"Canada Warbler",2013,0
"Canada Warbler",2014,0
"Canada Warbler",2015,0
"Canada Warbler",2016,0
"Canada Warbler",2017,0.00687285223367698
"Canada Warbler",2018,0
"Canada Warbler",2019,0
"Canada Warbler",2020,0
"Canada Warbler",2021,0
"Canada Warbler",2022,0
"Canada Warbler",2023,0
"Canada Warbler",2024,0
"Wilson's Warbler",1999,0
"Wilson's Warbler",2000,0.00649772579597141
"Wilson's Warbler",2001,0
"Wilson's Warbler",2002,0
"Wilson's Warbler",2003,0
"Wilson's Warbler",2004,0
"Wilson's Warbler",2005,0
"Wilson's Warbler",2006,0
"Wilson's Warbler",2007,0
"Wilson's Warbler",2008,0
"Wilson's Warbler",2009,0
"Wilson's Warbler",2010,0
"Wilson's Warbler",2011,0
"Wilson's Warbler",2012,0
"Wilson's Warbler",2013,0
"Wilson's Warbler",2014,0
"Wilson's Warbler",2015,0
"Wilson's Warbler",2016,0
"Wilson's Warbler",2017,0.00716332378223496
"Wilson's Warbler",2018,0
"Wilson's Warbler",2019,0
"Wilson's Warbler",2020,0
"Wilson's Warbler",2021,0.0106496272630458
"Wilson's Warbler",2022,0
"Wilson's Warbler",2023,0
"Wilson's Warbler",2024,0
"Summer Tanager",1999,0.25
"Summer Tanager",2000,0.995555555555556
"Summer Tanager",2001,1.00931677018634
"Summer Tanager",2002,0.642035130224107
"Summer Tanager",2003,0.838487972508591
"Summer Tanager",2004,0.862903225806452
"Summer Tanager",2005,1.10195674562307
"Summer Tanager",2006,0.970807875084861
"Summer Tanager",2007,0.889261744966443
"Summer Tanager",2008,0.854838709677419
"Summer Tanager",2009,0.703463203463203
"Summer Tanager",2010,0.530085959885387
"Summer Tanager",2011,0.433720219914478
"Summer Tanager",2012,0.544554455445545
"Summer Tanager",2013,0.606299212598425
"Summer Tanager",2014,1.20340788072417
"Summer Tanager",2015,1.375
"Summer Tanager",2016,0.441176470588235
"Summer Tanager",2017,0.76742364917776
"Summer Tanager",2018,0.812954395241242
"Summer Tanager",2019,0.792722547108512
"Summer Tanager",2020,1.5599128540305
"Summer Tanager",2021,0.987012987012987
"Summer Tanager",2022,0.992599042228994
"Summer Tanager",2023,0.594005449591281
"Summer Tanager",2024,0.973588814085966
"Scarlet Tanager",1999,0.285132382892057
"Scarlet Tanager",2000,0.427852348993289
"Scarlet Tanager",2001,0.370967741935484
"Scarlet Tanager",2002,0.362554112554113
"Scarlet Tanager",2003,0.680515759312321
"Scarlet Tanager",2004,0.281001832620648
"Scarlet Tanager",2005,0.41460396039604
"Scarlet Tanager",2006,0.574803149606299
"Scarlet Tanager",2007,0.521831735889244
"Scarlet Tanager",2008,0.416666666666667
"Scarlet Tanager",2009,0.262605042016807
"Scarlet Tanager",2010,0.438527799530149
"Scarlet Tanager",2011,0.290812954395241
"Scarlet Tanager",2012,0.207927225471085
"Scarlet Tanager",2013,0.24400871459695
"Scarlet Tanager",2014,0.201298701298701
"Scarlet Tanager",2015,0.322159338267305
"Scarlet Tanager",2016,0.141689373297003
"Scarlet Tanager",2017,0.362506473329881
"Scarlet Tanager",2018,0.166666666666667
"Scarlet Tanager",2019,0.293333333333333
"Scarlet Tanager",2020,0.543478260869565
"Scarlet Tanager",2021,0.339188370684434
"Scarlet Tanager",2022,0.233676975945017
"Scarlet Tanager",2023,0.120967741935484
"Scarlet Tanager",2024,0.216271884654995
"Northern Cardinal",1999,3.96850393700787
"Northern Cardinal",2000,7.75292864749734
"Northern Cardinal",2001,8.08333333333333
"Northern Cardinal",2002,5.25735294117647
"Northern Cardinal",2003,6.27251370399374
"Northern Cardinal",2004,4.15069398545935
"Northern Cardinal",2005,5.31513970110461
"Northern Cardinal",2006,7.37254901960784
"Northern Cardinal",2007,4.05194805194805
"Northern Cardinal",2008,5.79886808881149
"Northern Cardinal",2009,3.70027247956403
"Northern Cardinal",2010,6.73226307612636
"Northern Cardinal",2011,4.77777777777778
"Northern Cardinal",2012,5.24444444444444
"Northern Cardinal",2013,2.56211180124224
"Northern Cardinal",2014,3.90672319806178
"Northern Cardinal",2015,4.6872852233677
"Northern Cardinal",2016,3.99193548387097
"Northern Cardinal",2017,6.07621009268795
"Northern Cardinal",2018,3.75424304141208
"Northern Cardinal",2019,4.38758389261745
"Northern Cardinal",2020,6.58064516129032
"Northern Cardinal",2021,4.07467532467532
"Northern Cardinal",2022,4.58452722063037
"Northern Cardinal",2023,2.92608430054979
"Northern Cardinal",2024,2.94554455445545
"Rose-breasted Grosbeak",1999,0.0871459694989107
"Rose-breasted Grosbeak",2000,0.00649350649350649
"Rose-breasted Grosbeak",2001,0
"Rose-breasted Grosbeak",2002,0.0163487738419619
"Rose-breasted Grosbeak",2003,0.269290523045054
"Rose-breasted Grosbeak",2004,0.00694444444444444
"Rose-breasted Grosbeak",2005,0.106666666666667
"Rose-breasted Grosbeak",2006,0.062111801242236
"Rose-breasted Grosbeak",2007,0.13930950938825
"Rose-breasted Grosbeak",2008,0.0824742268041237
"Rose-breasted Grosbeak",2009,0.0241935483870968
"Rose-breasted Grosbeak",2010,0.0308959835221421
"Rose-breasted Grosbeak",2011,0
"Rose-breasted Grosbeak",2012,0.0335570469798658
"Rose-breasted Grosbeak",2013,0.00806451612903226
"Rose-breasted Grosbeak",2014,0.0108225108225108
"Rose-breasted Grosbeak",2015,0.00716332378223496
"Rose-breasted Grosbeak",2016,0.0427611484422725
"Rose-breasted Grosbeak",2017,0.0185643564356436
"Rose-breasted Grosbeak",2018,0.0078740157480315
"Rose-breasted Grosbeak",2019,0
"Rose-breasted Grosbeak",2020,0.3125
"Rose-breasted Grosbeak",2021,0.0735294117647059
"Rose-breasted Grosbeak",2022,0.0234925606891151
"Rose-breasted Grosbeak",2023,0.0132187706543291
"Rose-breasted Grosbeak",2024,0.0194931773879142
"Blue Grosbeak",1999,0.271739130434783
"Blue Grosbeak",2000,0.351302241066021
"Blue Grosbeak",2001,0.391752577319588
"Blue Grosbeak",2002,0.395161290322581
"Blue Grosbeak",2003,0.525231719876416
"Blue Grosbeak",2004,0.3326544467074
"Blue Grosbeak",2005,0.352348993288591
"Blue Grosbeak",2006,0.225806451612903
"Blue Grosbeak",2007,0.238095238095238
"Blue Grosbeak",2008,0.265042979942693
"Blue Grosbeak",2009,0.189370800244349
"Blue Grosbeak",2010,0.253712871287129
"Blue Grosbeak",2011,0.299212598425197
"Blue Grosbeak",2012,0.351437699680511
"Blue Grosbeak",2013,0.229166666666667
"Blue Grosbeak",2014,0.147058823529412
"Blue Grosbeak",2015,0.234925606891151
"Blue Grosbeak",2016,0.185062789160608
"Blue Grosbeak",2017,0.311890838206628
"Blue Grosbeak",2018,0.339869281045752
"Blue Grosbeak",2019,0.25974025974026
"Blue Grosbeak",2020,0.470178493687418
"Blue Grosbeak",2021,0.250681198910082
"Blue Grosbeak",2022,0.290005178663905
"Blue Grosbeak",2023,0.388888888888889
"Blue Grosbeak",2024,0.426666666666667
"Indigo Bunting",1999,1.2258064516129
"Indigo Bunting",2000,1.42857142857143
"Indigo Bunting",2001,1.91260744985673
"Indigo Bunting",2002,1.69822846670739
"Indigo Bunting",2003,1.3490099009901
"Indigo Bunting",2004,1.76377952755906
"Indigo Bunting",2005,1.24600638977636
"Indigo Bunting",2006,2.0625
"Indigo Bunting",2007,0.588235294117647
"Indigo Bunting",2008,1.26859827721222
"Indigo Bunting",2009,0.812954395241242
"Indigo Bunting",2010,0.656270305393112
"Indigo Bunting",2011,1.60348583877996
"Indigo Bunting",2012,1.14935064935065
"Indigo Bunting",2013,1.30605137135394
"Indigo Bunting",2014,0.790190735694823
"Indigo Bunting",2015,1.71931641636458
"Indigo Bunting",2016,0.951388888888889
"Indigo Bunting",2017,1.28
"Indigo Bunting",2018,1.11801242236025
"Indigo Bunting",2019,0.769230769230769
"Indigo Bunting",2020,1.10652920962199
"Indigo Bunting",2021,1.09677419354839
"Indigo Bunting",2022,1.47270854788877
"Indigo Bunting",2023,1.1541072640869
"Indigo Bunting",2024,1.1996644295302
"DICKCISSEL",1999,0
"DICKCISSEL",2000,0
"DICKCISSEL",2001,0
"DICKCISSEL",2002,0
"DICKCISSEL",2003,0
"DICKCISSEL",2004,0
"DICKCISSEL",2005,0
"DICKCISSEL",2006,0
"DICKCISSEL",2007,0
"DICKCISSEL",2008,0
"DICKCISSEL",2009,0
"DICKCISSEL",2010,0
"DICKCISSEL",2011,0
"DICKCISSEL",2012,0
"DICKCISSEL",2013,0
"DICKCISSEL",2014,0
"DICKCISSEL",2015,0
"DICKCISSEL",2016,0
"DICKCISSEL",2017,0.00838926174496644
"DICKCISSEL",2018,0
"DICKCISSEL",2019,0
"DICKCISSEL",2020,0.00716332378223496
"DICKCISSEL",2021,0
"DICKCISSEL",2022,0
"DICKCISSEL",2023,0
"DICKCISSEL",2024,0
"Canada Goose",1999,0.340616966580977
"Canada Goose",2000,1.36707925364862
"Canada Goose",2001,1.28604193971166
"Canada Goose",2002,1.05594405594406
"Canada Goose",2003,1.64840790416709
"Canada Goose",2004,1.25563117032493
"Canada Goose",2005,1.45898778359511
"Canada Goose",2006,0.62453531598513
"Canada Goose",2007,1.080625920988
"Canada Goose",2008,1.3682092555332
"Canada Goose",2009,0.855002203613927
"Canada Goose",2010,0.822093770070649
"Canada Goose",2011,1.25404530744337
"Canada Goose",2012,1.28351036924633
"Canada Goose",2013,0.894695732443371
"Canada Goose",2014,1.00445524503848
"Canada Goose",2015,0.792036041273071
"Canada Goose",2016,0.882157123834887
"Canada Goose",2017,0.716732542819499
"Canada Goose",2018,0.776624375240292
"Canada Goose",2019,1.03289977046672
"Canada Goose",2021,1.193201526188
"Canada Goose",2022,0.953405017921147
"Canada Goose",2023,0.92777619183557
"Canada Goose",2024,1.32996159970029
"Canada Goose",2025,0.826446280991736
"Wood Duck",1999,0.340398201669878
"Wood Duck",2000,0.453074433656958
"Wood Duck",2001,0.252908447142135
"Wood Duck",2002,0.284030391251864
"Wood Duck",2003,0.307816929931146
"Wood Duck",2004,0.312454585089377
"Wood Duck",2005,0.282956058588549
"Wood Duck",2006,0.147562582345191
"Wood Duck",2007,0.222991157247213
"Wood Duck",2008,0.206579954093344
"Wood Duck",2009,0.228928199791883
"Wood Duck",2010,0.32258064516129
"Wood Duck",2011,0.114187838995147
"Wood Duck",2012,0.768005994193125
"Wood Duck",2013,0.264462809917355
"Wood Duck",2014,0.282776349614396
"Wood Duck",2015,0.267873637539257
"Wood Duck",2016,0.360419397116645
"Wood Duck",2017,0.384615384615385
"Wood Duck",2018,0.317395310740248
"Wood Duck",2019,0.508003450589476
"Wood Duck",2021,0.293193717277487
"Wood Duck",2022,0.148698884758364
"Wood Duck",2023,0.0771875657848572
"Wood Duck",2024,0.27364185110664
"Wood Duck",2025,0.343763772587043
"Blue-winged Teal",1999,0
"Blue-winged Teal",2000,0.00713673993719669
"Blue-winged Teal",2001,0
"Blue-winged Teal",2002,0
"Blue-winged Teal",2003,0
"Blue-winged Teal",2004,0
"Blue-winged Teal",2005,0
"Blue-winged Teal",2006,0
"Blue-winged Teal",2007,0
"Blue-winged Teal",2008,0
"Blue-winged Teal",2009,0
"Blue-winged Teal",2010,0
"Blue-winged Teal",2011,0
"Blue-winged Teal",2012,0
"Blue-winged Teal",2013,0
"Blue-winged Teal",2014,0
"Blue-winged Teal",2015,0.00809061488673139
"Blue-winged Teal",2016,0
"Blue-winged Teal",2017,0.0071007597812966
"Blue-winged Teal",2018,0
"Blue-winged Teal",2019,0
"Blue-winged Teal",2021,0
"Blue-winged Teal",2022,0
"Blue-winged Teal",2023,0
"Blue-winged Teal",2024,0
"Blue-winged Teal",2025,0
"Northern Shoveler",1999,0
"Northern Shoveler",2000,0
"Northern Shoveler",2001,0
"Northern Shoveler",2002,0
"Northern Shoveler",2003,0
"Northern Shoveler",2004,0
"Northern Shoveler",2005,0
"Northern Shoveler",2006,0
"Northern Shoveler",2007,0
"Northern Shoveler",2008,0
"Northern Shoveler",2009,0
"Northern Shoveler",2010,0
"Northern Shoveler",2011,0
"Northern Shoveler",2012,0
"Northern Shoveler",2013,0
"Northern Shoveler",2014,0
"Northern Shoveler",2015,0
"Northern Shoveler",2016,0
"Northern Shoveler",2017,0
"Northern Shoveler",2018,0
"Northern Shoveler",2019,0
"Northern Shoveler",2021,0
"Northern Shoveler",2022,0
"Northern Shoveler",2023,0
"Northern Shoveler",2024,0
"Northern Shoveler",2025,0
"Mallard",1999,0.263504611330698
"Mallard",2000,0.27681660899654
"Mallard",2001,0.428462127008416
"Mallard",2002,0.55497745404093
"Mallard",2003,0.344086021505376
"Mallard",2004,0.321153297173851
"Mallard",2005,0.280977802753582
"Mallard",2006,0.429752066115702
"Mallard",2007,0.25706940874036
"Mallard",2008,0.212451505634583
"Mallard",2009,0.327653997378768
"Mallard",2010,0.223776223776224
"Mallard",2011,0.675744855124399
"Mallard",2012,0.508003450589476
"Mallard",2013,0.342059336823735
"Mallard",2014,0.148698884758364
"Mallard",2015,0.371903726054312
"Mallard",2016,0.313883299798793
"Mallard",2017,0.202732481269282
"Mallard",2018,0.141297366730893
"Mallard",2019,0.453074433656958
"Mallard",2021,0.360394537177542
"Mallard",2022,0.163317474969822
"Mallard",2023,0.413122721749696
"Mallard",2024,0.363319284987647
"Mallard",2025,0.399467376830892
"American Black Duck",1999,0
"American Black Duck",2000,0
"American Black Duck",2001,0
"American Black Duck",2002,0.00698080279232112
"American Black Duck",2003,0
"American Black Duck",2004,0
"American Black Duck",2005,0
"American Black Duck",2006,0
"American Black Duck",2007,0
"American Black Duck",2008,0
"American Black Duck",2009,0
"American Black Duck",2010,0
"American Black Duck",2011,0
"American Black Duck",2012,0
"American Black Duck",2013,0
"American Black Duck",2014,0
"American Black Duck",2015,0
"American Black Duck",2016,0
"American Black Duck",2017,0
"American Black Duck",2018,0
"American Black Duck",2019,0
"American Black Duck",2021,0
"American Black Duck",2022,0
"American Black Duck",2023,0.006426735218509
"American Black Duck",2024,0
"American Black Duck",2025,0
"Northern Pintail",1999,0
"Northern Pintail",2000,0
"Northern Pintail",2001,0
"Northern Pintail",2002,0
"Northern Pintail",2003,0
"Northern Pintail",2004,0
"Northern Pintail",2005,0
"Northern Pintail",2006,0
"Northern Pintail",2007,0
"Northern Pintail",2008,0
"Northern Pintail",2009,0
"Northern Pintail",2010,0
"Northern Pintail",2011,0
"Northern Pintail",2012,0
"Northern Pintail",2013,0
"Northern Pintail",2014,0
"Northern Pintail",2015,0
"Northern Pintail",2016,0
"Northern Pintail",2017,0
"Northern Pintail",2018,0
"Northern Pintail",2019,0
"Northern Pintail",2021,0
"Northern Pintail",2022,0
"Northern Pintail",2023,0
"Northern Pintail",2024,0
"Northern Pintail",2025,0
"Ring-necked Duck",1999,0
"Ring-necked Duck",2000,0
"Ring-necked Duck",2001,0
"Ring-necked Duck",2002,0.0327653997378768
"Ring-necked Duck",2003,0
"Ring-necked Duck",2004,0
"Ring-necked Duck",2005,0
"Ring-necked Duck",2006,0
"Ring-necked Duck",2007,0.00991325898389095
"Ring-necked Duck",2008,0.00701705143498702
"Ring-necked Duck",2009,0
"Ring-necked Duck",2010,0
"Ring-necked Duck",2011,0.0256904303147078
"Ring-necked Duck",2012,0
"Ring-necked Duck",2013,0
"Ring-necked Duck",2014,0
"Ring-necked Duck",2015,0
"Ring-necked Duck",2016,0
"Ring-necked Duck",2017,0
"Ring-necked Duck",2018,0
"Ring-necked Duck",2019,0
"Ring-necked Duck",2021,0
"Ring-necked Duck",2022,0
"Ring-necked Duck",2023,0
"Ring-necked Duck",2024,0
"Ring-necked Duck",2025,0
"Greater Scaup",1999,0
"Greater Scaup",2000,0
"Greater Scaup",2001,0
"Greater Scaup",2002,0
"Greater Scaup",2003,0
"Greater Scaup",2004,0
"Greater Scaup",2005,0
"Greater Scaup",2006,0
"Greater Scaup",2007,0
"Greater Scaup",2008,0
"Greater Scaup",2009,0
"Greater Scaup",2010,0
"Greater Scaup",2011,0
"Greater Scaup",2012,0
"Greater Scaup",2013,0
"Greater Scaup",2014,0
"Greater Scaup",2015,0
"Greater Scaup",2016,0
"Greater Scaup",2017,0
"Greater Scaup",2018,0
"Greater Scaup",2019,0
"Greater Scaup",2021,0
"Greater Scaup",2022,0
"Greater Scaup",2023,0.00495662949194548
"Greater Scaup",2024,0
"Greater Scaup",2025,0
"Lesser Scaup",1999,0
"Lesser Scaup",2000,0
"Lesser Scaup",2001,0
"Lesser Scaup",2002,0
"Lesser Scaup",2003,0
"Lesser Scaup",2004,0
"Lesser Scaup",2005,0
"Lesser Scaup",2006,0
"Lesser Scaup",2007,0
"Lesser Scaup",2008,0
"Lesser Scaup",2009,0
"Lesser Scaup",2010,0
"Lesser Scaup",2011,0
"Lesser Scaup",2012,0
"Lesser Scaup",2013,0
"Lesser Scaup",2014,0.0352578228294403
"Lesser Scaup",2015,0
"Lesser Scaup",2016,0
"Lesser Scaup",2017,0
"Lesser Scaup",2018,0
"Lesser Scaup",2019,0
"Lesser Scaup",2021,0
"Lesser Scaup",2022,0
"Lesser Scaup",2023,0
"Lesser Scaup",2024,0
"Lesser Scaup",2025,0
"White-winged Scoter",1999,0
"White-winged Scoter",2000,0
"White-winged Scoter",2001,0
"White-winged Scoter",2002,0
"White-winged Scoter",2003,0
"White-winged Scoter",2004,0
"White-winged Scoter",2005,0
"White-winged Scoter",2006,0
"White-winged Scoter",2007,0
"White-winged Scoter",2008,0
"White-winged Scoter",2009,0
"White-winged Scoter",2010,0
"White-winged Scoter",2011,0
"White-winged Scoter",2012,0
"White-winged Scoter",2013,0
"White-winged Scoter",2014,0.00693721817551162
"White-winged Scoter",2015,0
"White-winged Scoter",2016,0
"White-winged Scoter",2017,0
"White-winged Scoter",2018,0
"White-winged Scoter",2019,0
"White-winged Scoter",2021,0
"White-winged Scoter",2022,0
"White-winged Scoter",2023,0
"White-winged Scoter",2024,0
"White-winged Scoter",2025,0
"Black Scoter",1999,0
"Black Scoter",2000,0
"Black Scoter",2001,0
"Black Scoter",2002,0
"Black Scoter",2003,0
"Black Scoter",2004,0
"Black Scoter",2005,0
"Black Scoter",2006,0
"Black Scoter",2007,0
"Black Scoter",2008,0
"Black Scoter",2009,0
"Black Scoter",2010,0
"Black Scoter",2011,0
"Black Scoter",2012,0
"Black Scoter",2013,0
"Black Scoter",2014,0
"Black Scoter",2015,0
"Black Scoter",2016,0
"Black Scoter",2017,0
"Black Scoter",2018,0
"Black Scoter",2019,0
"Black Scoter",2021,0
"Black Scoter",2022,0
"Black Scoter",2023,0
"Black Scoter",2024,0
"Black Scoter",2025,0
"Bufflehead",1999,0
"Bufflehead",2000,0
"Bufflehead",2001,0
"Bufflehead",2002,0.00958497076583916
"Bufflehead",2003,0
"Bufflehead",2004,0
"Bufflehead",2005,0
"Bufflehead",2006,0.0321931589537223
"Bufflehead",2007,0
"Bufflehead",2008,0
"Bufflehead",2009,0
"Bufflehead",2010,0
"Bufflehead",2011,0.0071007597812966
"Bufflehead",2012,0
"Bufflehead",2013,0
"Bufflehead",2014,0.0249667110519308
"Bufflehead",2015,0
"Bufflehead",2016,0
"Bufflehead",2017,0
"Bufflehead",2018,0
"Bufflehead",2019,0
"Bufflehead",2021,0
"Bufflehead",2022,0
"Bufflehead",2023,0
"Bufflehead",2024,0
"Bufflehead",2025,0
"Hooded Merganser",1999,0
"Hooded Merganser",2000,0
"Hooded Merganser",2001,0
"Hooded Merganser",2002,0
"Hooded Merganser",2003,0
"Hooded Merganser",2004,0
"Hooded Merganser",2005,0
"Hooded Merganser",2006,0
"Hooded Merganser",2007,0
"Hooded Merganser",2008,0.03584229390681
"Hooded Merganser",2009,0
"Hooded Merganser",2010,0
"Hooded Merganser",2011,0
"Hooded Merganser",2012,0
"Hooded Merganser",2013,0
"Hooded Merganser",2014,0
"Hooded Merganser",2015,0
"Hooded Merganser",2016,0.0921470256987816
"Hooded Merganser",2017,0
"Hooded Merganser",2018,0
"Hooded Merganser",2019,0.00495662949194548
"Hooded Merganser",2021,0.00701705143498702
"Hooded Merganser",2022,0.0160965794768612
"Hooded Merganser",2023,0
"Hooded Merganser",2024,0
"Hooded Merganser",2025,0
"Common Merganser",1999,0.00936592675845275
"Common Merganser",2000,0.00826446280991736
"Common Merganser",2001,0
"Common Merganser",2002,0
"Common Merganser",2003,0
"Common Merganser",2004,0
"Common Merganser",2005,0.0204771168219515
"Common Merganser",2006,0
"Common Merganser",2007,0
"Common Merganser",2008,0
"Common Merganser",2009,0
"Common Merganser",2010,0
"Common Merganser",2011,0.0176289114147201
"Common Merganser",2012,0
"Common Merganser",2013,0
"Common Merganser",2014,0
"Common Merganser",2015,0
"Common Merganser",2016,0
"Common Merganser",2017,0
"Common Merganser",2018,0
"Common Merganser",2019,0
"Common Merganser",2021,0
"Common Merganser",2022,0
"Common Merganser",2023,0
"Common Merganser",2024,0
"Common Merganser",2025,0
"Red-breasted Merganser",1999,0
"Red-breasted Merganser",2000,0
"Red-breasted Merganser",2001,0.00642260757867694
"Red-breasted Merganser",2002,0
"Red-breasted Merganser",2003,0
"Red-breasted Merganser",2004,0.0639068380316694
"Red-breasted Merganser",2005,0
"Red-breasted Merganser",2006,0
"Red-breasted Merganser",2007,0.0166444740346205
"Red-breasted Merganser",2008,0.00527009222661397
"Red-breasted Merganser",2009,0
"Red-breasted Merganser",2010,0
"Red-breasted Merganser",2011,0
"Red-breasted Merganser",2012,0
"Red-breasted Merganser",2013,0.0285469597487868
"Red-breasted Merganser",2014,0.0187318535169055
"Red-breasted Merganser",2015,0.0165289256198347
"Red-breasted Merganser",2016,0
"Red-breasted Merganser",2017,0
"Red-breasted Merganser",2018,0
"Red-breasted Merganser",2019,0
"Red-breasted Merganser",2021,0
"Red-breasted Merganser",2022,0
"Red-breasted Merganser",2023,0
"Red-breasted Merganser",2024,0.0346964064436183
"Red-breasted Merganser",2025,0.014034102869974
"Ruddy Duck",1999,0
"Ruddy Duck",2000,0
"Ruddy Duck",2001,0
"Ruddy Duck",2002,0
"Ruddy Duck",2003,0
"Ruddy Duck",2004,0
"Ruddy Duck",2005,0
"Ruddy Duck",2006,0
"Ruddy Duck",2007,0
"Ruddy Duck",2008,0
"Ruddy Duck",2009,0
"Ruddy Duck",2010,0
"Ruddy Duck",2011,0
"Ruddy Duck",2012,0
"Ruddy Duck",2013,0
"Ruddy Duck",2014,0
"Ruddy Duck",2015,0
"Ruddy Duck",2016,0
"Ruddy Duck",2017,0
"Ruddy Duck",2018,0.00632271117855336
"Ruddy Duck",2019,0.0071007597812966
"Ruddy Duck",2021,0
"Ruddy Duck",2022,0.00726638569975294
"Ruddy Duck",2023,0
"Ruddy Duck",2024,0
"Ruddy Duck",2025,0.0230680507497116
"Northern Bobwhite",1999,0.210869356848462
"Northern Bobwhite",2000,0.104712041884817
"Northern Bobwhite",2001,0.0644361833952912
"Northern Bobwhite",2002,0.119289874394779
"Northern Bobwhite",2003,0.160965794768612
"Northern Bobwhite",2004,0.0176289114147201
"Northern Bobwhite",2005,0.0513808606294155
"Northern Bobwhite",2006,0.00809061488673139
"Northern Bobwhite",2007,0.0316135558927668
"Northern Bobwhite",2008,0.0142015195625932
"Northern Bobwhite",2009,0.00810044552450385
"Northern Bobwhite",2010,0
"Northern Bobwhite",2011,0.0166444740346205
"Northern Bobwhite",2012,0.0210803689064559
"Northern Bobwhite",2013,0.00768935024990388
"Northern Bobwhite",2014,0.00765110941086458
"Northern Bobwhite",2015,0
"Northern Bobwhite",2016,0.014336917562724
"Northern Bobwhite",2017,0
"Northern Bobwhite",2018,0
"Northern Bobwhite",2019,0.0330578512396694
"Northern Bobwhite",2021,0.006426735218509
"Northern Bobwhite",2022,0.0554221319046739
"Northern Bobwhite",2023,0.081913499344692
"Northern Bobwhite",2024,0.034965034965035
"Northern Bobwhite",2025,0.0204771168219515
"Wild Turkey",1999,0.0145327713995059
"Wild Turkey",2000,0.0166444740346205
"Wild Turkey",2001,0.0105401844532279
"Wild Turkey",2002,0.0307574009996155
"Wild Turkey",2003,0.0306044376434583
"Wild Turkey",2004,0.0346860908775581
"Wild Turkey",2005,0.0645161290322581
"Wild Turkey",2006,0.0499571795603768
"Wild Turkey",2007,0.0655614873091692
"Wild Turkey",2008,0.0330578512396694
"Wild Turkey",2009,0.122107969151671
"Wild Turkey",2010,0.027711065952337
"Wild Turkey",2011,0.0081913499344692
"Wild Turkey",2012,0.0629370629370629
"Wild Turkey",2013,0.0511927920548787
"Wild Turkey",2014,0.105434678424231
"Wild Turkey",2015,0.0837696335078534
"Wild Turkey",2016,0.173482032218092
"Wild Turkey",2017,0.112272822959792
"Wild Turkey",2018,0.128772635814889
"Wild Turkey",2019,0.158660202732481
"Wild Turkey",2021,0.109184328837508
"Wild Turkey",2022,0.121359223300971
"Wild Turkey",2023,0.139099645928174
"Wild Turkey",2024,0.0213022793438898
"Wild Turkey",2025,0.0729040097205346
"Pied-billed Grebe",1999,0
"Pied-billed Grebe",2000,0
"Pied-billed Grebe",2001,0
"Pied-billed Grebe",2002,0
"Pied-billed Grebe",2003,0
"Pied-billed Grebe",2004,0
"Pied-billed Grebe",2005,0
"Pied-billed Grebe",2006,0
"Pied-billed Grebe",2007,0.0160965794768612
"Pied-billed Grebe",2008,0.00881445570736007
"Pied-billed Grebe",2009,0
"Pied-billed Grebe",2010,0
"Pied-billed Grebe",2011,0
"Pied-billed Grebe",2012,0.0071007597812966
"Pied-billed Grebe",2013,0
"Pied-billed Grebe",2014,0.0145327713995059
"Pied-billed Grebe",2015,0
"Pied-billed Grebe",2016,0
"Pied-billed Grebe",2017,0
"Pied-billed Grebe",2018,0
"Pied-billed Grebe",2019,0
"Pied-billed Grebe",2021,0
"Pied-billed Grebe",2022,0.0499571795603768
"Pied-billed Grebe",2023,0
"Pied-billed Grebe",2024,0
"Pied-billed Grebe",2025,0
"Horned Grebe",1999,0
"Horned Grebe",2000,0
"Horned Grebe",2001,0
"Horned Grebe",2002,0.00810044552450385
"Horned Grebe",2003,0
"Horned Grebe",2004,0
"Horned Grebe",2005,0.00527009222661397
"Horned Grebe",2006,0
"Horned Grebe",2007,0
"Horned Grebe",2008,0
"Horned Grebe",2009,0
"Horned Grebe",2010,0
"Horned Grebe",2011,0
"Horned Grebe",2012,0.00826446280991736
"Horned Grebe",2013,0.012853470437018
"Horned Grebe",2014,0
"Horned Grebe",2015,0
"Horned Grebe",2016,0
"Horned Grebe",2017,0
"Horned Grebe",2018,0
"Horned Grebe",2019,0
"Horned Grebe",2021,0
"Horned Grebe",2022,0
"Horned Grebe",2023,0
"Horned Grebe",2024,0.0264433671220802
"Horned Grebe",2025,0
"Rock Pigeon",1999,0.256922637739081
"Rock Pigeon",2000,0.243514095719771
"Rock Pigeon",2001,0.31404958677686
"Rock Pigeon",2002,0.302056555269923
"Rock Pigeon",2003,0.12008128579346
"Rock Pigeon",2004,0.040956749672346
"Rock Pigeon",2005,0.0979020979020979
"Rock Pigeon",2006,0.276441077096345
"Rock Pigeon",2007,0.153359532253427
"Rock Pigeon",2008,0.0488656195462478
"Rock Pigeon",2009,0.104089219330855
"Rock Pigeon",2010,0.0350852571749351
"Rock Pigeon",2011,0.185110663983903
"Rock Pigeon",2012,0.273248126928162
"Rock Pigeon",2013,0.0449582530507386
"Rock Pigeon",2014,0.040453074433657
"Rock Pigeon",2015,0.0821952453211937
"Rock Pigeon",2016,0
"Rock Pigeon",2017,0.0162008910490077
"Rock Pigeon",2018,0.0653974712977765
"Rock Pigeon",2019,0.740679094540613
"Rock Pigeon",2021,0.00527009222661397
"Rock Pigeon",2022,0.184544405997693
"Rock Pigeon",2023,0
"Rock Pigeon",2024,0.090183836281651
"Rock Pigeon",2025,0
"Mourning Dove",1999,1.34025682408252
"Mourning Dove",2000,1.99597585513078
"Mourning Dove",2001,2.0537681798149
"Mourning Dove",2002,1.66345536287733
"Mourning Dove",2003,2.57281553398058
"Mourning Dove",2004,1.42261001517451
"Mourning Dove",2005,1.20712916282042
"Mourning Dove",2006,1.72539489671932
"Mourning Dove",2007,1.02456038366516
"Mourning Dove",2008,1.42310252996005
"Mourning Dove",2009,1.1699604743083
"Mourning Dove",2010,1.56862745098039
"Mourning Dove",2011,1.25478194338179
"Mourning Dove",2012,1.93548387096774
"Mourning Dove",2013,1.06810035842294
"Mourning Dove",2014,1.09192121039109
"Mourning Dove",2015,1.53601198838625
"Mourning Dove",2016,1.27272727272727
"Mourning Dove",2017,1.04755784061697
"Mourning Dove",2018,1.97672270460004
"Mourning Dove",2019,2.44102228047182
"Mourning Dove",2021,1.40559440559441
"Mourning Dove",2022,2.16033582471588
"Mourning Dove",2023,2.19495830537717
"Mourning Dove",2024,1.38219895287958
"Mourning Dove",2025,1.22924411400248
"Yellow-billed Cuckoo",1999,0.499807766243752
"Yellow-billed Cuckoo",2000,0.290742157612854
"Yellow-billed Cuckoo",2001,0.21505376344086
"Yellow-billed Cuckoo",2002,0.0931899641577061
"Yellow-billed Cuckoo",2003,0.385383956608621
"Yellow-billed Cuckoo",2004,0.224782242202866
"Yellow-billed Cuckoo",2005,0.12396694214876
"Yellow-billed Cuckoo",2006,0.025706940874036
"Yellow-billed Cuckoo",2007,0.0738961758728986
"Yellow-billed Cuckoo",2008,0.0901048492791612
"Yellow-billed Cuckoo",2009,0.13986013986014
"Yellow-billed Cuckoo",2010,0.225248285041466
"Yellow-billed Cuckoo",2011,0.258794210677657
"Yellow-billed Cuckoo",2012,0.104712041884817
"Yellow-billed Cuckoo",2013,0.00991325898389095
"Yellow-billed Cuckoo",2014,0.0210511543049611
"Yellow-billed Cuckoo",2015,0.00804828973843058
"Yellow-billed Cuckoo",2016,0.132216835610401
"Yellow-billed Cuckoo",2017,0.160565189466924
"Yellow-billed Cuckoo",2018,0.218446601941748
"Yellow-billed Cuckoo",2019,0.208649468892261
"Yellow-billed Cuckoo",2021,0.156216715188525
"Yellow-billed Cuckoo",2022,0.0324017820980154
"Yellow-billed Cuckoo",2023,0.0363319284987647
"Yellow-billed Cuckoo",2024,0.099866844207723
"Yellow-billed Cuckoo",2025,0.0790513833992095
"Black-billed Cuckoo",1999,0
"Black-billed Cuckoo",2000,0
"Black-billed Cuckoo",2001,0
"Black-billed Cuckoo",2002,0
"Black-billed Cuckoo",2003,0
"Black-billed Cuckoo",2004,0
"Black-billed Cuckoo",2005,0
"Black-billed Cuckoo",2006,0
"Black-billed Cuckoo",2007,0
"Black-billed Cuckoo",2008,0
"Black-billed Cuckoo",2009,0
"Black-billed Cuckoo",2010,0
"Black-billed Cuckoo",2011,0
"Black-billed Cuckoo",2012,0
"Black-billed Cuckoo",2013,0
"Black-billed Cuckoo",2014,0
"Black-billed Cuckoo",2015,0
"Black-billed Cuckoo",2016,0
"Black-billed Cuckoo",2017,0
"Black-billed Cuckoo",2018,0
"Black-billed Cuckoo",2019,0
"Black-billed Cuckoo",2021,0
"Black-billed Cuckoo",2022,0
"Black-billed Cuckoo",2023,0
"Black-billed Cuckoo",2024,0
"Black-billed Cuckoo",2025,0
"Common Nighthawk",1999,0
"Common Nighthawk",2000,0
"Common Nighthawk",2001,0
"Common Nighthawk",2002,0
"Common Nighthawk",2003,0
"Common Nighthawk",2004,0
"Common Nighthawk",2005,0
"Common Nighthawk",2006,0
"Common Nighthawk",2007,0
"Common Nighthawk",2008,0
"Common Nighthawk",2009,0
"Common Nighthawk",2010,0
"Common Nighthawk",2011,0
"Common Nighthawk",2012,0
"Common Nighthawk",2013,0
"Common Nighthawk",2014,0
"Common Nighthawk",2015,0
"Common Nighthawk",2016,0
"Common Nighthawk",2017,0
"Common Nighthawk",2018,0
"Common Nighthawk",2019,0
"Common Nighthawk",2021,0
"Common Nighthawk",2022,0
"Common Nighthawk",2023,0
"Common Nighthawk",2024,0
"Common Nighthawk",2025,0
"Chuck-will's-widow",1999,0.038560411311054
"Chuck-will's-widow",2000,0.230925549602808
"Chuck-will's-widow",2001,0.0655307994757536
"Chuck-will's-widow",2002,0.034965034965035
"Chuck-will's-widow",2003,0.0921470256987816
"Chuck-will's-widow",2004,0.0191699415316783
"Chuck-will's-widow",2005,0.0418848167539267
"Chuck-will's-widow",2006,0.0446096654275093
"Chuck-will's-widow",2007,0.014034102869974
"Chuck-will's-widow",2008,0.0482897384305835
"Chuck-will's-widow",2009,0.0440722785368004
"Chuck-will's-widow",2010,0.0128452151573539
"Chuck-will's-widow",2011,0.0161812297734628
"Chuck-will's-widow",2012,0
"Chuck-will's-widow",2013,0.0142015195625932
"Chuck-will's-widow",2014,0.0567031186715269
"Chuck-will's-widow",2015,0.0508646998982706
"Chuck-will's-widow",2016,0.124833555259654
"Chuck-will's-widow",2017,0.0263504611330698
"Chuck-will's-widow",2018,0.0845828527489427
"Chuck-will's-widow",2019,0.0153022188217292
"Chuck-will's-widow",2021,0.0485605272285813
"Chuck-will's-widow",2022,0.050179211469534
"Chuck-will's-widow",2023,0.0642306594347702
"Chuck-will's-widow",2024,0.037463707033811
"Chuck-will's-widow",2025,0.0909090909090909
"Eastern Whip-poor-will",1999,0.23121387283237
"Eastern Whip-poor-will",2000,0.307443365695793
"Eastern Whip-poor-will",2001,0.164390490642387
"Eastern Whip-poor-will",2002,0.198821273876305
"Eastern Whip-poor-will",2003,0.0972053462940462
"Eastern Whip-poor-will",2004,0.00726638569975294
"Eastern Whip-poor-will",2005,0.0582556591211718
"Eastern Whip-poor-will",2006,0.00527009222661397
"Eastern Whip-poor-will",2007,0.0845828527489427
"Eastern Whip-poor-will",2008,0.122417750573833
"Eastern Whip-poor-will",2009,0.187304890738814
"Eastern Whip-poor-will",2010,0.021505376344086
"Eastern Whip-poor-will",2011,0.0142734798743934
"Eastern Whip-poor-will",2012,0.0280977802753582
"Eastern Whip-poor-will",2013,0
"Eastern Whip-poor-will",2014,0.025706940874036
"Eastern Whip-poor-will",2015,0.00923702198411232
"Eastern Whip-poor-will",2016,0.0327653997378768
"Eastern Whip-poor-will",2017,0.0559440559440559
"Eastern Whip-poor-will",2018,0.0716699088768301
"Eastern Whip-poor-will",2019,0.0479248538291958
"Eastern Whip-poor-will",2021,0.0558464223385689
"Eastern Whip-poor-will",2022,0.0297397769516729
"Eastern Whip-poor-will",2023,0.0280682057399481
"Eastern Whip-poor-will",2024,0.0241448692152917
"Eastern Whip-poor-will",2025,0.0264433671220802
"Chimney Swift",1999,1.06810035842294
"Chimney Swift",2000,1.12760491007708
"Chimney Swift",2001,1.09581343073897
"Chimney Swift",2002,1.2396694214876
"Chimney Swift",2003,1.15038560411311
"Chimney Swift",2004,0.923702198411232
"Chimney Swift",2005,0.647116644823067
"Chimney Swift",2006,0.622377622377622
"Chimney Swift",2007,0.860038906521962
"Chimney Swift",2008,0.527173392121154
"Chimney Swift",2009,0.453752181500873
"Chimney Swift",2010,0.317224287484511
"Chimney Swift",2011,0.631534629148832
"Chimney Swift",2012,1.08651911468813
"Chimney Swift",2013,1.15469369766417
"Chimney Swift",2014,0.430314707771355
"Chimney Swift",2015,0.396440129449838
"Chimney Swift",2016,0.588012139605463
"Chimney Swift",2017,0.518355464034652
"Chimney Swift",2018,0.607533414337789
"Chimney Swift",2019,0.44324952768493
"Chimney Swift",2021,0.632490013315579
"Chimney Swift",2022,0.216073781291173
"Chimney Swift",2023,0.315263360246059
"Chimney Swift",2024,0.405508798775823
"Chimney Swift",2025,0.270551508844953
"Ruby-thr Hummingbird",1999,0.0991325898389095
"Ruby-thr Hummingbird",2000,0.105255771524805
"Ruby-thr Hummingbird",2001,0.160965794768612
"Ruby-thr Hummingbird",2002,0.220361392684002
"Ruby-thr Hummingbird",2003,0.102761721258831
"Ruby-thr Hummingbird",2004,0.0889967637540453
"Ruby-thr Hummingbird",2005,0.0569044006069803
"Ruby-thr Hummingbird",2006,0.0639068380316694
"Ruby-thr Hummingbird",2007,0.10530579181855
"Ruby-thr Hummingbird",2008,0.188926028193577
"Ruby-thr Hummingbird",2009,0.166444740346205
"Ruby-thr Hummingbird",2010,0.0737812911725955
"Ruby-thr Hummingbird",2011,0.0768935024990388
"Ruby-thr Hummingbird",2012,0.175975516449885
"Ruby-thr Hummingbird",2013,0.0693721817551162
"Ruby-thr Hummingbird",2014,0.10752688172043
"Ruby-thr Hummingbird",2015,0.135598058806737
"Ruby-thr Hummingbird",2016,0.131122974618338
"Ruby-thr Hummingbird",2017,0.173553719008264
"Ruby-thr Hummingbird",2018,0.160668380462725
"Ruby-thr Hummingbird",2019,0.203214483650471
"Ruby-thr Hummingbird",2021,0.155635648754915
"Ruby-thr Hummingbird",2022,0.160839160839161
"Ruby-thr Hummingbird",2023,0.194532609808539
"Ruby-thr Hummingbird",2024,0.0958497076583916
"Ruby-thr Hummingbird",2025,0.0698080279232112
"King Rail",1999,0
"King Rail",2000,0
"King Rail",2001,0
"King Rail",2002,0
"King Rail",2003,0
"King Rail",2004,0
"King Rail",2005,0
"King Rail",2006,0
"King Rail",2007,0
"King Rail",2008,0
"King Rail",2009,0
"King Rail",2010,0.041958041958042
"King Rail",2011,0.0409542336439029
"King Rail",2012,0.0287549122975175
"King Rail",2013,0
"King Rail",2014,0
"King Rail",2015,0.014034102869974
"King Rail",2016,0
"King Rail",2017,0
"King Rail",2018,0
"King Rail",2019,0
"King Rail",2021,0.00632271117855336
"King Rail",2022,0
"King Rail",2023,0.0324017820980154
"King Rail",2024,0
"King Rail",2025,0
"Virginia Rail",1999,0
"Virginia Rail",2000,0
"Virginia Rail",2001,0
"Virginia Rail",2002,0
"Virginia Rail",2003,0
"Virginia Rail",2004,0
"Virginia Rail",2005,0
"Virginia Rail",2006,0
"Virginia Rail",2007,0
"Virginia Rail",2008,0
"Virginia Rail",2009,0
"Virginia Rail",2010,0
"Virginia Rail",2011,0
"Virginia Rail",2012,0
"Virginia Rail",2013,0
"Virginia Rail",2014,0
"Virginia Rail",2015,0.00768935024990388
"Virginia Rail",2016,0
"Virginia Rail",2017,0
"Virginia Rail",2018,0
"Virginia Rail",2019,0
"Virginia Rail",2021,0
"Virginia Rail",2022,0
"Virginia Rail",2023,0
"Virginia Rail",2024,0
"Virginia Rail",2025,0
"Sora",1999,0
"Sora",2000,0
"Sora",2001,0
"Sora",2002,0
"Sora",2003,0
"Sora",2004,0
"Sora",2005,0
"Sora",2006,0
"Sora",2007,0
"Sora",2008,0
"Sora",2009,0
"Sora",2010,0
"Sora",2011,0
"Sora",2012,0
"Sora",2013,0
"Sora",2014,0
"Sora",2015,0
"Sora",2016,0
"Sora",2017,0
"Sora",2018,0
"Sora",2019,0
"Sora",2021,0
"Sora",2022,0
"Sora",2023,0
"Sora",2024,0
"Sora",2025,0
"Common Gallinule",1999,0
"Common Gallinule",2000,0
"Common Gallinule",2001,0
"Common Gallinule",2002,0
"Common Gallinule",2003,0
"Common Gallinule",2004,0
"Common Gallinule",2005,0
"Common Gallinule",2006,0.00698080279232112
"Common Gallinule",2007,0
"Common Gallinule",2008,0
"Common Gallinule",2009,0
"Common Gallinule",2010,0
"Common Gallinule",2011,0
"Common Gallinule",2012,0
"Common Gallinule",2013,0
"Common Gallinule",2014,0
"Common Gallinule",2015,0
"Common Gallinule",2016,0
"Common Gallinule",2017,0
"Common Gallinule",2018,0
"Common Gallinule",2019,0
"Common Gallinule",2021,0
"Common Gallinule",2022,0
"Common Gallinule",2023,0
"Common Gallinule",2024,0
"Common Gallinule",2025,0
"American Coot",1999,0.0176289114147201
"American Coot",2000,0.00642260757867694
"American Coot",2001,0
"American Coot",2002,0
"American Coot",2003,0.0071007597812966
"American Coot",2004,0
"American Coot",2005,0.0145327713995059
"American Coot",2006,0.0166444740346205
"American Coot",2007,0.0263504611330698
"American Coot",2008,0.0538254517493272
"American Coot",2009,0.0765110941086458
"American Coot",2010,0
"American Coot",2011,0.014336917562724
"American Coot",2012,0
"American Coot",2013,0
"American Coot",2014,0
"American Coot",2015,0
"American Coot",2016,0
"American Coot",2017,0
"American Coot",2018,0
"American Coot",2019,0
"American Coot",2021,0
"American Coot",2022,0
"American Coot",2023,0
"American Coot",2024,0
"American Coot",2025,0
"Black-bellied Plover",1999,0
"Black-bellied Plover",2000,0
"Black-bellied Plover",2001,0
"Black-bellied Plover",2002,0
"Black-bellied Plover",2003,0
"Black-bellied Plover",2004,0
"Black-bellied Plover",2005,0
"Black-bellied Plover",2006,0
"Black-bellied Plover",2007,0
"Black-bellied Plover",2008,0
"Black-bellied Plover",2009,0
"Black-bellied Plover",2010,0
"Black-bellied Plover",2011,0
"Black-bellied Plover",2012,0
"Black-bellied Plover",2013,0
"Black-bellied Plover",2014,0
"Black-bellied Plover",2015,0
"Black-bellied Plover",2016,0
"Black-bellied Plover",2017,0
"Black-bellied Plover",2018,0
"Black-bellied Plover",2019,0
"Black-bellied Plover",2021,0
"Black-bellied Plover",2022,0
"Black-bellied Plover",2023,0
"Black-bellied Plover",2024,0
"Black-bellied Plover",2025,0
"Wilson's Plover",1999,0
"Wilson's Plover",2000,0
"Wilson's Plover",2001,0
"Wilson's Plover",2002,0
"Wilson's Plover",2003,0
"Wilson's Plover",2004,0
"Wilson's Plover",2005,0
"Wilson's Plover",2006,0
"Wilson's Plover",2007,0
"Wilson's Plover",2008,0
"Wilson's Plover",2009,0
"Wilson's Plover",2010,0
"Wilson's Plover",2011,0
"Wilson's Plover",2012,0
"Wilson's Plover",2013,0
"Wilson's Plover",2014,0
"Wilson's Plover",2015,0
"Wilson's Plover",2016,0
"Wilson's Plover",2017,0
"Wilson's Plover",2018,0
"Wilson's Plover",2019,0
"Wilson's Plover",2021,0
"Wilson's Plover",2022,0
"Wilson's Plover",2023,0
"Wilson's Plover",2024,0
"Wilson's Plover",2025,0
"Semipalmated Plover",1999,0
"Semipalmated Plover",2000,0
"Semipalmated Plover",2001,0
"Semipalmated Plover",2002,0
"Semipalmated Plover",2003,0
"Semipalmated Plover",2004,0
"Semipalmated Plover",2005,0
"Semipalmated Plover",2006,0
"Semipalmated Plover",2007,0
"Semipalmated Plover",2008,0
"Semipalmated Plover",2009,0
"Semipalmated Plover",2010,0
"Semipalmated Plover",2011,0
"Semipalmated Plover",2012,0
"Semipalmated Plover",2013,0
"Semipalmated Plover",2014,0
"Semipalmated Plover",2015,0
"Semipalmated Plover",2016,0
"Semipalmated Plover",2017,0
"Semipalmated Plover",2018,0
"Semipalmated Plover",2019,0
"Semipalmated Plover",2021,0
"Semipalmated Plover",2022,0
"Semipalmated Plover",2023,0
"Semipalmated Plover",2024,0
"Semipalmated Plover",2025,0
"Killdeer",1999,0.40956749672346
"Killdeer",2000,0.391608391608392
"Killdeer",2001,0.286679635507321
"Killdeer",2002,0.373813859867727
"Killdeer",2003,0.216404886561955
"Killdeer",2004,0.143742255266419
"Killdeer",2005,0.231562697354572
"Killdeer",2006,0.193158953722334
"Killdeer",2007,0.149845747025121
"Killdeer",2008,0.186255619781631
"Killdeer",2009,0.307443365695793
"Killdeer",2010,0.170713201820941
"Killdeer",2011,0.142015195625932
"Killdeer",2012,0.275415147833131
"Killdeer",2013,0.174393256794071
"Killdeer",2014,0.266311584553928
"Killdeer",2015,0.0737812911725955
"Killdeer",2016,0.161476355247982
"Killdeer",2017,0.18362662586075
"Killdeer",2018,0.152618799861256
"Killdeer",2019,0.3584229390681
"Killdeer",2021,0.228375677990294
"Killdeer",2022,0.402734850613468
"Killdeer",2023,0.256198347107438
"Killdeer",2024,0.167095115681234
"Killdeer",2025,0.351006835396268
"Whimbrel",1999,0
"Whimbrel",2000,0
"Whimbrel",2001,0
"Whimbrel",2002,0
"Whimbrel",2003,0
"Whimbrel",2004,0
"Whimbrel",2005,0
"Whimbrel",2006,0
"Whimbrel",2007,0
"Whimbrel",2008,0
"Whimbrel",2009,0
"Whimbrel",2010,0
"Whimbrel",2011,0
"Whimbrel",2012,0
"Whimbrel",2013,0
"Whimbrel",2014,0
"Whimbrel",2015,0
"Whimbrel",2016,0
"Whimbrel",2017,0
"Whimbrel",2018,0
"Whimbrel",2019,0
"Whimbrel",2021,0
"Whimbrel",2022,0
"Whimbrel",2023,0
"Whimbrel",2024,0
"Whimbrel",2025,0
"Ruddy Turnstone",1999,0
"Ruddy Turnstone",2000,0
"Ruddy Turnstone",2001,0
"Ruddy Turnstone",2002,0
"Ruddy Turnstone",2003,0
"Ruddy Turnstone",2004,0
"Ruddy Turnstone",2005,0
"Ruddy Turnstone",2006,0
"Ruddy Turnstone",2007,0
"Ruddy Turnstone",2008,0
"Ruddy Turnstone",2009,0
"Ruddy Turnstone",2010,0
"Ruddy Turnstone",2011,0
"Ruddy Turnstone",2012,0
"Ruddy Turnstone",2013,0
"Ruddy Turnstone",2014,0
"Ruddy Turnstone",2015,0
"Ruddy Turnstone",2016,0
"Ruddy Turnstone",2017,0
"Ruddy Turnstone",2018,0
"Ruddy Turnstone",2019,0
"Ruddy Turnstone",2021,0
"Ruddy Turnstone",2022,0
"Ruddy Turnstone",2023,0
"Ruddy Turnstone",2024,0
"Ruddy Turnstone",2025,0
"Sanderling",1999,0
"Sanderling",2000,0
"Sanderling",2001,0
"Sanderling",2002,0
"Sanderling",2003,0
"Sanderling",2004,0
"Sanderling",2005,0
"Sanderling",2006,0
"Sanderling",2007,0
"Sanderling",2008,0
"Sanderling",2009,0
"Sanderling",2010,0
"Sanderling",2011,0
"Sanderling",2012,0
"Sanderling",2013,0
"Sanderling",2014,0
"Sanderling",2015,0
"Sanderling",2016,0
"Sanderling",2017,0
"Sanderling",2018,0
"Sanderling",2019,0
"Sanderling",2021,0
"Sanderling",2022,0
"Sanderling",2023,0
"Sanderling",2024,0
"Sanderling",2025,0
"Dunlin",1999,0
"Dunlin",2000,0
"Dunlin",2001,0
"Dunlin",2002,0
"Dunlin",2003,0
"Dunlin",2004,0
"Dunlin",2005,0
"Dunlin",2006,0
"Dunlin",2007,0
"Dunlin",2008,0.00699300699300699
"Dunlin",2009,0
"Dunlin",2010,0
"Dunlin",2011,0
"Dunlin",2012,0
"Dunlin",2013,0
"Dunlin",2014,0
"Dunlin",2015,0
"Dunlin",2016,0
"Dunlin",2017,0
"Dunlin",2018,0
"Dunlin",2019,0
"Dunlin",2021,0
"Dunlin",2022,0
"Dunlin",2023,0
"Dunlin",2024,0
"Dunlin",2025,0
"White-rumped Sandpiper",1999,0
"White-rumped Sandpiper",2000,0
"White-rumped Sandpiper",2001,0
"White-rumped Sandpiper",2002,0.014034102869974
"White-rumped Sandpiper",2003,0
"White-rumped Sandpiper",2004,0
"White-rumped Sandpiper",2005,0
"White-rumped Sandpiper",2006,0
"White-rumped Sandpiper",2007,0
"White-rumped Sandpiper",2008,0
"White-rumped Sandpiper",2009,0
"White-rumped Sandpiper",2010,0
"White-rumped Sandpiper",2011,0
"White-rumped Sandpiper",2012,0
"White-rumped Sandpiper",2013,0
"White-rumped Sandpiper",2014,0
"White-rumped Sandpiper",2015,0.00693721817551162
"White-rumped Sandpiper",2016,0
"White-rumped Sandpiper",2017,0
"White-rumped Sandpiper",2018,0
"White-rumped Sandpiper",2019,0
"White-rumped Sandpiper",2021,0
"White-rumped Sandpiper",2022,0
"White-rumped Sandpiper",2023,0
"White-rumped Sandpiper",2024,0
"White-rumped Sandpiper",2025,0
"Pectoral Sandpiper",1999,0
"Pectoral Sandpiper",2000,0
"Pectoral Sandpiper",2001,0
"Pectoral Sandpiper",2002,0
"Pectoral Sandpiper",2003,0
"Pectoral Sandpiper",2004,0
"Pectoral Sandpiper",2005,0
"Pectoral Sandpiper",2006,0.0214102198115901
"Pectoral Sandpiper",2007,0
"Pectoral Sandpiper",2008,0
"Pectoral Sandpiper",2009,0
"Pectoral Sandpiper",2010,0
"Pectoral Sandpiper",2011,0
"Pectoral Sandpiper",2012,0
"Pectoral Sandpiper",2013,0
"Pectoral Sandpiper",2014,0
"Pectoral Sandpiper",2015,0
"Pectoral Sandpiper",2016,0
"Pectoral Sandpiper",2017,0
"Pectoral Sandpiper",2018,0
"Pectoral Sandpiper",2019,0
"Pectoral Sandpiper",2021,0
"Pectoral Sandpiper",2022,0
"Pectoral Sandpiper",2023,0
"Pectoral Sandpiper",2024,0
"Pectoral Sandpiper",2025,0
"Semipalmated Sandpiper",1999,0.0184740439682246
"Semipalmated Sandpiper",2000,0
"Semipalmated Sandpiper",2001,0.00699300699300699
"Semipalmated Sandpiper",2002,0
"Semipalmated Sandpiper",2003,0
"Semipalmated Sandpiper",2004,0
"Semipalmated Sandpiper",2005,0
"Semipalmated Sandpiper",2006,0
"Semipalmated Sandpiper",2007,0
"Semipalmated Sandpiper",2008,0
"Semipalmated Sandpiper",2009,0
"Semipalmated Sandpiper",2010,0
"Semipalmated Sandpiper",2011,0.0252908447142135
"Semipalmated Sandpiper",2012,0
"Semipalmated Sandpiper",2013,0
"Semipalmated Sandpiper",2014,0
"Semipalmated Sandpiper",2015,0
"Semipalmated Sandpiper",2016,0
"Semipalmated Sandpiper",2017,0
"Semipalmated Sandpiper",2018,0
"Semipalmated Sandpiper",2019,0
"Semipalmated Sandpiper",2021,0
"Semipalmated Sandpiper",2022,0
"Semipalmated Sandpiper",2023,0
"Semipalmated Sandpiper",2024,0
"Semipalmated Sandpiper",2025,0
"Western Sandpiper",1999,0
"Western Sandpiper",2000,0
"Western Sandpiper",2001,0
"Western Sandpiper",2002,0
"Western Sandpiper",2003,0
"Western Sandpiper",2004,0
"Western Sandpiper",2005,0
"Western Sandpiper",2006,0
"Western Sandpiper",2007,0
"Western Sandpiper",2008,0
"Western Sandpiper",2009,0
"Western Sandpiper",2010,0
"Western Sandpiper",2011,0
"Western Sandpiper",2012,0
"Western Sandpiper",2013,0
"Western Sandpiper",2014,0
"Western Sandpiper",2015,0
"Western Sandpiper",2016,0
"Western Sandpiper",2017,0
"Western Sandpiper",2018,0
"Western Sandpiper",2019,0
"Western Sandpiper",2021,0
"Western Sandpiper",2022,0
"Western Sandpiper",2023,0
"Western Sandpiper",2024,0
"Western Sandpiper",2025,0
"American Woodcock",1999,0
"American Woodcock",2000,0.00936592675845275
"American Woodcock",2001,0
"American Woodcock",2002,0
"American Woodcock",2003,0
"American Woodcock",2004,0
"American Woodcock",2005,0
"American Woodcock",2006,0
"American Woodcock",2007,0
"American Woodcock",2008,0
"American Woodcock",2009,0
"American Woodcock",2010,0
"American Woodcock",2011,0
"American Woodcock",2012,0
"American Woodcock",2013,0
"American Woodcock",2014,0.00809061488673139
"American Woodcock",2015,0
"American Woodcock",2016,0
"American Woodcock",2017,0
"American Woodcock",2018,0
"American Woodcock",2019,0
"American Woodcock",2021,0
"American Woodcock",2022,0
"American Woodcock",2023,0
"American Woodcock",2024,0
"American Woodcock",2025,0
"Wilson's Snipe",1999,0
"Wilson's Snipe",2000,0
"Wilson's Snipe",2001,0
"Wilson's Snipe",2002,0
"Wilson's Snipe",2003,0
"Wilson's Snipe",2004,0
"Wilson's Snipe",2005,0
"Wilson's Snipe",2006,0
"Wilson's Snipe",2007,0.0363319284987647
"Wilson's Snipe",2008,0
"Wilson's Snipe",2009,0
"Wilson's Snipe",2010,0
"Wilson's Snipe",2011,0.00765110941086458
"Wilson's Snipe",2012,0
"Wilson's Snipe",2013,0
"Wilson's Snipe",2014,0
"Wilson's Snipe",2015,0
"Wilson's Snipe",2016,0
"Wilson's Snipe",2017,0
"Wilson's Snipe",2018,0
"Wilson's Snipe",2019,0
"Wilson's Snipe",2021,0.00699300699300699
"Wilson's Snipe",2022,0
"Wilson's Snipe",2023,0
"Wilson's Snipe",2024,0
"Wilson's Snipe",2025,0
"Spotted Sandpiper",1999,0.27681660899654
"Spotted Sandpiper",2000,0.18362662586075
"Spotted Sandpiper",2001,0.208116545265349
"Spotted Sandpiper",2002,0.279569892473118
"Spotted Sandpiper",2003,0.264059377676277
"Spotted Sandpiper",2004,0.10302519434298
"Spotted Sandpiper",2005,0.338842975206612
"Spotted Sandpiper",2006,0.12853470437018
"Spotted Sandpiper",2007,0.157029373729909
"Spotted Sandpiper",2008,0.040956749672346
"Spotted Sandpiper",2009,0.111888111888112
"Spotted Sandpiper",2010,0.0921470256987816
"Spotted Sandpiper",2011,0.421738713696923
"Spotted Sandpiper",2012,0.216404886561955
"Spotted Sandpiper",2013,0.0198265179677819
"Spotted Sandpiper",2014,0.336818468879377
"Spotted Sandpiper",2015,0.305835010060362
"Spotted Sandpiper",2016,0.123402379903041
"Spotted Sandpiper",2017,0.122029543994862
"Spotted Sandpiper",2018,0.113268608414239
"Spotted Sandpiper",2019,0.0821952453211937
"Spotted Sandpiper",2021,0.362138748846127
"Spotted Sandpiper",2022,0.121506682867558
"Spotted Sandpiper",2023,0.217991570992588
"Spotted Sandpiper",2024,0.31624500665779
"Spotted Sandpiper",2025,0.0790513833992095
"Solitary Sandpiper",1999,0.0819084672878059
"Solitary Sandpiper",2000,0.0287549122975175
"Solitary Sandpiper",2001,0.06282722513089
"Solitary Sandpiper",2002,0.0793060718711276
"Solitary Sandpiper",2003,0.014034102869974
"Solitary Sandpiper",2004,0.0321931589537223
"Solitary Sandpiper",2005,0.176289114147201
"Solitary Sandpiper",2006,0.109184328837508
"Solitary Sandpiper",2007,0.0566343042071197
"Solitary Sandpiper",2008,0.0505816894284269
"Solitary Sandpiper",2009,0.0923098771568558
"Solitary Sandpiper",2010,0.0405022276225192
"Solitary Sandpiper",2011,0.0653974712977765
"Solitary Sandpiper",2012,0.133155792276964
"Solitary Sandpiper",2013,0.0210803689064559
"Solitary Sandpiper",2014,0.0922722029988466
"Solitary Sandpiper",2015,0.130068859984698
"Solitary Sandpiper",2016,0
"Solitary Sandpiper",2017,0
"Solitary Sandpiper",2018,0.00713673993719669
"Solitary Sandpiper",2019,0.0187318535169055
"Solitary Sandpiper",2021,0.0909090909090909
"Solitary Sandpiper",2022,0.051413881748072
"Solitary Sandpiper",2023,0.0369480879364493
"Solitary Sandpiper",2024,0.0245740498034076
"Solitary Sandpiper",2025,0.00699300699300699
"Greater Yellowlegs",1999,0
"Greater Yellowlegs",2000,0.00726638569975294
"Greater Yellowlegs",2001,0
"Greater Yellowlegs",2002,0
"Greater Yellowlegs",2003,0
"Greater Yellowlegs",2004,0
"Greater Yellowlegs",2005,0
"Greater Yellowlegs",2006,0
"Greater Yellowlegs",2007,0
"Greater Yellowlegs",2008,0
"Greater Yellowlegs",2009,0
"Greater Yellowlegs",2010,0
"Greater Yellowlegs",2011,0
"Greater Yellowlegs",2012,0
"Greater Yellowlegs",2013,0
"Greater Yellowlegs",2014,0
"Greater Yellowlegs",2015,0
"Greater Yellowlegs",2016,0
"Greater Yellowlegs",2017,0
"Greater Yellowlegs",2018,0
"Greater Yellowlegs",2019,0
"Greater Yellowlegs",2021,0
"Greater Yellowlegs",2022,0
"Greater Yellowlegs",2023,0
"Greater Yellowlegs",2024,0
"Greater Yellowlegs",2025,0
"Willet",1999,0
"Willet",2000,0
"Willet",2001,0
"Willet",2002,0.0769230769230769
"Willet",2003,0.0102385584109757
"Willet",2004,0
"Willet",2005,0
"Willet",2006,0
"Willet",2007,0
"Willet",2008,0
"Willet",2009,0
"Willet",2010,0
"Willet",2011,0
"Willet",2012,0
"Willet",2013,0
"Willet",2014,0
"Willet",2015,0
"Willet",2016,0
"Willet",2017,0
"Willet",2018,0
"Willet",2019,0
"Willet",2021,0
"Willet",2022,0
"Willet",2023,0
"Willet",2024,0
"Willet",2025,0
"Lesser Yellowlegs",1999,0
"Lesser Yellowlegs",2000,0
"Lesser Yellowlegs",2001,0.00632271117855336
"Lesser Yellowlegs",2002,0
"Lesser Yellowlegs",2003,0
"Lesser Yellowlegs",2004,0
"Lesser Yellowlegs",2005,0.0249667110519308
"Lesser Yellowlegs",2006,0
"Lesser Yellowlegs",2007,0
"Lesser Yellowlegs",2008,0
"Lesser Yellowlegs",2009,0
"Lesser Yellowlegs",2010,0
"Lesser Yellowlegs",2011,0.0570939194975735
"Lesser Yellowlegs",2012,0
"Lesser Yellowlegs",2013,0
"Lesser Yellowlegs",2014,0.038560411311054
"Lesser Yellowlegs",2015,0
"Lesser Yellowlegs",2016,0.0163826998689384
"Lesser Yellowlegs",2017,0
"Lesser Yellowlegs",2018,0
"Lesser Yellowlegs",2019,0
"Lesser Yellowlegs",2021,0
"Lesser Yellowlegs",2022,0
"Lesser Yellowlegs",2023,0
"Lesser Yellowlegs",2024,0
"Lesser Yellowlegs",2025,0
"Least Sandpiper",1999,0
"Least Sandpiper",2000,0
"Least Sandpiper",2001,0.0468296337922637
"Least Sandpiper",2002,0.0247933884297521
"Least Sandpiper",2003,0
"Least Sandpiper",2004,0
"Least Sandpiper",2005,0.0081913499344692
"Least Sandpiper",2006,0.027972027972028
"Least Sandpiper",2007,0.0921470256987816
"Least Sandpiper",2008,0
"Least Sandpiper",2009,0.0279232111692845
"Least Sandpiper",2010,0
"Least Sandpiper",2011,0.0491193600449091
"Least Sandpiper",2012,0
"Least Sandpiper",2013,0
"Least Sandpiper",2014,0
"Least Sandpiper",2015,0
"Least Sandpiper",2016,0.0126454223571067
"Least Sandpiper",2017,0
"Least Sandpiper",2018,0
"Least Sandpiper",2019,0
"Least Sandpiper",2021,0
"Least Sandpiper",2022,0
"Least Sandpiper",2023,0.0230680507497116
"Least Sandpiper",2024,0.0306044376434583
"Least Sandpiper",2025,0.00693721817551162
"Bonaparte's Gull",1999,0.0446096654275093
"Bonaparte's Gull",2000,0
"Bonaparte's Gull",2001,0
"Bonaparte's Gull",2002,0
"Bonaparte's Gull",2003,0
"Bonaparte's Gull",2004,0.00809061488673139
"Bonaparte's Gull",2005,0
"Bonaparte's Gull",2006,0.0426045586877796
"Bonaparte's Gull",2007,0.0162008910490077
"Bonaparte's Gull",2008,0.0145327713995059
"Bonaparte's Gull",2009,0.0166444740346205
"Bonaparte's Gull",2010,0
"Bonaparte's Gull",2011,0.0307574009996155
"Bonaparte's Gull",2012,0.00765110941086458
"Bonaparte's Gull",2013,0.00693721817551162
"Bonaparte's Gull",2014,0.028673835125448
"Bonaparte's Gull",2015,0
"Bonaparte's Gull",2016,0.0280977802753582
"Bonaparte's Gull",2017,0
"Bonaparte's Gull",2018,0.025706940874036
"Bonaparte's Gull",2019,0
"Bonaparte's Gull",2021,0.0245740498034076
"Bonaparte's Gull",2022,0.00699300699300699
"Bonaparte's Gull",2023,0.0819084672878059
"Bonaparte's Gull",2024,0.0383398830633567
"Bonaparte's Gull",2025,0.0488656195462478
"Laughing Gull",1999,0
"Laughing Gull",2000,0
"Laughing Gull",2001,0
"Laughing Gull",2002,0.00693721817551162
"Laughing Gull",2003,0
"Laughing Gull",2004,0
"Laughing Gull",2005,0
"Laughing Gull",2006,0
"Laughing Gull",2007,0
"Laughing Gull",2008,0
"Laughing Gull",2009,0.0081913499344692
"Laughing Gull",2010,0.00699300699300699
"Laughing Gull",2011,0
"Laughing Gull",2012,0.00958497076583916
"Laughing Gull",2013,0
"Laughing Gull",2014,0
"Laughing Gull",2015,0
"Laughing Gull",2016,0
"Laughing Gull",2017,0
"Laughing Gull",2018,0
"Laughing Gull",2019,0
"Laughing Gull",2021,0
"Laughing Gull",2022,0
"Laughing Gull",2023,0
"Laughing Gull",2024,0
"Laughing Gull",2025,0
"Ring-billed Gull",1999,1.04895104895105
"Ring-billed Gull",2000,1.53578376164636
"Ring-billed Gull",2001,0.383398830633567
"Ring-billed Gull",2002,1.43804537521815
"Ring-billed Gull",2003,0.520446096654275
"Ring-billed Gull",2004,0.392954880359273
"Ring-billed Gull",2005,4.56338028169014
"Ring-billed Gull",2006,1.66593212869105
"Ring-billed Gull",2007,1.5028901734104
"Ring-billed Gull",2008,2.07928802588997
"Ring-billed Gull",2009,0.916793120890238
"Ring-billed Gull",2010,0.035503798906483
"Ring-billed Gull",2011,0.332118266504658
"Ring-billed Gull",2012,0.196192413893329
"Ring-billed Gull",2013,2.22203728362184
"Ring-billed Gull",2014,3.49934123847167
"Ring-billed Gull",2015,4.30603613994617
"Ring-billed Gull",2016,1.37719969395562
"Ring-billed Gull",2017,0.138744363510232
"Ring-billed Gull",2018,0.530465949820789
"Ring-billed Gull",2019,0.399657436483015
"Ring-billed Gull",2021,0.833567481502295
"Ring-billed Gull",2022,1.67768595041322
"Ring-billed Gull",2023,0.083547557840617
"Ring-billed Gull",2024,0.203214483650471
"Ring-billed Gull",2025,0.040956749672346
"Herring Gull",1999,0
"Herring Gull",2000,0.00810044552450385
"Herring Gull",2001,0
"Herring Gull",2002,0
"Herring Gull",2003,0
"Herring Gull",2004,0
"Herring Gull",2005,0
"Herring Gull",2006,0
"Herring Gull",2007,0
"Herring Gull",2008,0
"Herring Gull",2009,0
"Herring Gull",2010,0
"Herring Gull",2011,0
"Herring Gull",2012,0
"Herring Gull",2013,0
"Herring Gull",2014,0.013986013986014
"Herring Gull",2015,0
"Herring Gull",2016,0
"Herring Gull",2017,0
"Herring Gull",2018,0.00991325898389095
"Herring Gull",2019,0
"Herring Gull",2021,0
"Herring Gull",2022,0.00881445570736007
"Herring Gull",2023,0
"Herring Gull",2024,0
"Herring Gull",2025,0
"Glaucous Gull",1999,0
"Glaucous Gull",2000,0
"Glaucous Gull",2001,0
"Glaucous Gull",2002,0
"Glaucous Gull",2003,0
"Glaucous Gull",2004,0
"Glaucous Gull",2005,0
"Glaucous Gull",2006,0
"Glaucous Gull",2007,0
"Glaucous Gull",2008,0
"Glaucous Gull",2009,0
"Glaucous Gull",2010,0
"Glaucous Gull",2011,0
"Glaucous Gull",2012,0
"Glaucous Gull",2013,0
"Glaucous Gull",2014,0
"Glaucous Gull",2015,0
"Glaucous Gull",2016,0
"Glaucous Gull",2017,0
"Glaucous Gull",2018,0
"Glaucous Gull",2019,0
"Glaucous Gull",2021,0
"Glaucous Gull",2022,0
"Glaucous Gull",2023,0
"Glaucous Gull",2024,0
"Glaucous Gull",2025,0
"Caspian Tern",1999,0.00881445570736007
"Caspian Tern",2000,0
"Caspian Tern",2001,0
"Caspian Tern",2002,0.0379362670713202
"Caspian Tern",2003,0
"Caspian Tern",2004,0
"Caspian Tern",2005,0.0290655427990118
"Caspian Tern",2006,0
"Caspian Tern",2007,0
"Caspian Tern",2008,0
"Caspian Tern",2009,0.00765110941086458
"Caspian Tern",2010,0
"Caspian Tern",2011,0.00716845878136201
"Caspian Tern",2012,0.0214102198115901
"Caspian Tern",2013,0
"Caspian Tern",2014,0
"Caspian Tern",2015,0.019280205655527
"Caspian Tern",2016,0
"Caspian Tern",2017,0
"Caspian Tern",2018,0
"Caspian Tern",2019,0
"Caspian Tern",2021,0
"Caspian Tern",2022,0
"Caspian Tern",2023,0
"Caspian Tern",2024,0
"Caspian Tern",2025,0.0160965794768612
"Black Tern",1999,0
"Black Tern",2000,0
"Black Tern",2001,0
"Black Tern",2002,0
"Black Tern",2003,0
"Black Tern",2004,0
"Black Tern",2005,0
"Black Tern",2006,0
"Black Tern",2007,0
"Black Tern",2008,0
"Black Tern",2009,0
"Black Tern",2010,0
"Black Tern",2011,0
"Black Tern",2012,0
"Black Tern",2013,0
"Black Tern",2014,0
"Black Tern",2015,0
"Black Tern",2016,0
"Black Tern",2017,0
"Black Tern",2018,0
"Black Tern",2019,0
"Black Tern",2021,0
"Black Tern",2022,0
"Black Tern",2023,0
"Black Tern",2024,0
"Black Tern",2025,0
"Common Tern",1999,0
"Common Tern",2000,0
"Common Tern",2001,0
"Common Tern",2002,0
"Common Tern",2003,0
"Common Tern",2004,0
"Common Tern",2005,0
"Common Tern",2006,0
"Common Tern",2007,0
"Common Tern",2008,0
"Common Tern",2009,0
"Common Tern",2010,0
"Common Tern",2011,0
"Common Tern",2012,0
"Common Tern",2013,0
"Common Tern",2014,0
"Common Tern",2015,0
"Common Tern",2016,0
"Common Tern",2017,0
"Common Tern",2018,0
"Common Tern",2019,0
"Common Tern",2021,0
"Common Tern",2022,0
"Common Tern",2023,0
"Common Tern",2024,0
"Common Tern",2025,0
"Forster's Tern",1999,0
"Forster's Tern",2000,0
"Forster's Tern",2001,0
"Forster's Tern",2002,0
"Forster's Tern",2003,0.00693721817551162
"Forster's Tern",2004,0
"Forster's Tern",2005,0
"Forster's Tern",2006,0
"Forster's Tern",2007,0
"Forster's Tern",2008,0
"Forster's Tern",2009,0
"Forster's Tern",2010,0
"Forster's Tern",2011,0
"Forster's Tern",2012,0
"Forster's Tern",2013,0.00958497076583916
"Forster's Tern",2014,0
"Forster's Tern",2015,0
"Forster's Tern",2016,0.00701705143498702
"Forster's Tern",2017,0
"Forster's Tern",2018,0
"Forster's Tern",2019,0
"Forster's Tern",2021,0
"Forster's Tern",2022,0
"Forster's Tern",2023,0
"Forster's Tern",2024,0
"Forster's Tern",2025,0
"Common Loon",1999,0.0163826998689384
"Common Loon",2000,0.00699300699300699
"Common Loon",2001,0
"Common Loon",2002,0.00958497076583916
"Common Loon",2003,0.0139616055846422
"Common Loon",2004,0
"Common Loon",2005,0.00701705143498702
"Common Loon",2006,0.00804828973843058
"Common Loon",2007,0
"Common Loon",2008,0
"Common Loon",2009,0
"Common Loon",2010,0.0189681335356601
"Common Loon",2011,0.0071007597812966
"Common Loon",2012,0.00810044552450385
"Common Loon",2013,0.0363319284987647
"Common Loon",2014,0
"Common Loon",2015,0
"Common Loon",2016,0.0384467512495194
"Common Loon",2017,0
"Common Loon",2018,0
"Common Loon",2019,0.021505376344086
"Common Loon",2021,0
"Common Loon",2022,0.0561955605507165
"Common Loon",2023,0
"Common Loon",2024,0.032133676092545
"Common Loon",2025,0.00923702198411232
"Anhinga",1999,0
"Anhinga",2000,0
"Anhinga",2001,0
"Anhinga",2002,0
"Anhinga",2003,0
"Anhinga",2004,0
"Anhinga",2005,0
"Anhinga",2006,0
"Anhinga",2007,0
"Anhinga",2008,0
"Anhinga",2009,0
"Anhinga",2010,0
"Anhinga",2011,0
"Anhinga",2012,0
"Anhinga",2013,0.00923702198411232
"Anhinga",2014,0
"Anhinga",2015,0
"Anhinga",2016,0
"Anhinga",2017,0
"Anhinga",2018,0
"Anhinga",2019,0
"Anhinga",2021,0
"Anhinga",2022,0
"Anhinga",2023,0
"Anhinga",2024,0
"Anhinga",2025,0
"Double-crested Cormorant",1999,1.66713496300459
"Double-crested Cormorant",2000,5.22314049586777
"Double-crested Cormorant",2001,2.53856041131105
"Double-crested Cormorant",2002,4.96951782745243
"Double-crested Cormorant",2003,3.1127129750983
"Double-crested Cormorant",2004,2.13986013986014
"Double-crested Cormorant",2005,4.53568137606225
"Double-crested Cormorant",2006,4.17904725390588
"Double-crested Cormorant",2007,2.5130890052356
"Double-crested Cormorant",2008,1.57620817843866
"Double-crested Cormorant",2009,2.07003017332117
"Double-crested Cormorant",2010,1.02213279678068
"Double-crested Cormorant",2011,3.56104010577347
"Double-crested Cormorant",2012,3.10854206807964
"Double-crested Cormorant",2013,3.6326860841424
"Double-crested Cormorant",2014,2.29514415781487
"Double-crested Cormorant",2015,3.06752822552013
"Double-crested Cormorant",2016,5.93762656946132
"Double-crested Cormorant",2017,1.30068304025578
"Double-crested Cormorant",2018,1.25665778961385
"Double-crested Cormorant",2019,2.68247694334651
"Double-crested Cormorant",2021,4.45213379469435
"Double-crested Cormorant",2022,4.36878347360367
"Double-crested Cormorant",2023,3.46860908775581
"Double-crested Cormorant",2024,1.92831541218638
"Double-crested Cormorant",2025,1.44162146731373
"American Bittern",1999,0
"American Bittern",2000,0
"American Bittern",2001,0
"American Bittern",2002,0
"American Bittern",2003,0
"American Bittern",2004,0
"American Bittern",2005,0.00810044552450385
"American Bittern",2006,0
"American Bittern",2007,0
"American Bittern",2008,0
"American Bittern",2009,0
"American Bittern",2010,0
"American Bittern",2011,0
"American Bittern",2012,0
"American Bittern",2013,0
"American Bittern",2014,0
"American Bittern",2015,0
"American Bittern",2016,0
"American Bittern",2017,0
"American Bittern",2018,0
"American Bittern",2019,0.00699300699300699
"American Bittern",2021,0
"American Bittern",2022,0
"American Bittern",2023,0
"American Bittern",2024,0
"American Bittern",2025,0
"Little Blue Heron",1999,0.0229533282325937
"Little Blue Heron",2000,0
"Little Blue Heron",2001,0
"Little Blue Heron",2002,0
"Little Blue Heron",2003,0
"Little Blue Heron",2004,0
"Little Blue Heron",2005,0
"Little Blue Heron",2006,0
"Little Blue Heron",2007,0
"Little Blue Heron",2008,0
"Little Blue Heron",2009,0
"Little Blue Heron",2010,0
"Little Blue Heron",2011,0
"Little Blue Heron",2012,0
"Little Blue Heron",2013,0
"Little Blue Heron",2014,0
"Little Blue Heron",2015,0
"Little Blue Heron",2016,0
"Little Blue Heron",2017,0
"Little Blue Heron",2018,0
"Little Blue Heron",2019,0
"Little Blue Heron",2021,0
"Little Blue Heron",2022,0
"Little Blue Heron",2023,0
"Little Blue Heron",2024,0.0263504611330698
"Little Blue Heron",2025,0
"Snowy Egret",1999,0.00958497076583916
"Snowy Egret",2000,0
"Snowy Egret",2001,0
"Snowy Egret",2002,0
"Snowy Egret",2003,0
"Snowy Egret",2004,0
"Snowy Egret",2005,0
"Snowy Egret",2006,0
"Snowy Egret",2007,0
"Snowy Egret",2008,0
"Snowy Egret",2009,0
"Snowy Egret",2010,0
"Snowy Egret",2011,0
"Snowy Egret",2012,0
"Snowy Egret",2013,0
"Snowy Egret",2014,0
"Snowy Egret",2015,0
"Snowy Egret",2016,0
"Snowy Egret",2017,0
"Snowy Egret",2018,0
"Snowy Egret",2019,0
"Snowy Egret",2021,0
"Snowy Egret",2022,0
"Snowy Egret",2023,0
"Snowy Egret",2024,0
"Snowy Egret",2025,0
"Green Heron",1999,0.116262171196047
"Green Heron",2000,0.174766977363515
"Green Heron",2001,0.0948616600790514
"Green Heron",2002,0.107650903498654
"Green Heron",2003,0.0994644223412395
"Green Heron",2004,0.0416233090530697
"Green Heron",2005,0.0860215053763441
"Green Heron",2006,0.0570939194975735
"Green Heron",2007,0.0280977802753582
"Green Heron",2008,0.0495867768595041
"Green Heron",2009,0.051413881748072
"Green Heron",2010,0.0184740439682246
"Green Heron",2011,0.040956749672346
"Green Heron",2012,0.0559440559440559
"Green Heron",2013,0.0511927920548787
"Green Heron",2014,0.0862647368925525
"Green Heron",2015,0.06282722513089
"Green Heron",2016,0.00991325898389095
"Green Heron",2017,0.0491193600449091
"Green Heron",2018,0.0402414486921529
"Green Heron",2019,0
"Green Heron",2021,0.0385356454720617
"Green Heron",2022,0.00809061488673139
"Green Heron",2023,0.0252908447142135
"Green Heron",2024,0.035503798906483
"Green Heron",2025,0.0648035641960308
"Western Cattle Egret",1999,0
"Western Cattle Egret",2000,0
"Western Cattle Egret",2001,0
"Western Cattle Egret",2002,0
"Western Cattle Egret",2003,0
"Western Cattle Egret",2004,0
"Western Cattle Egret",2005,0
"Western Cattle Egret",2006,0
"Western Cattle Egret",2007,0
"Western Cattle Egret",2008,0
"Western Cattle Egret",2009,0
"Western Cattle Egret",2010,0
"Western Cattle Egret",2011,0
"Western Cattle Egret",2012,0
"Western Cattle Egret",2013,0
"Western Cattle Egret",2014,0.00726638569975294
"Western Cattle Egret",2015,0
"Western Cattle Egret",2016,0
"Western Cattle Egret",2017,0
"Western Cattle Egret",2018,0
"Western Cattle Egret",2019,0
"Western Cattle Egret",2021,0
"Western Cattle Egret",2022,0
"Western Cattle Egret",2023,0
"Western Cattle Egret",2024,0
"Western Cattle Egret",2025,0
"Great Egret",1999,0.0485436893203883
"Great Egret",2000,0.0316135558927668
"Great Egret",2001,0
"Great Egret",2002,0.0648035641960308
"Great Egret",2003,0.0145327713995059
"Great Egret",2004,0.0249667110519308
"Great Egret",2005,0.00527009222661397
"Great Egret",2006,0.0153787004998078
"Great Egret",2007,0.00765110941086458
"Great Egret",2008,0
"Great Egret",2009,0
"Great Egret",2010,0
"Great Egret",2011,0.0468296337922637
"Great Egret",2012,0.00826446280991736
"Great Egret",2013,0
"Great Egret",2014,0.0831331978570109
"Great Egret",2015,0.0163826998689384
"Great Egret",2016,0
"Great Egret",2017,0
"Great Egret",2018,0
"Great Egret",2019,0.00698080279232112
"Great Egret",2021,0
"Great Egret",2022,0
"Great Egret",2023,0
"Great Egret",2024,0.00881445570736007
"Great Egret",2025,0.0192678227360308
"Great Blue Heron",1999,0.256922637739081
"Great Blue Heron",2000,0.327807436545846
"Great Blue Heron",2001,0.628099173553719
"Great Blue Heron",2002,0.668380462724936
"Great Blue Heron",2003,0.766672824681323
"Great Blue Heron",2004,0.835517693315858
"Great Blue Heron",2005,0.972027972027972
"Great Blue Heron",2006,1.36172826865977
"Great Blue Heron",2007,1.62944503019266
"Great Blue Heron",2008,1.85689354275742
"Great Blue Heron",2009,0.916976456009913
"Great Blue Heron",2010,0.87011437793839
"Great Blue Heron",2011,1.01408450704225
"Great Blue Heron",2012,1.76289114147201
"Great Blue Heron",2013,1.04688503532434
"Great Blue Heron",2014,1.31877022653722
"Great Blue Heron",2015,0.77137076378351
"Great Blue Heron",2016,0.894695732443371
"Great Blue Heron",2017,1.64439044147428
"Great Blue Heron",2018,0.901031826769365
"Great Blue Heron",2019,1.43142476697736
"Great Blue Heron",2021,0.869565217391304
"Great Blue Heron",2022,1.40715109573241
"Great Blue Heron",2023,1.03289977046672
"Great Blue Heron",2024,1.04751994450225
"Great Blue Heron",2025,0.831541218637993
"Black-crowned Night-Heron",1999,0
"Black-crowned Night-Heron",2000,0
"Black-crowned Night-Heron",2001,0
"Black-crowned Night-Heron",2002,0
"Black-crowned Night-Heron",2003,0
"Black-crowned Night-Heron",2004,0
"Black-crowned Night-Heron",2005,0
"Black-crowned Night-Heron",2006,0
"Black-crowned Night-Heron",2007,0
"Black-crowned Night-Heron",2008,0
"Black-crowned Night-Heron",2009,0
"Black-crowned Night-Heron",2010,0
"Black-crowned Night-Heron",2011,0
"Black-crowned Night-Heron",2012,0
"Black-crowned Night-Heron",2013,0
"Black-crowned Night-Heron",2014,0
"Black-crowned Night-Heron",2015,0
"Black-crowned Night-Heron",2016,0
"Black-crowned Night-Heron",2017,0
"Black-crowned Night-Heron",2018,0
"Black-crowned Night-Heron",2019,0
"Black-crowned Night-Heron",2021,0
"Black-crowned Night-Heron",2022,0
"Black-crowned Night-Heron",2023,0
"Black-crowned Night-Heron",2024,0
"Black-crowned Night-Heron",2025,0
"Yellow-crowned Night-Heron",1999,0
"Yellow-crowned Night-Heron",2000,0
"Yellow-crowned Night-Heron",2001,0
"Yellow-crowned Night-Heron",2002,0
"Yellow-crowned Night-Heron",2003,0
"Yellow-crowned Night-Heron",2004,0
"Yellow-crowned Night-Heron",2005,0.00826446280991736
"Yellow-crowned Night-Heron",2006,0
"Yellow-crowned Night-Heron",2007,0
"Yellow-crowned Night-Heron",2008,0
"Yellow-crowned Night-Heron",2009,0
"Yellow-crowned Night-Heron",2010,0
"Yellow-crowned Night-Heron",2011,0
"Yellow-crowned Night-Heron",2012,0
"Yellow-crowned Night-Heron",2013,0
"Yellow-crowned Night-Heron",2014,0
"Yellow-crowned Night-Heron",2015,0
"Yellow-crowned Night-Heron",2016,0
"Yellow-crowned Night-Heron",2017,0
"Yellow-crowned Night-Heron",2018,0
"Yellow-crowned Night-Heron",2019,0
"Yellow-crowned Night-Heron",2021,0
"Yellow-crowned Night-Heron",2022,0
"Yellow-crowned Night-Heron",2023,0
"Yellow-crowned Night-Heron",2024,0
"Yellow-crowned Night-Heron",2025,0
"Black Vulture",1999,0.266202518685369
"Black Vulture",2000,0.287549122975175
"Black Vulture",2001,0.223385689354276
"Black Vulture",2002,0.0892193308550186
"Black Vulture",2003,0.294716160269455
"Black Vulture",2004,0.257545271629779
"Black Vulture",2005,0.141031291317761
"Black Vulture",2006,0.141297366730893
"Black Vulture",2007,0.428802588996764
"Black Vulture",2008,0.537430450177036
"Black Vulture",2009,0.31243343037705
"Black Vulture",2010,1.18266504657756
"Black Vulture",2011,0.385118442086906
"Black Vulture",2012,0.99866844207723
"Black Vulture",2013,0.179183135704875
"Black Vulture",2014,0.392156862745098
"Black Vulture",2015,0.482019892884468
"Black Vulture",2016,0.374609781477627
"Black Vulture",2017,0.487455197132616
"Black Vulture",2018,0.256922637739081
"Black Vulture",2019,0.768005994193125
"Black Vulture",2021,0.859504132231405
"Black Vulture",2022,0.790488431876607
"Black Vulture",2023,0.702013670792536
"Black Vulture",2024,0.253931847968545
"Black Vulture",2025,0.475524475524476
"Turkey Vulture",1999,0.77764277035237
"Turkey Vulture",2000,0.901031826769365
"Turkey Vulture",2001,1.7060585885486
"Turkey Vulture",2002,1.10671936758893
"Turkey Vulture",2003,1.51480199923106
"Turkey Vulture",2004,0.910482019892885
"Turkey Vulture",2005,0.881026708289976
"Turkey Vulture",2006,0.688172043010753
"Turkey Vulture",2007,1.37739080787896
"Turkey Vulture",2008,1.59220754893697
"Turkey Vulture",2009,1.8595041322314
"Turkey Vulture",2010,1.25321336760925
"Turkey Vulture",2011,1.35784223166451
"Turkey Vulture",2012,1.60550458715596
"Turkey Vulture",2013,1.06293706293706
"Turkey Vulture",2014,1.7712706050988
"Turkey Vulture",2015,1.57193520559762
"Turkey Vulture",2016,0.411867364746946
"Turkey Vulture",2017,0.921933085501859
"Turkey Vulture",2018,0.750824503543611
"Turkey Vulture",2019,1.27967806841046
"Turkey Vulture",2021,1.56897311591009
"Turkey Vulture",2022,1.23314065510597
"Turkey Vulture",2023,1.40776699029126
"Turkey Vulture",2024,0.335103692463328
"Turkey Vulture",2025,0.610665341191507
"Osprey",1999,0.12853470437018
"Osprey",2000,0.221688527618696
"Osprey",2001,0.360419397116645
"Osprey",2002,0.314685314685315
"Osprey",2003,0.327633869151224
"Osprey",2004,0.335473976804371
"Osprey",2005,0.146596858638743
"Osprey",2006,0.178438661710037
"Osprey",2007,0.322784366009403
"Osprey",2008,0.241448692152918
"Osprey",2009,0.396650506831203
"Osprey",2010,0.276172125883109
"Osprey",2011,0.323624595469256
"Osprey",2012,0.436267071320182
"Osprey",2013,0.411844067315203
"Osprey",2014,0.4212231672742
"Osprey",2015,0.326987356488882
"Osprey",2016,0.432756324900133
"Osprey",2017,0.284584980237154
"Osprey",2018,0.41522491349481
"Osprey",2019,0.527926549349656
"Osprey",2021,0.464793617759279
"Osprey",2022,0.451612903225806
"Osprey",2023,0.421067656294605
"Osprey",2024,0.47766226468109
"Osprey",2025,0.487603305785124
"Mississippi Kite",1999,0
"Mississippi Kite",2000,0
"Mississippi Kite",2001,0
"Mississippi Kite",2002,0
"Mississippi Kite",2003,0
"Mississippi Kite",2004,0
"Mississippi Kite",2005,0
"Mississippi Kite",2006,0
"Mississippi Kite",2007,0
"Mississippi Kite",2008,0
"Mississippi Kite",2009,0
"Mississippi Kite",2010,0
"Mississippi Kite",2011,0
"Mississippi Kite",2012,0
"Mississippi Kite",2013,0
"Mississippi Kite",2014,0
"Mississippi Kite",2015,0
"Mississippi Kite",2016,0
"Mississippi Kite",2017,0
"Mississippi Kite",2018,0
"Mississippi Kite",2019,0.0191699415316783
"Mississippi Kite",2021,0
"Mississippi Kite",2022,0
"Mississippi Kite",2023,0
"Mississippi Kite",2024,0
"Mississippi Kite",2025,0
"Northern Harrier",1999,0.00716845878136201
"Northern Harrier",2000,0
"Northern Harrier",2001,0
"Northern Harrier",2002,0
"Northern Harrier",2003,0
"Northern Harrier",2004,0.0184740439682246
"Northern Harrier",2005,0.0081913499344692
"Northern Harrier",2006,0
"Northern Harrier",2007,0.0102385584109757
"Northern Harrier",2008,0
"Northern Harrier",2009,0
"Northern Harrier",2010,0
"Northern Harrier",2011,0
"Northern Harrier",2012,0
"Northern Harrier",2013,0
"Northern Harrier",2014,0
"Northern Harrier",2015,0.00809061488673139
"Northern Harrier",2016,0
"Northern Harrier",2017,0
"Northern Harrier",2018,0
"Northern Harrier",2019,0
"Northern Harrier",2021,0
"Northern Harrier",2022,0
"Northern Harrier",2023,0
"Northern Harrier",2024,0
"Northern Harrier",2025,0
"Sharp-shinned Hawk",1999,0.00495662949194548
"Sharp-shinned Hawk",2000,0.0280682057399481
"Sharp-shinned Hawk",2001,0.00804828973843058
"Sharp-shinned Hawk",2002,0.0264433671220802
"Sharp-shinned Hawk",2003,0.00642260757867694
"Sharp-shinned Hawk",2004,0.00809061488673139
"Sharp-shinned Hawk",2005,0.00632271117855336
"Sharp-shinned Hawk",2006,0.0071007597812966
"Sharp-shinned Hawk",2007,0.0162008910490077
"Sharp-shinned Hawk",2008,0
"Sharp-shinned Hawk",2009,0.0166444740346205
"Sharp-shinned Hawk",2010,0
"Sharp-shinned Hawk",2011,0.00768935024990388
"Sharp-shinned Hawk",2012,0
"Sharp-shinned Hawk",2013,0
"Sharp-shinned Hawk",2014,0
"Sharp-shinned Hawk",2015,0
"Sharp-shinned Hawk",2016,0
"Sharp-shinned Hawk",2017,0
"Sharp-shinned Hawk",2018,0
"Sharp-shinned Hawk",2019,0.00923702198411232
"Sharp-shinned Hawk",2021,0.040956749672346
"Sharp-shinned Hawk",2022,0
"Sharp-shinned Hawk",2023,0
"Sharp-shinned Hawk",2024,0
"Sharp-shinned Hawk",2025,0.00698080279232112
"Cooper's Hawk",1999,0.0210803689064559
"Cooper's Hawk",2000,0
"Cooper's Hawk",2001,0
"Cooper's Hawk",2002,0.0277488727020465
"Cooper's Hawk",2003,0.014336917562724
"Cooper's Hawk",2004,0.0214102198115901
"Cooper's Hawk",2005,0.0187318535169055
"Cooper's Hawk",2006,0
"Cooper's Hawk",2007,0.038560411311054
"Cooper's Hawk",2008,0.027711065952337
"Cooper's Hawk",2009,0.0327653997378768
"Cooper's Hawk",2010,0
"Cooper's Hawk",2011,0.0102385584109757
"Cooper's Hawk",2012,0.00958497076583916
"Cooper's Hawk",2013,0.0139616055846422
"Cooper's Hawk",2014,0.00991325898389095
"Cooper's Hawk",2015,0.00701705143498702
"Cooper's Hawk",2016,0
"Cooper's Hawk",2017,0.0352578228294403
"Cooper's Hawk",2018,0.0128452151573539
"Cooper's Hawk",2019,0.040453074433657
"Cooper's Hawk",2021,0.0126454223571067
"Cooper's Hawk",2022,0.0142015195625932
"Cooper's Hawk",2023,0.0243013365735115
"Cooper's Hawk",2024,0.00726638569975294
"Cooper's Hawk",2025,0
"Bald Eagle",1999,0.041958041958042
"Bald Eagle",2000,0.0716699088768301
"Bald Eagle",2001,0.325889006038532
"Bald Eagle",2002,0.216404886561955
"Bald Eagle",2003,0.0991325898389095
"Bald Eagle",2004,0.0771875657848572
"Bald Eagle",2005,0.152917505030181
"Bald Eagle",2006,0.149845747025121
"Bald Eagle",2007,0.346820809248555
"Bald Eagle",2008,0.23462783171521
"Bald Eagle",2009,0.145422357106727
"Bald Eagle",2010,0.220123553220195
"Bald Eagle",2011,0.251113811259619
"Bald Eagle",2012,0.421450370585671
"Bald Eagle",2013,0.424434087882823
"Bald Eagle",2014,0.210803689064559
"Bald Eagle",2015,0.315263360246059
"Bald Eagle",2016,0.221882172915073
"Bald Eagle",2017,0.332986472424558
"Bald Eagle",2018,0.21505376344086
"Bald Eagle",2019,0.271196117613474
"Bald Eagle",2021,0.412100777371921
"Bald Eagle",2022,0.454545454545455
"Bald Eagle",2023,0.398457583547558
"Bald Eagle",2024,0.267873637539257
"Bald Eagle",2025,0.417758846657929
"Red-shouldered Hawk",1999,0.227224313001491
"Red-shouldered Hawk",2000,0.129607128392062
"Red-shouldered Hawk",2001,0.210725185292835
"Red-shouldered Hawk",2002,0.33288948069241
"Red-shouldered Hawk",2003,0.0843214756258235
"Red-shouldered Hawk",2004,0.115340253748558
"Red-shouldered Hawk",2005,0.191277735271614
"Red-shouldered Hawk",2006,0.104058272632674
"Red-shouldered Hawk",2007,0.121863799283154
"Red-shouldered Hawk",2008,0.164145018555524
"Red-shouldered Hawk",2009,0.262245949236677
"Red-shouldered Hawk",2010,0.132231404958678
"Red-shouldered Hawk",2011,0.077120822622108
"Red-shouldered Hawk",2012,0.24016257158692
"Red-shouldered Hawk",2013,0.0737221494102228
"Red-shouldered Hawk",2014,0.167832167832168
"Red-shouldered Hawk",2015,0.204771168219515
"Red-shouldered Hawk",2016,0.0766797661267133
"Red-shouldered Hawk",2017,0.181500872600349
"Red-shouldered Hawk",2018,0.0991325898389095
"Red-shouldered Hawk",2019,0.175426285874675
"Red-shouldered Hawk",2021,0.305835010060362
"Red-shouldered Hawk",2022,0.202732481269282
"Red-shouldered Hawk",2023,0.122029543994862
"Red-shouldered Hawk",2024,0.105177993527508
"Red-shouldered Hawk",2025,0.126454223571067
"Broad-winged Hawk",1999,0.0330578512396694
"Broad-winged Hawk",2000,0.06426735218509
"Broad-winged Hawk",2001,0.0738961758728986
"Broad-winged Hawk",2002,0
"Broad-winged Hawk",2003,0.00699300699300699
"Broad-winged Hawk",2004,0.0204771168219515
"Broad-winged Hawk",2005,0.00958497076583916
"Broad-winged Hawk",2006,0.00698080279232112
"Broad-winged Hawk",2007,0.0198265179677819
"Broad-winged Hawk",2008,0
"Broad-winged Hawk",2009,0.0241448692152917
"Broad-winged Hawk",2010,0.0176289114147201
"Broad-winged Hawk",2011,0
"Broad-winged Hawk",2012,0
"Broad-winged Hawk",2013,0
"Broad-winged Hawk",2014,0
"Broad-winged Hawk",2015,0.00810044552450385
"Broad-winged Hawk",2016,0
"Broad-winged Hawk",2017,0.0166444740346205
"Broad-winged Hawk",2018,0
"Broad-winged Hawk",2019,0
"Broad-winged Hawk",2021,0.0229533282325937
"Broad-winged Hawk",2022,0.00693721817551162
"Broad-winged Hawk",2023,0
"Broad-winged Hawk",2024,0
"Broad-winged Hawk",2025,0
"Red-tailed Hawk",1999,0.211546936976642
"Red-tailed Hawk",2000,0.102761721258831
"Red-tailed Hawk",2001,0.331715210355987
"Red-tailed Hawk",2002,0.164390490642387
"Red-tailed Hawk",2003,0.0994106369381524
"Red-tailed Hawk",2004,0.162008910490077
"Red-tailed Hawk",2005,0.116262171196047
"Red-tailed Hawk",2006,0.0499334221038615
"Red-tailed Hawk",2007,0.115942028985507
"Red-tailed Hawk",2008,0.146097654748174
"Red-tailed Hawk",2009,0.160673297628156
"Red-tailed Hawk",2010,0.104058272632674
"Red-tailed Hawk",2011,0.0860215053763441
"Red-tailed Hawk",2012,0.142734798743934
"Red-tailed Hawk",2013,0.224782242202866
"Red-tailed Hawk",2014,0.132231404958678
"Red-tailed Hawk",2015,0.218508997429306
"Red-tailed Hawk",2016,0.0738961758728986
"Red-tailed Hawk",2017,0.229357798165138
"Red-tailed Hawk",2018,0.041958041958042
"Red-tailed Hawk",2019,0.204771168219515
"Red-tailed Hawk",2021,0.23003929838014
"Red-tailed Hawk",2022,0.118673647469459
"Red-tailed Hawk",2023,0.123915737298637
"Red-tailed Hawk",2024,0.0350852571749351
"Red-tailed Hawk",2025,0.14486921529175
"Rough-legged Hawk",1999,0
"Rough-legged Hawk",2000,0
"Rough-legged Hawk",2001,0
"Rough-legged Hawk",2002,0
"Rough-legged Hawk",2003,0
"Rough-legged Hawk",2004,0
"Rough-legged Hawk",2005,0
"Rough-legged Hawk",2006,0
"Rough-legged Hawk",2007,0
"Rough-legged Hawk",2008,0
"Rough-legged Hawk",2009,0
"Rough-legged Hawk",2010,0
"Rough-legged Hawk",2011,0
"Rough-legged Hawk",2012,0
"Rough-legged Hawk",2013,0
"Rough-legged Hawk",2014,0
"Rough-legged Hawk",2015,0
"Rough-legged Hawk",2016,0
"Rough-legged Hawk",2017,0
"Rough-legged Hawk",2018,0
"Rough-legged Hawk",2019,0
"Rough-legged Hawk",2021,0
"Rough-legged Hawk",2022,0
"Rough-legged Hawk",2023,0
"Rough-legged Hawk",2024,0
"Rough-legged Hawk",2025,0
"Barn Owl",1999,0
"Barn Owl",2000,0
"Barn Owl",2001,0
"Barn Owl",2002,0
"Barn Owl",2003,0
"Barn Owl",2004,0
"Barn Owl",2005,0
"Barn Owl",2006,0
"Barn Owl",2007,0
"Barn Owl",2008,0
"Barn Owl",2009,0
"Barn Owl",2010,0
"Barn Owl",2011,0
"Barn Owl",2012,0
"Barn Owl",2013,0
"Barn Owl",2014,0
"Barn Owl",2015,0
"Barn Owl",2016,0
"Barn Owl",2017,0
"Barn Owl",2018,0
"Barn Owl",2019,0
"Barn Owl",2021,0
"Barn Owl",2022,0
"Barn Owl",2023,0
"Barn Owl",2024,0
"Barn Owl",2025,0
"Eastern Screech-Owl",1999,0.00832223701731025
"Eastern Screech-Owl",2000,0.00527009222661397
"Eastern Screech-Owl",2001,0.0153787004998078
"Eastern Screech-Owl",2002,0.00765110941086458
"Eastern Screech-Owl",2003,0
"Eastern Screech-Owl",2004,0
"Eastern Screech-Owl",2005,0.00713673993719669
"Eastern Screech-Owl",2006,0
"Eastern Screech-Owl",2007,0.00826446280991736
"Eastern Screech-Owl",2008,0.012853470437018
"Eastern Screech-Owl",2009,0.0184740439682246
"Eastern Screech-Owl",2010,0.0327653997378768
"Eastern Screech-Owl",2011,0.00699300699300699
"Eastern Screech-Owl",2012,0.0204771168219515
"Eastern Screech-Owl",2013,0
"Eastern Screech-Owl",2014,0
"Eastern Screech-Owl",2015,0
"Eastern Screech-Owl",2016,0
"Eastern Screech-Owl",2017,0.00804828973843058
"Eastern Screech-Owl",2018,0.00881445570736007
"Eastern Screech-Owl",2019,0.00642260757867694
"Eastern Screech-Owl",2021,0.0161812297734628
"Eastern Screech-Owl",2022,0
"Eastern Screech-Owl",2023,0
"Eastern Screech-Owl",2024,0
"Eastern Screech-Owl",2025,0
"Great Horned Owl",1999,0.0327653997378768
"Great Horned Owl",2000,0.020979020979021
"Great Horned Owl",2001,0.0204771168219515
"Great Horned Owl",2002,0.0287549122975175
"Great Horned Owl",2003,0.00698080279232112
"Great Horned Owl",2004,0.0148698884758364
"Great Horned Owl",2005,0.0280682057399481
"Great Horned Owl",2006,0.00804828973843058
"Great Horned Owl",2007,0
"Great Horned Owl",2008,0
"Great Horned Owl",2009,0
"Great Horned Owl",2010,0
"Great Horned Owl",2011,0.0071007597812966
"Great Horned Owl",2012,0
"Great Horned Owl",2013,0
"Great Horned Owl",2014,0
"Great Horned Owl",2015,0.0105401844532279
"Great Horned Owl",2016,0
"Great Horned Owl",2017,0.0229533282325937
"Great Horned Owl",2018,0.00693721817551162
"Great Horned Owl",2019,0
"Great Horned Owl",2021,0.0428204396231801
"Great Horned Owl",2022,0
"Great Horned Owl",2023,0.0330578512396694
"Great Horned Owl",2024,0.012853470437018
"Great Horned Owl",2025,0
"Barred Owl",1999,0.0885179564997471
"Barred Owl",2000,0.0994106369381524
"Barred Owl",2001,0.0891049007695423
"Barred Owl",2002,0.0290655427990118
"Barred Owl",2003,0.0416111850865513
"Barred Owl",2004,0.0474308300395257
"Barred Owl",2005,0.0615148019992311
"Barred Owl",2006,0.0153022188217292
"Barred Owl",2007,0.0277488727020465
"Barred Owl",2008,0.0788530465949821
"Barred Owl",2009,0.0713673993719669
"Barred Owl",2010,0.0468296337922637
"Barred Owl",2011,0.0413223140495868
"Barred Owl",2012,0.06426735218509
"Barred Owl",2013,0.0184740439682246
"Barred Owl",2014,0.0327653997378768
"Barred Owl",2015,0.013986013986014
"Barred Owl",2016,0.0102385584109757
"Barred Owl",2017,0.0766797661267133
"Barred Owl",2018,0.0279232111692845
"Barred Owl",2019,0.00991325898389095
"Barred Owl",2021,0.0771875657848572
"Barred Owl",2022,0.0241448692152917
"Barred Owl",2023,0.0528867342441604
"Barred Owl",2024,0.0321130378933847
"Barred Owl",2025,0.0970873786407767
"Belted Kingfisher",1999,0.074927414067622
"Belted Kingfisher",2000,0.0578512396694215
"Belted Kingfisher",2001,0.025706940874036
"Belted Kingfisher",2002,0.101607241825236
"Belted Kingfisher",2003,0.0737221494102228
"Belted Kingfisher",2004,0.027972027972028
"Belted Kingfisher",2005,0.0409542336439029
"Belted Kingfisher",2006,0.0670947953608741
"Belted Kingfisher",2007,0.0488656195462478
"Belted Kingfisher",2008,0.0297397769516729
"Belted Kingfisher",2009,0.0631534629148832
"Belted Kingfisher",2010,0.00804828973843058
"Belted Kingfisher",2011,0.0705156456588806
"Belted Kingfisher",2012,0.0642260757867694
"Belted Kingfisher",2013,0.0323624595469256
"Belted Kingfisher",2014,0.0252908447142135
"Belted Kingfisher",2015,0.0568060782503728
"Belted Kingfisher",2016,0.0162008910490077
"Belted Kingfisher",2017,0
"Belted Kingfisher",2018,0.066577896138482
"Belted Kingfisher",2019,0.0527009222661397
"Belted Kingfisher",2021,0.0461361014994233
"Belted Kingfisher",2022,0.0229533282325937
"Belted Kingfisher",2023,0.0693721817551162
"Belted Kingfisher",2024,0.00716845878136201
"Belted Kingfisher",2025,0.0356836996859834
"Yellow-bellied Sapsucker",1999,0
"Yellow-bellied Sapsucker",2000,0
"Yellow-bellied Sapsucker",2001,0.00642260757867694
"Yellow-bellied Sapsucker",2002,0.00809061488673139
"Yellow-bellied Sapsucker",2003,0
"Yellow-bellied Sapsucker",2004,0
"Yellow-bellied Sapsucker",2005,0
"Yellow-bellied Sapsucker",2006,0
"Yellow-bellied Sapsucker",2007,0
"Yellow-bellied Sapsucker",2008,0
"Yellow-bellied Sapsucker",2009,0
"Yellow-bellied Sapsucker",2010,0
"Yellow-bellied Sapsucker",2011,0
"Yellow-bellied Sapsucker",2012,0
"Yellow-bellied Sapsucker",2013,0
"Yellow-bellied Sapsucker",2014,0
"Yellow-bellied Sapsucker",2015,0
"Yellow-bellied Sapsucker",2016,0.006426735218509
"Yellow-bellied Sapsucker",2017,0
"Yellow-bellied Sapsucker",2018,0
"Yellow-bellied Sapsucker",2019,0
"Yellow-bellied Sapsucker",2021,0
"Yellow-bellied Sapsucker",2022,0
"Yellow-bellied Sapsucker",2023,0
"Yellow-bellied Sapsucker",2024,0
"Yellow-bellied Sapsucker",2025,0
"Red-headed Woodpecker",1999,0.191277735271614
"Red-headed Woodpecker",2000,0.110995490808186
"Red-headed Woodpecker",2001,0.0860215053763441
"Red-headed Woodpecker",2002,0.178418498429917
"Red-headed Woodpecker",2003,0.0842933408260747
"Red-headed Woodpecker",2004,0.0495867768595041
"Red-headed Woodpecker",2005,0.070694087403599
"Red-headed Woodpecker",2006,0.00923702198411232
"Red-headed Woodpecker",2007,0.0901048492791612
"Red-headed Woodpecker",2008,0.174825174825175
"Red-headed Woodpecker",2009,0.307156752329272
"Red-headed Woodpecker",2010,0.306719064506853
"Red-headed Woodpecker",2011,0.25130890052356
"Red-headed Woodpecker",2012,0.257744733581165
"Red-headed Woodpecker",2013,0.133323977264753
"Red-headed Woodpecker",2014,0.402414486921529
"Red-headed Woodpecker",2015,0.484795063904804
"Red-headed Woodpecker",2016,0.160565189466924
"Red-headed Woodpecker",2017,0.266990291262136
"Red-headed Woodpecker",2018,0.278199291856348
"Red-headed Woodpecker",2019,0.35503798906483
"Red-headed Woodpecker",2021,0.639935196435804
"Red-headed Woodpecker",2022,0.624909170178753
"Red-headed Woodpecker",2023,0.599201065246338
"Red-headed Woodpecker",2024,0.205533596837945
"Red-headed Woodpecker",2025,0.307574009996155
"Red-bellied Woodpecker",1999,1.5911051471293
"Red-bellied Woodpecker",2000,0.942408376963351
"Red-bellied Woodpecker",2001,0.664188351920694
"Red-bellied Woodpecker",2002,1.19289874394779
"Red-bellied Woodpecker",2003,1.51307847082495
"Red-bellied Woodpecker",2004,1.01366240634641
"Red-bellied Woodpecker",2005,0.789980732177264
"Red-bellied Woodpecker",2006,0.501618122977346
"Red-bellied Woodpecker",2007,0.278199291856348
"Red-bellied Woodpecker",2008,0.901796492224668
"Red-bellied Woodpecker",2009,1.0530579181855
"Red-bellied Woodpecker",2010,0.595843627379741
"Red-bellied Woodpecker",2011,0.807256990679095
"Red-bellied Woodpecker",2012,0.959156785243742
"Red-bellied Woodpecker",2013,0.592079969242599
"Red-bellied Woodpecker",2014,1.06350420811018
"Red-bellied Woodpecker",2015,0.860215053763441
"Red-bellied Woodpecker",2016,0.57347670250896
"Red-bellied Woodpecker",2017,0.806451612903226
"Red-bellied Woodpecker",2018,1.27376603914957
"Red-bellied Woodpecker",2019,0.760330578512397
"Red-bellied Woodpecker",2021,0.829048843187661
"Red-bellied Woodpecker",2022,1.57029373729909
"Red-bellied Woodpecker",2023,0.92562254259502
"Red-bellied Woodpecker",2024,0.475524475524476
"Red-bellied Woodpecker",2025,1.30029691819392
"Downy Woodpecker",1999,0.392384827786659
"Downy Woodpecker",2000,0.449400798934754
"Downy Woodpecker",2001,0.268774703557312
"Downy Woodpecker",2002,0.41522491349481
"Downy Woodpecker",2003,0.3672532517215
"Downy Woodpecker",2004,0.21505376344086
"Downy Woodpecker",2005,0.25089605734767
"Downy Woodpecker",2006,0.192691978304311
"Downy Woodpecker",2007,0.149854828135244
"Downy Woodpecker",2008,0.214876033057851
"Downy Woodpecker",2009,0.212082262210797
"Downy Woodpecker",2010,0.27711065952337
"Downy Woodpecker",2011,0.196592398427261
"Downy Woodpecker",2012,0.370629370629371
"Downy Woodpecker",2013,0.174055492986587
"Downy Woodpecker",2014,0.364228889101888
"Downy Woodpecker",2015,0.181500872600349
"Downy Woodpecker",2016,0.158612143742255
"Downy Woodpecker",2017,0.154375131569714
"Downy Woodpecker",2018,0.201207243460765
"Downy Woodpecker",2019,0.185103569854561
"Downy Woodpecker",2021,0.282594733461785
"Downy Woodpecker",2022,0.299352750809061
"Downy Woodpecker",2023,0.354071825998988
"Downy Woodpecker",2024,0.198821273876305
"Downy Woodpecker",2025,0.332118266504658
"Red-cockaded Woodpecker",1999,0
"Red-cockaded Woodpecker",2000,0
"Red-cockaded Woodpecker",2001,0
"Red-cockaded Woodpecker",2002,0
"Red-cockaded Woodpecker",2003,0
"Red-cockaded Woodpecker",2004,0
"Red-cockaded Woodpecker",2005,0
"Red-cockaded Woodpecker",2006,0
"Red-cockaded Woodpecker",2007,0
"Red-cockaded Woodpecker",2008,0
"Red-cockaded Woodpecker",2009,0
"Red-cockaded Woodpecker",2010,0
"Red-cockaded Woodpecker",2011,0
"Red-cockaded Woodpecker",2012,0
"Red-cockaded Woodpecker",2013,0
"Red-cockaded Woodpecker",2014,0
"Red-cockaded Woodpecker",2015,0
"Red-cockaded Woodpecker",2016,0
"Red-cockaded Woodpecker",2017,0
"Red-cockaded Woodpecker",2018,0
"Red-cockaded Woodpecker",2019,0
"Red-cockaded Woodpecker",2021,0
"Red-cockaded Woodpecker",2022,0
"Red-cockaded Woodpecker",2023,0
"Red-cockaded Woodpecker",2024,0
"Red-cockaded Woodpecker",2025,0
"Hairy Woodpecker",1999,0.0728155339805825
"Hairy Woodpecker",2000,0.0948406676783005
"Hairy Woodpecker",2001,0.113612156500746
"Hairy Woodpecker",2002,0.259214256784123
"Hairy Woodpecker",2003,0.138061328295306
"Hairy Woodpecker",2004,0.0416111850865513
"Hairy Woodpecker",2005,0.0685111989459816
"Hairy Woodpecker",2006,0.0999615532487505
"Hairy Woodpecker",2007,0.053557765876052
"Hairy Woodpecker",2008,0.0832466181061394
"Hairy Woodpecker",2009,0.050179211469534
"Hairy Woodpecker",2010,0.0214102198115901
"Hairy Woodpecker",2011,0.0842933408260747
"Hairy Woodpecker",2012,0.132231404958678
"Hairy Woodpecker",2013,0.038560411311054
"Hairy Woodpecker",2014,0.0554221319046739
"Hairy Woodpecker",2015,0.0491480996068152
"Hairy Woodpecker",2016,0.048951048951049
"Hairy Woodpecker",2017,0.0307156752329272
"Hairy Woodpecker",2018,0.0958497076583916
"Hairy Woodpecker",2019,0.0209424083769634
"Hairy Woodpecker",2021,0.0644361833952912
"Hairy Woodpecker",2022,0.0982387200898183
"Hairy Woodpecker",2023,0.120724346076459
"Hairy Woodpecker",2024,0.0440722785368004
"Hairy Woodpecker",2025,0.0513808606294155
"Pileated Woodpecker",1999,0.142734798743934
"Pileated Woodpecker",2000,0.234148168961319
"Pileated Woodpecker",2001,0.330578512396694
"Pileated Woodpecker",2002,0.134961439588689
"Pileated Woodpecker",2003,0.295584703491594
"Pileated Woodpecker",2004,0.147444298820446
"Pileated Woodpecker",2005,0.153846153846154
"Pileated Woodpecker",2006,0.235486843452442
"Pileated Woodpecker",2007,0.0766797661267133
"Pileated Woodpecker",2008,0.202443280977312
"Pileated Woodpecker",2009,0.148698884758364
"Pileated Woodpecker",2010,0.126306925829766
"Pileated Woodpecker",2011,0.152917505030181
"Pileated Woodpecker",2012,0.299691494050242
"Pileated Woodpecker",2013,0.102761721258831
"Pileated Woodpecker",2014,0.177993527508091
"Pileated Woodpecker",2015,0.120131512392514
"Pileated Woodpecker",2016,0.191720514095008
"Pileated Woodpecker",2017,0.259214256784123
"Pileated Woodpecker",2018,0.210725185292835
"Pileated Woodpecker",2019,0.224700399467377
"Pileated Woodpecker",2021,0.158102766798419
"Pileated Woodpecker",2022,0.299884659746251
"Pileated Woodpecker",2023,0.298393267023718
"Pileated Woodpecker",2024,0.131807145334721
"Pileated Woodpecker",2025,0.25089605734767
"Northern Flicker",1999,0.147358080134727
"Northern Flicker",2000,0.169014084507042
"Northern Flicker",2001,0.290877038342882
"Northern Flicker",2002,0.211946050096339
"Northern Flicker",2003,0.275080906148867
"Northern Flicker",2004,0.164390490642387
"Northern Flicker",2005,0.163317474969822
"Northern Flicker",2006,0.145808019441069
"Northern Flicker",2007,0.0508646998982706
"Northern Flicker",2008,0.124833555259654
"Northern Flicker",2009,0.0895915678524374
"Northern Flicker",2010,0.0845828527489427
"Northern Flicker",2011,0.107115531752104
"Northern Flicker",2012,0.201179327089837
"Northern Flicker",2013,0.03584229390681
"Northern Flicker",2014,0.0999143591207536
"Northern Flicker",2015,0.149854828135244
"Northern Flicker",2016,0.12396694214876
"Northern Flicker",2017,0.06426735218509
"Northern Flicker",2018,0.129318307777572
"Northern Flicker",2019,0.0982961992136304
"Northern Flicker",2021,0.0699300699300699
"Northern Flicker",2022,0.266202518685369
"Northern Flicker",2023,0.057509824595035
"Northern Flicker",2024,0.0837696335078534
"Northern Flicker",2025,0.0693928128872367
"American Kestrel",1999,0.00768935024990388
"American Kestrel",2000,0
"American Kestrel",2001,0
"American Kestrel",2002,0.00716845878136201
"American Kestrel",2003,0.00713673993719669
"American Kestrel",2004,0.0187318535169055
"American Kestrel",2005,0
"American Kestrel",2006,0
"American Kestrel",2007,0
"American Kestrel",2008,0
"American Kestrel",2009,0
"American Kestrel",2010,0.0102385584109757
"American Kestrel",2011,0.00958497076583916
"American Kestrel",2012,0.00698080279232112
"American Kestrel",2013,0
"American Kestrel",2014,0
"American Kestrel",2015,0.00804828973843058
"American Kestrel",2016,0
"American Kestrel",2017,0.00642260757867694
"American Kestrel",2018,0
"American Kestrel",2019,0.0126454223571067
"American Kestrel",2021,0
"American Kestrel",2022,0
"American Kestrel",2023,0
"American Kestrel",2024,0
"American Kestrel",2025,0
"Merlin",1999,0
"Merlin",2000,0
"Merlin",2001,0
"Merlin",2002,0.00495662949194548
"Merlin",2003,0
"Merlin",2004,0
"Merlin",2005,0
"Merlin",2006,0
"Merlin",2007,0
"Merlin",2008,0
"Merlin",2009,0
"Merlin",2010,0
"Merlin",2011,0
"Merlin",2012,0
"Merlin",2013,0
"Merlin",2014,0.00768935024990388
"Merlin",2015,0
"Merlin",2016,0
"Merlin",2017,0
"Merlin",2018,0
"Merlin",2019,0
"Merlin",2021,0
"Merlin",2022,0
"Merlin",2023,0
"Merlin",2024,0
"Merlin",2025,0
"Peregrine Falcon",1999,0
"Peregrine Falcon",2000,0
"Peregrine Falcon",2001,0
"Peregrine Falcon",2002,0
"Peregrine Falcon",2003,0
"Peregrine Falcon",2004,0
"Peregrine Falcon",2005,0
"Peregrine Falcon",2006,0
"Peregrine Falcon",2007,0.00713673993719669
"Peregrine Falcon",2008,0
"Peregrine Falcon",2009,0
"Peregrine Falcon",2010,0
"Peregrine Falcon",2011,0.00923702198411232
"Peregrine Falcon",2012,0
"Peregrine Falcon",2013,0
"Peregrine Falcon",2014,0
"Peregrine Falcon",2015,0
"Peregrine Falcon",2016,0
"Peregrine Falcon",2017,0
"Peregrine Falcon",2018,0
"Peregrine Falcon",2019,0
"Peregrine Falcon",2021,0
"Peregrine Falcon",2022,0
"Peregrine Falcon",2023,0
"Peregrine Falcon",2024,0
"Peregrine Falcon",2025,0
"Olive-sided Flycatcher",1999,0
"Olive-sided Flycatcher",2000,0
"Olive-sided Flycatcher",2001,0
"Olive-sided Flycatcher",2002,0
"Olive-sided Flycatcher",2003,0
"Olive-sided Flycatcher",2004,0
"Olive-sided Flycatcher",2005,0
"Olive-sided Flycatcher",2006,0
"Olive-sided Flycatcher",2007,0
"Olive-sided Flycatcher",2008,0
"Olive-sided Flycatcher",2009,0
"Olive-sided Flycatcher",2010,0
"Olive-sided Flycatcher",2011,0
"Olive-sided Flycatcher",2012,0
"Olive-sided Flycatcher",2013,0
"Olive-sided Flycatcher",2014,0
"Olive-sided Flycatcher",2015,0
"Olive-sided Flycatcher",2016,0
"Olive-sided Flycatcher",2017,0
"Olive-sided Flycatcher",2018,0
"Olive-sided Flycatcher",2019,0
"Olive-sided Flycatcher",2021,0
"Olive-sided Flycatcher",2022,0
"Olive-sided Flycatcher",2023,0
"Olive-sided Flycatcher",2024,0
"Olive-sided Flycatcher",2025,0
"Eastern Wood-Pewee",1999,0.353243416827232
"Eastern Wood-Pewee",2000,0.412621359223301
"Eastern Wood-Pewee",2001,0.366717248356095
"Eastern Wood-Pewee",2002,0.227224313001491
"Eastern Wood-Pewee",2003,0.575131632239773
"Eastern Wood-Pewee",2004,0.138061328295306
"Eastern Wood-Pewee",2005,0.449400798934754
"Eastern Wood-Pewee",2006,0.0527009222661397
"Eastern Wood-Pewee",2007,0.192233756247597
"Eastern Wood-Pewee",2008,0.260137719969396
"Eastern Wood-Pewee",2009,0.263614290669442
"Eastern Wood-Pewee",2010,0.272401433691756
"Eastern Wood-Pewee",2011,0.463888095917785
"Eastern Wood-Pewee",2012,0.739908213917767
"Eastern Wood-Pewee",2013,0.0495867768595041
"Eastern Wood-Pewee",2014,0.340616966580977
"Eastern Wood-Pewee",2015,0.738961758728986
"Eastern Wood-Pewee",2016,0.229357798165138
"Eastern Wood-Pewee",2017,0.426573426573427
"Eastern Wood-Pewee",2018,0.808846114467083
"Eastern Wood-Pewee",2019,0.651778012077063
"Eastern Wood-Pewee",2021,0.572425828970332
"Eastern Wood-Pewee",2022,0.242874845105328
"Eastern Wood-Pewee",2023,0.582415269103923
"Eastern Wood-Pewee",2024,0.338028169014085
"Eastern Wood-Pewee",2025,0.370207139709123
"Yellow-bellied Flycatcher",1999,0
"Yellow-bellied Flycatcher",2000,0
"Yellow-bellied Flycatcher",2001,0
"Yellow-bellied Flycatcher",2002,0
"Yellow-bellied Flycatcher",2003,0
"Yellow-bellied Flycatcher",2004,0
"Yellow-bellied Flycatcher",2005,0
"Yellow-bellied Flycatcher",2006,0
"Yellow-bellied Flycatcher",2007,0
"Yellow-bellied Flycatcher",2008,0
"Yellow-bellied Flycatcher",2009,0
"Yellow-bellied Flycatcher",2010,0
"Yellow-bellied Flycatcher",2011,0
"Yellow-bellied Flycatcher",2012,0
"Yellow-bellied Flycatcher",2013,0
"Yellow-bellied Flycatcher",2014,0
"Yellow-bellied Flycatcher",2015,0
"Yellow-bellied Flycatcher",2016,0
"Yellow-bellied Flycatcher",2017,0
"Yellow-bellied Flycatcher",2018,0
"Yellow-bellied Flycatcher",2019,0
"Yellow-bellied Flycatcher",2021,0
"Yellow-bellied Flycatcher",2022,0
"Yellow-bellied Flycatcher",2023,0
"Yellow-bellied Flycatcher",2024,0
"Yellow-bellied Flycatcher",2025,0
"Acadian Flycatcher",1999,0.1090458488228
"Acadian Flycatcher",2000,0.147358080134727
"Acadian Flycatcher",2001,0.169014084507042
"Acadian Flycatcher",2002,0.193918025561922
"Acadian Flycatcher",2003,0.179833012202954
"Acadian Flycatcher",2004,0.0970873786407767
"Acadian Flycatcher",2005,0.113808801213961
"Acadian Flycatcher",2006,0.0923098771568558
"Acadian Flycatcher",2007,0.0567031186715269
"Acadian Flycatcher",2008,0.152594099694812
"Acadian Flycatcher",2009,0.208055925432756
"Acadian Flycatcher",2010,0.0316205533596838
"Acadian Flycatcher",2011,0.0692041522491349
"Acadian Flycatcher",2012,0.321346595256312
"Acadian Flycatcher",2013,0.0346860908775581
"Acadian Flycatcher",2014,0.222222222222222
"Acadian Flycatcher",2015,0.192691978304311
"Acadian Flycatcher",2016,0.177952608410602
"Acadian Flycatcher",2017,0.190082644628099
"Acadian Flycatcher",2018,0.276349614395887
"Acadian Flycatcher",2019,0.24016257158692
"Acadian Flycatcher",2021,0.229357798165138
"Acadian Flycatcher",2022,0.13986013986014
"Acadian Flycatcher",2023,0.286679635507321
"Acadian Flycatcher",2024,0.134189590721748
"Acadian Flycatcher",2025,0.12565445026178
"Alder Flycatcher",1999,0
"Alder Flycatcher",2000,0
"Alder Flycatcher",2001,0
"Alder Flycatcher",2002,0
"Alder Flycatcher",2003,0
"Alder Flycatcher",2004,0
"Alder Flycatcher",2005,0
"Alder Flycatcher",2006,0
"Alder Flycatcher",2007,0
"Alder Flycatcher",2008,0
"Alder Flycatcher",2009,0
"Alder Flycatcher",2010,0
"Alder Flycatcher",2011,0
"Alder Flycatcher",2012,0
"Alder Flycatcher",2013,0
"Alder Flycatcher",2014,0
"Alder Flycatcher",2015,0
"Alder Flycatcher",2016,0
"Alder Flycatcher",2017,0
"Alder Flycatcher",2018,0
"Alder Flycatcher",2019,0
"Alder Flycatcher",2021,0
"Alder Flycatcher",2022,0
"Alder Flycatcher",2023,0
"Alder Flycatcher",2024,0
"Alder Flycatcher",2025,0
"Willow Flycatcher",1999,0
"Willow Flycatcher",2000,0
"Willow Flycatcher",2001,0
"Willow Flycatcher",2002,0
"Willow Flycatcher",2003,0
"Willow Flycatcher",2004,0
"Willow Flycatcher",2005,0
"Willow Flycatcher",2006,0
"Willow Flycatcher",2007,0
"Willow Flycatcher",2008,0
"Willow Flycatcher",2009,0
"Willow Flycatcher",2010,0
"Willow Flycatcher",2011,0
"Willow Flycatcher",2012,0
"Willow Flycatcher",2013,0
"Willow Flycatcher",2014,0
"Willow Flycatcher",2015,0
"Willow Flycatcher",2016,0
"Willow Flycatcher",2017,0
"Willow Flycatcher",2018,0
"Willow Flycatcher",2019,0
"Willow Flycatcher",2021,0
"Willow Flycatcher",2022,0
"Willow Flycatcher",2023,0
"Willow Flycatcher",2024,0
"Willow Flycatcher",2025,0
"Least Flycatcher",1999,0
"Least Flycatcher",2000,0
"Least Flycatcher",2001,0
"Least Flycatcher",2002,0
"Least Flycatcher",2003,0
"Least Flycatcher",2004,0
"Least Flycatcher",2005,0
"Least Flycatcher",2006,0
"Least Flycatcher",2007,0
"Least Flycatcher",2008,0
"Least Flycatcher",2009,0
"Least Flycatcher",2010,0
"Least Flycatcher",2011,0
"Least Flycatcher",2012,0
"Least Flycatcher",2013,0
"Least Flycatcher",2014,0
"Least Flycatcher",2015,0
"Least Flycatcher",2016,0
"Least Flycatcher",2017,0
"Least Flycatcher",2018,0
"Least Flycatcher",2019,0
"Least Flycatcher",2021,0
"Least Flycatcher",2022,0
"Least Flycatcher",2023,0
"Least Flycatcher",2024,0
"Least Flycatcher",2025,0
"Eastern Phoebe",1999,0.371900826446281
"Eastern Phoebe",2000,0.134961439588689
"Eastern Phoebe",2001,0.434140033253279
"Eastern Phoebe",2002,0.458715596330275
"Eastern Phoebe",2003,0.258741258741259
"Eastern Phoebe",2004,0.317395310740248
"Eastern Phoebe",2005,0.277964152209336
"Eastern Phoebe",2006,0.174520069808028
"Eastern Phoebe",2007,0.143742255266419
"Eastern Phoebe",2008,0.322784366009403
"Eastern Phoebe",2009,0.507042253521127
"Eastern Phoebe",2010,0.414279418245923
"Eastern Phoebe",2011,0.301862556197816
"Eastern Phoebe",2012,0.477346278317152
"Eastern Phoebe",2013,0.271876580677795
"Eastern Phoebe",2014,0.347937229283533
"Eastern Phoebe",2015,0.202511138112596
"Eastern Phoebe",2016,0.261589885191106
"Eastern Phoebe",2017,0.457723035952064
"Eastern Phoebe",2018,0.126482213438735
"Eastern Phoebe",2019,0.676662821991542
"Eastern Phoebe",2021,0.359602142310635
"Eastern Phoebe",2022,0.326049254249046
"Eastern Phoebe",2023,0.408602150537634
"Eastern Phoebe",2024,0.242649157864687
"Eastern Phoebe",2025,0.515125971714901
"Great Crested Flycatcher",1999,0.969590127809608
"Great Crested Flycatcher",2000,0.590879897238279
"Great Crested Flycatcher",2001,0.711974110032362
"Great Crested Flycatcher",2002,0.69549822964087
"Great Crested Flycatcher",2003,1.09351700631968
"Great Crested Flycatcher",2004,0.461725394896719
"Great Crested Flycatcher",2005,0.668507484377271
"Great Crested Flycatcher",2006,0.407789613848202
"Great Crested Flycatcher",2007,0.347826086956522
"Great Crested Flycatcher",2008,0.968858131487889
"Great Crested Flycatcher",2009,1.01759755164499
"Great Crested Flycatcher",2010,0.464793617759279
"Great Crested Flycatcher",2011,0.695340501792115
"Great Crested Flycatcher",2012,1.24179274907222
"Great Crested Flycatcher",2013,0.627517092816334
"Great Crested Flycatcher",2014,0.785123966942149
"Great Crested Flycatcher",2015,0.751928020565553
"Great Crested Flycatcher",2016,0.461851099205616
"Great Crested Flycatcher",2017,0.999344692005242
"Great Crested Flycatcher",2018,0.741258741258741
"Great Crested Flycatcher",2019,1.23886556772806
"Great Crested Flycatcher",2021,1.3227259656858
"Great Crested Flycatcher",2022,0.984293193717278
"Great Crested Flycatcher",2023,0.77819083023544
"Great Crested Flycatcher",2024,0.722756297803663
"Great Crested Flycatcher",2025,1.11066398390342
"Eastern Kingbird",1999,0.707596253902185
"Eastern Kingbird",2000,0.673835125448029
"Eastern Kingbird",2001,0.685127033970882
"Eastern Kingbird",2002,0.796103774468484
"Eastern Kingbird",2003,0.991735537190083
"Eastern Kingbird",2004,0.526992287917738
"Eastern Kingbird",2005,1.06225752817292
"Eastern Kingbird",2006,0.532437745740498
"Eastern Kingbird",2007,0.48951048951049
"Eastern Kingbird",2008,0.83956178970001
"Eastern Kingbird",2009,0.785967602798812
"Eastern Kingbird",2010,0.349040139616056
"Eastern Kingbird",2011,0.327137546468401
"Eastern Kingbird",2012,0.58943232053891
"Eastern Kingbird",2013,0.321931589537223
"Eastern Kingbird",2014,0.511238431026884
"Eastern Kingbird",2015,0.417469492614001
"Eastern Kingbird",2016,0.736245954692557
"Eastern Kingbird",2017,0.366717248356095
"Eastern Kingbird",2018,0.298231910814457
"Eastern Kingbird",2019,0.712839206156339
"Eastern Kingbird",2021,0.559511698880977
"Eastern Kingbird",2022,0.682423435419441
"Eastern Kingbird",2023,0.33201581027668
"Eastern Kingbird",2024,0.430603613994617
"Eastern Kingbird",2025,0.443764345830145
"White-eyed Vireo",1999,0.195462478184991
"White-eyed Vireo",2000,0.228004956629492
"White-eyed Vireo",2001,0.301733211704442
"White-eyed Vireo",2002,0.426559356136821
"White-eyed Vireo",2003,0.431908329660643
"White-eyed Vireo",2004,0.205523442517662
"White-eyed Vireo",2005,0.153721682847896
"White-eyed Vireo",2006,0.0885179564997471
"White-eyed Vireo",2007,0.205922033657601
"White-eyed Vireo",2008,0.445524503847712
"White-eyed Vireo",2009,0.174393256794071
"White-eyed Vireo",2010,0.266311584553928
"White-eyed Vireo",2011,0.110671936758893
"White-eyed Vireo",2012,0.392156862745098
"White-eyed Vireo",2013,0.175975516449885
"White-eyed Vireo",2014,0.353798126951093
"White-eyed Vireo",2015,0.387096774193548
"White-eyed Vireo",2016,0.392520696545818
"White-eyed Vireo",2017,0.636883019574787
"White-eyed Vireo",2018,0.710743801652893
"White-eyed Vireo",2019,0.398457583547558
"White-eyed Vireo",2021,0.738961758728986
"White-eyed Vireo",2022,0.942005242463958
"White-eyed Vireo",2023,0.867132867132867
"White-eyed Vireo",2024,0.48121224531586
"White-eyed Vireo",2025,0.862647368925525
"Yellow-throated Vireo",1999,0.133155792276964
"Yellow-throated Vireo",2000,0.0737812911725955
"Yellow-throated Vireo",2001,0.215301806997309
"Yellow-throated Vireo",2002,0.122417750573833
"Yellow-throated Vireo",2003,0.180367672563302
"Yellow-throated Vireo",2004,0.129032258064516
"Yellow-throated Vireo",2005,0.221238938053097
"Yellow-throated Vireo",2006,0.10302519434298
"Yellow-throated Vireo",2007,0.0495867768595041
"Yellow-throated Vireo",2008,0.115681233933162
"Yellow-throated Vireo",2009,0.147792351745797
"Yellow-throated Vireo",2010,0.0901048492791612
"Yellow-throated Vireo",2011,0.0909090909090909
"Yellow-throated Vireo",2012,0.235486843452442
"Yellow-throated Vireo",2013,0.153359532253427
"Yellow-throated Vireo",2014,0.146596858638743
"Yellow-throated Vireo",2015,0.0793060718711276
"Yellow-throated Vireo",2016,0.0842046172198442
"Yellow-throated Vireo",2017,0.120724346076459
"Yellow-throated Vireo",2018,0.193918025561922
"Yellow-throated Vireo",2019,0.154142581888247
"Yellow-throated Vireo",2021,0.169902912621359
"Yellow-throated Vireo",2022,0.107486090035407
"Yellow-throated Vireo",2023,0.191720514095008
"Yellow-throated Vireo",2024,0.137707573916565
"Yellow-throated Vireo",2025,0.225257956692341
"Blue-headed Vireo",1999,0.0327653997378768
"Blue-headed Vireo",2000,0.013986013986014
"Blue-headed Vireo",2001,0.112624142520733
"Blue-headed Vireo",2002,0.153359532253427
"Blue-headed Vireo",2003,0.0349040139616056
"Blue-headed Vireo",2004,0.00495662949194548
"Blue-headed Vireo",2005,0.0842046172198442
"Blue-headed Vireo",2006,0.0402414486921529
"Blue-headed Vireo",2007,0.0264433671220802
"Blue-headed Vireo",2008,0.0770712909441233
"Blue-headed Vireo",2009,0.0242718446601942
"Blue-headed Vireo",2010,0.0442589782498735
"Blue-headed Vireo",2011,0.0142015195625932
"Blue-headed Vireo",2012,0.0567031186715269
"Blue-headed Vireo",2013,0.00726638569975294
"Blue-headed Vireo",2014,0.0166444740346205
"Blue-headed Vireo",2015,0
"Blue-headed Vireo",2016,0.0307574009996155
"Blue-headed Vireo",2017,0.0153022188217292
"Blue-headed Vireo",2018,0.0138744363510232
"Blue-headed Vireo",2019,0.00716845878136201
"Blue-headed Vireo",2021,0.0428204396231801
"Blue-headed Vireo",2022,0.0280977802753582
"Blue-headed Vireo",2023,0.0413223140495868
"Blue-headed Vireo",2024,0.006426735218509
"Blue-headed Vireo",2025,0.00923702198411232
"Philadelphia Vireo",1999,0
"Philadelphia Vireo",2000,0
"Philadelphia Vireo",2001,0
"Philadelphia Vireo",2002,0
"Philadelphia Vireo",2003,0
"Philadelphia Vireo",2004,0
"Philadelphia Vireo",2005,0
"Philadelphia Vireo",2006,0
"Philadelphia Vireo",2007,0
"Philadelphia Vireo",2008,0
"Philadelphia Vireo",2009,0
"Philadelphia Vireo",2010,0
"Philadelphia Vireo",2011,0
"Philadelphia Vireo",2012,0
"Philadelphia Vireo",2013,0
"Philadelphia Vireo",2014,0
"Philadelphia Vireo",2015,0
"Philadelphia Vireo",2016,0
"Philadelphia Vireo",2017,0
"Philadelphia Vireo",2018,0
"Philadelphia Vireo",2019,0
"Philadelphia Vireo",2021,0
"Philadelphia Vireo",2022,0
"Philadelphia Vireo",2023,0
"Philadelphia Vireo",2024,0
"Philadelphia Vireo",2025,0
"Warbling Vireo",1999,0
"Warbling Vireo",2000,0
"Warbling Vireo",2001,0
"Warbling Vireo",2002,0
"Warbling Vireo",2003,0
"Warbling Vireo",2004,0
"Warbling Vireo",2005,0
"Warbling Vireo",2006,0
"Warbling Vireo",2007,0
"Warbling Vireo",2008,0
"Warbling Vireo",2009,0.00701705143498702
"Warbling Vireo",2010,0
"Warbling Vireo",2011,0
"Warbling Vireo",2012,0
"Warbling Vireo",2013,0
"Warbling Vireo",2014,0
"Warbling Vireo",2015,0
"Warbling Vireo",2016,0.00810044552450385
"Warbling Vireo",2017,0
"Warbling Vireo",2018,0
"Warbling Vireo",2019,0
"Warbling Vireo",2021,0
"Warbling Vireo",2022,0
"Warbling Vireo",2023,0
"Warbling Vireo",2024,0
"Warbling Vireo",2025,0
"Red-eyed Vireo",1999,2.87323943661972
"Red-eyed Vireo",2000,3.42000881445571
"Red-eyed Vireo",2001,2.35709698137444
"Red-eyed Vireo",2002,2.26537216828479
"Red-eyed Vireo",2003,2.250885179565
"Red-eyed Vireo",2004,1.44855499538451
"Red-eyed Vireo",2005,2.23572296476306
"Red-eyed Vireo",2006,0.980962069466647
"Red-eyed Vireo",2007,1.08189081225033
"Red-eyed Vireo",2008,1.25955204216074
"Red-eyed Vireo",2009,2.10688196847366
"Red-eyed Vireo",2010,1.40015302218822
"Red-eyed Vireo",2011,1.44987859868193
"Red-eyed Vireo",2012,1.46236559139785
"Red-eyed Vireo",2013,0.892092492149586
"Red-eyed Vireo",2014,2.35084761637164
"Red-eyed Vireo",2015,2.0495867768595
"Red-eyed Vireo",2016,0.854755784061697
"Red-eyed Vireo",2017,2.25383336412341
"Red-eyed Vireo",2018,1.81028833551769
"Red-eyed Vireo",2019,1.72727272727273
"Red-eyed Vireo",2021,3.42991706767687
"Red-eyed Vireo",2022,3.1822102942586
"Red-eyed Vireo",2023,1.81500872600349
"Red-eyed Vireo",2024,0.867410161090459
"Red-eyed Vireo",2025,1.72619465300681
"Loggerhead Shrike",1999,0
"Loggerhead Shrike",2000,0
"Loggerhead Shrike",2001,0
"Loggerhead Shrike",2002,0
"Loggerhead Shrike",2003,0.0187318535169055
"Loggerhead Shrike",2004,0
"Loggerhead Shrike",2005,0
"Loggerhead Shrike",2006,0
"Loggerhead Shrike",2007,0
"Loggerhead Shrike",2008,0
"Loggerhead Shrike",2009,0.0102385584109757
"Loggerhead Shrike",2010,0
"Loggerhead Shrike",2011,0
"Loggerhead Shrike",2012,0.00991325898389095
"Loggerhead Shrike",2013,0
"Loggerhead Shrike",2014,0
"Loggerhead Shrike",2015,0.00881445570736007
"Loggerhead Shrike",2016,0
"Loggerhead Shrike",2017,0
"Loggerhead Shrike",2018,0
"Loggerhead Shrike",2019,0
"Loggerhead Shrike",2021,0
"Loggerhead Shrike",2022,0
"Loggerhead Shrike",2023,0
"Loggerhead Shrike",2024,0
"Loggerhead Shrike",2025,0
"Blue Jay",1999,1.69653982555353
"Blue Jay",2000,1.38219895287958
"Blue Jay",2001,0.703841387856258
"Blue Jay",2002,1.16483053820785
"Blue Jay",2003,1.23943661971831
"Blue Jay",2004,1.11943587483473
"Blue Jay",2005,2.55619781631342
"Blue Jay",2006,0.663430420711974
"Blue Jay",2007,0.373039959534648
"Blue Jay",2008,0.937300291131151
"Blue Jay",2009,1.01255569056298
"Blue Jay",2010,0.821101584072083
"Blue Jay",2011,0.890479360852197
"Blue Jay",2012,0.843214756258234
"Blue Jay",2013,0.592079969242599
"Blue Jay",2014,1.00994644223412
"Blue Jay",2015,0.860215053763441
"Blue Jay",2016,0.53763440860215
"Blue Jay",2017,0.749357693405652
"Blue Jay",2018,0.842933408260747
"Blue Jay",2019,1.00826446280992
"Blue Jay",2021,0.796915167095116
"Blue Jay",2022,1.15462774801404
"Blue Jay",2023,1.09764089121887
"Blue Jay",2024,0.398601398601399
"Blue Jay",2025,0.972663049042695
"American Crow",1999,2.07818631012934
"American Crow",2000,2.58821571238349
"American Crow",2001,1.94466403162055
"American Crow",2002,3.39869281045752
"American Crow",2003,2.80030604437643
"American Crow",2004,1.789802289282
"American Crow",2005,1.83512544802867
"American Crow",2006,1.89123608335712
"American Crow",2007,2.19162686147794
"American Crow",2008,1.97520661157025
"American Crow",2009,2.2172236503856
"American Crow",2010,2.42933678182154
"American Crow",2011,2.13794233289646
"American Crow",2012,2.5034965034965
"American Crow",2013,3.33777004197809
"American Crow",2014,2.53043228218154
"American Crow",2015,2.22687609075044
"American Crow",2016,1.35811648079306
"American Crow",2017,2.51912146516034
"American Crow",2018,1.81891348088531
"American Crow",2019,2.3182018510357
"American Crow",2021,1.8111753371869
"American Crow",2022,2.31391585760518
"American Crow",2023,1.82726353060192
"American Crow",2024,1.49115955407229
"American Crow",2025,23.086269744836
"Fish Crow",1999,0.203214483650471
"Fish Crow",2000,0.114678899082569
"Fish Crow",2001,0.216783216783217
"Fish Crow",2002,0.163816934575612
"Fish Crow",2003,0.383398830633567
"Fish Crow",2004,0.195462478184991
"Fish Crow",2005,0.168525402726146
"Fish Crow",2006,0.126306925829766
"Fish Crow",2007,0.185110663983903
"Fish Crow",2008,0.290877038342882
"Fish Crow",2009,0.199100834938985
"Fish Crow",2010,0.461165048543689
"Fish Crow",2011,0.366717248356095
"Fish Crow",2012,0.404743307533906
"Fish Crow",2013,0.388821385176185
"Fish Crow",2014,0.406917599186165
"Fish Crow",2015,0.532623169107856
"Fish Crow",2016,0.189723320158103
"Fish Crow",2017,0.453671664744329
"Fish Crow",2018,0.459066564651875
"Fish Crow",2019,0.90183836281651
"Fish Crow",2021,0.745519713261649
"Fish Crow",2022,0.713673993719669
"Fish Crow",2023,1.00215416315444
"Fish Crow",2024,0.528925619834711
"Fish Crow",2025,0.392030848329049
"Common Raven",1999,0
"Common Raven",2000,0
"Common Raven",2001,0
"Common Raven",2002,0
"Common Raven",2003,0
"Common Raven",2004,0
"Common Raven",2005,0
"Common Raven",2006,0
"Common Raven",2007,0
"Common Raven",2008,0
"Common Raven",2009,0
"Common Raven",2010,0
"Common Raven",2011,0
"Common Raven",2012,0
"Common Raven",2013,0
"Common Raven",2014,0
"Common Raven",2015,0
"Common Raven",2016,0
"Common Raven",2017,0
"Common Raven",2018,0
"Common Raven",2019,0.00698080279232112
"Common Raven",2021,0.00495662949194548
"Common Raven",2022,0
"Common Raven",2023,0.0160965794768612
"Common Raven",2024,0
"Common Raven",2025,0.00642260757867694
"Carolina Chickadee",1999,1.62717670568085
"Carolina Chickadee",2000,2.65055727264213
"Carolina Chickadee",2001,2.08264462809917
"Carolina Chickadee",2002,1.99228791773779
"Carolina Chickadee",2003,2.4016257158692
"Carolina Chickadee",2004,1.44986893840105
"Carolina Chickadee",2005,1.2027972027972
"Carolina Chickadee",2006,1.87365618920856
"Carolina Chickadee",2007,1.27480111185661
"Carolina Chickadee",2008,1.2216404886562
"Carolina Chickadee",2009,0.718711276332094
"Carolina Chickadee",2010,1.01045540663813
"Carolina Chickadee",2011,1.07042253521127
"Carolina Chickadee",2012,2.20361392684002
"Carolina Chickadee",2013,0.796403339755941
"Carolina Chickadee",2014,1.30258899676375
"Carolina Chickadee",2015,1.09382903388973
"Carolina Chickadee",2016,0.97990484981893
"Carolina Chickadee",2017,1.34467395706764
"Carolina Chickadee",2018,0.9882284551664
"Carolina Chickadee",2019,1.13182423435419
"Carolina Chickadee",2021,1.31752305665349
"Carolina Chickadee",2022,1.5840061514802
"Carolina Chickadee",2023,1.69854628921194
"Carolina Chickadee",2024,0.665972944849116
"Carolina Chickadee",2025,1.24014336917563
"Tufted Titmouse",1999,2.07003017332117
"Tufted Titmouse",2000,2.87323943661972
"Tufted Titmouse",2001,2.67959453503746
"Tufted Titmouse",2002,2.26075786769428
"Tufted Titmouse",2003,3.0663430420712
"Tufted Titmouse",2004,1.49848254931715
"Tufted Titmouse",2005,1.48405879429099
"Tufted Titmouse",2006,1.4823815309842
"Tufted Titmouse",2007,1.18442086905973
"Tufted Titmouse",2008,2.28029294274301
"Tufted Titmouse",2009,1.433465085639
"Tufted Titmouse",2010,1.83006535947712
"Tufted Titmouse",2011,2.27237949502678
"Tufted Titmouse",2012,2.50433576135969
"Tufted Titmouse",2013,1.59139784946237
"Tufted Titmouse",2014,2.11961176134742
"Tufted Titmouse",2015,3.0532921232556
"Tufted Titmouse",2016,2.00826446280992
"Tufted Titmouse",2017,2.42287917737789
"Tufted Titmouse",2018,2.37391464991687
"Tufted Titmouse",2019,2.30176933158585
"Tufted Titmouse",2021,2.35664335664336
"Tufted Titmouse",2022,3.78826661206102
"Tufted Titmouse",2023,3.1822102942586
"Tufted Titmouse",2024,1.66841186736475
"Tufted Titmouse",2025,1.69021065675341
"Horned Lark",1999,0
"Horned Lark",2000,0
"Horned Lark",2001,0
"Horned Lark",2002,0
"Horned Lark",2003,0
"Horned Lark",2004,0
"Horned Lark",2005,0
"Horned Lark",2006,0
"Horned Lark",2007,0
"Horned Lark",2008,0
"Horned Lark",2009,0
"Horned Lark",2010,0
"Horned Lark",2011,0
"Horned Lark",2012,0
"Horned Lark",2013,0
"Horned Lark",2014,0
"Horned Lark",2015,0
"Horned Lark",2016,0
"Horned Lark",2017,0
"Horned Lark",2018,0
"Horned Lark",2019,0
"Horned Lark",2021,0
"Horned Lark",2022,0
"Horned Lark",2023,0
"Horned Lark",2024,0
"Horned Lark",2025,0
"Bank Swallow",1999,0.0102385584109757
"Bank Swallow",2000,0
"Bank Swallow",2001,0.00698080279232112
"Bank Swallow",2002,0.163568773234201
"Bank Swallow",2003,0.00701705143498702
"Bank Swallow",2004,0.0160965794768612
"Bank Swallow",2005,0
"Bank Swallow",2006,0
"Bank Swallow",2007,0.0889967637540453
"Bank Swallow",2008,0.00632271117855336
"Bank Swallow",2009,0.0142015195625932
"Bank Swallow",2010,0
"Bank Swallow",2011,0
"Bank Swallow",2012,0.0249667110519308
"Bank Swallow",2013,0
"Bank Swallow",2014,0
"Bank Swallow",2015,0.0153022188217292
"Bank Swallow",2016,0.0208116545265349
"Bank Swallow",2017,0
"Bank Swallow",2018,0
"Bank Swallow",2019,0
"Bank Swallow",2021,0
"Bank Swallow",2022,0
"Bank Swallow",2023,0
"Bank Swallow",2024,0
"Bank Swallow",2025,0
"Tree Swallow",1999,0.275415147833131
"Tree Swallow",2000,0.0217991570992588
"Tree Swallow",2001,0.208055925432756
"Tree Swallow",2002,0.163372859025033
"Tree Swallow",2003,0.199923106497501
"Tree Swallow",2004,0.260137719969396
"Tree Swallow",2005,0.090183836281651
"Tree Swallow",2006,0.222222222222222
"Tree Swallow",2007,0.492435055666571
"Tree Swallow",2008,0.16858668165215
"Tree Swallow",2009,0.578512396694215
"Tree Swallow",2010,0.096401028277635
"Tree Swallow",2011,0.351006835396268
"Tree Swallow",2012,0.114678899082569
"Tree Swallow",2013,0.545454545454545
"Tree Swallow",2014,0.112624142520733
"Tree Swallow",2015,0.143774561487587
"Tree Swallow",2016,0.726003490401396
"Tree Swallow",2017,0.128872366790582
"Tree Swallow",2018,0.105255771524805
"Tree Swallow",2019,0.289738430583501
"Tree Swallow",2021,0.282062582635522
"Tree Swallow",2022,0.186255619781631
"Tree Swallow",2023,0.29126213592233
"Tree Swallow",2024,0.246585735963581
"Tree Swallow",2025,0.213022793438898
"Purple Martin",1999,0.302056555269923
"Purple Martin",2000,0.351006835396268
"Purple Martin",2001,0.327653997378768
"Purple Martin",2002,0.377622377622378
"Purple Martin",2003,0.511927920548787
"Purple Martin",2004,0.0862647368925525
"Purple Martin",2005,0.195462478184991
"Purple Martin",2006,0.133828996282528
"Purple Martin",2007,0.350852571749351
"Purple Martin",2008,0.209255533199195
"Purple Martin",2009,0.343763772587043
"Purple Martin",2010,0.822093770070649
"Purple Martin",2011,0.299352750809061
"Purple Martin",2012,0.448912493677289
"Purple Martin",2013,1.29943903997728
"Purple Martin",2014,0.275415147833131
"Purple Martin",2015,0.297921813689871
"Purple Martin",2016,0.183089214380826
"Purple Martin",2017,0.0421607378129117
"Purple Martin",2018,0.261437908496732
"Purple Martin",2019,0.252486610558531
"Purple Martin",2021,0.0138744363510232
"Purple Martin",2022,0.0716845878136201
"Purple Martin",2023,0.256922637739081
"Purple Martin",2024,0.159220754893697
"Purple Martin",2025,0.148760330578512
"N. Rough-winged Swallow",1999,0.122029543994862
"N. Rough-winged Swallow",2000,0.218446601941748
"N. Rough-winged Swallow",2001,0.164390490642387
"N. Rough-winged Swallow",2002,0.37634026840872
"N. Rough-winged Swallow",2003,0.170109356014581
"N. Rough-winged Swallow",2004,0.254323499491353
"N. Rough-winged Swallow",2005,0.191411451398136
"N. Rough-winged Swallow",2006,0.221343873517787
"N. Rough-winged Swallow",2007,0.545943867743176
"N. Rough-winged Swallow",2008,0.596786534047437
"N. Rough-winged Swallow",2009,0.25667707249393
"N. Rough-winged Swallow",2010,0.272401433691756
"N. Rough-winged Swallow",2011,0.392520696545818
"N. Rough-winged Swallow",2012,1.45171864756018
"N. Rough-winged Swallow",2013,1.54545454545455
"N. Rough-winged Swallow",2014,0.437017994858612
"N. Rough-winged Swallow",2015,0.572695363014964
"N. Rough-winged Swallow",2016,0.647116644823067
"N. Rough-winged Swallow",2017,0.72027972027972
"N. Rough-winged Swallow",2018,0.900993140165865
"N. Rough-winged Swallow",2019,1.3227259656858
"N. Rough-winged Swallow",2021,0.712041884816754
"N. Rough-winged Swallow",2022,0.252788104089219
"N. Rough-winged Swallow",2023,0.554347063363975
"N. Rough-winged Swallow",2024,0.321931589537223
"N. Rough-winged Swallow",2025,1.23402379903041
"Barn Swallow",1999,1.72043010752688
"Barn Swallow",2000,1.27033970882101
"Barn Swallow",2001,1.66713496300459
"Barn Swallow",2002,2.52066115702479
"Barn Swallow",2003,1.30462724935733
"Barn Swallow",2004,1.57953075928321
"Barn Swallow",2005,1.42529488859764
"Barn Swallow",2006,1.14685314685315
"Barn Swallow",2007,2.41629978499027
"Barn Swallow",2008,0.958497076583916
"Barn Swallow",2009,0.572425828970332
"Barn Swallow",2010,0.391573729863693
"Barn Swallow",2011,0.982387200898183
"Barn Swallow",2012,1.73843058350101
"Barn Swallow",2013,4.77743499338916
"Barn Swallow",2014,0.565189466923571
"Barn Swallow",2015,0.711974110032362
"Barn Swallow",2016,0.689175518462317
"Barn Swallow",2017,0.66747141944188
"Barn Swallow",2018,0.591332523288781
"Barn Swallow",2019,0.675773870077024
"Barn Swallow",2021,0.682423435419441
"Barn Swallow",2022,0.274044795783926
"Barn Swallow",2023,0.738177623990773
"Barn Swallow",2024,0.657995409334354
"Barn Swallow",2025,0.55497745404093
"Cliff Swallow",1999,0.62453531598513
"Cliff Swallow",2000,1.44551259560733
"Cliff Swallow",2001,1.53722334004024
"Cliff Swallow",2002,1.62185985015425
"Cliff Swallow",2003,1.84971098265896
"Cliff Swallow",2004,1.73139158576052
"Cliff Swallow",2005,2.32043500252908
"Cliff Swallow",2006,1.36334587800895
"Cliff Swallow",2007,1.86310247063589
"Cliff Swallow",2008,1.25708472605726
"Cliff Swallow",2009,1.18175765645806
"Cliff Swallow",2010,0.906455862977602
"Cliff Swallow",2011,0.853517877739331
"Cliff Swallow",2012,1.32364192807957
"Cliff Swallow",2013,2.44190079778009
"Cliff Swallow",2014,0.781362007168459
"Cliff Swallow",2015,1.9411932629175
"Cliff Swallow",2016,1.72333052355531
"Cliff Swallow",2017,1.38842975206612
"Cliff Swallow",2018,1.06041131105398
"Cliff Swallow",2019,1.03454646222058
"Cliff Swallow",2021,0.548820445609436
"Cliff Swallow",2022,1.70629370629371
"Cliff Swallow",2023,2.73369509573052
"Cliff Swallow",2024,0.766797661267133
"Cliff Swallow",2025,0.914485165794066
"Ruby-crowned Kinglet",1999,0.0210803689064559
"Ruby-crowned Kinglet",2000,0
"Ruby-crowned Kinglet",2001,0
"Ruby-crowned Kinglet",2002,0.0416233090530697
"Ruby-crowned Kinglet",2003,0.014336917562724
"Ruby-crowned Kinglet",2004,0.00713673993719669
"Ruby-crowned Kinglet",2005,0.0187318535169055
"Ruby-crowned Kinglet",2006,0.0247933884297521
"Ruby-crowned Kinglet",2007,0.006426735218509
"Ruby-crowned Kinglet",2008,0.0184740439682246
"Ruby-crowned Kinglet",2009,0
"Ruby-crowned Kinglet",2010,0
"Ruby-crowned Kinglet",2011,0.0102385584109757
"Ruby-crowned Kinglet",2012,0
"Ruby-crowned Kinglet",2013,0.00698080279232112
"Ruby-crowned Kinglet",2014,0.0247831474597274
"Ruby-crowned Kinglet",2015,0.0210511543049611
"Ruby-crowned Kinglet",2016,0.0160965794768612
"Ruby-crowned Kinglet",2017,0.00881445570736007
"Ruby-crowned Kinglet",2018,0
"Ruby-crowned Kinglet",2019,0
"Ruby-crowned Kinglet",2021,0.00632271117855336
"Ruby-crowned Kinglet",2022,0.035503798906483
"Ruby-crowned Kinglet",2023,0.0162008910490077
"Ruby-crowned Kinglet",2024,0
"Ruby-crowned Kinglet",2025,0.00832223701731025
"Golden-crowned Kinglet",1999,0
"Golden-crowned Kinglet",2000,0
"Golden-crowned Kinglet",2001,0
"Golden-crowned Kinglet",2002,0
"Golden-crowned Kinglet",2003,0
"Golden-crowned Kinglet",2004,0
"Golden-crowned Kinglet",2005,0
"Golden-crowned Kinglet",2006,0
"Golden-crowned Kinglet",2007,0
"Golden-crowned Kinglet",2008,0
"Golden-crowned Kinglet",2009,0
"Golden-crowned Kinglet",2010,0
"Golden-crowned Kinglet",2011,0
"Golden-crowned Kinglet",2012,0
"Golden-crowned Kinglet",2013,0
"Golden-crowned Kinglet",2014,0
"Golden-crowned Kinglet",2015,0
"Golden-crowned Kinglet",2016,0
"Golden-crowned Kinglet",2017,0
"Golden-crowned Kinglet",2018,0
"Golden-crowned Kinglet",2019,0
"Golden-crowned Kinglet",2021,0
"Golden-crowned Kinglet",2022,0
"Golden-crowned Kinglet",2023,0
"Golden-crowned Kinglet",2024,0
"Golden-crowned Kinglet",2025,0
"Red-breasted Nuthatch",1999,0
"Red-breasted Nuthatch",2000,0
"Red-breasted Nuthatch",2001,0
"Red-breasted Nuthatch",2002,0
"Red-breasted Nuthatch",2003,0
"Red-breasted Nuthatch",2004,0
"Red-breasted Nuthatch",2005,0
"Red-breasted Nuthatch",2006,0
"Red-breasted Nuthatch",2007,0
"Red-breasted Nuthatch",2008,0
"Red-breasted Nuthatch",2009,0
"Red-breasted Nuthatch",2010,0
"Red-breasted Nuthatch",2011,0
"Red-breasted Nuthatch",2012,0
"Red-breasted Nuthatch",2013,0
"Red-breasted Nuthatch",2014,0
"Red-breasted Nuthatch",2015,0
"Red-breasted Nuthatch",2016,0
"Red-breasted Nuthatch",2017,0
"Red-breasted Nuthatch",2018,0
"Red-breasted Nuthatch",2019,0
"Red-breasted Nuthatch",2021,0.0160965794768612
"Red-breasted Nuthatch",2022,0
"Red-breasted Nuthatch",2023,0
"Red-breasted Nuthatch",2024,0
"Red-breasted Nuthatch",2025,0
"White-breasted Nuthatch",1999,0.0991735537190083
"White-breasted Nuthatch",2000,0.070694087403599
"White-breasted Nuthatch",2001,0.110844263809348
"White-breasted Nuthatch",2002,0.180209698558322
"White-breasted Nuthatch",2003,0.188811188811189
"White-breasted Nuthatch",2004,0.163816934575612
"White-breasted Nuthatch",2005,0.182114444550944
"White-breasted Nuthatch",2006,0.0558464223385689
"White-breasted Nuthatch",2007,0.0148698884758364
"White-breasted Nuthatch",2008,0.126306925829766
"White-breasted Nuthatch",2009,0.185110663983903
"White-breasted Nuthatch",2010,0.114587924195681
"White-breasted Nuthatch",2011,0.0770712909441233
"White-breasted Nuthatch",2012,0.169902912621359
"White-breasted Nuthatch",2013,0.177035912999494
"White-breasted Nuthatch",2014,0.156216715188525
"White-breasted Nuthatch",2015,0.129607128392062
"White-breasted Nuthatch",2016,0.0944630140967883
"White-breasted Nuthatch",2017,0.158122503328895
"White-breasted Nuthatch",2018,0.0632411067193676
"White-breasted Nuthatch",2019,0.146097654748174
"White-breasted Nuthatch",2021,0.122417750573833
"White-breasted Nuthatch",2022,0.25667707249393
"White-breasted Nuthatch",2023,0.308243727598566
"White-breasted Nuthatch",2024,0.0785041393091636
"White-breasted Nuthatch",2025,0.131122974618338
"Brown-headed Nuthatch",1999,0.555310709563684
"Brown-headed Nuthatch",2000,0.359666024405909
"Brown-headed Nuthatch",2001,0.6957928802589
"Brown-headed Nuthatch",2002,0.588012139605463
"Brown-headed Nuthatch",2003,0.575161542285024
"Brown-headed Nuthatch",2004,0.518428513568246
"Brown-headed Nuthatch",2005,0.406917599186165
"Brown-headed Nuthatch",2006,0.291278295605859
"Brown-headed Nuthatch",2007,0.179183135704875
"Brown-headed Nuthatch",2008,0.530565167243368
"Brown-headed Nuthatch",2009,0.45141545524101
"Brown-headed Nuthatch",2010,0.485605272285813
"Brown-headed Nuthatch",2011,0.458781362007168
"Brown-headed Nuthatch",2012,0.813588352840423
"Brown-headed Nuthatch",2013,0.599419312540976
"Brown-headed Nuthatch",2014,0.727272727272727
"Brown-headed Nuthatch",2015,0.604113110539846
"Brown-headed Nuthatch",2016,0.628117494919638
"Brown-headed Nuthatch",2017,0.475098296199214
"Brown-headed Nuthatch",2018,0.440559440559441
"Brown-headed Nuthatch",2019,0.829323231289035
"Brown-headed Nuthatch",2021,0.872232339691364
"Brown-headed Nuthatch",2022,0.970331588132635
"Brown-headed Nuthatch",2023,0.579925650557621
"Brown-headed Nuthatch",2024,0.456108343274156
"Brown-headed Nuthatch",2025,0.901408450704225
"Brown Creeper",1999,0
"Brown Creeper",2000,0
"Brown Creeper",2001,0
"Brown Creeper",2002,0
"Brown Creeper",2003,0
"Brown Creeper",2004,0
"Brown Creeper",2005,0
"Brown Creeper",2006,0
"Brown Creeper",2007,0
"Brown Creeper",2008,0
"Brown Creeper",2009,0
"Brown Creeper",2010,0
"Brown Creeper",2011,0
"Brown Creeper",2012,0
"Brown Creeper",2013,0
"Brown Creeper",2014,0
"Brown Creeper",2015,0
"Brown Creeper",2016,0
"Brown Creeper",2017,0
"Brown Creeper",2018,0
"Brown Creeper",2019,0
"Brown Creeper",2021,0
"Brown Creeper",2022,0
"Brown Creeper",2023,0
"Brown Creeper",2024,0.0153787004998078
"Brown Creeper",2025,0
"Blue-gray Gnatcatcher",1999,1.94764397905759
"Blue-gray Gnatcatcher",2000,1.95291201982652
"Blue-gray Gnatcatcher",2001,1.64900708722195
"Blue-gray Gnatcatcher",2002,2.06841046277666
"Blue-gray Gnatcatcher",2003,2.64433671220802
"Blue-gray Gnatcatcher",2004,1.45150931278099
"Blue-gray Gnatcatcher",2005,1.79611650485437
"Blue-gray Gnatcatcher",2006,0.815629742033384
"Blue-gray Gnatcatcher",2007,1.02961016828801
"Blue-gray Gnatcatcher",2008,1.96840826245444
"Blue-gray Gnatcatcher",2009,2.43423920941724
"Blue-gray Gnatcatcher",2010,1.24001331557923
"Blue-gray Gnatcatcher",2011,0.695652173913043
"Blue-gray Gnatcatcher",2012,1.51480199923106
"Blue-gray Gnatcatcher",2013,0.971690895179801
"Blue-gray Gnatcatcher",2014,1.40131807145335
"Blue-gray Gnatcatcher",2015,1.53405017921147
"Blue-gray Gnatcatcher",2016,1.23465600913503
"Blue-gray Gnatcatcher",2017,1.66713496300459
"Blue-gray Gnatcatcher",2018,1.63636363636364
"Blue-gray Gnatcatcher",2019,1.34318766066838
"Blue-gray Gnatcatcher",2021,1.76427119896545
"Blue-gray Gnatcatcher",2022,1.92496723460026
"Blue-gray Gnatcatcher",2023,1.51748251748252
"Blue-gray Gnatcatcher",2024,1.40268250230368
"Blue-gray Gnatcatcher",2025,2.45375251605483
"Northern House Wren",1999,0.0416111850865513
"Northern House Wren",2000,0.0158102766798419
"Northern House Wren",2001,0.0153787004998078
"Northern House Wren",2002,0.0688599846977812
"Northern House Wren",2003,0.0138744363510232
"Northern House Wren",2004,0.03584229390681
"Northern House Wren",2005,0.0570939194975735
"Northern House Wren",2006,0.0936592675845275
"Northern House Wren",2007,0.0413223140495868
"Northern House Wren",2008,0.025706940874036
"Northern House Wren",2009,0.0646591538887862
"Northern House Wren",2010,0.0245740498034076
"Northern House Wren",2011,0.020979020979021
"Northern House Wren",2012,0
"Northern House Wren",2013,0.0287549122975175
"Northern House Wren",2014,0
"Northern House Wren",2015,0.0247831474597274
"Northern House Wren",2016,0
"Northern House Wren",2017,0.0241448692152917
"Northern House Wren",2018,0.0176289114147201
"Northern House Wren",2019,0.0128452151573539
"Northern House Wren",2021,0.00809061488673139
"Northern House Wren",2022,0.0442589782498735
"Northern House Wren",2023,0.071007597812966
"Northern House Wren",2024,0
"Northern House Wren",2025,0.00726638569975294
"Sedge Wren",1999,0
"Sedge Wren",2000,0
"Sedge Wren",2001,0
"Sedge Wren",2002,0
"Sedge Wren",2003,0
"Sedge Wren",2004,0
"Sedge Wren",2005,0
"Sedge Wren",2006,0
"Sedge Wren",2007,0
"Sedge Wren",2008,0
"Sedge Wren",2009,0
"Sedge Wren",2010,0
"Sedge Wren",2011,0
"Sedge Wren",2012,0
"Sedge Wren",2013,0
"Sedge Wren",2014,0
"Sedge Wren",2015,0
"Sedge Wren",2016,0
"Sedge Wren",2017,0
"Sedge Wren",2018,0
"Sedge Wren",2019,0
"Sedge Wren",2021,0
"Sedge Wren",2022,0
"Sedge Wren",2023,0
"Sedge Wren",2024,0
"Sedge Wren",2025,0
"Marsh Wren",1999,0
"Marsh Wren",2000,0
"Marsh Wren",2001,0
"Marsh Wren",2002,0
"Marsh Wren",2003,0
"Marsh Wren",2004,0
"Marsh Wren",2005,0
"Marsh Wren",2006,0
"Marsh Wren",2007,0
"Marsh Wren",2008,0
"Marsh Wren",2009,0
"Marsh Wren",2010,0
"Marsh Wren",2011,0
"Marsh Wren",2012,0
"Marsh Wren",2013,0
"Marsh Wren",2014,0
"Marsh Wren",2015,0
"Marsh Wren",2016,0
"Marsh Wren",2017,0
"Marsh Wren",2018,0
"Marsh Wren",2019,0
"Marsh Wren",2021,0
"Marsh Wren",2022,0
"Marsh Wren",2023,0
"Marsh Wren",2024,0
"Marsh Wren",2025,0
"Carolina Wren",1999,2.65992319940058
"Carolina Wren",2000,1.71900826446281
"Carolina Wren",2001,1.36246786632391
"Carolina Wren",2002,2.67873637539257
"Carolina Wren",2003,2.05602883355177
"Carolina Wren",2004,1.6013986013986
"Carolina Wren",2005,2.38558410975735
"Carolina Wren",2006,2.18537333461133
"Carolina Wren",2007,1.29144851657941
"Carolina Wren",2008,1.01610904584882
"Carolina Wren",2009,1.60690477861203
"Carolina Wren",2010,2.19718309859155
"Carolina Wren",2011,1.76289114147201
"Carolina Wren",2012,1.83044315992293
"Carolina Wren",2013,1.74757281553398
"Carolina Wren",2014,1.29615579160344
"Carolina Wren",2015,1.29943903997728
"Carolina Wren",2016,1.20696638315107
"Carolina Wren",2017,1.94739136753379
"Carolina Wren",2018,1.74766977363515
"Carolina Wren",2019,1.25428194993412
"Carolina Wren",2021,2.32218377547097
"Carolina Wren",2022,2.64728385615914
"Carolina Wren",2023,2.00485605272286
"Carolina Wren",2024,1.67025089605735
"Carolina Wren",2025,1.88409934341993
"Bewick's Wren",1999,0
"Bewick's Wren",2000,0
"Bewick's Wren",2001,0
"Bewick's Wren",2002,0
"Bewick's Wren",2003,0
"Bewick's Wren",2004,0
"Bewick's Wren",2005,0
"Bewick's Wren",2006,0
"Bewick's Wren",2007,0
"Bewick's Wren",2008,0
"Bewick's Wren",2009,0
"Bewick's Wren",2010,0
"Bewick's Wren",2011,0
"Bewick's Wren",2012,0
"Bewick's Wren",2013,0
"Bewick's Wren",2014,0
"Bewick's Wren",2015,0
"Bewick's Wren",2016,0
"Bewick's Wren",2017,0
"Bewick's Wren",2018,0
"Bewick's Wren",2019,0
"Bewick's Wren",2021,0
"Bewick's Wren",2022,0
"Bewick's Wren",2023,0
"Bewick's Wren",2024,0
"Bewick's Wren",2025,0
"European Starling",1999,1.12471308339709
"European Starling",2000,1.38744363510232
"European Starling",2001,0.831541218637993
"European Starling",2002,1.02769055095632
"European Starling",2003,1.2082045518404
"European Starling",2004,0.818181818181818
"European Starling",2005,0.784061696658098
"European Starling",2006,1.00683539626824
"European Starling",2007,0.450524246395806
"European Starling",2008,0.454545454545455
"European Starling",2009,0.890754581754889
"European Starling",2010,1.16936643343238
"European Starling",2011,0.851657940663176
"European Starling",2012,0.619578686493185
"European Starling",2013,0.961336046593222
"European Starling",2014,0.265593561368209
"European Starling",2015,0.440722785368004
"European Starling",2016,0.333975594091201
"European Starling",2017,0.266990291262136
"European Starling",2018,0.392008093070309
"European Starling",2019,0.596463821628914
"European Starling",2021,0.31591737545565
"European Starling",2022,0.406917599186165
"European Starling",2023,0.582556591211718
"European Starling",2024,0.263504611330698
"European Starling",2025,0.215301806997309
"Gray Catbird",1999,0.210869356848462
"Gray Catbird",2000,0.160558464223386
"Gray Catbird",2001,0.0793060718711276
"Gray Catbird",2002,0.435057188969195
"Gray Catbird",2003,0.152917505030181
"Gray Catbird",2004,0.564125165271045
"Gray Catbird",2005,0.308285163776493
"Gray Catbird",2006,0.226537216828479
"Gray Catbird",2007,0.233940313606474
"Gray Catbird",2008,0.156216715188525
"Gray Catbird",2009,0.324017820980154
"Gray Catbird",2010,0.210725185292835
"Gray Catbird",2011,0.183089214380826
"Gray Catbird",2012,0.0895915678524374
"Gray Catbird",2013,0.192233756247597
"Gray Catbird",2014,0.504973221117062
"Gray Catbird",2015,0.874089490114464
"Gray Catbird",2016,0.415770609318996
"Gray Catbird",2017,0.199828718241507
"Gray Catbird",2018,0.224782242202866
"Gray Catbird",2019,0.239669421487603
"Gray Catbird",2021,0.417737789203085
"Gray Catbird",2022,0.886754110474783
"Gray Catbird",2023,0.458715596330275
"Gray Catbird",2024,0.160839160839161
"Gray Catbird",2025,0.276441077096345
"Brown Thrasher",1999,0.435983141985177
"Brown Thrasher",2000,0.532623169107856
"Brown Thrasher",2001,0.374176548089592
"Brown Thrasher",2002,0.745866974240677
"Brown Thrasher",2003,0.673297628156083
"Brown Thrasher",2004,0.235865417967395
"Brown Thrasher",2005,0.293906810035842
"Brown Thrasher",2006,0.506708535540965
"Brown Thrasher",2007,0.262245949236677
"Brown Thrasher",2008,0.413223140495868
"Brown Thrasher",2009,0.359897172236504
"Brown Thrasher",2010,0.452614077221504
"Brown Thrasher",2011,0.294888597640891
"Brown Thrasher",2012,0.461538461538462
"Brown Thrasher",2013,0.358349544384151
"Brown Thrasher",2014,0.335473976804371
"Brown Thrasher",2015,0.216404886561955
"Brown Thrasher",2016,0.118959107806691
"Brown Thrasher",2017,0.168409234439688
"Brown Thrasher",2018,0.346076458752515
"Brown Thrasher",2019,0.449537241075364
"Brown Thrasher",2021,0.23121387283237
"Brown Thrasher",2022,0.412621359223301
"Brown Thrasher",2023,0.284522003034901
"Brown Thrasher",2024,0.134914435844635
"Brown Thrasher",2025,0.364520048602673
"Northern Mockingbird",1999,0.997598374284131
"Northern Mockingbird",2000,0.909239842726081
"Northern Mockingbird",2001,0.734265734265734
"Northern Mockingbird",2002,1.42315961912563
"Northern Mockingbird",2003,1.50484041023675
"Northern Mockingbird",2004,0.760907504363002
"Northern Mockingbird",2005,0.475836431226766
"Northern Mockingbird",2006,0.526278857624026
"Northern Mockingbird",2007,0.603621730382294
"Northern Mockingbird",2008,0.943146760687528
"Northern Mockingbird",2009,0.912010276172126
"Northern Mockingbird",2010,1.08414239482201
"Northern Mockingbird",2011,1.06853818917552
"Northern Mockingbird",2012,1.49115955407229
"Northern Mockingbird",2013,0.834345889023896
"Northern Mockingbird",2014,0.755704112774306
"Northern Mockingbird",2015,0.965379494007989
"Northern Mockingbird",2016,0.416337285902503
"Northern Mockingbird",2017,0.961168781237985
"Northern Mockingbird",2018,0.680948737566947
"Northern Mockingbird",2019,0.978147762747138
"Northern Mockingbird",2021,0.759856630824373
"Northern Mockingbird",2022,0.628033114473309
"Northern Mockingbird",2023,0.768005994193125
"Northern Mockingbird",2024,0.545454545454545
"Northern Mockingbird",2025,0.777634961439589
"Eastern Bluebird",1999,1.63430420711974
"Eastern Bluebird",2000,1.09382903388973
"Eastern Bluebird",2001,1.42725271604062
"Eastern Bluebird",2002,2.0980153908465
"Eastern Bluebird",2003,1.31521581165528
"Eastern Bluebird",2004,1.28994673768309
"Eastern Bluebird",2005,0.86429512516469
"Eastern Bluebird",2006,0.93041138023837
"Eastern Bluebird",2007,1.18592195868401
"Eastern Bluebird",2008,1.10995490808186
"Eastern Bluebird",2009,1.32616487455197
"Eastern Bluebird",2010,1.27747644875821
"Eastern Bluebird",2011,1.55474384190316
"Eastern Bluebird",2012,1.9504132231405
"Eastern Bluebird",2013,1.06041131105398
"Eastern Bluebird",2014,1.33013116571217
"Eastern Bluebird",2015,1.07306684141547
"Eastern Bluebird",2016,0.909090909090909
"Eastern Bluebird",2017,1.37196682707075
"Eastern Bluebird",2018,1.12144157960318
"Eastern Bluebird",2019,1.26352530541012
"Eastern Bluebird",2021,0.852540272614622
"Eastern Bluebird",2022,1.15781348677286
"Eastern Bluebird",2023,1.49698189134809
"Eastern Bluebird",2024,0.996033494931688
"Eastern Bluebird",2025,1.16249197174053
"Veery",1999,0.0142734798743934
"Veery",2000,0
"Veery",2001,0
"Veery",2002,0
"Veery",2003,0
"Veery",2004,0.0081913499344692
"Veery",2005,0.00699300699300699
"Veery",2006,0.0204771168219515
"Veery",2007,0.0191699415316783
"Veery",2008,0
"Veery",2009,0.0198265179677819
"Veery",2010,0.00701705143498702
"Veery",2011,0.00804828973843058
"Veery",2012,0
"Veery",2013,0.00642260757867694
"Veery",2014,0.00809061488673139
"Veery",2015,0.0126454223571067
"Veery",2016,0
"Veery",2017,0
"Veery",2018,0
"Veery",2019,0
"Veery",2021,0.0158102766798419
"Veery",2022,0.00768935024990388
"Veery",2023,0
"Veery",2024,0
"Veery",2025,0
"Gray-cheeked Thrush",1999,0
"Gray-cheeked Thrush",2000,0
"Gray-cheeked Thrush",2001,0
"Gray-cheeked Thrush",2002,0.00642260757867694
"Gray-cheeked Thrush",2003,0
"Gray-cheeked Thrush",2004,0
"Gray-cheeked Thrush",2005,0
"Gray-cheeked Thrush",2006,0.00810044552450385
"Gray-cheeked Thrush",2007,0
"Gray-cheeked Thrush",2008,0
"Gray-cheeked Thrush",2009,0.00527009222661397
"Gray-cheeked Thrush",2010,0
"Gray-cheeked Thrush",2011,0
"Gray-cheeked Thrush",2012,0
"Gray-cheeked Thrush",2013,0
"Gray-cheeked Thrush",2014,0
"Gray-cheeked Thrush",2015,0
"Gray-cheeked Thrush",2016,0
"Gray-cheeked Thrush",2017,0
"Gray-cheeked Thrush",2018,0
"Gray-cheeked Thrush",2019,0
"Gray-cheeked Thrush",2021,0
"Gray-cheeked Thrush",2022,0
"Gray-cheeked Thrush",2023,0
"Gray-cheeked Thrush",2024,0
"Gray-cheeked Thrush",2025,0
"Swainson's Thrush",1999,0.0615148019992311
"Swainson's Thrush",2000,0.0229533282325937
"Swainson's Thrush",2001,0.0277488727020465
"Swainson's Thrush",2002,0.014336917562724
"Swainson's Thrush",2003,0.00713673993719669
"Swainson's Thrush",2004,0
"Swainson's Thrush",2005,0.0330578512396694
"Swainson's Thrush",2006,0.032133676092545
"Swainson's Thrush",2007,0.0369480879364493
"Swainson's Thrush",2008,0.0245740498034076
"Swainson's Thrush",2009,0.0979020979020979
"Swainson's Thrush",2010,0.0307156752329272
"Swainson's Thrush",2011,0.0191699415316783
"Swainson's Thrush",2012,0.00698080279232112
"Swainson's Thrush",2013,0
"Swainson's Thrush",2014,0.0421023086099221
"Swainson's Thrush",2015,0.0241448692152917
"Swainson's Thrush",2016,0.0176289114147201
"Swainson's Thrush",2017,0.0192678227360308
"Swainson's Thrush",2018,0.0323624595469256
"Swainson's Thrush",2019,0.0126454223571067
"Swainson's Thrush",2021,0.0284030391251864
"Swainson's Thrush",2022,0.0405022276225192
"Swainson's Thrush",2023,0.0435983141985177
"Swainson's Thrush",2024,0.033288948069241
"Swainson's Thrush",2025,0.0210803689064559
"Hermit Thrush",1999,0
"Hermit Thrush",2000,0
"Hermit Thrush",2001,0
"Hermit Thrush",2002,0
"Hermit Thrush",2003,0
"Hermit Thrush",2004,0
"Hermit Thrush",2005,0
"Hermit Thrush",2006,0
"Hermit Thrush",2007,0
"Hermit Thrush",2008,0
"Hermit Thrush",2009,0
"Hermit Thrush",2010,0
"Hermit Thrush",2011,0
"Hermit Thrush",2012,0
"Hermit Thrush",2013,0
"Hermit Thrush",2014,0
"Hermit Thrush",2015,0
"Hermit Thrush",2016,0
"Hermit Thrush",2017,0
"Hermit Thrush",2018,0
"Hermit Thrush",2019,0
"Hermit Thrush",2021,0
"Hermit Thrush",2022,0
"Hermit Thrush",2023,0
"Hermit Thrush",2024,0
"Hermit Thrush",2025,0
"Wood Thrush",1999,0.834345889023896
"Wood Thrush",2000,0.951896526667635
"Wood Thrush",2001,0.699067909454061
"Wood Thrush",2002,0.379446640316206
"Wood Thrush",2003,0.784313725490196
"Wood Thrush",2004,0.566182096403979
"Wood Thrush",2005,0.51335414498786
"Wood Thrush",2006,0.365591397849462
"Wood Thrush",2007,0.264059377676277
"Wood Thrush",2008,0.571321532265618
"Wood Thrush",2009,0.545454545454545
"Wood Thrush",2010,0.276349614395887
"Wood Thrush",2011,0.175503417698134
"Wood Thrush",2012,0.401376146788991
"Wood Thrush",2013,0.181818181818182
"Wood Thrush",2014,0.522166478959762
"Wood Thrush",2015,0.392983801399406
"Wood Thrush",2016,0.258289703315881
"Wood Thrush",2017,0.133828996282528
"Wood Thrush",2018,0.231562697354572
"Wood Thrush",2019,0.225352112676056
"Wood Thrush",2021,0.326134861172323
"Wood Thrush",2022,0.237636480411047
"Wood Thrush",2023,0.226537216828479
"Wood Thrush",2024,0.177035912999494
"Wood Thrush",2025,0.269828871689271
"American Robin",1999,0.591259640102828
"American Robin",2000,0.859043044522446
"American Robin",2001,0.663499344692005
"American Robin",2002,0.727272727272727
"American Robin",2003,1.21838845090611
"American Robin",2004,0.670947953608741
"American Robin",2005,0.397905759162304
"American Robin",2006,0.386617100371747
"American Robin",2007,0.392954880359273
"American Robin",2008,0.54728370221328
"American Robin",2009,0.634640810929925
"American Robin",2010,0.385356454720617
"American Robin",2011,0.493527508090615
"American Robin",2012,0.967374810318665
"American Robin",2013,0.468650145565575
"American Robin",2014,0.453624949372216
"American Robin",2015,0.450515913384682
"American Robin",2016,0.416111850865513
"American Robin",2017,0.310935441370224
"American Robin",2018,0.299884659746251
"American Robin",2019,0.596786534047437
"American Robin",2021,0.228928199791883
"American Robin",2022,0.437275985663082
"American Robin",2023,0.406794176420211
"American Robin",2024,0.449564484405732
"American Robin",2025,0.834710743801653
"Cedar Waxwing",1999,1.34232498394348
"Cedar Waxwing",2000,0.258899676375405
"Cedar Waxwing",2001,0.746079919069297
"Cedar Waxwing",2002,0.823688134630405
"Cedar Waxwing",2003,0.340218712029162
"Cedar Waxwing",2004,0.530446156081965
"Cedar Waxwing",2005,0.724034620505992
"Cedar Waxwing",2006,0.927536231884058
"Cedar Waxwing",2007,0.438292964244521
"Cedar Waxwing",2008,0.0765110941086458
"Cedar Waxwing",2009,0.652098508498092
"Cedar Waxwing",2010,0.25089605734767
"Cedar Waxwing",2011,2.61204681701399
"Cedar Waxwing",2012,3.83066404420717
"Cedar Waxwing",2013,0.289256198347107
"Cedar Waxwing",2014,0.308483290488432
"Cedar Waxwing",2015,0.138555329761685
"Cedar Waxwing",2016,1.08125819134993
"Cedar Waxwing",2017,0.524475524475524
"Cedar Waxwing",2018,0.860038906521962
"Cedar Waxwing",2019,0.0191699415316783
"Cedar Waxwing",2021,0.342059336823735
"Cedar Waxwing",2022,0.277571251548947
"Cedar Waxwing",2023,0.175426285874675
"Cedar Waxwing",2024,0.0160965794768612
"Cedar Waxwing",2025,0.661084178052005
"House Sparrow",1999,0.272401433691756
"House Sparrow",2000,0.442477876106195
"House Sparrow",2001,0.224782242202866
"House Sparrow",2002,0.347107438016529
"House Sparrow",2003,0.160668380462725
"House Sparrow",2004,0.212451505634583
"House Sparrow",2005,0.163826998689384
"House Sparrow",2006,0.167832167832168
"House Sparrow",2007,0.255963960274393
"House Sparrow",2008,0.277964152209336
"House Sparrow",2009,0.300174520069808
"House Sparrow",2010,0.15365551425031
"House Sparrow",2011,0.168409234439688
"House Sparrow",2012,0.177062374245473
"House Sparrow",2013,0.0793301013662406
"House Sparrow",2014,0.0513808606294155
"House Sparrow",2015,0.0566343042071197
"House Sparrow",2016,0.164390490642387
"House Sparrow",2017,0.0568060782503728
"House Sparrow",2018,0.0810044552450385
"House Sparrow",2019,0.0508646998982706
"House Sparrow",2021,0.174766977363515
"House Sparrow",2022,0.0737812911725955
"House Sparrow",2023,0.0845828527489427
"House Sparrow",2024,0
"House Sparrow",2025,0.090183836281651
"American Pipit",1999,0
"American Pipit",2000,0
"American Pipit",2001,0
"American Pipit",2002,0
"American Pipit",2003,0
"American Pipit",2004,0
"American Pipit",2005,0
"American Pipit",2006,0
"American Pipit",2007,0
"American Pipit",2008,0
"American Pipit",2009,0
"American Pipit",2010,0
"American Pipit",2011,0.00768935024990388
"American Pipit",2012,0
"American Pipit",2013,0
"American Pipit",2014,0
"American Pipit",2015,0
"American Pipit",2016,0
"American Pipit",2017,0
"American Pipit",2018,0
"American Pipit",2019,0
"American Pipit",2021,0
"American Pipit",2022,0
"American Pipit",2023,0
"American Pipit",2024,0
"American Pipit",2025,0
"Evening Grosbeak",1999,0
"Evening Grosbeak",2000,0.0230680507497116
"Evening Grosbeak",2001,0
"Evening Grosbeak",2002,0
"Evening Grosbeak",2003,0
"Evening Grosbeak",2004,0
"Evening Grosbeak",2005,0
"Evening Grosbeak",2006,0
"Evening Grosbeak",2007,0
"Evening Grosbeak",2008,0
"Evening Grosbeak",2009,0
"Evening Grosbeak",2010,0
"Evening Grosbeak",2011,0
"Evening Grosbeak",2012,0
"Evening Grosbeak",2013,0
"Evening Grosbeak",2014,0
"Evening Grosbeak",2015,0
"Evening Grosbeak",2016,0
"Evening Grosbeak",2017,0
"Evening Grosbeak",2018,0
"Evening Grosbeak",2019,0
"Evening Grosbeak",2021,0
"Evening Grosbeak",2022,0
"Evening Grosbeak",2023,0
"Evening Grosbeak",2024,0
"Evening Grosbeak",2025,0
"House Finch",1999,0.405594405594406
"House Finch",2000,0.614313504658544
"House Finch",2001,0.594268187482028
"House Finch",2002,0.816753926701571
"House Finch",2003,0.391573729863693
"House Finch",2004,0.18946038874465
"House Finch",2005,0.329979879275654
"House Finch",2006,0.396650506831203
"House Finch",2007,0.276172125883109
"House Finch",2008,0.299352750809061
"House Finch",2009,0.341426403641882
"House Finch",2010,0.319534190158347
"House Finch",2011,0.77764277035237
"House Finch",2012,0.552245313181224
"House Finch",2013,0.540945406125167
"House Finch",2014,0.137022397891963
"House Finch",2015,0.469050365244137
"House Finch",2016,0.175975516449885
"House Finch",2017,0.339923690600069
"House Finch",2018,0.372759856630824
"House Finch",2019,0.513845275478162
"House Finch",2021,0.524491898473354
"House Finch",2022,0.661157024793388
"House Finch",2023,0.751928020565553
"House Finch",2024,0.600406428967301
"House Finch",2025,0.909239842726081
"Purple Finch",1999,0
"Purple Finch",2000,0
"Purple Finch",2001,0
"Purple Finch",2002,0
"Purple Finch",2003,0
"Purple Finch",2004,0.0384467512495194
"Purple Finch",2005,0
"Purple Finch",2006,0
"Purple Finch",2007,0
"Purple Finch",2008,0
"Purple Finch",2009,0
"Purple Finch",2010,0
"Purple Finch",2011,0
"Purple Finch",2012,0
"Purple Finch",2013,0
"Purple Finch",2014,0
"Purple Finch",2015,0
"Purple Finch",2016,0
"Purple Finch",2017,0
"Purple Finch",2018,0
"Purple Finch",2019,0
"Purple Finch",2021,0
"Purple Finch",2022,0
"Purple Finch",2023,0
"Purple Finch",2024,0
"Purple Finch",2025,0
"Pine Siskin",1999,0
"Pine Siskin",2000,0
"Pine Siskin",2001,0
"Pine Siskin",2002,0
"Pine Siskin",2003,0
"Pine Siskin",2004,0
"Pine Siskin",2005,0
"Pine Siskin",2006,0
"Pine Siskin",2007,0
"Pine Siskin",2008,0
"Pine Siskin",2009,0
"Pine Siskin",2010,0
"Pine Siskin",2011,0
"Pine Siskin",2012,0
"Pine Siskin",2013,0.202326757713708
"Pine Siskin",2014,0
"Pine Siskin",2015,0.267314702308627
"Pine Siskin",2016,0.00726638569975294
"Pine Siskin",2017,0
"Pine Siskin",2018,0
"Pine Siskin",2019,0.0538254517493272
"Pine Siskin",2021,0.00765110941086458
"Pine Siskin",2022,0
"Pine Siskin",2023,0
"Pine Siskin",2024,0
"Pine Siskin",2025,0
"American Goldfinch",1999,2.41516086381666
"American Goldfinch",2000,1.91393705844573
"American Goldfinch",2001,1.84466019417476
"American Goldfinch",2002,2.46585735963581
"American Goldfinch",2003,2.69118795711141
"American Goldfinch",2004,1.66869177804779
"American Goldfinch",2005,1.61313762534515
"American Goldfinch",2006,1.6228362183755
"American Goldfinch",2007,0.779973649538867
"American Goldfinch",2008,2.01460976547482
"American Goldfinch",2009,1.84391736801836
"American Goldfinch",2010,0.853277835587929
"American Goldfinch",2011,1.08243727598566
"American Goldfinch",2012,1.39166428775335
"American Goldfinch",2013,1.96684461927508
"American Goldfinch",2014,1.5702479338843
"American Goldfinch",2015,0.861182519280206
"American Goldfinch",2016,1.8751154627748
"American Goldfinch",2017,1.39252948885976
"American Goldfinch",2018,1.28671328671329
"American Goldfinch",2019,1.47435241118051
"American Goldfinch",2021,1.43774561487587
"American Goldfinch",2022,0.970331588132635
"American Goldfinch",2023,0.976456009913259
"American Goldfinch",2024,0.835029120763455
"American Goldfinch",2025,1.5533199195171
"Bachman's Sparrow",1999,0
"Bachman's Sparrow",2000,0
"Bachman's Sparrow",2001,0
"Bachman's Sparrow",2002,0
"Bachman's Sparrow",2003,0
"Bachman's Sparrow",2004,0
"Bachman's Sparrow",2005,0
"Bachman's Sparrow",2006,0
"Bachman's Sparrow",2007,0
"Bachman's Sparrow",2008,0
"Bachman's Sparrow",2009,0
"Bachman's Sparrow",2010,0
"Bachman's Sparrow",2011,0
"Bachman's Sparrow",2012,0
"Bachman's Sparrow",2013,0
"Bachman's Sparrow",2014,0
"Bachman's Sparrow",2015,0
"Bachman's Sparrow",2016,0
"Bachman's Sparrow",2017,0
"Bachman's Sparrow",2018,0
"Bachman's Sparrow",2019,0
"Bachman's Sparrow",2021,0
"Bachman's Sparrow",2022,0
"Bachman's Sparrow",2023,0
"Bachman's Sparrow",2024,0
"Bachman's Sparrow",2025,0
"Grasshopper Sparrow",1999,0
"Grasshopper Sparrow",2000,0.00495662949194548
"Grasshopper Sparrow",2001,0.014034102869974
"Grasshopper Sparrow",2002,0
"Grasshopper Sparrow",2003,0
"Grasshopper Sparrow",2004,0
"Grasshopper Sparrow",2005,0
"Grasshopper Sparrow",2006,0
"Grasshopper Sparrow",2007,0
"Grasshopper Sparrow",2008,0
"Grasshopper Sparrow",2009,0
"Grasshopper Sparrow",2010,0
"Grasshopper Sparrow",2011,0
"Grasshopper Sparrow",2012,0
"Grasshopper Sparrow",2013,0
"Grasshopper Sparrow",2014,0
"Grasshopper Sparrow",2015,0
"Grasshopper Sparrow",2016,0
"Grasshopper Sparrow",2017,0
"Grasshopper Sparrow",2018,0
"Grasshopper Sparrow",2019,0
"Grasshopper Sparrow",2021,0
"Grasshopper Sparrow",2022,0.0081913499344692
"Grasshopper Sparrow",2023,0
"Grasshopper Sparrow",2024,0
"Grasshopper Sparrow",2025,0
"Chipping Sparrow",1999,0.907123834886818
"Chipping Sparrow",2000,0.569169960474308
"Chipping Sparrow",2001,1.04575163398693
"Chipping Sparrow",2002,1.66794185156848
"Chipping Sparrow",2003,1.35275754422477
"Chipping Sparrow",2004,1.24014336917563
"Chipping Sparrow",2005,1.40593776762775
"Chipping Sparrow",2006,1.28313196590803
"Chipping Sparrow",2007,1.30578512396694
"Chipping Sparrow",2008,1.12467866323907
"Chipping Sparrow",2009,1.64418991317199
"Chipping Sparrow",2010,1.81847968545216
"Chipping Sparrow",2011,1.55944055944056
"Chipping Sparrow",2012,2.88727347189516
"Chipping Sparrow",2013,1.78280456244608
"Chipping Sparrow",2014,1.17975567190227
"Chipping Sparrow",2015,0.941759603469641
"Chipping Sparrow",2016,1.14377938390288
"Chipping Sparrow",2017,2.0523138832998
"Chipping Sparrow",2018,2.29175848391362
"Chipping Sparrow",2019,1.92035966602441
"Chipping Sparrow",2021,2.46763754045307
"Chipping Sparrow",2022,2.06752655538695
"Chipping Sparrow",2023,2.60597883973585
"Chipping Sparrow",2024,1.92790603483192
"Chipping Sparrow",2025,3.15361139369278
"Field Sparrow",1999,0.229357798165138
"Field Sparrow",2000,0.216783216783217
"Field Sparrow",2001,0.174055492986587
"Field Sparrow",2002,0.34505894757021
"Field Sparrow",2003,0.174520069808028
"Field Sparrow",2004,0.143742255266419
"Field Sparrow",2005,0.105255771524805
"Field Sparrow",2006,0.152917505030181
"Field Sparrow",2007,0.0969590127809608
"Field Sparrow",2008,0.0770712909441233
"Field Sparrow",2009,0.161812297734628
"Field Sparrow",2010,0.101163378856854
"Field Sparrow",2011,0.113612156500746
"Field Sparrow",2012,0.324017820980154
"Field Sparrow",2013,0.0871966283970353
"Field Sparrow",2014,0.166444740346205
"Field Sparrow",2015,0.194993412384717
"Field Sparrow",2016,0.161476355247982
"Field Sparrow",2017,0.153022188217292
"Field Sparrow",2018,0.0624349635796046
"Field Sparrow",2019,0.129032258064516
"Field Sparrow",2021,0.142734798743934
"Field Sparrow",2022,0.346539290062752
"Field Sparrow",2023,0.446280991735537
"Field Sparrow",2024,0.057840616966581
"Field Sparrow",2025,0.24016257158692
"Dark-eyed Junco",1999,0
"Dark-eyed Junco",2000,0
"Dark-eyed Junco",2001,0
"Dark-eyed Junco",2002,0
"Dark-eyed Junco",2003,0
"Dark-eyed Junco",2004,0
"Dark-eyed Junco",2005,0
"Dark-eyed Junco",2006,0
"Dark-eyed Junco",2007,0
"Dark-eyed Junco",2008,0
"Dark-eyed Junco",2009,0
"Dark-eyed Junco",2010,0
"Dark-eyed Junco",2011,0
"Dark-eyed Junco",2012,0
"Dark-eyed Junco",2013,0
"Dark-eyed Junco",2014,0
"Dark-eyed Junco",2015,0
"Dark-eyed Junco",2016,0
"Dark-eyed Junco",2017,0
"Dark-eyed Junco",2018,0
"Dark-eyed Junco",2019,0
"Dark-eyed Junco",2021,0
"Dark-eyed Junco",2022,0
"Dark-eyed Junco",2023,0
"Dark-eyed Junco",2024,0
"Dark-eyed Junco",2025,0
"White-crowned Sparrow",1999,0
"White-crowned Sparrow",2000,0
"White-crowned Sparrow",2001,0
"White-crowned Sparrow",2002,0
"White-crowned Sparrow",2003,0
"White-crowned Sparrow",2004,0
"White-crowned Sparrow",2005,0
"White-crowned Sparrow",2006,0
"White-crowned Sparrow",2007,0
"White-crowned Sparrow",2008,0
"White-crowned Sparrow",2009,0
"White-crowned Sparrow",2010,0
"White-crowned Sparrow",2011,0
"White-crowned Sparrow",2012,0
"White-crowned Sparrow",2013,0.00809061488673139
"White-crowned Sparrow",2014,0
"White-crowned Sparrow",2015,0.0071007597812966
"White-crowned Sparrow",2016,0
"White-crowned Sparrow",2017,0
"White-crowned Sparrow",2018,0
"White-crowned Sparrow",2019,0
"White-crowned Sparrow",2021,0
"White-crowned Sparrow",2022,0
"White-crowned Sparrow",2023,0
"White-crowned Sparrow",2024,0
"White-crowned Sparrow",2025,0
"White-throated Sparrow",1999,0.128772635814889
"White-throated Sparrow",2000,0.0440722785368004
"White-throated Sparrow",2001,0
"White-throated Sparrow",2002,0.364077669902913
"White-throated Sparrow",2003,0.00632271117855336
"White-throated Sparrow",2004,0.213022793438898
"White-throated Sparrow",2005,0.810044552450385
"White-throated Sparrow",2006,0.210725185292835
"White-throated Sparrow",2007,0.116511318242344
"White-throated Sparrow",2008,0.0474308300395257
"White-throated Sparrow",2009,0.0615148019992311
"White-throated Sparrow",2010,0.0382555470543229
"White-throated Sparrow",2011,0
"White-throated Sparrow",2012,0.021505376344086
"White-throated Sparrow",2013,0.756494433342849
"White-throated Sparrow",2014,0.552589678748712
"White-throated Sparrow",2015,0.801652892561983
"White-throated Sparrow",2016,0.070694087403599
"White-throated Sparrow",2017,0.0646591538887862
"White-throated Sparrow",2018,0.0081913499344692
"White-throated Sparrow",2019,0.020979020979021
"White-throated Sparrow",2021,0.501689362137811
"White-throated Sparrow",2022,0.383398830633567
"White-throated Sparrow",2023,0.0418848167539267
"White-throated Sparrow",2024,0.0297397769516729
"White-throated Sparrow",2025,0.119289874394779
"Vesper Sparrow",1999,0
"Vesper Sparrow",2000,0
"Vesper Sparrow",2001,0
"Vesper Sparrow",2002,0
"Vesper Sparrow",2003,0
"Vesper Sparrow",2004,0
"Vesper Sparrow",2005,0
"Vesper Sparrow",2006,0
"Vesper Sparrow",2007,0
"Vesper Sparrow",2008,0
"Vesper Sparrow",2009,0
"Vesper Sparrow",2010,0
"Vesper Sparrow",2011,0
"Vesper Sparrow",2012,0
"Vesper Sparrow",2013,0
"Vesper Sparrow",2014,0
"Vesper Sparrow",2015,0
"Vesper Sparrow",2016,0
"Vesper Sparrow",2017,0
"Vesper Sparrow",2018,0
"Vesper Sparrow",2019,0
"Vesper Sparrow",2021,0
"Vesper Sparrow",2022,0
"Vesper Sparrow",2023,0
"Vesper Sparrow",2024,0
"Vesper Sparrow",2025,0
"Savannah Sparrow",1999,0
"Savannah Sparrow",2000,0.0279232111692845
"Savannah Sparrow",2001,0.0148698884758364
"Savannah Sparrow",2002,0.0350852571749351
"Savannah Sparrow",2003,0.00804828973843058
"Savannah Sparrow",2004,0.132216835610401
"Savannah Sparrow",2005,0.00642260757867694
"Savannah Sparrow",2006,0.0161812297734628
"Savannah Sparrow",2007,0.0316135558927668
"Savannah Sparrow",2008,0.0213022793438898
"Savannah Sparrow",2009,0.0243013365735115
"Savannah Sparrow",2010,0.00726638569975294
"Savannah Sparrow",2011,0.0832223701731025
"Savannah Sparrow",2012,0.00527009222661397
"Savannah Sparrow",2013,0.0307574009996155
"Savannah Sparrow",2014,0.0306044376434583
"Savannah Sparrow",2015,0.0485605272285813
"Savannah Sparrow",2016,0
"Savannah Sparrow",2017,0.0142734798743934
"Savannah Sparrow",2018,0.074927414067622
"Savannah Sparrow",2019,0.0247933884297521
"Savannah Sparrow",2021,0.006426735218509
"Savannah Sparrow",2022,0.110844263809348
"Savannah Sparrow",2023,0.0081913499344692
"Savannah Sparrow",2024,0.013986013986014
"Savannah Sparrow",2025,0.0409542336439029
"Song Sparrow",1999,0.0435983141985177
"Song Sparrow",2000,0.00832223701731025
"Song Sparrow",2001,0.0158102766798419
"Song Sparrow",2002,0.0461361014994233
"Song Sparrow",2003,0.00765110941086458
"Song Sparrow",2004,0.0624349635796046
"Song Sparrow",2005,0.10752688172043
"Song Sparrow",2006,0.10705109905795
"Song Sparrow",2007,0.0187318535169055
"Song Sparrow",2008,0.00826446280991736
"Song Sparrow",2009,0.025706940874036
"Song Sparrow",2010,0.0369480879364493
"Song Sparrow",2011,0.0327653997378768
"Song Sparrow",2012,0.013986013986014
"Song Sparrow",2013,0.0409542336439029
"Song Sparrow",2014,0.0383398830633567
"Song Sparrow",2015,0.0209424083769634
"Song Sparrow",2016,0.0297397769516729
"Song Sparrow",2017,0.00701705143498702
"Song Sparrow",2018,0.0321931589537223
"Song Sparrow",2019,0.0528867342441604
"Song Sparrow",2021,0.0385356454720617
"Song Sparrow",2022,0.0809061488673139
"Song Sparrow",2023,0.0252908447142135
"Song Sparrow",2024,0.0568060782503728
"Song Sparrow",2025,0.0567031186715269
"Swamp Sparrow",1999,0.0184740439682246
"Swamp Sparrow",2000,0.0081913499344692
"Swamp Sparrow",2001,0
"Swamp Sparrow",2002,0.0409542336439029
"Swamp Sparrow",2003,0
"Swamp Sparrow",2004,0.0139616055846422
"Swamp Sparrow",2005,0.00991325898389095
"Swamp Sparrow",2006,0
"Swamp Sparrow",2007,0
"Swamp Sparrow",2008,0
"Swamp Sparrow",2009,0.00642260757867694
"Swamp Sparrow",2010,0.00809061488673139
"Swamp Sparrow",2011,0.00632271117855336
"Swamp Sparrow",2012,0
"Swamp Sparrow",2013,0
"Swamp Sparrow",2014,0.00726638569975294
"Swamp Sparrow",2015,0.0499334221038615
"Swamp Sparrow",2016,0.0316205533596838
"Swamp Sparrow",2017,0
"Swamp Sparrow",2018,0.00765110941086458
"Swamp Sparrow",2019,0
"Swamp Sparrow",2021,0
"Swamp Sparrow",2022,0.0285469597487868
"Swamp Sparrow",2023,0.0280977802753582
"Swamp Sparrow",2024,0.0165289256198347
"Swamp Sparrow",2025,0.06426735218509
"Eastern Towhee",1999,0.938511326860841
"Eastern Towhee",2000,0.834597875569044
"Eastern Towhee",2001,1.05801320741319
"Eastern Towhee",2002,1.60388821385176
"Eastern Towhee",2003,1.14808894056096
"Eastern Towhee",2004,1.27330226364847
"Eastern Towhee",2005,0.658761528326746
"Eastern Towhee",2006,0.922722029988466
"Eastern Towhee",2007,0.63504208110176
"Eastern Towhee",2008,0.714533472077697
"Eastern Towhee",2009,0.738351254480287
"Eastern Towhee",2010,0.984870111333143
"Eastern Towhee",2011,0.945958602603728
"Eastern Towhee",2012,1.07438016528926
"Eastern Towhee",2013,0.591259640102828
"Eastern Towhee",2014,1.09920561610937
"Eastern Towhee",2015,1.22051114023591
"Eastern Towhee",2016,0.888111888111888
"Eastern Towhee",2017,1.34125115183782
"Eastern Towhee",2018,0.977667018115595
"Eastern Towhee",2019,0.74694589877836
"Eastern Towhee",2021,0.599752168525403
"Eastern Towhee",2022,1.18588169251281
"Eastern Towhee",2023,1.02213279678068
"Eastern Towhee",2024,0.784486557955046
"Eastern Towhee",2025,1.05330764290302
"Yellow-breasted Chat",1999,0.513845275478162
"Yellow-breasted Chat",2000,0.917860822328369
"Yellow-breasted Chat",2001,0.537190082644628
"Yellow-breasted Chat",2002,0.482005141388175
"Yellow-breasted Chat",2003,0.840569000554221
"Yellow-breasted Chat",2004,0.384993446920052
"Yellow-breasted Chat",2005,0.258741258741259
"Yellow-breasted Chat",2006,0.307156752329272
"Yellow-breasted Chat",2007,0.306719064506853
"Yellow-breasted Chat",2008,0.418848167539267
"Yellow-breasted Chat",2009,0.26270136307311
"Yellow-breasted Chat",2010,0.322784366009403
"Yellow-breasted Chat",2011,0.402414486921529
"Yellow-breasted Chat",2012,0.431908329660643
"Yellow-breasted Chat",2013,0.205523442517662
"Yellow-breasted Chat",2014,0.315533980582524
"Yellow-breasted Chat",2015,0.410976226605969
"Yellow-breasted Chat",2016,0.255627352126678
"Yellow-breasted Chat",2017,0.486026731470231
"Yellow-breasted Chat",2018,0.515913384682459
"Yellow-breasted Chat",2019,0.757323568575233
"Yellow-breasted Chat",2021,0.258234519104084
"Yellow-breasted Chat",2022,0.684352172241446
"Yellow-breasted Chat",2023,0.627390971690895
"Yellow-breasted Chat",2024,0.374609781477627
"Yellow-breasted Chat",2025,0.845878136200717
"Bobolink",1999,0.0982387200898183
"Bobolink",2000,0.69215291750503
"Bobolink",2001,0.105773468488321
"Bobolink",2002,0.995504174694926
"Bobolink",2003,0
"Bobolink",2004,0.309812847749115
"Bobolink",2005,0.227224313001491
"Bobolink",2006,0.8424463345484
"Bobolink",2007,0.0363319284987647
"Bobolink",2008,0.149800266311585
"Bobolink",2009,0.0316205533596838
"Bobolink",2010,0.153787004998078
"Bobolink",2011,0.390206579954093
"Bobolink",2012,0.541103017689906
"Bobolink",2013,0.14336917562724
"Bobolink",2014,0.0428204396231801
"Bobolink",2015,0.0561955605507165
"Bobolink",2016,0.528925619834711
"Bobolink",2017,0.353470437017995
"Bobolink",2018,0
"Bobolink",2019,0
"Bobolink",2021,0
"Bobolink",2022,0.0102385584109757
"Bobolink",2023,0.0862647368925525
"Bobolink",2024,0.202443280977312
"Bobolink",2025,0
"Eastern Meadowlark",1999,0.645905420991926
"Eastern Meadowlark",2000,0.359602142310635
"Eastern Meadowlark",2001,0.346860908775581
"Eastern Meadowlark",2002,0.39426523297491
"Eastern Meadowlark",2003,0.271196117613474
"Eastern Meadowlark",2004,0.393368923855015
"Eastern Meadowlark",2005,0.297520661157025
"Eastern Meadowlark",2006,0.115681233933162
"Eastern Meadowlark",2007,0.0923702198411232
"Eastern Meadowlark",2008,0.114678899082569
"Eastern Meadowlark",2009,0.258741258741259
"Eastern Meadowlark",2010,0.337872427562199
"Eastern Meadowlark",2011,0.335473976804371
"Eastern Meadowlark",2012,0.237347294938918
"Eastern Meadowlark",2013,0.0693928128872367
"Eastern Meadowlark",2014,0.0982387200898183
"Eastern Meadowlark",2015,0.209255533199195
"Eastern Meadowlark",2016,0.176289114147201
"Eastern Meadowlark",2017,0.14771997430957
"Eastern Meadowlark",2018,0.145631067961165
"Eastern Meadowlark",2019,0.271876580677795
"Eastern Meadowlark",2021,0.134914435844635
"Eastern Meadowlark",2022,0.243013365735115
"Eastern Meadowlark",2023,0.283389042290365
"Eastern Meadowlark",2024,0.216378162450067
"Eastern Meadowlark",2025,0.205533596837945
"Orchard Oriole",1999,0.470973686904884
"Orchard Oriole",2000,0.316304035272692
"Orchard Oriole",2001,0.307155322862129
"Orchard Oriole",2002,0.272614622057001
"Orchard Oriole",2003,0.357869623184338
"Orchard Oriole",2004,0.265593561368209
"Orchard Oriole",2005,0.387836051123843
"Orchard Oriole",2006,0.173410404624277
"Orchard Oriole",2007,0.202265372168285
"Orchard Oriole",2008,0.214972180070814
"Orchard Oriole",2009,0.31243343037705
"Orchard Oriole",2010,0.259214256784123
"Orchard Oriole",2011,0.399651213486412
"Orchard Oriole",2012,0.549267643142477
"Orchard Oriole",2013,0.147562582345191
"Orchard Oriole",2014,0.253748558246828
"Orchard Oriole",2015,0.428462127008416
"Orchard Oriole",2016,0.145681581685744
"Orchard Oriole",2017,0.272401433691756
"Orchard Oriole",2018,0.378247216671424
"Orchard Oriole",2019,0.496394118197996
"Orchard Oriole",2021,0.347107438016529
"Orchard Oriole",2022,0.244215938303342
"Orchard Oriole",2023,0.498799187142065
"Orchard Oriole",2024,0.20478374836173
"Orchard Oriole",2025,0.265734265734266
"Baltimore Oriole",1999,0.0324017820980154
"Baltimore Oriole",2000,0.0363319284987647
"Baltimore Oriole",2001,0
"Baltimore Oriole",2002,0
"Baltimore Oriole",2003,0.00768935024990388
"Baltimore Oriole",2004,0
"Baltimore Oriole",2005,0.0416233090530697
"Baltimore Oriole",2006,0.00716845878136201
"Baltimore Oriole",2007,0.0142734798743934
"Baltimore Oriole",2008,0.00936592675845275
"Baltimore Oriole",2009,0.00826446280991736
"Baltimore Oriole",2010,0.012853470437018
"Baltimore Oriole",2011,0.027711065952337
"Baltimore Oriole",2012,0.0081913499344692
"Baltimore Oriole",2013,0
"Baltimore Oriole",2014,0
"Baltimore Oriole",2015,0.0287549122975175
"Baltimore Oriole",2016,0.00698080279232112
"Baltimore Oriole",2017,0.00495662949194548
"Baltimore Oriole",2018,0
"Baltimore Oriole",2019,0.00804828973843058
"Baltimore Oriole",2021,0.00881445570736007
"Baltimore Oriole",2022,0.00642260757867694
"Baltimore Oriole",2023,0.0242718446601942
"Baltimore Oriole",2024,0
"Baltimore Oriole",2025,0.0071007597812966
"Red-winged Blackbird",1999,0.559125964010283
"Red-winged Blackbird",2000,0.729724736744873
"Red-winged Blackbird",2001,0.72083879423329
"Red-winged Blackbird",2002,0.916083916083916
"Red-winged Blackbird",2003,1.0136172826866
"Red-winged Blackbird",2004,1.90740918240199
"Red-winged Blackbird",2005,0.956369982547993
"Red-winged Blackbird",2006,0.366790582403965
"Red-winged Blackbird",2007,0.252613851659533
"Red-winged Blackbird",2008,0.394366197183099
"Red-winged Blackbird",2009,0.546496253856324
"Red-winged Blackbird",2010,0.205523442517662
"Red-winged Blackbird",2011,0.792880258899676
"Red-winged Blackbird",2012,0.461557916034396
"Red-winged Blackbird",2013,0.276929631470567
"Red-winged Blackbird",2014,0.437424058323208
"Red-winged Blackbird",2015,0.297921813689871
"Red-winged Blackbird",2016,0.907123834886818
"Red-winged Blackbird",2017,0.189723320158103
"Red-winged Blackbird",2018,0.230680507497116
"Red-winged Blackbird",2019,0.849273144605968
"Red-winged Blackbird",2021,0.388484217828651
"Red-winged Blackbird",2022,0.415770609318996
"Red-winged Blackbird",2023,0.549528975164145
"Red-winged Blackbird",2024,0.290343729512035
"Red-winged Blackbird",2025,0.495867768595041
"Brown-headed Cowbird",1999,0.687219010918433
"Brown-headed Cowbird",2000,1.01941747572816
"Brown-headed Cowbird",2001,0.885179564997471
"Brown-headed Cowbird",2002,1.32784207910246
"Brown-headed Cowbird",2003,1.30417172944512
"Brown-headed Cowbird",2004,0.784769655573318
"Brown-headed Cowbird",2005,0.940412782956059
"Brown-headed Cowbird",2006,0.648221343873518
"Brown-headed Cowbird",2007,0.922722029988466
"Brown-headed Cowbird",2008,0.856924254016832
"Brown-headed Cowbird",2009,0.94346167186958
"Brown-headed Cowbird",2010,0.953405017921147
"Brown-headed Cowbird",2011,0.692263773908079
"Brown-headed Cowbird",2012,1.8638194249321
"Brown-headed Cowbird",2013,1.60330578512397
"Brown-headed Cowbird",2014,0.694087403598972
"Brown-headed Cowbird",2015,1.00683539626824
"Brown-headed Cowbird",2016,0.688073394495413
"Brown-headed Cowbird",2017,0.846153846153846
"Brown-headed Cowbird",2018,1.33101259342685
"Brown-headed Cowbird",2019,1.84989935780696
"Brown-headed Cowbird",2021,1.10994764397906
"Brown-headed Cowbird",2022,0.584882280049566
"Brown-headed Cowbird",2023,1.080625920988
"Brown-headed Cowbird",2024,0.853118712273642
"Brown-headed Cowbird",2025,2.01851035698546
"Rusty Blackbird",1999,0
"Rusty Blackbird",2000,0
"Rusty Blackbird",2001,0
"Rusty Blackbird",2002,0
"Rusty Blackbird",2003,0
"Rusty Blackbird",2004,0
"Rusty Blackbird",2005,0
"Rusty Blackbird",2006,0
"Rusty Blackbird",2007,0
"Rusty Blackbird",2008,0
"Rusty Blackbird",2009,0
"Rusty Blackbird",2010,0
"Rusty Blackbird",2011,0
"Rusty Blackbird",2012,0
"Rusty Blackbird",2013,0
"Rusty Blackbird",2014,0
"Rusty Blackbird",2015,0
"Rusty Blackbird",2016,0
"Rusty Blackbird",2017,0
"Rusty Blackbird",2018,0
"Rusty Blackbird",2019,0
"Rusty Blackbird",2021,0
"Rusty Blackbird",2022,0
"Rusty Blackbird",2023,0
"Rusty Blackbird",2024,0
"Rusty Blackbird",2025,0
"Common Grackle",1999,1.55638166047088
"Common Grackle",2000,1.71917760157182
"Common Grackle",2001,2.6317907444668
"Common Grackle",2002,3.23490524460115
"Common Grackle",2003,1.97174052665382
"Common Grackle",2004,2.67799352750809
"Common Grackle",2005,1.46054628224583
"Common Grackle",2006,1.6686785486047
"Common Grackle",2007,1.14216281895504
"Common Grackle",2008,1.59860485394565
"Common Grackle",2009,2.63814913448735
"Common Grackle",2010,0.832674571805007
"Common Grackle",2011,1.99923106497501
"Common Grackle",2012,1.8362662586075
"Common Grackle",2013,2.18522372528616
"Common Grackle",2014,0.867383512544803
"Common Grackle",2015,1.03482729089352
"Common Grackle",2016,1.61093940245387
"Common Grackle",2017,0.809917355371901
"Common Grackle",2018,0.610539845758355
"Common Grackle",2019,1.31165712174395
"Common Grackle",2021,0.91743119266055
"Common Grackle",2022,0.951048951048951
"Common Grackle",2023,0.962424490631719
"Common Grackle",2024,1.5911051471293
"Common Grackle",2025,0.74694589877836
"Ovenbird",1999,0.706192358366271
"Ovenbird",2000,1.29181084198385
"Ovenbird",2001,1.06350420811018
"Ovenbird",2002,1.62330905306972
"Ovenbird",2003,1.14695340501792
"Ovenbird",2004,1.02769055095632
"Ovenbird",2005,1.42362086728482
"Ovenbird",2006,0.644628099173554
"Ovenbird",2007,0.494858611825193
"Ovenbird",2008,1.56105671531498
"Ovenbird",2009,1.18774574049803
"Ovenbird",2010,0.748251748251748
"Ovenbird",2011,0.685983413535374
"Ovenbird",2012,1.48567046870507
"Ovenbird",2013,0.837696335078534
"Ovenbird",2014,0.743494423791822
"Ovenbird",2015,1.11571117816294
"Ovenbird",2016,0.949698189134809
"Ovenbird",2017,1.14587924195681
"Ovenbird",2018,1.0019267822736
"Ovenbird",2019,0.784789644012945
"Ovenbird",2021,1.13808801213961
"Ovenbird",2022,1.77518994532415
"Ovenbird",2023,1.18266504657756
"Ovenbird",2024,0.537712541781718
"Ovenbird",2025,1.0569241011984
"Worm-eating Warbler",1999,0.041958041958042
"Worm-eating Warbler",2000,0
"Worm-eating Warbler",2001,0.00958497076583916
"Worm-eating Warbler",2002,0.00698080279232112
"Worm-eating Warbler",2003,0.0148698884758364
"Worm-eating Warbler",2004,0.00701705143498702
"Worm-eating Warbler",2005,0.0402414486921529
"Worm-eating Warbler",2006,0.0176289114147201
"Worm-eating Warbler",2007,0.00642260757867694
"Worm-eating Warbler",2008,0.0161812297734628
"Worm-eating Warbler",2009,0
"Worm-eating Warbler",2010,0
"Worm-eating Warbler",2011,0
"Worm-eating Warbler",2012,0.00726638569975294
"Worm-eating Warbler",2013,0.0166444740346205
"Worm-eating Warbler",2014,0.0158102766798419
"Worm-eating Warbler",2015,0.0153787004998078
"Worm-eating Warbler",2016,0.0153022188217292
"Worm-eating Warbler",2017,0
"Worm-eating Warbler",2018,0
"Worm-eating Warbler",2019,0
"Worm-eating Warbler",2021,0
"Worm-eating Warbler",2022,0
"Worm-eating Warbler",2023,0
"Worm-eating Warbler",2024,0.0184740439682246
"Worm-eating Warbler",2025,0.0081913499344692
"Louisiana Waterthrush",1999,0.113612156500746
"Louisiana Waterthrush",2000,0.0567031186715269
"Louisiana Waterthrush",2001,0.0944630140967883
"Louisiana Waterthrush",2002,0.099866844207723
"Louisiana Waterthrush",2003,0.0632411067193676
"Louisiana Waterthrush",2004,0.0922722029988466
"Louisiana Waterthrush",2005,0.0382555470543229
"Louisiana Waterthrush",2006,0
"Louisiana Waterthrush",2007,0
"Louisiana Waterthrush",2008,0.0428204396231801
"Louisiana Waterthrush",2009,0.0842933408260747
"Louisiana Waterthrush",2010,0.0413223140495868
"Louisiana Waterthrush",2011,0.006426735218509
"Louisiana Waterthrush",2012,0.129318307777572
"Louisiana Waterthrush",2013,0.040956749672346
"Louisiana Waterthrush",2014,0.0909090909090909
"Louisiana Waterthrush",2015,0.102385584109757
"Louisiana Waterthrush",2016,0.0958497076583916
"Louisiana Waterthrush",2017,0.111692844677138
"Louisiana Waterthrush",2018,0.0743494423791822
"Louisiana Waterthrush",2019,0.0842046172198442
"Louisiana Waterthrush",2021,0.0482897384305835
"Louisiana Waterthrush",2022,0.0793301013662406
"Louisiana Waterthrush",2023,0.0578034682080925
"Louisiana Waterthrush",2024,0.0566343042071197
"Louisiana Waterthrush",2025,0.069549822964087
"Northern Waterthrush",1999,0.00826446280991736
"Northern Waterthrush",2000,0.006426735218509
"Northern Waterthrush",2001,0.00923702198411232
"Northern Waterthrush",2002,0.0327653997378768
"Northern Waterthrush",2003,0.00699300699300699
"Northern Waterthrush",2004,0.0307156752329272
"Northern Waterthrush",2005,0.0191699415316783
"Northern Waterthrush",2006,0.00698080279232112
"Northern Waterthrush",2007,0.0198265179677819
"Northern Waterthrush",2008,0
"Northern Waterthrush",2009,0.00804828973843058
"Northern Waterthrush",2010,0.00881445570736007
"Northern Waterthrush",2011,0.0128452151573539
"Northern Waterthrush",2012,0.0242718446601942
"Northern Waterthrush",2013,0.0126454223571067
"Northern Waterthrush",2014,0.035503798906483
"Northern Waterthrush",2015,0.0243013365735115
"Northern Waterthrush",2016,0.0581310855980235
"Northern Waterthrush",2017,0
"Northern Waterthrush",2018,0.00527009222661397
"Northern Waterthrush",2019,0.0153787004998078
"Northern Waterthrush",2021,0.0382555470543229
"Northern Waterthrush",2022,0.055497745404093
"Northern Waterthrush",2023,0.014336917562724
"Northern Waterthrush",2024,0.0214102198115901
"Northern Waterthrush",2025,0.0561955605507165
"Golden-winged Warbler",1999,0
"Golden-winged Warbler",2000,0
"Golden-winged Warbler",2001,0
"Golden-winged Warbler",2002,0
"Golden-winged Warbler",2003,0
"Golden-winged Warbler",2004,0
"Golden-winged Warbler",2005,0
"Golden-winged Warbler",2006,0
"Golden-winged Warbler",2007,0
"Golden-winged Warbler",2008,0
"Golden-winged Warbler",2009,0
"Golden-winged Warbler",2010,0
"Golden-winged Warbler",2011,0
"Golden-winged Warbler",2012,0
"Golden-winged Warbler",2013,0
"Golden-winged Warbler",2014,0
"Golden-winged Warbler",2015,0
"Golden-winged Warbler",2016,0
"Golden-winged Warbler",2017,0
"Golden-winged Warbler",2018,0
"Golden-winged Warbler",2019,0
"Golden-winged Warbler",2021,0
"Golden-winged Warbler",2022,0
"Golden-winged Warbler",2023,0
"Golden-winged Warbler",2024,0
"Golden-winged Warbler",2025,0
"Blue-winged Warbler",1999,0
"Blue-winged Warbler",2000,0
"Blue-winged Warbler",2001,0
"Blue-winged Warbler",2002,0
"Blue-winged Warbler",2003,0
"Blue-winged Warbler",2004,0
"Blue-winged Warbler",2005,0
"Blue-winged Warbler",2006,0.0081913499344692
"Blue-winged Warbler",2007,0
"Blue-winged Warbler",2008,0
"Blue-winged Warbler",2009,0
"Blue-winged Warbler",2010,0
"Blue-winged Warbler",2011,0
"Blue-winged Warbler",2012,0
"Blue-winged Warbler",2013,0.00804828973843058
"Blue-winged Warbler",2014,0
"Blue-winged Warbler",2015,0.0192678227360308
"Blue-winged Warbler",2016,0
"Blue-winged Warbler",2017,0
"Blue-winged Warbler",2018,0
"Blue-winged Warbler",2019,0
"Blue-winged Warbler",2021,0.00726638569975294
"Blue-winged Warbler",2022,0.00832223701731025
"Blue-winged Warbler",2023,0
"Blue-winged Warbler",2024,0
"Blue-winged Warbler",2025,0
"Black-and-white Warbler",1999,0.12565445026178
"Black-and-white Warbler",2000,0.1090458488228
"Black-and-white Warbler",2001,0.0982387200898183
"Black-and-white Warbler",2002,0.466800804828974
"Black-and-white Warbler",2003,0.193918025561922
"Black-and-white Warbler",2004,0.385356454720617
"Black-and-white Warbler",2005,0.420711974110032
"Black-and-white Warbler",2006,0.107486090035407
"Black-and-white Warbler",2007,0.106511396719449
"Black-and-white Warbler",2008,0.226812474686108
"Black-and-white Warbler",2009,0.290655427990118
"Black-and-white Warbler",2010,0.274633821571238
"Black-and-white Warbler",2011,0.0790513833992095
"Black-and-white Warbler",2012,0.23836985774702
"Black-and-white Warbler",2013,0.382555470543229
"Black-and-white Warbler",2014,0.381546999653139
"Black-and-white Warbler",2015,0.487455197132616
"Black-and-white Warbler",2016,0.585212674850128
"Black-and-white Warbler",2017,0.355905216821204
"Black-and-white Warbler",2018,0.256198347107438
"Black-and-white Warbler",2019,0.134961439588689
"Black-and-white Warbler",2021,0.609643450951413
"Black-and-white Warbler",2022,0.991153342070773
"Black-and-white Warbler",2023,0.48951048951049
"Black-and-white Warbler",2024,0.286679635507321
"Black-and-white Warbler",2025,0.747627719735455
"Prothonotary Warbler",1999,0.224700399467377
"Prothonotary Warbler",2000,0.100131752305665
"Prothonotary Warbler",2001,0.0999615532487505
"Prothonotary Warbler",2002,0.160673297628156
"Prothonotary Warbler",2003,0.263614290669442
"Prothonotary Warbler",2004,0.164874551971326
"Prothonotary Warbler",2005,0.228375677990294
"Prothonotary Warbler",2006,0.234148168961319
"Prothonotary Warbler",2007,0.0330578512396694
"Prothonotary Warbler",2008,0.25706940874036
"Prothonotary Warbler",2009,0.443377055237391
"Prothonotary Warbler",2010,0.253931847968545
"Prothonotary Warbler",2011,0.223776223776224
"Prothonotary Warbler",2012,0.55288215419269
"Prothonotary Warbler",2013,0.297134093741014
"Prothonotary Warbler",2014,0.195462478184991
"Prothonotary Warbler",2015,0.143742255266419
"Prothonotary Warbler",2016,0.14034102869974
"Prothonotary Warbler",2017,0.305835010060362
"Prothonotary Warbler",2018,0.255619215513442
"Prothonotary Warbler",2019,0.154142581888247
"Prothonotary Warbler",2021,0.299352750809061
"Prothonotary Warbler",2022,0.214972180070814
"Prothonotary Warbler",2023,0.227224313001491
"Prothonotary Warbler",2024,0.234912920210612
"Prothonotary Warbler",2025,0.232524342392094
"Swainson's Warbler",1999,0
"Swainson's Warbler",2000,0
"Swainson's Warbler",2001,0
"Swainson's Warbler",2002,0.00958497076583916
"Swainson's Warbler",2003,0
"Swainson's Warbler",2004,0
"Swainson's Warbler",2005,0
"Swainson's Warbler",2006,0
"Swainson's Warbler",2007,0
"Swainson's Warbler",2008,0
"Swainson's Warbler",2009,0
"Swainson's Warbler",2010,0
"Swainson's Warbler",2011,0
"Swainson's Warbler",2012,0
"Swainson's Warbler",2013,0.00726638569975294
"Swainson's Warbler",2014,0
"Swainson's Warbler",2015,0
"Swainson's Warbler",2016,0
"Swainson's Warbler",2017,0
"Swainson's Warbler",2018,0
"Swainson's Warbler",2019,0
"Swainson's Warbler",2021,0
"Swainson's Warbler",2022,0
"Swainson's Warbler",2023,0
"Swainson's Warbler",2024,0
"Swainson's Warbler",2025,0
"Tennessee Warbler",1999,0
"Tennessee Warbler",2000,0
"Tennessee Warbler",2001,0
"Tennessee Warbler",2002,0
"Tennessee Warbler",2003,0
"Tennessee Warbler",2004,0
"Tennessee Warbler",2005,0.00768935024990388
"Tennessee Warbler",2006,0
"Tennessee Warbler",2007,0
"Tennessee Warbler",2008,0
"Tennessee Warbler",2009,0
"Tennessee Warbler",2010,0
"Tennessee Warbler",2011,0
"Tennessee Warbler",2012,0
"Tennessee Warbler",2013,0
"Tennessee Warbler",2014,0
"Tennessee Warbler",2015,0
"Tennessee Warbler",2016,0
"Tennessee Warbler",2017,0
"Tennessee Warbler",2018,0
"Tennessee Warbler",2019,0
"Tennessee Warbler",2021,0
"Tennessee Warbler",2022,0
"Tennessee Warbler",2023,0
"Tennessee Warbler",2024,0
"Tennessee Warbler",2025,0
"Orange-crowned Warbler",1999,0
"Orange-crowned Warbler",2000,0
"Orange-crowned Warbler",2001,0
"Orange-crowned Warbler",2002,0
"Orange-crowned Warbler",2003,0
"Orange-crowned Warbler",2004,0
"Orange-crowned Warbler",2005,0
"Orange-crowned Warbler",2006,0
"Orange-crowned Warbler",2007,0
"Orange-crowned Warbler",2008,0
"Orange-crowned Warbler",2009,0
"Orange-crowned Warbler",2010,0
"Orange-crowned Warbler",2011,0
"Orange-crowned Warbler",2012,0
"Orange-crowned Warbler",2013,0
"Orange-crowned Warbler",2014,0
"Orange-crowned Warbler",2015,0
"Orange-crowned Warbler",2016,0
"Orange-crowned Warbler",2017,0
"Orange-crowned Warbler",2018,0
"Orange-crowned Warbler",2019,0
"Orange-crowned Warbler",2021,0
"Orange-crowned Warbler",2022,0
"Orange-crowned Warbler",2023,0
"Orange-crowned Warbler",2024,0
"Orange-crowned Warbler",2025,0
"Nashville Warbler",1999,0
"Nashville Warbler",2000,0
"Nashville Warbler",2001,0
"Nashville Warbler",2002,0
"Nashville Warbler",2003,0
"Nashville Warbler",2004,0
"Nashville Warbler",2005,0
"Nashville Warbler",2006,0
"Nashville Warbler",2007,0
"Nashville Warbler",2008,0
"Nashville Warbler",2009,0
"Nashville Warbler",2010,0
"Nashville Warbler",2011,0
"Nashville Warbler",2012,0
"Nashville Warbler",2013,0
"Nashville Warbler",2014,0
"Nashville Warbler",2015,0
"Nashville Warbler",2016,0
"Nashville Warbler",2017,0
"Nashville Warbler",2018,0
"Nashville Warbler",2019,0
"Nashville Warbler",2021,0
"Nashville Warbler",2022,0
"Nashville Warbler",2023,0
"Nashville Warbler",2024,0
"Nashville Warbler",2025,0
"Kentucky Warbler",1999,0.0382555470543229
"Kentucky Warbler",2000,0.055497745404093
"Kentucky Warbler",2001,0.00716845878136201
"Kentucky Warbler",2002,0.0214102198115901
"Kentucky Warbler",2003,0.037463707033811
"Kentucky Warbler",2004,0.00826446280991736
"Kentucky Warbler",2005,0.006426735218509
"Kentucky Warbler",2006,0.0184740439682246
"Kentucky Warbler",2007,0.0081913499344692
"Kentucky Warbler",2008,0.027972027972028
"Kentucky Warbler",2009,0.0307156752329272
"Kentucky Warbler",2010,0.00958497076583916
"Kentucky Warbler",2011,0.0209424083769634
"Kentucky Warbler",2012,0
"Kentucky Warbler",2013,0.00701705143498702
"Kentucky Warbler",2014,0.00804828973843058
"Kentucky Warbler",2015,0
"Kentucky Warbler",2016,0.0192678227360308
"Kentucky Warbler",2017,0.0242718446601942
"Kentucky Warbler",2018,0.0126454223571067
"Kentucky Warbler",2019,0
"Kentucky Warbler",2021,0.00810044552450385
"Kentucky Warbler",2022,0.0290655427990118
"Kentucky Warbler",2023,0.00832223701731025
"Kentucky Warbler",2024,0.00527009222661397
"Kentucky Warbler",2025,0.00768935024990388
"Common Yellowthroat",1999,0.958497076583916
"Common Yellowthroat",2000,0.760907504363002
"Common Yellowthroat",2001,0.371747211895911
"Common Yellowthroat",2002,1.00343835520314
"Common Yellowthroat",2003,0.668008048289738
"Common Yellowthroat",2004,0.828558836491847
"Common Yellowthroat",2005,0.655105973025048
"Common Yellowthroat",2006,0.453074433656958
"Common Yellowthroat",2007,0.410976226605969
"Common Yellowthroat",2008,0.610665341191507
"Common Yellowthroat",2009,0.891049007695423
"Common Yellowthroat",2010,0.377852056387153
"Common Yellowthroat",2011,0.466045272969374
"Common Yellowthroat",2012,0.453227931488801
"Common Yellowthroat",2013,0.330642060745867
"Common Yellowthroat",2014,0.833970925784239
"Common Yellowthroat",2015,0.638224072147069
"Common Yellowthroat",2016,0.659498207885305
"Common Yellowthroat",2017,0.592349414787325
"Common Yellowthroat",2018,0.58068745902407
"Common Yellowthroat",2019,0.859504132231405
"Common Yellowthroat",2021,0.655526992287918
"Common Yellowthroat",2022,1.2747090338075
"Common Yellowthroat",2023,0.958387942332896
"Common Yellowthroat",2024,0.524475524475524
"Common Yellowthroat",2025,0.952185932220743
"Hooded Warbler",1999,0.225257956692341
"Hooded Warbler",2000,0.374500665778961
"Hooded Warbler",2001,0.126482213438735
"Hooded Warbler",2002,0.476739715494041
"Hooded Warbler",2003,0.512624330527927
"Hooded Warbler",2004,0.180367672563302
"Hooded Warbler",2005,0.32258064516129
"Hooded Warbler",2006,0.121324578932344
"Hooded Warbler",2007,0.121757047859886
"Hooded Warbler",2008,0.31404958677686
"Hooded Warbler",2009,0.334190231362468
"Hooded Warbler",2010,0.295584703491594
"Hooded Warbler",2011,0.20478374836173
"Hooded Warbler",2012,0.370629370629371
"Hooded Warbler",2013,0.419780894850005
"Hooded Warbler",2014,0.546343333652832
"Hooded Warbler",2015,0.460732984293194
"Hooded Warbler",2016,0.15365551425031
"Hooded Warbler",2017,0.421023086099221
"Hooded Warbler",2018,0.708249496981891
"Hooded Warbler",2019,0.467166152490084
"Hooded Warbler",2021,0.321130378933847
"Hooded Warbler",2022,0.52588996763754
"Hooded Warbler",2023,0.373039959534648
"Hooded Warbler",2024,0.205922033657601
"Hooded Warbler",2025,0.405022276225192
"American Redstart",1999,0.554221319046739
"American Redstart",2000,0.360419397116645
"American Redstart",2001,0.188811188811189
"American Redstart",2002,0.409542336439029
"American Redstart",2003,0.210869356848462
"American Redstart",2004,0.25130890052356
"American Redstart",2005,0.173482032218092
"American Redstart",2006,0.224545645919585
"American Redstart",2007,0.338028169014085
"American Redstart",2008,0.132216835610401
"American Redstart",2009,0.269749518304432
"American Redstart",2010,0.145631067961165
"American Redstart",2011,0.132776934749621
"American Redstart",2012,0.404743307533906
"American Redstart",2013,0.332118266504658
"American Redstart",2014,0.457782299084435
"American Redstart",2015,0.224700399467377
"American Redstart",2016,0.137022397891963
"American Redstart",2017,0.315263360246059
"American Redstart",2018,0.252486610558531
"American Redstart",2019,0.270551508844953
"American Redstart",2021,0.229390681003584
"American Redstart",2022,0.442477876106195
"American Redstart",2023,0.608785239299429
"American Redstart",2024,0.239669421487603
"American Redstart",2025,0.289203084832905
"Cape May Warbler",1999,0
"Cape May Warbler",2000,0
"Cape May Warbler",2001,0
"Cape May Warbler",2002,0
"Cape May Warbler",2003,0
"Cape May Warbler",2004,0
"Cape May Warbler",2005,0
"Cape May Warbler",2006,0
"Cape May Warbler",2007,0
"Cape May Warbler",2008,0
"Cape May Warbler",2009,0.00716845878136201
"Cape May Warbler",2010,0
"Cape May Warbler",2011,0
"Cape May Warbler",2012,0
"Cape May Warbler",2013,0
"Cape May Warbler",2014,0
"Cape May Warbler",2015,0
"Cape May Warbler",2016,0
"Cape May Warbler",2017,0
"Cape May Warbler",2018,0
"Cape May Warbler",2019,0
"Cape May Warbler",2021,0.00495662949194548
"Cape May Warbler",2022,0.0210511543049611
"Cape May Warbler",2023,0.00804828973843058
"Cape May Warbler",2024,0.00881445570736007
"Cape May Warbler",2025,0
"Cerulean Warbler",1999,0
"Cerulean Warbler",2000,0
"Cerulean Warbler",2001,0
"Cerulean Warbler",2002,0
"Cerulean Warbler",2003,0.00923702198411232
"Cerulean Warbler",2004,0
"Cerulean Warbler",2005,0
"Cerulean Warbler",2006,0
"Cerulean Warbler",2007,0
"Cerulean Warbler",2008,0
"Cerulean Warbler",2009,0
"Cerulean Warbler",2010,0
"Cerulean Warbler",2011,0
"Cerulean Warbler",2012,0
"Cerulean Warbler",2013,0
"Cerulean Warbler",2014,0
"Cerulean Warbler",2015,0
"Cerulean Warbler",2016,0
"Cerulean Warbler",2017,0
"Cerulean Warbler",2018,0
"Cerulean Warbler",2019,0
"Cerulean Warbler",2021,0
"Cerulean Warbler",2022,0
"Cerulean Warbler",2023,0
"Cerulean Warbler",2024,0
"Cerulean Warbler",2025,0
"Northern Parula",1999,0.708722194933689
"Northern Parula",2000,0.82092555331992
"Northern Parula",2001,0.802115469369766
"Northern Parula",2002,0.597302504816956
"Northern Parula",2003,0.833333333333333
"Northern Parula",2004,0.493171471927162
"Northern Parula",2005,0.617766100972804
"Northern Parula",2006,0.372620494127177
"Northern Parula",2007,0.290655427990118
"Northern Parula",2008,0.865512649800266
"Northern Parula",2009,0.521739130434783
"Northern Parula",2010,0.507497116493656
"Northern Parula",2011,0.336648814078041
"Northern Parula",2012,0.68678459937565
"Northern Parula",2013,0.637992831541219
"Northern Parula",2014,0.770767913217242
"Northern Parula",2015,0.608785239299429
"Northern Parula",2016,0.702479338842975
"Northern Parula",2017,0.629820051413882
"Northern Parula",2018,0.849806022538334
"Northern Parula",2019,0.745412844036697
"Northern Parula",2021,1.21678321678322
"Northern Parula",2022,1.8122248387427
"Northern Parula",2023,1.1501964919007
"Northern Parula",2024,0.37696335078534
"Northern Parula",2025,0.411400247831475
"Magnolia Warbler",1999,0.161476355247982
"Magnolia Warbler",2000,0.0153022188217292
"Magnolia Warbler",2001,0.055497745404093
"Magnolia Warbler",2002,0.028673835125448
"Magnolia Warbler",2003,0.0356836996859834
"Magnolia Warbler",2004,0
"Magnolia Warbler",2005,0.00826446280991736
"Magnolia Warbler",2006,0.012853470437018
"Magnolia Warbler",2007,0
"Magnolia Warbler",2008,0.0163826998689384
"Magnolia Warbler",2009,0
"Magnolia Warbler",2010,0
"Magnolia Warbler",2011,0.0287549122975175
"Magnolia Warbler",2012,0.00698080279232112
"Magnolia Warbler",2013,0.00495662949194548
"Magnolia Warbler",2014,0.0421023086099221
"Magnolia Warbler",2015,0.0563380281690141
"Magnolia Warbler",2016,0
"Magnolia Warbler",2017,0.0128452151573539
"Magnolia Warbler",2018,0.00809061488673139
"Magnolia Warbler",2019,0.00632271117855336
"Magnolia Warbler",2021,0
"Magnolia Warbler",2022,0
"Magnolia Warbler",2023,0
"Magnolia Warbler",2024,0
"Magnolia Warbler",2025,0.00527009222661397
"Bay-breasted Warbler",1999,0.0307156752329272
"Bay-breasted Warbler",2000,0
"Bay-breasted Warbler",2001,0
"Bay-breasted Warbler",2002,0
"Bay-breasted Warbler",2003,0
"Bay-breasted Warbler",2004,0
"Bay-breasted Warbler",2005,0.00881445570736007
"Bay-breasted Warbler",2006,0
"Bay-breasted Warbler",2007,0
"Bay-breasted Warbler",2008,0
"Bay-breasted Warbler",2009,0
"Bay-breasted Warbler",2010,0
"Bay-breasted Warbler",2011,0
"Bay-breasted Warbler",2012,0
"Bay-breasted Warbler",2013,0.00527009222661397
"Bay-breasted Warbler",2014,0
"Bay-breasted Warbler",2015,0
"Bay-breasted Warbler",2016,0
"Bay-breasted Warbler",2017,0
"Bay-breasted Warbler",2018,0
"Bay-breasted Warbler",2019,0
"Bay-breasted Warbler",2021,0
"Bay-breasted Warbler",2022,0
"Bay-breasted Warbler",2023,0
"Bay-breasted Warbler",2024,0
"Bay-breasted Warbler",2025,0
"Blackburnian Warbler",1999,0
"Blackburnian Warbler",2000,0
"Blackburnian Warbler",2001,0
"Blackburnian Warbler",2002,0
"Blackburnian Warbler",2003,0
"Blackburnian Warbler",2004,0
"Blackburnian Warbler",2005,0
"Blackburnian Warbler",2006,0
"Blackburnian Warbler",2007,0
"Blackburnian Warbler",2008,0
"Blackburnian Warbler",2009,0
"Blackburnian Warbler",2010,0
"Blackburnian Warbler",2011,0.00923702198411232
"Blackburnian Warbler",2012,0
"Blackburnian Warbler",2013,0
"Blackburnian Warbler",2014,0
"Blackburnian Warbler",2015,0
"Blackburnian Warbler",2016,0.00698080279232112
"Blackburnian Warbler",2017,0
"Blackburnian Warbler",2018,0
"Blackburnian Warbler",2019,0
"Blackburnian Warbler",2021,0
"Blackburnian Warbler",2022,0
"Blackburnian Warbler",2023,0
"Blackburnian Warbler",2024,0
"Blackburnian Warbler",2025,0
"Yellow Warbler",1999,0.089974293059126
"Yellow Warbler",2000,0.0923702198411232
"Yellow Warbler",2001,0.0573394495412844
"Yellow Warbler",2002,0.048951048951049
"Yellow Warbler",2003,0.0307156752329272
"Yellow Warbler",2004,0.105434678424231
"Yellow Warbler",2005,0.181500872600349
"Yellow Warbler",2006,0.0644361833952912
"Yellow Warbler",2007,0.0350852571749351
"Yellow Warbler",2008,0.0804828973843058
"Yellow Warbler",2009,0.0617011899515205
"Yellow Warbler",2010,0.0256904303147078
"Yellow Warbler",2011,0.169902912621359
"Yellow Warbler",2012,0.0505816894284269
"Yellow Warbler",2013,0.0426045586877796
"Yellow Warbler",2014,0.0324017820980154
"Yellow Warbler",2015,0.0944630140967883
"Yellow Warbler",2016,0.0832223701731025
"Yellow Warbler",2017,0.00527009222661397
"Yellow Warbler",2018,0.0307574009996155
"Yellow Warbler",2019,0.0153022188217292
"Yellow Warbler",2021,0.0624349635796046
"Yellow Warbler",2022,0.0573476702508961
"Yellow Warbler",2023,0.0356836996859834
"Yellow Warbler",2024,0.037463707033811
"Yellow Warbler",2025,0.0661157024793388
"Chestnut-sided Warbler",1999,0.0192678227360308
"Chestnut-sided Warbler",2000,0
"Chestnut-sided Warbler",2001,0.00632271117855336
"Chestnut-sided Warbler",2002,0.0213022793438898
"Chestnut-sided Warbler",2003,0.0162008910490077
"Chestnut-sided Warbler",2004,0.00726638569975294
"Chestnut-sided Warbler",2005,0
"Chestnut-sided Warbler",2006,0.0474308300395257
"Chestnut-sided Warbler",2007,0.00768935024990388
"Chestnut-sided Warbler",2008,0.0229533282325937
"Chestnut-sided Warbler",2009,0.0138744363510232
"Chestnut-sided Warbler",2010,0
"Chestnut-sided Warbler",2011,0.0214102198115901
"Chestnut-sided Warbler",2012,0.0187318535169055
"Chestnut-sided Warbler",2013,0.00826446280991736
"Chestnut-sided Warbler",2014,0.019280205655527
"Chestnut-sided Warbler",2015,0.00923702198411232
"Chestnut-sided Warbler",2016,0
"Chestnut-sided Warbler",2017,0
"Chestnut-sided Warbler",2018,0.0102385584109757
"Chestnut-sided Warbler",2019,0
"Chestnut-sided Warbler",2021,0.00698080279232112
"Chestnut-sided Warbler",2022,0
"Chestnut-sided Warbler",2023,0
"Chestnut-sided Warbler",2024,0
"Chestnut-sided Warbler",2025,0
"Blackpoll Warbler",1999,0.222222222222222
"Blackpoll Warbler",2000,0.0428204396231801
"Blackpoll Warbler",2001,0.0187318535169055
"Blackpoll Warbler",2002,0.132231404958678
"Blackpoll Warbler",2003,0.154241645244216
"Blackpoll Warbler",2004,0.0184740439682246
"Blackpoll Warbler",2005,0.155635648754915
"Blackpoll Warbler",2006,0.0629370629370629
"Blackpoll Warbler",2007,0.163816934575612
"Blackpoll Warbler",2008,0.057509824595035
"Blackpoll Warbler",2009,0.00698080279232112
"Blackpoll Warbler",2010,0.00495662949194548
"Blackpoll Warbler",2011,0.126306925829766
"Blackpoll Warbler",2012,0.0321931589537223
"Blackpoll Warbler",2013,0
"Blackpoll Warbler",2014,0.00642260757867694
"Blackpoll Warbler",2015,0
"Blackpoll Warbler",2016,0.0252908447142135
"Blackpoll Warbler",2017,0.0071007597812966
"Blackpoll Warbler",2018,0
"Blackpoll Warbler",2019,0.00726638569975294
"Blackpoll Warbler",2021,0.0249667110519308
"Blackpoll Warbler",2022,0.0263504611330698
"Blackpoll Warbler",2023,0.0538254517493272
"Blackpoll Warbler",2024,0.00765110941086458
"Blackpoll Warbler",2025,0.0277488727020465
"Black-thr Blue Warbler",1999,0.128872366790582
"Black-thr Blue Warbler",2000,0.119289874394779
"Black-thr Blue Warbler",2001,0.0804828973843058
"Black-thr Blue Warbler",2002,0.502423975319524
"Black-thr Blue Warbler",2003,0.0834938985228003
"Black-thr Blue Warbler",2004,0.307443365695793
"Black-thr Blue Warbler",2005,0.404653515427415
"Black-thr Blue Warbler",2006,0.156216715188525
"Black-thr Blue Warbler",2007,0.324017820980154
"Black-thr Blue Warbler",2008,0.217991570992588
"Black-thr Blue Warbler",2009,0.374500665778961
"Black-thr Blue Warbler",2010,0.110671936758893
"Black-thr Blue Warbler",2011,0.169165705497885
"Black-thr Blue Warbler",2012,0.328997704667177
"Black-thr Blue Warbler",2013,0.17343045438779
"Black-thr Blue Warbler",2014,0.774193548387097
"Black-thr Blue Warbler",2015,0.206965458178704
"Black-thr Blue Warbler",2016,0.449564484405732
"Black-thr Blue Warbler",2017,0.206611570247934
"Black-thr Blue Warbler",2018,0.141388174807198
"Black-thr Blue Warbler",2019,0.12008128579346
"Black-thr Blue Warbler",2021,0.475098296199214
"Black-thr Blue Warbler",2022,0.531468531468531
"Black-thr Blue Warbler",2023,0.163816934575612
"Black-thr Blue Warbler",2024,0.0766797661267133
"Black-thr Blue Warbler",2025,0.0698080279232112
"Palm Warbler",1999,0.00527009222661397
"Palm Warbler",2000,0
"Palm Warbler",2001,0.00765110941086458
"Palm Warbler",2002,0.0138744363510232
"Palm Warbler",2003,0
"Palm Warbler",2004,0
"Palm Warbler",2005,0.0187318535169055
"Palm Warbler",2006,0.00826446280991736
"Palm Warbler",2007,0.032133676092545
"Palm Warbler",2008,0.027711065952337
"Palm Warbler",2009,0
"Palm Warbler",2010,0.00699300699300699
"Palm Warbler",2011,0
"Palm Warbler",2012,0
"Palm Warbler",2013,0.0488656195462478
"Palm Warbler",2014,0.00991325898389095
"Palm Warbler",2015,0.0701705143498702
"Palm Warbler",2016,0.0241448692152917
"Palm Warbler",2017,0.0264433671220802
"Palm Warbler",2018,0.0192678227360308
"Palm Warbler",2019,0
"Palm Warbler",2021,0.0126454223571067
"Palm Warbler",2022,0.0071007597812966
"Palm Warbler",2023,0
"Palm Warbler",2024,0
"Palm Warbler",2025,0
"Pine Warbler",1999,1.96503496503496
"Pine Warbler",2000,3.18419166581345
"Pine Warbler",2001,2.98092590817598
"Pine Warbler",2002,2.33856893542757
"Pine Warbler",2003,1.02602230483271
"Pine Warbler",2004,1.14377938390288
"Pine Warbler",2005,1.6579476861167
"Pine Warbler",2006,1.51608638166593
"Pine Warbler",2007,1.03403982016699
"Pine Warbler",2008,1.69093851132686
"Pine Warbler",2009,1.37835103692463
"Pine Warbler",2010,1.2426329617269
"Pine Warbler",2011,1.10976103685703
"Pine Warbler",2012,1.80206365353873
"Pine Warbler",2013,1.04860186418109
"Pine Warbler",2014,0.769433465085639
"Pine Warbler",2015,1.61476355247982
"Pine Warbler",2016,1.25478194338179
"Pine Warbler",2017,1.7343045438779
"Pine Warbler",2018,0.931899641577061
"Pine Warbler",2019,1.38452754781616
"Pine Warbler",2021,2.378945396647
"Pine Warbler",2022,2.68595041322314
"Pine Warbler",2023,1.67095115681234
"Pine Warbler",2024,1.65342693515611
"Pine Warbler",2025,2.41644823066841
"Yellow-rumped Warbler",1999,0.269828871689271
"Yellow-rumped Warbler",2000,0.202511138112596
"Yellow-rumped Warbler",2001,0.0508646998982706
"Yellow-rumped Warbler",2002,2.10552596537949
"Yellow-rumped Warbler",2003,0.0790513833992095
"Yellow-rumped Warbler",2004,1.05344098423683
"Yellow-rumped Warbler",2005,1.8362662586075
"Yellow-rumped Warbler",2006,1.58168574401665
"Yellow-rumped Warbler",2007,0.939068100358423
"Yellow-rumped Warbler",2008,0.542392235226948
"Yellow-rumped Warbler",2009,0.524491898473354
"Yellow-rumped Warbler",2010,0.272727272727273
"Yellow-rumped Warbler",2011,0.147814910025707
"Yellow-rumped Warbler",2012,0.101607241825236
"Yellow-rumped Warbler",2013,0.868283093053735
"Yellow-rumped Warbler",2014,0.881118881118881
"Yellow-rumped Warbler",2015,0.808846114467083
"Yellow-rumped Warbler",2016,1.22687625802741
"Yellow-rumped Warbler",2017,0.118673647469459
"Yellow-rumped Warbler",2018,0.0743494423791822
"Yellow-rumped Warbler",2019,0.0982387200898183
"Yellow-rumped Warbler",2021,1.28772635814889
"Yellow-rumped Warbler",2022,1.17232260907889
"Yellow-rumped Warbler",2023,0.199100834938985
"Yellow-rumped Warbler",2024,0.0485436893203883
"Yellow-rumped Warbler",2025,0.240263024785028
"Yellow-throated Warbler",1999,0.859504132231405
"Yellow-throated Warbler",2000,0.604113110539846
"Yellow-throated Warbler",2001,0.63735451690375
"Yellow-throated Warbler",2002,0.589777195281782
"Yellow-throated Warbler",2003,0.412587412587413
"Yellow-throated Warbler",2004,0.655267738302447
"Yellow-throated Warbler",2005,0.680532924374581
"Yellow-throated Warbler",2006,0.18848167539267
"Yellow-throated Warbler",2007,0.163568773234201
"Yellow-throated Warbler",2008,0.533295909059013
"Yellow-throated Warbler",2009,0.724346076458752
"Yellow-throated Warbler",2010,0.370207139709123
"Yellow-throated Warbler",2011,0.237636480411047
"Yellow-throated Warbler",2012,0.687702265372168
"Yellow-throated Warbler",2013,0.423621648963075
"Yellow-throated Warbler",2014,0.440247106440389
"Yellow-throated Warbler",2015,0.648035641960308
"Yellow-throated Warbler",2016,0.428716756285424
"Yellow-throated Warbler",2017,0.932090545938748
"Yellow-throated Warbler",2018,0.542819499341239
"Yellow-throated Warbler",2019,0.730488273740869
"Yellow-throated Warbler",2021,1.17061973986228
"Yellow-throated Warbler",2022,0.72840790842872
"Yellow-throated Warbler",2023,0.795698924731183
"Yellow-throated Warbler",2024,0.499571795603768
"Yellow-throated Warbler",2025,1.22693640535731
"Prairie Warbler",1999,0.520052886734244
"Prairie Warbler",2000,0.500963391136802
"Prairie Warbler",2001,0.744336569579288
"Prairie Warbler",2002,0.739757207890744
"Prairie Warbler",2003,0.518355464034652
"Prairie Warbler",2004,0.729040097205346
"Prairie Warbler",2005,0.290655427990118
"Prairie Warbler",2006,0.149800266311585
"Prairie Warbler",2007,0.110671936758893
"Prairie Warbler",2008,0.507497116493656
"Prairie Warbler",2009,0.497322111706197
"Prairie Warbler",2010,0.464793617759279
"Prairie Warbler",2011,0.43010752688172
"Prairie Warbler",2012,0.542392235226948
"Prairie Warbler",2013,0.458930411164185
"Prairie Warbler",2014,0.570247933884298
"Prairie Warbler",2015,0.649100257069409
"Prairie Warbler",2016,0.406428967300942
"Prairie Warbler",2017,0.434141546526868
"Prairie Warbler",2018,0.447552447552448
"Prairie Warbler",2019,0.778130439234156
"Prairie Warbler",2021,0.795552573564651
"Prairie Warbler",2022,0.984293193717278
"Prairie Warbler",2023,0.530359355638166
"Prairie Warbler",2024,0.154375131569714
"Prairie Warbler",2025,0.668008048289738
"Black-thr Green Warbler",1999,0.0208116545265349
"Black-thr Green Warbler",2000,0
"Black-thr Green Warbler",2001,0.00713673993719669
"Black-thr Green Warbler",2002,0.0561955605507165
"Black-thr Green Warbler",2003,0
"Black-thr Green Warbler",2004,0.006426735218509
"Black-thr Green Warbler",2005,0.0184740439682246
"Black-thr Green Warbler",2006,0.0163826998689384
"Black-thr Green Warbler",2007,0
"Black-thr Green Warbler",2008,0.0102385584109757
"Black-thr Green Warbler",2009,0.0287549122975175
"Black-thr Green Warbler",2010,0
"Black-thr Green Warbler",2011,0.0198265179677819
"Black-thr Green Warbler",2012,0.014034102869974
"Black-thr Green Warbler",2013,0.00804828973843058
"Black-thr Green Warbler",2014,0.0352578228294403
"Black-thr Green Warbler",2015,0
"Black-thr Green Warbler",2016,0.00809061488673139
"Black-thr Green Warbler",2017,0.00632271117855336
"Black-thr Green Warbler",2018,0
"Black-thr Green Warbler",2019,0
"Black-thr Green Warbler",2021,0.0145327713995059
"Black-thr Green Warbler",2022,0
"Black-thr Green Warbler",2023,0
"Black-thr Green Warbler",2024,0
"Black-thr Green Warbler",2025,0
"Canada Warbler",1999,0
"Canada Warbler",2000,0
"Canada Warbler",2001,0
"Canada Warbler",2002,0
"Canada Warbler",2003,0
"Canada Warbler",2004,0.00642260757867694
"Canada Warbler",2005,0
"Canada Warbler",2006,0
"Canada Warbler",2007,0
"Canada Warbler",2008,0
"Canada Warbler",2009,0
"Canada Warbler",2010,0
"Canada Warbler",2011,0
"Canada Warbler",2012,0
"Canada Warbler",2013,0
"Canada Warbler",2014,0
"Canada Warbler",2015,0
"Canada Warbler",2016,0
"Canada Warbler",2017,0
"Canada Warbler",2018,0
"Canada Warbler",2019,0
"Canada Warbler",2021,0
"Canada Warbler",2022,0
"Canada Warbler",2023,0
"Canada Warbler",2024,0
"Canada Warbler",2025,0
"Wilson's Warbler",1999,0
"Wilson's Warbler",2000,0
"Wilson's Warbler",2001,0
"Wilson's Warbler",2002,0
"Wilson's Warbler",2003,0
"Wilson's Warbler",2004,0
"Wilson's Warbler",2005,0
"Wilson's Warbler",2006,0.00936592675845275
"Wilson's Warbler",2007,0
"Wilson's Warbler",2008,0
"Wilson's Warbler",2009,0
"Wilson's Warbler",2010,0
"Wilson's Warbler",2011,0
"Wilson's Warbler",2012,0
"Wilson's Warbler",2013,0
"Wilson's Warbler",2014,0
"Wilson's Warbler",2015,0
"Wilson's Warbler",2016,0
"Wilson's Warbler",2017,0
"Wilson's Warbler",2018,0
"Wilson's Warbler",2019,0
"Wilson's Warbler",2021,0
"Wilson's Warbler",2022,0
"Wilson's Warbler",2023,0
"Wilson's Warbler",2024,0
"Wilson's Warbler",2025,0
"Summer Tanager",1999,1.04849279161206
"Summer Tanager",2000,0.636363636363636
"Summer Tanager",2001,1.3924439438927
"Summer Tanager",2002,1.3227259656858
"Summer Tanager",2003,1.31937172774869
"Summer Tanager",2004,0.500619578686493
"Summer Tanager",2005,0.954318995158235
"Summer Tanager",2006,0.466800804828974
"Summer Tanager",2007,0.722785368003526
"Summer Tanager",2008,1.05330764290302
"Summer Tanager",2009,1.27831715210356
"Summer Tanager",2010,0.720789074355083
"Summer Tanager",2011,0.823688134630405
"Summer Tanager",2012,1.4823815309842
"Summer Tanager",2013,0.552245313181224
"Summer Tanager",2014,1.31491344873502
"Summer Tanager",2015,0.89064558629776
"Summer Tanager",2016,0.699730872741253
"Summer Tanager",2017,1.2318286151492
"Summer Tanager",2018,1.40131807145335
"Summer Tanager",2019,1.33333333333333
"Summer Tanager",2021,1.63431344561804
"Summer Tanager",2022,1.83572164465674
"Summer Tanager",2023,1.40495867768595
"Summer Tanager",2024,0.726221079691517
"Summer Tanager",2025,1.41326436356919
"Scarlet Tanager",1999,0.486848760748609
"Scarlet Tanager",2000,0.511254704253355
"Scarlet Tanager",2001,0.656136087484812
"Scarlet Tanager",2002,0.537712541781718
"Scarlet Tanager",2003,0.66577896138482
"Scarlet Tanager",2004,0.210803689064559
"Scarlet Tanager",2005,0.607458669742407
"Scarlet Tanager",2006,0.214231063504208
"Scarlet Tanager",2007,0.249739854318418
"Scarlet Tanager",2008,0.351254480286738
"Scarlet Tanager",2009,0.335426777048244
"Scarlet Tanager",2010,0.430832630888826
"Scarlet Tanager",2011,0.264462809917355
"Scarlet Tanager",2012,0.334190231362468
"Scarlet Tanager",2013,0.267873637539257
"Scarlet Tanager",2014,0.393184796854522
"Scarlet Tanager",2015,0.237762237762238
"Scarlet Tanager",2016,0.286679635507321
"Scarlet Tanager",2017,0.364228889101888
"Scarlet Tanager",2018,0.237347294938918
"Scarlet Tanager",2019,0.128872366790582
"Scarlet Tanager",2021,0.25963090309452
"Scarlet Tanager",2022,0.249496981891348
"Scarlet Tanager",2023,0.246804759806082
"Scarlet Tanager",2024,0.122029543994862
"Scarlet Tanager",2025,0.194174757281553
"Western Tanager",1999,0
"Western Tanager",2000,0
"Western Tanager",2001,0
"Western Tanager",2002,0
"Western Tanager",2003,0
"Western Tanager",2004,0
"Western Tanager",2005,0
"Western Tanager",2006,0
"Western Tanager",2007,0
"Western Tanager",2008,0
"Western Tanager",2009,0
"Western Tanager",2010,0
"Western Tanager",2011,0
"Western Tanager",2012,0
"Western Tanager",2013,0
"Western Tanager",2014,0
"Western Tanager",2015,0
"Western Tanager",2016,0
"Western Tanager",2017,0
"Western Tanager",2018,0
"Western Tanager",2019,0
"Western Tanager",2021,0
"Western Tanager",2022,0
"Western Tanager",2023,0
"Western Tanager",2024,0
"Western Tanager",2025,0
"Northern Cardinal",1999,2.50301810865191
"Northern Cardinal",2000,2.67959453503746
"Northern Cardinal",2001,2.28644829800899
"Northern Cardinal",2002,3.49514563106796
"Northern Cardinal",2003,2.73141122913505
"Northern Cardinal",2004,2.41425832564084
"Northern Cardinal",2005,3.00526528959093
"Northern Cardinal",2006,2.36884173811946
"Northern Cardinal",2007,2.2719707057257
"Northern Cardinal",2008,1.67061923583663
"Northern Cardinal",2009,2.62975778546713
"Northern Cardinal",2010,2.69319051262433
"Northern Cardinal",2011,2.48352410683316
"Northern Cardinal",2012,3.3405017921147
"Northern Cardinal",2013,2.17670568084499
"Northern Cardinal",2014,3.71827292310574
"Northern Cardinal",2015,3.57851239669421
"Northern Cardinal",2016,2.16580976863753
"Northern Cardinal",2017,3.30685387031221
"Northern Cardinal",2018,3.47313237221494
"Northern Cardinal",2019,3.14685314685315
"Northern Cardinal",2021,4.15685471485615
"Northern Cardinal",2022,4.49535128917857
"Northern Cardinal",2023,2.94589877835951
"Northern Cardinal",2024,1.72490706319703
"Northern Cardinal",2025,3.29099712300891
"Rose-breasted Grosbeak",1999,0.0612088752869166
"Rose-breasted Grosbeak",2000,0.055497745404093
"Rose-breasted Grosbeak",2001,0.021505376344086
"Rose-breasted Grosbeak",2002,0.12846131886954
"Rose-breasted Grosbeak",2003,0.0468296337922637
"Rose-breasted Grosbeak",2004,0.0247933884297521
"Rose-breasted Grosbeak",2005,0.019280205655527
"Rose-breasted Grosbeak",2006,0.0831331978570109
"Rose-breasted Grosbeak",2007,0.0655307994757536
"Rose-breasted Grosbeak",2008,0.020979020979021
"Rose-breasted Grosbeak",2009,0.0511927920548787
"Rose-breasted Grosbeak",2010,0
"Rose-breasted Grosbeak",2011,0.0139616055846422
"Rose-breasted Grosbeak",2012,0.0297397769516729
"Rose-breasted Grosbeak",2013,0
"Rose-breasted Grosbeak",2014,0.0402414486921529
"Rose-breasted Grosbeak",2015,0.0440722785368004
"Rose-breasted Grosbeak",2016,0.00642260757867694
"Rose-breasted Grosbeak",2017,0.00809061488673139
"Rose-breasted Grosbeak",2018,0.00632271117855336
"Rose-breasted Grosbeak",2019,0
"Rose-breasted Grosbeak",2021,0.0324017820980154
"Rose-breasted Grosbeak",2022,0.0217991570992588
"Rose-breasted Grosbeak",2023,0
"Rose-breasted Grosbeak",2024,0.0105401844532279
"Rose-breasted Grosbeak",2025,0.0230680507497116
"Blue Grosbeak",1999,0.738042748969616
"Blue Grosbeak",2000,0.732984293193717
"Blue Grosbeak",2001,0.436183395291202
"Blue Grosbeak",2002,0.65960283488878
"Blue Grosbeak",2003,0.82897384305835
"Blue Grosbeak",2004,0.520052886734244
"Blue Grosbeak",2005,0.321130378933847
"Blue Grosbeak",2006,0.420711974110032
"Blue Grosbeak",2007,0.309812847749115
"Blue Grosbeak",2008,0.383441028190016
"Blue Grosbeak",2009,0.469825840421223
"Blue Grosbeak",2010,0.414183984885918
"Blue Grosbeak",2011,0.64081225033289
"Blue Grosbeak",2012,0.505928853754941
"Blue Grosbeak",2013,0.284505959246444
"Blue Grosbeak",2014,0.244835501147666
"Blue Grosbeak",2015,0.367672563302116
"Blue Grosbeak",2016,0.28673835125448
"Blue Grosbeak",2017,0.278332857550671
"Blue Grosbeak",2018,0.487028191439543
"Blue Grosbeak",2019,0.826446280991736
"Blue Grosbeak",2021,0.44987146529563
"Blue Grosbeak",2022,0.655828560871975
"Blue Grosbeak",2023,0.729030144167759
"Blue Grosbeak",2024,0.384615384615385
"Blue Grosbeak",2025,0.931708815398792
"Indigo Bunting",1999,1.56953931114664
"Indigo Bunting",2000,2.14713715046605
"Indigo Bunting",2001,1.40184453227931
"Indigo Bunting",2002,2.02998846597463
"Indigo Bunting",2003,2.03519510328998
"Indigo Bunting",2004,1.01977107180021
"Indigo Bunting",2005,1.09677419354839
"Indigo Bunting",2006,0.913502711961176
"Indigo Bunting",2007,1.16137491804814
"Indigo Bunting",2008,1.39669421487603
"Indigo Bunting",2009,1.34961439588689
"Indigo Bunting",2010,1.2747090338075
"Indigo Bunting",2011,1.84305373525557
"Indigo Bunting",2012,1.20979020979021
"Indigo Bunting",2013,0.952185932220743
"Indigo Bunting",2014,0.929742164286399
"Indigo Bunting",2015,1.1239092495637
"Indigo Bunting",2016,0.441140024783147
"Indigo Bunting",2017,0.828012069328468
"Indigo Bunting",2018,1.40845070422535
"Indigo Bunting",2019,1.68356104010577
"Indigo Bunting",2021,1.06615285806037
"Indigo Bunting",2022,1.57766990291262
"Indigo Bunting",2023,1.27086494688923
"Indigo Bunting",2024,0.880494212880778
"Indigo Bunting",2025,1.23126771972458
