"","dif_mig","dif_habDen","dif_mass","dif_tailLen","dif_handWing","dif_Secondary","dif_KippsDist","dif_wingLen","dif_tarsusLen","dif_beakDep","dif_width","dif_beakLenNare","dif_beakLenCulm","dif_clutch","dif_ESI","dif_DB","dif_HB","dif_normMax","dif_elevaRange","dif_weight","dif_LAT","dif_migDist","dif_arth","dif_RLM","dif_primHab","dif_primDiet","dif_INwt","dif_FRwt","dif_NEwt","dif_SEwt","dif_VEwt","dif_FIwt","dif_SCwt","dif_PLwt","dif_MSwt","dif_trophicLvl","dif_trophicNic","dif_primLife","sp1","sp2","corr"
"1",0,0,0,0,0,0,0,0,0,0,0,0,0,NA,0,0,0,0,0,0,0,0,NA,1,1,1,1,1,1,1,1,1,1,1,1,1,1,1,"Mourning.Dove","Mourning.Dove",1
"2",0,1.09861228866811,0.53695605112599,0.464454406583869,0.260726262463253,0.0131870042819537,0.402644231766523,0.126826575552704,-0.0737434742455492,-0.80437281567017,-0.966843011036986,-0.842678914530909,-0.50878272213619,0,0.345648309878472,-1.09861228866811,0.22314355131421,1.42711635564015,1.42711635564015,0.673910819269476,-0.405465108108164,0,0,1,0,0,0,0,0,0,0,1,0,1,0,0,0,0,"Mourning.Dove","Red.bellied.Woodpecker",-0.158461538461538
"3",0,0.405465108108164,1.53569045221122,0.734924350154528,0.304211374402992,0.329292830171623,0.78170057790139,0.458436438857803,0.21551962620355,-0.34484048629173,-0.595983432106298,-0.271421551580001,0.119059360015988,0,0.345648309878472,-1.09861228866811,0.22314355131421,-0.0953101798043249,-0.0953101798043249,1.58480931828106,-0.405465108108164,0,0,1,0,0,0,0,1,0,1,1,1,1,1,0,0,0,"Mourning.Dove","Downy.Woodpecker",0.116923076923077
"4",-1.09861228866811,0.405465108108164,1.79766416795279,0.555736252696951,0.574757164611785,0.317226318758506,1.11570672202741,0.542961612985565,0.101964926656688,-0.187211542088146,-0.711496319228142,-0.0421114853501267,0.119059360015988,0,-0.266865932523497,0,0.916290731874155,0,0,1.89275507180118,0,-0.486507951573737,0,0,0,0,0,0,1,0,1,1,1,0,1,0,0,0,"Mourning.Dove","Eastern.Phoebe",0.233076923076923
"5",0,0.405465108108164,0.30094598921853,0.00656816811209695,0.743578034186837,-0.16747388232686,0.841040017687699,0.105052776003143,-0.571210120716342,-0.962275845115979,-1.31928365083693,-0.693147180559945,-0.422328914160169,0,0.218414760942638,-1.09861228866811,0.510825623765991,0.916290731874155,0.916290731874155,0.517320862961985,-0.405465108108164,1.73499120210159,0,1,0,0,0,0,1,0,0,1,0,0,1,0,0,1,"Mourning.Dove","Blue.Jay",-0.0161538461538462
"6",-0.693147180559945,0.405465108108164,-1.32829455051175,-0.312933388863853,0.00273597981887485,-0.709390093162882,-0.699716889783106,-0.709290412809425,-1.031803618996,-1.58562726374038,-1.63863706712636,-1.27253547576323,-0.934491436521001,0,1.1846102721557,-1.6094379124341,-0.470003629245736,0.328504066972036,0.328504066972036,-1.27815951353729,-0.405465108108164,0.234970205306853,0,1,1,0,0,0,1,0,0,0,0,0,0,0,0,1,"Mourning.Dove","American.Crow",0.0761538461538462
"7",0,1.09861228866811,1.70558948900662,0.577366512005655,0.821228968416903,0.339971802747477,1.44644828393964,0.617161273582023,-0.0448953199078909,-0.48097266061631,-0.595983432106298,0.0552626786750495,0.387765531008763,0,0.557893161295059,-1.09861228866811,-0.182321556793955,1.41058705368894,1.41058705368894,1.76227711666355,-0.405465108108164,0,0,1,0,0,0,0,1,0,1,1,1,0,1,0,0,0,"Mourning.Dove","Tufted.Titmouse",0.121946530434292
"8",0,0.405465108108164,2.47569771070269,0.901668213006613,0.629633774837619,0.667283669970026,1.53856357284744,0.898445371554145,0.280902385466402,-0.0845573880280631,-0.259511195485085,0.34294475112683,0.789478289498377,0,0.557893161295059,-1.09861228866811,-0.182321556793955,0.301105092783922,0.301105092783922,2.50077999894429,-0.405465108108164,0,0,1,0,0,0,0,1,0,1,1,1,0,1,0,0,0,"Mourning.Dove","Carolina.Chickadee",0.340769230769231
"9",0,0.405465108108164,1.8338438245303,0.879733136140357,1.16643488500687,0.55471515193642,2.05525431606583,0.888293000090127,-0.0878613557913341,-0.137201121513485,-0.169899036795397,-0.176930708159078,0.148215944307444,0,-0.157446199920911,0,0.510825623765991,0.22314355131421,0.22314355131421,1.8585051487581,-0.405465108108164,0,0,1,0,0,0,0,1,0,0,1,1,0,1,0,0,0,"Mourning.Dove","Carolina.Wren",-0.185384615384615
"10",0,1.09861228866811,1.73376036597331,0.917928733878394,0.159630145591884,0.408198096964233,0.654361155524789,0.488455368847691,0.0577588341521925,-0.211309093667207,-0.393042588109607,-0.271421551580001,0.0258412311838873,0,-0.071843475522107,-0.693147180559945,0.916290731874155,-0.336472236621213,-0.336472236621213,1.76595359139286,0,0,0,0,0,0,0,0,1,0,1,1,1,1,0,0,0,0,"Mourning.Dove","White.breasted.Nuthatch",-0.0276923076923077
"11",0,1.09861228866811,2.45589508340651,1.23894722659777,0.451594879835666,0.607410268922612,1.25748218442701,0.798199956563089,0.280902385466402,-0.137201121513485,-0.200670695462151,-0.111791405988117,0.247676737838082,0,0.170659107263248,-0.693147180559945,0.22314355131421,1.42711635564015,1.42711635564015,2.53403072796823,-0.405465108108164,0,0,1,0,0,0,1,1,0,1,1,1,0,1,0,0,0,"Mourning.Dove","Brown.headed.Nuthatch",-0.201538461538462
"12",-1.09861228866811,0.405465108108164,0.896719005753299,0.0383700112729684,0.574757164611785,0.0120814209742041,0.832344310720145,0.251413364714328,-0.496436886313891,-0.44393138893596,-0.532804530484766,-0.271421551580001,-0.120048042287236,0,0.170659107263248,-0.693147180559945,0.22314355131421,-0.182321556793955,-0.182321556793955,0.969865948214457,0,0.768405180789426,0,0,0,0,0,0,1,0,0,1,1,1,1,0,0,0,"Mourning.Dove","Northern.Mockingbird",-0.173076923076923
"13",-0.693147180559945,1.09861228866811,0.547079058757438,0.0032786914616983,0.968159400270674,0.0549773878935883,1.33311959863263,0.342724427880263,-0.556696077832088,-0.616774201775371,-0.693147180559945,-0.73009069575163,-0.428995605518358,0,0.0627911748461158,-1.09861228866811,0.916290731874155,1.57021719928082,1.57021719928082,0.593313722004265,-0.405465108108164,-0.17582133411979,0,1,0,0,0,0,1,0,0,1,1,0,1,0,0,0,"Mourning.Dove","Brown.Thrasher",0.249230769230769
"14",-0.693147180559945,0.405465108108164,1.46409679902421,0.670492489995139,0.109619725017223,0.352317638569776,0.525369035333686,0.410324541481911,-0.00508906950747118,-0.280301965154158,-0.441832752279039,0.021739986636406,0.241162056816888,0,0.0627911748461158,-0.693147180559945,0.510825623765991,0.0242926925690445,0.0242926925690445,1.44688617507556,0,0.960539083130481,0,0,0,0,0,0,1,0,0,1,1,0,1,0,0,0,"Mourning.Dove","Eastern.Bluebird",0.479230769230769
"15",-1.09861228866811,0,0.415184178908373,0.244440748278586,0.232752410420847,0.0142938112571449,0.363965377201412,0.128400140000135,-0.511845511666736,-0.693147180559945,-0.72951482473082,-0.295714244149045,-0.177206456127184,0,0.421130276232166,-0.693147180559945,-0.336472236621213,-0.336472236621213,-0.336472236621213,0.466754320794937,0,-0.932680255961024,0,0,0,0,0,0,1,0,1,1,1,0,1,0,0,0,"Mourning.Dove","American.Robin",0.162307692307692
"16",0,0,1.50113807070456,0.759105148351743,0.293161538216407,0.521067117818188,0.956642027397723,0.656433335935552,0.0907288533897624,-0.777704568588008,-0.847297860387204,0.021739986636406,0.372839880792088,0,-0.157446199920911,0,0.510825623765991,-0.609765571620894,-0.609765571620894,1.53218528360091,0,0,0,0,0,1,1,0,0,1,0,1,0,1,1,1,1,1,"Mourning.Dove","House.Sparrow",0.103846153846154
"17",-0.693147180559945,0.405465108108164,1.71489188166893,0.612978583794532,0.285862235734795,0.495657402292819,0.918175746569927,0.626187769427995,0.119059360015988,-0.880358722648092,-0.893817876022096,0.101782694309942,0.61467556511845,0,0.421130276232166,-0.693147180559945,-0.336472236621213,-0.336472236621213,-0.336472236621213,1.76572341530714,0,0,0,0,0,1,1,0,0,0,1,1,1,1,1,1,1,0,"Mourning.Dove","House.Finch",0.395384615384615
"18",0,1.09861228866811,2.22883763277116,0.928227486078968,0.282232467684216,0.599426194574391,1.02248859319531,0.726953216690399,0.372839880792088,-0.616774201775371,-0.465363249689233,0.125880245889003,0.533182530867267,0,-0.071843475522107,0,0.22314355131421,0.916290731874155,0.916290731874155,2.28309129831304,-0.405465108108164,0.244550979763344,0,1,0,1,1,0,1,1,1,1,1,1,1,1,1,0,"Mourning.Dove","American.Goldfinch",0.522307692307692
"19",-1.09861228866811,0.405465108108164,2.27684685195753,0.780307356002346,0.41369560724468,0.585605638955759,1.18101182043518,0.753079521282619,0.184364458423755,-0.365459773494465,-0.393042588109607,0.284104251103897,0.402917336029366,0,0.263156255116993,-0.693147180559945,0,-0.418710334858185,-0.418710334858185,2.25267070161233,0,-1.04288447323639,0,0,0,1,0,1,1,0,1,1,1,0,1,0,0,0,"Mourning.Dove","Chipping.Sparrow",-0.0869230769230769
"20",-0.693147180559945,0.405465108108164,2.25255415938848,0.678524661692403,0.784639520984611,0.537749617778124,1.59263079411772,0.807473593348418,0.0907288533897624,-0.424883193965266,-0.465363249689233,0.34294475112683,0.633723760089145,0,0.170659107263248,-0.693147180559945,0.22314355131421,0.916290731874155,0.916290731874155,2.2183114935454,-0.405465108108164,0.295986622755248,0,1,0,1,0,1,1,0,1,1,1,0,1,0,1,0,"Mourning.Dove","Field.Sparrow",0.263846153846154
"21",-0.693147180559945,0.405465108108164,1.69179616687428,0.597985799208391,0.59932842534229,0.55471515193642,1.39196009865557,0.778397329266909,-0.0925233688971455,-0.678332094774805,-0.674455047547793,0.0899482366629396,0.380274859279606,0,0.345648309878472,-1.09861228866811,0.22314355131421,0,0,1.60681667895423,0,-0.485185251729582,0,0,0,0,0,0,1,0,1,0,0,0,1,0,0,0,"Mourning.Dove","Song.Sparrow",0.403076923076923
"22",-0.693147180559945,0.405465108108164,1.0894033495828,0.287136667475076,0.989978447665314,0.25757227098041,1.5652318199296,0.562216118775702,-0.320307299767857,-0.880358722648092,-0.711496319228142,-0.0523679855173159,0.241162056816888,0,0.621303705037838,-1.38629436111989,0,0.233193887167711,0.233193887167711,1.12777353215134,0,0.653628637793416,0,0,0,0,0,0,1,0,0,1,1,0,1,1,0,0,"Mourning.Dove","Eastern.Towhee",0.361538461538462
"23",-0.693147180559945,0,0.258670506070291,0.595014028819233,0.389204587236384,0.0619218602463994,0.625787783080733,0.289530501813563,-0.70833734605392,-0.880358722648092,-0.815036998168982,-0.765717873394781,-0.536015872594549,0,0.170659107263248,-0.693147180559945,0.22314355131421,0,0,0.254130538280548,0,0.231121599528771,0,0,0,0,0,0,1,0,0,1,0,0,1,0,0,1,"Mourning.Dove","Eastern.Meadowlark",0.0161538461538462
"24",-1.09861228866811,0,0.8503864491123,0.318146904217636,0.421994410059375,0.0299191291602257,0.647140907551302,0.201902601993061,-0.356674943938732,-0.950976289862045,-0.72951482473082,-0.504353109260373,-0.146835358250885,0,0.170659107263248,-0.693147180559945,0.22314355131421,0,0,0.811717927954578,0,-0.0892792968225674,0,0,0,1,0,1,1,0,1,1,1,0,1,1,1,0,"Mourning.Dove","Red.winged.Blackbird",0.161538461538462
"25",-1.09861228866811,0.405465108108164,1.0819313347441,0.560025036969168,0.10354067894084,0.286227526740787,0.448761913861489,0.318626876301203,-0.23127367739746,-0.962275845115979,-0.76460614454209,-0.176930708159078,0.107630664192365,0,0.170659107263248,-0.693147180559945,0.22314355131421,-0.146694379150803,-0.146694379150803,1.08881789107582,0,-0.0779467882431518,0,0,0,1,0,1,1,0,1,1,1,0,1,0,0,1,"Mourning.Dove","Brown.headed.Cowbird",0.533076923076923
"26",-0.693147180559945,0,0.122419503393127,0.0332809417654972,0.345805271701829,-0.0695749436803357,0.437031574075999,0.0829902607395263,-0.596816071621513,-1.12759982554136,-0.994622575144062,-0.851895569635833,-0.520977995230009,0,0.557893161295059,-1.09861228866811,-0.182321556793955,0.916290731874155,0.916290731874155,0.164373357474734,-0.405465108108164,0.0258636782100888,0,1,0,0,0,0,1,0,0,0,0,0,0,0,0,1,"Mourning.Dove","Common.Grackle",0.119230769230769
"27",-1.09861228866811,0.405465108108164,2.31018327222512,0.816675000173221,0.246641522581514,0.581691739634622,0.946885852452358,0.698702750404548,0.0523679855173159,-0.111225635110224,-0.138150338480817,0.150572858479374,0.380274859279606,0,0.345648309878472,-1.09861228866811,0.22314355131421,-0.198850858745165,-0.198850858745165,2.33866114946786,0,-0.0338880078706818,0,0,0,0,0,0,1,0,1,1,1,0,1,0,0,0,"Mourning.Dove","Pine.Warbler",-0.18
"28",0,0.405465108108164,1.02642855042141,0.182648942621073,0.85920821648212,0.164576014306483,1.31893496364068,0.434625790164085,-0.22314355131421,-1.28582383075626,-1.23676262714893,-0.45783309362548,0.107630664192365,0,0.170659107263248,-1.38629436111989,0.916290731874155,0.22314355131421,0.22314355131421,1.04570612242957,0,0,0,0,0,0,0,0,1,0,0,1,1,0,1,1,0,0,"Mourning.Dove","Northern.Cardinal",0.0730769230769231
"30",0,0,0,0,0,0,0,0,0,0,0,0,0,0,0,0,0,0,0,0,0,NA,0,1,1,1,1,1,1,1,1,1,1,1,1,1,1,1,"Red.bellied.Woodpecker","Red.bellied.Woodpecker",1
"31",0,-0.693147180559945,0.99873440108523,0.27046994357066,0.0434851119397389,0.316105825889669,0.379056346134867,0.331609863305099,0.2892631004491,0.45953232937844,0.370859578930689,0.571257362950909,0.627842082152179,0.405465108108164,0,0,0,-1.52242653544447,-1.52242653544447,0.910898499011584,0,NA,-0.744752345609962,1,0,0,0,0,0,0,0,1,0,1,0,0,0,1,"Red.bellied.Woodpecker","Downy.Woodpecker",0.194615384615385
"32",-1.09861228866811,-0.693147180559945,1.2607081168268,0.0912818461130821,0.314030902148532,0.304039314476553,0.713062490260887,0.416135037432861,0.175708400902238,0.617161273582023,0.255346691808844,0.800567429180782,0.627842082152179,0.405465108108164,-0.612514242401969,1.09861228866811,0.693147180559945,-1.42711635564015,-1.42711635564015,1.2188442525317,0.405465108108164,0,-0.759889933719359,0,1,0,0,0,0,0,0,1,0,0,0,0,0,1,"Red.bellied.Woodpecker","Eastern.Phoebe",0.146923076923077
"33",0,-0.693147180559945,-0.23601006190746,-0.457886238471771,0.482851771723585,-0.180660886608814,0.438395785921176,-0.0217737995495606,-0.497466646470793,-0.157903029445809,-0.352440639799944,0.149531733970964,0.0864538079760214,0.182321556793955,-0.127233548935834,0,0.287682072451781,-0.510825623765991,-0.510825623765991,-0.156589956307491,0,0,-0.0295562249252782,1,1,1,1,0,0,0,1,1,1,0,0,1,1,0,"Red.bellied.Woodpecker","Blue.Jay",0.656923076923077
"34",-0.693147180559945,-0.693147180559945,-1.86525060163774,-0.777387795447722,-0.257990282644378,-0.722577097444836,-1.10236112154963,-0.836116988362129,-0.95806014475045,-0.781254448070212,-0.671794056089376,-0.429856561232324,-0.425708714384811,0.405465108108164,0.838961962277232,-0.510825623765991,-0.693147180559945,-1.09861228866811,-1.09861228866811,-1.95207033280677,0,0,0.426524165475848,1,0,1,0,1,0,0,0,0,0,0,1,1,1,0,"Red.bellied.Woodpecker","American.Crow",0.0930769230769231
"35",0,0,1.16863343788063,0.112912105421787,0.56050270595365,0.326784798465524,1.04380405217311,0.490334698029319,0.0288481543376583,0.32340015505386,0.370859578930689,0.897941593205959,0.896548253144954,1.09861228866811,0.212244851416587,0,-0.405465108108164,-0.0165293019512106,-0.0165293019512106,1.08836629739407,0,NA,-0.789494542217322,1,0,0,0,0,0,0,0,1,0,0,0,0,0,1,"Red.bellied.Woodpecker","Tufted.Titmouse",0.0373148689341524
"36",0,-0.693147180559945,1.9387416595767,0.437213806422745,0.368907512374367,0.654096665688072,1.13591934108092,0.771618796001441,0.354645859711951,0.719815427642107,0.707331815551902,1.18562366565774,1.29826101163457,1.79175946922805,0.212244851416587,0,-0.405465108108164,-1.12601126285622,-1.12601126285622,1.82686917967481,0,NA,-0.781871539606385,1,0,0,0,0,0,0,0,1,0,0,0,1,0,1,"Red.bellied.Woodpecker","Carolina.Chickadee",0.151538461538462
"37",0,-0.693147180559945,1.29688777340431,0.415278729556489,0.905708622543618,0.541528147654467,1.65261008429931,0.761466424537423,-0.0141178815457848,0.667171694156685,0.796943974241589,0.665748206371831,0.656998666443634,0.693147180559945,-0.503094509799383,1.09861228866811,0.287682072451781,-1.20397280432594,-1.20397280432594,1.18459432948863,0,NA,-0.961192526474094,1,0,0,0,0,0,0,1,1,0,0,0,0,0,1,"Red.bellied.Woodpecker","Carolina.Wren",0.502307692307692
"38",0,0,1.19680431484732,0.453474327294525,-0.101096116871369,0.39501109268228,0.251716923758266,0.361628793294987,0.131502308397742,0.593063722002963,0.573800422927379,0.571257362950909,0.534623953320078,-0.154150679827258,-0.417491785400579,0.405465108108164,0.693147180559945,-1.76358859226136,-1.76358859226136,1.09204277212338,0.405465108108164,NA,-0.679650617033252,0,0,0,0,0,0,1,0,1,0,1,1,1,1,1,"Red.bellied.Woodpecker","White.breasted.Nuthatch",0.618461538461539
"39",0,0,1.91893903228052,0.774492820013898,0.190868617372413,0.594223264640658,0.854837952660492,0.671373381010385,0.354645859711951,0.667171694156685,0.766172315574835,0.730887508542792,0.756459459974272,0,-0.174989202615224,0.405465108108164,0,0,0,1.86011990869875,0,NA,-0.776634969155074,1,1,0,0,0,0,1,0,1,0,0,0,1,0,1,"Red.bellied.Woodpecker","Brown.headed.Nuthatch",0.436923076923077
"40",-1.09861228866811,-0.693147180559945,0.359762954627309,-0.4260843953109,0.314030902148532,-0.00110558330774953,0.429700078953622,0.124586789161624,-0.422693412068342,0.360441426734209,0.43403848055222,0.571257362950909,0.388734679848955,0.405465108108164,-0.174989202615224,0.405465108108164,0,-1.6094379124341,-1.6094379124341,0.29595512894498,0.405465108108164,0,-0.331949147893628,0,0,1,0,0,0,0,1,1,0,1,0,1,1,0,"Red.bellied.Woodpecker","Northern.Mockingbird",0.235384615384615
"41",-0.693147180559945,0,0.0101230076314486,-0.46117571512217,0.707433137807422,0.0417903836116348,0.930475366866111,0.215897852327559,-0.482952603586539,0.187598613894798,0.273695830477041,0.112588218779279,0.0797871166178319,0.405465108108164,-0.282857135032356,0,0.693147180559945,0.143100843640673,0.143100843640673,-0.0805970972652116,0,0,-0.246702446713581,1,0,0,0,0,0,0,1,1,0,0,0,1,1,0,"Red.bellied.Woodpecker","Brown.Thrasher",-0.0423076923076923
"42",-0.693147180559945,-0.693147180559945,0.927140747898221,0.206038083411271,-0.15110653744603,0.339130634287823,0.122724803567163,0.283497965929207,0.0686544047380782,0.524070850516011,0.525010258757947,0.864418901167315,0.749944778953079,1.79175946922805,-0.282857135032356,0.405465108108164,0.287682072451781,-1.4028236630711,-1.4028236630711,0.772975355806083,0.405465108108164,0,0.409988196835749,0,1,0,0,0,0,0,1,1,0,0,0,0,0,1,"Red.bellied.Woodpecker","Eastern.Bluebird",-0.142307692307692
"43",-1.09861228866811,-1.09861228866811,-0.121771872217616,-0.220013658305282,-0.0279738520424062,0.00110680697519127,-0.0386788545651114,0.00157356444743054,-0.438102037421187,0.111225635110224,0.237328186306166,0.546964670381864,0.331576266009006,1.09861228866811,0.0754819663536942,0.405465108108164,-0.559615787935423,-1.76358859226136,-1.76358859226136,-0.207156498474539,0.405465108108164,0,0.358914926651748,0,0,1,0,0,0,0,0,1,0,0,0,1,0,0,"Red.bellied.Woodpecker","American.Robin",0.350769230769231
"44",0,-1.09861228866811,0.96418201957857,0.294650741767874,0.0324352757531537,0.507880113536234,0.553997795631199,0.529606760382848,0.164472327635312,0.0266682470821613,0.119545150649783,0.864418901167315,0.881622602928278,-0.154150679827258,-0.503094509799383,1.09861228866811,0.287682072451781,-2.03688192726104,-2.03688192726104,0.85827446433143,0.405465108108164,NA,1.33531967336205,0,0,0,0,0,1,0,1,1,1,1,0,0,0,0,"Red.bellied.Woodpecker","House.Sparrow",0.290769230769231
"45",-0.693147180559945,-0.693147180559945,1.17793583054294,0.148524177210664,0.0251359732715422,0.482470398010866,0.515531514803403,0.499361193875291,0.192802834261538,-0.075985906977922,0.0730251350148898,0.944461608840852,1.12345828725464,0.182321556793955,0.0754819663536942,0.405465108108164,-0.559615787935423,-1.76358859226136,-1.76358859226136,1.09181259603766,0.405465108108164,NA,2.24256966058406,0,0,0,0,0,1,0,0,1,0,1,0,0,0,1,"Red.bellied.Woodpecker","House.Finch",-0.210769230769231
"46",0,0,1.69188158164517,0.4637730794951,0.0215062052209635,0.586239190292437,0.619844361428786,0.600126641137695,0.446583355037637,0.187598613894798,0.501479761347753,0.968559160419912,1.04196525300346,0.182321556793955,-0.417491785400579,1.09861228866811,0,-0.510825623765991,-0.510825623765991,1.60918047904357,0,0,-0.19542006941619,1,0,0,0,0,0,0,0,1,0,1,0,0,0,1,"Red.bellied.Woodpecker","American.Goldfinch",-0.04
"47",-1.09861228866811,-0.693147180559945,1.73989080083154,0.315852949418477,0.152969344781427,0.572418634673805,0.778367588668653,0.626252945729915,0.258107932669304,0.438913042175704,0.573800422927379,1.12678316563481,0.911700058165556,0.182321556793955,-0.082492054761479,0.405465108108164,-0.22314355131421,-1.84582669049833,-1.84582669049833,1.57875988234286,0.405465108108164,0,-0.473779343332846,0,1,0,0,0,0,0,0,1,0,0,0,1,1,0,"Red.bellied.Woodpecker","Chipping.Sparrow",0.489230769230769
"48",-0.693147180559945,-0.693147180559945,1.71559810826249,0.214070255108535,0.523913258521359,0.52456261349617,1.1899865623512,0.680647017795714,0.164472327635312,0.379489621704904,0.501479761347753,1.18562366565774,1.14250648222534,0.405465108108164,-0.174989202615224,0.405465108108164,0,-0.510825623765991,-0.510825623765991,1.54440067427592,0,0,-0.017368857688514,1,0,0,0,0,0,0,0,1,0,0,0,1,0,0,"Red.bellied.Woodpecker","Field.Sparrow",-0.218461538461538
"49",-0.693147180559945,-0.693147180559945,1.15484011574829,0.133531392624523,0.338602162879038,0.541528147654467,0.989315866889045,0.651570753714205,-0.0187798946515962,0.126040720895365,0.292387963489194,0.932627151193849,0.889057581415796,0.182321556793955,0,0,0,-1.42711635564015,-1.42711635564015,0.93290585968475,0.405465108108164,0,-0.161894896231157,0,0,1,0,0,0,1,0,0,1,0,0,1,1,0,"Red.bellied.Woodpecker","Song.Sparrow",-0.00461538461538462
"50",-0.693147180559945,-0.693147180559945,0.55244729845681,-0.177317739108793,0.729252185202062,0.244385266698457,1.16258758816308,0.435389543222998,-0.246563825522308,-0.075985906977922,0.255346691808844,0.790310929013593,0.749944778953079,0.405465108108164,0.275655395159366,-0.287682072451781,-0.22314355131421,-1.19392246847243,-1.19392246847243,0.453862712881859,0.405465108108164,0,-0.189727038931644,0,0,1,1,0,0,1,1,1,0,0,0,0,1,0,"Red.bellied.Woodpecker","Eastern.Towhee",0.31
"51",-0.693147180559945,-1.09861228866811,-0.278285545055698,0.130559622235365,0.128478324773131,0.0487348559644457,0.22314355131421,0.162703926260859,-0.634593871808371,-0.075985906977922,0.151806012868004,0.0769610411361284,-0.0272331504583587,0.182321556793955,-0.174989202615224,0.405465108108164,0,-1.42711635564015,-1.42711635564015,-0.419780280988928,0.405465108108164,0,-0.930157508258161,0,0,0,0,0,0,0,1,1,1,0,0,0,0,0,"Red.bellied.Woodpecker","Eastern.Meadowlark",-0.493076923076923
"52",-1.09861228866811,-1.09861228866811,0.31343039798631,-0.146307502366233,0.161268147596122,0.0167321248782719,0.244496675784779,0.0750760264403571,-0.282931469693183,-0.146603474191875,0.237328186306166,0.338325805270536,0.361947363885305,1.09861228866811,-0.174989202615224,0.405465108108164,0,-1.42711635564015,-1.42711635564015,0.137807108685102,0.405465108108164,0,0.0902262309205562,0,0,0,0,0,0,0,0,1,0,0,0,0,0,0,"Red.bellied.Woodpecker","Red.winged.Blackbird",0.01
"53",-1.09861228866811,-0.693147180559945,0.544975283618109,0.0955706303852997,-0.157185583522412,0.273040522458833,0.0461176820949655,0.191800300748498,-0.157530203151911,-0.157903029445809,0.202236866494896,0.665748206371831,0.616413386328556,1.79175946922805,-0.174989202615224,0.405465108108164,0,-1.57381073479095,-1.57381073479095,0.414907071806346,0.405465108108164,0,0.567812282029316,0,0,0,0,0,0,0,0,1,0,0,0,0,0,0,"Red.bellied.Woodpecker","Brown.headed.Cowbird",-0.222307692307692
"54",-0.693147180559945,-1.09861228866811,-0.414536547732863,-0.431173464818371,0.0850790092385759,-0.0827619479622893,0.0343873423094759,-0.0438363148131779,-0.523072597375964,-0.323227009871192,-0.0277795641070757,-0.00921665510492395,-0.0121952730938182,0,0.212244851416587,0,-0.405465108108164,-0.510825623765991,-0.510825623765991,-0.509537461794742,0,0,-0.0570109233896879,1,1,1,1,1,0,1,1,0,1,0,1,0,1,0,"Red.bellied.Woodpecker","Common.Grackle",0.08
"55",-1.09861228866811,-0.693147180559945,1.77322722109913,0.352220593589352,-0.0140847398817391,0.568504735352669,0.544241620685835,0.571876174851843,0.126111459762865,0.693147180559945,0.828692672556169,0.993251773010283,0.889057581415796,1.79175946922805,0,0,0,-1.62596721438531,-1.62596721438531,1.66475033019838,0.405465108108164,0,-0.976306164284142,0,0,0,0,0,0,0,0,1,0,0,0,0,0,1,"Red.bellied.Woodpecker","Pine.Warbler",-0.151538461538462
"56",0,-0.693147180559945,0.489472499295422,-0.281805463962796,0.598481954018867,0.151389010024529,0.916290731874155,0.30779921461138,-0.14940007706866,-0.481451015086087,-0.269919616111941,0.384845820905429,0.616413386328556,0.405465108108164,-0.174989202615224,-0.287682072451781,0.693147180559945,-1.20397280432594,-1.20397280432594,0.371795303160098,0.405465108108164,NA,-0.116632032828883,0,0,1,0,0,0,0,1,1,0,0,0,0,1,1,"Red.bellied.Woodpecker","Northern.Cardinal",0.0253846153846154
"59",0,0,0,0,0,0,0,0,0,0,0,0,0,0,0,0,0,0,0,0,0,NA,0,1,1,1,1,1,1,1,1,1,1,1,1,1,1,1,"Downy.Woodpecker","Downy.Woodpecker",1
"60",-1.09861228866811,0,0.261973715741574,-0.179188097457577,0.270545790208794,-0.0120665114131165,0.33400614412602,0.0845251741277622,-0.113554699546862,0.157628944203583,-0.115512887121844,0.229310066229874,0,0,-0.612514242401969,1.09861228866811,0.693147180559945,0.0953101798043249,0.0953101798043249,0.30794575352012,0.405465108108164,0,-0.0151375881093966,0,0,1,0,0,1,0,1,1,1,0,1,1,1,1,"Downy.Woodpecker","Eastern.Phoebe",0.368461538461538
"61",0,0,-1.23474446299269,-0.728356182042431,0.439366659783846,-0.496766712498483,0.0593394397863089,-0.35338366285466,-0.786729746919892,-0.617435358824249,-0.723300218730633,-0.421725628979945,-0.541388274176158,-0.22314355131421,-0.127233548935834,0,0.287682072451781,1.01160091167848,1.01160091167848,-1.06748845531908,0,0,0.715196120684684,1,0,0,0,0,1,0,0,1,0,0,1,0,0,0,"Downy.Woodpecker","Blue.Jay",0.156923076923077
"62",-0.693147180559945,0,-2.86398500272297,-1.04785773901838,-0.301475394584117,-1.0386829233345,-1.4814174676845,-1.16772685166723,-1.24732324519955,-1.24078677744865,-1.04265363502007,-1.00111392418323,-1.05355079653699,0,0.838961962277232,-0.510825623765991,-0.693147180559945,0.423814246776361,0.423814246776361,-2.86296883181836,0,0,1.17127651108581,1,0,0,0,0,1,0,0,0,0,0,0,0,0,0,"Downy.Woodpecker","American.Crow",0.112307692307692
"63",0,0.693147180559945,0.169899036795397,-0.157557838148873,0.517017594013912,0.0106789725758543,0.664747706038247,0.15872483472422,-0.260414946111441,-0.13613217432458,0,0.32668423025505,0.268706170992775,0.693147180559945,0.212244851416587,0,-0.405465108108164,1.50589723349326,1.50589723349326,0.177467798382487,0,NA,-0.0447421966073604,1,1,1,0,0,1,0,1,1,1,0,1,1,1,1,"Downy.Woodpecker","Tufted.Titmouse",0.286593580989109
"64",0,0,0.940007258491471,0.166743862852085,0.325422400434628,0.337990839798403,0.756862994946053,0.440008932696342,0.0653827592628517,0.260283098263666,0.336472236621213,0.614366302706831,0.670418929482389,1.38629436111989,0.212244851416587,0,-0.405465108108164,0.396415272588246,0.396415272588246,0.91597068066323,0,NA,-0.0371191939964232,1,1,1,0,1,1,0,1,1,1,0,1,0,1,1,"Downy.Woodpecker","Carolina.Chickadee",0.155384615384615
"65",0,0,0.298153372319076,0.144808785985829,0.862223510603879,0.225422321764797,1.27355373816444,0.429856561232324,-0.303380981994885,0.207639364778245,0.4260843953109,0.0944908434209223,0.0291565842914555,0.287682072451781,-0.503094509799383,1.09861228866811,0.287682072451781,0.318453731118535,0.318453731118535,0.273695830477041,0,NA,-0.216440180864132,1,1,1,0,0,1,0,0,1,1,0,1,1,1,1,"Downy.Woodpecker","Carolina.Wren",0.377692307692308
"66",0,0.693147180559945,0.198069913762094,0.183004383723866,-0.144581228811108,0.0789052667926103,-0.127339422376602,0.0300189299898876,-0.157760792051358,0.133531392624523,0.20294084399669,0,-0.093218128832101,-0.559615787935423,-0.417491785400579,0.405465108108164,0.693147180559945,-0.241162056816888,-0.241162056816888,0.181144273111796,0.405465108108164,NA,0.0651017285767094,0,1,1,0,0,1,0,1,1,1,1,0,0,0,1,"Downy.Woodpecker","White.breasted.Nuthatch",0.00384615384615385
"67",0,0.693147180559945,0.920204631195292,0.504022876443238,0.147383505432674,0.278117438750989,0.475781606525624,0.339763517705286,0.0653827592628517,0.207639364778245,0.395312736644147,0.159630145591884,0.128617377822094,-0.405465108108164,-0.174989202615224,0.405465108108164,0,1.52242653544447,1.52242653544447,0.949221409687167,0,NA,-0.0318826235451121,1,0,1,0,0,1,0,1,1,1,0,1,0,1,1,"Downy.Woodpecker","Brown.headed.Nuthatch",0.201538461538462
"68",-1.09861228866811,0,-0.638971446457921,-0.69655433888156,0.270545790208794,-0.317211409197419,0.0506437328187549,-0.207023074143475,-0.711956512517442,-0.0990909026442309,0.0631789016215317,0,-0.239107402303224,0,-0.174989202615224,0.405465108108164,0,-0.0870113769896298,-0.0870113769896298,-0.614943370066604,0.405465108108164,0,0.412803197716333,0,0,0,0,0,1,0,0,1,1,1,1,0,0,0,"Downy.Woodpecker","Northern.Mockingbird",0.333076923076923
"69",-0.693147180559945,0.693147180559945,-0.988611393453781,-0.73164565869283,0.663948025867683,-0.274315442278035,0.551419020731244,-0.11571201097754,-0.772215704035638,-0.271933715483642,-0.0971637484536477,-0.458669144171629,-0.548054965534347,0,-0.282857135032356,0,0.693147180559945,1.66552737908514,1.66552737908514,-0.991495596276796,0,0,0.498049898896381,1,0,1,0,0,1,0,0,1,1,0,1,0,0,0,"Downy.Woodpecker","Brown.Thrasher",0.257692307692308
"70",-0.693147180559945,0,-0.0715936531870088,-0.0644318601593889,-0.194591649385769,0.0230248083981537,-0.256331542567705,-0.048111897375892,-0.220608695711022,0.0645385211375712,0.154150679827258,0.293161538216406,0.1221026968009,1.38629436111989,-0.282857135032356,0.405465108108164,0.287682072451781,0.119602872373369,0.119602872373369,-0.137923143205502,0.405465108108164,0,1.15474054244571,0,0,1,1,0,1,0,0,1,1,0,1,1,1,1,"Downy.Woodpecker","Eastern.Bluebird",0.339230769230769
"71",-1.09861228866811,-0.405465108108164,-1.12050627330285,-0.490483601875942,-0.071458963982145,-0.314999018914478,-0.417735200699979,-0.330036298857668,-0.727365137870287,-0.348306694268216,-0.133531392624522,-0.0242926925690446,-0.296265816143172,0.693147180559945,0.0754819663536942,0.405465108108164,-0.559615787935423,-0.241162056816888,-0.241162056816888,-1.11805499748612,0.405465108108164,0,1.10366727226171,0,1,0,0,0,1,0,1,1,1,0,1,0,1,0,"Downy.Woodpecker","American.Robin",-0.119230769230769
"72",0,-0.405465108108164,-0.0345523815066597,0.0241807981972146,-0.011049836186585,0.191774287646565,0.174941449496332,0.197996897077749,-0.124790772813788,-0.432864082296279,-0.251314428280906,0.293161538216406,0.253780520776099,-0.559615787935423,-0.503094509799383,1.09861228866811,0.287682072451781,-0.514455391816569,-0.514455391816569,-0.0526240346801538,0.405465108108164,NA,2.08007201897201,0,0,0,0,0,0,0,0,1,0,1,1,0,0,0,"Downy.Woodpecker","House.Sparrow",0.208461538461538
"73",-0.693147180559945,0,0.179201429457711,-0.121945766359996,-0.0183491386681965,0.166364572121196,0.136475168668536,0.167751330570192,-0.0964602661875621,-0.535518236356362,-0.297834443915799,0.373204245889943,0.495616205102462,-0.22314355131421,0.0754819663536942,0.405465108108164,-0.559615787935423,-0.241162056816888,-0.241162056816888,0.180914097026075,0.405465108108164,NA,2.98732200619402,0,0,0,0,0,0,0,1,1,1,1,1,0,0,1,"Downy.Woodpecker","House.Finch",0.406153846153846
"74",0,0.693147180559945,0.693147180559945,0.19330313592444,-0.0219789067187753,0.270133364402768,0.240788015293918,0.268516777832596,0.157320254588537,-0.271933715483642,0.130620182417064,0.397301797469003,0.414123170851279,-0.22314355131421,-0.417491785400579,1.09861228866811,0,1.01160091167848,1.01160091167848,0.698281980031984,0,0,0.549332276193772,1,0,0,0,0,1,0,1,1,1,1,1,0,0,1,"Downy.Woodpecker","American.Goldfinch",0.15
"75",-1.09861228866811,0,0.741156399746306,0.0453830058478178,0.109484232841688,0.256312808784136,0.399311242533786,0.294643082424816,-0.0311551677797956,-0.0206192872027358,0.20294084399669,0.555525802683898,0.283857976013377,-0.22314355131421,-0.082492054761479,0.405465108108164,-0.22314355131421,-0.32340015505386,-0.32340015505386,0.667861383331272,0.405465108108164,0,0.270973002277116,0,0,0,0,0,1,0,1,1,1,0,1,0,0,0,"Downy.Woodpecker","Chipping.Sparrow",0.151538461538462
"76",-0.693147180559945,0,0.716863707177261,-0.0563996884621246,0.48042814658162,0.208456787606501,0.810930216216329,0.349037154490615,-0.124790772813788,-0.0800427076735365,0.130620182417064,0.614366302706831,0.514664400073156,0,-0.174989202615224,0.405465108108164,0,1.01160091167848,1.01160091167848,0.633502175264336,0,0,0.727383487921448,1,0,0,0,0,1,0,1,1,1,0,1,0,0,0,"Downy.Woodpecker","Field.Sparrow",0.327692307692308
"77",-0.693147180559945,0,0.156105714663062,-0.136938550946137,0.295117050939299,0.225422321764797,0.610259520754178,0.319960890409106,-0.308042995100696,-0.333491608483075,-0.0784716154414951,0.36136978824294,0.261215499263617,-0.22314355131421,0,0,0,0.0953101798043249,0.0953101798043249,0.0220073606731655,0.405465108108164,0,0.582857449378805,0,0,0,0,0,1,0,1,0,0,0,1,0,0,0,"Downy.Woodpecker","Song.Sparrow",-0.0253846153846154
"78",-0.693147180559945,0,-0.44628710262842,-0.447787682679452,0.685767073262323,-0.0717205591912124,0.783531242028214,0.103779679917899,-0.535826925971408,-0.535518236356362,-0.115512887121844,0.219053566062685,0.1221026968009,0,0.275655395159366,-0.287682072451781,-0.22314355131421,0.328504066972036,0.328504066972036,-0.457035786129725,0.405465108108164,0,0.555025306678318,0,1,0,0,0,1,0,0,1,1,0,1,0,0,0,"Downy.Woodpecker","Eastern.Towhee",-0.0323076923076923
"79",-0.693147180559945,-0.405465108108164,-1.27701994614093,-0.139910321335294,0.0849932128333925,-0.267370969925223,-0.155912794820657,-0.16890593704424,-0.923856972257471,-0.535518236356362,-0.219053566062685,-0.49429632181478,-0.655075232610538,-0.22314355131421,-0.174989202615224,0.405465108108164,0,0.0953101798043249,0.0953101798043249,-1.33067878000051,0.405465108108164,0,-0.1854051626482,0,0,1,0,0,1,0,0,1,0,0,1,1,1,0,"Downy.Woodpecker","Eastern.Meadowlark",-0.0430769230769231
"80",-1.09861228866811,-0.405465108108164,-0.685304003098919,-0.416777445936892,0.117783035656383,-0.299373701011397,-0.134559670350089,-0.256533836864742,-0.572194570142283,-0.606135803570316,-0.133531392624522,-0.232931557680373,-0.265894718266874,0.693147180559945,-0.174989202615224,0.405465108108164,0,0.0953101798043249,0.0953101798043249,-0.773091390326483,0.405465108108164,0,0.834978576530518,0,0,0,0,0,1,0,1,1,1,0,1,0,0,0,"Downy.Woodpecker","Red.winged.Blackbird",-0.252307692307692
"81",-1.09861228866811,0,-0.45375911746712,-0.17489931318536,-0.200670695462151,-0.0430653034308363,-0.332938664039902,-0.139809562556601,-0.44679330360101,-0.617435358824249,-0.168622712435793,0.0944908434209223,-0.011428695823623,1.38629436111989,-0.174989202615224,0.405465108108164,0,-0.0513841993464786,-0.0513841993464786,-0.495991427205239,0.405465108108164,0,1.31256462763928,0,0,0,0,0,1,0,1,1,1,0,1,1,1,0,"Downy.Woodpecker","Brown.headed.Cowbird",0.0246153846153846
"82",-0.693147180559945,-0.405465108108164,-1.41327094881809,-0.701643408389031,0.0415938972988371,-0.398867773851959,-0.344669003825391,-0.375446178118277,-0.812335697825064,-0.782759339249632,-0.398639143037764,-0.580474018055833,-0.640037355245997,-0.405465108108164,0.212244851416587,0,-0.405465108108164,1.01160091167848,1.01160091167848,-1.42043596080633,0,0,0.687741422220274,1,0,0,0,0,1,0,0,0,0,0,0,1,0,0,"Downy.Woodpecker","Common.Grackle",0.350769230769231
"83",-1.09861228866811,0,0.774492820013898,0.0817506500186926,-0.0575698518214778,0.252398909462999,0.165185274550967,0.240266311546744,-0.163151640686234,0.233614851181505,0.45783309362548,0.421994410059375,0.261215499263617,1.38629436111989,0,0,0,-0.10354067894084,-0.10354067894084,0.753851831186795,0.405465108108164,0,-0.23155381867418,0,1,1,1,1,1,1,1,1,1,0,1,1,1,1,"Downy.Woodpecker","Pine.Warbler",0.517692307692308
"84",0,0,-0.509261901789808,-0.552275407533455,0.554996842079128,-0.16471681586514,0.537234385739288,-0.0238106486937186,-0.43866317751776,-0.940983344464527,-0.640779195042629,-0.18641154204548,-0.011428695823623,0,-0.174989202615224,-0.287682072451781,0.693147180559945,0.318453731118535,0.318453731118535,-0.539103195851486,0.405465108108164,NA,0.628120312781079,0,0,0,0,0,1,0,0,1,1,0,1,0,0,1,"Downy.Woodpecker","Northern.Cardinal",-0.176153846153846
"88",0,0,0,0,0,0,0,0,0,0,0,0,0,0,0,0,0,0,0,0,0,0,0,1,1,1,1,1,1,1,1,1,1,1,1,1,1,1,"Eastern.Phoebe","Eastern.Phoebe",1
"89",1.09861228866811,0,-1.49671817873426,-0.549168084584854,0.168820869575052,-0.484700201085367,-0.274666704339711,-0.437908836982422,-0.67317504737303,-0.775064303027832,-0.607787331608789,-0.651035695209819,-0.541388274176158,-0.22314355131421,0.485280693466135,-1.09861228866811,-0.405465108108164,0.916290731874155,0.916290731874155,-1.37543420883919,-0.405465108108164,2.22149915367533,0.73033370879408,0,1,0,0,0,1,0,0,1,0,1,1,0,0,0,"Eastern.Phoebe","Blue.Jay",-0.170769230769231
"90",0.405465108108164,0,-3.12595871846454,-0.868669641560804,-0.57202118479291,-1.02661641192139,-1.81542361181052,-1.25225202579499,-1.13376854565269,-1.39841572165224,-0.927140747898221,-1.23042399041311,-1.05355079653699,0,1.4514762046792,-1.6094379124341,-1.38629436111989,0.328504066972036,0.328504066972036,-3.17091458533847,-0.405465108108164,0.721478156880591,1.18641409919521,0,0,0,0,0,1,0,0,0,0,1,0,0,0,0,"Eastern.Phoebe","American.Crow",0.243076923076923
"91",1.09861228866811,0.693147180559945,-0.0920746789461766,0.0216302593087049,0.246471803805118,0.0227454839889707,0.330741561912228,0.0741996605964579,-0.146860246564579,-0.293761118528163,0.115512887121844,0.0973741640251762,0.268706170992775,0.693147180559945,0.824759093818555,-1.09861228866811,-1.09861228866811,1.41058705368894,1.41058705368894,-0.130477955137632,-0.405465108108164,0,-0.0296046084979638,0,0,1,0,0,1,0,1,1,1,1,1,1,1,1,"Eastern.Phoebe","Tufted.Titmouse",0.094248895761519
"92",1.09861228866811,0,0.678033542749897,0.345931960309662,0.0548766102258343,0.350057351211519,0.422856850820033,0.355483758568579,0.178937458809714,0.102654154060083,0.451985123743057,0.385056236476957,0.670418929482389,1.38629436111989,0.824759093818555,-1.09861228866811,-1.09861228866811,0.301105092783922,0.301105092783922,0.60802492714311,-0.405465108108164,0,-0.0219816058870265,0,0,1,0,0,1,0,1,1,1,1,1,0,1,1,"Eastern.Phoebe","Carolina.Chickadee",0.229230769230769
"93",1.09861228866811,0,0.0361796565775023,0.323996883443407,0.591677720395086,0.237488833177914,0.939547594038422,0.345331387104561,-0.189826282448022,0.0500104205746614,0.541597282432744,-0.134819222808951,0.0291565842914555,0.287682072451781,0.109419732602586,0,-0.405465108108164,0.22314355131421,0.22314355131421,-0.0342499230430786,-0.405465108108164,0,-0.201302592754735,0,0,1,1,1,1,0,0,1,1,1,1,1,1,1,"Eastern.Phoebe","Carolina.Wren",0.364615384615385
"94",1.09861228866811,0.693147180559945,-0.0639038019794802,0.362192481181443,-0.415127019019901,0.0909717782057268,-0.461345566502621,-0.0545062441378746,-0.0442060925044957,-0.0240975515790606,0.318453731118535,-0.229310066229874,-0.093218128832101,-0.559615787935423,0.19502245700139,-0.693147180559945,0,-0.336472236621213,-0.336472236621213,-0.126801480408324,0,0,0.080239316686106,1,0,1,0,1,1,0,1,1,1,0,0,0,0,1,"Eastern.Phoebe","White.breasted.Nuthatch",0.116153846153846
"95",1.09861228866811,0.693147180559945,0.658230915453717,0.683210973900816,-0.12316228477612,0.290183950164105,0.141775462399605,0.255238343577523,0.178937458809714,0.0500104205746614,0.510825623765991,-0.06967992063799,0.128617377822094,-0.405465108108164,0.437525039786745,-0.693147180559945,-0.693147180559945,1.42711635564015,1.42711635564015,0.641275656167047,-0.405465108108164,0,-0.0167450354357156,0,1,1,0,0,1,0,1,1,1,1,1,0,1,1,"Eastern.Phoebe","Brown.headed.Nuthatch",0.153076923076923
"96",0,0,-0.900945162199495,-0.517366241423982,0,-0.305144897784302,-0.283362411307265,-0.291548248271237,-0.598401812970579,-0.256719846847814,0.178691788743376,-0.229310066229874,-0.239107402303224,0,0.437525039786745,-0.693147180559945,-0.693147180559945,-0.182321556793955,-0.182321556793955,-0.922889123586723,0,1.25491313236316,0.42794078582573,1,0,0,0,0,1,1,0,1,1,0,1,0,0,0,"Eastern.Phoebe","Northern.Mockingbird",0.108461538461538
"97",0.405465108108164,0.693147180559945,-1.25058510919536,-0.552457561235252,0.393402235658889,-0.262248930864918,0.217412876605225,-0.200237185105302,-0.658661004488776,-0.429562659687225,0.0183491386681964,-0.687979210401503,-0.548054965534347,0,0.329657107369613,-1.09861228866811,0,1.57021719928082,1.57021719928082,-1.29944134979692,-0.405465108108164,0.310686617453947,0.513187487005777,0,0,1,0,0,1,0,0,1,1,1,1,0,0,0,"Eastern.Phoebe","Brown.Thrasher",0.314615384615385
"98",0.405465108108164,0,-0.333567368928583,0.114756237298189,-0.465137439594562,0.03509131981127,-0.590337686693724,-0.132637071503654,-0.107053996164159,-0.0930904230660121,0.269663566949103,0.0638514719865328,0.1221026968009,1.38629436111989,0.329657107369613,-0.693147180559945,-0.405465108108164,0.0242926925690445,0.0242926925690445,-0.445868896725621,0,1.44704703470422,1.16987813055511,1,1,1,0,0,1,1,0,1,1,1,1,1,1,1,"Eastern.Phoebe","Eastern.Bluebird",0.44
"99",0,-0.405465108108164,-1.38247998904442,-0.311295504418364,-0.342004754190939,-0.302932507501362,-0.751741344825998,-0.414561472985431,-0.613810438323424,-0.505935638471799,-0.0180185055026783,-0.253602758798918,-0.296265816143172,0.693147180559945,0.687996208755663,-0.693147180559945,-1.25276296849537,-0.336472236621213,-0.336472236621213,-1.42600075100624,0,-0.446172304387287,1.11880486037111,1,0,0,0,0,1,1,1,1,1,1,1,0,1,0,"Eastern.Phoebe","American.Robin",0.186923076923077
"100",1.09861228866811,-0.405465108108164,-0.296526097248234,0.203368895654792,-0.281595626395379,0.203840799059681,-0.159064694629687,0.113471722949987,-0.0112360732669258,-0.590493026499862,-0.135801541159062,0.0638514719865328,0.253780520776099,-0.559615787935423,0.109419732602586,0,-0.405465108108164,-0.609765571620894,-0.609765571620894,-0.360569788200273,0,0,2.09520960708141,0,0,0,0,1,0,0,0,1,0,0,1,0,0,0,"Eastern.Phoebe","House.Sparrow",0.263076923076923
"101",0.405465108108164,0,-0.0827722862838629,0.0572423310975818,-0.28889492887699,0.178431083534313,-0.197530975457484,0.0832261564424301,0.0170944333593003,-0.693147180559945,-0.182321556793955,0.143894179660069,0.495616205102462,-0.22314355131421,0.687996208755663,-0.693147180559945,-1.25276296849537,-0.336472236621213,-0.336472236621213,-0.127031656494045,0,0,3.00245959430342,1,0,0,0,0,0,0,1,1,1,0,1,0,0,1,"Eastern.Phoebe","House.Finch",0.25
"102",1.09861228866811,0.693147180559945,0.431173464818371,0.372491233382017,-0.292524696927569,0.282199875815885,-0.093218128832101,0.183991603704834,0.2708749541354,-0.429562659687225,0.246133069538909,0.16799173123913,0.414123170851279,-0.22314355131421,0.19502245700139,0,-0.693147180559945,0.916290731874155,0.916290731874155,0.390336226511864,-0.405465108108164,0.731058931337081,0.564469864303169,0,0,0,0,1,1,0,1,1,1,0,1,0,0,1,"Eastern.Phoebe","American.Goldfinch",0.126153846153846
"103",0,0,0.479182684004732,0.224571103305395,-0.161061557367105,0.268379320197252,0.0653050984077665,0.210117908297054,0.0823995317670668,-0.178248231406319,0.318453731118535,0.326215736454024,0.283857976013377,-0.22314355131421,0.53002218764049,-0.693147180559945,-0.916290731874155,-0.418710334858185,-0.418710334858185,0.359915629811152,0,-0.55637652166265,0.286110590386512,1,1,0,0,0,1,0,1,1,1,1,1,0,0,0,"Eastern.Phoebe","Chipping.Sparrow",0.0107692307692308
"104",0.405465108108164,0,0.454889991435687,0.122788408995453,0.209882356372826,0.220523299019617,0.476924072090309,0.264511980362853,-0.0112360732669258,-0.23767165187712,0.246133069538909,0.385056236476957,0.514664400073156,0,0.437525039786745,-0.693147180559945,-0.693147180559945,0.916290731874155,0.916290731874155,0.325556421744217,-0.405465108108164,0.782494574328985,0.742521076030844,0,0,0,0,0,1,0,1,1,1,1,1,0,0,0,"Eastern.Phoebe","Field.Sparrow",0.573076923076923
"105",0.405465108108164,0,-0.105868001078512,0.0422495465114405,0.0245712607305053,0.237488833177914,0.276253376628158,0.235435716281344,-0.194488295553834,-0.491120552686658,0.0370412716803491,0.132059722013066,0.261215499263617,-0.22314355131421,0.612514242401969,-1.09861228866811,-0.693147180559945,0,0,-0.285938392846954,0,0.00132269984415563,0.597995037488201,1,0,0,0,0,1,0,1,0,0,1,1,0,0,0,"Eastern.Phoebe","Song.Sparrow",0.146923076923077
"106",0.405465108108164,0,-0.708260818369993,-0.268599585221875,0.415221283053529,-0.0596540477780959,0.449525097902195,0.0192545057901365,-0.422272226424546,-0.693147180559945,0,-0.0102565001671892,0.1221026968009,0,0.888169637561335,-1.38629436111989,-0.916290731874155,0.233193887167711,0.233193887167711,-0.764981539649845,0,1.14013658936715,0.570162894787715,1,0,0,0,0,1,0,0,1,1,0,1,0,0,0,"Eastern.Phoebe","Eastern.Towhee",0.309230769230769
"107",0.405465108108164,-0.405465108108164,-1.5389936618825,0.0392777761222828,-0.185552577375401,-0.255304458512107,-0.489918938946677,-0.253431111172002,-0.810302272710609,-0.693147180559945,-0.10354067894084,-0.723606388044654,-0.655075232610538,-0.22314355131421,0.437525039786745,-0.693147180559945,-0.693147180559945,0,0,-1.63862453352063,0,0.717629551102509,-0.170267574538803,1,0,1,0,1,1,0,0,1,0,1,1,1,1,0,"Eastern.Phoebe","Eastern.Meadowlark",-0.187692307692308
"108",0,-0.405465108108164,-0.947277718840493,-0.237589348479315,-0.15276275455241,-0.287307189598281,-0.468565814476108,-0.341059010992504,-0.45863987059542,-0.763764747773899,-0.0180185055026783,-0.462241623910246,-0.265894718266874,0.693147180559945,0.437525039786745,-0.693147180559945,-0.693147180559945,0,0,-1.0810371438466,0,0.39722865475117,0.850116164639915,1,0,0,0,0,1,0,1,1,1,1,1,0,0,0,"Eastern.Phoebe","Red.winged.Blackbird",-0.375384615384615
"109",0,0,-0.715732833208695,0.0042887842722175,-0.471216485670945,-0.0309987920177199,-0.666944808165921,-0.224334736684363,-0.333238604054148,-0.775064303027832,-0.0531098253139484,-0.134819222808951,-0.011428695823623,1.38629436111989,0.437525039786745,-0.693147180559945,-0.693147180559945,-0.146694379150803,-0.146694379150803,-0.803937180725358,0,0.408561163330586,1.32770221574867,1,0,0,0,0,1,0,1,1,1,1,1,1,1,0,"Eastern.Phoebe","Brown.headed.Cowbird",0.396153846153846
"110",0.405465108108164,-0.405465108108164,-1.67524466455967,-0.522455310931454,-0.228951892909957,-0.386801262438842,-0.678675147951411,-0.459971352246039,-0.698780998278201,-0.940388283453216,-0.28312625591592,-0.809784084285706,-0.640037355245997,-0.405465108108164,0.824759093818555,-1.09861228866811,-1.09861228866811,0.916290731874155,0.916290731874155,-1.72838171432645,-0.405465108108164,0.512371629783826,0.70287901032967,0,1,0,0,0,1,0,0,0,0,1,0,1,0,0,"Eastern.Phoebe","Common.Grackle",-0.0407692307692308
"111",0,0,0.512519104272324,0.26093874747627,-0.328115642030271,0.264465420876116,-0.168820869575052,0.155741137418982,-0.0495969411393722,0.075985906977922,0.573345980747325,0.192684343829501,0.261215499263617,1.38629436111989,0.612514242401969,-1.09861228866811,-0.693147180559945,-0.198850858745165,-0.198850858745165,0.445906077666675,0,0.452619943703056,-0.216416230564783,1,0,1,0,0,1,0,1,1,1,1,1,1,1,1,"Eastern.Phoebe","Pine.Warbler",0.146153846153846
"112",1.09861228866811,0,-0.771235617531382,-0.373087310075878,0.284451051870334,-0.152650304452024,0.203228241613268,-0.108335822821481,-0.325108477970898,-1.09861228866811,-0.525266307920785,-0.415721608275354,-0.011428695823623,0,0.437525039786745,-1.38629436111989,0,0.22314355131421,0.22314355131421,-0.847048949371606,0,0,0.643257900890476,1,0,0,0,0,1,0,0,1,1,0,1,0,0,1,"Eastern.Phoebe","Northern.Cardinal",0.153076923076923
"117",0,0,0,0,0,0,0,0,0,0,0,0,0,0,0,0,0,0,0,0,0,0,0,1,1,1,1,1,1,1,1,1,1,1,1,1,1,1,"Blue.Jay","Blue.Jay",1
"118",-0.693147180559945,0,-1.62924053973028,-0.31950155697595,-0.740842054367962,-0.541916210836022,-1.54075690747081,-0.814343188812569,-0.460593498279657,-0.623351418624403,-0.319353416289432,-0.579388295203287,-0.512162522360832,0.22314355131421,0.966195511213066,-0.510825623765991,-0.980829253011726,-0.587786664902119,-0.587786664902119,-1.79548037649928,0,-1.50002099679474,0.456080390401127,1,0,1,0,0,1,0,0,0,0,1,0,1,1,1,"Blue.Jay","American.Crow",0.196923076923077
"119",0,0.693147180559945,1.40464349978809,0.570798343893558,0.0776509342300659,0.507445685074338,0.605408266251938,0.51210849757888,0.526314800808451,0.481303184499669,0.723300218730633,0.748409859234995,0.810094445168933,0.916290731874155,0.339478400352421,0,-0.693147180559945,0.49429632181478,0.49429632181478,1.24495625370156,0,0,-0.759938317292044,1,0,0,0,0,1,0,0,1,0,1,1,0,0,0,"Blue.Jay","Tufted.Titmouse",-0.036545490193242
"120",0,0,2.17475172148416,0.895100044894516,-0.113944259349218,0.834757552296886,0.697523555159744,0.793392595551001,0.852112506182744,0.877718457087915,1.05977245535185,1.03609193168678,1.21180720365855,1.6094379124341,0.339478400352421,0,-0.693147180559945,-0.615185639090233,-0.615185639090233,1.98345913598231,0,0,-0.752315314681107,1,0,0,0,0,1,0,0,1,0,1,1,1,0,0,"Blue.Jay","Carolina.Chickadee",-0.19
"121",0,0,1.53289783531177,0.87316496802826,0.422856850820033,0.722189034263281,1.21421429837813,0.783240224086983,0.483348764925008,0.825074723602494,1.14938461404153,0.516216472400867,0.570544858467613,0.510825623765991,-0.375860960863549,1.09861228866811,0,-0.693147180559945,-0.693147180559945,1.34118428579612,0,0,-0.931636301548815,1,0,0,0,0,1,0,1,1,0,1,1,0,0,0,"Blue.Jay","Carolina.Wren",0.398461538461538
"122",0,0.693147180559945,1.43281437675478,0.911360565766296,-0.583947888594953,0.575671979291094,-0.18667886216291,0.383402592844547,0.628968954868534,0.750966751448772,0.926241062727323,0.421725628979945,0.448170145344056,-0.336472236621213,-0.290258236464745,0.405465108108164,0.405465108108164,-1.25276296849537,-1.25276296849537,1.24863272843087,0.405465108108164,0,-0.650094392107974,0,0,0,0,0,1,0,0,1,0,0,0,1,1,0,"Blue.Jay","White.breasted.Nuthatch",0.496923076923077
"123",0,0.693147180559945,2.15494909418798,1.23237905848567,-0.291983154351172,0.774884151249472,0.416442166739315,0.693147180559945,0.852112506182744,0.825074723602494,1.11861295537478,0.581355774571829,0.670005651998251,-0.182321556793955,-0.0477556536793898,0.405465108108164,-0.287682072451781,0.510825623765991,0.510825623765991,2.01670986500624,0,0,-0.747078744229796,1,1,0,0,0,1,0,0,1,0,1,1,1,0,0,"Blue.Jay","Brown.headed.Nuthatch",0.384615384615385
"124",-1.09861228866811,0,0.595773016534769,0.0318018431608715,-0.168820869575052,0.179555303301064,-0.00869570696755404,0.146360588711185,0.074773234402451,0.518344456180018,0.786479120352164,0.421725628979945,0.302280871872934,0.22314355131421,-0.0477556536793898,0.405465108108164,-0.287682072451781,-1.09861228866811,-1.09861228866811,0.452545085252472,0.405465108108164,-0.966586021312166,-0.30239292296835,0,0,1,0,0,1,0,1,1,0,0,1,1,1,0,"Blue.Jay","Northern.Mockingbird",0.288461538461538
"125",-0.693147180559945,0.693147180559945,0.246133069538909,-0.00328947665039865,0.224581366083837,0.222451270220449,0.492079580944935,0.23767165187712,0.014514042884254,0.345501643340607,0.626136470276985,-0.0369435151916842,-0.00666669135818935,0.22314355131421,-0.155623586096522,0,0.405465108108164,0.653926467406664,0.653926467406664,0.0759928590422795,0,-1.91081253622138,-0.217146221788303,1,0,0,0,1,1,0,1,1,0,1,1,1,1,0,"Blue.Jay","Brown.Thrasher",0.00692307692307692
"126",-0.693147180559945,0,1.16315080980568,0.663924321883042,-0.633958309169615,0.519791520896637,-0.315670982354014,0.305271765478768,0.566121051208871,0.68197387996182,0.877450898557891,0.714887167196351,0.663490970977057,1.6094379124341,-0.155623586096522,0.405465108108164,0,-0.89199803930511,-0.89199803930511,0.929565312113574,0.405465108108164,-0.774452118971111,0.439544421761027,0,1,0,0,1,1,0,1,1,0,1,1,0,0,0,"Blue.Jay","Eastern.Bluebird",-0.117692307692308
"127",-1.09861228866811,-0.405465108108164,0.114238189689844,0.237872580166489,-0.510825623765991,0.181767693584005,-0.477074640486288,0.0233473639969911,0.0593646090496057,0.269128664556033,0.58976882610611,0.3974329364109,0.245122458032985,0.916290731874155,0.202715515289528,0.405465108108164,-0.847297860387204,-1.25276296849537,-1.25276296849537,-0.0505665421670483,0.405465108108164,-2.66767145806262,0.388471151577026,0,0,1,0,0,1,0,0,1,0,1,1,1,0,0,"Blue.Jay","American.Robin",0.0692307692307692
"128",0,-0.405465108108164,1.20019208148603,0.752536980239646,-0.450416495970431,0.688541000145048,0.115602009710023,0.551380559932409,0.661938974106104,0.18457127652797,0.471985790449727,0.714887167196351,0.795168794952257,-0.336472236621213,-0.375860960863549,1.09861228866811,0,-1.52605630349505,-1.52605630349505,1.01486442063892,0.405465108108164,0,1.36487589828733,0,0,0,0,0,0,0,1,1,1,0,1,0,0,1,"Blue.Jay","House.Sparrow",0.0492307692307692
"129",-0.693147180559945,0,1.4139458924504,0.606410415682435,-0.457715798452042,0.66313128461968,0.0771357288822272,0.521134993424852,0.69026948073233,0.0819171224678868,0.425465774814834,0.794929874869888,1.03700447927862,0,0.202715515289528,0.405465108108164,-0.847297860387204,-1.25276296849537,-1.25276296849537,1.24840255234515,0.405465108108164,0,2.27212588550934,0,0,0,0,1,0,0,0,1,0,0,1,0,0,0,"Blue.Jay","House.Finch",0.05
"130",0,0.693147180559945,1.92789164355263,0.921659317966871,-0.461345566502621,0.766900076901251,0.18144857550761,0.621900440687256,0.94405000150843,0.345501643340607,0.853920401147697,0.819027426448948,0.955511445027436,0,-0.290258236464745,1.09861228866811,-0.287682072451781,0,0,1.76577043535106,0,-1.49044022233825,-0.165863844490912,1,0,0,0,0,1,0,0,1,0,0,1,0,0,0,"Blue.Jay","American.Goldfinch",0.257692307692308
"131",-1.09861228866811,0,1.975900862739,0.773739187890249,-0.329882426942157,0.753079521282619,0.339971802747477,0.648026745279476,0.755574579140097,0.596816071621513,0.926241062727323,0.977251431663842,0.825246250189535,0,0.044741494174355,0.405465108108164,-0.510825623765991,-1.33500106673234,-1.33500106673234,1.73534983865035,0.405465108108164,-2.77787567533798,-0.444223118407568,0,1,0,0,0,1,0,0,1,0,1,1,1,1,0,"Blue.Jay","Chipping.Sparrow",0.44
"132",-0.693147180559945,0,1.95160817016995,0.671956493580306,0.0410614867977739,0.705223500104984,0.75159077643002,0.702420817345274,0.661938974106104,0.537392651150712,0.853920401147697,1.03609193168678,1.05605267424931,0.22314355131421,-0.0477556536793898,0.405465108108164,-0.287682072451781,0,0,1.70099063058341,0,-1.43900457934634,0.0121873672367642,1,0,0,0,0,1,0,0,1,0,1,1,1,0,0,"Blue.Jay","Field.Sparrow",-0.170769230769231
"133",-0.693147180559945,0,1.39085017765575,0.591417631096294,-0.144249608844547,0.722189034263281,0.550920080967869,0.673344553263766,0.478686751819197,0.283943750341174,0.644828603289138,0.783095417222885,0.802603773439775,0,0.127233548935834,0,-0.287682072451781,-0.916290731874155,-0.916290731874155,1.08949581599224,0.405465108108164,-2.22017645383117,-0.132338671305879,0,0,1,0,1,1,0,0,0,1,1,1,1,1,0,"Blue.Jay","Song.Sparrow",0.127692307692308
"134",-0.693147180559945,0,0.78845736036427,0.280568499362979,0.246400413478477,0.425046153307271,0.724191802241905,0.457163342772558,0.250902820948484,0.0819171224678868,0.607787331608788,0.640779195042629,0.663490970977057,0.22314355131421,0.4028889440952,-0.287682072451781,-0.510825623765991,-0.683096844706444,-0.683096844706444,0.61045266918935,0.405465108108164,-1.08136256430818,-0.160170814006366,0,0,1,1,1,1,0,1,1,0,0,1,0,1,0,"Blue.Jay","Eastern.Towhee",0.0507692307692308
"135",-0.693147180559945,-0.405465108108164,-0.0422754831482383,0.588445860707136,-0.354373446950453,0.22939574257326,-0.215252234606966,0.18447772581042,-0.137127225337578,0.0819171224678868,0.504246652667948,-0.0725706928348354,-0.11368695843438,0,-0.0477556536793898,0.405465108108164,-0.287682072451781,-0.916290731874155,-0.916290731874155,-0.263190324681437,0.405465108108164,-1.50386960257282,-0.900601283332883,0,0,0,0,0,1,0,1,1,1,1,1,0,0,1,"Blue.Jay","Eastern.Meadowlark",-0.338461538461538
"136",-1.09861228866811,-0.405465108108164,0.54944045989377,0.311578736105539,-0.321583624127462,0.197393011487086,-0.193899110136398,0.0968498259899176,0.21453517677761,0.0112995552539332,0.58976882610611,0.188794071299572,0.275493555909284,0.916290731874155,-0.0477556536793898,0.405465108108164,-0.287682072451781,-0.916290731874155,-0.916290731874155,0.294397064992593,0.405465108108164,-1.82427049892416,0.119782455845834,0,0,0,0,0,1,0,0,1,0,1,1,0,0,0,"Blue.Jay","Red.winged.Blackbird",0.184615384615385
"137",-1.09861228866811,0,0.780985345525569,0.553456868857071,-0.640037355245997,0.453701409067647,-0.392278103826211,0.213574100298059,0.339936443318882,0,0.55467750629484,0.516216472400867,0.529959578352535,1.6094379124341,-0.0477556536793898,0.405465108108164,-0.287682072451781,-1.06298511102496,-1.06298511102496,0.571497028113837,0.405465108108164,-1.81293799034474,0.597368506954594,0,0,0,0,0,1,0,0,1,0,1,1,0,0,1,"Blue.Jay","Brown.headed.Cowbird",-0.226923076923077
"138",-0.693147180559945,-0.405465108108164,-0.178526485825403,0.0267127736534,-0.397772762485009,0.0978989386465247,-0.4040084436117,-0.0220625152636172,-0.0256059509051713,-0.165323980425384,0.324661075692868,-0.158748389075888,-0.0986490810698396,-0.182321556793955,0.339478400352421,0,-0.693147180559945,0,0,-0.352947505487251,0,-1.7091275238915,-0.0274546984644097,1,1,1,1,0,1,0,1,0,1,1,0,0,1,1,"Blue.Jay","Common.Grackle",0.0838461538461539
"139",-1.09861228866811,0,2.00923728300659,0.810106832061124,-0.496936511605324,0.749165621961483,0.105845834764659,0.593649974401404,0.623578106233658,0.851050210005754,1.18113331235611,0.84372003903932,0.802603773439775,1.6094379124341,0.127233548935834,0,-0.287682072451781,-1.11514159061932,-1.11514159061932,1.82134028650587,0.405465108108164,-1.76887920997227,-0.946749939358864,0,0,0,0,0,1,0,0,1,0,1,1,0,0,0,"Blue.Jay","Pine.Warbler",-0.126153846153846
"140",0,0,0.725482561202882,0.176080774508976,0.115630182295282,0.332049896633343,0.477894945952979,0.329573014160941,0.348066569402132,-0.323547985640278,0.0825210236880034,0.235314086934465,0.529959578352535,0.22314355131421,-0.0477556536793898,-0.287682072451781,0.405465108108164,-0.693147180559945,-0.693147180559945,0.528385259467589,0.405465108108164,0,-0.0870758079036045,0,0,1,0,0,1,0,1,1,0,0,1,0,1,0,"Blue.Jay","Northern.Cardinal",-0.0746153846153846
"146",0,0,0,0,0,0,0,0,0,0,0,0,0,0,0,0,0,0,0,0,0,0,0,1,1,1,1,1,1,1,1,1,1,1,1,1,1,1,"American.Crow","American.Crow",1
"147",0.693147180559945,0.693147180559945,3.03388403951837,0.890299900869508,0.818492988598028,1.04936189591036,2.14616517372274,1.32645168639145,0.986908299088109,1.10465460312407,1.04265363502007,1.32779815443828,1.32225696752976,0.693147180559945,-0.626717110860645,0.510825623765991,0.287682072451781,1.0820829867169,1.0820829867169,3.04043663020084,0,0,-1.21601870769317,1,0,0,0,0,1,0,0,0,0,1,0,0,0,0,"American.Crow","Tufted.Titmouse",0.0430852094909801
"148",0.693147180559945,0,3.80399226121444,1.21460160187047,0.626897795018745,1.37667376313291,2.23828046263055,1.60773578436357,1.3127060044624,1.50106987571232,1.37912587164128,1.61548022689006,1.72396972601938,1.38629436111989,-0.626717110860645,0.510825623765991,0.287682072451781,-0.0273989741881144,-0.0273989741881144,3.77893951248159,0,0,-1.20839570508223,1,0,0,0,0,1,0,0,0,0,1,0,1,0,0,"American.Crow","Carolina.Chickadee",-0.03
"149",0.693147180559945,0,3.16213837504205,1.19266652500421,1.163698905188,1.2641052450993,2.75497120584894,1.59758341289955,0.943942263204665,1.4484261422269,1.46873803033097,1.09560476760415,1.08270738082845,0.287682072451781,-1.34205647207662,1.6094379124341,0.980829253011726,-0.105360515657826,-0.105360515657826,3.1366646622954,0,0,-1.38771669194994,1,0,0,0,0,1,0,0,0,0,1,0,0,0,0,"American.Crow","Carolina.Wren",0.266153846153846
"150",0.693147180559945,0.693147180559945,3.06205491648506,1.23086212274225,0.156894165773009,1.11758819012712,1.3540780453079,1.19774578165712,1.08956245314819,1.37431817007318,1.24559447901676,1.00111392418323,0.960332667704889,-0.559615787935423,-1.25645374767781,0.916290731874155,1.38629436111989,-0.664976303593249,-0.664976303593249,3.04411310493015,0.405465108108164,0,-1.1061747825091,0,0,0,0,0,1,0,0,0,0,0,1,1,1,0,"American.Crow","White.breasted.Nuthatch",0.213076923076923
"151",0.693147180559945,0.693147180559945,3.78418963391826,1.55188061546162,0.448858900016791,1.31680036208549,1.95719907421012,1.50749036937251,1.3127060044624,1.4484261422269,1.43796637166421,1.16074406977512,1.18216817435908,-0.405465108108164,-1.01395116489246,0.916290731874155,0.693147180559945,1.09861228866811,1.09861228866811,3.81219024150552,0,0,-1.20315913463092,1,0,0,0,0,1,0,0,0,0,1,0,1,0,0,"American.Crow","Brown.headed.Nuthatch",0.308461538461538
"152",-0.405465108108164,0,2.22501355626505,0.351303400136821,0.57202118479291,0.721471514137086,1.53206120050325,0.960703777523754,0.535366732682108,1.14169587480442,1.1058325366416,1.00111392418323,0.814443394233766,0,-1.01395116489246,0.916290731874155,0.693147180559945,-0.510825623765991,-0.510825623765991,2.24802546175175,0.405465108108164,0.533434975482573,-0.758473313369477,0,0,1,0,0,1,0,0,0,0,0,0,1,1,0,"American.Crow","Northern.Mockingbird",-0.126923076923077
"153",0,0.693147180559945,1.87537360926919,0.316212080325551,0.9654234204518,0.76436748105647,2.03283648841574,1.05201484068969,0.475107541163911,0.968853061965011,0.945489886566417,0.542444780011603,0.505495831002643,0,-1.12181909730959,0.510825623765991,1.38629436111989,1.24171313230878,1.24171313230878,1.87147323554156,0,-0.410791539426643,-0.67322661218943,1,0,0,0,0,1,0,0,0,0,1,0,1,1,0,"American.Crow","Brown.Thrasher",-0.0946153846153846
"154",0,0,2.79239134953596,0.983425878858992,0.106883745198348,1.06170773173266,1.22508592511679,1.11961495429134,1.02671454948853,1.30532529858622,1.19680431484732,1.29427546239964,1.17565349333789,1.38629436111989,-1.12181909730959,0.916290731874155,0.980829253011726,-0.304211374402991,-0.304211374402991,2.72504568861285,0.405465108108164,0.725568877823628,-0.0165359686400995,0,0,0,0,0,1,0,0,0,0,1,0,0,0,0,"American.Crow","Eastern.Bluebird",0.217692307692308
"155",-0.405465108108164,-0.405465108108164,1.74347872942012,0.557374137142439,0.230016430601972,0.723683904420027,1.06368226698452,0.83769055280956,0.519958107329263,0.892480083180437,0.909122242395543,0.976821231614187,0.757284980393817,0.693147180559945,-0.763479995923538,0.916290731874155,0.133531392624523,-0.664976303593249,-0.664976303593249,1.74491383433223,0.405465108108164,-1.16765046126788,-0.0676092388241001,0,0,1,0,0,1,0,0,0,0,1,0,1,0,0,"American.Crow","American.Robin",0.0738461538461539
"156",0.693147180559945,-0.405465108108164,2.82943262121631,1.0720385372156,0.290425558397532,1.23045721098107,1.65635891718083,1.36572374874498,1.12253247238576,0.807922695152374,0.791339206739159,1.29427546239964,1.30733131731309,-0.559615787935423,-1.34205647207662,1.6094379124341,0.980829253011726,-0.93826963859293,-0.93826963859293,2.8103447971382,0.405465108108164,0,0.908795507886205,0,0,0,0,0,0,0,0,0,0,0,0,0,0,1,"American.Crow","House.Sparrow",0.0407692307692308
"157",0,0,3.04318643218068,0.925911972658385,0.28312625591592,1.2050474954557,1.61789263635303,1.33547818223742,1.15086297901199,0.70526854109229,0.744819191104266,1.37431817007318,1.54916700163945,-0.22314355131421,-0.763479995923538,0.916290731874155,0.133531392624523,-0.664976303593249,-0.664976303593249,3.04388292884443,0.405465108108164,0,1.81604549510821,0,0,0,0,0,0,0,0,0,0,0,0,0,0,0,"American.Crow","House.Finch",0.195384615384615
"158",0.693147180559945,0.693147180559945,3.55713218328292,1.24116087494282,0.279496487865341,1.30881628773727,1.72220548297842,1.43624362949982,1.40464349978809,0.968853061965011,1.17327381743713,1.39841572165224,1.46767396738827,-0.22314355131421,-1.25645374767781,1.6094379124341,0.693147180559945,0.587786664902119,0.587786664902119,3.56125081185034,0,0.00958077445649059,-0.621944234892038,1,0,0,0,0,1,0,0,0,0,0,0,0,0,0,"American.Crow","American.Goldfinch",0.263076923076923
"159",-0.405465108108164,0,3.60514140246928,1.0932407448662,0.410959627425805,1.29499573211864,1.88072871021828,1.46236993409204,1.21616807741975,1.22016749024592,1.24559447901676,1.55663972686713,1.33740877255037,-0.22314355131421,-0.921454017038711,0.916290731874155,0.470003629245736,-0.747214401830221,-0.747214401830221,3.53083021514963,0.405465108108164,-1.27785467854324,-0.900303508808694,0,0,0,0,0,1,0,0,0,0,1,0,1,1,0,"American.Crow","Chipping.Sparrow",-0.00461538461538462
"160",0,0,3.58084870990023,0.991458050556256,0.781903541165736,1.24713971094101,2.29234768390083,1.51676400615784,1.12253247238576,1.16074406977512,1.17327381743713,1.61548022689006,1.56821519661015,0,-1.01395116489246,0.916290731874155,0.693147180559945,0.587786664902119,0.587786664902119,3.49647100708269,0,0.0610164174483944,-0.443893023164362,1,0,0,1,0,1,0,0,0,0,1,0,1,0,0,"American.Crow","Field.Sparrow",0.220769230769231
"161",0,0,3.02009071738603,0.910919188072244,0.596592445523416,1.2641052450993,2.09167698843867,1.48768774207633,0.939280250098854,0.907295168965577,0.96418201957857,1.36248371242617,1.31476629580061,-0.22314355131421,-0.838961962277232,0.510825623765991,0.693147180559945,-0.328504066972036,-0.328504066972036,2.88497619249152,0.405465108108164,-0.720155457036435,-0.588419061707006,0,0,1,0,0,1,0,0,1,0,1,0,1,1,0,"American.Crow","Song.Sparrow",0.233076923076923
"162",0,0,2.41769790009455,0.600070056338929,0.98724246784644,0.966962364143293,2.26494870971271,1.27150653158513,0.711496319228142,0.70526854109229,0.927140747898221,1.22016749024592,1.17565349333789,0,-0.563306567117866,0.22314355131421,0.470003629245736,-0.0953101798043249,-0.0953101798043249,2.40593304568863,0.405465108108164,0.418658432486563,-0.616251204407492,0,0,1,0,0,1,0,0,0,0,0,0,0,1,0,"American.Crow","Eastern.Towhee",0.130769230769231
"163",0,-0.405465108108164,1.58696505658204,0.907947417683087,0.386468607417509,0.771311953409282,1.32550467286384,0.998820914622989,0.323466272942079,0.70526854109229,0.823600068957381,0.506817602368452,0.398475563926452,-0.22314355131421,-1.01395116489246,0.916290731874155,0.693147180559945,-0.328504066972036,-0.328504066972036,1.53229005181784,0.405465108108164,-0.00384860577808172,-1.35668167373401,0,0,0,0,0,1,1,0,0,0,1,0,0,0,1,"American.Crow","Eastern.Meadowlark",-0.32
"164",-0.405465108108164,-0.405465108108164,2.17868099962405,0.631080293081489,0.4192584302405,0.739309222323108,1.34685779733441,0.911193014802486,0.675128675057267,0.634650973878337,0.909122242395543,0.768182366502859,0.787656078270116,0.693147180559945,-1.01395116489246,0.916290731874155,0.693147180559945,-0.328504066972036,-0.328504066972036,2.08987744149187,0.405465108108164,-0.324249502129421,-0.336297934555292,0,0,0,0,0,1,0,0,0,0,1,0,0,0,0,"American.Crow","Red.winged.Blackbird",0.160769230769231
"165",-0.405465108108164,0,2.41022588525585,0.872958425833021,0.100804699121966,0.995617619903669,1.1484788036446,1.02791728911063,0.800529941598539,0.623351418624403,0.874030922584272,1.09560476760415,1.04212210071337,1.38629436111989,-1.01395116489246,0.916290731874155,0.693147180559945,-0.47519844612284,-0.47519844612284,2.36697740461312,0.405465108108164,-0.312916993550005,0.141288116553468,0,0,0,0,0,1,0,0,0,0,1,0,0,0,1,"American.Crow","Brown.headed.Cowbird",-0.0107692307692308
"166",0,-0.405465108108164,1.45071405390488,0.34621433062935,0.343069291882954,0.639815149482546,1.13674846385911,0.792280673548951,0.434987547374486,0.45802743819902,0.644014491982301,0.4206399061274,0.413513441290993,-0.405465108108164,-0.626717110860645,0.510825623765991,0.287682072451781,0.587786664902119,0.587786664902119,1.44253287101203,0,-0.209106527096764,-0.483535088865536,1,0,1,0,1,1,0,0,1,0,1,1,0,1,1,"American.Crow","Common.Grackle",0.0661538461538462
"167",-0.405465108108164,0,3.63847782273687,1.12960838903707,0.243905542762639,1.2910818327975,1.64660274223546,1.40799316321397,1.08417160451332,1.47440162863016,1.50048672864555,1.42310833424261,1.31476629580061,1.38629436111989,-0.838961962277232,0.510825623765991,0.693147180559945,-0.527354925717201,-0.527354925717201,3.61682066300515,0.405465108108164,-0.268858213177535,-1.40283032975999,0,0,0,0,0,1,0,0,0,0,1,0,0,0,0,"American.Crow","Pine.Warbler",0.130769230769231
"168",0.693147180559945,0,2.35472310093316,0.495582331484926,0.856472236663245,0.873966107469365,2.01865185342378,1.14391620297351,0.80866006768179,0.299803432984126,0.401874439977436,0.814702382137752,1.04212210071337,0,-1.01395116489246,0.22314355131421,1.38629436111989,-0.105360515657826,-0.105360515657826,2.32386563596687,0.405465108108164,0,-0.543156198304731,0,0,1,0,0,1,0,0,0,0,0,0,0,1,0,"American.Crow","Northern.Cardinal",-0.0338461538461538
"175",0,0,0,0,0,0,0,0,0,0,0,0,0,0,0,0,0,0,0,0,0,NA,0,1,1,1,1,1,1,1,1,1,1,1,1,1,1,1,"Tufted.Titmouse","Tufted.Titmouse",1
"176",0,-0.693147180559945,0.770108221696074,0.324301701000958,-0.191595193579284,0.327311867222549,0.0921152889078055,0.281284097972121,0.325797705374293,0.396415272588246,0.336472236621213,0.287682072451781,0.401712758489614,0.693147180559945,0,0,0,-1.10948196090501,-1.10948196090501,0.738502882280742,0,NA,0.00762300261093721,1,1,1,0,0,1,0,1,1,1,1,1,0,1,1,"Tufted.Titmouse","Carolina.Chickadee",0.571263715125941
"177",0,-0.693147180559945,0.128254335523679,0.302366624134702,0.345205916589968,0.214743349188943,0.608806032126194,0.271131726508103,-0.0429660358834432,0.343771539102825,0.4260843953109,-0.232193386834128,-0.23954958670132,-0.405465108108164,-0.71533936121597,1.09861228866811,0.693147180559945,-1.18744350237473,-1.18744350237473,0.0962280320945538,0,NA,-0.171697984256771,1,1,1,0,0,1,0,0,1,1,1,1,1,1,1,"Tufted.Titmouse","Carolina.Wren",0.335833820407372
"178",0,0,0.0281708769666964,0.340562221872738,-0.661598822825019,0.068226294216756,-0.792087128414849,-0.128705904734333,0.102654154060083,0.269663566949103,0.20294084399669,-0.32668423025505,-0.361924299824876,-1.25276296849537,-0.629736636817166,0.405465108108164,1.09861228866811,-1.74705929031015,-1.74705929031015,0.00367647472930863,0.405465108108164,NA,0.10984392518407,0,1,1,0,0,1,0,1,1,1,0,0,0,0,1,"Tufted.Titmouse","White.breasted.Nuthatch",0.317368730625523
"179",0,0,0.750305594399894,0.661580714592111,-0.369634088581237,0.267438466175134,-0.188966099512623,0.181038682981065,0.325797705374293,0.343771539102825,0.395312736644147,-0.167054084663166,-0.140088793170682,-1.09861228866811,-0.38723405403181,0.405465108108164,0.405465108108164,0.0165293019512105,0.0165293019512105,0.771753611304679,0,NA,0.0128595730622483,1,0,1,0,0,1,0,1,1,1,1,1,0,1,1,"Tufted.Titmouse","Brown.headed.Nuthatch",0.341219471593744
"180",-1.09861228866811,-0.693147180559945,-0.808870483253318,-0.538996500732687,-0.246471803805118,-0.327890381773273,-0.614103973219492,-0.365747908867695,-0.451541566406,0.0370412716803491,0.0631789016215317,-0.32668423025505,-0.507813573295999,-0.693147180559945,-0.38723405403181,0.405465108108164,0.405465108108164,-1.59290861048289,-1.59290861048289,-0.792411168449091,0.405465108108164,0,0.457545394323694,0,0,0,0,0,1,0,0,1,1,0,1,0,0,0,"Tufted.Titmouse","Northern.Mockingbird",0.224658592345825
"181",-0.693147180559945,0,-1.15851043024918,-0.574087820543957,0.146930431853771,-0.284994414853889,-0.113328685307003,-0.27443684570176,-0.511800757924197,-0.135801541159062,-0.0971637484536477,-0.785353374426679,-0.816761136527122,-0.693147180559945,-0.495101986448943,0,1.09861228866811,0.159630145591884,0.159630145591884,-1.16896339465928,0,0,0.542792095503741,1,0,1,0,0,1,0,0,1,1,1,1,0,0,0,"Tufted.Titmouse","Brown.Thrasher",0.289286406582295
"182",-0.693147180559945,-0.693147180559945,-0.241492689982406,0.0931259779894836,-0.711609243399681,0.0123458358222994,-0.921079248605952,-0.206836732100112,0.0398062504004198,0.200670695462151,0.154150679827258,-0.0335226920386434,-0.146603474191875,0.693147180559945,-0.495101986448943,0.405465108108164,0.693147180559945,-1.38629436111989,-1.38629436111989,-0.315390941587989,0.405465108108164,0,1.19948273905307,0,0,1,0,0,1,0,0,1,1,1,1,1,1,1,"Tufted.Titmouse","Eastern.Bluebird",0.00153875748182072
"183",-1.09861228866811,-1.09861228866811,-1.29040531009824,-0.332925763727069,-0.588476557996057,-0.325677991490332,-1.08248290673823,-0.488761133581889,-0.466950191758845,-0.212174519943636,-0.133531392624522,-0.350976922824095,-0.564971987135948,0,-0.136762885062892,0.405465108108164,-0.154150679827258,-1.74705929031015,-1.74705929031015,-1.29552279586861,0.405465108108164,0,1.14840946886907,0,1,0,0,0,1,0,1,1,1,1,1,0,1,0,"Tufted.Titmouse","American.Robin",-0.199269093895783
"184",0,-1.09861228866811,-0.204451418302057,0.181738636346087,-0.528067430200497,0.18109531507071,-0.489806256541915,0.0392720623535288,0.135624173297653,-0.296731907971699,-0.251314428280906,-0.0335226920386434,-0.0149256502166756,-1.25276296849537,-0.71533936121597,1.09861228866811,0.693147180559945,-2.02035262530983,-2.02035262530983,-0.230091833062641,0.405465108108164,NA,2.12481421557938,0,0,0,0,0,0,0,0,1,0,0,1,0,0,0,"Tufted.Titmouse","House.Sparrow",0.207347570675342
"185",-0.693147180559945,-0.693147180559945,0.00930239266231363,0.0356120717888769,-0.535366732682108,0.155685599545342,-0.528272537369711,0.00902649584597212,0.163954679923879,-0.399386062031782,-0.297834443915799,0.0465200156348929,0.226910034109687,-0.916290731874155,-0.136762885062892,0.405465108108164,-0.154150679827258,-1.74705929031015,-1.74705929031015,0.00344629864358765,0.405465108108164,NA,3.03206420280138,0,0,0,0,0,0,0,1,1,1,0,1,0,0,1,"Tufted.Titmouse","House.Finch",-0.217734183677632
"186",0,0,0.523248143764548,0.350860974073312,-0.538996500732687,0.259454391826914,-0.423959690744329,0.109791943108376,0.417735200699979,-0.135801541159062,0.130620182417064,0.0706175672139536,0.145416999858504,-0.916290731874155,-0.629736636817166,1.09861228866811,0.405465108108164,-0.49429632181478,-0.49429632181478,0.520814181649497,0,0,0.594074472801133,1,0,0,0,0,1,0,1,1,1,0,1,0,0,1,"Tufted.Titmouse","American.Goldfinch",-0.380457787380172
"187",-1.09861228866811,-0.693147180559945,0.571257362950909,0.20294084399669,-0.407533361172223,0.245633836208282,-0.265436463504461,0.135918247700596,0.229259778331646,0.115512887121844,0.20294084399669,0.228841572428848,0.0151518050206022,-0.916290731874155,-0.294736906178066,0.405465108108164,0.182321556793955,-1.82929738854712,-1.82929738854712,0.490393584948785,0.405465108108164,0,0.315715198884476,0,0,0,0,0,1,0,1,1,1,1,1,0,0,0,"Tufted.Titmouse","Chipping.Sparrow",0.402769770866573
"188",-0.693147180559945,-0.693147180559945,0.546964670381864,0.101158149686748,-0.0365894474322919,0.197777815030646,0.146182510178081,0.190312319766395,0.135624173297653,0.0560894666510436,0.130620182417064,0.287682072451781,0.245958229080381,-0.693147180559945,-0.38723405403181,0.405465108108164,0.405465108108164,-0.49429632181478,-0.49429632181478,0.456034376881849,0,0,0.772125684528808,1,0,0,0,0,1,0,1,1,1,1,1,0,0,0,"Tufted.Titmouse","Field.Sparrow",0.0196191578932141
"189",-0.693147180559945,-0.693147180559945,-0.0137933221323356,0.0206192872027356,-0.221900543074613,0.214743349188943,-0.0544881852840697,0.161236055684886,-0.0476280489892546,-0.197359434158495,-0.0784716154414951,0.0346855579878901,-0.00749067172915763,-0.916290731874155,-0.212244851416587,0,0.405465108108164,-1.41058705368894,-1.41058705368894,-0.155460437709322,0.405465108108164,0,0.627599645986165,0,0,0,0,0,1,0,1,0,0,1,1,0,0,0,"Tufted.Titmouse","Song.Sparrow",0.0530871331228148
"190",-0.693147180559945,-0.693147180559945,-0.616186139423817,-0.29022984453058,0.168749479248411,-0.0823995317670667,0.118783535989967,-0.0549451548063214,-0.275411979859967,-0.399386062031782,-0.115512887121844,-0.107630664192365,-0.146603474191875,-0.693147180559945,0.0634105437427794,-0.287682072451781,0.182321556793955,-1.17739316652122,-1.17739316652122,-0.634503584512213,0.405465108108164,0,0.599767503285678,0,1,0,0,0,1,0,0,1,1,0,1,0,0,0,"Tufted.Titmouse","Eastern.Towhee",0.229274864791287
"191",-0.693147180559945,-1.09861228866811,-1.44691898293633,0.0176475168135779,-0.432024381180519,-0.278049942501078,-0.820660500858905,-0.32763077176846,-0.663442026146029,-0.399386062031782,-0.219053566062685,-0.82098055206983,-0.923781403603313,-0.916290731874155,-0.38723405403181,0.405465108108164,0.405465108108164,-1.41058705368894,-1.41058705368894,-1.508146578383,0.405465108108164,0,-0.140662966040839,0,0,1,0,0,1,0,0,1,0,1,1,1,1,0,"Tufted.Titmouse","Eastern.Meadowlark",0.130025007213851
"192",-1.09861228866811,-1.09861228866811,-0.855203039894317,-0.25921960778802,-0.399234558357528,-0.310052673587252,-0.799307376388336,-0.415258671588962,-0.311779624030841,-0.470003629245736,-0.133531392624522,-0.559615787935423,-0.534600889259649,0,-0.38723405403181,0.405465108108164,0.405465108108164,-1.41058705368894,-1.41058705368894,-0.95055918870897,0.405465108108164,0,0.879720773137879,0,0,0,0,0,1,0,1,1,1,1,1,0,0,0,"Tufted.Titmouse","Red.winged.Blackbird",-0.0703981547932978
"193",-1.09861228866811,-0.693147180559945,-0.623658154262518,-0.0173414750364873,-0.717688289476063,-0.0537442760066906,-0.997686370078149,-0.298534397280821,-0.186378357489569,-0.481303184499669,-0.168622712435793,-0.232193386834128,-0.280134866816398,0.693147180559945,-0.38723405403181,0.405465108108164,0.405465108108164,-1.55728143283974,-1.55728143283974,-0.673459225587726,0.405465108108164,0,1.35730682424664,0,0,0,0,0,1,0,1,1,1,1,1,1,1,0,"Tufted.Titmouse","Brown.headed.Cowbird",-0.237738030941301
"194",-0.693147180559945,-1.09861228866811,-1.58316998561349,-0.544085570240158,-0.475423696715075,-0.409546746427813,-1.00941670986364,-0.534171012842497,-0.551920751713622,-0.646627164925052,-0.398639143037764,-0.907158248310882,-0.908743526238772,-1.09861228866811,0,0,0,-0.49429632181478,-0.49429632181478,-1.59790375918881,0,0,0.732483618827634,1,0,0,0,0,1,0,0,0,0,1,0,1,0,0,"Tufted.Titmouse","Common.Grackle",-0.22504328171628
"195",-1.09861228866811,-0.693147180559945,0.6045937832185,0.239308488167565,-0.57458744583539,0.241719936887145,-0.49956243148728,0.0815414768225241,0.0972633054252069,0.369747025506085,0.45783309362548,0.0953101798043249,-0.00749067172915763,0.693147180559945,-0.212244851416587,0,0.405465108108164,-1.6094379124341,-1.6094379124341,0.576384032804307,0.405465108108164,0,-0.186811622066819,0,1,1,0,0,1,0,1,1,1,1,1,1,1,1,"Tufted.Titmouse","Pine.Warbler",0.125408734768388
"196",0,-0.693147180559945,-0.679160938585205,-0.394717569384583,0.0379792480652165,-0.175395788440994,-0.12751332029896,-0.182535483417939,-0.178248231406319,-0.804851170139947,-0.640779195042629,-0.51309577230053,-0.280134866816398,-0.693147180559945,-0.38723405403181,-0.287682072451781,1.09861228866811,-1.18744350237473,-1.18744350237473,-0.716570994233974,0.405465108108164,NA,0.67286250938844,0,0,0,0,0,1,0,0,1,1,0,1,0,0,1,"Tufted.Titmouse","Northern.Cardinal",0.263896908132253
"204",0,0,0,0,0,0,0,0,0,0,0,0,0,0,0,0,0,0,0,0,0,NA,0,1,1,1,1,1,1,1,1,1,1,1,1,1,1,1,"Carolina.Chickadee","Carolina.Chickadee",1
"205",0,0,-0.641853886172395,-0.0219350768662557,0.536801110169251,-0.112568518033606,0.516690743218389,-0.0101523714640181,-0.368763741257736,-0.0526437334854219,0.0896121586896871,-0.519875459285909,-0.641262345190934,-1.09861228866811,-0.71533936121597,1.09861228866811,0.693147180559945,-0.0779615414697118,-0.0779615414697118,-0.642274850186189,0,NA,-0.179320986867708,1,1,1,0,0,1,0,0,1,1,1,1,0,1,1,"Carolina.Chickadee","Carolina.Wren",0.307692307692308
"206",0,0.693147180559945,-0.741937344729377,0.0162605208717803,-0.470003629245736,-0.259085573005793,-0.884202417322655,-0.409990002706454,-0.22314355131421,-0.126751705639144,-0.133531392624523,-0.614366302706831,-0.76363705831449,-1.94591014905531,-0.629736636817166,0.405465108108164,1.09861228866811,-0.637577329405135,-0.637577329405135,-0.734826407551434,0.405465108108164,NA,0.102220922573133,0,1,1,0,0,1,0,1,1,1,0,0,1,0,1,"Carolina.Chickadee","White.breasted.Nuthatch",0.309230769230769
"207",0,0.693147180559945,-0.0198026272961796,0.337279013591153,-0.178038895001954,-0.0598734010474143,-0.281081388420429,-0.100245414991056,0,-0.0526437334854219,0.0588405000229334,-0.454736157114947,-0.541801551660296,-1.79175946922805,-0.38723405403181,0.405465108108164,0.405465108108164,1.12601126285622,1.12601126285622,0.0332507290239367,0,NA,0.00523657045131112,1,0,1,0,0,1,0,1,1,1,1,1,1,1,1,"Carolina.Chickadee","Brown.headed.Nuthatch",0.287692307692308
"208",-1.09861228866811,0,-1.57897870494939,-0.863298201733645,-0.0548766102258344,-0.655202248995822,-0.706219262127298,-0.647032006839816,-0.777339271780293,-0.359374000907897,-0.273293334999681,-0.614366302706831,-0.909526331785613,-1.38629436111989,-0.38723405403181,0.405465108108164,0.405465108108164,-0.483426649577876,-0.483426649577876,-1.53091405072983,0.405465108108164,0,0.449922391712757,0,0,0,0,0,1,0,0,1,1,0,1,1,0,0,"Carolina.Chickadee","Northern.Mockingbird",0.141538461538462
"209",-0.693147180559945,0.693147180559945,-1.92861865194525,-0.898389521544915,0.338525625433055,-0.612306282076438,-0.205443974214809,-0.555720943673882,-0.83759846329849,-0.532216813747308,-0.433635985074861,-1.07303544687846,-1.21847389501674,-1.38629436111989,-0.495101986448943,0,1.09861228866811,1.2691121064969,1.2691121064969,-1.90746627694003,0,0,0.535169092892804,1,0,1,0,0,1,1,0,1,1,1,1,1,0,0,"Carolina.Chickadee","Brown.Thrasher",0.0953846153846154
"210",-0.693147180559945,0,-1.01160091167848,-0.231175723011474,-0.520014049820397,-0.314966031400249,-1.01319453751376,-0.488120830072234,-0.285991454973873,-0.195744577126095,-0.182321556793955,-0.321204764490425,-0.548316232681489,0,-0.495101986448943,0.405465108108164,0.693147180559945,-0.276812400214877,-0.276812400214877,-1.05389382386873,0.405465108108164,0,1.19185973644213,0,0,1,0,0,1,0,0,1,1,1,1,0,1,1,"Carolina.Chickadee","Eastern.Bluebird",0.173846153846154
"211",-1.09861228866811,-0.405465108108164,-2.06051353179432,-0.657227464728027,-0.396881364416773,-0.652989858712881,-1.17459819564603,-0.77004523155401,-0.792747897133138,-0.608589792531882,-0.470003629245736,-0.638658995275876,-0.966684745625562,-0.693147180559945,-0.136762885062892,0.405465108108164,-0.154150679827258,-0.637577329405135,-0.637577329405135,-2.03402567814935,0.405465108108164,0,1.14078646625813,0,1,0,0,0,1,0,1,1,1,1,1,1,1,0,"Carolina.Chickadee","American.Robin",0.261538461538462
"212",0,-0.405465108108164,-0.974559639998131,-0.14256306465487,-0.336472236621213,-0.146216552151838,-0.581921545449721,-0.242012035618593,-0.19017353207664,-0.693147180559945,-0.587786664902119,-0.321204764490425,-0.41663840870629,-1.94591014905531,-0.71533936121597,1.09861228866811,0.693147180559945,-0.910870664404816,-0.910870664404816,-0.968594715343384,0.405465108108164,NA,2.11719121296844,0,0,0,0,0,0,0,0,1,0,0,1,0,0,0,"Carolina.Chickadee","House.Sparrow",0.535384615384615
"213",-0.693147180559945,0,-0.76080582903376,-0.288689629212081,-0.343771539102824,-0.171626267677207,-0.620387826277517,-0.272257602126149,-0.161843025450414,-0.795801334620029,-0.634306680537012,-0.241162056816888,-0.174802724379927,-1.6094379124341,-0.136762885062892,0.405465108108164,-0.154150679827258,-0.637577329405135,-0.637577329405135,-0.735056583637155,0.405465108108164,NA,3.02444120019044,0,0,0,0,0,0,0,1,1,1,0,1,0,0,1,"Carolina.Chickadee","House.Finch",-0.07
"214",0,0.693147180559945,-0.246860077931526,0.0265592730723549,-0.347401307153403,-0.0678574753956349,-0.516074979652134,-0.171492154863746,0.0919374953256856,-0.532216813747308,-0.205852054204149,-0.217064505237827,-0.25629575863111,-1.6094379124341,-0.629736636817166,1.09861228866811,0.405465108108164,0.615185639090233,0.615185639090233,-0.217688700631246,0,0,0.586451470190195,1,0,0,0,0,1,0,1,1,1,0,1,0,0,1,"Carolina.Chickadee","American.Goldfinch",-0.163076923076923
"215",-1.09861228866811,0,-0.198850858745165,-0.121360857004267,-0.21593816759294,-0.0816780310142672,-0.357551752412267,-0.145365850271526,-0.0965379270426473,-0.280902385466402,-0.133531392624523,-0.0588405000229335,-0.386560953469012,-1.6094379124341,-0.294736906178066,0.405465108108164,0.182321556793955,-0.719815427642107,-0.719815427642107,-0.248109297331958,0.405465108108164,0,0.308092196273539,0,0,0,0,0,1,0,1,1,1,1,1,1,0,0,"Carolina.Chickadee","Chipping.Sparrow",0.329230769230769
"216",-0.693147180559945,0,-0.22314355131421,-0.22314355131421,0.155005746146992,-0.129534052191902,0.0540672212702758,-0.0909717782057269,-0.19017353207664,-0.340325805937203,-0.205852054204149,0,-0.155754529409233,-1.38629436111989,-0.38723405403181,0.405465108108164,0.405465108108164,0.615185639090233,0.615185639090233,-0.282468505398894,0,0,0.764502681917871,1,0,0,0,0,1,0,1,1,1,1,1,1,0,0,"Carolina.Chickadee","Field.Sparrow",0.271538461538462
"217",-0.693147180559945,0,-0.783901543828409,-0.303682413798222,-0.030305349495329,-0.112568518033606,-0.146603474191875,-0.120048042287236,-0.373425754363548,-0.593774706746742,-0.414943852062708,-0.252996514463891,-0.409203430218771,-1.6094379124341,-0.212244851416587,0,0.405465108108164,-0.301105092783922,-0.301105092783922,-0.893963319990064,0.405465108108164,0,0.619976643375228,0,0,0,0,0,1,0,1,0,0,1,1,1,0,0,"Carolina.Chickadee","Song.Sparrow",0.249230769230769
"218",-0.693147180559945,0,-1.38629436111989,-0.614531545531537,0.360344672827695,-0.409711398989615,0.0266682470821615,-0.336229252778443,-0.60120968523426,-0.795801334620029,-0.451985123743057,-0.395312736644147,-0.548316232681489,-1.38629436111989,0.0634105437427794,-0.287682072451781,0.182321556793955,-0.0679112056162104,-0.0679112056162104,-1.37300646679296,0.405465108108164,0,0.592144500674741,0,1,0,0,0,1,0,0,1,1,0,1,0,0,0,"Carolina.Chickadee","Eastern.Towhee",0.22
"219",-0.693147180559945,-0.405465108108164,-2.2170272046324,-0.30665418418738,-0.240429187601235,-0.605361809723626,-0.91277578976671,-0.608914869740581,-0.989239731520323,-0.795801334620029,-0.555525802683897,-1.10866262452161,-1.32549416209293,-1.6094379124341,-0.38723405403181,0.405465108108164,0.405465108108164,-0.301105092783922,-0.301105092783922,-2.24664946066374,0.405465108108164,0,-0.148285968651776,0,0,1,1,0,1,0,0,1,0,1,1,0,1,0,"Carolina.Chickadee","Eastern.Meadowlark",-0.06
"220",-1.09861228866811,-0.405465108108164,-1.62531126159039,-0.583521308788977,-0.207639364778244,-0.6373645408098,-0.891422665296142,-0.696542769561084,-0.637577329405135,-0.866418901833982,-0.470003629245736,-0.847297860387204,-0.936313647749263,-0.693147180559945,-0.38723405403181,0.405465108108164,0.405465108108164,-0.301105092783922,-0.301105092783922,-1.68906207098971,0.405465108108164,0,0.872097770526941,0,0,0,0,0,1,0,1,1,1,1,1,0,0,0,"Carolina.Chickadee","Red.winged.Blackbird",0.0592307692307692
"221",-1.09861228866811,0,-1.39376637595859,-0.341643176037445,-0.526093095896779,-0.381056143229239,-1.08980165898595,-0.579818495252942,-0.512176062863862,-0.877718457087915,-0.505094949057006,-0.519875459285909,-0.681847625306012,0,-0.38723405403181,0.405465108108164,0.405465108108164,-0.447799471934725,-0.447799471934725,-1.41196210786847,0.405465108108164,0,1.3496838216357,0,0,0,0,0,1,0,1,1,1,1,1,0,1,0,"Carolina.Chickadee","Brown.headed.Cowbird",-0.202307692307692
"222",-0.693147180559945,-0.405465108108164,-2.35327820730956,-0.868387271241116,-0.283828503135791,-0.736858613650362,-1.10153199877144,-0.815455110814619,-0.877718457087915,-1.0430424375133,-0.735111379658977,-1.19484032076266,-1.31045628472839,-1.79175946922805,0,0,0,0.615185639090233,0.615185639090233,-2.33640664146956,0,0,0.724860616216697,1,0,0,0,0,1,0,0,0,0,1,0,0,0,0,"Carolina.Chickadee","Common.Grackle",-0.323076923076923
"223",-1.09861228866811,0,-0.165514438477573,-0.0849932128333926,-0.382992252256106,-0.0855919303354035,-0.591677720395086,-0.199742621149597,-0.228534399949086,-0.0266682470821612,0.121360857004267,-0.192371892647456,-0.409203430218771,0,-0.212244851416587,0,0.405465108108164,-0.499955951529087,-0.499955951529087,-0.162118849476435,0.405465108108164,0,-0.194434624677757,0,1,1,0,1,1,0,1,1,1,1,1,0,1,1,"Carolina.Chickadee","Pine.Warbler",-0.306153846153846
"224",0,0,-1.44926916028128,-0.71901927038554,0.2295744416445,-0.502707655663543,-0.219628609206765,-0.46381958139006,-0.504045936780612,-1.20126644272819,-0.977251431663842,-0.800777844752311,-0.681847625306012,-1.38629436111989,-0.38723405403181,-0.287682072451781,1.09861228866811,-0.0779615414697118,-0.0779615414697118,-1.45507387651472,0.405465108108164,NA,0.665239506777502,0,0,0,0,0,1,0,0,1,1,0,1,0,0,1,"Carolina.Chickadee","Northern.Cardinal",0.226153846153846
"233",0,0,0,0,0,0,0,0,0,0,0,0,0,0,0,0,0,0,0,0,0,NA,0,1,1,1,1,1,1,1,1,1,1,1,1,1,1,1,"Carolina.Wren","Carolina.Wren",1
"234",0,0.693147180559945,-0.100083458556983,0.0381955977380362,-1.00680473941499,-0.146517054972187,-1.40089316054104,-0.399837631242436,0.145620189943527,-0.074107972153722,-0.22314355131421,-0.0944908434209224,-0.122374713123557,-0.847297860387204,0.085602724398804,-0.693147180559945,0.405465108108164,-0.559615787935423,-0.559615787935423,-0.092551557365245,0.405465108108164,NA,0.281541909440841,0,1,1,0,1,1,0,0,1,1,0,0,0,0,1,"Carolina.Wren","White.breasted.Nuthatch",0.293846153846154
"235",0,0.693147180559945,0.622051258876215,0.359214090457409,-0.714840005171205,0.0526951169861914,-0.797772131638818,-0.0900930435270378,0.368763741257736,0,-0.0307716586667535,0.0651393021709614,0.0994607935306379,-0.693147180559945,0.328105307184159,-0.693147180559945,-0.287682072451781,1.20397280432594,1.20397280432594,0.675525579210126,0,NA,0.184557557319019,1,0,1,0,0,1,0,0,1,1,1,1,0,1,1,"Carolina.Wren","Brown.headed.Nuthatch",0.573846153846154
"236",-1.09861228866811,0,-0.937124818776997,-0.841363124867389,-0.591677720395086,-0.542633730962216,-1.22291000534569,-0.636879635375798,-0.408575530522557,-0.306730267422475,-0.362905493689368,-0.0944908434209224,-0.26826398659468,-0.287682072451781,0.328105307184159,-0.693147180559945,-0.287682072451781,-0.405465108108164,-0.405465108108164,-0.888639200543645,0.405465108108164,0,0.629243378580465,0,0,0,0,0,1,0,1,1,1,0,1,0,0,0,"Carolina.Wren","Northern.Mockingbird",0.286153846153846
"237",-0.693147180559945,0.693147180559945,-1.28676476577286,-0.876454444678659,-0.198275484736196,-0.499737764042832,-0.722134717433198,-0.545568572209864,-0.468834722040754,-0.479573080261886,-0.523248143764548,-0.553159987592552,-0.577211549825802,-0.287682072451781,0.220237374767027,-1.09861228866811,0.405465108108164,1.34707364796661,1.34707364796661,-1.26519142675384,0,0,0.714490079760512,1,0,1,0,0,1,0,1,1,1,1,1,0,0,0,"Carolina.Wren","Brown.Thrasher",0.157692307692308
"238",-0.693147180559945,0,-0.369747025506085,-0.209240646145218,-1.05681515998965,-0.202397513366644,-1.52988528073215,-0.477968458608216,0.0827722862838629,-0.143100843640673,-0.271933715483642,0.198670694795484,0.0929461125094443,1.09861228866811,0.220237374767027,-0.693147180559945,0,-0.198850858745165,-0.198850858745165,-0.411618973682543,0.405465108108164,0,1.37118072330984,0,0,1,0,0,1,0,1,1,1,1,1,1,1,1,"Carolina.Wren","Eastern.Bluebird",-0.0569230769230769
"239",-1.09861228866811,-0.405465108108164,-1.41865964562192,-0.635292387861771,-0.933682474586024,-0.540421340679276,-1.69128893886442,-0.759892860089992,-0.423984155875402,-0.55594605904646,-0.559615787935423,-0.118783535989967,-0.325422400434628,0.405465108108164,0.578576476153077,-0.693147180559945,-0.847297860387204,-0.559615787935423,-0.559615787935423,-1.39175082796316,0.405465108108164,0,1.32010745312584,0,1,0,0,0,1,0,0,1,1,1,1,0,1,0,"Carolina.Wren","American.Robin",0.192307692307692
"240",0,-0.405465108108164,-0.332705753825736,-0.120627987788615,-0.873273346790464,-0.0336480341182328,-1.09861228866811,-0.231859664154575,0.178590209181096,-0.640503447074523,-0.677398823591806,0.198670694795484,0.224623936484644,-0.847297860387204,0,0,0,-0.832909122935104,-0.832909122935104,-0.326319865157195,0.405465108108164,NA,2.29651219983615,0,0,0,0,1,0,0,1,1,0,0,1,0,0,0,"Carolina.Wren","House.Sparrow",0.335384615384615
"241",-0.693147180559945,0,-0.118951942861365,-0.266754552345825,-0.880572649272076,-0.0590577496436009,-1.13707856949591,-0.262105230662131,0.206920715807322,-0.743157601134607,-0.723918839226699,0.27871340246902,0.466459620811006,-0.510825623765991,0.578576476153077,-0.693147180559945,-0.847297860387204,-0.559615787935423,-0.559615787935423,-0.0927817334509662,0.405465108108164,NA,3.20376218705815,0,0,0,0,0,0,0,0,1,1,0,1,0,0,1,"Carolina.Wren","House.Finch",0.00769230769230769
"242",0,0.693147180559945,0.394993808240869,0.0484943499386106,-0.884202417322655,0.0447110426379707,-1.03276572287052,-0.161339783399728,0.460701236583422,-0.479573080261886,-0.295464212893836,0.302810954048081,0.384966586559823,-0.510825623765991,0.085602724398804,0,-0.287682072451781,0.693147180559945,0.693147180559945,0.424586149554943,0,0,0.765772457057904,1,0,0,0,1,1,0,0,1,1,0,1,0,0,1,"Carolina.Wren","American.Goldfinch",-0.115384615384615
"243",-1.09861228866811,0,0.44300302742723,-0.0994257801380117,-0.752739277762191,0.0308904870193385,-0.874242495630656,-0.135213478807507,0.272225814215089,-0.22825865198098,-0.22314355131421,0.461034959262975,0.254701391721922,-0.510825623765991,0.420602455037904,-0.693147180559945,-0.510825623765991,-0.641853886172395,-0.641853886172395,0.394165552854231,0.405465108108164,0,0.487413183141247,0,0,0,0,0,1,0,0,1,1,1,1,0,0,0,"Carolina.Wren","Chipping.Sparrow",0.583846153846154
"244",-0.693147180559945,0,0.418710334858185,-0.201208474447954,-0.38179536402226,-0.0169655341582967,-0.462623521948113,-0.0808194067417088,0.178590209181096,-0.287682072451781,-0.295464212893836,0.519875459285909,0.485507815781701,-0.287682072451781,0.328105307184159,-0.693147180559945,-0.287682072451781,0.693147180559945,0.693147180559945,0.359806344787295,0,0,0.94382366878558,1,0,0,0,0,1,0,0,1,1,1,1,0,0,0,"Carolina.Wren","Field.Sparrow",0.133076923076923
"245",-0.693147180559945,0,-0.142047657656015,-0.281747336931966,-0.56710645966458,0,-0.663294217410264,-0.109895670823218,-0.00466201310581141,-0.54113097326132,-0.504556010752395,0.266878944822018,0.232058914972162,-0.510825623765991,0.503094509799383,-1.09861228866811,-0.287682072451781,-0.22314355131421,-0.22314355131421,-0.251688469803876,0.405465108108164,0,0.799297630242936,0,0,0,0,0,1,0,0,0,0,1,1,0,0,0,"Carolina.Wren","Song.Sparrow",0.00153846153846154
"246",-0.693147180559945,0,-0.744440474947496,-0.592596468665282,-0.176456437341557,-0.29714288095601,-0.490022496136228,-0.326076881314425,-0.232445943976523,-0.743157601134607,-0.541597282432744,0.124562722641762,0.0929461125094443,-0.287682072451781,0.778749904958749,-1.38629436111989,-0.510825623765991,0.0100503358535015,0.0100503358535015,-0.730731616606766,0.405465108108164,0,0.77146548754245,0,1,0,0,0,1,0,1,1,1,0,1,0,0,0,"Carolina.Wren","Eastern.Towhee",0.166923076923077
"247",-0.693147180559945,-0.405465108108164,-1.57517331846,-0.284719107321124,-0.777230297770487,-0.492793291690021,-1.4294665329851,-0.598762498276563,-0.620475990262586,-0.743157601134607,-0.645137961373585,-0.588787165235703,-0.684231816901993,-0.510825623765991,0.328105307184159,-0.693147180559945,-0.287682072451781,-0.22314355131421,-0.22314355131421,-1.60437461047755,0.405465108108164,0,0.031035018215932,0,0,1,0,1,1,0,1,1,0,1,1,1,1,0,"Carolina.Wren","Eastern.Meadowlark",-0.610769230769231
"248",-1.09861228866811,-0.405465108108164,-0.983457375417996,-0.561586231922721,-0.744440474947496,-0.524796022776195,-1.40811340851453,-0.686390398097066,-0.268813588147398,-0.81377516834856,-0.559615787935423,-0.327422401101295,-0.295051302558329,0.405465108108164,0.328105307184159,-0.693147180559945,-0.287682072451781,-0.22314355131421,-0.22314355131421,-1.04678722080352,0.405465108108164,0,1.05141875739465,0,0,0,0,0,1,0,0,1,1,1,1,0,0,0,"Carolina.Wren","Red.winged.Blackbird",-0.128461538461538
"249",-1.09861228866811,0,-0.751912489786197,-0.319708099171189,-1.06289420606603,-0.268487625195634,-1.60649240220434,-0.569666123788924,-0.143412321606126,-0.825074723602493,-0.594707107746693,0,-0.0405852801150784,1.09861228866811,0.328105307184159,-0.693147180559945,-0.287682072451781,-0.369837930465013,-0.369837930465013,-0.76968725768228,0.405465108108164,0,1.52900480850341,0,0,0,0,0,1,0,0,1,1,1,1,1,1,0,"Carolina.Wren","Brown.headed.Cowbird",-0.444615384615385
"250",-0.693147180559945,-0.405465108108164,-1.71142432113717,-0.84645219437486,-0.820629613305042,-0.624290095616756,-1.61822274198983,-0.8053027393506,-0.508954715830179,-0.990398704027877,-0.824723538348665,-0.674964861476755,-0.669193939537453,-0.693147180559945,0.71533936121597,-1.09861228866811,-0.693147180559945,0.693147180559945,0.693147180559945,-1.69413179128337,0,0,0.904181603084406,1,0,0,0,0,1,0,1,0,0,1,0,1,0,0,"Carolina.Wren","Common.Grackle",-0.06
"251",-1.09861228866811,0,0.476339447694821,-0.0630581359671368,-0.919793362425357,0.0269765876982021,-1.10836846361347,-0.189590249685579,0.14022934130865,0.0259754864032607,0.0317486983145803,0.327503566638452,0.232058914972162,1.09861228866811,0.503094509799383,-1.09861228866811,-0.287682072451781,-0.421994410059375,-0.421994410059375,0.480156000709754,0.405465108108164,0,-0.0151136378100482,0,1,1,0,0,1,0,0,1,1,1,1,1,1,1,"Carolina.Wren","Pine.Warbler",-0.106923076923077
"252",0,0,-0.807415274108884,-0.697084193519285,-0.307226668524751,-0.390139137629938,-0.736319352425154,-0.453667209926042,-0.135282195522876,-1.14862270924277,-1.06686359035353,-0.280902385466402,-0.0405852801150784,-0.287682072451781,0.328105307184159,-1.38629436111989,0.405465108108164,0,0,-0.812799026328528,0.405465108108164,NA,0.844560493645211,0,0,0,0,0,1,0,1,1,1,0,1,0,0,1,"Carolina.Wren","Northern.Cardinal",0.418461538461538
"262",0,0,0,0,0,0,0,0,0,0,0,0,0,0,0,0,0,0,0,0,0,NA,0,1,1,1,1,1,1,1,1,1,1,1,1,1,1,1,"White.breasted.Nuthatch","White.breasted.Nuthatch",1
"263",0,0,0.722134717433198,0.321018492719373,0.291964734243782,0.199212171958378,0.603121028902226,0.309744587715398,0.22314355131421,0.074107972153722,0.192371892647456,0.159630145591884,0.221835506654194,0.154150679827258,0.242502582785355,0,-0.693147180559945,1.76358859226136,1.76358859226136,0.768077136575371,-0.405465108108164,NA,-0.0969843521218216,0,0,1,1,0,1,1,1,1,1,0,0,1,0,1,"White.breasted.Nuthatch","Brown.headed.Nuthatch",0.532307692307692
"264",-1.09861228866811,-0.693147180559945,-0.837041360220015,-0.879558722605425,0.415127019019901,-0.396116675990029,0.177983155195356,-0.237042004133362,-0.554195720466084,-0.232622295268753,-0.139761942375159,0,-0.145889273471123,0.559615787935423,0.242502582785355,0,-0.693147180559945,0.154150679827258,0.154150679827258,-0.7960876431784,0,0,0.347701469139624,1,0,0,0,0,1,0,0,1,1,1,0,1,1,0,"White.breasted.Nuthatch","Northern.Mockingbird",0.394615384615385
"265",-0.693147180559945,0,-1.18668130721588,-0.914650042416695,0.80852925467879,-0.353220709070645,0.678758443107846,-0.145730940967428,-0.61445491198428,-0.405465108108164,-0.300104592450338,-0.458669144171629,-0.454836836702246,0.559615787935423,0.134634650368223,-0.405465108108164,0,1.90668943590203,1.90668943590203,-1.17263986938859,-0.405465108108164,0,0.432948170319671,0,0,1,1,0,1,0,0,1,1,0,0,1,1,0,"White.breasted.Nuthatch","Brown.Thrasher",0.0769230769230769
"266",-0.693147180559945,-0.693147180559945,-0.269663566949103,-0.247436243883254,-0.0500104205746613,-0.0558804583944567,-0.128992120191103,-0.0781308273657797,-0.0628479036596636,-0.0689928714869514,-0.0487901641694321,0.293161538216406,0.215320825633001,1.94591014905531,0.134634650368223,0,-0.405465108108164,0.360764929190257,0.360764929190257,-0.319067416317298,0,0,1.089638813869,1,0,1,0,0,1,0,0,1,1,0,0,0,0,1,"White.breasted.Nuthatch","Eastern.Bluebird",-0.0353846153846154
"267",-1.09861228866811,-1.09861228866811,-1.31857618706494,-0.673487985599807,0.0731222648289626,-0.393904285707088,-0.290395778323377,-0.360055228847556,-0.569604345818929,-0.481838086892738,-0.336472236621213,-0.0242926925690446,-0.203047687311071,1.25276296849537,0.492973751754273,0,-1.25276296849537,0,0,-1.29919927059792,0,0,1.038565543685,1,1,0,0,0,1,0,1,1,1,0,0,1,0,0,"White.breasted.Nuthatch","American.Robin",0.108461538461538
"268",0,-1.09861228866811,-0.232622295268753,-0.158823585526651,0.133531392624523,0.112869020853954,0.302280871872934,0.167977967087861,0.0329700192375699,-0.566395474920801,-0.454255272277596,0.293161538216406,0.346998649608201,0,-0.0856027243988042,0.693147180559945,-0.405465108108164,-0.273293334999681,-0.273293334999681,-0.23376830779195,0,NA,2.01497029039531,0,0,0,0,1,0,0,0,1,0,1,0,0,0,0,"White.breasted.Nuthatch","House.Sparrow",0.266153846153846
"269",-0.693147180559945,-0.693147180559945,-0.0188684843043827,-0.304950150083861,0.126232090142911,0.0874593053285862,0.263814591045138,0.137732400580305,0.0613005258637959,-0.669049628980885,-0.500775287912489,0.373204245889943,0.588834333934563,0.336472236621213,0.492973751754273,0,-1.25276296849537,0,0,-0.000230176085721169,0,NA,2.92222027761731,1,0,0,0,0,0,0,1,1,1,1,0,0,0,1,"White.breasted.Nuthatch","House.Finch",-0.268461538461538
"270",0,0,0.495077266797852,0.0102987522005745,0.122602322092332,0.191228097610158,0.36812743767052,0.238497847842708,0.315081046639895,-0.405465108108164,-0.0723206615796261,0.397301797469003,0.50734129968338,0.336472236621213,0,0.693147180559945,-0.693147180559945,1.25276296849537,1.25276296849537,0.517137706920188,-0.405465108108164,0,0.484230547617063,0,0,0,0,1,1,0,1,1,1,1,0,0,0,1,"White.breasted.Nuthatch","American.Goldfinch",-0.113846153846154
"271",-1.09861228866811,-0.693147180559945,0.543086485984212,-0.137621377876048,0.254065461652796,0.177407541991526,0.526650664910388,0.264624152434928,0.126605624271562,-0.154150679827258,0,0.555525802683898,0.377076104845478,0.336472236621213,0.3349997306391,0,-0.916290731874155,-0.0822380982369721,-0.0822380982369721,0.486717110219476,0,0,0.205871273700406,1,0,0,0,0,1,0,1,1,1,0,0,1,1,0,"White.breasted.Nuthatch","Chipping.Sparrow",0.436923076923077
"272",-0.693147180559945,-0.693147180559945,0.518793793415168,-0.23940407218599,0.625009375392727,0.12955152081389,0.93826963859293,0.319018224500727,0.0329700192375699,-0.213574100298059,-0.0723206615796261,0.614366302706831,0.607882528905257,0.559615787935423,0.242502582785355,0,-0.693147180559945,1.25276296849537,1.25276296849537,0.45235790215254,-0.405465108108164,0,0.662281759344738,0,0,0,0,0,1,0,1,1,1,0,0,1,0,0,"White.breasted.Nuthatch","Field.Sparrow",0.00384615384615385
"273",-0.693147180559945,-0.693147180559945,-0.0419641990990321,-0.319942934670002,0.439698279750406,0.146517054972187,0.737598943130779,0.289941960419218,-0.150282203049338,-0.467023001107598,-0.281412459438185,0.36136978824294,0.354433628095718,0.336472236621213,0.417491785400579,-0.405465108108164,-0.693147180559945,0.336472236621213,0.336472236621213,-0.15913691243863,0,0,0.517755720802095,1,0,0,0,0,1,1,1,0,0,0,0,1,1,0,"White.breasted.Nuthatch","Song.Sparrow",0.0769230769230769
"274",-0.693147180559945,-0.693147180559945,-0.644357016390513,-0.630792066403318,0.83034830207343,-0.150625825983823,0.910870664404816,0.073760749928011,-0.37806613392005,-0.669049628980885,-0.318453731118535,0.219053566062685,0.215320825633001,0.559615787935423,0.693147180559945,-0.693147180559945,-0.916290731874155,0.569666123788924,0.569666123788924,-0.638180059241521,0,0,0.489923578101608,1,1,0,0,0,1,1,0,1,1,0,0,0,1,0,"White.breasted.Nuthatch","Eastern.Towhee",0.353846153846154
"275",-0.693147180559945,-1.09861228866811,-1.47508985990302,-0.32291470505916,0.2295744416445,-0.346276236717834,-0.0285733724440559,-0.198924867034127,-0.766096180206113,-0.669049628980885,-0.421994410059375,-0.49429632181478,-0.561857103778437,0.336472236621213,0.242502582785355,0,-0.693147180559945,0.336472236621213,0.336472236621213,-1.51182305311231,0,0,-0.250506891224909,1,0,1,0,1,1,0,0,1,0,0,0,0,0,0,"White.breasted.Nuthatch","Eastern.Meadowlark",-0.336923076923077
"276",-1.09861228866811,-1.09861228866811,-0.883373916861013,-0.599781829660757,0.262364264467491,-0.378278967804008,-0.00722024797348702,-0.28655276685463,-0.414433778090925,-0.739667196194838,-0.336472236621213,-0.232931557680373,-0.172676589434773,1.25276296849537,0.242502582785355,0,-0.693147180559945,0.336472236621213,0.336472236621213,-0.954235663438278,0,0,0.769876847953809,1,0,0,0,0,1,0,1,1,1,0,0,0,0,0,"White.breasted.Nuthatch","Red.winged.Blackbird",-0.113076923076923
"277",-1.09861228866811,-0.693147180559945,-0.651829031229214,-0.357903696909225,-0.0560894666510436,-0.121970570223447,-0.2055992416633,-0.169828492546488,-0.289032511549652,-0.750966751448772,-0.371563556432483,0.0944908434209223,0.0817894330084781,1.94591014905531,0.242502582785355,0,-0.693147180559945,0.189777857470409,0.189777857470409,-0.677135700317035,0,0,1.24746289906257,1,0,0,0,0,1,0,1,1,1,0,0,0,0,0,"White.breasted.Nuthatch","Brown.headed.Cowbird",-0.0753846153846154
"278",-0.693147180559945,-1.09861228866811,-1.61134086258019,-0.884647792112896,0.186175126109945,-0.477773040644569,-0.21732958144879,-0.405465108108164,-0.654574905773706,-0.916290731874155,-0.601579987034455,-0.580474018055833,-0.546819226413896,0.154150679827258,0.629736636817166,-0.405465108108164,-1.09861228866811,1.25276296849537,1.25276296849537,-1.60158023391812,-0.405465108108164,0,0.622639693643565,0,0,0,0,0,1,1,0,0,0,0,1,0,1,0,"White.breasted.Nuthatch","Common.Grackle",-0.263076923076923
"279",-1.09861228866811,-0.693147180559945,0.576422906251804,-0.101253733705173,0.0870113769896297,0.173493642670389,0.292524696927569,0.210247381556857,-0.00539084863487653,0.100083458556983,0.25489224962879,0.421994410059375,0.354433628095718,1.94591014905531,0.417491785400579,-0.405465108108164,-0.693147180559945,0.137621377876048,0.137621377876048,0.572707558074999,0,0,-0.296655547250889,1,1,1,0,0,1,0,1,1,1,0,0,0,0,1,"White.breasted.Nuthatch","Pine.Warbler",-0.276923076923077
"280",0,-0.693147180559945,-0.707331815551902,-0.735279791257321,0.699578070890236,-0.24362208265775,0.664573808115889,-0.0538295786836061,-0.280902385466402,-1.07451473708905,-0.84372003903932,-0.18641154204548,0.0817894330084781,0.559615787935423,0.242502582785355,-0.693147180559945,0,0.559615787935423,0.559615787935423,-0.720247468963283,0,NA,0.56301858420437,1,0,0,0,0,1,0,0,1,1,0,0,0,1,1,"White.breasted.Nuthatch","Northern.Cardinal",0.0423076923076923
"291",0,0,0,0,0,0,0,0,0,0,0,0,0,0,0,0,0,0,0,0,0,NA,0,1,1,1,1,1,1,1,1,1,1,1,1,1,1,1,"Brown.headed.Nuthatch","Brown.headed.Nuthatch",1
"292",-1.09861228866811,-0.693147180559945,-1.55917607765321,-1.2005772153248,0.123162284776119,-0.595328847948407,-0.425137873706869,-0.54678659184876,-0.777339271780293,-0.306730267422475,-0.332133835022615,-0.159630145591884,-0.367724780125317,0.405465108108164,0,0,0,-1.6094379124341,-1.6094379124341,-1.56416477975377,0.405465108108164,0,0.444685821261446,0,0,0,0,0,1,0,0,1,1,0,1,1,0,0,"Brown.headed.Nuthatch","Northern.Mockingbird",0.593846153846154
"293",-0.693147180559945,0,-1.90881602464907,-1.23566853513607,0.516564520435009,-0.552432881029023,0.07563741420562,-0.455475528682826,-0.83759846329849,-0.479573080261886,-0.492476485097794,-0.618299289763513,-0.67667234335644,0.405465108108164,-0.107867932417133,-0.405465108108164,0.693147180559945,0.143100843640673,0.143100843640673,-1.94071700596396,0,0,0.529932522441493,1,0,1,1,0,1,0,0,1,1,1,1,1,0,0,"Brown.headed.Nuthatch","Brown.Thrasher",-0.0738461538461539
"294",-0.693147180559945,-0.693147180559945,-0.9917982843823,-0.568454736602627,-0.341975154818443,-0.255092630352835,-0.732113149093329,-0.387875415081178,-0.285991454973873,-0.143100843640673,-0.241162056816888,0.133531392624523,-0.00651468102119364,1.79175946922805,-0.107867932417133,0,0.287682072451781,-1.4028236630711,-1.4028236630711,-1.08714455289267,0.405465108108164,0,1.18662316599082,0,1,1,0,0,1,0,0,1,1,1,1,0,1,1,"Brown.headed.Nuthatch","Eastern.Bluebird",0.253846153846154
"295",-1.09861228866811,-1.09861228866811,-2.04071090449814,-0.99450647831918,-0.218842469414819,-0.593116457665467,-0.893516807225603,-0.669799816562954,-0.792747897133138,-0.55594605904646,-0.528844129268669,-0.183922838160928,-0.424883193965266,1.09861228866811,0.250471168968918,0,-0.559615787935423,-1.76358859226136,-1.76358859226136,-2.06727640717329,0.405465108108164,0,1.13554989580682,0,0,0,0,0,1,0,1,1,1,1,1,1,1,0,"Brown.headed.Nuthatch","American.Robin",0.174615384615385
"296",0,-1.09861228866811,-0.954757012701951,-0.479842078246023,-0.158433341619259,-0.086343151104424,-0.300840157029292,-0.141766620627537,-0.19017353207664,-0.640503447074523,-0.646627164925052,0.133531392624523,0.125163142954006,-0.154150679827258,-0.328105307184159,0.693147180559945,0.287682072451781,-2.03688192726104,-2.03688192726104,-1.00184544436732,0.405465108108164,NA,2.11195464251713,0,0,0,0,0,0,0,0,1,0,0,1,0,0,0,"Brown.headed.Nuthatch","House.Sparrow",0.640769230769231
"297",-0.693147180559945,-0.693147180559945,-0.74100320173758,-0.625968642803234,-0.165732644100871,-0.111752866629792,-0.339306437857088,-0.172012187135093,-0.161843025450414,-0.743157601134607,-0.693147180559945,0.213574100298059,0.366998827280368,0.182321556793955,0.250471168968918,0,-0.559615787935423,-1.76358859226136,-1.76358859226136,-0.768307312661092,0.405465108108164,NA,3.01920462973913,0,0,0,0,0,0,0,1,1,1,0,1,0,0,1,"Brown.headed.Nuthatch","House.Finch",0.162307692307692
"298",0,0,-0.227057450635346,-0.310719740518798,-0.169362412151449,-0.00798407434822053,-0.234993591231706,-0.0712467398726896,0.0919374953256856,-0.479573080261886,-0.264692554227082,0.23767165187712,0.285505793029185,0.182321556793955,-0.242502582785355,0.693147180559945,0,-0.510825623765991,-0.510825623765991,-0.250939429655183,0,0,0.581214899738884,1,0,0,0,0,1,0,1,1,1,0,1,0,0,1,"Brown.headed.Nuthatch","American.Goldfinch",-0.112307692307692
"299",-1.09861228866811,-0.693147180559945,-0.179048231448985,-0.45863987059542,-0.0378992725909858,-0.0218046299668528,-0.076470363991838,-0.0451204352804695,-0.0965379270426473,-0.22825865198098,-0.192371892647456,0.395895657092014,0.155240598191284,0.182321556793955,0.0924971478537448,0,-0.22314355131421,-1.84582669049833,-1.84582669049833,-0.281360026355895,0.405465108108164,0,0.302855625822228,0,1,0,0,1,1,0,1,1,1,1,1,1,0,0,"Brown.headed.Nuthatch","Chipping.Sparrow",0.283076923076923
"300",-0.693147180559945,-0.693147180559945,-0.20334092401803,-0.560422564905363,0.333044641148945,-0.0696606511444879,0.335148609690704,0.00927363678532903,-0.19017353207664,-0.287682072451781,-0.264692554227082,0.454736157114947,0.386047022251063,0.405465108108164,0,0,0,-0.510825623765991,-0.510825623765991,-0.31571923442283,0,0,0.75926611146656,1,0,0,0,1,1,0,1,1,1,1,1,1,0,0,"Brown.headed.Nuthatch","Field.Sparrow",0.2
"301",-0.693147180559945,-0.693147180559945,-0.76409891653223,-0.640961427389375,0.147733545506625,-0.0526951169861912,0.134477914228554,-0.0198026272961796,-0.373425754363548,-0.54113097326132,-0.473784352085642,0.201739642651056,0.132598121441524,0.182321556793955,0.174989202615224,-0.405465108108164,0,-1.42711635564015,-1.42711635564015,-0.927214049014001,0.405465108108164,0,0.614740072923917,0,0,0,0,0,1,1,1,0,0,1,1,1,0,0,"Brown.headed.Nuthatch","Song.Sparrow",0.120769230769231
"302",-0.693147180559945,-0.693147180559945,-1.36649173382371,-0.95181055912269,0.538383567829649,-0.349837997942201,0.30774963550259,-0.235983837787387,-0.60120968523426,-0.743157601134607,-0.510825623765991,0.0594234204708008,-0.00651468102119364,0.405465108108164,0.45064459777459,-0.693147180559945,-0.22314355131421,-1.19392246847243,-1.19392246847243,-1.40625719581689,0.405465108108164,0,0.58690793022343,0,0,0,0,0,1,1,0,1,1,0,1,0,0,0,"Brown.headed.Nuthatch","Eastern.Towhee",0.117692307692308
"303",-0.693147180559945,-1.09861228866811,-2.19722457733622,-0.643933197778533,-0.0623902925992816,-0.545488408676212,-0.631694401346282,-0.508669454749526,-0.989239731520323,-0.743157601134607,-0.614366302706831,-0.653926467406664,-0.783692610432631,0.182321556793955,0,0,0,-1.42711635564015,-1.42711635564015,-2.27990018968768,0.405465108108164,0,-0.153522539103087,0,0,1,0,0,1,0,0,1,0,1,1,0,1,0,"Brown.headed.Nuthatch","Eastern.Meadowlark",-0.241538461538462
"304",-1.09861228866811,-1.09861228866811,-1.60550863429421,-0.92080032238013,-0.0296004697762907,-0.577491139762386,-0.610341276875713,-0.596297354570028,-0.637577329405135,-0.81377516834856,-0.528844129268669,-0.392561703272256,-0.394512096088967,1.09861228866811,0,0,0,-1.42711635564015,-1.42711635564015,-1.72231280001365,0.405465108108164,0,0.86686120007563,0,0,0,0,1,1,0,1,1,1,1,1,0,0,0,"Brown.headed.Nuthatch","Red.winged.Blackbird",-0.0961538461538462
"305",-1.09861228866811,-0.693147180559945,-1.37396374866241,-0.678922189628598,-0.348054200894825,-0.321182742181825,-0.808720270565526,-0.479573080261886,-0.512176062863862,-0.825074723602493,-0.563935449079939,-0.0651393021709614,-0.140046073645716,1.79175946922805,0,0,0,-1.57381073479095,-1.57381073479095,-1.44521283689241,0.405465108108164,0,1.34444725118439,0,0,0,0,1,1,0,1,1,1,1,1,0,1,0,"Brown.headed.Nuthatch","Brown.headed.Cowbird",-0.358461538461538
"306",-0.693147180559945,-1.09861228866811,-2.33347558001338,-1.20566628483227,-0.105789608133837,-0.676985212602947,-0.820450610351016,-0.715209695823563,-0.877718457087915,-0.990398704027877,-0.793951879681911,-0.740104163647716,-0.76865473306809,0,0.38723405403181,-0.405465108108164,-0.405465108108164,-0.510825623765991,-0.510825623765991,-2.36965737049349,0,0,0.719624045765386,1,1,0,0,0,1,1,0,0,0,1,0,0,0,0,"Brown.headed.Nuthatch","Common.Grackle",-0.115384615384615
"307",-1.09861228866811,-0.693147180559945,-0.145711811181394,-0.422272226424546,-0.204953357254152,-0.0257185292879892,-0.310596331974657,-0.0994972061585414,-0.228534399949086,0.0259754864032607,0.0625203569813339,0.262364264467491,0.132598121441524,1.79175946922805,0.174989202615224,-0.405465108108164,0,-1.62596721438531,-1.62596721438531,-0.195369578500372,0.405465108108164,0,-0.199671195129068,0,0,1,0,0,1,0,1,1,1,1,1,0,1,1,"Brown.headed.Nuthatch","Pine.Warbler",0.0653846153846154
"308",0,-0.693147180559945,-1.4294665329851,-1.05629828397669,0.407613336646454,-0.442834254616129,0.0614527792136637,-0.363574166399004,-0.504045936780612,-1.14862270924277,-1.03609193168678,-0.346041687637364,-0.140046073645716,0.405465108108164,0,-0.693147180559945,0.693147180559945,-1.20397280432594,-1.20397280432594,-1.48832460553865,0.405465108108164,NA,0.660002936326191,0,0,0,0,0,1,0,0,1,1,0,1,0,0,1,"Brown.headed.Nuthatch","Northern.Cardinal",0.0115384615384615
"320",0,0,0,0,0,0,0,0,0,0,0,0,0,0,0,0,0,0,0,0,0,0,0,1,1,1,1,1,1,1,1,1,1,1,1,1,1,1,"Northern.Mockingbird","Northern.Mockingbird",1
"321",0.405465108108164,0.693147180559945,-0.34963994699586,-0.0350913198112702,0.393402235658889,0.0428959669193841,0.500775287912489,0.0913110631659345,-0.0602591915181968,-0.172842812839411,-0.16034265007518,-0.458669144171629,-0.308947563231123,0,-0.107867932417133,-0.405465108108164,0.693147180559945,1.75253875607477,1.75253875607477,-0.376552226210192,-0.405465108108164,-0.944226514909216,0.0852467011800473,0,1,0,0,0,1,0,1,1,1,0,1,1,1,1,"Northern.Mockingbird","Brown.Thrasher",0.265384615384615
"322",0.405465108108164,0,0.567377793270912,0.632122478722171,-0.465137439594562,0.340236217595572,-0.30697527538646,0.158911176767583,0.49134781680642,0.163629423781802,0.0909717782057266,0.293161538216406,0.361210099104124,1.38629436111989,-0.107867932417133,0,0.287682072451781,0.206614249362999,0.206614249362999,0.477020226861102,0,0.192133902341055,0.741937344729377,1,0,0,0,0,1,1,1,1,1,0,1,0,0,0,"Northern.Mockingbird","Eastern.Bluebird",0.195384615384615
"323",0,-0.405465108108164,-0.481534826844925,0.206070737005618,-0.342004754190939,0.00221239028294064,-0.468378933518734,-0.123013224714194,-0.0154086253528451,-0.249215791623985,-0.196710294246054,-0.0242926925690446,-0.0571584138399485,0.693147180559945,0.250471168968918,0,-0.559615787935423,-0.154150679827258,-0.154150679827258,-0.50311162741952,0,-1.70108543675045,0.690864074545377,1,0,1,0,0,1,1,0,1,1,0,1,1,0,1,"Northern.Mockingbird","American.Robin",0.0761538461538462
"324",1.09861228866811,-0.405465108108164,0.604419064951261,0.720735137078774,-0.281595626395379,0.508985696843983,0.124297716677577,0.405019971221224,0.587165739703653,-0.333773179652048,-0.314493329902438,0.293161538216406,0.492887923079323,-0.559615787935423,-0.328105307184159,0.693147180559945,0.287682072451781,-0.42744401482694,-0.42744401482694,0.56231933538645,0,0,1.66726882125568,0,0,0,0,0,0,0,1,1,0,1,1,0,0,0,"Northern.Mockingbird","House.Sparrow",0.35
"325",0.405465108108164,0,0.818172875915632,0.574608572521564,-0.28889492887699,0.483575981318615,0.0858314358497812,0.374774404713667,0.615496246329879,-0.436427333712131,-0.361013345537331,0.373204245889943,0.734723607405686,-0.22314355131421,0.250471168968918,0,-0.559615787935423,-0.154150679827258,-0.154150679827258,0.795857467092679,0,0,2.57451880847769,1,1,0,0,0,0,0,0,1,1,1,1,0,0,0,"Northern.Mockingbird","House.Finch",0.33
"326",1.09861228866811,0.693147180559945,1.33211862701787,0.889857474806,-0.292524696927569,0.587344773600187,0.190144282475164,0.475539851976071,0.869276767105979,-0.172842812839411,0.0674412807955325,0.397301797469003,0.653230573154503,-0.22314355131421,-0.242502582785355,0.693147180559945,0,1.09861228866811,1.09861228866811,1.31322535009859,-0.405465108108164,-0.523854201026082,0.136529078477439,0,1,0,0,0,1,0,0,1,1,1,1,0,0,0,"Northern.Mockingbird","American.Goldfinch",-0.0361538461538462
"327",0,0,1.38012784620423,0.741937344729377,-0.161061557367105,0.573524217981555,0.348667509715031,0.501666156568291,0.680801344737646,0.0784716154414951,0.139761942375159,0.555525802683898,0.522965378316601,-0.22314355131421,0.0924971478537448,0,-0.22314355131421,-0.23638877806423,-0.23638877806423,1.28280475339788,0,-1.81128965402581,-0.141830195439218,1,0,0,0,0,1,0,0,1,1,0,1,1,1,1,"Northern.Mockingbird","Chipping.Sparrow",0.301538461538462
"328",0.405465108108164,0,1.35583515363518,0.640154650419435,0.209882356372826,0.52566819680392,0.760286483397574,0.55606022863409,0.587165739703653,0.0190481949706944,0.0674412807955325,0.614366302706831,0.75377180237638,0,0,0,0,1.09861228866811,1.09861228866811,1.24844554533094,-0.405465108108164,-0.472418558034178,0.314580290205114,0,0,0,0,0,1,0,0,1,1,0,1,1,0,1,"Northern.Mockingbird","Field.Sparrow",0.208461538461538
"329",0.405465108108164,0,0.795077161120982,0.559615787935423,0.0245712607305053,0.542633730962216,0.559615787935423,0.526983964552581,0.403913517416746,-0.234400705838844,-0.141650517063027,0.36136978824294,0.500322901566841,-0.22314355131421,0.174989202615224,-0.405465108108164,0,0.182321556793955,0.182321556793955,0.636950730739769,0,-1.25359043251901,0.170054251662471,1,1,1,0,0,1,0,0,0,0,0,1,1,1,1,"Northern.Mockingbird","Song.Sparrow",-0.163846153846154
"330",0.405465108108164,0,0.192684343829501,0.248766656202107,0.415221283053529,0.245490850006206,0.73288750920946,0.310802754061373,0.176129586546034,-0.436427333712131,-0.178691788743376,0.219053566062685,0.361210099104124,0,0.45064459777459,-0.693147180559945,-0.22314355131421,0.415515443961666,0.415515443961666,0.157907583936878,0,-0.11477654299601,0.142222108961984,1,0,1,0,0,1,0,1,1,1,0,1,0,1,1,"Northern.Mockingbird","Eastern.Towhee",-0.214615384615385
"331",0.405465108108164,-0.405465108108164,-0.638048499683007,0.556644017546265,-0.185552577375401,0.0498404392721953,-0.206556527639412,0.0381171370992349,-0.211900459740029,-0.436427333712131,-0.282232467684216,-0.49429632181478,-0.415967830307314,-0.22314355131421,0,0,0,0.182321556793955,0.182321556793955,-0.715735409933909,0,-0.537283581260655,-0.598208360364533,1,0,0,0,0,1,0,1,1,0,0,1,0,0,0,"Northern.Mockingbird","Eastern.Meadowlark",0.0892307692307692
"332",0,-0.405465108108164,-0.0463325566409986,0.279776892944668,-0.15276275455241,0.0178377081860214,-0.185203403168843,-0.0495107627212673,0.139761942375159,-0.507044900926085,-0.196710294246054,-0.232931557680373,-0.0267873159636497,0.693147180559945,0,0,0,0.182321556793955,0.182321556793955,-0.158148020259879,0,-0.857684477611994,0.422175378814185,1,0,0,0,0,1,0,0,1,1,0,1,0,0,1,"Northern.Mockingbird","Red.winged.Blackbird",-0.31
"333",0,0,0.1852123289908,0.5216550256962,-0.471216485670945,0.274146105766582,-0.383582396858657,0.0672135115868742,0.265163208916431,-0.518344456180018,-0.231801614057324,0.0944908434209223,0.227678706479601,1.38629436111989,0,0,0,0.035627177643151,0.035627177643151,0.118951942861365,0,-0.846351969032578,0.899761429922945,1,0,0,0,0,1,0,0,1,1,0,1,0,0,0,"Northern.Mockingbird","Brown.headed.Cowbird",-0.163846153846154
"334",0.405465108108164,-0.405465108108164,-0.774299502360172,-0.0050890695074714,-0.228951892909957,-0.0816563646545398,-0.395312736644146,-0.168423103974802,-0.100379185307622,-0.683668436605402,-0.461818044659296,-0.580474018055833,-0.400929952942773,-0.405465108108164,0.38723405403181,-0.405465108108164,-0.405465108108164,1.09861228866811,1.09861228866811,-0.805492590739723,-0.405465108108164,-0.742541502579337,0.27493822450394,0,0,1,0,0,1,0,1,0,0,0,0,0,1,0,"Northern.Mockingbird","Common.Grackle",-0.181538461538462
"335",0,0,1.41346426647182,0.778304988900252,-0.328115642030271,0.569610318660418,0.114541541732212,0.447289385690219,0.548804871831207,0.332705753825736,0.394654192003949,0.421994410059375,0.500322901566841,1.38629436111989,0.174989202615224,-0.405465108108164,0,-0.0165293019512106,-0.0165293019512106,1.3687952012534,0,-0.802293188660108,-0.644357016390513,1,0,0,0,0,1,0,0,1,1,0,1,0,0,0,"Northern.Mockingbird","Pine.Warbler",0.186153846153846
"336",1.09861228866811,0,0.129709544668113,0.144278931348104,0.284451051870334,0.152494593332279,0.486590652920533,0.183212425449756,0.273293334999682,-0.841892441820296,-0.703958096664161,-0.18641154204548,0.227678706479601,0,0,-0.693147180559945,0.693147180559945,0.405465108108164,0.405465108108164,0.0758401742151173,0,0,0.215317115064746,1,1,1,0,0,1,0,1,1,1,0,1,0,1,0,"Northern.Mockingbird","Northern.Cardinal",-0.108461538461538
"349",0,0,0,0,0,0,0,0,0,0,0,0,0,0,0,0,0,0,0,0,0,0,0,1,1,1,1,1,1,1,1,1,1,1,1,1,1,1,"Brown.Thrasher","Brown.Thrasher",1
"350",0,-0.693147180559945,0.917017740266772,0.667213798533441,-0.858539675253452,0.297340250676188,-0.807750563298949,0.0676001136016481,0.551607008324617,0.336472236621213,0.251314428280906,0.751830682388036,0.670157662335247,1.38629436111989,0,0.405465108108164,-0.405465108108164,-1.54592450671177,-1.54592450671177,0.853572453071294,0.405465108108164,1.13636041725027,0.65669064354933,0,0,1,0,1,1,0,1,1,1,1,1,0,0,0,"Brown.Thrasher","Eastern.Bluebird",0.297692307692308
"351",-0.405465108108164,-1.09861228866811,-0.131894879849065,0.241162056816888,-0.735406989849828,-0.0406835766364435,-0.969154221431223,-0.214324287880128,0.0448505661653517,-0.076372978784574,-0.0363676441708747,0.434376451602584,0.251789149391174,0.693147180559945,0.35833910138605,0.405465108108164,-1.25276296849537,-1.90668943590203,-1.90668943590203,-0.126559401209328,0.405465108108164,-0.756858921841234,0.60561737336533,0,0,0,0,0,1,0,0,1,1,1,1,1,0,1,"Brown.Thrasher","American.Robin",-0.0953846153846154
"352",0.693147180559945,-1.09861228866811,0.954059011947121,0.755826456890044,-0.674997862054268,0.466089729924599,-0.376477571234912,0.313708908055289,0.64742493122185,-0.160930366812637,-0.154150679827258,0.751830682388036,0.801835486310446,-0.559615787935423,-0.220237374767027,1.09861228866811,-0.405465108108164,-2.17998277090171,-2.17998277090171,0.938871561596642,0.405465108108164,0,1.58202212007563,0,0,0,0,0,0,0,1,1,0,0,1,0,0,0,"Brown.Thrasher","House.Sparrow",-0.387692307692308
"353",0,-0.693147180559945,1.16781282291149,0.609699892332834,-0.68229716453588,0.440680014399231,-0.414943852062708,0.283463341547732,0.675755437848076,-0.26358452087272,-0.200670695462151,0.831873390061572,1.04367117063681,-0.22314355131421,0.35833910138605,0.405465108108164,-1.25276296849537,-1.90668943590203,-1.90668943590203,1.17240969330287,0.405465108108164,0,2.48927210729764,0,1,0,0,1,0,0,0,1,1,0,1,0,0,0,"Brown.Thrasher","House.Finch",0.0553846153846154
"354",0.693147180559945,0,1.68175857401373,0.92494879461727,-0.685926932586458,0.544448806680803,-0.310631005437326,0.384228788810136,0.929535958624176,0,0.227783930870712,0.855970941640633,0.962178136385626,-0.22314355131421,-0.134634650368223,1.09861228866811,-0.693147180559945,-0.653926467406664,-0.653926467406664,1.68977757630878,0,0.420372313883134,0.0512823772973914,1,1,0,0,0,1,0,0,1,1,0,1,0,0,0,"Brown.Thrasher","American.Goldfinch",-0.256923076923077
"355",-0.405465108108164,-0.693147180559945,1.72976779320009,0.777028664540647,-0.554463793025994,0.53062825106217,-0.152107778197458,0.410355093402356,0.741060536255843,0.251314428280906,0.300104592450338,1.01419494685553,0.831912941547724,-0.22314355131421,0.200365080270877,0.405465108108164,-0.916290731874155,-1.988927534139,-1.988927534139,1.65935697960807,0.405465108108164,-0.867063139116597,-0.227076896619265,0,0,0,0,0,1,0,0,1,1,1,1,1,1,1,"Brown.Thrasher","Chipping.Sparrow",0.00692307692307692
"356",0,-0.693147180559945,1.70547510063104,0.675245970230705,-0.183519879286063,0.482772229884535,0.259511195485085,0.464749165468155,0.64742493122185,0.191891007810105,0.227783930870712,1.07303544687846,1.0627193656075,0,0.107867932417132,0.405465108108164,-0.693147180559945,-0.653926467406664,-0.653926467406664,1.62499777154113,0,0.471807956875038,0.229333589025067,1,0,0,0,0,1,0,0,1,1,1,1,1,0,1,"Brown.Thrasher","Field.Sparrow",-0.0761538461538462
"357",0,-0.693147180559945,1.14471710811684,0.594707107746693,-0.368830974928384,0.499737764042832,0.0588405000229334,0.435672901386646,0.464172708934942,-0.0615578929994334,0.0186921330121525,0.820038932414569,0.809270464797964,-0.22314355131421,0.282857135032356,0,-0.693147180559945,-1.57021719928082,-1.57021719928082,1.01350295694996,0.405465108108164,-0.309363917609792,0.0848075504824241,0,1,0,0,1,1,0,0,0,0,1,1,1,1,1,"Brown.Thrasher","Song.Sparrow",-0.360769230769231
"358",0,-0.693147180559945,0.542324290825362,0.283857976013377,0.0218190473946399,0.202594883086822,0.23211222129697,0.219491690895439,0.236388778064231,-0.26358452087272,-0.0183491386681964,0.677722710234314,0.670157662335247,0,0.558512530191722,-0.287682072451781,-0.916290731874155,-1.33702331211311,-1.33702331211311,0.53445981014707,0.405465108108164,0.829449971913206,0.0569754077819373,0,0,0,0,1,1,0,1,1,1,0,1,0,1,1,"Brown.Thrasher","Eastern.Towhee",0.222307692307692
"359",0,-1.09861228866811,-0.288408552687147,0.591735337357535,-0.57895481303429,0.00694447235281122,-0.707331815551902,-0.0531939260666997,-0.151641268221832,-0.26358452087272,-0.121889817609037,-0.035627177643151,-0.107020267076191,-0.22314355131421,0.107867932417132,0.405465108108164,-0.693147180559945,-1.57021719928082,-1.57021719928082,-0.339183183723717,0.405465108108164,0.406942933648562,-0.68345506154458,0,0,1,0,0,1,0,1,1,0,1,1,0,0,0,"Brown.Thrasher","Eastern.Meadowlark",0.0746153846153846
"360",-0.405465108108164,-1.09861228866811,0.303307390354862,0.314868212755938,-0.5461649902113,-0.0250582587333628,-0.685978691081333,-0.140821825887202,0.200021133893356,-0.334202088086674,-0.0363676441708747,0.225737586491256,0.282160247267473,0.693147180559945,0.107867932417132,0.405465108108164,-0.693147180559945,-1.57021719928082,-1.57021719928082,0.218404205950313,0.405465108108164,0.0865420372972227,0.336928677634138,0,0,0,0,0,1,0,0,1,1,1,1,0,0,1,"Brown.Thrasher","Red.winged.Blackbird",-0.518461538461538
"361",-0.405465108108164,-0.693147180559945,0.534852275986661,0.55674634550747,-0.864618721329834,0.231250138847198,-0.884357684771146,-0.0240975515790605,0.325422400434628,-0.345501643340607,-0.0714589639821449,0.553159987592552,0.536626269710724,1.38629436111989,0.107867932417132,0.405465108108164,-0.693147180559945,-1.71691157843162,-1.71691157843162,0.495504169071557,0.405465108108164,0.0978745458766382,0.814514728742897,0,0,0,0,0,1,0,0,1,1,1,1,0,0,0,"Brown.Thrasher","Brown.headed.Cowbird",0.110769230769231
"362",0,-1.09861228866811,-0.424659555364312,0.0300022503037987,-0.622354128568846,-0.124552331573924,-0.896088024556636,-0.259734167140737,-0.0401199937894253,-0.510825623765991,-0.301475394584117,-0.121804873884203,-0.0919823897116502,-0.405465108108164,0.495101986448943,0,-1.09861228866811,-0.653926467406664,-0.653926467406664,-0.428940364529531,0,0.201685012329879,0.189691523323893,1,0,0,0,0,1,0,1,0,0,1,0,0,1,0,"Brown.Thrasher","Common.Grackle",0.197692307692308
"363",-0.405465108108164,-0.693147180559945,1.76310421346768,0.813396308711522,-0.721517877689161,0.526714351741034,-0.386233746180277,0.355978322524284,0.609064063349404,0.505548566665147,0.554996842079128,0.880663554231004,0.809270464797964,1.38629436111989,0.282857135032356,0,-0.693147180559945,-1.76906805802598,-1.76906805802598,1.74534742746359,0.405465108108164,0.141933326249108,-0.72960371757056,0,0,1,0,0,1,0,0,1,1,1,1,0,0,0,"Brown.Thrasher","Pine.Warbler",0.163846153846154
"364",0.693147180559945,-0.693147180559945,0.479349491663973,0.179370251159374,-0.108951183788555,0.109598626412894,-0.0141846349919564,0.0919013622838215,0.333552526517878,-0.669049628980885,-0.543615446588982,0.272257602126149,0.536626269710724,0,0.107867932417132,-0.287682072451781,0,-1.34707364796661,-1.34707364796661,0.452392400425309,0.405465108108164,0,0.130070413884699,0,1,0,0,0,1,0,1,1,1,0,1,0,1,0,"Brown.Thrasher","Northern.Cardinal",0.255384615384615
"378",0,0,0,0,0,0,0,0,0,0,0,0,0,0,0,0,0,0,0,0,0,0,0,1,1,1,1,1,1,1,1,1,1,1,1,1,1,1,"Eastern.Bluebird","Eastern.Bluebird",1
"379",-0.405465108108164,-0.405465108108164,-1.04891262011584,-0.426051741716553,0.123132685403624,-0.338023827312632,-0.161403658132274,-0.281924401481776,-0.506756442159265,-0.412845215405787,-0.287682072451781,-0.317454230785451,-0.418368512944072,-0.693147180559945,0.35833910138605,0,-0.847297860387204,-0.360764929190257,-0.360764929190257,-0.980131854280622,0,-1.8932193390915,-0.0510732701840006,1,0,0,0,0,1,1,0,1,1,1,1,0,1,0,"Eastern.Bluebird","American.Robin",-0.0592307692307692
"380",0.693147180559945,-0.405465108108164,0.0370412716803491,0.0886126583566036,0.183541813199184,0.168749479248411,0.431272992064037,0.246108794453641,0.0958179228972335,-0.49740260343385,-0.405465108108164,0,0.1316778239752,-1.94591014905531,-0.220237374767027,0.693147180559945,0,-0.634058264189939,-0.634058264189939,0.0852991085253478,0,0,0.925331476526304,0,0,0,0,0,0,0,1,1,0,0,1,0,0,0,"Eastern.Bluebird","House.Sparrow",0.352307692307692
"381",0,0,0.25079508264472,-0.0575139062006068,0.176242510717572,0.143339763723043,0.392806711236241,0.215863227946084,0.124148429523459,-0.600056757493933,-0.451985123743057,0.0800427076735364,0.373513508301562,-1.6094379124341,0.35833910138605,0,-0.847297860387204,-0.360764929190257,-0.360764929190257,0.318837240231577,0,0,1.83258146374831,1,0,0,0,1,0,0,0,1,1,0,1,0,0,1,"Eastern.Bluebird","House.Finch",0.651538461538462
"382",0.693147180559945,0.693147180559945,0.764740833746954,0.257734996083829,0.172612742666994,0.247108556004615,0.497119557861623,0.316628675208488,0.377928950299559,-0.336472236621213,-0.023530497410194,0.104140259252597,0.292020474050379,-1.6094379124341,-0.134634650368223,0.693147180559945,-0.287682072451781,0.89199803930511,0.89199803930511,0.836205123237486,-0.405465108108164,-0.715988103367137,-0.605408266251939,0,0,0,0,0,1,0,0,1,1,0,1,0,0,1,"Eastern.Bluebird","American.Goldfinch",0.249230769230769
"383",-0.405465108108164,0,0.812750052933315,0.109814866007207,0.304075882227457,0.233288000385982,0.655642785101491,0.342754979800708,0.189453527931226,-0.085157808340307,0.048790164169432,0.262364264467491,0.161755279212478,-1.6094379124341,0.200365080270877,0,-0.510825623765991,-0.44300302742723,-0.44300302742723,0.805784526536774,0,-2.00342355636687,-0.883767540168595,1,1,0,0,0,1,0,0,1,1,1,1,0,0,0,"Eastern.Bluebird","Chipping.Sparrow",-0.161538461538462
"384",0,0,0.78845736036427,0.00803217169726425,0.675019795967389,0.185431979208347,1.06726175878403,0.397149051866507,0.0958179228972335,-0.144581228811108,-0.023530497410194,0.321204764490425,0.392561703272257,-1.38629436111989,0.107867932417132,0,-0.287682072451781,0.89199803930511,0.89199803930511,0.771425318469838,-0.405465108108164,-0.664552460375233,-0.427357054524263,0,0,0,0,0,1,0,0,1,1,1,1,0,0,0,"Eastern.Bluebird","Field.Sparrow",0.551538461538462
"385",0,0,0.22769936785007,-0.0725066907867481,0.489708700325068,0.202397513366644,0.866591063321883,0.368072787784998,-0.0874342993896744,-0.398030129620646,-0.232622295268753,0.0682082500265336,0.139112802462718,-1.6094379124341,0.282857135032356,-0.405465108108164,-0.287682072451781,-0.0242926925690446,-0.0242926925690446,0.159930503878667,0,-1.44572433486006,-0.571883093066906,1,0,0,0,1,1,0,0,0,0,1,1,0,0,0,"Eastern.Bluebird","Song.Sparrow",0.333076923076923
"386",0,0,-0.374693449441411,-0.383355822520063,0.880358722648092,-0.094745367589366,1.03986278459592,0.151891577293791,-0.315218230260386,-0.600056757493933,-0.269663566949103,-0.074107972153722,0,-1.38629436111989,0.558512530191722,-0.693147180559945,-0.510825623765991,0.208901194598667,0.208901194598667,-0.319112642924224,0,-0.306910445337065,-0.599715235767393,1,0,0,0,1,1,0,1,1,1,0,1,0,0,0,"Eastern.Bluebird","Eastern.Towhee",0.0476923076923077
"387",0,-0.405465108108164,-1.20542629295392,-0.0754784611759057,0.279584862219162,-0.290395778323377,0.100418747747047,-0.120794039668348,-0.703248276546449,-0.600056757493933,-0.373204245889943,-0.787457860031187,-0.777177929411437,-1.6094379124341,0.107867932417132,0,-0.287682072451781,-0.0242926925690446,-0.0242926925690446,-1.19275563679501,0,-0.729417483601709,-1.34014570509391,1,0,1,0,0,1,0,1,1,0,1,1,1,1,0,"Eastern.Bluebird","Eastern.Meadowlark",0.0761538461538462
"388",-0.405465108108164,-0.405465108108164,-0.61371034991191,-0.352345585777503,0.312374685042152,-0.322398509409551,0.121771872217616,-0.20842193948885,-0.351585874431261,-0.670674324707887,-0.287682072451781,-0.526093095896779,-0.387997415067773,-0.693147180559945,0.107867932417132,0,-0.287682072451781,-0.0242926925690446,-0.0242926925690446,-0.635168247120981,0,-1.04981837995305,-0.319761965915193,1,0,0,0,0,1,0,0,1,1,1,1,0,0,0,"Eastern.Bluebird","Red.winged.Blackbird",-0.251538461538462
"389",-0.405465108108164,0,-0.382165464280112,-0.110467453025971,-0.00607904607638223,-0.0660901118289899,-0.0766071214721969,-0.0916976651807085,-0.226184607889989,-0.68197387996182,-0.322773392263051,-0.198670694795484,-0.133531392624523,0,0.107867932417132,0,-0.287682072451781,-0.170987071719848,-0.170987071719848,-0.358068283999737,0,-1.03848587137363,0.157824085193567,1,0,0,0,0,1,0,0,1,1,1,1,1,1,0,"Eastern.Bluebird","Brown.headed.Cowbird",0.371538461538462
"390",0,-0.405465108108164,-1.34167729563108,-0.637211548229642,0.236185546684606,-0.421892582250112,-0.0883374612576865,-0.327334280742385,-0.591727002114042,-0.847297860387204,-0.552789822865023,-0.873635556272239,-0.762140052046897,-1.79175946922805,0.495101986448943,-0.405465108108164,-0.693147180559945,0.89199803930511,0.89199803930511,-1.28251281760082,-0.405465108108164,-0.934675404920392,-0.466999120225437,0,1,0,0,0,1,0,1,0,0,1,0,1,0,0,"Eastern.Bluebird","Common.Grackle",0.220769230769231
"391",-0.405465108108164,0,0.846086473200907,0.146182510178081,0.137021797564291,0.229374101064846,0.421516817118672,0.288378208922636,0.0574570550247872,0.169076330043934,0.303682413798222,0.128832871842968,0.139112802462718,0,0.282857135032356,-0.405465108108164,-0.287682072451781,-0.22314355131421,-0.22314355131421,0.891774974392296,0,-0.994427091001163,-1.38629436111989,1,0,1,1,0,1,0,0,1,1,1,1,1,1,1,"Eastern.Bluebird","Pine.Warbler",0.300769230769231
"392",0.693147180559945,0,-0.437668248602799,-0.487843547374066,0.749588491464897,-0.187741624263294,0.793565928306993,0.0243012486821736,-0.218054481806739,-1.0055218656021,-0.794929874869888,-0.479573080261886,-0.133531392624523,-1.38629436111989,0.107867932417132,-0.693147180559945,0.405465108108164,0.198850858745165,0.198850858745165,-0.401180052645985,0,0,-0.526620229664632,1,0,0,0,0,1,0,1,1,1,0,1,0,0,1,"Eastern.Bluebird","Northern.Cardinal",-0.234615384615385
"407",0,0,0,0,0,0,0,0,0,0,0,0,0,0,0,0,0,0,0,0,0,0,0,1,1,1,1,1,1,1,1,1,1,1,1,1,1,1,"American.Robin","American.Robin",1
"408",1.09861228866811,0,1.08595389179619,0.514664400073156,0.06040912779556,0.506773306561043,0.592676650196311,0.528033195935417,0.602574365056499,-0.0845573880280631,-0.117783035656384,0.317454230785451,0.550046336919272,-1.25276296849537,-0.578576476153077,0.693147180559945,0.847297860387204,-0.273293334999681,-0.273293334999681,1.06543096280597,0,0,0.976404746710305,0,0,0,0,0,0,0,0,1,0,0,1,0,0,0,"American.Robin","House.Sparrow",0.121538461538462
"409",0.405465108108164,0.405465108108164,1.29970770276056,0.368537835515946,0.0531098253139483,0.481363591035675,0.554210369368515,0.497787629427861,0.630904871682725,-0.187211542088146,-0.164303051291276,0.397496938458988,0.791882021245634,-0.916290731874155,0,0,0,0,0,1.2989690945122,0,0,1.88365473393231,1,0,0,0,0,0,0,1,1,1,0,1,0,0,0,"American.Robin","House.Finch",-0.0192307692307692
"410",1.09861228866811,1.09861228866811,1.81365345386279,0.683786737800382,0.0494800572633697,0.585132383317246,0.658523215993897,0.598553076690265,0.884685392458824,0.076372978784574,0.264151575041587,0.421594490038048,0.710388986994451,-0.916290731874155,-0.492973751754273,0.693147180559945,0.559615787935423,1.25276296849537,1.25276296849537,1.81633697751811,-0.405465108108164,1.17723123572437,-0.554334996067938,0,0,0,0,0,1,0,1,1,1,0,1,0,0,0,"American.Robin","American.Goldfinch",0.286153846153846
"411",0,0.405465108108164,1.86166267304915,0.535866607723759,0.180943196823833,0.571311827698614,0.817046443233765,0.624679381282485,0.696209970090491,0.32768740706548,0.336472236621213,0.579818495252942,0.58012379215655,-0.916290731874155,-0.157974021115173,0,0.336472236621213,-0.0822380982369721,-0.0822380982369721,1.7859163808174,0,-0.110204217275363,-0.832694269984594,1,0,0,0,0,1,0,1,1,1,1,1,1,0,1,"American.Robin","Chipping.Sparrow",0.14
"412",0.405465108108164,0.405465108108164,1.83736998048011,0.434083913413817,0.551887110563765,0.523455806520979,1.22866541691631,0.679073453348283,0.602574365056499,0.268263986594679,0.264151575041587,0.638658995275876,0.810930216216329,-0.693147180559945,-0.250471168968918,0,0.559615787935423,1.25276296849537,1.25276296849537,1.75155717275046,-0.405465108108164,1.22866687871627,-0.376283784340262,0,0,0,0,0,1,0,1,1,1,1,1,1,0,1,"American.Robin","Field.Sparrow",0.0176923076923077
"413",0.405465108108164,0.405465108108164,1.27661198796591,0.353545050929805,0.366576014921444,0.540421340679275,1.02799472145416,0.649997189266775,0.419322142769591,0.0148150857851407,0.0550597771830274,0.385662480811985,0.55748131540679,-0.916290731874155,-0.0754819663536942,-0.405465108108164,0.559615787935423,0.336472236621213,0.336472236621213,1.14006235815929,0,0.447495004231443,-0.520809822882905,1,0,1,0,0,1,0,1,0,0,1,1,1,0,1,"American.Robin","Song.Sparrow",0.205384615384615
"414",0.405465108108164,0.405465108108164,0.674219170674426,0.0426959191964895,0.757226037244468,0.243278459723266,1.20126644272819,0.433815978775567,0.191538211898879,-0.187211542088146,0.0180185055026782,0.243346258631729,0.418368512944072,-0.693147180559945,0.200173428805672,-0.693147180559945,0.336472236621213,0.569666123788924,0.569666123788924,0.661019211356398,0,1.58630889375444,-0.548641965583392,1,1,1,0,0,1,0,0,1,1,0,1,0,0,1,"American.Robin","Eastern.Towhee",0.176153846153846
"415",0.405465108108164,0,-0.156513672838082,0.350573280540647,0.156452176815538,0.0476280489892547,0.261822405879321,0.161130361813429,-0.196491834387184,-0.187211542088146,-0.085522173438162,-0.470003629245736,-0.358809416467365,-0.916290731874155,-0.250471168968918,0,0.559615787935423,0.336472236621213,0.336472236621213,-0.212623782514389,0,1.1638018554898,-1.28907243490991,1,0,0,0,0,1,0,0,1,0,1,1,0,1,0,"American.Robin","Eastern.Meadowlark",-0.306923076923077
"416",0,0,0.435202270203927,0.0737061559390496,0.189241999638528,0.0156253179030808,0.28317553034989,0.0735024619929265,0.155170567728004,-0.2578291093021,0,-0.208638865111328,0.0303710978762988,0,-0.250471168968918,0,0.559615787935423,0.336472236621213,0.336472236621213,0.344963607159641,0,0.843400959138457,-0.268688695731192,1,0,0,0,0,1,0,1,1,1,1,1,0,0,1,"American.Robin","Red.winged.Blackbird",0.137692307692308
"417",0,0.405465108108164,0.666747155835726,0.315584288690582,-0.129211731480006,0.271933715483642,0.0847965366600768,0.190226736301068,0.280571834269276,-0.269128664556033,-0.0350913198112702,0.118783535989967,0.28483712031955,0.693147180559945,-0.250471168968918,0,0.559615787935423,0.189777857470409,0.189777857470409,0.622063570280885,0,0.854733467717873,0.208897355377568,1,0,0,0,0,1,0,1,1,1,1,1,0,1,0,"American.Robin","Brown.headed.Cowbird",-0.140769230769231
"418",0.405465108108164,0,-0.292764675515247,-0.211159806513089,0.113052861280982,-0.0838687549374805,0.0730661968745874,-0.0454098792606084,-0.084970559954777,-0.434452644981417,-0.265107750413242,-0.556181325486788,-0.343771539102825,-1.09861228866811,0.136762885062893,-0.405465108108164,0.154150679827258,1.25276296849537,1.25276296849537,-0.302380963320203,-0.405465108108164,0.958543934171113,-0.415925850041436,0,0,1,0,0,1,0,0,0,0,1,0,0,0,0,"American.Robin","Common.Grackle",-0.0438461538461538
"419",0,0.405465108108164,1.89499909331674,0.572234251894634,0.0138891121606671,0.567397928377477,0.582920475250946,0.570302610404413,0.564213497184052,0.581921545449721,0.591364486250003,0.44628710262842,0.55748131540679,0.693147180559945,-0.0754819663536942,-0.405465108108164,0.559615787935423,0.137621377876048,0.137621377876048,1.87190682867292,0,0.898792248090343,-1.33522109093589,1,1,0,0,0,1,0,1,1,1,1,1,0,1,0,"American.Robin","Pine.Warbler",-0.232307692307692
"420",1.09861228866811,0.405465108108164,0.611244371513038,-0.0617918056575137,0.626455806061273,0.150282203049338,0.954969586439266,0.30622565016395,0.288701960352526,-0.592676650196311,-0.507247802418107,-0.162118849476435,0.28483712031955,-0.693147180559945,-0.250471168968918,-0.693147180559945,1.25276296849537,0.559615787935423,0.559615787935423,0.578951801634637,0,0,-0.475546959480631,1,0,1,0,0,1,0,0,1,1,0,1,0,0,0,"American.Robin","Northern.Cardinal",0.0269230769230769
"436",0,0,0,0,0,0,0,0,0,0,0,0,0,0,0,0,0,0,0,0,0,NA,0,1,1,1,1,1,1,1,1,1,1,1,1,1,1,1,"House.Sparrow","House.Sparrow",1
"437",-0.693147180559945,0.405465108108164,0.213753810964371,-0.14612656455721,-0.0072993024816115,-0.0254097155253683,-0.038466280827796,-0.0302455665075567,0.028330506626226,-0.102654154060083,-0.0465200156348928,0.0800427076735364,0.241835684326362,0.336472236621213,0.578576476153077,-0.693147180559945,-0.847297860387204,0.273293334999681,0.273293334999681,0.233538131706229,0,NA,0.907249987222006,0,0,1,1,0,1,0,0,1,0,1,1,1,1,0,"House.Sparrow","House.Finch",0.345384615384615
"438",0,1.09861228866811,0.727699562066605,0.169122337727225,-0.0109290705321903,0.0783590767562035,0.0658465657975863,0.0705198807548472,0.282111027402325,0.160930366812637,0.38193461069797,0.104140259252597,0.160342650075179,0.336472236621213,0.085602724398804,0,-0.287682072451781,1.52605630349505,1.52605630349505,0.750906014712138,-0.405465108108164,0,-1.53073974277824,0,0,1,1,1,0,1,0,1,0,1,1,1,1,0,"House.Sparrow","American.Goldfinch",0.0715384615384615
"439",-1.09861228866811,0.405465108108164,0.775708781252966,0.0212022076506031,0.120534069028273,0.0645385211375712,0.224369793037454,0.0966461853470672,0.0936356050339926,0.412244795093543,0.454255272277596,0.262364264467491,0.030077455237278,0.336472236621213,0.420602455037904,-0.693147180559945,-0.510825623765991,0.191055236762709,0.191055236762709,0.720485418011426,0,0,-1.8090990166949,0,0,1,0,0,0,0,0,1,0,0,1,0,0,0,"House.Sparrow","Chipping.Sparrow",0.214615384615385
"440",-0.693147180559945,0.405465108108164,0.751416088683921,-0.0805804866593393,0.491477982768205,0.0166824999599361,0.635988766719997,0.151040257412866,0,0.352821374622742,0.38193461069797,0.321204764490425,0.260883879297057,0.559615787935423,0.328105307184159,-0.693147180559945,-0.287682072451781,1.52605630349505,1.52605630349505,0.68612620994449,-0.405465108108164,0,-1.35268853105057,0,0,1,0,0,0,0,0,1,0,0,1,0,1,0,"House.Sparrow","Field.Sparrow",0.424615384615385
"441",-0.693147180559945,0.405465108108164,0.190658096169721,-0.161119349143352,0.306166887125884,0.0336480341182327,0.435318071257845,0.121963993331357,-0.183252222286908,0.0993724738132038,0.172842812839411,0.0682082500265336,0.00743497848751799,0.336472236621213,0.503094509799383,-1.09861228866811,-0.287682072451781,0.609765571620894,0.609765571620894,0.0746313953533194,0,0,-1.49721456959321,0,0,0,0,0,0,0,0,0,1,0,1,0,0,0,"House.Sparrow","Song.Sparrow",0.33
"442",-0.693147180559945,0.405465108108164,-0.41173472112176,-0.471968480876667,0.696816909448908,-0.263494846837777,0.608589792531882,-0.0942172171598502,-0.41103615315762,-0.102654154060083,0.135801541159062,-0.074107972153722,-0.1316778239752,0.559615787935423,0.778749904958749,-1.38629436111989,-0.510825623765991,0.842959458788605,0.842959458788605,-0.404411751449572,0,0,-1.5250467122937,0,0,0,0,0,0,0,1,1,0,0,1,1,0,0,"House.Sparrow","Eastern.Towhee",0.0392307692307692
"443",-0.693147180559945,0,-1.24246756463427,-0.164091119532509,0.0960430490199776,-0.459145257571788,-0.33085424431699,-0.366902834121989,-0.799066199443683,-0.102654154060083,0.0322608622182215,-0.787457860031187,-0.908855753386637,0.336472236621213,0.328105307184159,-0.693147180559945,-0.287682072451781,0.609765571620894,0.609765571620894,-1.27805474532036,0,0,-2.26547718162021,0,0,0,0,1,0,0,1,1,1,0,1,0,0,1,"House.Sparrow","Eastern.Meadowlark",-0.133846153846154
"444",-1.09861228866811,0,-0.65075162159226,-0.440958244134107,0.128832871842968,-0.491147988657962,-0.309501119846421,-0.454530733942491,-0.447403797328495,-0.173271721274037,0.117783035656383,-0.526093095896779,-0.519675239042973,1.25276296849537,0.328105307184159,-0.693147180559945,-0.287682072451781,0.609765571620894,0.609765571620894,-0.720467355646329,0,0,-1.2450934424415,0,0,1,0,0,0,0,0,1,0,0,1,1,1,0,"House.Sparrow","Red.winged.Blackbird",0.136923076923077
"445",-1.09861228866811,0.405465108108164,-0.419206735960461,-0.199080111382575,-0.189620859275566,-0.234839591077401,-0.507880113536234,-0.33780645963435,-0.322002530787222,-0.18457127652797,0.0826917158451134,-0.198670694795484,-0.265209216599722,1.94591014905531,0.328105307184159,-0.693147180559945,-0.287682072451781,0.463071192470091,0.463071192470091,-0.443367392525085,0,0,-0.767507391332737,0,0,1,0,0,0,0,0,1,0,0,1,0,0,1,"House.Sparrow","Brown.headed.Cowbird",-0.0530769230769231
"446",-0.693147180559945,0,-1.37871856731143,-0.725824206586246,0.0526437334854221,-0.590642061498523,-0.519610453321724,-0.573443075196026,-0.687544925011276,-0.349895256953354,-0.147324714756858,-0.873635556272239,-0.893817876022096,0.154150679827258,0.71533936121597,-1.09861228866811,-0.693147180559945,1.52605630349505,1.52605630349505,-1.36781192612617,-0.405465108108164,0,-1.39233059675174,0,0,0,0,0,0,0,1,0,1,0,0,0,0,1,"House.Sparrow","Common.Grackle",-0.233846153846154
"447",-1.09861228866811,0.405465108108164,0.809045201520557,0.0575698518214779,-0.0465200156348929,0.0606246218164348,-0.0097561749453648,0.0422694144689953,-0.0383608678724464,0.666478933477784,0.709147521906386,0.128832871842968,0.00743497848751799,1.94591014905531,0.503094509799383,-1.09861228866811,-0.287682072451781,0.410914712875729,0.410914712875729,0.806475865866949,0,0,-2.3116258376462,0,0,0,0,0,0,0,0,1,0,0,1,0,0,0,"House.Sparrow","Pine.Warbler",-0.108461538461538
"448",0,0.405465108108164,-0.474709520283148,-0.57645620573067,0.566046678265713,-0.356491103511705,0.362292936242956,-0.221807545771467,-0.313872404703972,-0.508119262168248,-0.389464766761723,-0.479573080261886,-0.265209216599722,0.559615787935423,0.328105307184159,-1.38629436111989,0.405465108108164,0.832909122935104,0.832909122935104,-0.486479161171333,0,NA,-1.45195170619094,0,0,0,0,0,0,0,1,1,0,0,1,1,0,0,"House.Sparrow","Northern.Cardinal",0.0246153846153846
"465",0,0,0,0,0,0,0,0,0,0,0,0,0,0,0,0,0,0,0,0,0,NA,0,1,1,1,1,1,1,1,1,1,1,1,1,1,1,1,"House.Finch","House.Finch",1
"466",0.693147180559945,0.693147180559945,0.513945751102234,0.315248902284436,-0.00362976805057872,0.103768792281572,0.104312846625382,0.100765447262404,0.253780520776099,0.26358452087272,0.428454626332863,0.0240975515790605,-0.0814930342511829,0,-0.492973751754273,0.693147180559945,0.559615787935423,1.25276296849537,1.25276296849537,0.517367883005909,-0.405465108108164,0,-2.43798973000025,0,1,1,1,0,0,0,1,1,1,1,1,1,1,1,"House.Finch","American.Goldfinch",0.578461538461538
"467",-0.405465108108164,0,0.561954970288595,0.167328772207813,0.127833371509885,0.0899482366629394,0.26283607386525,0.126891751854624,0.0653050984077665,0.514898949153626,0.500775287912489,0.182321556793955,-0.211758229089084,0,-0.157974021115173,0,0.336472236621213,-0.0822380982369721,-0.0822380982369721,0.486947286305197,0,0,-2.7163490039169,1,0,1,0,0,0,0,1,1,1,0,1,0,0,0,"House.Finch","Chipping.Sparrow",-0.229230769230769
"468",0,0,0.53766227771955,0.0655460778978711,0.498777285249816,0.0420922154853042,0.674455047547793,0.181285823920423,-0.028330506626226,0.455475528682826,0.428454626332863,0.241162056816888,0.0190481949706944,0.22314355131421,-0.250471168968918,0,0.559615787935423,1.25276296849537,1.25276296849537,0.452588078238261,-0.405465108108164,0,-2.25993851827257,0,0,1,0,0,0,1,1,1,1,0,1,0,1,0,"House.Finch","Field.Sparrow",0.550769230769231
"469",0,0,-0.0230957147946494,-0.0149927845861413,0.313466189607495,0.0590577496436009,0.473784352085642,0.152209559838914,-0.211582728913134,0.202026627873287,0.219362828474304,-0.0118344576470028,-0.234400705838844,0,-0.0754819663536942,-0.405465108108164,0.559615787935423,0.336472236621213,0.336472236621213,-0.158906736352909,0,0,-2.40446455681522,1,1,0,0,1,0,0,1,0,0,0,1,0,0,0,"House.Finch","Song.Sparrow",0.33
"470",0,0,-0.625488532086131,-0.325841916319457,0.704116211930519,-0.238085131312409,0.647056073359678,-0.0639716506522936,-0.439366659783846,0,0.182321556793955,-0.154150679827258,-0.373513508301562,0.22314355131421,0.200173428805672,-0.693147180559945,0.336472236621213,0.569666123788924,0.569666123788924,-0.6379498831558,0,0,-2.4322966995157,1,0,0,0,1,0,0,0,1,1,0,1,1,0,0,"House.Finch","Eastern.Towhee",-0.179230769230769
"471",0,-0.405465108108164,-1.45622137559864,-0.0179645549752989,0.103342351501589,-0.43373554204642,-0.292387963489194,-0.336657267614432,-0.827396706069909,0,0.0787808778531144,-0.867500567704723,-1.150691437713,0,-0.250471168968918,0,0.559615787935423,0.336472236621213,0.336472236621213,-1.51159287702659,0,0,-3.17272716884222,1,0,0,0,0,0,0,0,1,0,0,1,0,0,0,"House.Finch","Eastern.Meadowlark",0.16
"472",-0.405465108108164,-0.405465108108164,-0.86450543255663,-0.294831679576896,0.13613217432458,-0.465738273132594,-0.271034839018625,-0.424285167434934,-0.475734303954721,-0.0706175672139535,0.164303051291276,-0.606135803570316,-0.761510923369335,0.916290731874155,-0.250471168968918,0,0.559615787935423,0.336472236621213,0.336472236621213,-0.954005487352557,0,0,-2.1523434296635,1,0,1,0,0,0,0,1,1,1,0,1,1,1,0,"House.Finch","Red.winged.Blackbird",0.160769230769231
"473",-0.405465108108164,0,-0.632960546924832,-0.0529535468253642,-0.182321556793955,-0.209429875552033,-0.469413832708438,-0.307560893126793,-0.350333037413448,-0.0819171224678868,0.129211731480006,-0.27871340246902,-0.507044900926085,1.6094379124341,-0.250471168968918,0,0.559615787935423,0.189777857470409,0.189777857470409,-0.676905524231314,0,0,-1.67475737855474,1,0,1,0,0,0,0,1,1,1,0,1,0,0,0,"House.Finch","Brown.headed.Cowbird",0.354615384615385
"474",0,-0.405465108108164,-1.5924723782758,-0.579697642029035,0.0599430359670336,-0.565232345973155,-0.481144172493927,-0.543197508688469,-0.715875431637502,-0.24724110289327,-0.100804699121966,-0.953678263945775,-1.13565356034846,-0.182321556793955,0.136762885062893,-0.405465108108164,0.154150679827258,1.25276296849537,1.25276296849537,-1.6013500578324,-0.405465108108164,0,-2.29958058397375,0,0,0,0,0,0,0,0,0,0,0,0,0,0,0,"House.Finch","Common.Grackle",0.137692307692308
"475",-0.405465108108164,0,0.595291390556187,0.203696416378688,-0.0392207131532814,0.086034337341803,0.0287101058824314,0.072514980976552,-0.0666913744986724,0.769133087537867,0.755667537541279,0.048790164169432,-0.234400705838844,1.6094379124341,-0.0754819663536942,-0.405465108108164,0.559615787935423,0.137621377876048,0.137621377876048,0.57293773416072,0,0,-3.2188758248682,1,0,0,0,0,0,0,1,1,1,0,1,0,0,1,"House.Finch","Pine.Warbler",0.288461538461538
"476",0.693147180559945,0,-0.688463331247519,-0.43032964117346,0.573345980747325,-0.331081387986337,0.400759217070752,-0.191561979263911,-0.342202911330198,-0.405465108108165,-0.34294475112683,-0.559615787935423,-0.507044900926085,0.22314355131421,-0.250471168968918,-0.693147180559945,1.25276296849537,0.559615787935423,0.559615787935423,-0.720017292877561,0,NA,-2.35920169341294,1,1,0,0,0,0,0,0,1,1,0,1,1,0,1,"House.Finch","Northern.Cardinal",-0.226923076923077
"494",0,0,0,0,0,0,0,0,0,0,0,0,0,0,0,0,0,0,0,0,0,0,0,1,1,1,1,1,1,1,1,1,1,1,1,1,1,1,"American.Goldfinch","American.Goldfinch",1
"495",-1.09861228866811,-0.693147180559945,0.0480092191863607,-0.147920130076622,0.131463139560464,-0.0138205556186323,0.158523227239868,0.02612630459222,-0.188475422368333,0.251314428280906,0.0723206615796261,0.158224005214894,-0.130265194837901,0,0.3349997306391,-0.693147180559945,-0.22314355131421,-1.33500106673234,-1.33500106673234,-0.0304205967007119,0.405465108108164,-1.28743545299973,-0.278359273916656,0,0,1,0,0,1,0,1,1,1,0,1,0,0,0,"American.Goldfinch","Chipping.Sparrow",0
"496",-0.693147180559945,-0.693147180559945,0.0237165266173161,-0.249702824386565,0.502407053300395,-0.0616765767962674,0.57014220092241,0.0805203766580186,-0.282111027402326,0.191891007810105,0,0.217064505237828,0.100541229221877,0.22314355131421,0.242502582785355,-0.693147180559945,0,0,0,-0.0647798047676477,0,0.0514356429919038,0.178051211727676,1,0,1,0,0,1,0,1,1,1,0,1,0,1,0,"American.Goldfinch","Field.Sparrow",0.525384615384615
"497",-0.693147180559945,-0.693147180559945,-0.537041465896884,-0.330241686870577,0.317095957658074,-0.0447110426379708,0.369471505460259,0.05144411257651,-0.465363249689233,-0.0615578929994334,-0.209091797858559,-0.0359320092260634,-0.152907671587661,0,0.417491785400579,-1.09861228866811,0,-0.916290731874155,-0.916290731874155,-0.676274619358818,0.405465108108164,-0.729736231492926,0.0335251731850325,0,1,0,0,0,1,0,1,0,0,0,1,0,0,0,"American.Goldfinch","Song.Sparrow",0.578461538461538
"498",-0.693147180559945,-0.693147180559945,-1.13943428318836,-0.641090818603892,0.707745979981098,-0.341853923593981,0.542743226734296,-0.164737097914697,-0.693147180559945,-0.26358452087272,-0.246133069538909,-0.178248231406319,-0.292020474050379,0.22314355131421,0.693147180559945,-1.38629436111989,-0.22314355131421,-0.683096844706444,-0.683096844706444,-1.15531776616171,0.405465108108164,0.409077658030072,0.00569303048454578,0,0,0,0,0,1,0,0,1,1,0,1,1,0,0,"American.Goldfinch","Eastern.Towhee",-0.150769230769231
"499",-0.693147180559945,-1.09861228866811,-1.97016712670087,-0.333213457259734,0.106972119552168,-0.537504334327992,-0.396700810114576,-0.437422714876836,-1.08117722684601,-0.26358452087272,-0.349673748479749,-0.891598119283784,-1.06919840346182,0,0.242502582785355,-0.693147180559945,0,-0.916290731874155,-0.916290731874155,-2.0289607600325,0.405465108108164,-0.0134293802345724,-0.734737438841972,0,0,0,0,1,1,0,0,1,0,0,1,0,0,0,"American.Goldfinch","Eastern.Meadowlark",-0.122307692307692
"500",-1.09861228866811,-1.09861228866811,-1.37845118365886,-0.610080581861332,0.139761942375159,-0.569507065414166,-0.375347685644007,-0.525050614697338,-0.72951482473082,-0.334202088086674,-0.264151575041587,-0.630233355149376,-0.680017889118153,0.916290731874155,0.242502582785355,-0.693147180559945,0,-0.916290731874155,-0.916290731874155,-1.47137337035847,0.405465108108164,-0.333830276585911,0.285646300336746,0,0,1,0,0,1,0,1,1,1,0,1,1,1,0,"American.Goldfinch","Red.winged.Blackbird",0.283076923076923
"501",-1.09861228866811,-0.693147180559945,-1.14690629802707,-0.3682024491098,-0.178691788743376,-0.313198667833605,-0.57372667933382,-0.408326340389197,-0.604113558189548,-0.345501643340607,-0.299242894852857,-0.302810954048081,-0.425551866674902,1.6094379124341,0.242502582785355,-0.693147180559945,0,-1.06298511102496,-1.06298511102496,-1.19427340723722,0.405465108108164,-0.322497768006496,0.763232351445506,0,0,1,0,0,1,0,1,1,1,0,1,0,0,0,"American.Goldfinch","Brown.headed.Cowbird",0.339230769230769
"502",-0.693147180559945,-1.09861228866811,-2.10641812937804,-0.894946544313471,0.0635728040176123,-0.669001138254727,-0.58545701911931,-0.643962955950873,-0.969655952413601,-0.510825623765991,-0.529259325454829,-0.977775815524836,-1.05416052609728,-0.182321556793955,0.629736636817166,-1.09861228866811,-0.405465108108164,0,0,-2.11871794083831,0,-0.218687301553255,0.138409146026502,1,0,0,0,0,1,0,0,0,0,0,0,0,0,0,"American.Goldfinch","Common.Grackle",0.187692307692308
"503",-1.09861228866811,-0.693147180559945,0.0813456394539524,-0.111552485905747,-0.0355909451027026,-0.0177344549397687,-0.0756027407429512,-0.0282504662858517,-0.320471895274772,0.505548566665147,0.327212911208416,0.0246926125903714,-0.152907671587661,1.6094379124341,0.417491785400579,-1.09861228866811,0,-1.11514159061932,-1.11514159061932,0.0555698511548108,0.405465108108164,-0.278438987634026,-0.780886094867952,0,0,0,0,0,1,0,1,1,1,0,1,0,0,1,"American.Goldfinch","Pine.Warbler",-0.0346153846153846
"504",0,-0.693147180559945,-1.20240908234975,-0.745578543457895,0.576975748797903,-0.434850180267908,0.296446370445369,-0.292327426526315,-0.595983432106298,-0.669049628980885,-0.771399377459694,-0.583713339514483,-0.425551866674902,0.22314355131421,0.242502582785355,-1.38629436111989,0.693147180559945,-0.693147180559945,-0.693147180559945,-1.23738517588347,0.405465108108164,0,0.078788036587307,0,1,0,0,0,1,0,0,1,1,0,1,1,0,1,"American.Goldfinch","Northern.Cardinal",-0.346923076923077
"523",0,0,0,0,0,0,0,0,0,0,0,0,0,0,0,0,0,0,0,0,0,0,0,1,1,1,1,1,1,1,1,1,1,1,1,1,1,1,"Chipping.Sparrow","Chipping.Sparrow",1
"524",0.405465108108164,0,-0.0242926925690446,-0.101782694309942,0.370943913739931,-0.0478560211776351,0.411618973682543,0.0543940720657988,-0.0936356050339926,-0.0594234204708008,-0.0723206615796261,0.0588405000229334,0.230806424059779,0.22314355131421,-0.0924971478537448,0,0.22314355131421,1.33500106673234,1.33500106673234,-0.0343592080669359,-0.405465108108164,1.33887109599163,0.456410485644332,0,0,1,0,1,1,0,1,1,1,1,1,1,0,1,"Chipping.Sparrow","Field.Sparrow",0.0661538461538462
"525",0.405465108108164,0,-0.585050685083244,-0.182321556793955,0.18563281809761,-0.0308904870193384,0.210948278220391,0.02531780798429,-0.2768878273209,-0.312872321280339,-0.281412459438185,-0.194156014440958,-0.0226424767497599,0,0.082492054761479,-0.405465108108164,0.22314355131421,0.418710334858185,0.418710334858185,-0.645854022658107,0,0.557699221506805,0.311884447101689,1,0,0,1,0,1,0,1,0,0,1,1,1,1,1,"Chipping.Sparrow","Song.Sparrow",0.23
"526",0.405465108108164,0,-1.18744350237473,-0.49317068852727,0.576282840420634,-0.328033367975348,0.384219999494428,-0.190863402506917,-0.504671758191612,-0.514898949153626,-0.318453731118535,-0.336472236621213,-0.161755279212478,0.22314355131421,0.358147449920845,-0.693147180559945,0,0.651904222025896,0.651904222025896,-1.124897169461,0,1.6965131110298,0.284052304401202,1,0,0,0,0,1,0,0,1,1,0,1,0,1,1,"Chipping.Sparrow","Eastern.Towhee",-0.102307692307692
"527",0.405465108108164,-0.405465108108164,-2.01817634588723,-0.185293327183112,-0.0244910200082959,-0.523683778709359,-0.555224037354444,-0.463549019469056,-0.892701804477675,-0.514898949153626,-0.421994410059375,-1.04982212449868,-0.938933208623915,0,-0.0924971478537448,0,0.22314355131421,0.418710334858185,0.418710334858185,-1.99854016333178,0,1.27400607276516,-0.456378164925315,1,0,0,0,0,1,0,0,1,0,1,1,0,0,0,"Chipping.Sparrow","Eastern.Meadowlark",-0.456153846153846
"528",0,-0.405465108108164,-1.42646040284523,-0.46216045178471,0.00829880281469506,-0.555686509795533,-0.533870912883875,-0.551176919289558,-0.541039402362487,-0.58551651636758,-0.336472236621213,-0.78845736036427,-0.549752694280251,0.916290731874155,-0.0924971478537448,0,0.22314355131421,0.418710334858185,0.418710334858185,-1.44095277365775,0,0.95360517641382,0.564005574253402,1,0,1,1,1,1,1,1,1,1,1,1,0,0,1,"Chipping.Sparrow","Red.winged.Blackbird",0.0215384615384615
"529",0,0,-1.19491551721343,-0.220282319033177,-0.31015492830384,-0.299378112214972,-0.732249906573688,-0.434452644981417,-0.415638135821215,-0.596816071621513,-0.371563556432483,-0.461034959262975,-0.295286671837,1.6094379124341,-0.0924971478537448,0,0.22314355131421,0.272015955707382,0.272015955707382,-1.16385281053651,0,0.964937684993235,1.04159162536216,1,0,1,0,1,1,0,1,1,1,1,1,0,0,0,"Chipping.Sparrow","Brown.headed.Cowbird",-0.454615384615385
"530",0.405465108108164,-0.405465108108164,-2.1544273485644,-0.747026414236849,-0.0678903355428513,-0.655180582636094,-0.743980246359177,-0.670089260543093,-0.781180530045268,-0.762140052046897,-0.601579987034455,-1.13599982073973,-0.923895331259374,-0.182321556793955,0.294736906178066,-0.405465108108164,-0.182321556793955,1.33500106673234,1.33500106673234,-2.0882973441376,-0.405465108108164,1.06874815144648,0.416768419943158,0,1,0,0,0,1,0,0,0,0,1,0,0,1,0,"Chipping.Sparrow","Common.Grackle",-0.313846153846154
"531",0,0,0.0333364202675917,0.0363676441708748,-0.167054084663166,-0.00391389932113633,-0.234125967982819,-0.0543767708780718,-0.131996472906439,0.254234138384241,0.25489224962879,-0.133531392624523,-0.0226424767497599,1.6094379124341,0.082492054761479,-0.405465108108164,0.22314355131421,0.21985947611302,0.21985947611302,0.0859904478555225,0,1.00899646536571,-0.502526820951296,1,0,0,0,0,1,0,1,1,1,1,1,0,0,0,"Chipping.Sparrow","Pine.Warbler",-0.12
"532",1.09861228866811,0,-1.25041830153611,-0.597658413381273,0.44551260923744,-0.421029624649276,0.137923143205502,-0.318453731118535,-0.407508009737965,-0.920364057261791,-0.84372003903932,-0.741937344729377,-0.295286671837,0.22314355131421,-0.0924971478537448,-0.693147180559945,0.916290731874155,0.641853886172395,0.641853886172395,-1.20696457918276,0,0,0.357147310503963,1,0,0,0,0,1,0,0,1,1,0,1,0,1,0,"Chipping.Sparrow","Northern.Cardinal",0.0923076923076923
"552",0,0,0,0,0,0,0,0,0,0,0,0,0,0,0,0,0,0,0,0,0,0,0,1,1,1,1,1,1,1,1,1,1,1,1,1,1,1,"Field.Sparrow","Field.Sparrow",1
"553",0,0,-0.5607579925142,-0.0805388624840124,-0.185311095642321,0.0169655341582967,-0.200670695462151,-0.0290762640815088,-0.183252222286908,-0.253448900809539,-0.209091797858559,-0.252996514463891,-0.253448900809539,-0.22314355131421,0.174989202615224,-0.405465108108164,0,-0.916290731874155,-0.916290731874155,-0.611494814591171,0.405465108108164,-0.78117187448483,-0.144526038542643,0,0,0,0,0,1,0,1,0,0,1,1,1,0,1,"Field.Sparrow","Song.Sparrow",0.603846153846154
"554",0,0,-1.16315080980568,-0.391387994217328,0.205338926680703,-0.280177346797713,-0.0273989741881144,-0.245257474572716,-0.41103615315762,-0.455475528682826,-0.246133069538909,-0.395312736644147,-0.392561703272256,0,0.45064459777459,-0.693147180559945,-0.22314355131421,-0.683096844706444,-0.683096844706444,-1.09053796139406,0.405465108108164,0.357642015038168,-0.17235818124313,0,0,0,0,0,1,0,0,1,1,0,1,0,0,1,"Field.Sparrow","Eastern.Towhee",-0.253076923076923
"555",0,-0.405465108108164,-1.99388365331819,-0.0835106328731699,-0.395434933748227,-0.475827757531724,-0.966843011036986,-0.517943091534855,-0.799066199443683,-0.455475528682826,-0.349673748479749,-1.10866262452161,-1.16973963268369,-0.22314355131421,0,0,0,-0.916290731874155,-0.916290731874155,-1.96418095526485,0.405465108108164,-0.0648650232264762,-0.912788650569647,0,1,0,0,0,1,0,0,1,0,1,1,0,0,0,"Field.Sparrow","Eastern.Meadowlark",0.0230769230769231
"556",-0.405465108108164,-0.405465108108164,-1.40216771027618,-0.360377757474767,-0.362645110925236,-0.507830488617898,-0.945489886566417,-0.605570991355357,-0.447403797328495,-0.526093095896779,-0.264151575041587,-0.847297860387204,-0.78055911834003,0.693147180559945,0,0,0,-0.916290731874155,-0.916290731874155,-1.40659356559082,0.405465108108164,-0.385265919577815,0.10759508860907,0,0,1,0,1,1,0,1,1,1,1,1,0,1,1,"Field.Sparrow","Red.winged.Blackbird",-0.0723076923076923
"557",-0.405465108108164,0,-1.17062282464438,-0.118499624723235,-0.681098842043771,-0.251522091037337,-1.14386888025623,-0.488846717047215,-0.322002530787222,-0.537392651150713,-0.299242894852857,-0.519875459285909,-0.526093095896779,1.38629436111989,0,0,0,-1.06298511102496,-1.06298511102496,-1.12949360246957,0.405465108108164,-0.373933410998399,0.58518113971783,0,1,1,0,1,1,0,1,1,1,1,1,0,0,0,"Field.Sparrow","Brown.headed.Cowbird",0.23
"558",0,-0.405465108108164,-2.13013465599535,-0.645243719926906,-0.438834249282783,-0.60732456145846,-1.15559922004172,-0.724483332608892,-0.687544925011276,-0.702716631576096,-0.529259325454829,-1.19484032076266,-1.15470175531915,-0.405465108108164,0.38723405403181,-0.405465108108164,-0.405465108108164,0,0,-2.05393813607066,0,-0.270122944545159,-0.0396420657011739,1,0,0,0,0,1,0,0,0,0,1,0,0,0,0,"Field.Sparrow","Common.Grackle",-0.155384615384615
"559",-0.405465108108164,0,0.0576291128366362,0.138150338480817,-0.537997998403098,0.0439421218564988,-0.645744941665361,-0.10877084294387,-0.0383608678724464,0.313657558855042,0.327212911208416,-0.192371892647456,-0.253448900809539,1.38629436111989,0.174989202615224,-0.405465108108164,0,-1.11514159061932,-1.11514159061932,0.120349655922458,0.405465108108164,-0.329874630625929,-0.958937306595628,0,0,0,0,0,1,0,1,1,1,1,1,0,0,0,"Field.Sparrow","Pine.Warbler",0.0976923076923077
"560",0.693147180559945,0,-1.22612560896707,-0.495875719071331,0.0745686954975085,-0.373173603471641,-0.273695830477041,-0.372847803184333,-0.313872404703972,-0.86094063679099,-0.771399377459694,-0.800777844752311,-0.526093095896779,0,0,-0.693147180559945,0.693147180559945,-0.693147180559945,-0.693147180559945,-1.17260537111582,0.405465108108164,0,-0.0992631751403686,0,0,0,0,0,1,0,0,1,1,0,1,0,0,0,"Field.Sparrow","Northern.Cardinal",-0.291538461538462
"581",0,0,0,0,0,0,0,0,0,0,0,0,0,0,0,0,0,0,0,0,0,0,0,1,1,1,1,1,1,1,1,1,1,1,1,1,1,1,"Song.Sparrow","Song.Sparrow",1
"582",0,0,-0.602392817291481,-0.310849131733315,0.390650022323024,-0.29714288095601,0.173271721274037,-0.216181210491207,-0.227783930870712,-0.202026627873287,-0.0370412716803491,-0.142316222180255,-0.139112802462718,0.22314355131421,0.275655395159366,-0.287682072451781,-0.22314355131421,0.233193887167711,0.233193887167711,-0.479043146802891,0,1.138813889523,-0.0278321427004868,1,0,1,0,1,1,1,0,0,0,0,1,0,1,1,"Song.Sparrow","Eastern.Towhee",-0.0192307692307692
"583",0,-0.405465108108164,-1.43312566080399,-0.00297177038915748,-0.210123838105906,-0.492793291690021,-0.766172315574835,-0.488866827453346,-0.615813977156775,-0.202026627873287,-0.140581950621189,-0.85566611005772,-0.916290731874155,0,-0.174989202615224,0.405465108108164,0,0,0,-1.35268614067368,0,0.716306851258353,-0.768262612027004,1,0,0,0,0,1,0,0,0,1,1,1,0,0,0,"Song.Sparrow","Eastern.Meadowlark",0.0115384615384615
"584",-0.405465108108164,-0.405465108108164,-0.841409717761981,-0.279838894990755,-0.177334015282916,-0.524796022776195,-0.744819191104266,-0.576494727273848,-0.264151575041587,-0.27264419508724,-0.0550597771830273,-0.594301345923313,-0.527110217530491,0.916290731874155,-0.174989202615224,0.405465108108164,0,0,0,-0.795098750999648,0,0.395905954907014,0.252121127151714,1,0,0,1,0,1,0,1,0,0,1,1,0,0,1,"Song.Sparrow","Red.winged.Blackbird",0.535384615384615
"585",-0.405465108108164,0,-0.609864832130182,-0.0379607622392229,-0.49578774640145,-0.268487625195634,-0.94319818479408,-0.459770452965707,-0.138750308500314,-0.283943750341174,-0.0901510969942974,-0.266878944822018,-0.27264419508724,1.6094379124341,-0.174989202615224,0.405465108108164,0,-0.146694379150803,-0.146694379150803,-0.517998787878404,0,0.40723846348643,0.729707178260473,1,0,0,0,0,1,0,1,0,0,1,1,0,0,0,"Song.Sparrow","Brown.headed.Cowbird",0.106923076923077
"586",0,-0.405465108108164,-1.56937666348115,-0.564704857442894,-0.253523153640462,-0.624290095616756,-0.954928524579569,-0.695407068527383,-0.504292702724368,-0.449267730766557,-0.320167527596269,-0.941843806298773,-0.901252854509615,-0.182321556793955,0.212244851416587,0,-0.405465108108164,0.916290731874155,0.916290731874155,-1.44244332147949,-0.405465108108164,0.511048929939671,0.104883972841469,0,0,1,0,0,1,1,0,1,1,1,0,0,1,0,"Song.Sparrow","Common.Grackle",-0.270769230769231
"587",-0.405465108108164,0,0.618387105350836,0.21868920096483,-0.352686902760777,0.0269765876982021,-0.44507424620321,-0.0796945788623616,0.144891354414461,0.56710645966458,0.536304709066975,0.0606246218164348,0,1.6094379124341,0,0,0,-0.198850858745165,-0.198850858745165,0.731844470513629,0,0.4512972438589,-0.814411268052984,1,0,0,0,0,1,0,1,0,0,1,1,0,0,0,"Song.Sparrow","Pine.Warbler",-0.106153846153846
"588",0.693147180559945,0,-0.66536761645287,-0.415336856587318,0.259879791139829,-0.390139137629938,-0.0730251350148899,-0.343771539102824,-0.130620182417064,-0.607491735981451,-0.562307579601134,-0.54778133028842,-0.27264419508724,0.22314355131421,-0.174989202615224,-0.287682072451781,0.693147180559945,0.22314355131421,0.22314355131421,-0.561110556524652,0,0,0.0452628634022745,1,1,1,0,0,1,0,0,0,0,0,1,0,1,0,"Song.Sparrow","Northern.Cardinal",-0.350769230769231
"610",0,0,0,0,0,0,0,0,0,0,0,0,0,0,0,0,0,0,0,0,0,0,0,1,1,1,1,1,1,1,1,1,1,1,1,1,1,1,"Eastern.Towhee","Eastern.Towhee",1
"611",0,-0.405465108108164,-0.830732843512508,0.307877361344158,-0.60077386042893,-0.195650410734011,-0.939444036848872,-0.272685616962138,-0.388030046286063,0,-0.10354067894084,-0.713349887877465,-0.777177929411437,-0.22314355131421,-0.45064459777459,0.693147180559945,0.22314355131421,-0.233193887167711,-0.233193887167711,-0.873642993870787,0,-0.422507038264644,-0.740430469326518,1,0,0,0,0,1,0,1,1,0,0,1,0,0,0,"Eastern.Towhee","Eastern.Meadowlark",-0.333846153846154
"612",-0.405465108108164,-0.405465108108164,-0.2390169004705,0.0310102367425602,-0.567984037605939,-0.227653141820185,-0.918090912378303,-0.360313516782641,-0.0363676441708748,-0.0706175672139535,-0.0180185055026783,-0.451985123743057,-0.387997415067773,0.693147180559945,-0.45064459777459,0.693147180559945,0.22314355131421,-0.233193887167711,-0.233193887167711,-0.316055604196757,0,-0.742907934615983,0.2799532698522,1,0,0,0,0,1,0,0,1,1,0,1,1,0,1,"Eastern.Towhee","Red.winged.Blackbird",-0.0461538461538462
"613",-0.405465108108164,0,-0.00747201483870095,0.272888369494093,-0.886437768724474,0.0286552557603761,-1.11646990606812,-0.243589242474499,0.0890336223703976,-0.0819171224678868,-0.0531098253139484,-0.124562722641762,-0.133531392624523,1.38629436111989,-0.45064459777459,0.693147180559945,0.22314355131421,-0.379888266318515,-0.379888266318515,-0.0389556410755132,0,-0.731575426036568,0.75753932096096,1,0,0,0,0,1,0,0,1,1,0,1,0,0,0,"Eastern.Towhee","Brown.headed.Cowbird",0.23
"614",0,-0.405465108108164,-0.966983846189673,-0.253855725709579,-0.644173175963486,-0.327147214660746,-1.12820024585361,-0.479225858036176,-0.276508771853656,-0.24724110289327,-0.28312625591592,-0.799527584118517,-0.762140052046897,-0.405465108108164,-0.0634105437427794,0.287682072451781,-0.182321556793955,0.683096844706444,0.683096844706444,-0.963400174676601,-0.405465108108164,-0.627764959583327,0.132716115541956,0,0,1,1,0,1,1,1,0,0,0,0,0,1,0,"Eastern.Towhee","Common.Grackle",0.164615384615385
"615",-0.405465108108164,0,1.22077992264232,0.529538332698145,-0.743336925083801,0.324119468654212,-0.618345967477247,0.136486631628846,0.372675285285173,0.769133087537867,0.573345980747325,0.20294084399669,0.139112802462718,1.38629436111989,-0.275655395159366,0.287682072451781,0.22314355131421,-0.432044745912876,-0.432044745912876,1.21088761731652,0,-0.687516645664098,-0.786579125352498,1,1,0,0,0,1,0,0,1,1,0,1,0,0,0,"Eastern.Towhee","Pine.Warbler",-0.205384615384615
"616",0.693147180559945,0,-0.0629747991613884,-0.104487724854003,-0.130770231183195,-0.0929962566739277,-0.246296856288927,-0.127590328611617,0.0971637484536477,-0.405465108108165,-0.525266307920785,-0.405465108108164,-0.133531392624523,0,-0.45064459777459,0,0.916290731874155,-0.0100503358535015,-0.0100503358535015,-0.0820674097217611,0,0,0.0730950061027612,1,0,1,0,0,1,0,1,1,1,0,1,1,1,0,"Eastern.Towhee","Northern.Cardinal",0.318461538461538
"639",0,0,0,0,0,0,0,0,0,0,0,0,0,0,0,0,0,0,0,0,0,0,0,1,1,1,1,1,1,1,1,1,1,1,1,1,1,1,"Eastern.Meadowlark","Eastern.Meadowlark",1
"640",-0.405465108108164,0,0.591715943042009,-0.276867124601598,0.032789822822991,-0.032002731086174,0.0213531244705688,-0.0876278998205022,0.351662402115188,-0.0706175672139535,0.0855221734381619,0.261364764134408,0.389180514343664,0.916290731874155,0,0,0,0,0,0.55758738967403,0,-0.320400896351339,1.02038373917872,1,0,0,0,0,1,0,0,1,0,1,1,0,0,0,"Eastern.Meadowlark","Red.winged.Blackbird",0.120769230769231
"641",-0.405465108108164,0.405465108108164,0.823260828673807,-0.0349889918500654,-0.285663908295544,0.224305666494387,-0.177025869219244,0.0290963744876392,0.47706366865646,-0.0819171224678868,0.0504308536268919,0.588787165235703,0.643646536786915,1.6094379124341,0,0,0,-0.146694379150803,-0.146694379150803,0.834687352795274,0,-0.309068387771923,1.49796979028748,1,1,0,0,0,1,0,0,1,0,1,1,1,1,1,"Eastern.Meadowlark","Brown.headed.Cowbird",0.230769230769231
"642",0,0,-0.136251002677165,-0.561733087053736,-0.0433993155345555,-0.131496803926735,-0.188756209004734,-0.206540241074037,0.111521274432407,-0.24724110289327,-0.17958557697508,-0.0861776962410524,0.0150378773645405,-0.182321556793955,0.38723405403181,-0.405465108108164,-0.405465108108164,0.916290731874155,0.916290731874155,-0.089757180805814,-0.405465108108164,-0.205257921318683,0.873146584868474,0,0,0,0,0,1,0,1,0,1,1,0,1,0,1,"Eastern.Meadowlark","Common.Grackle",-0.245384615384615
"643",-0.405465108108164,0.405465108108164,2.05151276615483,0.221660971353987,-0.14256306465487,0.519769879388223,0.321098069371625,0.409172248590984,0.760705331571236,0.769133087537867,0.676886659688165,0.916290731874155,0.916290731874155,1.6094379124341,0.174989202615224,-0.405465108108164,0,-0.198850858745165,-0.198850858745165,2.08453061118731,0,-0.265009607399453,-0.0461486560259802,1,0,1,0,0,1,0,0,1,0,1,1,1,1,0,"Eastern.Meadowlark","Pine.Warbler",0.381538461538462
"644",0.693147180559945,0.405465108108164,0.76775804435112,-0.412365086198161,0.470003629245736,0.102654154060083,0.693147180559945,0.145095288350521,0.485193794739711,-0.405465108108165,-0.421725628979945,0.3078847797693,0.643646536786915,0.22314355131421,0,-0.693147180559945,0.693147180559945,0.22314355131421,0.22314355131421,0.791575584149026,0,0,0.813525475429279,1,0,0,0,0,1,0,1,1,0,0,1,0,0,0,"Eastern.Meadowlark","Northern.Cardinal",-0.232307692307692
"668",0,0,0,0,0,0,0,0,0,0,0,0,0,0,0,0,0,0,0,0,0,0,0,1,1,1,1,1,1,1,1,1,1,1,1,1,1,1,"Red.winged.Blackbird","Red.winged.Blackbird",1
"669",0,0.405465108108164,0.231544885631799,0.241878132751532,-0.318453731118535,0.256308397580561,-0.198378993689813,0.116724274308141,0.125401266541272,-0.0112995552539333,-0.0350913198112702,0.327422401101295,0.254466022443251,0.693147180559945,0,0,0,-0.146694379150803,-0.146694379150803,0.277099963121244,0,0.0113325085794155,0.47758605110876,1,0,1,0,1,1,0,1,1,1,1,1,0,0,0,"Red.winged.Blackbird","Brown.headed.Cowbird",-0.108461538461538
"670",0.405465108108164,0,-0.727966945719173,-0.284865962452139,-0.0761891383575464,-0.0994940728405613,-0.210109333475303,-0.118912341253535,-0.240141127682781,-0.176623535679317,-0.265107750413242,-0.34754246037546,-0.374142636979123,-1.09861228866811,0.38723405403181,-0.405465108108164,-0.405465108108164,0.916290731874155,0.916290731874155,-0.647344570479844,-0.405465108108164,0.115142975032656,-0.147237154310244,0,0,0,0,0,1,0,0,0,0,1,0,0,0,0,"Red.winged.Blackbird","Common.Grackle",-0.303846153846154
"671",0,0.405465108108164,1.45979682311282,0.498528095955585,-0.175352887477861,0.551772610474397,0.299744944901056,0.496800148411486,0.409042929456048,0.839750654751821,0.591364486250003,0.654925967739748,0.527110217530491,0.693147180559945,0.174989202615224,-0.405465108108164,0,-0.198850858745165,-0.198850858745165,1.52694322151328,0,0.0553912889518856,-1.0665323952047,1,0,0,0,0,1,0,1,1,1,1,1,0,0,0,"Red.winged.Blackbird","Pine.Warbler",-0.211538461538462
"672",1.09861228866811,0.405465108108164,0.176042101309111,-0.135497961596563,0.437213806422745,0.134656885146257,0.671794056089376,0.232723188171023,0.133531392624523,-0.334847540894211,-0.507247802418107,0.0465200156348929,0.254466022443251,-0.693147180559945,0,-0.693147180559945,0.693147180559945,0.22314355131421,0.22314355131421,0.233988194474996,0,0,-0.206858263749439,1,0,0,0,0,1,0,0,1,1,0,1,1,0,0,"Red.winged.Blackbird","Northern.Cardinal",-0.200769230769231
"697",0,0,0,0,0,0,0,0,0,0,0,0,0,0,0,0,0,0,0,0,0,0,0,1,1,1,1,1,1,1,1,1,1,1,1,1,1,1,"Brown.headed.Cowbird","Brown.headed.Cowbird",1
"698",0.405465108108164,-0.405465108108164,-0.959511831350972,-0.526744095203671,0.242264592760988,-0.355802470421122,-0.0117303397854896,-0.235636615561676,-0.365542394224053,-0.165323980425384,-0.230016430601972,-0.674964861476755,-0.628608659422374,-1.79175946922805,0.38723405403181,-0.405465108108164,-0.405465108108164,1.06298511102496,1.06298511102496,-0.924444533601088,-0.405465108108164,0.103810466453241,-0.624823205419004,0,0,0,0,0,1,0,0,0,0,1,0,1,0,1,"Brown.headed.Cowbird","Common.Grackle",-0.000769230769230769
"699",0,0,1.22825193748102,0.256649963204052,0.143100843640673,0.295464212893836,0.498123938590869,0.380075874103345,0.283641662914776,0.851050210005754,0.626455806061273,0.327503566638452,0.27264419508724,0,0.174989202615224,-0.405465108108164,0,-0.0521564795943617,-0.0521564795943617,1.24984325839203,0,0.0440587803724701,-1.54411844631346,1,0,0,0,0,1,0,1,1,1,1,1,1,1,0,"Brown.headed.Cowbird","Pine.Warbler",0.0338461538461538
"700",1.09861228866811,0,-0.0555027843226876,-0.377376094348096,0.755667537541279,-0.121651512434304,0.87017304977919,0.115998913862882,0.00813012608325009,-0.323547985640278,-0.472156482606837,-0.280902385466402,0,-1.38629436111989,0,-0.693147180559945,0.693147180559945,0.369837930465013,0.369837930465013,-0.0431117686462479,0,0,-0.684444314858199,1,0,0,0,0,1,0,0,1,1,0,1,0,0,0,"Brown.headed.Cowbird","Northern.Cardinal",0.0715384615384615
"726",0,0,0,0,0,0,0,0,0,0,0,0,0,0,0,0,0,0,0,0,0,0,0,1,1,1,1,1,1,1,1,1,1,1,1,1,1,1,"Common.Grackle","Common.Grackle",1
"727",-0.405465108108164,0.405465108108164,2.18776376883199,0.783394058407724,-0.0991637491203149,0.651266683314958,0.509854278376359,0.615712489665021,0.649184057138829,1.01637419043114,0.856472236663245,1.00246842811521,0.901252854509614,1.79175946922805,-0.212244851416587,0,0.405465108108164,-1.11514159061932,-1.11514159061932,2.17428779199312,0.405465108108164,-0.0597516860807706,-0.919295240894454,0,0,0,0,0,1,0,0,0,0,1,0,1,0,0,"Common.Grackle","Pine.Warbler",0.236923076923077
"728",0.693147180559945,0.405465108108164,0.904009047028285,0.149368000855575,0.513402944780291,0.234150957986819,0.881903389564679,0.351635529424558,0.373672520307304,-0.158224005214894,-0.242140052004865,0.394062476010353,0.628608659422374,0.405465108108164,-0.38723405403181,-0.287682072451781,1.09861228866811,-0.693147180559945,-0.693147180559945,0.88133276495484,0.405465108108164,0,-0.0596211094391948,0,0,1,0,0,1,0,1,0,0,0,0,0,1,0,"Common.Grackle","Northern.Cardinal",-0.193076923076923
"755",0,0,0,0,0,0,0,0,0,0,0,0,0,0,0,0,0,0,0,0,0,0,0,1,1,1,1,1,1,1,1,1,1,1,1,1,1,1,"Pine.Warbler","Pine.Warbler",1
"756",1.09861228866811,0,-1.28375472180371,-0.634026057552148,0.612566693900606,-0.41711572532814,0.37204911118832,-0.264076960240463,-0.275511536831526,-1.17459819564603,-1.09861228866811,-0.608405952104855,-0.27264419508724,-1.38629436111989,-0.174989202615224,-0.287682072451781,0.693147180559945,0.421994410059375,0.421994410059375,-1.29295502703828,0,0,0.859674131455259,1,0,0,0,0,1,0,0,1,1,0,1,0,0,1,"Pine.Warbler","Northern.Cardinal",-0.343076923076923
"784",0,0,0,0,0,0,0,0,0,0,0,0,0,0,0,0,0,0,0,0,0,NA,0,1,1,1,1,1,1,1,1,1,1,1,1,1,1,1,"Northern.Cardinal","Northern.Cardinal",1
