"","dif_mig","dif_habDen","dif_mass","dif_tailLen","dif_handWing","dif_Secondary","dif_KippsDist","dif_wingLen","dif_tarsusLen","dif_beakDep","dif_width","dif_beakLenNare","dif_beakLenCulm","dif_clutchMin","dif_clutchMax","dif_ESI","dif_DB","dif_HB","dif_normMax","dif_elevaRange","dif_weight","dif_LAT","dif_RLM","dif_primHab","dif_primDiet","dif_INwt","dif_FRwt","dif_NEwt","dif_SEwt","dif_VEwt","dif_FIwt","dif_SCwt","dif_PLwt","dif_MSwt","dif_trophicLvl","dif_trophicNic","dif_primLife","sp1","sp2","corr"
"1",0,0,0,0,0,0,0,0,0,0,0,0,0,0,0,0,0,0,0,0,0,0,1,1,1,1,1,1,1,1,1,1,1,1,1,1,1,"Chimney.Swift","Chimney.Swift",1
"2",0,0,-0.997636371328107,-1.20602549064368,0.491571683123057,-0.813961440119612,0.330041346290922,-0.142135747860441,-0.747668019438362,-1.22866541691631,-0.881199412062885,-1.74296930505862,-1.53361907587675,0.693147180559945,0.336472236621213,0.345648309878472,-1.09861228866811,0.22314355131421,0.246860077931526,0.246860077931526,-0.917466510963167,0,1,0,1,0,0,1,0,0,1,1,1,0,1,1,0,"Chimney.Swift","Yellow.billed.Cuckoo",0.100359652096919
"3",1.09861228866811,-1.09861228866811,-1.61703609166517,-1.02602522935509,0.652723558409299,-0.917383031272764,0.491429693418411,-0.149085046153647,-0.524524468124153,-0.348306694268216,0.0714589639821449,-0.977251431663842,-1.13497993283898,0,1.25276296849537,0,0,0,0.246860077931526,0.246860077931526,-1.72329166995059,0,0,0,0,0,0,1,0,1,1,1,0,1,0,0,0,"Chimney.Swift","Mourning.Dove",-0.142710547494922
"4",1.09861228866811,0,-1.08008004053918,-0.561570822771226,0.913449820872551,-0.90419602699081,0.894073925184934,-0.0222584706009427,-0.598267942369702,-1.15267950993839,-0.895384047054841,-1.81993034619475,-1.64376265497517,0,-0.133531392624523,0.345648309878472,-1.09861228866811,0.22314355131421,1.67397643357167,1.67397643357167,-1.04938085068112,-0.405465108108164,0,0,0,0,0,0,0,0,1,0,0,0,0,0,0,"Chimney.Swift","Red.bellied.Woodpecker",0.299794819197965
"5",1.09861228866811,-0.693147180559945,-0.0813456394539524,-0.291100879200567,0.95693493281229,-0.588090201101141,1.2731302713198,0.309351392704156,-0.309004841920602,-0.693147180559945,-0.524524468124153,-1.24867298324384,-1.015920572823,-0.405465108108164,0,0.345648309878472,-1.09861228866811,0.22314355131421,0.151549898127201,0.151549898127201,-0.138482351669534,-0.405465108108164,0,0,1,0,0,1,0,1,1,1,0,1,1,1,0,"Chimney.Swift","Downy.Woodpecker",-0.280431469962149
"6",0,-0.693147180559945,0.180628076287622,-0.470288976658144,1.22748072302108,-0.600156712514257,1.60713641544582,0.393876566831919,-0.422559541467465,-0.535518236356362,-0.640037355245997,-1.01936291701397,-1.015920572823,0,0.154150679827258,-0.266865932523497,0,0.916290731874155,0.246860077931526,0.246860077931526,0.169463401850586,0,1,0,1,1,1,1,1,1,1,1,1,1,1,1,0,"Chimney.Swift","Eastern.Phoebe",-0.336131579371797
"7",0,0,-0.307609318104406,-0.698838715559733,1.18938087678881,-0.77445012784577,1.39091330697618,0.230404575551257,-0.630904871682724,-1.05605267424931,-1.07535542650384,-1.48807705542983,-1.28181529108987,-0.693147180559945,-0.133531392624523,0.345648309878472,-0.693147180559945,-0.182321556793955,0.826678573184468,0.826678573184468,-0.387660483474658,0.693147180559945,0,0,1,0,0,1,1,1,1,1,1,1,0,1,0,"Chimney.Swift","Great.Crested.Flycatcher",0.194587187392943
"8",0,0,0.382427440041147,-0.184981638164916,0.85826340530526,-0.418134960849216,1.30235990963474,0.473224243945778,-0.519409367457382,-0.606135803570316,-0.393904285707088,-1.00900012997842,-0.956731701432666,0.693147180559945,0.336472236621213,0.170659107263248,-0.693147180559945,0.22314355131421,0.0645385211375712,0.0645385211375712,0.166158763657526,0,1,0,1,0,0,0,0,1,1,1,0,1,0,1,0,"Chimney.Swift","Red.eyed.Vireo",-0.124357656731757
"9",0,-0.693147180559945,0.727633356631115,-0.110143579098426,1.36797108596991,-0.323903335886099,2.05666151334802,0.702840309765605,-0.519409367457382,-0.535518236356362,-0.296265816143172,-0.748717031714756,-0.776846199436592,-0.405465108108164,0.336472236621213,-0.071843475522107,-0.693147180559945,0.916290731874155,1.16315080980568,1.16315080980568,0.707365429562224,0,1,0,1,0,0,1,1,0,1,1,1,1,1,1,0,"Chimney.Swift","White.eyed.Vireo",0.148618764898851
"10",1.09861228866811,-0.693147180559945,-1.31609010244664,-1.019457061243,1.39630159259614,-1.08485691359962,1.33246971110611,-0.0440322701505033,-1.09573458884049,-1.31058253938419,-1.24782468685479,-1.67039861222379,-1.55730884699915,0,0,0.218414760942638,-1.09861228866811,0.510825623765991,1.16315080980568,1.16315080980568,-1.20597080698861,-0.405465108108164,0,0,0,0,0,1,0,0,1,0,1,1,0,0,0,"Chimney.Swift","Blue.Jay",0.321116634269151
"11",0.405465108108164,-0.693147180559945,-2.94533064217692,-1.33895861821895,0.655459538228173,-1.62677312443565,-0.208287196364695,-0.858375458963072,-1.55632808712015,-1.9339339580086,-1.56717810314422,-2.24978690742708,-2.06947136935999,-0.405465108108164,0,1.1846102721557,-1.6094379124341,-0.470003629245736,0.575364144903562,0.575364144903562,-3.00145118348789,-0.405465108108164,0,0,0,0,0,1,0,0,0,0,1,0,0,0,0,"Chimney.Swift","American.Crow",-0.374743523997457
"12",1.09861228866811,-1.09861228866811,-2.48983797362419,-1.27724872787918,0.660954057545814,-1.57157147309476,-0.147545635999334,-0.799431706487801,-1.40126790291005,-1.81915844341617,-1.55995785517073,-2.05045400480658,-1.92760300161096,0,0.154150679827258,0.911561941502583,-1.6094379124341,-0.182321556793955,1.16315080980568,1.16315080980568,-2.48793514749116,-0.405465108108164,0,0,0,0,0,1,0,0,0,0,1,0,0,0,0,"Chimney.Swift","Fish.Crow",-0.336189190406477
"13",1.09861228866811,0,0.088553397341445,-0.448658717349439,1.4739525268262,-0.577411228525287,1.93787797735805,0.468076227428377,-0.569419788032044,-0.829279354884525,-0.524524468124153,-0.921988752988793,-0.747214401830221,-0.916290731874155,0,0.557893161295059,-1.09861228866811,-0.182321556793955,1.65744713162046,1.65744713162046,0.0389854467129536,-0.405465108108164,0,0,1,0,0,1,0,1,1,1,1,1,1,1,0,"Chimney.Swift","Tufted.Titmouse",0.149580749614915
"14",1.09861228866811,-0.693147180559945,0.858661619037519,-0.124357016348481,1.28235733324692,-0.250099361302738,2.02999326626585,0.749360325400498,-0.24362208265775,-0.432864082296279,-0.18805223150294,-0.634306680537012,-0.345501643340607,-0.916290731874155,0.154150679827258,0.557893161295059,-1.09861228866811,-0.182321556793955,0.547965170715447,0.547965170715447,0.777488328993696,-0.405465108108164,0,0,1,0,0,1,0,1,1,1,1,1,0,1,0,"Chimney.Swift","Carolina.Chickadee",0.351652160746187
"15",1.09861228866811,-0.693147180559945,-0.824026755136174,-0.50257248200927,0.301528080235192,-0.658397332495206,0.125009544919759,-0.168290025989697,-0.257045102989891,-0.693147180559945,-0.710241613919245,-0.98794672078059,-0.980829253011726,0,-0.133531392624523,0.0627911748461158,0,-0.182321556793955,0,0,-0.795783400456343,0,1,0,1,1,0,1,1,1,1,1,1,1,1,1,1,"Chimney.Swift","Purple.Martin",0.239204948933457
"16",0,-1.09861228866811,0.276445999184855,-0.474559445781596,0.290055679072955,-0.425303450327829,0.331645195872897,0.0716376151661843,-0.00858374369139144,-0.117783035656384,-0.439366659783846,-0.538996500732687,-0.677146839213504,0,0,0.0627911748461158,0,-0.182321556793955,0.0645385211375712,0.0645385211375712,0.158202997032206,-0.916290731874155,0,0,1,1,1,1,0,1,1,1,1,0,1,1,1,"Chimney.Swift","Barn.Swallow",-0.0782266530508602
"17",1.09861228866811,-0.693147180559945,0.216807732865124,-0.146292093214737,1.81915844341617,-0.362667879336344,2.54668400948424,0.73920795393648,-0.612385823915487,-0.485507815781701,-0.0984400728132526,-1.15418213982292,-0.986763988531541,-0.405465108108164,0.154150679827258,-0.157446199920911,0,0.510825623765991,0.470003629245736,0.470003629245736,0.135213478807508,-0.405465108108164,0,0,1,1,1,1,0,0,1,1,1,1,1,1,0,"Chimney.Swift","Carolina.Wren",-0.197125360568525
"18",1.09861228866811,0,0.116724274308141,-0.108096495476701,0.812353704001183,-0.509184934308531,1.1457908489432,0.339370322694044,-0.46676563397196,-0.559615787935423,-0.321583624127462,-1.24867298324384,-1.1091387016551,-0.405465108108164,-0.356674943938732,-0.071843475522107,-0.693147180559945,0.916290731874155,-0.0896121586896872,-0.0896121586896872,0.0426619214422623,0,1,0,1,0,1,1,0,1,1,1,0,0,0,0,0,"Chimney.Swift","White.breasted.Nuthatch",-0.294601581353758
"19",1.09861228866811,0,0.838858991741339,0.212921997242672,1.10431843824496,-0.309972762350152,1.74891187784543,0.649114910409442,-0.24362208265775,-0.485507815781701,-0.129211731480006,-1.08904283765196,-0.887303195000903,-0.405465108108164,-0.251314428280906,0.170659107263248,-0.693147180559945,0.22314355131421,1.67397643357167,1.67397643357167,0.810739058017633,-0.405465108108164,0,0,1,0,0,1,0,1,1,1,1,1,0,1,0,"Chimney.Swift","Brown.headed.Nuthatch",0.247645148348369
"20",0,-0.693147180559945,-0.720317085911873,-0.987655218082126,1.22748072302108,-0.90530161029856,1.32377400413856,0.102328318560682,-1.02096135443804,-0.792238083204176,-0.461345566502621,-1.24867298324384,-1.25502797512622,0,0.154150679827258,0.170659107263248,-0.693147180559945,0.22314355131421,0.0645385211375712,0.0645385211375712,-0.753425721736137,0,1,0,0,0,0,1,1,0,1,1,0,1,0,0,0,"Chimney.Swift","Northern.Mockingbird",0.331677236322018
"21",0.405465108108164,0,-1.06995703290773,-1.0227465378934,1.62088295867997,-0.862405643379176,1.82454929205105,0.193639381726616,-1.08122054595624,-0.965080896043587,-0.6216882165778,-1.70734212741547,-1.56397553835734,0,0.154150679827258,0.0627911748461158,-1.09861228866811,0.916290731874155,1.81707727721234,1.81707727721234,-1.12997794794633,-0.405465108108164,0,0,1,0,0,1,0,0,1,1,1,1,0,0,0,"Chimney.Swift","Brown.Thrasher",0.226883574948606
"22",0.405465108108164,-0.693147180559945,-0.152939292640961,-0.355532739359955,0.762343283426521,-0.565065392702987,1.0167987287521,0.261239495328264,-0.529613537631624,-0.628608659422374,-0.370373788296894,-0.955511445027436,-0.893817876022097,-0.693147180559945,0.336472236621213,0.0627911748461158,-0.693147180559945,0.510825623765991,0.27115277050057,0.27115277050057,-0.276405494875035,0,1,0,1,0,0,1,1,0,1,1,1,1,1,1,0,"Chimney.Swift","Eastern.Bluebird",-0.195105325584672
"23",0,0,-0.752774296059255,-0.48726251003785,0.960645512208826,-0.768132987444508,1.09631079167983,0.155357195155599,-1.01785093202365,-0.810930216216329,-0.564529802737852,-1.22377543162212,-1.10388934576895,-0.405465108108164,0.559615787935423,0.345648309878472,-1.38629436111989,0.510825623765991,0.881738350367495,0.920204631195291,-0.865771131915915,0,1,0,1,0,0,1,0,0,1,1,1,1,0,1,0,"Chimney.Swift","Wood.Thrush",-0.0416024708185606
"24",0,-1.09861228866811,-1.2018519127568,-0.781584481076508,0.885475968830145,-0.903089220015619,0.855395070619823,-0.0206849061535122,-1.03636997979089,-1.04145387482816,-0.658055860748675,-1.27296567581289,-1.31218638896617,0,0.559615787935423,0.421130276232166,-0.693147180559945,-0.336472236621213,-0.0896121586896872,-0.0896121586896872,-1.25653734915566,0,1,0,0,0,0,1,1,1,1,1,1,1,0,1,0,"Chimney.Swift","American.Robin",0.218225419664269
"25",0.405465108108164,-0.693147180559945,0.0978557900037587,-0.413046645560562,0.938585794144093,-0.421725628979945,1.40960543998834,0.477102723274349,-0.405465108108164,-1.22866541691631,-0.822358912039951,-0.8754687373539,-0.520304367720534,0,0,0.421130276232166,-0.693147180559945,-0.336472236621213,-0.0896121586896872,-0.0896121586896872,0.0424317453565414,0,1,0,0,0,0,0,0,1,1,1,0,1,0,0,0,"Chimney.Swift","House.Finch",0.0758431875416557
"26",1.09861228866811,0,0.611801541105993,-0.0977977432761265,0.934956026093515,-0.317956836698373,1.51391828661372,0.577868170536752,-0.151684587332065,-0.965080896043587,-0.393904285707088,-0.851371185774839,-0.601797401971717,0,0,-0.071843475522107,0,0.22314355131421,1.16315080980568,1.16315080980568,0.55979962836245,-0.405465108108164,0,0,0,0,1,1,0,1,1,1,0,1,0,0,0,"Chimney.Swift","American.Goldfinch",-0.060082177726153
"27",0,-0.693147180559945,0.659810760292354,-0.245717873352749,1.06641916565398,-0.331777392317005,1.67244151385359,0.603994475128972,-0.340160009700398,-0.713766467762681,-0.321583624127462,-0.693147180559945,-0.732062596809619,0,0,0.263156255116993,-0.693147180559945,0,-0.171850256926659,-0.171850256926659,0.529379031661739,0,1,0,0,0,0,1,0,1,1,1,1,1,0,0,0,"Chimney.Swift","Chipping.Sparrow",0.412157558416071
"28",0.405465108108164,-0.693147180559945,-0.527632742082372,-0.738888561880019,1.64270200607461,-0.659810760292353,2.05666151334802,0.413131072622055,-0.84483176789201,-1.22866541691631,-0.640037355245997,-1.02961941718116,-0.893817876022097,0,0.154150679827258,0.621303705037838,-1.38629436111989,0,0.480053965099237,0.480053965099237,-0.595518137799259,0,1,0,0,0,0,1,0,0,1,1,0,1,0,0,0,"Chimney.Swift","Eastern.Towhee",-0.220852622863964
"29",1.09861228866811,-0.693147180559945,-0.0536210914390974,-0.494250658671778,1.19406472610124,-0.502595124629475,1.67244151385359,0.486211439472589,-0.810930216216329,-0.965080896043587,-0.503905180921417,-1.09861228866811,-0.95061547441523,-0.405465108108164,0.336472236621213,-0.071843475522107,-0.693147180559945,0.916290731874155,0.421213465076303,0.421213465076303,-0.193290588164528,0,1,0,1,0,0,1,1,1,1,1,1,0,1,1,0,"Chimney.Swift","Yellow.breasted.Chat",-0.0553176921967657
"30",0.405465108108164,-1.09861228866811,-1.35836558559488,-0.431011200535861,1.04192814564568,-0.855461171026364,1.11721747649914,0.140445455659917,-1.23286181417807,-1.22866541691631,-0.743578034186837,-1.74296930505862,-1.67099580543353,0,0,0.170659107263248,-0.693147180559945,0.22314355131421,0.246860077931526,0.246860077931526,-1.46916113167005,0,1,0,1,0,1,1,0,0,1,0,1,1,1,1,0,"Chimney.Swift","Eastern.Meadowlark",-0.352336975080649
"31",0,-1.09861228866811,-0.766649642552872,-0.707878325137459,1.07471796846867,-0.887463902112538,1.13857060096971,0.0528175558394143,-0.881199412062885,-1.29928298413026,-0.658055860748675,-1.48160454092422,-1.28181529108987,0,0.559615787935423,0.170659107263248,-0.693147180559945,0.22314355131421,0.246860077931526,0.246860077931526,-0.911573741996016,0,1,0,0,0,0,1,0,1,1,1,1,1,0,0,0,"Chimney.Swift","Red.winged.Blackbird",0.186130147901233
"32",0,-0.693147180559945,-0.535104756921073,-0.466000192385926,0.756264237350139,-0.631155504531977,0.9401916072799,0.169541830147556,-0.755798145521613,-1.31058253938419,-0.693147180559945,-1.15418213982292,-1.02734926864662,-0.693147180559945,0.336472236621213,0.170659107263248,-0.693147180559945,0.22314355131421,0.100165698780722,0.100165698780722,-0.634473778874772,0,1,0,0,0,0,1,0,1,1,1,1,1,1,1,0,"Chimney.Swift","Brown.headed.Cowbird",0.125706458428564
"33",0.405465108108164,-1.09861228866811,-1.49461658827205,-0.992744287589598,0.998528830111127,-0.9869579749531,0.92846126749441,-0.0660947854141206,-1.12134053974567,-1.47590651980958,-0.923163611161917,-1.82914700129968,-1.65595792806899,0.693147180559945,0,0.557893161295059,-1.09861228866811,-0.182321556793955,1.16315080980568,1.16315080980568,-1.55891831247586,-0.405465108108164,0,0,0,0,0,1,0,0,0,0,1,0,1,0,0,"Chimney.Swift","Common.Grackle",0.395687291887511
"34",0,0,0.227389842195661,-0.140357357694922,1.03790399534596,-0.409101475751548,1.55670556181893,0.530306759337813,-0.653581580353754,-0.535518236356362,-0.216223108469636,-0.933288308242726,-0.874145110423392,-0.405465108108164,0.154150679827258,-0.071843475522107,-0.693147180559945,0.916290731874155,0.521296923633286,0.521296923633286,0.0891527054309729,0,1,0,1,0,0,1,0,1,1,1,1,1,1,1,0,"Chimney.Swift","Ovenbird",0.175664119189995
"35",0,0,0.909954913425069,-0.120316606811476,1.4739525268262,-0.190936436643769,2.32354045817003,0.821638470877144,-0.55467750629484,-0.318453731118535,-0.0339015516756813,-0.814099790977608,-0.701052360067059,0.693147180559945,0.154150679827258,-0.266865932523497,0,0.916290731874155,-0.362905493689368,-0.362905493689368,0.698307531119255,0,1,0,1,1,0,1,0,1,1,1,1,1,1,1,0,"Chimney.Swift","Common.Yellowthroat",0.259303908336925
"36",0,-0.693147180559945,0.693147180559945,-0.209350229181874,0.899365080990812,-0.335691291638142,1.43831554587077,0.549617704250901,-0.472156482606837,-0.45953232937844,-0.0666913744986723,-0.826678573184468,-0.754705073559379,-0.405465108108164,0.559615787935423,0.345648309878472,-1.09861228866811,0.22314355131421,0.0480092191863607,0.0480092191863607,0.615369479517261,0,1,0,1,0,0,1,0,1,1,1,1,1,1,1,0,"Chimney.Swift","Pine.Warbler",-0.0614726063445656
"37",0,0,-0.209491462145882,-0.48726251003785,0.878603089542383,-0.610596777510941,1.13497993283898,0.301713603256039,-0.519409367457382,-1.32175583998232,-1.06352096885684,-1.33500106673234,-1.11436064563625,-0.405465108108164,0.559615787935423,0.170659107263248,-0.693147180559945,0.22314355131421,0.246860077931526,0.246860077931526,-0.238090116344849,0,1,0,1,0,0,1,1,1,1,1,1,1,1,1,0,"Chimney.Swift","Summer.Tanager",-0.0696560241341769
"38",1.09861228866811,-0.693147180559945,-0.59060754124376,-0.843376286734022,1.51193177489142,-0.752807016966281,1.81036465705909,0.285540744010438,-0.747668019438362,-1.63413052502447,-1.16530366316678,-1.43508452528932,-1.02734926864662,0.693147180559945,0.336472236621213,0.170659107263248,-1.38629436111989,0.916290731874155,0.470003629245736,0.470003629245736,-0.67758554752102,0,1,0,0,0,0,1,0,0,1,1,0,1,0,0,0,"Chimney.Swift","Northern.Cardinal",0.286032247807412
"39",0,-0.693147180559945,-0.14929630136246,-0.385479815727908,1.12163488825643,-0.607625007121783,1.47288688993586,0.367992768871394,-0.559615787935423,-1.5132940518812,-0.936769263217696,-1.256836293883,-0.992663710658729,-0.405465108108164,0.336472236621213,0.345648309878472,-0.693147180559945,-0.182321556793955,0.246860077931526,0.246860077931526,-0.246400413478477,0,1,0,0,0,0,1,0,1,1,1,1,1,1,1,0,"Chimney.Swift","Blue.Grosbeak",-0.246533160406285
"40",0,-0.693147180559945,0.473399218246874,-0.110143579098426,1.13925648960624,-0.317956836698373,1.77575912788161,0.65219657694685,-0.393904285707088,-0.949080554697146,-0.564529802737852,-0.775385278796917,-0.619039208406224,-0.405465108108164,0.559615787935423,0.741532826553737,-1.38629436111989,-0.182321556793955,0.330241686870577,0.330241686870577,0.370424499521835,0,1,0,0,0,0,0,0,1,1,1,0,1,0,0,0,"Chimney.Swift","Indigo.Bunting",-0.178161968362845
"42",0,0,0,0,0,0,0,0,0,0,0,0,0,0,0,0,0,0,0,0,0,0,1,1,1,1,1,1,1,1,1,1,1,1,1,1,1,"Yellow.billed.Cuckoo","Yellow.billed.Cuckoo",1
"43",1.09861228866811,-1.09861228866811,-0.619399720337064,0.180000261288584,0.161151875286242,-0.103421591153152,0.161388347127489,-0.00694929829320592,0.22314355131421,0.880358722648092,0.95265837604503,0.765717873394781,0.398639143037764,-0.693147180559945,0.916290731874155,-0.345648309878472,1.09861228866811,-0.22314355131421,0,0,-0.805825158987427,0,0,0,0,0,0,1,0,0,1,1,0,0,0,0,0,"Yellow.billed.Cuckoo","Mourning.Dove",0.00992301475126854
"44",1.09861228866811,0,-0.0824436692110745,0.644454667872452,0.421878137749495,-0.0902345868711985,0.564032578894012,0.119877277259498,0.14940007706866,0.075985906977922,-0.0141846349919564,-0.0769610411361284,-0.110143579098426,-0.693147180559945,-0.470003629245736,0,0,0,1.42711635564015,1.42711635564015,-0.131914339717951,-0.405465108108164,0,1,0,0,0,0,0,0,1,0,0,1,0,0,1,"Yellow.billed.Cuckoo","Red.bellied.Woodpecker",-0.0889649598389593
"45",1.09861228866811,-0.693147180559945,0.916290731874155,0.914924611443112,0.465363249689233,0.225871239018471,0.943088925028879,0.451487140564597,0.43866317751776,0.535518236356362,0.356674943938732,0.49429632181478,0.517698503053753,-1.09861228866811,-0.336472236621213,0,0,0,-0.0953101798043249,-0.0953101798043249,0.778984159293633,-0.405465108108164,0,0,1,1,1,1,0,0,1,1,0,0,1,1,1,"Yellow.billed.Cuckoo","Downy.Woodpecker",-0.0706949716197054
"46",0,-0.693147180559945,1.17826444761573,0.735736513985534,0.735909039898027,0.213804727605354,1.2770950691549,0.536012314692359,0.325108477970898,0.693147180559945,0.241162056816888,0.723606388044654,0.517698503053753,-0.693147180559945,-0.182321556793955,-0.612514242401969,1.09861228866811,0.693147180559945,0,0,1.08692991281375,0,1,1,1,0,0,1,0,0,1,1,1,0,1,1,1,"Yellow.billed.Cuckoo","Eastern.Phoebe",-0.311750617814404
"47",0,0,0.690027053223702,0.507186775083945,0.697809193665757,0.0395113122738423,1.06087196068526,0.372540323411698,0.116763147755638,0.172612742666994,-0.194156014440958,0.25489224962879,0.251803784786879,-1.38629436111989,-0.470003629245736,0,0.405465108108164,-0.405465108108164,0.579818495252942,0.579818495252942,0.529806027488509,0.693147180559945,0,1,1,1,0,1,0,0,1,1,1,0,0,1,1,"Yellow.billed.Cuckoo","Great.Crested.Flycatcher",-0.211508823105281
"48",0,0,1.38006381136925,1.02104385247876,0.366691722182204,0.395826479270396,0.972318563343817,0.615359991806219,0.22825865198098,0.622529613345992,0.487295126355797,0.7339691750802,0.576887374444083,0,0,-0.174989202615224,0.405465108108164,0,-0.182321556793955,-0.182321556793955,1.08362527462069,0,1,0,1,0,0,0,1,0,1,1,0,0,0,1,1,"Yellow.billed.Cuckoo","Red.eyed.Vireo",0.136495977340007
"49",0,-0.693147180559945,1.72526972795922,1.09588191154525,0.876399402846853,0.490058104233512,1.72662016705709,0.844976057626046,0.22825865198098,0.693147180559945,0.584933595919713,0.994252273343867,0.756772876440157,-1.09861228866811,0,-0.417491785400579,0.405465108108164,0.693147180559945,0.916290731874155,0.916290731874155,1.62483194052539,0,1,0,1,0,1,1,0,0,1,1,1,0,1,1,1,"Yellow.billed.Cuckoo","White.eyed.Vireo",-0.165237138189249
"50",1.09861228866811,-0.693147180559945,-0.318453731118535,0.186568429400681,0.904729909473079,-0.270895473480013,1.00242836481519,0.0981034777099375,-0.348066569402132,-0.0819171224678868,-0.3666252747919,0.0725706928348354,-0.0236897711224047,-0.693147180559945,-0.336472236621213,-0.127233548935834,0,0.287682072451781,0.916290731874155,0.916290731874155,-0.288504296025442,-0.405465108108164,0,1,0,0,0,1,0,0,1,0,1,0,0,0,0,"Yellow.billed.Cuckoo","Blue.Jay",0.237328767123288
"51",0.405465108108164,-0.693147180559945,-1.94769427084881,-0.132933127575269,0.163887855105117,-0.812811684316034,-0.538328542655618,-0.716239711102631,-0.80866006768179,-0.70526854109229,-0.685978691081333,-0.506817602368452,-0.535852293483237,-1.09861228866811,-0.336472236621213,0.838961962277232,-0.510825623765991,-0.693147180559945,0.328504066972036,0.328504066972036,-2.08398467252472,-0.405465108108164,0,0,0,0,0,1,0,1,0,0,1,1,0,0,0,"Yellow.billed.Cuckoo","American.Crow",-0.166980386159277
"52",1.09861228866811,-1.09861228866811,-1.49220160229608,-0.0712232372354967,0.169382374422757,-0.757610032975147,-0.477586982290257,-0.65729595862736,-0.653599883471691,-0.590493026499862,-0.678758443107846,-0.307484699747961,-0.393983925734208,-0.693147180559945,-0.182321556793955,0.565913631624111,-0.510825623765991,-0.405465108108164,0.916290731874155,0.916290731874155,-1.57046863652799,-0.405465108108164,0,0,0,0,0,1,0,0,0,0,1,1,0,0,0,"Yellow.billed.Cuckoo","Fish.Crow",-0.2364228511682
"53",1.09861228866811,0,1.08618976866955,0.757366773294239,0.982380843703145,0.236550211594325,1.60783663106713,0.610211975288817,0.178248231406319,0.399386062031782,0.356674943938732,0.82098055206983,0.786404674046528,-1.6094379124341,-0.336472236621213,0.212244851416587,0,-0.405465108108164,1.41058705368894,1.41058705368894,0.956451957676121,-0.405465108108164,0,0,1,0,0,1,0,0,1,1,1,0,1,1,1,"Yellow.billed.Cuckoo","Tufted.Titmouse",-0.0564681857119682
"54",1.09861228866811,-0.693147180559945,1.85629799036563,1.0816684742952,0.790785650123861,0.563862078816874,1.69995191997493,0.891496073260939,0.504045936780612,0.795801334620028,0.693147180559945,1.10866262452161,1.18811743253614,-1.6094379124341,-0.182321556793955,0.212244851416587,0,-0.405465108108164,0.301105092783922,0.301105092783922,1.69495483995686,-0.405465108108164,0,0,1,0,1,1,0,0,1,1,1,0,0,1,1,"Yellow.billed.Cuckoo","Carolina.Chickadee",-0.402944220805778
"55",1.09861228866811,-0.693147180559945,0.173609616191933,0.703453008634408,-0.190043602887865,0.155564107624405,-0.205031801371164,-0.0261542781292557,0.490622916448471,0.535518236356362,0.170957798143639,0.755022584278033,0.552789822865023,-0.693147180559945,-0.470003629245736,-0.282857135032356,1.09861228866811,-0.405465108108164,-0.246860077931526,-0.246860077931526,0.121683110506824,0,1,0,1,0,0,1,0,0,1,1,1,0,1,1,0,"Yellow.billed.Cuckoo","Purple.Martin",0.0286105914094851
"56",0,-1.09861228866811,1.27408237051296,0.731466044862082,-0.201516004050102,0.388657989791783,0.00160384958197462,0.213773363026625,0.739084275746971,1.11088238125992,0.441832752279039,1.20397280432594,0.856472236663245,-0.693147180559945,-0.336472236621213,-0.282857135032356,1.09861228866811,-0.405465108108164,-0.182321556793955,-0.182321556793955,1.07566950799537,-0.916290731874155,0,0,1,0,0,1,1,0,1,1,1,1,1,1,0,"Yellow.billed.Cuckoo","Barn.Swallow",0.18757490064372
"57",1.09861228866811,-0.693147180559945,1.21444410419323,1.05973339742894,1.32758676029311,0.451293560783268,2.21664266319332,0.881343701796921,0.135282195522876,0.743157601134607,0.782759339249632,0.588787165235703,0.546855087345208,-1.09861228866811,-0.182321556793955,-0.503094509799383,1.09861228866811,0.287682072451781,0.22314355131421,0.22314355131421,1.05267998977067,-0.405465108108164,0,0,1,0,0,1,1,0,1,1,1,0,1,1,1,"Yellow.billed.Cuckoo","Carolina.Wren",0.19572291164571
"58",1.09861228866811,0,1.11436064563625,1.09792899516698,0.320782020878126,0.304776505811081,0.815749502652278,0.481506070554485,0.280902385466402,0.669049628980885,0.559615787935423,0.49429632181478,0.424480374221652,-1.09861228866811,-0.693147180559945,-0.417491785400579,0.405465108108164,0.693147180559945,-0.336472236621213,-0.336472236621213,0.960128432405429,0,1,0,1,0,0,1,0,0,1,1,0,1,0,0,1,"Yellow.billed.Cuckoo","White.breasted.Nuthatch",0.218814307736653
"59",1.09861228866811,0,1.83649536306945,1.41894748788635,0.612746755121908,0.503988677769459,1.4188705315545,0.791250658269883,0.504045936780612,0.743157601134607,0.751987680582879,0.653926467406664,0.646315880875846,-1.09861228866811,-0.587786664902119,-0.174989202615224,0.405465108108164,0,1.42711635564015,1.42711635564015,1.7282055689808,-0.405465108108164,0,1,1,0,0,1,0,0,1,1,1,0,0,1,1,"Yellow.billed.Cuckoo","Brown.headed.Nuthatch",-0.201541095890411
"60",0,-0.693147180559945,0.277319285416234,0.218370272561552,0.735909039898027,-0.0913401701789481,0.993732657847634,0.244464066421123,-0.273293334999681,0.436427333712131,0.419853845560264,0.49429632181478,0.278591100750529,-0.693147180559945,-0.182321556793955,-0.174989202615224,0.405465108108164,0,-0.182321556793955,-0.182321556793955,0.164040789227029,0,1,0,0,0,0,1,0,0,1,1,0,0,0,0,0,"Yellow.billed.Cuckoo","Northern.Mockingbird",0.0650907883348755
"61",0.405465108108164,0,-0.0723206615796261,0.183278952750282,1.12931127555692,-0.0484442032595639,1.49450794576012,0.335775129587057,-0.333552526517878,0.26358452087272,0.259511195485085,0.035627177643151,-0.0303564624805941,-0.693147180559945,-0.182321556793955,-0.282857135032356,0,0.693147180559945,1.57021719928082,1.57021719928082,-0.212511436983163,-0.405465108108164,0,0,1,0,0,1,0,0,1,1,1,0,0,0,0,"Yellow.billed.Cuckoo","Brown.Thrasher",0.231296014346747
"62",0.405465108108164,-0.693147180559945,0.844697078687146,0.850492751283723,0.270771600303464,0.248896047416624,0.686757382461174,0.403375243188705,0.218054481806739,0.600056757493933,0.510825623765991,0.787457860031187,0.639801199854653,-1.38629436111989,0,-0.282857135032356,0.405465108108164,0.287682072451781,0.0242926925690445,0.0242926925690445,0.641061016088132,0,1,1,1,1,0,1,0,0,1,1,1,0,1,1,1,"Yellow.billed.Cuckoo","Eastern.Bluebird",0.0882957085678049
"63",0,0,0.244862075268853,0.718762980605829,0.469073829085769,0.0458284526751036,0.766269445388908,0.29749294301604,-0.270182912585289,0.417735200699979,0.316669609325033,0.519193873436507,0.429729730107796,-1.09861228866811,0.22314355131421,0,-0.287682072451781,0.287682072451781,0.63487827243597,0.673344553263766,0.0516953790472521,0,1,0,1,0,0,1,0,1,1,1,1,0,0,1,0,"Yellow.billed.Cuckoo","Wood.Thrush",0.230742909790225
"64",0,-1.09861228866811,-0.204215541428691,0.42444100956717,0.393904285707088,-0.0891277798960074,0.5253537243289,0.121450841706929,-0.288701960352527,0.187211542088146,0.22314355131421,0.470003629245736,0.22143268691058,-0.693147180559945,0.22314355131421,0.0754819663536942,0.405465108108164,-0.559615787935423,-0.336472236621213,-0.336472236621213,-0.33907083819249,0,1,0,0,0,0,1,0,0,1,1,1,0,0,1,0,"Yellow.billed.Cuckoo","American.Robin",-0.0138722386004273
"65",0.405465108108164,-0.693147180559945,1.09549216133187,0.792978845083116,0.447014111021037,0.392235811139667,1.07956409369742,0.61923847113479,0.342202911330198,0,0.0588405000229334,0.867500567704723,1.01331470815621,-0.693147180559945,-0.336472236621213,0.0754819663536942,0.405465108108164,-0.559615787935423,-0.336472236621213,-0.336472236621213,0.959898256319708,0,1,0,0,0,0,0,0,0,1,1,0,0,0,0,1,"Yellow.billed.Cuckoo","House.Finch",-0.347483758808722
"66",1.09861228866811,0,1.6094379124341,1.10822774736755,0.443384342970458,0.496004603421239,1.1838769403228,0.720003918397193,0.595983432106298,0.26358452087272,0.487295126355797,0.891598119283784,0.931821673905032,-0.693147180559945,-0.336472236621213,-0.417491785400579,1.09861228866811,0,0.916290731874155,0.916290731874155,1.47726613932562,-0.405465108108164,0,0,0,0,0,1,0,0,1,1,0,0,0,0,1,"Yellow.billed.Cuckoo","American.Goldfinch",-0.306520663369436
"67",0,-0.693147180559945,1.65744713162046,0.96030761729093,0.574847482530922,0.482184047802606,1.34240016756267,0.746130222989413,0.407508009737965,0.514898949153626,0.559615787935423,1.04982212449868,0.80155647906713,-0.693147180559945,-0.336472236621213,-0.082492054761479,0.405465108108164,-0.22314355131421,-0.418710334858185,-0.418710334858185,1.44684554262491,0,1,1,0,0,0,1,0,0,1,1,1,0,0,0,0,"Yellow.billed.Cuckoo","Chipping.Sparrow",-0.352165730208186
"68",0.405465108108164,-0.693147180559945,0.470003629245736,0.46713692876366,1.15113032295156,0.154150679827258,1.72662016705709,0.555266820482496,-0.0971637484536477,0,0.241162056816888,0.713349887877465,0.639801199854653,-0.693147180559945,-0.182321556793955,0.275655395159366,-0.287682072451781,-0.22314355131421,0.233193887167711,0.233193887167711,0.321948373163908,0,1,0,0,0,0,1,0,0,1,1,0,0,0,0,0,"Yellow.billed.Cuckoo","Eastern.Towhee",-0.46319756223468
"69",1.09861228866811,-0.693147180559945,0.94401527988901,0.7117748319719,0.702493042978183,0.311366315490136,1.34240016756267,0.62834718733303,-0.0632621967779665,0.26358452087272,0.377294231141468,0.644357016390513,0.583003601461519,-1.09861228866811,0,-0.417491785400579,0.405465108108164,0.693147180559945,0.174353387144778,0.174353387144778,0.724175922798638,0,1,1,1,0,0,1,0,0,1,1,1,1,1,1,1,"Yellow.billed.Cuckoo","Yellow.breasted.Chat",-0.0508561643835616
"70",0.405465108108164,-1.09861228866811,-0.360729214266773,0.775014290107817,0.550356462522626,-0.0414997309067527,0.787176130208222,0.282581203520357,-0.485193794739711,0,0.137621377876048,0,-0.137376729556785,-0.693147180559945,-0.336472236621213,-0.174989202615224,0.405465108108164,0,0,0,-0.551694620706879,0,1,0,1,0,0,1,0,0,1,0,1,0,1,1,0,"Yellow.billed.Cuckoo","Eastern.Meadowlark",-0.233995220833262
"71",0,-1.09861228866811,0.230986728775236,0.49814716550622,0.583146285345617,-0.0735024619929266,0.80852925467879,0.194953303699855,-0.133531392624523,-0.0706175672139535,0.22314355131421,0.261364764134408,0.251803784786879,-0.693147180559945,0.22314355131421,-0.174989202615224,0.405465108108164,0,0,0,0.0058927689671507,0,1,0,0,0,0,1,0,0,1,1,1,0,0,0,0,"Yellow.billed.Cuckoo","Red.winged.Blackbird",-0.0381783946701145
"72",0,-0.693147180559945,0.462531614407035,0.740025298257752,0.264692554227082,0.182805935587634,0.610150260988977,0.311677578007997,-0.00813012608325018,-0.0819171224678868,0.18805223150294,0.588787165235703,0.50626980723013,-1.38629436111989,0,-0.174989202615224,0.405465108108164,0,-0.146694379150803,-0.146694379150803,0.282992732088395,0,1,0,0,0,0,1,0,0,1,1,1,0,1,1,0,"Yellow.billed.Cuckoo","Brown.headed.Cowbird",-0.484246575342466
"73",0.405465108108164,-1.09861228866811,-0.496980216943938,0.213281203054081,0.50695714698807,-0.172996534833488,0.598419921203488,0.0760409624463203,-0.373672520307304,-0.24724110289327,-0.0419641990990321,-0.0861776962410524,-0.122338852192244,0,-0.336472236621213,0.212244851416587,0,-0.405465108108164,0.916290731874155,0.916290731874155,-0.641451801512693,-0.405465108108164,0,1,0,0,0,1,0,0,0,0,1,1,1,0,0,"Yellow.billed.Cuckoo","Common.Grackle",-0.294147912845071
"74",0,0,1.22502621352377,1.06566813294876,0.546332312222901,0.404859964368063,1.22666421552801,0.672442507198254,0.0940864390846083,0.693147180559945,0.664976303593249,0.809680996815897,0.659473965453357,-1.09861228866811,-0.182321556793955,-0.417491785400579,0.405465108108164,0.693147180559945,0.27443684570176,0.27443684570176,1.00661921639414,0,1,0,1,1,0,1,0,0,1,1,1,0,1,1,0,"Yellow.billed.Cuckoo","Ovenbird",-0.349554571482202
"75",0,0,1.90759128475318,1.0857088838322,0.982380843703145,0.623025003475842,1.99349911187911,0.963774218737584,0.192990513143522,0.910211685797773,0.847297860387204,0.928869514081015,0.83256671580969,0,-0.182321556793955,-0.612514242401969,1.09861228866811,0.693147180559945,-0.609765571620894,-0.609765571620894,1.61577404208242,0,1,0,1,0,0,1,1,0,1,1,1,0,1,1,1,"Yellow.billed.Cuckoo","Common.Yellowthroat",0.0869342381696925
"76",0,-0.693147180559945,1.69078355188805,0.996675261461804,0.407793397867755,0.47827014848147,1.10827419957985,0.691753452111342,0.275511536831526,0.769133087537867,0.814508037564213,0.916290731874155,0.77891400231737,-1.09861228866811,0.22314355131421,0,0,0,-0.198850858745165,-0.198850858745165,1.53283599048043,0,1,0,1,1,1,1,0,0,1,1,1,0,1,1,1,"Yellow.billed.Cuckoo","Pine.Warbler",-0.429720944493217
"77",0,0,0.788144909182225,0.718762980605829,0.387031406419326,0.203364662608671,0.804938586548062,0.44384935111648,0.22825865198098,-0.0930904230660121,-0.182321556793955,0.407968238326283,0.4192584302405,-1.09861228866811,0.22314355131421,-0.174989202615224,0.405465108108164,0,0,0,0.679376394618318,0,1,0,1,1,0,1,0,0,1,1,1,0,1,1,1,"Yellow.billed.Cuckoo","Summer.Tanager",-0.242470967132906
"78",1.09861228866811,-0.693147180559945,0.407028830084347,0.362649203909656,1.02036009176836,0.0611544231533304,1.48032331076817,0.427676491870879,0,-0.405465108108165,-0.284104251103897,0.3078847797693,0.50626980723013,0,0,-0.174989202615224,-0.287682072451781,0.693147180559945,0.22314355131421,0.22314355131421,0.239880963442147,0,1,0,0,0,0,1,0,0,1,1,0,0,0,0,1,"Yellow.billed.Cuckoo","Northern.Cardinal",0.165497197921968
"79",0,-0.693147180559945,0.848340069965647,0.820545674915771,0.630063205133369,0.206336432997828,1.14284554364494,0.510128516731835,0.18805223150294,-0.284628634964891,-0.0555698511548108,0.486133011175619,0.54095536521802,-1.09861228866811,0,0,0.405465108108164,-0.405465108108164,0,0,0.67106609748469,0,1,1,0,0,0,1,0,0,1,1,1,0,1,1,0,"Yellow.billed.Cuckoo","Blue.Grosbeak",0.164840817602364
"80",0,-0.693147180559945,1.47103558957498,1.09588191154525,0.647684806483188,0.496004603421239,1.44571778159069,0.794332324807291,0.353763733731274,0.279584862219162,0.316669609325033,0.967584026261706,0.914579867470526,-1.09861228866811,0.22314355131421,0.395884516675265,-0.287682072451781,-0.405465108108164,0.083381608939051,0.083381608939051,1.287891010485,0,1,0,0,0,0,0,0,0,1,1,0,0,0,0,0,"Yellow.billed.Cuckoo","Indigo.Bunting",-0.0814510799966572
"83",0,0,0,0,0,0,0,0,0,0,0,0,0,0,0,0,0,0,0,0,0,0,1,1,1,1,1,1,1,1,1,1,1,1,1,1,1,"Mourning.Dove","Mourning.Dove",1
"84",0,1.09861228866811,0.53695605112599,0.464454406583869,0.260726262463253,0.0131870042819537,0.402644231766523,0.126826575552704,-0.0737434742455492,-0.80437281567017,-0.966843011036986,-0.842678914530909,-0.50878272213619,0,-1.38629436111989,0.345648309878472,-1.09861228866811,0.22314355131421,1.42711635564015,1.42711635564015,0.673910819269476,-0.405465108108164,1,0,0,0,0,0,0,0,1,0,1,0,0,0,0,"Mourning.Dove","Red.bellied.Woodpecker",0.515897435897436
"85",0,0.405465108108164,1.53569045221122,0.734924350154528,0.304211374402992,0.329292830171623,0.78170057790139,0.458436438857803,0.21551962620355,-0.34484048629173,-0.595983432106298,-0.271421551580001,0.119059360015988,-0.405465108108164,-1.25276296849537,0.345648309878472,-1.09861228866811,0.22314355131421,-0.0953101798043249,-0.0953101798043249,1.58480931828106,-0.405465108108164,1,0,0,0,0,1,0,1,1,1,1,1,0,0,0,"Mourning.Dove","Downy.Woodpecker",0.32153245210528
"86",-1.09861228866811,0.405465108108164,1.79766416795279,0.555736252696951,0.574757164611785,0.317226318758506,1.11570672202741,0.542961612985565,0.101964926656688,-0.187211542088146,-0.711496319228142,-0.0421114853501267,0.119059360015988,0,-1.09861228866811,-0.266865932523497,0,0.916290731874155,0,0,1.89275507180118,0,0,0,0,0,0,1,0,1,1,1,0,1,0,0,0,"Mourning.Dove","Eastern.Phoebe",0.020537409911766
"87",-1.09861228866811,1.09861228866811,1.30942677356077,0.327186513795361,0.536657318379515,0.142932903426994,0.899483613557774,0.379489621704904,-0.106380403558572,-0.707745979981098,-1.14681439048599,-0.51082562376599,-0.146835358250885,-0.693147180559945,-1.38629436111989,0.345648309878472,-0.693147180559945,-0.182321556793955,0.579818495252942,0.579818495252942,1.33563118647594,0.693147180559945,0,0,0,0,0,1,0,1,1,1,0,1,0,0,0,"Mourning.Dove","Great.Crested.Flycatcher",-0.144763936667511
"88",-1.09861228866811,1.09861228866811,1.99946353170632,0.841043591190178,0.205539846895962,0.499248070423548,0.810930216216329,0.622309290099425,0.00511510066677041,-0.2578291093021,-0.465363249689233,-0.0317486983145802,0.178248231406319,0.693147180559945,-0.916290731874155,0.170659107263248,-0.693147180559945,0.22314355131421,-0.182321556793955,-0.182321556793955,1.88945043360812,0,0,0,0,0,0,0,0,1,1,1,1,1,0,0,0,"Mourning.Dove","Red.eyed.Vireo",-0.280287622058372
"89",-1.09861228866811,0.405465108108164,2.34466944829629,0.915881650256669,0.715247527560611,0.593479695386665,1.5652318199296,0.851925355919252,0.00511510066677041,-0.187211542088146,-0.367724780125317,0.228534399949086,0.358133733402392,-0.405465108108164,-0.916290731874155,-0.071843475522107,-0.693147180559945,0.916290731874155,0.916290731874155,0.916290731874155,2.43065709951282,0,0,0,0,0,0,1,0,0,1,1,0,1,0,0,0,"Mourning.Dove","White.eyed.Vireo",-0.168010314092605
"90",0,0.405465108108164,0.30094598921853,0.00656816811209695,0.743578034186837,-0.16747388232686,0.841040017687699,0.105052776003143,-0.571210120716342,-0.962275845115979,-1.31928365083693,-0.693147180559945,-0.422328914160169,0,-1.25276296849537,0.218414760942638,-1.09861228866811,0.510825623765991,0.916290731874155,0.916290731874155,0.517320862961985,-0.405465108108164,1,0,0,0,0,1,0,0,1,0,0,1,0,0,1,"Mourning.Dove","Blue.Jay",0.250128406316459
"91",-0.693147180559945,0.405465108108164,-1.32829455051175,-0.312933388863853,0.00273597981887485,-0.709390093162882,-0.699716889783106,-0.709290412809425,-1.031803618996,-1.58562726374038,-1.63863706712636,-1.27253547576323,-0.934491436521001,-0.405465108108164,-1.25276296849537,1.1846102721557,-1.6094379124341,-0.470003629245736,0.328504066972036,0.328504066972036,-1.27815951353729,-0.405465108108164,1,1,0,0,0,1,0,0,0,0,0,0,0,0,1,"Mourning.Dove","American.Crow",0.301880341880342
"92",0,0,-0.872801881959016,-0.25122349852408,0.00823049913651566,-0.654188441821994,-0.638975329417746,-0.650346660334154,-0.8767434347859,-1.47085174914795,-1.63141681915288,-1.07320257314274,-0.792623068771973,0,-1.09861228866811,0.911561941502583,-1.6094379124341,-0.182321556793955,0.916290731874155,0.916290731874155,-0.764643477540562,-0.405465108108164,1,0,0,0,0,1,0,0,0,0,0,0,0,0,1,"Mourning.Dove","Fish.Crow",-0.0342348831777248
"93",0,1.09861228866811,1.70558948900662,0.577366512005655,0.821228968416903,0.339971802747477,1.44644828393964,0.617161273582023,-0.0448953199078909,-0.48097266061631,-0.595983432106298,0.0552626786750495,0.387765531008763,-0.916290731874155,-1.25276296849537,0.557893161295059,-1.09861228866811,-0.182321556793955,1.41058705368894,1.41058705368894,1.76227711666355,-0.405465108108164,1,0,0,0,0,1,0,1,1,1,0,1,0,0,0,"Mourning.Dove","Tufted.Titmouse",0.00752265355497893
"94",0,0.405465108108164,2.47569771070269,0.901668213006613,0.629633774837619,0.667283669970026,1.53856357284744,0.898445371554145,0.280902385466402,-0.0845573880280631,-0.259511195485085,0.34294475112683,0.789478289498377,-0.916290731874155,-1.09861228866811,0.557893161295059,-1.09861228866811,-0.182321556793955,0.301105092783922,0.301105092783922,2.50077999894429,-0.405465108108164,1,0,0,0,0,1,0,1,1,1,0,1,0,0,0,"Mourning.Dove","Carolina.Chickadee",-0.162134449253088
"95",0,0.405465108108164,0.793009336528998,0.523452747345824,-0.351195478174107,0.258985698777557,-0.366420148498652,-0.0192049798360499,0.267479365134262,-0.34484048629173,-0.78170057790139,-0.0106952891167479,0.154150679827258,0,-1.38629436111989,0.0627911748461158,0,-0.182321556793955,-0.246860077931526,-0.246860077931526,0.927508269494251,0,0,0,0,0,1,1,0,1,1,1,0,1,0,0,0,"Mourning.Dove","Purple.Martin",-0.495036410749901
"96",-1.09861228866811,0,1.89348209085003,0.551465783573498,-0.362667879336344,0.492079580944935,-0.159784497545514,0.220722661319831,0.515940724432761,0.230523658611832,-0.51082562376599,0.438254930931155,0.45783309362548,0,-1.25276296849537,0.0627911748461158,0,-0.182321556793955,-0.182321556793955,-0.182321556793955,1.8814946669828,-0.916290731874155,0,0,0,0,0,1,0,1,1,1,0,0,0,0,0,"Mourning.Dove","Barn.Swallow",0.435704539844351
"97",0,0.405465108108164,1.8338438245303,0.879733136140357,1.16643488500687,0.55471515193642,2.05525431606583,0.888293000090127,-0.0878613557913341,-0.137201121513485,-0.169899036795397,-0.176930708159078,0.148215944307444,-0.405465108108164,-1.09861228866811,-0.157446199920911,0,0.510825623765991,0.22314355131421,0.22314355131421,1.8585051487581,-0.405465108108164,1,0,0,0,0,1,0,0,1,1,0,1,0,0,0,"Mourning.Dove","Carolina.Wren",-0.00512820512820513
"98",0,1.09861228866811,1.73376036597331,0.917928733878394,0.159630145591884,0.408198096964233,0.654361155524789,0.488455368847691,0.0577588341521925,-0.211309093667207,-0.393042588109607,-0.271421551580001,0.0258412311838873,-0.405465108108164,-1.6094379124341,-0.071843475522107,-0.693147180559945,0.916290731874155,-0.336472236621213,-0.336472236621213,1.76595359139286,0,0,0,0,0,0,1,0,1,1,1,1,0,0,0,0,"Mourning.Dove","White.breasted.Nuthatch",0.369457723288285
"99",0,1.09861228866811,2.45589508340651,1.23894722659777,0.451594879835666,0.607410268922612,1.25748218442701,0.798199956563089,0.280902385466402,-0.137201121513485,-0.200670695462151,-0.111791405988117,0.247676737838082,-0.405465108108164,-1.50407739677627,0.170659107263248,-0.693147180559945,0.22314355131421,1.42711635564015,1.42711635564015,2.53403072796823,-0.405465108108164,1,0,0,0,1,1,0,1,1,1,0,1,0,0,0,"Mourning.Dove","Brown.headed.Nuthatch",0.0123182252084713
"100",-1.09861228866811,0.405465108108164,0.896719005753299,0.0383700112729684,0.574757164611785,0.0120814209742041,0.832344310720145,0.251413364714328,-0.496436886313891,-0.44393138893596,-0.532804530484766,-0.271421551580001,-0.120048042287236,0,-1.09861228866811,0.170659107263248,-0.693147180559945,0.22314355131421,-0.182321556793955,-0.182321556793955,0.969865948214457,0,0,0,0,0,0,1,0,0,1,1,1,1,0,0,0,"Mourning.Dove","Northern.Mockingbird",0.31422237165002
"101",-0.693147180559945,1.09861228866811,0.547079058757438,0.0032786914616983,0.968159400270674,0.0549773878935883,1.33311959863263,0.342724427880263,-0.556696077832088,-0.616774201775371,-0.693147180559945,-0.73009069575163,-0.428995605518358,0,-1.09861228866811,0.0627911748461158,-1.09861228866811,0.916290731874155,1.57021719928082,1.57021719928082,0.593313722004265,-0.405465108108164,1,0,0,0,0,1,0,0,1,1,0,1,0,0,0,"Mourning.Dove","Brown.Thrasher",0.313034626817396
"102",-0.693147180559945,0.405465108108164,1.46409679902421,0.670492489995139,0.109619725017223,0.352317638569776,0.525369035333686,0.410324541481911,-0.00508906950747118,-0.280301965154158,-0.441832752279039,0.021739986636406,0.241162056816888,-0.693147180559945,-0.916290731874155,0.0627911748461158,-0.693147180559945,0.510825623765991,0.0242926925690445,0.0242926925690445,1.44688617507556,0,0,0,0,0,0,1,0,0,1,1,0,1,0,0,0,"Mourning.Dove","Eastern.Bluebird",0.167891949795212
"103",-1.09861228866811,1.09861228866811,0.864261795605917,0.538762719317245,0.307921953799527,0.149250043828256,0.604881098261419,0.304442241309246,-0.493326463899499,-0.462623521948113,-0.635988766719996,-0.246523999958273,0.0310905870700312,-0.405465108108164,-0.693147180559945,0.345648309878472,-1.38629436111989,0.510825623765991,0.63487827243597,0.673344553263766,0.857520538034679,0,0,0,0,0,0,1,0,0,1,1,0,1,0,0,0,"Mourning.Dove","Wood.Thrush",-0.178895183458576
"104",-1.09861228866811,0,0.415184178908373,0.244440748278586,0.232752410420847,0.0142938112571449,0.363965377201412,0.128400140000135,-0.511845511666736,-0.693147180559945,-0.72951482473082,-0.295714244149045,-0.177206456127184,0,-0.693147180559945,0.421130276232166,-0.693147180559945,-0.336472236621213,-0.336472236621213,-0.336472236621213,0.466754320794937,0,0,0,0,0,0,1,0,1,1,1,0,1,0,0,0,"Mourning.Dove","American.Robin",-0.127652360229271
"105",-0.693147180559945,0.405465108108164,1.71489188166893,0.612978583794532,0.285862235734795,0.495657402292819,0.918175746569927,0.626187769427995,0.119059360015988,-0.880358722648092,-0.893817876022096,0.101782694309942,0.61467556511845,0,-1.25276296849537,0.421130276232166,-0.693147180559945,-0.336472236621213,-0.336472236621213,-0.336472236621213,1.76572341530714,0,0,0,1,1,0,0,0,1,1,1,1,1,1,1,0,"Mourning.Dove","House.Finch",0.269882026288368
"106",0,1.09861228866811,2.22883763277116,0.928227486078968,0.282232467684216,0.599426194574391,1.02248859319531,0.726953216690399,0.372839880792088,-0.616774201775371,-0.465363249689233,0.125880245889003,0.533182530867267,0,-1.25276296849537,-0.071843475522107,0,0.22314355131421,0.916290731874155,0.916290731874155,2.28309129831304,-0.405465108108164,1,0,1,1,0,1,1,1,1,1,1,1,1,1,0,"Mourning.Dove","American.Goldfinch",0.305403574631872
"107",-1.09861228866811,0.405465108108164,2.27684685195753,0.780307356002346,0.41369560724468,0.585605638955759,1.18101182043518,0.753079521282619,0.184364458423755,-0.365459773494465,-0.393042588109607,0.284104251103897,0.402917336029366,0,-1.25276296849537,0.263156255116993,-0.693147180559945,0,-0.418710334858185,-0.418710334858185,2.25267070161233,0,0,0,1,0,1,1,0,1,1,1,0,1,0,0,0,"Mourning.Dove","Chipping.Sparrow",-0.398905327725774
"108",-0.693147180559945,0.405465108108164,1.0894033495828,0.287136667475076,0.989978447665314,0.25757227098041,1.5652318199296,0.562216118775702,-0.320307299767857,-0.880358722648092,-0.711496319228142,-0.0523679855173159,0.241162056816888,0,-1.09861228866811,0.621303705037838,-1.38629436111989,0,0.233193887167711,0.233193887167711,1.12777353215134,0,0,0,0,0,0,1,0,0,1,1,0,1,1,0,0,"Mourning.Dove","Eastern.Towhee",0.512057532767665
"109",0,0.405465108108164,1.56341500022607,0.531774570683316,0.541341167691941,0.414787906643289,1.18101182043518,0.635296485626236,-0.286405748092176,-0.616774201775371,-0.575364144903562,-0.121360857004267,0.184364458423755,-0.405465108108164,-0.916290731874155,-0.071843475522107,-0.693147180559945,0.916290731874155,0.174353387144778,0.174353387144778,1.53000108178607,0,0,0,0,0,0,1,0,1,1,1,0,0,0,0,0,"Mourning.Dove","Yellow.breasted.Chat",-0.120444868705053
"110",-0.693147180559945,0,0.258670506070291,0.595014028819233,0.389204587236384,0.0619218602463994,0.625787783080733,0.289530501813563,-0.70833734605392,-0.880358722648092,-0.815036998168982,-0.765717873394781,-0.536015872594549,0,-1.25276296849537,0.170659107263248,-0.693147180559945,0.22314355131421,0,0,0.254130538280548,0,0,0,0,0,0,1,0,0,1,0,0,1,0,0,1,"Mourning.Dove","Eastern.Meadowlark",-0.0851718942278881
"111",-1.09861228866811,0,0.8503864491123,0.318146904217636,0.421994410059375,0.0299191291602257,0.647140907551302,0.201902601993061,-0.356674943938732,-0.950976289862045,-0.72951482473082,-0.504353109260373,-0.146835358250885,0,-0.693147180559945,0.170659107263248,-0.693147180559945,0.22314355131421,0,0,0.811717927954578,0,0,0,1,0,1,1,0,1,1,1,0,1,1,1,0,"Mourning.Dove","Red.winged.Blackbird",0.0143688025424378
"112",-1.09861228866811,0.405465108108164,1.0819313347441,0.560025036969168,0.10354067894084,0.286227526740787,0.448761913861489,0.318626876301203,-0.23127367739746,-0.962275845115979,-0.76460614454209,-0.176930708159078,0.107630664192365,-0.693147180559945,-0.916290731874155,0.170659107263248,-0.693147180559945,0.22314355131421,-0.146694379150803,-0.146694379150803,1.08881789107582,0,0,0,1,0,1,1,0,1,1,1,0,1,0,0,1,"Mourning.Dove","Brown.headed.Cowbird",0.149871740036401
"113",-0.693147180559945,0,0.122419503393127,0.0332809417654972,0.345805271701829,-0.0695749436803357,0.437031574075999,0.0829902607395263,-0.596816071621513,-1.12759982554136,-0.994622575144062,-0.851895569635833,-0.520977995230009,0.693147180559945,-1.25276296849537,0.557893161295059,-1.09861228866811,-0.182321556793955,0.916290731874155,0.916290731874155,0.164373357474734,-0.405465108108164,1,0,0,0,0,1,0,0,0,0,0,0,0,0,1,"Mourning.Dove","Common.Grackle",0.00102581639386076
"114",-1.09861228866811,1.09861228866811,1.84442593386083,0.885667871660172,0.385180436936659,0.508281555521216,1.06527586840052,0.67939180549146,-0.129057112229602,-0.187211542088146,-0.287682072451781,0.0439631234211162,0.260834822415593,-0.405465108108164,-1.09861228866811,-0.071843475522107,-0.693147180559945,0.916290731874155,0.27443684570176,0.27443684570176,1.81244437538157,0,0,0,0,0,1,1,0,1,1,1,0,1,0,0,1,"Mourning.Dove","Ovenbird",-0.00684815057068184
"115",-1.09861228866811,1.09861228866811,2.52699100509024,0.905708622543618,0.821228968416903,0.726446594628995,1.83211076475162,0.97072351703079,-0.0301530381706874,0.0298529631496811,-0.105360515657826,0.163151640686235,0.433927572771926,0.693147180559945,-1.09861228866811,-0.266865932523497,0,0.916290731874155,-0.609765571620894,-0.609765571620894,2.42159920106985,0,0,0,0,0,1,1,0,1,1,1,0,1,0,0,0,"Mourning.Dove","Common.Yellowthroat",0.253555537198967
"116",-1.09861228866811,0.405465108108164,2.31018327222512,0.816675000173221,0.246641522581514,0.581691739634622,0.946885852452358,0.698702750404548,0.0523679855173159,-0.111225635110224,-0.138150338480817,0.150572858479374,0.380274859279606,-0.405465108108164,-0.693147180559945,0.345648309878472,-1.09861228866811,0.22314355131421,-0.198850858745165,-0.198850858745165,2.33866114946786,0,0,0,0,0,0,1,0,1,1,1,0,1,0,0,0,"Mourning.Dove","Pine.Warbler",0.239137928027716
"117",-1.09861228866811,1.09861228866811,1.40754462951929,0.538762719317245,0.225879531133085,0.306786253761823,0.643550239420573,0.450798649409686,0.00511510066677041,-0.973449145714104,-1.13497993283898,-0.357749635068498,0.0206192872027358,-0.405465108108164,-0.693147180559945,0.170659107263248,-0.693147180559945,0.22314355131421,0,0,1.48520155360575,0,0,0,0,0,0,1,0,1,1,1,0,1,0,0,0,"Mourning.Dove","Summer.Tanager",0.175072664552237
"118",0,0.405465108108164,1.02642855042141,0.182648942621073,0.85920821648212,0.164576014306483,1.31893496364068,0.434625790164085,-0.22314355131421,-1.28582383075626,-1.23676262714893,-0.45783309362548,0.107630664192365,0.693147180559945,-0.916290731874155,0.170659107263248,-1.38629436111989,0.916290731874155,0.22314355131421,0.22314355131421,1.04570612242957,0,0,0,0,0,0,1,0,0,1,1,0,1,1,0,0,"Mourning.Dove","Northern.Cardinal",-0.0348837229702699
"119",-1.09861228866811,0.405465108108164,1.46773979030271,0.640545413627187,0.468911329847127,0.309758024150981,0.981457196517446,0.517077815025041,-0.0350913198112701,-1.16498735761298,-1.00822822719984,-0.279584862219162,0.142316222180256,-0.405465108108164,-0.916290731874155,0.345648309878472,-0.693147180559945,-0.182321556793955,0,0,1.47689125647212,0,0,0,0,0,1,1,0,1,1,1,0,1,0,0,0,"Mourning.Dove","Blue.Grosbeak",-0.316059559303488
"120",-1.09861228866811,0.405465108108164,2.09043530991205,0.915881650256669,0.486532931196946,0.599426194574391,1.2843294344632,0.801281623100497,0.130620182417064,-0.60077386042893,-0.635988766719996,0.201866152866925,0.515940724432761,-0.405465108108164,-0.693147180559945,0.741532826553737,-1.38629436111989,-0.182321556793955,0.083381608939051,0.083381608939051,2.09371616947243,0,0,0,0,0,0,0,0,1,1,1,0,1,1,1,1,"Mourning.Dove","Indigo.Bunting",0.0861685770843041
"124",0,0,0,0,0,0,0,0,0,0,0,0,0,0,0,0,0,0,0,0,0,0,1,1,1,1,1,1,1,1,1,1,1,1,1,1,1,"Red.bellied.Woodpecker","Red.bellied.Woodpecker",1
"125",0,-0.693147180559945,0.99873440108523,0.27046994357066,0.0434851119397389,0.316105825889669,0.379056346134867,0.331609863305099,0.2892631004491,0.45953232937844,0.370859578930689,0.571257362950909,0.627842082152179,-0.405465108108164,0.133531392624523,0,0,0,-1.52242653544447,-1.52242653544447,0.910898499011584,0,1,0,0,0,0,0,0,0,1,0,1,0,0,0,1,"Red.bellied.Woodpecker","Downy.Woodpecker",0.044125198214448
"126",-1.09861228866811,-0.693147180559945,1.2607081168268,0.0912818461130821,0.314030902148532,0.304039314476553,0.713062490260887,0.416135037432861,0.175708400902238,0.617161273582023,0.255346691808844,0.800567429180782,0.627842082152179,0,0.287682072451781,-0.612514242401969,1.09861228866811,0.693147180559945,-1.42711635564015,-1.42711635564015,1.2188442525317,0.405465108108164,0,1,0,0,0,0,0,0,1,0,0,0,0,0,1,"Red.bellied.Woodpecker","Eastern.Phoebe",-0.227965250020602
"127",-1.09861228866811,0,0.772470722434776,-0.137267892788507,0.275931055916262,0.129745899145041,0.496839381791251,0.2526630461522,-0.0326369293130224,0.0966268356890715,-0.179971379449001,0.331853290764918,0.361947363885305,-0.693147180559945,0,0,0.405465108108164,-0.405465108108164,-0.847297860387204,-0.847297860387204,0.66172036720646,1.09861228866811,0,1,0,0,0,0,0,0,1,0,0,0,1,0,1,"Red.bellied.Woodpecker","Great.Crested.Flycatcher",0.150924104185277
"128",-1.09861228866811,0,1.46250748058033,0.37658918460631,-0.0551864155672909,0.486061066141594,0.408285984449806,0.49548271454672,0.0788585749123198,0.54654370636807,0.501479761347753,0.810930216216329,0.687030953542509,0.693147180559945,0.470003629245736,-0.174989202615224,0.405465108108164,0,-1.6094379124341,-1.6094379124341,1.21553961433864,0.405465108108164,0,0,0,0,0,1,0,0,1,0,1,0,1,0,1,"Red.bellied.Woodpecker","Red.eyed.Vireo",-0.177618163428932
"129",-1.09861228866811,-0.693147180559945,1.8077133971703,0.4514272436728,0.454521265097359,0.580292691104711,1.16258758816308,0.725098780366548,0.0788585749123198,0.617161273582023,0.599118230911669,1.07121331448,0.866916455538583,-0.405465108108164,0.470003629245736,-0.417491785400579,0.405465108108164,0.693147180559945,-0.510825623765991,-0.510825623765991,1.75674628024334,0.405465108108164,0,0,0,0,0,0,0,1,1,0,0,0,0,0,1,"Red.bellied.Woodpecker","White.eyed.Vireo",0.188240127422123
"130",0,-0.693147180559945,-0.23601006190746,-0.457886238471771,0.482851771723585,-0.180660886608814,0.438395785921176,-0.0217737995495606,-0.497466646470793,-0.157903029445809,-0.352440639799944,0.149531733970964,0.0864538079760214,0,0.133531392624523,-0.127233548935834,0,0.287682072451781,-0.510825623765991,-0.510825623765991,-0.156589956307491,0,1,1,1,1,0,0,0,1,1,1,0,0,1,1,0,"Red.bellied.Woodpecker","Blue.Jay",0.254918827230864
"131",-0.693147180559945,-0.693147180559945,-1.86525060163774,-0.777387795447722,-0.257990282644378,-0.722577097444836,-1.10236112154963,-0.836116988362129,-0.95806014475045,-0.781254448070212,-0.671794056089376,-0.429856561232324,-0.425708714384811,-0.405465108108164,0.133531392624523,0.838961962277232,-0.510825623765991,-0.693147180559945,-1.09861228866811,-1.09861228866811,-1.95207033280677,0,1,0,1,0,1,0,0,0,0,0,0,1,1,1,0,"Red.bellied.Woodpecker","American.Crow",0.279316239316239
"132",0,-1.09861228866811,-1.40975793308501,-0.715677905107949,-0.252495763326737,-0.667375446103948,-1.04161956118427,-0.777173235886858,-0.802999960540351,-0.666478933477784,-0.664573808115889,-0.230523658611832,-0.283840346635782,0,0.287682072451781,0.565913631624111,-0.510825623765991,-0.405465108108164,-0.510825623765991,-0.510825623765991,-1.43855429681004,0,1,0,1,1,0,0,0,0,0,0,0,1,1,1,0,"Red.bellied.Woodpecker","Fish.Crow",-0.215337415187889
"133",0,0,1.16863343788063,0.112912105421787,0.56050270595365,0.326784798465524,1.04380405217311,0.490334698029319,0.0288481543376583,0.32340015505386,0.370859578930689,0.897941593205959,0.896548253144954,-0.916290731874155,0.133531392624523,0.212244851416587,0,-0.405465108108164,-0.0165293019512106,-0.0165293019512106,1.08836629739407,0,1,0,0,0,0,0,0,0,1,0,0,0,0,0,1,"Red.bellied.Woodpecker","Tufted.Titmouse",0.237989403375697
"134",0,-0.693147180559945,1.9387416595767,0.437213806422745,0.368907512374367,0.654096665688072,1.13591934108092,0.771618796001441,0.354645859711951,0.719815427642107,0.707331815551902,1.18562366565774,1.29826101163457,-0.916290731874155,0.287682072451781,0.212244851416587,0,-0.405465108108164,-1.12601126285622,-1.12601126285622,1.82686917967481,0,1,0,0,0,0,0,0,0,1,0,0,0,1,0,1,"Red.bellied.Woodpecker","Carolina.Chickadee",0.16076622605264
"135",0,-0.693147180559945,0.256053285403008,0.0589983407619558,-0.61192174063736,0.245798694495604,-0.769064380265175,-0.146031555388754,0.341222839379811,0.45953232937844,0.185142433135596,0.831983625414161,0.662933401963449,0,0,-0.282857135032356,1.09861228866811,-0.405465108108164,-1.67397643357167,-1.67397643357167,0.253597450224775,0.405465108108164,0,0,0,0,0,0,0,0,1,0,0,0,0,0,0,"Red.bellied.Woodpecker","Purple.Martin",-0.323177297197722
"136",-1.09861228866811,-1.09861228866811,1.35652603972404,0.0870113769896297,-0.623394141799596,0.478892576662982,-0.562428729312037,0.093896085767127,0.589684198678311,1.034896474282,0.456017387270996,1.28093384546206,0.966615815761671,0,0.133531392624523,-0.282857135032356,1.09861228866811,-0.405465108108164,-1.6094379124341,-1.6094379124341,1.20758384771332,-0.510825623765991,0,0,0,0,0,0,0,0,1,0,0,1,0,0,0,"Red.bellied.Woodpecker","Barn.Swallow",0.495554064548245
"137",0,-0.693147180559945,1.29688777340431,0.415278729556489,0.905708622543618,0.541528147654467,1.65261008429931,0.761466424537423,-0.0141178815457848,0.667171694156685,0.796943974241589,0.665748206371831,0.656998666443634,-0.405465108108164,0.287682072451781,-0.503094509799383,1.09861228866811,0.287682072451781,-1.20397280432594,-1.20397280432594,1.18459432948863,0,1,0,0,0,0,0,0,1,1,0,0,0,0,0,1,"Red.bellied.Woodpecker","Carolina.Wren",-0.32991452991453
"138",0,0,1.19680431484732,0.453474327294525,-0.101096116871369,0.39501109268228,0.251716923758266,0.361628793294987,0.131502308397742,0.593063722002963,0.573800422927379,0.571257362950909,0.534623953320078,-0.405465108108164,-0.22314355131421,-0.417491785400579,0.405465108108164,0.693147180559945,-1.76358859226136,-1.76358859226136,1.09204277212338,0.405465108108164,0,0,0,0,0,0,1,0,1,0,1,1,1,1,1,"Red.bellied.Woodpecker","White.breasted.Nuthatch",0.22256489354716
"139",0,0,1.91893903228052,0.774492820013898,0.190868617372413,0.594223264640658,0.854837952660492,0.671373381010385,0.354645859711951,0.667171694156685,0.766172315574835,0.730887508542792,0.756459459974272,-0.405465108108164,-0.117783035656384,-0.174989202615224,0.405465108108164,0,0,0,1.86011990869875,0,1,1,0,0,0,0,1,0,1,0,0,0,1,0,1,"Red.bellied.Woodpecker","Brown.headed.Nuthatch",0.556030998993496
"140",-1.09861228866811,-0.693147180559945,0.359762954627309,-0.4260843953109,0.314030902148532,-0.00110558330774953,0.429700078953622,0.124586789161624,-0.422693412068342,0.360441426734209,0.43403848055222,0.571257362950909,0.388734679848955,0,0.287682072451781,-0.174989202615224,0.405465108108164,0,-1.6094379124341,-1.6094379124341,0.29595512894498,0.405465108108164,0,0,1,0,0,0,0,1,1,0,1,0,1,1,0,"Red.bellied.Woodpecker","Northern.Mockingbird",0.437789121285811
"141",-0.693147180559945,0,0.0101230076314486,-0.46117571512217,0.707433137807422,0.0417903836116348,0.930475366866111,0.215897852327559,-0.482952603586539,0.187598613894798,0.273695830477041,0.112588218779279,0.0797871166178319,0,0.287682072451781,-0.282857135032356,0,0.693147180559945,0.143100843640673,0.143100843640673,-0.0805970972652116,0,1,0,0,0,0,0,0,1,1,0,0,0,1,1,0,"Red.bellied.Woodpecker","Brown.Thrasher",0.48785505775039
"142",-0.693147180559945,-0.693147180559945,0.927140747898221,0.206038083411271,-0.15110653744603,0.339130634287823,0.122724803567163,0.283497965929207,0.0686544047380782,0.524070850516011,0.525010258757947,0.864418901167315,0.749944778953079,-0.693147180559945,0.470003629245736,-0.282857135032356,0.405465108108164,0.287682072451781,-1.4028236630711,-1.4028236630711,0.772975355806083,0.405465108108164,0,1,0,0,0,0,0,1,1,0,0,0,0,0,1,"Red.bellied.Woodpecker","Eastern.Bluebird",-0.104975210971751
"143",-1.09861228866811,0,0.327305744479927,0.0743083127333762,0.0471956913362745,0.136063039546302,0.202236866494896,0.177615665756542,-0.419582989653949,0.341749293722057,0.33085424431699,0.596154914572636,0.539873309206221,-0.405465108108164,0.693147180559945,0,-0.287682072451781,0.287682072451781,-0.792238083204176,-0.75377180237638,0.183609718765203,0.405465108108164,0,0,0,0,0,0,0,0,1,0,0,0,1,0,0,"Red.bellied.Woodpecker","Wood.Thrush",-0.155977444851072
"144",-1.09861228866811,-1.09861228866811,-0.121771872217616,-0.220013658305282,-0.0279738520424062,0.00110680697519127,-0.0386788545651114,0.00157356444743054,-0.438102037421187,0.111225635110224,0.237328186306166,0.546964670381864,0.331576266009006,0,0.693147180559945,0.0754819663536942,0.405465108108164,-0.559615787935423,-1.76358859226136,-1.76358859226136,-0.207156498474539,0.405465108108164,0,0,1,0,0,0,0,0,1,0,0,0,1,0,0,"Red.bellied.Woodpecker","American.Robin",-0.0472279509695425
"145",-0.693147180559945,-0.693147180559945,1.17793583054294,0.148524177210664,0.0251359732715422,0.482470398010866,0.515531514803403,0.499361193875291,0.192802834261538,-0.075985906977922,0.0730251350148898,0.944461608840852,1.12345828725464,0,0.133531392624523,0.0754819663536942,0.405465108108164,-0.559615787935423,-1.76358859226136,-1.76358859226136,1.09181259603766,0.405465108108164,0,0,0,0,0,1,0,0,1,0,1,0,0,0,1,"Red.bellied.Woodpecker","House.Finch",0.491876240561057
"146",0,0,1.69188158164517,0.4637730794951,0.0215062052209635,0.586239190292437,0.619844361428786,0.600126641137695,0.446583355037637,0.187598613894798,0.501479761347753,0.968559160419912,1.04196525300346,0,0.133531392624523,-0.417491785400579,1.09861228866811,0,-0.510825623765991,-0.510825623765991,1.60918047904357,0,1,0,0,0,0,0,0,0,1,0,1,0,0,0,1,"Red.bellied.Woodpecker","American.Goldfinch",0.324555422537119
"147",-1.09861228866811,-0.693147180559945,1.73989080083154,0.315852949418477,0.152969344781427,0.572418634673805,0.778367588668653,0.626252945729915,0.258107932669304,0.438913042175704,0.573800422927379,1.12678316563481,0.911700058165556,0,0.133531392624523,-0.082492054761479,0.405465108108164,-0.22314355131421,-1.84582669049833,-1.84582669049833,1.57875988234286,0.405465108108164,0,1,0,0,0,0,0,0,1,0,0,0,1,1,0,"Red.bellied.Woodpecker","Chipping.Sparrow",-0.024974347276142
"148",-0.693147180559945,-0.693147180559945,0.55244729845681,-0.177317739108793,0.729252185202062,0.244385266698457,1.16258758816308,0.435389543222998,-0.246563825522308,-0.075985906977922,0.255346691808844,0.790310929013593,0.749944778953079,0,0.287682072451781,0.275655395159366,-0.287682072451781,-0.22314355131421,-1.19392246847243,-1.19392246847243,0.453862712881859,0.405465108108164,0,0,1,1,0,0,1,1,1,0,0,0,0,1,0,"Red.bellied.Woodpecker","Eastern.Towhee",0.48229867815792
"149",0,-0.693147180559945,1.02645894910008,0.067320164099448,0.280614905228688,0.401600902361335,0.778367588668653,0.508469910073532,-0.212662273846627,0.187598613894798,0.391478866133425,0.721318057526642,0.693147180559945,-0.405465108108164,0.470003629245736,-0.417491785400579,0.405465108108164,0.693147180559945,-1.25276296849537,-1.25276296849537,0.856090262516589,0.405465108108164,0,1,0,0,1,0,0,0,1,0,0,1,0,0,1,"Red.bellied.Woodpecker","Yellow.breasted.Chat",0.264499669059675
"150",-0.693147180559945,-1.09861228866811,-0.278285545055698,0.130559622235365,0.128478324773131,0.0487348559644457,0.22314355131421,0.162703926260859,-0.634593871808371,-0.075985906977922,0.151806012868004,0.0769610411361284,-0.0272331504583587,0,0.133531392624523,-0.174989202615224,0.405465108108164,0,-1.42711635564015,-1.42711635564015,-0.419780280988928,0.405465108108164,0,0,0,0,0,0,0,1,1,1,0,0,0,0,0,"Red.bellied.Woodpecker","Eastern.Meadowlark",-0.296562378697104
"151",-1.09861228866811,-1.09861228866811,0.31343039798631,-0.146307502366233,0.161268147596122,0.0167321248782719,0.244496675784779,0.0750760264403571,-0.282931469693183,-0.146603474191875,0.237328186306166,0.338325805270536,0.361947363885305,0,0.693147180559945,-0.174989202615224,0.405465108108164,0,-1.42711635564015,-1.42711635564015,0.137807108685102,0.405465108108164,0,0,0,0,0,0,0,0,1,0,0,0,0,0,0,"Red.bellied.Woodpecker","Red.winged.Blackbird",0.0468696654360473
"152",-1.09861228866811,-0.693147180559945,0.544975283618109,0.0955706303852997,-0.157185583522412,0.273040522458833,0.0461176820949655,0.191800300748498,-0.157530203151911,-0.157903029445809,0.202236866494896,0.665748206371831,0.616413386328556,-0.693147180559945,0.470003629245736,-0.174989202615224,0.405465108108164,0,-1.57381073479095,-1.57381073479095,0.414907071806346,0.405465108108164,0,0,0,0,0,0,0,0,1,0,0,0,0,0,0,"Red.bellied.Woodpecker","Brown.headed.Cowbird",0.295979577925768
"153",-0.693147180559945,-1.09861228866811,-0.414536547732863,-0.431173464818371,0.0850790092385759,-0.0827619479622893,0.0343873423094759,-0.0438363148131779,-0.523072597375964,-0.323227009871192,-0.0277795641070757,-0.00921665510492395,-0.0121952730938182,0.693147180559945,0.133531392624523,0.212244851416587,0,-0.405465108108164,-0.510825623765991,-0.510825623765991,-0.509537461794742,0,1,1,1,1,1,0,1,1,0,1,0,1,0,1,0,"Red.bellied.Woodpecker","Common.Grackle",0.195930931227406
"154",-1.09861228866811,0,1.30746988273484,0.421213465076303,0.124454174473406,0.495094551239262,0.662631636633995,0.552565229938756,-0.0553136379840522,0.617161273582023,0.679160938585205,0.886642037952025,0.769617544551783,-0.405465108108164,0.287682072451781,-0.417491785400579,0.405465108108164,0.693147180559945,-1.15267950993839,-1.15267950993839,1.13853355611209,0.405465108108164,0,0,0,0,0,0,0,0,1,0,0,0,0,0,0,"Red.bellied.Woodpecker","Ovenbird",0.345831603819433
"155",-1.09861228866811,0,1.99003495396425,0.44125421595975,0.56050270595365,0.713259590347041,1.4294665329851,0.843896941478086,0.0435904360748618,0.834225778819851,0.86148249537916,1.00583055521714,0.942710294908117,0.693147180559945,0.287682072451781,-0.612514242401969,1.09861228866811,0.693147180559945,-2.03688192726104,-2.03688192726104,1.74768838180037,0.405465108108164,0,0,0,0,0,0,0,0,1,0,0,0,0,0,1,"Red.bellied.Woodpecker","Common.Yellowthroat",0.17714623342144
"156",-1.09861228866811,-0.693147180559945,1.77322722109913,0.352220593589352,-0.0140847398817391,0.568504735352669,0.544241620685835,0.571876174851843,0.126111459762865,0.693147180559945,0.828692672556169,0.993251773010283,0.889057581415796,-0.405465108108164,0.693147180559945,0,0,0,-1.62596721438531,-1.62596721438531,1.66475033019838,0.405465108108164,0,0,0,0,0,0,0,0,1,0,0,0,0,0,1,"Red.bellied.Woodpecker","Pine.Warbler",0.146424940194367
"157",-1.09861228866811,0,0.8705885783933,0.0743083127333762,-0.0348467313301682,0.293599249479869,0.24090600765405,0.323972073856981,0.0788585749123198,-0.169076330043934,-0.168136921801998,0.484929279462411,0.529402009338926,-0.405465108108164,0.693147180559945,-0.174989202615224,0.405465108108164,0,-1.42711635564015,-1.42711635564015,0.811290734336269,0.405465108108164,0,0,0,0,0,0,0,0,1,0,0,0,0,0,1,"Red.bellied.Woodpecker","Summer.Tanager",0.572405547774306
"158",0,-0.693147180559945,0.489472499295422,-0.281805463962796,0.598481954018867,0.151389010024529,0.916290731874155,0.30779921461138,-0.14940007706866,-0.481451015086087,-0.269919616111941,0.384845820905429,0.616413386328556,0.693147180559945,0.470003629245736,-0.174989202615224,-0.287682072451781,0.693147180559945,-1.20397280432594,-1.20397280432594,0.371795303160098,0.405465108108164,0,0,1,0,0,0,0,1,1,0,0,0,0,1,1,"Red.bellied.Woodpecker","Northern.Cardinal",0.240766087951667
"159",-1.09861228866811,-0.693147180559945,0.930783739176722,0.176091007043318,0.208185067383874,0.296571019869027,0.578812964750923,0.390251239472337,0.0386521544342791,-0.360614541942813,-0.0413852161628545,0.563094052311747,0.651098944316446,-0.405465108108164,0.470003629245736,0,0.405465108108164,-0.405465108108164,-1.42711635564015,-1.42711635564015,0.802980437202641,0.405465108108164,0,1,1,0,0,0,0,0,1,0,0,0,0,0,0,"Red.bellied.Woodpecker","Blue.Grosbeak",-0.264751189286688
"160",-1.09861228866811,-0.693147180559945,1.55347925878606,0.4514272436728,0.225806668733694,0.586239190292437,0.88168520269668,0.674455047547793,0.204363656662614,0.203598955241239,0.33085424431699,1.04454506739783,1.02472344656895,-0.405465108108164,0.693147180559945,0.395884516675265,-0.287682072451781,-0.405465108108164,-1.34373474670109,-1.34373474670109,1.41980535020295,0.405465108108164,0,0,1,1,1,1,0,0,1,0,0,0,0,0,0,"Red.bellied.Woodpecker","Indigo.Bunting",0.0553940852684812
"165",0,0,0,0,0,0,0,0,0,0,0,0,0,0,0,0,0,0,0,0,0,0,1,1,1,1,1,1,1,1,1,1,1,1,1,1,1,"Downy.Woodpecker","Downy.Woodpecker",1
"166",-1.09861228866811,0,0.261973715741574,-0.179188097457577,0.270545790208794,-0.0120665114131165,0.33400614412602,0.0845251741277622,-0.113554699546862,0.157628944203583,-0.115512887121844,0.229310066229874,0,0.405465108108164,0.154150679827258,-0.612514242401969,1.09861228866811,0.693147180559945,0.0953101798043249,0.0953101798043249,0.30794575352012,0.405465108108164,0,0,1,0,0,1,0,1,1,1,0,1,1,1,1,"Downy.Woodpecker","Eastern.Phoebe",0.202568540666299
"167",-1.09861228866811,0.693147180559945,-0.226263678650453,-0.407737836359167,0.232445943976523,-0.186359926744629,0.117783035656383,-0.0789468171528994,-0.321900029762122,-0.362905493689368,-0.55083095837969,-0.23940407218599,-0.265894718266874,-0.287682072451781,-0.133531392624523,0,0.405465108108164,-0.405465108108164,0.675128675057267,0.675128675057267,-0.249178131805124,1.09861228866811,0,0,1,1,0,1,0,1,1,1,0,1,0,1,1,"Downy.Woodpecker","Great.Crested.Flycatcher",-0.206300318256648
"168",-1.09861228866811,0.693147180559945,0.463773079495099,0.10611924103565,-0.0986715275070297,0.169955240251925,0.0292296383149383,0.163872851241621,-0.21040452553678,0.0870113769896297,0.130620182417064,0.23967285326542,0.0591888713903307,1.09861228866811,0.336472236621213,-0.174989202615224,0.405465108108164,0,-0.0870113769896298,-0.0870113769896298,0.304641115327059,0.405465108108164,0,1,1,0,0,0,0,1,1,1,1,1,0,1,1,"Downy.Woodpecker","Red.eyed.Vireo",0.376305476786815
"169",-1.09861228866811,0,0.808978996085067,0.180957300102141,0.41103615315762,0.264186865215042,0.783531242028214,0.393488917061449,-0.21040452553678,0.157628944203583,0.22825865198098,0.499955951529087,0.239074373386404,0,0.336472236621213,-0.417491785400579,0.405465108108164,0.693147180559945,1.01160091167848,1.01160091167848,0.845847781231758,0.405465108108164,0,0,1,0,1,1,0,0,1,1,0,1,1,1,1,"Downy.Woodpecker","White.eyed.Vireo",0.240309440739746
"170",0,0,-1.23474446299269,-0.728356182042431,0.439366659783846,-0.496766712498483,0.0593394397863089,-0.35338366285466,-0.786729746919892,-0.617435358824249,-0.723300218730633,-0.421725628979945,-0.541388274176158,0.405465108108164,0,-0.127233548935834,0,0.287682072451781,1.01160091167848,1.01160091167848,-1.06748845531908,0,1,0,0,0,0,1,0,0,1,0,0,1,0,0,0,"Downy.Woodpecker","Blue.Jay",0.175795970589437
"171",-0.693147180559945,0,-2.86398500272297,-1.04785773901838,-0.301475394584117,-1.0386829233345,-1.4814174676845,-1.16772685166723,-1.24732324519955,-1.24078677744865,-1.04265363502007,-1.00111392418323,-1.05355079653699,0,0,0.838961962277232,-0.510825623765991,-0.693147180559945,0.423814246776361,0.423814246776361,-2.86296883181836,0,1,0,0,0,0,1,0,0,0,0,0,0,0,0,0,"Downy.Woodpecker","American.Crow",0.316059559303488
"172",0,-0.405465108108164,-2.40849233417024,-0.986147848678608,-0.295980875266476,-0.983481271993618,-1.42067590731914,-1.10878309919196,-1.09226306098945,-1.12601126285622,-1.03543338704658,-0.801781021562741,-0.911682428787961,0.405465108108164,0.154150679827258,0.565913631624111,-0.510825623765991,-0.405465108108164,1.01160091167848,1.01160091167848,-2.34945279582162,0,1,0,0,0,0,1,1,0,0,0,0,0,0,0,0,"Downy.Woodpecker","Fish.Crow",0.246617661920474
"173",0,0.693147180559945,0.169899036795397,-0.157557838148873,0.517017594013912,0.0106789725758543,0.664747706038247,0.15872483472422,-0.260414946111441,-0.13613217432458,0,0.32668423025505,0.268706170992775,-0.510825623765991,0,0.212244851416587,0,-0.405465108108164,1.50589723349326,1.50589723349326,0.177467798382487,0,1,1,1,0,0,1,0,1,1,1,0,1,1,1,1,"Downy.Woodpecker","Tufted.Titmouse",0.292678771831951
"174",0,0,0.940007258491471,0.166743862852085,0.325422400434628,0.337990839798403,0.756862994946053,0.440008932696342,0.0653827592628517,0.260283098263666,0.336472236621213,0.614366302706831,0.670418929482389,-0.510825623765991,0.154150679827258,0.212244851416587,0,-0.405465108108164,0.396415272588246,0.396415272588246,0.91597068066323,0,1,1,1,0,1,1,0,1,1,1,0,1,0,1,1,"Downy.Woodpecker","Carolina.Chickadee",0.13911704312115
"175",0,0,-0.742681115682222,-0.211471602808704,-0.655406852577098,-0.0703071313940654,-1.14812072640004,-0.477641418693853,0.0519597389307112,0,-0.185717145795093,0.260726262463253,0.03509131981127,0.405465108108164,-0.133531392624523,-0.282857135032356,1.09861228866811,-0.405465108108164,-0.151549898127201,-0.151549898127201,-0.657301048786809,0.405465108108164,0,0,1,0,0,1,0,1,1,1,0,1,1,1,0,"Downy.Woodpecker","Purple.Martin",-0.163897987817981
"176",-1.09861228866811,-0.405465108108164,0.357791638638808,-0.18345856658103,-0.666879253739335,0.162786750773312,-0.941485075446905,-0.237713777537972,0.300421098229211,0.575364144903562,0.085157808340307,0.709676482511156,0.338773733609492,0.405465108108164,0,-0.282857135032356,1.09861228866811,-0.405465108108164,-0.0870113769896298,-0.0870113769896298,0.29668534870174,-0.510825623765991,0,0,1,0,0,1,0,1,1,1,0,0,1,1,0,"Downy.Woodpecker","Barn.Swallow",0.381180501729239
"177",0,0,0.298153372319076,0.144808785985829,0.862223510603879,0.225422321764797,1.27355373816444,0.429856561232324,-0.303380981994885,0.207639364778245,0.4260843953109,0.0944908434209223,0.0291565842914555,0,0.154150679827258,-0.503094509799383,1.09861228866811,0.287682072451781,0.318453731118535,0.318453731118535,0.273695830477041,0,1,1,1,0,0,1,0,0,1,1,0,1,1,1,1,"Downy.Woodpecker","Carolina.Wren",0.036599970611984
"178",0,0.693147180559945,0.198069913762094,0.183004383723866,-0.144581228811108,0.0789052667926103,-0.127339422376602,0.0300189299898876,-0.157760792051358,0.133531392624523,0.20294084399669,0,-0.093218128832101,0,-0.356674943938732,-0.417491785400579,0.405465108108164,0.693147180559945,-0.241162056816888,-0.241162056816888,0.181144273111796,0.405465108108164,0,1,1,0,0,1,0,1,1,1,1,0,0,0,1,"Downy.Woodpecker","White.breasted.Nuthatch",0.372901875599375
"179",0,0.693147180559945,0.920204631195292,0.504022876443238,0.147383505432674,0.278117438750989,0.475781606525624,0.339763517705286,0.0653827592628517,0.207639364778245,0.395312736644147,0.159630145591884,0.128617377822094,0,-0.251314428280906,-0.174989202615224,0.405465108108164,0,1.52242653544447,1.52242653544447,0.949221409687167,0,1,0,1,0,0,1,0,1,1,1,0,1,0,1,1,"Downy.Woodpecker","Brown.headed.Nuthatch",0.0251626170171833
"180",-1.09861228866811,0,-0.638971446457921,-0.69655433888156,0.270545790208794,-0.317211409197419,0.0506437328187549,-0.207023074143475,-0.711956512517442,-0.0990909026442309,0.0631789016215317,0,-0.239107402303224,0.405465108108164,0.154150679827258,-0.174989202615224,0.405465108108164,0,-0.0870113769896298,-0.0870113769896298,-0.614943370066604,0.405465108108164,0,0,0,0,0,1,0,0,1,1,1,1,0,0,0,"Downy.Woodpecker","Northern.Mockingbird",0.275342530339314
"181",-0.693147180559945,0.693147180559945,-0.988611393453781,-0.73164565869283,0.663948025867683,-0.274315442278035,0.551419020731244,-0.11571201097754,-0.772215704035638,-0.271933715483642,-0.0971637484536477,-0.458669144171629,-0.548054965534347,0.405465108108164,0.154150679827258,-0.282857135032356,0,0.693147180559945,1.66552737908514,1.66552737908514,-0.991495596276796,0,1,0,1,0,0,1,0,0,1,1,0,1,0,0,0,"Downy.Woodpecker","Brown.Thrasher",0.0722231740852843
"182",-0.693147180559945,0,-0.0715936531870088,-0.0644318601593889,-0.194591649385769,0.0230248083981537,-0.256331542567705,-0.048111897375892,-0.220608695711022,0.0645385211375712,0.154150679827258,0.293161538216406,0.1221026968009,-0.287682072451781,0.336472236621213,-0.282857135032356,0.405465108108164,0.287682072451781,0.119602872373369,0.119602872373369,-0.137923143205502,0.405465108108164,0,0,1,1,0,1,0,0,1,1,0,1,1,1,1,"Downy.Woodpecker","Eastern.Bluebird",-0.0446459143472468
"183",-1.09861228866811,0.693147180559945,-0.671428656605302,-0.196161630837283,0.00371057939653577,-0.180042786343367,-0.176819479639971,-0.153994197548557,-0.708846090103049,-0.117783035656384,-0.040005334613699,0.0248975516217271,-0.0879687729459572,0,0.559615787935423,0,-0.287682072451781,0.287682072451781,0.730188452240294,0.76865473306809,-0.727288780246381,0.405465108108164,0,1,1,0,0,1,1,0,1,1,0,1,0,1,0,"Downy.Woodpecker","Wood.Thrush",0.126967830253251
"184",-1.09861228866811,-0.405465108108164,-1.12050627330285,-0.490483601875942,-0.071458963982145,-0.314999018914478,-0.417735200699979,-0.330036298857668,-0.727365137870287,-0.348306694268216,-0.133531392624522,-0.0242926925690446,-0.296265816143172,0.405465108108164,0.559615787935423,0.0754819663536942,0.405465108108164,-0.559615787935423,-0.241162056816888,-0.241162056816888,-1.11805499748612,0.405465108108164,0,1,0,0,0,1,0,1,1,1,0,1,0,1,0,"Downy.Woodpecker","American.Robin",-0.0826913308862747
"185",-0.693147180559945,0,0.179201429457711,-0.121945766359996,-0.0183491386681965,0.166364572121196,0.136475168668536,0.167751330570192,-0.0964602661875621,-0.535518236356362,-0.297834443915799,0.373204245889943,0.495616205102462,0.405465108108164,0,0.0754819663536942,0.405465108108164,-0.559615787935423,-0.241162056816888,-0.241162056816888,0.180914097026075,0.405465108108164,0,0,0,0,0,0,0,1,1,1,1,1,0,0,1,"Downy.Woodpecker","House.Finch",0.0775154004106776
"186",0,0.693147180559945,0.693147180559945,0.19330313592444,-0.0219789067187753,0.270133364402768,0.240788015293918,0.268516777832596,0.157320254588537,-0.271933715483642,0.130620182417064,0.397301797469003,0.414123170851279,0.405465108108164,0,-0.417491785400579,1.09861228866811,0,1.01160091167848,1.01160091167848,0.698281980031984,0,1,0,0,0,0,1,0,1,1,1,1,1,0,0,1,"Downy.Woodpecker","American.Goldfinch",0.255603083295998
"187",-1.09861228866811,0,0.741156399746306,0.0453830058478178,0.109484232841688,0.256312808784136,0.399311242533786,0.294643082424816,-0.0311551677797956,-0.0206192872027358,0.20294084399669,0.555525802683898,0.283857976013377,0.405465108108164,0,-0.082492054761479,0.405465108108164,-0.22314355131421,-0.32340015505386,-0.32340015505386,0.667861383331272,0.405465108108164,0,0,0,0,0,1,0,1,1,1,0,1,0,0,0,"Downy.Woodpecker","Chipping.Sparrow",-0.254834848845944
"188",-0.693147180559945,0,-0.44628710262842,-0.447787682679452,0.685767073262323,-0.0717205591912124,0.783531242028214,0.103779679917899,-0.535826925971408,-0.535518236356362,-0.115512887121844,0.219053566062685,0.1221026968009,0.405465108108164,0.154150679827258,0.275655395159366,-0.287682072451781,-0.22314355131421,0.328504066972036,0.328504066972036,-0.457035786129725,0.405465108108164,0,1,0,0,0,1,0,0,1,1,0,1,0,0,0,"Downy.Woodpecker","Eastern.Towhee",0.411019849418207
"189",0,0,0.027724548014855,-0.203149779471212,0.23712979328895,0.0854950764716659,0.399311242533786,0.176860046768433,-0.501925374295727,-0.271933715483642,0.0206192872027358,0.150060694575733,0.0653050984077665,0,0.336472236621213,-0.417491785400579,0.405465108108164,0.693147180559945,0.269663566949103,0.269663566949103,-0.0548082364949949,0.405465108108164,0,0,1,0,0,1,0,1,1,1,0,0,1,1,1,"Downy.Woodpecker","Yellow.breasted.Chat",-0.0599109928980554
"190",-0.693147180559945,-0.405465108108164,-1.27701994614093,-0.139910321335294,0.0849932128333925,-0.267370969925223,-0.155912794820657,-0.16890593704424,-0.923856972257471,-0.535518236356362,-0.219053566062685,-0.49429632181478,-0.655075232610538,0.405465108108164,0,-0.174989202615224,0.405465108108164,0,0.0953101798043249,0.0953101798043249,-1.33067878000051,0.405465108108164,0,0,1,0,0,1,0,0,1,0,0,1,1,1,0,"Downy.Woodpecker","Eastern.Meadowlark",0.217659137577002
"191",-1.09861228866811,-0.405465108108164,-0.685304003098919,-0.416777445936892,0.117783035656383,-0.299373701011397,-0.134559670350089,-0.256533836864742,-0.572194570142283,-0.606135803570316,-0.133531392624522,-0.232931557680373,-0.265894718266874,0.405465108108164,0.559615787935423,-0.174989202615224,0.405465108108164,0,0.0953101798043249,0.0953101798043249,-0.773091390326483,0.405465108108164,0,0,0,0,0,1,0,1,1,1,0,1,0,0,0,"Downy.Woodpecker","Red.winged.Blackbird",-0.121512923224057
"192",-1.09861228866811,0,-0.45375911746712,-0.17489931318536,-0.200670695462151,-0.0430653034308363,-0.332938664039902,-0.139809562556601,-0.44679330360101,-0.617435358824249,-0.168622712435793,0.0944908434209223,-0.011428695823623,-0.287682072451781,0.336472236621213,-0.174989202615224,0.405465108108164,0,-0.0513841993464786,-0.0513841993464786,-0.495991427205239,0.405465108108164,0,0,0,0,0,1,0,1,1,1,0,1,1,1,0,"Downy.Woodpecker","Brown.headed.Cowbird",-0.0424512178249078
"193",-0.693147180559945,-0.405465108108164,-1.41327094881809,-0.701643408389031,0.0415938972988371,-0.398867773851959,-0.344669003825391,-0.375446178118277,-0.812335697825064,-0.782759339249632,-0.398639143037764,-0.580474018055833,-0.640037355245997,1.09861228866811,0,0.212244851416587,0,-0.405465108108164,1.01160091167848,1.01160091167848,-1.42043596080633,0,1,0,0,0,0,1,0,0,0,0,0,0,1,0,0,"Downy.Woodpecker","Common.Grackle",0.0797126286812912
"194",-1.09861228866811,0.693147180559945,0.308735481649613,0.150743521505644,0.0809690625336673,0.178988725349593,0.283575290499127,0.220955366633657,-0.344576738433152,0.157628944203583,0.308301359654517,0.315384675001117,0.141775462399605,0,0.154150679827258,-0.417491785400579,0.405465108108164,0.693147180559945,0.369747025506085,0.369747025506085,0.227635057100507,0.405465108108164,0,1,1,1,0,1,0,1,1,1,0,1,1,1,0,"Downy.Woodpecker","Ovenbird",0.0743405668397467
"195",-1.09861228866811,0.693147180559945,0.991300552879022,0.17078427238909,0.517017594013912,0.397153764457372,1.05041018685023,0.512287078172987,-0.245672664374238,0.374693449441411,0.490622916448471,0.434573192266235,0.314868212755938,1.09861228866811,0.154150679827258,-0.612514242401969,1.09861228866811,0.693147180559945,-0.514455391816569,-0.514455391816569,0.836789882788789,0.405465108108164,0,0,1,0,0,1,0,1,1,1,0,1,1,1,1,"Downy.Woodpecker","Common.Yellowthroat",-0.0761056997361166
"196",-1.09861228866811,0,0.774492820013898,0.0817506500186926,-0.0575698518214778,0.252398909462999,0.165185274550967,0.240266311546744,-0.163151640686234,0.233614851181505,0.45783309362548,0.421994410059375,0.261215499263617,0,0.559615787935423,0,0,0,-0.10354067894084,-0.10354067894084,0.753851831186795,0.405465108108164,0,1,1,1,1,1,1,1,1,1,0,1,1,1,1,"Downy.Woodpecker","Pine.Warbler",0.43830224841804
"197",-1.09861228866811,0.693147180559945,-0.12814582269193,-0.196161630837283,-0.078331843269907,-0.0225065764097999,-0.138150338480817,-0.00763778944811754,-0.21040452553678,-0.628608659422374,-0.538996500732687,-0.0863280834884973,-0.0984400728132525,0,0.559615787935423,-0.174989202615224,0.405465108108164,0,0.0953101798043249,0.0953101798043249,-0.0996077646753154,0.405465108108164,0,1,1,1,0,1,0,1,1,1,0,1,1,1,1,"Downy.Woodpecker","Summer.Tanager",-0.0838180001155208
"198",0,0,-0.509261901789808,-0.552275407533455,0.554996842079128,-0.16471681586514,0.537234385739288,-0.0238106486937186,-0.43866317751776,-0.940983344464527,-0.640779195042629,-0.18641154204548,-0.011428695823623,1.09861228866811,0.336472236621213,-0.174989202615224,-0.287682072451781,0.693147180559945,0.318453731118535,0.318453731118535,-0.539103195851486,0.405465108108164,0,0,0,0,0,1,0,0,1,1,0,1,0,0,1,"Downy.Woodpecker","Northern.Cardinal",0.343712579880629
"199",-1.09861228866811,0,-0.0679506619085077,-0.094378936527341,0.164699955444135,-0.0195348060206423,0.199756618616056,0.0586413761672376,-0.25061094601482,-0.820146871321253,-0.412244795093543,-0.00816331063916109,0.0232568621642672,0,0.336472236621213,0,0.405465108108164,-0.405465108108164,0.0953101798043249,0.0953101798043249,-0.107918061808943,0.405465108108164,0,0,0,0,0,1,0,1,1,1,0,1,1,1,0,"Downy.Woodpecker","Blue.Grosbeak",0.235284052019165
"200",-1.09861228866811,0,0.554744857700826,0.180957300102141,0.182321556793955,0.270133364402768,0.502628856561812,0.342845184242694,-0.0848994437864862,-0.255933374137201,-0.040005334613699,0.473287704446925,0.396881364416773,0,0.559615787935423,0.395884516675265,-0.287682072451781,-0.405465108108164,0.178691788743376,0.178691788743376,0.508906851191368,0.405465108108164,0,0,0,0,0,0,0,1,1,1,0,1,0,0,0,"Downy.Woodpecker","Indigo.Bunting",0.184741714540332
"206",0,0,0,0,0,0,0,0,0,0,0,0,0,0,0,0,0,0,0,0,0,0,1,1,1,1,1,1,1,1,1,1,1,1,1,1,1,"Eastern.Phoebe","Eastern.Phoebe",1
"207",0,0.693147180559945,-0.488237394392027,-0.228549738901589,-0.0380998462322703,-0.174293415331512,-0.216223108469636,-0.163471991280662,-0.20834533021526,-0.520534437892952,-0.435318071257845,-0.468714138415864,-0.265894718266874,-0.693147180559945,-0.287682072451781,0.612514242401969,-0.693147180559945,-1.09861228866811,0.579818495252942,0.579818495252942,-0.557123885325244,0.693147180559945,0,1,1,0,0,1,1,1,1,1,1,1,0,1,1,"Eastern.Phoebe","Great.Crested.Flycatcher",0.10878876294653
"208",0,0.693147180559945,0.201799363753525,0.285307338493228,-0.369217317715823,0.182021751665041,-0.304776505811081,0.0793476771138593,-0.0968498259899177,-0.0706175672139535,0.246133069538909,0.0103627870355467,0.0591888713903307,0.693147180559945,0.182321556793955,0.437525039786745,-0.693147180559945,-0.693147180559945,-0.182321556793955,-0.182321556793955,-0.00330463819306045,0,1,0,1,0,0,0,0,1,1,1,0,1,0,1,1,"Eastern.Phoebe","Red.eyed.Vireo",-0.0258694538660252
"209",0,0,0.547005280343493,0.360145397559718,0.140490362948826,0.276253376628158,0.449525097902195,0.308963742933687,-0.0968498259899177,0,0.343771539102825,0.270645885299213,0.239074373386404,-0.405465108108164,0.182321556793955,0.19502245700139,-0.693147180559945,0,0.916290731874155,0.916290731874155,0.537902027711639,0,1,0,1,0,0,1,1,0,1,1,1,1,1,1,1,"Eastern.Phoebe","White.eyed.Vireo",0.322348569596227
"210",1.09861228866811,0,-1.49671817873426,-0.549168084584854,0.168820869575052,-0.484700201085367,-0.274666704339711,-0.437908836982422,-0.67317504737303,-0.775064303027832,-0.607787331608789,-0.651035695209819,-0.541388274176158,0,-0.154150679827258,0.485280693466135,-1.09861228866811,-0.405465108108164,0.916290731874155,0.916290731874155,-1.37543420883919,-0.405465108108164,0,1,0,0,0,1,0,0,1,0,1,1,0,0,0,"Eastern.Phoebe","Blue.Jay",-0.113395004941283
"211",0.405465108108164,0,-3.12595871846454,-0.868669641560804,-0.57202118479291,-1.02661641192139,-1.81542361181052,-1.25225202579499,-1.13376854565269,-1.39841572165224,-0.927140747898221,-1.23042399041311,-1.05355079653699,-0.405465108108164,-0.154150679827258,1.4514762046792,-1.6094379124341,-1.38629436111989,0.328504066972036,0.328504066972036,-3.17091458533847,-0.405465108108164,0,0,0,0,0,1,0,0,0,0,1,0,0,0,0,"Eastern.Phoebe","American.Crow",0.225911509029426
"212",1.09861228866811,-0.405465108108164,-2.67046604991181,-0.806959751221031,-0.56652666547527,-0.971414760580501,-1.75468205144516,-1.19330827331972,-0.978708361442589,-1.28364020705981,-0.919920499924734,-1.03109108779261,-0.911682428787961,0,0,1.17842787402608,-1.6094379124341,-1.09861228866811,0.916290731874155,0.916290731874155,-2.65739854934174,-0.405465108108164,0,0,0,0,0,1,0,0,0,0,1,0,0,0,0,"Eastern.Phoebe","Fish.Crow",0.349443021412803
"213",1.09861228866811,0.693147180559945,-0.0920746789461766,0.0216302593087049,0.246471803805118,0.0227454839889707,0.330741561912228,0.0741996605964579,-0.146860246564579,-0.293761118528163,0.115512887121844,0.0973741640251762,0.268706170992775,-0.916290731874155,-0.154150679827258,0.824759093818555,-1.09861228866811,-1.09861228866811,1.41058705368894,1.41058705368894,-0.130477955137632,-0.405465108108164,0,0,1,0,0,1,0,1,1,1,1,1,1,1,1,"Eastern.Phoebe","Tufted.Titmouse",-0.0857583471813166
"214",1.09861228866811,0,0.678033542749897,0.345931960309662,0.0548766102258343,0.350057351211519,0.422856850820033,0.355483758568579,0.178937458809714,0.102654154060083,0.451985123743057,0.385056236476957,0.670418929482389,-0.916290731874155,0,0.824759093818555,-1.09861228866811,-1.09861228866811,0.301105092783922,0.301105092783922,0.60802492714311,-0.405465108108164,0,0,1,0,0,1,0,1,1,1,1,1,0,1,1,"Eastern.Phoebe","Carolina.Chickadee",0.0763698809274465
"215",1.09861228866811,0,-1.0046548314238,-0.0322835053511265,-0.925952642785892,-0.058240619980949,-1.48212687052606,-0.562166592821615,0.165514438477573,-0.157628944203583,-0.0702042586732486,0.0314161962333789,0.03509131981127,0,-0.287682072451781,0.329657107369613,0,-1.09861228866811,-0.246860077931526,-0.246860077931526,-0.965246802306929,0,1,0,1,1,0,1,1,1,1,1,1,1,1,1,0,"Eastern.Phoebe","Purple.Martin",0.15938303575964
"216",0,-0.405465108108164,0.0958179228972335,-0.00427046912345243,-0.937425043948129,0.174853262186429,-1.27549121957292,-0.322238951665734,0.413975797776073,0.417735200699979,0.200670695462151,0.480366416281282,0.338773733609492,0,-0.154150679827258,0.329657107369613,0,-1.09861228866811,-0.182321556793955,-0.182321556793955,-0.0112604048183798,-0.916290731874155,0,0,1,1,1,1,0,1,1,1,1,0,1,1,0,"Eastern.Phoebe","Barn.Swallow",0.0573532139596736
"217",1.09861228866811,0,0.0361796565775023,0.323996883443407,0.591677720395086,0.237488833177914,0.939547594038422,0.345331387104561,-0.189826282448022,0.0500104205746614,0.541597282432744,-0.134819222808951,0.0291565842914555,-0.405465108108164,0,0.109419732602586,0,-0.405465108108164,0.22314355131421,0.22314355131421,-0.0342499230430786,-0.405465108108164,0,0,1,1,1,1,0,0,1,1,1,1,1,1,1,"Eastern.Phoebe","Carolina.Wren",0.405613845757378
"218",1.09861228866811,0.693147180559945,-0.0639038019794802,0.362192481181443,-0.415127019019901,0.0909717782057268,-0.461345566502621,-0.0545062441378746,-0.0442060925044957,-0.0240975515790606,0.318453731118535,-0.229310066229874,-0.093218128832101,-0.405465108108164,-0.510825623765991,0.19502245700139,-0.693147180559945,0,-0.336472236621213,-0.336472236621213,-0.126801480408324,0,1,0,1,0,1,1,0,1,1,1,0,0,0,0,1,"Eastern.Phoebe","White.breasted.Nuthatch",0.102673986149895
"219",1.09861228866811,0.693147180559945,0.658230915453717,0.683210973900816,-0.12316228477612,0.290183950164105,0.141775462399605,0.255238343577523,0.178937458809714,0.0500104205746614,0.510825623765991,-0.06967992063799,0.128617377822094,-0.405465108108164,-0.405465108108164,0.437525039786745,-0.693147180559945,-0.693147180559945,1.42711635564015,1.42711635564015,0.641275656167047,-0.405465108108164,0,1,1,0,0,1,0,1,1,1,1,1,0,1,1,"Eastern.Phoebe","Brown.headed.Nuthatch",0.0166152801802182
"220",0,0,-0.900945162199495,-0.517366241423982,0,-0.305144897784302,-0.283362411307265,-0.291548248271237,-0.598401812970579,-0.256719846847814,0.178691788743376,-0.229310066229874,-0.239107402303224,0,0,0.437525039786745,-0.693147180559945,-0.693147180559945,-0.182321556793955,-0.182321556793955,-0.922889123586723,0,1,0,0,0,0,1,1,0,1,1,0,1,0,0,0,"Eastern.Phoebe","Northern.Mockingbird",0.200308430431803
"221",0.405465108108164,0.693147180559945,-1.25058510919536,-0.552457561235252,0.393402235658889,-0.262248930864918,0.217412876605225,-0.200237185105302,-0.658661004488776,-0.429562659687225,0.0183491386681964,-0.687979210401503,-0.548054965534347,0,0,0.329657107369613,-1.09861228866811,0,1.57021719928082,1.57021719928082,-1.29944134979692,-0.405465108108164,0,0,1,0,0,1,0,0,1,1,1,1,0,0,0,"Eastern.Phoebe","Brown.Thrasher",-0.226066137048235
"222",0.405465108108164,0,-0.333567368928583,0.114756237298189,-0.465137439594562,0.03509131981127,-0.590337686693724,-0.132637071503654,-0.107053996164159,-0.0930904230660121,0.269663566949103,0.0638514719865328,0.1221026968009,-0.693147180559945,0.182321556793955,0.329657107369613,-0.693147180559945,-0.405465108108164,0.0242926925690445,0.0242926925690445,-0.445868896725621,0,1,1,1,0,0,1,1,0,1,1,1,1,1,1,1,"Eastern.Phoebe","Eastern.Bluebird",0.243067570853233
"223",0,0.693147180559945,-0.933402372346876,-0.0169735333797058,-0.266835210812258,-0.167976274930251,-0.510825623765991,-0.238519371676319,-0.595291390556187,-0.275411979859967,0.0755075525081453,-0.204412514608147,-0.0879687729459572,-0.405465108108164,0.405465108108164,0.612514242401969,-1.38629436111989,-0.405465108108164,0.63487827243597,0.673344553263766,-1.0352345337665,0,1,0,1,0,0,1,0,0,1,1,1,1,0,1,0,"Eastern.Phoebe","Wood.Thrush",0.0873287876076182
"224",0,-0.405465108108164,-1.38247998904442,-0.311295504418364,-0.342004754190939,-0.302932507501362,-0.751741344825998,-0.414561472985431,-0.613810438323424,-0.505935638471799,-0.0180185055026783,-0.253602758798918,-0.296265816143172,0,0.405465108108164,0.687996208755663,-0.693147180559945,-1.25276296849537,-0.336472236621213,-0.336472236621213,-1.42600075100624,0,1,0,0,0,0,1,1,1,1,1,1,1,0,1,0,"Eastern.Phoebe","American.Robin",0.220147339191009
"225",0.405465108108164,0,-0.0827722862838629,0.0572423310975818,-0.28889492887699,0.178431083534313,-0.197530975457484,0.0832261564424301,0.0170944333593003,-0.693147180559945,-0.182321556793955,0.143894179660069,0.495616205102462,0,-0.154150679827258,0.687996208755663,-0.693147180559945,-1.25276296849537,-0.336472236621213,-0.336472236621213,-0.127031656494045,0,1,0,0,0,0,0,0,1,1,1,0,1,0,0,1,"Eastern.Phoebe","House.Finch",-0.142123321008477
"226",1.09861228866811,0.693147180559945,0.431173464818371,0.372491233382017,-0.292524696927569,0.282199875815885,-0.093218128832101,0.183991603704834,0.2708749541354,-0.429562659687225,0.246133069538909,0.16799173123913,0.414123170851279,0,-0.154150679827258,0.19502245700139,0,-0.693147180559945,0.916290731874155,0.916290731874155,0.390336226511864,-0.405465108108164,0,0,0,0,1,1,0,1,1,1,0,1,0,0,1,"Eastern.Phoebe","American.Goldfinch",0.326485310510739
"227",0,0,0.479182684004732,0.224571103305395,-0.161061557367105,0.268379320197252,0.0653050984077665,0.210117908297054,0.0823995317670668,-0.178248231406319,0.318453731118535,0.326215736454024,0.283857976013377,0,-0.154150679827258,0.53002218764049,-0.693147180559945,-0.916290731874155,-0.418710334858185,-0.418710334858185,0.359915629811152,0,1,1,0,0,0,1,0,1,1,1,1,1,0,0,0,"Eastern.Phoebe","Chipping.Sparrow",0.076554214591334
"228",0.405465108108164,0,-0.708260818369993,-0.268599585221875,0.415221283053529,-0.0596540477780959,0.449525097902195,0.0192545057901365,-0.422272226424546,-0.693147180559945,0,-0.0102565001671892,0.1221026968009,0,0,0.888169637561335,-1.38629436111989,-0.916290731874155,0.233193887167711,0.233193887167711,-0.764981539649845,0,1,0,0,0,0,1,0,0,1,1,0,1,0,0,0,"Eastern.Phoebe","Eastern.Towhee",0.298630207034679
"229",1.09861228866811,0,-0.234249167726719,-0.0239616820136342,-0.033415996919844,0.0975615878847823,0.0653050984077665,0.0923348726406704,-0.388370674748864,-0.429562659687225,0.13613217432458,-0.0792493716541406,0.0653050984077665,-0.405465108108164,0.182321556793955,0.19502245700139,-0.693147180559945,0,0.174353387144778,0.174353387144778,-0.362753990015115,0,1,1,1,0,0,1,1,1,1,1,1,0,1,1,1,"Eastern.Phoebe","Yellow.breasted.Chat",0.230387132395809
"230",0.405465108108164,-0.405465108108164,-1.5389936618825,0.0392777761222828,-0.185552577375401,-0.255304458512107,-0.489918938946677,-0.253431111172002,-0.810302272710609,-0.693147180559945,-0.10354067894084,-0.723606388044654,-0.655075232610538,0,-0.154150679827258,0.437525039786745,-0.693147180559945,-0.693147180559945,0,0,-1.63862453352063,0,1,0,1,0,1,1,0,0,1,0,1,1,1,1,0,"Eastern.Phoebe","Eastern.Meadowlark",0.682191940840688
"231",0,-0.405465108108164,-0.947277718840493,-0.237589348479315,-0.15276275455241,-0.287307189598281,-0.468565814476108,-0.341059010992504,-0.45863987059542,-0.763764747773899,-0.0180185055026783,-0.462241623910246,-0.265894718266874,0,0.405465108108164,0.437525039786745,-0.693147180559945,-0.693147180559945,0,0,-1.0810371438466,0,1,0,0,0,0,1,0,1,1,1,1,1,0,0,0,"Eastern.Phoebe","Red.winged.Blackbird",-0.0558314853619125
"232",0,0,-0.715732833208695,0.0042887842722175,-0.471216485670945,-0.0309987920177199,-0.666944808165921,-0.224334736684363,-0.333238604054148,-0.775064303027832,-0.0531098253139484,-0.134819222808951,-0.011428695823623,-0.693147180559945,0.182321556793955,0.437525039786745,-0.693147180559945,-0.693147180559945,-0.146694379150803,-0.146694379150803,-0.803937180725358,0,1,0,0,0,0,1,0,1,1,1,1,1,1,1,0,"Eastern.Phoebe","Brown.headed.Cowbird",0.222679012724574
"233",0.405465108108164,-0.405465108108164,-1.67524466455967,-0.522455310931454,-0.228951892909957,-0.386801262438842,-0.678675147951411,-0.459971352246039,-0.698780998278201,-0.940388283453216,-0.28312625591592,-0.809784084285706,-0.640037355245997,0.693147180559945,-0.154150679827258,0.824759093818555,-1.09861228866811,-1.09861228866811,0.916290731874155,0.916290731874155,-1.72838171432645,-0.405465108108164,0,1,0,0,0,1,0,0,0,0,1,0,1,0,0,"Eastern.Phoebe","Common.Grackle",0.169291427868906
"234",0,0.693147180559945,0.0467617659080393,0.329931618963221,-0.189576727675126,0.191055236762709,-0.0504308536268921,0.136430192505895,-0.23102203888629,0,0.423814246776361,0.0860746087712428,0.141775462399605,-0.405465108108164,0,0.19502245700139,-0.693147180559945,0,0.27443684570176,0.27443684570176,-0.0803106964196132,0,1,0,1,0,0,1,0,1,1,1,1,1,1,1,0,"Eastern.Phoebe","Ovenbird",0.279225247809982
"235",0,0.693147180559945,0.729326837137448,0.349972369846668,0.246471803805118,0.409220275870488,0.716404042724213,0.427761904045225,-0.132117964827376,0.217064505237828,0.606135803570315,0.205263126036361,0.314868212755938,0.693147180559945,0,0,0,0,-0.609765571620894,-0.609765571620894,0.528844129268669,0,1,0,1,1,0,1,0,1,1,1,1,1,1,1,1,"Eastern.Phoebe","Common.Yellowthroat",-0.239279715055092
"236",0,0,0.512519104272324,0.26093874747627,-0.328115642030271,0.264465420876116,-0.168820869575052,0.155741137418982,-0.0495969411393722,0.075985906977922,0.573345980747325,0.192684343829501,0.261215499263617,-0.405465108108164,0.405465108108164,0.612514242401969,-1.09861228866811,-0.693147180559945,-0.198850858745165,-0.198850858745165,0.445906077666675,0,1,0,1,0,0,1,0,1,1,1,1,1,1,1,1,"Eastern.Phoebe","Pine.Warbler",0.475595198926475
"237",0,0.693147180559945,-0.390119538433504,-0.0169735333797058,-0.348877633478701,-0.0104400649966834,-0.472156482606837,-0.0921629635758798,-0.0968498259899177,-0.786237603625957,-0.423483613610843,-0.315638149718371,-0.0984400728132525,-0.405465108108164,0.405465108108164,0.437525039786745,-0.693147180559945,-0.693147180559945,0,0,-0.407553518195435,0,1,0,1,0,0,1,1,1,1,1,1,1,1,1,1,"Eastern.Phoebe","Summer.Tanager",0.045361201602892
"238",1.09861228866811,0,-0.771235617531382,-0.373087310075878,0.284451051870334,-0.152650304452024,0.203228241613268,-0.108335822821481,-0.325108477970898,-1.09861228866811,-0.525266307920785,-0.415721608275354,-0.011428695823623,0.693147180559945,0.182321556793955,0.437525039786745,-1.38629436111989,0,0.22314355131421,0.22314355131421,-0.847048949371606,0,1,0,0,0,0,1,0,0,1,1,0,1,0,0,1,"Eastern.Phoebe","Northern.Cardinal",-0.11693207502823
"239",0,0,-0.329924377650082,0.0848091609302364,-0.105845834764658,-0.0074682946075258,-0.134249525509963,-0.0258837979605245,-0.137056246467958,-0.977775815524836,-0.296731907971699,-0.237473376869035,0.0232568621642672,-0.405465108108164,0.182321556793955,0.612514242401969,-0.693147180559945,-1.09861228866811,0,0,-0.415863815329063,0,1,1,0,0,0,1,0,1,1,1,1,1,1,1,0,"Eastern.Phoebe","Blue.Grosbeak",0.172431547295827
"240",0,0,0.292771141959252,0.360145397559718,-0.088224233414839,0.282199875815885,0.168622712435793,0.258320010114932,0.0286552557603761,-0.413562318340784,0.0755075525081453,0.243977638217052,0.396881364416773,-0.405465108108164,0.405465108108164,1.00839875907723,-1.38629436111989,-1.09861228866811,0.083381608939051,0.083381608939051,0.200961097671249,0,1,0,0,0,0,0,0,1,1,1,0,1,0,0,0,"Eastern.Phoebe","Indigo.Bunting",0.204382168731521
"247",0,0,0,0,0,0,0,0,0,0,0,0,0,0,0,0,0,0,0,0,0,0,1,1,1,1,1,1,1,1,1,1,1,1,1,1,1,"Great.Crested.Flycatcher","Great.Crested.Flycatcher",1
"248",0,0,0.690036758145553,0.513857077394817,-0.331117471483553,0.356315166996553,-0.0885533973414451,0.242819668394521,0.111495504225342,0.449916870678998,0.681451140796754,0.47907692545141,0.325083589657204,1.38629436111989,0.470003629245736,-0.174989202615224,0,0.405465108108164,-0.762140052046897,-0.762140052046897,0.553819247132183,-0.693147180559945,0,0,1,0,0,0,0,1,1,1,0,1,1,1,1,"Great.Crested.Flycatcher","Red.eyed.Vireo",-0.192874272010963
"249",0,-0.693147180559945,1.03524267473552,0.588695136461307,0.178590209181096,0.45054679195967,0.665748206371831,0.472435734214348,0.111495504225342,0.520534437892952,0.77908961036067,0.739360023715077,0.504969091653278,0.287682072451781,0.470003629245736,-0.417491785400579,0,1.09861228866811,0.336472236621213,0.336472236621213,1.09502591303688,-0.693147180559945,0,0,1,0,0,1,1,0,1,1,1,1,0,1,1,"Great.Crested.Flycatcher","White.eyed.Vireo",0.0585207838689472
"250",1.09861228866811,-0.693147180559945,-1.00848078434224,-0.320618345683264,0.206920715807322,-0.310406785753855,-0.0584435958700745,-0.27443684570176,-0.46482971715777,-0.25452986513488,-0.172469260350943,-0.182321556793955,-0.275493555909284,0.693147180559945,0.133531392624523,-0.127233548935834,-0.405465108108164,0.693147180559945,0.336472236621213,0.336472236621213,-0.818310323513951,-1.09861228866811,0,1,0,0,1,1,0,0,1,0,1,1,1,0,0,"Great.Crested.Flycatcher","Blue.Jay",-0.0904264442101929
"251",0.405465108108164,-0.693147180559945,-2.63772132407252,-0.640119902659214,-0.53392133856064,-0.852322996589877,-1.59920050334088,-1.08878003451433,-0.925423215437428,-0.877881283759284,-0.491822676640375,-0.761709851997242,-0.787656078270116,0.287682072451781,0.133531392624523,0.838961962277232,-0.916290731874155,-0.287682072451781,-0.251314428280906,-0.251314428280906,-2.61379070001323,-1.09861228866811,0,0,0,0,0,1,0,0,0,0,1,0,1,0,0,"Great.Crested.Flycatcher","American.Crow",-0.0465434879120129
"252",1.09861228866811,-1.09861228866811,-2.18222865551978,-0.578410012319442,-0.528426819242999,-0.797121345248989,-1.53845894297552,-1.02983628203906,-0.770363031227329,-0.763105769166856,-0.484602428666888,-0.562376949376751,-0.645787710521087,0.693147180559945,0.287682072451781,0.565913631624111,-0.916290731874155,0,0.336472236621213,0.336472236621213,-2.1002746640165,-1.09861228866811,0,0,0,0,1,1,0,0,0,0,1,0,1,0,0,"Great.Crested.Flycatcher","Fish.Crow",-0.0313570957412769
"253",1.09861228866811,0,0.396162715445851,0.250179998210294,0.284571650037388,0.197038899320483,0.546964670381864,0.237671651877119,0.0614850836506809,0.226773319364789,0.55083095837969,0.56608830244104,0.534600889259649,-0.22314355131421,0.133531392624523,0.212244851416587,-0.405465108108164,0,0.830768558435993,0.830768558435993,0.426645930187611,-1.09861228866811,0,0,1,0,0,1,0,1,1,1,1,1,0,1,1,"Great.Crested.Flycatcher","Tufted.Titmouse",0.330309893314401
"254",1.09861228866811,-0.693147180559945,1.16627093714192,0.574481699211252,0.0929764564581046,0.524350766543031,0.63907995928967,0.518955749849241,0.387282789024974,0.623188591953035,0.887303195000903,0.853770374892821,0.936313647749263,-0.22314355131421,0.287682072451781,0.212244851416587,-0.405465108108164,0,-0.27871340246902,-0.27871340246902,1.16514881246835,-1.09861228866811,0,0,1,0,0,1,0,1,1,1,1,1,1,1,1,"Great.Crested.Flycatcher","Carolina.Chickadee",0.587057088217466
"255",1.09861228866811,-0.693147180559945,-0.516417437031768,0.196266233550463,-0.887852796553622,0.116052795350563,-1.26590376205643,-0.398694601540954,0.373859768692833,0.362905493689369,0.365113812584597,0.500130334649243,0.300986038078144,0.693147180559945,0,-0.282857135032356,0.693147180559945,0,-0.826678573184468,-0.826678573184468,-0.408122916981685,-0.693147180559945,0,0,1,0,0,1,1,1,1,1,1,1,0,1,0,"Great.Crested.Flycatcher","Purple.Martin",0.00788211149780731
"256",0,-1.09861228866811,0.584055317289261,0.224279269778137,-0.899325197715858,0.349146677517941,-1.05926811110329,-0.158766960385073,0.622321127991333,0.93826963859293,0.635988766719997,0.949080554697146,0.604668451876366,0.693147180559945,0.133531392624523,-0.282857135032356,0.693147180559945,0,-0.762140052046897,-0.762140052046897,0.545863480506864,-1.6094379124341,0,0,1,0,0,1,0,1,1,1,1,0,0,1,0,"Great.Crested.Flycatcher","Barn.Swallow",-0.0605957006127013
"257",1.09861228866811,-0.693147180559945,0.52441705096953,0.552546622344996,0.629777566627356,0.411782248509426,1.15577070250806,0.508803378385223,0.0185190477672375,0.570544858467613,0.97691535369059,0.333894915606912,0.295051302558329,0.287682072451781,0.287682072451781,-0.503094509799383,0.693147180559945,0.693147180559945,-0.356674943938732,-0.356674943938732,0.522873962282165,-1.09861228866811,0,0,1,0,0,1,0,0,1,1,1,1,0,1,1,"Great.Crested.Flycatcher","Carolina.Wren",-0.077344325500845
"258",1.09861228866811,0,0.424333592412547,0.590742220083032,-0.377027172787631,0.265265193537239,-0.245122458032985,0.108965747142787,0.164139237710764,0.496436886313891,0.75377180237638,0.23940407218599,0.172676589434773,0.287682072451781,-0.22314355131421,-0.417491785400579,0,1.09861228866811,-0.916290731874155,-0.916290731874155,0.43032240491692,-0.693147180559945,0,0,1,0,0,1,0,1,1,1,0,0,1,0,1,"Great.Crested.Flycatcher","White.breasted.Nuthatch",-0.195544156093448
"259",1.09861228866811,0,1.14646830984574,0.911760712802405,-0.0850624385438492,0.464477365495617,0.357998570869241,0.418710334858185,0.387282789024974,0.570544858467613,0.946143695023836,0.399034217777874,0.394512096088967,0.287682072451781,-0.117783035656384,-0.174989202615224,0,0.405465108108164,0.847297860387204,0.847297860387204,1.19839954149229,-1.09861228866811,0,1,1,0,0,1,0,1,1,1,1,1,1,1,1,"Great.Crested.Flycatcher","Brown.headed.Nuthatch",0.0774105166344833
"260",0,-0.693147180559945,-0.412707767807467,-0.288816502522393,0.0380998462322702,-0.13085148245279,-0.0671393028376286,-0.128076256990575,-0.390056482755319,0.263814591045138,0.614009860001222,0.23940407218599,0.0267873159636498,0.693147180559945,0.287682072451781,-0.174989202615224,0,0.405465108108164,-0.762140052046897,-0.762140052046897,-0.36576523826148,-0.693147180559945,0,0,0,0,0,1,1,0,1,1,0,1,1,0,0,"Great.Crested.Flycatcher","Northern.Mockingbird",-0.139797843408454
"261",0.405465108108164,0,-0.762347714803328,-0.323907822333663,0.43150208189116,-0.0879555155334061,0.433635985074861,-0.0367651938246408,-0.450315674273516,0.0909717782057268,0.453667209926042,-0.219265071985639,-0.282160247267473,0.693147180559945,0.287682072451781,-0.282857135032356,-0.405465108108164,1.09861228866811,0.990398704027877,0.990398704027877,-0.742317464471672,-1.09861228866811,0,0,1,0,1,1,0,0,1,1,1,1,1,0,0,"Great.Crested.Flycatcher","Brown.Thrasher",-0.128767130838756
"262",0.405465108108164,-0.693147180559945,0.154670025463445,0.343305976199778,-0.427037593362292,0.209384735142782,-0.374114578224088,0.0308349197770072,0.1012913340511,0.42744401482694,0.704981638206948,0.532565610402397,0.387997415067774,0,0.470003629245736,-0.282857135032356,0,0.693147180559945,-0.555525802683898,-0.555525802683898,0.111254988599622,-0.693147180559945,0,1,1,1,1,1,1,0,1,1,1,1,0,1,1,"Great.Crested.Flycatcher","Eastern.Bluebird",-0.312681956002804
"263",0,0,-0.445164977954849,0.211576205521884,-0.228735364579988,0.0063171404012615,-0.294602515296355,-0.0750473803956576,-0.386946060340927,0.245122458032985,0.510825623765991,0.264301623807717,0.177925945320916,0.287682072451781,0.693147180559945,0,-0.693147180559945,0.693147180559945,0.0550597771830274,0.0935260580108235,-0.478110648441257,-0.693147180559945,0,0,1,0,1,1,0,0,1,1,1,1,1,1,0,"Great.Crested.Flycatcher","Wood.Thrush",0.0116418436858523
"264",0,-1.09861228866811,-0.894242594652393,-0.0827457655167748,-0.303904907958668,-0.12863909216985,-0.535518236356362,-0.251089481704769,-0.405465108108164,0.0145987994211529,0.417299565755167,0.215111379616945,-0.0303710978762988,0.693147180559945,0.693147180559945,0.0754819663536942,0,-0.154150679827258,-0.916290731874155,-0.916290731874155,-0.868876865681,-0.693147180559945,0,0,0,0,0,1,1,1,1,1,1,1,1,1,0,"Great.Crested.Flycatcher","American.Robin",-0.33795820486468
"265",0.405465108108164,-0.693147180559945,0.405465108108165,0.285792069999171,-0.25079508264472,0.352724498865825,0.0186921330121525,0.246698147723092,0.22543976357456,-0.172612742666994,0.252996514463891,0.612608318075933,0.761510923369335,0.693147180559945,0.133531392624523,0.0754819663536942,0,-0.154150679827258,-0.916290731874155,-0.916290731874155,0.430092228831199,-0.693147180559945,0,0,0,0,1,0,0,1,1,1,0,1,0,0,1,"Great.Crested.Flycatcher","House.Finch",0.149289524912695
"266",1.09861228866811,0,0.919410859210399,0.601040972283607,-0.254424850695299,0.456493291147397,0.123004979637535,0.347463594985495,0.47922028435066,0.0909717782057268,0.681451140796754,0.636705869654994,0.680017889118153,0.693147180559945,0.133531392624523,-0.417491785400579,0.693147180559945,0.405465108108164,0.336472236621213,0.336472236621213,0.947460111837108,-1.09861228866811,0,0,0,0,0,1,0,1,1,1,0,1,0,0,1,"Great.Crested.Flycatcher","American.Goldfinch",-0.218418401078551
"267",0,-0.693147180559945,0.967420078396759,0.453120842206985,-0.122961711134835,0.442672735528764,0.281528206877403,0.373589899577715,0.290744861982327,0.342286206486633,0.75377180237638,0.794929874869888,0.549752694280251,0.693147180559945,0.133531392624523,-0.082492054761479,0,0.182321556793955,-0.998528830111127,-0.998528830111127,0.917039515136396,-0.693147180559945,0,1,0,0,0,1,0,1,1,1,1,1,1,0,0,"Great.Crested.Flycatcher","Chipping.Sparrow",0.525342496560243
"268",0.405465108108164,-0.693147180559945,-0.220023423977966,-0.0400498463202854,0.453321129285799,0.114639367553416,0.665748206371831,0.182726497070798,-0.213926896209286,-0.172612742666994,0.435318071257845,0.458457638248675,0.387997415067774,0.693147180559945,0.287682072451781,0.275655395159366,-0.693147180559945,0.182321556793955,-0.346624608085231,-0.346624608085231,-0.207857654324601,-0.693147180559945,0,0,0,0,1,1,0,0,1,1,0,1,0,0,0,"Great.Crested.Flycatcher","Eastern.Towhee",0.00616332901015712
"269",1.09861228866811,-0.693147180559945,0.253988226665308,0.204588056887955,0.00468384931242622,0.271855003216294,0.281528206877403,0.255806863921332,-0.180025344533604,0.0909717782057268,0.571450245582426,0.389464766761723,0.33119981667464,0.287682072451781,0.470003629245736,-0.417491785400579,0,1.09861228866811,-0.405465108108164,-0.405465108108164,0.194369895310129,-0.693147180559945,0,1,1,0,0,1,1,1,1,1,1,0,0,1,1,"Great.Crested.Flycatcher","Yellow.breasted.Chat",0.311868475202199
"270",0.405465108108164,-1.09861228866811,-1.05075626749047,0.267827515023872,-0.147452731143131,-0.081011043180595,-0.273695830477041,-0.0899591198913405,-0.601956942495349,-0.172612742666994,0.331777392317005,-0.25489224962879,-0.389180514343664,0.693147180559945,0.133531392624523,-0.174989202615224,0,0.405465108108164,-0.579818495252942,-0.579818495252942,-1.08150064819539,-0.693147180559945,0,0,1,0,0,1,0,0,1,0,1,1,0,1,0,"Great.Crested.Flycatcher","Eastern.Meadowlark",0.0941619709885116
"271",0,-1.09861228866811,-0.459040324448466,-0.00903960957772524,-0.11466290832014,-0.113013774266769,-0.252342706006472,-0.177587019711843,-0.250294540380161,-0.243230309880947,0.417299565755167,0.00647251450561752,0,0.693147180559945,0.693147180559945,-0.174989202615224,0,0.405465108108164,-0.579818495252942,-0.579818495252942,-0.523913258521358,-0.693147180559945,0,0,0,0,0,1,0,1,1,1,1,1,0,0,0,"Great.Crested.Flycatcher","Red.winged.Blackbird",-0.0789383607934394
"272",0,-0.693147180559945,-0.227495438816667,0.232838523173807,-0.433116639438675,0.143294623313792,-0.450721699696285,-0.0608627454037013,-0.124893273838888,-0.25452986513488,0.382208245943897,0.333894915606912,0.254466022443251,0,0.470003629245736,-0.174989202615224,0,0.405465108108164,-0.726512874403746,-0.726512874403746,-0.246813295400115,-0.693147180559945,0,0,0,0,0,1,0,1,1,1,1,1,0,1,0,"Great.Crested.Flycatcher","Brown.headed.Cowbird",0.214591542794264
"273",0.405465108108164,-1.09861228866811,-1.18700727016764,-0.293905572029864,-0.190852046677686,-0.21250784710733,-0.462452039481775,-0.296499360965378,-0.490435668062942,-0.419853845560264,0.152191815341925,-0.341069945869842,-0.374142636979123,1.38629436111989,0.133531392624523,0.212244851416587,-0.405465108108164,0,0.336472236621213,0.336472236621213,-1.1712578290012,-1.09861228866811,0,1,0,0,0,1,0,0,0,0,1,0,0,0,0,"Great.Crested.Flycatcher","Common.Grackle",-0.0135204567729729
"274",0,0,0.534999160300067,0.558481357864811,-0.151476881442856,0.365348652094221,0.165792254842744,0.299902183786556,-0.0226767086710297,0.520534437892952,0.859132318034206,0.554788747187107,0.407670180666478,0.287682072451781,0.287682072451781,-0.417491785400579,0,1.09861228866811,-0.305381649551182,-0.305381649551182,0.476813188905631,-0.693147180559945,0,0,1,1,0,1,0,1,1,1,1,1,0,1,0,"Great.Crested.Flycatcher","Ovenbird",0.10077122154509
"275",0,0,1.21756423152948,0.578522108748257,0.284571650037388,0.583513691202,0.932627151193849,0.591233895325887,0.0762273653878843,0.737598943130779,1.04145387482816,0.673977264452225,0.580762931022811,1.38629436111989,0.287682072451781,-0.612514242401969,0.693147180559945,1.09861228866811,-1.18958406687384,-1.18958406687384,1.08596801459391,-0.693147180559945,0,0,1,0,0,1,0,1,1,1,1,1,0,1,1,"Great.Crested.Flycatcher","Common.Yellowthroat",0.206139747236101
"276",0,-0.693147180559945,1.00075649866435,0.489488486377859,-0.290015795798001,0.438758836207628,0.0474022388945839,0.319213128699644,0.158748389075888,0.596520344870874,1.00866405200517,0.661398482245365,0.527110217530491,0.287682072451781,0.693147180559945,0,-0.405465108108164,0.405465108108164,-0.778669353998107,-0.778669353998107,1.00302996299192,-0.693147180559945,0,0,1,1,0,1,0,1,1,1,1,1,0,1,1,"Great.Crested.Flycatcher","Pine.Warbler",-0.13458904898838
"277",0,0,0.0981178559585234,0.211576205521884,-0.31077778724643,0.163853350334829,-0.255933374137201,0.0713090277047818,0.111495504225342,-0.265703165733006,0.0118344576470028,0.153075988697493,0.167454645453621,0.287682072451781,0.693147180559945,-0.174989202615224,0,0.405465108108164,-0.579818495252942,-0.579818495252942,0.149570367129809,-0.693147180559945,0,0,1,1,1,1,1,1,1,1,1,1,0,1,1,"Great.Crested.Flycatcher","Summer.Tanager",-0.0674311388424218
"278",1.09861228866811,-0.693147180559945,-0.282998223139355,-0.144537571174289,0.322550898102605,0.0216431108794883,0.419451350082904,0.0551361684591808,-0.116763147755638,-0.578077850775158,-0.0899482366629395,0.0529925301405104,0.254466022443251,1.38629436111989,0.470003629245736,-0.174989202615224,-0.693147180559945,1.09861228866811,-0.356674943938732,-0.356674943938732,-0.289925064046362,-0.693147180559945,0,0,0,0,0,1,0,0,1,1,0,1,0,0,1,"Great.Crested.Flycatcher","Northern.Cardinal",-0.109209200539275
"279",0,-0.693147180559945,0.158313016741946,0.313358899831826,-0.0677459885323882,0.166825120723986,0.0819735829596728,0.137588193320137,0.0712890837473017,-0.457241377631884,0.138586163286147,0.231240761546829,0.289151580431141,0.287682072451781,0.470003629245736,0,0,0,-0.579818495252942,-0.579818495252942,0.141260069996181,-0.693147180559945,0,1,0,0,0,1,0,1,1,1,1,1,0,1,0,"Great.Crested.Flycatcher","Blue.Grosbeak",-0.414312672349451
"280",0,-0.693147180559945,0.78100853635128,0.588695136461307,-0.0501243871825687,0.456493291147397,0.384845820905429,0.421792001395593,0.237000585975636,0.106972119552168,0.510825623765991,0.712691776632916,0.662776082683647,0.287682072451781,0.693147180559945,0.395884516675265,-0.693147180559945,0,-0.496436886313891,-0.496436886313891,0.758084982996492,-0.693147180559945,0,0,0,0,0,0,0,1,1,1,0,1,0,0,0,"Great.Crested.Flycatcher","Indigo.Bunting",-0.102687013465617
"288",0,0,0,0,0,0,0,0,0,0,0,0,0,0,0,0,0,0,0,0,0,0,1,1,1,1,1,1,1,1,1,1,1,1,1,1,1,"Red.eyed.Vireo","Red.eyed.Vireo",1
"289",0,-0.693147180559945,0.345205916589968,0.0748380590664904,0.50970768066465,0.0942316249631169,0.754301603713276,0.229616065819827,0,0.0706175672139536,0.0976384695639161,0.260283098263666,0.179885501996073,-1.09861228866811,0,-0.242502582785355,0,0.693147180559945,1.09861228866811,1.09861228866811,0.541206665904699,0,1,0,1,0,0,0,0,0,1,1,0,1,0,1,1,"Red.eyed.Vireo","White.eyed.Vireo",0.432641924145501
"290",1.09861228866811,-0.693147180559945,-1.69851754248779,-0.834475423078081,0.538038187290876,-0.666721952750408,0.0301098014713706,-0.517256514096281,-0.576325221383112,-0.704446735813879,-0.853920401147697,-0.661398482245365,-0.600577145566488,-0.693147180559945,-0.336472236621213,0.0477556536793897,-0.405465108108164,0.287682072451781,1.09861228866811,1.09861228866811,-1.37212957064613,-0.405465108108164,0,0,0,0,0,0,0,0,1,0,0,1,1,0,0,"Red.eyed.Vireo","Blue.Jay",0.137009763954838
"291",0.405465108108164,-0.693147180559945,-3.32775808221807,-1.15397698005403,-0.202803867077087,-1.20863816358643,-1.51064710599944,-1.33159970290885,-1.03691871966277,-1.32779815443828,-1.17327381743713,-1.24078677744865,-1.11273966792732,-1.09861228866811,-0.336472236621213,1.01395116489246,-0.916290731874155,-0.693147180559945,0.510825623765991,0.510825623765991,-3.16760994714541,-0.405465108108164,0,0,0,0,0,0,0,0,0,0,0,0,1,0,0,"Red.eyed.Vireo","American.Crow",0.00239562070135361
"292",1.09861228866811,-1.09861228866811,-2.87226541366533,-1.09226708971426,-0.197309347759446,-1.15343651224554,-1.44990554563407,-1.27265595043358,-0.881858535452671,-1.21302263984585,-1.16605356946364,-1.04145387482816,-0.970871300178291,-0.693147180559945,-0.182321556793955,0.740902834239335,-0.916290731874155,-0.405465108108164,1.09861228866811,1.09861228866811,-2.65409391114868,-0.405465108108164,0,0,0,0,0,0,0,0,0,0,0,0,1,0,0,"Red.eyed.Vireo","Fish.Crow",-0.0695682014806471
"293",1.09861228866811,0,-0.293874042699702,-0.263677079184523,0.615689121520941,-0.159276267676071,0.635518067723309,-0.00514801651740136,-0.0500104205746614,-0.22314355131421,-0.130620182417064,0.0870113769896297,0.209517299602445,-1.6094379124341,-0.336472236621213,0.38723405403181,-0.405465108108164,-0.405465108108164,1.59290861048289,1.59290861048289,-0.127173316944572,-0.405465108108164,0,1,1,0,0,0,0,1,1,1,0,1,0,1,1,"Red.eyed.Vireo","Tufted.Titmouse",0.236180130970919
"294",1.09861228866811,-0.693147180559945,0.476234178996372,0.0606246218164348,0.424093927941658,0.168035599546478,0.727633356631115,0.27613608145472,0.275787284799632,0.173271721274037,0.205852054204149,0.374693449441411,0.611230058092059,-1.6094379124341,-0.182321556793955,0.38723405403181,-0.405465108108164,-0.405465108108164,0.483426649577876,0.483426649577876,0.611329565336171,-0.405465108108164,0,1,1,0,0,0,0,1,1,1,0,1,1,1,1,"Red.eyed.Vireo","Carolina.Chickadee",0.0128402687711607
"295",1.09861228866811,-0.693147180559945,-1.20645419517732,-0.317590843844354,-0.556735325070069,-0.24026237164599,-1.17735036471498,-0.641514269935474,0.262364264467491,-0.0870113769896297,-0.316337328212157,0.0210534091978323,-0.0240975515790606,-0.693147180559945,-0.470003629245736,-0.107867932417133,0.693147180559945,-0.405465108108164,-0.0645385211375712,-0.0645385211375712,-0.961942164113869,0,1,0,1,0,0,0,0,1,1,1,0,1,0,1,0,"Red.eyed.Vireo","Purple.Martin",0.268163141175401
"296",0,-1.09861228866811,-0.105981440856292,-0.28957780761668,-0.568207726232306,-0.00716848947861252,-0.970714713761843,-0.401586628779594,0.510825623765991,0.488352767913932,-0.0454623740767574,0.470003629245735,0.279584862219162,-0.693147180559945,-0.336472236621213,-0.107867932417133,0.693147180559945,-0.405465108108164,0,0,-0.00795576662531946,-0.916290731874155,0,0,1,0,0,0,1,1,1,1,0,0,0,1,0,"Red.eyed.Vireo","Barn.Swallow",0.0602533520216691
"297",1.09861228866811,-0.693147180559945,-0.165619707176023,0.0386895449501791,0.960895038110909,0.0554670815128725,1.2443240998495,0.265983709990702,-0.0929764564581046,0.120627987788615,0.295464212893836,-0.145182009844498,-0.0300322870988751,-1.09861228866811,-0.182321556793955,-0.328105307184159,0.693147180559945,0.287682072451781,0.405465108108164,0.405465108108164,-0.0309452848500182,-0.405465108108164,0,1,1,0,0,0,1,0,1,1,0,1,0,1,1,"Red.eyed.Vireo","Carolina.Wren",0.0263518277148897
"298",1.09861228866811,0,-0.265703165733006,0.0768851426882153,-0.0459097013040779,-0.0910499734593146,-0.15656906069154,-0.133853921251734,0.0526437334854219,0.0465200156348929,0.0723206615796261,-0.23967285326542,-0.152407000222432,-1.09861228866811,-0.693147180559945,-0.242502582785355,0,0.693147180559945,-0.154150679827258,-0.154150679827258,-0.123496842215263,0,1,1,1,1,0,0,0,1,1,1,1,0,1,0,1,"Red.eyed.Vireo","White.breasted.Nuthatch",-0.0748928976449053
"299",1.09861228866811,0,0.456431551700192,0.397903635407588,0.246055032939704,0.108162198499064,0.446551968210686,0.175890666463664,0.275787284799632,0.120627987788615,0.264692554227082,-0.0800427076735365,0.0694285064317629,-1.09861228866811,-0.587786664902119,0,0,0,1.6094379124341,1.6094379124341,0.644580294360107,-0.405465108108164,0,0,1,1,0,0,0,1,1,1,0,1,1,1,1,"Red.eyed.Vireo","Brown.headed.Nuthatch",-0.12313752535441
"300",0,-0.693147180559945,-1.10274452595302,-0.80267357991721,0.369217317715823,-0.487166649449344,0.0214140945038166,-0.370895925385096,-0.501551986980662,-0.18610227963386,-0.0674412807955325,-0.23967285326542,-0.298296273693554,-0.693147180559945,-0.182321556793955,0,0,0,0,0,-0.919584485393663,0,1,0,0,0,0,0,0,0,1,1,1,1,1,0,0,"Red.eyed.Vireo","Northern.Mockingbird",0.0729826976617663
"301",0.405465108108164,0,-1.45238447294888,-0.83776489972848,0.762619553374713,-0.44427068252996,0.522189382416306,-0.279584862219162,-0.561811178498858,-0.358945092473271,-0.227783930870712,-0.698341997437049,-0.607243836924677,-0.693147180559945,-0.182321556793955,-0.107867932417133,-0.405465108108164,0.693147180559945,1.75253875607477,1.75253875607477,-1.29613671160386,-0.405465108108164,0,0,1,1,0,0,0,0,1,1,0,1,1,0,0,"Red.eyed.Vireo","Brown.Thrasher",-0.133047953007597
"302",0.405465108108164,-0.693147180559945,-0.535366732682108,-0.170551101195039,-0.0959201218787391,-0.146930431853771,-0.285561180882643,-0.211984748617514,-0.0102041701742416,-0.0224728558520585,0.023530497410194,0.0534886849509862,0.0629138254105692,-1.38629436111989,0,-0.107867932417133,0,0.287682072451781,0.206614249362999,0.206614249362999,-0.442564258532561,0,1,0,1,0,0,0,0,0,1,1,0,1,0,1,1,"Red.eyed.Vireo","Eastern.Bluebird",-0.342632334930275
"303",0,0,-1.1352017361004,-0.302280871872934,0.102382106903565,-0.349998026595292,-0.20604911795491,-0.317867048790179,-0.498441564566269,-0.204794412646013,-0.170625517030763,-0.214775301643693,-0.147157644336288,-1.09861228866811,0.22314355131421,0.174989202615224,-0.693147180559945,0.287682072451781,0.817199829229924,0.85566611005772,-1.03192989557344,0,1,1,1,1,0,0,0,0,1,1,0,1,1,1,0,"Red.eyed.Vireo","Wood.Thrush",0.504708164498422
"304",0,-1.09861228866811,-1.58427935279795,-0.596602842911592,0.0272125635248848,-0.484954259166403,-0.446964839014917,-0.49390915009929,-0.516960612333507,-0.435318071257845,-0.264151575041587,-0.263965545834465,-0.355454687533503,-0.693147180559945,0.22314355131421,0.250471168968918,0,-0.559615787935423,-0.154150679827258,-0.154150679827258,-1.42269611281318,0,1,1,0,0,0,0,0,1,1,1,0,1,1,1,0,"Red.eyed.Vireo","American.Robin",0.0195272353545735
"305",0.405465108108164,-0.693147180559945,-0.284571650037388,-0.228065007395646,0.0803223888388332,-0.00359066813072848,0.107245530353598,0.00387847932857084,0.113944259349218,-0.622529613345992,-0.428454626332863,0.133531392624523,0.436427333712131,-0.693147180559945,-0.336472236621213,0.250471168968918,0,-0.559615787935423,-0.154150679827258,-0.154150679827258,-0.123727018300984,0,1,0,0,0,0,1,0,1,1,1,1,1,0,0,1,"Red.eyed.Vireo","House.Finch",-0.334531802384639
"306",1.09861228866811,0,0.229374101064846,0.0871838948887897,0.0766926207882544,0.100178124150843,0.21155837697898,0.104643926590975,0.367724780125317,-0.358945092473271,0,0.157628944203583,0.354934299460948,-0.693147180559945,-0.336472236621213,-0.242502582785355,0.693147180559945,0,1.09861228866811,1.09861228866811,0.393640864704925,-0.405465108108164,0,0,0,0,0,0,0,1,1,1,1,1,0,0,1,"Red.eyed.Vireo","American.Goldfinch",-0.193426953933199
"307",0,-0.693147180559945,0.277383320251207,-0.0607362351878325,0.208155760348718,0.086357568532211,0.370081604218848,0.130770231183195,0.179249357756984,-0.107630664192365,0.0723206615796261,0.315852949418477,0.224669104623047,-0.693147180559945,-0.336472236621213,0.0924971478537448,0,-0.22314355131421,-0.23638877806423,-0.23638877806423,0.363220268004213,0,1,0,0,0,0,0,0,1,1,1,0,1,1,0,0,"Red.eyed.Vireo","Chipping.Sparrow",-0.078595895019932
"308",0.405465108108164,-0.693147180559945,-0.910060182123519,-0.553906923715102,0.784438600769353,-0.241675799443137,0.754301603713276,-0.0600931713237227,-0.325422400434628,-0.622529613345992,-0.246133069538909,-0.0206192872027358,0.0629138254105692,-0.693147180559945,-0.182321556793955,0.45064459777459,-0.693147180559945,-0.22314355131421,0.415515443961666,0.415515443961666,-0.761676901456785,0,1,1,0,0,0,0,0,0,1,1,0,1,0,0,0,"Red.eyed.Vireo","Eastern.Towhee",-0.0840609595551985
"309",1.09861228866811,-0.693147180559945,-0.436048531480245,-0.309269020506862,0.335801320795979,-0.0844601637802591,0.370081604218848,0.0129871955268111,-0.291520848758947,-0.358945092473271,-0.110000895214328,-0.0896121586896872,0.00611622701743605,-1.09861228866811,0,-0.242502582785355,0,0.693147180559945,0.356674943938732,0.356674943938732,-0.359449351822054,0,1,0,1,0,0,0,0,1,1,1,0,0,0,1,1,"Red.eyed.Vireo","Yellow.breasted.Chat",-0.00411029291864513
"310",0.405465108108164,-1.09861228866811,-1.74079302563603,-0.246029562370945,0.183664740340422,-0.437326210177148,-0.185142433135596,-0.332778788285861,-0.713452446720691,-0.622529613345992,-0.349673748479749,-0.7339691750802,-0.714264104000868,-0.693147180559945,-0.336472236621213,0,0,0,0.182321556793955,0.182321556793955,-1.63531989532757,0,1,0,1,0,0,0,0,0,1,0,0,1,0,1,0,"Red.eyed.Vireo","Eastern.Meadowlark",-0.0724191158693462
"311",0,-1.09861228866811,-1.14907708259402,-0.522896686972542,0.216454563163413,-0.469328941263322,-0.163789308665027,-0.420406688106363,-0.361790044605503,-0.693147180559945,-0.264151575041587,-0.472604410945793,-0.325083589657204,-0.693147180559945,0.22314355131421,0,0,0,0.182321556793955,0.182321556793955,-1.07773250565354,0,1,0,0,0,0,0,0,1,1,1,0,1,0,0,0,"Red.eyed.Vireo","Red.winged.Blackbird",-0.277397276540937
"312",0,-0.693147180559945,-0.91753219696222,-0.28101855422101,-0.101999167955121,-0.213020543682761,-0.36216830235484,-0.303682413798222,-0.23638877806423,-0.704446735813879,-0.299242894852857,-0.145182009844498,-0.0706175672139535,-1.38629436111989,0,0,0,0,0.035627177643151,0.035627177643151,-0.800632542532298,0,1,0,0,0,0,0,0,1,1,1,0,1,0,1,0,"Red.eyed.Vireo","Brown.headed.Cowbird",-0.353142666593594
"313",0.405465108108164,-1.09861228866811,-1.87704402831319,-0.807762649424681,0.140265424805867,-0.568823014103883,-0.37389864214033,-0.539319029359898,-0.601931172288284,-0.869770716239262,-0.529259325454829,-0.820146871321253,-0.699226226636327,0,-0.336472236621213,0.38723405403181,-0.405465108108164,-0.405465108108164,1.09861228866811,1.09861228866811,-1.72507707613339,-0.405465108108164,0,0,0,0,0,0,0,0,0,0,0,0,0,0,0,"Red.eyed.Vireo","Common.Grackle",0.142734948717208
"314",0,0,-0.155037597845486,0.0446242804699938,0.179640590040697,0.00903348509766783,0.254345652184189,0.0570825153920354,-0.134172212896372,0.0706175672139536,0.177681177237452,0.0757118217356964,0.0825865910092741,-1.09861228866811,-0.182321556793955,-0.242502582785355,0,0.693147180559945,0.456758402495715,0.456758402495715,-0.0770060582265527,0,1,1,1,0,0,0,0,1,1,1,0,1,0,1,0,"Red.eyed.Vireo","Ovenbird",0.181319646929771
"315",0,0,0.527527473383922,0.0646650313534398,0.615689121520941,0.227198524205447,1.02118054853529,0.348414226931366,-0.0352681388374579,0.287682072451781,0.360002734031407,0.194900339000815,0.255679341365607,0,-0.182321556793955,-0.437525039786745,0.693147180559945,0.693147180559945,-0.42744401482694,-0.42744401482694,0.532148767461729,0,1,0,1,0,0,0,1,1,1,1,0,1,0,1,1,"Red.eyed.Vireo","Common.Yellowthroat",0.0404733613541762
"316",0,-0.693147180559945,0.310719740518798,-0.0243685910169577,0.0411016756855518,0.0824436692110746,0.135955636236029,0.0763934603051229,0.0472528848505455,0.146603474191875,0.327212911208416,0.182321556793955,0.202026627873287,-1.09861228866811,0.22314355131421,0.174989202615224,-0.405465108108164,0,-0.0165293019512106,-0.0165293019512106,0.449210715859735,0,1,1,1,0,0,0,0,1,1,1,0,1,0,1,1,"Red.eyed.Vireo","Pine.Warbler",0.0734589084173221
"317",0,0,-0.59191890218703,-0.302280871872934,0.0203396842371228,-0.192461816661725,-0.167379976795755,-0.171510640689739,0,-0.715620036412004,-0.669616683149751,-0.326000936753918,-0.157628944203583,-1.09861228866811,0.22314355131421,0,0,0,0.182321556793955,0.182321556793955,-0.404248880002375,0,1,1,1,0,0,0,0,1,1,1,0,1,0,1,1,"Red.eyed.Vireo","Summer.Tanager",0.159849450961477
"318",1.09861228866811,-0.693147180559945,-0.973034981284907,-0.658394648569106,0.653668369586158,-0.334672056117065,0.508004747424349,-0.18768349993534,-0.22825865198098,-1.02799472145416,-0.771399377459694,-0.4260843953109,-0.0706175672139535,0,0,0,-0.693147180559945,0.693147180559945,0.405465108108164,0.405465108108164,-0.843744311178546,0,1,0,0,0,0,0,0,0,1,1,0,1,0,0,1,"Red.eyed.Vireo","Northern.Cardinal",0.0742896442539898
"319",0,-0.693147180559945,-0.531723741403607,-0.200498177562991,0.263371482951165,-0.189490046272567,0.170526980301118,-0.105231475074384,-0.0402064204780406,-0.907158248310882,-0.542864977510607,-0.247836163904581,-0.0359320092260634,-1.09861228866811,0,0.174989202615224,0,-0.405465108108164,0.182321556793955,0.182321556793955,-0.412559177136003,0,1,0,0,0,0,0,0,1,1,1,0,1,0,1,0,"Red.eyed.Vireo","Blue.Grosbeak",0.48433493804818
"320",0,-0.693147180559945,0.0909717782057268,0.0748380590664904,0.280993084300984,0.100178124150843,0.473399218246874,0.178972333001072,0.125505081750294,-0.34294475112683,-0.170625517030763,0.233614851181505,0.337692493026442,-1.09861228866811,0.22314355131421,0.570873719290489,-0.693147180559945,-0.405465108108164,0.265703165733006,0.265703165733006,0.204265735864309,0,1,0,0,0,0,1,0,1,1,1,0,1,0,0,0,"Red.eyed.Vireo","Indigo.Bunting",0.00581893076305163
"329",0,0,0,0,0,0,0,0,0,0,0,0,0,0,0,0,0,0,0,0,0,0,1,1,1,1,1,1,1,1,1,1,1,1,1,1,1,"White.eyed.Vireo","White.eyed.Vireo",1
"330",1.09861228866811,0,-2.04372345907776,-0.909313482144572,0.028330506626226,-0.760953577713525,-0.724191802241905,-0.746872579916108,-0.576325221383112,-0.775064303027832,-0.951558870711613,-0.921681580509032,-0.780462647562562,0.405465108108164,-0.336472236621213,0.290258236464745,-0.405465108108164,-0.405465108108164,0,0,-1.91333623655083,-0.405465108108164,0,0,0,0,0,1,0,1,1,0,1,1,0,0,0,"White.eyed.Vireo","Blue.Jay",-0.0638299225403954
"331",0.405465108108164,0,-3.67296399880804,-1.22881503912052,-0.712511547741737,-1.30286978854955,-2.26494870971271,-1.56121576872868,-1.03691871966277,-1.39841572165224,-1.27091228700105,-1.50106987571232,-1.29262516992339,0,-0.336472236621213,1.25645374767781,-0.916290731874155,-1.38629436111989,-0.587786664902119,-0.587786664902119,-3.70881661305011,-0.405465108108164,0,0,0,0,0,1,0,0,0,0,1,0,0,0,0,"White.eyed.Vireo","American.Crow",0.0534889979560131
"332",1.09861228866811,-0.405465108108164,-3.2174713302553,-1.16710514878075,-0.707017028424096,-1.24766813720866,-2.20420714934735,-1.50227201625341,-0.881858535452671,-1.28364020705981,-1.26369203902756,-1.30173697309183,-1.15075680217437,0.405465108108164,-0.182321556793955,0.98340541702469,-0.916290731874155,-1.09861228866811,0,0,-3.19530057705338,-0.405465108108164,0,0,0,0,0,1,0,0,0,0,1,0,0,0,0,"White.eyed.Vireo","Fish.Crow",0.186266316750438
"333",1.09861228866811,0.693147180559945,-0.63907995928967,-0.338515138251013,0.105981440856292,-0.253507892639187,-0.118783535989967,-0.234764082337229,-0.0500104205746614,-0.293761118528163,-0.22825865198098,-0.173271721274037,0.0296317976063711,-0.510825623765991,-0.336472236621213,0.629736636817166,-0.405465108108164,-1.09861228866811,0.49429632181478,0.49429632181478,-0.668379982849271,-0.405465108108164,0,0,1,0,0,1,0,0,1,1,1,1,1,1,1,"White.eyed.Vireo","Tufted.Titmouse",0.214678448515837
"334",1.09861228866811,0,0.131028262406404,-0.0142134372500555,-0.0856137527229918,0.0738039745833614,-0.0266682470821614,0.0465200156348929,0.275787284799632,0.102654154060083,0.108213584640233,0.114410351177744,0.431344556095985,-0.510825623765991,-0.182321556793955,0.629736636817166,-0.405465108108164,-1.09861228866811,-0.615185639090233,-0.615185639090233,0.0701228994314718,-0.405465108108164,0,0,1,0,1,1,0,0,1,1,1,1,0,1,1,"White.eyed.Vireo","Carolina.Chickadee",0.260549636319539
"335",1.09861228866811,0,-1.55166011176729,-0.392428902910844,-1.06644300573472,-0.334493996609107,-1.93165196842826,-0.871130335755302,0.262364264467491,-0.157628944203583,-0.413975797776073,-0.239229689065834,-0.203983053575134,0.405465108108164,-0.470003629245736,0.134634650368223,0.693147180559945,-1.09861228866811,-1.16315080980568,-1.16315080980568,-1.50314883001857,0,1,0,1,0,0,1,1,0,1,1,1,1,1,1,0,"White.eyed.Vireo","Purple.Martin",0.30231795741707
"336",0,-0.405465108108164,-0.451187357446259,-0.364415866683171,-1.07791540689695,-0.101400114441729,-1.72501631747512,-0.631202694599421,0.510825623765991,0.417735200699979,-0.143100843640673,0.209720530982069,0.099699360223088,0.405465108108164,-0.336472236621213,0.134634650368223,0.693147180559945,-1.09861228866811,-1.09861228866811,-1.09861228866811,-0.549162432530018,-0.916290731874155,0,0,1,0,0,1,0,0,1,1,1,0,1,1,0,"White.eyed.Vireo","Barn.Swallow",0.167038796562672
"337",1.09861228866811,0,-0.510825623765991,-0.0361485141163112,0.451187357446259,-0.0387645434502443,0.490022496136227,0.0363676441708748,-0.0929764564581046,0.0500104205746614,0.19782574332992,-0.405465108108164,-0.209917789094949,0,-0.182321556793955,-0.0856027243988042,0.693147180559945,-0.405465108108164,-0.693147180559945,-0.693147180559945,-0.572151950754717,-0.405465108108164,0,0,1,0,0,1,0,1,1,1,1,1,1,1,1,"White.eyed.Vireo","Carolina.Wren",-0.0342878192025725
"338",1.09861228866811,0.693147180559945,-0.610909082322973,0.00204708362172482,-0.555617381968727,-0.185281598422431,-0.910870664404816,-0.363469987071561,0.0526437334854219,-0.0240975515790606,-0.0253178079842899,-0.499955951529087,-0.332292502218505,0,-0.693147180559945,0,0,0,-1.25276296849537,-1.25276296849537,-0.664703508119962,0,1,0,1,0,0,1,0,0,1,1,0,0,0,0,1,"White.eyed.Vireo","White.breasted.Nuthatch",0.021119525419197
"339",1.09861228866811,0.693147180559945,0.111225635110224,0.323065576341098,-0.263652647724946,0.013930573535947,-0.30774963550259,-0.053725399356163,0.275787284799632,0.0500104205746614,0.167054084663166,-0.340325805937203,-0.110456995564311,0,-0.587786664902119,0.242502582785355,0,-0.693147180559945,0.510825623765991,0.510825623765991,0.103373628455409,-0.405465108108164,0,0,1,0,0,1,0,0,1,1,1,1,0,1,1,"White.eyed.Vireo","Brown.headed.Nuthatch",0.228380717476522
"340",0,0,-1.44795044254299,-0.8775116389837,-0.140490362948826,-0.58139827441246,-0.73288750920946,-0.600511991204923,-0.501551986980662,-0.256719846847814,-0.165079750359448,-0.499955951529087,-0.478181775689628,0.405465108108164,-0.182321556793955,0.242502582785355,0,-0.693147180559945,-1.09861228866811,-1.09861228866811,-1.46079115129836,0,1,1,0,0,0,1,1,1,1,1,0,1,0,0,0,"White.eyed.Vireo","Northern.Mockingbird",0.327841196980188
"341",0.405465108108164,0.693147180559945,-1.79759038953885,-0.91260295879497,0.252911872710063,-0.538502307493076,-0.23211222129697,-0.509200928038989,-0.561811178498858,-0.429562659687225,-0.325422400434628,-0.958625095700716,-0.787129338920751,0.405465108108164,-0.182321556793955,0.134634650368223,-0.405465108108164,0,0.653926467406664,0.653926467406664,-1.83734337750855,-0.405465108108164,0,1,1,0,0,1,0,1,1,1,1,1,0,0,0,"White.eyed.Vireo","Brown.Thrasher",0.180134261677222
"342",0.405465108108164,0,-0.880572649272076,-0.24538916026153,-0.605627802543389,-0.241162056816888,-1.03986278459592,-0.441600814437341,-0.0102041701742416,-0.0930904230660121,-0.074107972153722,-0.20679441331268,-0.116971676585504,-0.287682072451781,0,0.134634650368223,0,-0.405465108108164,-0.89199803930511,-0.89199803930511,-0.98377092443726,0,1,0,1,0,0,1,1,1,1,1,1,1,1,1,1,"White.eyed.Vireo","Eastern.Bluebird",-0.13477416975515
"343",0,0.693147180559945,-1.48040765269037,-0.377118930939424,-0.407325573761084,-0.444229651558409,-0.960350721668186,-0.547483114610006,-0.498441564566269,-0.275411979859967,-0.268263986594679,-0.47505839990736,-0.327043146332361,0,0.22314355131421,0.417491785400579,-0.693147180559945,-0.405465108108164,-0.281412459438185,-0.242946178610389,-1.57313656147814,0,1,0,1,0,0,1,0,0,1,1,1,1,0,1,0,"White.eyed.Vireo","Wood.Thrush",0.258662838426507
"344",0,-0.405465108108164,-1.92948526938791,-0.671440901978082,-0.482495117139765,-0.57918588412952,-1.20126644272819,-0.723525215919117,-0.516960612333507,-0.505935638471799,-0.361790044605503,-0.524248644098131,-0.535340189529577,0.405465108108164,0.22314355131421,0.492973751754273,0,-1.25276296849537,-1.25276296849537,-1.25276296849537,-1.96390277871788,0,1,0,0,0,0,1,1,0,1,1,1,1,0,1,0,"White.eyed.Vireo","American.Robin",0.292089073738851
"345",0.405465108108164,0,-0.629777566627356,-0.302903066462136,-0.429385291825816,-0.0978222930938453,-0.647056073359678,-0.225737586491256,0.113944259349218,-0.693147180559945,-0.526093095896779,-0.126751705639144,0.256541831716058,0.405465108108164,-0.336472236621213,0.492973751754273,0,-1.25276296849537,-1.25276296849537,-1.25276296849537,-0.664933684205683,0,1,1,0,0,0,0,0,0,1,1,0,1,0,0,1,"White.eyed.Vireo","House.Finch",0.0528303410048834
"346",1.09861228866811,0.693147180559945,-0.115831815525122,0.0123458358222994,-0.433015059876395,0.00594649918772652,-0.542743226734296,-0.124972139228853,0.367724780125317,-0.429562659687225,-0.0976384695639159,-0.102654154060083,0.175048797464875,0.405465108108164,-0.336472236621213,0,0.693147180559945,-0.693147180559945,0,0,-0.147565801199774,-0.405465108108164,0,1,0,0,0,1,0,0,1,1,0,1,0,0,1,"White.eyed.Vireo","American.Goldfinch",0.00908938010043284
"347",0,0,-0.0678225963387611,-0.135574294254323,-0.301551920315931,-0.00787405643090588,-0.384219999494428,-0.0988458346366326,0.179249357756984,-0.178248231406319,-0.0253178079842899,0.0555698511548108,0.0447836026269734,0.405465108108164,-0.336472236621213,0.3349997306391,0,-0.916290731874155,-1.33500106673234,-1.33500106673234,-0.177986397900486,0,1,0,0,0,0,1,0,0,1,1,1,1,0,0,0,"White.eyed.Vireo","Chipping.Sparrow",0.174987568486444
"348",0.405465108108164,0,-1.25526609871349,-0.628744982781593,0.274730920104703,-0.335907424406254,0,-0.28970923714355,-0.325422400434628,-0.693147180559945,-0.343771539102824,-0.280902385466402,-0.116971676585504,0.405465108108164,-0.182321556793955,0.693147180559945,-0.693147180559945,-0.916290731874155,-0.683096844706444,-0.683096844706444,-1.30288356736148,0,1,0,0,0,0,1,0,1,1,1,0,1,0,0,0,"White.eyed.Vireo","Eastern.Towhee",0.180961070649844
"349",1.09861228866811,0,-0.781254448070212,-0.384107079573352,-0.17390635986867,-0.178691788743376,-0.384219999494428,-0.216628870293016,-0.291520848758947,-0.429562659687225,-0.207639364778244,-0.349895256953354,-0.173769274978638,0,0,0,0,0,-0.741937344729377,-0.741937344729377,-0.900656017726753,0,1,0,1,0,0,1,1,0,1,1,1,0,1,1,1,"White.eyed.Vireo","Yellow.breasted.Chat",0.121311169989407
"350",0.405465108108164,-0.405465108108164,-2.085998942226,-0.320867621437435,-0.326042940324227,-0.531557835140265,-0.939444036848872,-0.562394854105688,-0.713452446720691,-0.693147180559945,-0.447312218043665,-0.994252273343867,-0.894149605996941,0.405465108108164,-0.336472236621213,0.242502582785355,0,-0.693147180559945,-0.916290731874155,-0.916290731874155,-2.17652656123227,0,1,0,1,0,0,1,0,1,1,0,1,1,1,1,0,"White.eyed.Vireo","Eastern.Meadowlark",0.208405403639394
"351",0,-0.405465108108164,-1.49428299918399,-0.597734746039033,-0.293253117501236,-0.563560566226439,-0.918090912378303,-0.650022753926191,-0.361790044605503,-0.763764747773899,-0.361790044605503,-0.73288750920946,-0.504969091653278,0.405465108108164,0.22314355131421,0.242502582785355,0,-0.693147180559945,-0.916290731874155,-0.916290731874155,-1.61893917155824,0,1,0,0,0,0,1,0,0,1,1,1,1,0,0,0,"White.eyed.Vireo","Red.winged.Blackbird",-0.14753853813563
"352",0,0,-1.26273811355219,-0.3558566132875,-0.611706848619771,-0.307252168645878,-1.11646990606812,-0.533298479618049,-0.23638877806423,-0.775064303027832,-0.396881364416773,-0.405465108108164,-0.250503069210027,-0.287682072451781,0,0.242502582785355,0,-0.693147180559945,-1.06298511102496,-1.06298511102496,-1.341839208437,0,1,0,0,0,0,1,0,0,1,1,1,1,1,1,0,"White.eyed.Vireo","Brown.headed.Cowbird",0.0477008560920159
"353",0.405465108108164,-0.405465108108164,-2.22224994490316,-0.882600708491172,-0.369442255858783,-0.663054639067,-1.12820024585361,-0.768935095179726,-0.601931172288284,-0.940388283453216,-0.626897795018745,-1.08042996958492,-0.879111728632401,1.09861228866811,-0.336472236621213,0.629736636817166,-0.405465108108164,-1.09861228866811,0,0,-2.26628374203808,-0.405465108108164,0,0,0,0,0,1,0,1,0,0,1,0,1,0,0,"White.eyed.Vireo","Common.Grackle",0.292868043182947
"354",0,0.693147180559945,-0.500243514435454,-0.0302137785964966,-0.330067090623953,-0.0851981398654489,-0.499955951529087,-0.172533550427792,-0.134172212896372,0,0.0800427076735364,-0.18457127652797,-0.0972989109867995,0,-0.182321556793955,0,0,0,-0.641853886172395,-0.641853886172395,-0.618212724131252,0,1,0,1,0,0,1,0,0,1,1,1,1,1,1,0,"White.eyed.Vireo","Ovenbird",0.554602171577286
"355",0,0.693147180559945,0.182321556793955,-0.0101730277130505,0.105981440856292,0.13296689924233,0.266878944822018,0.118798161111539,-0.0352681388374579,0.217064505237828,0.262364264467491,-0.0653827592628517,0.0757938393695337,1.09861228866811,-0.182321556793955,-0.19502245700139,0.693147180559945,0,-1.52605630349505,-1.52605630349505,-0.00905789844296957,0,1,0,1,0,0,1,0,0,1,1,1,1,1,1,1,"White.eyed.Vireo","Common.Yellowthroat",-0.124398654810092
"356",0,0,-0.0344861760711693,-0.099206650083448,-0.468606004979098,-0.0117879557520422,-0.618345967477247,-0.153222605514704,0.0472528848505455,0.075985906977922,0.2295744416445,-0.0779615414697118,0.0221411258772135,0,0.22314355131421,0.417491785400579,-0.405465108108164,-0.693147180559945,-1.11514159061932,-1.11514159061932,-0.0919959500449635,0,1,0,1,0,1,1,0,0,1,1,1,1,1,1,1,"White.eyed.Vireo","Pine.Warbler",0.324584783898385
"357",0,0.693147180559945,-0.937124818776997,-0.377118930939424,-0.489367996427527,-0.286693441624842,-0.921681580509031,-0.401126706509566,0,-0.786237603625957,-0.767255152713667,-0.586284035017584,-0.337514446199657,0,0.22314355131421,0.242502582785355,0,-0.693147180559945,-0.916290731874155,-0.916290731874155,-0.945455545907074,0,1,0,1,0,0,1,1,0,1,1,1,1,1,1,1,"White.eyed.Vireo","Summer.Tanager",0.259774640176911
"358",1.09861228866811,0,-1.31824089787487,-0.733232707635596,0.143960688921508,-0.428903681080182,-0.246296856288927,-0.417299565755167,-0.22825865198098,-1.09861228866811,-0.86903784702361,-0.686367493574567,-0.250503069210027,1.09861228866811,0,0.242502582785355,-0.693147180559945,0,-0.693147180559945,-0.693147180559945,-1.38495097708324,0,1,1,0,0,0,1,0,1,1,1,0,1,0,0,1,"White.eyed.Vireo","Northern.Cardinal",0.0890073258891443
"359",0,0,-0.876929657993575,-0.275336236629482,-0.246336197713485,-0.283721671235684,-0.583774623412158,-0.334847540894211,-0.0402064204780406,-0.977775815524836,-0.640503447074523,-0.508119262168248,-0.215817511222137,0,0,0.417491785400579,0,-1.09861228866811,-0.916290731874155,-0.916290731874155,-0.953765843040702,0,1,0,0,0,0,1,0,0,1,1,1,1,1,1,0,"White.eyed.Vireo","Blue.Grosbeak",0.227959490894448
"360",0,0,-0.254234138384241,0,-0.228714596363665,0.00594649918772652,-0.280902385466402,-0.0506437328187548,0.125505081750294,-0.413562318340784,-0.268263986594679,-0.0266682470821612,0.157806991030369,0,0.22314355131421,0.813376302075844,-0.693147180559945,-1.09861228866811,-0.832909122935104,-0.832909122935104,-0.33694093004039,0,1,1,0,0,0,0,0,0,1,1,0,1,0,0,0,"White.eyed.Vireo","Indigo.Bunting",-0.19958922849236
"370",0,0,0,0,0,0,0,0,0,0,0,0,0,0,0,0,0,0,0,0,0,0,1,1,1,1,1,1,1,1,1,1,1,1,1,1,1,"Blue.Jay","Blue.Jay",1
"371",-0.693147180559945,0,-1.62924053973028,-0.31950155697595,-0.740842054367962,-0.541916210836022,-1.54075690747081,-0.814343188812569,-0.460593498279657,-0.623351418624403,-0.319353416289432,-0.579388295203287,-0.512162522360832,-0.405465108108164,0,0.966195511213066,-0.510825623765991,-0.980829253011726,-0.587786664902119,-0.587786664902119,-1.79548037649928,0,1,0,1,0,0,1,0,0,0,0,1,0,1,1,1,"Blue.Jay","American.Crow",0.00992301475126854
"372",0,-0.405465108108164,-1.17374787117755,-0.257791666636178,-0.735347535050322,-0.486714559495134,-1.48001534710544,-0.755399436337298,-0.305533314069558,-0.508575904031975,-0.312133168315945,-0.380055392582796,-0.370294154611803,0,0.154150679827258,0.693147180559945,-0.510825623765991,-0.693147180559945,0,0,-1.28196434050255,0,1,0,1,1,1,1,0,0,0,0,1,0,1,1,1,"Blue.Jay","Fish.Crow",-0.258694569031871
"373",0,0.693147180559945,1.40464349978809,0.570798343893558,0.0776509342300659,0.507445685074338,0.605408266251938,0.51210849757888,0.526314800808451,0.481303184499669,0.723300218730633,0.748409859234995,0.810094445168933,-0.916290731874155,0,0.339478400352421,0,-0.693147180559945,0.49429632181478,0.49429632181478,1.24495625370156,0,1,0,0,0,0,1,0,0,1,0,1,1,0,0,0,"Blue.Jay","Tufted.Titmouse",-0.0592060371404273
"374",0,0,2.17475172148416,0.895100044894516,-0.113944259349218,0.834757552296886,0.697523555159744,0.793392595551001,0.852112506182744,0.877718457087915,1.05977245535185,1.03609193168678,1.21180720365855,-0.916290731874155,0.154150679827258,0.339478400352421,0,-0.693147180559945,-0.615185639090233,-0.615185639090233,1.98345913598231,0,1,0,0,0,0,1,0,0,1,0,1,1,1,0,0,"Blue.Jay","Carolina.Chickadee",0.044162960479138
"375",0,0,0.492063347310468,0.516884579233727,-1.09477351236094,0.426459581104418,-1.20746016618635,-0.124257755839193,0.838689485850604,0.617435358824249,0.53758307293554,0.682451891443197,0.576479593987427,0,-0.133531392624523,-0.155623586096522,1.09861228866811,-0.693147180559945,-1.16315080980568,-1.16315080980568,0.410187406532266,0.405465108108164,0,0,0,0,0,1,0,0,1,0,1,1,0,0,0,"Blue.Jay","Purple.Martin",0.211409998798231
"376",-1.09861228866811,-0.405465108108164,1.5925361016315,0.544897615461401,-1.10624591352318,0.659553463271796,-1.00082451523321,0.115669885316687,1.0871508451491,1.19279950372781,0.80845802707094,1.1314021114911,0.88016200778565,0,0,-0.155623586096522,1.09861228866811,-0.693147180559945,-1.09861228866811,-1.09861228866811,1.36417380402082,-0.510825623765991,0,0,0,0,0,1,0,0,1,0,1,0,0,0,0,"Blue.Jay","Barn.Swallow",0.270066782131195
"377",0,0,1.53289783531177,0.87316496802826,0.422856850820033,0.722189034263281,1.21421429837813,0.783240224086983,0.483348764925008,0.825074723602494,1.14938461404153,0.516216472400867,0.570544858467613,-0.405465108108164,0.154150679827258,-0.375860960863549,1.09861228866811,0,-0.693147180559945,-0.693147180559945,1.34118428579612,0,1,0,0,0,0,1,0,1,1,0,1,1,0,0,0,"Blue.Jay","Carolina.Wren",0.3360138098533
"378",0,0.693147180559945,1.43281437675478,0.911360565766296,-0.583947888594953,0.575671979291094,-0.18667886216291,0.383402592844547,0.628968954868534,0.750966751448772,0.926241062727323,0.421725628979945,0.448170145344056,-0.405465108108164,-0.356674943938732,-0.290258236464745,0.405465108108164,0.405465108108164,-1.25276296849537,-1.25276296849537,1.24863272843087,0.405465108108164,0,0,0,0,0,1,0,0,1,0,0,0,1,1,0,"Blue.Jay","White.breasted.Nuthatch",-0.155243353805331
"379",0,0.693147180559945,2.15494909418798,1.23237905848567,-0.291983154351172,0.774884151249472,0.416442166739315,0.693147180559945,0.852112506182744,0.825074723602494,1.11861295537478,0.581355774571829,0.670005651998251,-0.405465108108164,-0.251314428280906,-0.0477556536793898,0.405465108108164,-0.287682072451781,0.510825623765991,0.510825623765991,2.01670986500624,0,1,1,0,0,0,1,0,0,1,0,1,1,1,0,0,"Blue.Jay","Brown.headed.Nuthatch",0.124657534246575
"380",-1.09861228866811,0,0.595773016534769,0.0318018431608715,-0.168820869575052,0.179555303301064,-0.00869570696755404,0.146360588711185,0.074773234402451,0.518344456180018,0.786479120352164,0.421725628979945,0.302280871872934,0,0.154150679827258,-0.0477556536793898,0.405465108108164,-0.287682072451781,-1.09861228866811,-1.09861228866811,0.452545085252472,0.405465108108164,0,0,1,0,0,1,0,1,1,0,0,1,1,1,0,"Blue.Jay","Northern.Mockingbird",0.372216534346538
"381",-0.693147180559945,0.693147180559945,0.246133069538909,-0.00328947665039865,0.224581366083837,0.222451270220449,0.492079580944935,0.23767165187712,0.014514042884254,0.345501643340607,0.626136470276985,-0.0369435151916842,-0.00666669135818935,0,0.154150679827258,-0.155623586096522,0,0.405465108108164,0.653926467406664,0.653926467406664,0.0759928590422795,0,1,0,0,0,1,1,0,1,1,0,1,1,1,1,0,"Blue.Jay","Brown.Thrasher",0.027050163039812
"382",-0.693147180559945,0,1.16315080980568,0.663924321883042,-0.633958309169615,0.519791520896637,-0.315670982354014,0.305271765478768,0.566121051208871,0.68197387996182,0.877450898557891,0.714887167196351,0.663490970977057,-0.693147180559945,0.336472236621213,-0.155623586096522,0.405465108108164,0,-0.89199803930511,-0.89199803930511,0.929565312113574,0.405465108108164,0,1,0,0,1,1,0,1,1,0,1,1,0,0,0,"Blue.Jay","Eastern.Bluebird",0.142026042851314
"383",-1.09861228866811,0.693147180559945,0.563315806387387,0.532194551205148,-0.43565608038731,0.316723926155116,-0.23615891942628,0.199389465306103,0.0778836568168433,0.499652323167865,0.683294884116934,0.446623180601672,0.4534195012302,-0.405465108108164,0.559615787935423,0.127233548935834,-0.287682072451781,0,-0.281412459438185,-0.242946178610389,0.340199675072694,0.405465108108164,0,0,0,0,1,1,0,0,1,0,1,1,1,0,0,"Blue.Jay","Wood.Thrush",0.168777825707093
"384",-1.09861228866811,-0.405465108108164,0.114238189689844,0.237872580166489,-0.510825623765991,0.181767693584005,-0.477074640486288,0.0233473639969911,0.0593646090496057,0.269128664556033,0.58976882610611,0.3974329364109,0.245122458032985,0,0.559615787935423,0.202715515289528,0.405465108108164,-0.847297860387204,-1.25276296849537,-1.25276296849537,-0.0505665421670483,0.405465108108164,0,0,1,0,0,1,0,0,1,0,1,1,1,0,0,"Blue.Jay","American.Robin",0.0174687449042418
"385",-0.693147180559945,0,1.4139458924504,0.606410415682435,-0.457715798452042,0.66313128461968,0.0771357288822272,0.521134993424852,0.69026948073233,0.0819171224678868,0.425465774814834,0.794929874869888,1.03700447927862,0,0,0.202715515289528,0.405465108108164,-0.847297860387204,-1.25276296849537,-1.25276296849537,1.24840255234515,0.405465108108164,0,0,0,0,1,0,0,0,1,0,0,1,0,0,0,"Blue.Jay","House.Finch",-0.216193097229269
"386",0,0.693147180559945,1.92789164355263,0.921659317966871,-0.461345566502621,0.766900076901251,0.18144857550761,0.621900440687256,0.94405000150843,0.345501643340607,0.853920401147697,0.819027426448948,0.955511445027436,0,0,-0.290258236464745,1.09861228866811,-0.287682072451781,0,0,1.76577043535106,0,1,0,0,0,0,1,0,0,1,0,0,1,0,0,0,"Blue.Jay","American.Goldfinch",0.0354270113442062
"387",-1.09861228866811,0,1.975900862739,0.773739187890249,-0.329882426942157,0.753079521282619,0.339971802747477,0.648026745279476,0.755574579140097,0.596816071621513,0.926241062727323,0.977251431663842,0.825246250189535,0,0,0.044741494174355,0.405465108108164,-0.510825623765991,-1.33500106673234,-1.33500106673234,1.73534983865035,0.405465108108164,0,1,0,0,0,1,0,0,1,0,1,1,1,1,0,"Blue.Jay","Chipping.Sparrow",0.150487932354397
"388",-0.693147180559945,0,0.78845736036427,0.280568499362979,0.246400413478477,0.425046153307271,0.724191802241905,0.457163342772558,0.250902820948484,0.0819171224678868,0.607787331608788,0.640779195042629,0.663490970977057,0,0.154150679827258,0.4028889440952,-0.287682072451781,-0.510825623765991,-0.683096844706444,-0.683096844706444,0.61045266918935,0.405465108108164,0,0,1,1,1,1,0,1,1,0,0,1,0,1,0,"Blue.Jay","Eastern.Towhee",0.0460458773987912
"389",0,0,1.26246901100754,0.52520640257122,-0.202236866494896,0.582261788970149,0.339971802747477,0.530243709623092,0.284804372624166,0.345501643340607,0.743919505933368,0.571786323555678,0.606693372583924,-0.405465108108164,0.336472236621213,-0.290258236464745,0.405465108108164,0.405465108108164,-0.741937344729377,-0.741937344729377,1.01268021882408,0.405465108108164,0,1,0,0,0,1,0,0,1,0,1,0,0,0,0,"Blue.Jay","Yellow.breasted.Chat",0.114383561643836
"390",-0.693147180559945,-0.405465108108164,-0.0422754831482383,0.588445860707136,-0.354373446950453,0.22939574257326,-0.215252234606966,0.18447772581042,-0.137127225337578,0.0819171224678868,0.504246652667948,-0.0725706928348354,-0.11368695843438,0,0,-0.0477556536793898,0.405465108108164,-0.287682072451781,-0.916290731874155,-0.916290731874155,-0.263190324681437,0.405465108108164,0,0,0,0,0,1,0,1,1,1,1,1,0,0,1,"Blue.Jay","Eastern.Meadowlark",-0.0268743596714134
"391",-1.09861228866811,-0.405465108108164,0.54944045989377,0.311578736105539,-0.321583624127462,0.197393011487086,-0.193899110136398,0.0968498259899176,0.21453517677761,0.0112995552539332,0.58976882610611,0.188794071299572,0.275493555909284,0,0.559615787935423,-0.0477556536793898,0.405465108108164,-0.287682072451781,-0.916290731874155,-0.916290731874155,0.294397064992593,0.405465108108164,0,0,0,0,0,1,0,0,1,0,1,1,0,0,0,"Blue.Jay","Red.winged.Blackbird",0.0350967305263384
"392",-1.09861228866811,0,0.780985345525569,0.553456868857071,-0.640037355245997,0.453701409067647,-0.392278103826211,0.213574100298059,0.339936443318882,0,0.55467750629484,0.516216472400867,0.529959578352535,-0.693147180559945,0.336472236621213,-0.0477556536793898,0.405465108108164,-0.287682072451781,-1.06298511102496,-1.06298511102496,0.571497028113837,0.405465108108164,0,0,0,0,0,1,0,0,1,0,1,1,0,0,1,"Blue.Jay","Brown.headed.Cowbird",0.0671232876712329
"393",-0.693147180559945,-0.405465108108164,-0.178526485825403,0.0267127736534,-0.397772762485009,0.0978989386465247,-0.4040084436117,-0.0220625152636172,-0.0256059509051713,-0.165323980425384,0.324661075692868,-0.158748389075888,-0.0986490810698396,0.693147180559945,0,0.339478400352421,0,-0.693147180559945,0,0,-0.352947505487251,0,1,1,1,1,0,1,0,1,0,1,1,0,0,1,1,"Blue.Jay","Common.Grackle",0.176249185707052
"394",-1.09861228866811,0.693147180559945,1.5434799446423,0.879099703548075,-0.358397597250179,0.675755437848076,0.224235850712819,0.574339029488316,0.44215300848674,0.775064303027832,1.03160157838515,0.737110303981061,0.683163736575762,-0.405465108108164,0.154150679827258,-0.290258236464745,0.405465108108164,0.405465108108164,-0.641853886172395,-0.641853886172395,1.29512351241958,0.405465108108164,0,0,0,0,0,1,0,0,1,0,1,1,0,0,1,"Blue.Jay","Ovenbird",0.296093284079042
"395",-1.09861228866811,0.693147180559945,2.22604501587171,0.899140454431521,0.0776509342300659,0.893920476955855,0.991070747063923,0.865670741027647,0.541057082545655,0.99212880826566,1.2139231351791,0.85629882124618,0.856256486932095,0.693147180559945,0.154150679827258,-0.485280693466135,1.09861228866811,0.405465108108164,-1.52605630349505,-1.52605630349505,1.90427833810786,0.405465108108164,0,0,0,0,0,1,0,0,1,0,1,1,0,0,0,"Blue.Jay","Common.Yellowthroat",0.350823375335682
"396",-1.09861228866811,0,2.00923728300659,0.810106832061124,-0.496936511605324,0.749165621961483,0.105845834764659,0.593649974401404,0.623578106233658,0.851050210005754,1.18113331235611,0.84372003903932,0.802603773439775,-0.405465108108164,0.559615787935423,0.127233548935834,0,-0.287682072451781,-1.11514159061932,-1.11514159061932,1.82134028650587,0.405465108108164,0,0,0,0,0,1,0,0,1,0,1,1,0,0,0,"Blue.Jay","Pine.Warbler",0.103064545252955
"397",-1.09861228866811,0.693147180559945,1.10659864030076,0.532194551205148,-0.517698503053753,0.474260136088684,-0.197489778267126,0.345745873406542,0.576325221383112,-0.0111733005981252,0.184303717997946,0.335397545491448,0.442948201362905,-0.405465108108164,0.559615787935423,-0.0477556536793898,0.405465108108164,-0.287682072451781,-0.916290731874155,-0.916290731874155,0.96788069064376,0.405465108108164,0,0,0,0,1,1,0,0,1,0,1,1,0,0,0,"Blue.Jay","Summer.Tanager",0.131759099994593
"398",0,0,0.725482561202882,0.176080774508976,0.115630182295282,0.332049896633343,0.477894945952979,0.329573014160941,0.348066569402132,-0.323547985640278,0.0825210236880034,0.235314086934465,0.529959578352535,0.693147180559945,0.336472236621213,-0.0477556536793898,-0.287682072451781,0.405465108108164,-0.693147180559945,-0.693147180559945,0.528385259467589,0.405465108108164,0,0,1,0,0,1,0,1,1,0,0,1,0,1,0,"Blue.Jay","Northern.Cardinal",0.334075005526041
"399",-1.09861228866811,0,1.16679380108418,0.63397724551509,-0.274666704339711,0.477231906477841,0.140417178829747,0.412025039021897,0.536118800905072,-0.202711512497004,0.31105542363709,0.413562318340784,0.564645136340425,-0.405465108108164,0.336472236621213,0.127233548935834,0.405465108108164,-0.693147180559945,-0.916290731874155,-0.916290731874155,0.959570393510132,0.405465108108164,0,1,1,0,0,1,1,0,1,0,1,1,0,0,0,"Blue.Jay","Blue.Grosbeak",0.0183156464002627
"400",-1.09861228866811,0,1.78948932069352,0.909313482144572,-0.257045102989891,0.766900076901251,0.443289416775503,0.696228847097353,0.701830303133406,0.361501984687048,0.683294884116934,0.89501333342687,0.93826963859293,-0.405465108108164,0.559615787935423,0.523118065611099,-0.287682072451781,-0.693147180559945,-0.832909122935104,-0.832909122935104,1.57639530651044,0.405465108108164,0,0,1,1,0,0,0,0,1,0,0,1,0,0,1,"Blue.Jay","Indigo.Bunting",0.286789937131087
"411",0,0,0,0,0,0,0,0,0,0,0,0,0,0,0,0,0,0,0,0,0,0,1,1,1,1,1,1,1,1,1,1,1,1,1,1,1,"American.Crow","American.Crow",1
"412",0.693147180559945,-0.405465108108164,0.455492668552735,0.0617098903397726,0.00549451931764078,0.0552016513408876,0.0607415603653609,0.0589437524752709,0.155060184210099,0.114775514592428,0.0072202479734871,0.199332902620491,0.141868367749029,0.405465108108164,0.154150679827258,-0.273048330653121,0,0.287682072451781,0.587786664902119,0.587786664902119,0.513516035996732,0,1,0,1,0,0,1,0,0,1,1,1,1,1,1,1,"American.Crow","Fish.Crow",0.044162999299265
"413",0.693147180559945,0.693147180559945,3.03388403951837,0.890299900869508,0.818492988598028,1.04936189591036,2.14616517372274,1.32645168639145,0.986908299088109,1.10465460312407,1.04265363502007,1.32779815443828,1.32225696752976,-0.510825623765991,0,-0.626717110860645,0.510825623765991,0.287682072451781,1.0820829867169,1.0820829867169,3.04043663020084,0,1,0,0,0,0,1,0,0,0,0,1,0,0,0,0,"American.Crow","Tufted.Titmouse",0.114891436112406
"414",0.693147180559945,0,3.80399226121444,1.21460160187047,0.626897795018745,1.37667376313291,2.23828046263055,1.60773578436357,1.3127060044624,1.50106987571232,1.37912587164128,1.61548022689006,1.72396972601938,-0.510825623765991,0.154150679827258,-0.626717110860645,0.510825623765991,0.287682072451781,-0.0273989741881144,-0.0273989741881144,3.77893951248159,0,1,0,0,0,0,1,0,0,0,0,1,0,1,0,0,"American.Crow","Carolina.Chickadee",-0.160424170252528
"415",0.693147180559945,0,2.12130388704075,0.836386136209677,-0.353931457992982,0.96837579194044,0.333296741284454,0.690085432973375,1.29928298413026,1.24078677744865,0.856936489224972,1.26184018664648,1.08864211634826,0.405465108108164,-0.133531392624523,-1.12181909730959,1.6094379124341,0.287682072451781,-0.575364144903562,-0.575364144903562,2.20566778303155,0.405465108108164,0,0,0,0,0,1,0,0,0,0,1,0,0,0,0,"American.Crow","Purple.Martin",-0.289627111683552
"416",-0.405465108108164,-0.405465108108164,3.22177664136178,0.864399172437351,-0.365403859155218,1.20146967410782,0.539932392237592,0.930013074129256,1.54774434342876,1.81615092235221,1.12781144336037,1.71079040669439,1.39232453014648,0.405465108108164,0,-1.12181909730959,1.6094379124341,0.287682072451781,-0.510825623765991,-0.510825623765991,3.1596541805201,-0.510825623765991,0,0,0,0,0,1,0,0,0,0,1,1,0,0,0,"American.Crow","Barn.Swallow",0.250000014620267
"417",0.693147180559945,0,3.16213837504205,1.19266652500421,1.163698905188,1.2641052450993,2.75497120584894,1.59758341289955,0.943942263204665,1.4484261422269,1.46873803033097,1.09560476760415,1.08270738082845,0,0.154150679827258,-1.34205647207662,1.6094379124341,0.980829253011726,-0.105360515657826,-0.105360515657826,3.1366646622954,0,1,0,0,0,0,1,0,0,0,0,1,0,0,0,0,"American.Crow","Carolina.Wren",-0.236239316239316
"418",0.693147180559945,0.693147180559945,3.06205491648506,1.23086212274225,0.156894165773009,1.11758819012712,1.3540780453079,1.19774578165712,1.08956245314819,1.37431817007318,1.24559447901676,1.00111392418323,0.960332667704889,0,-0.356674943938732,-1.25645374767781,0.916290731874155,1.38629436111989,-0.664976303593249,-0.664976303593249,3.04411310493015,0.405465108108164,0,0,0,0,0,1,0,0,0,0,0,1,1,1,0,"American.Crow","White.breasted.Nuthatch",0.221195263433023
"419",0.693147180559945,0.693147180559945,3.78418963391826,1.55188061546162,0.448858900016791,1.31680036208549,1.95719907421012,1.50749036937251,1.3127060044624,1.4484261422269,1.43796637166421,1.16074406977512,1.18216817435908,0,-0.251314428280906,-1.01395116489246,0.916290731874155,0.693147180559945,1.09861228866811,1.09861228866811,3.81219024150552,0,1,0,0,0,0,1,0,0,0,0,1,0,1,0,0,"American.Crow","Brown.headed.Nuthatch",0.0999144933576004
"420",-0.405465108108164,0,2.22501355626505,0.351303400136821,0.57202118479291,0.721471514137086,1.53206120050325,0.960703777523754,0.535366732682108,1.14169587480442,1.1058325366416,1.00111392418323,0.814443394233766,0.405465108108164,0.154150679827258,-1.01395116489246,0.916290731874155,0.693147180559945,-0.510825623765991,-0.510825623765991,2.24802546175175,0.405465108108164,0,0,1,0,0,1,0,0,0,0,0,0,1,1,0,"American.Crow","Northern.Mockingbird",0.0739346756823575
"421",0,0.693147180559945,1.87537360926919,0.316212080325551,0.9654234204518,0.76436748105647,2.03283648841574,1.05201484068969,0.475107541163911,0.968853061965011,0.945489886566417,0.542444780011603,0.505495831002643,0.405465108108164,0.154150679827258,-1.12181909730959,0.510825623765991,1.38629436111989,1.24171313230878,1.24171313230878,1.87147323554156,0,1,0,0,0,0,1,0,0,0,0,1,0,1,1,0,"American.Crow","Brown.Thrasher",-0.0461854367435502
"422",0,0,2.79239134953596,0.983425878858992,0.106883745198348,1.06170773173266,1.22508592511679,1.11961495429134,1.02671454948853,1.30532529858622,1.19680431484732,1.29427546239964,1.17565349333789,-0.287682072451781,0.336472236621213,-1.12181909730959,0.916290731874155,0.980829253011726,-0.304211374402991,-0.304211374402991,2.72504568861285,0.405465108108164,0,0,0,0,0,1,0,0,0,0,1,0,0,0,0,"American.Crow","Eastern.Bluebird",0.228415117032997
"423",-0.405465108108164,0.693147180559945,2.19255634611767,0.851696108181098,0.305185973980652,0.858640136991138,1.30459798804453,1.01373265411867,0.538477155096501,1.12300374179227,1.00264830040637,1.02601147580496,0.965582023591033,0,0.559615787935423,-0.838961962277232,0.22314355131421,0.980829253011726,0.306374205463933,0.34484048629173,2.13568005157197,0.405465108108164,0,0,0,0,0,1,0,1,0,0,1,0,1,0,0,"American.Crow","Wood.Thrush",-0.208996093868432
"424",-0.405465108108164,-0.405465108108164,1.74347872942012,0.557374137142439,0.230016430601972,0.723683904420027,1.06368226698452,0.83769055280956,0.519958107329263,0.892480083180437,0.909122242395543,0.976821231614187,0.757284980393817,0.405465108108164,0.559615787935423,-0.763479995923538,0.916290731874155,0.133531392624523,-0.664976303593249,-0.664976303593249,1.74491383433223,0.405465108108164,0,0,1,0,0,1,0,0,0,0,1,0,1,0,0,"American.Crow","American.Robin",-0.00479124140270721
"425",0,0,3.04318643218068,0.925911972658385,0.28312625591592,1.2050474954557,1.61789263635303,1.33547818223742,1.15086297901199,0.70526854109229,0.744819191104266,1.37431817007318,1.54916700163945,0.405465108108164,0,-0.763479995923538,0.916290731874155,0.133531392624523,-0.664976303593249,-0.664976303593249,3.04388292884443,0.405465108108164,0,0,0,0,0,0,0,0,0,0,0,0,0,0,0,"American.Crow","House.Finch",0.175474625457456
"426",0.693147180559945,0.693147180559945,3.55713218328292,1.24116087494282,0.279496487865341,1.30881628773727,1.72220548297842,1.43624362949982,1.40464349978809,0.968853061965011,1.17327381743713,1.39841572165224,1.46767396738827,0.405465108108164,0,-1.25645374767781,1.6094379124341,0.693147180559945,0.587786664902119,0.587786664902119,3.56125081185034,0,1,0,0,0,0,1,0,0,0,0,0,0,0,0,0,"American.Crow","American.Goldfinch",0.0906292802658972
"427",-0.405465108108164,0,3.60514140246928,1.0932407448662,0.410959627425805,1.29499573211864,1.88072871021828,1.46236993409204,1.21616807741975,1.22016749024592,1.24559447901676,1.55663972686713,1.33740877255037,0.405465108108164,0,-0.921454017038711,0.916290731874155,0.470003629245736,-0.747214401830221,-0.747214401830221,3.53083021514963,0.405465108108164,0,0,0,0,0,1,0,0,0,0,1,0,1,1,0,"American.Crow","Chipping.Sparrow",-0.00650017257872188
"428",0,0,2.41769790009455,0.600070056338929,0.98724246784644,0.966962364143293,2.26494870971271,1.27150653158513,0.711496319228142,0.70526854109229,0.927140747898221,1.22016749024592,1.17565349333789,0.405465108108164,0.154150679827258,-0.563306567117866,0.22314355131421,0.470003629245736,-0.0953101798043249,-0.0953101798043249,2.40593304568863,0.405465108108164,0,0,1,0,0,1,0,0,0,0,0,0,0,1,0,"American.Crow","Eastern.Towhee",0.224730660673584
"429",0.693147180559945,0,2.89170955073782,0.84470795954717,0.538605187873066,1.12417799980617,1.88072871021828,1.34458689843566,0.745397870903823,0.968853061965011,1.0632729222228,1.15117461875897,1.11885589494476,0,0.336472236621213,-1.25645374767781,0.916290731874155,1.38629436111989,-0.154150679827258,-0.154150679827258,2.80816059532336,0.405465108108164,0,0,0,0,1,1,0,0,0,0,1,1,0,0,0,"American.Crow","Yellow.breasted.Chat",0.47630470806089
"430",0,-0.405465108108164,1.58696505658204,0.907947417683087,0.386468607417509,0.771311953409282,1.32550467286384,0.998820914622989,0.323466272942079,0.70526854109229,0.823600068957381,0.506817602368452,0.398475563926452,0.405465108108164,0,-1.01395116489246,0.916290731874155,0.693147180559945,-0.328504066972036,-0.328504066972036,1.53229005181784,0.405465108108164,0,0,0,0,0,1,1,0,0,0,1,0,0,0,1,"American.Crow","Eastern.Meadowlark",0.043783142414336
"431",-0.405465108108164,-0.405465108108164,2.17868099962405,0.631080293081489,0.4192584302405,0.739309222323108,1.34685779733441,0.911193014802486,0.675128675057267,0.634650973878337,0.909122242395543,0.768182366502859,0.787656078270116,0.405465108108164,0.559615787935423,-1.01395116489246,0.916290731874155,0.693147180559945,-0.328504066972036,-0.328504066972036,2.08987744149187,0.405465108108164,0,0,0,0,0,1,0,0,0,0,1,0,0,0,0,"American.Crow","Red.winged.Blackbird",-0.230585069371503
"432",-0.405465108108164,0,2.41022588525585,0.872958425833021,0.100804699121966,0.995617619903669,1.1484788036446,1.02791728911063,0.800529941598539,0.623351418624403,0.874030922584272,1.09560476760415,1.04212210071337,-0.287682072451781,0.336472236621213,-1.01395116489246,0.916290731874155,0.693147180559945,-0.47519844612284,-0.47519844612284,2.36697740461312,0.405465108108164,0,0,0,0,0,1,0,0,0,0,1,0,0,0,1,"American.Crow","Brown.headed.Cowbird",-0.0763045617080305
"433",0,-0.405465108108164,1.45071405390488,0.34621433062935,0.343069291882954,0.639815149482546,1.13674846385911,0.792280673548951,0.434987547374486,0.45802743819902,0.644014491982301,0.4206399061274,0.413513441290993,1.09861228866811,0,-0.626717110860645,0.510825623765991,0.287682072451781,0.587786664902119,0.587786664902119,1.44253287101203,0,1,0,1,0,1,1,0,0,1,0,1,1,0,1,1,"American.Crow","Common.Grackle",-0.18772440007652
"434",-0.405465108108164,0.693147180559945,3.17272048437258,1.19860126052403,0.382444457117784,1.2176716486841,1.76499275818362,1.38868221830089,0.902746506766398,1.39841572165224,1.35095499467458,1.31649859918435,1.19532625893659,0,0.154150679827258,-1.25645374767781,0.916290731874155,1.38629436111989,-0.0540672212702758,-0.0540672212702758,3.09060388891886,0.405465108108164,0,0,0,0,0,1,0,0,0,0,1,0,0,0,1,"American.Crow","Ovenbird",0.141071901756046
"435",-0.405465108108164,0.693147180559945,3.85528555560199,1.21864201140747,0.818492988598028,1.43583668779188,2.53182765453473,1.68001392984022,1.00165058082531,1.61548022689006,1.53327655146854,1.43568711644947,1.36841900929293,1.09861228866811,0.154150679827258,-1.4514762046792,1.6094379124341,1.38629436111989,-0.93826963859293,-0.93826963859293,3.69975871460714,0.405465108108164,0,0,0,0,0,1,0,0,0,0,1,0,0,0,0,"American.Crow","Common.Yellowthroat",-0.235052835835799
"436",-0.405465108108164,0,3.63847782273687,1.12960838903707,0.243905542762639,1.2910818327975,1.64660274223546,1.40799316321397,1.08417160451332,1.47440162863016,1.50048672864555,1.42310833424261,1.31476629580061,0,0.559615787935423,-0.838961962277232,0.510825623765991,0.693147180559945,-0.527354925717201,-0.527354925717201,3.61682066300515,0.405465108108164,0,0,0,0,0,1,0,0,0,0,1,0,0,0,0,"American.Crow","Pine.Warbler",0.2080055225191
"437",-0.405465108108164,0.693147180559945,2.73583918003104,0.851696108181098,0.22314355131421,1.01617634692471,1.34326712920368,1.16008906221911,1.03691871966277,0.612178118026278,0.503657134287378,0.914785840694735,0.955110723723737,0,0.559615787935423,-1.01395116489246,0.916290731874155,0.693147180559945,-0.328504066972036,-0.328504066972036,2.76336106714304,0.405465108108164,0,0,0,0,0,1,0,0,0,0,1,0,0,0,0,"American.Crow","Summer.Tanager",0.184305012096984
"438",0.693147180559945,0,2.35472310093316,0.495582331484926,0.856472236663245,0.873966107469365,2.01865185342378,1.14391620297351,0.80866006768179,0.299803432984126,0.401874439977436,0.814702382137752,1.04212210071337,1.09861228866811,0.336472236621213,-1.01395116489246,0.22314355131421,1.38629436111989,-0.105360515657826,-0.105360515657826,2.32386563596687,0.405465108108164,0,0,1,0,0,1,0,0,0,0,0,0,0,1,0,"American.Crow","Northern.Cardinal",-0.187756508928217
"439",-0.405465108108164,0,2.79603434081446,0.95347880249104,0.466175350028252,1.01914811731386,1.68117408630055,1.22636822783447,0.996712299184729,0.4206399061274,0.630408839926522,0.992950613544071,1.07680765870126,0,0.336472236621213,-0.838961962277232,0.916290731874155,0.287682072451781,-0.328504066972036,-0.328504066972036,2.75505077000941,0.405465108108164,0,0,1,0,0,1,0,0,0,0,1,0,0,0,0,"American.Crow","Blue.Grosbeak",0.0643064904210561
"440",-0.405465108108164,0,3.4187298604238,1.22881503912052,0.483796951378071,1.30881628773727,1.98404632424631,1.51057203590992,1.16242380141306,0.984853403311452,1.00264830040637,1.47440162863016,1.45043216095376,0,0.559615787935423,-0.443077445601967,0.22314355131421,0.287682072451781,-0.245122458032985,-0.245122458032985,3.37187568300972,0.405465108108164,0,0,1,0,1,0,1,0,0,0,0,0,0,0,1,"American.Crow","Indigo.Bunting",0.498204828618377
"452",0,0,0,0,0,0,0,0,0,0,0,0,0,0,0,0,0,0,0,0,0,0,1,1,1,1,1,1,1,1,1,1,1,1,1,1,1,"Fish.Crow","Fish.Crow",1
"453",0,1.09861228866811,2.57839137096563,0.828590010529736,0.812998469280388,0.994160244569472,2.08542361335738,1.26750793391618,0.83184811487801,0.989879088531644,1.03543338704658,1.12846525181779,1.18038859978074,-0.916290731874155,-0.154150679827258,-0.353668780207524,0.510825623765991,0,0.49429632181478,0.49429632181478,2.52692059420411,0,1,0,0,0,0,1,0,0,0,0,1,0,0,0,0,"Fish.Crow","Tufted.Titmouse",0.117274523524511
"454",0,0.405465108108164,3.34849959266171,1.15289171153069,0.621403275701104,1.32147211179202,2.17753890226519,1.5487920318883,1.1576458202523,1.38629436111989,1.37190562366779,1.41614732426957,1.58210135827035,-0.916290731874155,0,-0.353668780207524,0.510825623765991,0,-0.615185639090233,-0.615185639090233,3.26542347648485,0,1,0,0,0,0,1,0,0,0,0,1,0,1,0,0,"Fish.Crow","Carolina.Chickadee",0.130501846099584
"455",0,0.405465108108164,1.66581121848801,0.774676245869905,-0.359425977310622,0.913174140599552,0.272555180919093,0.631141680498104,1.14422279992016,1.12601126285622,0.849716241251485,1.06250728402599,0.946773748599231,0,-0.287682072451781,-0.848770766656467,1.6094379124341,0,-1.16315080980568,-1.16315080980568,1.69215174703481,0.405465108108164,0,0,0,0,0,1,0,0,0,0,1,0,0,0,0,"Fish.Crow","Purple.Martin",0.00685635927322592
"456",-1.09861228866811,0,2.76628397280904,0.802689282097579,-0.370898378472859,1.14626802276693,0.479190831872231,0.871069321653985,1.39268415921866,1.70137540775979,1.12059119538689,1.5114575040739,1.25045616239745,0,-0.154150679827258,-0.848770766656467,1.6094379124341,0,-1.09861228866811,-1.09861228866811,2.64613814452336,-0.510825623765991,0,0,0,0,0,1,0,0,0,0,1,1,0,0,0,"Fish.Crow","Barn.Swallow",0.0378424857256557
"457",0,0.405465108108164,2.70664570648931,1.13095663466444,1.15820438587036,1.20890359375841,2.69422964548358,1.53863966042428,0.788882078994566,1.33365062763447,1.46151778235748,0.896271864983663,0.940839013079416,-0.405465108108164,0,-1.06900814142349,1.6094379124341,0.693147180559945,-0.693147180559945,-0.693147180559945,2.62314862629866,0,1,0,0,0,0,1,0,0,0,0,1,0,0,0,0,"Fish.Crow","Carolina.Wren",0.167408578739074
"458",0,1.09861228866811,2.60656224793233,1.16915223240247,0.151399646455368,1.06238653878623,1.29333648494253,1.13880202918185,0.934502268938093,1.25954265548075,1.23837423104327,0.801781021562741,0.81846429995586,-0.405465108108164,-0.510825623765991,-0.98340541702469,0.916290731874155,1.09861228866811,-1.25276296849537,-1.25276296849537,2.53059706893342,0.405465108108164,0,0,0,0,0,1,0,0,0,0,0,1,1,1,0,"Fish.Crow","White.breasted.Nuthatch",0.208811935179014
"459",0,1.09861228866811,3.32869696536553,1.49017072512185,0.44336438069915,1.26159871074461,1.89645751384476,1.44854661689724,1.1576458202523,1.33365062763447,1.43074612369072,0.961411167154625,1.04029980661005,-0.405465108108164,-0.405465108108164,-0.740902834239335,0.916290731874155,0.405465108108164,0.510825623765991,0.510825623765991,3.29867420550879,0,1,0,0,0,0,1,0,0,0,0,1,0,1,0,0,"Fish.Crow","Brown.headed.Nuthatch",0.103135185799461
"460",-1.09861228866811,0.405465108108164,1.76952088771231,0.289593509797049,0.56652666547527,0.666269862796199,1.47131964013789,0.901760025048483,0.380306548472009,1.02692036021199,1.09861228866811,0.801781021562741,0.672575026484737,0,0,-0.740902834239335,0.916290731874155,0.405465108108164,-1.09861228866811,-1.09861228866811,1.73450942575502,0.405465108108164,0,0,1,0,0,1,0,0,0,0,0,0,1,1,0,"Fish.Crow","Northern.Mockingbird",0.0637532143038561
"461",-0.693147180559945,1.09861228866811,1.41988094071645,0.254502189985779,0.959928901134159,0.709165829715583,1.97209492805038,0.993071088214417,0.320047356953812,0.854077547372582,0.93826963859293,0.343111877391112,0.363627463253614,0,0,-0.848770766656467,0.510825623765991,1.09861228866811,0.653926467406664,0.653926467406664,1.35795719954483,0,1,0,0,0,1,1,0,0,0,0,1,0,1,1,0,"Fish.Crow","Brown.Thrasher",0.0635491755881292
"462",-0.693147180559945,0.405465108108164,2.33689868098323,0.92171598851922,0.101389225880707,1.00650608039177,1.16434436475143,1.06067120181607,0.871654365278429,1.1905497839938,1.18958406687384,1.09494255977915,1.03378512558886,-0.693147180559945,0.182321556793955,-0.848770766656467,0.916290731874155,0.693147180559945,-0.89199803930511,-0.89199803930511,2.21152965261612,0.405465108108164,0,0,0,0,1,1,0,0,0,0,1,0,0,0,0,"Fish.Crow","Eastern.Bluebird",0.284026911718488
"463",-1.09861228866811,1.09861228866811,1.73706367756493,0.789986217841325,0.299691454663012,0.80343848565025,1.24385642767916,0.9547889016434,0.383416970886402,1.00822822719984,0.995428052432879,0.826678573184468,0.823713655842004,-0.405465108108164,0.405465108108164,-0.565913631624111,0.22314355131421,0.693147180559945,-0.281412459438185,-0.242946178610389,1.62216401557524,0.405465108108164,0,0,0,0,1,1,1,0,0,0,1,0,1,0,0,"Fish.Crow","Wood.Thrush",-0.13221446875181
"464",-1.09861228866811,0,1.28798606086739,0.495664246802667,0.224521911284331,0.668482253079139,1.00294070661916,0.778746800334289,0.364897923119164,0.777704568588009,0.901901994422056,0.777488328993696,0.615416612644788,0,0.405465108108164,-0.490431665270417,0.916290731874155,-0.154150679827258,-1.25276296849537,-1.25276296849537,1.2313977983355,0.405465108108164,0,0,1,0,0,1,0,0,0,0,1,0,1,0,0,"Fish.Crow","American.Robin",0.122344078465966
"465",-0.693147180559945,0.405465108108164,2.58769376362795,0.864202082318613,0.277631736598279,1.14984584411481,1.55715107598767,1.27653442976215,0.995802794801889,0.590493026499862,0.737598943130779,1.17498526745268,1.40729863389042,0,-0.154150679827258,-0.490431665270417,0.916290731874155,-0.154150679827258,-1.25276296849537,-1.25276296849537,2.5303668928477,0.405465108108164,0,0,0,0,1,0,0,0,0,0,0,0,0,0,0,"Fish.Crow","House.Finch",0.229148910867774
"466",0,1.09861228866811,3.10163951473018,1.17945098460305,0.274001968547701,1.25361463639639,1.66146392261305,1.37729987702455,1.24958331557799,0.854077547372582,1.16605356946364,1.19908281903174,1.32580559963924,0,-0.154150679827258,-0.98340541702469,1.6094379124341,0.405465108108164,0,0,3.04773477585361,0,1,0,0,0,0,1,0,0,0,0,0,0,0,0,0,"Fish.Crow","American.Goldfinch",0.151198709935538
"467",-1.09861228866811,0.405465108108164,3.14964873391654,1.03153085452643,0.405465108108164,1.23979408077775,1.81998714985292,1.40342618161677,1.06110789320966,1.10539197565349,1.23837423104327,1.35730682424664,1.19554040480134,0,-0.154150679827258,-0.64840568638559,0.916290731874155,0.182321556793955,-1.33500106673234,-1.33500106673234,3.0173141791529,0.405465108108164,0,0,0,0,0,1,0,0,0,0,1,0,1,1,0,"Fish.Crow","Chipping.Sparrow",-0.211545099329756
"468",-0.693147180559945,0.405465108108164,1.96220523154182,0.538360165999156,0.981747948528799,0.911760712802405,2.20420714934735,1.21256277910986,0.556436135018043,0.590493026499862,0.919920499924734,1.02083458762543,1.03378512558886,0,0,-0.290258236464745,0.22314355131421,0.182321556793955,-0.683096844706444,-0.683096844706444,1.8924170096919,0.405465108108164,0,0,1,1,1,1,0,0,0,0,0,0,0,1,0,"Fish.Crow","Eastern.Towhee",-0.00993321138290797
"469",0,0.405465108108164,2.43621688218509,0.782998069207397,0.533110668555426,1.06897634846528,1.81998714985292,1.28564314596039,0.590337686693724,0.854077547372582,1.05605267424931,0.951841716138474,0.976987527195727,-0.405465108108164,0.182321556793955,-0.98340541702469,0.916290731874155,1.09861228866811,-0.741937344729377,-0.741937344729377,2.29464455932663,0.405465108108164,0,0,0,0,0,1,0,0,0,0,1,1,0,0,0,"Fish.Crow","Yellow.breasted.Chat",-0.103477827612749
"470",-0.693147180559945,0,1.13147238802931,0.846237527343314,0.380974088099869,0.716110302068394,1.26476311249848,0.939877162147718,0.16840608873198,0.590493026499862,0.816379820983894,0.307484699747961,0.256607196177423,0,-0.154150679827258,-0.740902834239335,0.916290731874155,0.405465108108164,-0.916290731874155,-0.916290731874155,1.01877401582111,0.405465108108164,0,0,0,0,0,1,0,0,0,0,1,0,0,0,1,"Fish.Crow","Eastern.Meadowlark",0.457612772674657
"471",-1.09861228866811,0,1.72318833107132,0.569370402741716,0.413763910922859,0.68410757098222,1.28611623696905,0.852249262327215,0.520068490847168,0.519875459285909,0.901901994422056,0.568849463882368,0.645787710521087,0,0.405465108108164,-0.740902834239335,0.916290731874155,0.405465108108164,-0.916290731874155,-0.916290731874155,1.57636140549514,0.405465108108164,0,0,0,0,0,1,0,0,0,0,1,0,0,0,0,"Fish.Crow","Red.winged.Blackbird",-0.325111415812047
"472",-1.09861228866811,0.405465108108164,1.95473321670311,0.811248535493249,0.0953101798043247,0.940415968562781,1.08773724327923,0.968973536635357,0.645469757388441,0.508575904031975,0.866810674610785,0.896271864983663,0.900253732964338,-0.693147180559945,0.182321556793955,-0.740902834239335,0.916290731874155,0.405465108108164,-1.06298511102496,-1.06298511102496,1.85346136861638,0.405465108108164,0,0,0,0,0,1,0,0,0,0,1,0,0,0,1,"Fish.Crow","Brown.headed.Cowbird",0.080520826122503
"473",-0.693147180559945,0,0.995221385352143,0.284504440289578,0.337574772565313,0.584613498141659,1.07600690349374,0.73333692107368,0.279927363164387,0.343251923606592,0.636794244008814,0.221307003506908,0.271645073541964,0.693147180559945,-0.154150679827258,-0.353668780207524,0.510825623765991,0,0,0,0.929016835015296,0,1,0,1,1,0,1,0,0,1,0,1,1,0,1,1,"Fish.Crow","Common.Grackle",-0.18746803395524
"474",-1.09861228866811,1.09861228866811,2.71722781581985,1.13689137018425,0.376949937800143,1.16246999734321,1.70425119781826,1.32973846582561,0.747686322556299,1.28364020705981,1.34373474670109,1.11716569656386,1.05345789118757,-0.405465108108164,0,-0.98340541702469,0.916290731874155,1.09861228866811,-0.641853886172395,-0.641853886172395,2.57708785292213,0.405465108108164,0,0,0,0,0,1,0,0,0,0,1,0,0,0,1,"Fish.Crow","Ovenbird",-0.0120006859298284
"475",-1.09861228866811,1.09861228866811,3.39979288704926,1.1569321210677,0.812998469280388,1.38063503645099,2.47108609416937,1.62107017736494,0.846590396615213,1.50070471229763,1.52605630349505,1.23635421382898,1.2265506415439,0.693147180559945,0,-1.17842787402608,1.6094379124341,1.09861228866811,-1.52605630349505,-1.52605630349505,3.18624267861041,0.405465108108164,0,0,0,0,0,1,0,0,0,0,1,0,0,0,0,"Fish.Crow","Common.Yellowthroat",-0.464573854221249
"476",-1.09861228866811,0.405465108108164,3.18298515418413,1.0678984986973,0.238411023444998,1.23588018145662,1.5858611818701,1.3490494107387,0.929111420303216,1.35962611403773,1.49326648067206,1.22377543162212,1.17289792805158,-0.405465108108164,0.405465108108164,-0.565913631624111,0.510825623765991,0.405465108108164,-1.11514159061932,-1.11514159061932,3.10330462700842,0.405465108108164,0,0,0,0,0,1,1,0,0,0,1,0,0,0,0,"Fish.Crow","Pine.Warbler",0.173347077345517
"477",-1.09861228866811,1.09861228866811,2.28034651147831,0.789986217841325,0.217649031996569,0.960974695583818,1.28252556883832,1.10114530974384,0.881858535452671,0.49740260343385,0.496436886313891,0.715452938074243,0.813242355974708,-0.405465108108164,0.405465108108164,-0.740902834239335,0.916290731874155,0.405465108108164,-0.916290731874155,-0.916290731874155,2.24984503114631,0.405465108108164,0,0,0,0,1,1,0,0,0,0,1,0,0,0,0,"Fish.Crow","Summer.Tanager",-0.156137759787378
"478",0,0.405465108108164,1.89923043238043,0.433872441145153,0.850977717345604,0.818764456128477,1.95791029305842,1.08497245049824,0.653599883471691,0.185027918391697,0.394654192003949,0.615369479517261,0.900253732964338,0.693147180559945,0.182321556793955,-0.740902834239335,0.22314355131421,1.09861228866811,-0.693147180559945,-0.693147180559945,1.81034959997014,0.405465108108164,0,0,1,0,0,1,0,0,0,0,0,0,0,1,0,"Fish.Crow","Northern.Cardinal",-0.00616438681503894
"479",-1.09861228866811,0.405465108108164,2.34054167226173,0.891768912151267,0.460680830710611,0.963946465972975,1.62043252593519,1.1674244753592,0.84165211497463,0.305864391534971,0.623188591953035,0.79361771092358,0.934939290952228,-0.405465108108164,0.182321556793955,-0.565913631624111,0.916290731874155,0,-0.916290731874155,-0.916290731874155,2.24153473401268,0.405465108108164,0,0,1,0,0,1,0,0,0,0,1,0,0,0,0,"Fish.Crow","Blue.Grosbeak",0.102757359133531
"480",-1.09861228866811,0.405465108108164,2.96323719187106,1.16710514878075,0.478302432060431,1.25361463639639,1.92330476388095,1.45162828343465,1.00736361720296,0.870077888719024,0.995428052432879,1.27506872600967,1.30856379320473,-0.405465108108164,0.405465108108164,-0.170029114948846,0.22314355131421,0,-0.832909122935104,-0.832909122935104,2.85835964701299,0.405465108108164,0,0,1,1,0,0,0,0,0,0,0,0,0,0,1,"Fish.Crow","Indigo.Bunting",-0.301147280116226
"493",0,0,0,0,0,0,0,0,0,0,0,0,0,0,0,0,0,0,0,0,0,0,1,1,1,1,1,1,1,1,1,1,1,1,1,1,1,"Tufted.Titmouse","Tufted.Titmouse",1
"494",0,-0.693147180559945,0.770108221696074,0.324301701000958,-0.191595193579284,0.327311867222549,0.0921152889078055,0.281284097972121,0.325797705374293,0.396415272588246,0.336472236621213,0.287682072451781,0.401712758489614,0,0.154150679827258,0,0,0,-1.10948196090501,-1.10948196090501,0.738502882280742,0,1,1,1,0,0,1,0,1,1,1,1,1,0,1,1,"Tufted.Titmouse","Carolina.Chickadee",0.537290486454797
"495",0,-0.693147180559945,-0.912580152477619,-0.0539137646598313,-1.17242444659101,-0.0809861039699198,-1.81286843243829,-0.636366253418073,0.312374685042152,0.13613217432458,-0.185717145795093,-0.0659579677917974,-0.233614851181505,0.916290731874155,-0.133531392624523,-0.495101986448943,1.09861228866811,0,-1.65744713162046,-1.65744713162046,-0.834768847169297,0.405465108108164,0,0,1,0,0,1,0,1,1,1,1,1,1,1,0,"Tufted.Titmouse","Purple.Martin",0.0203732383933092
"496",-1.09861228866811,-1.09861228866811,0.18789260184341,-0.0259007284321574,-1.18389684775325,0.152107778197458,-1.60623278148515,-0.396438612262192,0.560836044340652,0.711496319228142,0.085157808340307,0.382992252256106,0.0700675626167168,0.916290731874155,0,-0.495101986448943,1.09861228866811,0,-1.59290861048289,-1.59290861048289,0.119217550319252,-0.510825623765991,0,0,1,0,0,1,0,1,1,1,1,0,1,1,0,"Tufted.Titmouse","Barn.Swallow",0.0547289216145178
"497",0,-0.693147180559945,0.128254335523679,0.302366624134702,0.345205916589968,0.214743349188943,0.608806032126194,0.271131726508103,-0.0429660358834432,0.343771539102825,0.4260843953109,-0.232193386834128,-0.23954958670132,0.510825623765991,0.154150679827258,-0.71533936121597,1.09861228866811,0.693147180559945,-1.18744350237473,-1.18744350237473,0.0962280320945538,0,1,1,1,0,0,1,0,0,1,1,1,1,1,1,1,"Tufted.Titmouse","Carolina.Wren",-0.235937770587976
"498",0,0,0.0281708769666964,0.340562221872738,-0.661598822825019,0.068226294216756,-0.792087128414849,-0.128705904734333,0.102654154060083,0.269663566949103,0.20294084399669,-0.32668423025505,-0.361924299824876,0.510825623765991,-0.356674943938732,-0.629736636817166,0.405465108108164,1.09861228866811,-1.74705929031015,-1.74705929031015,0.00367647472930863,0.405465108108164,0,1,1,0,0,1,0,1,1,1,0,0,0,0,1,"Tufted.Titmouse","White.breasted.Nuthatch",0.0907535098081745
"499",0,0,0.750305594399894,0.661580714592111,-0.369634088581237,0.267438466175134,-0.188966099512623,0.181038682981065,0.325797705374293,0.343771539102825,0.395312736644147,-0.167054084663166,-0.140088793170682,0.510825623765991,-0.251314428280906,-0.38723405403181,0.405465108108164,0.405465108108164,0.0165293019512105,0.0165293019512105,0.771753611304679,0,1,0,1,0,0,1,0,1,1,1,1,1,0,1,1,"Tufted.Titmouse","Brown.headed.Nuthatch",-0.220568155705234
"500",-1.09861228866811,-0.693147180559945,-0.808870483253318,-0.538996500732687,-0.246471803805118,-0.327890381773273,-0.614103973219492,-0.365747908867695,-0.451541566406,0.0370412716803491,0.0631789016215317,-0.32668423025505,-0.507813573295999,0.916290731874155,0.154150679827258,-0.38723405403181,0.405465108108164,0.405465108108164,-1.59290861048289,-1.59290861048289,-0.792411168449091,0.405465108108164,0,0,0,0,0,1,0,0,1,1,0,1,0,0,0,"Tufted.Titmouse","Northern.Mockingbird",0.0160903884931013
"501",-0.693147180559945,0,-1.15851043024918,-0.574087820543957,0.146930431853771,-0.284994414853889,-0.113328685307003,-0.27443684570176,-0.511800757924197,-0.135801541159062,-0.0971637484536477,-0.785353374426679,-0.816761136527122,0.916290731874155,0.154150679827258,-0.495101986448943,0,1.09861228866811,0.159630145591884,0.159630145591884,-1.16896339465928,0,1,0,1,0,0,1,0,0,1,1,1,1,0,0,0,"Tufted.Titmouse","Brown.Thrasher",0.0631308894103965
"502",-0.693147180559945,-0.693147180559945,-0.241492689982406,0.0931259779894836,-0.711609243399681,0.0123458358222994,-0.921079248605952,-0.206836732100112,0.0398062504004198,0.200670695462151,0.154150679827258,-0.0335226920386434,-0.146603474191875,0.22314355131421,0.336472236621213,-0.495101986448943,0.405465108108164,0.693147180559945,-1.38629436111989,-1.38629436111989,-0.315390941587989,0.405465108108164,0,0,1,0,0,1,0,0,1,1,1,1,1,1,1,"Tufted.Titmouse","Eastern.Bluebird",-0.613201094391245
"503",-1.09861228866811,0,-0.8413276934007,-0.0386037926884108,-0.513307014617376,-0.190721758919221,-0.841567185678219,-0.312719032272777,-0.448431143991608,0.0183491386681964,-0.040005334613699,-0.301786678633323,-0.356674943938732,0.510825623765991,0.559615787935423,-0.212244851416587,-0.287682072451781,0.693147180559945,-0.775708781252966,-0.73724250042517,-0.904756578628869,0.405465108108164,0,1,1,0,0,1,0,0,1,1,1,1,0,1,0,"Tufted.Titmouse","Wood.Thrush",-0.104002743000483
"504",-1.09861228866811,-1.09861228866811,-1.29040531009824,-0.332925763727069,-0.588476557996057,-0.325677991490332,-1.08248290673823,-0.488761133581889,-0.466950191758845,-0.212174519943636,-0.133531392624522,-0.350976922824095,-0.564971987135948,0.916290731874155,0.559615787935423,-0.136762885062892,0.405465108108164,-0.154150679827258,-1.74705929031015,-1.74705929031015,-1.29552279586861,0.405465108108164,0,1,0,0,0,1,0,1,1,1,1,1,0,1,0,"Tufted.Titmouse","American.Robin",0.109361669340882
"505",-0.693147180559945,-0.693147180559945,0.00930239266231363,0.0356120717888769,-0.535366732682108,0.155685599545342,-0.528272537369711,0.00902649584597212,0.163954679923879,-0.399386062031782,-0.297834443915799,0.0465200156348929,0.226910034109687,0.916290731874155,0,-0.136762885062892,0.405465108108164,-0.154150679827258,-1.74705929031015,-1.74705929031015,0.00344629864358765,0.405465108108164,0,0,0,0,0,0,0,1,1,1,0,1,0,0,1,"Tufted.Titmouse","House.Finch",0.229045514601392
"506",0,0,0.523248143764548,0.350860974073312,-0.538996500732687,0.259454391826914,-0.423959690744329,0.109791943108376,0.417735200699979,-0.135801541159062,0.130620182417064,0.0706175672139536,0.145416999858504,0.916290731874155,0,-0.629736636817166,1.09861228866811,0.405465108108164,-0.49429632181478,-0.49429632181478,0.520814181649497,0,1,0,0,0,0,1,0,1,1,1,0,1,0,0,1,"Tufted.Titmouse","American.Goldfinch",0.0171027880045368
"507",-1.09861228866811,-0.693147180559945,0.571257362950909,0.20294084399669,-0.407533361172223,0.245633836208282,-0.265436463504461,0.135918247700596,0.229259778331646,0.115512887121844,0.20294084399669,0.228841572428848,0.0151518050206022,0.916290731874155,0,-0.294736906178066,0.405465108108164,0.182321556793955,-1.82929738854712,-1.82929738854712,0.490393584948785,0.405465108108164,0,0,0,0,0,1,0,1,1,1,1,1,0,0,0,"Tufted.Titmouse","Chipping.Sparrow",0.0586826424600705
"508",-0.693147180559945,-0.693147180559945,-0.616186139423817,-0.29022984453058,0.168749479248411,-0.0823995317670667,0.118783535989967,-0.0549451548063214,-0.275411979859967,-0.399386062031782,-0.115512887121844,-0.107630664192365,-0.146603474191875,0.916290731874155,0.154150679827258,0.0634105437427794,-0.287682072451781,0.182321556793955,-1.17739316652122,-1.17739316652122,-0.634503584512213,0.405465108108164,0,1,0,0,0,1,0,0,1,1,0,1,0,0,0,"Tufted.Titmouse","Eastern.Towhee",0.0497776286400338
"509",0,-0.693147180559945,-0.142174488780542,-0.045591941322339,-0.279887800724962,0.0748161038958116,-0.265436463504461,0.0181352120442126,-0.241510428184285,-0.135801541159062,0.0206192872027358,-0.176623535679317,-0.203401072585009,0.510825623765991,0.336472236621213,-0.629736636817166,0.405465108108164,1.09861228866811,-1.23623366654416,-1.23623366654416,-0.232276034877482,0.405465108108164,0,0,1,0,0,1,0,1,1,1,1,0,1,1,1,"Tufted.Titmouse","Yellow.breasted.Chat",0.0484257471408697
"510",-0.693147180559945,-1.09861228866811,-1.44691898293633,0.0176475168135779,-0.432024381180519,-0.278049942501078,-0.820660500858905,-0.32763077176846,-0.663442026146029,-0.399386062031782,-0.219053566062685,-0.82098055206983,-0.923781403603313,0.916290731874155,0,-0.38723405403181,0.405465108108164,0.405465108108164,-1.41058705368894,-1.41058705368894,-1.508146578383,0.405465108108164,0,0,1,0,0,1,0,0,1,0,1,1,1,1,0,"Tufted.Titmouse","Eastern.Meadowlark",0.154635657355981
"511",-1.09861228866811,-1.09861228866811,-0.855203039894317,-0.25921960778802,-0.399234558357528,-0.310052673587252,-0.799307376388336,-0.415258671588962,-0.311779624030841,-0.470003629245736,-0.133531392624522,-0.559615787935423,-0.534600889259649,0.916290731874155,0.559615787935423,-0.38723405403181,0.405465108108164,0.405465108108164,-1.41058705368894,-1.41058705368894,-0.95055918870897,0.405465108108164,0,0,0,0,0,1,0,1,1,1,1,1,0,0,0,"Tufted.Titmouse","Red.winged.Blackbird",-0.47955523852938
"512",-1.09861228866811,-0.693147180559945,-0.623658154262518,-0.0173414750364873,-0.717688289476063,-0.0537442760066906,-0.997686370078149,-0.298534397280821,-0.186378357489569,-0.481303184499669,-0.168622712435793,-0.232193386834128,-0.280134866816398,0.22314355131421,0.336472236621213,-0.38723405403181,0.405465108108164,0.405465108108164,-1.55728143283974,-1.55728143283974,-0.673459225587726,0.405465108108164,0,0,0,0,0,1,0,1,1,1,1,1,1,1,0,"Tufted.Titmouse","Brown.headed.Cowbird",0.0331964485700662
"513",-0.693147180559945,-1.09861228866811,-1.58316998561349,-0.544085570240158,-0.475423696715075,-0.409546746427813,-1.00941670986364,-0.534171012842497,-0.551920751713622,-0.646627164925052,-0.398639143037764,-0.907158248310882,-0.908743526238772,1.6094379124341,0,0,0,0,-0.49429632181478,-0.49429632181478,-1.59790375918881,0,1,0,0,0,0,1,0,0,0,0,1,0,1,0,0,"Tufted.Titmouse","Common.Grackle",0.178351573187415
"514",-1.09861228866811,0,0.138836444854216,0.308301359654516,-0.436048531480245,0.168309752773738,-0.38117241553912,0.0622305319094367,-0.0841617923217106,0.293761118528163,0.308301359654517,-0.0112995552539333,-0.12693070859317,0.510825623765991,0.154150679827258,-0.629736636817166,0.405465108108164,1.09861228866811,-1.13615020798717,-1.13615020798717,0.0501672587180192,0.405465108108164,0,1,1,0,0,1,0,1,1,1,1,1,1,1,0,"Tufted.Titmouse","Ovenbird",0.0592466309313743
"515",-1.09861228866811,0,0.821401516083624,0.328342110537963,0,0.386474791881517,0.385662480811985,0.353562243448767,0.0147422817372034,0.510825623765991,0.490622916448471,0.107888962011185,0.0461620417631626,1.6094379124341,0.154150679827258,-0.824759093818555,1.09861228866811,1.09861228866811,-2.02035262530983,-2.02035262530983,0.659322084406301,0.405465108108164,0,0,1,0,0,1,0,1,1,1,1,1,1,1,1,"Tufted.Titmouse","Common.Yellowthroat",-0.133653469656209
"516",-1.09861228866811,-0.693147180559945,0.6045937832185,0.239308488167565,-0.57458744583539,0.241719936887145,-0.49956243148728,0.0815414768225241,0.0972633054252069,0.369747025506085,0.45783309362548,0.0953101798043249,-0.00749067172915763,0.510825623765991,0.559615787935423,-0.212244851416587,0,0.405465108108164,-1.6094379124341,-1.6094379124341,0.576384032804307,0.405465108108164,0,1,1,0,0,1,0,1,1,1,1,1,1,1,1,"Tufted.Titmouse","Pine.Warbler",0.071343037626383
"517",-1.09861228866811,0,-0.298044859487327,-0.0386037926884108,-0.595349437283819,-0.0331855489856541,-0.802898044519064,-0.166362624172338,0.0500104205746614,-0.492476485097794,-0.538996500732687,-0.413012313743547,-0.367146243806028,0.510825623765991,0.559615787935423,-0.38723405403181,0.405465108108164,0.405465108108164,-1.41058705368894,-1.41058705368894,-0.277075563057803,0.405465108108164,0,1,1,0,0,1,0,1,1,1,1,1,1,1,1,"Tufted.Titmouse","Summer.Tanager",-0.0622435020519836
"518",0,-0.693147180559945,-0.679160938585205,-0.394717569384583,0.0379792480652165,-0.175395788440994,-0.12751332029896,-0.182535483417939,-0.178248231406319,-0.804851170139947,-0.640779195042629,-0.51309577230053,-0.280134866816398,1.6094379124341,0.336472236621213,-0.38723405403181,-0.287682072451781,1.09861228866811,-1.18744350237473,-1.18744350237473,-0.716570994233974,0.405465108108164,0,0,0,0,0,1,0,0,1,1,0,1,0,0,1,"Tufted.Titmouse","Northern.Cardinal",0.354369767454003
"519",-1.09861228866811,-0.693147180559945,-0.237849698703905,0.0631789016215315,-0.352317638569777,-0.0302137785964966,-0.464991087422191,-0.100083458556982,0.00980400009662083,-0.684014696996673,-0.412244795093543,-0.334847540894211,-0.245449308828508,0.510825623765991,0.336472236621213,-0.212244851416587,0.405465108108164,0,-1.41058705368894,-1.41058705368894,-0.285385860191431,0.405465108108164,0,0,0,0,0,1,0,1,1,1,1,1,1,1,0,"Tufted.Titmouse","Blue.Grosbeak",0.103318514428111
"520",-1.09861228866811,-0.693147180559945,0.384845820905429,0.338515138251013,-0.334696037219957,0.259454391826914,-0.162118849476435,0.184120349518474,0.175515502324955,-0.119801199812621,-0.040005334613699,0.146603474191875,0.128175193423998,0.510825623765991,0.559615787935423,0.183639665258678,-0.287682072451781,0,-1.32720544474988,-1.32720544474988,0.331439052808881,0.405465108108164,0,0,0,0,0,0,0,1,1,1,0,1,0,0,0,"Tufted.Titmouse","Indigo.Bunting",-0.189124487004104
"534",0,0,0,0,0,0,0,0,0,0,0,0,0,0,0,0,0,0,0,0,0,0,1,1,1,1,1,1,1,1,1,1,1,1,1,1,1,"Carolina.Chickadee","Carolina.Chickadee",1
"535",0,0,-1.68268837417369,-0.378215465660789,-0.980829253011726,-0.408297971192469,-1.9049837213461,-0.917650351390195,-0.0134230203321407,-0.260283098263666,-0.522189382416306,-0.353640040243578,-0.635327609671119,0.916290731874155,-0.287682072451781,-0.495101986448943,1.09861228866811,0,-0.547965170715447,-0.547965170715447,-1.57327172945004,0.405465108108164,0,0,1,0,0,1,0,1,1,1,1,1,0,1,0,"Carolina.Chickadee","Purple.Martin",0.0777530684110382
"536",-1.09861228866811,-0.405465108108164,-0.582215619852663,-0.350202429433115,-0.992301654173963,-0.175204089025091,-1.69834807039296,-0.677722710234314,0.235038338966359,0.315081046639895,-0.251314428280906,0.0953101798043247,-0.331645195872897,0.916290731874155,-0.154150679827258,-0.495101986448943,1.09861228866811,0,-0.483426649577876,-0.483426649577876,-0.61928533196149,-0.510825623765991,0,0,1,0,0,1,0,1,1,1,1,0,0,1,0,"Carolina.Chickadee","Barn.Swallow",-0.122326776811672
"537",0,0,-0.641853886172395,-0.0219350768662557,0.536801110169251,-0.112568518033606,0.516690743218389,-0.0101523714640181,-0.368763741257736,-0.0526437334854219,0.0896121586896871,-0.519875459285909,-0.641262345190934,0.510825623765991,0,-0.71533936121597,1.09861228866811,0.693147180559945,-0.0779615414697118,-0.0779615414697118,-0.642274850186189,0,1,1,1,0,0,1,0,0,1,1,1,1,0,1,1,"Carolina.Chickadee","Carolina.Wren",-0.101248516833152
"538",0,0.693147180559945,-0.741937344729377,0.0162605208717803,-0.470003629245736,-0.259085573005793,-0.884202417322655,-0.409990002706454,-0.22314355131421,-0.126751705639144,-0.133531392624523,-0.614366302706831,-0.76363705831449,0.510825623765991,-0.510825623765991,-0.629736636817166,0.405465108108164,1.09861228866811,-0.637577329405135,-0.637577329405135,-0.734826407551434,0.405465108108164,0,1,1,0,0,1,0,1,1,1,0,0,1,0,1,"Carolina.Chickadee","White.breasted.Nuthatch",-0.185508833842041
"539",0,0.693147180559945,-0.0198026272961796,0.337279013591153,-0.178038895001954,-0.0598734010474143,-0.281081388420429,-0.100245414991056,0,-0.0526437334854219,0.0588405000229334,-0.454736157114947,-0.541801551660296,0.510825623765991,-0.405465108108164,-0.38723405403181,0.405465108108164,0.405465108108164,1.12601126285622,1.12601126285622,0.0332507290239367,0,1,0,1,0,0,1,0,1,1,1,1,1,1,1,1,"Carolina.Chickadee","Brown.headed.Nuthatch",0.0826771701993165
"540",-1.09861228866811,0,-1.57897870494939,-0.863298201733645,-0.0548766102258344,-0.655202248995822,-0.706219262127298,-0.647032006839816,-0.777339271780293,-0.359374000907897,-0.273293334999681,-0.614366302706831,-0.909526331785613,0.916290731874155,0,-0.38723405403181,0.405465108108164,0.405465108108164,-0.483426649577876,-0.483426649577876,-1.53091405072983,0.405465108108164,0,0,0,0,0,1,0,0,1,1,0,1,1,0,0,"Carolina.Chickadee","Northern.Mockingbird",0.0816781013506547
"541",-0.693147180559945,0.693147180559945,-1.92861865194525,-0.898389521544915,0.338525625433055,-0.612306282076438,-0.205443974214809,-0.555720943673882,-0.83759846329849,-0.532216813747308,-0.433635985074861,-1.07303544687846,-1.21847389501674,0.916290731874155,0,-0.495101986448943,0,1.09861228866811,1.2691121064969,1.2691121064969,-1.90746627694003,0,1,0,1,0,0,1,1,0,1,1,1,1,1,0,0,"Carolina.Chickadee","Brown.Thrasher",-0.0561355476302684
"542",-0.693147180559945,0,-1.01160091167848,-0.231175723011474,-0.520014049820397,-0.314966031400249,-1.01319453751376,-0.488120830072234,-0.285991454973873,-0.195744577126095,-0.182321556793955,-0.321204764490425,-0.548316232681489,0.22314355131421,0.182321556793955,-0.495101986448943,0.405465108108164,0.693147180559945,-0.276812400214877,-0.276812400214877,-1.05389382386873,0.405465108108164,0,0,1,0,0,1,0,0,1,1,1,1,0,1,1,"Carolina.Chickadee","Eastern.Bluebird",-0.288915514683907
"543",-1.09861228866811,0.693147180559945,-1.61143591509677,-0.362905493689368,-0.321711821038092,-0.51803362614177,-0.933682474586024,-0.594003130244899,-0.774228849365901,-0.37806613392005,-0.376477571234912,-0.589468751085104,-0.758387702428346,0.510825623765991,0.405465108108164,-0.212244851416587,-0.287682072451781,0.693147180559945,0.333773179652048,0.372239460479844,-1.64325946090961,0.405465108108164,0,1,1,0,0,1,0,0,1,1,1,1,1,1,0,"Carolina.Chickadee","Wood.Thrush",-0.107289527720739
"544",-1.09861228866811,-0.405465108108164,-2.06051353179432,-0.657227464728027,-0.396881364416773,-0.652989858712881,-1.17459819564603,-0.77004523155401,-0.792747897133138,-0.608589792531882,-0.470003629245736,-0.638658995275876,-0.966684745625562,0.916290731874155,0.405465108108164,-0.136762885062892,0.405465108108164,-0.154150679827258,-0.637577329405135,-0.637577329405135,-2.03402567814935,0.405465108108164,0,1,0,0,0,1,0,1,1,1,1,1,1,1,0,"Carolina.Chickadee","American.Robin",-0.191405606482102
"545",-0.693147180559945,0,-0.76080582903376,-0.288689629212081,-0.343771539102824,-0.171626267677207,-0.620387826277517,-0.272257602126149,-0.161843025450414,-0.795801334620029,-0.634306680537012,-0.241162056816888,-0.174802724379927,0.916290731874155,-0.154150679827258,-0.136762885062892,0.405465108108164,-0.154150679827258,-0.637577329405135,-0.637577329405135,-0.735056583637155,0.405465108108164,0,0,0,0,0,0,0,1,1,1,0,1,0,0,1,"Carolina.Chickadee","House.Finch",0.253593429158111
"546",0,0.693147180559945,-0.246860077931526,0.0265592730723549,-0.347401307153403,-0.0678574753956349,-0.516074979652134,-0.171492154863746,0.0919374953256856,-0.532216813747308,-0.205852054204149,-0.217064505237827,-0.25629575863111,0.916290731874155,-0.154150679827258,-0.629736636817166,1.09861228866811,0.405465108108164,0.615185639090233,0.615185639090233,-0.217688700631246,0,1,0,0,0,0,1,0,1,1,1,0,1,0,0,1,"Carolina.Chickadee","American.Goldfinch",0.0769888805108426
"547",-1.09861228866811,0,-0.198850858745165,-0.121360857004267,-0.21593816759294,-0.0816780310142672,-0.357551752412267,-0.145365850271526,-0.0965379270426473,-0.280902385466402,-0.133531392624523,-0.0588405000229335,-0.386560953469012,0.916290731874155,-0.154150679827258,-0.294736906178066,0.405465108108164,0.182321556793955,-0.719815427642107,-0.719815427642107,-0.248109297331958,0.405465108108164,0,0,0,0,0,1,0,1,1,1,1,1,1,0,0,"Carolina.Chickadee","Chipping.Sparrow",0.526613048958341
"548",-0.693147180559945,0,-1.38629436111989,-0.614531545531537,0.360344672827695,-0.409711398989615,0.0266682470821615,-0.336229252778443,-0.60120968523426,-0.795801334620029,-0.451985123743057,-0.395312736644147,-0.548316232681489,0.916290731874155,0,0.0634105437427794,-0.287682072451781,0.182321556793955,-0.0679112056162104,-0.0679112056162104,-1.37300646679296,0.405465108108164,0,1,0,0,0,1,0,0,1,1,0,1,0,0,0,"Carolina.Chickadee","Eastern.Towhee",0.155030800821355
"549",0,0,-0.912282710476616,-0.369893642323297,-0.0882926071456783,-0.252495763326737,-0.357551752412267,-0.263148885927909,-0.567308133558578,-0.532216813747308,-0.315852949418477,-0.464305608131098,-0.605113831074623,0.510825623765991,0.182321556793955,-0.629736636817166,0.405465108108164,1.09861228866811,-0.126751705639144,-0.126751705639144,-0.970778917158225,0.405465108108164,0,0,1,1,0,1,0,1,1,1,1,0,0,1,1,"Carolina.Chickadee","Yellow.breasted.Chat",0.0917494062667363
"550",-0.693147180559945,-0.405465108108164,-2.2170272046324,-0.30665418418738,-0.240429187601235,-0.605361809723626,-0.91277578976671,-0.608914869740581,-0.989239731520323,-0.795801334620029,-0.555525802683897,-1.10866262452161,-1.32549416209293,0.916290731874155,-0.154150679827258,-0.38723405403181,0.405465108108164,0.405465108108164,-0.301105092783922,-0.301105092783922,-2.24664946066374,0.405465108108164,0,0,1,1,0,1,0,0,1,0,1,1,0,1,0,"Carolina.Chickadee","Eastern.Meadowlark",0.178473648186174
"551",-1.09861228866811,-0.405465108108164,-1.62531126159039,-0.583521308788977,-0.207639364778244,-0.6373645408098,-0.891422665296142,-0.696542769561084,-0.637577329405135,-0.866418901833982,-0.470003629245736,-0.847297860387204,-0.936313647749263,0.916290731874155,0.405465108108164,-0.38723405403181,0.405465108108164,0.405465108108164,-0.301105092783922,-0.301105092783922,-1.68906207098971,0.405465108108164,0,0,0,0,0,1,0,1,1,1,1,1,0,0,0,"Carolina.Chickadee","Red.winged.Blackbird",-0.0722231740852843
"552",-1.09861228866811,0,-1.39376637595859,-0.341643176037445,-0.526093095896779,-0.381056143229239,-1.08980165898595,-0.579818495252942,-0.512176062863862,-0.877718457087915,-0.505094949057006,-0.519875459285909,-0.681847625306012,0.22314355131421,0.182321556793955,-0.38723405403181,0.405465108108164,0.405465108108164,-0.447799471934725,-0.447799471934725,-1.41196210786847,0.405465108108164,0,0,0,0,0,1,0,1,1,1,1,1,0,1,0,"Carolina.Chickadee","Brown.headed.Cowbird",0.418007556163004
"553",-0.693147180559945,-0.405465108108164,-2.35327820730956,-0.868387271241116,-0.283828503135791,-0.736858613650362,-1.10153199877144,-0.815455110814619,-0.877718457087915,-1.0430424375133,-0.735111379658977,-1.19484032076266,-1.31045628472839,1.6094379124341,-0.154150679827258,0,0,0,0.615185639090233,0.615185639090233,-2.33640664146956,0,1,0,0,0,0,1,0,0,0,0,1,0,0,0,0,"Carolina.Chickadee","Common.Grackle",0.358535771922717
"554",-1.09861228866811,0.693147180559945,-0.631271776841858,-0.0160003413464411,-0.244453337900961,-0.15900211444881,-0.473287704446925,-0.219053566062685,-0.409959497696004,-0.102654154060083,-0.0281708769666963,-0.298981627705714,-0.528643467082784,0.510825623765991,0,-0.629736636817166,0.405465108108164,1.09861228866811,-0.0266682470821613,-0.0266682470821613,-0.688335623562723,0.405465108108164,0,1,1,0,0,1,1,1,1,1,1,1,0,1,0,"Carolina.Chickadee","Ovenbird",0.304213932505507
"555",-1.09861228866811,0.693147180559945,0.0512932943875505,0.00404040953700513,0.191595193579284,0.0591629246589686,0.293547191904179,0.0722781454766456,-0.31105542363709,0.114410351177744,0.154150679827258,-0.179793110440596,-0.355550716726451,1.6094379124341,0,-0.824759093818555,1.09861228866811,1.09861228866811,-0.910870664404816,-0.910870664404816,-0.0791807978744413,0.405465108108164,0,0,1,0,0,1,0,1,1,1,1,1,0,1,1,"Carolina.Chickadee","Common.Yellowthroat",-0.0349674836625401
"556",-1.09861228866811,0,-0.165514438477573,-0.0849932128333926,-0.382992252256106,-0.0855919303354035,-0.591677720395086,-0.199742621149597,-0.228534399949086,-0.0266682470821612,0.121360857004267,-0.192371892647456,-0.409203430218771,0.510825623765991,0.405465108108164,-0.212244851416587,0,0.405465108108164,-0.499955951529087,-0.499955951529087,-0.162118849476435,0.405465108108164,0,1,1,0,1,1,0,1,1,1,1,1,0,1,1,"Carolina.Chickadee","Pine.Warbler",0.454732164797631
"557",-1.09861228866811,0.693147180559945,-1.0681530811834,-0.362905493689368,-0.403754243704535,-0.360497416208203,-0.89501333342687,-0.447646722144459,-0.275787284799632,-0.88889175768604,-0.8754687373539,-0.700694386195328,-0.768859002295642,0.510825623765991,0.405465108108164,-0.38723405403181,0.405465108108164,0.405465108108164,-0.301105092783922,-0.301105092783922,-1.01557844533855,0.405465108108164,0,1,1,0,0,1,0,1,1,1,1,1,0,1,1,"Carolina.Chickadee","Summer.Tanager",-0.015395142878361
"558",0,0,-1.44926916028128,-0.71901927038554,0.2295744416445,-0.502707655663543,-0.219628609206765,-0.46381958139006,-0.504045936780612,-1.20126644272819,-0.977251431663842,-0.800777844752311,-0.681847625306012,1.6094379124341,0.182321556793955,-0.38723405403181,-0.287682072451781,1.09861228866811,-0.0779615414697118,-0.0779615414697118,-1.45507387651472,0.405465108108164,0,0,0,0,0,1,0,0,1,1,0,1,0,0,1,"Carolina.Chickadee","Northern.Cardinal",0.264499576155028
"559",-1.09861228866811,0,-1.00795792039998,-0.261122799379426,-0.160722444990493,-0.357525645819045,-0.557106376329997,-0.381367556529104,-0.315993705277672,-1.08042996958492,-0.748717031714756,-0.622529613345992,-0.647162067318122,0.510825623765991,0.182321556793955,-0.212244851416587,0.405465108108164,0,-0.301105092783922,-0.301105092783922,-1.02388874247217,0.405465108108164,0,0,0,0,0,1,0,1,1,1,1,1,0,1,0,"Carolina.Chickadee","Blue.Grosbeak",-0.184462696783025
"560",-1.09861228866811,0,-0.385262400790645,0.0142134372500554,-0.143100843640673,-0.0678574753956349,-0.254234138384241,-0.0971637484536477,-0.150282203049338,-0.516216472400867,-0.376477571234912,-0.141078598259905,-0.273537565065616,0.510825623765991,0.405465108108164,0.183639665258678,-0.287682072451781,0,-0.217723483844871,-0.217723483844871,-0.407063829471862,0.405465108108164,0,0,0,0,0,0,0,1,1,1,0,1,0,0,0,"Carolina.Chickadee","Indigo.Bunting",-0.147109143059894
"575",0,0,0,0,0,0,0,0,0,0,0,0,0,0,0,0,0,0,0,0,0,0,1,1,1,1,1,1,1,1,1,1,1,1,1,1,1,"Purple.Martin","Purple.Martin",1
"576",-1.09861228866811,-0.405465108108164,1.10047275432103,0.0280130362276739,-0.0114724011622368,0.233093882167378,0.206635650953138,0.239927641155881,0.2484613592985,0.575364144903562,0.2708749541354,0.448950220047903,0.303682413798222,0,0.133531392624523,0,0,0,0.0645385211375712,0.0645385211375712,0.953986397488549,-0.916290731874155,0,0,1,1,0,1,0,1,1,1,1,0,1,1,1,"Purple.Martin","Barn.Swallow",-0.14349322641674
"577",0,0,1.0408344880013,0.356280388794533,1.51763036318098,0.295729453158863,2.42167446456448,0.907497979926177,-0.355340720925596,0.207639364778245,0.611801541105993,-0.16623541904233,-0.00593473551981447,-0.405465108108164,0.287682072451781,-0.220237374767027,0,0.693147180559945,0.470003629245736,0.470003629245736,0.93099687926385,-0.405465108108164,0,0,1,1,0,1,0,0,1,1,1,1,1,1,0,"Purple.Martin","Carolina.Wren",0.513523247665872
"578",0,0.693147180559945,0.940751029444316,0.394475986532569,0.510825623765991,0.149212398186676,1.02078130402344,0.507660348683741,-0.209720530982069,0.133531392624523,0.388657989791783,-0.260726262463253,-0.128309448643371,-0.405465108108164,-0.22314355131421,-0.134634650368223,-0.693147180559945,1.09861228866811,-0.0896121586896872,-0.0896121586896872,0.838445321898605,0,1,0,1,0,0,1,0,1,1,1,0,0,0,0,0,"Purple.Martin","White.breasted.Nuthatch",-0.364135098785079
"579",0,0.693147180559945,1.66288574687751,0.715494479251942,0.802790358009772,0.348424570145054,1.62390233292567,0.817404936399139,0.0134230203321406,0.207639364778245,0.581029882439239,-0.101096116871369,0.0935260580108235,-0.405465108108164,-0.117783035656384,0.107867932417132,-0.693147180559945,0.405465108108164,1.67397643357167,1.67397643357167,1.60652245847398,-0.405465108108164,0,0,1,0,1,1,0,1,1,1,1,1,0,1,0,"Purple.Martin","Brown.headed.Nuthatch",-0.206784334318853
"580",-1.09861228866811,0,0.103709669224301,-0.485082736072856,0.925952642785892,-0.246904277803353,1.1987644592188,0.270618344550378,-0.763916251448153,-0.0990909026442309,0.248896047416625,-0.260726262463253,-0.274198722114494,0,0.287682072451781,0.107867932417132,-0.693147180559945,0.405465108108164,0.0645385211375712,0.0645385211375712,0.0423576787202055,0,1,0,0,0,0,1,1,0,1,1,0,1,0,0,0,"Purple.Martin","Northern.Mockingbird",0.257412171732236
"581",-0.693147180559945,0.693147180559945,-0.245930277771559,-0.520174055884126,1.31935487844478,-0.204008310883969,1.69953974713129,0.361929407716313,-0.82417544296635,-0.271933715483642,0.088553397341445,-0.719395406634882,-0.583146285345617,0,0.287682072451781,0,-1.09861228866811,1.09861228866811,1.81707727721234,1.81707727721234,-0.334194547489987,-0.405465108108164,0,0,1,0,0,1,0,0,1,1,1,1,0,0,0,"Purple.Martin","Brown.Thrasher",-0.0436793524931886
"582",-0.693147180559945,0,0.671087462495213,0.147039742649315,0.460815203191329,0.0933319397922191,0.891789183832338,0.429529521317961,-0.272568434641733,0.0645385211375712,0.339867825622351,0.032435275753154,0.0870113769896297,-0.693147180559945,0.470003629245736,0,-0.693147180559945,0.693147180559945,0.27115277050057,0.27115277050057,0.519377905581308,0,1,0,1,0,0,1,1,0,1,1,1,1,1,1,0,"Purple.Martin","Eastern.Bluebird",-0.00496490683534427
"583",-1.09861228866811,0.693147180559945,0.0712524590769196,0.0153099719714205,0.659117431973634,-0.109735654949302,0.971301246760071,0.323647221145296,-0.76080582903376,-0.117783035656384,0.145711811181394,-0.235828710841526,-0.123060092757227,-0.405465108108164,0.693147180559945,0.282857135032356,-1.38629436111989,0.693147180559945,0.881738350367495,0.920204631195291,-0.0699877314595719,0,1,0,1,0,0,1,0,0,1,1,1,1,0,1,0,"Purple.Martin","Wood.Thrush",0.152594678313293
"584",-1.09861228866811,-0.405465108108164,-0.377825157620624,-0.279011999067238,0.583947888594953,-0.244691887520413,0.730385525700064,0.147605119836185,-0.779324876800998,-0.348306694268216,0.0521857531705702,-0.285018955032297,-0.331357135954442,0,0.693147180559945,0.35833910138605,-0.693147180559945,-0.154150679827258,-0.0896121586896872,-0.0896121586896872,-0.460753948699314,0,1,0,0,0,0,1,1,1,1,1,1,1,0,1,0,"Purple.Martin","American.Robin",0.637594280072631
"585",-0.693147180559945,0,0.921882545139933,0.0895258364487082,0.637057713908902,0.236671703515262,1.28459589506858,0.645392749264045,-0.148420005118273,-0.535518236356362,-0.112117298120706,0.11247798342669,0.460524885291192,0,0.133531392624523,0.35833910138605,-0.693147180559945,-0.154150679827258,-0.0896121586896872,-0.0896121586896872,0.838215145812884,0,1,0,0,0,0,0,0,1,1,1,0,1,0,0,0,"Purple.Martin","House.Finch",-0.431067121565161
"586",0,0.693147180559945,1.43582829624217,0.404774738733144,0.633427945858323,0.340440495796834,1.38890874169396,0.746158196526449,0.105360515657826,-0.271933715483642,0.316337328212157,0.136575535005751,0.379031851040009,0,0.133531392624523,-0.134634650368223,0,0.405465108108164,1.16315080980568,1.16315080980568,1.35558302881879,-0.405465108108164,0,0,0,0,0,1,0,1,1,1,0,1,0,0,0,"Purple.Martin","American.Goldfinch",-0.218493265999713
"587",-1.09861228866811,0,1.48383751542853,0.256854608656521,0.764891085418787,0.326619940178201,1.54743196893383,0.772284501118669,-0.0831149067105067,-0.0206192872027358,0.388657989791783,0.294799540220645,0.248766656202108,0,0.133531392624523,0.200365080270877,-0.693147180559945,0.182321556793955,-0.171850256926659,-0.171850256926659,1.32516243211808,0,1,0,0,0,1,1,0,1,1,1,1,1,0,0,0,"Purple.Martin","Chipping.Sparrow",0.188078153088318
"588",-0.693147180559945,0,0.296394013053802,-0.236316079870748,1.34117392583942,-0.00141342779714696,1.93165196842826,0.581421098611752,-0.587786664902119,-0.535518236356362,0.0702042586732486,-0.0416726964005681,0.0870113769896297,0,0.287682072451781,0.558512530191722,-1.38629436111989,0.182321556793955,0.480053965099237,0.480053965099237,0.200265262657084,0,1,0,0,0,0,1,0,0,1,1,0,1,0,0,0,"Purple.Martin","Eastern.Towhee",-0.184449459644688
"589",0,0,0.770405663697077,0.00832182333749228,0.892536645866048,0.155802207865731,1.54743196893383,0.654501465462286,-0.553885113226438,-0.271933715483642,0.206336432997829,-0.110665567887519,0.0302137785964966,-0.405465108108164,0.470003629245736,-0.134634650368223,-0.693147180559945,1.09861228866811,0.421213465076303,0.421213465076303,0.602492812291814,0,1,0,1,0,0,1,1,1,1,1,1,0,1,1,0,"Purple.Martin","Yellow.breasted.Chat",-0.213465849677955
"590",-0.693147180559945,-0.405465108108164,-0.534338830458706,0.0715612814734093,0.740400065410491,-0.197063838531158,0.992207931579385,0.308735481649613,-0.975816711188182,-0.535518236356362,-0.0333364202675917,-0.755022584278033,-0.690166552421807,0,0.133531392624523,0.107867932417132,-0.693147180559945,0.405465108108164,0.246860077931526,0.246860077931526,-0.673377731213703,0,1,0,1,0,0,1,0,0,1,0,1,1,1,1,0,"Purple.Martin","Eastern.Meadowlark",0.198150440862492
"591",-1.09861228866811,-0.405465108108164,0.0573771125833024,-0.205305843128188,0.773189888233482,-0.229066569617332,1.01356105604995,0.221107581829111,-0.624154309072994,-0.606135803570316,0.0521857531705702,-0.493657820143625,-0.300986038078144,0,0.693147180559945,0.107867932417132,-0.693147180559945,0.405465108108164,0.246860077931526,0.246860077931526,-0.115790341539673,0,1,1,0,0,1,1,0,1,1,1,1,1,0,0,0,"Purple.Martin","Red.winged.Blackbird",-0.25796511707742
"592",-1.09861228866811,0,0.288921998215101,0.036572289623344,0.454736157114947,0.0272418279632292,0.815182062360141,0.337831856137252,-0.498753042531721,-0.617435358824249,0.0170944333593003,-0.16623541904233,-0.0465200156348929,-0.693147180559945,0.470003629245736,0.107867932417132,-0.693147180559945,0.405465108108164,0.100165698780722,0.100165698780722,0.161309621581571,0,1,0,0,0,1,1,0,1,1,1,1,1,1,1,0,"Purple.Martin","Brown.headed.Cowbird",-0.0666438326843695
"593",-0.693147180559945,-0.405465108108164,-0.670589833135871,-0.490171805580327,0.697000749875935,-0.328560642457893,0.803451722574651,0.102195240575576,-0.864295436755775,-0.782759339249632,-0.212921997242672,-0.841200280519085,-0.675128675057267,0.693147180559945,0.133531392624523,0.495101986448943,-1.09861228866811,0,1.16315080980568,1.16315080980568,-0.763134912019517,-0.405465108108164,0,0,0,0,0,1,0,0,0,0,1,0,1,0,0,"Purple.Martin","Common.Grackle",0.184728775011602
"594",-1.09861228866811,0.693147180559945,1.05141659733184,0.362215124314348,0.736375915110765,0.249295856743658,1.43169601689917,0.69859678532751,-0.396536477363863,0.157628944203583,0.494018505449609,0.054658412537864,0.106684142588335,-0.405465108108164,0.287682072451781,-0.134634650368223,-0.693147180559945,1.09861228866811,0.521296923633286,0.521296923633286,0.884936105887316,0,1,0,1,0,1,1,0,1,1,1,1,1,1,1,0,"Purple.Martin","Ovenbird",0.0368592496416158
"595",-1.09861228866811,0.693147180559945,1.73398166856124,0.382255875197794,1.17242444659101,0.467460895851437,2.19853091325027,0.98992849686684,-0.297632403304949,0.374693449441411,0.676340062243564,0.173846929802982,0.279776892944668,0.693147180559945,0.287682072451781,-0.329657107369612,0,1.09861228866811,-0.362905493689368,-0.362905493689368,1.4940909315756,0,1,1,1,1,1,1,0,1,1,1,1,1,1,1,0,"Purple.Martin","Common.Yellowthroat",-0.145307996501255
"596",-1.09861228866811,0,1.51717393569612,0.293222252827396,0.59783700075562,0.322706040857065,1.31330600095101,0.717907730240597,-0.215111379616946,0.233614851181505,0.643550239420573,0.161268147596122,0.226124179452348,-0.405465108108164,0.693147180559945,0.282857135032356,-1.09861228866811,0.405465108108164,0.0480092191863607,0.0480092191863607,1.4111528799736,0,1,0,1,0,0,1,0,1,1,1,1,1,1,1,0,"Purple.Martin","Pine.Warbler",-0.141658135340655
"597",-1.09861228866811,0.693147180559945,0.614535292990292,0.0153099719714205,0.577075009307191,0.0478005549842657,1.00997038791923,0.470003629245735,-0.262364264467491,-0.628608659422374,-0.353279354937594,-0.34705434595175,-0.133531392624522,-0.405465108108164,0.693147180559945,0.107867932417132,-0.693147180559945,0.405465108108164,0.246860077931526,0.246860077931526,0.557693284111494,0,1,0,1,0,0,1,1,1,1,1,1,1,1,1,0,"Purple.Martin","Summer.Tanager",-0.129087577718951
"598",0,0,0.233419213892414,-0.340803804724752,1.21040369465623,-0.0944096844710746,1.68535511213933,0.453830770000134,-0.490622916448471,-0.940983344464527,-0.455062049247537,-0.447137804508732,-0.0465200156348929,0.693147180559945,0.470003629245736,0.107867932417132,-1.38629436111989,1.09861228866811,0.470003629245736,0.470003629245736,0.118197852935323,0,1,0,0,0,0,1,0,0,1,1,0,1,0,0,0,"Purple.Martin","Northern.Cardinal",0.258390547330382
"599",-1.09861228866811,0,0.674730453773714,0.117092666281363,0.820106808021233,0.0507723253734231,1.3478773450161,0.536282794861091,-0.302570684945532,-0.820146871321253,-0.22652764929845,-0.268889573102414,-0.0118344576470028,-0.405465108108164,0.470003629245736,0.282857135032356,-0.693147180559945,0,0.246860077931526,0.246860077931526,0.549382986977866,0,1,0,0,0,1,1,0,1,1,1,1,1,1,1,0,"Purple.Martin","Blue.Grosbeak",0.412570796921126
"600",-1.09861228866811,0,1.29742597338305,0.392428902910844,0.837728409371053,0.340440495796834,1.65074958296186,0.820486602936547,-0.136859182717197,-0.255933374137201,0.145711811181394,0.212561441983673,0.361790044605503,-0.405465108108164,0.693147180559945,0.678741651707621,-1.38629436111989,0,0.330241686870577,0.330241686870577,1.16620789997818,0,1,0,0,0,0,0,0,1,1,1,0,1,0,0,0,"Purple.Martin","Indigo.Bunting",-0.140558224545436
"616",0,0,0,0,0,0,0,0,0,0,0,0,0,0,0,0,0,0,0,0,0,0,1,1,1,1,1,1,1,1,1,1,1,1,1,1,1,"Barn.Swallow","Barn.Swallow",1
"617",1.09861228866811,0.405465108108164,-0.0596382663197312,0.328267352566859,1.52910276434321,0.062635570991485,2.21503881361135,0.667570338770296,-0.603802080224095,-0.367724780125317,0.340926586970593,-0.615185639090233,-0.309617149318036,-0.405465108108164,0.154150679827258,-0.220237374767027,0,0.693147180559945,0.405465108108164,0.405465108108164,-0.0229895182246987,0.510825623765991,0,0,1,1,1,1,1,0,1,1,1,0,1,1,0,"Barn.Swallow","Carolina.Wren",0.170314647443082
"618",1.09861228866811,1.09861228866811,-0.159721724876714,0.366462950304895,0.522298024928228,-0.0838814839807021,0.814145653070303,0.26773270752786,-0.458181890280569,-0.441832752279039,0.117783035656383,-0.709676482511156,-0.431991862441593,-0.405465108108164,-0.356674943938732,-0.134634650368223,-0.693147180559945,1.09861228866811,-0.154150679827258,-0.154150679827258,-0.115541075589944,0.916290731874155,0,0,1,0,1,1,0,1,1,1,0,1,0,0,0,"Barn.Swallow","White.breasted.Nuthatch",0.74893014941858
"619",1.09861228866811,1.09861228866811,0.562412992556484,0.687481443024268,0.814262759172009,0.115330687977676,1.41726668197253,0.577477295243258,-0.235038338966359,-0.367724780125317,0.31015492830384,-0.550046336919272,-0.210156355787399,-0.405465108108164,-0.251314428280906,0.107867932417132,-0.693147180559945,0.405465108108164,1.6094379124341,1.6094379124341,0.652536060985427,0.510825623765991,0,0,1,0,0,1,0,1,1,1,1,0,0,1,0,"Barn.Swallow","Brown.headed.Nuthatch",0.423241541324744
"620",0,0.405465108108164,-0.996763085096728,-0.51309577230053,0.937425043948129,-0.479998159970731,0.99212880826566,0.0306907033944974,-1.01237761074665,-0.674455047547793,-0.0219789067187751,-0.709676482511156,-0.577881135912716,0,0.154150679827258,0.107867932417132,-0.693147180559945,0.405465108108164,0,0,-0.911628718768344,0.916290731874155,0,0,0,0,0,1,0,0,1,1,0,0,0,0,0,"Barn.Swallow","Northern.Mockingbird",0.383496117222892
"621",0.405465108108164,1.09861228866811,-1.34640303209259,-0.5481870921118,1.33082727960702,-0.437102193051347,1.49290409617815,0.122001766560432,-1.07263680226485,-0.847297860387204,-0.182321556793955,-1.16834562668278,-0.886828699143839,0,0.154150679827258,0,-1.09861228866811,1.09861228866811,1.75253875607477,1.75253875607477,-1.28818094497854,0.510825623765991,0,0,1,0,0,1,0,0,1,1,1,0,0,0,0,"Barn.Swallow","Brown.Thrasher",0.33709789790648
"622",0.405465108108164,0.405465108108164,-0.429385291825816,0.119026706421641,0.472287604353566,-0.139761942375159,0.6851535328792,0.18960188016208,-0.521029793940232,-0.51082562376599,0.0689928714869514,-0.416514944294749,-0.216671036808592,-0.693147180559945,0.336472236621213,0,-0.693147180559945,0.693147180559945,0.206614249362999,0.206614249362999,-0.434608491907241,0.916290731874155,0,0,1,0,0,1,0,0,1,1,1,0,1,1,0,"Barn.Swallow","Eastern.Bluebird",0.173251242485958
"623",0,1.09861228866811,-1.02922029524411,-0.0127030642562535,0.670589833135871,-0.342829537116679,0.764665595806933,0.083719579989415,-1.00926718833226,-0.693147180559945,-0.125163142954006,-0.684778930889429,-0.426742506555449,-0.405465108108164,0.559615787935423,0.282857135032356,-1.38629436111989,0.693147180559945,0.817199829229924,0.85566611005772,-1.02397412894812,0.916290731874155,0,0,1,0,0,1,0,0,1,1,1,0,0,1,0,"Barn.Swallow","Wood.Thrush",0.107100087110639
"624",0,0,-1.47829791194165,-0.307025035294912,0.59542028975719,-0.47778576968779,0.523749874746926,-0.0923225213196964,-1.0277862360995,-0.923670839171778,-0.218689200964829,-0.7339691750802,-0.635039549752665,0,0.559615787935423,0.35833910138605,-0.693147180559945,-0.154150679827258,-0.154150679827258,-0.154150679827258,-1.41474034618786,0.916290731874155,0,0,0,0,0,1,0,1,1,1,1,0,0,1,0,"Barn.Swallow","American.Robin",0.0588839576575403
"625",0.405465108108164,0.405465108108164,-0.178590209181096,0.0615128002210342,0.648530115071139,0.00357782134788412,1.07796024411544,0.405465108108164,-0.396881364416773,-1.11088238125992,-0.382992252256106,-0.336472236621213,0.15684247149297,0,0,0.35833910138605,-0.693147180559945,-0.154150679827258,-0.154150679827258,-0.154150679827258,-0.115771251675665,0.916290731874155,0,0,0,0,0,0,0,1,1,1,0,0,0,0,0,"Barn.Swallow","House.Finch",0.181180498802183
"626",1.09861228866811,1.09861228866811,0.335355541921138,0.37676170250547,0.64490034702056,0.107346613629456,1.18227309074082,0.506230555370568,-0.143100843640673,-0.847297860387204,0.0454623740767574,-0.312374685042152,0.0753494372417868,0,0,-0.134634650368223,0,0.405465108108164,1.09861228866811,1.09861228866811,0.401596631330244,0.510825623765991,0,0,0,0,1,1,0,1,1,1,0,0,0,0,0,"Barn.Swallow","American.Goldfinch",0.497947314403011
"627",0,0.405465108108164,0.383364761107498,0.228841572428848,0.776363486581023,0.0935260580108235,1.34079631798069,0.532356859962788,-0.331576266009006,-0.595983432106298,0.117783035656383,-0.154150679827258,-0.0549157575961147,0,0,0.200365080270877,-0.693147180559945,0.182321556793955,-0.23638877806423,-0.23638877806423,0.371176034629532,0.916290731874155,0,0,0,0,0,1,0,1,1,1,1,0,0,0,0,"Barn.Swallow","Chipping.Sparrow",-0.562628369703811
"628",0.405465108108164,0.405465108108164,-0.804078741267227,-0.264329116098422,1.35264632700166,-0.234507309964525,1.72501631747512,0.341493457455871,-0.836248024200619,-1.11088238125992,-0.200670695462151,-0.490622916448471,-0.216671036808592,0,0.154150679827258,0.558512530191722,-1.38629436111989,0.182321556793955,0.415515443961666,0.415515443961666,-0.753721134831465,0.916290731874155,0,0,0,0,0,1,0,0,1,1,0,0,0,0,0,"Barn.Swallow","Eastern.Towhee",0.388023957774647
"629",1.09861228866811,0.405465108108164,-0.330067090623953,-0.0196912128901817,0.904009047028285,-0.0772916743016465,1.34079631798069,0.414573824306405,-0.802346472524937,-0.847297860387204,-0.0645385211375712,-0.559615787935423,-0.273468635201726,-0.405465108108164,0.336472236621213,-0.134634650368223,-0.693147180559945,1.09861228866811,0.356674943938732,0.356674943938732,-0.351493585196735,0.916290731874155,0,0,1,0,0,1,0,1,1,1,1,1,1,1,0,"Barn.Swallow","Yellow.breasted.Chat",0.184323145979276
"630",0.405465108108164,0,-1.63481158477974,0.0435482452457355,0.751872466572728,-0.430157720698536,0.785572280626247,0.0688078404937322,-1.22427807048668,-1.11088238125992,-0.304211374402991,-1.20397280432594,-0.99384896622003,0,0,0.107867932417132,-0.693147180559945,0.405465108108164,0.182321556793955,0.182321556793955,-1.62736412870225,0.916290731874155,0,0,1,0,1,1,0,0,1,0,1,0,1,1,0,"Barn.Swallow","Eastern.Meadowlark",-0.0751069300983554
"631",0,0,-1.04309564173773,-0.233318879355862,0.784662289395719,-0.46216045178471,0.806925405096816,-0.0188200593267699,-0.872615668371494,-1.18149994847388,-0.218689200964829,-0.942608040191528,-0.604668451876366,0,0.559615787935423,0.107867932417132,-0.693147180559945,0.405465108108164,0.182321556793955,0.182321556793955,-1.06977673902822,0.916290731874155,0,0,0,0,0,1,0,1,1,1,1,0,0,0,0,"Barn.Swallow","Red.winged.Blackbird",-0.0997604438982122
"632",0,0.405465108108164,-0.811550756105928,0.00855925339567013,0.466208558277184,-0.205852054204149,0.608546411407003,0.0979042149813714,-0.747214401830221,-1.19279950372781,-0.2537805207761,-0.615185639090233,-0.350202429433115,-0.693147180559945,0.336472236621213,0.107867932417132,-0.693147180559945,0.405465108108164,0.035627177643151,0.035627177643151,-0.792676775906978,0.916290731874155,0,0,0,0,0,1,0,1,1,1,1,0,1,1,0,"Barn.Swallow","Brown.headed.Cowbird",0.32620233633844
"633",0.405465108108164,0,-1.7710625874569,-0.518184841808001,0.708473151038172,-0.561654524625271,0.596816071621513,-0.137732400580305,-1.11275679605427,-1.35812348415319,-0.483796951378071,-1.29015050056699,-0.978811088855489,0.693147180559945,0,0.495101986448943,-1.09861228866811,0,1.09861228866811,1.09861228866811,-1.71712130950807,0.510825623765991,0,0,0,0,0,1,0,0,0,0,1,1,1,0,0,"Barn.Swallow","Common.Grackle",0.0212074571256257
"634",0,1.09861228866811,-0.0490561569891943,0.334202088086674,0.747848316273002,0.0162019745762804,1.22506036594603,0.458669144171629,-0.644997836662363,-0.417735200699978,0.22314355131421,-0.394291807510039,-0.196998271209887,-0.405465108108164,0.154150679827258,-0.134634650368223,-0.693147180559945,1.09861228866811,0.456758402495715,0.456758402495715,-0.0690502916012332,0.916290731874155,0,0,1,0,0,1,0,1,1,1,1,0,1,1,0,"Barn.Swallow","Ovenbird",0.171091063176117
"635",0,1.09861228866811,0.633508914240214,0.35424283897012,1.18389684775325,0.234367013684059,1.99189526229714,0.750000855710959,-0.546093762603449,-0.200670695462151,0.405465108108164,-0.275103290244921,-0.0239055208535544,0.693147180559945,0.154150679827258,-0.329657107369612,0,1.09861228866811,-0.42744401482694,-0.42744401482694,0.540104534087049,0.916290731874155,0,0,1,1,0,1,1,1,1,1,1,0,1,1,0,"Barn.Swallow","Common.Yellowthroat",-0.145844303716036
"636",0,0.405465108108164,0.41670118137509,0.265209216599722,0.609309401917857,0.0896121586896871,1.10667034999787,0.477980089084716,-0.463572738915445,-0.341749293722057,0.372675285285174,-0.287682072451781,-0.0775582343458745,-0.405465108108164,0.559615787935423,0.282857135032356,-1.09861228866811,0.405465108108164,-0.0165293019512106,-0.0165293019512106,0.457166482485055,0.916290731874155,0,0,1,0,0,1,0,1,1,1,1,0,1,1,0,"Barn.Swallow","Pine.Warbler",0.147672835478829
"637",0,1.09861228866811,-0.485937461330738,-0.0127030642562535,0.588547410469428,-0.185293327183112,0.803334736966088,0.230075988089855,-0.510825623765991,-1.20397280432594,-0.624154309072994,-0.796004565999653,-0.437213806422745,-0.405465108108164,0.559615787935423,0.107867932417132,-0.693147180559945,0.405465108108164,0.182321556793955,0.182321556793955,-0.396293113377055,0.916290731874155,0,0,1,0,0,1,0,1,1,1,1,0,1,1,0,"Barn.Swallow","Summer.Tanager",0.346673512851961
"638",1.09861228866811,0.405465108108164,-0.867053540428615,-0.368816840952426,1.22187609581846,-0.327503566638453,1.47871946118619,0.213903128844254,-0.739084275746971,-1.51634748936809,-0.725937003382936,-0.896088024556636,-0.350202429433115,0.693147180559945,0.336472236621213,0.107867932417132,-1.38629436111989,1.09861228866811,0.405465108108164,0.405465108108164,-0.835788544553226,0.916290731874155,0,0,0,0,0,1,0,0,1,1,0,0,0,0,0,"Barn.Swallow","Northern.Cardinal",0.424905918576805
"639",0,0.405465108108164,-0.425742300547315,0.0890796300536889,0.83157920918347,-0.182321556793955,1.14124169406296,0.29635515370521,-0.551032044244031,-1.39551101622481,-0.49740260343385,-0.717839793150317,-0.315516871445225,-0.405465108108164,0.336472236621213,0.282857135032356,-0.693147180559945,0,0.182321556793955,0.182321556793955,-0.404603410510683,0.916290731874155,0,0,0,0,0,1,0,1,1,1,1,0,1,1,0,"Barn.Swallow","Blue.Grosbeak",0.0846877685619269
"640",0,0.405465108108164,0.196953219062019,0.36441586668317,0.84920081053329,0.107346613629456,1.44411393200872,0.580558961780666,-0.385320542015697,-0.831297519040762,-0.125163142954006,-0.23638877806423,0.0581076308072808,-0.405465108108164,0.559615787935423,0.678741651707621,-1.38629436111989,0,0.265703165733006,0.265703165733006,0.212221502489629,0.916290731874155,0,0,0,0,0,0,0,1,1,1,0,0,0,0,0,"Barn.Swallow","Indigo.Bunting",0.171540963685504
"657",0,0,0,0,0,0,0,0,0,0,0,0,0,0,0,0,0,0,0,0,0,0,1,1,1,1,1,1,1,1,1,1,1,1,1,1,1,"Carolina.Wren","Carolina.Wren",1
"658",0,0.693147180559945,-0.100083458556983,0.0381955977380362,-1.00680473941499,-0.146517054972187,-1.40089316054104,-0.399837631242436,0.145620189943527,-0.074107972153722,-0.22314355131421,-0.0944908434209224,-0.122374713123557,0,-0.510825623765991,0.085602724398804,-0.693147180559945,0.405465108108164,-0.559615787935423,-0.559615787935423,-0.092551557365245,0.405465108108164,0,1,1,0,1,1,0,0,1,1,0,0,0,0,1,"Carolina.Wren","White.breasted.Nuthatch",-0.000684815057068184
"659",0,0.693147180559945,0.622051258876215,0.359214090457409,-0.714840005171205,0.0526951169861914,-0.797772131638818,-0.0900930435270378,0.368763741257736,0,-0.0307716586667535,0.0651393021709614,0.0994607935306379,0,-0.405465108108164,0.328105307184159,-0.693147180559945,-0.287682072451781,1.20397280432594,1.20397280432594,0.675525579210126,0,1,0,1,0,0,1,0,0,1,1,1,1,0,1,1,"Carolina.Wren","Brown.headed.Nuthatch",-0.23883669987536
"660",-1.09861228866811,0,-0.937124818776997,-0.841363124867389,-0.591677720395086,-0.542633730962216,-1.22291000534569,-0.636879635375798,-0.408575530522557,-0.306730267422475,-0.362905493689368,-0.0944908434209224,-0.26826398659468,0.405465108108164,0,0.328105307184159,-0.693147180559945,-0.287682072451781,-0.405465108108164,-0.405465108108164,-0.888639200543645,0.405465108108164,0,0,0,0,0,1,0,1,1,1,0,1,0,0,0,"Carolina.Wren","Northern.Mockingbird",0.142050418556381
"661",-0.693147180559945,0.693147180559945,-1.28676476577286,-0.876454444678659,-0.198275484736196,-0.499737764042832,-0.722134717433198,-0.545568572209864,-0.468834722040754,-0.479573080261886,-0.523248143764548,-0.553159987592552,-0.577211549825802,0.405465108108164,0,0.220237374767027,-1.09861228866811,0.405465108108164,1.34707364796661,1.34707364796661,-1.26519142675384,0,1,0,1,0,0,1,0,1,1,1,1,1,0,0,0,"Carolina.Wren","Brown.Thrasher",-0.192610376937917
"662",-0.693147180559945,0,-0.369747025506085,-0.209240646145218,-1.05681515998965,-0.202397513366644,-1.52988528073215,-0.477968458608216,0.0827722862838629,-0.143100843640673,-0.271933715483642,0.198670694795484,0.0929461125094443,-0.287682072451781,0.182321556793955,0.220237374767027,-0.693147180559945,0,-0.198850858745165,-0.198850858745165,-0.411618973682543,0.405465108108164,0,0,1,0,0,1,0,1,1,1,1,1,1,1,1,"Carolina.Wren","Eastern.Bluebird",0.35835186025536
"663",-1.09861228866811,0.693147180559945,-0.969582028924379,-0.340970416823113,-0.858512931207344,-0.405465108108164,-1.45037321780441,-0.58385075878088,-0.405465108108164,-0.325422400434628,-0.466089729924599,-0.0695932917991954,-0.117125357237413,0,0.405465108108164,0.503094509799383,-1.38629436111989,0,0.41173472112176,0.450201001949556,-1.00098461072342,0.405465108108164,0,1,1,0,0,1,0,0,1,1,1,1,0,1,0,"Carolina.Wren","Wood.Thrush",0.0581494860190401
"664",-1.09861228866811,-0.405465108108164,-1.41865964562192,-0.635292387861771,-0.933682474586024,-0.540421340679276,-1.69128893886442,-0.759892860089992,-0.423984155875402,-0.55594605904646,-0.559615787935423,-0.118783535989967,-0.325422400434628,0.405465108108164,0.405465108108164,0.578576476153077,-0.693147180559945,-0.847297860387204,-0.559615787935423,-0.559615787935423,-1.39175082796316,0.405465108108164,0,1,0,0,0,1,0,0,1,1,1,1,0,1,0,"Carolina.Wren","American.Robin",0.164613365335869
"665",-0.693147180559945,0,-0.118951942861365,-0.266754552345825,-0.880572649272076,-0.0590577496436009,-1.13707856949591,-0.262105230662131,0.206920715807322,-0.743157601134607,-0.723918839226699,0.27871340246902,0.466459620811006,0.405465108108164,-0.154150679827258,0.578576476153077,-0.693147180559945,-0.847297860387204,-0.559615787935423,-0.559615787935423,-0.0927817334509662,0.405465108108164,0,0,0,0,0,0,0,0,1,1,0,1,0,0,1,"Carolina.Wren","House.Finch",-0.400547341931152
"666",0,0.693147180559945,0.394993808240869,0.0484943499386106,-0.884202417322655,0.0447110426379707,-1.03276572287052,-0.161339783399728,0.460701236583422,-0.479573080261886,-0.295464212893836,0.302810954048081,0.384966586559823,0.405465108108164,-0.154150679827258,0.085602724398804,0,-0.287682072451781,0.693147180559945,0.693147180559945,0.424586149554943,0,1,0,0,0,1,1,0,0,1,1,0,1,0,0,1,"Carolina.Wren","American.Goldfinch",0.153898777810014
"667",-1.09861228866811,0,0.44300302742723,-0.0994257801380117,-0.752739277762191,0.0308904870193385,-0.874242495630656,-0.135213478807507,0.272225814215089,-0.22825865198098,-0.22314355131421,0.461034959262975,0.254701391721922,0.405465108108164,-0.154150679827258,0.420602455037904,-0.693147180559945,-0.510825623765991,-0.641853886172395,-0.641853886172395,0.394165552854231,0.405465108108164,0,0,0,0,0,1,0,0,1,1,1,1,0,0,0,"Carolina.Wren","Chipping.Sparrow",-0.172425630509254
"668",-0.693147180559945,0,-0.744440474947496,-0.592596468665282,-0.176456437341557,-0.29714288095601,-0.490022496136228,-0.326076881314425,-0.232445943976523,-0.743157601134607,-0.541597282432744,0.124562722641762,0.0929461125094443,0.405465108108164,0,0.778749904958749,-1.38629436111989,-0.510825623765991,0.0100503358535015,0.0100503358535015,-0.730731616606766,0.405465108108164,0,1,0,0,0,1,0,1,1,1,0,1,0,0,0,"Carolina.Wren","Eastern.Towhee",0.13853259904536
"669",0,0,-0.270428824304221,-0.347958565457041,-0.62509371731493,-0.139927245293132,-0.874242495630656,-0.252996514463891,-0.198544392300842,-0.479573080261886,-0.405465108108164,0.0555698511548108,0.0361485141163109,0,0.182321556793955,0.085602724398804,-0.693147180559945,0.405465108108164,-0.0487901641694321,-0.0487901641694321,-0.328504066972036,0.405465108108164,0,0,1,0,0,1,0,0,1,1,1,0,1,1,1,"Carolina.Wren","Yellow.breasted.Chat",-0.302480863452462
"670",-0.693147180559945,-0.405465108108164,-1.57517331846,-0.284719107321124,-0.777230297770487,-0.492793291690021,-1.4294665329851,-0.598762498276563,-0.620475990262586,-0.743157601134607,-0.645137961373585,-0.588787165235703,-0.684231816901993,0.405465108108164,-0.154150679827258,0.328105307184159,-0.693147180559945,-0.287682072451781,-0.22314355131421,-0.22314355131421,-1.60437461047755,0.405465108108164,0,0,1,0,1,1,0,1,1,0,1,1,1,1,0,"Carolina.Wren","Eastern.Meadowlark",0.47545756215568
"671",-1.09861228866811,-0.405465108108164,-0.983457375417996,-0.561586231922721,-0.744440474947496,-0.524796022776195,-1.40811340851453,-0.686390398097066,-0.268813588147398,-0.81377516834856,-0.559615787935423,-0.327422401101295,-0.295051302558329,0.405465108108164,0.405465108108164,0.328105307184159,-0.693147180559945,-0.287682072451781,-0.22314355131421,-0.22314355131421,-1.04678722080352,0.405465108108164,0,0,0,0,0,1,0,0,1,1,1,1,0,0,0,"Carolina.Wren","Red.winged.Blackbird",-0.109476590799526
"672",-1.09861228866811,0,-0.751912489786197,-0.319708099171189,-1.06289420606603,-0.268487625195634,-1.60649240220434,-0.569666123788924,-0.143412321606126,-0.825074723602493,-0.594707107746693,0,-0.0405852801150784,-0.287682072451781,0.182321556793955,0.328105307184159,-0.693147180559945,-0.287682072451781,-0.369837930465013,-0.369837930465013,-0.76968725768228,0.405465108108164,0,0,0,0,0,1,0,0,1,1,1,1,1,1,0,"Carolina.Wren","Brown.headed.Cowbird",0.183062513514782
"673",-0.693147180559945,-0.405465108108164,-1.71142432113717,-0.84645219437486,-0.820629613305042,-0.624290095616756,-1.61822274198983,-0.8053027393506,-0.508954715830179,-0.990398704027877,-0.824723538348665,-0.674964861476755,-0.669193939537453,1.09861228866811,-0.154150679827258,0.71533936121597,-1.09861228866811,-0.693147180559945,0.693147180559945,0.693147180559945,-1.69413179128337,0,1,0,0,0,0,1,0,1,0,0,1,0,1,0,0,"Carolina.Wren","Common.Grackle",-0.0054710207672574
"674",-1.09861228866811,0.693147180559945,0.010582109330537,0.00593473551981453,-0.781254448070212,-0.0464335964152046,-0.989978447665314,-0.208901194598667,-0.0411957564382674,-0.0500104205746613,-0.117783035656383,0.220893831580194,0.112618878108149,0,0,0.085602724398804,-0.693147180559945,0.405465108108164,0.0512932943875505,0.0512932943875505,-0.0460607733765345,0.405465108108164,0,1,1,0,0,1,0,0,1,1,1,1,1,1,0,"Carolina.Wren","Ovenbird",-0.0243109345259205
"675",-1.09861228866811,0.693147180559945,0.693147180559945,0.0259754864032607,-0.345205916589968,0.171731442692574,-0.22314355131421,0.0824305169406637,0.0577083176206468,0.167054084663166,0.0645385211375712,0.340082348845313,0.285711628464482,1.09861228866811,0,-0.109419732602586,0,0.405465108108164,-0.832909122935104,-0.832909122935104,0.563094052311747,0.405465108108164,0,0,1,1,0,1,1,0,1,1,1,1,1,1,1,"Carolina.Wren","Common.Yellowthroat",-0.052766963146812
"676",-1.09861228866811,0,0.476339447694821,-0.0630581359671368,-0.919793362425357,0.0269765876982021,-1.10836846361347,-0.189590249685579,0.14022934130865,0.0259754864032607,0.0317486983145803,0.327503566638452,0.232058914972162,0,0.405465108108164,0.503094509799383,-1.09861228866811,-0.287682072451781,-0.421994410059375,-0.421994410059375,0.480156000709754,0.405465108108164,0,1,1,0,0,1,0,0,1,1,1,1,1,1,1,"Carolina.Wren","Pine.Warbler",0.0793705283296567
"677",-1.09861228866811,0.693147180559945,-0.426299195011006,-0.340970416823113,-0.940555353873786,-0.247928898174597,-1.41170407664526,-0.437494350680441,0.0929764564581046,-0.836248024200619,-0.965080896043587,-0.18081892690942,-0.127596657104708,0,0.405465108108164,0.328105307184159,-0.693147180559945,-0.287682072451781,-0.22314355131421,-0.22314355131421,-0.373303595152356,0.405465108108164,0,1,1,0,0,1,0,0,1,1,1,1,1,1,1,"Carolina.Wren","Summer.Tanager",-0.299196448209389
"678",0,0,-0.807415274108884,-0.697084193519285,-0.307226668524751,-0.390139137629938,-0.736319352425154,-0.453667209926042,-0.135282195522876,-1.14862270924277,-1.06686359035353,-0.280902385466402,-0.0405852801150784,1.09861228866811,0.182321556793955,0.328105307184159,-1.38629436111989,0.405465108108164,0,0,-0.812799026328528,0.405465108108164,0,0,0,0,0,1,0,1,1,1,0,1,0,0,1,"Carolina.Wren","Northern.Cardinal",0.275991808205959
"679",-1.09861228866811,0,-0.366104034227584,-0.23918772251317,-0.697523555159744,-0.24495712778544,-1.07379711954839,-0.371215185065086,0.052770035980064,-1.0277862360995,-0.838329190404443,-0.102654154060083,-0.00589972212718838,0,0.182321556793955,0.503094509799383,-0.693147180559945,-0.693147180559945,-0.22314355131421,-0.22314355131421,-0.381613892285984,0.405465108108164,0,0,0,0,0,1,0,0,1,1,1,1,1,1,0,"Carolina.Wren","Blue.Grosbeak",0.108431688635504
"680",-1.09861228866811,0,0.25659148538175,0.0361485141163111,-0.679901953809925,0.0447110426379707,-0.77092488160263,-0.0870113769896298,0.218481538208398,-0.463572738915445,-0.466089729924599,0.378796861026003,0.367724780125317,0,0.405465108108164,0.898979026474648,-1.38629436111989,-0.693147180559945,-0.139761942375159,-0.139761942375159,0.235211020714327,0.405465108108164,0,0,0,0,0,0,0,0,1,1,0,1,0,0,0,"Carolina.Wren","Indigo.Bunting",0.155924091866836
"698",0,0,0,0,0,0,0,0,0,0,0,0,0,0,0,0,0,0,0,0,0,0,1,1,1,1,1,1,1,1,1,1,1,1,1,1,1,"White.breasted.Nuthatch","White.breasted.Nuthatch",1
"699",0,0,0.722134717433198,0.321018492719373,0.291964734243782,0.199212171958378,0.603121028902226,0.309744587715398,0.22314355131421,0.074107972153722,0.192371892647456,0.159630145591884,0.221835506654194,0,0.105360515657826,0.242502582785355,0,-0.693147180559945,1.76358859226136,1.76358859226136,0.768077136575371,-0.405465108108164,0,0,1,1,0,1,1,1,1,1,0,0,1,0,1,"White.breasted.Nuthatch","Brown.headed.Nuthatch",0.142392082794956
"700",-1.09861228866811,-0.693147180559945,-0.837041360220015,-0.879558722605425,0.415127019019901,-0.396116675990029,0.177983155195356,-0.237042004133362,-0.554195720466084,-0.232622295268753,-0.139761942375159,0,-0.145889273471123,0.405465108108164,0.510825623765991,0.242502582785355,0,-0.693147180559945,0.154150679827258,0.154150679827258,-0.7960876431784,0,1,0,0,0,0,1,0,0,1,1,1,0,1,1,0,"White.breasted.Nuthatch","Northern.Mockingbird",0.0745629114778036
"701",-0.693147180559945,0,-1.18668130721588,-0.914650042416695,0.80852925467879,-0.353220709070645,0.678758443107846,-0.145730940967428,-0.61445491198428,-0.405465108108164,-0.300104592450338,-0.458669144171629,-0.454836836702246,0.405465108108164,0.510825623765991,0.134634650368223,-0.405465108108164,0,1.90668943590203,1.90668943590203,-1.17263986938859,-0.405465108108164,0,0,1,1,0,1,0,0,1,1,0,0,1,1,0,"White.breasted.Nuthatch","Brown.Thrasher",0.353263792447911
"702",-0.693147180559945,-0.693147180559945,-0.269663566949103,-0.247436243883254,-0.0500104205746613,-0.0558804583944567,-0.128992120191103,-0.0781308273657797,-0.0628479036596636,-0.0689928714869514,-0.0487901641694321,0.293161538216406,0.215320825633001,-0.287682072451781,0.693147180559945,0.134634650368223,0,-0.405465108108164,0.360764929190257,0.360764929190257,-0.319067416317298,0,1,0,1,0,0,1,0,0,1,1,0,0,0,0,1,"White.breasted.Nuthatch","Eastern.Bluebird",0.257705721247741
"703",-1.09861228866811,0,-0.869498570367396,-0.379166014561149,0.148291808207643,-0.258948053135977,-0.0494800572633697,-0.184013127538445,-0.551085298051691,-0.251314428280906,-0.242946178610389,0.0248975516217271,0.00524935588614375,0,0.916290731874155,0.417491785400579,-0.693147180559945,-0.405465108108164,0.971350509057182,1.00981678988498,-0.908433053358177,0,1,1,1,1,0,1,0,0,1,1,0,0,1,0,0,"White.breasted.Nuthatch","Wood.Thrush",-0.0645769440059551
"704",-1.09861228866811,-1.09861228866811,-1.31857618706494,-0.673487985599807,0.0731222648289626,-0.393904285707088,-0.290395778323377,-0.360055228847556,-0.569604345818929,-0.481838086892738,-0.336472236621213,-0.0242926925690446,-0.203047687311071,0.405465108108164,0.916290731874155,0.492973751754273,0,-1.25276296849537,0,0,-1.29919927059792,0,1,1,0,0,0,1,0,1,1,1,0,0,1,0,0,"White.breasted.Nuthatch","American.Robin",0.0435304256334232
"705",-0.693147180559945,-0.693147180559945,-0.0188684843043827,-0.304950150083861,0.126232090142911,0.0874593053285862,0.263814591045138,0.137732400580305,0.0613005258637959,-0.669049628980885,-0.500775287912489,0.373204245889943,0.588834333934563,0.405465108108164,0.356674943938732,0.492973751754273,0,-1.25276296849537,0,0,-0.000230176085721169,0,1,0,0,0,0,0,0,1,1,1,1,0,0,0,1,"White.breasted.Nuthatch","House.Finch",0.16443996351649
"706",0,0,0.495077266797852,0.0102987522005745,0.122602322092332,0.191228097610158,0.36812743767052,0.238497847842708,0.315081046639895,-0.405465108108164,-0.0723206615796261,0.397301797469003,0.50734129968338,0.405465108108164,0.356674943938732,0,0.693147180559945,-0.693147180559945,1.25276296849537,1.25276296849537,0.517137706920188,-0.405465108108164,0,0,0,0,1,1,0,1,1,1,1,0,0,0,1,"White.breasted.Nuthatch","American.Goldfinch",0.431923584915083
"707",-1.09861228866811,-0.693147180559945,0.543086485984212,-0.137621377876048,0.254065461652796,0.177407541991526,0.526650664910388,0.264624152434928,0.126605624271562,-0.154150679827258,0,0.555525802683898,0.377076104845478,0.405465108108164,0.356674943938732,0.3349997306391,0,-0.916290731874155,-0.0822380982369721,-0.0822380982369721,0.486717110219476,0,1,0,0,0,0,1,0,1,1,1,0,0,1,1,0,"White.breasted.Nuthatch","Chipping.Sparrow",-0.749186500666689
"708",-0.693147180559945,-0.693147180559945,-0.644357016390513,-0.630792066403318,0.83034830207343,-0.150625825983823,0.910870664404816,0.073760749928011,-0.37806613392005,-0.669049628980885,-0.318453731118535,0.219053566062685,0.215320825633001,0.405465108108164,0.510825623765991,0.693147180559945,-0.693147180559945,-0.916290731874155,0.569666123788924,0.569666123788924,-0.638180059241521,0,1,1,0,0,0,1,1,0,1,1,0,0,0,1,0,"White.breasted.Nuthatch","Eastern.Towhee",0.16495383840248
"709",0,-0.693147180559945,-0.170345365747239,-0.386154163195077,0.381711022100057,0.00658980967905558,0.526650664910388,0.146841116778545,-0.344164582244369,-0.405465108108164,-0.182321556793955,0.150060694575733,0.158523227239868,0,0.693147180559945,0,0,0,0.510825623765991,0.510825623765991,-0.235952509606791,0,1,0,1,0,0,1,0,1,1,1,0,1,0,0,1,"White.breasted.Nuthatch","Yellow.breasted.Chat",0.0819054339061239
"710",-0.693147180559945,-1.09861228866811,-1.47508985990302,-0.32291470505916,0.2295744416445,-0.346276236717834,-0.0285733724440559,-0.198924867034127,-0.766096180206113,-0.669049628980885,-0.421994410059375,-0.49429632181478,-0.561857103778437,0.405465108108164,0.356674943938732,0.242502582785355,0,-0.693147180559945,0.336472236621213,0.336472236621213,-1.51182305311231,0,1,0,1,0,1,1,0,0,1,0,0,0,0,0,0,"White.breasted.Nuthatch","Eastern.Meadowlark",0.00256937442994516
"711",-1.09861228866811,-1.09861228866811,-0.883373916861013,-0.599781829660757,0.262364264467491,-0.378278967804008,-0.00722024797348702,-0.28655276685463,-0.414433778090925,-0.739667196194838,-0.336472236621213,-0.232931557680373,-0.172676589434773,0.405465108108164,0.916290731874155,0.242502582785355,0,-0.693147180559945,0.336472236621213,0.336472236621213,-0.954235663438278,0,1,0,0,0,0,1,0,1,1,1,0,0,0,0,0,"White.breasted.Nuthatch","Red.winged.Blackbird",-0.197019088901599
"712",-1.09861228866811,-0.693147180559945,-0.651829031229214,-0.357903696909225,-0.0560894666510436,-0.121970570223447,-0.2055992416633,-0.169828492546488,-0.289032511549652,-0.750966751448772,-0.371563556432483,0.0944908434209223,0.0817894330084781,-0.287682072451781,0.693147180559945,0.242502582785355,0,-0.693147180559945,0.189777857470409,0.189777857470409,-0.677135700317035,0,1,0,0,0,0,1,0,1,1,1,0,0,0,0,0,"White.breasted.Nuthatch","Brown.headed.Cowbird",0.277244753263825
"713",-0.693147180559945,-1.09861228866811,-1.61134086258019,-0.884647792112896,0.186175126109945,-0.477773040644569,-0.21732958144879,-0.405465108108164,-0.654574905773706,-0.916290731874155,-0.601579987034455,-0.580474018055833,-0.546819226413896,1.09861228866811,0.356674943938732,0.629736636817166,-0.405465108108164,-1.09861228866811,1.25276296849537,1.25276296849537,-1.60158023391812,-0.405465108108164,0,0,0,0,0,1,1,0,0,0,0,1,0,1,0,"White.breasted.Nuthatch","Common.Grackle",-0.137671362048627
"714",-1.09861228866811,0,0.110665567887519,-0.0322608622182214,0.225550291344775,0.100083458556982,0.410914712875729,0.190936436643769,-0.186815946381794,0.0240975515790605,0.105360515657826,0.315384675001117,0.234993591231706,0,0.510825623765991,0,0,0,0.610909082322973,0.610909082322973,0.0464907839887104,0,1,1,1,0,0,1,0,1,1,1,0,0,0,0,0,"White.breasted.Nuthatch","Ovenbird",-0.121913580246914
"715",-1.09861228866811,0,0.793230639116928,-0.0122201113347753,0.661598822825019,0.318248497664761,1.17774960922683,0.4822681481831,-0.0879118723228799,0.241162056816888,0.287682072451781,0.434573192266235,0.408086341588039,1.09861228866811,0.510825623765991,-0.19502245700139,0.693147180559945,0,-0.273293334999681,-0.273293334999681,0.655645609676993,0,1,0,1,0,0,1,0,1,1,1,0,0,0,0,1,"White.breasted.Nuthatch","Common.Yellowthroat",-0.514241713433639
"716",-1.09861228866811,-0.693147180559945,0.576422906251804,-0.101253733705173,0.0870113769896297,0.173493642670389,0.292524696927569,0.210247381556857,-0.00539084863487653,0.100083458556983,0.25489224962879,0.421994410059375,0.354433628095718,0,0.916290731874155,0.417491785400579,-0.405465108108164,-0.693147180559945,0.137621377876048,0.137621377876048,0.572707558074999,0,1,1,1,0,0,1,0,1,1,1,0,0,0,0,1,"White.breasted.Nuthatch","Pine.Warbler",0.0878876457448002
"717",-1.09861228866811,0,-0.326215736454024,-0.379166014561149,0.0662493855412007,-0.10141184320241,-0.0108109161042155,-0.0376567194380051,-0.052643733485422,-0.762140052046897,-0.741937344729377,-0.0863280834884973,-0.0052219439811516,0,0.916290731874155,0.242502582785355,0,-0.693147180559945,0.336472236621213,0.336472236621213,-0.280752037787111,0,1,1,1,0,0,1,0,1,1,1,0,0,0,0,1,"White.breasted.Nuthatch","Summer.Tanager",0.193664565269897
"718",0,-0.693147180559945,-0.707331815551902,-0.735279791257321,0.699578070890236,-0.24362208265775,0.664573808115889,-0.0538295786836061,-0.280902385466402,-1.07451473708905,-0.84372003903932,-0.18641154204548,0.0817894330084781,1.09861228866811,0.693147180559945,0.242502582785355,-0.693147180559945,0,0.559615787935423,0.559615787935423,-0.720247468963283,0,1,0,0,0,0,1,0,0,1,1,0,0,0,1,1,"White.breasted.Nuthatch","Northern.Cardinal",0.279328852893141
"719",-1.09861228866811,-0.693147180559945,-0.266020575670601,-0.277383320251207,0.309281184255243,-0.0984400728132526,0.327096040992658,0.0286224461773501,-0.0928501539634625,-0.953678263945775,-0.615185639090234,-0.00816331063916109,0.116474990996368,0,0.693147180559945,0.417491785400579,0,-1.09861228866811,0.336472236621213,0.336472236621213,-0.289062334920739,0,1,0,0,0,0,1,0,1,1,1,0,0,0,0,0,"White.breasted.Nuthatch","Blue.Grosbeak",0.240493446642867
"720",-1.09861228866811,-0.693147180559945,0.356674943938732,-0.00204708362172491,0.326902785605062,0.191228097610158,0.629968278938414,0.312826254252806,0.0728613482648719,-0.389464766761723,-0.242946178610389,0.473287704446925,0.490099493248874,0,0.916290731874155,0.813376302075844,-0.693147180559945,-1.09861228866811,0.419853845560264,0.419853845560264,0.327762578079572,0,1,0,0,0,0,0,0,1,1,1,0,0,0,0,0,"White.breasted.Nuthatch","Indigo.Bunting",0.0417808611192351
"739",0,0,0,0,0,0,0,0,0,0,0,0,0,0,0,0,0,0,0,0,0,0,1,1,1,1,1,1,1,1,1,1,1,1,1,1,1,"Brown.headed.Nuthatch","Brown.headed.Nuthatch",1
"740",-1.09861228866811,-0.693147180559945,-1.55917607765321,-1.2005772153248,0.123162284776119,-0.595328847948407,-0.425137873706869,-0.54678659184876,-0.777339271780293,-0.306730267422475,-0.332133835022615,-0.159630145591884,-0.367724780125317,0.405465108108164,0.405465108108164,0,0,0,-1.6094379124341,-1.6094379124341,-1.56416477975377,0.405465108108164,0,0,0,0,0,1,0,0,1,1,0,1,1,0,0,"Brown.headed.Nuthatch","Northern.Mockingbird",0.447584815576394
"741",-0.693147180559945,0,-1.90881602464907,-1.23566853513607,0.516564520435009,-0.552432881029023,0.07563741420562,-0.455475528682826,-0.83759846329849,-0.479573080261886,-0.492476485097794,-0.618299289763513,-0.67667234335644,0.405465108108164,0.405465108108164,-0.107867932417133,-0.405465108108164,0.693147180559945,0.143100843640673,0.143100843640673,-1.94071700596396,0,1,0,1,1,0,1,0,0,1,1,1,1,1,0,0,"Brown.headed.Nuthatch","Brown.Thrasher",0.349426473191496
"742",-0.693147180559945,-0.693147180559945,-0.9917982843823,-0.568454736602627,-0.341975154818443,-0.255092630352835,-0.732113149093329,-0.387875415081178,-0.285991454973873,-0.143100843640673,-0.241162056816888,0.133531392624523,-0.00651468102119364,-0.287682072451781,0.587786664902119,-0.107867932417133,0,0.287682072451781,-1.4028236630711,-1.4028236630711,-1.08714455289267,0.405465108108164,0,1,1,0,0,1,0,0,1,1,1,1,0,1,1,"Brown.headed.Nuthatch","Eastern.Bluebird",0.197809765706168
"743",-1.09861228866811,0,-1.59163328780059,-0.700184507280522,-0.143672926036138,-0.458160225094356,-0.652601086165595,-0.493757715253843,-0.774228849365901,-0.325422400434628,-0.435318071257845,-0.134732593970157,-0.216586150768051,0,0.810930216216329,0.174989202615224,-0.693147180559945,0.287682072451781,-0.792238083204176,-0.75377180237638,-1.67651018993355,0.405465108108164,0,0,1,1,0,1,0,0,1,1,1,1,1,1,0,"Brown.headed.Nuthatch","Wood.Thrush",0.0941458459826585
"744",-1.09861228866811,-1.09861228866811,-2.04071090449814,-0.99450647831918,-0.218842469414819,-0.593116457665467,-0.893516807225603,-0.669799816562954,-0.792747897133138,-0.55594605904646,-0.528844129268669,-0.183922838160928,-0.424883193965266,0.405465108108164,0.810930216216329,0.250471168968918,0,-0.559615787935423,-1.76358859226136,-1.76358859226136,-2.06727640717329,0.405465108108164,0,0,0,0,0,1,0,1,1,1,1,1,1,1,0,"Brown.headed.Nuthatch","American.Robin",-0.0650796378785479
"745",-0.693147180559945,-0.693147180559945,-0.74100320173758,-0.625968642803234,-0.165732644100871,-0.111752866629792,-0.339306437857088,-0.172012187135093,-0.161843025450414,-0.743157601134607,-0.693147180559945,0.213574100298059,0.366998827280368,0.405465108108164,0.251314428280906,0.250471168968918,0,-0.559615787935423,-1.76358859226136,-1.76358859226136,-0.768307312661092,0.405465108108164,0,0,0,0,0,0,0,1,1,1,0,1,0,0,1,"Brown.headed.Nuthatch","House.Finch",0.458404682802836
"746",0,0,-0.227057450635346,-0.310719740518798,-0.169362412151449,-0.00798407434822053,-0.234993591231706,-0.0712467398726896,0.0919374953256856,-0.479573080261886,-0.264692554227082,0.23767165187712,0.285505793029185,0.405465108108164,0.251314428280906,-0.242502582785355,0.693147180559945,0,-0.510825623765991,-0.510825623765991,-0.250939429655183,0,1,0,0,0,0,1,0,1,1,1,0,1,0,0,1,"Brown.headed.Nuthatch","American.Goldfinch",0.407325057967202
"747",-1.09861228866811,-0.693147180559945,-0.179048231448985,-0.45863987059542,-0.0378992725909858,-0.0218046299668528,-0.076470363991838,-0.0451204352804695,-0.0965379270426473,-0.22825865198098,-0.192371892647456,0.395895657092014,0.155240598191284,0.405465108108164,0.251314428280906,0.0924971478537448,0,-0.22314355131421,-1.84582669049833,-1.84582669049833,-0.281360026355895,0.405465108108164,0,1,0,0,1,1,0,1,1,1,1,1,1,0,0,"Brown.headed.Nuthatch","Chipping.Sparrow",0.0948467742028853
"748",-0.693147180559945,-0.693147180559945,-1.36649173382371,-0.95181055912269,0.538383567829649,-0.349837997942201,0.30774963550259,-0.235983837787387,-0.60120968523426,-0.743157601134607,-0.510825623765991,0.0594234204708008,-0.00651468102119364,0.405465108108164,0.405465108108164,0.45064459777459,-0.693147180559945,-0.22314355131421,-1.19392246847243,-1.19392246847243,-1.40625719581689,0.405465108108164,0,0,0,0,0,1,1,0,1,1,0,1,0,0,0,"Brown.headed.Nuthatch","Eastern.Towhee",0.235193440691223
"749",0,-0.693147180559945,-0.892480083180437,-0.70717265591445,0.0897462878562755,-0.192622362279323,-0.076470363991838,-0.162903470936853,-0.567308133558578,-0.479573080261886,-0.374693449441411,-0.00956945101615067,-0.0633122794143268,0,0.587786664902119,-0.242502582785355,0,0.693147180559945,-1.25276296849537,-1.25276296849537,-1.00402964618216,0.405465108108164,0,1,1,0,0,1,0,1,1,1,1,0,0,1,1,"Brown.headed.Nuthatch","Yellow.breasted.Chat",0.383219178082192
"750",-0.693147180559945,-1.09861228866811,-2.19722457733622,-0.643933197778533,-0.0623902925992816,-0.545488408676212,-0.631694401346282,-0.508669454749526,-0.989239731520323,-0.743157601134607,-0.614366302706831,-0.653926467406664,-0.783692610432631,0.405465108108164,0.251314428280906,0,0,0,-1.42711635564015,-1.42711635564015,-2.27990018968768,0.405465108108164,0,0,1,0,0,1,0,0,1,0,1,1,0,1,0,"Brown.headed.Nuthatch","Eastern.Meadowlark",-0.235364614956646
"751",-1.09861228866811,-1.09861228866811,-1.60550863429421,-0.92080032238013,-0.0296004697762907,-0.577491139762386,-0.610341276875713,-0.596297354570028,-0.637577329405135,-0.81377516834856,-0.528844129268669,-0.392561703272256,-0.394512096088967,0.405465108108164,0.810930216216329,0,0,0,-1.42711635564015,-1.42711635564015,-1.72231280001365,0.405465108108164,0,0,0,0,1,1,0,1,1,1,1,1,0,0,0,"Brown.headed.Nuthatch","Red.winged.Blackbird",0.25783256669593
"752",-1.09861228866811,-0.693147180559945,-1.37396374866241,-0.678922189628598,-0.348054200894825,-0.321182742181825,-0.808720270565526,-0.479573080261886,-0.512176062863862,-0.825074723602493,-0.563935449079939,-0.0651393021709614,-0.140046073645716,-0.287682072451781,0.587786664902119,0,0,0,-1.57381073479095,-1.57381073479095,-1.44521283689241,0.405465108108164,0,0,0,0,1,1,0,1,1,1,1,1,0,1,0,"Brown.headed.Nuthatch","Brown.headed.Cowbird",0.246917808219178
"753",-0.693147180559945,-1.09861228866811,-2.33347558001338,-1.20566628483227,-0.105789608133837,-0.676985212602947,-0.820450610351016,-0.715209695823563,-0.877718457087915,-0.990398704027877,-0.793951879681911,-0.740104163647716,-0.76865473306809,1.09861228866811,0.251314428280906,0.38723405403181,-0.405465108108164,-0.405465108108164,-0.510825623765991,-0.510825623765991,-2.36965737049349,0,1,1,0,0,0,1,1,0,0,0,1,0,0,0,0,"Brown.headed.Nuthatch","Common.Grackle",0.110198519995477
"754",-1.09861228866811,0,-0.611469149545678,-0.353279354937594,-0.066414442899007,-0.0991287134013959,-0.192206316026497,-0.118808151071629,-0.409959497696004,-0.0500104205746613,-0.0870113769896298,0.155754529409233,0.0131580845775112,0,0.405465108108164,-0.242502582785355,0,0.693147180559945,-1.15267950993839,-1.15267950993839,-0.72158635258666,0.405465108108164,0,0,1,0,1,1,0,1,1,1,1,1,0,1,0,"Brown.headed.Nuthatch","Ovenbird",0.308259153968864
"755",-1.09861228866811,0,0.0710959216837303,-0.333238604054148,0.369634088581238,0.119036325706383,0.574628580324608,0.172523560467702,-0.31105542363709,0.167054084663166,0.0953101798043247,0.274943046674351,0.186250834933844,1.09861228866811,0.405465108108164,-0.437525039786745,0.693147180559945,0.693147180559945,-2.03688192726104,-2.03688192726104,-0.112431526898378,0.405465108108164,0,0,1,0,1,1,0,1,1,1,1,1,0,1,1,"Brown.headed.Nuthatch","Common.Yellowthroat",0.0543553323467308
"756",-1.09861228866811,-0.693147180559945,-0.145711811181394,-0.422272226424546,-0.204953357254152,-0.0257185292879892,-0.310596331974657,-0.0994972061585414,-0.228534399949086,0.0259754864032607,0.0625203569813339,0.262364264467491,0.132598121441524,0,0.810930216216329,0.174989202615224,-0.405465108108164,0,-1.62596721438531,-1.62596721438531,-0.195369578500372,0.405465108108164,0,0,1,0,0,1,0,1,1,1,1,1,0,1,1,"Brown.headed.Nuthatch","Pine.Warbler",0.164184217437847
"757",-1.09861228866811,0,-1.04835045388722,-0.700184507280522,-0.225715348702581,-0.300624015160789,-0.613931945006441,-0.347401307153403,-0.275787284799632,-0.836248024200619,-0.934309237376834,-0.245958229080381,-0.227057450635346,0,0.810930216216329,0,0,0,-1.42711635564015,-1.42711635564015,-1.04882917436248,0.405465108108164,0,0,1,0,0,1,0,1,1,1,1,1,0,1,1,"Brown.headed.Nuthatch","Summer.Tanager",0.493497719979747
"758",0,-0.693147180559945,-1.4294665329851,-1.05629828397669,0.407613336646454,-0.442834254616129,0.0614527792136637,-0.363574166399004,-0.504045936780612,-1.14862270924277,-1.03609193168678,-0.346041687637364,-0.140046073645716,1.09861228866811,0.587786664902119,0,-0.693147180559945,0.693147180559945,-1.20397280432594,-1.20397280432594,-1.48832460553865,0.405465108108164,0,0,0,0,0,1,0,0,1,1,0,1,0,0,1,"Brown.headed.Nuthatch","Northern.Cardinal",0.123566677248874
"759",-1.09861228866811,-0.693147180559945,-0.988155293103799,-0.598401812970579,0.017316450011461,-0.297652244771631,-0.276024987909568,-0.281122141538048,-0.315993705277672,-1.0277862360995,-0.80755753173769,-0.167793456231045,-0.105360515657826,0,0.587786664902119,0.174989202615224,0,-0.405465108108164,-1.42711635564015,-1.42711635564015,-1.05713947149611,0.405465108108164,0,1,0,0,1,1,0,1,1,1,1,1,0,1,0,"Brown.headed.Nuthatch","Blue.Grosbeak",-0.11691202328392
"760",-1.09861228866811,-0.693147180559945,-0.365459773494465,-0.323065576341098,0.0349380513612804,-0.00798407434822053,0.0268472500361881,0.00308166653740811,-0.150282203049338,-0.463572738915445,-0.435318071257845,0.313657558855042,0.26826398659468,0,0.810930216216329,0.570873719290489,-0.693147180559945,-0.405465108108164,-1.34373474670109,-1.34373474670109,-0.440314558495798,0.405465108108164,0,0,0,0,0,0,0,1,1,1,0,1,0,0,0,"Brown.headed.Nuthatch","Indigo.Bunting",0.031656407141558
"780",0,0,0,0,0,0,0,0,0,0,0,0,0,0,0,0,0,0,0,0,0,0,1,1,1,1,1,1,1,1,1,1,1,1,1,1,1,"Northern.Mockingbird","Northern.Mockingbird",1
"781",0.405465108108164,0.693147180559945,-0.34963994699586,-0.0350913198112702,0.393402235658889,0.0428959669193841,0.500775287912489,0.0913110631659345,-0.0602591915181968,-0.172842812839411,-0.16034265007518,-0.458669144171629,-0.308947563231123,0,0,-0.107867932417133,-0.405465108108164,0.693147180559945,1.75253875607477,1.75253875607477,-0.376552226210192,-0.405465108108164,0,1,0,0,0,1,0,1,1,1,0,1,1,1,1,"Northern.Mockingbird","Brown.Thrasher",0.522349786361451
"782",0.405465108108164,0,0.567377793270912,0.632122478722171,-0.465137439594562,0.340236217595572,-0.30697527538646,0.158911176767583,0.49134781680642,0.163629423781802,0.0909717782057266,0.293161538216406,0.361210099104124,-0.693147180559945,0.182321556793955,-0.107867932417133,0,0.287682072451781,0.206614249362999,0.206614249362999,0.477020226861102,0,1,0,0,0,0,1,1,1,1,1,0,1,0,0,0,"Northern.Mockingbird","Eastern.Bluebird",0.114857985945436
"783",0,0.693147180559945,-0.0324572101473817,0.500392708044276,-0.266835210812258,0.137168622854052,-0.227463212458726,0.0530288765949178,0.00311042241439255,-0.0186921330121526,-0.103184236235231,0.0248975516217271,0.151138629357267,-0.405465108108164,0.405465108108164,0.174989202615224,-0.693147180559945,0.287682072451781,0.817199829229924,0.85566611005772,-0.112345410179777,0,1,0,0,0,0,1,0,0,1,1,0,1,1,0,1,"Northern.Mockingbird","Wood.Thrush",-0.050171244645161
"784",0,-0.405465108108164,-0.481534826844925,0.206070737005618,-0.342004754190939,0.00221239028294064,-0.468378933518734,-0.123013224714194,-0.0154086253528451,-0.249215791623985,-0.196710294246054,-0.0242926925690446,-0.0571584138399485,0,0.405465108108164,0.250471168968918,0,-0.559615787935423,-0.154150679827258,-0.154150679827258,-0.50311162741952,0,1,0,1,0,0,1,1,0,1,1,0,1,1,0,1,"Northern.Mockingbird","American.Robin",0.450745252460346
"785",0.405465108108164,0,0.818172875915632,0.574608572521564,-0.28889492887699,0.483575981318615,0.0858314358497812,0.374774404713667,0.615496246329879,-0.436427333712131,-0.361013345537331,0.373204245889943,0.734723607405686,0,-0.154150679827258,0.250471168968918,0,-0.559615787935423,-0.154150679827258,-0.154150679827258,0.795857467092679,0,1,1,0,0,0,0,0,0,1,1,1,1,0,0,0,"Northern.Mockingbird","House.Finch",0.0934931726152148
"786",1.09861228866811,0.693147180559945,1.33211862701787,0.889857474806,-0.292524696927569,0.587344773600187,0.190144282475164,0.475539851976071,0.869276767105979,-0.172842812839411,0.0674412807955325,0.397301797469003,0.653230573154503,0,-0.154150679827258,-0.242502582785355,0.693147180559945,0,1.09861228866811,1.09861228866811,1.31322535009859,-0.405465108108164,0,1,0,0,0,1,0,0,1,1,1,1,0,0,0,"Northern.Mockingbird","American.Goldfinch",0.292073382134935
"787",0,0,1.38012784620423,0.741937344729377,-0.161061557367105,0.573524217981555,0.348667509715031,0.501666156568291,0.680801344737646,0.0784716154414951,0.139761942375159,0.555525802683898,0.522965378316601,0,-0.154150679827258,0.0924971478537448,0,-0.22314355131421,-0.23638877806423,-0.23638877806423,1.28280475339788,0,1,0,0,0,0,1,0,0,1,1,0,1,1,1,1,"Northern.Mockingbird","Chipping.Sparrow",-0.106696366197765
"788",0.405465108108164,0,0.192684343829501,0.248766656202107,0.415221283053529,0.245490850006206,0.73288750920946,0.310802754061373,0.176129586546034,-0.436427333712131,-0.178691788743376,0.219053566062685,0.361210099104124,0,0,0.45064459777459,-0.693147180559945,-0.22314355131421,0.415515443961666,0.415515443961666,0.157907583936878,0,1,0,1,0,0,1,0,1,1,1,0,1,0,1,1,"Northern.Mockingbird","Eastern.Towhee",0.277397325341846
"789",1.09861228866811,0,0.666695994472776,0.493404559410348,-0.033415996919844,0.402706485669085,0.348667509715031,0.383883120911907,0.210031138221715,-0.172842812839411,-0.042559614418796,0.150060694575733,0.30441250071099,-0.405465108108164,0.182321556793955,-0.242502582785355,0,0.693147180559945,0.356674943938732,0.356674943938732,0.560135133571609,0,1,0,0,0,0,1,1,0,1,1,0,0,0,0,0,"Northern.Mockingbird","Yellow.breasted.Chat",-0.0113052421844784
"790",0.405465108108164,-0.405465108108164,-0.638048499683007,0.556644017546265,-0.185552577375401,0.0498404392721953,-0.206556527639412,0.0381171370992349,-0.211900459740029,-0.436427333712131,-0.282232467684216,-0.49429632181478,-0.415967830307314,0,-0.154150679827258,0,0,0,0.182321556793955,0.182321556793955,-0.715735409933909,0,1,0,0,0,0,1,0,1,1,0,0,1,0,0,0,"Northern.Mockingbird","Eastern.Meadowlark",-0.168664423124517
"791",0,-0.405465108108164,-0.0463325566409986,0.279776892944668,-0.15276275455241,0.0178377081860214,-0.185203403168843,-0.0495107627212673,0.139761942375159,-0.507044900926085,-0.196710294246054,-0.232931557680373,-0.0267873159636497,0,0.405465108108164,0,0,0,0.182321556793955,0.182321556793955,-0.158148020259879,0,1,0,0,0,0,1,0,0,1,1,0,1,0,0,1,"Northern.Mockingbird","Red.winged.Blackbird",-0.134954633328795
"792",0,0,0.1852123289908,0.5216550256962,-0.471216485670945,0.274146105766582,-0.383582396858657,0.0672135115868742,0.265163208916431,-0.518344456180018,-0.231801614057324,0.0944908434209223,0.227678706479601,-0.693147180559945,0.182321556793955,0,0,0,0.035627177643151,0.035627177643151,0.118951942861365,0,1,0,0,0,0,1,0,0,1,1,0,1,0,0,0,"Northern.Mockingbird","Brown.headed.Cowbird",-0.0791366952913486
"793",0.405465108108164,-0.405465108108164,-0.774299502360172,-0.0050890695074714,-0.228951892909957,-0.0816563646545398,-0.395312736644146,-0.168423103974802,-0.100379185307622,-0.683668436605402,-0.461818044659296,-0.580474018055833,-0.400929952942773,0.693147180559945,-0.154150679827258,0.38723405403181,-0.405465108108164,-0.405465108108164,1.09861228866811,1.09861228866811,-0.805492590739723,-0.405465108108164,0,0,1,0,0,1,0,1,0,0,0,0,0,1,0,"Northern.Mockingbird","Common.Grackle",0.221157254607308
"794",0,0.693147180559945,0.947706928107534,0.847297860387204,-0.189576727675126,0.496200134547012,0.232931557680373,0.427978440777132,0.36737977408429,0.256719846847814,0.245122458032985,0.315384675001117,0.380882864702829,-0.405465108108164,0,-0.242502582785355,0,0.693147180559945,0.456758402495715,0.456758402495715,0.84257842716711,0,1,0,0,0,0,1,0,0,1,1,0,1,0,0,0,"Northern.Mockingbird","Ovenbird",0.0231402139069046
"795",0,0.693147180559945,1.63027199933694,0.86733861127065,0.246471803805118,0.71436517365479,0.999766454031477,0.719310152316462,0.466283848143204,0.473784352085642,0.42744401482694,0.434573192266235,0.553975615059162,0.693147180559945,0,-0.437525039786745,0.693147180559945,0.693147180559945,-0.42744401482694,-0.42744401482694,1.45173325285539,0,1,0,0,0,0,1,0,0,1,1,0,1,0,0,0,"Northern.Mockingbird","Common.Yellowthroat",0.121269360963405
"796",0,0,1.41346426647182,0.778304988900252,-0.328115642030271,0.569610318660418,0.114541541732212,0.447289385690219,0.548804871831207,0.332705753825736,0.394654192003949,0.421994410059375,0.500322901566841,-0.405465108108164,0.405465108108164,0.174989202615224,-0.405465108108164,0,-0.0165293019512106,-0.0165293019512106,1.3687952012534,0,1,0,0,0,0,1,0,0,1,1,0,1,0,0,0,"Northern.Mockingbird","Pine.Warbler",0.30107899161424
"797",0,0.693147180559945,0.510825623765991,0.500392708044276,-0.348877633478701,0.294704832787619,-0.188794071299572,0.199385284695357,0.501551986980662,-0.529517756778143,-0.602175402354219,-0.0863280834884973,0.140667329489971,-0.405465108108164,0.405465108108164,0,0,0,0.182321556793955,0.182321556793955,0.515335605391289,0,1,0,0,0,0,1,1,0,1,1,0,1,0,0,0,"Northern.Mockingbird","Summer.Tanager",0.227319531051474
"798",1.09861228866811,0,0.129709544668113,0.144278931348104,0.284451051870334,0.152494593332279,0.486590652920533,0.183212425449756,0.273293334999682,-0.841892441820296,-0.703958096664161,-0.18641154204548,0.227678706479601,0.693147180559945,0.182321556793955,0,-0.693147180559945,0.693147180559945,0.405465108108164,0.405465108108164,0.0758401742151173,0,1,1,1,0,0,1,0,1,1,1,0,1,0,1,0,"Northern.Mockingbird","Northern.Cardinal",0.255949417521528
"799",0,0,0.571020784549413,0.602175402354218,-0.105845834764658,0.297676603176777,0.149112885797301,0.265664450310712,0.461345566502621,-0.721055968677022,-0.475423696715075,-0.00816331063916109,0.262364264467491,-0.405465108108164,0.182321556793955,0.174989202615224,0,-0.405465108108164,0.182321556793955,0.182321556793955,0.507025308257661,0,1,0,1,1,0,1,0,0,1,1,0,1,0,0,1,"Northern.Mockingbird","Blue.Grosbeak",0.110616464302983
"800",0,0,1.19371630415875,0.8775116389837,-0.088224233414839,0.587344773600187,0.451985123743057,0.549868258386168,0.627057068730955,-0.15684247149297,-0.103184236235231,0.473287704446925,0.635988766719997,-0.405465108108164,0.405465108108164,0.570873719290489,-0.693147180559945,-0.405465108108164,0.265703165733006,0.265703165733006,1.12385022125797,0,1,1,1,0,0,0,0,0,1,1,0,1,0,0,0,"Northern.Mockingbird","Indigo.Bunting",-0.0154056911104162
"821",0,0,0,0,0,0,0,0,0,0,0,0,0,0,0,0,0,0,0,0,0,0,1,1,1,1,1,1,1,1,1,1,1,1,1,1,1,"Brown.Thrasher","Brown.Thrasher",1
"822",0,-0.693147180559945,0.917017740266772,0.667213798533441,-0.858539675253452,0.297340250676188,-0.807750563298949,0.0676001136016481,0.551607008324617,0.336472236621213,0.251314428280906,0.751830682388036,0.670157662335247,-0.693147180559945,0.182321556793955,0,0.405465108108164,-0.405465108108164,-1.54592450671177,-1.54592450671177,0.853572453071294,0.405465108108164,0,0,1,0,1,1,0,1,1,1,1,1,0,0,0,"Brown.Thrasher","Eastern.Bluebird",0.144225853043264
"823",-0.405465108108164,0,0.317182736848479,0.535484027855546,-0.660237446471147,0.0942726559346676,-0.728238500371215,-0.0382821865710169,0.0633696139325894,0.154150679827258,0.0571584138399488,0.483566695793356,0.46008619258839,-0.405465108108164,0.405465108108164,0.282857135032356,-0.287682072451781,-0.405465108108164,-0.93533892684485,-0.896872646017054,0.264206816030415,0.405465108108164,0,0,1,1,1,1,0,0,1,1,1,1,1,0,1,"Brown.Thrasher","Wood.Thrush",0.039021051401528
"824",-0.405465108108164,-1.09861228866811,-0.131894879849065,0.241162056816888,-0.735406989849828,-0.0406835766364435,-0.969154221431223,-0.214324287880128,0.0448505661653517,-0.076372978784574,-0.0363676441708747,0.434376451602584,0.251789149391174,0,0.405465108108164,0.35833910138605,0.405465108108164,-1.25276296849537,-1.90668943590203,-1.90668943590203,-0.126559401209328,0.405465108108164,0,0,0,0,0,1,0,0,1,1,1,1,1,0,1,"Brown.Thrasher","American.Robin",0.301541113573203
"825",0,-0.693147180559945,1.16781282291149,0.609699892332834,-0.68229716453588,0.440680014399231,-0.414943852062708,0.283463341547732,0.675755437848076,-0.26358452087272,-0.200670695462151,0.831873390061572,1.04367117063681,0,-0.154150679827258,0.35833910138605,0.405465108108164,-1.25276296849537,-1.90668943590203,-1.90668943590203,1.17240969330287,0.405465108108164,0,1,0,0,1,0,0,0,1,1,0,1,0,0,0,"Brown.Thrasher","House.Finch",0.00376518917032288
"826",0.693147180559945,0,1.68175857401373,0.92494879461727,-0.685926932586458,0.544448806680803,-0.310631005437326,0.384228788810136,0.929535958624176,0,0.227783930870712,0.855970941640633,0.962178136385626,0,-0.154150679827258,-0.134634650368223,1.09861228866811,-0.693147180559945,-0.653926467406664,-0.653926467406664,1.68977757630878,0,1,1,0,0,0,1,0,0,1,1,0,1,0,0,0,"Brown.Thrasher","American.Goldfinch",-0.0492813170543484
"827",-0.405465108108164,-0.693147180559945,1.72976779320009,0.777028664540647,-0.554463793025994,0.53062825106217,-0.152107778197458,0.410355093402356,0.741060536255843,0.251314428280906,0.300104592450338,1.01419494685553,0.831912941547724,0,-0.154150679827258,0.200365080270877,0.405465108108164,-0.916290731874155,-1.988927534139,-1.988927534139,1.65935697960807,0.405465108108164,0,0,0,0,0,1,0,0,1,1,1,1,1,1,1,"Brown.Thrasher","Chipping.Sparrow",-0.321465251626155
"828",0,-0.693147180559945,0.542324290825362,0.283857976013377,0.0218190473946399,0.202594883086822,0.23211222129697,0.219491690895439,0.236388778064231,-0.26358452087272,-0.0183491386681964,0.677722710234314,0.670157662335247,0,0,0.558512530191722,-0.287682072451781,-0.916290731874155,-1.33702331211311,-1.33702331211311,0.53445981014707,0.405465108108164,0,0,0,0,1,1,0,1,1,1,0,1,0,1,1,"Brown.Thrasher","Eastern.Towhee",0.074619203557308
"829",0.693147180559945,-0.693147180559945,1.01633594146864,0.528495879221618,-0.426818232578733,0.3598105187497,-0.152107778197458,0.292572057745973,0.270290329739912,0,0.117783035656384,0.608729838747362,0.613360063942113,-0.405465108108164,0.182321556793955,-0.134634650368223,0.405465108108164,0,-1.39586381213604,-1.39586381213604,0.936687359781801,0.405465108108164,0,0,1,0,0,1,0,0,1,1,1,0,0,0,0,"Brown.Thrasher","Yellow.breasted.Chat",-0.155110428570061
"830",0,-1.09861228866811,-0.288408552687147,0.591735337357535,-0.57895481303429,0.00694447235281122,-0.707331815551902,-0.0531939260666997,-0.151641268221832,-0.26358452087272,-0.121889817609037,-0.035627177643151,-0.107020267076191,0,-0.154150679827258,0.107867932417132,0.405465108108164,-0.693147180559945,-1.57021719928082,-1.57021719928082,-0.339183183723717,0.405465108108164,0,0,1,0,0,1,0,1,1,0,1,1,0,0,0,"Brown.Thrasher","Eastern.Meadowlark",-0.457299339231942
"831",-0.405465108108164,-1.09861228866811,0.303307390354862,0.314868212755938,-0.5461649902113,-0.0250582587333628,-0.685978691081333,-0.140821825887202,0.200021133893356,-0.334202088086674,-0.0363676441708747,0.225737586491256,0.282160247267473,0,0.405465108108164,0.107867932417132,0.405465108108164,-0.693147180559945,-1.57021719928082,-1.57021719928082,0.218404205950313,0.405465108108164,0,0,0,0,0,1,0,0,1,1,1,1,0,0,1,"Brown.Thrasher","Red.winged.Blackbird",-0.343204382060938
"832",-0.405465108108164,-0.693147180559945,0.534852275986661,0.55674634550747,-0.864618721329834,0.231250138847198,-0.884357684771146,-0.0240975515790605,0.325422400434628,-0.345501643340607,-0.0714589639821449,0.553159987592552,0.536626269710724,-0.693147180559945,0.182321556793955,0.107867932417132,0.405465108108164,-0.693147180559945,-1.71691157843162,-1.71691157843162,0.495504169071557,0.405465108108164,0,0,0,0,0,1,0,0,1,1,1,1,0,0,0,"Brown.Thrasher","Brown.headed.Cowbird",-0.00308166414377606
"833",0,-1.09861228866811,-0.424659555364312,0.0300022503037987,-0.622354128568846,-0.124552331573924,-0.896088024556636,-0.259734167140737,-0.0401199937894253,-0.510825623765991,-0.301475394584117,-0.121804873884203,-0.0919823897116502,0.693147180559945,-0.154150679827258,0.495101986448943,0,-1.09861228866811,-0.653926467406664,-0.653926467406664,-0.428940364529531,0,1,0,0,0,0,1,0,1,0,0,1,0,0,1,0,"Brown.Thrasher","Common.Grackle",-0.0280581730712873
"834",-0.405465108108164,0,1.29734687510339,0.882389180198474,-0.582978963334016,0.453304167627627,-0.267843730232117,0.336667377611197,0.427638965602486,0.429562659687225,0.405465108108164,0.774053819172746,0.689830427933951,-0.405465108108164,0,-0.134634650368223,0.405465108108164,0,-1.29578035357906,-1.29578035357906,1.2191306533773,0.405465108108164,0,0,1,0,0,1,1,0,1,1,1,1,0,0,0,"Brown.Thrasher","Ovenbird",-0.116840885765992
"835",-0.405465108108164,0,1.9799119463328,0.90242993108192,-0.146930431853771,0.671469206735406,0.498991166118988,0.627999089150527,0.5265430396614,0.646627164925052,0.587786664902119,0.893242336437864,0.862923178290285,0.693147180559945,0,-0.329657107369612,1.09861228866811,0,-2.17998277090171,-2.17998277090171,1.82828547906558,0.405465108108164,0,0,1,0,0,1,0,0,1,1,1,1,0,0,0,"Brown.Thrasher","Common.Yellowthroat",-0.19183976204234
"836",-0.405465108108164,-0.693147180559945,1.76310421346768,0.813396308711522,-0.721517877689161,0.526714351741034,-0.386233746180277,0.355978322524284,0.609064063349404,0.505548566665147,0.554996842079128,0.880663554231004,0.809270464797964,-0.405465108108164,0.405465108108164,0.282857135032356,0,-0.693147180559945,-1.76906805802598,-1.76906805802598,1.74534742746359,0.405465108108164,0,0,1,0,0,1,0,0,1,1,1,1,0,0,0,"Brown.Thrasher","Pine.Warbler",-0.0498117083190688
"837",-0.405465108108164,0,0.860465570761851,0.535484027855546,-0.74227986913759,0.251808865868235,-0.689569359212061,0.108074221529423,0.561811178498858,-0.356674943938732,-0.441832752279039,0.372341060683132,0.449614892721094,-0.405465108108164,0.405465108108164,0.107867932417132,0.405465108108164,-0.693147180559945,-1.57021719928082,-1.57021719928082,0.89188783160148,0.405465108108164,0,0,1,0,1,1,0,0,1,1,1,1,0,0,0,"Brown.Thrasher","Summer.Tanager",0.377416645093048
"838",0.693147180559945,-0.693147180559945,0.479349491663973,0.179370251159374,-0.108951183788555,0.109598626412894,-0.0141846349919564,0.0919013622838215,0.333552526517878,-0.669049628980885,-0.543615446588982,0.272257602126149,0.536626269710724,0.693147180559945,0.182321556793955,0.107867932417132,-0.287682072451781,0,-1.34707364796661,-1.34707364796661,0.452392400425309,0.405465108108164,0,1,0,0,0,1,0,1,1,1,0,1,0,1,0,"Brown.Thrasher","Northern.Cardinal",0.0802532558975327
"839",-0.405465108108164,-0.693147180559945,0.920660731545274,0.637266722165489,-0.499248070423548,0.254780636257392,-0.351662402115188,0.174353387144778,0.521604758020818,-0.548213155837611,-0.315081046639895,0.450505833532468,0.571311827698614,-0.405465108108164,0.182321556793955,0.282857135032356,0.405465108108164,-1.09861228866811,-1.57021719928082,-1.57021719928082,0.883577534467852,0.405465108108164,0,0,0,0,0,1,0,0,1,1,1,1,0,0,1,"Brown.Thrasher","Blue.Grosbeak",0.18261167476066
"840",-0.405465108108164,-0.693147180559945,1.54335625115461,0.91260295879497,-0.481626469073728,0.544448806680803,-0.0487901641694319,0.458557195220234,0.687316260249152,0.0160003413464411,0.0571584138399488,0.931956848618555,0.94493632995112,-0.405465108108164,0.405465108108164,0.678741651707621,-0.287682072451781,-1.09861228866811,-1.48683559034177,-1.48683559034177,1.50040244746816,0.405465108108164,0,1,0,0,0,0,0,0,1,1,0,1,0,0,0,"Brown.Thrasher","Indigo.Bunting",-0.385970966151367
"862",0,0,0,0,0,0,0,0,0,0,0,0,0,0,0,0,0,0,0,0,0,0,1,1,1,1,1,1,1,1,1,1,1,1,1,1,1,"Eastern.Bluebird","Eastern.Bluebird",1
"863",-0.405465108108164,0.693147180559945,-0.599835003418294,-0.131729770677894,0.198302228782305,-0.203067594741521,0.0795120629277336,-0.105882300172665,-0.488237394392027,-0.182321556793955,-0.194156014440957,-0.268263986594679,-0.210071469746857,0.287682072451781,0.22314355131421,0.282857135032356,-0.693147180559945,0,0.610585579866925,0.649051860694721,-0.58936563704088,0,1,0,1,0,1,1,0,0,1,1,1,1,0,1,0,"Eastern.Bluebird","Wood.Thrush",-0.0730414001006681
"864",-0.405465108108164,-0.405465108108164,-1.04891262011584,-0.426051741716553,0.123132685403624,-0.338023827312632,-0.161403658132274,-0.281924401481776,-0.506756442159265,-0.412845215405787,-0.287682072451781,-0.317454230785451,-0.418368512944072,0.693147180559945,0.22314355131421,0.35833910138605,0,-0.847297860387204,-0.360764929190257,-0.360764929190257,-0.980131854280622,0,1,0,0,0,0,1,1,0,1,1,1,1,0,1,0,"Eastern.Bluebird","American.Robin",0.0256717533664042
"865",0,0,0.25079508264472,-0.0575139062006068,0.176242510717572,0.143339763723043,0.392806711236241,0.215863227946084,0.124148429523459,-0.600056757493933,-0.451985123743057,0.0800427076735364,0.373513508301562,0.693147180559945,-0.336472236621213,0.35833910138605,0,-0.847297860387204,-0.360764929190257,-0.360764929190257,0.318837240231577,0,1,0,0,0,1,0,0,0,1,1,0,1,0,0,1,"Eastern.Bluebird","House.Finch",-0.0988710287076959
"866",0.693147180559945,0.693147180559945,0.764740833746954,0.257734996083829,0.172612742666994,0.247108556004615,0.497119557861623,0.316628675208488,0.377928950299559,-0.336472236621213,-0.023530497410194,0.104140259252597,0.292020474050379,0.693147180559945,-0.336472236621213,-0.134634650368223,0.693147180559945,-0.287682072451781,0.89199803930511,0.89199803930511,0.836205123237486,-0.405465108108164,0,0,0,0,0,1,0,0,1,1,0,1,0,0,1,"Eastern.Bluebird","American.Goldfinch",0.160595179362601
"867",-0.405465108108164,0,0.812750052933315,0.109814866007207,0.304075882227457,0.233288000385982,0.655642785101491,0.342754979800708,0.189453527931226,-0.085157808340307,0.048790164169432,0.262364264467491,0.161755279212478,0.693147180559945,-0.336472236621213,0.200365080270877,0,-0.510825623765991,-0.44300302742723,-0.44300302742723,0.805784526536774,0,1,1,0,0,0,1,0,0,1,1,1,1,0,0,0,"Eastern.Bluebird","Chipping.Sparrow",-0.181351606436369
"868",0,0,-0.374693449441411,-0.383355822520063,0.880358722648092,-0.094745367589366,1.03986278459592,0.151891577293791,-0.315218230260386,-0.600056757493933,-0.269663566949103,-0.074107972153722,0,0.693147180559945,-0.182321556793955,0.558512530191722,-0.693147180559945,-0.510825623765991,0.208901194598667,0.208901194598667,-0.319112642924224,0,1,0,0,0,1,1,0,1,1,1,0,1,0,0,0,"Eastern.Bluebird","Eastern.Towhee",-0.0822784858276847
"869",0.693147180559945,0,0.0993182012018636,-0.138717919311823,0.431721442674719,0.0624702680735122,0.655642785101491,0.224971944144325,-0.281316678584705,-0.336472236621213,-0.133531392624522,-0.143100843640673,-0.0567975983931332,0.287682072451781,0,-0.134634650368223,0,0.405465108108164,0.150060694575733,0.150060694575733,0.0831149067105066,0,1,1,1,0,0,1,1,0,1,1,1,0,1,1,1,"Eastern.Bluebird","Yellow.breasted.Chat",-0.0550992599977387
"870",0,-0.405465108108164,-1.20542629295392,-0.0754784611759057,0.279584862219162,-0.290395778323377,0.100418747747047,-0.120794039668348,-0.703248276546449,-0.600056757493933,-0.373204245889943,-0.787457860031187,-0.777177929411437,0.693147180559945,-0.336472236621213,0.107867932417132,0,-0.287682072451781,-0.0242926925690446,-0.0242926925690446,-1.19275563679501,0,1,0,1,0,0,1,0,1,1,0,1,1,1,1,0,"Eastern.Bluebird","Eastern.Meadowlark",0.12624017160256
"871",-0.405465108108164,-0.405465108108164,-0.61371034991191,-0.352345585777503,0.312374685042152,-0.322398509409551,0.121771872217616,-0.20842193948885,-0.351585874431261,-0.670674324707887,-0.287682072451781,-0.526093095896779,-0.387997415067773,0.693147180559945,0.22314355131421,0.107867932417132,0,-0.287682072451781,-0.0242926925690446,-0.0242926925690446,-0.635168247120981,0,1,0,0,0,0,1,0,0,1,1,1,1,0,0,0,"Eastern.Bluebird","Red.winged.Blackbird",0.104191630490329
"872",-0.405465108108164,0,-0.382165464280112,-0.110467453025971,-0.00607904607638223,-0.0660901118289899,-0.0766071214721969,-0.0916976651807085,-0.226184607889989,-0.68197387996182,-0.322773392263051,-0.198670694795484,-0.133531392624523,0,0,0.107867932417132,0,-0.287682072451781,-0.170987071719848,-0.170987071719848,-0.358068283999737,0,1,0,0,0,0,1,0,0,1,1,1,1,1,1,0,"Eastern.Bluebird","Brown.headed.Cowbird",0.193018525706364
"873",0,-0.405465108108164,-1.34167729563108,-0.637211548229642,0.236185546684606,-0.421892582250112,-0.0883374612576865,-0.327334280742385,-0.591727002114042,-0.847297860387204,-0.552789822865023,-0.873635556272239,-0.762140052046897,1.38629436111989,-0.336472236621213,0.495101986448943,-0.405465108108164,-0.693147180559945,0.89199803930511,0.89199803930511,-1.28251281760082,-0.405465108108164,0,1,0,0,0,1,0,1,0,0,1,0,1,0,0,"Eastern.Bluebird","Common.Grackle",-0.375854993160055
"874",-0.405465108108164,0.693147180559945,0.380329134836622,0.215175381665033,0.275560711919436,0.155963916951439,0.539906833066832,0.269067264009549,-0.12396804272213,0.093090423066012,0.154150679827258,0.02222313678471,0.0196727655987049,0.287682072451781,-0.182321556793955,-0.134634650368223,0,0.405465108108164,0.250144153132716,0.250144153132716,0.365558200306008,0,1,0,1,1,0,1,0,0,1,1,1,1,1,1,0,"Eastern.Bluebird","Ovenbird",-0.0363014039232698
"875",-0.405465108108164,0.693147180559945,1.06289420606603,0.235216132548479,0.711609243399681,0.374128956059218,1.30674172941794,0.560398975548879,-0.0250639686632163,0.31015492830384,0.336472236621213,0.141411654049828,0.192765515955038,1.38629436111989,-0.182321556793955,-0.329657107369612,0.693147180559945,0.405465108108164,-0.634058264189939,-0.634058264189939,0.97471302599429,0,1,0,1,0,0,1,0,0,1,1,1,1,1,1,1,"Eastern.Bluebird","Common.Yellowthroat",-0.389993970432734
"876",-0.405465108108164,0,0.846086473200907,0.146182510178081,0.137021797564291,0.229374101064846,0.421516817118672,0.288378208922636,0.0574570550247872,0.169076330043934,0.303682413798222,0.128832871842968,0.139112802462718,0.287682072451781,0.22314355131421,0.282857135032356,-0.405465108108164,-0.287682072451781,-0.22314355131421,-0.22314355131421,0.891774974392296,0,1,0,1,1,0,1,0,0,1,1,1,1,1,1,1,"Eastern.Bluebird","Pine.Warbler",0.0745936796285444
"877",-0.405465108108164,0.693147180559945,-0.0565521695049212,-0.131729770677894,0.116259806115862,-0.0455313848079534,0.118181204086888,0.0404741079277744,0.0102041701742417,-0.693147180559945,-0.693147180559945,-0.379489621704904,-0.220542769614152,0.287682072451781,0.22314355131421,0.107867932417132,0,-0.287682072451781,-0.0242926925690446,-0.0242926925690446,0.0383153785301862,0,1,0,1,1,1,1,1,0,1,1,1,1,1,1,1,"Eastern.Bluebird","Summer.Tanager",-0.0311217510259918
"878",0.693147180559945,0,-0.437668248602799,-0.487843547374066,0.749588491464897,-0.187741624263294,0.793565928306993,0.0243012486821736,-0.218054481806739,-1.0055218656021,-0.794929874869888,-0.479573080261886,-0.133531392624523,1.38629436111989,0,0.107867932417132,-0.693147180559945,0.405465108108164,0.198850858745165,0.198850858745165,-0.401180052645985,0,1,0,0,0,0,1,0,1,1,1,0,1,0,0,1,"Eastern.Bluebird","Northern.Cardinal",-0.129297077314298
"879",-0.405465108108164,0,0.00364299127850123,-0.0299470763679522,0.359291604829904,-0.0425596144187959,0.456088161183761,0.10675327354313,-0.0300022503037989,-0.884685392458824,-0.566395474920801,-0.301324848855568,-0.0988458346366326,0.287682072451781,0,0.282857135032356,0,-0.693147180559945,-0.0242926925690446,-0.0242926925690446,0.0300050813965584,0,1,1,0,0,0,1,0,0,1,1,1,1,1,1,0,"Eastern.Bluebird","Blue.Grosbeak",0.0126582285888746
"880",-0.405465108108164,0,0.626338510887835,0.24538916026153,0.376913206179724,0.247108556004615,0.758960399129517,0.390957081618586,0.135709251924536,-0.320471895274772,-0.194156014440957,0.180126166230519,0.274778667615873,0.287682072451781,0.22314355131421,0.678741651707621,-0.693147180559945,-0.693147180559945,0.0590889163700066,0.0590889163700066,0.64682999439687,0,1,0,0,0,0,0,0,0,1,1,0,1,0,0,0,"Eastern.Bluebird","Indigo.Bunting",0.0595075239398085
"903",0,0,0,0,0,0,0,0,0,0,0,0,0,0,0,0,0,0,0,0,0,0,1,1,1,1,1,1,1,1,1,1,1,1,1,1,1,"Wood.Thrush","Wood.Thrush",1
"904",0,-1.09861228866811,-0.449077616697544,-0.294321971038658,-0.0751695433786806,-0.134956232571111,-0.240915721060007,-0.176042101309112,-0.0185190477672375,-0.230523658611832,-0.0935260580108235,-0.0491902441907717,-0.208297043197215,0.405465108108164,0,0.0754819663536942,0.693147180559945,-0.847297860387204,-0.971350509057182,-1.00981678988498,-0.390766217239742,0,1,1,0,0,0,1,0,0,1,1,1,1,1,1,1,"Wood.Thrush","American.Robin",-0.0677966191117283
"905",0.405465108108164,-0.693147180559945,0.850630086063013,0.0742158644772877,-0.0220597180647322,0.346407358464563,0.313294648308507,0.321745528118749,0.612385823915487,-0.417735200699978,-0.2578291093021,0.348306694268216,0.583584978048419,0.405465108108164,-0.559615787935423,0.0754819663536942,0.693147180559945,-0.847297860387204,-0.971350509057182,-1.00981678988498,0.908202877272456,0,1,0,0,0,1,0,0,0,1,1,0,1,0,0,0,"Wood.Thrush","House.Finch",-0.469028062970568
"906",1.09861228866811,0,1.36457583716525,0.389464766761723,-0.025689486115311,0.450176150746135,0.41760749493389,0.422510975381153,0.866166344691586,-0.154150679827258,0.170625517030763,0.372404245847276,0.502091943797236,0.405465108108164,-0.559615787935423,-0.417491785400579,1.38629436111989,-0.287682072451781,0.281412459438185,0.242946178610389,1.42557076027837,-0.405465108108164,0,0,0,0,0,1,0,0,1,1,0,1,0,0,0,"Wood.Thrush","American.Goldfinch",-0.172455092344288
"907",0,-0.693147180559945,1.41258505635161,0.241544636685101,0.105773653445153,0.436355595127503,0.576130722173757,0.448637279973373,0.677690922323253,0.0971637484536477,0.242946178610389,0.53062825106217,0.371826748959335,0.405465108108164,-0.559615787935423,-0.082492054761479,0.693147180559945,-0.510825623765991,-1.05358860729415,-1.09205488812195,1.39515016357765,0,1,0,0,0,0,1,0,0,1,1,1,1,1,0,1,"Wood.Thrush","Chipping.Sparrow",0.076330653180182
"908",0.405465108108164,-0.693147180559945,0.225141553976883,-0.251626051842169,0.682056493865787,0.108322227152155,0.960350721668186,0.257773877466456,0.173019164131641,-0.417735200699978,-0.0755075525081452,0.194156014440957,0.210071469746857,0.405465108108164,-0.405465108108164,0.275655395159366,0,-0.510825623765991,-0.401684385268258,-0.440150666096054,0.270252994116656,0,1,1,0,0,1,1,0,0,1,1,0,1,0,0,1,"Wood.Thrush","Eastern.Towhee",-0.0326830937713895
"909",1.09861228866811,-0.693147180559945,0.699153204620157,-0.00698814863392825,0.233419213892414,0.265537862815033,0.576130722173757,0.33085424431699,0.206920715807322,-0.154150679827258,0.0606246218164348,0.125163142954006,0.153273871353724,0,-0.22314355131421,-0.417491785400579,0.693147180559945,0.405465108108164,-0.460524885291192,-0.498991166118988,0.672480543751386,0,1,0,1,0,0,1,0,0,1,1,1,0,0,1,0,"Wood.Thrush","Yellow.breasted.Chat",0.162102029355596
"910",0.405465108108164,-1.09861228866811,-0.605591289535626,0.0562513095019889,0.0812826334368568,-0.0873281835818564,0.0209066848193136,-0.0149117394956828,-0.215010882154422,-0.417735200699978,-0.179048231448985,-0.519193873436507,-0.56710645966458,0.405465108108164,-0.559615787935423,-0.174989202615224,0.693147180559945,-0.287682072451781,-0.63487827243597,-0.673344553263766,-0.603389999754131,0,1,0,1,0,0,1,0,0,1,0,1,1,0,1,0,"Wood.Thrush","Eastern.Meadowlark",0.0458590006844627
"911",0,-1.09861228866811,-0.013875346493617,-0.220615815099609,0.114072456259848,-0.11933091466803,0.0422598092898826,-0.102539639316185,0.136651519960766,-0.488352767913932,-0.0935260580108235,-0.2578291093021,-0.177925945320916,0.405465108108164,0,-0.174989202615224,0.693147180559945,-0.287682072451781,-0.63487827243597,-0.673344553263766,-0.0458026100801014,0,1,0,0,0,0,1,0,0,1,1,1,1,0,0,1,"Wood.Thrush","Red.winged.Blackbird",0.122026358110919
"912",0,-0.693147180559945,0.217669539138182,0.0212623176519235,-0.204381274858687,0.136977482912531,-0.15611918439993,0.0141846349919564,0.262052786502039,-0.499652323167865,-0.128617377822094,0.0695932917991954,0.0765400771223342,-0.287682072451781,-0.22314355131421,-0.174989202615224,0.693147180559945,-0.287682072451781,-0.781572651586773,-0.820038932414569,0.231297353041143,0,1,0,0,0,0,1,0,0,1,1,1,1,0,1,0,"Wood.Thrush","Brown.headed.Cowbird",-0.0380006869239094
"913",0.405465108108164,-1.09861228866811,-0.74184229221279,-0.505481777551748,0.0378833179023013,-0.218824987508592,-0.16784952418542,-0.22145198056972,-0.103489607722015,-0.664976303593249,-0.358633808424065,-0.60537156967756,-0.55206858230004,1.09861228866811,-0.559615787935423,0.212244851416587,0.287682072451781,-0.693147180559945,0.281412459438185,0.242946178610389,-0.693147180559945,-0.405465108108164,0,0,0,0,0,1,0,0,0,0,1,0,0,0,0,"Wood.Thrush","Common.Grackle",0.0821074286845918
"914",0,0,0.980164138254916,0.346905152342927,0.0772584831371316,0.35903151169296,0.460394770139099,0.374949564182214,0.364269351669897,0.275411979859967,0.348306694268216,0.29048712337939,0.229744235345562,0,-0.405465108108164,-0.417491785400579,0.693147180559945,0.405465108108164,-0.360441426734209,-0.398907707562005,0.954923837346888,0,1,1,1,0,0,1,0,0,1,1,1,1,0,1,0,"Wood.Thrush","Ovenbird",0.365022460680876
"915",0,0,1.66272920948432,0.366945903226373,0.513307014617376,0.577196550800739,1.2272296664902,0.666281275721544,0.463173425728811,0.492476485097794,0.53062825106217,0.409675640644508,0.402836985701895,1.09861228866811,-0.405465108108164,-0.612514242401969,1.38629436111989,0.405465108108164,-1.24464384405686,-1.28311012488466,1.56407866303517,0,1,0,1,0,0,1,0,0,1,1,1,1,0,1,0,"Wood.Thrush","Common.Yellowthroat",0.189235793938452
"916",0,-0.693147180559945,1.4459214766192,0.277912280855976,-0.0612804312180135,0.432441695806366,0.342004754190939,0.394260509095301,0.545694449416815,0.351397886837889,0.497838428239179,0.397096858437648,0.349184272209575,0,0,0,0.287682072451781,-0.287682072451781,-0.833729131181135,-0.872195412008931,1.48114061143318,0,1,1,1,0,0,1,1,0,1,1,1,1,0,1,0,"Wood.Thrush","Pine.Warbler",-0.0501454739502092
"917",0,0,0.543282833913372,0,-0.0820424226664426,0.157536209933567,0.0386691411591541,0.146356408100439,0.498441564566269,-0.51082562376599,-0.498991166118988,-0.111225635110224,-0.0104712998672954,0,0,-0.174989202615224,0.693147180559945,-0.287682072451781,-0.63487827243597,-0.673344553263766,0.627681015571066,0,1,1,1,0,1,1,0,0,1,1,1,1,0,1,0,"Wood.Thrush","Summer.Tanager",0.244782771765939
"918",1.09861228866811,-0.693147180559945,0.162166754815494,-0.356113776696172,0.551286262682592,0.0153259704782268,0.714053865379259,0.130183548854838,0.270182912585289,-0.823200308808143,-0.60077386042893,-0.211309093667207,0.0765400771223342,1.09861228866811,-0.22314355131421,-0.174989202615224,0,0.405465108108164,-0.41173472112176,-0.450201001949556,0.188185584394895,0,1,0,0,0,0,1,0,0,1,1,0,1,0,0,0,"Wood.Thrush","Northern.Cardinal",0.00513259203405618
"919",0,-0.693147180559945,0.603477994696795,0.101782694309942,0.160989376047599,0.160507980322725,0.376576098256027,0.212635573715795,0.458235144088229,-0.702363835664869,-0.372239460479844,-0.0330608622608882,0.111225635110224,0,-0.22314355131421,0,0.693147180559945,-0.693147180559945,-0.63487827243597,-0.673344553263766,0.619370718437438,0,1,0,0,0,0,1,0,0,1,1,1,1,0,1,1,"Wood.Thrush","Blue.Grosbeak",0.19917864476386
"920",0,-0.693147180559945,1.22617351430613,0.377118930939424,0.178610977397419,0.450176150746135,0.679448336201783,0.496839381791251,0.623946646316563,-0.138150338480817,0,0.448390152825198,0.48485013736273,0,0,0.395884516675265,0,-0.693147180559945,-0.551496663496919,-0.589962944324715,1.23619563143775,0,1,0,0,0,0,0,0,0,1,1,0,1,0,0,0,"Wood.Thrush","Indigo.Bunting",-0.232808771749436
"944",0,0,0,0,0,0,0,0,0,0,0,0,0,0,0,0,0,0,0,0,0,0,1,1,1,1,1,1,1,1,1,1,1,1,1,1,1,"American.Robin","American.Robin",1
"945",0.405465108108164,0.405465108108164,1.29970770276056,0.368537835515946,0.0531098253139483,0.481363591035675,0.554210369368515,0.497787629427861,0.630904871682725,-0.187211542088146,-0.164303051291276,0.397496938458988,0.791882021245634,0,-0.559615787935423,0,0,0,0,0,1.2989690945122,0,1,0,0,0,0,0,0,1,1,1,0,1,0,0,0,"American.Robin","House.Finch",-0.20886837201088
"946",1.09861228866811,1.09861228866811,1.81365345386279,0.683786737800382,0.0494800572633697,0.585132383317246,0.658523215993897,0.598553076690265,0.884685392458824,0.076372978784574,0.264151575041587,0.421594490038048,0.710388986994451,0,-0.559615787935423,-0.492973751754273,0.693147180559945,0.559615787935423,1.25276296849537,1.25276296849537,1.81633697751811,-0.405465108108164,0,0,0,0,0,1,0,1,1,1,0,1,0,0,0,"American.Robin","American.Goldfinch",0.10373162308276
"947",0,0.405465108108164,1.86166267304915,0.535866607723759,0.180943196823833,0.571311827698614,0.817046443233765,0.624679381282485,0.696209970090491,0.32768740706548,0.336472236621213,0.579818495252942,0.58012379215655,0,-0.559615787935423,-0.157974021115173,0,0.336472236621213,-0.0822380982369721,-0.0822380982369721,1.7859163808174,0,1,0,0,0,0,1,0,1,1,1,1,1,1,0,1,"American.Robin","Chipping.Sparrow",-0.175513708922506
"948",0.405465108108164,0.405465108108164,0.674219170674426,0.0426959191964895,0.757226037244468,0.243278459723266,1.20126644272819,0.433815978775567,0.191538211898879,-0.187211542088146,0.0180185055026782,0.243346258631729,0.418368512944072,0,-0.405465108108164,0.200173428805672,-0.693147180559945,0.336472236621213,0.569666123788924,0.569666123788924,0.661019211356398,0,1,1,1,0,0,1,0,0,1,1,0,1,0,0,1,"American.Robin","Eastern.Towhee",-0.0181475798632404
"949",1.09861228866811,0.405465108108164,1.1482308213177,0.28733382240473,0.308588757271095,0.400494095386144,0.817046443233765,0.506896345626101,0.22543976357456,0.076372978784574,0.154150679827258,0.174353387144778,0.361570914550939,-0.405465108108164,-0.22314355131421,-0.492973751754273,0,1.25276296849537,0.510825623765991,0.510825623765991,1.06324676099113,0,1,0,0,0,0,1,1,1,1,1,1,0,0,1,0,"American.Robin","Yellow.breasted.Chat",-0.0736427481257252
"950",0.405465108108164,0,-0.156513672838082,0.350573280540647,0.156452176815538,0.0476280489892547,0.261822405879321,0.161130361813429,-0.196491834387184,-0.187211542088146,-0.085522173438162,-0.470003629245736,-0.358809416467365,0,-0.559615787935423,-0.250471168968918,0,0.559615787935423,0.336472236621213,0.336472236621213,-0.212623782514389,0,1,0,0,0,0,1,0,0,1,0,1,1,0,1,0,"American.Robin","Eastern.Meadowlark",0.0725903194529617
"951",0,0,0.435202270203927,0.0737061559390496,0.189241999638528,0.0156253179030808,0.28317553034989,0.0735024619929265,0.155170567728004,-0.2578291093021,0,-0.208638865111328,0.0303710978762988,0,0,-0.250471168968918,0,0.559615787935423,0.336472236621213,0.336472236621213,0.344963607159641,0,1,0,0,0,0,1,0,1,1,1,1,1,0,0,1,"American.Robin","Red.winged.Blackbird",-0.392808242212907
"952",0,0.405465108108164,0.666747155835726,0.315584288690582,-0.129211731480006,0.271933715483642,0.0847965366600768,0.190226736301068,0.280571834269276,-0.269128664556033,-0.0350913198112702,0.118783535989967,0.28483712031955,-0.693147180559945,-0.22314355131421,-0.250471168968918,0,0.559615787935423,0.189777857470409,0.189777857470409,0.622063570280885,0,1,0,0,0,0,1,0,1,1,1,1,1,0,1,0,"American.Robin","Brown.headed.Cowbird",-0.0148998118300886
"953",0.405465108108164,0,-0.292764675515247,-0.211159806513089,0.113052861280982,-0.0838687549374805,0.0730661968745874,-0.0454098792606084,-0.084970559954777,-0.434452644981417,-0.265107750413242,-0.556181325486788,-0.343771539102825,0.693147180559945,-0.559615787935423,0.136762885062893,-0.405465108108164,0.154150679827258,1.25276296849537,1.25276296849537,-0.302380963320203,-0.405465108108164,0,0,1,0,0,1,0,0,0,0,1,0,0,0,0,"American.Robin","Common.Grackle",0.262194174382209
"954",0,1.09861228866811,1.42924175495246,0.641227123381586,0.152428026515812,0.493987744264071,0.701310491199106,0.550991665491325,0.382788399437135,0.505935638471799,0.441832752279039,0.339677367570161,0.438041278542777,-0.405465108108164,-0.405465108108164,-0.492973751754273,0,1.25276296849537,0.610909082322973,0.610909082322973,1.34569005458663,0,1,1,0,0,0,1,0,1,1,1,1,1,0,1,0,"American.Robin","Ovenbird",-0.00411311108347306
"955",0,1.09861228866811,2.11180682618187,0.661267874265032,0.588476557996057,0.71215278337185,1.46814538755021,0.842323377030656,0.481692473496049,0.723000143709626,0.624154309072994,0.45886588483528,0.61113402889911,0.693147180559945,-0.405465108108164,-0.687996208755663,0.693147180559945,1.25276296849537,-0.273293334999681,-0.273293334999681,1.95484488027491,0,1,0,0,0,0,1,0,1,1,1,1,1,0,1,0,"American.Robin","Common.Yellowthroat",-0.332018760939344
"956",0,0.405465108108164,1.89499909331674,0.572234251894634,0.0138891121606671,0.567397928377477,0.582920475250946,0.570302610404413,0.564213497184052,0.581921545449721,0.591364486250003,0.44628710262842,0.55748131540679,-0.405465108108164,0,-0.0754819663536942,-0.405465108108164,0.559615787935423,0.137621377876048,0.137621377876048,1.87190682867292,0,1,1,0,0,0,1,0,1,1,1,1,1,0,1,0,"American.Robin","Pine.Warbler",0.031678084049428
"957",0,1.09861228866811,0.992360450610916,0.294321971038658,-0.00687287928776206,0.292492442504678,0.279584862219162,0.322398509409551,0.516960612333507,-0.280301965154158,-0.405465108108164,-0.0620353909194526,0.19782574332992,-0.405465108108164,0,-0.250471168968918,0,0.559615787935423,0.336472236621213,0.336472236621213,1.01844723281081,0,1,1,0,0,0,1,1,1,1,1,1,1,0,1,0,"American.Robin","Summer.Tanager",0.1054253338247
"958",1.09861228866811,0.405465108108164,0.611244371513038,-0.0617918056575137,0.626455806061273,0.150282203049338,0.954969586439266,0.30622565016395,0.288701960352526,-0.592676650196311,-0.507247802418107,-0.162118849476435,0.28483712031955,0.693147180559945,-0.22314355131421,-0.250471168968918,-0.693147180559945,1.25276296849537,0.559615787935423,0.559615787935423,0.578951801634637,0,1,0,1,0,0,1,0,0,1,1,0,1,0,0,0,"American.Robin","Northern.Cardinal",0.271653606984059
"959",0,0.405465108108164,1.05255561139434,0.396104665348601,0.23615891942628,0.295464212893836,0.617491819316035,0.388677675024906,0.476754191855466,-0.471840177053037,-0.278713402469021,0.0161293819298835,0.31952267830744,-0.405465108108164,-0.22314355131421,-0.0754819663536942,0,0.154150679827258,0.336472236621213,0.336472236621213,1.01013693567718,0,1,0,1,0,0,1,0,1,1,1,1,1,0,1,1,"American.Robin","Blue.Grosbeak",0.525081390948664
"960",0,0.405465108108164,1.67525113100367,0.671440901978082,0.2537805207761,0.585132383317246,0.920364057261791,0.672881483100362,0.6424656940838,0.0923733201310151,0.0935260580108235,0.49758039701597,0.693147180559945,-0.405465108108164,0,0.320402550321571,-0.693147180559945,0.154150679827258,0.419853845560264,0.419853845560264,1.62696184867749,0,1,0,1,0,0,0,0,1,1,1,0,1,0,0,0,"American.Robin","Indigo.Bunting",-0.056135567361204
"985",0,0,0,0,0,0,0,0,0,0,0,0,0,0,0,0,0,0,0,0,0,0,1,1,1,1,1,1,1,1,1,1,1,1,1,1,1,"House.Finch","House.Finch",1
"986",0.693147180559945,0.693147180559945,0.513945751102234,0.315248902284436,-0.00362976805057872,0.103768792281572,0.104312846625382,0.100765447262404,0.253780520776099,0.26358452087272,0.428454626332863,0.0240975515790605,-0.0814930342511829,0,0,-0.492973751754273,0.693147180559945,0.559615787935423,1.25276296849537,1.25276296849537,0.517367883005909,-0.405465108108164,0,1,1,1,0,0,0,1,1,1,1,1,1,1,1,"House.Finch","American.Goldfinch",0.384260056949672
"987",-0.405465108108164,0,0.561954970288595,0.167328772207813,0.127833371509885,0.0899482366629394,0.26283607386525,0.126891751854624,0.0653050984077665,0.514898949153626,0.500775287912489,0.182321556793955,-0.211758229089084,0,0,-0.157974021115173,0,0.336472236621213,-0.0822380982369721,-0.0822380982369721,0.486947286305197,0,1,0,1,0,0,0,0,1,1,1,0,1,0,0,0,"House.Finch","Chipping.Sparrow",-0.0049632039063347
"988",0,0,-0.625488532086131,-0.325841916319457,0.704116211930519,-0.238085131312409,0.647056073359678,-0.0639716506522936,-0.439366659783846,0,0.182321556793955,-0.154150679827258,-0.373513508301562,0,0.154150679827258,0.200173428805672,-0.693147180559945,0.336472236621213,0.569666123788924,0.569666123788924,-0.6379498831558,0,1,0,0,0,1,0,0,0,1,1,0,1,1,0,0,"House.Finch","Eastern.Towhee",0.263860369609856
"989",0.693147180559945,0,-0.151476881442856,-0.0812040131112159,0.255478931957146,-0.0808694956495306,0.26283607386525,0.0091087161982403,-0.405465108108164,0.26358452087272,0.318453731118535,-0.22314355131421,-0.430311106694695,-0.405465108108164,0.336472236621213,-0.492973751754273,0,1.25276296849537,0.510825623765991,0.510825623765991,-0.23572233352107,0,1,0,0,0,0,0,0,1,1,1,0,0,0,0,1,"House.Finch","Yellow.breasted.Chat",0.150291005041408
"990",0,-0.405465108108164,-1.45622137559864,-0.0179645549752989,0.103342351501589,-0.43373554204642,-0.292387963489194,-0.336657267614432,-0.827396706069909,0,0.0787808778531144,-0.867500567704723,-1.150691437713,0,0,-0.250471168968918,0,0.559615787935423,0.336472236621213,0.336472236621213,-1.51159287702659,0,1,0,0,0,0,0,0,0,1,0,0,1,0,0,0,"House.Finch","Eastern.Meadowlark",-0.00564681724845996
"991",-0.405465108108164,-0.405465108108164,-0.86450543255663,-0.294831679576896,0.13613217432458,-0.465738273132594,-0.271034839018625,-0.424285167434934,-0.475734303954721,-0.0706175672139535,0.164303051291276,-0.606135803570316,-0.761510923369335,0,0.559615787935423,-0.250471168968918,0,0.559615787935423,0.336472236621213,0.336472236621213,-0.954005487352557,0,1,0,1,0,0,0,0,1,1,1,0,1,1,1,0,"House.Finch","Red.winged.Blackbird",0.227793944804534
"992",-0.405465108108164,0,-0.632960546924832,-0.0529535468253642,-0.182321556793955,-0.209429875552033,-0.469413832708438,-0.307560893126793,-0.350333037413448,-0.0819171224678868,0.129211731480006,-0.27871340246902,-0.507044900926085,-0.693147180559945,0.336472236621213,-0.250471168968918,0,0.559615787935423,0.189777857470409,0.189777857470409,-0.676905524231314,0,1,0,1,0,0,0,0,1,1,1,0,1,0,0,0,"House.Finch","Brown.headed.Cowbird",0.173399530873515
"993",0,-0.405465108108164,-1.5924723782758,-0.579697642029035,0.0599430359670336,-0.565232345973155,-0.481144172493927,-0.543197508688469,-0.715875431637502,-0.24724110289327,-0.100804699121966,-0.953678263945775,-1.13565356034846,0.693147180559945,0,0.136762885062893,-0.405465108108164,0.154150679827258,1.25276296849537,1.25276296849537,-1.6013500578324,-0.405465108108164,0,0,0,0,0,0,0,0,0,0,0,0,0,0,0,"House.Finch","Common.Grackle",0.0863838572619143
"994",-0.405465108108164,0.693147180559945,0.129534052191902,0.27268928786564,0.0993182012018636,0.0126241532283964,0.147100121830591,0.0532040360634647,-0.24811647224559,0.693147180559945,0.606135803570315,-0.0578195708888262,-0.353840742702857,-0.405465108108164,0.154150679827258,-0.492973751754273,0,1.25276296849537,0.610909082322973,0.610909082322973,0.0467209600744318,0,1,0,0,0,0,0,0,1,1,1,0,1,0,0,0,"House.Finch","Ovenbird",0.00976362283379162
"995",-0.405465108108164,0.693147180559945,0.812099123421311,0.292730038749086,0.535366732682108,0.230789192336175,0.913935018181696,0.344535747602795,-0.149212398186676,0.910211685797773,0.78845736036427,0.061368946376292,-0.180747992346524,0.693147180559945,0.154150679827258,-0.687996208755663,0.693147180559945,1.25276296849537,-0.273293334999681,-0.273293334999681,0.655875785762714,0,1,0,0,0,0,0,0,1,1,1,0,1,0,0,1,"House.Finch","Common.Yellowthroat",0.0702777857923599
"996",-0.405465108108164,0,0.595291390556187,0.203696416378688,-0.0392207131532814,0.086034337341803,0.0287101058824314,0.072514980976552,-0.0666913744986724,0.769133087537867,0.755667537541279,0.048790164169432,-0.234400705838844,-0.405465108108164,0.559615787935423,-0.0754819663536942,-0.405465108108164,0.559615787935423,0.137621377876048,0.137621377876048,0.57293773416072,0,1,0,0,0,0,0,0,1,1,1,0,1,0,0,1,"House.Finch","Pine.Warbler",0.128872156602415
"997",-0.405465108108164,0.693147180559945,-0.307347252149641,-0.0742158644772877,-0.0599827046017105,-0.188871148530996,-0.274625507149353,-0.17538912001831,-0.113944259349218,-0.0930904230660121,-0.241162056816888,-0.45953232937844,-0.594056277915714,-0.405465108108164,0.559615787935423,-0.250471168968918,0,0.559615787935423,0.336472236621213,0.336472236621213,-0.28052186170139,0,1,0,0,0,1,0,0,1,1,1,0,1,0,0,1,"House.Finch","Summer.Tanager",0.0843311715447995
"998",0.693147180559945,0,-0.688463331247519,-0.43032964117346,0.573345980747325,-0.331081387986337,0.400759217070752,-0.191561979263911,-0.342202911330198,-0.405465108108165,-0.34294475112683,-0.559615787935423,-0.507044900926085,0.693147180559945,0.336472236621213,-0.250471168968918,-0.693147180559945,1.25276296849537,0.559615787935423,0.559615787935423,-0.720017292877561,0,1,1,0,0,0,0,0,0,1,1,0,1,1,0,1,"House.Finch","Northern.Cardinal",0.129683492060486
"999",-0.405465108108164,0,-0.247152091366219,0.0275668298326546,0.183049094112332,-0.185899378141839,0.06328144994752,-0.109109954402955,-0.154150679827258,-0.284628634964891,-0.114410351177744,-0.381367556529104,-0.472359342938195,-0.405465108108164,0.336472236621213,-0.0754819663536942,0,0.154150679827258,0.336472236621213,0.336472236621213,-0.288832158835018,0,1,0,0,0,0,0,0,1,1,1,0,1,0,0,0,"House.Finch","Blue.Grosbeak",-0.337440109514032
"1000",-0.405465108108164,0,0.375543428243115,0.302903066462136,0.200670695462151,0.103768792281572,0.366153687893276,0.175093853672502,0.011560822401076,0.279584862219162,0.2578291093021,0.100083458556983,-0.098734840685689,-0.405465108108164,0.559615787935423,0.320402550321571,-0.693147180559945,0.154150679827258,0.419853845560264,0.419853845560264,0.327992754165293,0,1,1,0,0,0,1,0,1,1,1,0,1,1,1,0,"House.Finch","Indigo.Bunting",-0.0790284001089196
"1026",0,0,0,0,0,0,0,0,0,0,0,0,0,0,0,0,0,0,0,0,0,0,1,1,1,1,1,1,1,1,1,1,1,1,1,1,1,"American.Goldfinch","American.Goldfinch",1
"1027",-1.09861228866811,-0.693147180559945,0.0480092191863607,-0.147920130076622,0.131463139560464,-0.0138205556186323,0.158523227239868,0.02612630459222,-0.188475422368333,0.251314428280906,0.0723206615796261,0.158224005214894,-0.130265194837901,0,0,0.3349997306391,-0.693147180559945,-0.22314355131421,-1.33500106673234,-1.33500106673234,-0.0304205967007119,0.405465108108164,0,0,1,0,0,1,0,1,1,1,0,1,0,0,0,"American.Goldfinch","Chipping.Sparrow",-0.272416169272648
"1028",-0.693147180559945,-0.693147180559945,-1.13943428318836,-0.641090818603892,0.707745979981098,-0.341853923593981,0.542743226734296,-0.164737097914697,-0.693147180559945,-0.26358452087272,-0.246133069538909,-0.178248231406319,-0.292020474050379,0,0.154150679827258,0.693147180559945,-1.38629436111989,-0.22314355131421,-0.683096844706444,-0.683096844706444,-1.15531776616171,0.405465108108164,0,0,0,0,0,1,0,0,1,1,0,1,1,0,0,"American.Goldfinch","Eastern.Towhee",0.520273745852161
"1029",0,-0.693147180559945,-0.66542263254509,-0.396452915395652,0.259108700007725,-0.184638287931102,0.158523227239868,-0.0916567310641634,-0.659245628884264,0,-0.110000895214328,-0.24724110289327,-0.348818072443512,-0.405465108108164,0.336472236621213,0,-0.693147180559945,0.693147180559945,-0.741937344729377,-0.741937344729377,-0.753090216526979,0.405465108108164,0,0,0,0,0,1,0,1,1,1,0,0,0,0,1,"American.Goldfinch","Yellow.breasted.Chat",0.00410747957613985
"1030",-0.693147180559945,-1.09861228866811,-1.97016712670087,-0.333213457259734,0.106972119552168,-0.537504334327992,-0.396700810114576,-0.437422714876836,-1.08117722684601,-0.26358452087272,-0.349673748479749,-0.891598119283784,-1.06919840346182,0,0,0.242502582785355,-0.693147180559945,0,-0.916290731874155,-0.916290731874155,-2.0289607600325,0.405465108108164,0,0,0,0,1,1,0,0,1,0,0,1,0,0,0,"American.Goldfinch","Eastern.Meadowlark",0.215568865430359
"1031",-1.09861228866811,-1.09861228866811,-1.37845118365886,-0.610080581861332,0.139761942375159,-0.569507065414166,-0.375347685644007,-0.525050614697338,-0.72951482473082,-0.334202088086674,-0.264151575041587,-0.630233355149376,-0.680017889118153,0,0.559615787935423,0.242502582785355,-0.693147180559945,0,-0.916290731874155,-0.916290731874155,-1.47137337035847,0.405465108108164,0,0,1,0,0,1,0,1,1,1,0,1,1,1,0,"American.Goldfinch","Red.winged.Blackbird",0.282683110325637
"1032",-1.09861228866811,-0.693147180559945,-1.14690629802707,-0.3682024491098,-0.178691788743376,-0.313198667833605,-0.57372667933382,-0.408326340389197,-0.604113558189548,-0.345501643340607,-0.299242894852857,-0.302810954048081,-0.425551866674902,-0.693147180559945,0.336472236621213,0.242502582785355,-0.693147180559945,0,-1.06298511102496,-1.06298511102496,-1.19427340723722,0.405465108108164,0,0,1,0,0,1,0,1,1,1,0,1,0,0,0,"American.Goldfinch","Brown.headed.Cowbird",0.541502724121103
"1033",-0.693147180559945,-1.09861228866811,-2.10641812937804,-0.894946544313471,0.0635728040176123,-0.669001138254727,-0.58545701911931,-0.643962955950873,-0.969655952413601,-0.510825623765991,-0.529259325454829,-0.977775815524836,-1.05416052609728,0.693147180559945,0,0.629736636817166,-1.09861228866811,-0.405465108108164,0,0,-2.11871794083831,0,1,0,0,0,0,1,0,0,0,0,0,0,0,0,0,"American.Goldfinch","Common.Grackle",0.186933472889587
"1034",-1.09861228866811,0,-0.384411698910332,-0.042559614418796,0.102947969252442,-0.0911446390531754,0.042787275205209,-0.0475614111989391,-0.501896993021689,0.429562659687225,0.177681177237452,-0.0819171224678868,-0.272347708451674,-0.405465108108164,0.154150679827258,0,-0.693147180559945,0.693147180559945,-0.641853886172395,-0.641853886172395,-0.470646922931477,0.405465108108164,0,0,0,0,0,1,0,1,1,1,0,1,0,0,0,"American.Goldfinch","Ovenbird",0.20311711804492
"1035",-1.09861228866811,0,0.298153372319076,-0.0225188635353499,0.538996500732687,0.127020400054604,0.809622171556313,0.243770300340391,-0.402992918962775,0.646627164925052,0.360002734031407,0.0372713947972314,-0.0992549580953411,0.693147180559945,0.154150679827258,-0.19502245700139,0,0.693147180559945,-1.52605630349505,-1.52605630349505,0.138507902756805,0.405465108108164,0,0,0,0,0,1,0,1,1,1,0,1,0,0,1,"American.Goldfinch","Common.Yellowthroat",-0.134704609542661
"1036",-1.09861228866811,-0.693147180559945,0.0813456394539524,-0.111552485905747,-0.0355909451027026,-0.0177344549397687,-0.0756027407429512,-0.0282504662858517,-0.320471895274772,0.505548566665147,0.327212911208416,0.0246926125903714,-0.152907671587661,-0.405465108108164,0.559615787935423,0.417491785400579,-1.09861228866811,0,-1.11514159061932,-1.11514159061932,0.0555698511548108,0.405465108108164,0,0,0,0,0,1,0,1,1,1,0,1,0,0,1,"American.Goldfinch","Pine.Warbler",0.460472306226568
"1037",-1.09861228866811,0,-0.821293003251875,-0.389464766761723,-0.0563529365511316,-0.292639940812568,-0.378938353774736,-0.276154567280714,-0.367724780125317,-0.356674943938732,-0.669616683149751,-0.483629880957501,-0.512563243664531,-0.405465108108164,0.559615787935423,0.242502582785355,-0.693147180559945,0,-0.916290731874155,-0.916290731874155,-0.797889744707299,0.405465108108164,0,0,0,0,0,1,0,1,1,1,0,1,0,0,1,"American.Goldfinch","Summer.Tanager",0.172396103085731
"1038",0,-0.693147180559945,-1.20240908234975,-0.745578543457895,0.576975748797903,-0.434850180267908,0.296446370445369,-0.292327426526315,-0.595983432106298,-0.669049628980885,-0.771399377459694,-0.583713339514483,-0.425551866674902,0.693147180559945,0.336472236621213,0.242502582785355,-1.38629436111989,0.693147180559945,-0.693147180559945,-0.693147180559945,-1.23738517588347,0.405465108108164,0,1,0,0,0,1,0,0,1,1,0,1,1,0,1,"American.Goldfinch","Northern.Cardinal",0.410537119397879
"1039",-1.09861228866811,-0.693147180559945,-0.761097842468453,-0.287682072451781,0.18667886216291,-0.28966817042341,-0.0410313966778624,-0.209875401665358,-0.407931200603358,-0.548213155837611,-0.542864977510607,-0.405465108108165,-0.390866308687012,-0.405465108108164,0.336472236621213,0.417491785400579,-0.693147180559945,-0.405465108108164,-0.916290731874155,-0.916290731874155,-0.806200041840927,0.405465108108164,0,0,0,0,0,1,0,1,1,1,0,1,0,0,0,"American.Goldfinch","Blue.Grosbeak",-0.144910181761519
"1040",-1.09861228866811,-0.693147180559945,-0.138402322859119,-0.0123458358222994,0.20430046351273,0,0.261840841267894,0.0743284064100977,-0.242219698375024,0.0160003413464411,-0.170625517030763,0.075985906977922,-0.017241806434506,-0.405465108108164,0.559615787935423,0.813376302075844,-1.38629436111989,-0.405465108108164,-0.832909122935104,-0.832909122935104,-0.189375128840615,0.405465108108164,0,1,0,0,0,0,0,1,1,1,0,1,1,1,0,"American.Goldfinch","Indigo.Bunting",0.233966139902064
"1067",0,0,0,0,0,0,0,0,0,0,0,0,0,0,0,0,0,0,0,0,0,0,1,1,1,1,1,1,1,1,1,1,1,1,1,1,1,"Chipping.Sparrow","Chipping.Sparrow",1
"1068",0.405465108108164,0,-1.18744350237473,-0.49317068852727,0.576282840420634,-0.328033367975348,0.384219999494428,-0.190863402506917,-0.504671758191612,-0.514898949153626,-0.318453731118535,-0.336472236621213,-0.161755279212478,0,0.154150679827258,0.358147449920845,-0.693147180559945,0,0.651904222025896,0.651904222025896,-1.124897169461,0,1,0,0,0,0,1,0,0,1,1,0,1,0,1,1,"Chipping.Sparrow","Eastern.Towhee",-0.120828343374907
"1069",1.09861228866811,0,-0.713431851731451,-0.248532785319029,0.127645560447261,-0.17081773231247,0,-0.117783035656384,-0.470770206515931,-0.251314428280906,-0.182321556793955,-0.405465108108164,-0.218552877605611,-0.405465108108164,0.336472236621213,-0.3349997306391,0,0.916290731874155,0.593063722002963,0.593063722002963,-0.722669619826267,0,1,1,0,0,0,1,0,1,1,1,1,0,0,0,0,"Chipping.Sparrow","Yellow.breasted.Chat",0.277520976503388
"1070",0.405465108108164,-0.405465108108164,-2.01817634588723,-0.185293327183112,-0.0244910200082959,-0.523683778709359,-0.555224037354444,-0.463549019469056,-0.892701804477675,-0.514898949153626,-0.421994410059375,-1.04982212449868,-0.938933208623915,0,0,-0.0924971478537448,0,0.22314355131421,0.418710334858185,0.418710334858185,-1.99854016333178,0,1,0,0,0,0,1,0,0,1,0,1,1,0,0,0,"Chipping.Sparrow","Eastern.Meadowlark",0.087797365653438
"1071",0,-0.405465108108164,-1.42646040284523,-0.46216045178471,0.00829880281469506,-0.555686509795533,-0.533870912883875,-0.551176919289558,-0.541039402362487,-0.58551651636758,-0.336472236621213,-0.78845736036427,-0.549752694280251,0,0.559615787935423,-0.0924971478537448,0,0.22314355131421,0.418710334858185,0.418710334858185,-1.44095277365775,0,1,0,1,1,1,1,1,1,1,1,1,1,0,0,1,"Chipping.Sparrow","Red.winged.Blackbird",0.237932214994865
"1072",0,0,-1.19491551721343,-0.220282319033177,-0.31015492830384,-0.299378112214972,-0.732249906573688,-0.434452644981417,-0.415638135821215,-0.596816071621513,-0.371563556432483,-0.461034959262975,-0.295286671837,-0.693147180559945,0.336472236621213,-0.0924971478537448,0,0.22314355131421,0.272015955707382,0.272015955707382,-1.16385281053651,0,1,0,1,0,1,1,0,1,1,1,1,1,0,0,0,"Chipping.Sparrow","Brown.headed.Cowbird",0.0640301327651247
"1073",0.405465108108164,-0.405465108108164,-2.1544273485644,-0.747026414236849,-0.0678903355428513,-0.655180582636094,-0.743980246359177,-0.670089260543093,-0.781180530045268,-0.762140052046897,-0.601579987034455,-1.13599982073973,-0.923895331259374,0.693147180559945,0,0.294736906178066,-0.405465108108164,-0.182321556793955,1.33500106673234,1.33500106673234,-2.0882973441376,-0.405465108108164,0,1,0,0,0,1,0,0,0,0,1,0,0,1,0,"Chipping.Sparrow","Common.Grackle",0.216082149933146
"1074",0,0.693147180559945,-0.432420918096693,0.105360515657826,-0.0285151703080212,-0.0773240834345431,-0.115735952034659,-0.0736877157911593,-0.313421570653356,0.178248231406319,0.105360515657826,-0.240141127682781,-0.142082513613773,-0.405465108108164,0.154150679827258,-0.3349997306391,0,0.916290731874155,0.693147180559945,0.693147180559945,-0.440226326230766,0,1,0,0,0,1,1,0,1,1,1,1,1,0,0,0,"Chipping.Sparrow","Ovenbird",0.383073637203457
"1075",0,0.693147180559945,0.250144153132716,0.125401266541272,0.407533361172223,0.140840955673236,0.651098944316446,0.217643995748171,-0.214517496594442,0.395312736644147,0.287682072451781,-0.120952610417663,0.0310102367425602,0.693147180559945,0.154150679827258,-0.53002218764049,0.693147180559945,0.916290731874155,-0.191055236762709,-0.191055236762709,0.168928499457516,0,1,0,0,0,1,1,0,1,1,1,1,1,0,0,0,"Chipping.Sparrow","Common.Yellowthroat",0.306703605266976
"1076",0,0,0.0333364202675917,0.0363676441708748,-0.167054084663166,-0.00391389932113633,-0.234125967982819,-0.0543767708780718,-0.131996472906439,0.254234138384241,0.25489224962879,-0.133531392624523,-0.0226424767497599,-0.405465108108164,0.559615787935423,0.082492054761479,-0.405465108108164,0.22314355131421,0.21985947611302,0.21985947611302,0.0859904478555225,0,1,0,0,0,0,1,0,1,1,1,1,1,0,0,0,"Chipping.Sparrow","Pine.Warbler",0.101848681958233
"1077",0,0.693147180559945,-0.869302222438236,-0.241544636685101,-0.187816076111595,-0.278819385193936,-0.537461581014603,-0.302280871872934,-0.179249357756984,-0.607989372219638,-0.741937344729377,-0.641853886172395,-0.38229804882663,-0.405465108108164,0.559615787935423,-0.0924971478537448,0,0.22314355131421,0.418710334858185,0.418710334858185,-0.767469148006587,0,1,0,0,0,0,1,0,1,1,1,1,1,0,0,0,"Chipping.Sparrow","Summer.Tanager",-0.0958083958531763
"1078",1.09861228866811,0,-1.25041830153611,-0.597658413381273,0.44551260923744,-0.421029624649276,0.137923143205502,-0.318453731118535,-0.407508009737965,-0.920364057261791,-0.84372003903932,-0.741937344729377,-0.295286671837,0.693147180559945,0.336472236621213,-0.0924971478537448,-0.693147180559945,0.916290731874155,0.641853886172395,0.641853886172395,-1.20696457918276,0,1,0,0,0,0,1,0,0,1,1,0,1,0,1,0,"Chipping.Sparrow","Northern.Cardinal",-0.195927458427878
"1079",0,0,-0.809107061654814,-0.139761942375159,0.0552157226024468,-0.275847614804778,-0.19955462391773,-0.236001706257578,-0.219455778235025,-0.799527584118517,-0.615185639090234,-0.563689113323058,-0.26060111384911,-0.405465108108164,0.336472236621213,0.082492054761479,0,-0.182321556793955,0.418710334858185,0.418710334858185,-0.775779445140216,0,1,1,0,0,1,1,0,1,1,1,1,1,0,0,1,"Chipping.Sparrow","Blue.Grosbeak",-0.338182445479909
"1080",0,0,-0.18641154204548,0.135574294254323,0.0728373239522663,0.0138205556186323,0.103317614028026,0.0482021018178777,-0.0537442760066906,-0.235314086934465,-0.242946178610389,-0.082238098236972,0.113023388403395,-0.405465108108164,0.559615787935423,0.478376571436744,-0.693147180559945,-0.182321556793955,0.502091943797236,0.502091943797236,-0.158954532139904,0,1,0,0,0,0,0,0,1,1,1,0,1,0,0,0,"Chipping.Sparrow","Indigo.Bunting",0.0581693831965713
"1108",0,0,0,0,0,0,0,0,0,0,0,0,0,0,0,0,0,0,0,0,0,0,1,1,1,1,1,1,1,1,1,1,1,1,1,1,1,"Eastern.Towhee","Eastern.Towhee",1
"1109",0.693147180559945,0,0.474011650643274,0.244637903208241,-0.448637279973373,0.157215635662878,-0.384219999494428,0.0730803668505339,0.0339015516756812,0.26358452087272,0.13613217432458,-0.0689928714869514,-0.0567975983931332,-0.405465108108164,0.182321556793955,-0.693147180559945,0.693147180559945,0.916290731874155,-0.0588405000229335,-0.0588405000229335,0.40222754963473,0,1,0,0,0,0,1,0,0,1,1,0,0,0,0,0,"Eastern.Towhee","Yellow.breasted.Chat",0.0811366018105094
"1110",0,-0.405465108108164,-0.830732843512508,0.307877361344158,-0.60077386042893,-0.195650410734011,-0.939444036848872,-0.272685616962138,-0.388030046286063,0,-0.10354067894084,-0.713349887877465,-0.777177929411437,0,-0.154150679827258,-0.45064459777459,0.693147180559945,0.22314355131421,-0.233193887167711,-0.233193887167711,-0.873642993870787,0,1,0,0,0,0,1,0,1,1,0,0,1,0,0,0,"Eastern.Towhee","Eastern.Meadowlark",0.234941820670773
"1111",-0.405465108108164,-0.405465108108164,-0.2390169004705,0.0310102367425602,-0.567984037605939,-0.227653141820185,-0.918090912378303,-0.360313516782641,-0.0363676441708748,-0.0706175672139535,-0.0180185055026783,-0.451985123743057,-0.387997415067773,0,0.405465108108164,-0.45064459777459,0.693147180559945,0.22314355131421,-0.233193887167711,-0.233193887167711,-0.316055604196757,0,1,0,0,0,0,1,0,0,1,1,0,1,1,0,1,"Eastern.Towhee","Red.winged.Blackbird",0.122539792997781
"1112",-0.405465108108164,0,-0.00747201483870095,0.272888369494093,-0.886437768724474,0.0286552557603761,-1.11646990606812,-0.243589242474499,0.0890336223703976,-0.0819171224678868,-0.0531098253139484,-0.124562722641762,-0.133531392624523,-0.693147180559945,0.182321556793955,-0.45064459777459,0.693147180559945,0.22314355131421,-0.379888266318515,-0.379888266318515,-0.0389556410755132,0,1,0,0,0,0,1,0,0,1,1,0,1,0,0,0,"Eastern.Towhee","Brown.headed.Cowbird",0.498630635177244
"1113",0,-0.405465108108164,-0.966983846189673,-0.253855725709579,-0.644173175963486,-0.327147214660746,-1.12820024585361,-0.479225858036176,-0.276508771853656,-0.24724110289327,-0.28312625591592,-0.799527584118517,-0.762140052046897,0.693147180559945,-0.154150679827258,-0.0634105437427794,0.287682072451781,-0.182321556793955,0.683096844706444,0.683096844706444,-0.963400174676601,-0.405465108108164,0,0,1,1,0,1,1,1,0,0,0,0,0,1,0,"Eastern.Towhee","Common.Grackle",0.414813572000281
"1114",-0.405465108108164,0.693147180559945,0.755022584278033,0.598531204185096,-0.604798010728656,0.250709284540805,-0.499955951529087,0.117175686715758,0.191250187538256,0.693147180559945,0.423814246776361,0.0963311089384321,0.0196727655987049,-0.405465108108164,0,-0.693147180559945,0.693147180559945,0.916290731874155,0.041242958534049,0.041242958534049,0.684670843230232,0,1,1,0,0,0,1,0,0,1,1,0,1,0,0,0,"Eastern.Towhee","Ovenbird",0.412812825077856
"1115",-0.405465108108164,0.693147180559945,1.43758765550744,0.618571955068542,-0.168749479248411,0.468874323648584,0.266878944822018,0.408507398255088,0.29015426159717,0.910211685797773,0.606135803570315,0.21551962620355,0.192765515955038,0.693147180559945,0,-0.888169637561335,1.38629436111989,0.916290731874155,-0.842959458788605,-0.842959458788605,1.29382566891851,0,1,0,0,0,0,1,0,0,1,1,0,1,0,0,0,"Eastern.Towhee","Common.Yellowthroat",0.168323867434384
"1116",-0.405465108108164,0,1.22077992264232,0.529538332698145,-0.743336925083801,0.324119468654212,-0.618345967477247,0.136486631628846,0.372675285285173,0.769133087537867,0.573345980747325,0.20294084399669,0.139112802462718,-0.405465108108164,0.405465108108164,-0.275655395159366,0.287682072451781,0.22314355131421,-0.432044745912876,-0.432044745912876,1.21088761731652,0,1,1,0,0,0,1,0,0,1,1,0,1,0,0,0,"Eastern.Towhee","Pine.Warbler",0.627588576707909
"1117",-0.405465108108164,0.693147180559945,0.31814127993649,0.251626051842169,-0.76409891653223,0.0492139827814126,-0.921681580509031,-0.111417469366016,0.325422400434628,-0.0930904230660121,-0.423483613610843,-0.305381649551182,-0.220542769614152,-0.405465108108164,0.405465108108164,-0.45064459777459,0.693147180559945,0.22314355131421,-0.233193887167711,-0.233193887167711,0.35742802145441,0,1,1,0,0,1,1,0,0,1,1,0,1,0,0,0,"Eastern.Towhee","Summer.Tanager",0.356996257634881
"1118",0.693147180559945,0,-0.0629747991613884,-0.104487724854003,-0.130770231183195,-0.0929962566739277,-0.246296856288927,-0.127590328611617,0.0971637484536477,-0.405465108108165,-0.525266307920785,-0.405465108108164,-0.133531392624523,0.693147180559945,0.182321556793955,-0.45064459777459,0,0.916290731874155,-0.0100503358535015,-0.0100503358535015,-0.0820674097217611,0,1,0,1,0,0,1,0,1,1,1,0,1,1,1,0,"Eastern.Towhee","Northern.Cardinal",0.318905051716024
"1119",-0.405465108108164,0,0.378336440719912,0.353408746152111,-0.521067117818188,0.05218575317057,-0.583774623412158,-0.045138303750661,0.285215979956587,-0.284628634964891,-0.296731907971699,-0.227216876701846,-0.0988458346366326,-0.405465108108164,0.182321556793955,-0.275655395159366,0.693147180559945,-0.182321556793955,-0.233193887167711,-0.233193887167711,0.349117724320782,0,1,0,1,0,0,1,0,0,1,1,0,1,0,0,1,"Eastern.Towhee","Blue.Grosbeak",-0.11533196440794
"1120",-0.405465108108164,0,1.00103196032925,0.628744982781593,-0.503445516468368,0.341853923593981,-0.280902385466402,0.239065504324795,0.450927482184922,0.279584862219162,0.0755075525081453,0.254234138384241,0.274778667615873,-0.405465108108164,0.405465108108164,0.120229121515899,0,-0.182321556793955,-0.14981227822866,-0.14981227822866,0.965942637321094,0,1,0,1,1,0,0,0,0,1,1,1,1,1,0,0,"Eastern.Towhee","Indigo.Bunting",0.347417057621679
"1149",0,0,0,0,0,0,0,0,0,0,0,0,0,0,0,0,0,0,0,0,0,0,1,1,1,1,1,1,1,1,1,1,1,1,1,1,1,"Yellow.breasted.Chat","Yellow.breasted.Chat",1
"1150",-0.693147180559945,-0.405465108108164,-1.30474449415578,0.063239458135917,-0.152136580455557,-0.352866046396889,-0.555224037354444,-0.345765983812672,-0.421931597961744,-0.26358452087272,-0.23967285326542,-0.644357016390513,-0.720380331018304,0.405465108108164,-0.336472236621213,0.242502582785355,0,-0.693147180559945,-0.174353387144778,-0.174353387144778,-1.27587054350552,0,1,0,1,1,0,1,0,0,1,0,1,0,1,1,0,"Yellow.breasted.Chat","Eastern.Meadowlark",0.109893878401576
"1151",-1.09861228866811,-0.405465108108164,-0.713028551113774,-0.213627666465681,-0.119346757632566,-0.384868777483063,-0.533870912883875,-0.433393883633175,-0.0702691958465562,-0.334202088086674,-0.154150679827258,-0.382992252256106,-0.33119981667464,0.405465108108164,0.22314355131421,0.242502582785355,0,-0.693147180559945,-0.174353387144778,-0.174353387144778,-0.718283153831488,0,1,0,0,0,0,1,0,1,1,1,1,0,0,0,0,"Yellow.breasted.Chat","Red.winged.Blackbird",0.0147235064647078
"1152",-1.09861228866811,0,-0.481483665481975,0.0282504662858517,-0.437800488751101,-0.128560379902502,-0.732249906573688,-0.316669609325033,0.0551320706947163,-0.345501643340607,-0.189241999638528,-0.0555698511548108,-0.0767337942313894,-0.287682072451781,0,0.242502582785355,0,-0.693147180559945,-0.321047766295581,-0.321047766295581,-0.441183190710244,0,1,0,0,0,0,1,0,1,1,1,1,0,1,1,0,"Yellow.breasted.Chat","Brown.headed.Cowbird",0.0955479452054794
"1153",-0.693147180559945,-0.405465108108164,-1.44099549683295,-0.498493628917819,-0.195535895990113,-0.484362850323624,-0.743980246359177,-0.55230622488671,-0.310410323529337,-0.510825623765991,-0.4192584302405,-0.730534712631566,-0.705342453653764,1.09861228866811,-0.336472236621213,0.629736636817166,-0.405465108108164,-1.09861228866811,0.741937344729377,0.741937344729377,-1.36562772431133,-0.405465108108164,0,1,0,0,1,1,0,0,0,0,1,1,1,0,0,"Yellow.breasted.Chat","Common.Grackle",0.134496951423052
"1154",-1.09861228866811,0.693147180559945,0.281010933634758,0.353893300976856,-0.156160730755282,0.093493648877927,-0.115735952034659,0.0440953198652242,0.157348635862575,0.429562659687225,0.287682072451781,0.165323980425384,0.076470363991838,0,-0.182321556793955,0,0,0,0.100083458556983,0.100083458556983,0.282443293595502,0,1,0,1,0,0,1,0,1,1,1,1,0,1,1,0,"Yellow.breasted.Chat","Ovenbird",0.399931553842873
"1155",-1.09861228866811,0.693147180559945,0.963576004864167,0.373934051860302,0.279887800724962,0.311658687985706,0.651098944316446,0.335427031404555,0.256252709921489,0.646627164925052,0.470003629245735,0.284512497690502,0.249563114348171,1.09861228866811,-0.182321556793955,-0.19502245700139,0.693147180559945,0,-0.784118958765672,-0.784118958765672,0.891598119283784,0,1,0,1,0,0,1,0,1,1,1,1,0,1,1,1,"Yellow.breasted.Chat","Common.Yellowthroat",0.0226337661506892
"1156",-1.09861228866811,0,0.746768271999043,0.284900429489904,-0.294699645110427,0.166903832991334,-0.234125967982819,0.0634062647783118,0.338773733609492,0.505548566665147,0.437213806422745,0.271933715483642,0.195910400855851,0,0.22314355131421,0.417491785400579,-0.405465108108164,-0.693147180559945,-0.373204245889943,-0.373204245889943,0.80866006768179,0,1,0,1,0,0,1,0,1,1,1,1,0,1,1,1,"Yellow.breasted.Chat","Pine.Warbler",0.19791131945584
"1157",-1.09861228866811,0.693147180559945,-0.155870370706785,0.00698814863392816,-0.315461636558857,-0.108001652881466,-0.537461581014603,-0.18449783621655,0.291520848758947,-0.356674943938732,-0.559615787935423,-0.23638877806423,-0.163745171221019,0,0.22314355131421,0.242502582785355,0,-0.693147180559945,-0.174353387144778,-0.174353387144778,-0.0447995281803204,0,1,0,1,0,0,1,1,1,1,1,1,0,1,1,1,"Yellow.breasted.Chat","Summer.Tanager",0.461499081409631
"1158",0,0,-0.536986449804663,-0.349125628062244,0.317867048790179,-0.250211892336806,0.137923143205502,-0.200670695462151,0.0632621967779665,-0.669049628980885,-0.661398482245365,-0.336472236621213,-0.0767337942313894,1.09861228866811,0,0.242502582785355,-0.693147180559945,0,0.048790164169432,0.048790164169432,-0.484294959356491,0,1,0,0,0,0,1,0,0,1,1,0,0,0,0,1,"Yellow.breasted.Chat","Northern.Cardinal",0.0135204536047937
"1159",-1.09861228866811,0,-0.0956752099233627,0.108770842943871,-0.0724298378448145,-0.105029882492308,-0.19955462391773,-0.118218670601195,0.251314428280906,-0.548213155837611,-0.432864082296279,-0.158224005214894,-0.0420482362434994,0,0,0.417491785400579,0,-1.09861228866811,-0.174353387144778,-0.174353387144778,-0.0531098253139484,0,1,1,0,0,0,1,0,1,1,1,1,0,1,1,0,"Yellow.breasted.Chat","Blue.Grosbeak",0.149435133714293
"1160",-1.09861228866811,0,0.527020309685971,0.384107079573352,-0.054808236494995,0.184638287931102,0.103317614028026,0.165985137474261,0.41702593050924,0.0160003413464411,-0.0606246218164349,0.323227009871192,0.331576266009006,0,0.22314355131421,0.813376302075844,-0.693147180559945,-1.09861228866811,-0.0909717782057268,-0.0909717782057268,0.563715087686363,0,1,0,0,0,1,0,0,1,1,1,0,0,0,0,0,"Yellow.breasted.Chat","Indigo.Bunting",0.437885112839172
"1190",0,0,0,0,0,0,0,0,0,0,0,0,0,0,0,0,0,0,0,0,0,0,1,1,1,1,1,1,1,1,1,1,1,1,1,1,1,"Eastern.Meadowlark","Eastern.Meadowlark",1
"1191",-0.405465108108164,0,0.591715943042009,-0.276867124601598,0.032789822822991,-0.032002731086174,0.0213531244705688,-0.0876278998205022,0.351662402115188,-0.0706175672139535,0.0855221734381619,0.261364764134408,0.389180514343664,0,0.559615787935423,0,0,0,0,0,0.55758738967403,0,1,0,0,0,0,1,0,0,1,0,1,1,0,0,0,"Eastern.Meadowlark","Red.winged.Blackbird",0.0342289924574807
"1192",-0.405465108108164,0.405465108108164,0.823260828673807,-0.0349889918500654,-0.285663908295544,0.224305666494387,-0.177025869219244,0.0290963744876392,0.47706366865646,-0.0819171224678868,0.0504308536268919,0.588787165235703,0.643646536786915,-0.693147180559945,0.336472236621213,0,0,0,-0.146694379150803,-0.146694379150803,0.834687352795274,0,1,1,0,0,0,1,0,0,1,0,1,1,1,1,1,"Eastern.Meadowlark","Brown.headed.Cowbird",0.288257462972358
"1193",0,0,-0.136251002677165,-0.561733087053736,-0.0433993155345555,-0.131496803926735,-0.188756209004734,-0.206540241074037,0.111521274432407,-0.24724110289327,-0.17958557697508,-0.0861776962410524,0.0150378773645405,0.693147180559945,0,0.38723405403181,-0.405465108108164,-0.405465108108164,0.916290731874155,0.916290731874155,-0.089757180805814,-0.405465108108164,0,0,0,0,0,1,0,1,0,1,1,0,1,0,1,"Eastern.Meadowlark","Common.Grackle",0.0704755429542746
"1194",-0.405465108108164,1.09861228866811,1.58575542779054,0.290653842840939,-0.00402415029972538,0.446359695274816,0.439488085319785,0.389861303677897,0.579280233824319,0.693147180559945,0.527354925717201,0.809680996815897,0.796850695010142,-0.405465108108164,0.154150679827258,-0.242502582785355,0,0.693147180559945,0.27443684570176,0.27443684570176,1.55831383710102,0,1,0,1,0,0,1,0,0,1,0,1,1,1,1,1,"Eastern.Meadowlark","Ovenbird",0.315347888368603
"1195",-0.405465108108164,1.09861228866811,2.26832049901995,0.310694593724385,0.432024381180519,0.664524734382595,1.20632298167089,0.681193015217227,0.678184307883233,0.910211685797773,0.709676482511156,0.928869514081015,0.969943445366475,0.693147180559945,0.154150679827258,-0.437525039786745,0.693147180559945,0.693147180559945,-0.609765571620894,-0.609765571620894,2.1674686627893,0,1,0,1,0,0,1,0,0,1,0,1,1,1,1,0,"Eastern.Meadowlark","Common.Yellowthroat",-0.230031191544749
"1196",-0.405465108108164,0.405465108108164,2.05151276615483,0.221660971353987,-0.14256306465487,0.519769879388223,0.321098069371625,0.409172248590984,0.760705331571236,0.769133087537867,0.676886659688165,0.916290731874155,0.916290731874155,-0.405465108108164,0.559615787935423,0.174989202615224,-0.405465108108164,0,-0.198850858745165,-0.198850858745165,2.08453061118731,0,1,0,1,0,0,1,0,0,1,0,1,1,1,1,0,"Eastern.Meadowlark","Pine.Warbler",0.302242003399555
"1197",-0.405465108108164,1.09861228866811,1.148874123449,-0.0562513095019888,-0.1633250561033,0.244864393515424,0.0177624563398405,0.161268147596122,0.713452446720691,-0.0930904230660121,-0.319942934670002,0.407968238326283,0.556635159797285,-0.405465108108164,0.559615787935423,0,0,0,0,0,1.2310710153252,0,1,0,1,0,0,1,0,0,1,0,1,1,1,1,0,"Eastern.Meadowlark","Summer.Tanager",-0.204071171709829
"1198",0.693147180559945,0.405465108108164,0.76775804435112,-0.412365086198161,0.470003629245736,0.102654154060083,0.693147180559945,0.145095288350521,0.485193794739711,-0.405465108108165,-0.421725628979945,0.3078847797693,0.643646536786915,0.693147180559945,0.336472236621213,0,-0.693147180559945,0.693147180559945,0.22314355131421,0.22314355131421,0.791575584149026,0,1,0,0,0,0,1,0,1,1,0,0,1,0,0,0,"Eastern.Meadowlark","Northern.Cardinal",0.196065015700946
"1199",-0.405465108108164,0.405465108108164,1.20906928423242,0.0455313848079533,0.0797067426107426,0.247836163904581,0.355669413436714,0.227547313211478,0.67324602624265,-0.284628634964891,-0.193191229030859,0.486133011175619,0.678332094774805,-0.405465108108164,0.336472236621213,0.174989202615224,0,-0.405465108108164,0,0,1.22276071819157,0,1,0,0,0,0,1,0,0,1,0,1,1,1,1,0,"Eastern.Meadowlark","Blue.Grosbeak",0.119952087611225
"1200",-0.405465108108164,0.405465108108164,1.83176480384175,0.320867621437435,0.097328343960562,0.537504334327992,0.65854165138247,0.511751121286934,0.838957528470985,0.279584862219162,0.179048231448985,0.967584026261706,1.05195659702731,-0.405465108108164,0.559615787935423,0.570873719290489,-0.693147180559945,-0.405465108108164,0.083381608939051,0.083381608939051,1.83958563119188,0,1,0,0,0,0,0,1,0,1,0,0,1,0,0,1,"Eastern.Meadowlark","Indigo.Bunting",0.0313034571860006
"1231",0,0,0,0,0,0,0,0,0,0,0,0,0,0,0,0,0,0,0,0,0,0,1,1,1,1,1,1,1,1,1,1,1,1,1,1,1,"Red.winged.Blackbird","Red.winged.Blackbird",1
"1232",0,0.405465108108164,0.231544885631799,0.241878132751532,-0.318453731118535,0.256308397580561,-0.198378993689813,0.116724274308141,0.125401266541272,-0.0112995552539333,-0.0350913198112702,0.327422401101295,0.254466022443251,-0.693147180559945,-0.22314355131421,0,0,0,-0.146694379150803,-0.146694379150803,0.277099963121244,0,1,0,1,0,1,1,0,1,1,1,1,1,0,0,0,"Red.winged.Blackbird","Brown.headed.Cowbird",0.114192776883257
"1233",0.405465108108164,0,-0.727966945719173,-0.284865962452139,-0.0761891383575464,-0.0994940728405613,-0.210109333475303,-0.118912341253535,-0.240141127682781,-0.176623535679317,-0.265107750413242,-0.34754246037546,-0.374142636979123,0.693147180559945,-0.559615787935423,0.38723405403181,-0.405465108108164,-0.405465108108164,0.916290731874155,0.916290731874155,-0.647344570479844,-0.405465108108164,0,0,0,0,0,1,0,0,0,0,1,0,0,0,0,"Red.winged.Blackbird","Common.Grackle",0.0882805933218553
"1234",0,1.09861228866811,0.994039484748533,0.567520967442536,-0.0368139731227162,0.47836242636099,0.418134960849216,0.477489203498399,0.227617831709131,0.763764747773899,0.441832752279039,0.548316232681489,0.407670180666478,-0.405465108108164,-0.405465108108164,-0.242502582785355,0,0.693147180559945,0.27443684570176,0.27443684570176,1.00072644742699,0,1,0,0,0,1,1,0,1,1,1,1,1,0,0,0,"Red.winged.Blackbird","Ovenbird",0.202672680148341
"1235",0,1.09861228866811,1.67660455597794,0.587561718325982,0.399234558357528,0.696527465468769,1.18496985720032,0.768820915037729,0.326521905768045,0.980829253011726,0.624154309072994,0.667504749946608,0.580762931022811,0.693147180559945,-0.405465108108164,-0.437525039786745,0.693147180559945,0.693147180559945,-0.609765571620894,-0.609765571620894,1.60988127311527,0,1,1,0,0,1,1,0,1,1,1,1,1,0,0,0,"Red.winged.Blackbird","Common.Yellowthroat",0.413338397036713
"1236",0,0.405465108108164,1.45979682311282,0.498528095955585,-0.175352887477861,0.551772610474397,0.299744944901056,0.496800148411486,0.409042929456048,0.839750654751821,0.591364486250003,0.654925967739748,0.527110217530491,-0.405465108108164,0,0.174989202615224,-0.405465108108164,0,-0.198850858745165,-0.198850858745165,1.52694322151328,0,1,0,0,0,0,1,0,1,1,1,1,1,0,0,0,"Red.winged.Blackbird","Pine.Warbler",0.0559739815131804
"1237",0,1.09861228866811,0.557158180406989,0.220615815099609,-0.19611487892629,0.276867124601598,-0.00359066813072848,0.248896047416624,0.361790044605503,-0.0224728558520585,-0.405465108108164,0.146603474191875,0.167454645453621,-0.405465108108164,0,0,0,0,0,0,0.673483625651167,0,1,0,0,0,0,1,0,1,1,1,1,1,0,0,0,"Red.winged.Blackbird","Summer.Tanager",-0.0860564698466923
"1238",1.09861228866811,0.405465108108164,0.176042101309111,-0.135497961596563,0.437213806422745,0.134656885146257,0.671794056089376,0.232723188171023,0.133531392624523,-0.334847540894211,-0.507247802418107,0.0465200156348929,0.254466022443251,0.693147180559945,-0.22314355131421,0,-0.693147180559945,0.693147180559945,0.22314355131421,0.22314355131421,0.233988194474996,0,1,0,0,0,0,1,0,0,1,1,0,1,1,0,0,"Red.winged.Blackbird","Northern.Cardinal",0.0311430545274007
"1239",0,0.405465108108164,0.617353341190412,0.322398509409551,0.0469169197877517,0.279838894990755,0.334316288966145,0.31517521303198,0.321583624127462,-0.214011067750937,-0.278713402469021,0.224768247041212,0.289151580431141,-0.405465108108164,-0.22314355131421,0.174989202615224,0,-0.405465108108164,0,0,0.665173328517539,0,1,0,0,0,1,1,0,1,1,1,1,1,0,0,1,"Red.winged.Blackbird","Blue.Grosbeak",-0.474413835460683
"1240",0,0.405465108108164,1.24004886079975,0.597734746039033,0.0645385211375712,0.569507065414166,0.637188526911901,0.599379021107436,0.487295126355797,0.350202429433115,0.0935260580108235,0.706219262127298,0.662776082683647,-0.405465108108164,0,0.570873719290489,-0.693147180559945,-0.405465108108164,0.083381608939051,0.083381608939051,1.28199824151785,0,1,0,0,0,0,0,0,1,1,1,0,1,1,1,0,"Red.winged.Blackbird","Indigo.Bunting",0.0884516797430216
"1272",0,0,0,0,0,0,0,0,0,0,0,0,0,0,0,0,0,0,0,0,0,0,1,1,1,1,1,1,1,1,1,1,1,1,1,1,1,"Brown.headed.Cowbird","Brown.headed.Cowbird",1
"1273",0.405465108108164,-0.405465108108164,-0.959511831350972,-0.526744095203671,0.242264592760988,-0.355802470421122,-0.0117303397854896,-0.235636615561676,-0.365542394224053,-0.165323980425384,-0.230016430601972,-0.674964861476755,-0.628608659422374,1.38629436111989,-0.336472236621213,0.38723405403181,-0.405465108108164,-0.405465108108164,1.06298511102496,1.06298511102496,-0.924444533601088,-0.405465108108164,0,0,0,0,0,1,0,0,0,0,1,0,1,0,1,"Brown.headed.Cowbird","Common.Grackle",0.400410771412138
"1274",0,0.693147180559945,0.762494599116734,0.325642834691004,0.281639757995818,0.222054028780429,0.616513954539029,0.360764929190257,0.102216565167858,0.775064303027832,0.476924072090309,0.220893831580194,0.153204158223228,0.287682072451781,-0.182321556793955,-0.242502582785355,0,0.693147180559945,0.421131224852564,0.421131224852564,0.723626484305745,0,1,0,0,0,1,1,0,1,1,1,1,1,1,1,1,"Brown.headed.Cowbird","Ovenbird",0.52159025274109
"1275",0,0.693147180559945,1.44505967034614,0.34568358557445,0.717688289476063,0.440219067888208,1.38334885089013,0.652096640729588,0.201120639226772,0.99212880826566,0.659245628884264,0.340082348845313,0.326296908579561,1.38629436111989,-0.182321556793955,-0.437525039786745,0.693147180559945,0.693147180559945,-0.463071192470091,-0.463071192470091,1.33278130999403,0,1,0,0,0,1,1,0,1,1,1,1,1,1,1,0,"Brown.headed.Cowbird","Common.Yellowthroat",-0.266289688121366
"1276",0,0,1.22825193748102,0.256649963204052,0.143100843640673,0.295464212893836,0.498123938590869,0.380075874103345,0.283641662914776,0.851050210005754,0.626455806061273,0.327503566638452,0.27264419508724,0.287682072451781,0.22314355131421,0.174989202615224,-0.405465108108164,0,-0.0521564795943617,-0.0521564795943617,1.24984325839203,0,1,0,0,0,0,1,0,1,1,1,1,1,1,1,0,"Brown.headed.Cowbird","Pine.Warbler",0.455230275461141
"1277",0,0.693147180559945,0.32561329477519,-0.0212623176519234,0.122338852192244,0.0205587270210366,0.194788325559085,0.132171773108483,0.23638877806423,-0.0111733005981252,-0.370373788296894,-0.18081892690942,-0.0870113769896297,0.287682072451781,0.22314355131421,0,0,0,0.146694379150803,0.146694379150803,0.396383662529923,0,1,0,0,0,0,1,0,1,1,1,1,1,1,1,0,"Brown.headed.Cowbird","Summer.Tanager",0.285763242845415
"1278",1.09861228866811,0,-0.0555027843226876,-0.377376094348096,0.755667537541279,-0.121651512434304,0.87017304977919,0.115998913862882,0.00813012608325009,-0.323547985640278,-0.472156482606837,-0.280902385466402,0,1.38629436111989,0,0,-0.693147180559945,0.693147180559945,0.369837930465013,0.369837930465013,-0.0431117686462479,0,1,0,0,0,0,1,0,0,1,1,0,1,0,0,0,"Brown.headed.Cowbird","Northern.Cardinal",0.351702938706974
"1279",0,0,0.385808455558613,0.0805203766580186,0.365370650906286,0.023530497410194,0.532695282655958,0.198450938723838,0.19618235758619,-0.202711512497004,-0.24362208265775,-0.102654154060083,0.0346855579878901,0.287682072451781,0,0.174989202615224,0,-0.405465108108164,0.146694379150803,0.146694379150803,0.388073365396295,0,1,0,0,0,1,1,0,1,1,1,1,1,1,1,0,"Brown.headed.Cowbird","Blue.Grosbeak",-0.202841504526273
"1280",0,0,1.00850397516795,0.3558566132875,0.382992252256106,0.313198667833604,0.835567520601714,0.482654746799294,0.361893859814524,0.361501984687048,0.128617377822094,0.378796861026003,0.408310060240396,0.287682072451781,0.22314355131421,0.570873719290489,-0.693147180559945,-0.405465108108164,0.230075988089855,0.230075988089855,1.00489827839661,0,1,0,0,0,0,0,0,1,1,1,0,1,0,0,1,"Brown.headed.Cowbird","Indigo.Bunting",0.093771411424723
"1313",0,0,0,0,0,0,0,0,0,0,0,0,0,0,0,0,0,0,0,0,0,0,1,1,1,1,1,1,1,1,1,1,1,1,1,1,1,"Common.Grackle","Common.Grackle",1
"1314",-0.405465108108164,1.09861228866811,1.72200643046771,0.852386929894675,0.0393751652348302,0.577856499201551,0.628244294324519,0.596401544751934,0.467758959391912,0.940388283453216,0.706940502692281,0.895858693056949,0.781812817645602,-1.09861228866811,0.154150679827258,-0.629736636817166,0.405465108108164,1.09861228866811,-0.641853886172395,-0.641853886172395,1.64807101790683,0.405465108108164,0,0,0,0,0,1,0,0,0,0,1,0,1,0,1,"Common.Grackle","Ovenbird",0.545890923148038
"1315",-0.405465108108164,1.09861228866811,2.40457150169711,0.872427680778121,0.475423696715075,0.79602153830933,1.39507919067562,0.887733256291264,0.566663033450826,1.15745278869104,0.889262059486236,1.01504721032207,0.954905568001935,0,0.154150679827258,-0.824759093818555,1.09861228866811,1.09861228866811,-1.52605630349505,-1.52605630349505,2.25722584359512,0.405465108108164,0,0,0,0,0,1,0,0,0,0,1,0,1,0,0,"Common.Grackle","Common.Yellowthroat",0.0932147275550998
"1316",-0.405465108108164,0.405465108108164,2.18776376883199,0.783394058407724,-0.0991637491203149,0.651266683314958,0.509854278376359,0.615712489665021,0.649184057138829,1.01637419043114,0.856472236663245,1.00246842811521,0.901252854509614,-1.09861228866811,0.559615787935423,-0.212244851416587,0,0.405465108108164,-1.11514159061932,-1.11514159061932,2.17428779199312,0.405465108108164,0,0,0,0,0,1,0,0,0,0,1,0,1,0,0,"Common.Grackle","Pine.Warbler",0.567493659008903
"1317",-0.405465108108164,1.09861228866811,1.28512512612616,0.505481777551748,-0.119925740568744,0.376361197442159,0.206518665344574,0.367808388670159,0.601931172288284,0.154150679827258,-0.140357357694923,0.494145934567335,0.541597282432744,-1.09861228866811,0.559615787935423,-0.38723405403181,0.405465108108164,0.405465108108164,-0.916290731874155,-0.916290731874155,1.32082819613101,0.405465108108164,0,0,0,0,0,1,0,0,0,0,1,0,1,0,0,"Common.Grackle","Summer.Tanager",0.312243502051984
"1318",0.693147180559945,0.405465108108164,0.904009047028285,0.149368000855575,0.513402944780291,0.234150957986819,0.881903389564679,0.351635529424558,0.373672520307304,-0.158224005214894,-0.242140052004865,0.394062476010353,0.628608659422374,0,0.336472236621213,-0.38723405403181,-0.287682072451781,1.09861228866811,-0.693147180559945,-0.693147180559945,0.88133276495484,0.405465108108164,0,0,1,0,0,1,0,1,0,0,0,0,0,1,0,"Common.Grackle","Northern.Cardinal",0.395074402904801
"1319",-0.405465108108164,0.405465108108164,1.34532028690959,0.60726447186169,0.123106058145298,0.379332967831316,0.544425622441448,0.434087554285515,0.561724751810243,-0.0373875320716203,-0.0136056520557787,0.572310707416671,0.663294217410264,-1.09861228866811,0.336472236621213,-0.212244851416587,0.405465108108164,0,-0.916290731874155,-0.916290731874155,1.31251789899738,0.405465108108164,0,1,1,0,0,1,0,0,0,0,1,0,1,0,0,"Common.Grackle","Blue.Grosbeak",0.170030800234342
"1320",-0.405465108108164,0.405465108108164,1.96801580651892,0.882600708491172,0.140727659495118,0.669001138254727,0.847297860387203,0.718291362360971,0.727436254038577,0.526825965112432,0.358633808424065,1.05376172250276,1.03691871966277,-1.09861228866811,0.559615787935423,0.183639665258678,-0.287682072451781,0,-0.832909122935104,-0.832909122935104,1.9293428119977,0.405465108108164,0,0,1,1,1,0,0,0,0,0,0,0,0,0,1,"Common.Grackle","Indigo.Bunting",0.224350205198358
"1354",0,0,0,0,0,0,0,0,0,0,0,0,0,0,0,0,0,0,0,0,0,0,1,1,1,1,1,1,1,1,1,1,1,1,1,1,1,"Ovenbird","Ovenbird",1
"1355",0,0,0.682565071229408,0.0200407508834462,0.436048531480244,0.218165039107779,0.766834896351104,0.29133171153933,0.0989040740589141,0.217064505237828,0.182321556793955,0.119188517265118,0.173092750356333,1.09861228866811,0,-0.19502245700139,0.693147180559945,0,-0.884202417322655,-0.884202417322655,0.609154825688282,0,1,0,1,0,1,1,0,1,1,1,1,1,1,1,0,"Ovenbird","Common.Yellowthroat",0.0207618442861095
"1356",0,-0.693147180559945,0.465757338364284,-0.0689928714869514,-0.138538914355145,0.0734101841134067,-0.11839001594816,0.0193109449130875,0.181425097746918,0.075985906977922,0.149531733970964,0.106609735058258,0.119440036864013,0,0.405465108108164,0.417491785400579,-0.405465108108164,-0.693147180559945,-0.473287704446925,-0.473287704446925,0.526216774086288,0,1,1,1,1,0,1,0,1,1,1,1,1,1,1,0,"Ovenbird","Pine.Warbler",0.52886776299064
"1357",0,0,-0.436881304341543,-0.346905152342927,-0.159300905803574,-0.201495301759393,-0.421725628979945,-0.228593156081774,0.134172212896372,-0.786237603625957,-0.847297860387204,-0.401712758489614,-0.240215535212857,0,0.405465108108164,0.242502582785355,0,-0.693147180559945,-0.27443684570176,-0.27443684570176,-0.327242821775822,0,1,1,1,1,0,1,0,1,1,1,1,1,1,1,0,"Ovenbird","Summer.Tanager",0.489384020814647
"1358",1.09861228866811,-0.693147180559945,-0.817997383439421,-0.7030189290391,0.474027779545461,-0.343705541214733,0.25365909524016,-0.244766015327375,-0.0940864390846082,-1.09861228866811,-0.949080554697146,-0.501796217046596,-0.153204158223227,1.09861228866811,0.182321556793955,0.242502582785355,-0.693147180559945,0,-0.0512932943875506,-0.0512932943875506,-0.766738252951993,0,1,0,0,0,0,1,0,0,1,1,0,1,0,0,0,"Ovenbird","Northern.Cardinal",0.178284080847185
"1359",0,-0.693147180559945,-0.376686143558121,-0.245122458032985,0.083730892910468,-0.198523531370235,-0.0838186718830713,-0.162313990466419,0.0939657924183315,-0.977775815524836,-0.72054615474806,-0.323547985640278,-0.118518600235337,0,0.182321556793955,0.417491785400579,0,-1.09861228866811,-0.27443684570176,-0.27443684570176,-0.33555311890945,0,1,0,0,0,1,1,0,1,1,1,1,1,1,1,0,"Ovenbird","Blue.Grosbeak",-0.0335731592179501
"1360",0,-0.693147180559945,0.246009376051213,0.0302137785964966,0.101352494260288,0.0911446390531754,0.219053566062685,0.121889817609037,0.259677294646666,-0.413562318340784,-0.348306694268216,0.157903029445809,0.255105902017168,0,0.405465108108164,0.813376302075844,-0.693147180559945,-1.09861228866811,-0.191055236762709,-0.191055236762709,0.281271794090862,0,1,0,0,0,0,0,0,1,1,1,0,1,0,0,1,"Ovenbird","Indigo.Bunting",0.176370028495132
"1395",0,0,0,0,0,0,0,0,0,0,0,0,0,0,0,0,0,0,0,0,0,0,1,1,1,1,1,1,1,1,1,1,1,1,1,1,1,"Common.Yellowthroat","Common.Yellowthroat",1
"1396",0,-0.693147180559945,-0.216807732865124,-0.0890336223703976,-0.57458744583539,-0.144754854994372,-0.885224912299265,-0.272020766626243,0.0825210236880034,-0.141078598259905,-0.032789822822991,-0.0125787822068601,-0.0536527134923201,-1.09861228866811,0.405465108108164,0.612514242401969,-1.09861228866811,-0.693147180559945,0.410914712875729,0.410914712875729,-0.0829380516019939,0,1,0,1,0,0,1,0,1,1,1,1,1,1,1,1,"Common.Yellowthroat","Pine.Warbler",-0.0927482674395942
"1397",0,0,-1.11944637557095,-0.366945903226373,-0.595349437283819,-0.419660340867172,-1.18856052533105,-0.519924867621105,0.0352681388374578,-1.00330210886378,-1.02961941718116,-0.520901275754732,-0.41330828556919,-1.09861228866811,0.405465108108164,0.437525039786745,-0.693147180559945,-0.693147180559945,0.609765571620894,0.609765571620894,-0.936397647464104,0,1,0,1,0,0,1,0,1,1,1,1,1,1,1,1,"Common.Yellowthroat","Summer.Tanager",-0.0723099540960517
"1398",1.09861228866811,-0.693147180559945,-1.50056245466883,-0.723059679922545,0.0379792480652165,-0.561870580322512,-0.513175801110944,-0.536097726866706,-0.192990513143522,-1.31567679390594,-1.1314021114911,-0.620984734311715,-0.326296908579561,0,0.182321556793955,0.437525039786745,-1.38629436111989,0,0.832909122935104,0.832909122935104,-1.37589307864027,0,1,0,0,0,0,1,0,0,1,1,0,1,0,0,1,"Common.Yellowthroat","Northern.Cardinal",-0.109683142630156
"1399",0,-0.693147180559945,-1.05925121478753,-0.265163208916431,-0.352317638569777,-0.416688570478014,-0.850653568234176,-0.453645702005749,-0.00493828164058268,-1.19484032076266,-0.902867711542015,-0.442736502905396,-0.29161135059167,-1.09861228866811,0.182321556793955,0.612514242401969,-0.693147180559945,-1.09861228866811,0.609765571620894,0.609765571620894,-0.944707944597732,0,1,0,0,0,1,1,0,1,1,1,1,1,1,1,0,"Common.Yellowthroat","Blue.Grosbeak",-0.49108745437832
"1400",0,-0.693147180559945,-0.436555695178195,0.0101730277130506,-0.334696037219957,-0.127020400054604,-0.54778133028842,-0.169441893930293,0.160773220587752,-0.630626823578611,-0.53062825106217,0.0387145121806904,0.0820131516608351,-1.09861228866811,0.405465108108164,1.00839875907723,-1.38629436111989,-1.09861228866811,0.693147180559945,0.693147180559945,-0.32788303159742,0,1,0,0,0,0,0,0,1,1,1,0,1,0,0,0,"Common.Yellowthroat","Indigo.Bunting",0.0992119986294169
"1436",0,0,0,0,0,0,0,0,0,0,0,0,0,0,0,0,0,0,0,0,0,0,1,1,1,1,1,1,1,1,1,1,1,1,1,1,1,"Pine.Warbler","Pine.Warbler",1
"1437",0,0.693147180559945,-0.902638642705828,-0.277912280855976,-0.0207619914484291,-0.274905485872799,-0.303335613031784,-0.247904100994862,-0.0472528848505455,-0.862223510603879,-0.996829594358167,-0.508322493547872,-0.35965557207687,0,0,-0.174989202615224,0.405465108108164,0,0.198850858745165,0.198850858745165,-0.85345959586211,0,1,1,1,1,0,1,0,1,1,1,1,1,1,1,1,"Pine.Warbler","Summer.Tanager",0.255603113222581
"1438",1.09861228866811,0,-1.28375472180371,-0.634026057552148,0.612566693900606,-0.41711572532814,0.37204911118832,-0.264076960240463,-0.275511536831526,-1.17459819564603,-1.09861228866811,-0.608405952104855,-0.27264419508724,1.09861228866811,-0.22314355131421,-0.174989202615224,-0.287682072451781,0.693147180559945,0.421994410059375,0.421994410059375,-1.29295502703828,0,1,0,0,0,0,1,0,0,1,1,0,1,0,0,1,"Pine.Warbler","Northern.Cardinal",0.236995222639835
"1439",0,0,-0.842443481922405,-0.176129586546034,0.222269807265613,-0.271933715483642,0.0345713440650887,-0.181624935379507,-0.0874593053285861,-1.05376172250276,-0.870077888719023,-0.430157720698536,-0.23795863709935,0,-0.22314355131421,0,0.405465108108164,-0.405465108108164,0.198850858745165,0.198850858745165,-0.861769892995738,0,1,0,0,0,0,1,0,1,1,1,1,1,1,1,0,"Pine.Warbler","Blue.Grosbeak",0.0804381322750797
"1440",0,0,-0.219747962313071,0.0992066500834481,0.239891408615432,0.0177344549397687,0.337443582010845,0.10257887269595,0.0782521968997483,-0.489548225318706,-0.497838428239179,0.0512932943875505,0.135665865153155,0,0,0.395884516675265,-0.287682072451781,-0.405465108108164,0.282232467684216,0.282232467684216,-0.244944979995426,0,1,0,0,0,0,0,0,1,1,1,0,1,0,0,0,"Pine.Warbler","Indigo.Bunting",0.361847780766907
"1477",0,0,0,0,0,0,0,0,0,0,0,0,0,0,0,0,0,0,0,0,0,0,1,1,1,1,1,1,1,1,1,1,1,1,1,1,1,"Summer.Tanager","Summer.Tanager",1
"1478",1.09861228866811,-0.693147180559945,-0.381116079097878,-0.356113776696172,0.633328685349035,-0.14221023945534,0.675384724220105,-0.016172859245601,-0.22825865198098,-0.312374685042152,-0.101782694309942,-0.100083458556982,0.0870113769896297,1.09861228866811,-0.22314355131421,0,-0.693147180559945,0.693147180559945,0.22314355131421,0.22314355131421,-0.439495431176171,0,1,0,0,0,0,1,0,0,1,1,0,1,0,0,1,"Summer.Tanager","Northern.Cardinal",-0.0369420220897995
"1479",0,-0.693147180559945,0.0601951607834224,0.101782694309942,0.243031798714042,0.00297177038915748,0.337906957096873,0.0662791656153553,-0.0402064204780406,-0.191538211898879,0.126751705639144,0.0781647728493363,0.12169693497752,0,-0.22314355131421,0.174989202615224,0,-0.405465108108164,0,0,-0.00831029713362804,0,1,0,0,0,0,1,0,1,1,1,1,1,1,1,0,"Summer.Tanager","Blue.Grosbeak",0.301231628986596
"1480",0,-0.693147180559945,0.682890680392756,0.377118930939424,0.260653400063862,0.292639940812568,0.640779195042629,0.350482973690811,0.125505081750294,0.372675285285174,0.498991166118988,0.559615787935423,0.495321437230025,0,0,0.570873719290489,-0.693147180559945,-0.405465108108164,0.083381608939051,0.083381608939051,0.608514615866684,0,1,0,0,0,0,0,0,1,1,1,0,1,0,0,0,"Summer.Tanager","Indigo.Bunting",0.0589945280437757
"1518",0,0,0,0,0,0,0,0,0,0,0,0,0,0,0,0,0,0,0,0,0,0,1,1,1,1,1,1,1,1,1,1,1,1,1,1,1,"Northern.Cardinal","Northern.Cardinal",1
"1519",-1.09861228866811,0,0.4413112398813,0.457896471006114,-0.390296886634993,0.145182009844498,-0.337477767123232,0.0824520248609564,0.18805223150294,0.120836473143274,0.228534399949086,0.178248231406319,0.0346855579878901,-1.09861228866811,0,0.174989202615224,0.693147180559945,-1.09861228866811,-0.22314355131421,-0.22314355131421,0.431185134042543,0,1,0,1,0,0,1,0,0,1,1,0,1,0,0,0,"Northern.Cardinal","Blue.Grosbeak",0.257142860906214
"1520",-1.09861228866811,0,1.06400675949063,0.733232707635596,-0.372675285285174,0.434850180267908,-0.0346055291774756,0.366655832936412,0.353763733731274,0.685049970327326,0.60077386042893,0.659699246492405,0.408310060240396,-1.09861228866811,0.22314355131421,0.570873719290489,0,-1.09861228866811,-0.139761942375159,-0.139761942375159,1.04801004704285,0,1,1,1,0,0,0,0,0,1,1,0,1,1,0,0,"Northern.Cardinal","Indigo.Bunting",0.18128955284809
"1559",0,0,0,0,0,0,0,0,0,0,0,0,0,0,0,0,0,0,0,0,0,0,1,1,1,1,1,1,1,1,1,1,1,1,1,1,1,"Blue.Grosbeak","Blue.Grosbeak",1
"1560",0,0,0.622695519609334,0.275336236629482,0.0176216013498194,0.28966817042341,0.302872237945756,0.284203808075456,0.165711502228334,0.564213497184052,0.372239460479844,0.481451015086087,0.373624502252506,0,0.22314355131421,0.395884516675265,-0.693147180559945,0,0.083381608939051,0.083381608939051,0.616824913000312,0,1,0,1,0,0,0,0,1,1,1,0,1,0,0,0,"Blue.Grosbeak","Indigo.Bunting",0.0899760572668652
"1600",0,0,0,0,0,0,0,0,0,0,0,0,0,0,0,0,0,0,0,0,0,0,1,1,1,1,1,1,1,1,1,1,1,1,1,1,1,"Indigo.Bunting","Indigo.Bunting",1
