"","dif_mig","dif_habDen","dif_mass","dif_tailLen","dif_handWing","dif_Secondary","dif_KippsDist","dif_wingLen","dif_tarsusLen","dif_beakDep","dif_width","dif_beakLenNare","dif_beakLenCulm","dif_clutchMin","dif_clutchMax","dif_ESI","dif_DB","dif_HB","dif_normMax","dif_elevaRange","dif_weight","dif_LAT","dif_RLM","dif_primHab","dif_primDiet","dif_INwt","dif_FRwt","dif_NEwt","dif_SEwt","dif_VEwt","dif_FIwt","dif_SCwt","dif_PLwt","dif_MSwt","dif_trophicLvl","dif_trophicNic","dif_primLife","sp1","sp2","corr"
"1",0,0,0,0,0,0,0,0,0,0,0,0,0,0,0,0,0,0,0,0,0,0,1,1,1,1,1,1,1,1,1,1,1,1,1,1,1,"Chimney.Swift","Chimney.Swift",1
"2",0,1,20.5,19.5,5.3,21.9,59.2,83.7,8.2,0.5,1.1,11.6,14.4,0,5,0.0791812460476249,1,2,200,200,18.6666666666667,0,1,0,0,0,0,0,1,1,1,1,1,1,0,0,0,"Chimney.Swift","Ruby.throated.Hummingbird",0.337435897435897
"3",2,2,95.3,78.4,33.7,55,33.7,20,8,1,0.2,5.8,13.3,0,5,0,0,0,700,700,104.333333333333,0,0,0,0,0,0,1,0,1,1,1,0,1,0,0,0,"Chimney.Swift","Mourning.Dove",0.403760683760684
"4",1,2,492.7,89.4,14.1,123.4,118.7,241.6,39.6,10.6,3.3,16.1,41.8,1,4,0.602059991327962,4,1,3100,3100,477.333333333333,0,1,0,0,0,0,1,0,0,0,0,1,1,1,0,0,"Chimney.Swift","Ring.billed.Gull",-0.217777777777778
"5",2,0,48,39.5,41.2,62.3,46.2,15.3,9,5,4.7,16.8,21,1,3,0.681241237375587,2,3,800,800,53.8833333333333,1,0,0,0,0,0,1,0,0,1,0,0,0,1,1,0,"Chimney.Swift","Red.headed.Woodpecker",0.0762393162393162
"6",2,0,45.9,33,42.1,53.8,51.3,2.8,9.5,5.2,4.2,18.1,26.3,0,1,0.380211241711606,2,1,2600,2600,42.0666666666667,1,0,0,0,0,0,0,0,0,1,0,0,0,0,0,0,"Chimney.Swift","Red.bellied.Woodpecker",0.275213675213675
"7",2,1,2,14.8,43.3,29.3,62.5,33.1,4.2,2.4,2,8.7,11.1,1,0,0.380211241711606,2,1,450,450,3.36666666666667,1,0,0,1,0,0,1,0,1,1,1,0,1,1,1,0,"Chimney.Swift","Downy.Woodpecker",0.254700854700855
"8",0,1,3.9,26.3,49.7,30.1,69.4,40.5,6.1,1.7,2.6,6.2,11.1,0,1,0.397940008672037,0,3,700,700,3.53333333333333,0,1,0,1,1,1,1,1,1,1,1,1,1,1,1,0,"Chimney.Swift","Eastern.Phoebe",0.372991452991453
"9",0,1,11,15,42.8,15.5,66.9,53.4,5.5,1.6,3.2,5.6,7,1,3,0.0791812460476249,1,2,1700,1700,10.0333333333333,0,1,0,1,0,0,1,1,1,1,1,1,1,1,1,0,"Chimney.Swift","Acadian.Flycatcher",0.450940170940171
"10",0,1,16.3,43.8,37,40.6,48.2,7.7,6.9,4.1,5.3,11.3,15.2,0,2,0.301029995663981,1,0,1350,1350,19.5333333333333,0,1,0,1,0,0,1,0,0,1,1,1,1,1,1,0,"Chimney.Swift","Eastern.Kingbird",0.375726495726496
"11",0,0,8.5,44.3,48.9,42.8,65.2,25.6,10.2,4.5,5.6,12,16.4,2,1,0.380211241711606,1,1,1800,1800,10.7333333333333,1,0,0,1,0,0,1,1,1,1,1,1,1,0,1,0,"Chimney.Swift","Great.Crested.Flycatcher",0.583589743589744
"12",0,0,7.5,8.90000000000001,40.5,19,63.2,46.9,7.9,2,1.4,6.1,10.1,1,2,0.204119982655925,1,1,200,200,3.47,0,1,0,1,0,0,0,0,1,1,1,0,1,0,1,0,"Chimney.Swift","Red.eyed.Vireo",0.267008547008547
"13",0,1,12.2,5.1,52.4,14,75.7,62.8,7.9,1.7,1,3.9,7.4,1,2,0.0969100130080562,1,3,2200,2200,11.4933333333333,0,1,0,1,0,0,1,1,0,1,1,1,1,1,1,0,"Chimney.Swift","White.eyed.Vireo",0.166495726495726
"14",2,1,64.4,77.6,52.9,71.7,63.9,5.59999999999999,23.1,6.5,7.2,15.1,23.6,0,0,0.255272505103306,2,2,2200,2200,53.04,1,0,0,0,0,0,1,0,0,1,0,1,1,0,0,0,"Chimney.Swift","Blue.Jay",0.0769230769230769
"15",1,1,425.2,123.3,33.8,149.6,20.1,169.1,43.4,14.2,11,29.7,43.6,1,0,0.903089986991944,4,3,1400,1400,433.266666666667,1,0,0,0,0,0,1,0,0,0,0,1,0,0,0,0,"Chimney.Swift","American.Crow",0.229401709401709
"16",2,2,261,113.3,34,139.6,13.8,152.3,35.5,12.4,10.9,23.7,37,0,1,0.778151250383644,4,1,2200,2200,250.158333333333,1,0,0,0,0,0,1,0,0,0,0,1,0,0,0,0,"Chimney.Swift","Fish.Crow",0.273162393162393
"17",0,1,8,16,35.2,25.4,53.3,29,5.1,2.5,1.6,3.1,8.8,0,1,0.556302500767287,2,1,200,200,10.3583333333333,1,0,0,0,0,0,0,1,1,1,1,0,0,0,0,0,"Chimney.Swift","Cedar.Waxwing",-0.00923076923076923
"18",2,0,2,24.8,54.2,28.6,74.3,46.5,8.9,3.1,2,5.3,7,3,0,0.556302500767287,2,1,2590,2590,0.866666666666667,1,0,0,1,0,0,1,0,1,1,1,1,1,1,1,0,"Chimney.Swift","Tufted.Titmouse",0.230769230769231
"19",2,1,13.6,5.8,50.8,10.4,75.4,65.6,3.2,1.3,0.6,3.1,2.6,3,1,0.556302500767287,2,1,1350,1350,12.25,1,0,0,1,0,0,1,0,1,1,1,1,1,0,1,0,"Chimney.Swift","Carolina.Chickadee",0.392820512820513
"20",2,1,30.2,28.6,18.3,34.1,10.2,22.8,3.4,2.4,3,5.9,10.5,0,1,0.0791812460476249,0,1,0,0,27.5666666666667,0,1,0,1,1,0,1,1,1,1,1,1,1,1,1,1,"Chimney.Swift","Purple.Martin",-0.126153846153846
"21",0,2,5.7,26.6,17.7,19.4,24.5,8.60000000000001,0.0999999999999996,0.3,1.6,2.5,6.1,0,0,0.0791812460476249,0,1,200,200,3.31666666666667,3,0,0,1,1,1,1,0,1,1,1,1,0,1,1,1,"Chimney.Swift","Barn.Swallow",0.301196581196581
"22",0,2,2,5.40000000000001,21.3,19.8,32.6,15.1,1,0.6,1.6,2.4,5,1,1,0.221848749616356,0,2,430,430,0.280000000000001,0,0,0,1,1,0,1,1,1,1,1,1,1,1,1,1,"Chimney.Swift","Cliff.Swallow",0.0694017094017094
"23",2,1,4.6,6.90000000000001,58.9,16,80,65,9.8,1.5,0.3,7.6,10.6,1,1,0.221848749616356,0,2,1200,1200,2.86666666666667,1,0,0,1,1,1,1,0,0,1,1,1,1,1,1,0,"Chimney.Swift","Carolina.Wren",0.29025641025641
"24",2,0,2.6,5,39.1,24.3,59.2,35.8,6.9,1.8,1.1,8.7,12.8,1,3,0.0969100130080562,1,3,300,300,0.946666666666669,0,1,0,1,0,1,1,0,1,1,1,0,0,0,0,0,"Chimney.Swift","White.breasted.Nuthatch",0.302564102564102
"25",2,0,13.4,8.4,47,13.3,71.7,59.4,3.2,1.5,0.4,6.9,9,1,2,0.204119982655925,1,1,2600,2600,12.5906666666667,1,0,0,1,0,0,1,0,1,1,1,1,1,0,1,0,"Chimney.Swift","Brown.headed.Nuthatch",0.45982905982906
"26",0,1,24.9,73.8,49.7,53.9,63.7,12.1,20.6,2.9,1.7,8.7,15.8,0,1,0.204119982655925,1,1,200,200,25.4833333333333,0,1,0,0,0,0,1,1,0,1,1,0,1,0,0,0,"Chimney.Swift","Northern.Mockingbird",0.53982905982906
"27",1,0,45.2,78,56.4,50.1,72.8,21.9,22.6,3.9,2.5,15.8,23.8,0,1,0.0791812460476249,2,3,2680,2680,47.5,1,0,0,1,0,0,1,0,0,1,1,1,1,0,0,0,"Chimney.Swift","Brown.Thrasher",0.206153846153846
"28",1,1,3.9,18.7,37.5,27.8,55.4,28.6,8.1,2.1,1.3,5.6,9.1,2,2,0.0791812460476249,1,2,760,760,7.21666666666667,0,1,0,1,0,0,1,1,0,1,1,1,1,1,1,0,"Chimney.Swift","Eastern.Bluebird",0.00102564102564103
"29",0,0,26.5,27.5,43.4,42.3,57.8,17.9,20.5,3,2.2,8.4,12.7,1,3,0.380211241711606,3,2,1875,1925,31.2083333333333,0,1,0,1,0,0,1,0,0,1,1,1,1,0,1,0,"Chimney.Swift","Wood.Thrush",0.303931623931624
"30",0,2,54.9,51.9,41.3,53.7,49.9,2.59999999999999,21.1,4.4,2.7,9,17.1,0,3,0.447158031342219,1,2,300,300,56.9666666666667,0,1,0,0,0,0,1,1,1,1,1,1,1,0,1,0,"Chimney.Swift","American.Robin",0.413333333333333
"31",2,2,2.9,13.4,43,17.8,66.4,49.5,6.3,5,3.4,5.6,7.2,1,1,0.221848749616356,0,2,1400,1400,4.77333333333333,0,0,1,0,0,1,0,0,0,1,0,0,1,0,0,0,"Chimney.Swift","House.Sparrow",0.189059829059829
"32",1,1,2.2,22.4,42.8,19.2,65.6,47.2,5.8,5.8,3.7,4.9,4.3,0,0,0.447158031342219,1,2,300,300,0.941666666666666,0,1,0,0,0,0,0,0,1,1,1,0,1,0,0,0,"Chimney.Swift","House.Finch",0.49059829059829
"33",2,0,10.8,4.5,42.7,13.7,67.7,54.6,1.9,3.9,1.4,4.7,5.2,0,0,0.0969100130080562,0,1,2200,2200,9.71666666666667,1,0,0,0,0,1,1,0,1,1,1,0,1,0,0,0,"Chimney.Swift","American.Goldfinch",0.428376068376068
"34",0,1,11.4,12.2,46.1,14.4,70.5,56.4,4.7,2.5,1.1,3.5,6.8,0,0,0.301029995663981,1,0,600,600,9.31666666666667,0,1,0,0,0,0,1,0,1,1,1,1,1,0,0,0,"Chimney.Swift","Chipping.Sparrow",0.401025641025641
"35",0,1,0.799999999999997,26.6,50.6,21.5,72.5,51.6,11.4,3.9,2.2,4.9,7.3,1,0,0.380211241711606,3,2,2200,2200,4.81666666666667,1,0,0,0,0,0,1,0,1,1,1,0,1,0,0,0,"Chimney.Swift","White.throated.Sparrow",-0.208888888888889
"36",1,1,16.4,47.9,56.7,34.2,75.7,42.1,15.4,5.8,2.6,6.3,9.1,0,1,0.602059991327962,3,0,1220,1220,18.45,0,1,0,0,0,0,1,0,0,1,1,0,1,0,0,0,"Chimney.Swift","Eastern.Towhee",0.205470085470085
"37",2,1,1.3,28,49,23.9,70.5,47.9,14.5,3.9,1.9,7,10,1,2,0.0969100130080562,1,3,1100,1100,4.83333333333333,0,1,0,1,0,0,1,1,1,1,1,1,0,1,1,0,"Chimney.Swift","Yellow.breasted.Chat",0.284786324786325
"38",0,0,7.9,18,34.9,21.9,54.8,34.2,14.9,5.2,3,6.3,9.9,1,0,0.0791812460476249,1,2,2400,2400,14.2333333333333,0,1,0,0,0,0,1,0,1,1,1,0,1,0,0,0,"Chimney.Swift","Bobolink",0.420854700854701
"39",0,1,4.2,23.4,44.1,19.1,67,48.1,9.7,2.8,1.5,8.1,11,0,0,0.6232492903979,2,2,2300,2300,1.46666666666667,0,1,0,0,0,0,0,0,1,1,1,1,1,1,1,0,"Chimney.Swift","Orchard.Oriole",0.207521367521368
"40",0,2,27.2,45.1,46.3,52.3,59,6.40000000000001,16.4,6.4,2.7,11.9,16.4,0,3,0.204119982655925,1,1,700,700,33.7333333333333,0,1,0,0,0,0,1,0,1,1,1,1,1,0,0,0,"Chimney.Swift","Red.winged.Blackbird",0.0160683760683761
"41",0,1,16.7,26,37.3,32.2,52.9,19.4,13.1,6.5,2.9,7.6,11.3,2,2,0.204119982655925,1,1,305,305,20.0833333333333,0,1,0,0,0,0,1,0,1,1,1,1,1,1,1,0,"Chimney.Swift","Brown.headed.Cowbird",0.426324786324786
"42",1,2,81.6,74.4,44.4,61.6,52.5,8.5,24,8.1,4.4,18.3,26.7,1,0,0.556302500767287,2,1,2200,2200,85.0833333333333,1,0,0,0,0,0,1,0,0,0,0,1,0,1,0,0,"Chimney.Swift","Common.Grackle",0.375726495726496
"43",0,0,4.8,6.6,45.4,18.5,68.5,51.2,10.7,1.7,0.7,5.4,8.8,1,1,0.0969100130080562,1,3,1300,1300,1.93333333333333,0,1,0,1,0,0,1,0,1,1,1,1,1,1,1,0,"Chimney.Swift","Ovenbird",0.224615384615385
"44",0,0,12.7,2.8,44.8,13.1,69.8,55.6,5.7,0.9,0,5.5,7.4,2,2,0.397940008672037,0,3,700,700,12.3866666666667,0,1,0,1,1,1,1,1,1,1,1,1,1,1,1,0,"Chimney.Swift","Black.and.white.Warbler",-0.130940170940171
"45",0,0,9.3,1.09999999999999,40.3,12.3,65.9,55.5,6.7,1.5,0.9,7.3,10.8,1,0,0.0969100130080562,0,1,1900,1900,7.41666666666667,0,1,0,1,1,1,0,0,1,1,1,1,1,1,1,0,"Chimney.Swift","Prothonotary.Warbler",0.425641025641026
"46",0,0,14.1,5.6,54.2,7.7,78.3,69.7,8.6,0.9,0.1,4.4,6.4,1,1,0.397940008672037,0,3,1400,1400,11.3916666666667,0,1,0,1,1,0,1,0,1,1,1,1,1,1,1,0,"Chimney.Swift","Common.Yellowthroat",0.10017094017094
"47",0,1,13.1,11.3,48.8,13.1,73.2,59.7,7.6,1.2,0.9,4.4,7.4,1,2,0.221848749616356,0,2,2100,2100,12.1666666666667,0,1,0,1,1,0,1,1,1,1,1,1,1,1,1,0,"Chimney.Swift","Hooded.Warbler",0.156239316239316
"48",0,0,15.4,8.8,45.7,11.4,71.2,62.4,5.4,0.6,1.1,3.3,6,1,2,0.0791812460476249,1,2,200,200,14.3916666666667,0,1,0,1,0,0,1,1,1,1,1,1,1,1,1,0,"Chimney.Swift","American.Redstart",0.0994871794871795
"49",0,1,15.8,0.300000000000004,42.2,3.3,71.3,66.8,5.3,0.7,0.2,4.1,5.3,0,0,0,4,4,700,700,14.1816666666667,0,1,0,1,0,0,0,0,1,1,1,0,1,1,1,0,"Chimney.Swift","Northern.Parula",0.0461538461538461
"50",0,0,13.5,5.1,46.2,10.4,71.9,62.2,7,0.9,0.5,3.9,6.7,0,2,0.505149978319906,3,1,1600,1600,12.4166666666667,0,1,0,1,0,0,0,0,1,1,0,1,1,1,1,0,"Chimney.Swift","Black.throated.Blue.Warbler",0.118632478632479
"51",0,1,11.8,10.2,41.7,14.6,66.2,52.6,7,1.4,0.2,4.5,7.1,1,3,0.380211241711606,2,1,150,150,10.4166666666667,0,1,0,1,0,0,1,0,1,1,1,1,1,1,1,0,"Chimney.Swift","Pine.Warbler",0.261538461538461
"52",0,1,13.9,6.90000000000001,42.6,12.4,68,56.7,5.2,1,0.1,6.3,8.6,1,2,0,0,0,1400,1400,12.7833333333333,0,1,0,1,1,0,1,1,1,1,1,1,1,1,1,0,"Chimney.Swift","Yellow.throated.Warbler",0.204786324786325
"53",0,1,16,4.6,50.3,7.8,75.7,68.9,6.1,0.5,0.1,3.7,5.5,0,2,0.477121254719662,2,0,1980,1980,14.5166666666667,0,1,0,1,0,0,1,1,1,1,1,0,1,1,1,0,"Chimney.Swift","Prairie.Warbler",0.0105982905982906
"54",0,0,5.5,27.5,41.1,30.8,58.9,32.4,7.9,6.6,5.5,9.8,12.9,1,3,0.204119982655925,1,1,700,700,6.09333333333333,0,1,0,1,0,0,1,1,1,1,1,1,1,1,1,0,"Chimney.Swift","Summer.Tanager",0.140512820512821
"55",0,0,4.6,20,39.4,29.3,57.3,31.8,7.8,5.8,4.3,8,12.5,1,2,0.0791812460476249,1,2,600,600,8.05,0,1,0,1,0,0,1,1,1,1,1,0,1,1,1,0,"Chimney.Swift","Scarlet.Tanager",0.12957264957265
"56",2,1,19,58,54.8,41.1,72.6,30.9,12.9,9.9,6.4,11.2,11.3,1,2,0.204119982655925,3,3,1200,1200,21.9666666666667,0,1,0,0,0,0,1,0,0,1,1,0,1,0,0,0,"Chimney.Swift","Northern.Cardinal",0.305299145299145
"57",0,1,3.8,20.6,47.4,30.6,66.9,38.3,8.7,8.5,4.5,8.8,10.7,1,2,0.380211241711606,1,1,700,700,6.33333333333333,0,1,0,0,0,0,1,0,1,1,1,1,1,1,1,0,"Chimney.Swift","Blue.Grosbeak",0.461196581196581
"58",0,1,8.9,5.1,47.8,13.7,72.1,59.6,5.6,3.8,2.2,4.1,5.4,1,3,0.681241237375587,3,1,900,900,7.01666666666667,0,1,0,0,0,0,0,0,1,1,1,0,1,0,0,0,"Chimney.Swift","Indigo.Bunting",0.32034188034188
"60",0,0,0,0,0,0,0,0,0,0,0,0,0,0,0,0,0,0,0,0,0,0,1,1,1,1,1,1,1,1,1,1,1,1,1,1,1,"Ruby.throated.Hummingbird","Ruby.throated.Hummingbird",1
"61",2,1,115.8,97.9,28.4,76.9,25.5,103.7,16.2,1.5,0.9,5.8,1.1,0,0,0.0791812460476249,1,2,500,500,123,0,0,0,0,0,1,0,0,1,1,1,0,1,0,0,0,"Ruby.throated.Hummingbird","Mourning.Dove",0.103589743589744
"62",1,1,513.2,108.9,8.8,145.3,177.9,325.3,47.8,11.1,4.4,4.5,27.4,1,1,0.522878745280338,3,1,2900,2900,496,0,1,0,0,0,1,0,0,0,0,0,1,1,0,0,0,"Ruby.throated.Hummingbird","Ring.billed.Gull",-0.0782905982905983
"63",2,1,68.5,59,35.9,84.2,13,99,17.2,5.5,5.8,5.2,6.6,1,8,0.602059991327962,1,5,600,600,72.55,1,0,0,0,0,0,0,0,0,1,0,0,0,0,0,0,"Ruby.throated.Hummingbird","Red.headed.Woodpecker",0.42974358974359
"64",2,1,66.4,52.5,36.8,75.7,7.9,86.5,17.7,5.7,5.3,6.5,11.9,0,6,0.301029995663981,1,1,2400,2400,60.7333333333333,1,0,1,0,0,0,0,0,0,1,0,0,0,1,0,0,"Ruby.throated.Hummingbird","Red.bellied.Woodpecker",0.330598290598291
"65",2,0,22.5,34.3,38,51.2,3.3,50.6,12.4,2.9,3.1,2.9,3.3,1,5,0.301029995663981,1,1,250,250,22.0333333333333,1,0,0,0,0,0,0,0,1,1,1,0,1,0,0,0,"Ruby.throated.Hummingbird","Downy.Woodpecker",0.347008547008547
"66",0,0,16.6,45.8,44.4,52,10.2,43.2,14.3,2.2,3.7,5.4,3.3,0,4,0.477121254719662,1,1,500,500,15.1333333333333,0,1,1,0,0,0,0,1,1,1,1,1,1,0,0,0,"Ruby.throated.Hummingbird","Eastern.Phoebe",0.344273504273504
"67",0,0,9.5,34.5,37.5,37.4,7.7,30.3,13.7,2.1,4.3,6,7.4,1,2,0,0,0,1500,1500,8.63333333333333,0,1,0,0,0,0,0,1,1,1,1,1,1,0,0,0,"Ruby.throated.Hummingbird","Acadian.Flycatcher",0.21982905982906
"68",0,0,36.8,63.3,31.7,62.5,11,76,15.1,4.6,6.4,0.299999999999999,0.800000000000001,0,3,0.221848749616356,0,2,1150,1150,38.2,0,1,0,0,0,0,0,0,0,1,1,1,1,0,0,0,"Ruby.throated.Hummingbird","Eastern.Kingbird",0.0311111111111111
"69",0,1,29,63.8,43.6,64.7,6,58.1,18.4,5,6.7,0.4,2,2,6,0.301029995663981,0,3,1600,1600,29.4,1,0,1,0,0,0,0,1,1,1,1,1,1,1,0,0,"Ruby.throated.Hummingbird","Great.Crested.Flycatcher",0.184273504273504
"70",0,1,13,28.4,35.2,40.9,4,36.8,16.1,2.5,2.5,5.5,4.3,1,3,0.1249387366083,0,1,0,0,15.1966666666667,0,1,0,0,0,0,0,0,1,1,1,0,1,1,0,0,"Ruby.throated.Hummingbird","Red.eyed.Vireo",0.457777777777778
"71",0,0,8.3,24.6,47.1,35.9,16.5,20.9,16.1,2.2,2.1,7.7,7,1,3,0.176091259055681,0,1,2000,2000,7.17333333333333,0,1,0,0,0,0,0,1,0,1,1,1,1,0,0,0,"Ruby.throated.Hummingbird","White.eyed.Vireo",0.40034188034188
"72",2,0,84.9,97.1,47.6,93.6,4.7,89.3,31.3,7,8.3,3.5,9.2,0,5,0.176091259055681,1,0,2000,2000,71.7066666666667,1,0,1,0,0,0,0,0,0,1,0,1,1,1,0,0,"Ruby.throated.Hummingbird","Blue.Jay",0.31965811965812
"73",1,0,445.7,142.8,28.5,171.5,79.3,252.8,51.6,14.7,12.1,18.1,29.2,1,5,0.823908740944319,3,5,1200,1200,451.933333333333,1,0,0,0,0,0,0,0,0,0,0,1,0,1,0,0,"Ruby.throated.Hummingbird","American.Crow",0.38051282051282
"74",2,1,281.5,132.8,28.7,161.5,73,236,43.7,12.9,12,12.1,22.6,0,4,0.698970004336019,3,3,2000,2000,268.825,1,0,0,0,0,0,0,0,0,0,0,1,0,1,0,0,"Ruby.throated.Hummingbird","Fish.Crow",0.247863247863248
"75",0,0,28.5,35.5,29.9,47.3,5.9,54.7,13.3,3,2.7,8.5,5.6,0,4,0.477121254719662,1,3,0,0,29.025,1,0,1,0,0,0,0,1,1,1,1,0,0,0,0,0,"Ruby.throated.Hummingbird","Cedar.Waxwing",-0.396239316239316
"76",2,1,18.5,44.3,48.9,50.5,15.1,37.2,17.1,3.6,3.1,6.3,7.4,3,5,0.477121254719662,1,3,2390,2390,17.8,1,0,0,0,0,0,0,0,1,1,1,1,1,0,0,0,"Ruby.throated.Hummingbird","Tufted.Titmouse",0.0235897435897436
"77",2,0,6.9,25.3,45.5,32.3,16.2,18.1,11.4,1.8,1.7,8.5,11.8,3,4,0.477121254719662,1,3,1150,1150,6.41666666666667,1,0,0,0,0,0,0,0,1,1,1,1,1,1,0,0,"Ruby.throated.Hummingbird","Carolina.Chickadee",0.194529914529915
"78",2,0,50.7,48.1,13,56,49,106.5,11.6,2.9,4.1,5.7,3.9,0,6,0,1,3,200,200,46.2333333333333,0,1,0,0,0,1,0,1,1,1,1,1,1,0,0,0,"Ruby.throated.Hummingbird","Purple.Martin",-0.205470085470085
"79",0,1,14.8,46.1,12.4,41.3,34.7,75.1,8.3,0.8,2.7,9.1,8.3,0,5,0,1,3,0,0,15.35,3,0,0,0,0,0,0,0,1,1,1,1,0,0,0,0,"Ruby.throated.Hummingbird","Barn.Swallow",0.00102564102564103
"80",0,1,18.5,24.9,16,41.7,26.6,68.6,9.2,1.1,2.7,9.2,9.4,1,4,0.301029995663981,1,0,230,230,18.3866666666667,0,0,0,0,0,1,0,1,1,1,1,1,1,0,0,0,"Ruby.throated.Hummingbird","Cliff.Swallow",-0.0297435897435897
"81",2,0,15.9,26.4,53.6,37.9,20.8,18.7,18,2,1.4,4,3.8,1,4,0.301029995663981,1,0,1000,1000,15.8,1,0,0,0,0,0,0,0,0,1,1,1,1,0,0,0,"Ruby.throated.Hummingbird","Carolina.Wren",0.564444444444444
"82",2,1,17.9,24.5,33.8,46.2,0,47.9,15.1,2.3,2.2,2.9,1.6,1,8,0.176091259055681,0,1,500,500,17.72,0,1,0,0,0,0,0,0,1,1,1,0,0,1,0,0,"Ruby.throated.Hummingbird","White.breasted.Nuthatch",0.472820512820513
"83",2,1,7.1,11.1,41.7,35.2,12.5,24.3,11.4,2,1.5,4.7,5.4,1,7,0.1249387366083,0,1,2400,2400,6.076,1,0,1,0,0,1,0,0,1,1,1,1,1,1,0,0,"Ruby.throated.Hummingbird","Brown.headed.Nuthatch",0.332649572649573
"84",0,0,45.4,93.3,44.4,75.8,4.5,71.6,28.8,3.4,2.8,2.9,1.4,0,4,0.1249387366083,0,1,0,0,44.15,0,1,0,0,0,0,0,1,0,1,1,0,1,1,0,1,"Ruby.throated.Hummingbird","Northern.Mockingbird",0.275897435897436
"85",1,1,65.7,97.5,51.1,72,13.6,61.8,30.8,4.4,3.6,4.2,9.4,0,4,0,1,1,2480,2480,66.1666666666667,1,0,0,0,0,0,0,0,0,1,1,1,1,1,0,1,"Ruby.throated.Hummingbird","Brown.Thrasher",-0.0502564102564102
"86",1,0,24.4,38.2,32.2,49.7,3.8,55.1,16.3,2.6,2.4,6,5.3,2,3,0,0,0,560,560,25.8833333333333,0,1,1,0,0,0,0,1,0,1,1,1,1,0,0,0,"Ruby.throated.Hummingbird","Eastern.Bluebird",0.204102564102564
"87",0,1,47,47,38.1,64.2,1.4,65.8,28.7,3.5,3.3,3.2,1.7,1,2,0.301029995663981,2,0,1675,1725,49.875,0,1,0,0,0,0,0,0,0,1,1,1,1,1,0,1,"Ruby.throated.Hummingbird","Wood.Thrush",-0.0864957264957265
"88",0,1,75.4,71.4,36,75.6,9.3,86.3,29.3,4.9,3.8,2.6,2.7,0,2,0.367976785294594,0,4,500,500,75.6333333333333,0,1,0,0,0,0,0,1,1,1,1,1,1,1,0,1,"Ruby.throated.Hummingbird","American.Robin",0.0885470085470085
"89",2,1,23.4,32.9,37.7,39.7,7.2,34.2,14.5,5.5,4.5,6,7.2,1,6,0.301029995663981,1,0,1600,1600,23.44,0,0,0,0,0,0,0,0,0,1,0,0,1,0,0,0,"Ruby.throated.Hummingbird","House.Sparrow",-0.0625641025641026
"90",1,0,18.3,41.9,37.5,41.1,6.4,36.5,14,6.3,4.8,6.7,10.1,0,5,0.367976785294594,0,4,500,500,17.725,0,1,0,0,0,0,0,0,1,1,1,0,1,0,0,0,"Ruby.throated.Hummingbird","House.Finch",0.196581196581197
"91",2,1,9.7,24,37.4,35.6,8.5,29.1,10.1,4.4,2.5,6.9,9.2,0,5,0.176091259055681,1,1,2000,2000,8.95,1,0,0,0,0,0,0,0,1,1,1,0,1,0,0,0,"Ruby.throated.Hummingbird","American.Goldfinch",0.351794871794872
"92",0,0,9.1,31.7,40.8,36.3,11.3,27.3,12.9,3,2.2,8.1,7.6,0,5,0.221848749616356,0,2,800,800,9.35,0,1,1,0,1,1,0,0,1,1,1,1,1,1,0,1,"Ruby.throated.Hummingbird","Chipping.Sparrow",0.487179487179487
"93",0,0,21.3,46.1,45.3,43.4,13.3,32.1,19.6,4.4,3.3,6.7,7.1,1,5,0.301029995663981,2,0,2000,2000,23.4833333333333,1,0,1,0,0,0,0,0,1,1,1,0,1,0,0,0,"Ruby.throated.Hummingbird","White.throated.Sparrow",0.0523076923076923
"94",1,0,36.9,67.4,51.4,56.1,16.5,41.6,23.6,6.3,3.7,5.3,5.3,0,4,0.522878745280338,2,2,1020,1020,37.1166666666667,0,1,0,0,0,0,0,0,0,1,1,0,1,0,0,1,"Ruby.throated.Hummingbird","Eastern.Towhee",0.055042735042735
"95",2,0,21.8,47.5,43.7,45.8,11.3,35.8,22.7,4.4,3,4.6,4.4,1,3,0.176091259055681,0,1,900,900,23.5,0,1,1,0,0,0,0,1,1,1,1,1,0,0,0,0,"Ruby.throated.Hummingbird","Yellow.breasted.Chat",0.179487179487179
"96",0,1,28.4,37.5,29.6,43.8,4.4,49.5,23.1,5.7,4.1,5.3,4.5,1,5,0,0,0,2200,2200,32.9,0,1,0,0,1,1,0,0,1,1,1,0,1,1,0,1,"Ruby.throated.Hummingbird","Bobolink",0.0769230769230769
"97",0,0,16.3,42.9,38.8,41,7.8,35.6,17.9,3.3,2.6,3.5,3.4,0,5,0.544068044350276,1,4,2100,2100,17.2,0,1,1,0,1,0,0,0,1,1,1,1,1,0,0,0,"Ruby.throated.Hummingbird","Orchard.Oriole",0.323076923076923
"98",0,1,47.7,64.6,41,74.2,0.199999999999999,77.3,24.6,6.9,3.8,0.300000000000001,2,0,2,0.1249387366083,0,1,500,500,52.4,0,1,0,0,1,1,0,0,1,1,1,1,1,0,0,1,"Ruby.throated.Hummingbird","Red.winged.Blackbird",0.262222222222222
"99",0,0,37.2,45.5,32,54.1,6.3,64.3,21.3,7,4,4,3.1,2,3,0.1249387366083,0,1,105,105,38.75,0,1,0,0,0,1,0,0,1,1,1,1,1,0,0,0,"Ruby.throated.Hummingbird","Brown.headed.Cowbird",0.509059829059829
"100",1,1,102.1,93.9,39.1,83.5,6.7,92.2,32.2,8.6,5.5,6.7,12.3,1,5,0.477121254719662,1,3,2000,2000,103.75,1,0,1,0,0,0,0,0,0,0,0,1,0,0,0,0,"Ruby.throated.Hummingbird","Common.Grackle",0.148034188034188
"101",0,1,15.7,26.1,40.1,40.4,9.3,32.5,18.9,2.2,1.8,6.2,5.6,1,4,0.176091259055681,0,1,1100,1100,16.7333333333333,0,1,0,0,0,1,0,0,1,1,1,1,1,0,0,0,"Ruby.throated.Hummingbird","Ovenbird",0.334700854700855
"102",0,1,7.8,22.3,39.5,35,10.6,28.1,13.9,1.4,1.1,6.1,7,2,3,0.477121254719662,1,1,500,500,6.28,0,1,1,0,0,0,0,1,1,1,1,1,1,0,0,0,"Ruby.throated.Hummingbird","Black.and.white.Warbler",-0.0153846153846154
"103",0,1,11.2,18.4,35,34.2,6.7,28.2,14.9,2,2,4.3,3.6,1,5,0.176091259055681,1,1,1700,1700,11.25,0,1,1,0,0,0,0,0,1,1,1,1,1,0,0,0,"Ruby.throated.Hummingbird","Prothonotary.Warbler",0.264957264957265
"104",0,1,6.4,25.1,48.9,29.6,19.1,14,16.8,1.4,1.2,7.2,8,1,4,0.477121254719662,1,1,1600,1600,7.275,0,1,0,0,0,1,0,0,1,1,1,1,1,0,0,0,"Ruby.throated.Hummingbird","Common.Yellowthroat",0.108376068376068
"105",0,0,7.4,30.8,43.5,35,14,24,15.8,1.7,2,7.2,7,1,3,0.301029995663981,1,0,1900,1900,6.5,0,1,1,0,0,1,0,1,1,1,1,1,1,0,0,0,"Ruby.throated.Hummingbird","Hooded.Warbler",0.111111111111111
"106",0,1,5.1,28.3,40.4,33.3,12,21.3,13.6,1.1,2.2,8.3,8.4,1,3,0,0,0,0,0,4.275,0,1,1,0,0,0,0,1,1,1,1,1,1,0,0,0,"Ruby.throated.Hummingbird","American.Redstart",0.267692307692308
"107",0,0,4.7,19.8,36.9,25.2,12.1,16.9,13.5,1.2,1.3,7.5,9.1,0,5,0.0791812460476249,3,2,500,500,4.485,0,1,0,0,0,0,0,0,1,1,1,0,1,0,0,0,"Ruby.throated.Hummingbird","Northern.Parula",-0.158974358974359
"108",0,1,7,24.6,40.9,32.3,12.7,21.5,15.2,1.4,1.6,7.7,7.7,0,3,0.425968732272281,2,1,1400,1400,6.25,0,1,1,0,0,0,0,0,1,1,0,1,1,0,0,0,"Ruby.throated.Hummingbird","Black.throated.Blue.Warbler",0.0358974358974359
"109",0,0,8.7,29.7,36.4,36.5,7,31.1,15.2,1.9,1.3,7.1,7.3,1,2,0.301029995663981,1,1,50,50,8.25,0,1,0,0,0,0,0,0,1,1,1,1,1,0,0,0,"Ruby.throated.Hummingbird","Pine.Warbler",0.483076923076923
"110",0,0,6.6,26.4,37.3,34.3,8.8,27,13.4,1.5,1.2,5.3,5.8,1,3,0.0791812460476249,1,2,1200,1200,5.88333333333334,0,1,0,0,0,1,0,1,1,1,1,1,1,0,0,0,"Ruby.throated.Hummingbird","Yellow.throated.Warbler",0.491282051282051
"111",0,0,4.5,24.1,45,29.7,16.5,14.8,14.3,1,1,7.9,8.9,0,3,0.397940008672038,1,2,1780,1780,4.15,0,1,1,0,0,0,0,1,1,1,1,0,1,0,0,0,"Ruby.throated.Hummingbird","Prairie.Warbler",0.316923076923077
"112",0,1,26,47,35.8,52.7,0.299999999999997,51.3,16.1,7.1,6.6,1.8,1.5,1,2,0.1249387366083,0,1,500,500,24.76,0,1,0,0,0,0,0,1,1,1,1,1,1,0,0,0,"Ruby.throated.Hummingbird","Summer.Tanager",0.171282051282051
"113",0,1,25.1,39.5,34.1,51.2,1.9,51.9,16,6.3,5.4,3.6,1.9,1,3,0,0,0,400,400,26.7166666666667,0,1,0,0,0,0,0,1,1,1,1,0,1,0,0,0,"Ruby.throated.Hummingbird","Scarlet.Tanager",0.385982905982906
"114",2,0,39.5,77.5,49.5,63,13.4,52.8,21.1,10.4,7.5,0.4,3.1,1,3,0.1249387366083,2,1,1000,1000,40.6333333333333,0,1,0,0,0,0,0,0,0,1,1,0,1,0,0,0,"Ruby.throated.Hummingbird","Northern.Cardinal",0.305299145299145
"115",0,0,24.3,40.1,42.1,52.5,7.7,45.4,16.9,9,5.6,2.8,3.7,1,3,0.301029995663981,0,3,500,500,25,0,1,1,0,0,1,0,0,1,1,1,1,1,0,0,1,"Ruby.throated.Hummingbird","Blue.Grosbeak",0.142564102564103
"116",0,0,11.6,24.6,42.5,35.6,12.9,24.1,13.8,4.3,3.3,7.5,9,1,2,0.602059991327962,2,3,700,700,11.65,0,1,0,0,0,0,0,0,1,1,1,0,1,0,0,0,"Ruby.throated.Hummingbird","Indigo.Bunting",-0.139145299145299
"119",0,0,0,0,0,0,0,0,0,0,0,0,0,0,0,0,0,0,0,0,0,0,1,1,1,1,1,1,1,1,1,1,1,1,1,1,1,"Mourning.Dove","Mourning.Dove",1
"120",1,0,397.4,11,19.6,68.4,152.4,221.6,31.6,9.6,3.5,10.3,28.5,1,1,0.602059991327962,4,1,2400,2400,373,0,0,0,0,0,1,1,0,0,0,0,0,1,0,0,1,"Mourning.Dove","Ring.billed.Gull",-0.0905982905982906
"121",0,2,47.3,38.9,7.5,7.30000000000001,12.5,4.70000000000002,1,4,4.9,11,7.7,1,8,0.681241237375587,2,3,100,100,50.45,1,1,0,0,0,0,1,0,0,1,0,1,0,0,0,0,"Mourning.Dove","Red.headed.Woodpecker",0.329230769230769
"122",0,2,49.4,45.4,8.4,1.19999999999999,17.6,17.2,1.5,4.2,4.4,12.3,13,0,6,0.380211241711606,2,1,1900,1900,62.2666666666667,1,1,0,0,0,0,0,0,0,1,0,1,0,0,0,0,"Mourning.Dove","Red.bellied.Woodpecker",0.194529914529915
"123",0,1,93.3,63.6,9.6,25.7,28.8,53.1,3.8,1.4,2.2,2.9,2.2,1,5,0.380211241711606,2,1,250,250,100.966666666667,1,1,0,0,0,0,1,0,1,1,1,1,1,0,0,0,"Mourning.Dove","Downy.Woodpecker",-0.0222222222222222
"124",2,1,99.2,52.1,16,24.9,35.7,60.5,1.9,0.7,2.8,0.399999999999999,2.2,0,4,0.397940008672037,0,3,0,0,107.866666666667,0,0,0,0,0,0,1,0,1,1,1,0,1,0,0,0,"Mourning.Dove","Eastern.Phoebe",0.433846153846154
"125",2,1,106.3,63.4,9.1,39.5,33.2,73.4,2.5,0.6,3.4,0.200000000000001,6.3,1,2,0.0791812460476249,1,2,1000,1000,114.366666666667,0,0,0,0,0,0,1,0,1,1,1,0,1,0,0,0,"Mourning.Dove","Acadian.Flycatcher",0.669059829059829
"126",2,1,79,34.6,3.3,14.4,14.5,27.7,1.1,3.1,5.5,5.5,1.9,0,3,0.301029995663981,1,0,650,650,84.8,0,0,0,0,0,0,1,0,0,1,1,0,1,0,0,0,"Mourning.Dove","Eastern.Kingbird",0.206153846153846
"127",2,2,86.8,34.1,15.2,12.2,31.5,45.6,2.2,3.5,5.8,6.2,3.1,2,6,0.380211241711606,1,1,1100,1100,93.6,1,0,0,0,0,0,1,0,1,1,1,0,1,0,0,0,"Mourning.Dove","Great.Crested.Flycatcher",0.598632478632479
"128",2,2,102.8,69.5,6.8,36,29.5,66.9,0.100000000000001,1,1.6,0.299999999999999,3.2,1,3,0.204119982655925,1,1,500,500,107.803333333333,0,0,0,0,0,0,0,0,1,1,1,1,1,0,0,0,"Mourning.Dove","Red.eyed.Vireo",0.134358974358974
"129",2,1,107.5,73.3,18.7,41,42,82.8,0.100000000000001,0.7,1.2,1.9,5.9,1,3,0.0969100130080562,1,3,1500,1500,115.826666666667,0,0,0,0,0,0,1,0,0,1,1,0,1,0,0,0,"Mourning.Dove","White.eyed.Vireo",0.238974358974359
"130",0,1,30.9,0.799999999999997,19.2,16.7,30.2,14.4,15.1,5.5,7.4,9.3,10.3,0,5,0.255272505103306,2,2,1500,1500,51.2933333333333,1,1,0,0,0,0,1,0,0,1,0,0,1,0,0,1,"Mourning.Dove","Blue.Jay",0.0851282051282051
"131",1,1,329.9,44.9,0.100000000000001,94.6,53.8,149.1,35.4,13.2,11.2,23.9,30.3,1,5,0.903089986991944,4,3,700,700,328.933333333333,1,1,1,0,0,0,1,0,0,0,0,0,0,0,0,1,"Mourning.Dove","American.Crow",0.143931623931624
"132",0,0,165.7,34.9,0.300000000000004,84.6,47.5,132.3,27.5,11.4,11.1,17.9,23.7,0,4,0.778151250383644,4,1,1500,1500,145.825,1,1,0,0,0,0,1,0,0,0,0,0,0,0,0,1,"Mourning.Dove","Fish.Crow",0.305982905982906
"133",2,1,87.3,62.4,1.5,29.6,19.6,49,2.9,1.5,1.8,2.7,4.5,0,4,0.556302500767287,2,1,500,500,93.975,1,0,0,0,0,0,0,0,1,1,1,1,0,1,0,0,"Mourning.Dove","Cedar.Waxwing",0.174700854700855
"134",0,2,97.3,53.6,20.5,26.4,40.6,66.5,0.899999999999999,2.1,2.2,0.5,6.3,3,5,0.556302500767287,2,1,1890,1890,105.2,1,1,0,0,0,0,1,0,1,1,1,0,1,0,0,0,"Mourning.Dove","Tufted.Titmouse",0.567863247863248
"135",0,1,108.9,72.6,17.1,44.6,41.7,85.6,4.8,0.3,0.8,2.7,10.7,3,4,0.556302500767287,2,1,650,650,116.583333333333,1,1,0,0,0,0,1,0,1,1,1,0,1,0,0,0,"Mourning.Dove","Carolina.Chickadee",0.587692307692308
"136",0,1,65.1,49.8,15.4,20.9,23.5,2.79999999999998,4.6,1.4,3.2,0.0999999999999996,2.8,0,6,0.0791812460476249,0,1,700,700,76.7666666666667,0,0,0,0,0,1,1,0,1,1,1,0,1,0,0,0,"Mourning.Dove","Purple.Martin",-0.176752136752137
"137",2,0,101,51.8,16,35.6,9.2,28.6,7.9,0.7,1.8,3.3,7.2,0,5,0.0791812460476249,0,1,500,500,107.65,3,0,0,0,0,0,1,0,1,1,1,0,0,0,0,0,"Mourning.Dove","Barn.Swallow",0.0858119658119658
"138",2,0,97.3,73,12.4,35.2,1.1,35.1,7,0.4,1.8,3.4,8.3,1,4,0.221848749616356,0,2,270,270,104.613333333333,0,0,0,0,0,1,1,0,1,1,1,0,1,0,0,0,"Mourning.Dove","Cliff.Swallow",0.145982905982906
"139",0,1,99.9,71.5,25.2,39,46.3,85,1.8,0.5,0.5,1.8,2.7,1,4,0.221848749616356,0,2,500,500,107.2,1,1,0,0,0,0,1,0,0,1,1,0,1,0,0,0,"Mourning.Dove","Carolina.Wren",0.122735042735043
"140",0,2,97.9,73.4,5.4,30.7,25.5,55.8,1.1,0.8,1.3,2.9,0.5,1,8,0.0969100130080562,1,3,1000,1000,105.28,0,0,0,0,0,0,1,0,1,1,1,1,0,0,0,0,"Mourning.Dove","White.breasted.Nuthatch",0.26974358974359
"141",0,2,108.7,86.8,13.3,41.7,38,79.4,4.8,0.5,0.6,1.1,4.3,1,7,0.204119982655925,1,1,1900,1900,116.924,1,1,0,0,0,1,1,0,1,1,1,0,1,0,0,0,"Mourning.Dove","Brown.headed.Nuthatch",0.502905982905983
"142",2,1,70.4,4.60000000000001,16,1.09999999999999,30,32.1,12.6,1.9,1.9,2.9,2.5,0,4,0.204119982655925,1,1,500,500,78.85,0,0,0,0,0,0,1,0,0,1,1,1,1,0,0,0,"Mourning.Dove","Northern.Mockingbird",0.478974358974359
"143",1,2,50.1,0.400000000000006,22.7,4.89999999999999,39.1,41.9,14.6,2.9,2.7,10,10.5,0,4,0.0791812460476249,2,3,1980,1980,56.8333333333333,1,1,0,0,0,0,1,0,0,1,1,0,1,0,0,0,"Mourning.Dove","Brown.Thrasher",0.372307692307692
"144",1,1,91.4,59.7,3.8,27.2,21.7,48.6,0.0999999999999979,1.1,1.5,0.200000000000001,4.2,2,3,0.0791812460476249,1,2,60,60,97.1166666666667,0,0,0,0,0,0,1,0,0,1,1,0,1,0,0,0,"Mourning.Dove","Eastern.Bluebird",0.165128205128205
"145",2,2,68.8,50.9,9.7,12.7,24.1,37.9,12.5,2,2.4,2.6,0.600000000000001,1,2,0.380211241711606,3,2,1175,1225,73.125,0,0,0,0,0,0,1,0,0,1,1,0,1,0,0,0,"Mourning.Dove","Wood.Thrush",0.365470085470085
"146",2,0,40.4,26.5,7.6,1.3,16.2,17.4,13.1,3.4,2.9,3.2,3.8,0,2,0.447158031342219,1,2,1000,1000,47.3666666666667,0,0,0,0,0,0,1,0,1,1,1,0,1,0,0,0,"Mourning.Dove","American.Robin",0.36957264957265
"147",0,0,92.4,65,9.3,37.2,32.7,69.5,1.7,4,3.6,0.200000000000001,6.1,1,6,0.221848749616356,0,2,2100,2100,99.56,0,0,0,1,1,0,0,1,0,1,0,1,1,1,1,1,"Mourning.Dove","House.Sparrow",0.548717948717949
"148",1,1,97.5,56,9.1,35.8,31.9,67.2,2.2,4.8,3.9,0.9,9,0,5,0.447158031342219,1,2,1000,1000,105.275,0,0,0,1,1,0,0,0,1,1,1,1,1,1,1,0,"Mourning.Dove","House.Finch",0.775042735042735
"149",0,2,106.1,73.9,9,41.3,34,74.6,6.1,2.9,1.6,1.1,8.1,0,5,0.0969100130080562,0,1,1500,1500,114.05,1,1,0,1,1,0,1,1,1,1,1,1,1,1,1,0,"Mourning.Dove","American.Goldfinch",0.419487179487179
"150",2,1,106.7,66.2,12.4,40.6,36.8,76.4,3.3,1.5,1.3,2.3,6.5,0,5,0.301029995663981,1,0,1300,1300,113.65,0,0,0,1,0,1,1,0,1,1,1,0,1,0,0,0,"Mourning.Dove","Chipping.Sparrow",0.313504273504273
"151",2,1,94.5,51.8,16.9,33.5,38.8,71.6,3.4,2.9,2.4,0.9,6,1,5,0.380211241711606,3,2,1500,1500,99.5166666666667,1,1,0,0,0,0,1,0,1,1,1,0,1,1,0,1,"Mourning.Dove","White.throated.Sparrow",-0.398974358974359
"152",1,1,78.9,30.5,23,20.8,42,62.1,7.4,4.8,2.8,0.5,4.2,0,4,0.602059991327962,3,0,520,520,85.8833333333333,0,0,0,0,0,0,1,0,0,1,1,0,1,1,0,0,"Mourning.Dove","Eastern.Towhee",0.210940170940171
"153",0,1,94,50.4,15.3,31.1,36.8,67.9,6.5,2.9,2.1,1.2,3.3,1,3,0.0969100130080562,1,3,400,400,99.5,0,0,0,0,0,0,1,0,1,1,1,0,0,0,0,0,"Mourning.Dove","Yellow.breasted.Chat",0.292307692307692
"154",2,2,87.4,60.4,1.2,33.1,21.1,54.2,6.9,4.2,3.2,0.5,3.4,1,5,0.0791812460476249,1,2,1700,1700,90.1,0,0,0,1,0,1,1,0,1,1,1,1,1,0,1,0,"Mourning.Dove","Bobolink",-0.154871794871795
"155",2,1,99.5,55,10.4,35.9,33.3,68.1,1.7,1.8,1.7,2.3,2.3,0,5,0.6232492903979,2,2,1600,1600,105.8,0,0,0,0,0,0,0,0,1,1,1,0,1,0,0,0,"Mourning.Dove","Orchard.Oriole",0.493333333333333
"156",2,0,68.1,33.3,12.6,2.69999999999999,25.3,26.4,8.4,5.4,2.9,6.1,3.1,0,2,0.204119982655925,1,1,0,0,70.6,0,0,0,1,0,1,1,0,1,1,1,0,1,1,1,0,"Mourning.Dove","Red.winged.Blackbird",0.451623931623932
"157",2,1,78.6,52.4,3.6,22.8,19.2,39.4,5.1,5.5,3.1,1.8,2,2,3,0.204119982655925,1,1,395,395,84.25,0,0,0,1,0,1,1,0,1,1,1,0,1,0,0,1,"Mourning.Dove","Brown.headed.Cowbird",0.486495726495726
"158",1,0,13.7,4,10.7,6.60000000000001,18.8,11.5,16,7.1,4.6,12.5,13.4,1,5,0.556302500767287,2,1,1500,1500,19.25,1,1,0,0,0,0,1,0,0,0,0,0,0,0,0,1,"Mourning.Dove","Common.Grackle",0.463247863247863
"159",2,2,100.1,71.8,11.7,36.5,34.8,71.2,2.7,0.7,0.9,0.4,4.5,1,4,0.0969100130080562,1,3,600,600,106.266666666667,0,0,0,0,0,1,1,0,1,1,1,0,1,0,0,1,"Mourning.Dove","Ovenbird",0.347008547008547
"160",2,2,108,75.6,11.1,41.9,36.1,75.6,2.3,0.1,0.2,0.300000000000001,5.9,2,3,0.397940008672037,0,3,0,0,116.72,0,0,0,0,0,0,1,0,1,1,1,0,1,0,0,0,"Mourning.Dove","Black.and.white.Warbler",-0.309401709401709
"161",2,2,104.6,79.5,6.6,42.7,32.2,75.5,1.3,0.5,1.1,1.5,2.5,1,5,0.0969100130080562,0,1,1200,1200,111.75,0,0,0,0,0,0,0,0,1,1,1,0,1,0,0,0,"Mourning.Dove","Prothonotary.Warbler",0.065982905982906
"162",2,2,109.4,72.8,20.5,47.3,44.6,89.7,0.599999999999998,0.1,0.3,1.4,6.9,1,4,0.397940008672037,0,3,2100,2100,115.725,0,0,0,0,0,1,1,0,1,1,1,0,1,0,0,0,"Mourning.Dove","Common.Yellowthroat",0.128888888888889
"163",2,1,108.4,67.1,15.1,41.9,39.5,79.7,0.400000000000002,0.2,1.1,1.4,5.9,1,3,0.221848749616356,0,2,1400,1400,116.5,0,0,0,0,0,1,1,0,1,1,1,0,1,0,0,0,"Mourning.Dove","Hooded.Warbler",0.148717948717949
"164",2,2,110.7,69.6,12,43.6,37.5,82.4,2.6,0.4,1.3,2.5,7.3,1,3,0.0791812460476249,1,2,500,500,118.725,0,0,0,0,0,0,1,0,1,1,1,0,1,0,0,0,"Mourning.Dove","American.Redstart",0.158974358974359
"165",2,1,111.1,78.1,8.5,51.7,37.6,86.8,2.7,0.3,0.4,1.7,8,0,5,0,4,4,0,0,118.515,0,0,0,0,0,0,0,0,1,1,1,0,1,0,0,0,"Mourning.Dove","Northern.Parula",0.0748717948717949
"166",2,2,108.8,73.3,12.5,44.6,38.2,82.2,1,0.1,0.7,1.9,6.6,0,3,0.505149978319906,3,1,900,900,116.75,0,0,0,0,0,0,0,0,1,1,0,0,1,0,0,0,"Mourning.Dove","Black.throated.Blue.Warbler",-0.219145299145299
"167",2,1,107.1,68.2,8,40.4,32.5,72.6,1,0.4,0.4,1.3,6.2,1,2,0.380211241711606,2,1,550,550,114.75,0,0,0,0,0,0,1,0,1,1,1,0,1,0,0,0,"Mourning.Dove","Pine.Warbler",0.356581196581197
"168",2,1,109.2,71.5,8.9,42.6,34.3,76.7,2.8,0,0.3,0.5,4.7,1,3,0,0,0,700,700,117.116666666667,0,0,0,0,0,1,1,0,1,1,1,0,1,0,0,0,"Mourning.Dove","Yellow.throated.Warbler",0.241025641025641
"169",2,1,111.3,73.8,16.6,47.2,42,88.9,1.9,0.5,0.0999999999999996,2.1,7.8,0,3,0.477121254719662,2,0,1280,1280,118.85,0,0,0,0,0,0,1,0,1,1,1,0,1,0,0,0,"Mourning.Dove","Prairie.Warbler",0.313504273504273
"170",2,2,89.8,50.9,7.4,24.2,25.2,52.4,0.100000000000001,5.6,5.7,4,0.400000000000002,1,2,0.204119982655925,1,1,0,0,98.24,0,0,0,0,0,0,1,0,1,1,1,0,1,0,0,0,"Mourning.Dove","Summer.Tanager",0.476239316239316
"171",2,2,90.7,58.4,5.7,25.7,23.6,51.8,0.200000000000003,4.8,4.5,2.2,0.800000000000001,1,3,0.0791812460476249,1,2,100,100,96.2833333333333,0,0,0,0,0,0,1,0,1,1,1,1,1,0,0,0,"Mourning.Dove","Scarlet.Tanager",-0.215042735042735
"172",0,1,76.3,20.4,21.1,13.9,38.9,50.9,4.9,8.9,6.6,5.4,2,1,3,0.204119982655925,3,3,500,500,82.3666666666667,0,0,0,0,0,0,1,0,0,1,1,0,1,1,0,0,"Mourning.Dove","Northern.Cardinal",0.216410256410256
"173",2,1,91.5,57.8,13.7,24.4,33.2,58.3,0.699999999999999,7.5,4.7,3,2.6,1,3,0.380211241711606,1,1,0,0,98,0,0,0,0,0,1,1,0,1,1,1,0,1,0,0,0,"Mourning.Dove","Blue.Grosbeak",0.422222222222222
"174",2,1,104.2,73.3,14.1,41.3,38.4,79.6,2.4,2.8,2.4,1.7,7.9,1,2,0.681241237375587,3,1,200,200,111.35,0,0,0,0,0,0,0,0,1,1,1,0,1,1,1,1,"Mourning.Dove","Indigo.Bunting",0.436581196581197
"178",0,0,0,0,0,0,0,0,0,0,0,0,0,0,0,0,0,0,0,0,0,0,1,1,1,1,1,1,1,1,1,1,1,1,1,1,1,"Ring.billed.Gull","Ring.billed.Gull",1
"179",1,2,444.7,49.9,27.1,61.1,164.9,226.3,30.6,5.6,1.4,0.699999999999999,20.8,0,7,0.0791812460476249,2,4,2300,2300,423.45,1,0,0,0,0,0,1,0,0,0,0,0,0,1,0,0,"Ring.billed.Gull","Red.headed.Woodpecker",0.230769230769231
"180",1,2,446.8,56.4,28,69.6,170,238.8,30.1,5.4,0.9,2,15.5,1,5,0.221848749616356,2,0,500,500,435.266666666667,1,0,0,0,0,0,0,0,0,0,0,0,0,0,1,0,"Ring.billed.Gull","Red.bellied.Woodpecker",0.335384615384615
"181",1,1,490.7,74.6,29.2,94.1,181.2,274.7,35.4,8.2,1.3,7.4,30.7,0,4,0.221848749616356,2,0,2650,2650,473.966666666667,1,0,0,0,0,0,1,1,0,0,0,0,1,1,0,0,"Ring.billed.Gull","Downy.Woodpecker",0.0858119658119658
"182",1,1,496.6,63.1,35.6,93.3,188.1,282.1,33.5,8.9,0.7,9.9,30.7,1,3,1,4,2,2400,2400,480.866666666667,0,1,0,0,0,0,1,0,0,0,0,1,1,1,0,0,"Ring.billed.Gull","Eastern.Phoebe",-0.122051282051282
"183",1,1,503.7,74.4,28.7,107.9,185.6,295,34.1,9,0.100000000000001,10.5,34.8,2,1,0.522878745280338,3,1,1400,1400,487.366666666667,0,1,0,0,0,0,1,0,0,0,0,1,1,1,0,0,"Ring.billed.Gull","Acadian.Flycatcher",-0.262222222222222
"184",1,1,476.4,45.6,22.9,82.8,166.9,249.3,32.7,6.5,2,4.8,26.6,1,2,0.301029995663981,3,1,1750,1750,457.8,0,1,0,0,0,0,1,0,0,0,0,1,1,1,0,0,"Ring.billed.Gull","Eastern.Kingbird",0.368888888888889
"185",1,2,484.2,45.1,34.8,80.6,183.9,267.2,29.4,6.1,2.3,4.1,25.4,1,5,0.221848749616356,3,2,1300,1300,466.6,1,0,0,0,0,0,1,0,0,0,0,1,1,0,0,0,"Ring.billed.Gull","Great.Crested.Flycatcher",0.00786324786324786
"186",1,2,500.2,80.5,26.4,104.4,181.9,288.5,31.7,8.6,1.9,10,31.7,2,2,0.397940008672038,3,0,2900,2900,480.803333333333,0,1,0,0,0,0,0,0,0,0,0,0,1,0,0,0,"Ring.billed.Gull","Red.eyed.Vireo",0.298461538461538
"187",1,1,504.9,84.3,38.3,109.4,194.4,304.4,31.7,8.9,2.3,12.2,34.4,0,2,0.698970004336019,3,2,900,900,488.826666666667,0,1,0,0,0,0,1,0,0,0,0,1,1,1,0,0,"Ring.billed.Gull","White.eyed.Vireo",0.055042735042735
"188",1,1,428.3,11.8,38.8,51.7,182.6,236,16.5,4.1,3.9,1,18.2,1,4,0.346787486224656,2,1,900,900,424.293333333333,1,0,0,0,0,0,1,0,0,0,0,1,1,0,1,1,"Ring.billed.Gull","Blue.Jay",0.569230769230769
"189",0,1,67.4999999999999,33.9,19.7,26.2,98.6,72.5,3.8,3.6,7.7,13.6,1.8,0,4,0.301029995663981,0,4,1700,1700,44.0666666666667,1,0,0,0,1,0,1,0,1,0,1,1,0,0,1,1,"Ring.billed.Gull","American.Crow",-0.0064957264957265
"190",1,0,231.7,23.9,19.9,16.2,104.9,89.3,4.1,1.8,7.6,7.6,4.8,1,3,0.176091259055681,0,2,900,900,227.175,1,0,1,0,0,0,1,1,0,0,1,1,0,0,1,1,"Ring.billed.Gull","Fish.Crow",0.0577777777777778
"191",1,1,484.7,73.4,21.1,98,172,270.6,34.5,8.1,1.7,13,33,1,3,0.045757490560675,2,2,2900,2900,466.975,1,0,0,0,0,0,0,0,0,0,0,0,0,0,0,0,"Ring.billed.Gull","Cedar.Waxwing",-0.359316239316239
"192",1,2,494.7,64.6,40.1,94.8,193,288.1,30.7,7.5,1.3,10.8,34.8,2,4,0.045757490560675,2,2,510,510,478.2,1,0,0,0,0,0,1,0,0,0,0,1,1,1,0,0,"Ring.billed.Gull","Tufted.Titmouse",0.462564102564102
"193",1,1,506.3,83.6,36.7,113,194.1,307.2,36.4,9.3,2.7,13,39.2,2,3,0.045757490560675,2,2,1750,1750,489.583333333333,1,0,0,0,0,0,1,0,0,0,0,1,1,0,0,0,"Ring.billed.Gull","Carolina.Chickadee",0.210940170940171
"194",1,1,462.5,60.8,4.2,89.3,128.9,218.8,36.2,8.2,0.3,10.2,31.3,1,5,0.522878745280338,4,2,3100,3100,449.766666666667,0,1,0,0,0,1,1,0,0,0,0,1,1,1,0,0,"Ring.billed.Gull","Purple.Martin",-0.145982905982906
"195",1,0,498.4,62.8,3.6,104,143.2,250.2,39.5,10.3,1.7,13.6,35.7,1,4,0.522878745280338,4,2,2900,2900,480.65,3,0,0,0,0,0,1,0,0,0,0,1,0,1,0,0,"Ring.billed.Gull","Barn.Swallow",-0.0782905982905983
"196",1,0,494.7,84,7.2,103.6,151.3,256.7,38.6,10,1.7,13.7,36.8,2,3,0.823908740944319,4,1,2670,2670,477.613333333333,0,0,0,0,0,1,1,0,0,0,0,1,1,1,0,0,"Ring.billed.Gull","Cliff.Swallow",0.246495726495726
"197",1,1,497.3,82.5,44.8,107.4,198.7,306.6,29.8,9.1,3,8.5,31.2,0,3,0.823908740944319,4,1,1900,1900,480.2,1,0,0,0,0,0,1,0,0,0,0,1,1,1,0,0,"Ring.billed.Gull","Carolina.Wren",0.0844444444444444
"198",1,2,495.3,84.4,25,99.1,177.9,277.4,32.7,8.8,2.2,7.4,29,0,7,0.698970004336019,3,2,3400,3400,478.28,0,1,0,0,0,0,1,0,0,0,0,0,0,0,1,0,"Ring.billed.Gull","White.breasted.Nuthatch",-0.102222222222222
"199",1,2,506.1,97.8,32.9,110.1,190.4,301,36.4,9.1,2.9,9.2,32.8,0,6,0.397940008672038,3,0,500,500,489.924,1,0,0,0,0,1,1,0,0,0,0,1,1,0,0,0,"Ring.billed.Gull","Brown.headed.Nuthatch",-0.191794871794872
"200",1,1,467.8,15.6,35.6,69.5,182.4,253.7,19,7.7,1.6,7.4,26,1,3,0.397940008672038,3,0,2900,2900,451.85,0,1,0,0,0,0,1,0,0,0,0,0,1,0,1,0,"Ring.billed.Gull","Northern.Mockingbird",0.0194871794871795
"201",0,2,447.5,11.4,42.3,73.3,191.5,263.5,17,6.7,0.8,0.300000000000001,18,1,3,0.522878745280338,2,2,420,420,429.833333333333,1,0,0,0,0,0,1,0,0,0,0,1,1,0,1,0,"Ring.billed.Gull","Brown.Thrasher",0.16034188034188
"202",0,1,488.8,70.7,23.4,95.6,174.1,270.2,31.5,8.5,2,10.5,32.7,1,2,0.522878745280338,3,1,2340,2340,470.116666666667,0,1,0,0,0,0,1,0,0,0,0,1,1,1,0,0,"Ring.billed.Gull","Eastern.Bluebird",0.340854700854701
"203",1,2,466.2,61.9,29.3,81.1,176.5,259.5,19.1,7.6,1.1,7.7,29.1,0,1,0.221848749616356,1,1,1225,1175,446.125,0,1,0,0,0,0,1,1,1,0,0,1,1,0,0,0,"Ring.billed.Gull","Wood.Thrush",0.409230769230769
"204",1,0,437.8,37.5,27.2,69.7,168.6,239,18.5,6.2,0.6,7.1,24.7,1,1,0.154901959985743,3,3,3400,3400,420.366666666667,0,1,0,0,0,0,1,0,0,0,0,1,1,0,0,0,"Ring.billed.Gull","American.Robin",-0.117948717948718
"205",1,0,489.8,76,28.9,105.6,185.1,291.1,33.3,5.6,0.0999999999999996,10.5,34.6,2,5,0.823908740944319,4,1,4500,4500,472.56,0,0,0,0,0,0,0,0,0,0,0,0,1,0,0,1,"Ring.billed.Gull","House.Sparrow",0.388034188034188
"206",0,1,494.9,67,28.7,104.2,184.3,288.8,33.8,4.8,0.399999999999999,11.2,37.5,1,4,0.154901959985743,3,3,3400,3400,478.275,0,1,0,0,0,0,0,0,0,0,0,0,1,0,0,0,"Ring.billed.Gull","House.Finch",-0.00854700854700855
"207",1,2,503.5,84.9,28.6,109.7,186.4,296.2,37.7,6.7,1.9,11.4,36.6,1,4,0.698970004336019,4,0,900,900,487.05,1,0,0,0,0,0,1,0,0,0,0,0,1,0,0,0,"Ring.billed.Gull","American.Goldfinch",0.238290598290598
"208",1,1,504.1,77.2,32,109,189.2,298,34.9,8.1,2.2,12.6,35,1,4,0.301029995663981,3,1,3700,3700,486.65,0,1,0,0,0,1,1,0,0,0,0,1,1,0,1,0,"Ring.billed.Gull","Chipping.Sparrow",0.00170940170940171
"209",1,1,491.9,62.8,36.5,101.9,191.2,293.2,28.2,6.7,1.1,11.2,34.5,2,4,0.221848749616356,1,1,900,900,472.516666666667,1,0,0,0,1,0,1,0,0,0,0,0,1,0,1,1,"Ring.billed.Gull","White.throated.Sparrow",0.423589743589744
"210",0,1,476.3,41.5,42.6,89.2,194.4,283.7,24.2,4.8,0.7,9.8,32.7,1,3,0,1,1,1880,1880,458.883333333333,0,1,0,0,0,0,1,0,0,0,0,0,1,0,1,0,"Ring.billed.Gull","Eastern.Towhee",-0.0557264957264957
"211",1,1,491.4,61.4,34.9,99.5,189.2,289.5,25.1,6.7,1.4,9.1,31.8,0,2,0.698970004336019,3,2,2000,2000,472.5,0,1,0,0,0,0,1,0,0,0,0,1,0,1,0,0,"Ring.billed.Gull","Yellow.breasted.Chat",-0.0652991452991453
"212",1,2,484.8,71.4,20.8,101.5,173.5,275.8,24.7,5.4,0.3,9.8,31.9,2,4,0.522878745280338,3,1,700,700,463.1,0,1,0,0,0,1,1,0,0,0,0,0,1,0,0,0,"Ring.billed.Gull","Bobolink",-0.105641025641026
"213",1,1,496.9,66,30,104.3,185.7,289.7,29.9,7.8,1.8,8,30.8,1,4,0.0211892990699382,2,3,800,800,478.8,0,1,0,0,0,0,0,0,0,0,0,1,1,1,0,0,"Ring.billed.Gull","Orchard.Oriole",0.04
"214",1,0,465.5,44.3,32.2,71.1,177.7,248,23.2,4.2,0.6,4.2,25.4,1,1,0.397940008672038,3,0,2400,2400,443.6,0,1,0,0,0,1,1,0,0,0,0,1,1,0,0,0,"Ring.billed.Gull","Red.winged.Blackbird",-0.143931623931624
"215",1,1,476,63.4,23.2,91.2,171.6,261,26.5,4.1,0.4,8.5,30.5,1,2,0.397940008672038,3,0,2795,2795,457.25,0,1,0,0,0,1,1,0,0,0,0,1,1,1,0,1,"Ring.billed.Gull","Brown.headed.Cowbird",-0.0605128205128205
"216",0,0,411.1,15,30.3,61.8,171.2,233.1,15.6,2.5,1.1,2.2,15.1,2,4,0.045757490560675,2,2,900,900,392.25,1,0,0,0,0,0,1,0,0,0,0,1,0,1,1,1,"Ring.billed.Gull","Common.Grackle",0.11042735042735
"217",1,2,497.5,82.8,31.3,104.9,187.2,292.8,28.9,8.9,2.6,10.7,33,0,3,0.698970004336019,3,2,1800,1800,479.266666666667,0,1,0,0,0,1,1,0,0,0,0,1,1,1,0,1,"Ring.billed.Gull","Ovenbird",0.453675213675214
"218",1,2,505.4,86.6,30.7,110.3,188.5,297.2,33.9,9.7,3.3,10.6,34.4,1,2,1,4,2,2400,2400,489.72,0,1,0,0,0,0,1,0,0,0,0,1,1,1,0,0,"Ring.billed.Gull","Black.and.white.Warbler",0.442735042735043
"219",1,2,502,90.5,26.2,111.1,184.6,297.1,32.9,9.1,2.4,8.8,31,0,4,0.698970004336019,4,0,1200,1200,484.75,0,1,0,0,0,0,0,0,0,0,0,1,1,1,0,0,"Ring.billed.Gull","Prothonotary.Warbler",0.103589743589744
"220",1,2,506.8,83.8,40.1,115.7,197,311.3,31,9.7,3.2,11.7,35.4,2,3,1,4,2,4500,4500,488.725,0,1,0,0,0,1,1,0,0,0,0,1,1,1,0,0,"Ring.billed.Gull","Common.Yellowthroat",0.461196581196581
"221",1,1,505.8,78.1,34.7,110.3,191.9,301.3,32,9.4,2.4,11.7,34.4,2,2,0.823908740944319,4,1,1000,1000,489.5,0,1,0,0,0,1,1,0,0,0,0,1,1,1,0,0,"Ring.billed.Gull","Hooded.Warbler",0.46051282051282
"222",1,2,508.1,80.6,31.6,112,189.9,304,34.2,10,2.2,12.8,35.8,2,2,0.522878745280338,3,1,2900,2900,491.725,0,1,0,0,0,0,1,0,0,0,0,1,1,1,0,0,"Ring.billed.Gull","American.Redstart",-0.113162393162393
"223",1,1,508.5,89.1,28.1,120.1,190,308.4,34.3,9.9,3.1,12,36.5,1,4,0.602059991327962,0,3,2400,2400,491.515,0,1,0,0,0,0,0,1,0,0,0,0,1,1,0,0,"Ring.billed.Gull","Northern.Parula",0.343589743589744
"224",1,2,506.2,84.3,32.1,113,190.6,303.8,32.6,9.7,2.8,12.2,35.1,1,2,0.0969100130080564,1,0,1500,1500,489.75,0,1,0,0,0,0,0,1,0,0,1,1,1,1,0,0,"Ring.billed.Gull","Black.throated.Blue.Warbler",-0.00102564102564103
"225",1,1,504.5,79.2,27.6,108.8,184.9,294.2,32.6,9.2,3.1,11.6,34.7,0,1,0.221848749616356,2,0,2950,2950,487.75,0,1,0,0,0,0,1,1,0,0,0,1,1,1,0,0,"Ring.billed.Gull","Pine.Warbler",0.16991452991453
"226",1,1,506.6,82.5,28.5,111,186.7,298.3,34.4,9.6,3.2,9.8,33.2,0,2,0.602059991327962,4,1,1700,1700,490.116666666667,0,1,0,0,0,1,1,0,0,0,0,1,1,1,0,0,"Ring.billed.Gull","Yellow.throated.Warbler",-0.0625641025641026
"227",1,1,508.7,84.8,36.2,115.6,194.4,310.5,33.5,10.1,3.4,12.4,36.3,1,2,0.1249387366083,2,1,1120,1120,491.85,0,1,0,0,0,0,1,0,0,0,0,0,1,1,0,0,"Ring.billed.Gull","Prairie.Warbler",0.262905982905983
"228",1,2,487.2,61.9,27,92.6,177.6,274,31.7,4,2.2,6.3,28.9,0,1,0.397940008672038,3,0,2400,2400,471.24,0,1,0,0,0,0,1,0,0,0,0,1,1,1,0,0,"Ring.billed.Gull","Summer.Tanager",0.311452991452991
"229",1,2,488.1,69.4,25.3,94.1,176,273.4,31.8,4.8,1,8.1,29.3,0,2,0.522878745280338,3,1,2500,2500,469.283333333333,0,1,0,0,0,0,1,0,0,0,0,0,1,1,0,0,"Ring.billed.Gull","Scarlet.Tanager",0.141196581196581
"230",1,1,473.7,31.4,40.7,82.3,191.3,272.5,26.7,0.699999999999999,3.1,4.9,30.5,2,2,0.397940008672038,1,2,1900,1900,455.366666666667,0,1,0,0,0,0,1,0,0,0,0,0,1,0,1,0,"Ring.billed.Gull","Northern.Cardinal",0.100854700854701
"231",1,1,488.9,68.8,33.3,92.8,185.6,279.9,30.9,2.1,1.2,7.3,31.1,0,2,0.221848749616356,3,2,2400,2400,471,0,1,0,0,0,1,1,0,0,0,0,1,1,1,0,0,"Ring.billed.Gull","Blue.Grosbeak",0.0618803418803419
"232",1,1,501.6,84.3,33.7,109.7,190.8,301.2,34,6.8,1.1,12,36.4,0,1,0.0791812460476249,1,2,2200,2200,484.35,0,1,0,0,0,0,0,0,0,0,0,0,1,0,0,1,"Ring.billed.Gull","Indigo.Bunting",0.365470085470085
"237",0,0,0,0,0,0,0,0,0,0,0,0,0,0,0,0,0,0,0,0,0,0,1,1,1,1,1,1,1,1,1,1,1,1,1,1,1,"Red.headed.Woodpecker","Red.headed.Woodpecker",1
"238",0,0,2.09999999999999,6.5,0.900000000000002,8.5,5.1,12.5,0.5,0.199999999999999,0.5,1.3,5.3,1,2,0.301029995663981,0,4,1800,1800,11.8166666666667,0,1,0,1,1,0,0,0,1,1,1,1,1,0,0,1,"Red.headed.Woodpecker","Red.bellied.Woodpecker",0.507008547008547
"239",0,1,46,24.7,2.1,33,16.3,48.4,4.8,2.6,2.7,8.1,9.9,0,3,0.301029995663981,0,4,350,350,50.5166666666667,0,1,1,0,0,0,1,0,0,1,0,1,0,1,1,1,"Red.headed.Woodpecker","Downy.Woodpecker",0.260854700854701
"240",2,1,51.9,13.2,8.5,32.2,23.2,55.8,2.9,3.3,2.1,10.6,9.9,1,4,1.07918124604762,2,6,100,100,57.4166666666667,1,0,0,0,0,0,1,0,0,1,0,0,0,1,1,1,"Red.headed.Woodpecker","Eastern.Phoebe",0.483760683760684
"241",2,1,59,24.5,1.6,46.8,20.7,68.7,3.5,3.4,1.5,11.2,14,2,6,0.602059991327962,1,5,900,900,63.9166666666667,1,0,1,0,0,0,1,0,0,1,0,0,0,1,1,1,"Red.headed.Woodpecker","Acadian.Flycatcher",0.0557264957264957
"242",2,1,31.7,4.3,4.2,21.7,2,23,2.1,0.9,0.6,5.5,5.8,1,5,0.380211241711606,1,3,550,550,34.35,1,0,0,0,0,0,1,0,1,1,0,0,0,1,1,1,"Red.headed.Woodpecker","Eastern.Kingbird",0.278632478632479
"243",2,0,39.5,4.8,7.7,19.5,19,40.9,1.2,0.5,0.9,4.8,4.6,1,2,0.301029995663981,1,2,1000,1000,43.15,2,0,0,0,0,0,1,0,0,1,0,0,0,0,1,1,"Red.headed.Woodpecker","Great.Crested.Flycatcher",0.496752136752137
"244",2,0,55.5,30.6,0.699999999999999,43.3,17,62.2,1.1,3,3.3,10.7,10.9,2,5,0.477121254719662,1,4,600,600,57.3533333333333,1,0,1,0,0,1,0,0,0,1,0,1,0,0,1,1,"Red.headed.Woodpecker","Red.eyed.Vireo",0.515897435897436
"245",2,1,60.2,34.4,11.2,48.3,29.5,78.1,1.1,3.3,3.7,12.9,13.6,0,5,0.778151250383644,1,6,1400,1400,65.3766666666667,1,0,0,0,0,0,1,0,1,1,0,0,0,1,1,1,"Red.headed.Woodpecker","White.eyed.Vireo",0.61025641025641
"246",0,1,16.4,38.1,11.7,9.39999999999999,17.7,9.69999999999999,14.1,1.5,2.5,1.7,2.6,1,3,0.425968732272281,0,5,1400,1400,0.843333333333334,0,1,0,1,1,0,1,0,1,1,1,0,0,0,0,0,"Red.headed.Woodpecker","Blue.Jay",0.472820512820513
"247",1,1,377.2,83.8,7.4,87.3,66.3,153.8,34.4,9.2,6.3,12.9,22.6,0,3,0.221848749616356,2,0,600,600,379.383333333333,0,1,0,1,0,0,1,1,0,0,0,0,1,0,0,0,"Red.headed.Woodpecker","American.Crow",0.398290598290598
"248",0,2,213,73.8,7.2,77.3,60,137,26.5,7.4,6.2,6.9,16,1,4,0.0969100130080564,2,2,1400,1400,196.275,0,1,0,1,1,0,1,0,0,0,0,0,1,0,0,0,"Red.headed.Woodpecker","Fish.Crow",0.521367521367521
"249",2,1,40,23.5,6,36.9,7.1,44.3,3.9,2.5,3.1,13.7,12.2,1,4,0.1249387366083,0,2,600,600,43.525,2,0,0,0,0,0,0,0,0,1,0,1,1,0,0,1,"Red.headed.Woodpecker","Cedar.Waxwing",-0.179487179487179
"250",0,0,50,14.7,13,33.7,28.1,61.8,0.100000000000001,1.9,2.7,11.5,14,2,3,0.1249387366083,0,2,1790,1790,54.75,0,1,1,0,0,0,1,0,0,1,0,0,0,1,1,1,"Red.headed.Woodpecker","Tufted.Titmouse",0.463247863247863
"251",0,1,61.6,33.7,9.6,51.9,29.2,80.9,5.8,3.7,4.1,13.7,18.4,2,4,0.1249387366083,0,2,550,550,66.1333333333333,0,1,1,0,0,0,1,0,0,1,0,0,0,0,1,1,"Red.headed.Woodpecker","Carolina.Chickadee",0.45025641025641
"252",0,1,17.8,10.9,22.9,28.2,36,7.5,5.6,2.6,1.7,10.9,10.5,1,2,0.602059991327962,2,2,800,800,26.3166666666667,1,0,0,0,0,0,1,0,0,1,0,0,0,1,1,0,"Red.headed.Woodpecker","Purple.Martin",-0.27042735042735
"253",2,2,53.7,12.9,23.5,42.9,21.7,23.9,8.9,4.7,3.1,14.3,14.9,1,3,0.602059991327962,2,2,600,600,57.2,2,0,0,0,0,0,1,0,0,1,0,0,1,1,1,0,"Red.headed.Woodpecker","Barn.Swallow",0.13982905982906
"254",2,2,50,34.1,19.9,42.5,13.6,30.4,8,4.4,3.1,14.4,16,2,4,0.903089986991944,2,5,370,370,54.1633333333333,1,0,0,0,0,0,1,0,0,1,0,0,0,1,1,0,"Red.headed.Woodpecker","Cliff.Swallow",-0.0830769230769231
"255",0,1,52.6,32.6,17.7,46.3,33.8,80.3,0.799999999999997,3.5,4.4,9.2,10.4,0,4,0.903089986991944,2,5,400,400,56.75,0,1,1,0,0,0,1,0,1,1,0,0,0,1,1,1,"Red.headed.Woodpecker","Carolina.Wren",0.47008547008547
"256",0,0,50.6,34.5,2.1,38,13,51.1,2.1,3.2,3.6,8.1,8.2,0,0,0.778151250383644,1,6,1100,1100,54.83,1,0,1,0,0,0,1,0,0,1,0,1,1,0,0,1,"Red.headed.Woodpecker","White.breasted.Nuthatch",0.280683760683761
"257",0,0,61.4,47.9,5.8,49,25.5,74.7,5.8,3.5,4.3,9.9,12,0,1,0.477121254719662,1,4,1800,1800,66.474,0,1,0,0,0,0,1,0,0,1,0,0,0,0,1,1,"Red.headed.Woodpecker","Brown.headed.Nuthatch",0.455726495726496
"258",2,1,23.1,34.3,8.5,8.40000000000001,17.5,27.4,11.6,2.1,3,8.1,5.2,1,4,0.477121254719662,1,4,600,600,28.4,1,0,0,1,0,0,1,0,1,1,0,1,0,0,0,0,"Red.headed.Woodpecker","Northern.Mockingbird",0.29982905982906
"259",1,0,2.8,38.5,15.2,12.2,26.6,37.2,13.6,1.1,2.2,1,2.8,1,4,0.602059991327962,0,6,1880,1880,6.38333333333333,0,1,0,0,0,0,1,0,1,1,0,0,0,0,0,0,"Red.headed.Woodpecker","Brown.Thrasher",0.218461538461538
"260",1,1,44.1,20.8,3.7,34.5,9.2,43.9,0.900000000000002,2.9,3.4,11.2,11.9,1,5,0.602059991327962,1,5,40,40,46.6666666666667,1,0,0,0,0,0,1,0,1,1,0,0,0,1,1,1,"Red.headed.Woodpecker","Eastern.Bluebird",0.557606837606837
"261",2,0,21.5,12,2.2,20,11.6,33.2,11.5,2,2.5,8.4,8.3,0,6,0.301029995663981,1,5,1075,1125,22.675,1,0,1,0,0,0,1,0,0,1,0,0,0,0,1,0,"Red.headed.Woodpecker","Wood.Thrush",0.0666666666666667
"262",2,2,6.90000000000001,12.4,0.100000000000001,8.60000000000001,3.7,12.7,12.1,0.6,2,7.8,3.9,1,6,0.234083206033368,1,1,1100,1100,3.08333333333334,1,0,1,1,0,0,1,0,0,1,0,0,0,0,1,0,"Red.headed.Woodpecker","American.Robin",0.280683760683761
"263",0,2,45.1,26.1,1.8,44.5,20.2,64.8,2.7,0,1.3,11.2,13.8,2,2,0.903089986991944,2,5,2200,2200,49.11,1,0,0,0,0,0,0,0,1,1,1,1,0,0,0,0,"Red.headed.Woodpecker","House.Sparrow",0.143247863247863
"264",1,1,50.2,17.1,1.6,43.1,19.4,62.5,3.2,0.799999999999999,1,11.9,16.7,1,3,0.234083206033368,1,1,1100,1100,54.825,1,0,0,0,0,0,0,0,0,1,0,1,0,0,0,1,"Red.headed.Woodpecker","House.Finch",0.337435897435897
"265",0,0,58.8,35,1.5,48.6,21.5,69.9,7.1,1.1,3.3,12.1,15.8,1,3,0.778151250383644,2,4,1400,1400,63.6,0,1,0,0,0,0,1,0,0,1,0,1,0,0,0,1,"Red.headed.Woodpecker","American.Goldfinch",0.541196581196581
"266",2,1,59.4,27.3,4.9,47.9,24.3,71.7,4.3,2.5,3.6,13.3,14.2,1,3,0.380211241711606,1,3,1400,1400,63.2,1,0,0,0,0,0,1,0,0,1,0,0,0,0,0,0,"Red.headed.Woodpecker","Chipping.Sparrow",0.614358974358974
"267",2,1,47.2,12.9,9.4,40.8,26.3,66.9,2.4,1.1,2.5,11.9,13.7,2,3,0.301029995663981,1,5,1400,1400,49.0666666666667,0,1,0,0,0,0,1,0,0,1,0,0,0,0,0,0,"Red.headed.Woodpecker","White.throated.Sparrow",0.360683760683761
"268",1,1,31.6,8.40000000000001,15.5,28.1,29.5,57.4,6.4,0.799999999999999,2.1,10.5,11.9,1,4,0.0791812460476249,1,3,420,420,35.4333333333333,1,0,1,1,1,0,1,0,1,1,0,0,0,0,0,0,"Red.headed.Woodpecker","Eastern.Towhee",0.34974358974359
"269",0,1,46.7,11.5,7.8,38.4,24.3,63.2,5.5,1.1,2.8,9.8,11,0,5,0.778151250383644,1,6,300,300,49.05,1,0,0,0,0,0,1,0,0,1,0,0,1,1,1,1,"Red.headed.Woodpecker","Yellow.breasted.Chat",-0.0509401709401709
"270",2,0,40.1,21.5,6.3,40.4,8.6,49.5,5.9,0.199999999999999,1.7,10.5,11.1,2,3,0.602059991327962,1,5,1600,1600,39.65,1,0,0,0,0,0,1,0,0,1,0,1,0,0,0,0,"Red.headed.Woodpecker","Bobolink",-0.414017094017094
"271",2,1,52.2,16.1,2.9,43.2,20.8,63.4,0.699999999999999,2.2,3.2,8.7,10,1,3,0.0579919469776867,0,1,1500,1500,55.35,1,0,0,1,0,1,0,0,0,1,0,0,0,1,1,1,"Red.headed.Woodpecker","Orchard.Oriole",0.596581196581196
"272",2,2,20.8,5.60000000000001,5.1,10,12.8,21.7,7.4,1.4,2,4.9,4.6,1,6,0.477121254719662,1,4,100,100,20.15,1,0,0,0,0,0,1,0,0,1,0,0,0,0,0,0,"Red.headed.Woodpecker","Red.winged.Blackbird",0.0188034188034188
"273",2,1,31.3,13.5,3.9,30.1,6.7,34.7,4.1,1.5,1.8,9.2,9.7,1,5,0.477121254719662,1,4,495,495,33.8,1,0,0,0,0,0,1,0,0,1,0,0,0,1,1,0,"Red.headed.Woodpecker","Brown.headed.Cowbird",0.466666666666667
"274",1,2,33.6,34.9,3.2,0.700000000000003,6.3,6.79999999999998,15,3.1,0.3,1.5,5.7,2,3,0.1249387366083,0,2,1400,1400,31.2,0,1,0,1,1,0,1,0,1,0,1,0,1,1,0,0,"Red.headed.Woodpecker","Common.Grackle",-0.0639316239316239
"275",2,0,52.8,32.9,4.2,43.8,22.3,66.5,1.7,3.3,4,11.4,12.2,0,4,0.778151250383644,1,6,500,500,55.8166666666667,1,0,1,0,0,0,1,0,0,1,0,0,0,1,1,0,"Red.headed.Woodpecker","Ovenbird",0.558290598290598
"276",2,0,60.7,36.7,3.6,49.2,23.6,70.9,3.3,4.1,4.7,11.3,13.6,1,5,1.07918124604762,2,6,100,100,66.27,1,0,0,0,0,0,1,0,0,1,0,0,0,1,1,1,"Red.headed.Woodpecker","Black.and.white.Warbler",0.317606837606838
"277",2,0,57.3,40.6,0.899999999999999,50,19.7,70.8,2.3,3.5,3.8,9.5,10.2,0,3,0.778151250383644,2,4,1100,1100,61.3,1,0,0,0,0,0,0,0,0,1,0,0,0,1,1,1,"Red.headed.Woodpecker","Prothonotary.Warbler",0.528888888888889
"278",2,0,62.1,33.9,13,54.6,32.1,85,0.400000000000002,4.1,4.6,12.4,14.6,2,4,1.07918124604762,2,6,2200,2200,65.275,1,0,0,0,0,0,1,0,0,1,0,0,0,1,1,1,"Red.headed.Woodpecker","Common.Yellowthroat",0.276581196581197
"279",2,1,61.1,28.2,7.6,49.2,27,75,1.4,3.8,3.8,12.4,13.6,2,5,0.903089986991944,2,5,1300,1300,66.05,1,0,0,0,0,0,1,0,0,1,0,0,0,1,1,1,"Red.headed.Woodpecker","Hooded.Warbler",0.468717948717949
"280",2,0,63.4,30.7,4.5,50.9,25,77.7,3.6,4.4,3.6,13.5,15,2,5,0.602059991327962,1,5,600,600,68.275,1,0,0,0,0,0,1,0,0,1,0,0,0,1,1,1,"Red.headed.Woodpecker","American.Redstart",0.247863247863248
"281",2,1,63.8,39.2,1,59,25.1,82.1,3.7,4.3,4.5,12.7,15.7,1,3,0.681241237375587,2,7,100,100,68.065,1,0,1,0,0,0,0,0,0,1,0,0,0,1,1,1,"Red.headed.Woodpecker","Northern.Parula",0.318290598290598
"282",2,0,61.5,34.4,5,51.9,25.7,77.5,2,4.1,4.2,12.9,14.3,1,5,0.176091259055681,1,4,800,800,66.3,1,0,0,0,0,0,0,0,0,1,0,0,0,1,1,1,"Red.headed.Woodpecker","Black.throated.Blue.Warbler",-0.0461538461538461
"283",2,1,59.8,29.3,0.5,47.7,20,67.9,2,3.6,4.5,12.3,13.9,0,6,0.301029995663981,0,4,650,650,64.3,1,0,1,0,0,0,1,0,0,1,0,0,0,1,1,1,"Red.headed.Woodpecker","Pine.Warbler",0.594529914529914
"284",2,1,61.9,32.6,1.4,49.9,21.8,72,3.8,4,4.6,10.5,12.4,0,5,0.681241237375587,2,3,600,600,66.6666666666667,1,0,1,0,0,0,1,0,0,1,0,0,0,1,1,1,"Red.headed.Woodpecker","Yellow.throated.Warbler",0.587692307692308
"285",2,1,64,34.9,9.1,54.5,29.5,84.2,2.9,4.5,4.8,13.1,15.5,1,5,0.204119982655925,0,3,1180,1180,68.4,1,0,0,0,0,0,1,0,0,1,0,0,0,1,1,1,"Red.headed.Woodpecker","Prairie.Warbler",0.534358974358974
"286",2,0,42.5,12,0.0999999999999979,31.5,12.7,47.7,1.1,1.6,0.800000000000001,7,8.1,0,6,0.477121254719662,1,4,100,100,47.79,1,0,1,0,0,0,1,0,0,1,0,0,0,1,1,1,"Red.headed.Woodpecker","Summer.Tanager",0.638290598290598
"287",2,0,43.4,19.5,1.8,33,11.1,47.1,1.2,0.799999999999999,0.399999999999999,8.8,8.5,0,5,0.602059991327962,1,5,200,200,45.8333333333333,1,0,1,0,0,0,1,0,0,1,0,1,0,1,1,1,"Red.headed.Woodpecker","Scarlet.Tanager",0.361367521367521
"288",0,1,29,18.5,13.6,21.2,26.4,46.2,3.9,4.9,1.7,5.6,9.7,2,5,0.477121254719662,1,6,400,400,31.9166666666667,1,0,0,1,0,0,1,0,1,1,0,0,0,0,0,1,"Red.headed.Woodpecker","Northern.Cardinal",0.426324786324786
"289",2,1,44.2,18.9,6.2,31.7,20.7,53.6,0.300000000000001,3.5,0.199999999999999,8,10.3,0,5,0.301029995663981,1,2,100,100,47.55,1,0,0,1,0,0,1,0,0,1,0,0,0,1,1,0,"Red.headed.Woodpecker","Blue.Grosbeak",0.113162393162393
"290",2,1,56.9,34.4,6.6,48.6,25.9,74.9,3.4,1.2,2.5,12.7,15.6,0,6,0,1,2,100,100,60.9,1,0,0,1,1,0,0,1,0,1,0,0,0,0,0,0,"Red.headed.Woodpecker","Indigo.Bunting",0.140512820512821
"296",0,0,0,0,0,0,0,0,0,0,0,0,0,0,0,0,0,0,0,0,0,0,1,1,1,1,1,1,1,1,1,1,1,1,1,1,1,"Red.bellied.Woodpecker","Red.bellied.Woodpecker",1
"297",0,1,43.9,18.2,1.2,24.5,11.2,35.9,5.3,2.8,2.2,9.4,15.2,1,1,0,0,0,2150,2150,38.7,0,1,0,0,0,0,0,0,0,1,0,1,0,0,0,1,"Red.bellied.Woodpecker","Downy.Woodpecker",0.436581196581197
"298",2,1,49.8,6.7,7.6,23.7,18.1,43.3,3.4,3.5,1.6,11.9,15.2,0,2,0.778151250383644,2,2,1900,1900,45.6,1,0,1,0,0,0,0,0,0,1,0,0,0,0,0,1,"Red.bellied.Woodpecker","Eastern.Phoebe",-0.0174358974358974
"299",2,1,56.9,18,0.699999999999999,38.3,15.6,56.2,4,3.6,1,12.5,19.3,1,4,0.301029995663981,1,1,900,900,52.1,1,0,0,0,0,0,0,0,0,1,0,0,0,0,0,1,"Red.bellied.Woodpecker","Acadian.Flycatcher",0.182905982905983
"300",2,1,29.6,10.8,5.1,13.2,3.1,10.5,2.6,1.1,1.1,6.8,11.1,0,3,0.0791812460476248,1,1,1250,1250,22.5333333333333,1,0,0,0,0,0,0,0,1,1,0,0,0,0,0,1,"Red.bellied.Woodpecker","Eastern.Kingbird",0.0988034188034188
"301",2,0,37.4,11.3,6.8,11,13.9,28.4,0.699999999999999,0.699999999999999,1.4,6.1,9.9,2,0,0,1,2,800,800,31.3333333333333,2,0,1,0,0,0,0,0,0,1,0,0,0,1,0,1,"Red.bellied.Woodpecker","Great.Crested.Flycatcher",0.381196581196581
"302",2,0,53.4,24.1,1.6,34.8,11.9,49.7,1.6,3.2,2.8,12,16.2,1,3,0.176091259055681,1,0,2400,2400,45.5366666666667,1,0,0,0,0,0,1,0,0,1,0,1,0,1,0,1,"Red.bellied.Woodpecker","Red.eyed.Vireo",0.55965811965812
"303",2,1,58.1,27.9,10.3,39.8,24.4,65.6,1.6,3.5,3.2,14.2,18.9,1,3,0.477121254719662,1,2,400,400,53.56,1,0,0,0,0,0,0,0,1,1,0,0,0,0,0,1,"Red.bellied.Woodpecker","White.eyed.Vireo",0.446153846153846
"304",0,1,18.5,44.6,10.8,17.9,12.6,2.8,13.6,1.3,3,3,2.7,0,1,0.1249387366083,0,1,400,400,10.9733333333333,0,1,1,1,1,0,0,0,1,1,1,0,0,1,1,0,"Red.bellied.Woodpecker","Blue.Jay",0.747692307692308
"305",1,1,379.3,90.3,8.3,95.8,71.4,166.3,33.9,9,6.8,11.6,17.3,1,1,0.522878745280338,2,4,1200,1200,391.2,0,1,0,1,0,1,0,0,0,0,0,0,1,1,1,0,"Red.bellied.Woodpecker","American.Crow",0.329230769230769
"306",0,2,215.1,80.3,8.1,85.8,65.1,149.5,26,7.2,6.7,5.6,10.7,0,2,0.397940008672038,2,2,400,400,208.091666666667,0,1,0,1,1,0,0,0,0,0,0,0,1,1,1,0,"Red.bellied.Woodpecker","Fish.Crow",0.476239316239316
"307",2,1,37.9,17,6.9,28.4,2,31.8,4.4,2.7,2.6,15,17.5,0,2,0.176091259055681,0,2,2400,2400,31.7083333333333,2,0,1,0,0,0,0,0,0,1,0,1,1,0,0,1,"Red.bellied.Woodpecker","Cedar.Waxwing",-0.331965811965812
"308",0,0,47.9,8.2,12.1,25.2,23,49.3,0.600000000000001,2.1,2.2,12.8,19.3,3,1,0.176091259055681,0,2,10,10,42.9333333333333,0,1,0,0,0,0,0,0,0,1,0,0,0,0,0,1,"Red.bellied.Woodpecker","Tufted.Titmouse",0.684786324786325
"309",0,1,59.5,27.2,8.7,43.4,24.1,68.4,6.3,3.9,3.6,15,23.7,3,2,0.176091259055681,0,2,1250,1250,54.3166666666667,0,1,0,0,0,0,0,0,0,1,0,0,0,1,0,1,"Red.bellied.Woodpecker","Carolina.Chickadee",0.344957264957265
"310",0,1,15.7,4.39999999999999,23.8,19.7,41.1,20,6.1,2.8,1.2,12.2,15.8,0,0,0.301029995663981,2,2,2600,2600,14.5,1,0,0,0,0,0,0,0,0,1,0,0,0,0,0,0,"Red.bellied.Woodpecker","Purple.Martin",-0.121367521367521
"311",2,2,51.6,6.39999999999999,24.4,34.4,26.8,11.4,9.4,4.9,2.6,15.6,20.2,0,1,0.301029995663981,2,2,2400,2400,45.3833333333333,2,0,0,0,0,0,0,0,0,1,0,0,1,0,0,0,"Red.bellied.Woodpecker","Barn.Swallow",-0.126153846153846
"312",2,2,47.9,27.6,20.8,34,18.7,17.9,8.5,4.6,2.6,15.7,21.3,1,2,0.602059991327962,2,1,2170,2170,42.3466666666667,1,0,0,0,0,0,0,0,0,1,0,0,0,0,0,0,"Red.bellied.Woodpecker","Cliff.Swallow",-0.0153846153846154
"313",0,1,50.5,26.1,16.8,37.8,28.7,67.8,0.299999999999997,3.7,3.9,10.5,15.7,1,2,0.602059991327962,2,1,1400,1400,44.9333333333333,0,1,0,0,0,0,0,0,1,1,0,0,0,0,0,1,"Red.bellied.Woodpecker","Carolina.Wren",0.357264957264957
"314",0,0,48.5,28,3,29.5,7.9,38.6,2.6,3.4,3.1,9.4,13.5,1,2,0.477121254719662,1,2,2900,2900,43.0133333333333,1,0,0,0,0,0,0,1,0,1,0,1,1,1,1,1,"Red.bellied.Woodpecker","White.breasted.Nuthatch",0.26017094017094
"315",0,0,59.3,41.4,4.9,40.5,20.4,62.2,6.3,3.7,3.8,11.2,17.3,1,1,0.176091259055681,1,0,0,0,54.6573333333333,0,1,1,0,0,0,0,1,0,1,0,0,0,1,0,1,"Red.bellied.Woodpecker","Brown.headed.Nuthatch",0.194529914529915
"316",2,1,21,40.8,7.6,0.0999999999999943,12.4,14.9,11.1,2.3,2.5,9.4,10.5,0,2,0.176091259055681,1,0,2400,2400,16.5833333333333,1,0,0,1,0,0,0,0,1,1,0,1,0,1,1,0,"Red.bellied.Woodpecker","Northern.Mockingbird",0.428376068376068
"317",1,0,0.700000000000003,45,14.3,3.7,21.5,24.7,13.1,1.3,1.7,2.3,2.5,0,2,0.301029995663981,0,2,80,80,5.43333333333334,0,1,0,0,0,0,0,0,1,1,0,0,0,1,1,0,"Red.bellied.Woodpecker","Brown.Thrasher",0.23965811965812
"318",1,1,42,14.3,4.6,26,4.1,31.4,1.4,3.1,2.9,12.5,17.2,2,3,0.301029995663981,1,1,1840,1840,34.85,1,0,1,0,0,0,0,0,1,1,0,0,0,0,0,1,"Red.bellied.Woodpecker","Eastern.Bluebird",0.508376068376068
"319",2,0,19.4,5.5,1.3,11.5,6.5,20.7,11,2.2,2,9.7,13.6,1,4,0,1,1,725,675,10.8583333333333,1,0,0,0,0,0,0,0,0,1,0,0,0,1,0,0,"Red.bellied.Woodpecker","Wood.Thrush",0.484444444444444
"320",2,2,9,18.9,0.800000000000001,0.100000000000009,1.4,0.200000000000003,11.6,0.8,1.5,9.1,9.2,0,4,0.0669467896306132,1,3,2900,2900,14.9,1,0,0,1,0,0,0,0,0,1,0,0,0,1,0,0,"Red.bellied.Woodpecker","American.Robin",0.394188034188034
"321",0,2,43,19.6,0.899999999999999,36,15.1,52.3,3.2,0.199999999999999,0.8,12.5,19.1,1,0,0.602059991327962,2,1,4000,4000,37.2933333333333,1,0,0,0,0,0,1,0,1,1,1,1,0,0,0,0,"Red.bellied.Woodpecker","House.Sparrow",0.0776068376068376
"322",1,1,48.1,10.6,0.699999999999999,34.6,14.3,50,3.7,0.6,0.5,13.2,22,0,1,0.0669467896306132,1,3,2900,2900,43.0083333333333,1,0,0,0,0,0,1,0,0,1,0,1,0,0,0,1,"Red.bellied.Woodpecker","House.Finch",0.226666666666667
"323",0,0,56.7,28.5,0.599999999999998,40.1,16.4,57.4,7.6,1.3,2.8,13.4,21.1,0,1,0.477121254719662,2,0,400,400,51.7833333333333,0,1,0,0,0,0,0,0,0,1,0,1,0,0,0,1,"Red.bellied.Woodpecker","American.Goldfinch",0.212991452991453
"324",2,1,57.3,20.8,4,39.4,19.2,59.2,4.8,2.7,3.1,14.6,19.5,0,1,0.0791812460476248,1,1,3200,3200,51.3833333333333,1,0,1,0,0,0,0,0,0,1,0,0,0,1,1,0,"Red.bellied.Woodpecker","Chipping.Sparrow",0.217094017094017
"325",2,1,45.1,6.39999999999999,8.5,32.3,21.2,54.4,1.9,1.3,2,13.2,19,1,1,0,1,1,400,400,37.25,0,1,1,0,0,0,0,0,0,1,0,0,0,0,1,0,"Red.bellied.Woodpecker","White.throated.Sparrow",-0.0762393162393162
"326",1,1,29.5,14.9,14.6,19.6,24.4,44.9,5.9,0.6,1.6,11.8,17.2,0,2,0.221848749616356,1,1,1380,1380,23.6166666666667,1,0,0,1,1,0,0,1,1,1,0,0,0,0,1,0,"Red.bellied.Woodpecker","Eastern.Towhee",0.507008547008547
"327",0,1,44.6,5,6.9,29.9,19.2,50.7,5,1.3,2.3,11.1,16.3,1,3,0.477121254719662,1,2,1500,1500,37.2333333333333,1,0,1,0,0,1,0,0,0,1,0,0,1,0,0,1,"Red.bellied.Woodpecker","Yellow.breasted.Chat",0.498119658119658
"328",2,0,38,15,7.2,31.9,3.5,37,5.4,0,1.2,11.8,16.4,1,1,0.301029995663981,1,1,200,200,27.8333333333333,1,0,0,0,0,0,0,0,0,1,0,1,0,1,0,0,"Red.bellied.Woodpecker","Bobolink",0.116581196581197
"329",2,1,50.1,9.59999999999999,2,34.7,15.7,50.9,0.199999999999999,2.4,2.7,10,15.3,0,1,0.243038048686295,0,3,300,300,43.5333333333333,1,0,1,1,0,0,0,0,0,1,0,0,0,0,0,1,"Red.bellied.Woodpecker","Orchard.Oriole",0.142564102564103
"330",2,2,18.7,12.1,4.2,1.5,7.7,9.2,6.9,1.2,1.5,6.2,9.9,0,4,0.176091259055681,1,0,1900,1900,8.33333333333334,1,0,0,0,0,0,0,0,0,1,0,0,0,0,0,0,"Red.bellied.Woodpecker","Red.winged.Blackbird",-0.277948717948718
"331",2,1,29.2,7,4.8,21.6,1.6,22.2,3.6,1.3,1.3,10.5,15,2,3,0.176091259055681,1,0,2295,2295,21.9833333333333,1,0,0,0,0,0,0,0,0,1,0,0,0,0,0,0,"Red.bellied.Woodpecker","Brown.headed.Cowbird",0.184273504273504
"332",1,2,35.7,41.4,2.3,7.8,1.2,5.7,14.5,2.9,0.2,0.199999999999999,0.399999999999999,1,1,0.176091259055681,0,2,400,400,43.0166666666667,0,1,1,1,1,1,0,1,1,0,1,0,1,0,1,0,"Red.bellied.Woodpecker","Common.Grackle",-0.272478632478632
"333",2,0,50.7,26.4,3.3,35.3,17.2,54,1.2,3.5,3.5,12.7,17.5,1,2,0.477121254719662,1,2,1300,1300,44,1,0,0,0,0,0,0,0,0,1,0,0,0,0,0,0,"Red.bellied.Woodpecker","Ovenbird",0.446837606837607
"334",2,0,58.6,30.2,2.7,40.7,18.5,58.4,3.8,4.3,4.2,12.6,18.9,2,3,0.778151250383644,2,2,1900,1900,54.4533333333333,1,0,1,0,0,0,0,0,0,1,0,0,0,0,0,1,"Red.bellied.Woodpecker","Black.and.white.Warbler",0.145299145299145
"335",2,0,55.2,34.1,1.8,41.5,14.6,58.3,2.8,3.7,3.3,10.8,15.5,1,1,0.477121254719662,2,0,700,700,49.4833333333333,1,0,1,0,0,0,1,0,0,1,0,0,0,0,0,1,"Red.bellied.Woodpecker","Prothonotary.Warbler",0.330598290598291
"336",2,0,60,27.4,12.1,46.1,27,72.5,0.900000000000002,4.3,4.1,13.7,19.9,1,2,0.778151250383644,2,2,4000,4000,53.4583333333333,1,0,0,0,0,0,0,0,0,1,0,0,0,0,0,1,"Red.bellied.Woodpecker","Common.Yellowthroat",0.111111111111111
"337",2,1,59,21.7,6.7,40.7,21.9,62.5,1.9,4,3.3,13.7,18.9,1,3,0.602059991327962,2,1,500,500,54.2333333333333,1,0,1,0,0,0,0,0,0,1,0,0,0,0,0,1,"Red.bellied.Woodpecker","Hooded.Warbler",0.619145299145299
"338",2,0,61.3,24.2,3.6,42.4,19.9,65.2,4.1,4.6,3.1,14.8,20.3,1,3,0.301029995663981,1,1,2400,2400,56.4583333333333,1,0,1,0,0,0,0,0,0,1,0,0,0,0,0,1,"Red.bellied.Woodpecker","American.Redstart",0.16034188034188
"339",2,1,61.7,32.7,0.0999999999999979,50.5,20,69.6,4.2,4.5,4,14,21,0,1,0.380211241711606,2,3,1900,1900,56.2483333333333,1,0,0,0,0,0,0,0,0,1,0,0,0,0,0,1,"Red.bellied.Woodpecker","Northern.Parula",0.470769230769231
"340",2,0,59.4,27.9,4.1,43.4,20.6,65,2.5,4.3,3.7,14.2,19.6,0,3,0.1249387366083,1,0,1000,1000,54.4833333333333,1,0,1,0,0,0,1,0,0,1,0,0,0,0,0,1,"Red.bellied.Woodpecker","Black.throated.Blue.Warbler",-0.180854700854701
"341",2,1,57.7,22.8,0.400000000000002,39.2,14.9,55.4,2.5,3.8,4,13.6,19.2,1,4,0,0,0,2450,2450,52.4833333333333,1,0,0,0,0,0,0,0,0,1,0,0,0,0,0,1,"Red.bellied.Woodpecker","Pine.Warbler",0.246495726495726
"342",2,1,59.8,26.1,0.5,41.4,16.7,59.5,4.3,4.2,4.1,11.8,17.7,1,3,0.380211241711606,2,1,1200,1200,54.85,1,0,0,0,0,0,0,0,0,1,0,0,0,0,0,1,"Red.bellied.Woodpecker","Yellow.throated.Warbler",0.145982905982906
"343",2,1,61.9,28.4,8.2,46,24.4,71.7,3.4,4.7,4.3,14.4,20.8,0,3,0.0969100130080565,0,1,620,620,56.5833333333333,1,0,1,0,0,0,0,0,0,1,0,0,0,0,0,1,"Red.bellied.Woodpecker","Prairie.Warbler",0.347008547008547
"344",2,0,40.4,5.5,1,23,7.6,35.2,1.6,1.4,1.3,8.3,13.4,1,4,0.176091259055681,1,0,1900,1900,35.9733333333333,1,0,0,0,0,0,0,0,0,1,0,0,0,0,0,1,"Red.bellied.Woodpecker","Summer.Tanager",0.605470085470085
"345",2,0,41.3,13,2.7,24.5,6,34.6,1.7,0.6,0.100000000000001,10.1,13.8,1,3,0.301029995663981,1,1,2000,2000,34.0166666666667,1,0,0,0,0,0,0,0,0,1,0,1,0,0,0,1,"Red.bellied.Woodpecker","Scarlet.Tanager",0.411282051282051
"346",0,1,26.9,25,12.7,12.7,21.3,33.7,3.4,4.7,2.2,6.9,15,1,3,0.176091259055681,1,2,1400,1400,20.1,1,0,0,1,0,0,0,0,1,1,0,0,0,0,1,1,"Red.bellied.Woodpecker","Northern.Cardinal",0.476923076923077
"347",2,1,42.1,12.4,5.3,23.2,15.6,41.1,0.800000000000001,3.3,0.300000000000001,9.3,15.6,1,3,0,1,2,1900,1900,35.7333333333333,1,0,1,1,0,0,0,0,0,1,0,0,0,0,0,0,"Red.bellied.Woodpecker","Blue.Grosbeak",0.494017094017094
"348",2,1,54.8,27.9,5.7,40.1,20.8,62.4,3.9,1.4,2,14,20.9,1,4,0.301029995663981,1,2,1700,1700,49.0833333333333,1,0,0,1,1,1,1,0,0,1,0,0,0,0,0,0,"Red.bellied.Woodpecker","Indigo.Bunting",0.391452991452991
"355",0,0,0,0,0,0,0,0,0,0,0,0,0,0,0,0,0,0,0,0,0,0,1,1,1,1,1,1,1,1,1,1,1,1,1,1,1,"Downy.Woodpecker","Downy.Woodpecker",1
"356",2,0,5.9,11.5,6.4,0.799999999999997,6.9,7.39999999999999,1.9,0.7,0.6,2.5,0,1,1,0.778151250383644,2,2,250,250,6.9,1,0,0,1,0,0,1,0,1,1,1,0,1,1,1,1,"Downy.Woodpecker","Eastern.Phoebe",-0.211623931623932
"357",2,0,13,0.199999999999996,0.5,13.8,4.4,20.3,1.3,0.8,1.2,3.1,4.1,2,3,0.301029995663981,1,1,1250,1250,13.4,1,0,1,1,0,1,1,0,1,1,1,0,1,1,1,1,"Downy.Woodpecker","Acadian.Flycatcher",0.235555555555556
"358",2,0,14.3,29,6.3,11.3,14.3,25.4,2.7,1.7,3.3,2.6,4.1,1,2,0.0791812460476248,1,1,900,900,16.1666666666667,1,0,0,1,0,0,1,0,0,1,1,0,1,1,1,1,"Downy.Woodpecker","Eastern.Kingbird",0.0324786324786325
"359",2,1,6.5,29.5,5.6,13.5,2.7,7.5,6,2.1,3.6,3.3,5.3,1,1,0,1,2,1350,1350,7.36666666666666,2,0,0,1,1,0,1,0,1,1,1,0,1,0,1,1,"Downy.Woodpecker","Great.Crested.Flycatcher",0.0823931623931624
"360",2,1,9.5,5.9,2.8,10.3,0.699999999999999,13.8,3.7,0.399999999999999,0.6,2.6,1,2,2,0.176091259055681,1,0,250,250,6.83666666666667,1,0,1,1,0,0,0,0,1,1,1,1,1,0,1,1,"Downy.Woodpecker","Red.eyed.Vireo",0.422222222222222
"361",2,0,14.2,9.7,9.1,15.3,13.2,29.7,3.7,0.7,1,4.8,3.7,0,2,0.477121254719662,1,2,1750,1750,14.86,1,0,0,1,0,1,1,0,0,1,1,0,1,1,1,1,"Downy.Woodpecker","White.eyed.Vireo",0.323076923076923
"362",0,0,62.4,62.8,9.6,42.4,1.4,38.7,18.9,4.1,5.2,6.4,12.5,1,0,0.1249387366083,0,1,1750,1750,49.6733333333333,0,1,0,0,0,0,1,0,0,1,0,0,1,0,0,0,"Downy.Woodpecker","Blue.Jay",0.407863247863248
"363",1,0,423.2,108.5,9.5,120.3,82.6,202.2,39.2,11.8,9,21,32.5,0,0,0.522878745280338,2,4,950,950,429.9,0,1,0,0,0,0,1,0,0,0,0,0,0,0,0,0,"Downy.Woodpecker","American.Crow",0.0844444444444444
"364",0,1,259,98.5,9.3,110.3,76.3,185.4,31.3,10,8.9,15,25.9,1,1,0.397940008672038,2,2,1750,1750,246.791666666667,0,1,0,0,0,0,1,1,0,0,0,0,0,0,0,0,"Downy.Woodpecker","Fish.Crow",0.28
"365",2,0,6,1.2,8.1,3.90000000000001,9.2,4.10000000000001,0.899999999999999,0.100000000000001,0.4,5.6,2.3,1,1,0.176091259055681,0,2,250,250,6.99166666666666,2,0,0,0,0,0,0,0,1,1,1,1,0,0,0,1,"Downy.Woodpecker","Cedar.Waxwing",-0.0447863247863248
"366",0,1,4,9.99999999999999,10.9,0.700000000000003,11.8,13.4,4.7,0.7,0,3.4,4.1,2,0,0.176091259055681,0,2,2140,2140,4.23333333333333,0,1,1,1,0,0,1,0,1,1,1,0,1,1,1,1,"Downy.Woodpecker","Tufted.Titmouse",0.229401709401709
"367",0,0,15.6,9,7.5,18.9,12.9,32.5,1,1.1,1.4,5.6,8.5,2,1,0.176091259055681,0,2,900,900,15.6166666666667,0,1,1,1,0,1,1,0,1,1,1,0,1,0,1,1,"Downy.Woodpecker","Carolina.Chickadee",0.242393162393162
"368",0,0,28.2,13.8,25,4.8,52.3,55.9,0.800000000000001,0,1,2.8,0.599999999999998,1,1,0.301029995663981,2,2,450,450,24.2,1,0,0,1,0,0,1,0,1,1,1,0,1,1,1,0,"Downy.Woodpecker","Purple.Martin",0.355213675213675
"369",2,1,7.7,11.8,25.6,9.90000000000001,38,24.5,4.1,2.1,0.4,6.2,5,1,0,0.301029995663981,2,2,250,250,6.68333333333333,2,0,0,1,0,0,1,0,1,1,1,0,0,1,1,0,"Downy.Woodpecker","Barn.Swallow",-0.254017094017094
"370",2,1,4,9.4,22,9.50000000000001,29.9,18,3.2,1.8,0.4,6.3,6.1,2,1,0.602059991327962,2,1,20,20,3.64666666666667,1,0,0,1,0,0,1,0,1,1,1,0,1,1,1,0,"Downy.Woodpecker","Cliff.Swallow",-0.120683760683761
"371",0,0,6.6,7.9,15.6,13.3,17.5,31.9,5.6,0.9,1.7,1.1,0.5,0,1,0.602059991327962,2,1,750,750,6.23333333333333,0,1,1,1,0,0,1,0,0,1,1,0,1,1,1,1,"Downy.Woodpecker","Carolina.Wren",0.390769230769231
"372",0,1,4.6,9.8,4.2,5.00000000000001,3.3,2.7,2.7,0.6,0.9,0,1.7,0,3,0.477121254719662,1,2,750,750,4.31333333333334,1,0,1,1,0,0,1,0,1,1,1,1,0,0,0,1,"Downy.Woodpecker","White.breasted.Nuthatch",0.455726495726496
"373",0,1,15.4,23.2,3.7,16,9.2,26.3,1,0.9,1.6,1.8,2.1,0,2,0.176091259055681,1,0,2150,2150,15.9573333333333,0,1,0,1,0,0,1,0,1,1,1,0,1,0,1,1,"Downy.Woodpecker","Brown.headed.Nuthatch",-0.0372649572649573
"374",2,0,22.9,59,6.4,24.6,1.2,21,16.4,0.5,0.300000000000001,0,4.7,1,1,0.176091259055681,1,0,250,250,22.1166666666667,1,0,0,0,0,0,1,0,0,1,1,1,1,0,0,0,"Downy.Woodpecker","Northern.Mockingbird",0.0523076923076923
"375",1,1,43.2,63.2,13.1,20.8,10.3,11.2,18.4,1.5,0.5,7.1,12.7,1,1,0.301029995663981,0,2,2230,2230,44.1333333333333,0,1,0,1,0,0,1,0,0,1,1,0,1,0,0,0,"Downy.Woodpecker","Brown.Thrasher",0.225982905982906
"376",1,0,1.9,3.9,5.8,1.5,7.1,4.5,3.9,0.3,0.7,3.1,2,1,2,0.301029995663981,1,1,310,310,3.85,1,0,0,1,1,0,1,0,0,1,1,0,1,1,1,1,"Downy.Woodpecker","Eastern.Bluebird",0.135042735042735
"377",2,1,24.5,12.7,0.100000000000001,13,4.7,15.2,16.3,0.6,0.199999999999999,0.299999999999999,1.6,0,3,0,1,1,1425,1475,27.8416666666667,1,0,1,1,0,0,1,1,0,1,1,0,1,0,1,0,"Downy.Woodpecker","Wood.Thrush",0.29982905982906
"378",2,1,52.9,37.1,2,24.4,12.6,35.7,16.9,2,0.699999999999999,0.300000000000001,6,1,3,0.0669467896306132,1,3,750,750,53.6,1,0,1,0,0,0,1,0,1,1,1,0,1,0,1,0,"Downy.Woodpecker","American.Robin",0.126837606837607
"379",0,1,0.899999999999999,1.4,0.300000000000001,11.5,3.9,16.4,2.1,2.6,1.4,3.1,3.9,2,1,0.602059991327962,2,1,1850,1850,1.40666666666667,1,0,0,0,0,0,0,0,0,1,0,1,1,0,0,0,"Downy.Woodpecker","House.Sparrow",0.0776068376068376
"380",1,0,4.2,7.6,0.5,10.1,3.1,14.1,1.6,3.4,1.7,3.8,6.8,1,0,0.0669467896306132,1,3,750,750,4.30833333333333,1,0,0,0,0,0,0,0,1,1,1,1,1,0,0,1,"Downy.Woodpecker","House.Finch",-0.00376068376068376
"381",0,1,12.8,10.3,0.600000000000001,15.6,5.2,21.5,2.3,1.5,0.6,4,5.9,1,0,0.477121254719662,2,0,1750,1750,13.0833333333333,0,1,0,0,0,0,1,0,1,1,1,1,1,0,0,1,"Downy.Woodpecker","American.Goldfinch",-0.0864957264957265
"382",2,0,13.4,2.6,2.8,14.9,8,23.3,0.5,0.100000000000001,0.9,5.2,4.3,1,0,0.0791812460476248,1,1,1050,1050,12.6833333333333,1,0,0,0,0,0,1,0,1,1,1,0,1,0,0,0,"Downy.Woodpecker","Chipping.Sparrow",0.259487179487179
"383",2,0,1.2,11.8,7.3,7.8,10,18.5,7.2,1.5,0.199999999999999,3.8,3.8,2,0,0,1,1,1750,1750,1.45,0,1,0,0,0,0,1,0,1,1,1,0,1,0,0,0,"Downy.Woodpecker","White.throated.Sparrow",-0.0741880341880342
"384",1,0,14.4,33.1,13.4,4.89999999999999,13.2,9,11.2,3.4,0.6,2.4,2,1,1,0.221848749616356,1,1,770,770,15.0833333333333,1,0,1,0,0,0,1,0,0,1,1,0,1,0,0,0,"Downy.Woodpecker","Eastern.Towhee",0.0878632478632479
"385",0,0,0.700000000000003,13.2,5.7,5.40000000000001,8,14.8,10.3,1.5,0.100000000000001,1.7,1.1,0,2,0.477121254719662,1,2,650,650,1.46666666666667,1,0,0,1,0,0,1,0,1,1,1,0,0,1,1,1,"Downy.Woodpecker","Yellow.breasted.Chat",0.149401709401709
"386",2,1,5.9,3.2,8.4,7.40000000000001,7.7,1.09999999999999,10.7,2.8,1,2.4,1.2,2,0,0.301029995663981,1,1,1950,1950,10.8666666666667,1,0,0,0,0,0,1,0,1,1,1,1,1,0,0,0,"Downy.Woodpecker","Bobolink",0.423589743589744
"387",2,0,6.2,8.6,0.800000000000001,10.2,4.5,15,5.5,0.4,0.5,0.6,0.0999999999999979,1,0,0.243038048686295,0,3,1850,1850,4.83333333333334,1,0,0,0,0,0,0,0,1,1,1,0,1,1,1,1,"Downy.Woodpecker","Orchard.Oriole",0.0844444444444444
"388",2,1,25.2,30.3,3,23,3.5,26.7,12.2,4,0.699999999999999,3.2,5.3,1,3,0.176091259055681,1,0,250,250,30.3666666666667,1,0,0,0,0,0,1,0,1,1,1,0,1,0,0,0,"Downy.Woodpecker","Red.winged.Blackbird",-0.418119658119658
"389",2,0,14.7,11.2,6,2.89999999999999,9.6,13.7,8.9,4.1,0.9,1.1,0.200000000000003,1,2,0.176091259055681,1,0,145,145,16.7166666666667,1,0,0,0,0,0,1,0,1,1,1,0,1,1,1,0,"Downy.Woodpecker","Brown.headed.Cowbird",0.251282051282051
"390",1,1,79.6,59.6,1.1,32.3,10,41.6,19.8,5.7,2.4,9.6,15.6,2,0,0.176091259055681,0,2,1750,1750,81.7166666666667,0,1,0,0,0,0,1,0,0,0,0,0,0,1,0,0,"Downy.Woodpecker","Common.Grackle",-0.215042735042735
"391",2,1,6.8,8.2,2.1,10.8,6,18.1,6.5,0.7,1.3,3.3,2.3,0,1,0.477121254719662,1,2,850,850,5.3,1,0,1,1,1,0,1,0,1,1,1,0,1,1,1,0,"Downy.Woodpecker","Ovenbird",0.197948717948718
"392",2,1,14.7,12,1.5,16.2,7.3,22.5,1.5,1.5,2,3.2,3.7,1,2,0.778151250383644,2,2,250,250,15.7533333333333,1,0,0,1,0,0,1,0,1,1,1,0,1,1,1,1,"Downy.Woodpecker","Black.and.white.Warbler",0.191111111111111
"393",2,1,11.3,15.9,3,17,3.4,22.4,2.5,0.9,1.1,1.4,0.299999999999997,0,0,0.477121254719662,2,0,1450,1450,10.7833333333333,1,0,0,1,0,0,0,0,1,1,1,0,1,1,1,1,"Downy.Woodpecker","Prothonotary.Warbler",0.368888888888889
"394",2,1,16.1,9.2,10.9,21.6,15.8,36.6,4.4,1.5,1.9,4.3,4.7,2,1,0.778151250383644,2,2,1850,1850,14.7583333333333,1,0,0,1,0,0,1,0,1,1,1,0,1,1,1,1,"Downy.Woodpecker","Common.Yellowthroat",-0.254017094017094
"395",2,0,15.1,3.5,5.5,16.2,10.7,26.6,3.4,1.2,1.1,4.3,3.7,2,2,0.602059991327962,2,1,1650,1650,15.5333333333333,1,0,0,1,0,0,1,0,1,1,1,0,1,1,1,1,"Downy.Woodpecker","Hooded.Warbler",0.224615384615385
"396",2,1,17.4,6,2.4,17.9,8.7,29.3,1.2,1.8,0.9,5.4,5.1,2,2,0.301029995663981,1,1,250,250,17.7583333333333,1,0,0,1,1,0,1,0,1,1,1,0,1,1,1,1,"Downy.Woodpecker","American.Redstart",0.0153846153846154
"397",2,0,17.8,14.5,1.1,26,8.8,33.7,1.1,1.7,1.8,4.6,5.8,1,0,0.380211241711606,2,3,250,250,17.5483333333333,1,0,1,1,0,1,0,1,1,1,1,0,1,1,1,1,"Downy.Woodpecker","Northern.Parula",0.271111111111111
"398",2,1,15.5,9.7,2.9,18.9,9.4,29.1,2.8,1.5,1.5,4.8,4.4,1,2,0.1249387366083,1,0,1150,1150,15.7833333333333,1,0,0,1,0,1,0,1,1,1,0,0,1,1,1,1,"Downy.Woodpecker","Black.throated.Blue.Warbler",0.0174358974358974
"399",2,0,13.8,4.6,1.6,14.7,3.7,19.5,2.8,1,1.8,4.2,4,0,3,0,0,0,300,300,13.7833333333333,1,0,1,1,1,1,1,1,1,1,1,0,1,1,1,1,"Downy.Woodpecker","Pine.Warbler",0.094017094017094
"400",2,0,15.9,7.9,0.699999999999999,16.9,5.5,23.6,1,1.4,1.9,2.4,2.5,0,2,0.380211241711606,2,1,950,950,16.15,1,0,1,1,0,0,1,0,1,1,1,0,1,1,1,1,"Downy.Woodpecker","Yellow.throated.Warbler",-0.0769230769230769
"401",2,0,18,10.2,7,21.5,13.2,35.8,1.9,1.9,2.1,5,5.6,1,2,0.0969100130080565,0,1,1530,1530,17.8833333333333,1,0,0,1,1,1,1,0,1,1,1,0,1,1,1,1,"Downy.Woodpecker","Prairie.Warbler",-0.0557264957264957
"402",2,1,3.5,12.7,2.2,1.5,3.6,0.700000000000003,3.7,4.2,3.5,1.1,1.8,0,3,0.176091259055681,1,0,250,250,2.72666666666667,1,0,1,1,1,0,1,0,1,1,1,0,1,1,1,1,"Downy.Woodpecker","Summer.Tanager",0.26017094017094
"403",2,1,2.6,5.2,3.9,0,5.2,1.3,3.6,3.4,2.3,0.699999999999999,1.4,0,2,0.301029995663981,1,1,150,150,4.68333333333333,1,0,1,1,1,0,1,0,1,1,1,1,1,1,1,1,"Downy.Woodpecker","Scarlet.Tanager",0.496068376068376
"404",0,0,17,43.2,11.5,11.8,10.1,2.2,8.7,7.5,4.4,2.5,0.200000000000003,2,2,0.176091259055681,1,2,750,750,18.6,1,0,0,0,0,0,1,0,0,1,1,0,1,0,0,1,"Downy.Woodpecker","Northern.Cardinal",0.528888888888889
"405",2,0,1.8,5.8,4.1,1.3,4.4,5.2,4.5,6.1,2.5,0.100000000000001,0.399999999999999,0,2,0,1,2,250,250,2.96666666666667,1,0,0,0,0,0,1,0,1,1,1,0,1,1,1,0,"Downy.Woodpecker","Blue.Grosbeak",0.106324786324786
"406",2,0,10.9,9.7,4.5,15.6,9.6,26.5,1.4,1.4,0.199999999999999,4.6,5.7,0,3,0.301029995663981,1,2,450,450,10.3833333333333,1,0,0,0,0,0,0,0,1,1,1,0,1,0,0,0,"Downy.Woodpecker","Indigo.Bunting",-0.0994871794871795
"414",0,0,0,0,0,0,0,0,0,0,0,0,0,0,0,0,0,0,0,0,0,0,1,1,1,1,1,1,1,1,1,1,1,1,1,1,1,"Eastern.Phoebe","Eastern.Phoebe",1
"415",0,0,7.1,11.3,6.9,14.6,2.5,12.9,0.599999999999998,0.0999999999999996,0.6,0.6,4.1,1,2,0.477121254719662,1,1,1000,1000,6.5,0,1,0,1,0,0,1,1,1,1,1,1,1,1,1,1,"Eastern.Phoebe","Acadian.Flycatcher",0.318974358974359
"416",0,0,20.2,17.5,12.7,10.5,21.2,32.8,0.800000000000001,2.4,2.7,5.1,4.1,0,1,0.698970004336019,1,3,650,650,23.0666666666667,0,1,0,1,0,0,1,0,0,1,1,1,1,1,1,1,"Eastern.Phoebe","Eastern.Kingbird",0.384615384615385
"417",0,1,12.4,18,0.799999999999997,12.7,4.2,14.9,4.1,2.8,3,5.8,5.3,2,2,0.778151250383644,1,4,1100,1100,14.2666666666667,1,0,1,1,0,0,1,1,1,1,1,1,1,0,1,1,"Eastern.Phoebe","Great.Crested.Flycatcher",0.576752136752137
"418",0,1,3.6,17.4,9.2,11.1,6.2,6.40000000000001,1.8,0.300000000000001,1.2,0.0999999999999996,1,1,1,0.602059991327962,1,2,500,500,0.0633333333333361,0,1,0,1,0,0,0,0,1,1,1,0,1,0,1,1,"Eastern.Phoebe","Red.eyed.Vireo",0.143931623931624
"419",0,0,8.3,21.2,2.7,16.1,6.3,22.3,1.8,0,1.6,2.3,3.7,1,1,0.301029995663981,1,0,1500,1500,7.96,0,1,0,1,0,0,1,1,0,1,1,1,1,1,1,1,"Eastern.Phoebe","White.eyed.Vireo",0.226666666666667
"420",2,0,68.3,51.3,3.2,41.6,5.5,46.1,17,4.8,4.6,8.9,12.5,0,1,0.653212513775344,2,1,1500,1500,56.5733333333333,1,0,1,0,0,0,1,0,0,1,0,1,1,0,0,0,"Eastern.Phoebe","Blue.Jay",0.137777777777778
"421",1,0,429.1,97,15.9,119.5,89.5,209.6,37.3,12.5,8.4,23.5,32.5,1,1,1.30102999566398,4,6,700,700,436.8,1,0,0,0,0,0,1,0,0,0,0,1,0,0,0,0,"Eastern.Phoebe","American.Crow",0.0892307692307692
"422",2,1,264.9,87,15.7,109.5,83.2,192.8,29.4,10.7,8.3,17.5,25.9,0,0,1.17609125905568,4,4,1500,1500,253.691666666667,1,0,0,0,0,0,1,0,0,0,0,1,0,0,0,0,"Eastern.Phoebe","Fish.Crow",0.0912820512820513
"423",0,0,11.9,10.3,14.5,4.7,16.1,11.5,1,0.800000000000001,1,3.1,2.3,0,0,0.954242509439325,2,4,500,500,13.8916666666667,1,0,1,0,0,0,0,1,1,1,1,0,0,0,0,1,"Eastern.Phoebe","Cedar.Waxwing",0.0188034188034188
"424",2,1,1.9,1.5,4.5,1.5,4.9,6,2.8,1.4,0.6,0.899999999999999,4.1,3,1,0.954242509439325,2,4,1890,1890,2.66666666666667,1,0,0,1,0,0,1,0,1,1,1,1,1,1,1,1,"Eastern.Phoebe","Tufted.Titmouse",0.11042735042735
"425",2,0,9.7,20.5,1.1,19.7,6,25.1,2.9,0.399999999999999,2,3.1,8.5,3,0,0.954242509439325,2,4,650,650,8.71666666666667,1,0,0,1,0,0,1,0,1,1,1,1,1,0,1,1,"Eastern.Phoebe","Carolina.Chickadee",0.185641025641026
"426",2,0,34.1,2.30000000000001,31.4,4,59.2,63.3,2.7,0.7,0.4,0.299999999999999,0.599999999999998,0,2,0.477121254719662,0,4,700,700,31.1,0,1,0,1,1,0,1,1,1,1,1,1,1,1,1,0,"Eastern.Phoebe","Purple.Martin",-0.393504273504273
"427",0,1,1.8,0.300000000000011,32,10.7,44.9,31.9,6,1.4,1,3.7,5,0,1,0.477121254719662,0,4,500,500,0.216666666666669,3,0,0,1,1,1,1,0,1,1,1,1,0,1,1,0,"Eastern.Phoebe","Barn.Swallow",0.35042735042735
"428",0,1,1.9,20.9,28.4,10.3,36.8,25.4,5.1,1.1,1,3.8,6.1,1,0,0.176091259055681,0,1,270,270,3.25333333333333,0,0,0,1,1,0,1,1,1,1,1,1,1,1,1,0,"Eastern.Phoebe","Cliff.Swallow",-0.052991452991453
"429",2,0,0.699999999999999,19.4,9.2,14.1,10.6,24.5,3.7,0.2,2.3,1.4,0.5,1,0,0.176091259055681,0,1,500,500,0.666666666666668,1,0,0,1,1,1,1,0,0,1,1,1,1,1,1,1,"Eastern.Phoebe","Carolina.Wren",0.427692307692308
"430",2,1,1.3,21.3,10.6,5.8,10.2,4.69999999999999,0.800000000000001,0.100000000000001,1.5,2.5,1.7,1,4,0.301029995663981,1,0,1000,1000,2.58666666666667,0,1,0,1,0,1,1,0,1,1,1,0,0,0,0,1,"Eastern.Phoebe","White.breasted.Nuthatch",0.241709401709402
"431",2,1,9.5,34.7,2.7,16.8,2.3,18.9,2.9,0.2,2.2,0.700000000000001,2.1,1,3,0.602059991327962,1,2,1900,1900,9.05733333333333,1,0,1,1,0,0,1,0,1,1,1,1,1,0,1,1,"Eastern.Phoebe","Brown.headed.Nuthatch",0.721025641025641
"432",0,0,28.8,47.5,0,23.8,5.7,28.4,14.5,1.2,0.9,2.5,4.7,0,0,0.602059991327962,1,2,500,500,29.0166666666667,0,1,0,0,0,0,1,1,0,1,1,0,1,0,0,0,"Eastern.Phoebe","Northern.Mockingbird",0.372307692307692
"433",1,1,49.1,51.7,6.7,20,3.4,18.6,16.5,2.2,0.0999999999999996,9.6,12.7,0,0,0.477121254719662,2,0,1980,1980,51.0333333333333,1,0,0,1,0,0,1,0,0,1,1,1,1,0,0,0,"Eastern.Phoebe","Brown.Thrasher",0.143247863247863
"434",1,0,7.8,7.59999999999999,12.2,2.3,14,11.9,2,0.4,1.3,0.6,2,2,1,0.477121254719662,1,1,60,60,10.75,0,1,1,1,0,0,1,1,0,1,1,1,1,1,1,1,"Eastern.Phoebe","Eastern.Bluebird",0.309401709401709
"435",0,1,30.4,1.2,6.3,12.2,11.6,22.6,14.4,1.3,0.4,2.2,1.6,1,2,0.778151250383644,3,1,1175,1225,34.7416666666667,0,1,0,1,0,0,1,0,0,1,1,1,1,0,1,0,"Eastern.Phoebe","Wood.Thrush",-0.137777777777778
"436",0,1,58.8,25.6,8.4,23.6,19.5,43.1,15,2.7,0.0999999999999996,2.8,6,0,2,0.845098040014257,1,5,1000,1000,60.5,0,1,0,0,0,0,1,1,1,1,1,1,1,0,1,0,"Eastern.Phoebe","American.Robin",0.322393162393162
"437",2,1,6.8,12.9,6.7,12.3,3,9,0.199999999999999,3.3,0.8,0.6,3.9,1,2,0.176091259055681,0,1,2100,2100,8.30666666666667,0,0,0,0,0,1,0,0,0,1,0,0,1,0,0,0,"Eastern.Phoebe","House.Sparrow",0.171965811965812
"438",1,0,1.7,3.89999999999999,6.9,10.9,3.8,6.7,0.300000000000001,4.1,1.1,1.3,6.8,0,1,0.845098040014257,1,5,1000,1000,2.59166666666667,0,1,0,0,0,0,0,0,1,1,1,0,1,0,0,1,"Eastern.Phoebe","House.Finch",0.55965811965812
"439",2,1,6.9,21.8,7,16.4,1.7,14.1,4.2,2.2,1.2,1.5,5.9,0,1,0.301029995663981,0,2,1500,1500,6.18333333333333,1,0,0,0,0,1,1,0,1,1,1,0,1,0,0,1,"Eastern.Phoebe","American.Goldfinch",0.731282051282051
"440",0,0,7.5,14.1,3.6,15.7,1.1,15.9,1.4,0.800000000000001,1.5,2.7,4.3,0,1,0.698970004336019,1,3,1300,1300,5.78333333333333,0,1,1,0,0,0,1,0,1,1,1,1,1,0,0,0,"Eastern.Phoebe","Chipping.Sparrow",0.501538461538461
"441",0,0,4.7,0.300000000000011,0.900000000000002,8.6,3.1,11.1,5.3,2.2,0.4,1.3,3.8,1,1,0.778151250383644,3,1,1500,1500,8.35,1,0,1,0,0,0,1,0,1,1,1,0,1,0,0,0,"Eastern.Phoebe","White.throated.Sparrow",0.0126495726495726
"442",1,0,20.3,21.6,7,4.09999999999999,6.3,1.60000000000001,9.3,4.1,0,0.100000000000001,2,0,0,1,3,3,520,520,21.9833333333333,0,1,0,0,0,0,1,0,0,1,1,0,1,0,0,0,"Eastern.Phoebe","Eastern.Towhee",0.10017094017094
"443",2,0,5.2,1.7,0.699999999999999,6.2,1.1,7.40000000000001,8.4,2.2,0.7,0.800000000000001,1.1,1,1,0.301029995663981,1,0,400,400,8.36666666666667,0,1,1,1,0,0,1,1,1,1,1,1,0,1,1,1,"Eastern.Phoebe","Yellow.breasted.Chat",-0.107008547008547
"444",0,1,11.8,8.3,14.8,8.2,14.6,6.3,8.8,3.5,0.4,0.100000000000001,1.2,1,1,0.477121254719662,1,1,1700,1700,17.7666666666667,0,1,0,0,0,0,1,0,1,1,1,0,1,0,0,0,"Eastern.Phoebe","Bobolink",-0.254017094017094
"445",0,0,0.300000000000001,2.89999999999999,5.6,11,2.4,7.60000000000001,3.6,1.1,1.1,1.9,0.0999999999999979,0,1,1.02118929906994,2,5,1600,1600,2.06666666666667,0,1,1,0,0,0,0,0,1,1,1,1,1,1,1,1,"Eastern.Phoebe","Orchard.Oriole",0.407863247863248
"446",0,1,31.1,18.8,3.4,22.2,10.4,34.1,10.3,4.7,0.0999999999999996,5.7,5.3,0,2,0.602059991327962,1,2,0,0,37.2666666666667,0,1,0,0,0,0,1,0,1,1,1,1,1,0,0,0,"Eastern.Phoebe","Red.winged.Blackbird",0.339487179487179
"447",0,0,20.6,0.299999999999997,12.4,2.09999999999999,16.5,21.1,7,4.8,0.3,1.4,0.200000000000003,2,1,0.602059991327962,1,2,395,395,23.6166666666667,0,1,0,0,0,0,1,0,1,1,1,1,1,1,1,0,"Eastern.Phoebe","Brown.headed.Cowbird",0.435213675213675
"448",1,1,85.5,48.1,5.3,31.5,16.9,49,17.9,6.4,1.8,12.1,15.6,1,1,0.954242509439325,2,4,1500,1500,88.6166666666667,1,0,1,0,0,0,1,0,0,0,0,1,0,1,0,0,"Eastern.Phoebe","Common.Grackle",0.453675213675214
"449",0,1,0.899999999999999,19.7,4.3,11.6,0.900000000000002,10.7,4.6,0,1.9,0.799999999999999,2.3,1,0,0.301029995663981,1,0,600,600,1.6,0,1,0,1,0,0,1,0,1,1,1,1,1,1,1,0,"Eastern.Phoebe","Ovenbird",0.473504273504273
"450",0,1,8.8,23.5,4.9,17,0.399999999999999,15.1,0.399999999999999,0.8,2.6,0.699999999999999,3.7,2,1,0,0,0,0,0,8.85333333333333,0,1,1,1,1,1,1,1,1,1,1,1,1,1,1,1,"Eastern.Phoebe","Black.and.white.Warbler",0.0714529914529914
"451",0,1,5.4,27.4,9.4,17.8,3.5,15,0.600000000000001,0.2,1.7,1.1,0.299999999999997,1,1,0.301029995663981,0,2,1200,1200,3.88333333333333,0,1,1,1,1,1,0,0,1,1,1,1,1,1,1,1,"Eastern.Phoebe","Prothonotary.Warbler",0.246495726495726
"452",0,1,10.2,20.7,4.5,22.4,8.9,29.2,2.5,0.8,2.5,1.8,4.7,1,0,0,0,0,2100,2100,7.85833333333333,0,1,0,1,1,0,1,0,1,1,1,1,1,1,1,1,"Eastern.Phoebe","Common.Yellowthroat",0.48034188034188
"453",0,0,9.2,15,0.899999999999999,17,3.8,19.2,1.5,0.5,1.7,1.8,3.7,1,1,0.176091259055681,0,1,1400,1400,8.63333333333333,0,1,1,1,1,0,1,1,1,1,1,1,1,1,1,1,"Eastern.Phoebe","Hooded.Warbler",0.0605128205128205
"454",0,1,11.5,17.5,4,18.7,1.8,21.9,0.699999999999999,1.1,1.5,2.9,5.1,1,1,0.477121254719662,1,1,500,500,10.8583333333333,0,1,1,1,0,0,1,1,1,1,1,1,1,1,1,1,"Eastern.Phoebe","American.Redstart",0.496068376068376
"455",0,0,11.9,26,7.5,26.8,1.9,26.3,0.800000000000001,1,2.4,2.1,5.8,0,1,0.397940008672037,4,1,0,0,10.6483333333333,0,1,0,1,0,0,0,0,1,1,1,0,1,1,1,1,"Eastern.Phoebe","Northern.Parula",-0.102905982905983
"456",0,1,9.6,21.2,3.5,19.7,2.5,21.7,0.900000000000002,0.8,2.1,2.3,4.4,0,1,0.903089986991944,3,2,900,900,8.88333333333333,0,1,1,1,0,0,0,0,1,1,0,1,1,1,1,1,"Eastern.Phoebe","Black.throated.Blue.Warbler",0.0564102564102564
"457",0,0,7.9,16.1,8,15.5,3.2,12.1,0.900000000000002,0.3,2.4,1.7,4,1,2,0.778151250383644,2,2,550,550,6.88333333333333,0,1,0,1,0,0,1,0,1,1,1,1,1,1,1,1,"Eastern.Phoebe","Pine.Warbler",0.424957264957265
"458",0,0,10,19.4,7.1,17.7,1.4,16.2,0.899999999999999,0.7,2.5,0.100000000000001,2.5,1,1,0.397940008672037,0,3,700,700,9.25,0,1,0,1,1,0,1,1,1,1,1,1,1,1,1,1,"Eastern.Phoebe","Yellow.throated.Warbler",0.632136752136752
"459",0,0,12.1,21.7,0.600000000000001,22.3,6.3,28.4,0,1.2,2.7,2.5,5.6,0,1,0.8750612633917,2,3,1280,1280,10.9833333333333,0,1,1,1,0,0,1,1,1,1,1,0,1,1,1,1,"Eastern.Phoebe","Prairie.Warbler",0.347692307692308
"460",0,1,9.4,1.2,8.6,0.700000000000003,10.5,8.09999999999999,1.8,4.9,2.9,3.6,1.8,1,2,0.602059991327962,1,2,0,0,9.62666666666667,0,1,0,1,0,0,1,1,1,1,1,1,1,1,1,1,"Eastern.Phoebe","Summer.Tanager",0.233504273504273
"461",0,1,8.5,6.3,10.3,0.799999999999997,12.1,8.69999999999999,1.7,4.1,1.7,1.8,1.4,1,1,0.477121254719662,1,1,100,100,11.5833333333333,0,1,0,1,0,0,1,1,1,1,1,0,1,1,1,1,"Eastern.Phoebe","Scarlet.Tanager",-0.121367521367521
"462",2,0,22.9,31.7,5.1,11,3.2,9.59999999999999,6.8,8.2,3.8,5,0.200000000000003,1,1,0.602059991327962,3,0,500,500,25.5,0,1,0,0,0,0,1,0,0,1,1,0,1,0,0,1,"Eastern.Phoebe","Northern.Cardinal",-0.0153846153846154
"463",0,0,7.7,5.69999999999999,2.3,0.5,2.5,2.19999999999999,2.6,6.8,1.9,2.6,0.399999999999999,1,1,0.778151250383644,1,4,0,0,9.86666666666667,0,1,1,0,0,0,1,0,1,1,1,1,1,1,1,0,"Eastern.Phoebe","Blue.Grosbeak",0.143247863247863
"464",0,0,5,21.2,1.9,16.4,2.7,19.1,0.5,2.1,0.4,2.1,5.7,1,2,1.07918124604762,3,4,200,200,3.48333333333333,0,1,0,0,0,0,0,0,1,1,1,0,1,0,0,0,"Eastern.Phoebe","Indigo.Bunting",0.0618803418803419
"473",0,0,0,0,0,0,0,0,0,0,0,0,0,0,0,0,0,0,0,0,0,0,1,1,1,1,1,1,1,1,1,1,1,1,1,1,1,"Acadian.Flycatcher","Acadian.Flycatcher",1
"474",0,0,27.3,28.8,5.8,25.1,18.7,45.7,1.4,2.5,2.1,5.7,8.2,1,1,0.221848749616356,0,2,350,350,29.5666666666667,0,1,0,1,0,0,1,0,0,1,1,1,1,1,1,1,"Acadian.Flycatcher","Eastern.Kingbird",-0.00376068376068376
"475",0,1,19.5,29.3,6.1,27.3,1.7,27.8,4.7,2.9,2.4,6.4,9.4,3,4,0.301029995663981,0,3,100,100,20.7666666666667,1,0,0,1,0,0,1,1,1,1,1,1,1,0,1,1,"Acadian.Flycatcher","Great.Crested.Flycatcher",0.535042735042735
"476",0,1,3.5,6.09999999999999,2.3,3.5,3.7,6.5,2.4,0.4,1.8,0.5,3.1,0,1,0.1249387366083,0,1,1500,1500,6.56333333333334,0,1,1,1,0,0,0,0,1,1,1,0,1,0,1,1,"Acadian.Flycatcher","Red.eyed.Vireo",-0.00102564102564103
"477",0,0,1.2,9.9,9.6,1.5,8.8,9.4,2.4,0.0999999999999996,2.2,1.7,0.399999999999999,2,1,0.176091259055681,0,1,500,500,1.46,0,1,0,1,1,1,1,1,0,1,1,1,1,1,1,1,"Acadian.Flycatcher","White.eyed.Vireo",0.324444444444444
"478",2,0,75.4,62.6,10.1,56.2,3,59,17.6,4.9,4,9.5,16.6,1,3,0.176091259055681,1,0,500,500,63.0733333333333,1,0,0,0,0,0,1,0,0,1,0,1,1,0,0,0,"Acadian.Flycatcher","Blue.Jay",0.0694017094017094
"479",1,0,436.2,108.3,9,134.1,87,222.5,37.9,12.6,7.8,24.1,36.6,2,3,0.823908740944319,3,5,300,300,443.3,1,0,0,0,0,0,1,0,0,0,0,1,0,0,0,0,"Acadian.Flycatcher","American.Crow",-0.140512820512821
"480",2,1,272,98.3,8.8,124.1,80.7,205.7,30,10.8,7.7,18.1,30,1,2,0.698970004336019,3,3,500,500,260.191666666667,1,0,0,0,0,0,1,0,0,0,0,1,0,0,0,0,"Acadian.Flycatcher","Fish.Crow",0.0632478632478632
"481",0,0,19,1,7.6,9.9,13.6,24.4,0.400000000000002,0.9,1.6,2.5,1.8,1,2,0.477121254719662,1,3,1500,1500,20.3916666666667,1,0,0,0,0,0,0,1,1,1,1,0,0,0,0,1,"Acadian.Flycatcher","Cedar.Waxwing",0.277948717948718
"482",2,1,9,9.8,11.4,13.1,7.4,6.90000000000001,3.4,1.5,1.2,0.299999999999999,0,4,3,0.477121254719662,1,3,890,890,9.16666666666667,1,0,1,1,0,0,1,0,1,1,1,1,1,1,1,1,"Acadian.Flycatcher","Tufted.Titmouse",0.316923076923077
"483",2,0,2.6,9.2,8,5.1,8.5,12.2,2.3,0.3,2.6,2.5,4.4,4,2,0.477121254719662,1,3,350,350,2.21666666666667,1,0,1,1,0,1,1,0,1,1,1,1,1,0,1,1,"Acadian.Flycatcher","Carolina.Chickadee",0.435897435897436
"484",2,0,41.2,13.6,24.5,18.6,56.7,76.2,2.1,0.8,0.199999999999999,0.300000000000001,3.5,1,4,0,1,3,1700,1700,37.6,0,1,0,1,0,0,1,1,1,1,1,1,1,1,1,0,"Acadian.Flycatcher","Purple.Martin",0.0242735042735043
"485",0,1,5.3,11.6,25.1,3.9,42.4,44.8,5.4,1.3,1.6,3.1,0.9,1,3,0,1,3,1500,1500,6.71666666666667,3,0,0,1,0,0,1,0,1,1,1,1,0,1,1,0,"Acadian.Flycatcher","Barn.Swallow",-0.154871794871795
"486",0,1,9,9.59999999999999,21.5,4.3,34.3,38.3,4.5,1,1.6,3.2,2,0,2,0.301029995663981,1,0,1270,1270,9.75333333333333,0,0,0,1,0,0,1,1,1,1,1,1,1,1,1,0,"Acadian.Flycatcher","Cliff.Swallow",-0.102222222222222
"487",2,0,6.4,8.09999999999999,16.1,0.5,13.1,11.6,4.3,0.1,2.9,2,3.6,2,2,0.301029995663981,1,0,500,500,7.16666666666667,1,0,1,1,0,0,1,0,0,1,1,1,1,1,1,1,"Acadian.Flycatcher","Carolina.Wren",0.123418803418803
"488",2,1,8.4,10,3.7,8.8,7.7,17.6,1.4,0.2,2.1,3.1,5.8,2,6,0.176091259055681,0,1,2000,2000,9.08666666666667,0,1,1,1,0,0,1,0,1,1,1,0,0,0,0,1,"Acadian.Flycatcher","White.breasted.Nuthatch",0.582222222222222
"489",2,1,2.4,23.4,4.2,2.2,4.8,6,2.3,0.1,2.8,1.3,2,2,5,0.1249387366083,0,1,900,900,2.55733333333333,1,0,0,1,0,0,1,0,1,1,1,1,1,0,1,1,"Acadian.Flycatcher","Brown.headed.Nuthatch",0.53025641025641
"490",0,0,35.9,58.8,6.9,38.4,3.2,41.3,15.1,1.3,1.5,3.1,8.8,1,2,0.1249387366083,0,1,1500,1500,35.5166666666667,0,1,0,0,0,0,1,1,0,1,1,0,1,0,0,0,"Acadian.Flycatcher","Northern.Mockingbird",0.45982905982906
"491",1,1,56.2,63,13.6,34.6,5.9,31.5,17.1,2.3,0.699999999999999,10.2,16.8,1,2,0,1,1,980,980,57.5333333333333,1,0,0,1,0,0,1,0,0,1,1,1,1,0,0,0,"Acadian.Flycatcher","Brown.Thrasher",0.262905982905983
"492",1,0,14.9,3.7,5.3,12.3,11.5,24.8,2.6,0.5,1.9,0,2.1,3,1,0,0,0,940,940,17.25,0,1,0,1,0,0,1,1,0,1,1,1,1,1,1,1,"Acadian.Flycatcher","Eastern.Bluebird",-0.0543589743589744
"493",0,1,37.5,12.5,0.600000000000001,26.8,9.1,35.5,15,1.4,1,2.8,5.7,2,0,0.301029995663981,2,0,175,225,41.2416666666667,0,1,1,1,0,0,1,0,0,1,1,1,1,0,1,0,"Acadian.Flycatcher","Wood.Thrush",0.287521367521367
"494",0,1,65.9,36.9,1.5,38.2,17,56,15.6,2.8,0.5,3.4,10.1,1,0,0.367976785294594,0,4,2000,2000,67,0,1,1,0,0,0,1,1,1,1,1,1,1,0,1,0,"Acadian.Flycatcher","American.Robin",0.404444444444444
"495",2,1,13.9,1.59999999999999,0.199999999999999,2.3,0.5,3.90000000000001,0.799999999999997,3.4,0.2,0,0.199999999999999,0,4,0.301029995663981,1,0,3100,3100,14.8066666666667,0,0,0,0,0,0,0,0,0,1,0,0,1,0,0,0,"Acadian.Flycatcher","House.Sparrow",0.167863247863248
"496",1,0,8.8,7.40000000000001,0,3.7,1.3,6.2,0.299999999999997,4.2,0.5,0.699999999999999,2.7,1,3,0.367976785294594,0,4,2000,2000,9.09166666666667,0,1,0,0,0,0,0,0,1,1,1,0,1,0,0,1,"Acadian.Flycatcher","House.Finch",0.679316239316239
"497",2,1,0.200000000000001,10.5,0.100000000000001,1.8,0.799999999999997,1.2,3.6,2.3,1.8,0.9,1.8,1,3,0.176091259055681,1,1,500,500,0.316666666666666,1,0,0,0,0,0,1,0,1,1,1,0,1,0,0,1,"Acadian.Flycatcher","American.Goldfinch",0.165128205128205
"498",0,0,0.4,2.8,3.3,1.1,3.6,3,0.800000000000001,0.9,2.1,2.1,0.200000000000001,1,3,0.221848749616356,0,2,2300,2300,0.716666666666667,0,1,0,0,0,0,1,0,1,1,1,1,1,0,0,0,"Acadian.Flycatcher","Chipping.Sparrow",0.0290598290598291
"499",0,0,11.8,11.6,7.8,6,5.6,1.8,5.9,2.3,1,0.699999999999999,0.299999999999999,0,3,0.301029995663981,2,0,500,500,14.85,1,0,0,0,0,0,1,0,1,1,1,0,1,0,0,0,"Acadian.Flycatcher","White.throated.Sparrow",-0.62051282051282
"500",1,0,27.4,32.9,13.9,18.7,8.8,11.3,9.9,4.2,0.6,0.700000000000001,2.1,1,2,0.522878745280338,2,2,480,480,28.4833333333333,0,1,1,0,0,0,1,0,0,1,1,0,1,0,0,0,"Acadian.Flycatcher","Eastern.Towhee",0.186324786324786
"501",2,0,12.3,13,6.2,8.4,3.6,5.5,9,2.3,1.3,1.4,3,2,1,0.176091259055681,0,1,600,600,14.8666666666667,0,1,0,1,0,0,1,1,1,1,1,1,0,1,1,1,"Acadian.Flycatcher","Yellow.breasted.Chat",0.230769230769231
"502",0,1,18.9,3,7.9,6.4,12.1,19.2,9.4,3.6,0.199999999999999,0.700000000000001,2.9,0,3,0,0,0,700,700,24.2666666666667,0,1,0,0,0,0,1,0,1,1,1,0,1,0,0,0,"Acadian.Flycatcher","Bobolink",0.232820512820513
"503",0,0,6.8,8.40000000000001,1.3,3.6,0.0999999999999979,5.3,4.2,1.2,1.7,2.5,4,1,3,0.544068044350276,1,4,600,600,8.56666666666667,0,1,0,0,0,0,0,0,1,1,1,1,1,1,1,1,"Acadian.Flycatcher","Orchard.Oriole",0.234871794871795
"504",0,1,38.2,30.1,3.5,36.8,7.9,47,10.9,4.8,0.5,6.3,9.4,1,0,0.1249387366083,0,1,1000,1000,43.7666666666667,0,1,0,0,0,0,1,0,1,1,1,1,1,0,0,0,"Acadian.Flycatcher","Red.winged.Blackbird",0.201367521367521
"505",0,0,27.7,11,5.5,16.7,14,34,7.6,4.9,0.3,2,4.3,3,1,0.1249387366083,0,1,1395,1395,30.1166666666667,0,1,0,0,0,0,1,0,1,1,1,1,1,1,1,0,"Acadian.Flycatcher","Brown.headed.Cowbird",0.294358974358974
"506",1,1,92.6,59.4,1.6,46.1,14.4,61.9,18.5,6.5,1.2,12.7,19.7,0,3,0.477121254719662,1,3,500,500,95.1166666666667,1,0,0,0,0,0,1,0,0,0,0,1,0,1,0,0,"Acadian.Flycatcher","Common.Grackle",0.273846153846154
"507",0,1,6.2,8.4,2.6,3,1.6,2.2,5.2,0.0999999999999996,2.5,0.199999999999999,1.8,2,2,0.176091259055681,0,1,400,400,8.1,0,1,1,1,0,0,1,0,1,1,1,1,1,1,1,0,"Acadian.Flycatcher","Ovenbird",0.151452991452991
"508",0,1,1.7,12.2,2,2.4,2.9,2.2,0.199999999999999,0.7,3.2,0.0999999999999996,0.399999999999999,3,1,0.477121254719662,1,1,1000,1000,2.35333333333333,0,1,0,1,0,0,1,1,1,1,1,1,1,1,1,1,"Acadian.Flycatcher","Black.and.white.Warbler",-0.368888888888889
"509",0,1,1.7,16.1,2.5,3.2,1,2.09999999999999,1.2,0.1,2.3,1.7,3.8,2,3,0.176091259055681,1,1,200,200,2.61666666666667,0,1,0,1,0,0,0,0,1,1,1,1,1,1,1,1,"Acadian.Flycatcher","Prothonotary.Warbler",-0.0112820512820513
"510",0,1,3.1,9.4,11.4,7.8,11.4,16.3,3.1,0.7,3.1,1.2,0.600000000000001,0,2,0.477121254719662,1,1,3100,3100,1.35833333333333,0,1,0,1,0,0,1,0,1,1,1,1,1,1,1,1,"Acadian.Flycatcher","Common.Yellowthroat",-0.042051282051282
"511",0,0,2.1,3.7,6,2.4,6.3,6.3,2.1,0.4,2.3,1.2,0.399999999999999,0,1,0.301029995663981,1,0,400,400,2.13333333333333,0,1,0,1,0,0,1,1,1,1,1,1,1,1,1,1,"Acadian.Flycatcher","Hooded.Warbler",0.145299145299145
"512",0,1,4.4,6.2,2.9,4.1,4.3,9,0.100000000000001,1,2.1,2.3,1,0,1,0,0,0,1500,1500,4.35833333333333,0,1,0,1,0,0,1,1,1,1,1,1,1,1,1,1,"Acadian.Flycatcher","American.Redstart",0.243760683760684
"513",0,0,4.8,14.7,0.600000000000001,12.2,4.4,13.4,0.200000000000003,0.9,3,1.5,1.7,1,3,0.0791812460476249,3,2,1000,1000,4.14833333333333,0,1,1,1,0,1,0,0,1,1,1,0,1,1,1,1,"Acadian.Flycatcher","Northern.Parula",0.0837606837606838
"514",0,1,2.5,9.9,3.4,5.1,5,8.8,1.5,0.7,2.7,1.7,0.300000000000001,1,1,0.425968732272281,2,1,100,100,2.38333333333333,0,1,0,1,0,1,0,0,1,1,0,1,1,1,1,1,"Acadian.Flycatcher","Black.throated.Blue.Warbler",-0.21982905982906
"515",0,0,0.799999999999999,4.8,1.1,0.899999999999999,0.700000000000003,0.799999999999997,1.5,0.2,3,1.1,0.0999999999999996,2,0,0.301029995663981,1,1,1550,1550,0.383333333333333,0,1,1,1,0,1,1,0,1,1,1,1,1,1,1,1,"Acadian.Flycatcher","Pine.Warbler",0.0892307692307692
"516",0,0,2.9,8.09999999999999,0.199999999999999,3.1,1.1,3.3,0.300000000000001,0.6,3.1,0.700000000000001,1.6,2,1,0.0791812460476249,1,2,300,300,2.75,0,1,1,1,0,0,1,1,1,1,1,1,1,1,1,1,"Acadian.Flycatcher","Yellow.throated.Warbler",0.171965811965812
"517",0,0,5,10.4,7.5,7.7,8.8,15.5,0.599999999999998,1.1,3.3,1.9,1.5,1,1,0.397940008672038,1,2,280,280,4.48333333333333,0,1,0,1,0,1,1,1,1,1,1,0,1,1,1,1,"Acadian.Flycatcher","Prairie.Warbler",0.0427350427350427
"518",0,1,16.5,12.5,1.7,15.3,8,21,2.4,5,2.3,4.2,5.9,2,0,0.1249387366083,0,1,1000,1000,16.1266666666667,0,1,1,1,0,0,1,1,1,1,1,1,1,1,1,1,"Acadian.Flycatcher","Summer.Tanager",0.135042735042735
"519",0,1,15.6,5,3.4,13.8,9.6,21.6,2.3,4.2,1.1,2.4,5.5,2,1,0,0,0,1100,1100,18.0833333333333,0,1,1,1,0,0,1,1,1,1,1,0,1,1,1,1,"Acadian.Flycatcher","Scarlet.Tanager",-0.28
"520",2,0,30,43,12,25.6,5.7,22.5,7.4,8.3,3.2,5.6,4.3,0,1,0.1249387366083,2,1,500,500,32,0,1,0,0,0,0,1,0,0,1,1,0,1,0,0,1,"Acadian.Flycatcher","Northern.Cardinal",0.0714529914529914
"521",0,0,14.8,5.60000000000001,4.6,15.1,0,15.1,3.2,6.9,1.3,3.2,3.7,2,1,0.301029995663981,0,3,1000,1000,16.3666666666667,0,1,0,0,0,0,1,0,1,1,1,1,1,1,1,0,"Acadian.Flycatcher","Blue.Grosbeak",0.283418803418803
"522",0,0,2.1,9.9,5,1.8,5.2,6.2,0.0999999999999979,2.2,1,1.5,1.6,2,0,0.602059991327962,2,3,800,800,3.01666666666667,0,1,0,0,0,0,0,0,1,1,1,0,1,0,0,0,"Acadian.Flycatcher","Indigo.Bunting",0.0926495726495726
"532",0,0,0,0,0,0,0,0,0,0,0,0,0,0,0,0,0,0,0,0,0,0,1,1,1,1,1,1,1,1,1,1,1,1,1,1,1,"Eastern.Kingbird","Eastern.Kingbird",1
"533",0,1,7.8,0.5,11.9,2.2,17,17.9,3.3,0.4,0.300000000000001,0.699999999999999,1.2,2,3,0.0791812460476248,0,1,450,450,8.8,1,0,0,1,0,0,1,0,0,1,1,1,1,0,1,1,"Eastern.Kingbird","Great.Crested.Flycatcher",0.512478632478632
"534",0,1,23.8,34.9,3.5,21.6,15,39.2,1,2.1,3.9,5.2,5.1,1,0,0.0969100130080565,0,1,1150,1150,23.0033333333333,0,1,0,1,0,0,0,1,0,1,1,0,1,0,1,1,"Eastern.Kingbird","Red.eyed.Vireo",0.344957264957265
"535",0,0,28.5,38.7,15.4,26.6,27.5,55.1,1,2.4,4.3,7.4,7.8,1,0,0.397940008672037,0,3,850,850,31.0266666666667,0,1,1,1,0,0,1,0,1,1,1,1,1,1,1,1,"Eastern.Kingbird","White.eyed.Vireo",0.236239316239316
"536",2,0,48.1,33.8,15.9,31.1,15.7,13.3,16.2,2.4,1.9,3.8,8.4,0,2,0.045757490560675,1,2,850,850,33.5066666666667,1,0,0,0,0,0,1,0,1,1,0,1,1,0,0,0,"Eastern.Kingbird","Blue.Jay",0.21982905982906
"537",1,0,408.9,79.5,3.2,109,68.3,176.8,36.5,10.1,5.7,18.4,28.4,1,2,0.602059991327962,3,3,50,50,413.733333333333,1,0,0,0,0,0,1,0,0,0,0,1,0,0,0,0,"Eastern.Kingbird","American.Crow",-0.0714529914529914
"538",2,1,244.7,69.5,3,99,62,160,28.6,8.3,5.6,12.4,21.8,0,1,0.477121254719662,3,1,850,850,230.625,1,0,0,0,0,0,1,0,0,0,0,1,0,0,0,0,"Eastern.Kingbird","Fish.Crow",0.179487179487179
"539",0,0,8.3,27.8,1.8,15.2,5.1,21.3,1.8,1.6,3.7,8.2,6.4,0,1,0.255272505103306,1,1,1150,1150,9.175,1,0,0,0,0,0,0,0,0,1,1,0,0,0,0,1,"Eastern.Kingbird","Cedar.Waxwing",0.0933333333333333
"540",2,1,18.3,19,17.2,12,26.1,38.8,2,1,3.3,6,8.2,3,2,0.255272505103306,1,1,1240,1240,20.4,1,0,0,1,0,0,1,0,0,1,1,1,1,1,1,1,"Eastern.Kingbird","Tufted.Titmouse",0.356581196581197
"541",2,0,29.9,38,13.8,30.2,27.2,57.9,3.7,2.8,4.7,8.2,12.6,3,1,0.255272505103306,1,1,0,0,31.7833333333333,1,0,0,1,0,0,1,0,0,1,1,1,1,0,1,1,"Eastern.Kingbird","Carolina.Chickadee",0.357948717948718
"542",2,0,13.9,15.2,18.7,6.5,38,30.5,3.5,1.7,2.3,5.4,4.7,0,3,0.221848749616356,1,1,1350,1350,8.03333333333332,0,1,0,1,0,0,1,0,0,1,1,1,1,1,1,0,"Eastern.Kingbird","Purple.Martin",-0.414017094017094
"543",0,1,22,17.2,19.3,21.2,23.7,0.900000000000006,6.8,3.8,3.7,8.8,9.1,0,2,0.221848749616356,1,1,1150,1150,22.85,3,0,0,1,0,0,1,1,0,1,1,1,0,1,1,0,"Eastern.Kingbird","Barn.Swallow",0.0516239316239316
"544",0,1,18.3,38.4,15.7,20.8,15.6,7.40000000000001,5.9,3.5,3.7,8.9,10.2,1,1,0.522878745280338,1,2,920,920,19.8133333333333,0,0,0,1,0,0,1,0,0,1,1,1,1,1,1,0,"Eastern.Kingbird","Cliff.Swallow",0.0482051282051282
"545",2,0,20.9,36.9,21.9,24.6,31.8,57.3,2.9,2.6,5,3.7,4.6,1,1,0.522878745280338,1,2,150,150,22.4,1,0,0,1,0,0,1,1,1,1,1,1,1,1,1,1,"Eastern.Kingbird","Carolina.Wren",0.186324786324786
"546",2,1,18.9,38.8,2.1,16.3,11,28.1,0,2.3,4.2,2.6,2.4,1,5,0.397940008672037,0,3,1650,1650,20.48,0,1,0,1,0,0,1,0,0,1,1,0,0,0,0,1,"Eastern.Kingbird","White.breasted.Nuthatch",-0.253333333333333
"547",2,1,29.7,52.2,10,27.3,23.5,51.7,3.7,2.6,4.9,4.4,6.2,1,4,0.0969100130080565,0,1,1250,1250,32.124,1,0,0,1,0,0,1,0,0,1,1,1,1,0,1,1,"Eastern.Kingbird","Brown.headed.Nuthatch",0.474871794871795
"548",0,0,8.6,30,12.7,13.3,15.5,4.40000000000001,13.7,1.2,3.6,2.6,0.600000000000001,0,1,0.0969100130080565,0,1,1150,1150,5.95,0,1,1,0,0,0,1,0,1,1,1,0,1,0,0,0,"Eastern.Kingbird","Northern.Mockingbird",0.0167521367521367
"549",1,1,28.9,34.2,19.4,9.5,24.6,14.2,15.7,0.2,2.8,4.5,8.6,0,1,0.221848749616356,1,3,1330,1330,27.9666666666667,1,0,1,1,0,0,1,0,1,1,1,1,1,0,0,0,"Eastern.Kingbird","Brown.Thrasher",0.234871794871795
"550",1,0,12.4,25.1,0.5,12.8,7.2,20.9,1.2,2,4,5.7,6.1,2,0,0.221848749616356,0,2,590,590,12.3166666666667,0,1,0,1,0,0,1,0,1,1,1,1,1,1,1,1,"Eastern.Kingbird","Eastern.Bluebird",0.152136752136752
"551",0,1,10.2,16.3,6.4,1.7,9.6,10.2,13.6,1.1,3.1,2.9,2.5,1,1,0.0791812460476248,2,2,525,575,11.675,0,1,0,1,0,0,1,0,0,1,1,1,1,0,1,0,"Eastern.Kingbird","Wood.Thrush",0.396923076923077
"552",0,1,38.6,8.10000000000001,4.3,13.1,1.7,10.3,14.2,0.3,2.6,2.3,1.9,0,1,0.146128035678238,0,2,1650,1650,37.4333333333333,0,1,0,0,0,0,1,0,0,1,1,1,1,0,1,0,"Eastern.Kingbird","American.Robin",0.207521367521368
"553",2,1,13.4,30.4,6,22.8,18.2,41.8,0.600000000000001,0.9,1.9,5.7,8,1,3,0.522878745280338,1,2,2750,2750,14.76,0,0,0,0,0,0,0,0,1,1,0,0,1,0,0,0,"Eastern.Kingbird","House.Sparrow",0.275213675213675
"554",1,0,18.5,21.4,5.8,21.4,17.4,39.5,1.1,1.7,1.6,6.4,10.9,0,2,0.146128035678238,0,2,1650,1650,20.475,0,1,1,0,0,0,0,0,0,1,1,0,1,0,0,1,"Eastern.Kingbird","House.Finch",0.162393162393162
"555",2,1,27.1,39.3,5.7,26.9,19.5,46.9,5,0.2,3.9,6.6,10,0,2,0.397940008672037,1,1,850,850,29.25,1,0,1,0,0,0,1,0,0,1,1,0,1,0,0,1,"Eastern.Kingbird","American.Goldfinch",0.575384615384615
"556",0,0,27.7,31.6,9.1,26.2,22.3,48.7,2.2,1.6,4.2,7.8,8.4,0,2,0,0,0,1950,1950,28.85,0,1,0,0,0,0,1,0,0,1,1,1,1,0,0,0,"Eastern.Kingbird","Chipping.Sparrow",0.312136752136752
"557",0,0,15.5,17.2,13.6,19.1,24.3,43.9,4.5,0.2,3.1,6.4,7.9,1,2,0.0791812460476248,2,2,850,850,14.7166666666667,1,0,0,0,0,0,1,0,0,1,1,0,1,0,0,0,"Eastern.Kingbird","White.throated.Sparrow",0.131623931623932
"558",1,0,0.100000000000001,4.10000000000001,19.7,6.40000000000001,27.5,34.4,8.5,1.7,2.7,5,6.1,0,1,0.301029995663981,2,0,130,130,1.08333333333334,0,1,0,0,0,0,1,0,1,1,1,0,1,0,0,0,"Eastern.Kingbird","Eastern.Towhee",-0.0536752136752137
"559",2,0,15,15.8,12,16.7,22.3,40.2,7.6,0.2,3.4,4.3,5.2,1,0,0.397940008672037,0,3,250,250,14.7,0,1,0,1,0,0,1,0,0,1,1,1,0,1,1,1,"Eastern.Kingbird","Yellow.breasted.Chat",-0.112478632478632
"560",0,1,8.4,25.8,2.1,18.7,6.6,26.5,8,1.1,2.3,5,5.3,1,2,0.221848749616356,0,2,1050,1050,5.3,0,1,0,0,0,0,1,0,0,1,1,0,1,0,0,0,"Eastern.Kingbird","Bobolink",-0.113846153846154
"561",0,0,20.5,20.4,7.1,21.5,18.8,40.4,2.8,1.3,3.8,3.2,4.2,0,2,0.322219294733919,1,2,950,950,21,0,1,0,0,0,0,0,1,0,1,1,1,1,1,1,1,"Eastern.Kingbird","Orchard.Oriole",0.312820512820513
"562",0,1,10.9,1.30000000000001,9.3,11.7,10.8,1.3,9.5,2.3,2.6,0.6,1.2,0,1,0.0969100130080565,0,1,650,650,14.2,0,1,0,0,0,0,1,0,0,1,1,1,1,0,0,0,"Eastern.Kingbird","Red.winged.Blackbird",0.011965811965812
"563",0,0,0.399999999999999,17.8,0.299999999999997,8.40000000000001,4.7,11.7,6.2,2.4,2.4,3.7,3.9,2,0,0.0969100130080565,0,1,1045,1045,0.549999999999997,0,1,0,0,0,0,1,0,0,1,1,1,1,1,1,0,"Eastern.Kingbird","Brown.headed.Cowbird",0.241025641025641
"564",1,1,65.3,30.6,7.4,21,4.3,16.2,17.1,4,0.9,7,11.5,1,2,0.255272505103306,1,1,850,850,65.55,1,0,0,0,0,0,1,0,1,0,0,1,0,1,0,0,"Eastern.Kingbird","Common.Grackle",0.273162393162393
"565",0,1,21.1,37.2,8.4,22.1,20.3,43.5,3.8,2.4,4.6,5.9,6.4,1,1,0.397940008672037,0,3,50,50,21.4666666666667,0,1,0,1,0,0,1,0,0,1,1,1,1,1,1,0,"Eastern.Kingbird","Ovenbird",0.491282051282051
"566",0,1,29,41,7.8,27.5,21.6,47.9,1.2,3.2,5.3,5.8,7.8,2,0,0.698970004336019,1,3,650,650,31.92,0,1,0,1,0,0,1,0,0,1,1,1,1,1,1,1,"Eastern.Kingbird","Black.and.white.Warbler",0.385299145299145
"567",0,1,25.6,44.9,3.3,28.3,17.7,47.8,0.199999999999999,2.6,4.4,4,4.4,1,2,0.397940008672037,1,1,550,550,26.95,0,1,0,1,0,0,0,1,0,1,1,1,1,1,1,1,"Eastern.Kingbird","Prothonotary.Warbler",0.440683760683761
"568",0,1,30.4,38.2,17.2,32.9,30.1,62,1.7,3.2,5.2,6.9,8.8,1,1,0.698970004336019,1,3,2750,2750,30.925,0,1,0,1,0,0,1,1,0,1,1,1,1,1,1,1,"Eastern.Kingbird","Common.Yellowthroat",0.404444444444444
"569",0,0,29.4,32.5,11.8,27.5,25,52,0.699999999999999,2.9,4.4,6.9,7.8,1,0,0.522878745280338,1,2,750,750,31.7,0,1,0,1,0,0,1,0,0,1,1,1,1,1,1,1,"Eastern.Kingbird","Hooded.Warbler",0.165128205128205
"570",0,1,31.7,35,8.7,29.2,23,54.7,1.5,3.5,4.2,8,9.2,1,0,0.221848749616356,0,2,1150,1150,33.925,0,1,0,1,0,0,1,0,0,1,1,1,1,1,1,1,"Eastern.Kingbird","American.Redstart",-0.174017094017094
"571",0,0,32.1,43.5,5.2,37.3,23.1,59.1,1.6,3.4,5.1,7.2,9.9,0,2,0.301029995663981,3,4,650,650,33.715,0,1,0,1,0,0,0,0,0,1,1,0,1,1,1,1,"Eastern.Kingbird","Northern.Parula",0.395555555555555
"572",0,1,29.8,38.7,9.2,30.2,23.7,54.5,0.100000000000001,3.2,4.8,7.4,8.5,0,0,0.204119982655925,2,1,250,250,31.95,0,1,0,1,0,0,0,0,0,1,0,1,1,1,1,1,"Eastern.Kingbird","Black.throated.Blue.Warbler",0.262222222222222
"573",0,0,28.1,33.6,4.7,26,18,44.9,0.100000000000001,2.7,5.1,6.8,8.1,1,1,0.0791812460476248,1,1,1200,1200,29.95,0,1,0,1,0,0,1,0,0,1,1,1,1,1,1,1,"Eastern.Kingbird","Pine.Warbler",0.315555555555556
"574",0,0,30.2,36.9,5.6,28.2,19.8,49,1.7,3.1,5.2,5,6.6,1,0,0.301029995663981,1,0,50,50,32.3166666666667,0,1,0,1,0,0,1,0,0,1,1,1,1,1,1,1,"Eastern.Kingbird","Yellow.throated.Warbler",0.282735042735043
"575",0,0,32.3,39.2,13.3,32.8,27.5,61.2,0.800000000000001,3.6,5.4,7.6,9.7,0,0,0.176091259055681,1,0,630,630,34.05,0,1,0,1,0,0,1,0,0,1,1,0,1,1,1,1,"Eastern.Kingbird","Prairie.Warbler",0.284102564102564
"576",0,1,10.8,16.3,4.1,9.8,10.7,24.7,1,2.5,0.200000000000001,1.5,2.3,1,1,0.0969100130080565,0,1,650,650,13.44,0,1,0,1,0,0,1,0,0,1,1,1,1,1,1,1,"Eastern.Kingbird","Summer.Tanager",0.414017094017094
"577",0,1,11.7,23.8,2.4,11.3,9.1,24.1,0.899999999999999,1.7,0.999999999999999,3.3,2.7,1,0,0.221848749616356,0,2,750,750,11.4833333333333,0,1,0,1,0,0,1,0,0,1,1,0,1,1,1,1,"Eastern.Kingbird","Scarlet.Tanager",0.143247863247863
"578",2,0,2.7,14.2,17.8,0.5,24.4,23.2,6,5.8,1.1,0.100000000000001,3.9,1,0,0.0969100130080565,2,3,150,150,2.43333333333333,0,1,1,0,0,0,1,0,1,1,1,0,1,0,0,1,"Eastern.Kingbird","Northern.Cardinal",0.217094017094017
"579",0,0,12.5,23.2,10.4,10,18.7,30.6,1.8,4.4,0.799999999999999,2.5,4.5,1,0,0.0791812460476248,0,1,650,650,13.2,0,1,0,0,0,0,1,0,0,1,1,1,1,1,1,0,"Eastern.Kingbird","Blue.Grosbeak",0.178119658119658
"580",0,0,25.2,38.7,10.8,26.9,23.9,51.9,1.3,0.3,3.1,7.2,9.8,1,1,0.380211241711606,2,1,450,450,26.55,0,1,1,0,0,0,0,0,0,1,1,0,1,0,0,0,"Eastern.Kingbird","Indigo.Bunting",0.131623931623932
"591",0,0,0,0,0,0,0,0,0,0,0,0,0,0,0,0,0,0,0,0,0,0,1,1,1,1,1,1,1,1,1,1,1,1,1,1,1,"Great.Crested.Flycatcher","Great.Crested.Flycatcher",1
"592",0,0,16,35.4,8.4,23.8,2,21.3,2.3,2.5,4.2,5.9,6.3,3,3,0.176091259055681,0,2,1600,1600,14.2033333333333,1,0,0,1,0,0,0,0,1,1,1,0,1,1,1,1,"Great.Crested.Flycatcher","Red.eyed.Vireo",0.407863247863248
"593",0,1,20.7,39.2,3.5,28.8,10.5,37.2,2.3,2.8,4.6,8.1,9,1,3,0.477121254719662,0,4,400,400,22.2266666666667,1,0,0,1,0,0,1,1,0,1,1,1,1,0,1,1,"Great.Crested.Flycatcher","White.eyed.Vireo",0.261538461538461
"594",2,1,55.9,33.3,4,28.9,1.3,31.2,12.9,2,1.6,3.1,7.2,2,1,0.1249387366083,1,3,400,400,42.3066666666667,2,0,1,0,0,1,1,0,0,1,0,1,1,1,0,0,"Great.Crested.Flycatcher","Blue.Jay",0.310769230769231
"595",1,1,416.7,79,15.1,106.8,85.3,194.7,33.2,9.7,5.4,17.7,27.2,1,1,0.522878745280338,3,2,400,400,422.533333333333,2,0,0,0,0,0,1,0,0,0,0,1,0,1,0,0,"Great.Crested.Flycatcher","American.Crow",0.217094017094017
"596",2,2,252.5,69,14.9,96.8,79,177.9,25.3,7.9,5.3,11.7,20.6,2,2,0.397940008672038,3,0,400,400,239.425,2,0,0,0,0,1,1,0,0,0,0,1,0,1,0,0,"Great.Crested.Flycatcher","Fish.Crow",0.524786324786325
"597",0,1,0.5,28.3,13.7,17.4,11.9,3.39999999999999,5.1,2,4,8.9,7.6,2,2,0.176091259055681,1,0,1600,1600,0.375,0,1,1,0,0,0,0,1,1,1,1,0,0,0,0,1,"Great.Crested.Flycatcher","Cedar.Waxwing",0.0823931623931624
"598",2,0,10.5,19.5,5.3,14.2,9.1,20.9,1.3,1.4,3.6,6.7,9.4,1,1,0.176091259055681,1,0,790,790,11.6,2,0,0,1,0,0,1,0,1,1,1,1,1,0,1,1,"Great.Crested.Flycatcher","Tufted.Titmouse",0.467350427350427
"599",2,1,22.1,38.5,1.9,32.4,10.2,40,7,3.2,5,8.9,13.8,1,2,0.176091259055681,1,0,450,450,22.9833333333333,2,0,0,1,0,0,1,0,1,1,1,1,1,1,1,1,"Great.Crested.Flycatcher","Carolina.Chickadee",0.563076923076923
"600",2,1,21.7,15.7,30.6,8.7,55,48.4,6.8,2.1,2.6,6.1,5.9,2,0,0.301029995663981,1,0,1800,1800,16.8333333333333,1,0,0,1,0,0,1,1,1,1,1,1,1,0,1,0,"Great.Crested.Flycatcher","Purple.Martin",-0.410598290598291
"601",0,2,14.2,17.7,31.2,23.4,40.7,17,10.1,4.2,4,9.5,10.3,2,1,0.301029995663981,1,0,1600,1600,14.05,4,0,0,1,0,0,1,0,1,1,1,1,0,0,1,0,"Great.Crested.Flycatcher","Barn.Swallow",0.137777777777778
"602",0,2,10.5,38.9,27.6,23,32.6,10.5,9.2,3.9,4,9.6,11.4,3,2,0.602059991327962,1,3,1370,1370,11.0133333333333,1,1,0,1,0,0,1,1,1,1,1,1,1,0,1,0,"Great.Crested.Flycatcher","Cliff.Swallow",0.0174358974358974
"603",2,1,13.1,37.4,10,26.8,14.8,39.4,0.400000000000002,3,5.3,4.4,5.8,1,2,0.602059991327962,1,3,600,600,13.6,2,0,0,1,0,0,1,0,0,1,1,1,1,0,1,1,"Great.Crested.Flycatcher","Carolina.Wren",0.238290598290598
"604",2,0,11.1,39.3,9.8,18.5,6,10.2,3.3,2.7,4.5,3.3,3.6,1,2,0.477121254719662,0,4,2100,2100,11.68,1,0,0,1,0,0,1,0,1,1,1,0,0,1,0,1,"Great.Crested.Flycatcher","White.breasted.Nuthatch",0.248547008547009
"605",2,0,21.9,52.7,1.9,29.5,6.5,33.8,7,3,5.2,5.1,7.4,1,1,0.176091259055681,0,2,800,800,23.324,2,0,1,1,0,0,1,0,1,1,1,1,1,1,1,1,"Great.Crested.Flycatcher","Brown.headed.Nuthatch",0.731965811965812
"606",0,1,16.4,29.5,0.799999999999997,11.1,1.5,13.5,10.4,1.6,3.9,3.3,0.599999999999998,2,2,0.176091259055681,0,2,1600,1600,14.75,1,0,0,0,0,0,1,1,0,1,1,0,1,1,0,0,"Great.Crested.Flycatcher","Northern.Mockingbird",0.63965811965812
"607",1,0,36.7,33.7,7.5,7.3,7.6,3.7,12.4,0.6,3.1,3.8,7.4,2,2,0.301029995663981,1,4,880,880,36.7666666666667,2,0,0,1,0,1,1,0,0,1,1,1,1,1,0,0,"Great.Crested.Flycatcher","Brown.Thrasher",0.173333333333333
"608",1,1,4.6,25.6,11.4,15,9.8,3,2.1,2.4,4.3,6.4,7.3,0,3,0.301029995663981,0,3,1040,1040,3.51666666666666,1,0,1,1,1,1,1,1,0,1,1,1,1,0,1,1,"Great.Crested.Flycatcher","Eastern.Bluebird",0.335384615384615
"609",0,0,18,16.8,5.5,0.5,7.4,7.7,10.3,1.5,3.4,3.6,3.7,1,4,0,2,3,75,125,20.475,1,0,0,1,0,1,1,0,0,1,1,1,1,1,1,0,"Great.Crested.Flycatcher","Wood.Thrush",0.443418803418803
"610",0,2,46.4,7.60000000000001,7.6,10.9,15.3,28.2,10.9,0.100000000000001,2.9,3,0.699999999999999,2,4,0.0669467896306132,0,1,2100,2100,46.2333333333333,1,0,0,0,0,0,1,1,1,1,1,1,1,1,1,0,"Great.Crested.Flycatcher","American.Robin",0.647179487179487
"611",2,2,5.6,30.9,5.9,25,1.2,23.9,3.9,0.5,2.2,6.4,9.2,3,0,0.602059991327962,1,3,3200,3200,5.96,1,0,0,0,0,0,0,0,0,1,0,0,1,0,0,0,"Great.Crested.Flycatcher","House.Sparrow",0.225982905982906
"612",1,1,10.7,21.9,6.1,23.6,0.400000000000002,21.6,4.4,1.3,1.9,7.1,12.1,2,1,0.0669467896306132,0,1,2100,2100,11.675,1,0,0,0,0,1,0,0,1,1,1,0,1,0,0,1,"Great.Crested.Flycatcher","House.Finch",0.6
"613",2,0,19.3,39.8,6.2,29.1,2.5,29,8.3,0.6,4.2,7.3,11.2,2,1,0.477121254719662,1,2,400,400,20.45,2,0,0,0,0,0,1,0,1,1,1,0,1,0,0,1,"Great.Crested.Flycatcher","American.Goldfinch",0.543247863247863
"614",0,1,19.9,32.1,2.8,28.4,5.3,30.8,5.5,2,4.5,8.5,9.6,2,1,0.0791812460476248,0,1,2400,2400,20.05,1,0,1,0,0,0,1,0,1,1,1,1,1,1,0,0,"Great.Crested.Flycatcher","Chipping.Sparrow",0.366153846153846
"615",0,1,7.7,17.7,1.7,21.3,7.3,26,1.2,0.6,3.4,7.1,9.1,3,1,0,2,3,400,400,5.91666666666666,2,0,1,0,0,1,1,0,1,1,1,0,1,0,0,0,"Great.Crested.Flycatcher","White.throated.Sparrow",-0.163760683760684
"616",1,1,7.9,3.60000000000001,7.8,8.60000000000001,10.5,16.5,5.2,1.3,3,5.7,7.3,2,2,0.221848749616356,2,1,580,580,7.71666666666667,1,0,0,0,0,1,1,0,0,1,1,0,1,0,0,0,"Great.Crested.Flycatcher","Eastern.Towhee",0.241025641025641
"617",2,1,7.2,16.3,0.0999999999999979,18.9,5.3,22.3,4.3,0.6,3.7,5,6.4,1,3,0.477121254719662,0,4,700,700,5.9,1,0,1,1,0,0,1,1,1,1,1,1,0,0,1,1,"Great.Crested.Flycatcher","Yellow.breasted.Chat",0.318974358974359
"618",0,0,0.600000000000001,26.3,14,20.9,10.4,8.59999999999999,4.7,0.699999999999999,2.6,5.7,6.5,3,1,0.301029995663981,0,3,600,600,3.5,1,0,0,0,0,0,1,0,1,1,1,0,1,1,0,0,"Great.Crested.Flycatcher","Bobolink",-0.096068376068376
"619",0,1,12.7,20.9,4.8,23.7,1.8,22.5,0.5,1.7,4.1,3.9,5.4,2,1,0.243038048686295,1,1,500,500,12.2,1,0,1,0,0,0,0,0,1,1,1,1,1,0,1,1,"Great.Crested.Flycatcher","Orchard.Oriole",0.594529914529914
"620",0,2,18.7,0.800000000000011,2.6,9.5,6.2,19.2,6.2,1.9,2.9,0.0999999999999996,0,2,4,0.176091259055681,0,2,1100,1100,23,1,0,0,0,0,0,1,0,1,1,1,1,1,0,0,0,"Great.Crested.Flycatcher","Red.winged.Blackbird",0.0304273504273504
"621",0,1,8.2,18.3,11.6,10.6,12.3,6.2,2.9,2,2.7,4.4,5.1,0,3,0.176091259055681,0,2,1495,1495,9.35,1,0,0,0,0,0,1,0,1,1,1,1,1,0,1,0,"Great.Crested.Flycatcher","Brown.headed.Cowbird",0.357264957264957
"622",1,2,73.1,30.1,4.5,18.8,12.7,34.1,13.8,3.6,1.2,6.3,10.3,3,1,0.176091259055681,1,0,400,400,74.35,2,0,1,0,0,0,1,0,0,0,0,1,0,0,0,0,"Great.Crested.Flycatcher","Common.Grackle",0.232820512820513
"623",0,0,13.3,37.7,3.5,24.3,3.3,25.6,0.5,2.8,4.9,6.6,7.6,1,2,0.477121254719662,0,4,500,500,12.6666666666667,1,0,0,1,1,0,1,0,1,1,1,1,1,0,1,0,"Great.Crested.Flycatcher","Ovenbird",0.416068376068376
"624",0,0,21.2,41.5,4.1,29.7,4.6,30,4.5,3.6,5.6,6.5,9,0,3,0.778151250383644,1,4,1100,1100,23.12,1,0,1,1,0,0,1,1,1,1,1,1,1,0,1,1,"Great.Crested.Flycatcher","Black.and.white.Warbler",-0.13025641025641
"625",0,0,17.8,45.4,8.6,30.5,0.700000000000003,29.9,3.5,3,4.7,4.7,5.6,1,1,0.477121254719662,1,2,100,100,18.15,1,0,1,1,0,0,0,0,1,1,1,1,1,0,1,1,"Great.Crested.Flycatcher","Prothonotary.Warbler",0.45982905982906
"626",0,0,22.6,38.7,5.3,35.1,13.1,44.1,1.6,3.6,5.5,7.6,10,3,2,0.778151250383644,1,4,3200,3200,22.125,1,0,0,1,0,0,1,0,1,1,1,1,1,0,1,1,"Great.Crested.Flycatcher","Common.Yellowthroat",0.375042735042735
"627",0,1,21.6,33,0.100000000000001,29.7,8,34.1,2.6,3.3,4.7,7.6,9,3,3,0.602059991327962,1,3,300,300,22.9,1,0,1,1,0,0,1,1,1,1,1,1,1,0,1,1,"Great.Crested.Flycatcher","Hooded.Warbler",0.324444444444444
"628",0,0,23.9,35.5,3.2,31.4,6,36.8,4.8,3.9,4.5,8.7,10.4,3,3,0.301029995663981,0,3,1600,1600,25.125,1,0,1,1,1,1,1,1,1,1,1,1,1,0,1,1,"Great.Crested.Flycatcher","American.Redstart",0.11042735042735
"629",0,1,24.3,44,6.7,39.5,6.1,41.2,4.9,3.8,5.4,7.9,11.1,2,1,0.380211241711606,3,5,1100,1100,24.915,1,0,0,1,0,0,0,0,1,1,1,0,1,0,1,1,"Great.Crested.Flycatcher","Northern.Parula",0.24991452991453
"630",0,0,22,39.2,2.7,32.4,6.7,36.6,3.2,3.6,5.1,8.1,9.7,2,3,0.1249387366083,2,2,200,200,23.15,1,0,1,1,0,0,0,0,1,1,0,1,1,0,1,1,"Great.Crested.Flycatcher","Black.throated.Blue.Warbler",-0.187008547008547
"631",0,1,20.3,34.1,7.2,28.2,1,27,3.2,3.1,5.4,7.5,9.3,1,4,0,1,2,1650,1650,21.15,1,0,0,1,1,0,1,0,1,1,1,1,1,0,1,1,"Great.Crested.Flycatcher","Pine.Warbler",0.502222222222222
"632",0,1,22.4,37.4,6.3,30.4,2.8,31.1,5,3.5,5.5,5.7,7.8,1,3,0.380211241711606,1,1,400,400,23.5166666666667,1,0,0,1,0,0,1,1,1,1,1,1,1,0,1,1,"Great.Crested.Flycatcher","Yellow.throated.Warbler",0.597264957264957
"633",0,1,24.5,39.7,1.4,35,10.5,43.3,4.1,4,5.7,8.3,10.9,2,3,0.0969100130080565,1,1,180,180,25.25,1,0,1,1,1,0,1,1,1,1,1,0,1,0,1,1,"Great.Crested.Flycatcher","Prairie.Warbler",0.472136752136752
"634",0,0,3,16.8,7.8,12,6.3,6.8,2.3,2.1,0.0999999999999996,2.2,3.5,1,4,0.176091259055681,0,2,1100,1100,4.64,1,0,0,1,1,1,1,1,1,1,1,1,1,0,1,1,"Great.Crested.Flycatcher","Summer.Tanager",0.52957264957265
"635",0,0,3.9,24.3,9.5,13.5,7.9,6.2,2.4,1.3,1.3,4,3.9,1,3,0.301029995663981,0,3,1200,1200,2.68333333333333,1,0,0,1,1,1,1,1,1,1,1,0,1,0,1,1,"Great.Crested.Flycatcher","Scarlet.Tanager",0.0133333333333333
"636",2,1,10.5,13.7,5.9,1.7,7.4,5.3,2.7,5.4,0.800000000000001,0.800000000000001,5.1,3,3,0.176091259055681,2,4,600,600,11.2333333333333,1,0,0,0,0,0,1,0,0,1,1,0,1,0,0,1,"Great.Crested.Flycatcher","Northern.Cardinal",0.357264957264957
"637",0,1,4.7,23.7,1.5,12.2,1.7,12.7,1.5,4,1.1,3.2,5.7,1,3,0,0,0,1100,1100,4.4,1,0,1,0,0,0,1,0,1,1,1,1,1,0,1,0,"Great.Crested.Flycatcher","Blue.Grosbeak",0.522735042735043
"638",0,1,17.4,39.2,1.1,29.1,6.9,34,4.6,0.7,3.4,7.9,11,1,4,0.301029995663981,2,0,900,900,17.75,1,0,0,0,0,0,0,0,1,1,1,0,1,0,0,0,"Great.Crested.Flycatcher","Indigo.Bunting",0.427008547008547
"650",0,0,0,0,0,0,0,0,0,0,0,0,0,0,0,0,0,0,0,0,0,0,1,1,1,1,1,1,1,1,1,1,1,1,1,1,1,"Red.eyed.Vireo","Red.eyed.Vireo",1
"651",0,1,4.7,3.8,11.9,5,12.5,15.9,0,0.300000000000001,0.4,2.2,2.7,2,0,0.301029995663981,0,2,2000,2000,8.02333333333334,0,1,0,1,0,0,0,0,0,1,1,0,1,0,1,1,"Red.eyed.Vireo","White.eyed.Vireo",0.293675213675214
"652",2,1,71.9,68.7,12.4,52.7,0.700000000000003,52.5,15.2,4.5,5.8,9,13.5,1,2,0.0511525224473814,1,1,2000,2000,56.51,1,0,0,0,0,0,0,0,0,1,0,0,1,1,0,0,"Red.eyed.Vireo","Blue.Jay",0.680683760683761
"653",1,1,432.7,114.4,6.7,130.6,83.3,216,35.5,12.2,9.6,23.6,33.5,2,2,0.698970004336019,3,4,1200,1200,436.736666666667,1,0,0,0,0,0,0,0,0,0,0,0,0,1,0,0,"Red.eyed.Vireo","American.Crow",0.269059829059829
"654",2,2,268.5,104.4,6.5,120.6,77,199.2,27.6,10.4,9.5,17.6,26.9,1,1,0.574031267727719,3,2,2000,2000,253.628333333333,1,0,0,0,0,0,0,0,0,0,0,0,0,1,0,0,"Red.eyed.Vireo","Fish.Crow",0.36
"655",0,1,15.5,7.09999999999999,5.3,6.4,9.9,17.9,2.8,0.5,0.2,3,1.3,1,1,0.352182518111363,1,2,0,0,13.8283333333333,1,0,0,0,0,0,0,0,1,1,1,1,0,0,0,1,"Red.eyed.Vireo","Cedar.Waxwing",-0.138461538461538
"656",2,0,5.5,15.9,13.7,9.6,11.1,0.400000000000006,1,1.1,0.6,0.799999999999999,3.1,4,2,0.352182518111363,1,2,2390,2390,2.60333333333333,1,0,1,1,0,0,0,0,1,1,1,0,1,0,1,1,"Red.eyed.Vireo","Tufted.Titmouse",0.396923076923077
"657",2,1,6.1,3.1,10.3,8.6,12.2,18.7,4.7,0.7,0.8,3,7.5,4,1,0.352182518111363,1,2,1150,1150,8.78,1,0,1,1,0,0,0,0,1,1,1,0,1,1,1,1,"Red.eyed.Vireo","Carolina.Chickadee",0.249230769230769
"658",2,1,37.7,19.7,22.2,15.1,53,69.7,4.5,0.399999999999999,1.6,0.199999999999999,0.400000000000002,1,3,0.1249387366083,1,2,200,200,31.0366666666667,0,1,0,1,0,0,0,0,1,1,1,0,1,0,1,0,"Red.eyed.Vireo","Purple.Martin",-0.271111111111111
"659",0,2,1.8,17.7,22.8,0.399999999999999,38.7,38.3,7.8,1.7,0.2,3.6,4,1,2,0.1249387366083,1,2,0,0,0.153333333333332,3,0,0,1,0,0,0,1,1,1,1,0,0,0,1,0,"Red.eyed.Vireo","Barn.Swallow",-0.117264957264957
"660",0,2,5.5,3.5,19.2,0.799999999999997,30.6,31.8,6.9,1.4,0.2,3.7,5.1,0,1,0.425968732272281,1,1,230,230,3.19,0,0,0,1,0,0,0,0,1,1,1,0,1,0,1,0,"Red.eyed.Vireo","Cliff.Swallow",-0.0235897435897436
"661",2,1,2.9,2,18.4,3,16.8,18.1,1.9,0.5,1.1,1.5,0.5,2,1,0.425968732272281,1,1,1000,1000,0.603333333333332,1,0,1,1,0,0,0,1,0,1,1,0,1,0,1,1,"Red.eyed.Vireo","Carolina.Wren",0.474188034188034
"662",2,0,4.9,3.90000000000001,1.4,5.3,4,11.1,1,0.2,0.3,2.6,2.7,2,5,0.301029995663981,0,2,500,500,2.52333333333333,0,1,1,1,1,0,0,0,1,1,1,1,0,1,0,1,"Red.eyed.Vireo","White.breasted.Nuthatch",0.234871794871795
"663",2,0,5.9,17.3,6.5,5.7,8.5,12.5,4.7,0.5,1,0.800000000000001,1.1,2,4,0,0,0,2400,2400,9.12066666666667,1,0,0,1,1,0,0,0,1,1,1,0,1,1,1,1,"Red.eyed.Vireo","Brown.headed.Nuthatch",0.197264957264957
"664",0,1,32.4,64.9,9.2,34.9,0.5,34.8,12.7,0.9,0.3,2.6,5.7,1,1,0,0,0,0,0,28.9533333333333,0,1,0,0,0,0,0,0,0,1,1,1,1,1,0,0,"Red.eyed.Vireo","Northern.Mockingbird",0.115897435897436
"665",1,0,52.7,69.1,15.9,31.1,9.6,25,14.7,1.9,1.1,9.7,13.7,1,1,0.1249387366083,1,2,2480,2480,50.97,1,0,0,1,1,0,0,0,0,1,1,0,1,1,0,0,"Red.eyed.Vireo","Brown.Thrasher",-0.0358974358974359
"666",1,1,11.4,9.8,3,8.8,7.8,18.3,0.199999999999999,0.0999999999999996,0.0999999999999996,0.5,0.999999999999998,3,0,0.1249387366083,0,1,560,560,10.6866666666667,0,1,0,1,0,0,0,0,0,1,1,0,1,0,1,1,"Red.eyed.Vireo","Eastern.Bluebird",0.425641025641026
"667",0,0,34,18.6,2.9,23.3,5.4,29,12.6,1,0.8,2.3,2.6,2,1,0.176091259055681,2,1,1675,1725,34.6783333333333,0,1,1,1,1,0,0,0,0,1,1,0,1,1,1,0,"Red.eyed.Vireo","Wood.Thrush",0.599316239316239
"668",0,2,62.4,43,0.800000000000001,34.7,13.3,49.5,13.2,2.4,1.3,2.9,7,1,1,0.243038048686294,0,3,500,500,60.4366666666667,0,1,1,0,0,0,0,0,1,1,1,0,1,1,1,0,"Red.eyed.Vireo","American.Robin",0.165128205128205
"669",2,2,10.4,4.5,2.5,1.2,3.2,2.59999999999999,1.6,3,2,0.5,2.9,0,3,0.425968732272281,1,1,1600,1600,8.24333333333333,0,0,0,0,0,0,1,0,0,1,0,1,1,0,0,0,"Red.eyed.Vireo","House.Sparrow",0.171282051282051
"670",1,1,5.3,13.5,2.3,0.199999999999996,2.4,0.299999999999997,2.1,3.8,2.3,1.2,5.8,1,2,0.243038048686294,0,3,500,500,2.52833333333333,0,1,0,0,0,0,1,0,1,1,1,1,1,0,0,1,"Red.eyed.Vireo","House.Finch",-0.00307692307692308
"671",2,0,3.3,4.40000000000001,2.2,5.3,4.5,7.7,6,1.9,0,1.4,4.9,1,2,0.301029995663981,1,0,2000,2000,6.24666666666667,1,0,0,0,0,0,0,0,1,1,1,1,1,0,0,1,"Red.eyed.Vireo","American.Goldfinch",0.363418803418803
"672",0,1,3.9,3.3,5.6,4.6,7.3,9.5,3.2,0.5,0.3,2.6,3.3,1,2,0.0969100130080565,0,1,800,800,5.84666666666667,0,1,0,0,0,0,0,0,1,1,1,0,1,1,0,0,"Red.eyed.Vireo","Chipping.Sparrow",0.342222222222222
"673",0,1,8.3,17.7,10.1,2.5,9.3,4.7,3.5,1.9,0.8,1.2,2.8,0,2,0.176091259055681,2,1,2000,2000,8.28666666666667,1,0,0,0,0,0,0,0,1,1,1,0,1,0,0,0,"Red.eyed.Vireo","White.throated.Sparrow",0.163760683760684
"674",1,1,23.9,39,16.2,15.2,12.5,4.8,7.5,3.8,1.2,0.200000000000001,0.999999999999998,1,1,0.397940008672038,2,1,1020,1020,21.92,0,1,1,0,0,0,0,0,0,1,1,0,1,0,0,0,"Red.eyed.Vireo","Eastern.Towhee",0.00170940170940171
"675",2,1,8.8,19.1,8.5,4.9,7.3,1,6.6,1.9,0.5,0.9,0.0999999999999979,2,0,0.301029995663981,0,2,900,900,8.30333333333333,0,1,0,1,0,0,0,0,1,1,1,0,0,0,1,1,"Red.eyed.Vireo","Yellow.breasted.Chat",0.232136752136752
"676",0,0,15.4,9.09999999999999,5.6,2.9,8.4,12.7,7,3.2,1.6,0.200000000000001,0.199999999999999,0,2,0.1249387366083,0,1,2200,2200,17.7033333333333,0,1,0,0,0,0,0,0,1,1,1,1,1,1,0,0,"Red.eyed.Vireo","Bobolink",-0.143247863247863
"677",0,1,3.3,14.5,3.6,0.100000000000001,3.8,1.2,1.8,0.8,0.100000000000001,2,0.900000000000002,1,2,0.419129307741976,1,3,2100,2100,2.00333333333333,0,1,0,0,0,1,0,1,1,1,1,0,1,0,1,1,"Red.eyed.Vireo","Orchard.Oriole",0.342222222222222
"678",0,2,34.7,36.2,5.8,33.3,4.2,40.5,8.5,4.4,1.3,5.8,6.3,1,1,0,0,0,500,500,37.2033333333333,0,1,0,0,0,0,0,0,1,1,1,0,1,0,0,0,"Red.eyed.Vireo","Red.winged.Blackbird",-0.0858119658119658
"679",0,1,24.2,17.1,3.2,13.2,10.3,27.5,5.2,4.5,1.5,1.5,1.2,3,0,0,0,0,105,105,23.5533333333333,0,1,0,0,0,0,0,0,1,1,1,0,1,0,1,0,"Red.eyed.Vireo","Brown.headed.Cowbird",0.254700854700855
"680",1,2,89.1,65.5,3.9,42.6,10.7,55.4,16.1,6.1,3,12.2,16.6,0,2,0.352182518111363,1,2,2000,2000,88.5533333333333,1,0,0,0,0,0,0,0,0,0,0,0,0,0,0,0,"Red.eyed.Vireo","Common.Grackle",-0.094017094017094
"681",0,0,2.7,2.3,4.9,0.5,5.3,4.3,2.8,0.300000000000001,0.7,0.699999999999999,1.3,2,1,0.301029995663981,0,2,1100,1100,1.53666666666667,0,1,1,1,0,0,0,0,1,1,1,0,1,0,1,0,"Red.eyed.Vireo","Ovenbird",0.552136752136752
"682",0,0,5.2,6.1,4.3,5.9,6.6,8.7,2.2,1.1,1.4,0.6,2.7,3,0,0.602059991327962,1,2,500,500,8.91666666666667,0,1,0,1,0,0,0,0,1,1,1,0,1,0,1,1,"Red.eyed.Vireo","Black.and.white.Warbler",0.254017094017094
"683",0,0,1.8,10,0.199999999999999,6.7,2.7,8.59999999999999,1.2,0.5,0.5,1.2,0.700000000000003,2,2,0.301029995663981,1,0,1700,1700,3.94666666666667,0,1,0,1,0,0,1,1,1,1,1,0,1,0,1,1,"Red.eyed.Vireo","Prothonotary.Warbler",0.642393162393162
"684",0,0,6.6,3.3,13.7,11.3,15.1,22.8,0.699999999999999,1.1,1.3,1.7,3.7,0,1,0.602059991327962,1,2,1600,1600,7.92166666666667,0,1,0,1,0,0,0,1,1,1,1,0,1,0,1,1,"Red.eyed.Vireo","Common.Yellowthroat",0.167863247863248
"685",0,1,5.6,2.4,8.3,5.9,10,12.8,0.300000000000001,0.8,0.5,1.7,2.7,0,0,0.425968732272281,1,1,1900,1900,8.69666666666667,0,1,0,1,0,0,0,0,1,1,1,0,1,0,1,1,"Red.eyed.Vireo","Hooded.Warbler",0.403076923076923
"686",0,0,7.9,0.100000000000001,5.2,7.6,8,15.5,2.5,1.4,0.3,2.8,4.1,0,0,0.1249387366083,0,1,0,0,10.9216666666667,0,1,0,1,0,0,0,0,1,1,1,0,1,0,1,1,"Red.eyed.Vireo","American.Redstart",-0.0687179487179487
"687",0,1,8.3,8.6,1.7,15.7,8.1,19.9,2.6,1.3,1.2,2,4.8,1,2,0.204119982655925,3,3,500,500,10.7116666666667,0,1,1,1,1,0,0,0,1,1,1,0,1,0,1,1,"Red.eyed.Vireo","Northern.Parula",0.28957264957265
"688",0,0,6,3.8,5.7,8.6,8.7,15.3,0.899999999999999,1.1,0.9,2.2,3.4,1,0,0.301029995663981,2,0,1400,1400,8.94666666666667,0,1,0,1,0,0,1,0,1,1,0,0,1,0,1,1,"Red.eyed.Vireo","Black.throated.Blue.Warbler",0.146666666666667
"689",0,1,4.3,1.3,1.2,4.4,3,5.7,0.899999999999999,0.6,1.2,1.6,3,2,1,0.176091259055681,1,0,50,50,6.94666666666667,0,1,1,1,0,0,0,0,1,1,1,0,1,0,1,1,"Red.eyed.Vireo","Pine.Warbler",0.405128205128205
"690",0,1,6.4,2,2.1,6.6,4.8,9.8,2.7,1,1.3,0.200000000000001,1.5,2,0,0.204119982655925,1,1,1200,1200,9.31333333333333,0,1,1,1,0,0,0,0,1,1,1,0,1,0,1,1,"Red.eyed.Vireo","Yellow.throated.Warbler",0.445470085470085
"691",0,1,8.5,4.3,9.8,11.2,12.5,22,1.8,1.5,1.5,2.4,4.6,1,0,0.273001272063738,1,1,1780,1780,11.0466666666667,0,1,0,1,0,0,0,0,1,1,1,0,1,0,1,1,"Red.eyed.Vireo","Prairie.Warbler",0.261538461538461
"692",0,0,13,18.6,0.600000000000001,11.8,4.3,14.5,0,4.6,4.1,3.7,2.8,2,1,0,0,0,500,500,9.56333333333333,0,1,1,1,0,0,0,0,1,1,1,0,1,0,1,1,"Red.eyed.Vireo","Summer.Tanager",0.731282051282051
"693",0,0,12.1,11.1,1.1,10.3,5.9,15.1,0.100000000000001,3.8,2.9,1.9,2.4,2,0,0.1249387366083,0,1,400,400,11.52,0,1,1,1,0,0,0,0,1,1,1,1,1,0,1,1,"Red.eyed.Vireo","Scarlet.Tanager",0.631452991452991
"694",2,1,26.5,49.1,14.3,22.1,9.4,16,5,7.9,5,5.1,1.2,0,0,0,2,2,1000,1000,25.4366666666667,0,1,0,0,0,0,0,0,0,1,1,0,1,0,0,1,"Red.eyed.Vireo","Northern.Cardinal",0.585641025641025
"695",0,1,11.3,11.7,6.9,11.6,3.7,8.59999999999999,0.800000000000001,6.5,3.1,2.7,0.600000000000001,2,0,0.176091259055681,0,2,500,500,9.80333333333333,0,1,0,0,0,0,0,0,1,1,1,0,1,0,1,0,"Red.eyed.Vireo","Blue.Grosbeak",0.167179487179487
"696",0,1,1.4,3.8,7.3,5.3,8.9,12.7,2.3,1.8,0.8,2,4.7,2,1,0.477121254719662,2,2,700,700,3.54666666666667,0,1,0,0,0,0,1,0,1,1,1,0,1,0,0,0,"Red.eyed.Vireo","Indigo.Bunting",0.144615384615385
"709",0,0,0,0,0,0,0,0,0,0,0,0,0,0,0,0,0,0,0,0,0,0,1,1,1,1,1,1,1,1,1,1,1,1,1,1,1,"White.eyed.Vireo","White.eyed.Vireo",1
"710",2,0,76.6,72.5,0.5,57.7,11.8,68.4,15.2,4.8,6.2,11.2,16.2,1,2,0.352182518111362,1,1,0,0,64.5333333333333,1,0,0,0,0,0,1,0,1,1,0,1,1,0,0,0,"White.eyed.Vireo","Blue.Jay",0.314871794871795
"711",1,0,437.4,118.2,18.6,135.6,95.8,231.9,35.5,12.5,10,25.8,36.2,0,2,1,3,6,800,800,444.76,1,0,0,0,0,0,1,0,0,0,0,1,0,0,0,0,"White.eyed.Vireo","American.Crow",0.122735042735043
"712",2,1,273.2,108.2,18.4,125.6,89.5,215.1,27.6,10.7,9.9,19.8,29.6,1,1,0.8750612633917,3,4,0,0,261.651666666667,1,0,0,0,0,0,1,0,0,0,0,1,0,0,0,0,"White.eyed.Vireo","Fish.Crow",0.252649572649573
"713",0,0,20.2,10.9,17.2,11.4,22.4,33.8,2.8,0.800000000000001,0.6,0.800000000000001,1.4,1,1,0.653212513775344,1,4,2000,2000,21.8516666666667,1,0,0,0,0,0,0,1,0,1,1,0,0,0,0,1,"White.eyed.Vireo","Cedar.Waxwing",0.00991452991452991
"714",2,1,10.2,19.7,1.8,14.6,1.4,16.3,1,1.4,1,1.4,0.399999999999999,2,2,0.653212513775344,1,4,390,390,10.6266666666667,1,0,0,1,0,0,1,0,0,1,1,1,1,1,1,1,"White.eyed.Vireo","Tufted.Titmouse",0.503589743589744
"715",2,0,1.4,0.700000000000003,1.6,3.6,0.300000000000001,2.8,4.7,0.399999999999999,0.4,0.800000000000001,4.8,2,1,0.653212513775344,1,4,850,850,0.756666666666666,1,0,0,1,0,1,1,0,0,1,1,1,1,0,1,1,"White.eyed.Vireo","Carolina.Chickadee",0.548717948717949
"716",2,0,42.4,23.5,34.1,20.1,65.5,85.6,4.5,0.7,2,2,3.1,1,3,0.176091259055681,1,4,2200,2200,39.06,0,1,0,1,0,0,1,1,0,1,1,1,1,1,1,0,"White.eyed.Vireo","Purple.Martin",-0.0516239316239316
"717",0,1,6.5,21.5,34.7,5.4,51.2,54.2,7.8,1.4,0.6,1.4,1.3,1,2,0.176091259055681,1,4,2000,2000,8.17666666666667,3,0,0,1,0,0,1,0,0,1,1,1,0,1,1,0,"White.eyed.Vireo","Barn.Swallow",-0.162393162393162
"718",0,1,10.2,0.300000000000004,31.1,5.8,43.1,47.7,6.9,1.1,0.6,1.5,2.4,2,1,0.1249387366083,1,1,1770,1770,11.2133333333333,0,0,0,1,0,0,1,1,0,1,1,1,1,1,1,0,"White.eyed.Vireo","Cliff.Swallow",-0.148034188034188
"719",2,0,7.6,1.8,6.5,2,4.3,2.2,1.9,0.2,0.7,3.7,3.2,0,1,0.1249387366083,1,1,1000,1000,8.62666666666667,1,0,0,1,0,0,1,0,1,1,1,1,1,1,1,1,"White.eyed.Vireo","Carolina.Wren",0.346324786324786
"720",2,1,9.6,0.100000000000001,13.3,10.3,16.5,27,1,0.100000000000001,0.1,4.8,5.4,0,5,0,0,0,2500,2500,10.5466666666667,0,1,0,1,0,0,1,0,0,1,1,0,0,0,0,1,"White.eyed.Vireo","White.breasted.Nuthatch",0.462564102564102
"721",2,1,1.2,13.5,5.4,0.700000000000003,4,3.4,4.7,0.2,0.6,3,1.6,0,4,0.301029995663981,0,2,400,400,1.09733333333333,1,0,0,1,0,0,1,0,0,1,1,1,1,0,1,1,"White.eyed.Vireo","Brown.headed.Nuthatch",0.394871794871795
"722",0,0,37.1,68.7,2.7,39.9,12,50.7,12.7,1.2,0.7,4.8,8.4,1,1,0.301029995663981,0,2,2000,2000,36.9766666666667,0,1,1,0,0,0,1,1,1,1,1,0,1,0,0,0,"White.eyed.Vireo","Northern.Mockingbird",0.149401709401709
"723",1,1,57.4,72.9,4,36.1,2.9,40.9,14.7,2.2,1.5,11.9,16.4,1,1,0.176091259055681,1,0,480,480,58.9933333333333,1,0,1,1,0,0,1,0,1,1,1,1,1,0,0,0,"White.eyed.Vireo","Brown.Thrasher",0.318974358974359
"724",1,0,16.1,13.6,14.9,13.8,20.3,34.2,0.199999999999999,0.4,0.3,1.7,1.7,1,0,0.176091259055681,0,1,1440,1440,18.71,0,1,0,1,0,0,1,1,1,1,1,1,1,1,1,1,"White.eyed.Vireo","Eastern.Bluebird",0.236923076923077
"725",0,1,38.7,22.4,9,28.3,17.9,44.9,12.6,1.3,1.2,4.5,5.3,0,1,0.477121254719662,2,1,325,275,42.7016666666667,0,1,0,1,0,0,1,0,0,1,1,1,1,0,1,0,"White.eyed.Vireo","Wood.Thrush",0.0694017094017094
"726",0,1,67.1,46.8,11.1,39.7,25.8,65.4,13.2,2.7,1.7,5.1,9.7,1,1,0.544068044350275,0,5,2500,2500,68.46,0,1,0,0,0,0,1,1,0,1,1,1,1,0,1,0,"White.eyed.Vireo","American.Robin",0.138461538461538
"727",2,1,15.1,8.3,9.4,3.8,9.3,13.3,1.6,3.3,2.4,1.7,0.199999999999999,2,3,0.1249387366083,1,1,3600,3600,16.2666666666667,0,0,0,0,0,0,0,0,1,1,0,0,1,0,0,0,"White.eyed.Vireo","House.Sparrow",-0.134358974358974
"728",1,0,10,17.3,9.6,5.2,10.1,15.6,2.1,4.1,2.7,1,3.1,1,2,0.544068044350275,0,5,2500,2500,10.5516666666667,0,1,1,0,0,0,0,0,0,1,1,0,1,0,0,1,"White.eyed.Vireo","House.Finch",0.412649572649573
"729",2,1,1.4,0.600000000000001,9.7,0.300000000000004,8,8.2,6,2.2,0.4,0.799999999999999,2.2,1,2,0,1,2,0,0,1.77666666666667,1,0,1,0,0,0,1,0,0,1,1,0,1,0,0,1,"White.eyed.Vireo","American.Goldfinch",0.435897435897436
"730",0,0,0.799999999999999,7.1,6.3,0.399999999999999,5.2,6.4,3.2,0.800000000000001,0.1,0.4,0.6,1,2,0.397940008672037,0,3,2800,2800,2.17666666666667,0,1,0,0,0,0,1,0,0,1,1,1,1,0,0,0,"White.eyed.Vireo","Chipping.Sparrow",0.431111111111111
"731",0,0,13,21.5,1.8,7.5,3.2,11.2,3.5,2.2,1.2,1,0.0999999999999996,2,2,0.477121254719662,2,1,0,0,16.31,1,0,0,0,0,0,1,0,0,1,1,0,1,0,0,0,"White.eyed.Vireo","White.throated.Sparrow",0.0222222222222222
"732",1,0,28.6,42.8,4.3,20.2,0,20.7,7.5,4.1,1.6,2.4,1.7,1,1,0.698970004336019,2,3,980,980,29.9433333333333,0,1,0,0,0,0,1,0,1,1,1,0,1,0,0,0,"White.eyed.Vireo","Eastern.Towhee",0.425641025641026
"733",2,0,13.5,22.9,3.4,9.9,5.2,14.9,6.6,2.2,0.9,3.1,2.6,0,0,0,0,0,1100,1100,16.3266666666667,0,1,0,1,0,0,1,1,0,1,1,1,0,1,1,1,"White.eyed.Vireo","Yellow.breasted.Chat",-0.128205128205128
"734",0,1,20.1,12.9,17.5,7.9,20.9,28.6,7,3.5,2,2.4,2.5,2,2,0.176091259055681,0,1,200,200,25.7266666666667,0,1,0,0,0,0,1,0,0,1,1,0,1,0,0,0,"White.eyed.Vireo","Bobolink",-0.0988034188034188
"735",0,0,8,18.3,8.3,5.1,8.7,14.7,1.8,1.1,0.5,4.2,3.6,1,2,0.720159303405957,1,5,100,100,10.0266666666667,0,1,0,0,0,0,0,0,0,1,1,1,1,1,1,1,"White.eyed.Vireo","Orchard.Oriole",0.344957264957265
"736",0,1,39.4,40,6.1,38.3,16.7,56.4,8.5,4.7,1.7,8,9,1,1,0.301029995663981,0,2,1500,1500,45.2266666666667,0,1,0,0,0,0,1,0,0,1,1,1,1,0,0,0,"White.eyed.Vireo","Red.winged.Blackbird",-0.0618803418803419
"737",0,0,28.9,20.9,15.1,18.2,22.8,43.4,5.2,4.8,1.9,3.7,3.9,1,0,0.301029995663981,0,2,1895,1895,31.5766666666667,0,1,0,0,0,0,1,0,0,1,1,1,1,1,1,0,"White.eyed.Vireo","Brown.headed.Cowbird",0.389401709401709
"738",1,1,93.8,69.3,8,47.6,23.2,71.3,16.1,6.4,3.4,14.4,19.3,2,2,0.653212513775344,1,4,0,0,96.5766666666667,1,0,0,0,0,0,1,0,1,0,0,1,0,1,0,0,"White.eyed.Vireo","Common.Grackle",-0.141880341880342
"739",0,1,7.4,1.5,7,4.5,7.2,11.6,2.8,0,0.3,1.5,1.4,0,1,0,0,0,900,900,9.56,0,1,0,1,0,0,1,0,0,1,1,1,1,1,1,0,"White.eyed.Vireo","Ovenbird",0.446153846153846
"740",0,1,0.5,2.3,7.6,0.899999999999999,5.9,7.2,2.2,0.8,1,1.6,0,1,0,0.301029995663981,1,0,1500,1500,0.893333333333333,0,1,0,1,0,0,1,1,0,1,1,1,1,1,1,1,"White.eyed.Vireo","Black.and.white.Warbler",0.334700854700855
"741",0,1,2.9,6.2,12.1,1.7,9.8,7.3,1.2,0.2,0.1,3.4,3.4,0,2,0,1,2,300,300,4.07666666666667,0,1,0,1,0,0,0,0,0,1,1,1,1,1,1,1,"White.eyed.Vireo","Prothonotary.Warbler",0.381880341880342
"742",0,1,1.9,0.5,1.8,6.3,2.6,6.9,0.699999999999999,0.8,0.9,0.5,1,2,1,0.301029995663981,1,0,3600,3600,0.101666666666668,0,1,0,1,0,0,1,0,0,1,1,1,1,1,1,1,"White.eyed.Vireo","Common.Yellowthroat",-0.0926495726495726
"743",0,0,0.9,6.2,3.6,0.899999999999999,2.5,3.1,0.300000000000001,0.5,0.1,0.5,0,2,0,0.1249387366083,1,1,100,100,0.673333333333332,0,1,0,1,0,0,1,1,0,1,1,1,1,1,1,1,"White.eyed.Vireo","Hooded.Warbler",0.485128205128205
"744",0,1,3.2,3.7,6.7,2.6,4.5,0.399999999999999,2.5,1.1,0.1,0.6,1.4,2,0,0.176091259055681,0,1,2000,2000,2.89833333333333,0,1,0,1,0,0,1,1,0,1,1,1,1,1,1,1,"White.eyed.Vireo","American.Redstart",0.195897435897436
"745",0,0,3.6,4.8,10.2,10.7,4.4,4,2.6,1,0.8,0.199999999999999,2.1,1,2,0.0969100130080562,3,1,1500,1500,2.68833333333333,0,1,0,1,0,1,0,0,0,1,1,0,1,1,1,1,"White.eyed.Vireo","Northern.Parula",0.464615384615385
"746",0,1,1.3,0,6.2,3.6,3.8,0.600000000000001,0.899999999999999,0.8,0.5,0,0.699999999999999,1,0,0.602059991327962,2,2,600,600,0.923333333333332,0,1,0,1,0,1,0,0,0,1,0,1,1,1,1,1,"White.eyed.Vireo","Black.throated.Blue.Warbler",-0.0167521367521367
"747",0,0,0.4,5.1,10.7,0.600000000000001,9.5,10.2,0.899999999999999,0.3,0.8,0.6,0.299999999999999,0,1,0.477121254719662,1,2,2050,2050,1.07666666666667,0,1,0,1,0,1,1,0,0,1,1,1,1,1,1,1,"White.eyed.Vireo","Pine.Warbler",0.32034188034188
"748",0,0,1.7,1.8,9.8,1.6,7.7,6.1,2.7,0.7,0.9,2.4,1.2,0,0,0.0969100130080562,1,3,800,800,1.29,0,1,0,1,0,0,1,1,0,1,1,1,1,1,1,1,"White.eyed.Vireo","Yellow.throated.Warbler",0.372307692307692
"749",0,0,3.8,0.5,2.1,6.2,0,6.1,1.8,1.2,1.1,0.2,1.9,1,0,0.574031267727719,1,3,220,220,3.02333333333333,0,1,0,1,0,1,1,1,0,1,1,0,1,1,1,1,"White.eyed.Vireo","Prairie.Warbler",0.165128205128205
"750",0,1,17.7,22.4,11.3,16.8,16.8,30.4,0,4.9,4.5,5.9,5.5,0,1,0.301029995663981,0,2,1500,1500,17.5866666666667,0,1,0,1,0,0,1,1,0,1,1,1,1,1,1,1,"White.eyed.Vireo","Summer.Tanager",0.301880341880342
"751",0,1,16.8,14.9,13,15.3,18.4,31,0.100000000000001,4.1,3.3,4.1,5.1,0,0,0.176091259055681,0,1,1600,1600,19.5433333333333,0,1,0,1,0,0,1,1,0,1,1,0,1,1,1,1,"White.eyed.Vireo","Scarlet.Tanager",0.273162393162393
"752",2,0,31.2,52.9,2.4,27.1,3.1,31.9,5,8.2,5.4,7.3,3.9,2,0,0.301029995663981,2,0,1000,1000,33.46,0,1,1,0,0,0,1,0,1,1,1,0,1,0,0,1,"White.eyed.Vireo","Northern.Cardinal",0.301880341880342
"753",0,0,16,15.5,5,16.6,8.8,24.5,0.800000000000001,6.8,3.5,4.9,3.3,0,0,0.477121254719662,0,4,1500,1500,17.8266666666667,0,1,0,0,0,0,1,0,0,1,1,1,1,1,1,0,"White.eyed.Vireo","Blue.Grosbeak",0.0064957264957265
"754",0,0,3.3,0,4.6,0.300000000000004,3.6,3.2,2.3,2.1,1.2,0.199999999999999,2,0,1,0.778151250383644,2,4,1300,1300,4.47666666666667,0,1,1,0,0,0,0,0,0,1,1,0,1,0,0,0,"White.eyed.Vireo","Indigo.Bunting",-0.106324786324786
"768",0,0,0,0,0,0,0,0,0,0,0,0,0,0,0,0,0,0,0,0,0,0,1,1,1,1,1,1,1,1,1,1,1,1,1,1,1,"Blue.Jay","Blue.Jay",1
"769",1,0,360.8,45.7,19.1,77.9,84,163.5,20.3,7.7,3.8,14.6,20,1,0,0.647817481888637,2,5,800,800,380.226666666667,0,1,0,1,0,0,1,0,0,0,0,1,0,1,1,1,"Blue.Jay","American.Crow",0.184957264957265
"770",0,1,196.6,35.7,18.9,67.9,77.7,146.7,12.4,5.9,3.7,8.6,13.4,0,1,0.522878745280337,2,3,0,0,197.118333333333,0,1,0,1,1,1,1,0,0,0,0,1,0,1,1,1,"Blue.Jay","Fish.Crow",0.283418803418803
"771",2,0,56.4,61.6,17.7,46.3,10.6,34.6,18,4,5.6,12,14.8,0,1,0.301029995663981,0,3,2000,2000,42.6816666666667,2,0,1,0,0,0,0,0,0,1,0,0,0,0,0,0,"Blue.Jay","Cedar.Waxwing",-0.269059829059829
"772",0,1,66.4,52.8,1.3,43.1,10.4,52.1,14.2,3.4,5.2,9.8,16.6,3,0,0.301029995663981,0,3,390,390,53.9066666666667,0,1,0,0,0,0,1,0,0,1,0,1,1,0,0,0,"Blue.Jay","Tufted.Titmouse",0.606837606837607
"773",0,0,78,71.8,2.1,61.3,11.5,71.2,19.9,5.2,6.6,12,21,3,1,0.301029995663981,0,3,850,850,65.29,0,1,0,0,0,0,1,0,0,1,0,1,1,1,0,0,"Blue.Jay","Carolina.Chickadee",0.334700854700855
"774",0,0,34.2,49,34.6,37.6,53.7,17.2,19.7,4.1,4.2,9.2,13.1,0,1,0.176091259055681,2,3,2200,2200,25.4733333333333,1,0,0,0,0,0,1,0,0,1,0,1,1,0,0,0,"Blue.Jay","Purple.Martin",-0.232136752136752
"775",2,1,70.1,51,35.2,52.3,39.4,14.2,23,6.2,5.6,12.6,17.5,0,0,0.176091259055681,2,3,2000,2000,56.3566666666667,2,0,0,0,0,0,1,0,0,1,0,1,0,0,0,0,"Blue.Jay","Barn.Swallow",-0.331282051282051
"776",2,1,66.4,72.2,31.6,51.9,31.3,20.7,22.1,5.9,5.6,12.7,18.6,1,1,0.477121254719663,2,0,1770,1770,53.32,1,0,0,0,0,0,1,0,0,1,0,1,1,0,0,0,"Blue.Jay","Cliff.Swallow",0.00307692307692308
"777",0,0,69,70.7,6,55.7,16.1,70.6,13.3,5,6.9,7.5,13,1,1,0.477121254719663,2,0,1000,1000,55.9066666666667,0,1,0,0,0,0,1,0,1,1,0,1,1,0,0,0,"Blue.Jay","Carolina.Wren",0.403076923076923
"778",0,1,67,72.6,13.8,47.4,4.7,41.4,16.2,4.7,6.1,6.4,10.8,1,3,0.352182518111362,1,1,2500,2500,53.9866666666667,1,0,0,0,0,0,1,0,0,1,0,0,0,1,1,0,"Blue.Jay","White.breasted.Nuthatch",0.324444444444444
"779",0,1,77.8,86,5.9,58.4,7.8,65,19.9,5,6.8,8.2,14.6,1,2,0.0511525224473814,1,1,400,400,65.6306666666667,0,1,1,0,0,0,1,0,0,1,0,1,1,1,0,0,"Blue.Jay","Brown.headed.Nuthatch",0.145982905982906
"780",2,0,39.5,3.80000000000001,3.2,17.8,0.200000000000003,17.7,2.5,3.6,5.5,6.4,7.8,0,1,0.0511525224473814,1,1,2000,2000,27.5566666666667,1,0,0,1,0,0,1,0,1,1,0,0,1,1,1,0,"Blue.Jay","Northern.Mockingbird",0.277948717948718
"781",1,1,19.2,0.399999999999991,3.5,21.6,8.9,27.5,0.5,2.6,4.7,0.699999999999999,0.200000000000003,0,1,0.176091259055681,0,1,480,480,5.53999999999999,0,1,0,0,0,1,1,0,1,1,0,1,1,1,1,0,"Blue.Jay","Brown.Thrasher",0.242393162393162
"782",1,0,60.5,58.9,15.4,43.9,8.5,34.2,15,4.4,5.9,9.5,14.5,2,2,0.176091259055681,1,0,1440,1440,45.8233333333333,1,0,1,0,0,1,1,0,1,1,0,1,1,0,0,0,"Blue.Jay","Eastern.Bluebird",0.608205128205128
"783",2,1,37.9,50.1,9.5,29.4,6.1,23.5,2.6,3.5,5,6.7,10.9,1,3,0.1249387366083,1,0,325,275,21.8316666666667,1,0,0,0,0,1,1,0,0,1,0,1,1,1,0,0,"Blue.Jay","Wood.Thrush",0.528888888888889
"784",2,1,9.5,25.7,11.6,18,14,3,2,2.1,4.5,6.1,6.5,0,3,0.191885526238913,1,4,2500,2500,3.92666666666668,1,0,0,1,0,0,1,0,0,1,0,1,1,1,0,0,"Blue.Jay","American.Robin",0.212991452991453
"785",0,1,61.5,64.2,9.9,53.9,2.5,55.1,16.8,1.5,3.8,9.5,16.4,1,1,0.477121254719663,2,0,3600,3600,48.2666666666667,1,0,0,0,0,0,0,0,1,1,1,0,1,0,0,1,"Blue.Jay","House.Sparrow",0.178803418803419
"786",1,0,66.6,55.2,10.1,52.5,1.7,52.8,17.3,0.700000000000001,3.5,10.2,19.3,0,0,0.191885526238913,1,4,2500,2500,53.9816666666667,1,0,0,0,0,1,0,0,0,1,0,0,1,0,0,0,"Blue.Jay","House.Finch",0.191794871794872
"787",0,1,75.2,73.1,10.2,58,3.8,60.2,21.2,2.6,5.8,10.4,18.4,0,0,0.352182518111362,2,1,0,0,62.7566666666667,0,1,0,0,0,0,1,0,0,1,0,0,1,0,0,0,"Blue.Jay","American.Goldfinch",0.377777777777778
"788",2,0,75.8,65.4,6.8,57.3,6.6,62,18.4,4,6.1,11.6,16.8,0,0,0.045757490560675,1,2,2800,2800,62.3566666666667,1,0,1,0,0,0,1,0,0,1,0,1,1,1,1,0,"Blue.Jay","Chipping.Sparrow",0.233504273504273
"789",2,0,63.6,51,2.3,50.2,8.6,57.2,11.7,2.6,5,10.2,16.3,1,0,0.1249387366083,1,0,0,0,48.2233333333333,0,1,1,0,0,1,1,1,0,1,0,0,1,0,1,1,"Blue.Jay","White.throated.Sparrow",0.0263247863247863
"790",1,0,48,29.7,3.8,37.5,11.8,47.7,7.7,0.700000000000001,4.6,8.8,14.5,0,1,0.346787486224656,1,2,980,980,34.59,1,0,0,1,1,1,1,0,1,1,0,0,1,0,1,0,"Blue.Jay","Eastern.Towhee",0.235555555555556
"791",0,0,63.1,49.6,3.9,47.8,6.6,53.5,8.6,2.6,5.3,8.1,13.6,1,2,0.352182518111362,1,1,1100,1100,48.2066666666667,1,0,1,0,0,0,1,0,0,1,0,1,0,0,0,0,"Blue.Jay","Yellow.breasted.Chat",0.338119658119658
"792",2,1,56.5,59.6,18,49.8,9.1,39.8,8.2,1.3,4.2,8.8,13.7,1,0,0.176091259055681,1,0,200,200,38.8066666666667,1,0,0,0,0,0,1,0,0,1,0,0,1,1,0,0,"Blue.Jay","Bobolink",-0.0317948717948718
"793",2,0,68.6,54.2,8.8,52.6,3.1,53.7,13.4,3.7,5.7,7,12.6,0,0,0.367976785294594,0,4,100,100,54.5066666666667,1,0,1,1,0,0,0,0,0,1,0,1,1,0,0,0,"Blue.Jay","Orchard.Oriole",0.193162393162393
"794",2,1,37.2,32.5,6.6,19.4,4.9,12,6.7,0.0999999999999996,4.5,3.2,7.2,0,3,0.0511525224473814,1,1,1500,1500,19.3066666666667,1,0,0,0,0,0,1,0,0,1,0,1,1,0,0,0,"Blue.Jay","Red.winged.Blackbird",-0.230769230769231
"795",2,0,47.7,51.6,15.6,39.5,11,25,10,0,4.3,7.5,12.3,2,2,0.0511525224473814,1,1,1895,1895,32.9566666666667,1,0,0,0,0,0,1,0,0,1,0,1,1,0,0,1,"Blue.Jay","Brown.headed.Cowbird",0.231452991452991
"796",1,1,17.2,3.2,8.5,10.1,11.4,2.90000000000001,0.899999999999999,1.6,2.8,3.2,3.1,1,0,0.301029995663981,0,3,0,0,32.0433333333333,0,1,1,1,1,0,1,0,1,0,1,1,0,0,1,1,"Blue.Jay","Common.Grackle",-0.175384615384615
"797",2,1,69.2,71,7.5,53.2,4.6,56.8,12.4,4.8,6.5,9.7,14.8,1,1,0.352182518111362,1,1,900,900,54.9733333333333,1,0,0,0,0,0,1,0,0,1,0,1,1,0,0,1,"Blue.Jay","Ovenbird",0.685470085470085
"798",2,1,77.1,74.8,8.1,58.6,5.9,61.2,17.4,5.6,7.2,9.6,16.2,2,2,0.653212513775344,2,1,1500,1500,65.4266666666667,1,0,1,0,0,0,1,0,0,1,0,1,1,0,0,0,"Blue.Jay","Black.and.white.Warbler",0.366153846153846
"799",2,1,73.7,78.7,12.6,59.4,2,61.1,16.4,5,6.3,7.8,12.8,1,0,0.352182518111362,2,1,300,300,60.4566666666667,1,0,1,0,0,0,0,0,0,1,0,1,1,0,0,0,"Blue.Jay","Prothonotary.Warbler",0.29025641025641
"800",2,1,78.5,72,1.3,64,14.4,75.3,14.5,5.6,7.1,10.7,17.2,1,1,0.653212513775344,2,1,3600,3600,64.4316666666667,1,0,0,0,0,0,1,0,0,1,0,1,1,0,0,0,"Blue.Jay","Common.Yellowthroat",0.27042735042735
"801",2,0,77.5,66.3,4.1,58.6,9.3,65.3,15.5,5.3,6.3,10.7,16.2,1,2,0.477121254719663,2,0,100,100,65.2066666666667,1,0,1,0,0,0,1,0,0,1,0,1,1,0,0,0,"Blue.Jay","Hooded.Warbler",0.545299145299145
"802",2,1,79.8,68.8,7.2,60.3,7.3,68,17.7,5.9,6.1,11.8,17.6,1,2,0.176091259055681,1,0,2000,2000,67.4316666666667,1,0,1,0,0,1,1,0,0,1,0,1,1,0,0,0,"Blue.Jay","American.Redstart",0.109059829059829
"803",2,0,80.2,77.3,10.7,68.4,7.4,72.4,17.8,5.8,7,11,18.3,0,0,0.255272505103306,2,2,1500,1500,67.2216666666667,1,0,0,0,0,0,0,0,0,1,0,0,1,0,0,0,"Blue.Jay","Northern.Parula",0.299145299145299
"804",2,1,77.9,72.5,6.7,61.3,8,67.8,16.1,5.6,6.7,11.2,16.9,0,2,0.2498774732166,1,1,600,600,65.4566666666667,1,0,1,0,0,0,0,0,0,1,0,1,1,0,0,0,"Blue.Jay","Black.throated.Blue.Warbler",-0.141880341880342
"805",2,0,76.2,67.4,11.2,57.1,2.3,58.2,16.1,5.1,7,10.6,16.5,1,3,0.1249387366083,0,1,2050,2050,63.4566666666667,1,0,0,0,0,0,1,0,0,1,0,1,1,0,0,0,"Blue.Jay","Pine.Warbler",0.353162393162393
"806",2,0,78.3,70.7,10.3,59.3,4.1,62.3,17.9,5.5,7.1,8.8,15,1,2,0.255272505103306,2,2,800,800,65.8233333333333,1,0,0,0,0,0,1,0,0,1,0,1,1,0,0,0,"Blue.Jay","Yellow.throated.Warbler",0.254700854700855
"807",2,0,80.4,73,2.6,63.9,11.8,74.5,17,6,7.3,11.4,18.1,0,2,0.221848749616356,0,2,220,220,67.5566666666667,1,0,1,0,0,0,1,0,0,1,0,0,1,0,0,0,"Blue.Jay","Prairie.Warbler",0.389401709401709
"808",2,1,58.9,50.1,11.8,40.9,5,38,15.2,0.0999999999999996,1.7,5.3,10.7,1,3,0.0511525224473814,1,1,1500,1500,46.9466666666667,1,0,0,0,0,1,1,0,0,1,0,1,1,0,0,0,"Blue.Jay","Summer.Tanager",0.604786324786325
"809",2,1,59.8,57.6,13.5,42.4,6.6,37.4,15.3,0.700000000000001,2.9,7.1,11.1,1,2,0.176091259055681,1,0,1600,1600,44.99,1,0,0,0,0,1,1,0,0,1,0,0,1,0,0,0,"Blue.Jay","Scarlet.Tanager",0.353162393162393
"810",0,0,45.4,19.6,1.9,30.6,8.7,36.5,10.2,3.4,0.799999999999999,3.9,12.3,1,2,0.0511525224473814,1,1,1000,1000,31.0733333333333,1,0,0,1,0,0,1,0,1,1,0,0,1,0,1,0,"Blue.Jay","Northern.Cardinal",0.444102564102564
"811",2,0,60.6,57,5.5,41.1,3,43.9,14.4,2,2.7,6.3,12.9,1,2,0.1249387366083,1,3,1500,1500,46.7066666666667,1,0,1,1,0,0,1,1,0,1,0,1,1,0,0,0,"Blue.Jay","Blue.Grosbeak",0.368888888888889
"812",2,0,73.3,72.5,5.1,58,8.2,65.2,17.5,2.7,5,11,18.2,1,3,0.425968732272281,1,3,1300,1300,60.0566666666667,1,0,0,1,1,0,0,0,0,1,0,0,1,0,0,1,"Blue.Jay","Indigo.Bunting",0.302564102564102
"827",0,0,0,0,0,0,0,0,0,0,0,0,0,0,0,0,0,0,0,0,0,0,1,1,1,1,1,1,1,1,1,1,1,1,1,1,1,"American.Crow","American.Crow",1
"828",1,1,164.2,10,0.200000000000003,10,6.30000000000001,16.8,7.9,1.8,0.0999999999999996,6,6.6,1,1,0.1249387366083,0,2,800,800,183.108333333333,0,1,0,1,0,0,1,0,0,1,1,1,1,1,1,1,"American.Crow","Fish.Crow",0.503589743589744
"829",1,0,417.2,107.3,1.4,124.2,73.4,198.1,38.3,11.7,9.4,26.6,34.8,1,1,0.346787486224656,2,2,1200,1200,422.908333333333,2,0,0,0,0,0,0,0,0,0,0,0,1,0,0,0,"American.Crow","Cedar.Waxwing",-0.573333333333333
"830",1,1,427.2,98.5,20.4,121,94.4,215.6,34.5,11.1,9,24.4,36.6,2,0,0.346787486224656,2,2,1190,1190,434.133333333333,0,1,0,0,0,0,1,0,0,0,0,1,0,0,0,0,"American.Crow","Tufted.Titmouse",0.0981196581196581
"831",1,0,438.8,117.5,17,139.2,95.5,234.7,40.2,12.9,10.4,26.6,41,2,1,0.346787486224656,2,2,50,50,445.516666666667,0,1,0,0,0,0,1,0,0,0,0,1,0,1,0,0,"American.Crow","Carolina.Chickadee",0.385982905982906
"832",1,0,395,94.7,15.5,115.5,30.3,146.3,40,11.8,8,23.8,33.1,1,1,0.823908740944319,4,2,1400,1400,405.7,1,0,0,0,0,0,1,0,0,0,0,1,0,0,0,0,"American.Crow","Purple.Martin",-0.0564102564102564
"833",1,1,430.9,96.7,16.1,130.2,44.6,177.7,43.3,13.9,9.4,27.2,37.5,1,0,0.823908740944319,4,2,1200,1200,436.583333333333,2,0,0,0,0,0,1,0,0,0,0,1,1,0,0,0,"American.Crow","Barn.Swallow",0.256752136752137
"834",1,1,427.2,117.9,12.5,129.8,52.7,184.2,42.4,13.6,9.4,27.3,38.6,2,1,1.1249387366083,4,5,970,970,433.546666666667,1,0,0,0,0,0,1,0,0,0,0,1,0,0,0,0,"American.Crow","Cliff.Swallow",0.444102564102564
"835",1,0,429.8,116.4,25.1,133.6,100.1,234.1,33.6,12.7,10.7,22.1,33,0,1,1.1249387366083,4,5,200,200,436.133333333333,0,1,0,0,0,0,1,0,0,0,0,1,0,0,0,0,"American.Crow","Carolina.Wren",0.228717948717949
"836",1,1,427.8,118.3,5.3,125.3,79.3,204.9,36.5,12.4,9.9,21,30.8,0,3,1,3,6,1700,1700,434.213333333333,1,0,0,0,0,0,1,0,0,0,0,0,1,1,1,0,"American.Crow","White.breasted.Nuthatch",0.103589743589744
"837",1,1,438.6,131.7,13.2,136.3,91.8,228.5,40.2,12.7,10.6,22.8,34.6,0,2,0.698970004336019,3,4,1200,1200,445.857333333333,0,1,0,0,0,0,1,0,0,0,0,1,0,1,0,0,"American.Crow","Brown.headed.Nuthatch",0.0905982905982906
"838",1,0,400.3,49.5,15.9,95.7,83.8,181.2,22.8,11.3,9.3,21,27.8,1,1,0.698970004336019,3,4,1200,1200,407.783333333333,1,0,0,1,0,0,1,0,0,0,0,0,0,1,1,0,"American.Crow","Northern.Mockingbird",0.343589743589744
"839",0,1,380,45.3,22.6,99.5,92.9,191,20.8,10.3,8.5,13.9,19.8,1,1,0.823908740944319,2,6,1280,1280,385.766666666667,0,1,0,0,0,0,1,0,0,0,0,1,0,1,1,0,"American.Crow","Brown.Thrasher",0.0796581196581197
"840",0,0,421.3,104.6,3.7,121.8,75.5,197.7,35.3,12.1,9.7,24.1,34.5,1,2,0.823908740944319,3,5,640,640,426.05,1,0,0,0,0,0,1,0,0,0,0,1,0,0,0,0,"American.Crow","Eastern.Bluebird",0.206837606837607
"841",1,1,398.7,95.8,9.6,107.3,77.9,187,22.9,11.2,8.8,21.3,30.9,0,3,0.522878745280338,1,5,475,525,402.058333333333,1,0,0,0,0,0,1,0,1,0,0,1,0,1,0,0,"American.Crow","Wood.Thrush",-0.0673504273504273
"842",1,1,370.3,71.4,7.5,95.9,70,166.5,22.3,9.8,8.3,20.7,26.5,1,3,0.455931955649724,3,1,1700,1700,376.3,1,0,0,1,0,0,1,0,0,0,0,1,0,1,0,0,"American.Crow","American.Robin",0.0297435897435897
"843",1,1,422.3,109.9,9.2,131.8,86.5,218.6,37.1,9.2,7.6,24.1,36.4,2,1,1.1249387366083,4,5,2800,2800,428.493333333333,1,0,0,0,0,0,0,0,0,0,0,0,0,0,0,1,"American.Crow","House.Sparrow",0.0160683760683761
"844",0,0,427.4,100.9,9,130.4,85.7,216.3,37.6,8.4,7.3,24.8,39.3,1,0,0.455931955649724,3,1,1700,1700,434.208333333333,1,0,0,0,0,0,0,0,0,0,0,0,0,0,0,0,"American.Crow","House.Finch",0.158974358974359
"845",1,1,436,118.8,8.9,135.9,87.8,223.7,41.5,10.3,9.6,25,38.4,1,0,1,4,4,800,800,442.983333333333,0,1,0,0,0,0,1,0,0,0,0,0,0,0,0,0,"American.Crow","American.Goldfinch",0.232820512820513
"846",1,0,436.6,111.1,12.3,135.2,90.6,225.5,38.7,11.7,9.9,26.2,36.8,1,0,0.602059991327962,3,3,2000,2000,442.583333333333,1,0,0,0,0,0,1,0,0,0,0,1,0,1,1,0,"American.Crow","Chipping.Sparrow",0.62051282051282
"847",1,0,424.4,96.7,16.8,128.1,92.6,220.7,32,10.3,8.8,24.8,36.3,2,0,0.522878745280338,1,5,800,800,428.45,0,1,0,0,1,0,1,0,0,0,0,0,0,0,1,1,"American.Crow","White.throated.Sparrow",0.155555555555556
"848",0,0,408.8,75.4,22.9,115.4,95.8,211.2,28,8.4,8.4,23.4,34.5,1,1,0.301029995663981,1,3,180,180,414.816666666667,1,0,0,1,0,0,1,0,0,0,0,0,0,0,1,0,"American.Crow","Eastern.Towhee",0.175384615384615
"849",1,0,423.9,95.3,15.2,125.7,90.6,217,28.9,10.3,9.1,22.7,33.6,0,2,1,3,6,300,300,428.433333333333,1,0,0,0,0,1,1,0,0,0,0,1,1,0,0,0,"American.Crow","Yellow.breasted.Chat",0.457094017094017
"850",1,1,417.3,105.3,1.1,127.7,74.9,203.3,28.5,9,8,23.4,33.7,2,0,0.823908740944319,3,5,1000,1000,419.033333333333,1,0,0,0,0,0,1,0,0,0,0,0,0,1,0,0,"American.Crow","Bobolink",-0.228034188034188
"851",1,0,429.4,99.9,10.3,130.5,87.1,217.2,33.7,11.4,9.5,21.6,32.6,1,0,0.279840696594043,2,1,900,900,434.733333333333,1,0,0,1,0,0,0,0,0,0,0,1,0,0,0,0,"American.Crow","Orchard.Oriole",0.309401709401709
"852",1,1,398,78.2,12.5,97.3,79.1,175.5,27,7.8,8.3,17.8,27.2,1,3,0.698970004336019,3,4,700,700,399.533333333333,1,0,0,0,0,0,1,0,0,0,0,1,0,0,0,0,"American.Crow","Red.winged.Blackbird",-0.141196581196581
"853",1,0,408.5,97.3,3.5,117.4,73,188.5,30.3,7.7,8.1,22.1,32.3,1,2,0.698970004336019,3,4,1095,1095,413.183333333333,1,0,0,0,0,0,1,0,0,0,0,1,0,0,0,1,"American.Crow","Brown.headed.Cowbird",0.561025641025641
"854",0,1,343.6,48.9,10.6,88,72.6,160.6,19.4,6.1,6.6,11.4,16.9,2,0,0.346787486224656,2,2,800,800,348.183333333333,0,1,0,1,0,1,1,0,0,1,0,1,1,0,1,1,"American.Crow","Common.Grackle",-0.0502564102564102
"855",1,1,430,116.7,11.6,131.1,88.6,220.3,32.7,12.5,10.3,24.3,34.8,0,1,1,3,6,100,100,435.2,1,0,0,0,0,0,1,0,0,0,0,1,0,0,0,1,"American.Crow","Ovenbird",0.237606837606838
"856",1,1,437.9,120.5,11,136.5,89.9,224.7,37.7,13.3,11,24.2,36.2,1,2,1.30102999566398,4,6,700,700,445.653333333333,1,0,0,0,0,0,1,0,0,0,0,1,0,0,0,0,"American.Crow","Black.and.white.Warbler",-0.0174358974358974
"857",1,1,434.5,124.4,6.5,137.3,86,224.6,36.7,12.7,10.1,22.4,32.8,0,0,1,4,4,500,500,440.683333333333,1,0,0,0,0,0,0,0,0,0,0,1,0,0,0,0,"American.Crow","Prothonotary.Warbler",0.225982905982906
"858",1,1,439.3,117.7,20.4,141.9,98.4,238.8,34.8,13.3,10.9,25.3,37.2,2,1,1.30102999566398,4,6,2800,2800,444.658333333333,1,0,0,0,0,0,1,0,0,0,0,1,0,0,0,0,"American.Crow","Common.Yellowthroat",-0.2
"859",1,0,438.3,112,15,136.5,93.3,228.8,35.8,13,10.1,25.3,36.2,2,2,1.1249387366083,4,5,700,700,445.433333333333,1,0,0,0,0,0,1,0,0,0,0,1,0,0,0,0,"American.Crow","Hooded.Warbler",0.343589743589744
"860",1,1,440.6,114.5,11.9,138.2,91.3,231.5,38,13.6,9.9,26.4,37.6,2,2,0.823908740944319,3,5,1200,1200,447.658333333333,1,0,0,0,0,0,1,0,0,0,0,1,0,0,0,0,"American.Crow","American.Redstart",0.10974358974359
"861",1,0,441,123,8.4,146.3,91.4,235.9,38.1,13.5,10.8,25.6,38.3,1,0,0.903089986991944,0,7,700,700,447.448333333333,1,0,0,0,0,0,0,0,0,0,0,0,0,0,0,0,"American.Crow","Northern.Parula",-0.0823931623931624
"862",1,1,438.7,118.2,12.4,139.2,92,231.3,36.4,13.3,10.5,25.8,36.9,1,2,0.397940008672038,1,4,200,200,445.683333333333,1,0,0,0,0,0,0,0,0,0,1,1,0,0,0,0,"American.Crow","Black.throated.Blue.Warbler",-0.323076923076923
"863",1,0,437,113.1,7.9,135,86.3,221.7,36.4,12.8,10.8,25.2,36.5,0,3,0.522878745280338,2,4,1250,1250,443.683333333333,1,0,0,0,0,0,1,0,0,0,0,1,0,0,0,0,"American.Crow","Pine.Warbler",0.530940170940171
"864",1,0,439.1,116.4,8.8,137.2,88.1,225.8,38.2,13.2,10.9,23.4,35,0,2,0.903089986991944,4,3,0,0,446.05,1,0,0,0,0,0,1,0,0,0,0,1,0,0,0,0,"American.Crow","Yellow.throated.Warbler",0.456410256410256
"865",1,0,441.2,118.7,16.5,141.8,95.8,238,37.3,13.7,11.1,26,38.1,1,2,0.425968732272281,2,3,580,580,447.783333333333,1,0,0,0,0,0,1,0,0,0,0,0,0,0,0,0,"American.Crow","Prairie.Warbler",0.455042735042735
"866",1,1,419.7,95.8,7.3,118.8,79,201.5,35.5,7.6,5.5,19.9,30.7,0,3,0.698970004336019,3,4,700,700,427.173333333333,1,0,0,0,0,0,1,0,0,0,0,1,0,0,0,0,"American.Crow","Summer.Tanager",0.232820512820513
"867",1,1,420.6,103.3,5.6,120.3,77.4,200.9,35.6,8.4,6.7,21.7,31.1,0,2,0.823908740944319,3,5,800,800,425.216666666667,1,0,0,0,0,0,1,0,0,0,0,0,0,0,0,0,"American.Crow","Scarlet.Tanager",0.374358974358974
"868",1,0,406.2,65.3,21,108.5,92.7,200,30.5,4.3,4.6,18.5,32.3,2,2,0.698970004336019,1,6,200,200,411.3,1,0,0,1,0,0,1,0,0,0,0,0,0,0,1,0,"American.Crow","Northern.Cardinal",0.43042735042735
"869",1,0,421.4,102.7,13.6,119,87,207.4,34.7,5.7,6.5,20.9,32.9,0,2,0.522878745280338,3,2,700,700,426.933333333333,1,0,0,1,0,0,1,0,0,0,0,1,0,0,0,0,"American.Crow","Blue.Grosbeak",0.271111111111111
"870",1,0,434.1,118.2,14,135.9,92.2,228.7,37.8,10.4,8.8,25.6,38.2,0,3,0.221848749616356,1,2,500,500,440.283333333333,1,0,0,1,0,1,0,1,0,0,0,0,0,0,0,1,"American.Crow","Indigo.Bunting",0.232136752136752
"886",0,0,0,0,0,0,0,0,0,0,0,0,0,0,0,0,0,0,0,0,0,0,1,1,1,1,1,1,1,1,1,1,1,1,1,1,1,"Fish.Crow","Fish.Crow",1
"887",2,1,253,97.3,1.2,114.2,67.1,181.3,30.4,9.9,9.3,20.6,28.2,0,0,0.221848749616356,2,0,2000,2000,239.8,2,0,0,0,0,0,0,0,0,0,0,0,1,0,0,0,"Fish.Crow","Cedar.Waxwing",-0.357948717948718
"888",0,2,263,88.5,20.2,111,88.1,198.8,26.6,9.3,8.9,18.4,30,3,1,0.221848749616356,2,0,390,390,251.025,0,1,0,0,0,0,1,0,0,0,0,1,0,0,0,0,"Fish.Crow","Tufted.Titmouse",0.353846153846154
"889",0,1,274.6,107.5,16.8,129.2,89.2,217.9,32.3,11.1,10.3,20.6,34.4,3,0,0.221848749616356,2,0,850,850,262.408333333333,0,1,0,0,0,0,1,0,0,0,0,1,0,1,0,0,"Fish.Crow","Carolina.Chickadee",0.513162393162393
"890",0,1,230.8,84.7,15.7,105.5,24,129.5,32.1,10,7.9,17.8,26.5,0,2,0.698970004336019,4,0,2200,2200,222.591666666667,1,0,0,0,0,0,1,0,0,0,0,1,0,0,0,0,"Fish.Crow","Purple.Martin",0.0126495726495726
"891",2,0,266.7,86.7,16.3,120.2,38.3,160.9,35.4,12.1,9.3,21.2,30.9,0,1,0.698970004336019,4,0,2000,2000,253.475,2,0,0,0,0,0,1,0,0,0,0,1,1,0,0,0,"Fish.Crow","Barn.Swallow",0.00307692307692308
"892",2,0,263,107.9,12.7,119.8,46.4,167.4,34.5,11.8,9.3,21.3,32,1,0,1,4,3,1770,1770,250.438333333333,1,0,0,0,0,0,1,0,0,0,0,1,0,0,0,0,"Fish.Crow","Cliff.Swallow",0.153504273504273
"893",0,1,265.6,106.4,24.9,123.6,93.8,217.3,25.7,10.9,10.6,16.1,26.4,1,0,1,4,3,1000,1000,253.025,0,1,0,0,0,0,1,0,0,0,0,1,0,0,0,0,"Fish.Crow","Carolina.Wren",0.467350427350427
"894",0,2,263.6,108.3,5.1,115.3,73,188.1,28.6,10.6,9.8,15,24.2,1,4,0.8750612633917,3,4,2500,2500,251.105,1,0,0,0,0,0,1,0,0,0,0,0,1,1,1,0,"Fish.Crow","White.breasted.Nuthatch",0.134358974358974
"895",0,2,274.4,121.7,13,126.3,85.5,211.7,32.3,10.9,10.5,16.8,28,1,3,0.574031267727719,3,2,400,400,262.749,0,1,0,0,0,0,1,0,0,0,0,1,0,1,0,0,"Fish.Crow","Brown.headed.Nuthatch",0.262222222222222
"896",2,1,236.1,39.5,15.7,85.7,77.5,164.4,14.9,9.5,9.2,15,21.2,0,0,0.574031267727719,3,2,2000,2000,224.675,1,0,0,1,0,0,1,0,0,0,0,0,0,1,1,0,"Fish.Crow","Northern.Mockingbird",0.484444444444444
"897",1,2,215.8,35.3,22.4,89.5,86.6,174.2,12.9,8.5,8.4,7.9,13.2,0,0,0.698970004336019,2,4,480,480,202.658333333333,0,1,0,0,0,1,1,0,0,0,0,1,0,1,1,0,"Fish.Crow","Brown.Thrasher",0.266324786324786
"898",1,1,257.1,94.6,3.5,111.8,69.2,180.9,27.4,10.3,9.6,18.1,27.9,2,1,0.698970004336019,3,3,1440,1440,242.941666666667,1,0,0,0,0,1,1,0,0,0,0,1,0,0,0,0,"Fish.Crow","Eastern.Bluebird",0.502905982905983
"899",2,2,234.5,85.8,9.4,97.3,71.6,170.2,15,9.4,8.7,15.3,24.3,1,2,0.397940008672038,1,3,325,275,218.95,1,0,0,0,0,1,1,1,0,0,0,1,0,1,0,0,"Fish.Crow","Wood.Thrush",0.284102564102564
"900",2,0,206.1,61.4,7.3,85.9,63.7,149.7,14.4,8,8.2,14.7,19.9,0,2,0.330993219041424,3,1,2500,2500,193.191666666667,1,0,0,1,0,0,1,0,0,0,0,1,0,1,0,0,"Fish.Crow","American.Robin",0.485128205128205
"901",0,0,258.1,99.9,9,121.8,80.2,201.8,29.2,7.4,7.5,18.1,29.8,1,2,1,4,3,3600,3600,245.385,1,0,0,0,0,0,0,0,0,0,0,0,0,0,0,1,"Fish.Crow","House.Sparrow",0.0598290598290598
"902",1,1,263.2,90.9,8.8,120.4,79.4,199.5,29.7,6.6,7.2,18.8,32.7,0,1,0.330993219041424,3,1,2500,2500,251.1,1,0,0,0,0,1,0,0,0,0,0,0,0,0,0,0,"Fish.Crow","House.Finch",0.246495726495726
"903",0,2,271.8,108.8,8.7,125.9,81.5,206.9,33.6,8.5,9.5,19,31.8,0,1,0.8750612633917,4,2,0,0,259.875,0,1,0,0,0,0,1,0,0,0,0,0,0,0,0,0,"Fish.Crow","American.Goldfinch",0.217777777777778
"904",2,1,272.4,101.1,12.1,125.2,84.3,208.7,30.8,9.9,9.8,20.2,30.2,0,1,0.477121254719662,3,1,2800,2800,259.475,1,0,0,0,0,0,1,0,0,0,0,1,0,1,1,0,"Fish.Crow","Chipping.Sparrow",0.500854700854701
"905",2,1,260.2,86.7,16.6,118.1,86.3,203.9,24.1,8.5,8.7,18.8,29.7,1,1,0.397940008672038,1,3,0,0,245.341666666667,0,1,0,0,0,1,1,0,0,0,0,0,0,0,1,1,"Fish.Crow","White.throated.Sparrow",0.0652991452991453
"906",1,1,244.6,65.4,22.7,105.4,89.5,194.4,20.1,6.6,8.3,17.4,27.9,0,0,0.176091259055681,1,1,980,980,231.708333333333,1,0,0,1,1,1,1,0,0,0,0,0,0,0,1,0,"Fish.Crow","Eastern.Towhee",0.429059829059829
"907",0,1,259.7,85.3,15,115.7,84.3,200.2,21,8.5,9,16.7,27,1,1,0.8750612633917,3,4,1100,1100,245.325,1,0,0,0,0,0,1,0,0,0,0,1,1,0,0,0,"Fish.Crow","Yellow.breasted.Chat",0.43042735042735
"908",2,2,253.1,95.3,0.899999999999999,117.7,68.6,186.5,20.6,7.2,7.9,17.4,27.1,1,1,0.698970004336019,3,3,200,200,235.925,1,0,0,0,0,0,1,0,0,0,0,0,0,1,0,0,"Fish.Crow","Bobolink",-0.163076923076923
"909",2,1,265.2,89.9,10.1,120.5,80.8,200.4,25.8,9.6,9.4,15.6,26,0,1,0.154901959985743,2,1,100,100,251.625,1,0,0,1,0,0,0,0,0,0,0,1,0,0,0,0,"Fish.Crow","Orchard.Oriole",0.488547008547008
"910",2,0,233.8,68.2,12.3,87.3,72.8,158.7,19.1,6,8.2,11.8,20.6,0,2,0.574031267727719,3,2,1500,1500,216.425,1,0,0,0,0,0,1,0,0,0,0,1,0,0,0,0,"Fish.Crow","Red.winged.Blackbird",-0.269059829059829
"911",2,1,244.3,87.3,3.3,107.4,66.7,171.7,22.4,5.9,8,16.1,25.7,2,1,0.574031267727719,3,2,1895,1895,230.075,1,0,0,0,0,0,1,0,0,0,0,1,0,0,0,1,"Fish.Crow","Brown.headed.Cowbird",0.294358974358974
"912",1,0,179.4,38.9,10.4,78,66.3,143.8,11.5,4.3,6.5,5.4,10.3,1,1,0.221848749616356,2,0,0,0,165.075,0,1,0,1,1,0,1,0,0,1,0,1,1,0,1,1,"Fish.Crow","Common.Grackle",-0.202735042735043
"913",2,2,265.8,106.7,11.4,121.1,82.3,203.5,24.8,10.7,10.2,18.3,28.2,1,0,0.8750612633917,3,4,900,900,252.091666666667,1,0,0,0,0,0,1,0,0,0,0,1,0,0,0,1,"Fish.Crow","Ovenbird",0.15008547008547
"914",2,2,273.7,110.5,10.8,126.5,83.6,207.9,29.8,11.5,10.9,18.2,29.6,2,1,1.17609125905568,4,4,1500,1500,262.545,1,0,0,0,0,0,1,0,0,0,0,1,0,0,0,0,"Fish.Crow","Black.and.white.Warbler",-0.137777777777778
"915",2,2,270.3,114.4,6.3,127.3,79.7,207.8,28.8,10.9,10,16.4,26.2,1,1,0.8750612633917,4,2,300,300,257.575,1,0,0,0,0,0,0,0,0,0,0,1,0,0,0,0,"Fish.Crow","Prothonotary.Warbler",0.385982905982906
"916",2,2,275.1,107.7,20.2,131.9,92.1,222,26.9,11.5,10.8,19.3,30.6,1,0,1.17609125905568,4,4,3600,3600,261.55,1,0,0,0,0,0,1,0,0,0,0,1,0,0,0,0,"Fish.Crow","Common.Yellowthroat",0.0837606837606838
"917",2,1,274.1,102,14.8,126.5,87,212,27.9,11.2,10,19.3,29.6,1,1,1,4,3,100,100,262.325,1,0,0,0,0,0,1,0,0,0,0,1,0,0,0,0,"Fish.Crow","Hooded.Warbler",0.409230769230769
"918",2,2,276.4,104.5,11.7,128.2,85,214.7,30.1,11.8,9.8,20.4,31,1,1,0.698970004336019,3,3,2000,2000,264.55,1,0,0,0,0,1,1,0,0,0,0,1,0,0,0,0,"Fish.Crow","American.Redstart",-0.0769230769230769
"919",2,1,276.8,113,8.2,136.3,85.1,219.1,30.2,11.7,10.7,19.6,31.7,0,1,0.778151250383644,0,5,1500,1500,264.34,1,0,0,0,0,0,0,1,0,0,0,0,0,0,0,0,"Fish.Crow","Northern.Parula",0.24034188034188
"920",2,2,274.5,108.2,12.2,129.2,85.7,214.5,28.5,11.5,10.4,19.8,30.3,0,1,0.273001272063738,1,2,600,600,262.575,1,0,0,0,0,0,0,1,0,0,1,1,0,0,0,0,"Fish.Crow","Black.throated.Blue.Warbler",-0.35042735042735
"921",2,1,272.8,103.1,7.7,125,80,204.9,28.5,11,10.7,19.2,29.9,1,2,0.397940008672038,2,2,2050,2050,260.575,1,0,0,0,0,0,1,1,0,0,0,1,0,0,0,0,"Fish.Crow","Pine.Warbler",0.53025641025641
"922",2,1,274.9,106.4,8.6,127.2,81.8,209,30.3,11.4,10.8,17.4,28.4,1,1,0.778151250383644,4,1,800,800,262.941666666667,1,0,0,0,0,0,1,0,0,0,0,1,0,0,0,0,"Fish.Crow","Yellow.throated.Warbler",0.290940170940171
"923",2,1,277,108.7,16.3,131.8,89.5,221.2,29.4,11.9,11,20,31.5,0,1,0.301029995663981,2,1,220,220,264.675,1,0,0,0,0,0,1,0,0,0,0,0,0,0,0,0,"Fish.Crow","Prairie.Warbler",0.403760683760684
"924",2,2,255.5,85.8,7.1,108.8,72.7,184.7,27.6,5.8,5.4,13.9,24.1,1,2,0.574031267727719,3,2,1500,1500,244.065,1,0,0,0,0,1,1,0,0,0,0,1,0,0,0,0,"Fish.Crow","Summer.Tanager",0.473504273504273
"925",2,2,256.4,93.3,5.4,110.3,71.1,184.1,27.7,6.6,6.6,15.7,24.5,1,1,0.698970004336019,3,3,1600,1600,242.108333333333,1,0,0,0,0,1,1,0,0,0,0,0,0,0,0,0,"Fish.Crow","Scarlet.Tanager",0.489230769230769
"926",0,1,242,55.3,20.8,98.5,86.4,183.2,22.6,2.5,4.5,12.5,25.7,1,1,0.574031267727719,1,4,1000,1000,228.191666666667,1,0,0,1,0,0,1,0,0,0,0,0,0,0,1,0,"Fish.Crow","Northern.Cardinal",0.727863247863248
"927",2,1,257.2,92.7,13.4,109,80.7,190.6,26.8,3.9,6.4,14.9,26.3,1,1,0.397940008672038,3,0,1500,1500,243.825,1,0,0,1,0,0,1,0,0,0,0,1,0,0,0,0,"Fish.Crow","Blue.Grosbeak",0.406495726495726
"928",2,1,269.9,108.2,13.8,125.9,85.9,211.9,29.9,8.6,8.7,19.6,31.6,1,2,0.0969100130080564,1,0,1300,1300,257.175,1,0,0,1,1,0,0,0,0,0,0,0,0,0,0,1,"Fish.Crow","Indigo.Bunting",0.513846153846154
"945",0,0,0,0,0,0,0,0,0,0,0,0,0,0,0,0,0,0,0,0,0,0,1,1,1,1,1,1,1,1,1,1,1,1,1,1,1,"Cedar.Waxwing","Cedar.Waxwing",1
"946",2,1,10,8.8,19,3.2,21,17.5,3.8,0.6,0.4,2.2,1.8,3,1,0,0,0,2390,2390,11.225,2,0,0,0,0,0,0,0,1,1,1,0,0,0,0,1,"Cedar.Waxwing","Tufted.Titmouse",0.000341880341880342
"947",2,0,21.6,10.2,15.6,15,22.1,36.6,1.9,1.2,1,0,6.2,3,0,0,0,0,1150,1150,22.6083333333333,2,0,0,0,0,0,0,0,1,1,1,0,0,0,0,1,"Cedar.Waxwing","Carolina.Chickadee",0.0229059829059829
"948",2,0,22.2,12.6,16.9,8.7,43.1,51.8,1.7,0.100000000000001,1.4,2.8,1.7,0,2,0.477121254719662,2,0,200,200,17.2083333333333,1,0,0,0,0,0,0,1,1,1,1,0,0,0,0,0,"Cedar.Waxwing","Purple.Martin",-0.143247863247863
"949",0,1,13.7,10.6,17.5,6,28.8,20.4,5,2.2,0,0.6,2.7,0,1,0.477121254719662,2,0,0,0,13.675,4,0,0,0,0,0,0,0,1,1,1,0,1,0,0,0,"Cedar.Waxwing","Barn.Swallow",-0.108376068376068
"950",0,1,10,10.6,13.9,5.6,20.7,13.9,4.1,1.9,0,0.699999999999999,3.8,1,0,0.778151250383644,2,3,230,230,10.6383333333333,1,1,0,0,0,0,0,1,1,1,1,0,0,0,0,0,"Cedar.Waxwing","Cliff.Swallow",-0.315555555555556
"951",2,0,12.6,9.09999999999999,23.7,9.4,26.7,36,4.7,1,1.3,4.5,1.8,1,0,0.778151250383644,2,3,1000,1000,13.225,2,0,0,0,0,0,0,0,0,1,1,0,0,0,0,1,"Cedar.Waxwing","Carolina.Wren",-0.236239316239316
"952",2,1,10.6,11,3.9,1.1,5.9,6.80000000000001,1.8,0.7,0.5,5.6,4,1,4,0.653212513775344,1,4,500,500,11.305,1,0,0,0,0,0,0,0,1,1,1,1,1,0,0,1,"Cedar.Waxwing","White.breasted.Nuthatch",-0.104957264957265
"953",2,1,21.4,24.4,11.8,12.1,18.4,30.4,1.9,1,1.2,3.8,0.200000000000001,1,3,0.352182518111363,1,2,2400,2400,22.949,2,0,1,0,0,0,0,0,1,1,1,0,0,0,0,1,"Cedar.Waxwing","Brown.headed.Nuthatch",0.207521367521368
"954",0,0,16.9,57.8,14.5,28.5,10.4,16.9,15.5,0.399999999999999,0.0999999999999996,5.6,7,0,0,0.352182518111363,1,2,0,0,15.125,1,0,0,0,0,0,0,1,0,1,1,1,0,0,0,0,"Cedar.Waxwing","Northern.Mockingbird",-0.357264957264957
"955",1,1,37.2,62,21.2,24.7,19.5,7.09999999999999,17.5,1.4,0.9,12.7,15,0,0,0.477121254719662,0,4,2480,2480,37.1416666666667,2,0,0,0,0,0,0,0,0,1,1,0,0,0,0,0,"Cedar.Waxwing","Brown.Thrasher",-0.161025641025641
"956",1,0,4.1,2.7,2.3,2.40000000000001,2.1,0.399999999999991,3,0.4,0.3,2.5,0.300000000000001,2,1,0.477121254719662,1,3,560,560,3.14166666666666,1,0,1,0,0,0,0,1,0,1,1,0,0,0,0,1,"Cedar.Waxwing","Eastern.Bluebird",-0.134358974358974
"957",0,1,18.5,11.5,8.2,16.9,4.5,11.1,15.4,0.5,0.6,5.3,3.9,1,2,0.176091259055681,1,3,1675,1725,20.85,1,0,0,0,0,0,0,0,0,1,1,0,0,0,0,0,"Cedar.Waxwing","Wood.Thrush",0.0947008547008547
"958",0,1,46.9,35.9,6.1,28.3,3.4,31.6,16,1.9,1.1,5.9,8.3,0,2,0.109144469425068,1,1,500,500,46.6083333333333,1,0,0,0,0,0,0,1,1,1,1,0,0,0,0,0,"Cedar.Waxwing","American.Robin",0.184957264957265
"959",2,1,5.1,2.59999999999999,7.8,7.6,13.1,20.5,1.2,2.5,1.8,2.5,1.6,1,2,0.778151250383644,2,3,1600,1600,5.585,1,0,0,0,0,0,0,0,0,1,0,1,0,1,0,0,"Cedar.Waxwing","House.Sparrow",-0.115897435897436
"960",1,0,10.2,6.40000000000001,7.6,6.2,12.3,18.2,0.699999999999999,3.3,2.1,1.8,4.5,0,1,0.109144469425068,1,1,500,500,11.3,1,0,0,0,0,0,0,0,1,1,1,1,0,1,0,1,"Cedar.Waxwing","House.Finch",-0.0488888888888889
"961",2,1,18.8,11.5,7.5,11.7,14.4,25.6,3.2,1.4,0.2,1.6,3.6,0,1,0.653212513775344,2,2,2000,2000,20.075,2,0,0,0,0,0,0,0,1,1,1,1,0,1,0,1,"Cedar.Waxwing","American.Goldfinch",-0.108376068376068
"962",0,0,19.4,3.8,10.9,11,17.2,27.4,0.399999999999999,0,0.5,0.4,2,0,1,0.255272505103306,1,1,800,800,19.675,1,0,1,0,0,0,0,0,1,1,1,0,0,0,0,0,"Cedar.Waxwing","Chipping.Sparrow",-0.353846153846154
"963",0,0,7.2,10.6,15.4,3.9,19.2,22.6,6.3,1.4,0.6,1.8,1.5,1,1,0.176091259055681,1,3,2000,2000,5.54166666666666,2,0,1,0,0,0,0,0,1,1,1,0,0,1,0,0,"Cedar.Waxwing","White.throated.Sparrow",-0.327863247863248
"964",1,0,8.4,31.9,21.5,8.8,22.4,13.1,10.3,3.3,1,3.2,0.300000000000001,0,0,0.045757490560675,1,1,1020,1020,8.09166666666667,1,0,0,0,0,0,0,0,0,1,1,0,0,1,0,0,"Cedar.Waxwing","Eastern.Towhee",-0.00512820512820513
"965",2,0,6.7,12,13.8,1.5,17.2,18.9,9.4,1.4,0.3,3.9,1.2,1,1,0.653212513775344,1,4,900,900,5.525,1,0,1,0,0,0,0,1,1,1,1,0,1,0,0,1,"Cedar.Waxwing","Yellow.breasted.Chat",-0.371623931623932
"966",0,1,0.100000000000001,2,0.299999999999997,3.5,1.5,5.2,9.8,2.7,1.4,3.2,1.1,1,1,0.477121254719662,1,3,2200,2200,3.875,1,0,0,0,0,0,0,0,1,1,1,1,0,0,0,0,"Cedar.Waxwing","Bobolink",0.0276923076923077
"967",0,0,12.2,7.40000000000001,8.9,6.3,13.7,19.1,4.6,0.3,0.0999999999999996,5,2.2,0,1,0.0669467896306132,0,1,2100,2100,11.825,1,0,1,0,0,0,0,0,1,1,1,0,0,0,0,1,"Cedar.Waxwing","Orchard.Oriole",0.0611965811965812
"968",0,1,19.2,29.1,11.1,26.9,5.7,22.6,11.3,3.9,1.1,8.8,7.6,0,2,0.352182518111363,1,2,500,500,23.375,1,0,0,0,0,0,0,0,1,1,1,0,0,1,0,0,"Cedar.Waxwing","Red.winged.Blackbird",0.166495726495726
"969",0,0,8.7,10,2.1,6.8,0.399999999999999,9.59999999999999,8,4,1.3,4.5,2.5,2,1,0.352182518111363,1,2,105,105,9.725,1,0,0,0,0,0,0,0,1,1,1,0,0,0,0,0,"Cedar.Waxwing","Brown.headed.Cowbird",-0.256068376068376
"970",1,1,73.6,58.4,9.2,36.2,0.799999999999997,37.5,18.9,5.6,2.8,15.2,17.9,1,1,0,0,0,2000,2000,74.725,2,0,1,0,0,0,0,0,0,0,0,0,1,0,0,0,"Cedar.Waxwing","Common.Grackle",-0.0502564102564102
"971",0,1,12.8,9.4,10.2,6.9,15.2,22.2,5.6,0.800000000000001,0.9,2.3,0,1,0,0.653212513775344,1,4,1100,1100,12.2916666666667,1,0,0,0,0,0,0,0,1,1,1,0,0,0,0,0,"Cedar.Waxwing","Ovenbird",-0.202051282051282
"972",0,1,20.7,13.2,9.6,12.3,16.5,26.6,0.600000000000001,1.6,1.6,2.4,1.4,2,1,0.954242509439325,2,4,500,500,22.745,1,0,1,0,0,0,0,1,1,1,1,0,0,0,0,1,"Cedar.Waxwing","Black.and.white.Warbler",0.0358974358974359
"973",0,1,17.3,17.1,5.1,13.1,12.6,26.5,1.6,1,0.7,4.2,2,1,1,0.653212513775344,2,2,1700,1700,17.775,1,0,1,0,0,0,0,0,1,1,1,0,0,0,0,1,"Cedar.Waxwing","Prothonotary.Warbler",-0.0167521367521367
"974",0,1,22.1,10.4,19,17.7,25,40.7,3.5,1.6,1.5,1.3,2.4,1,0,0.954242509439325,2,4,1600,1600,21.75,1,0,0,0,0,0,0,0,1,1,1,0,0,0,0,1,"Cedar.Waxwing","Common.Yellowthroat",-0.0728205128205128
"975",0,0,21.1,4.7,13.6,12.3,19.9,30.7,2.5,1.3,0.7,1.3,1.4,1,1,0.778151250383644,2,3,1900,1900,22.525,1,0,1,0,0,0,0,1,1,1,1,0,0,0,0,1,"Cedar.Waxwing","Hooded.Warbler",-0.472136752136752
"976",0,1,23.4,7.2,10.5,14,17.9,33.4,0.300000000000001,1.9,0.5,0.2,2.8,1,1,0.477121254719662,1,3,0,0,24.75,1,0,1,0,0,0,0,1,1,1,1,0,0,0,0,1,"Cedar.Waxwing","American.Redstart",0.0345299145299145
"977",0,0,23.8,15.7,7,22.1,18,37.8,0.199999999999999,1.8,1.4,1,3.5,0,1,0.556302500767287,2,5,500,500,24.54,1,0,0,0,0,0,0,0,1,1,1,0,0,0,0,1,"Cedar.Waxwing","Northern.Parula",0.0557264957264957
"978",0,1,21.5,10.9,11,15,18.6,33.2,1.9,1.6,1.1,0.800000000000001,2.1,0,1,0.0511525224473813,1,2,1400,1400,22.775,1,0,1,0,0,0,0,0,1,1,0,0,0,0,0,1,"Cedar.Waxwing","Black.throated.Blue.Warbler",0.322393162393162
"979",0,0,19.8,5.8,6.5,10.8,12.9,23.6,1.9,1.1,1.4,1.4,1.7,1,2,0.176091259055681,0,2,50,50,20.775,1,0,0,0,0,0,0,0,1,1,1,0,0,0,0,1,"Cedar.Waxwing","Pine.Warbler",-0.340854700854701
"980",0,0,21.9,9.09999999999999,7.4,13,14.7,27.7,0.100000000000001,1.5,1.5,3.2,0.199999999999999,1,1,0.556302500767287,2,1,1200,1200,23.1416666666667,1,0,0,0,0,0,0,1,1,1,1,0,0,0,0,1,"Cedar.Waxwing","Yellow.throated.Warbler",-0.147350427350427
"981",0,0,24,11.4,15.1,17.6,22.4,39.9,1,2,1.7,0.6,3.3,0,1,0.0791812460476249,0,1,1780,1780,24.875,1,0,1,0,0,0,0,1,1,1,1,0,0,0,0,1,"Cedar.Waxwing","Prairie.Warbler",-0.388717948717949
"982",0,1,2.5,11.5,5.9,5.40000000000001,5.6,3.40000000000001,2.8,4.1,3.9,6.7,4.1,1,2,0.352182518111363,1,2,500,500,4.265,1,0,0,0,0,0,0,1,1,1,1,0,0,0,0,1,"Cedar.Waxwing","Summer.Tanager",0.024957264957265
"983",0,1,3.4,4,4.2,3.90000000000001,4,2.80000000000001,2.7,3.3,2.7,4.9,3.7,1,1,0.477121254719662,1,3,400,400,2.30833333333333,1,0,0,0,0,0,0,1,1,1,1,1,0,0,0,1,"Cedar.Waxwing","Scarlet.Tanager",-0.293675213675214
"984",2,0,11,42,19.6,15.7,19.3,1.90000000000001,7.8,7.4,4.8,8.1,2.5,1,1,0.352182518111363,1,4,1000,1000,11.6083333333333,1,0,0,0,0,0,0,0,0,1,1,0,0,1,0,1,"Cedar.Waxwing","Northern.Cardinal",-0.202051282051282
"985",0,0,4.2,4.60000000000001,12.2,5.2,13.6,9.30000000000001,3.6,6,2.9,5.7,1.9,1,1,0.176091259055681,1,0,500,500,4.025,1,0,1,0,0,0,0,0,1,1,1,0,0,0,0,0,"Cedar.Waxwing","Blue.Grosbeak",-0.269059829059829
"986",0,0,16.9,10.9,12.6,11.7,18.8,30.6,0.5,1.3,0.6,1,3.4,1,2,0.1249387366083,1,0,700,700,17.375,1,0,0,0,0,0,0,0,1,1,1,0,0,1,0,0,"Cedar.Waxwing","Indigo.Bunting",-0.401025641025641
"1004",0,0,0,0,0,0,0,0,0,0,0,0,0,0,0,0,0,0,0,0,0,0,1,1,1,1,1,1,1,1,1,1,1,1,1,1,1,"Tufted.Titmouse","Tufted.Titmouse",1
"1005",0,1,11.6,19,3.4,18.2,1.1,19.1,5.7,1.8,1.4,2.2,4.4,0,1,0,0,0,1240,1240,11.3833333333333,0,1,1,1,0,0,1,0,1,1,1,1,1,0,1,1,"Tufted.Titmouse","Carolina.Chickadee",0.648547008547008
"1006",0,1,32.2,3.80000000000001,35.9,5.5,64.1,69.3,5.5,0.7,1,0.6,3.5,3,1,0.477121254719662,2,0,2590,2590,28.4333333333333,1,0,0,1,0,0,1,0,1,1,1,1,1,1,1,0,"Tufted.Titmouse","Purple.Martin",-0.237606837606838
"1007",2,2,3.7,1.80000000000001,36.5,9.2,49.8,37.9,8.8,2.8,0.4,2.8,0.9,3,0,0.477121254719662,2,0,2390,2390,2.45,2,0,0,1,0,0,1,0,1,1,1,1,0,1,1,0,"Tufted.Titmouse","Barn.Swallow",-0.167179487179487
"1008",2,2,0,19.4,32.9,8.8,41.7,31.4,7.9,2.5,0.4,2.9,2,4,1,0.778151250383644,2,3,2160,2160,0.586666666666666,1,0,0,1,0,0,1,0,1,1,1,1,1,1,1,0,"Tufted.Titmouse","Cliff.Swallow",0.102905982905983
"1009",0,1,2.6,17.9,4.7,12.6,5.7,18.5,0.899999999999999,1.6,1.7,2.3,3.6,2,1,0.778151250383644,2,3,1390,1390,2,0,1,1,1,0,0,1,0,0,1,1,1,1,1,1,1,"Tufted.Titmouse","Carolina.Wren",0.126153846153846
"1010",0,0,0.600000000000001,19.8,15.1,4.3,15.1,10.7,2,1.3,0.9,3.4,5.8,2,3,0.653212513775344,1,4,2890,2890,0.0800000000000018,1,0,1,1,0,0,1,0,1,1,1,0,0,0,0,1,"Tufted.Titmouse","White.breasted.Nuthatch",0.21982905982906
"1011",0,0,11.4,33.2,7.2,15.3,2.6,12.9,5.7,1.6,1.6,1.6,2,2,2,0.352182518111363,1,2,10,10,11.724,0,1,0,1,0,0,1,0,1,1,1,1,1,0,1,1,"Tufted.Titmouse","Brown.headed.Nuthatch",0.243760683760684
"1012",2,1,26.9,49,4.5,25.3,10.6,34.4,11.7,0.2,0.300000000000001,3.4,8.8,3,1,0.352182518111363,1,2,2390,2390,26.35,1,0,0,0,0,0,1,0,0,1,1,0,1,0,0,0,"Tufted.Titmouse","Northern.Mockingbird",0.414017094017094
"1013",1,0,47.2,53.2,2.2,21.5,1.5,24.6,13.7,0.8,0.5,10.5,16.8,3,1,0.477121254719662,0,4,90,90,48.3666666666667,0,1,0,1,0,0,1,0,0,1,1,1,1,0,0,0,"Tufted.Titmouse","Brown.Thrasher",0.393504273504273
"1014",1,1,5.9,6.09999999999999,16.7,0.799999999999997,18.9,17.9,0.800000000000001,1,0.7,0.299999999999999,2.1,1,2,0.477121254719662,1,3,1830,1830,8.08333333333334,1,0,0,1,0,0,1,0,0,1,1,1,1,1,1,1,"Tufted.Titmouse","Eastern.Bluebird",0.523418803418803
"1015",2,0,28.5,2.7,10.8,13.7,16.5,28.6,11.6,0.0999999999999996,0.199999999999999,3.1,5.7,2,3,0.176091259055681,1,3,715,665,32.075,1,0,1,1,0,0,1,0,0,1,1,1,1,0,1,0,"Tufted.Titmouse","Wood.Thrush",0.623931623931624
"1016",2,2,56.9,27.1,12.9,25.1,24.4,49.1,12.2,1.3,0.699999999999999,3.7,10.1,3,3,0.109144469425068,1,1,2890,2890,57.8333333333333,1,0,1,0,0,0,1,0,1,1,1,1,1,0,1,0,"Tufted.Titmouse","American.Robin",0.383247863247863
"1017",0,2,4.9,11.4,11.2,10.8,7.9,3,2.6,1.9,1.4,0.299999999999999,0.199999999999999,4,1,0.778151250383644,2,3,3990,3990,5.64,1,0,0,0,0,0,0,0,0,1,0,0,1,0,0,0,"Tufted.Titmouse","House.Sparrow",0.464615384615385
"1018",1,1,0.200000000000003,2.39999999999999,11.4,9.40000000000001,8.7,0.700000000000003,3.1,2.7,1.7,0.4,2.7,3,0,0.109144469425068,1,1,2890,2890,0.0749999999999993,1,0,0,0,0,0,0,0,1,1,1,0,1,0,0,1,"Tufted.Titmouse","House.Finch",0.556239316239316
"1019",0,0,8.8,20.3,11.5,14.9,6.6,8.10000000000001,7,0.8,0.6,0.600000000000001,1.8,3,0,0.653212513775344,2,2,390,390,8.85,0,1,0,0,0,0,1,0,1,1,1,0,1,0,0,1,"Tufted.Titmouse","American.Goldfinch",0.465982905982906
"1020",2,1,9.4,12.6,8.1,14.2,3.8,9.90000000000001,4.2,0.6,0.9,1.8,0.200000000000001,3,0,0.255272505103306,1,1,3190,3190,8.45,1,0,0,0,0,0,1,0,1,1,1,1,1,0,0,0,"Tufted.Titmouse","Chipping.Sparrow",0.236923076923077
"1021",2,1,2.8,1.80000000000001,3.6,7.1,1.8,5.10000000000001,2.5,0.8,0.199999999999999,0.4,0.299999999999999,4,0,0.176091259055681,1,3,390,390,5.68333333333333,0,1,0,0,0,0,1,0,1,1,1,0,1,0,0,0,"Tufted.Titmouse","White.throated.Sparrow",-0.22051282051282
"1022",1,1,18.4,23.1,2.5,5.59999999999999,1.4,4.39999999999999,6.5,2.7,0.6,1,2.1,3,1,0.045757490560675,1,1,1370,1370,19.3166666666667,1,0,1,0,0,0,1,0,0,1,1,0,1,0,0,0,"Tufted.Titmouse","Eastern.Towhee",0.448888888888889
"1023",0,1,3.3,3.2,5.2,4.7,3.8,1.40000000000001,5.6,0.8,0.100000000000001,1.7,3,2,2,0.653212513775344,1,4,1490,1490,5.7,1,0,0,1,0,0,1,0,1,1,1,1,0,1,1,1,"Tufted.Titmouse","Yellow.breasted.Chat",0.304615384615385
"1024",2,0,9.9,6.8,19.3,6.7,19.5,12.3,6,2.1,1,1,2.9,4,0,0.477121254719662,1,3,190,190,15.1,1,0,0,0,0,0,1,0,1,1,1,0,1,0,0,0,"Tufted.Titmouse","Bobolink",0.0188034188034188
"1025",2,1,2.2,1.39999999999999,10.1,9.5,7.3,1.60000000000001,0.800000000000001,0.3,0.5,2.8,4,3,0,0.0669467896306132,0,1,290,290,0.600000000000001,1,0,0,0,0,0,0,0,1,1,1,1,1,1,1,1,"Tufted.Titmouse","Orchard.Oriole",0.303247863247863
"1026",2,2,29.2,20.3,7.9,23.7,15.3,40.1,7.5,3.3,0.699999999999999,6.6,9.4,3,3,0.352182518111363,1,2,1890,1890,34.6,1,0,0,0,0,0,1,0,1,1,1,1,1,0,0,0,"Tufted.Titmouse","Red.winged.Blackbird",0.0235897435897436
"1027",2,1,18.7,1.2,16.9,3.59999999999999,21.4,27.1,4.2,3.4,0.9,2.3,4.3,1,2,0.352182518111363,1,2,2285,2285,20.95,1,0,0,0,0,0,1,0,1,1,1,1,1,1,1,0,"Tufted.Titmouse","Brown.headed.Cowbird",0.202735042735043
"1028",1,2,83.6,49.6,9.8,33,21.8,55,15.1,5,2.4,13,19.7,4,0,0,0,0,390,390,85.95,0,1,0,0,0,0,1,0,0,0,0,1,0,1,0,0,"Tufted.Titmouse","Common.Grackle",0.117948717948718
"1029",2,0,2.8,18.2,8.8,10.1,5.8,4.7,1.8,1.4,1.3,0.0999999999999996,1.8,2,1,0.653212513775344,1,4,1290,1290,1.06666666666667,1,0,1,1,0,0,1,0,1,1,1,1,1,1,1,0,"Tufted.Titmouse","Ovenbird",0.587692307692308
"1030",2,0,10.7,22,9.4,15.5,4.5,9.10000000000001,3.2,2.2,2,0.199999999999999,0.399999999999999,1,2,0.954242509439325,2,4,1890,1890,11.52,1,0,0,1,0,0,1,0,1,1,1,1,1,1,1,1,"Tufted.Titmouse","Black.and.white.Warbler",0.128205128205128
"1031",2,0,7.3,25.9,13.9,16.3,8.4,9,2.2,1.6,1.1,2,3.8,2,0,0.653212513775344,2,2,690,690,6.55,1,0,0,1,0,0,0,0,1,1,1,1,1,1,1,1,"Tufted.Titmouse","Prothonotary.Warbler",0.237606837606838
"1032",2,0,12.1,19.2,0,20.9,4,23.2,0.300000000000001,2.2,1.9,0.9,0.600000000000001,4,1,0.954242509439325,2,4,3990,3990,10.525,1,0,0,1,0,0,1,0,1,1,1,1,1,1,1,1,"Tufted.Titmouse","Common.Yellowthroat",0.247863247863248
"1033",2,1,11.1,13.5,5.4,15.5,1.1,13.2,1.3,1.9,1.1,0.9,0.399999999999999,4,2,0.778151250383644,2,3,490,490,11.3,1,0,0,1,0,0,1,0,1,1,1,1,1,1,1,1,"Tufted.Titmouse","Hooded.Warbler",0.452991452991453
"1034",2,0,13.4,16,8.5,17.2,3.1,15.9,3.5,2.5,0.9,2,1,4,2,0.477121254719662,1,3,2390,2390,13.525,1,0,0,1,0,0,1,0,1,1,1,1,1,1,1,1,"Tufted.Titmouse","American.Redstart",0.0523076923076923
"1035",2,1,13.8,24.5,12,25.3,3,20.3,3.6,2.4,1.8,1.2,1.7,3,0,0.556302500767287,2,5,1890,1890,13.315,1,0,1,1,0,0,0,0,1,1,1,0,1,1,1,1,"Tufted.Titmouse","Northern.Parula",0.431794871794872
"1036",2,0,11.5,19.7,8,18.2,2.4,15.7,1.9,2.2,1.5,1.4,0.300000000000001,3,2,0.0511525224473813,1,2,990,990,11.55,1,0,0,1,0,0,0,0,1,1,0,1,1,1,1,1,"Tufted.Titmouse","Black.throated.Blue.Warbler",-0.188376068376068
"1037",2,1,9.8,14.6,12.5,14,8.1,6.10000000000001,1.9,1.7,1.8,0.800000000000001,0.0999999999999996,2,3,0.176091259055681,0,2,2440,2440,9.55,1,0,1,1,0,0,1,0,1,1,1,1,1,1,1,1,"Tufted.Titmouse","Pine.Warbler",0.322393162393162
"1038",2,1,11.9,17.9,11.6,16.2,6.3,10.2,3.7,2.1,1.9,1,1.6,2,2,0.556302500767287,2,1,1190,1190,11.9166666666667,1,0,1,1,0,0,1,0,1,1,1,1,1,1,1,1,"Tufted.Titmouse","Yellow.throated.Warbler",0.0967521367521367
"1039",2,1,14,20.2,3.9,20.8,1.4,22.4,2.8,2.6,2.1,1.6,1.5,3,2,0.0791812460476249,0,1,610,610,13.65,1,0,0,1,0,0,1,0,1,1,1,0,1,1,1,1,"Tufted.Titmouse","Prairie.Warbler",0.312136752136752
"1040",2,0,7.5,2.7,13.1,2.2,15.4,14.1,1,3.5,3.5,4.5,5.9,2,3,0.352182518111363,1,2,1890,1890,6.96,1,0,1,1,0,0,1,0,1,1,1,1,1,1,1,1,"Tufted.Titmouse","Summer.Tanager",0.612991452991453
"1041",2,0,6.6,4.8,14.8,0.700000000000003,17,14.7,1.1,2.7,2.3,2.7,5.5,2,2,0.477121254719662,1,3,1990,1990,8.91666666666667,1,0,1,1,0,0,1,0,1,1,1,0,1,1,1,1,"Tufted.Titmouse","Scarlet.Tanager",0.106324786324786
"1042",0,1,21,33.2,0.600000000000001,12.5,1.7,15.6,4,6.8,4.4,5.9,4.3,4,2,0.352182518111363,1,4,1390,1390,22.8333333333333,1,0,0,0,0,0,1,0,0,1,1,0,1,0,0,1,"Tufted.Titmouse","Northern.Cardinal",0.384615384615385
"1043",2,1,5.8,4.19999999999999,6.8,2,7.4,8.19999999999999,0.199999999999999,5.4,2.5,3.5,3.7,2,2,0.176091259055681,1,0,1890,1890,7.2,1,0,0,0,0,0,1,0,1,1,1,1,1,1,1,0,"Tufted.Titmouse","Blue.Grosbeak",0.402393162393162
"1044",2,1,6.9,19.7,6.4,14.9,2.2,13.1,3.3,0.7,0.199999999999999,1.2,1.6,2,3,0.1249387366083,1,0,1690,1690,6.15,1,0,0,0,0,0,0,0,1,1,1,0,1,0,0,0,"Tufted.Titmouse","Indigo.Bunting",0.532307692307692
"1063",0,0,0,0,0,0,0,0,0,0,0,0,0,0,0,0,0,0,0,0,0,0,1,1,1,1,1,1,1,1,1,1,1,1,1,1,1,"Carolina.Chickadee","Carolina.Chickadee",1
"1064",0,0,43.8,22.8,32.5,23.7,65.2,88.4,0.199999999999999,1.1,2.4,2.8,7.9,3,2,0.477121254719662,2,0,1350,1350,39.8166666666667,1,0,0,1,0,0,1,0,1,1,1,1,1,0,1,0,"Carolina.Chickadee","Purple.Martin",-0.182905982905983
"1065",2,1,7.9,20.8,33.1,9,50.9,57,3.1,1,1,0.6,3.5,3,1,0.477121254719662,2,0,1150,1150,8.93333333333334,2,0,0,1,0,0,1,0,1,1,1,1,0,0,1,0,"Carolina.Chickadee","Barn.Swallow",-0.175384615384615
"1066",2,1,11.6,0.399999999999999,29.5,9.4,42.8,50.5,2.2,0.7,1,0.699999999999999,2.4,4,0,0.778151250383644,2,3,920,920,11.97,1,0,0,1,0,0,1,0,1,1,1,1,1,0,1,0,"Carolina.Chickadee","Cliff.Swallow",0.113846153846154
"1067",0,0,9,1.1,8.1,5.6,4.6,0.600000000000001,6.6,0.2,0.3,4.5,8,2,0,0.778151250383644,2,3,150,150,9.38333333333333,0,1,1,1,0,0,1,0,0,1,1,1,1,0,1,1,"Carolina.Chickadee","Carolina.Wren",0.165811965811966
"1068",0,1,11,0.800000000000004,11.7,13.9,16.2,29.8,3.7,0.5,0.5,5.6,10.2,2,4,0.653212513775344,1,4,1650,1650,11.3033333333333,1,0,1,1,0,0,1,0,1,1,1,0,0,1,0,1,"Carolina.Chickadee","White.breasted.Nuthatch",0.42017094017094
"1069",0,1,0.199999999999999,14.2,3.8,2.9,3.7,6.2,0,0.2,0.2,3.8,6.4,2,3,0.352182518111363,1,2,1250,1250,0.340666666666664,0,1,0,1,0,0,1,0,1,1,1,1,1,1,1,1,"Carolina.Chickadee","Brown.headed.Nuthatch",0.463247863247863
"1070",2,0,38.5,68,1.1,43.5,11.7,53.5,17.4,1.6,1.1,5.6,13.2,3,0,0.352182518111363,1,2,1150,1150,37.7333333333333,1,0,0,0,0,0,1,0,0,1,1,0,1,1,0,0,"Carolina.Chickadee","Northern.Mockingbird",0.504957264957265
"1071",1,1,58.8,72.2,5.6,39.7,2.6,43.7,19.4,2.6,1.9,12.7,21.2,3,0,0.477121254719662,0,4,1330,1330,59.75,0,1,0,1,0,0,1,1,0,1,1,1,1,1,0,0,"Carolina.Chickadee","Brown.Thrasher",0.502222222222222
"1072",1,0,17.5,12.9,13.3,17.4,20,37,4.9,0.8,0.7,2.5,6.5,1,1,0.477121254719662,1,3,590,590,19.4666666666667,1,0,0,1,0,0,1,0,0,1,1,1,1,0,1,1,"Carolina.Chickadee","Eastern.Bluebird",0.311452991452991
"1073",2,1,40.1,21.7,7.4,31.9,17.6,47.7,17.3,1.7,1.6,5.3,10.1,2,2,0.176091259055681,1,3,525,575,43.4583333333333,1,0,1,1,0,0,1,0,0,1,1,1,1,1,1,0,"Carolina.Chickadee","Wood.Thrush",0.420854700854701
"1074",2,1,68.5,46.1,9.5,43.3,25.5,68.2,17.9,3.1,2.1,5.9,14.5,3,2,0.109144469425068,1,1,1650,1650,69.2166666666667,1,0,1,0,0,0,1,0,1,1,1,1,1,1,1,0,"Carolina.Chickadee","American.Robin",0.402393162393162
"1075",0,1,16.5,7.6,7.8,7.4,9,16.1,3.1,3.7,2.8,2.5,4.6,4,2,0.778151250383644,2,3,2750,2750,17.0233333333333,1,0,0,0,0,0,0,0,0,1,0,0,1,0,0,0,"Carolina.Chickadee","House.Sparrow",0.277948717948718
"1076",1,0,11.4,16.6,8,8.8,9.8,18.4,2.6,4.5,3.1,1.8,1.7,3,1,0.109144469425068,1,1,1650,1650,11.3083333333333,1,0,0,0,0,0,0,0,1,1,1,0,1,0,0,1,"Carolina.Chickadee","House.Finch",0.625299145299145
"1077",0,1,2.8,1.3,8.1,3.3,7.7,11,1.3,2.6,0.8,1.6,2.6,3,1,0.653212513775344,2,2,850,850,2.53333333333333,0,1,0,0,0,0,1,0,1,1,1,0,1,0,0,1,"Carolina.Chickadee","American.Goldfinch",0.466666666666667
"1078",2,0,2.2,6.4,4.7,4,4.9,9.2,1.5,1.2,0.5,0.4,4.2,3,1,0.255272505103306,1,1,1950,1950,2.93333333333333,1,0,0,0,0,0,1,0,1,1,1,1,1,1,0,0,"Carolina.Chickadee","Chipping.Sparrow",0.429059829059829
"1079",2,0,14.4,20.8,0.199999999999999,11.1,2.9,14,8.2,2.6,1.6,1.8,4.7,4,1,0.176091259055681,1,3,850,850,17.0666666666667,0,1,0,0,0,0,1,0,1,1,1,0,1,0,0,0,"Carolina.Chickadee","White.throated.Sparrow",-0.172649572649573
"1080",1,0,30,42.1,5.9,23.8,0.300000000000001,23.5,12.2,4.5,2,3.2,6.5,3,0,0.045757490560675,1,1,130,130,30.7,1,0,1,0,0,0,1,0,0,1,1,0,1,0,0,0,"Carolina.Chickadee","Eastern.Towhee",0.410598290598291
"1081",0,0,14.9,22.2,1.8,13.5,4.9,17.7,11.3,2.6,1.3,3.9,7.4,2,1,0.653212513775344,1,4,250,250,17.0833333333333,1,0,0,1,1,0,1,0,1,1,1,1,0,0,1,1,"Carolina.Chickadee","Yellow.breasted.Chat",0.24991452991453
"1082",2,1,21.5,12.2,15.9,11.5,20.6,31.4,11.7,3.9,2.4,3.2,7.3,4,1,0.477121254719662,1,3,1050,1050,26.4833333333333,1,0,0,0,0,0,1,0,1,1,1,0,1,1,0,0,"Carolina.Chickadee","Bobolink",0.00581196581196581
"1083",2,0,9.4,17.6,6.7,8.7,8.4,17.5,6.5,1.5,0.9,5,8.4,3,1,0.0669467896306132,0,1,950,950,10.7833333333333,1,0,0,0,0,0,0,0,1,1,1,1,1,0,1,1,"Carolina.Chickadee","Orchard.Oriole",0.515213675213675
"1084",2,1,40.8,39.3,4.5,41.9,16.4,59.2,13.2,5.1,2.1,8.8,13.8,3,2,0.352182518111363,1,2,650,650,45.9833333333333,1,0,0,0,0,0,1,0,1,1,1,1,1,0,0,0,"Carolina.Chickadee","Red.winged.Blackbird",-0.0215384615384615
"1085",2,0,30.3,20.2,13.5,21.8,22.5,46.2,9.9,5.2,2.3,4.5,8.7,1,1,0.352182518111363,1,2,1045,1045,32.3333333333333,1,0,0,0,0,0,1,0,1,1,1,1,1,0,1,0,"Carolina.Chickadee","Brown.headed.Cowbird",0.518632478632479
"1086",1,1,95.2,68.6,6.4,51.2,22.9,74.1,20.8,6.8,3.8,15.2,24.1,4,1,0,0,0,850,850,97.3333333333333,0,1,0,0,0,0,1,0,0,0,0,1,0,0,0,0,"Carolina.Chickadee","Common.Grackle",0.120683760683761
"1087",2,1,8.8,0.799999999999997,5.4,8.1,6.9,14.4,7.5,0.399999999999999,0.1,2.3,6.2,2,0,0.653212513775344,1,4,50,50,10.3166666666667,1,0,1,1,0,0,1,1,1,1,1,1,1,0,1,0,"Carolina.Chickadee","Ovenbird",0.413333333333333
"1088",2,1,0.9,3,6,2.7,5.6,10,2.5,0.4,0.6,2.4,4.8,1,1,0.954242509439325,2,4,650,650,0.136666666666667,1,0,0,1,0,0,1,0,1,1,1,1,1,0,1,1,"Carolina.Chickadee","Black.and.white.Warbler",0.0700854700854701
"1089",2,1,4.3,6.9,10.5,1.9,9.5,10.1,3.5,0.2,0.3,4.2,8.2,2,1,0.653212513775344,2,2,550,550,4.83333333333333,1,0,0,1,0,0,0,0,1,1,1,1,1,0,1,1,"Carolina.Chickadee","Prothonotary.Warbler",0.244444444444444
"1090",2,1,0.5,0.200000000000003,3.4,2.7,2.9,4.09999999999999,5.4,0.4,0.5,1.3,3.8,4,0,0.954242509439325,2,4,2750,2750,0.858333333333334,1,0,0,1,0,0,1,0,1,1,1,1,1,0,1,1,"Carolina.Chickadee","Common.Yellowthroat",0.0167521367521367
"1091",2,0,0.5,5.5,2,2.7,2.2,5.90000000000001,4.4,0.1,0.3,1.3,4.8,4,1,0.778151250383644,2,3,750,750,0.0833333333333339,1,0,0,1,0,0,1,0,1,1,1,1,1,0,1,1,"Carolina.Chickadee","Hooded.Warbler",0.357948717948718
"1092",2,1,1.8,3,5.1,1,4.2,3.2,2.2,0.7,0.5,0.2,3.4,4,1,0.477121254719662,1,3,1150,1150,2.14166666666667,1,0,0,1,0,0,1,0,1,1,1,1,1,0,1,1,"Carolina.Chickadee","American.Redstart",-0.0256410256410256
"1093",2,0,2.2,5.5,8.6,7.1,4.1,1.2,2.1,0.6,0.4,1,2.7,3,1,0.556302500767287,2,5,650,650,1.93166666666667,1,0,1,1,0,1,0,0,1,1,1,0,1,0,1,1,"Carolina.Chickadee","Northern.Parula",0.234871794871795
"1094",2,1,0.0999999999999996,0.700000000000003,4.6,0,3.5,3.40000000000001,3.8,0.4,0.1,0.800000000000001,4.1,3,1,0.0511525224473813,1,2,250,250,0.166666666666666,1,0,0,1,1,1,0,0,1,1,0,1,1,0,1,1,"Carolina.Chickadee","Black.throated.Blue.Warbler",-0.223247863247863
"1095",2,0,1.8,4.4,9.1,4.2,9.2,13,3.8,0.0999999999999996,0.4,1.4,4.5,2,2,0.176091259055681,0,2,1200,1200,1.83333333333333,1,0,1,1,0,1,1,0,1,1,1,1,1,0,1,1,"Carolina.Chickadee","Pine.Warbler",0.541880341880342
"1096",2,0,0.300000000000001,1.1,8.2,2,7.4,8.90000000000001,2,0.3,0.5,3.2,6,2,1,0.556302500767287,2,1,50,50,0.53333333333333,1,0,1,1,0,0,1,0,1,1,1,1,1,0,1,1,"Carolina.Chickadee","Yellow.throated.Warbler",0.271111111111111
"1097",2,0,2.4,1.2,0.5,2.6,0.300000000000001,3.3,2.9,0.8,0.7,0.6,2.9,3,1,0.0791812460476249,0,1,630,630,2.26666666666667,1,0,0,1,0,1,1,0,1,1,1,0,1,0,1,1,"Carolina.Chickadee","Prairie.Warbler",0.347008547008547
"1098",2,1,19.1,21.7,9.7,20.4,16.5,33.2,4.7,5.3,4.9,6.7,10.3,2,2,0.352182518111363,1,2,650,650,18.3433333333333,1,0,1,1,0,0,1,0,1,1,1,1,1,0,1,1,"Carolina.Chickadee","Summer.Tanager",0.348376068376068
"1099",2,1,18.2,14.2,11.4,18.9,18.1,33.8,4.6,4.5,3.7,4.9,9.9,2,1,0.477121254719662,1,3,750,750,20.3,1,0,1,1,0,0,1,0,1,1,1,0,1,0,1,1,"Carolina.Chickadee","Scarlet.Tanager",0.0885470085470085
"1100",0,0,32.6,52.2,4,30.7,2.8,34.7,9.7,8.6,5.8,8.1,8.7,4,1,0.352182518111363,1,4,150,150,34.2166666666667,1,0,0,0,0,0,1,0,0,1,1,0,1,0,0,1,"Carolina.Chickadee","Northern.Cardinal",0.538461538461538
"1101",2,0,17.4,14.8,3.4,20.2,8.5,27.3,5.5,7.2,3.9,5.7,8.1,2,1,0.176091259055681,1,0,650,650,18.5833333333333,1,0,0,0,0,0,1,0,1,1,1,1,1,0,1,0,"Carolina.Chickadee","Blue.Grosbeak",0.297777777777778
"1102",2,0,4.7,0.700000000000003,3,3.3,3.3,6,2.4,2.5,1.6,1,2.8,2,2,0.1249387366083,1,0,450,450,5.23333333333333,1,0,0,0,0,0,0,0,1,1,1,0,1,0,0,0,"Carolina.Chickadee","Indigo.Bunting",0.362051282051282
"1122",0,0,0,0,0,0,0,0,0,0,0,0,0,0,0,0,0,0,0,0,0,0,1,1,1,1,1,1,1,1,1,1,1,1,1,1,1,"Purple.Martin","Purple.Martin",1
"1123",2,1,35.9,2,0.600000000000001,14.7,14.3,31.4,3.3,2.1,1.4,3.4,4.4,0,1,0,0,0,200,200,30.8833333333333,3,0,0,1,1,0,1,0,1,1,1,1,0,1,1,1,"Purple.Martin","Barn.Swallow",0.014017094017094
"1124",2,1,32.2,23.2,3,14.3,22.4,37.9,2.4,1.8,1.4,3.5,5.5,1,2,0.301029995663981,0,3,430,430,27.8466666666667,0,0,0,1,1,1,1,1,1,1,1,1,1,1,1,1,"Purple.Martin","Cliff.Swallow",0.20957264957265
"1125",0,0,34.8,21.7,40.6,18.1,69.8,87.8,6.4,0.9,2.7,1.7,0.0999999999999979,1,2,0.301029995663981,0,3,1200,1200,30.4333333333333,1,0,0,1,1,0,1,0,0,1,1,1,1,1,1,0,"Purple.Martin","Carolina.Wren",0.0194871794871795
"1126",0,1,32.8,23.6,20.8,9.8,49,58.6,3.5,0.6,1.9,2.8,2.3,1,2,0.176091259055681,1,4,300,300,28.5133333333333,0,1,0,1,0,0,1,0,1,1,1,0,0,0,0,0,"Purple.Martin","White.breasted.Nuthatch",0.18974358974359
"1127",0,1,43.6,37,28.7,20.8,61.5,82.2,0.199999999999999,0.9,2.6,1,1.5,1,1,0.1249387366083,1,2,2600,2600,40.1573333333333,1,0,0,1,0,1,1,0,1,1,1,1,1,0,1,0,"Purple.Martin","Brown.headed.Nuthatch",-0.37025641025641
"1128",2,0,5.3,45.2,31.4,19.8,53.5,34.9,17.2,0.5,1.3,2.8,5.3,0,2,0.1249387366083,1,2,200,200,2.08333333333333,0,1,0,0,0,0,1,1,0,1,1,0,1,0,0,0,"Purple.Martin","Northern.Mockingbird",-0.0694017094017094
"1129",1,1,15,49.4,38.1,16,62.6,44.7,19.2,1.5,0.5,9.9,13.3,0,2,0,2,4,2680,2680,19.9333333333333,1,0,0,1,0,0,1,0,0,1,1,1,1,0,0,0,"Purple.Martin","Brown.Thrasher",0.195213675213675
"1130",1,0,26.3,9.90000000000001,19.2,6.3,45.2,51.4,4.7,0.3,1.7,0.300000000000001,1.4,2,3,0,1,3,760,760,20.35,0,1,0,1,0,0,1,1,0,1,1,1,1,1,1,0,"Purple.Martin","Eastern.Bluebird",-0.338119658119658
"1131",2,1,3.7,1.10000000000001,25.1,8.2,47.6,40.7,17.1,0.6,0.800000000000001,2.5,2.2,1,4,0.301029995663981,3,3,1875,1925,3.64166666666667,0,1,0,1,0,0,1,0,0,1,1,1,1,0,1,0,"Purple.Martin","Wood.Thrush",-0.115213675213675
"1132",2,1,24.7,23.3,23,19.6,39.7,20.2,17.7,2,0.300000000000001,3.1,6.6,0,4,0.367976785294594,1,1,300,300,29.4,0,1,0,0,0,0,1,1,1,1,1,1,1,0,1,0,"Purple.Martin","American.Robin",-0.236239316239316
"1133",0,1,27.3,15.2,24.7,16.3,56.2,72.3,2.9,2.6,0.399999999999999,0.300000000000001,3.3,1,0,0.301029995663981,0,3,1400,1400,22.7933333333333,0,0,0,0,0,0,0,0,0,1,0,0,1,0,0,0,"Purple.Martin","House.Sparrow",-0.0406837606837607
"1134",1,0,32.4,6.2,24.5,14.9,55.4,70,2.4,3.4,0.699999999999999,1,6.2,0,1,0.367976785294594,1,1,300,300,28.5083333333333,0,1,0,0,0,0,0,0,1,1,1,0,1,0,0,0,"Purple.Martin","House.Finch",-0.181538461538462
"1135",0,1,41,24.1,24.4,20.4,57.5,77.4,1.5,1.5,1.6,1.2,5.3,0,1,0.176091259055681,0,2,2200,2200,37.2833333333333,1,0,0,0,0,0,1,0,1,1,1,0,1,0,0,0,"Purple.Martin","American.Goldfinch",-0.375042735042735
"1136",2,0,41.6,16.4,27.8,19.7,60.3,79.2,1.3,0.100000000000001,1.9,2.4,3.7,0,1,0.221848749616356,1,1,600,600,36.8833333333333,0,1,0,0,0,1,1,0,1,1,1,1,1,0,0,0,"Purple.Martin","Chipping.Sparrow",-0.154871794871795
"1137",2,0,29.4,2,32.3,12.6,62.3,74.4,8,1.5,0.800000000000001,1,3.2,1,1,0.301029995663981,3,3,2200,2200,22.75,1,0,0,0,0,0,1,0,1,1,1,0,1,0,0,0,"Purple.Martin","White.throated.Sparrow",-0.0338461538461538
"1138",1,0,13.8,19.3,38.4,0.0999999999999943,65.5,64.9,12,3.4,0.4,0.4,1.4,0,2,0.522878745280338,3,1,1220,1220,9.11666666666666,0,1,0,0,0,0,1,0,0,1,1,0,1,0,0,0,"Purple.Martin","Eastern.Towhee",-0.0229059829059829
"1139",0,0,28.9,0.600000000000009,30.7,10.2,60.3,70.7,11.1,1.5,1.1,1.1,0.5,1,3,0.176091259055681,1,4,1100,1100,22.7333333333333,0,1,0,1,0,0,1,1,1,1,1,1,0,1,1,0,"Purple.Martin","Yellow.breasted.Chat",0.0304273504273504
"1140",2,1,22.3,10.6,16.6,12.2,44.6,57,11.5,2.8,0,0.4,0.600000000000001,1,1,0,1,3,2400,2400,13.3333333333333,0,1,0,0,0,1,1,0,1,1,1,0,1,0,0,0,"Purple.Martin","Bobolink",0.266324786324786
"1141",2,0,34.4,5.2,25.8,15,56.8,70.9,6.3,0.4,1.5,2.2,0.5,0,1,0.544068044350276,2,1,2300,2300,29.0333333333333,0,1,0,0,0,0,0,0,1,1,1,1,1,1,1,0,"Purple.Martin","Orchard.Oriole",-0.212991452991453
"1142",2,1,3,16.5,28,18.2,48.8,29.2,13,4,0.300000000000001,6,5.9,0,4,0.1249387366083,1,2,700,700,6.16666666666667,0,1,1,0,0,1,1,0,1,1,1,1,1,0,0,0,"Purple.Martin","Red.winged.Blackbird",-0.233504273504273
"1143",2,0,13.5,2.60000000000001,19,1.90000000000001,42.7,42.2,9.7,4.1,0.100000000000001,1.7,0.800000000000001,2,3,0.1249387366083,1,2,305,305,7.48333333333333,0,1,0,0,0,1,1,0,1,1,1,1,1,1,1,0,"Purple.Martin","Brown.headed.Cowbird",-0.0126495726495726
"1144",1,1,51.4,45.8,26.1,27.5,42.3,14.3,20.6,5.7,1.4,12.4,16.2,1,1,0.477121254719662,2,0,2200,2200,57.5166666666667,1,0,0,0,0,0,1,0,0,0,0,1,0,1,0,0,"Purple.Martin","Common.Grackle",-0.236239316239316
"1145",2,1,35,22,27.1,15.6,58.3,74,7.3,0.7,2.3,0.5,1.7,1,2,0.176091259055681,1,4,1300,1300,29.5,0,1,0,1,0,1,1,0,1,1,1,1,1,1,1,0,"Purple.Martin","Ovenbird",-0.439316239316239
"1146",2,1,42.9,25.8,26.5,21,59.6,78.4,2.3,1.5,3,0.4,3.1,2,3,0.477121254719662,0,4,700,700,39.9533333333333,0,1,0,1,1,0,1,1,1,1,1,1,1,1,1,0,"Purple.Martin","Black.and.white.Warbler",-0.0174358974358974
"1147",2,1,39.5,29.7,22,21.8,55.7,78.3,3.3,0.9,2.1,1.4,0.300000000000001,1,1,0.176091259055681,0,2,1900,1900,34.9833333333333,0,1,0,1,1,0,0,0,1,1,1,1,1,1,1,0,"Purple.Martin","Prothonotary.Warbler",-0.185641025641026
"1148",2,1,44.3,23,35.9,26.4,68.1,92.5,5.2,1.5,2.9,1.5,4.1,1,2,0.477121254719662,0,4,1400,1400,38.9583333333333,0,1,1,1,1,1,1,0,1,1,1,1,1,1,1,0,"Purple.Martin","Common.Yellowthroat",-0.597264957264957
"1149",2,0,43.3,17.3,30.5,21,63,82.5,4.2,1.2,2.1,1.5,3.1,1,3,0.301029995663981,0,3,2100,2100,39.7333333333333,0,1,0,1,1,1,1,1,1,1,1,1,1,1,1,0,"Purple.Martin","Hooded.Warbler",0.0728205128205128
"1150",2,1,45.6,19.8,27.4,22.7,61,85.2,2,1.8,1.9,2.6,4.5,1,3,0,1,3,200,200,41.9583333333333,0,1,0,1,0,0,1,1,1,1,1,1,1,1,1,0,"Purple.Martin","American.Redstart",-0.0598290598290598
"1151",2,0,46,28.3,23.9,30.8,61.1,89.6,1.9,1.7,2.8,1.8,5.2,0,1,0.0791812460476249,4,5,700,700,41.7483333333333,0,1,0,1,0,0,0,0,1,1,1,0,1,1,1,0,"Purple.Martin","Northern.Parula",0.118632478632479
"1152",2,1,43.7,23.5,27.9,23.7,61.7,85,3.6,1.5,2.5,2,3.8,0,3,0.425968732272281,3,2,1600,1600,39.9833333333333,0,1,0,1,0,0,0,0,1,1,0,1,1,1,1,0,"Purple.Martin","Black.throated.Blue.Warbler",0.0482051282051282
"1153",2,0,42,18.4,23.4,19.5,56,75.4,3.6,1,2.8,1.4,3.4,1,4,0.301029995663981,2,2,150,150,37.9833333333333,0,1,0,1,0,0,1,0,1,1,1,1,1,1,1,0,"Purple.Martin","Pine.Warbler",-0.511111111111111
"1154",2,0,44.1,21.7,24.3,21.7,57.8,79.5,1.8,1.4,2.9,0.4,1.9,1,3,0.0791812460476249,0,1,1400,1400,40.35,0,1,0,1,1,1,1,1,1,1,1,1,1,1,1,0,"Purple.Martin","Yellow.throated.Warbler",-0.406495726495726
"1155",2,0,46.2,24,32,26.3,65.5,91.7,2.7,1.9,3.1,2.2,5,0,3,0.397940008672038,2,1,1980,1980,42.0833333333333,0,1,0,1,0,0,1,1,1,1,1,0,1,1,1,0,"Purple.Martin","Prairie.Warbler",-0.414017094017094
"1156",2,1,24.7,1.10000000000001,22.8,3.3,48.7,55.2,4.5,4.2,2.5,3.9,2.4,1,4,0.1249387366083,1,2,700,700,21.4733333333333,0,1,0,1,0,0,1,1,1,1,1,1,1,1,1,0,"Purple.Martin","Summer.Tanager",-0.340854700854701
"1157",2,1,25.6,8.60000000000001,21.1,4.8,47.1,54.6,4.4,3.4,1.3,2.1,2,1,3,0,1,3,600,600,19.5166666666667,0,1,0,1,0,0,1,1,1,1,1,0,1,1,1,0,"Purple.Martin","Scarlet.Tanager",0.135726495726496
"1158",0,0,11.2,29.4,36.5,7,62.4,53.7,9.5,7.5,3.4,5.3,0.800000000000001,1,3,0.1249387366083,3,4,1200,1200,5.59999999999999,0,1,0,0,0,0,1,0,0,1,1,0,1,0,0,0,"Purple.Martin","Northern.Cardinal",-0.107008547008547
"1159",2,0,26.4,8,29.1,3.5,56.7,61.1,5.3,6.1,1.5,2.9,0.199999999999999,1,3,0.301029995663981,1,0,700,700,21.2333333333333,0,1,0,0,0,1,1,0,1,1,1,1,1,1,1,0,"Purple.Martin","Blue.Grosbeak",-0.00717948717948718
"1160",2,0,39.1,23.5,29.5,20.4,61.9,82.4,2.2,1.4,0.800000000000001,1.8,5.1,1,4,0.602059991327962,3,0,900,900,34.5833333333333,0,1,0,0,0,0,0,0,1,1,1,0,1,0,0,0,"Purple.Martin","Indigo.Bunting",-0.0953846153846154
"1181",0,0,0,0,0,0,0,0,0,0,0,0,0,0,0,0,0,0,0,0,0,0,1,1,1,1,1,1,1,1,1,1,1,1,1,1,1,"Barn.Swallow","Barn.Swallow",1
"1182",0,0,3.7,21.2,3.6,0.399999999999999,8.09999999999999,6.5,0.9,0.3,0,0.0999999999999996,1.1,1,1,0.301029995663981,0,3,230,230,3.03666666666667,3,0,0,1,1,0,1,0,1,1,1,1,0,1,1,1,"Barn.Swallow","Cliff.Swallow",0.402393162393162
"1183",2,1,1.1,19.7,41.2,3.4,55.5,56.4,9.7,1.2,1.3,5.1,4.5,1,1,0.301029995663981,0,3,1000,1000,0.449999999999999,2,0,0,1,1,1,1,1,0,1,1,1,0,1,1,0,"Barn.Swallow","Carolina.Wren",0.135726495726496
"1184",2,2,3.1,21.6,21.4,4.9,34.7,27.2,6.8,1.5,0.5,6.2,6.7,1,3,0.176091259055681,1,4,500,500,2.37,3,0,0,1,0,1,1,0,1,1,1,0,1,0,0,0,"Barn.Swallow","White.breasted.Nuthatch",-0.204102564102564
"1185",2,2,7.7,35,29.3,6.1,47.2,50.8,3.1,1.2,1.2,4.4,2.9,1,2,0.1249387366083,1,2,2400,2400,9.274,2,0,0,1,0,0,1,0,1,1,1,1,0,0,1,0,"Barn.Swallow","Brown.headed.Nuthatch",0.0926495726495726
"1186",0,1,30.6,47.2,32,34.5,39.2,3.5,20.5,2.6,0.0999999999999996,6.2,9.7,0,1,0.1249387366083,1,2,0,0,28.8,3,0,0,0,0,0,1,0,0,1,1,0,0,0,0,0,"Barn.Swallow","Northern.Mockingbird",0.117948717948718
"1187",1,2,50.9,51.4,38.7,30.7,48.3,13.3,22.5,3.6,0.9,13.3,17.7,0,1,0,2,4,2480,2480,50.8166666666667,2,0,0,1,0,0,1,0,0,1,1,1,0,0,0,0,"Barn.Swallow","Brown.Thrasher",-0.29025641025641
"1188",1,1,9.6,7.90000000000001,19.8,8.40000000000001,30.9,20,8,1.8,0.3,3.1,3,2,2,0,1,3,560,560,10.5333333333333,3,0,0,1,0,0,1,0,0,1,1,1,0,1,1,0,"Barn.Swallow","Eastern.Bluebird",0.0064957264957265
"1189",0,2,32.2,0.899999999999991,25.7,22.9,33.3,9.3,20.4,2.7,0.6,5.9,6.6,1,3,0.301029995663981,3,3,1675,1725,34.525,3,0,0,1,0,0,1,0,0,1,1,1,0,0,1,0,"Barn.Swallow","Wood.Thrush",-0.396239316239316
"1190",0,0,60.6,25.3,23.6,34.3,25.4,11.2,21,4.1,1.1,6.5,11,0,3,0.367976785294594,1,1,500,500,60.2833333333333,3,0,0,0,0,0,1,0,1,1,1,1,0,0,1,0,"Barn.Swallow","American.Robin",-0.0413675213675214
"1191",2,0,8.6,13.2,25.3,1.6,41.9,40.9,6.2,4.7,1.8,3.1,1.1,1,1,0.301029995663981,0,3,1600,1600,8.09,3,1,0,0,0,1,0,0,0,1,0,0,0,0,0,0,"Barn.Swallow","House.Sparrow",0.152820512820513
"1192",1,1,3.5,4.2,25.1,0.200000000000003,41.1,38.6,5.7,5.5,2.1,2.4,1.8,0,0,0.367976785294594,1,1,500,500,2.375,3,0,0,0,0,0,0,0,1,1,1,0,0,0,0,0,"Barn.Swallow","House.Finch",0.107692307692308
"1193",2,2,5.1,22.1,25,5.7,43.2,46,1.8,3.6,0.2,2.2,0.9,0,0,0.176091259055681,0,2,2000,2000,6.4,2,0,0,0,0,1,1,0,1,1,1,0,0,0,0,0,"Barn.Swallow","American.Goldfinch",0.34017094017094
"1194",0,1,5.7,14.4,28.4,5,46,47.8,4.6,2.2,0.5,1,0.699999999999999,0,0,0.221848749616356,1,1,800,800,6,3,0,0,0,0,0,1,0,1,1,1,1,0,0,0,0,"Barn.Swallow","Chipping.Sparrow",0.247179487179487
"1195",0,1,6.5,0,32.9,2.1,48,43,11.3,3.6,0.6,2.4,1.2,1,0,0.301029995663981,3,3,2000,2000,8.13333333333333,2,0,0,0,0,0,1,0,1,1,1,0,0,0,0,0,"Barn.Swallow","White.throated.Sparrow",0.422905982905983
"1196",1,1,22.1,21.3,39,14.8,51.2,33.5,15.3,5.5,1,3.8,3,0,1,0.522878745280338,3,1,1020,1020,21.7666666666667,3,0,0,0,0,0,1,0,0,1,1,0,0,0,0,0,"Barn.Swallow","Eastern.Towhee",-0.134358974358974
"1197",2,1,7,1.39999999999999,31.3,4.5,46,39.3,14.4,3.6,0.3,4.5,3.9,1,2,0.176091259055681,1,4,900,900,8.15,3,0,0,1,0,0,1,0,1,1,1,1,1,1,1,0,"Barn.Swallow","Yellow.breasted.Chat",-0.193162393162393
"1198",0,2,13.6,8.60000000000001,17.2,2.5,30.3,25.6,14.8,4.9,1.4,3.8,3.8,1,0,0,1,3,2200,2200,17.55,3,0,0,0,0,0,1,0,1,1,1,0,0,0,0,0,"Barn.Swallow","Bobolink",-0.100854700854701
"1199",0,1,1.5,3.2,26.4,0.299999999999997,42.5,39.5,9.6,2.5,0.0999999999999996,5.6,4.9,0,0,0.544068044350276,2,1,2100,2100,1.85,3,0,0,0,0,0,0,1,1,1,1,1,0,1,1,0,"Barn.Swallow","Orchard.Oriole",0.258119658119658
"1200",0,0,32.9,18.5,28.6,32.9,34.5,2.2,16.3,6.1,1.1,9.4,10.3,0,3,0.1249387366083,1,2,500,500,37.05,3,0,0,0,0,0,1,0,1,1,1,1,0,0,0,0,"Barn.Swallow","Red.winged.Blackbird",0.246495726495726
"1201",0,1,22.4,0.600000000000009,19.6,12.8,28.4,10.8,13,6.2,1.3,5.1,5.2,2,2,0.1249387366083,1,2,105,105,23.4,3,0,0,0,0,0,1,0,1,1,1,1,0,1,1,0,"Barn.Swallow","Brown.headed.Cowbird",0.213675213675214
"1202",1,0,87.3,47.8,26.7,42.2,28,17.1,23.9,7.8,2.8,15.8,20.6,1,0,0.477121254719662,2,0,2000,2000,88.4,2,0,0,0,0,0,1,0,0,0,0,1,1,1,0,0,"Barn.Swallow","Common.Grackle",0.39008547008547
"1203",0,2,0.900000000000002,20,27.7,0.899999999999999,44,42.6,10.6,1.4,0.9,2.9,2.7,1,1,0.176091259055681,1,4,1100,1100,1.38333333333333,3,0,0,1,0,0,1,0,1,1,1,1,0,1,1,0,"Barn.Swallow","Ovenbird",-0.161709401709402
"1204",0,2,7,23.8,27.1,6.3,45.3,47,5.6,0.6,1.6,3,1.3,2,2,0.477121254719662,0,4,500,500,9.07,3,0,0,1,1,1,1,0,1,1,1,1,0,1,1,0,"Barn.Swallow","Black.and.white.Warbler",-0.0502564102564102
"1205",0,2,3.6,27.7,22.6,7.1,41.4,46.9,6.6,1.2,0.7,4.8,4.7,1,0,0.176091259055681,0,2,1700,1700,4.1,3,0,0,1,1,1,0,1,1,1,1,1,0,1,1,0,"Barn.Swallow","Prothonotary.Warbler",0.135042735042735
"1206",0,2,8.4,21,36.5,11.7,53.8,61.1,8.5,0.6,1.5,1.9,0.299999999999999,1,1,0.477121254719662,0,4,1600,1600,8.075,3,0,0,1,1,0,1,1,1,1,1,1,0,1,1,0,"Barn.Swallow","Common.Yellowthroat",0.18974358974359
"1207",0,1,7.4,15.3,31.1,6.3,48.7,51.1,7.5,0.9,0.7,1.9,1.3,1,2,0.301029995663981,0,3,1900,1900,8.85,3,0,0,1,1,0,1,0,1,1,1,1,0,1,1,0,"Barn.Swallow","Hooded.Warbler",-0.0851282051282051
"1208",0,2,9.7,17.8,28,8,46.7,53.8,5.3,0.3,0.5,0.8,0.0999999999999996,1,2,0,1,3,0,0,11.075,3,0,0,1,0,0,1,0,1,1,1,1,0,1,1,0,"Barn.Swallow","American.Redstart",0.408547008547008
"1209",0,1,10.1,26.3,24.5,16.1,46.8,58.2,5.2,0.4,1.4,1.6,0.800000000000001,0,0,0.0791812460476249,4,5,500,500,10.865,3,0,0,1,0,0,0,0,1,1,1,0,0,1,1,0,"Barn.Swallow","Northern.Parula",-0.10017094017094
"1210",0,2,7.8,21.5,28.5,9,47.4,53.6,6.9,0.6,1.1,1.4,0.6,0,2,0.425968732272281,3,2,1400,1400,9.1,3,0,0,1,0,0,0,0,1,1,0,1,0,1,1,0,"Barn.Swallow","Black.throated.Blue.Warbler",0.260854700854701
"1211",0,1,6.1,16.4,24,4.8,41.7,44,6.9,1.1,1.4,2,1,1,3,0.301029995663981,2,2,50,50,7.1,3,0,0,1,0,0,1,0,1,1,1,1,0,1,1,0,"Barn.Swallow","Pine.Warbler",-0.0543589743589744
"1212",0,1,8.2,19.7,24.9,7,43.5,48.1,5.1,0.7,1.5,3.8,2.5,1,2,0.0791812460476249,0,1,1200,1200,9.46666666666667,3,0,0,1,1,0,1,0,1,1,1,1,0,1,1,0,"Barn.Swallow","Yellow.throated.Warbler",0.179487179487179
"1213",0,1,10.3,22,32.6,11.6,51.2,60.3,6,0.2,1.7,1.2,0.6,0,2,0.397940008672038,2,1,1780,1780,11.2,3,0,0,1,0,0,1,0,1,1,1,0,0,1,1,0,"Barn.Swallow","Prairie.Warbler",-0.12957264957265
"1214",0,2,11.2,0.899999999999991,23.4,11.4,34.4,23.8,7.8,6.3,3.9,7.3,6.8,1,3,0.1249387366083,1,2,500,500,9.41,3,0,0,1,0,0,1,0,1,1,1,1,0,1,1,0,"Barn.Swallow","Summer.Tanager",-0.0905982905982906
"1215",0,2,10.3,6.60000000000001,21.7,9.90000000000001,32.8,23.2,7.7,5.5,2.7,5.5,6.4,1,2,0,1,3,400,400,11.3666666666667,3,0,0,1,0,0,1,0,1,1,1,0,0,1,1,0,"Barn.Swallow","Scarlet.Tanager",0.00444444444444444
"1216",2,1,24.7,31.4,37.1,21.7,48.1,22.3,12.8,9.6,4.8,8.7,5.2,1,2,0.1249387366083,3,4,1000,1000,25.2833333333333,3,0,0,0,0,0,1,0,0,1,1,0,0,0,0,0,"Barn.Swallow","Northern.Cardinal",-0.352478632478632
"1217",0,1,9.5,6,29.7,11.2,42.4,29.7,8.6,8.2,2.9,6.3,4.6,1,2,0.301029995663981,1,0,500,500,9.65,3,0,0,0,0,0,1,0,1,1,1,1,0,1,1,0,"Barn.Swallow","Blue.Grosbeak",0.094017094017094
"1218",0,1,3.2,21.5,30.1,5.7,47.6,51,5.5,3.5,0.6,1.6,0.700000000000001,1,3,0.602059991327962,3,0,700,700,3.7,3,0,0,0,0,0,0,0,1,1,1,0,0,0,0,0,"Barn.Swallow","Indigo.Bunting",0.0823931623931624
"1240",0,0,0,0,0,0,0,0,0,0,0,0,0,0,0,0,0,0,0,0,0,0,1,1,1,1,1,1,1,1,1,1,1,1,1,1,1,"Cliff.Swallow","Cliff.Swallow",1
"1241",2,1,2.6,1.5,37.6,3.8,47.4,49.9,8.8,0.9,1.3,5.2,5.6,2,0,0,0,0,770,770,2.58666666666667,1,0,0,1,1,0,1,0,0,1,1,1,1,1,1,0,"Cliff.Swallow","Carolina.Wren",0.148717948717949
"1242",2,2,0.600000000000001,0.400000000000006,17.8,4.5,26.6,20.7,5.9,1.2,0.5,6.3,7.8,2,4,0.1249387366083,1,1,730,730,0.666666666666668,0,0,0,1,0,0,1,0,1,1,1,0,0,0,0,0,"Cliff.Swallow","White.breasted.Nuthatch",-0.280683760683761
"1243",2,2,11.4,13.8,25.7,6.5,39.1,44.3,2.2,0.9,1.2,4.5,4,2,3,0.425968732272281,1,1,2170,2170,12.3106666666667,1,0,0,1,0,1,1,0,1,1,1,1,1,0,1,0,"Cliff.Swallow","Brown.headed.Nuthatch",-0.176068376068376
"1244",0,1,26.9,68.4,28.4,34.1,31.1,3,19.6,2.3,0.0999999999999996,6.3,10.8,1,0,0.425968732272281,1,1,230,230,25.7633333333333,0,0,0,0,0,0,1,1,0,1,1,0,1,0,0,0,"Cliff.Swallow","Northern.Mockingbird",0.0235897435897436
"1245",1,2,47.2,72.6,35.1,30.3,40.2,6.8,21.6,3.3,0.9,13.4,18.8,1,0,0.301029995663981,2,1,2250,2250,47.78,1,0,0,1,0,0,1,0,0,1,1,1,1,0,0,0,"Cliff.Swallow","Brown.Thrasher",-0.147350427350427
"1246",1,1,5.9,13.3,16.2,8.00000000000001,22.8,13.5,7.1,1.5,0.3,3.2,4.1,3,1,0.301029995663981,1,0,330,330,7.49666666666667,0,0,0,1,0,0,1,1,0,1,1,1,1,1,1,0,"Cliff.Swallow","Eastern.Bluebird",-0.0358974358974359
"1247",0,2,28.5,22.1,22.1,22.5,25.2,2.8,19.5,2.4,0.6,6,7.7,2,2,0.602059991327962,3,0,1445,1495,31.4883333333333,0,0,0,1,0,0,1,0,0,1,1,1,1,0,1,0,"Cliff.Swallow","Wood.Thrush",0.0441025641025641
"1248",0,0,56.9,46.5,20,33.9,17.3,17.7,20.1,3.8,1.1,6.6,12.1,1,2,0.669006780958576,1,4,730,730,57.2466666666667,0,0,0,0,0,0,1,1,1,1,1,1,1,0,1,0,"Cliff.Swallow","American.Robin",-0.267008547008547
"1249",2,0,4.9,8,21.7,2,33.8,34.4,5.3,4.4,1.8,3.2,2.2,0,2,0,0,0,1830,1830,5.05333333333333,0,0,0,0,0,0,0,0,0,1,0,0,1,0,0,0,"Cliff.Swallow","House.Sparrow",0.174017094017094
"1250",1,1,0.200000000000003,17,21.5,0.600000000000001,33,32.1,4.8,5.2,2.1,2.5,0.700000000000001,1,1,0.669006780958576,1,4,730,730,0.661666666666665,0,0,0,0,0,0,0,0,1,1,1,0,1,0,0,0,"Cliff.Swallow","House.Finch",0.0871794871794872
"1251",2,2,8.8,0.900000000000006,21.4,6.1,35.1,39.5,0.9,3.3,0.2,2.3,0.199999999999999,1,1,0.1249387366083,0,1,1770,1770,9.43666666666667,1,0,0,0,0,0,1,0,1,1,1,0,1,0,0,0,"Cliff.Swallow","American.Goldfinch",0.182905982905983
"1252",0,1,9.4,6.8,24.8,5.4,37.9,41.3,3.7,1.9,0.5,1.1,1.8,1,1,0.522878745280338,1,2,1030,1030,9.03666666666667,0,0,0,0,0,1,1,0,1,1,1,1,1,0,0,0,"Cliff.Swallow","Chipping.Sparrow",0.284786324786325
"1253",0,1,2.8,21.2,29.3,1.7,39.9,36.5,10.4,3.3,0.6,2.5,2.3,0,1,0.602059991327962,3,0,1770,1770,5.09666666666667,1,0,0,0,0,0,1,0,1,1,1,0,1,0,0,0,"Cliff.Swallow","White.throated.Sparrow",0.126837606837607
"1254",1,1,18.4,42.5,35.4,14.4,43.1,27,14.4,5.2,1,3.9,4.1,1,0,0.823908740944319,3,2,790,790,18.73,0,0,0,0,0,0,1,0,0,1,1,0,1,0,0,0,"Cliff.Swallow","Eastern.Towhee",-0.16991452991453
"1255",2,1,3.3,22.6,27.7,4.1,37.9,32.8,13.5,3.3,0.3,4.6,5,2,1,0.1249387366083,1,1,670,670,5.11333333333333,0,0,0,1,0,0,1,1,1,1,1,1,0,1,1,0,"Cliff.Swallow","Yellow.breasted.Chat",0.173333333333333
"1256",0,2,9.9,12.6,13.6,2.1,22.2,19.1,13.9,4.6,1.4,3.9,4.9,0,1,0.301029995663981,1,0,1970,1970,14.5133333333333,0,0,0,0,0,1,1,0,1,1,1,0,1,0,0,0,"Cliff.Swallow","Bobolink",-0.268376068376068
"1257",0,1,2.2,18,22.8,0.699999999999996,34.4,33,8.7,2.2,0.0999999999999996,5.7,6,1,1,0.845098040014257,2,4,1870,1870,1.18666666666667,0,0,0,0,0,0,0,0,1,1,1,1,1,1,1,0,"Cliff.Swallow","Orchard.Oriole",0.29025641025641
"1258",0,0,29.2,39.7,25,32.5,26.4,8.7,15.4,5.8,1.1,9.5,11.4,1,2,0.425968732272281,1,1,270,270,34.0133333333333,0,0,0,0,0,1,1,0,1,1,1,1,1,0,0,0,"Cliff.Swallow","Red.winged.Blackbird",0.125470085470085
"1259",0,1,18.7,20.6,16,12.4,20.3,4.3,12.1,5.9,1.3,5.2,6.3,3,1,0.425968732272281,1,1,125,125,20.3633333333333,0,0,0,0,0,1,1,0,1,1,1,1,1,1,1,0,"Cliff.Swallow","Brown.headed.Cowbird",0.223931623931624
"1260",1,0,83.6,69,23.1,41.8,19.9,23.6,23,7.5,2.8,15.9,21.7,0,1,0.778151250383644,2,3,1770,1770,85.3633333333333,1,0,0,0,0,0,1,0,0,0,0,1,0,1,0,0,"Cliff.Swallow","Common.Grackle",0.30051282051282
"1261",0,2,2.8,1.2,24.1,1.3,35.9,36.1,9.7,1.1,0.9,3,3.8,2,0,0.1249387366083,1,1,870,870,1.65333333333333,0,0,0,1,0,1,1,0,1,1,1,1,1,1,1,0,"Cliff.Swallow","Ovenbird",0.128205128205128
"1262",0,2,10.7,2.6,23.5,6.7,37.2,40.5,4.7,0.3,1.6,3.1,2.4,3,1,0.176091259055681,0,1,270,270,12.1066666666667,0,0,0,1,1,0,1,1,1,1,1,1,1,1,1,0,"Cliff.Swallow","Black.and.white.Warbler",0.0803418803418803
"1263",0,2,7.3,6.5,19,7.5,33.3,40.4,5.7,0.9,0.7,4.9,5.8,2,1,0.1249387366083,0,1,1470,1470,7.13666666666667,0,0,0,1,1,0,0,0,1,1,1,1,1,1,1,0,"Cliff.Swallow","Prothonotary.Warbler",-0.0413675213675214
"1264",0,2,12.1,0.199999999999996,32.9,12.1,45.7,54.6,7.6,0.3,1.5,2,1.4,0,0,0.176091259055681,0,1,1830,1830,11.1116666666667,0,0,0,1,1,1,1,0,1,1,1,1,1,1,1,0,"Cliff.Swallow","Common.Yellowthroat",-0.000341880341880342
"1265",0,1,11.1,5.9,27.5,6.7,40.6,44.6,6.6,0.6,0.7,2,2.4,0,1,0,0,0,1670,1670,11.8866666666667,0,0,0,1,1,1,1,1,1,1,1,1,1,1,1,0,"Cliff.Swallow","Hooded.Warbler",0.164444444444444
"1266",0,2,13.4,3.4,24.4,8.4,38.6,47.3,4.4,0,0.5,0.9,1,0,1,0.301029995663981,1,0,230,230,14.1116666666667,0,0,0,1,0,0,1,1,1,1,1,1,1,1,1,0,"Cliff.Swallow","American.Redstart",0.178803418803419
"1267",0,1,13.8,5.1,20.9,16.5,38.7,51.7,4.3,0.1,1.4,1.7,0.299999999999999,1,1,0.221848749616356,4,2,270,270,13.9016666666667,0,0,0,1,0,0,0,0,1,1,1,0,1,1,1,0,"Cliff.Swallow","Northern.Parula",0.0434188034188034
"1268",0,2,11.5,0.300000000000004,24.9,9.4,39.3,47.1,6,0.3,1.1,1.5,1.7,1,1,0.726998727936262,3,1,1170,1170,12.1366666666667,0,0,0,1,0,0,0,0,1,1,0,1,1,1,1,0,"Cliff.Swallow","Black.throated.Blue.Warbler",-0.0885470085470085
"1269",0,1,9.8,4.8,20.4,5.2,33.6,37.5,6,0.8,1.4,2.1,2.1,2,2,0.602059991327962,2,1,280,280,10.1366666666667,0,0,0,1,0,0,1,0,1,1,1,1,1,1,1,0,"Cliff.Swallow","Pine.Warbler",0.0393162393162393
"1270",0,1,11.9,1.5,21.3,7.4,35.4,41.6,4.2,0.4,1.5,3.9,3.6,2,1,0.221848749616356,0,2,970,970,12.5033333333333,0,0,0,1,1,1,1,1,1,1,1,1,1,1,1,0,"Cliff.Swallow","Yellow.throated.Warbler",0.206837606837607
"1271",0,1,14,0.800000000000004,29,12,43.1,53.8,5.1,0.1,1.7,1.3,0.5,1,1,0.698970004336019,2,2,1550,1550,14.2366666666667,0,0,0,1,0,0,1,1,1,1,1,0,1,1,1,0,"Cliff.Swallow","Prairie.Warbler",0.156239316239316
"1272",0,2,7.5,22.1,19.8,11,26.3,17.3,6.9,6,3.9,7.4,7.9,2,2,0.425968732272281,1,1,270,270,6.37333333333333,0,0,0,1,0,0,1,1,1,1,1,1,1,1,1,0,"Cliff.Swallow","Summer.Tanager",0.078974358974359
"1273",0,2,6.6,14.6,18.1,9.50000000000001,24.7,16.7,6.8,5.2,2.7,5.6,7.5,2,1,0.301029995663981,1,0,170,170,8.33,0,0,0,1,0,0,1,1,1,1,1,0,1,1,1,0,"Cliff.Swallow","Scarlet.Tanager",0.0878632478632479
"1274",2,1,21,52.6,33.5,21.3,40,15.8,11.9,9.3,4.8,8.8,6.3,0,1,0.425968732272281,3,1,770,770,22.2466666666667,0,0,0,0,0,0,1,0,0,1,1,0,1,0,0,0,"Cliff.Swallow","Northern.Cardinal",-0.100854700854701
"1275",0,1,5.8,15.2,26.1,10.8,34.3,23.2,7.7,7.9,2.9,6.4,5.7,2,1,0.602059991327962,1,3,270,270,6.61333333333333,0,0,0,0,0,1,1,0,1,1,1,1,1,1,1,0,"Cliff.Swallow","Blue.Grosbeak",0.293675213675214
"1276",0,1,6.9,0.300000000000004,26.5,6.1,39.5,44.5,4.6,3.2,0.6,1.7,0.399999999999999,2,2,0.903089986991944,3,3,470,470,6.73666666666667,0,0,0,0,0,0,0,0,1,1,1,0,1,0,0,0,"Cliff.Swallow","Indigo.Bunting",0.202051282051282
"1299",0,0,0,0,0,0,0,0,0,0,0,0,0,0,0,0,0,0,0,0,0,0,1,1,1,1,1,1,1,1,1,1,1,1,1,1,1,"Carolina.Wren","Carolina.Wren",1
"1300",0,1,2,1.90000000000001,19.8,8.3,20.8,29.2,2.9,0.3,0.8,1.1,2.2,0,4,0.1249387366083,1,1,1500,1500,1.92,1,0,1,1,0,1,1,0,0,1,1,0,0,0,0,1,"Carolina.Wren","White.breasted.Nuthatch",0.206837606837607
"1301",0,1,8.8,15.3,11.9,2.7,8.3,5.6,6.6,0,0.0999999999999996,0.699999999999999,1.6,0,3,0.425968732272281,1,1,1400,1400,9.724,0,1,0,1,0,0,1,0,0,1,1,1,1,0,1,1,"Carolina.Wren","Brown.headed.Nuthatch",0.29025641025641
"1302",2,0,29.5,66.9,9.2,37.9,16.3,52.9,10.8,1.4,1.4,1.1,5.2,1,0,0.425968732272281,1,1,1000,1000,28.35,1,0,0,0,0,0,1,0,1,1,1,0,1,0,0,0,"Carolina.Wren","Northern.Mockingbird",0.078974358974359
"1303",1,1,49.8,71.1,2.5,34.1,7.2,43.1,12.8,2.4,2.2,8.2,13.2,1,0,0.301029995663981,2,1,1480,1480,50.3666666666667,0,1,0,1,0,0,1,0,1,1,1,1,1,0,0,0,"Carolina.Wren","Brown.Thrasher",0.0830769230769231
"1304",1,0,8.5,11.8,21.4,11.8,24.6,36.4,1.7,0.6,1,2,1.5,1,1,0.301029995663981,1,0,440,440,10.0833333333333,1,0,0,1,0,0,1,0,1,1,1,1,1,1,1,1,"Carolina.Wren","Eastern.Bluebird",0.463931623931624
"1305",2,1,31.1,20.6,15.5,26.3,22.2,47.1,10.7,1.5,1.9,0.800000000000001,2.1,0,2,0.602059991327962,3,0,675,725,34.075,1,0,1,1,0,0,1,0,0,1,1,1,1,0,1,0,"Carolina.Wren","Wood.Thrush",0.052991452991453
"1306",2,1,59.5,45,17.6,37.7,30.1,67.6,11.3,2.9,2.4,1.4,6.5,1,2,0.669006780958576,1,4,1500,1500,59.8333333333333,1,0,1,0,0,0,1,0,0,1,1,1,1,0,1,0,"Carolina.Wren","American.Robin",0.137777777777778
"1307",0,1,7.5,6.5,15.9,1.8,13.6,15.5,3.5,3.5,3.1,2,3.4,2,2,0,0,0,2600,2600,7.64,1,0,0,0,0,1,0,0,1,1,0,0,1,0,0,0,"Carolina.Wren","House.Sparrow",-0.00581196581196581
"1308",1,0,2.4,15.5,16.1,3.2,14.4,17.8,4,4.3,3.4,2.7,6.3,1,1,0.669006780958576,1,4,1500,1500,1.925,1,0,0,0,0,0,0,0,0,1,1,0,1,0,0,1,"Carolina.Wren","House.Finch",0.158290598290598
"1309",0,1,6.2,2.40000000000001,16.2,2.3,12.3,10.4,7.9,2.4,1.1,2.9,5.4,1,1,0.1249387366083,0,1,1000,1000,6.85,0,1,0,0,0,1,1,0,0,1,1,0,1,0,0,1,"Carolina.Wren","American.Goldfinch",0.353162393162393
"1310",2,0,6.8,5.3,12.8,1.6,9.5,8.6,5.1,1,0.8,4.1,3.8,1,1,0.522878745280338,1,2,1800,1800,6.45,1,0,0,0,0,0,1,0,0,1,1,1,1,0,0,0,"Carolina.Wren","Chipping.Sparrow",0.629401709401709
"1311",2,0,5.4,19.7,8.3,5.5,7.5,13.4,1.6,2.4,1.9,2.7,3.3,2,1,0.602059991327962,3,0,1000,1000,7.68333333333333,0,1,0,0,0,0,1,0,0,1,1,0,1,0,0,0,"Carolina.Wren","White.throated.Sparrow",0.184273504273504
"1312",1,0,21,41,2.2,18.2,4.3,22.9,5.6,4.3,2.3,1.3,1.5,1,0,0.823908740944319,3,2,20,20,21.3166666666667,1,0,1,0,0,0,1,0,1,1,1,0,1,0,0,0,"Carolina.Wren","Eastern.Towhee",0.104957264957265
"1313",0,0,5.9,21.1,9.9,7.9,9.5,17.1,4.7,2.4,1.6,0.6,0.599999999999998,0,1,0.1249387366083,1,1,100,100,7.7,1,0,0,1,0,0,1,0,0,1,1,1,0,1,1,1,"Carolina.Wren","Yellow.breasted.Chat",-0.052991452991453
"1314",2,1,12.5,11.1,24,5.9,25.2,30.8,5.1,3.7,2.7,1.3,0.699999999999999,2,1,0.301029995663981,1,0,1200,1200,17.1,1,0,0,0,0,0,1,0,0,1,1,0,1,0,0,0,"Carolina.Wren","Bobolink",-0.182905982905983
"1315",2,0,0.399999999999999,16.5,14.8,3.1,13,16.9,0.0999999999999979,1.3,1.2,0.5,0.400000000000002,1,1,0.845098040014257,2,4,1100,1100,1.4,1,0,0,0,0,0,0,1,0,1,1,1,1,1,1,1,"Carolina.Wren","Orchard.Oriole",0.360683760683761
"1316",2,1,31.8,38.2,12.6,36.3,21,58.6,6.6,4.9,2.4,4.3,5.8,1,2,0.425968732272281,1,1,500,500,36.6,1,0,0,0,0,0,1,0,0,1,1,1,1,0,0,0,"Carolina.Wren","Red.winged.Blackbird",-0.164444444444444
"1317",2,0,21.3,19.1,21.6,16.2,27.1,45.6,3.3,5,2.6,0,0.700000000000003,1,1,0.425968732272281,1,1,895,895,22.95,1,0,0,0,0,0,1,0,0,1,1,1,1,1,1,0,"Carolina.Wren","Brown.headed.Cowbird",0.365470085470085
"1318",1,1,86.2,67.5,14.5,45.6,27.5,73.5,14.2,6.6,4.1,10.7,16.1,2,1,0.778151250383644,2,3,1000,1000,87.95,0,1,0,0,0,0,1,0,1,0,0,1,0,1,0,0,"Carolina.Wren","Common.Grackle",0.0598290598290598
"1319",2,1,0.199999999999999,0.300000000000004,13.5,2.5,11.5,13.8,0.900000000000002,0.2,0.4,2.2,1.8,0,0,0.1249387366083,1,1,100,100,0.933333333333334,1,0,1,1,0,0,1,0,0,1,1,1,1,1,1,0,"Carolina.Wren","Ovenbird",0.431794871794872
"1320",2,1,8.1,4.1,14.1,2.9,10.2,9.4,4.1,0.6,0.3,2.1,3.2,1,1,0.176091259055681,0,1,500,500,9.52,1,0,0,1,1,1,1,0,0,1,1,1,1,1,1,1,"Carolina.Wren","Black.and.white.Warbler",0.273846153846154
"1321",2,1,4.7,8,18.6,3.7,14.1,9.50000000000001,3.1,0,0.6,0.299999999999999,0.200000000000003,0,1,0.1249387366083,0,1,700,700,4.55,1,0,0,1,1,1,0,1,0,1,1,1,1,1,1,1,"Carolina.Wren","Prothonotary.Warbler",0.424957264957265
"1322",2,1,9.5,1.3,4.7,8.3,1.7,4.7,1.2,0.6,0.2,3.2,4.2,2,0,0.176091259055681,0,1,2600,2600,8.525,1,0,0,1,1,0,1,1,0,1,1,1,1,1,1,1,"Carolina.Wren","Common.Yellowthroat",0.243760683760684
"1323",2,0,8.5,4.4,10.1,2.9,6.8,5.3,2.2,0.3,0.6,3.2,3.2,2,1,0,0,0,900,900,9.3,1,0,0,1,1,0,1,0,0,1,1,1,1,1,1,1,"Carolina.Wren","Hooded.Warbler",0.308034188034188
"1324",2,1,10.8,1.9,13.2,4.6,8.8,2.6,4.4,0.9,0.8,4.3,4.6,2,1,0.301029995663981,1,0,1000,1000,11.525,1,0,0,1,0,0,1,0,0,1,1,1,1,1,1,1,"Carolina.Wren","American.Redstart",0.517264957264957
"1325",2,0,11.2,6.6,16.7,12.7,8.7,1.8,4.5,0.8,0.1,3.5,5.3,1,1,0.221848749616356,4,2,500,500,11.315,1,0,1,1,0,0,0,0,0,1,1,0,1,1,1,1,"Carolina.Wren","Northern.Parula",0.117264957264957
"1326",2,1,8.9,1.8,12.7,5.6,8.1,2.8,2.8,0.6,0.2,3.7,3.9,1,1,0.726998727936262,3,1,400,400,9.55,1,0,0,1,0,0,0,0,0,1,0,1,1,1,1,1,"Carolina.Wren","Black.throated.Blue.Warbler",0.113846153846154
"1327",2,0,7.2,3.3,17.2,1.4,13.8,12.4,2.8,0.1,0.1,3.1,3.5,0,2,0.602059991327962,2,1,1050,1050,7.55,1,0,1,1,0,0,1,0,0,1,1,1,1,1,1,1,"Carolina.Wren","Pine.Warbler",0.337435897435897
"1328",2,0,9.3,0,16.3,3.6,12,8.3,4.6,0.5,0.2,1.3,2,0,1,0.221848749616356,0,2,200,200,9.91666666666666,1,0,1,1,1,0,1,0,0,1,1,1,1,1,1,1,"Carolina.Wren","Yellow.throated.Warbler",0.375042735042735
"1329",2,0,11.4,2.3,8.6,8.2,4.3,3.9,3.7,1,0.4,3.9,5.1,1,1,0.698970004336019,2,2,780,780,11.65,1,0,0,1,0,0,1,0,0,1,1,0,1,1,1,1,"Carolina.Wren","Prairie.Warbler",0.13025641025641
"1330",2,1,10.1,20.6,17.8,14.8,21.1,32.6,1.9,5.1,5.2,2.2,2.3,0,2,0.425968732272281,1,1,500,500,8.96,1,0,1,1,0,0,1,0,0,1,1,1,1,1,1,1,"Carolina.Wren","Summer.Tanager",0.415384615384615
"1331",2,1,9.2,13.1,19.5,13.3,22.7,33.2,2,4.3,4,0.4,1.9,0,1,0.301029995663981,1,0,600,600,10.9166666666667,1,0,1,1,0,0,1,0,0,1,1,0,1,1,1,1,"Carolina.Wren","Scarlet.Tanager",0.498803418803419
"1332",0,0,23.6,51.1,4.1,25.1,7.4,34.1,3.1,8.4,6.1,3.6,0.700000000000003,2,1,0.425968732272281,3,1,0,0,24.8333333333333,1,0,0,0,0,0,1,0,1,1,1,0,1,0,0,1,"Carolina.Wren","Northern.Cardinal",0.441367521367521
"1333",2,0,8.4,13.7,11.5,14.6,13.1,26.7,1.1,7,4.2,1.2,0.100000000000001,0,1,0.602059991327962,1,3,500,500,9.2,1,0,0,0,0,0,1,0,0,1,1,1,1,1,1,0,"Carolina.Wren","Blue.Grosbeak",0.0591452991452991
"1334",2,0,4.3,1.8,11.1,2.3,7.9,5.4,4.2,2.3,1.9,3.5,5.2,0,2,0.903089986991944,3,3,300,300,4.15,1,0,0,0,0,0,0,0,0,1,1,0,1,0,0,0,"Carolina.Wren","Indigo.Bunting",-0.0468376068376068
"1358",0,0,0,0,0,0,0,0,0,0,0,0,0,0,0,0,0,0,0,0,0,0,1,1,1,1,1,1,1,1,1,1,1,1,1,1,1,"White.breasted.Nuthatch","White.breasted.Nuthatch",1
"1359",0,0,10.8,13.4,7.9,11,12.5,23.6,3.7,0.3,0.7,1.8,3.8,0,1,0.301029995663981,0,2,2900,2900,11.644,1,0,0,1,1,0,1,1,1,1,1,0,0,1,0,1,"White.breasted.Nuthatch","Brown.headed.Nuthatch",0.267692307692308
"1360",2,1,27.5,68.8,10.6,29.6,4.5,23.7,13.7,1.1,0.6,0,3,1,4,0.301029995663981,0,2,500,500,26.43,0,1,0,0,0,0,1,0,0,1,1,1,0,1,1,0,"White.breasted.Nuthatch","Northern.Mockingbird",0.565128205128205
"1361",1,0,47.8,73,17.3,25.8,13.6,13.9,15.7,2.1,1.4,7.1,11,1,4,0.176091259055681,1,0,2980,2980,48.4466666666667,1,0,0,1,1,0,1,0,0,1,1,0,0,1,1,0,"White.breasted.Nuthatch","Brown.Thrasher",0.296410256410256
"1362",1,1,6.5,13.7,1.6,3.50000000000001,3.8,7.2,1.2,0.3,0.2,3.1,3.7,1,5,0.176091259055681,0,1,1060,1060,8.16333333333334,0,1,0,1,0,0,1,0,0,1,1,0,0,0,0,1,"White.breasted.Nuthatch","Eastern.Bluebird",0.192478632478632
"1363",2,0,29.1,22.5,4.3,18,1.4,17.9,13.6,1.2,1.1,0.299999999999999,0.100000000000001,0,6,0.477121254719662,2,1,2175,2225,32.155,0,1,1,1,1,0,1,0,0,1,1,0,0,1,0,0,"White.breasted.Nuthatch","Wood.Thrush",0.113846153846154
"1364",2,2,57.5,46.9,2.2,29.4,9.3,38.4,14.2,2.6,1.6,0.300000000000001,4.3,1,6,0.544068044350275,0,5,0,0,57.9133333333333,0,1,1,0,0,0,1,0,1,1,1,0,0,1,0,0,"White.breasted.Nuthatch","American.Robin",0.308717948717949
"1365",0,2,5.5,8.40000000000001,3.9,6.5,7.2,13.7,0.600000000000001,3.2,2.3,3.1,5.6,2,2,0.1249387366083,1,1,1100,1100,5.72,0,0,0,0,0,1,0,0,0,1,0,1,0,0,0,0,"White.breasted.Nuthatch","House.Sparrow",0.0509401709401709
"1366",1,1,0.399999999999999,17.4,3.7,5.1,6.4,11.4,1.1,4,2.6,3.8,8.5,1,3,0.544068044350275,0,5,0,0,0.00500000000000256,0,1,0,0,0,0,0,0,1,1,1,1,0,0,0,1,"White.breasted.Nuthatch","House.Finch",0.524786324786325
"1367",0,0,8.2,0.5,3.6,10.6,8.5,18.8,5,2.1,0.3,4,7.6,1,3,0,1,2,2500,2500,8.77,1,0,0,0,0,1,1,0,1,1,1,1,0,0,0,1,"White.breasted.Nuthatch","American.Goldfinch",0.244444444444444
"1368",2,1,8.8,7.2,7,9.9,11.3,20.6,2.2,0.7,0,5.2,6,1,3,0.397940008672037,0,3,300,300,8.37,0,1,0,0,0,0,1,0,1,1,1,0,0,1,1,0,"White.breasted.Nuthatch","Chipping.Sparrow",0.178803418803419
"1369",2,1,3.4,21.6,11.5,2.8,13.3,15.8,4.5,2.1,1.1,3.8,5.5,2,3,0.477121254719662,2,1,2500,2500,5.76333333333334,1,0,0,0,0,0,1,0,1,1,1,0,0,0,1,0,"White.breasted.Nuthatch","White.throated.Sparrow",-0.216410256410256
"1370",1,1,19,42.9,17.6,9.9,16.5,6.3,8.5,4,1.5,2.4,3.7,1,4,0.698970004336019,2,3,1520,1520,19.3966666666667,0,1,1,0,0,0,1,1,0,1,1,0,0,0,1,0,"White.breasted.Nuthatch","Eastern.Towhee",0.294358974358974
"1371",0,1,3.9,23,9.9,0.399999999999999,11.3,12.1,7.6,2.1,0.8,1.7,2.8,0,5,0,0,0,1400,1400,5.78,0,1,0,1,0,0,1,0,1,1,1,0,1,0,0,1,"White.breasted.Nuthatch","Yellow.breasted.Chat",0.208888888888889
"1372",2,0,10.5,13,4.2,2.4,4.4,1.60000000000001,8,3.4,1.9,2.4,2.9,2,3,0.176091259055681,0,1,2700,2700,15.18,0,1,0,0,0,0,1,0,1,1,1,1,0,1,0,0,"White.breasted.Nuthatch","Bobolink",0.392820512820513
"1373",2,1,1.6,18.4,5,5.2,7.8,12.3,2.8,1,0.4,0.6,1.8,1,3,0.720159303405957,1,5,2600,2600,0.52,0,1,0,0,0,0,0,0,1,1,1,0,0,0,0,1,"White.breasted.Nuthatch","Orchard.Oriole",0.128888888888889
"1374",2,2,29.8,40.1,7.2,28,0.199999999999999,29.4,9.5,4.6,1.6,3.2,3.6,1,6,0.301029995663981,0,2,1000,1000,34.68,0,1,0,0,0,0,1,0,1,1,1,0,0,0,0,0,"White.breasted.Nuthatch","Red.winged.Blackbird",0.0229059829059829
"1375",2,1,19.3,21,1.8,7.9,6.3,16.4,6.2,4.7,1.8,1.1,1.5,1,5,0.301029995663981,0,2,605,605,21.03,0,1,0,0,0,0,1,0,1,1,1,0,0,0,0,0,"White.breasted.Nuthatch","Brown.headed.Cowbird",0.364102564102564
"1376",1,2,84.2,69.4,5.3,37.3,6.7,44.3,17.1,6.3,3.3,9.6,13.9,2,3,0.653212513775344,1,4,2500,2500,86.03,1,0,0,0,0,0,1,1,0,0,0,0,1,0,1,0,"White.breasted.Nuthatch","Common.Grackle",0.0488888888888889
"1377",2,0,2.2,1.6,6.3,5.8,9.3,15.4,3.8,0.100000000000001,0.4,3.3,4,0,4,0,0,0,1600,1600,0.986666666666665,0,1,1,1,0,0,1,0,1,1,1,0,0,0,0,0,"White.breasted.Nuthatch","Ovenbird",0.177435897435897
"1378",2,0,10.1,2.2,5.7,11.2,10.6,19.8,1.2,0.9,1.1,3.2,5.4,1,5,0.301029995663981,1,0,1000,1000,11.44,0,1,0,1,0,1,1,0,1,1,1,0,0,0,0,1,"White.breasted.Nuthatch","Black.and.white.Warbler",-0.161025641025641
"1379",2,0,6.7,6.09999999999999,1.2,12,6.7,19.7,0.199999999999999,0.3,0.2,1.4,2,0,3,0,1,2,2200,2200,6.47,0,1,0,1,0,1,0,0,1,1,1,0,0,0,0,1,"White.breasted.Nuthatch","Prothonotary.Warbler",0.162393162393162
"1380",2,0,11.5,0.600000000000001,15.1,16.6,19.1,33.9,1.7,0.9,1,4.3,6.4,2,4,0.301029995663981,1,0,1100,1100,10.445,0,1,0,1,0,0,1,0,1,1,1,0,0,0,0,1,"White.breasted.Nuthatch","Common.Yellowthroat",-0.119316239316239
"1381",2,1,10.5,6.3,9.7,11.2,14,23.9,0.699999999999999,0.6,0.2,4.3,5.4,2,5,0.1249387366083,1,1,2400,2400,11.22,0,1,0,1,0,0,1,0,1,1,1,0,0,0,0,1,"White.breasted.Nuthatch","Hooded.Warbler",0.266324786324786
"1382",2,0,12.8,3.8,6.6,12.9,12,26.6,1.5,1.2,0,5.4,6.8,2,5,0.176091259055681,0,1,500,500,13.445,0,1,0,1,0,0,1,0,1,1,1,0,0,0,0,1,"White.breasted.Nuthatch","American.Redstart",0.16034188034188
"1383",2,1,13.2,4.7,3.1,21,12.1,31,1.6,1.1,0.9,4.6,7.5,1,3,0.0969100130080562,3,1,1000,1000,13.235,0,1,1,1,1,0,0,0,1,1,1,0,0,0,0,1,"White.breasted.Nuthatch","Northern.Parula",-0.0570940170940171
"1384",2,0,10.9,0.100000000000001,7.1,13.9,12.7,26.4,0.100000000000001,0.9,0.6,4.8,6.1,1,5,0.602059991327962,2,2,1900,1900,11.47,0,1,0,1,0,0,0,0,1,1,0,0,0,0,0,1,"White.breasted.Nuthatch","Black.throated.Blue.Warbler",-0.245128205128205
"1385",2,1,9.2,5.2,2.6,9.7,7,16.8,0.100000000000001,0.4,0.9,4.2,5.7,0,6,0.477121254719662,1,2,450,450,9.47,0,1,1,1,0,0,1,0,1,1,1,0,0,0,0,1,"White.breasted.Nuthatch","Pine.Warbler",0.283418803418803
"1386",2,1,11.3,1.90000000000001,3.5,11.9,8.8,20.9,1.7,0.8,1,2.4,4.2,0,5,0.0969100130080562,1,3,1700,1700,11.8366666666667,0,1,1,1,0,0,1,0,1,1,1,0,0,0,0,1,"White.breasted.Nuthatch","Yellow.throated.Warbler",0.19042735042735
"1387",2,1,13.4,0.399999999999999,11.2,16.5,16.5,33.1,0.800000000000001,1.3,1.2,5,7.3,1,5,0.574031267727719,1,3,2280,2280,13.57,0,1,0,1,0,0,1,0,1,1,1,0,0,0,0,1,"White.breasted.Nuthatch","Prairie.Warbler",0.0338461538461538
"1388",2,0,8.1,22.5,2,6.50000000000001,0.299999999999997,3.40000000000001,1,4.8,4.4,1.1,0.0999999999999979,0,6,0.301029995663981,0,2,1000,1000,7.04,0,1,1,1,0,0,1,0,1,1,1,0,0,0,0,1,"White.breasted.Nuthatch","Summer.Tanager",-0.0133333333333333
"1389",2,0,7.2,15,0.300000000000001,5.00000000000001,1.9,4,0.899999999999999,4,3.2,0.699999999999999,0.300000000000001,0,5,0.176091259055681,0,1,900,900,8.99666666666667,0,1,1,1,0,0,1,0,1,1,1,1,0,0,0,1,"White.breasted.Nuthatch","Scarlet.Tanager",0.10974358974359
"1390",0,1,21.6,53,15.7,16.8,13.4,4.90000000000001,6,8.1,5.3,2.5,1.5,2,5,0.301029995663981,2,0,1500,1500,22.9133333333333,0,1,0,0,0,0,1,0,0,1,1,0,0,0,1,1,"White.breasted.Nuthatch","Northern.Cardinal",0.284786324786325
"1391",2,1,6.4,15.6,8.3,6.3,7.7,2.5,1.8,6.7,3.4,0.100000000000001,2.1,0,5,0.477121254719662,0,4,1000,1000,7.28,0,1,0,0,0,0,1,0,1,1,1,0,0,0,0,0,"White.breasted.Nuthatch","Blue.Grosbeak",0.141196581196581
"1392",2,1,6.3,0.100000000000001,8.7,10.6,12.9,23.8,1.3,2,1.1,4.6,7.4,0,6,0.778151250383644,2,4,1200,1200,6.07,0,1,0,0,0,0,0,0,1,1,1,0,0,0,0,0,"White.breasted.Nuthatch","Indigo.Bunting",0.132991452991453
"1417",0,0,0,0,0,0,0,0,0,0,0,0,0,0,0,0,0,0,0,0,0,0,1,1,1,1,1,1,1,1,1,1,1,1,1,1,1,"Brown.headed.Nuthatch","Brown.headed.Nuthatch",1
"1418",2,1,38.3,82.2,2.7,40.6,8,47.3,17.4,1.4,1.3,1.8,6.8,1,3,0,0,0,2400,2400,38.074,1,0,0,0,0,0,1,0,0,1,1,0,1,1,0,0,"Brown.headed.Nuthatch","Northern.Mockingbird",0.422905982905983
"1419",1,0,58.6,86.4,9.4,36.8,1.1,37.5,19.4,2.4,2.1,8.9,14.8,1,3,0.1249387366083,1,2,80,80,60.0906666666667,0,1,0,1,1,0,1,0,0,1,1,1,1,1,0,0,"Brown.headed.Nuthatch","Brown.Thrasher",0.335384615384615
"1420",1,1,17.3,27.1,9.5,14.5,16.3,30.8,4.9,0.6,0.9,1.3,0.0999999999999996,1,4,0.1249387366083,0,1,1840,1840,19.8073333333333,1,0,1,1,0,0,1,0,0,1,1,1,1,0,1,1,"Brown.headed.Nuthatch","Eastern.Bluebird",0.282051282051282
"1421",2,0,39.9,35.9,3.6,29,13.9,41.5,17.3,1.5,1.8,1.5,3.7,0,5,0.176091259055681,2,1,725,675,43.799,1,0,0,1,1,0,1,0,0,1,1,1,1,1,1,0,"Brown.headed.Nuthatch","Wood.Thrush",0.113846153846154
"1422",2,2,68.3,60.3,5.7,40.4,21.8,62,17.9,2.9,2.3,2.1,8.1,1,5,0.243038048686294,0,3,2900,2900,69.5573333333333,1,0,0,0,0,0,1,0,1,1,1,1,1,1,1,0,"Brown.headed.Nuthatch","American.Robin",0.599316239316239
"1423",0,2,16.3,21.8,4,4.5,5.3,9.90000000000001,3.1,3.5,3,1.3,1.8,2,1,0.425968732272281,1,1,4000,4000,17.364,1,0,0,0,0,0,0,0,0,1,0,0,1,0,0,0,"Brown.headed.Nuthatch","House.Sparrow",-0.0844444444444444
"1424",1,1,11.2,30.8,4.2,5.9,6.1,12.2,2.6,4.3,3.3,2,4.7,1,2,0.243038048686294,0,3,2900,2900,11.649,1,0,0,0,0,0,0,0,1,1,1,0,1,0,0,1,"Brown.headed.Nuthatch","House.Finch",0.446153846153846
"1425",0,0,2.6,12.9,4.3,0.399999999999999,4,4.8,1.3,2.4,1,2.2,3.8,1,2,0.301029995663981,1,0,400,400,2.874,0,1,0,0,0,0,1,0,1,1,1,0,1,0,0,1,"Brown.headed.Nuthatch","American.Goldfinch",0.515213675213675
"1426",2,1,2,20.6,0.899999999999999,1.1,1.2,3,1.5,1,0.7,3.4,2.2,1,2,0.0969100130080565,0,1,3200,3200,3.274,1,0,1,0,0,1,1,0,1,1,1,1,1,1,0,0,"Brown.headed.Nuthatch","Chipping.Sparrow",0.304615384615385
"1427",2,1,14.2,35,3.6,8.2,0.799999999999999,7.8,8.2,2.4,1.8,2,1.7,2,2,0.176091259055681,2,1,400,400,17.4073333333333,0,1,1,0,0,0,1,0,1,1,1,0,1,0,0,0,"Brown.headed.Nuthatch","White.throated.Sparrow",-0.279316239316239
"1428",1,1,29.8,56.3,9.7,20.9,4,17.3,12.2,4.3,2.2,0.6,0.0999999999999996,1,3,0.397940008672038,2,1,1380,1380,31.0406666666667,1,0,0,0,0,0,1,1,0,1,1,0,1,0,0,0,"Brown.headed.Nuthatch","Eastern.Towhee",0.342905982905983
"1429",0,1,14.7,36.4,2,10.6,1.2,11.5,11.3,2.4,1.5,0.0999999999999996,1,0,4,0.301029995663981,0,2,1500,1500,17.424,1,0,1,1,0,0,1,0,1,1,1,1,0,0,1,1,"Brown.headed.Nuthatch","Yellow.breasted.Chat",0.130940170940171
"1430",2,0,21.3,26.4,12.1,8.6,16.9,25.2,11.7,3.7,2.6,0.6,0.899999999999999,2,2,0.1249387366083,0,1,200,200,26.824,1,0,0,0,0,1,1,0,1,1,1,0,1,1,0,0,"Brown.headed.Nuthatch","Bobolink",-0.065982905982906
"1431",2,1,9.2,31.8,2.9,5.8,4.7,11.3,6.5,1.3,1.1,1.2,2,1,2,0.419129307741976,1,3,300,300,11.124,1,0,1,0,0,0,0,0,1,1,1,1,1,0,1,1,"Brown.headed.Nuthatch","Orchard.Oriole",0.355897435897436
"1432",2,2,40.6,53.5,0.699999999999999,39,12.7,53,13.2,4.9,2.3,5,7.4,1,5,0,0,0,1900,1900,46.324,1,0,0,0,0,1,1,0,1,1,1,1,1,0,0,0,"Brown.headed.Nuthatch","Red.winged.Blackbird",0.247863247863248
"1433",2,1,30.1,34.4,9.7,18.9,18.8,40,9.9,5,2.5,0.699999999999999,2.3,1,4,0,0,0,2295,2295,32.674,1,0,0,0,0,1,1,0,1,1,1,1,1,0,1,0,"Brown.headed.Nuthatch","Brown.headed.Cowbird",0.361367521367521
"1434",1,2,95,82.8,2.6,48.3,19.2,67.9,20.8,6.6,4,11.4,17.7,2,2,0.352182518111363,1,2,400,400,97.674,0,1,1,0,0,0,1,1,0,0,0,1,0,0,0,0,"Brown.headed.Nuthatch","Common.Grackle",0.150769230769231
"1435",2,0,8.6,15,1.6,5.2,3.2,8.2,7.5,0.2,0.3,1.5,0.200000000000001,0,3,0.301029995663981,0,2,1300,1300,10.6573333333333,1,0,0,1,0,1,1,0,1,1,1,1,1,0,1,0,"Brown.headed.Nuthatch","Ovenbird",0.298461538461538
"1436",2,0,0.700000000000001,11.2,2.2,0.199999999999996,1.9,3.8,2.5,0.6,0.4,1.4,1.6,1,4,0.602059991327962,1,2,1900,1900,0.203999999999997,1,0,1,1,0,0,1,0,1,1,1,1,1,0,1,1,"Brown.headed.Nuthatch","Black.and.white.Warbler",0.0748717948717949
"1437",2,0,4.1,7.3,6.7,1,5.8,3.90000000000001,3.5,0,0.5,0.4,1.8,0,2,0.301029995663981,1,0,700,700,5.174,1,0,1,1,0,0,0,0,1,1,1,1,1,0,1,1,"Brown.headed.Nuthatch","Prothonotary.Warbler",0.184273504273504
"1438",2,0,0.699999999999999,14,7.2,5.6,6.6,10.3,5.4,0.6,0.3,2.5,2.6,2,3,0.602059991327962,1,2,4000,4000,1.199,1,0,0,1,0,1,1,0,1,1,1,1,1,0,1,1,"Brown.headed.Nuthatch","Common.Yellowthroat",0.297094017094017
"1439",2,1,0.300000000000001,19.7,1.8,0.199999999999996,1.5,0.299999999999997,4.4,0.3,0.5,2.5,1.6,2,4,0.425968732272281,1,1,500,500,0.423999999999998,1,0,1,1,0,1,1,0,1,1,1,1,1,0,1,1,"Brown.headed.Nuthatch","Hooded.Warbler",0.0769230769230769
"1440",2,0,2,17.2,1.3,1.9,0.5,3,2.2,0.9,0.7,3.6,3,2,4,0.1249387366083,0,1,2400,2400,1.801,1,0,1,1,0,0,1,0,1,1,1,1,1,0,1,1,"Brown.headed.Nuthatch","American.Redstart",0.314871794871795
"1441",2,1,2.4,8.7,4.8,10,0.4,7.4,2.1,0.8,0.2,2.8,3.7,1,2,0.204119982655925,3,3,1900,1900,1.591,1,0,0,1,1,0,0,0,1,1,1,0,1,0,1,1,"Brown.headed.Nuthatch","Northern.Parula",0.264273504273504
"1442",2,0,0.0999999999999996,13.5,0.800000000000001,2.9,0.199999999999999,2.8,3.8,0.6,0.1,3,2.3,1,4,0.301029995663981,2,0,1000,1000,0.173999999999998,1,0,1,1,0,0,0,0,1,1,0,1,1,0,1,1,"Brown.headed.Nuthatch","Black.throated.Blue.Warbler",0.014017094017094
"1443",2,1,1.6,18.6,5.3,1.3,5.5,6.8,3.8,0.1,0.2,2.4,1.9,0,5,0.176091259055681,1,0,2450,2450,2.174,1,0,0,1,0,0,1,0,1,1,1,1,1,0,1,1,"Brown.headed.Nuthatch","Pine.Warbler",0.39965811965812
"1444",2,1,0.5,15.3,4.4,0.899999999999999,3.7,2.7,2,0.5,0.3,0.6,0.4,0,4,0.204119982655925,1,1,1200,1200,0.192666666666666,1,0,0,1,0,1,1,0,1,1,1,1,1,0,1,1,"Brown.headed.Nuthatch","Yellow.throated.Warbler",0.473504273504273
"1445",2,1,2.6,13,3.3,5.5,4,9.5,2.9,1,0.5,3.2,3.5,1,4,0.273001272063738,1,1,620,620,1.926,1,0,1,1,0,0,1,0,1,1,1,0,1,0,1,1,"Brown.headed.Nuthatch","Prairie.Warbler",0.453675213675214
"1446",2,0,18.9,35.9,5.9,17.5,12.8,27,4.7,5.1,5.1,2.9,3.9,0,5,0,0,0,1900,1900,18.684,1,0,0,1,0,0,1,0,1,1,1,1,1,0,1,1,"Brown.headed.Nuthatch","Summer.Tanager",0.342905982905983
"1447",2,0,18,28.4,7.6,16,14.4,27.6,4.6,4.3,3.9,1.1,3.5,0,4,0.1249387366083,0,1,2000,2000,20.6406666666667,1,0,0,1,0,0,1,0,1,1,1,0,1,0,1,1,"Brown.headed.Nuthatch","Scarlet.Tanager",-0.0297435897435897
"1448",0,1,32.4,66.4,7.8,27.8,0.9,28.5,9.7,8.4,6,4.3,2.3,2,4,0,2,2,1400,1400,34.5573333333333,1,0,0,0,0,0,1,0,0,1,1,0,1,0,0,1,"Brown.headed.Nuthatch","Northern.Cardinal",0.21025641025641
"1449",2,1,17.2,29,0.400000000000002,17.3,4.8,21.1,5.5,7,4.1,1.9,1.7,0,4,0.176091259055681,0,2,1900,1900,18.924,1,0,1,0,0,1,1,0,1,1,1,1,1,0,1,0,"Brown.headed.Nuthatch","Blue.Grosbeak",0.238290598290598
"1450",2,1,4.5,13.5,0.800000000000001,0.399999999999999,0.4,0.200000000000003,2.4,2.3,1.8,2.8,3.6,0,5,0.477121254719662,2,2,1700,1700,5.574,1,0,0,0,0,0,0,0,1,1,1,0,1,0,0,0,"Brown.headed.Nuthatch","Indigo.Bunting",0.0406837606837607
"1476",0,0,0,0,0,0,0,0,0,0,0,0,0,0,0,0,0,0,0,0,0,0,1,1,1,1,1,1,1,1,1,1,1,1,1,1,1,"Northern.Mockingbird","Northern.Mockingbird",1
"1477",1,1,20.3,4.2,6.7,3.8,9.1,9.8,2,1,0.800000000000001,7.1,8,0,0,0.1249387366083,1,2,2480,2480,22.0166666666667,1,0,1,0,0,0,1,0,1,1,1,0,1,1,1,1,"Northern.Mockingbird","Brown.Thrasher",0.37025641025641
"1478",1,0,21,55.1,12.2,26.1,8.3,16.5,12.5,0.8,0.399999999999999,3.1,6.7,2,1,0.1249387366083,0,1,560,560,18.2666666666667,0,1,0,0,0,0,1,1,1,1,1,0,1,0,0,0,"Northern.Mockingbird","Eastern.Bluebird",0.273846153846154
"1479",0,1,1.6,46.3,6.3,11.6,5.9,5.8,0.100000000000001,0.100000000000001,0.5,0.299999999999999,3.1,1,2,0.176091259055681,2,1,1675,1725,5.725,0,1,0,0,0,0,1,0,0,1,1,0,1,1,0,1,"Northern.Mockingbird","Wood.Thrush",0.223931623931624
"1480",0,1,30,21.9,8.4,0.200000000000003,13.8,14.7,0.5,1.5,1,0.300000000000001,1.3,0,2,0.243038048686294,0,3,500,500,31.4833333333333,0,1,0,1,0,0,1,1,0,1,1,0,1,1,0,1,"Northern.Mockingbird","American.Robin",0.563760683760684
"1481",2,1,22,60.4,6.7,36.1,2.7,37.4,14.3,2.1,1.7,3.1,8.6,1,2,0.425968732272281,1,1,1600,1600,20.71,0,0,0,0,0,0,0,0,1,1,0,1,1,0,0,0,"Northern.Mockingbird","House.Sparrow",0.286837606837607
"1482",1,0,27.1,51.4,6.9,34.7,1.9,35.1,14.8,2.9,2,3.8,11.5,0,1,0.243038048686294,0,3,500,500,26.425,0,1,1,0,0,0,0,0,0,1,1,1,1,0,0,0,"Northern.Mockingbird","House.Finch",0.692991452991453
"1483",2,1,35.7,69.3,7,40.2,4,42.5,18.7,1,0.3,4,10.6,0,1,0.301029995663981,1,0,2000,2000,35.2,1,0,1,0,0,0,1,0,0,1,1,1,1,0,0,0,"Northern.Mockingbird","American.Goldfinch",0.390769230769231
"1484",0,0,36.3,61.6,3.6,39.5,6.8,44.3,15.9,0.399999999999999,0.6,5.2,9,0,1,0.0969100130080565,0,1,800,800,34.8,0,1,0,0,0,0,1,0,0,1,1,0,1,1,1,1,"Northern.Mockingbird","Chipping.Sparrow",0.256068376068376
"1485",0,0,24.1,47.2,0.900000000000002,32.4,8.8,39.5,9.2,1,0.5,3.8,8.5,1,1,0.176091259055681,2,1,2000,2000,20.6666666666667,1,0,0,0,0,0,1,0,0,1,1,0,1,0,1,0,"Northern.Mockingbird","White.throated.Sparrow",-0.205470085470085
"1486",1,0,8.5,25.9,7,19.7,12,30,5.2,2.9,0.9,2.4,6.7,0,0,0.397940008672038,2,1,1020,1020,7.03333333333333,0,1,0,1,0,0,1,0,1,1,1,0,1,0,1,1,"Northern.Mockingbird","Eastern.Towhee",0.414700854700855
"1487",2,0,23.6,45.8,0.699999999999999,30,6.8,35.8,6.1,1,0.2,1.7,5.8,1,1,0.301029995663981,0,2,900,900,20.65,0,1,0,0,0,0,1,1,0,1,1,0,0,0,0,0,"Northern.Mockingbird","Yellow.breasted.Chat",0.574017094017094
"1488",0,1,17,55.8,14.8,32,8.9,22.1,5.7,2.3,1.3,2.4,5.9,1,1,0.1249387366083,0,1,2200,2200,11.25,0,1,0,0,0,0,1,0,0,1,1,1,1,1,0,1,"Northern.Mockingbird","Bobolink",0.303247863247863
"1489",0,0,29.1,50.4,5.6,34.8,3.3,36,10.9,0.0999999999999996,0.199999999999999,0.6,4.8,0,1,0.419129307741976,1,3,2100,2100,26.95,0,1,0,1,0,0,0,0,0,1,1,0,1,0,0,0,"Northern.Mockingbird","Orchard.Oriole",0.29982905982906
"1490",0,1,2.3,28.7,3.4,1.59999999999999,4.7,5.7,4.2,3.5,1,3.2,0.599999999999998,0,2,0,0,0,500,500,8.25,0,1,0,0,0,0,1,0,0,1,1,0,1,0,0,1,"Northern.Mockingbird","Red.winged.Blackbird",0.0776068376068376
"1491",0,0,8.2,47.8,12.4,21.7,10.8,7.3,7.5,3.6,1.2,1.1,4.5,2,1,0,0,0,105,105,5.4,0,1,0,0,0,0,1,0,0,1,1,0,1,0,0,0,"Northern.Mockingbird","Brown.headed.Cowbird",0.347008547008547
"1492",1,1,56.7,0.600000000000009,5.3,7.7,11.2,20.6,3.4,5.2,2.7,9.6,10.9,1,1,0.352182518111363,1,2,2000,2000,59.6,1,0,0,1,0,0,1,0,1,0,0,0,0,0,1,0,"Northern.Mockingbird","Common.Grackle",0.283418803418803
"1493",0,1,29.7,67.2,4.3,35.4,4.8,39.1,9.9,1.2,1,3.3,7,1,0,0.301029995663981,0,2,1100,1100,27.4166666666667,0,1,0,0,0,0,1,0,0,1,1,0,1,0,0,0,"Northern.Mockingbird","Ovenbird",0.193162393162393
"1494",0,1,37.6,71,4.9,40.8,6.1,43.5,14.9,2,1.7,3.2,8.4,2,1,0.602059991327962,1,2,500,500,37.87,0,1,0,0,0,0,1,1,0,1,1,0,1,0,0,0,"Northern.Mockingbird","Black.and.white.Warbler",-0.347008547008547
"1495",0,1,34.2,74.9,9.4,41.6,2.2,43.4,13.9,1.4,0.8,1.4,5,1,1,0.301029995663981,1,0,1700,1700,32.9,0,1,0,0,0,0,0,0,0,1,1,0,1,0,0,0,"Northern.Mockingbird","Prothonotary.Warbler",0.0851282051282051
"1496",0,1,39,68.2,4.5,46.2,14.6,57.6,12,2,1.6,4.3,9.4,1,0,0.602059991327962,1,2,1600,1600,36.875,0,1,0,0,0,0,1,0,0,1,1,0,1,0,0,0,"Northern.Mockingbird","Common.Yellowthroat",0.241709401709402
"1497",0,0,38,62.5,0.899999999999999,40.8,9.5,47.6,13,1.7,0.8,4.3,8.4,1,1,0.425968732272281,1,1,1900,1900,37.65,0,1,0,0,0,0,1,1,0,1,1,0,1,0,0,0,"Northern.Mockingbird","Hooded.Warbler",0.327179487179487
"1498",0,1,40.3,65,4,42.5,7.5,50.3,15.2,2.3,0.6,5.4,9.8,1,1,0.1249387366083,0,1,0,0,39.875,0,1,0,0,0,0,1,1,0,1,1,0,1,0,0,0,"Northern.Mockingbird","American.Redstart",0.0974358974358974
"1499",0,0,40.7,73.5,7.5,50.6,7.6,54.7,15.3,2.2,1.5,4.6,10.5,0,1,0.204119982655925,3,3,500,500,39.665,0,1,0,0,0,0,0,0,0,1,1,0,1,0,0,0,"Northern.Mockingbird","Northern.Parula",-0.0748717948717949
"1500",0,1,38.4,68.7,3.5,43.5,8.2,50.1,13.6,2,1.2,4.8,9.1,0,1,0.301029995663981,2,0,1400,1400,37.9,0,1,0,0,0,0,0,0,0,1,0,0,1,0,0,0,"Northern.Mockingbird","Black.throated.Blue.Warbler",-0.378461538461538
"1501",0,0,36.7,63.6,8,39.3,2.5,40.5,13.6,1.5,1.5,4.2,8.7,1,2,0.176091259055681,1,0,50,50,35.9,0,1,0,0,0,0,1,0,0,1,1,0,1,0,0,0,"Northern.Mockingbird","Pine.Warbler",0.407863247863248
"1502",0,0,38.8,66.9,7.1,41.5,4.3,44.6,15.4,1.9,1.6,2.4,7.2,1,1,0.204119982655925,1,1,1200,1200,38.2666666666667,0,1,0,0,0,0,1,1,0,1,1,0,1,0,0,0,"Northern.Mockingbird","Yellow.throated.Warbler",0.262905982905983
"1503",0,0,40.9,69.2,0.600000000000001,46.1,12,56.8,14.5,2.4,1.8,5,10.3,0,1,0.273001272063738,1,1,1780,1780,40,0,1,0,0,0,0,1,1,0,1,1,0,1,0,0,0,"Northern.Mockingbird","Prairie.Warbler",0.411282051282051
"1504",0,1,19.4,46.3,8.6,23.1,4.8,20.3,12.7,3.7,3.8,1.1,2.9,1,2,0,0,0,500,500,19.39,0,1,0,0,0,0,1,1,0,1,1,0,1,0,0,0,"Northern.Mockingbird","Summer.Tanager",0.0762393162393162
"1505",0,1,20.3,53.8,10.3,24.6,6.4,19.7,12.8,2.9,2.6,0.699999999999999,3.3,1,1,0.1249387366083,0,1,400,400,17.4333333333333,0,1,0,0,0,0,1,1,0,1,1,1,1,0,0,0,"Northern.Mockingbird","Scarlet.Tanager",-0.122735042735043
"1506",2,0,5.9,15.8,5.1,12.8,8.9,18.8,7.7,7,4.7,2.5,4.5,1,1,0,2,2,1000,1000,3.51666666666667,0,1,1,1,0,0,1,0,1,1,1,0,1,0,1,0,"Northern.Mockingbird","Northern.Cardinal",0.241025641025641
"1507",0,0,21.1,53.2,2.3,23.3,3.2,26.2,11.9,5.6,2.8,0.100000000000001,5.1,1,1,0.176091259055681,0,2,500,500,19.15,0,1,0,1,1,0,1,0,0,1,1,0,1,0,0,1,"Northern.Mockingbird","Blue.Grosbeak",0.682735042735043
"1508",0,0,33.8,68.7,1.9,40.2,8.4,47.5,15,0.9,0.5,4.6,10.4,1,2,0.477121254719662,2,2,700,700,32.5,0,1,1,1,0,0,0,0,0,1,1,0,1,0,0,0,"Northern.Mockingbird","Indigo.Bunting",0.70051282051282
"1535",0,0,0,0,0,0,0,0,0,0,0,0,0,0,0,0,0,0,0,0,0,0,1,1,1,1,1,1,1,1,1,1,1,1,1,1,1,"Brown.Thrasher","Brown.Thrasher",1
"1536",0,1,41.3,59.3,18.9,22.3,17.4,6.7,14.5,1.8,1.2,10.2,14.7,2,1,0,1,1,1920,1920,40.2833333333333,1,0,0,1,0,1,1,0,1,1,1,1,1,0,0,0,"Brown.Thrasher","Eastern.Bluebird",0.0509401709401709
"1537",1,0,18.7,50.5,13,7.8,15,4,2.1,0.9,0.300000000000001,7.4,11.1,1,2,0.301029995663981,1,1,805,755,16.2916666666667,1,0,0,1,1,1,1,0,0,1,1,1,1,1,0,1,"Brown.Thrasher","Wood.Thrush",0.229401709401709
"1538",1,2,9.7,26.1,15.1,3.59999999999999,22.9,24.5,1.5,0.5,0.199999999999999,6.8,6.7,0,2,0.367976785294594,1,5,2980,2980,9.46666666666667,1,0,0,0,0,0,1,0,0,1,1,1,1,1,0,1,"Brown.Thrasher","American.Robin",0.141196581196581
"1539",1,2,42.3,64.6,13.4,32.3,6.4,27.6,16.3,1.1,0.9,10.2,16.6,1,2,0.301029995663981,2,1,4080,4080,42.7266666666667,1,0,0,0,0,0,0,0,1,1,0,0,1,0,0,0,"Brown.Thrasher","House.Sparrow",0.246495726495726
"1540",0,1,47.4,55.6,13.6,30.9,7.2,25.3,16.8,1.9,1.2,10.9,19.5,0,1,0.367976785294594,1,5,2980,2980,48.4416666666667,1,0,1,0,0,1,0,0,0,1,1,0,1,0,0,0,"Brown.Thrasher","House.Finch",0.398290598290598
"1541",1,0,56,73.5,13.7,36.4,5.1,32.7,20.7,0,1.1,11.1,18.6,0,1,0.176091259055681,2,2,480,480,57.2166666666667,0,1,1,0,0,0,1,0,0,1,1,0,1,0,0,0,"Brown.Thrasher","American.Goldfinch",0.121367521367521
"1542",1,1,56.6,65.8,10.3,35.7,2.3,34.5,17.9,1.4,1.4,12.3,17,0,1,0.221848749616356,1,3,3280,3280,56.8166666666667,1,0,0,0,0,0,1,0,0,1,1,1,1,1,1,1,"Brown.Thrasher","Chipping.Sparrow",0.277948717948718
"1543",1,1,44.4,51.4,5.8,28.6,0.300000000000001,29.7,11.2,0,0.300000000000001,10.9,16.5,1,1,0.301029995663981,1,1,480,480,42.6833333333333,0,1,0,0,0,1,1,0,0,1,1,0,1,0,1,0,"Brown.Thrasher","White.throated.Sparrow",-0.272478632478632
"1544",0,1,28.8,30.1,0.300000000000001,15.9,2.9,20.2,7.2,1.9,0.0999999999999996,9.5,14.7,0,0,0.522878745280338,1,3,1460,1460,29.05,1,0,0,0,0,1,1,0,1,1,1,0,1,0,1,1,"Brown.Thrasher","Eastern.Towhee",0.377777777777778
"1545",1,1,43.9,50,7.4,26.2,2.3,26,8.1,0,0.6,8.8,13.8,1,1,0.176091259055681,1,0,1580,1580,42.6666666666667,1,0,0,1,0,0,1,0,0,1,1,1,0,0,0,0,"Brown.Thrasher","Yellow.breasted.Chat",0.261538461538461
"1546",1,0,37.3,60,21.5,28.2,18,12.3,7.7,1.3,0.5,9.5,13.9,1,1,0,1,1,280,280,33.2666666666667,1,0,0,0,0,0,1,0,0,1,1,0,1,1,0,1,"Brown.Thrasher","Bobolink",0.144615384615385
"1547",1,1,49.4,54.6,12.3,31,5.8,26.2,12.9,1.1,1,7.7,12.8,0,1,0.544068044350276,0,5,380,380,48.9666666666667,1,0,0,0,0,0,0,0,0,1,1,1,1,0,0,0,"Brown.Thrasher","Orchard.Oriole",-0.0974358974358974
"1548",1,2,18,32.9,10.1,2.2,13.8,15.5,6.2,2.5,0.199999999999999,3.9,7.4,0,2,0.1249387366083,1,2,1980,1980,13.7666666666667,1,0,0,0,0,0,1,0,0,1,1,1,1,0,0,1,"Brown.Thrasher","Red.winged.Blackbird",-0.202051282051282
"1549",1,1,28.5,52,19.1,17.9,19.9,2.5,9.5,2.6,0.399999999999999,8.2,12.5,2,1,0.1249387366083,1,2,2375,2375,27.4166666666667,1,0,0,0,0,0,1,0,0,1,1,1,1,0,0,0,"Brown.Thrasher","Brown.headed.Cowbird",0.294358974358974
"1550",0,2,36.4,3.59999999999999,12,11.5,20.3,30.4,1.4,4.2,1.9,2.5,2.9,1,1,0.477121254719662,0,4,480,480,37.5833333333333,0,1,0,0,0,0,1,0,1,0,0,1,0,0,1,0,"Brown.Thrasher","Common.Grackle",0.00786324786324786
"1551",1,0,50,71.4,11,31.6,4.3,29.3,11.9,2.2,1.8,10.4,15,1,0,0.176091259055681,1,0,1380,1380,49.4333333333333,1,0,0,1,0,0,1,1,0,1,1,1,1,0,0,0,"Brown.Thrasher","Ovenbird",0.348376068376068
"1552",1,0,57.9,75.2,11.6,37,3,33.7,16.9,3,2.5,10.3,16.4,2,1,0.477121254719662,2,0,1980,1980,59.8866666666667,1,0,0,1,0,0,1,0,0,1,1,1,1,0,0,0,"Brown.Thrasher","Black.and.white.Warbler",0.255384615384615
"1553",1,0,54.5,79.1,16.1,37.8,6.9,33.6,15.9,2.4,1.6,8.5,13,1,1,0.176091259055681,2,2,780,780,54.9166666666667,1,0,0,1,0,0,0,0,0,1,1,1,1,0,0,0,"Brown.Thrasher","Prothonotary.Warbler",-0.16991452991453
"1554",1,0,59.3,72.4,2.2,42.4,5.5,47.8,14,3,2.4,11.4,17.4,1,0,0.477121254719662,2,0,4080,4080,58.8916666666667,1,0,0,1,0,0,1,0,0,1,1,1,1,0,0,0,"Brown.Thrasher","Common.Yellowthroat",-0.0618803418803419
"1555",1,1,58.3,66.7,7.6,37,0.4,37.8,15,2.7,1.6,11.4,16.4,1,1,0.301029995663981,2,1,580,580,59.6666666666667,1,0,0,1,0,0,1,0,0,1,1,1,1,0,0,0,"Brown.Thrasher","Hooded.Warbler",0.376410256410256
"1556",1,0,60.6,69.2,10.7,38.7,1.6,40.5,17.2,3.3,1.4,12.5,17.8,1,1,0,1,1,2480,2480,61.8916666666667,1,0,0,1,0,1,1,0,0,1,1,1,1,0,0,0,"Brown.Thrasher","American.Redstart",-0.0352136752136752
"1557",1,1,61,77.7,14.2,46.8,1.5,44.9,17.3,3.2,2.3,11.7,18.5,0,1,0.0791812460476249,2,1,1980,1980,61.6816666666667,1,0,0,1,1,0,0,0,0,1,1,0,1,0,0,0,"Brown.Thrasher","Northern.Parula",0.334700854700855
"1558",1,0,58.7,72.9,10.2,39.7,0.9,40.3,15.6,3,2,11.9,17.1,0,1,0.425968732272281,1,2,1080,1080,59.9166666666667,1,0,0,1,0,0,0,0,0,1,0,1,1,0,0,0,"Brown.Thrasher","Black.throated.Blue.Warbler",-0.158974358974359
"1559",1,1,57,67.8,14.7,35.5,6.6,30.7,15.6,2.5,2.3,11.3,16.7,1,2,0.301029995663981,0,2,2530,2530,57.9166666666667,1,0,0,1,0,0,1,0,0,1,1,1,1,0,0,0,"Brown.Thrasher","Pine.Warbler",0.215726495726496
"1560",1,1,59.1,71.1,13.8,37.7,4.8,34.8,17.4,2.9,2.4,9.5,15.2,1,1,0.0791812460476249,2,3,1280,1280,60.2833333333333,1,0,0,1,0,0,1,0,0,1,1,1,1,0,0,0,"Brown.Thrasher","Yellow.throated.Warbler",-0.201367521367521
"1561",1,1,61.2,73.4,6.1,42.3,2.9,47,16.5,3.4,2.6,12.1,18.3,0,1,0.397940008672038,0,3,700,700,62.0166666666667,1,0,0,1,0,0,1,0,0,1,1,0,1,0,0,0,"Brown.Thrasher","Prairie.Warbler",0.336752136752137
"1562",1,0,39.7,50.5,15.3,19.3,13.9,10.5,14.7,2.7,3,6,10.9,1,2,0.1249387366083,1,2,1980,1980,41.4066666666667,1,0,0,1,0,1,1,0,0,1,1,1,1,0,0,0,"Brown.Thrasher","Summer.Tanager",0.127521367521368
"1563",1,0,40.6,58,17,20.8,15.5,9.90000000000001,14.8,1.9,1.8,7.8,11.3,1,1,0,1,1,2080,2080,39.45,1,0,0,1,0,1,1,0,0,1,1,0,1,0,0,0,"Brown.Thrasher","Scarlet.Tanager",-0.116581196581197
"1564",1,1,26.2,20,1.6,9,0.199999999999999,9,9.7,6,3.9,4.6,12.5,1,1,0.1249387366083,1,0,1480,1480,25.5333333333333,1,0,1,0,0,0,1,0,1,1,1,0,1,0,1,0,"Brown.Thrasher","Northern.Cardinal",0.388717948717949
"1565",1,1,41.4,57.4,9,19.5,5.9,16.4,13.9,4.6,2,7,13.1,1,1,0.301029995663981,1,4,1980,1980,41.1666666666667,1,0,0,0,0,0,1,0,0,1,1,1,1,0,0,1,"Brown.Thrasher","Blue.Grosbeak",0.251965811965812
"1566",1,1,54.1,72.9,8.6,36.4,0.699999999999999,37.7,17,0.0999999999999996,0.300000000000001,11.7,18.4,1,2,0.602059991327962,1,4,1780,1780,54.5166666666667,1,0,1,0,0,0,0,0,0,1,1,0,1,0,0,0,"Brown.Thrasher","Indigo.Bunting",0.368888888888889
"1594",0,0,0,0,0,0,0,0,0,0,0,0,0,0,0,0,0,0,0,0,0,0,1,1,1,1,1,1,1,1,1,1,1,1,1,1,1,"Eastern.Bluebird","Eastern.Bluebird",1
"1595",1,1,22.6,8.8,5.9,14.5,2.4,10.7,12.4,0.9,0.9,2.8,3.6,1,1,0.301029995663981,2,0,1115,1165,23.9916666666667,0,1,0,1,0,1,1,0,0,1,1,1,1,0,1,0,"Eastern.Bluebird","Wood.Thrush",0.207521367521368
"1596",1,1,51,33.2,3.8,25.9,5.5,31.2,13,2.3,1.4,3.4,8,2,1,0.367976785294594,0,4,1060,1060,49.75,0,1,0,0,0,0,1,1,0,1,1,1,1,0,1,0,"Eastern.Bluebird","American.Robin",0.554188034188034
"1597",1,1,1,5.3,5.5,10,11,20.9,1.8,2.9,2.1,0,1.9,3,3,0.301029995663981,1,0,2160,2160,2.44333333333334,0,0,0,0,0,0,0,0,1,1,0,0,1,0,0,0,"Eastern.Bluebird","House.Sparrow",0.0317948717948718
"1598",0,0,6.1,3.7,5.3,8.60000000000001,10.2,18.6,2.3,3.7,2.4,0.699999999999999,4.8,2,2,0.367976785294594,0,4,1060,1060,8.15833333333333,0,1,0,0,0,1,0,0,0,1,1,0,1,0,0,1,"Eastern.Bluebird","House.Finch",0.202735042735043
"1599",1,1,14.7,14.2,5.2,14.1,12.3,26,6.2,1.8,0.0999999999999996,0.9,3.9,2,2,0.176091259055681,1,1,1440,1440,16.9333333333333,1,0,0,0,0,0,1,0,0,1,1,0,1,0,0,1,"Eastern.Bluebird","American.Goldfinch",0.444102564102564
"1600",1,0,15.3,6.5,8.6,13.4,15.1,27.8,3.4,0.4,0.2,2.1,2.3,2,2,0.221848749616356,0,2,1360,1360,16.5333333333333,0,1,1,0,0,0,1,0,0,1,1,1,1,0,0,0,"Eastern.Bluebird","Chipping.Sparrow",0.323076923076923
"1601",1,0,3.1,7.90000000000001,13.1,6.3,17.1,23,3.3,1.8,0.9,0.699999999999999,1.8,3,2,0.301029995663981,2,0,1440,1440,2.4,1,0,1,0,0,1,1,0,0,1,1,0,1,0,0,0,"Eastern.Bluebird","White.throated.Sparrow",0.0967521367521367
"1602",0,0,12.5,29.2,19.2,6.39999999999999,20.3,13.5,7.3,3.7,1.3,0.700000000000001,0,2,1,0.522878745280338,2,2,460,460,11.2333333333333,0,1,0,0,0,1,1,0,1,1,1,0,1,0,0,0,"Eastern.Bluebird","Eastern.Towhee",0.450940170940171
"1603",1,0,2.6,9.3,11.5,3.90000000000001,15.1,19.3,6.4,1.8,0.6,1.4,0.9,1,0,0.176091259055681,0,1,340,340,2.38333333333334,0,1,1,1,0,0,1,1,0,1,1,1,0,1,1,1,"Eastern.Bluebird","Yellow.breasted.Chat",0.143247863247863
"1604",1,1,4,0.700000000000003,2.6,5.90000000000001,0.600000000000001,5.59999999999999,6.8,3.1,1.7,0.700000000000001,0.799999999999999,3,2,0,0,0,1640,1640,7.01666666666666,0,1,0,0,0,0,1,0,0,1,1,0,1,0,0,0,"Eastern.Bluebird","Bobolink",-0.136410256410256
"1605",1,0,8.1,4.7,6.6,8.7,11.6,19.5,1.6,0.7,0.2,2.5,1.9,2,2,0.544068044350276,1,4,1540,1540,8.68333333333334,0,1,1,0,0,0,0,0,0,1,1,1,1,1,1,1,"Eastern.Bluebird","Orchard.Oriole",0.222564102564103
"1606",1,1,23.3,26.4,8.8,24.5,3.6,22.2,8.3,4.3,1.4,6.3,7.3,2,1,0.1249387366083,0,1,60,60,26.5166666666667,0,1,0,0,0,0,1,0,0,1,1,1,1,0,0,0,"Eastern.Bluebird","Red.winged.Blackbird",-0.0844444444444444
"1607",1,0,12.8,7.3,0.200000000000003,4.39999999999999,2.5,9.2,5,4.4,1.6,2,2.2,0,0,0.1249387366083,0,1,455,455,12.8666666666667,0,1,0,0,0,0,1,0,0,1,1,1,1,1,1,0,"Eastern.Bluebird","Brown.headed.Cowbird",0.0899145299145299
"1608",0,1,77.7,55.7,6.9,33.8,2.9,37.1,15.9,6,3.1,12.7,17.6,3,2,0.477121254719662,1,3,1440,1440,77.8666666666667,1,0,1,0,0,0,1,0,1,0,0,1,0,1,0,0,"Eastern.Bluebird","Common.Grackle",-0.112478632478632
"1609",1,1,8.7,12.1,7.9,9.3,13.1,22.6,2.6,0.4,0.6,0.199999999999999,0.300000000000001,1,1,0.176091259055681,0,1,540,540,9.15,0,1,0,1,1,0,1,0,0,1,1,1,1,1,1,0,"Eastern.Bluebird","Ovenbird",0.359316239316239
"1610",1,1,16.6,15.9,7.3,14.7,14.4,27,2.4,1.2,1.3,0.0999999999999996,1.7,0,0,0.477121254719662,1,1,60,60,19.6033333333333,0,1,1,1,0,0,1,1,0,1,1,1,1,1,1,1,"Eastern.Bluebird","Black.and.white.Warbler",0.078974358974359
"1611",1,1,13.2,19.8,2.8,15.5,10.5,26.9,1.4,0.6,0.4,1.7,1.7,1,2,0.176091259055681,1,1,1140,1140,14.6333333333333,0,1,1,1,0,0,0,0,0,1,1,1,1,1,1,1,"Eastern.Bluebird","Prothonotary.Warbler",0.344273504273504
"1612",1,1,18,13.1,16.7,20.1,22.9,41.1,0.5,1.2,1.2,1.2,2.7,3,1,0.477121254719662,1,1,2160,2160,18.6083333333333,0,1,0,1,0,0,1,0,0,1,1,1,1,1,1,1,"Eastern.Bluebird","Common.Yellowthroat",0.475555555555556
"1613",1,0,17,7.4,11.3,14.7,17.8,31.1,0.5,0.9,0.4,1.2,1.7,3,0,0.301029995663981,1,0,1340,1340,19.3833333333333,0,1,1,1,0,0,1,1,0,1,1,1,1,1,1,1,"Eastern.Bluebird","Hooded.Warbler",0.235555555555556
"1614",1,1,19.3,9.9,8.2,16.4,15.8,33.8,2.7,1.5,0.2,2.3,3.1,3,0,0,0,0,560,560,21.6083333333333,0,1,1,1,1,1,1,1,0,1,1,1,1,1,1,1,"Eastern.Bluebird","American.Redstart",0.238290598290598
"1615",1,0,19.7,18.4,4.7,24.5,15.9,38.2,2.8,1.4,1.1,1.5,3.8,2,2,0.0791812460476249,3,2,60,60,21.3983333333333,0,1,0,1,0,0,0,0,0,1,1,0,1,1,1,1,"Eastern.Bluebird","Northern.Parula",0.145299145299145
"1616",1,1,17.4,13.6,8.7,17.4,16.5,33.6,1.1,1.2,0.8,1.7,2.4,2,0,0.425968732272281,2,1,840,840,19.6333333333333,0,1,1,1,0,0,0,0,0,1,0,1,1,1,1,1,"Eastern.Bluebird","Black.throated.Blue.Warbler",-0.32991452991453
"1617",1,0,15.7,8.5,4.2,13.2,10.8,24,1.1,0.7,1.1,1.1,2,1,1,0.301029995663981,1,1,610,610,17.6333333333333,0,1,0,1,1,0,1,0,0,1,1,1,1,1,1,1,"Eastern.Bluebird","Pine.Warbler",0.544615384615385
"1618",1,0,17.8,11.8,5.1,15.4,12.6,28.1,2.9,1.1,1.2,0.700000000000001,0.5,1,0,0.0791812460476249,1,2,640,640,20,0,1,0,1,0,0,1,1,0,1,1,1,1,1,1,1,"Eastern.Bluebird","Yellow.throated.Warbler",0.213675213675214
"1619",1,0,19.9,14.1,12.8,20,20.3,40.3,2,1.6,1.4,1.9,3.6,2,0,0.397940008672038,1,2,1220,1220,21.7333333333333,0,1,1,1,1,0,1,1,0,1,1,0,1,1,1,1,"Eastern.Bluebird","Prairie.Warbler",0.318290598290598
"1620",1,1,1.6,8.8,3.6,3,3.5,3.8,0.199999999999999,4.5,4.2,4.2,3.8,1,1,0.1249387366083,0,1,60,60,1.12333333333333,0,1,0,1,1,1,1,1,0,1,1,1,1,1,1,1,"Eastern.Bluebird","Summer.Tanager",0.568547008547008
"1621",1,1,0.699999999999999,1.3,1.9,1.5,1.9,3.2,0.300000000000001,3.7,3,2.4,3.4,1,0,0,0,0,160,160,0.833333333333332,0,1,0,1,1,1,1,1,0,1,1,0,1,1,1,1,"Eastern.Bluebird","Scarlet.Tanager",0.45025641025641
"1622",1,0,15.1,39.3,17.3,13.3,17.2,2.3,4.8,7.8,5.1,5.6,2.2,3,0,0.1249387366083,2,1,440,440,14.75,0,1,0,0,0,0,1,0,1,1,1,0,1,0,0,1,"Eastern.Bluebird","Northern.Cardinal",0.493333333333333
"1623",1,0,0.100000000000001,1.90000000000001,9.9,2.8,11.5,9.7,0.600000000000001,6.4,3.2,3.2,1.6,1,0,0.301029995663981,0,3,60,60,0.883333333333336,0,1,1,0,0,0,1,0,0,1,1,1,1,1,1,0,"Eastern.Bluebird","Blue.Grosbeak",0.0933333333333333
"1624",1,0,12.8,13.6,10.3,14.1,16.7,31,2.5,1.7,0.9,1.5,3.7,1,1,0.602059991327962,2,3,140,140,14.2333333333333,0,1,0,0,0,0,0,0,0,1,1,0,1,0,0,0,"Eastern.Bluebird","Indigo.Bunting",0.38051282051282
"1653",0,0,0,0,0,0,0,0,0,0,0,0,0,0,0,0,0,0,0,0,0,0,1,1,1,1,1,1,1,1,1,1,1,1,1,1,1,"Wood.Thrush","Wood.Thrush",1
"1654",0,2,28.4,24.4,2.1,11.4,7.9,20.5,0.600000000000001,1.4,0.5,0.6,4.4,1,0,0.0669467896306132,2,4,2175,2225,25.7583333333333,0,1,1,0,0,0,1,0,0,1,1,1,1,1,1,1,"Wood.Thrush","American.Robin",0.368888888888889
"1655",2,2,23.6,14.1,0.400000000000002,24.5,8.6,31.6,14.2,2,1.2,2.8,5.5,2,4,0.602059991327962,3,0,3275,3325,26.435,0,0,0,0,0,0,0,0,0,1,0,0,1,0,0,0,"Wood.Thrush","House.Sparrow",0.356581196581197
"1656",1,1,28.7,5.09999999999999,0.600000000000001,23.1,7.8,29.3,14.7,2.8,1.5,3.5,8.4,1,3,0.0669467896306132,2,4,2175,2225,32.15,0,1,0,0,0,1,0,0,0,1,1,0,1,0,0,0,"Wood.Thrush","House.Finch",0.147350427350427
"1657",2,0,37.3,23,0.700000000000003,28.6,9.9,36.7,18.6,0.9,0.8,3.7,7.5,1,3,0.477121254719662,3,1,325,275,40.925,1,0,0,0,0,0,1,0,0,1,1,0,1,0,0,0,"Wood.Thrush","American.Goldfinch",0.117948717948718
"1658",0,1,37.9,15.3,2.7,27.9,12.7,38.5,15.8,0.5,1.1,4.9,5.9,1,3,0.0791812460476248,2,2,2475,2525,40.525,0,1,0,0,0,0,1,0,0,1,1,1,1,1,0,1,"Wood.Thrush","Chipping.Sparrow",-0.101538461538462
"1659",0,1,25.7,0.899999999999991,7.2,20.8,14.7,33.7,9.1,0.9,0,3.5,5.4,2,3,0,0,0,325,275,26.3916666666667,1,0,0,0,0,1,1,0,0,1,1,0,1,0,0,0,"Wood.Thrush","White.throated.Sparrow",-0.273846153846154
"1660",1,1,10.1,20.4,13.3,8.10000000000001,17.9,24.2,5.1,2.8,0.4,2.1,3.6,1,2,0.221848749616356,0,2,655,705,12.7583333333333,0,1,1,0,0,1,1,0,0,1,1,0,1,0,0,1,"Wood.Thrush","Eastern.Towhee",0.19042735042735
"1661",2,1,25.2,0.5,5.6,18.4,12.7,30,6,0.9,0.3,1.4,2.7,0,1,0.477121254719662,2,1,775,825,26.375,0,1,0,1,0,0,1,0,0,1,1,1,0,0,1,0,"Wood.Thrush","Yellow.breasted.Chat",0.396923076923077
"1662",0,0,18.6,9.5,8.5,20.4,3,16.3,5.6,2.2,0.800000000000001,2.1,2.8,2,3,0.301029995663981,2,0,525,475,16.975,0,1,0,0,0,0,1,0,0,1,1,0,1,1,0,1,"Wood.Thrush","Bobolink",0.124102564102564
"1663",0,1,30.7,4.09999999999999,0.699999999999999,23.2,9.2,30.2,10.8,0.2,0.699999999999999,0.300000000000001,1.7,1,3,0.243038048686295,1,4,425,375,32.675,0,1,0,0,0,0,0,0,0,1,1,1,1,0,1,0,"Wood.Thrush","Orchard.Oriole",0.0803418803418803
"1664",0,2,0.699999999999996,17.6,2.9,10,1.2,11.5,4.1,3.4,0.5,3.5,3.7,1,0,0.176091259055681,2,1,1175,1225,2.525,0,1,0,0,0,0,1,0,0,1,1,1,1,0,0,1,"Wood.Thrush","Red.winged.Blackbird",-0.117948717948718
"1665",0,1,9.8,1.5,6.1,10.1,4.9,1.5,7.4,3.5,0.7,0.800000000000001,1.4,1,1,0.176091259055681,2,1,1570,1620,11.125,0,1,0,0,0,0,1,0,0,1,1,1,1,0,1,0,"Wood.Thrush","Brown.headed.Cowbird",-0.0741880341880342
"1666",1,2,55.1,46.9,1,19.3,5.3,26.4,3.5,5.1,2.2,9.9,14,2,3,0.176091259055681,1,3,325,275,53.875,1,0,0,0,0,0,1,0,0,0,0,1,0,0,0,0,"Wood.Thrush","Common.Grackle",-0.0290598290598291
"1667",0,0,31.3,20.9,2,23.8,10.7,33.3,9.8,1.3,1.5,3,3.9,0,2,0.477121254719662,2,1,575,625,33.1416666666667,0,1,1,1,0,0,1,0,0,1,1,1,1,0,1,0,"Wood.Thrush","Ovenbird",0.377777777777778
"1668",0,0,39.2,24.7,1.4,29.2,12,37.7,14.8,2.1,2.2,2.9,5.3,1,1,0.778151250383644,3,1,1175,1225,43.595,0,1,0,1,0,0,1,0,0,1,1,1,1,0,1,0,"Wood.Thrush","Black.and.white.Warbler",0.0564102564102564
"1669",0,0,35.8,28.6,3.1,30,8.1,37.6,13.8,1.5,1.3,1.1,1.9,0,3,0.477121254719662,3,1,25,25,38.625,0,1,0,1,0,0,0,0,0,1,1,1,1,0,1,0,"Wood.Thrush","Prothonotary.Warbler",0.349059829059829
"1670",0,0,40.6,21.9,10.8,34.6,20.5,51.8,11.9,2.1,2.1,4,6.3,2,2,0.778151250383644,3,1,3275,3325,42.6,0,1,0,1,0,0,1,0,0,1,1,1,1,0,1,0,"Wood.Thrush","Common.Yellowthroat",0.15008547008547
"1671",0,1,39.6,16.2,5.4,29.2,15.4,41.8,12.9,1.8,1.3,4,5.3,2,1,0.602059991327962,3,0,225,175,43.375,0,1,0,1,0,0,1,0,0,1,1,1,1,0,1,0,"Wood.Thrush","Hooded.Warbler",0.386666666666667
"1672",0,0,41.9,18.7,2.3,30.9,13.4,44.5,15.1,2.4,1.1,5.1,6.7,2,1,0.301029995663981,2,0,1675,1725,45.6,0,1,0,1,0,1,1,0,0,1,1,1,1,0,1,0,"Wood.Thrush","American.Redstart",-0.351794871794872
"1673",0,1,42.3,27.2,1.2,39,13.5,48.9,15.2,2.3,2,4.3,7.4,1,3,0.380211241711606,1,2,1175,1225,45.39,0,1,1,1,1,0,0,1,0,1,1,0,1,0,1,0,"Wood.Thrush","Northern.Parula",0.462564102564102
"1674",0,0,40,22.4,2.8,31.9,14.1,44.3,13.5,2.1,1.7,4.5,6,1,1,0.1249387366083,0,1,275,325,43.625,0,1,0,1,0,0,0,1,0,1,0,1,1,0,1,0,"Wood.Thrush","Black.throated.Blue.Warbler",-0.0194871794871795
"1675",0,1,38.3,17.3,1.7,27.7,8.4,34.7,13.5,1.6,2,3.9,5.6,0,0,0,1,1,1725,1775,41.625,0,1,1,1,0,0,1,1,0,1,1,1,1,0,1,0,"Wood.Thrush","Pine.Warbler",0.122051282051282
"1676",0,1,40.4,20.6,0.800000000000001,29.9,10.2,38.8,15.3,2,2.1,2.1,4.1,0,1,0.380211241711606,3,2,475,525,43.9916666666667,0,1,1,1,0,0,1,0,0,1,1,1,1,0,1,0,"Wood.Thrush","Yellow.throated.Warbler",-0.0126495726495726
"1677",0,1,42.5,22.9,6.9,34.5,17.9,51,14.4,2.5,2.3,4.7,7.2,1,1,0.0969100130080565,1,2,105,55,45.725,0,1,0,1,0,0,1,0,0,1,1,0,1,0,1,0,"Wood.Thrush","Prairie.Warbler",0.158290598290598
"1678",0,0,21,0,2.3,11.5,1.1,14.5,12.6,3.6,3.3,1.4,0.199999999999999,0,0,0.176091259055681,2,1,1175,1225,25.115,0,1,1,1,0,1,1,0,0,1,1,1,1,0,1,0,"Wood.Thrush","Summer.Tanager",0.623247863247863
"1679",0,0,21.9,7.5,4,13,0.5,13.9,12.7,2.8,2.1,0.4,0.199999999999999,0,1,0.301029995663981,2,0,1275,1325,23.1583333333333,0,1,1,1,0,1,1,0,0,1,1,0,1,0,1,0,"Wood.Thrush","Scarlet.Tanager",0.258119658119658
"1680",2,1,7.5,30.5,11.4,1.2,14.8,13,7.6,6.9,4.2,2.8,1.4,2,1,0.176091259055681,0,1,675,725,9.24166666666667,0,1,0,0,0,0,1,0,0,1,1,0,1,0,0,0,"Wood.Thrush","Northern.Cardinal",0.507692307692308
"1681",0,1,22.7,6.89999999999999,4,11.7,9.1,20.4,11.8,5.5,2.3,0.4,2,0,1,0,2,3,1175,1225,24.875,0,1,0,0,0,0,1,0,0,1,1,1,1,0,1,1,"Wood.Thrush","Blue.Grosbeak",0.32034188034188
"1682",0,1,35.4,22.4,4.4,28.6,14.3,41.7,14.9,0.8,0,4.3,7.3,0,0,0.301029995663981,0,3,975,1025,38.225,0,1,0,0,0,0,0,0,0,1,1,0,1,0,0,0,"Wood.Thrush","Indigo.Bunting",0.468034188034188
"1712",0,0,0,0,0,0,0,0,0,0,0,0,0,0,0,0,0,0,0,0,0,0,1,1,1,1,1,1,1,1,1,1,1,1,1,1,1,"American.Robin","American.Robin",1
"1713",2,0,52,38.5,1.7,35.9,16.5,52.1,14.8,0.6,0.7,3.4,9.9,1,4,0.669006780958576,1,4,1100,1100,52.1933333333333,0,0,0,0,0,0,0,0,0,1,0,0,1,0,0,0,"American.Robin","House.Sparrow",-0.0844444444444444
"1714",1,1,57.1,29.5,1.5,34.5,15.7,49.8,15.3,1.4,1,4.1,12.8,0,3,0,0,0,0,0,57.9083333333333,0,1,0,0,0,0,0,0,1,1,1,0,1,0,0,0,"American.Robin","House.Finch",0.305982905982906
"1715",2,2,65.7,47.4,1.4,40,17.8,57.2,19.2,0.5,1.3,4.3,11.9,0,3,0.544068044350275,1,3,2500,2500,66.6833333333333,1,0,0,0,0,0,1,0,1,1,1,0,1,0,0,0,"American.Robin","American.Goldfinch",0.28
"1716",0,1,66.3,39.7,4.8,39.3,20.6,59,16.4,1.9,1.6,5.5,10.3,0,3,0.146128035678238,0,2,300,300,66.2833333333333,0,1,0,0,0,0,1,0,1,1,1,1,1,1,0,1,"American.Robin","Chipping.Sparrow",0.00102564102564103
"1717",0,1,54.1,25.3,9.3,32.2,22.6,54.2,9.7,0.5,0.5,4.1,9.8,1,3,0.0669467896306132,2,4,2500,2500,52.15,1,0,0,0,0,0,1,0,1,1,1,0,1,0,0,0,"American.Robin","White.throated.Sparrow",-0.372307692307692
"1718",1,1,38.5,4,15.4,19.5,25.8,44.7,5.7,1.4,0.0999999999999996,2.7,8,0,2,0.154901959985743,2,2,1520,1520,38.5166666666667,0,1,1,1,0,0,1,0,0,1,1,0,1,0,0,1,"American.Robin","Eastern.Towhee",0.686153846153846
"1719",2,1,53.6,23.9,7.7,29.8,20.6,50.5,6.6,0.5,0.8,2,7.1,1,1,0.544068044350275,0,5,1400,1400,52.1333333333333,0,1,0,0,0,0,1,1,1,1,1,1,0,0,1,0,"American.Robin","Yellow.breasted.Chat",0.387350427350427
"1720",0,2,47,33.9,6.4,31.8,4.9,36.8,6.2,0.8,0.300000000000001,2.7,7.2,1,3,0.367976785294594,0,4,2700,2700,42.7333333333333,0,1,0,0,0,0,1,0,1,1,1,0,1,1,0,1,"American.Robin","Bobolink",0.288205128205128
"1721",0,1,59.1,28.5,2.8,34.6,17.1,50.7,11.4,1.6,1.2,0.9,6.1,0,3,0.176091259055681,1,0,2600,2600,58.4333333333333,0,1,0,1,0,0,0,0,1,1,1,1,1,0,1,0,"American.Robin","Orchard.Oriole",0.167863247863248
"1722",0,0,27.7,6.8,5,1.39999999999999,9.1,9,4.7,2,0,2.9,0.699999999999999,0,0,0.243038048686294,0,3,1000,1000,23.2333333333333,0,1,0,0,0,0,1,0,1,1,1,1,1,0,0,1,"American.Robin","Red.winged.Blackbird",-0.0174358974358974
"1723",0,1,38.2,25.9,4,21.5,3,22,8,2.1,0.2,1.4,5.8,2,1,0.243038048686294,0,3,605,605,36.8833333333333,0,1,0,0,0,0,1,0,1,1,1,1,1,0,1,0,"American.Robin","Brown.headed.Cowbird",-0.0215384615384615
"1724",1,0,26.7,22.5,3.1,7.90000000000001,2.6,5.90000000000001,2.9,3.7,1.7,9.3,9.6,1,3,0.109144469425068,1,1,2500,2500,28.1166666666667,1,0,0,1,0,0,1,0,0,0,0,1,0,0,0,0,"American.Robin","Common.Grackle",-0.121367521367521
"1725",0,2,59.7,45.3,4.1,35.2,18.6,53.8,10.4,2.7,2,3.6,8.3,1,2,0.544068044350275,0,5,1600,1600,58.9,0,1,1,0,0,0,1,0,1,1,1,1,1,0,1,0,"American.Robin","Ovenbird",0.00444444444444444
"1726",0,2,67.6,49.1,3.5,40.6,19.9,58.2,15.4,3.5,2.7,3.5,9.7,2,1,0.845098040014257,1,5,1000,1000,69.3533333333333,0,1,0,0,0,0,1,1,1,1,1,1,1,0,1,0,"American.Robin","Black.and.white.Warbler",-0.261538461538461
"1727",0,2,64.2,53,1,41.4,16,58.1,14.4,2.9,1.8,1.7,6.3,1,3,0.544068044350275,1,3,2200,2200,64.3833333333333,0,1,0,0,0,0,0,0,1,1,1,1,1,0,1,0,"American.Robin","Prothonotary.Warbler",0.306666666666667
"1728",0,2,69,46.3,12.9,46,28.4,72.3,12.5,3.5,2.6,4.6,10.7,1,2,0.845098040014257,1,5,1100,1100,68.3583333333333,0,1,0,0,0,0,1,0,1,1,1,1,1,0,1,0,"American.Robin","Common.Yellowthroat",0.286153846153846
"1729",0,1,68,40.6,7.5,40.6,23.3,62.3,13.5,3.2,1.8,4.6,9.7,1,1,0.669006780958576,1,4,2400,2400,69.1333333333333,0,1,0,0,0,0,1,1,1,1,1,1,1,0,1,0,"American.Robin","Hooded.Warbler",0.0735042735042735
"1730",0,2,70.3,43.1,4.4,42.3,21.3,65,15.7,3.8,1.6,5.7,11.1,1,1,0.367976785294594,0,4,500,500,71.3583333333333,0,1,0,0,0,0,1,1,1,1,1,1,1,0,1,0,"American.Robin","American.Redstart",0.0468376068376068
"1731",0,1,70.7,51.6,0.899999999999999,50.4,21.4,69.4,15.8,3.7,2.5,4.9,11.8,0,3,0.447158031342219,3,6,1000,1000,71.1483333333333,0,1,1,0,0,0,0,0,1,1,1,0,1,0,1,0,"American.Robin","Northern.Parula",0.168547008547009
"1732",0,2,68.4,46.8,4.9,43.3,22,64.8,14.1,3.5,2.2,5.1,10.4,0,1,0.0579919469776868,2,3,1900,1900,69.3833333333333,0,1,0,0,0,0,0,0,1,1,0,1,1,0,1,0,"American.Robin","Black.throated.Blue.Warbler",-0.284786324786325
"1733",0,1,66.7,41.7,0.399999999999999,39.1,16.3,55.2,14.1,3,2.5,4.5,10,1,0,0.0669467896306132,1,3,450,450,67.3833333333333,0,1,1,0,0,0,1,0,1,1,1,1,1,0,1,0,"American.Robin","Pine.Warbler",0.292991452991453
"1734",0,1,68.8,45,1.3,41.3,18.1,59.3,15.9,3.4,2.6,2.7,8.5,1,1,0.447158031342219,1,2,1700,1700,69.75,0,1,1,0,0,0,1,1,1,1,1,1,1,0,1,0,"American.Robin","Yellow.throated.Warbler",0.155555555555556
"1735",0,1,70.9,47.3,9,45.9,25.8,71.5,15,3.9,2.8,5.3,11.6,0,1,0.0299632233774433,1,2,2280,2280,71.4833333333333,0,1,0,0,0,0,1,1,1,1,1,0,1,0,1,0,"American.Robin","Prairie.Warbler",0.245128205128205
"1736",0,2,49.4,24.4,0.199999999999999,22.9,9,35,13.2,2.2,2.8,0.800000000000001,4.2,1,0,0.243038048686294,0,3,1000,1000,50.8733333333333,0,1,1,0,0,0,1,1,1,1,1,1,1,0,1,0,"American.Robin","Summer.Tanager",0.371623931623932
"1737",0,2,50.3,31.9,1.9,24.4,7.4,34.4,13.3,1.4,1.6,1,4.6,1,1,0.367976785294594,0,4,900,900,48.9166666666667,0,1,1,0,0,0,1,1,1,1,1,0,1,0,1,0,"American.Robin","Scarlet.Tanager",0.193162393162393
"1738",2,1,35.9,6.09999999999999,13.5,12.6,22.7,33.5,8.2,5.5,3.7,2.2,5.8,1,1,0.243038048686294,2,5,1500,1500,35,0,1,0,1,0,0,1,0,0,1,1,0,1,0,0,0,"American.Robin","Northern.Cardinal",0.419487179487179
"1739",0,1,51.1,31.3,6.1,23.1,17,40.9,12.4,4.1,1.8,0.199999999999999,6.4,1,1,0.0669467896306132,0,1,1000,1000,50.6333333333333,0,1,0,1,0,0,1,0,1,1,1,1,1,0,1,1,"American.Robin","Blue.Grosbeak",0.341538461538462
"1740",0,1,63.8,46.8,6.5,40,22.2,62.2,15.5,0.6,0.5,4.9,11.7,1,0,0.234083206033368,2,1,1200,1200,63.9833333333333,0,1,0,1,0,0,0,0,1,1,1,0,1,0,0,0,"American.Robin","Indigo.Bunting",0.389401709401709
"1771",0,0,0,0,0,0,0,0,0,0,0,0,0,0,0,0,0,0,0,0,0,0,1,1,1,1,1,1,1,1,1,1,1,1,1,1,1,"House.Sparrow","House.Sparrow",1
"1772",1,1,5.1,9,0.199999999999999,1.4,0.800000000000001,2.3,0.5,0.799999999999999,0.3,0.699999999999999,2.9,1,1,0.669006780958576,1,4,1100,1100,5.715,0,0,0,1,1,0,1,0,0,1,0,1,1,1,1,0,"House.Sparrow","House.Finch",0.474871794871795
"1773",0,2,13.7,8.90000000000001,0.300000000000001,4.1,1.3,5.10000000000001,4.4,1.1,2,0.9,2,1,1,0.1249387366083,0,1,3600,3600,14.49,1,0,0,1,1,1,0,1,0,1,0,1,1,1,1,0,"House.Sparrow","American.Goldfinch",0.353162393162393
"1774",2,1,14.3,1.2,3.1,3.4,4.1,6.90000000000001,1.6,2.5,2.3,2.1,0.4,1,1,0.522878745280338,1,2,800,800,14.09,0,0,0,1,0,0,0,0,0,1,0,0,1,0,0,0,"House.Sparrow","Chipping.Sparrow",0.163076923076923
"1775",2,1,2.1,13.2,7.6,3.7,6.1,2.10000000000001,5.1,1.1,1.2,0.699999999999999,0.0999999999999996,0,1,0.602059991327962,3,0,3600,3600,0.043333333333333,1,0,0,0,0,0,0,0,0,1,0,0,1,1,0,1,"House.Sparrow","White.throated.Sparrow",0.0181196581196581
"1776",1,1,13.5,34.5,13.7,16.4,9.3,7.39999999999999,9.1,0.799999999999999,0.8,0.700000000000001,1.9,1,2,0.823908740944319,3,2,2620,2620,13.6766666666667,0,0,0,0,0,0,0,0,1,1,0,0,1,1,0,0,"House.Sparrow","Eastern.Towhee",-0.287521367521367
"1777",0,1,1.6,14.6,6,6.1,4.1,1.59999999999999,8.2,1.1,1.5,1.4,2.8,2,3,0.1249387366083,1,1,2500,2500,0.0599999999999987,0,0,0,0,0,0,0,0,0,1,0,0,0,0,0,0,"House.Sparrow","Yellow.breasted.Chat",0.117264957264957
"1778",2,2,5,4.59999999999999,8.1,4.1,11.6,15.3,8.6,0.199999999999999,0.399999999999999,0.700000000000001,2.7,0,1,0.301029995663981,1,0,3800,3800,9.46,0,0,0,1,0,0,0,0,0,1,0,1,1,0,1,0,"House.Sparrow","Bobolink",0.00923076923076923
"1779",2,1,7.1,10,1.1,1.3,0.599999999999998,1.39999999999999,3.4,2.2,1.9,2.5,3.8,1,1,0.845098040014257,2,4,3700,3700,6.24,0,0,0,0,0,0,0,0,0,1,0,0,1,0,0,0,"House.Sparrow","Orchard.Oriole",0.318290598290598
"1780",2,0,24.3,31.7,3.3,34.5,7.4,43.1,10.1,1.4,0.7,6.3,9.2,1,4,0.425968732272281,1,1,2100,2100,28.96,0,0,0,1,0,0,0,0,0,1,0,0,1,1,1,0,"House.Sparrow","Red.winged.Blackbird",0.28
"1781",2,1,13.8,12.6,5.7,14.4,13.5,30.1,6.8,1.5,0.5,2,4.1,3,3,0.425968732272281,1,1,1705,1705,15.31,0,0,0,1,0,0,0,0,0,1,0,0,1,0,0,1,"House.Sparrow","Brown.headed.Cowbird",0.363418803418803
"1782",1,0,78.7,61,1.4,43.8,13.9,58,17.7,3.1,1,12.7,19.5,0,1,0.778151250383644,2,3,3600,3600,80.31,1,0,0,0,0,0,0,0,1,0,1,0,0,0,0,1,"House.Sparrow","Common.Grackle",0.597264957264957
"1783",2,2,7.7,6.8,2.4,0.700000000000003,2.1,1.7,4.4,3.3,2.7,0.199999999999999,1.6,2,2,0.1249387366083,1,1,2700,2700,6.70666666666667,0,0,0,0,0,0,0,0,0,1,0,0,1,0,0,1,"House.Sparrow","Ovenbird",0.326495726495727
"1784",2,2,15.6,10.6,1.8,4.7,3.4,6.10000000000001,0.599999999999998,4.1,3.4,0.0999999999999996,0.199999999999999,3,3,0.176091259055681,0,1,2100,2100,17.16,0,0,0,0,0,1,0,0,0,1,0,0,1,0,0,0,"House.Sparrow","Black.and.white.Warbler",-0.161025641025641
"1785",2,2,12.2,14.5,2.7,5.5,0.5,6,0.400000000000002,3.5,2.5,1.7,3.6,2,1,0.1249387366083,0,1,3300,3300,12.19,0,0,0,0,0,1,1,0,0,1,0,0,1,0,0,0,"House.Sparrow","Prothonotary.Warbler",0.00786324786324786
"1786",2,2,17,7.8,11.2,10.1,11.9,20.2,2.3,4.1,3.3,1.2,0.800000000000001,0,2,0.176091259055681,0,1,0,0,16.165,0,0,0,0,0,0,0,0,0,1,0,0,1,0,0,0,"House.Sparrow","Common.Yellowthroat",0.179487179487179
"1787",2,1,16,2.1,5.8,4.7,6.8,10.2,1.3,3.8,2.5,1.2,0.199999999999999,0,3,0,0,0,3500,3500,16.94,0,0,0,0,0,0,0,0,0,1,0,0,1,0,0,0,"House.Sparrow","Hooded.Warbler",0.0618803418803419
"1788",2,2,18.3,4.6,2.7,6.4,4.8,12.9,0.899999999999999,4.4,2.3,2.3,1.2,0,3,0.301029995663981,1,0,1600,1600,19.165,0,0,0,0,0,0,0,0,0,1,0,0,1,0,0,0,"House.Sparrow","American.Redstart",-0.0851282051282051
"1789",2,1,18.7,13.1,0.800000000000001,14.5,4.9,17.3,1,4.3,3.2,1.5,1.9,1,1,0.221848749616356,4,2,2100,2100,18.955,0,0,0,0,0,0,0,0,0,1,0,0,1,0,0,0,"House.Sparrow","Northern.Parula",-0.142564102564103
"1790",2,2,16.4,8.3,3.2,7.4,5.5,12.7,0.700000000000003,4.1,2.9,1.7,0.5,1,3,0.726998727936262,3,1,3000,3000,17.19,0,0,0,0,0,0,1,0,0,1,0,0,1,0,0,0,"House.Sparrow","Black.throated.Blue.Warbler",0.0974358974358974
"1791",2,1,14.7,3.2,1.3,3.2,0.200000000000003,3.10000000000001,0.700000000000003,3.6,3.2,1.1,0.0999999999999996,2,4,0.602059991327962,2,1,1550,1550,15.19,0,0,0,0,0,0,0,0,0,1,0,0,1,0,0,0,"House.Sparrow","Pine.Warbler",0.094017094017094
"1792",2,1,16.8,6.5,0.399999999999999,5.4,1.6,7.2,1.1,4,3.3,0.700000000000001,1.4,2,3,0.221848749616356,0,2,2800,2800,17.5566666666667,0,0,0,0,0,0,0,0,0,1,0,0,1,0,0,0,"House.Sparrow","Yellow.throated.Warbler",-0.0598290598290598
"1793",2,1,18.9,8.8,7.3,10,9.3,19.4,0.199999999999999,4.5,3.5,1.9,1.7,1,3,0.698970004336019,2,2,3380,3380,19.29,0,0,0,0,0,0,0,0,0,1,0,0,1,0,0,0,"House.Sparrow","Prairie.Warbler",0.0256410256410256
"1794",2,2,2.6,14.1,1.9,13,7.5,17.1,1.6,1.6,2.1,4.2,5.7,2,4,0.425968732272281,1,1,2100,2100,1.32,0,0,0,0,0,0,0,0,0,1,0,0,1,0,0,0,"House.Sparrow","Summer.Tanager",0.221196581196581
"1795",2,2,1.7,6.59999999999999,3.6,11.5,9.1,17.7,1.5,0.799999999999999,0.9,2.4,5.3,2,3,0.301029995663981,1,0,2000,2000,3.27666666666667,0,0,0,0,0,0,0,0,0,1,0,1,1,0,0,0,"House.Sparrow","Scarlet.Tanager",-0.211623931623932
"1796",0,1,16.1,44.6,11.8,23.3,6.2,18.6,6.6,4.9,3,5.6,4.1,0,3,0.425968732272281,3,1,2600,2600,17.1933333333333,0,0,0,0,0,0,0,0,1,1,0,0,1,1,0,0,"House.Sparrow","Northern.Cardinal",-0.00170940170940171
"1797",2,1,0.899999999999999,7.2,4.4,12.8,0.5,11.2,2.4,3.5,1.1,3.2,3.5,2,3,0.602059991327962,1,3,2100,2100,1.56,0,0,0,0,0,0,0,0,0,1,0,0,1,0,0,0,"House.Sparrow","Blue.Grosbeak",0.297777777777778
"1798",2,1,11.8,8.3,4.8,4.1,5.7,10.1,0.699999999999999,1.2,1.2,1.5,1.8,2,4,0.903089986991944,3,3,2300,2300,11.79,0,0,0,0,0,0,1,0,0,1,0,0,1,1,1,1,"House.Sparrow","Indigo.Bunting",0.442735042735043
"1830",0,0,0,0,0,0,0,0,0,0,0,0,0,0,0,0,0,0,0,0,0,0,1,1,1,1,1,1,1,1,1,1,1,1,1,1,1,"House.Finch","House.Finch",1
"1831",1,1,8.6,17.9,0.100000000000001,5.5,2.1,7.40000000000001,3.9,1.9,2.3,0.200000000000001,0.9,0,0,0.544068044350275,1,3,2500,2500,8.775,1,0,1,1,1,0,0,0,1,1,1,1,1,1,1,1,"House.Finch","American.Goldfinch",0.576068376068376
"1832",1,0,9.2,10.2,3.3,4.8,4.9,9.2,1.1,3.3,2.6,1.4,2.5,0,0,0.146128035678238,0,2,300,300,8.375,0,1,0,1,0,0,0,0,1,1,1,0,1,0,0,0,"House.Finch","Chipping.Sparrow",0.443418803418803
"1833",1,0,3,4.2,7.8,2.3,6.9,4.40000000000001,5.6,1.9,1.5,0,3,1,0,0.0669467896306132,2,4,2500,2500,5.75833333333333,1,0,0,0,0,1,0,0,1,1,1,0,1,1,0,0,"House.Finch","White.throated.Sparrow",-0.247863247863248
"1834",0,0,18.6,25.5,13.9,15,10.1,5.09999999999999,9.6,0,1.1,1.4,4.8,0,1,0.154901959985743,2,2,1520,1520,19.3916666666667,0,1,0,0,0,1,0,0,0,1,1,0,1,1,0,0,"House.Finch","Eastern.Towhee",0.225982905982906
"1835",1,0,3.5,5.59999999999999,6.2,4.7,4.9,0.700000000000003,8.7,1.9,1.8,2.1,5.7,1,2,0.544068044350275,0,5,1400,1400,5.775,0,1,0,0,0,0,0,0,1,1,1,0,0,0,0,1,"House.Finch","Yellow.breasted.Chat",0.178119658119658
"1836",1,1,10.1,4.40000000000001,7.9,2.7,10.8,13,9.1,0.6,0.699999999999999,1.4,5.6,1,0,0.367976785294594,0,4,2700,2700,15.175,0,1,0,1,0,0,0,0,1,1,1,1,1,0,1,0,"House.Finch","Bobolink",0.0188034188034188
"1837",1,0,2,1,1.3,0.0999999999999943,1.4,0.900000000000006,3.9,3,2.2,3.2,6.7,0,0,0.176091259055681,1,0,2600,2600,0.525000000000002,0,1,0,0,0,0,0,0,1,1,1,0,1,0,0,1,"House.Finch","Orchard.Oriole",0.444786324786325
"1838",1,1,29.4,22.7,3.5,33.1,6.6,40.8,10.6,0.600000000000001,1,7,12.1,0,3,0.243038048686294,0,3,1000,1000,34.675,0,1,0,1,0,0,0,0,1,1,1,0,1,1,1,0,"House.Finch","Red.winged.Blackbird",0.245128205128205
"1839",1,0,18.9,3.59999999999999,5.5,13,12.7,27.8,7.3,0.700000000000001,0.8,2.7,7,2,2,0.243038048686294,0,3,605,605,21.025,0,1,0,1,0,0,0,0,1,1,1,0,1,0,0,0,"House.Finch","Brown.headed.Cowbird",0.557606837606837
"1840",0,1,83.8,52,1.6,42.4,13.1,55.7,18.2,2.3,0.7,13.4,22.4,1,0,0.109144469425068,1,1,2500,2500,86.025,1,0,0,0,0,0,0,0,0,0,0,0,0,0,0,0,"House.Finch","Common.Grackle",0.554871794871795
"1841",1,1,2.6,15.8,2.6,0.699999999999996,2.9,4,4.9,4.1,3,0.5,4.5,1,1,0.544068044350275,0,5,1600,1600,0.991666666666667,0,1,0,0,0,0,0,0,1,1,1,0,1,0,0,0,"House.Finch","Ovenbird",0.456410256410256
"1842",1,1,10.5,19.6,2,6.09999999999999,4.2,8.40000000000001,0.0999999999999979,4.9,3.7,0.6,3.1,2,2,0.845098040014257,1,5,1000,1000,11.445,0,1,0,0,0,0,0,0,1,1,1,0,1,0,0,1,"House.Finch","Black.and.white.Warbler",-0.259487179487179
"1843",1,1,7.1,23.5,2.5,6.9,0.300000000000001,8.3,0.900000000000002,4.3,2.8,2.4,6.5,1,0,0.544068044350275,1,3,2200,2200,6.475,0,1,0,0,0,0,1,0,1,1,1,0,1,0,0,1,"House.Finch","Prothonotary.Warbler",0.109059829059829
"1844",1,1,11.9,16.8,11.4,11.5,12.7,22.5,2.8,4.9,3.6,0.5,2.1,1,1,0.845098040014257,1,5,1100,1100,10.45,0,1,0,0,0,0,0,0,1,1,1,0,1,0,0,1,"House.Finch","Common.Yellowthroat",0.21982905982906
"1845",1,0,10.9,11.1,6,6.09999999999999,7.6,12.5,1.8,4.6,2.8,0.5,3.1,1,2,0.669006780958576,1,4,2400,2400,11.225,0,1,0,0,0,0,0,0,1,1,1,0,1,0,0,1,"House.Finch","Hooded.Warbler",0.30051282051282
"1846",1,1,13.2,13.6,2.9,7.8,5.6,15.2,0.399999999999999,5.2,2.6,1.6,1.7,1,2,0.367976785294594,0,4,500,500,13.45,0,1,0,0,0,1,0,0,1,1,1,0,1,0,0,1,"House.Finch","American.Redstart",0.282051282051282
"1847",1,0,13.6,22.1,0.600000000000001,15.9,5.7,19.6,0.5,5.1,3.5,0.800000000000001,1,0,0,0.447158031342219,3,6,1000,1000,13.24,0,1,0,0,0,0,0,0,1,1,1,0,1,0,0,1,"House.Finch","Northern.Parula",-0.0413675213675214
"1848",1,1,11.3,17.3,3.4,8.8,6.3,15,1.2,4.9,3.2,1,2.4,0,2,0.0579919469776868,2,3,1900,1900,11.475,0,1,0,0,0,0,1,0,1,1,0,0,1,0,0,1,"House.Finch","Black.throated.Blue.Warbler",-0.342905982905983
"1849",1,0,9.6,12.2,1.1,4.59999999999999,0.599999999999998,5.40000000000001,1.2,4.4,3.5,0.4,2.8,1,3,0.0669467896306132,1,3,450,450,9.475,0,1,0,0,0,0,0,0,1,1,1,0,1,0,0,1,"House.Finch","Pine.Warbler",0.452991452991453
"1850",1,0,11.7,15.5,0.199999999999999,6.8,2.4,9.5,0.599999999999998,4.8,3.6,1.4,4.3,1,2,0.447158031342219,1,2,1700,1700,11.8416666666667,0,1,0,0,0,0,0,0,1,1,1,0,1,0,0,1,"House.Finch","Yellow.throated.Warbler",0.329230769230769
"1851",1,0,13.8,17.8,7.5,11.4,10.1,21.7,0.300000000000001,5.3,3.8,1.2,1.2,0,2,0.0299632233774433,1,2,2280,2280,13.575,0,1,0,0,0,0,0,0,1,1,1,0,1,0,0,1,"House.Finch","Prairie.Warbler",0.262905982905983
"1852",1,1,7.7,5.09999999999999,1.7,11.6,6.7,14.8,2.1,0.800000000000001,1.8,4.9,8.6,1,3,0.243038048686294,0,3,1000,1000,7.035,0,1,0,0,0,1,0,0,1,1,1,0,1,0,0,1,"House.Finch","Summer.Tanager",0.163076923076923
"1853",1,1,6.8,2.40000000000001,3.4,10.1,8.3,15.4,2,0,0.6,3.1,8.2,1,2,0.367976785294594,0,4,900,900,8.99166666666667,0,1,0,0,0,1,0,0,1,1,1,1,1,0,0,1,"House.Finch","Scarlet.Tanager",-0.322393162393162
"1854",1,0,21.2,35.6,12,21.9,7,16.3,7.1,4.1,2.7,6.3,7,1,2,0.243038048686294,2,5,1500,1500,22.9083333333333,0,1,1,0,0,0,0,0,0,1,1,0,1,1,0,1,"House.Finch","Northern.Cardinal",0.107692307692308
"1855",1,0,6,1.8,4.6,11.4,1.3,8.89999999999999,2.9,2.7,0.800000000000001,3.9,6.4,1,2,0.0669467896306132,0,1,1000,1000,7.275,0,1,0,0,0,0,0,0,1,1,1,0,1,0,0,0,"House.Finch","Blue.Grosbeak",0.45025641025641
"1856",1,0,6.7,17.3,5,5.5,6.5,12.4,0.199999999999999,2,1.5,0.800000000000001,1.1,1,3,0.234083206033368,2,1,1200,1200,6.075,0,1,1,0,0,0,1,0,1,1,1,0,1,1,1,0,"House.Finch","Indigo.Bunting",0.483760683760684
"1889",0,0,0,0,0,0,0,0,0,0,0,0,0,0,0,0,0,0,0,0,0,0,1,1,1,1,1,1,1,1,1,1,1,1,1,1,1,"American.Goldfinch","American.Goldfinch",1
"1890",2,1,0.600000000000001,7.7,3.4,0.700000000000003,2.8,1.8,2.8,1.4,0.3,1.2,1.6,0,0,0.397940008672037,1,1,2800,2800,0.4,1,0,0,1,0,0,1,0,1,1,1,0,1,0,0,0,"American.Goldfinch","Chipping.Sparrow",0.52
"1891",2,1,11.6,22.1,7.9,7.8,4.8,3,9.5,0,0.8,0.200000000000001,2.1,1,0,0.477121254719662,3,1,0,0,14.5333333333333,0,1,0,0,0,0,1,0,1,1,1,0,1,1,0,0,"American.Goldfinch","White.throated.Sparrow",0.156923076923077
"1892",1,1,27.2,43.4,14,20.5,8,12.5,13.5,1.9,1.2,1.6,3.9,0,1,0.698970004336019,3,1,980,980,28.1666666666667,1,0,0,0,0,0,1,0,0,1,1,0,1,1,0,0,"American.Goldfinch","Eastern.Towhee",0.173333333333333
"1893",0,1,12.1,23.5,6.3,10.2,2.8,6.7,12.6,0,0.5,2.3,4.8,1,2,0,1,2,1100,1100,14.55,1,0,0,0,0,0,1,0,1,1,1,0,0,0,0,1,"American.Goldfinch","Yellow.breasted.Chat",-0.00581196581196581
"1894",2,0,18.7,13.5,7.8,8.2,12.9,20.4,13,1.3,1.6,1.6,4.7,1,0,0.176091259055681,1,1,200,200,23.95,1,0,0,1,0,0,1,0,1,1,1,1,1,0,1,0,"American.Goldfinch","Bobolink",-0.18974358974359
"1895",2,1,6.6,18.9,1.4,5.40000000000001,0.699999999999999,6.5,7.8,1.1,0.100000000000001,3.4,5.8,0,0,0.720159303405957,2,3,100,100,8.25,1,0,0,0,0,0,0,0,1,1,1,0,1,0,0,1,"American.Goldfinch","Orchard.Oriole",0.580854700854701
"1896",2,2,38,40.6,3.6,38.6,8.7,48.2,14.5,2.5,1.3,7.2,11.2,0,3,0.301029995663981,1,0,1500,1500,43.45,1,0,0,1,0,0,1,0,1,1,1,0,1,1,1,0,"American.Goldfinch","Red.winged.Blackbird",0.314188034188034
"1897",2,1,27.5,21.5,5.4,18.5,14.8,35.2,11.2,2.6,1.5,2.9,6.1,2,2,0.301029995663981,1,0,1895,1895,29.8,1,0,0,1,0,0,1,0,1,1,1,0,1,0,0,0,"American.Goldfinch","Brown.headed.Cowbird",0.597948717948718
"1898",1,2,92.4,69.9,1.7,47.9,15.2,63.1,22.1,4.2,3,13.6,21.5,1,0,0.653212513775344,2,2,0,0,94.8,0,1,0,0,0,0,1,0,0,0,0,0,0,0,0,0,"American.Goldfinch","Common.Grackle",0.377094017094017
"1899",2,0,6,2.1,2.7,4.8,0.800000000000001,3.40000000000001,8.8,2.2,0.7,0.700000000000001,3.6,1,1,0,1,2,900,900,7.78333333333333,1,0,0,0,0,0,1,0,1,1,1,0,1,0,0,0,"American.Goldfinch","Ovenbird",0.555555555555555
"1900",2,0,1.9,1.7,2.1,0.599999999999994,2.1,1,3.8,3,1.4,0.800000000000001,2.2,2,2,0.301029995663981,0,2,1500,1500,2.67,1,0,0,0,0,1,1,0,1,1,1,0,1,0,0,1,"American.Goldfinch","Black.and.white.Warbler",0.141880341880342
"1901",2,0,1.5,5.59999999999999,2.4,1.4,1.8,0.899999999999991,4.8,2.4,0.5,2.6,5.6,1,0,0,0,0,300,300,2.3,1,0,0,0,0,1,0,0,1,1,1,0,1,0,0,1,"American.Goldfinch","Prothonotary.Warbler",0.425641025641026
"1902",2,0,3.3,1.1,11.5,6,10.6,15.1,6.7,3,1.3,0.299999999999999,1.2,1,1,0.301029995663981,0,2,3600,3600,1.675,1,0,0,0,0,0,1,0,1,1,1,0,1,0,0,1,"American.Goldfinch","Common.Yellowthroat",0.348376068376068
"1903",2,1,2.3,6.8,6.1,0.599999999999994,5.5,5.09999999999999,5.7,2.7,0.5,0.299999999999999,2.2,1,2,0.1249387366083,0,1,100,100,2.45,1,0,0,0,0,0,1,0,1,1,1,0,1,0,0,1,"American.Goldfinch","Hooded.Warbler",0.290940170940171
"1904",2,0,4.6,4.3,3,2.3,3.5,7.8,3.5,3.3,0.3,1.4,0.800000000000001,1,2,0.176091259055681,1,1,2000,2000,4.675,1,0,0,0,0,0,1,0,1,1,1,0,1,0,0,1,"American.Goldfinch","American.Redstart",0.193162393162393
"1905",2,1,5,4.2,0.5,10.4,3.6,12.2,3.4,3.2,1.2,0.6,0.0999999999999996,0,0,0.0969100130080562,4,3,1500,1500,4.465,1,0,0,0,0,0,0,0,1,1,1,0,1,0,0,1,"American.Goldfinch","Northern.Parula",0.0276923076923077
"1906",2,0,2.7,0.600000000000001,3.5,3.3,4.2,7.59999999999999,5.1,3,0.9,0.799999999999999,1.5,0,2,0.602059991327962,3,0,600,600,2.7,1,0,0,0,0,0,0,0,1,1,0,0,1,0,0,1,"American.Goldfinch","Black.throated.Blue.Warbler",0.0694017094017094
"1907",2,1,1,5.7,1,0.900000000000006,1.5,2,5.1,2.5,1.2,0.199999999999999,1.9,1,3,0.477121254719662,2,0,2050,2050,0.699999999999999,1,0,0,0,0,0,1,0,1,1,1,0,1,0,0,1,"American.Goldfinch","Pine.Warbler",0.461880341880342
"1908",2,1,3.1,2.40000000000001,0.0999999999999979,1.3,0.300000000000001,2.09999999999999,3.3,2.9,1.3,1.6,3.4,1,2,0.0969100130080562,0,1,800,800,3.06666666666666,1,0,0,0,0,0,1,0,1,1,1,0,1,0,0,1,"American.Goldfinch","Yellow.throated.Warbler",0.606837606837607
"1909",2,1,5.2,0.100000000000001,7.6,5.9,8,14.3,4.2,3.4,1.5,0.999999999999999,0.300000000000001,0,2,0.574031267727719,2,1,220,220,4.8,1,0,0,0,0,0,1,0,1,1,1,0,1,0,0,1,"American.Goldfinch","Prairie.Warbler",0.235555555555556
"1910",2,0,16.3,23,1.6,17.1,8.8,22.2,6,2.7,4.1,5.1,7.7,1,3,0.301029995663981,1,0,1500,1500,15.81,1,0,0,0,0,0,1,0,1,1,1,0,1,0,0,1,"American.Goldfinch","Summer.Tanager",0.364786324786325
"1911",2,0,15.4,15.5,3.3,15.6,10.4,22.8,5.9,1.9,2.9,3.3,7.3,1,2,0.176091259055681,1,1,1600,1600,17.7666666666667,1,0,0,0,0,0,1,0,1,1,1,1,1,0,0,1,"American.Goldfinch","Scarlet.Tanager",0.165811965811966
"1912",0,1,29.8,53.5,12.1,27.4,4.9,23.7,11,6,5,6.5,6.1,1,2,0.301029995663981,3,2,1000,1000,31.6833333333333,1,0,1,0,0,0,1,0,0,1,1,0,1,1,0,1,"American.Goldfinch","Northern.Cardinal",0.0885470085470085
"1913",2,1,14.6,16.1,4.7,16.9,0.799999999999997,16.3,6.8,4.6,3.1,4.1,5.5,1,2,0.477121254719662,1,2,1500,1500,16.05,1,0,0,0,0,0,1,0,1,1,1,0,1,0,0,0,"American.Goldfinch","Blue.Grosbeak",0.292307692307692
"1914",2,1,1.9,0.600000000000001,5.1,0,4.4,5,3.7,0.0999999999999996,0.8,0.6,0.199999999999999,1,3,0.778151250383644,3,2,1300,1300,2.7,1,0,1,0,0,0,0,0,1,1,1,0,1,1,1,0,"American.Goldfinch","Indigo.Bunting",0.250598290598291
"1948",0,0,0,0,0,0,0,0,0,0,0,0,0,0,0,0,0,0,0,0,0,0,1,1,1,1,1,1,1,1,1,1,1,1,1,1,1,"Chipping.Sparrow","Chipping.Sparrow",1
"1949",0,0,12.2,14.4,4.5,7.1,2,4.8,6.7,1.4,1.1,1.4,0.5,1,0,0.0791812460476248,2,2,2800,2800,14.1333333333333,1,0,1,0,0,0,1,0,1,1,1,0,1,0,1,0,"Chipping.Sparrow","White.throated.Sparrow",0.23008547008547
"1950",1,0,27.8,35.7,10.6,19.8,5.2,14.3,10.7,3.3,1.5,2.8,2.3,0,1,0.301029995663981,2,0,1820,1820,27.7666666666667,0,1,0,0,0,0,1,0,0,1,1,0,1,0,1,1,"Chipping.Sparrow","Eastern.Towhee",0.0803418803418803
"1951",2,0,12.7,15.8,2.9,9.5,0,8.5,9.8,1.4,0.8,3.5,3.2,1,2,0.397940008672037,0,3,1700,1700,14.15,0,1,1,0,0,0,1,0,1,1,1,1,0,0,0,0,"Chipping.Sparrow","Yellow.breasted.Chat",0.0215384615384615
"1952",0,1,19.3,5.8,11.2,7.5,15.7,22.2,10.2,2.7,1.9,2.8,3.1,1,0,0.221848749616356,0,2,3000,3000,23.55,0,1,0,1,1,1,1,1,1,1,1,0,1,1,0,1,"Chipping.Sparrow","Bobolink",-0.301880341880342
"1953",0,0,7.2,11.2,2,4.7,3.5,8.3,5,0.3,0.4,4.6,4.2,0,0,0.322219294733919,1,2,2900,2900,7.85,0,1,1,0,1,0,0,0,1,1,1,1,1,0,0,0,"Chipping.Sparrow","Orchard.Oriole",0.476923076923077
"1954",0,1,38.6,32.9,0.199999999999999,37.9,11.5,50,11.7,3.9,1.6,8.4,9.6,0,3,0.0969100130080565,0,1,1300,1300,43.05,0,1,0,1,1,1,1,1,1,1,1,1,1,0,0,1,"Chipping.Sparrow","Red.winged.Blackbird",-0.115897435897436
"1955",0,0,28.1,13.8,8.8,17.8,17.6,37,8.4,4,1.8,4.1,4.5,2,2,0.0969100130080565,0,1,905,905,29.4,0,1,0,1,0,1,1,0,1,1,1,1,1,0,0,0,"Chipping.Sparrow","Brown.headed.Cowbird",0.684786324786325
"1956",1,1,93,62.2,1.7,47.2,18,64.9,19.3,5.6,3.3,14.8,19.9,1,0,0.255272505103306,1,1,2800,2800,94.4,1,0,1,0,0,0,1,0,0,0,0,1,0,0,1,0,"Chipping.Sparrow","Common.Grackle",0.294358974358974
"1957",0,1,6.6,5.6,0.699999999999999,4.1,2,5.2,6,0.800000000000001,0.4,1.9,2,1,1,0.397940008672037,0,3,1900,1900,7.38333333333333,0,1,0,0,0,1,1,0,1,1,1,1,1,0,0,0,"Chipping.Sparrow","Ovenbird",0.626666666666666
"1958",0,1,1.3,9.4,1.3,1.3,0.699999999999999,0.799999999999997,1,1.6,1.1,2,0.6,2,2,0.698970004336019,1,3,1300,1300,3.07,0,1,1,0,0,0,1,0,1,1,1,1,1,0,0,0,"Chipping.Sparrow","Black.and.white.Warbler",0.231452991452991
"1959",0,1,2.1,13.3,5.8,2.1,4.6,0.900000000000006,2,1,0.2,3.8,4,1,0,0.397940008672037,1,1,2500,2500,1.9,0,1,1,0,0,0,0,0,1,1,1,1,1,0,0,0,"Chipping.Sparrow","Prothonotary.Warbler",0.474188034188034
"1960",0,1,2.7,6.6,8.1,6.7,7.8,13.3,3.9,1.6,1,0.9,0.4,1,1,0.698970004336019,1,3,800,800,2.075,0,1,0,0,0,1,1,0,1,1,1,1,1,0,0,0,"Chipping.Sparrow","Common.Yellowthroat",0.13982905982906
"1961",0,0,1.7,0.899999999999999,2.7,1.3,2.7,3.3,2.9,1.3,0.2,0.9,0.6,1,2,0.522878745280338,1,2,2700,2700,2.85,0,1,1,0,0,1,1,0,1,1,1,1,1,0,0,0,"Chipping.Sparrow","Hooded.Warbler",0.353162393162393
"1962",0,1,4,3.4,0.400000000000002,3,0.700000000000001,6,0.699999999999999,1.9,0,0.2,0.799999999999999,1,2,0.221848749616356,0,2,800,800,5.075,0,1,1,0,0,0,1,0,1,1,1,1,1,0,0,0,"Chipping.Sparrow","American.Redstart",0.312136752136752
"1963",0,0,4.4,11.9,3.9,11.1,0.800000000000001,10.4,0.599999999999998,1.8,0.9,0.6,1.5,0,0,0.301029995663981,3,4,1300,1300,4.865,0,1,0,0,0,0,0,0,1,1,1,0,1,0,0,0,"Chipping.Sparrow","Northern.Parula",-0.00376068376068376
"1964",0,1,2.1,7.1,0.0999999999999979,4,1.4,5.8,2.3,1.6,0.6,0.4,0.0999999999999996,0,2,0.204119982655925,2,1,2200,2200,3.1,0,1,1,0,0,0,0,0,1,1,0,1,1,0,0,0,"Chipping.Sparrow","Black.throated.Blue.Warbler",-0.161709401709402
"1965",0,0,0.399999999999999,2,4.4,0.200000000000003,4.3,3.8,2.3,1.1,0.9,1,0.300000000000001,1,3,0.0791812460476248,1,1,750,750,1.1,0,1,0,0,0,0,1,0,1,1,1,1,1,0,0,0,"Chipping.Sparrow","Pine.Warbler",0.722393162393162
"1966",0,0,2.5,5.3,3.5,2,2.5,0.299999999999997,0.5,1.5,1,2.8,1.8,1,2,0.301029995663981,1,0,2000,2000,3.46666666666666,0,1,0,0,0,1,1,0,1,1,1,1,1,0,0,0,"Chipping.Sparrow","Yellow.throated.Warbler",0.565811965811966
"1967",0,0,4.6,7.6,4.2,6.6,5.2,12.5,1.4,2,1.2,0.2,1.3,0,2,0.176091259055681,1,0,2580,2580,5.2,0,1,1,0,0,0,1,0,1,1,1,0,1,0,0,0,"Chipping.Sparrow","Prairie.Warbler",0.440683760683761
"1968",0,1,16.9,15.3,5,16.4,11.6,24,3.2,4.1,4.4,6.3,6.1,1,3,0.0969100130080565,0,1,1300,1300,15.41,0,1,0,0,0,0,1,0,1,1,1,1,1,0,0,0,"Chipping.Sparrow","Summer.Tanager",0.356581196581197
"1969",0,1,16,7.8,6.7,14.9,13.2,24.6,3.1,3.3,3.2,4.5,5.7,1,2,0.221848749616356,0,2,1200,1200,17.3666666666667,0,1,0,0,0,0,1,0,1,1,1,0,1,0,0,0,"Chipping.Sparrow","Scarlet.Tanager",0.306666666666667
"1970",2,0,30.4,45.8,8.7,26.7,2.1,25.5,8.2,7.4,5.3,7.7,4.5,1,2,0.0969100130080565,2,3,1800,1800,31.2833333333333,0,1,0,0,0,0,1,0,0,1,1,0,1,0,1,0,"Chipping.Sparrow","Northern.Cardinal",0.498119658119658
"1971",0,0,15.2,8.40000000000001,1.3,16.2,3.6,18.1,4,6,3.4,5.3,3.9,1,2,0.0791812460476248,0,1,1300,1300,15.65,0,1,1,0,0,1,1,0,1,1,1,1,1,0,0,1,"Chipping.Sparrow","Blue.Grosbeak",0.164444444444444
"1972",0,0,2.5,7.1,1.7,0.700000000000003,1.6,3.2,0.899999999999999,1.3,1.1,0.6,1.4,1,3,0.380211241711606,2,1,1500,1500,2.3,0,1,0,0,0,0,0,0,1,1,1,0,1,0,0,0,"Chipping.Sparrow","Indigo.Bunting",0.151452991452991
"2007",0,0,0,0,0,0,0,0,0,0,0,0,0,0,0,0,0,0,0,0,0,0,1,1,1,1,1,1,1,1,1,1,1,1,1,1,1,"White.throated.Sparrow","White.throated.Sparrow",1
"2008",1,0,15.6,21.3,6.1,12.7,3.2,9.5,4,1.9,0.4,1.4,1.8,1,1,0.221848749616356,0,2,980,980,13.6333333333333,1,0,0,0,0,1,1,0,0,1,1,1,1,1,1,0,"White.throated.Sparrow","Eastern.Towhee",-0.272478632478632
"2009",2,0,0.5,1.39999999999999,1.6,2.4,2,3.7,3.1,0,0.3,2.1,2.7,2,2,0.477121254719662,2,1,1100,1100,0.0166666666666657,1,0,1,0,0,0,1,0,1,1,1,0,0,0,0,0,"White.throated.Sparrow","Yellow.breasted.Chat",-0.557606837606837
"2010",0,1,7.1,8.60000000000001,15.7,0.399999999999999,17.7,17.4,3.5,1.3,0.800000000000001,1.4,2.6,0,0,0.301029995663981,2,0,200,200,9.41666666666666,1,0,0,0,0,0,1,0,1,1,1,0,1,0,0,0,"White.throated.Sparrow","Bobolink",-0.376410256410256
"2011",0,0,5,3.2,6.5,2.4,5.5,3.5,1.7,1.1,0.699999999999999,3.2,3.7,1,0,0.243038048686295,1,4,100,100,6.28333333333333,1,0,1,0,0,0,0,0,1,1,1,0,1,0,0,0,"White.throated.Sparrow","Orchard.Oriole",0.206153846153846
"2012",0,1,26.4,18.5,4.3,30.8,13.5,45.2,5,2.5,0.5,7,9.1,1,3,0.176091259055681,2,1,1500,1500,28.9166666666667,1,0,0,0,0,0,1,0,1,1,1,0,1,1,0,0,"White.throated.Sparrow","Red.winged.Blackbird",-0.0988034188034188
"2013",0,0,15.9,0.600000000000009,13.3,10.7,19.6,32.2,1.7,2.6,0.7,2.7,4,3,2,0.176091259055681,2,1,1895,1895,15.2666666666667,1,0,0,0,0,0,1,0,1,1,1,0,1,0,0,1,"White.throated.Sparrow","Brown.headed.Cowbird",0.0748717948717949
"2014",1,1,80.8,47.8,6.2,40.1,20,60.1,12.6,4.2,2.2,13.4,19.4,0,0,0.176091259055681,1,3,0,0,80.2666666666667,0,1,1,0,0,0,1,0,0,0,0,0,0,0,1,1,"White.throated.Sparrow","Common.Grackle",0.0235897435897436
"2015",0,1,5.6,20,5.2,3,4,0.400000000000006,0.699999999999999,2.2,1.5,0.5,1.5,2,1,0.477121254719662,2,1,900,900,6.75,1,0,0,0,0,0,1,0,1,1,1,0,1,0,0,1,"White.throated.Sparrow","Ovenbird",0.0564102564102564
"2016",0,1,13.5,23.8,5.8,8.4,2.7,4,5.7,3,2.2,0.6,0.0999999999999996,3,2,0.778151250383644,3,1,1500,1500,17.2033333333333,1,0,1,0,0,0,1,0,1,1,1,0,1,0,0,0,"White.throated.Sparrow","Black.and.white.Warbler",0.386666666666667
"2017",0,1,10.1,27.7,10.3,9.2,6.6,3.89999999999999,4.7,2.4,1.3,2.4,3.5,2,0,0.477121254719662,3,1,300,300,12.2333333333333,1,0,1,0,0,0,0,0,1,1,1,0,1,0,0,0,"White.throated.Sparrow","Prothonotary.Warbler",0.396923076923077
"2018",0,1,14.9,21,3.6,13.8,5.8,18.1,2.8,3,2.1,0.5,0.9,0,1,0.778151250383644,3,1,3600,3600,16.2083333333333,1,0,0,0,0,0,1,0,1,1,1,0,1,0,0,0,"White.throated.Sparrow","Common.Yellowthroat",0.272478632478632
"2019",0,0,13.9,15.3,1.8,8.4,0.700000000000001,8.09999999999999,3.8,2.7,1.3,0.5,0.0999999999999996,0,2,0.602059991327962,3,0,100,100,16.9833333333333,1,0,1,0,0,0,1,0,1,1,1,0,1,0,0,0,"White.throated.Sparrow","Hooded.Warbler",0.212307692307692
"2020",0,1,16.2,17.8,4.9,10.1,1.3,10.8,6,3.3,1.1,1.6,1.3,0,2,0.301029995663981,2,0,2000,2000,19.2083333333333,1,0,1,0,0,1,1,0,1,1,1,0,1,0,0,0,"White.throated.Sparrow","American.Redstart",-0.0598290598290598
"2021",0,0,16.6,26.3,8.4,18.2,1.2,15.2,6.1,3.2,2,0.800000000000001,2,1,0,0.380211241711606,1,2,1500,1500,18.9983333333333,1,0,0,0,0,0,0,0,1,1,1,1,1,0,0,0,"White.throated.Sparrow","Northern.Parula",0.0687179487179487
"2022",0,1,14.3,21.5,4.4,11.1,0.6,10.6,4.4,3,1.7,1,0.6,1,2,0.1249387366083,0,1,600,600,17.2333333333333,1,0,1,0,0,0,0,0,1,1,0,0,1,0,0,0,"White.throated.Sparrow","Black.throated.Blue.Warbler",0.26974358974359
"2023",0,0,12.6,16.4,8.9,6.9,6.3,1,4.4,2.5,2,0.4,0.199999999999999,2,3,0,1,1,2050,2050,15.2333333333333,1,0,0,0,0,0,1,0,1,1,1,0,1,0,0,0,"White.throated.Sparrow","Pine.Warbler",0.154188034188034
"2024",0,0,14.7,19.7,8,9.1,4.5,5.09999999999999,6.2,2.9,2.1,1.4,1.3,2,2,0.380211241711606,3,2,800,800,17.6,1,0,0,0,0,0,1,0,1,1,1,0,1,0,0,0,"White.throated.Sparrow","Yellow.throated.Warbler",0.161025641025641
"2025",0,0,16.8,22,0.300000000000001,13.7,3.2,17.3,5.3,3.4,2.3,1.2,1.8,1,2,0.0969100130080565,1,2,220,220,19.3333333333333,1,0,1,0,0,0,1,0,1,1,1,1,1,0,0,0,"White.throated.Sparrow","Prairie.Warbler",0.000341880341880342
"2026",0,1,4.7,0.899999999999991,9.5,9.3,13.6,19.2,3.5,2.7,3.3,4.9,5.6,2,3,0.176091259055681,2,1,1500,1500,1.27666666666667,1,0,0,0,0,1,1,0,1,1,1,0,1,0,0,0,"White.throated.Sparrow","Summer.Tanager",0.00786324786324786
"2027",0,1,3.8,6.60000000000001,11.2,7.8,15.2,19.8,3.6,1.9,2.1,3.1,5.2,2,2,0.301029995663981,2,0,1600,1600,3.23333333333333,1,0,0,0,0,1,1,0,1,1,1,0,1,0,0,0,"White.throated.Sparrow","Scarlet.Tanager",0.271111111111111
"2028",2,0,18.2,31.4,4.2,19.6,0.100000000000001,20.7,1.5,6,4.2,6.3,4,0,2,0.176091259055681,0,1,1000,1000,17.15,1,0,0,0,0,0,1,0,0,1,1,0,1,1,1,0,"White.throated.Sparrow","Northern.Cardinal",-0.102905982905983
"2029",0,0,3,6,3.2,9.1,5.6,13.3,2.7,4.6,2.3,3.9,3.4,2,2,0,2,3,1500,1500,1.51666666666667,1,0,1,0,0,0,1,1,1,1,1,0,1,0,0,0,"White.throated.Sparrow","Blue.Grosbeak",-0.241025641025641
"2030",0,0,9.7,21.5,2.8,7.8,0.399999999999999,8,5.8,0.0999999999999996,0,0.800000000000001,1.9,2,3,0.301029995663981,0,3,1300,1300,11.8333333333333,1,0,0,0,0,0,0,0,1,1,1,1,1,1,0,1,"White.throated.Sparrow","Indigo.Bunting",-0.0188034188034188
"2066",0,0,0,0,0,0,0,0,0,0,0,0,0,0,0,0,0,0,0,0,0,0,1,1,1,1,1,1,1,1,1,1,1,1,1,1,1,"Eastern.Towhee","Eastern.Towhee",1
"2067",1,0,15.1,19.9,7.7,10.3,5.2,5.8,0.899999999999999,1.9,0.7,0.699999999999999,0.9,1,1,0.698970004336019,2,3,120,120,13.6166666666667,0,1,0,0,0,0,1,0,0,1,1,0,0,0,0,0,"Eastern.Towhee","Yellow.breasted.Chat",0.29982905982906
"2068",1,1,8.5,29.9,21.8,12.3,20.9,7.90000000000001,0.5,0.6,0.4,0,0.799999999999999,1,1,0.522878745280338,2,2,1180,1180,4.21666666666667,0,1,0,0,0,0,1,0,0,1,1,0,1,0,0,1,"Eastern.Towhee","Bobolink",0.16034188034188
"2069",1,0,20.6,24.5,12.6,15.1,8.7,6,5.7,3,1.1,1.8,1.9,0,1,0.0211892990699382,1,2,1080,1080,19.9166666666667,0,1,0,1,0,0,0,0,0,1,1,0,1,0,0,0,"Eastern.Towhee","Orchard.Oriole",-0.0427350427350427
"2070",1,1,10.8,2.8,10.4,18.1,16.7,35.7,1,0.600000000000001,0.0999999999999996,5.6,7.3,0,2,0.397940008672038,2,1,520,520,15.2833333333333,0,1,0,0,0,0,1,0,0,1,1,0,1,1,0,1,"Eastern.Towhee","Red.winged.Blackbird",-0.141196581196581
"2071",1,0,0.299999999999997,21.9,19.4,2,22.8,22.7,2.3,0.700000000000001,0.3,1.3,2.2,2,1,0.397940008672038,2,1,915,915,1.63333333333333,0,1,0,0,0,0,1,0,0,1,1,0,1,0,0,0,"Eastern.Towhee","Brown.headed.Cowbird",-0.0694017094017094
"2072",0,1,65.2,26.5,12.3,27.4,23.2,50.6,8.6,2.3,1.8,12,17.6,1,1,0.045757490560675,1,1,980,980,66.6333333333333,1,0,0,1,1,0,1,1,1,0,0,0,0,0,1,0,"Eastern.Towhee","Common.Grackle",-0.403760683760684
"2073",1,1,21.2,41.3,11.3,15.7,7.2,9.09999999999999,4.7,4.1,1.9,0.9,0.300000000000001,1,0,0.698970004336019,2,3,80,80,20.3833333333333,0,1,1,0,0,0,1,0,0,1,1,0,1,0,0,0,"Eastern.Towhee","Ovenbird",0.0803418803418803
"2074",1,1,29.1,45.1,11.9,21.1,5.9,13.5,9.7,4.9,2.6,0.800000000000001,1.7,2,1,1,3,3,520,520,30.8366666666667,0,1,0,0,0,0,1,0,0,1,1,0,1,0,0,0,"Eastern.Towhee","Black.and.white.Warbler",0.0543589743589744
"2075",1,1,25.7,49,16.4,21.9,9.8,13.4,8.7,4.3,1.7,1,1.7,1,1,0.698970004336019,3,1,680,680,25.8666666666667,0,1,0,0,0,0,0,0,0,1,1,0,1,0,0,0,"Eastern.Towhee","Prothonotary.Warbler",0.15008547008547
"2076",1,1,30.5,42.3,2.5,26.5,2.6,27.6,6.8,4.9,2.5,1.9,2.7,1,0,1,3,3,2620,2620,29.8416666666667,0,1,0,0,0,0,1,0,0,1,1,0,1,0,0,0,"Eastern.Towhee","Common.Yellowthroat",0.0352136752136752
"2077",1,0,29.5,36.6,7.9,21.1,2.5,17.6,7.8,4.6,1.7,1.9,1.7,1,1,0.823908740944319,3,2,880,880,30.6166666666667,0,1,0,0,0,0,1,0,0,1,1,0,1,0,0,0,"Eastern.Towhee","Hooded.Warbler",0.347692307692308
"2078",1,1,31.8,39.1,11,22.8,4.5,20.3,10,5.2,1.5,3,3.1,1,1,0.522878745280338,2,2,1020,1020,32.8416666666667,0,1,0,0,0,1,1,0,0,1,1,0,1,0,0,0,"Eastern.Towhee","American.Redstart",0.0926495726495726
"2079",1,0,32.2,47.6,14.5,30.9,4.4,24.7,10.1,5.1,2.4,2.2,3.8,0,1,0.602059991327962,1,4,520,520,32.6316666666667,0,1,1,0,0,0,0,0,0,1,1,1,1,0,0,0,"Eastern.Towhee","Northern.Parula",0.32991452991453
"2080",1,1,29.9,42.8,10.5,23.8,3.8,20.1,8.4,4.9,2.1,2.4,2.4,0,1,0.0969100130080564,0,1,380,380,30.8666666666667,0,1,0,0,0,0,0,0,0,1,0,0,1,0,0,0,"Eastern.Towhee","Black.throated.Blue.Warbler",-0.274529914529914
"2081",1,0,28.2,37.7,15,19.6,9.5,10.5,8.4,4.4,2.4,1.8,2,1,2,0.221848749616356,1,1,1070,1070,28.8666666666667,0,1,1,0,0,0,1,0,0,1,1,0,1,0,0,0,"Eastern.Towhee","Pine.Warbler",0.19042735042735
"2082",1,0,30.3,41,14.1,21.8,7.7,14.6,10.2,4.8,2.5,0,0.5,1,1,0.602059991327962,3,0,180,180,31.2333333333333,0,1,1,0,0,0,1,0,0,1,1,0,1,0,0,0,"Eastern.Towhee","Yellow.throated.Warbler",0.0201709401709402
"2083",1,0,32.4,43.3,6.4,26.4,0,26.8,9.3,5.3,2.7,2.6,3.6,0,1,0.1249387366083,1,0,760,760,32.9666666666667,0,1,0,0,0,0,1,0,0,1,1,1,1,0,0,0,"Eastern.Towhee","Prairie.Warbler",0.232820512820513
"2084",1,1,10.9,20.4,15.6,3.39999999999999,16.8,9.7,7.5,0.800000000000001,2.9,3.5,3.8,1,2,0.397940008672038,2,1,520,520,12.3566666666667,0,1,1,0,0,1,1,0,0,1,1,0,1,0,0,0,"Eastern.Towhee","Summer.Tanager",0.278632478632479
"2085",1,1,11.8,27.9,17.3,4.89999999999999,18.4,10.3,7.6,0,1.7,1.7,3.4,1,1,0.522878745280338,2,2,620,620,10.4,0,1,1,0,0,1,1,0,0,1,1,0,1,0,0,0,"Eastern.Towhee","Scarlet.Tanager",0.254700854700855
"2086",1,0,2.6,10.1,1.9,6.90000000000001,3.1,11.2,2.5,4.1,3.8,4.9,2.2,1,1,0.397940008672038,0,3,20,20,3.51666666666667,0,1,0,1,0,0,1,0,1,1,1,0,1,1,1,0,"Eastern.Towhee","Northern.Cardinal",0.420854700854701
"2087",1,0,12.6,27.3,9.3,3.59999999999999,8.8,3.8,6.7,2.7,1.9,2.5,1.6,1,1,0.221848749616356,2,1,520,520,12.1166666666667,0,1,0,1,0,0,1,0,0,1,1,0,1,0,0,1,"Eastern.Towhee","Blue.Grosbeak",0.176752136752137
"2088",1,0,25.3,42.8,8.9,20.5,3.6,17.5,9.8,2,0.4,2.2,3.7,1,2,0.0791812460476249,0,1,320,320,25.4666666666667,0,1,0,1,1,0,0,0,0,1,1,1,1,1,0,0,"Eastern.Towhee","Indigo.Bunting",0.329230769230769
"2125",0,0,0,0,0,0,0,0,0,0,0,0,0,0,0,0,0,0,0,0,0,0,1,1,1,1,1,1,1,1,1,1,1,1,1,1,1,"Yellow.breasted.Chat","Yellow.breasted.Chat",1
"2126",2,1,6.6,10,14.1,2,15.7,13.7,0.399999999999999,1.3,1.1,0.699999999999999,0.100000000000001,2,2,0.176091259055681,0,1,1300,1300,9.4,0,1,0,0,0,0,1,0,1,1,1,0,0,0,0,0,"Yellow.breasted.Chat","Bobolink",0.277948717948718
"2127",2,0,5.5,4.59999999999999,4.9,4.8,3.5,0.200000000000003,4.8,1.1,0.399999999999999,1.1,1,1,2,0.720159303405957,1,5,1200,1200,6.3,0,1,1,0,0,0,0,0,1,1,1,1,0,1,1,1,"Yellow.breasted.Chat","Orchard.Oriole",0.0222222222222222
"2128",2,1,25.9,17.1,2.7,28.4,11.5,41.5,1.9,2.5,0.8,4.9,6.4,1,1,0.301029995663981,0,2,400,400,28.9,0,1,0,0,0,0,1,0,1,1,1,1,0,0,0,0,"Yellow.breasted.Chat","Red.winged.Blackbird",-0.0728205128205128
"2129",2,0,15.4,2,11.7,8.3,17.6,28.5,1.4,2.6,1,0.6,1.3,1,0,0.301029995663981,0,2,795,795,15.25,0,1,0,0,0,0,1,0,1,1,1,1,0,1,1,0,"Yellow.breasted.Chat","Brown.headed.Cowbird",0.167863247863248
"2130",1,1,80.3,46.4,4.6,37.7,18,56.4,9.5,4.2,2.5,11.3,16.7,2,2,0.653212513775344,1,4,1100,1100,80.25,1,0,1,0,0,1,1,0,0,0,0,1,1,1,0,0,"Yellow.breasted.Chat","Common.Grackle",-0.136410256410256
"2131",2,1,6.1,21.4,3.6,5.4,2,3.3,3.8,2.2,1.2,1.6,1.2,0,1,0,0,0,200,200,6.76666666666667,0,1,0,1,0,0,1,0,1,1,1,1,0,1,1,0,"Yellow.breasted.Chat","Ovenbird",0.0639316239316239
"2132",2,1,14,25.2,4.2,10.8,0.699999999999999,7.7,8.8,3,1.9,1.5,2.6,1,0,0.301029995663981,1,0,400,400,17.22,0,1,1,1,0,0,1,1,1,1,1,1,0,1,1,1,"Yellow.breasted.Chat","Black.and.white.Warbler",-0.373675213675214
"2133",2,1,10.6,29.1,8.7,11.6,4.6,7.59999999999999,7.8,2.4,1,0.300000000000001,0.800000000000001,0,2,0,1,2,800,800,12.25,0,1,1,1,0,0,0,0,1,1,1,1,0,1,1,1,"Yellow.breasted.Chat","Prothonotary.Warbler",-0.171965811965812
"2134",2,1,15.4,22.4,5.2,16.2,7.8,21.8,5.9,3,1.8,2.6,3.6,2,1,0.301029995663981,1,0,2500,2500,16.225,0,1,0,1,0,0,1,0,1,1,1,1,0,1,1,1,"Yellow.breasted.Chat","Common.Yellowthroat",-0.186324786324786
"2135",2,0,14.4,16.7,0.199999999999999,10.8,2.7,11.8,6.9,2.7,1,2.6,2.6,2,0,0.1249387366083,1,1,1000,1000,17,0,1,1,1,0,0,1,1,1,1,1,1,0,1,1,1,"Yellow.breasted.Chat","Hooded.Warbler",0.18974358974359
"2136",2,1,16.7,19.2,3.3,12.5,0.700000000000001,14.5,9.1,3.3,0.8,3.7,4,2,0,0.176091259055681,0,1,900,900,19.225,0,1,1,1,0,0,1,1,1,1,1,1,0,1,1,1,"Yellow.breasted.Chat","American.Redstart",-0.0967521367521367
"2137",2,0,17.1,27.7,6.8,20.6,0.800000000000001,18.9,9.2,3.2,1.7,2.9,4.7,1,2,0.0969100130080562,3,1,400,400,19.015,0,1,0,1,0,0,0,0,1,1,1,0,0,1,1,1,"Yellow.breasted.Chat","Northern.Parula",-0.0256410256410256
"2138",2,1,14.8,22.9,2.8,13.5,1.4,14.3,7.5,3,1.4,3.1,3.3,1,0,0.602059991327962,2,2,500,500,17.25,0,1,1,1,1,0,0,0,1,1,0,1,0,1,1,1,"Yellow.breasted.Chat","Black.throated.Blue.Warbler",-0.446153846153846
"2139",2,0,13.1,17.8,7.3,9.3,4.3,4.7,7.5,2.5,1.7,2.5,2.9,0,1,0.477121254719662,1,2,950,950,15.25,0,1,0,1,0,0,1,0,1,1,1,1,0,1,1,1,"Yellow.breasted.Chat","Pine.Warbler",0.154188034188034
"2140",2,0,15.2,21.1,6.4,11.5,2.5,8.8,9.3,2.9,1.8,0.699999999999999,1.4,0,0,0.0969100130080562,1,3,300,300,17.6166666666667,0,1,0,1,0,0,1,1,1,1,1,1,0,1,1,1,"Yellow.breasted.Chat","Yellow.throated.Warbler",0.0646153846153846
"2141",2,0,17.3,23.4,1.3,16.1,5.2,21,8.4,3.4,2,3.3,4.5,1,0,0.574031267727719,1,3,880,880,19.35,0,1,1,1,0,0,1,1,1,1,1,0,0,1,1,1,"Yellow.breasted.Chat","Prairie.Warbler",0.385982905982906
"2142",2,1,4.2,0.5,7.9,6.90000000000001,11.6,15.5,6.6,2.7,3.6,2.8,2.9,0,1,0.301029995663981,0,2,400,400,1.26,0,1,0,1,0,0,1,1,1,1,1,1,0,1,1,1,"Yellow.breasted.Chat","Summer.Tanager",0.219145299145299
"2143",2,1,3.3,8,9.6,5.40000000000001,13.2,16.1,6.7,1.9,2.4,1,2.5,0,0,0.176091259055681,0,1,500,500,3.21666666666667,0,1,0,1,0,0,1,1,1,1,1,0,0,1,1,1,"Yellow.breasted.Chat","Scarlet.Tanager",0.119316239316239
"2144",0,0,17.7,30,5.8,17.2,2.1,17,1.6,6,4.5,4.2,1.3,2,0,0.301029995663981,2,0,100,100,17.1333333333333,0,1,0,0,0,0,1,0,0,1,1,0,0,0,0,1,"Yellow.breasted.Chat","Northern.Cardinal",0.381880341880342
"2145",2,0,2.5,7.39999999999999,1.6,6.7,3.6,9.59999999999999,5.8,4.6,2.6,1.8,0.699999999999999,0,0,0.477121254719662,0,4,400,400,1.5,0,1,1,0,0,0,1,0,1,1,1,1,0,1,1,0,"Yellow.breasted.Chat","Blue.Grosbeak",0.70051282051282
"2146",2,0,10.2,22.9,1.2,10.2,1.6,11.7,8.9,0.0999999999999996,0.3,2.9,4.6,0,1,0.778151250383644,2,4,200,200,11.85,0,1,0,0,0,1,0,0,1,1,1,0,0,0,0,0,"Yellow.breasted.Chat","Indigo.Bunting",0.495384615384615
"2184",0,0,0,0,0,0,0,0,0,0,0,0,0,0,0,0,0,0,0,0,0,0,1,1,1,1,1,1,1,1,1,1,1,1,1,1,1,"Bobolink","Bobolink",1
"2185",0,1,12.1,5.40000000000001,9.2,2.8,12.2,13.9,5.2,2.4,1.5,1.8,1.1,1,0,0.544068044350276,1,4,100,100,15.7,0,1,0,0,1,0,0,0,1,1,1,0,1,0,0,0,"Bobolink","Orchard.Oriole",-0.419487179487179
"2186",0,2,19.3,27.1,11.4,30.4,4.2,27.8,1.5,1.2,0.300000000000001,5.6,6.5,1,3,0.1249387366083,0,1,1700,1700,19.5,0,1,0,1,1,1,1,1,1,1,1,0,1,0,1,1,"Bobolink","Red.winged.Blackbird",-0.117948717948718
"2187",0,1,8.8,8,2.4,10.3,1.9,14.8,1.8,1.3,0.100000000000001,1.3,1.4,3,2,0.1249387366083,0,1,2095,2095,5.85,0,1,1,1,0,1,1,0,1,1,1,0,1,0,0,0,"Bobolink","Brown.headed.Cowbird",-0.155555555555556
"2188",1,2,73.7,56.4,9.5,39.7,2.3,42.7,9.1,2.9,1.4,12,16.8,0,0,0.477121254719662,1,3,200,200,70.85,1,0,0,0,0,0,1,0,0,0,0,0,0,0,0,0,"Bobolink","Common.Grackle",0.0666666666666667
"2189",0,0,12.7,11.4,10.5,3.4,13.7,17,4.2,3.5,2.3,0.9,1.1,2,1,0.176091259055681,0,1,1100,1100,16.1666666666667,0,1,0,0,0,1,1,0,1,1,1,0,1,0,0,0,"Bobolink","Ovenbird",-0.295042735042735
"2190",0,0,20.6,15.2,9.9,8.8,15,21.4,9.2,4.3,3,0.800000000000001,2.5,3,2,0.477121254719662,1,1,1700,1700,26.62,0,1,0,0,0,0,1,0,1,1,1,0,1,0,0,0,"Bobolink","Black.and.white.Warbler",-0.18974358974359
"2191",0,0,17.2,19.1,5.4,9.6,11.1,21.3,8.2,3.7,2.1,1,0.900000000000002,2,0,0.176091259055681,1,1,500,500,21.65,0,1,0,0,0,0,0,0,1,1,1,0,1,0,0,0,"Bobolink","Prothonotary.Warbler",-0.130940170940171
"2192",0,0,22,12.4,19.3,14.2,23.5,35.5,6.3,4.3,2.9,1.9,3.5,0,1,0.477121254719662,1,1,3800,3800,25.625,0,1,0,0,0,1,1,0,1,1,1,0,1,0,0,0,"Bobolink","Common.Yellowthroat",-0.122051282051282
"2193",0,1,21,6.7,13.9,8.8,18.4,25.5,7.3,4,2.1,1.9,2.5,0,2,0.301029995663981,1,0,300,300,26.4,0,1,0,0,0,1,1,0,1,1,1,0,1,0,0,0,"Bobolink","Hooded.Warbler",-0.23965811965812
"2194",0,0,23.3,9.2,10.8,10.5,16.4,28.2,9.5,4.6,1.9,3,3.9,0,2,0,0,0,2200,2200,28.625,0,1,0,0,0,0,1,0,1,1,1,0,1,0,0,0,"Bobolink","American.Redstart",-0.065982905982906
"2195",0,1,23.7,17.7,7.3,18.6,16.5,32.6,9.6,4.5,2.8,2.2,4.6,1,0,0.0791812460476249,3,2,1700,1700,28.415,0,1,0,0,0,0,0,0,1,1,1,0,1,0,0,0,"Bobolink","Northern.Parula",-0.0905982905982906
"2196",0,0,21.4,12.9,11.3,11.5,17.1,28,7.9,4.3,2.5,2.4,3.2,1,2,0.425968732272281,2,1,800,800,26.65,0,1,0,0,0,0,0,0,1,1,0,0,1,0,0,0,"Bobolink","Black.throated.Blue.Warbler",0.0707692307692308
"2197",0,1,19.7,7.8,6.8,7.3,11.4,18.4,7.9,3.8,2.8,1.8,2.8,2,3,0.301029995663981,1,1,2250,2250,24.65,0,1,0,0,0,0,1,0,1,1,1,0,1,0,0,0,"Bobolink","Pine.Warbler",-0.264957264957265
"2198",0,1,21.8,11.1,7.7,9.5,13.2,22.5,9.7,4.2,2.9,0,1.3,2,2,0.0791812460476249,1,2,1000,1000,27.0166666666667,0,1,0,0,0,1,1,0,1,1,1,0,1,0,0,0,"Bobolink","Yellow.throated.Warbler",-0.507692307692308
"2199",0,1,23.9,13.4,15.4,14.1,20.9,34.7,8.8,4.7,3.1,2.6,4.4,1,2,0.397940008672038,1,2,420,420,28.75,0,1,0,0,0,0,1,0,1,1,1,0,1,0,0,0,"Bobolink","Prairie.Warbler",-0.325811965811966
"2200",0,0,2.4,9.5,6.2,8.90000000000001,4.1,1.8,7,1.4,2.5,3.5,3,2,3,0.1249387366083,0,1,1700,1700,8.14,0,1,0,0,0,0,1,0,1,1,1,0,1,0,0,0,"Bobolink","Summer.Tanager",-0.416752136752137
"2201",0,0,3.3,2,4.5,7.40000000000001,2.5,2.39999999999999,7.1,0.6,1.3,1.7,2.6,2,2,0,0,0,1800,1800,6.18333333333333,0,1,0,0,0,0,1,0,1,1,1,1,1,0,0,0,"Bobolink","Scarlet.Tanager",-0.0181196581196581
"2202",2,1,11.1,40,19.9,19.2,17.8,3.3,2,4.7,3.4,4.9,1.4,0,2,0.1249387366083,2,1,1200,1200,7.73333333333333,0,1,0,0,0,0,1,0,0,1,1,0,1,0,0,0,"Bobolink","Northern.Cardinal",0.0160683760683761
"2203",0,1,4.1,2.60000000000001,12.5,8.7,12.1,4.10000000000001,6.2,3.3,1.5,2.5,0.800000000000001,2,2,0.301029995663981,0,3,1700,1700,7.9,0,1,0,0,0,1,1,0,1,1,1,0,1,0,0,1,"Bobolink","Blue.Grosbeak",0.197948717948718
"2204",0,1,16.8,12.9,12.9,8.2,17.3,25.4,9.3,1.4,0.800000000000001,2.2,4.5,2,3,0.602059991327962,2,3,1500,1500,21.25,0,1,0,0,0,0,0,0,1,1,1,0,1,0,1,0,"Bobolink","Indigo.Bunting",0.0892307692307692
"2243",0,0,0,0,0,0,0,0,0,0,0,0,0,0,0,0,0,0,0,0,0,0,1,1,1,1,1,1,1,1,1,1,1,1,1,1,1,"Orchard.Oriole","Orchard.Oriole",1
"2244",0,1,31.4,21.7,2.2,33.2,8,41.7,6.7,3.6,1.2,3.8,5.4,0,3,0.419129307741976,1,3,1600,1600,35.2,0,1,0,0,1,0,0,0,1,1,1,1,1,0,0,0,"Orchard.Oriole","Red.winged.Blackbird",0.254700854700855
"2245",0,0,20.9,2.59999999999999,6.8,13.1,14.1,28.7,3.4,3.7,1.4,0.5,0.300000000000001,2,2,0.419129307741976,1,3,1995,1995,21.55,0,1,0,0,0,0,0,0,1,1,1,1,1,1,1,0,"Orchard.Oriole","Brown.headed.Cowbird",0.598632478632479
"2246",1,1,85.8,51,0.300000000000001,42.5,14.5,56.6,14.3,5.3,2.9,10.2,15.7,1,0,0.0669467896306132,0,1,100,100,86.55,1,0,1,1,0,0,0,0,0,0,0,1,0,1,0,0,"Orchard.Oriole","Common.Grackle",0.218461538461538
"2247",0,1,0.599999999999998,16.8,1.3,0.600000000000001,1.5,3.09999999999999,1,1.1,0.8,2.7,2.2,1,1,0.720159303405957,1,5,1000,1000,0.466666666666665,0,1,0,0,0,0,0,0,1,1,1,1,1,1,1,0,"Orchard.Oriole","Ovenbird",0.297777777777778
"2248",0,1,8.5,20.6,0.699999999999999,6,2.8,7.5,4,1.9,1.5,2.6,3.6,2,2,1.02118929906994,2,5,1600,1600,10.92,0,1,1,0,0,0,0,0,1,1,1,1,1,1,1,1,"Orchard.Oriole","Black.and.white.Warbler",-0.0317948717948718
"2249",0,1,5.1,24.5,3.8,6.8,1.1,7.39999999999999,3,1.3,0.6,0.799999999999999,0.199999999999999,1,0,0.720159303405957,2,3,400,400,5.95,0,1,1,0,0,0,0,1,1,1,1,1,1,1,1,1,"Orchard.Oriole","Prothonotary.Warbler",0.357264957264957
"2250",0,1,9.9,17.8,10.1,11.4,11.3,21.6,1.1,1.9,1.4,3.7,4.6,1,1,1.02118929906994,2,5,3700,3700,9.925,0,1,0,0,0,0,0,1,1,1,1,1,1,1,1,1,"Orchard.Oriole","Common.Yellowthroat",0.122735042735043
"2251",0,0,8.9,12.1,4.7,6,6.2,11.6,2.1,1.6,0.6,3.7,3.6,1,2,0.845098040014257,2,4,200,200,10.7,0,1,1,0,0,0,0,0,1,1,1,1,1,1,1,1,"Orchard.Oriole","Hooded.Warbler",0.154188034188034
"2252",0,1,11.2,14.6,1.6,7.7,4.2,14.3,4.3,2.2,0.4,4.8,5,1,2,0.544068044350276,1,4,2100,2100,12.925,0,1,1,0,0,0,0,0,1,1,1,1,1,1,1,1,"Orchard.Oriole","American.Redstart",0.158974358974359
"2253",0,0,11.6,23.1,1.9,15.8,4.3,18.7,4.4,2.1,1.3,4,5.7,0,0,0.6232492903979,2,6,1600,1600,12.715,0,1,0,0,0,0,0,0,1,1,1,0,1,1,1,1,"Orchard.Oriole","Northern.Parula",-0.0386324786324786
"2254",0,1,9.3,18.3,2.1,8.7,4.9,14.1,2.7,1.9,1,4.2,4.3,0,2,0.118099312077995,1,3,700,700,10.95,0,1,1,0,0,0,0,0,1,1,0,1,1,1,1,1,"Orchard.Oriole","Black.throated.Blue.Warbler",0.04
"2255",0,0,7.6,13.2,2.4,4.5,0.800000000000001,4.5,2.7,1.4,1.3,3.6,3.9,1,3,0.243038048686295,0,3,2150,2150,8.95,0,1,0,0,0,0,0,0,1,1,1,1,1,1,1,1,"Orchard.Oriole","Pine.Warbler",0.365470085470085
"2256",0,0,9.7,16.5,1.5,6.7,1,8.59999999999999,4.5,1.8,1.4,1.8,2.4,1,2,0.6232492903979,2,2,900,900,11.3166666666667,0,1,0,0,0,0,0,0,1,1,1,1,1,1,1,1,"Orchard.Oriole","Yellow.throated.Warbler",0.671111111111111
"2257",0,0,11.8,18.8,6.2,11.3,8.7,20.8,3.6,2.3,1.6,4.4,5.5,0,2,0.146128035678238,0,2,320,320,13.05,0,1,1,0,0,0,0,0,1,1,1,0,1,1,1,1,"Orchard.Oriole","Prairie.Warbler",0.267692307692308
"2258",0,1,9.7,4.09999999999999,3,11.7,8.1,15.7,1.8,3.8,4,1.7,1.9,1,3,0.419129307741976,1,3,1600,1600,7.56,0,1,0,0,0,0,0,0,1,1,1,1,1,1,1,1,"Orchard.Oriole","Summer.Tanager",0.390769230769231
"2259",0,1,8.8,3.40000000000001,4.7,10.2,9.7,16.3,1.9,3,2.8,0.0999999999999996,1.5,1,2,0.544068044350276,1,4,1700,1700,9.51666666666667,0,1,0,0,0,0,0,0,1,1,1,0,1,1,1,1,"Orchard.Oriole","Scarlet.Tanager",0.0707692307692308
"2260",2,0,23.2,34.6,10.7,22,5.6,17.2,3.2,7.1,4.9,3.1,0.300000000000001,1,2,0.419129307741976,1,5,1100,1100,23.4333333333333,0,1,0,1,0,0,0,0,0,1,1,0,1,0,0,1,"Orchard.Oriole","Northern.Cardinal",0.124102564102564
"2261",0,0,8,2.8,3.3,11.5,0.0999999999999979,9.8,1,5.7,3,0.700000000000001,0.300000000000001,1,2,0.243038048686295,1,1,1600,1600,7.8,0,1,1,1,0,0,0,0,1,1,1,1,1,1,1,0,"Orchard.Oriole","Blue.Grosbeak",0.388717948717949
"2262",0,0,4.7,18.3,3.7,5.40000000000001,5.1,11.5,4.1,1,0.699999999999999,4,5.6,1,3,0.0579919469776867,1,1,1400,1400,5.55,0,1,0,1,0,0,0,0,1,1,1,0,1,0,0,0,"Orchard.Oriole","Indigo.Bunting",0.0844444444444444
"2302",0,0,0,0,0,0,0,0,0,0,0,0,0,0,0,0,0,0,0,0,0,0,1,1,1,1,1,1,1,1,1,1,1,1,1,1,1,"Red.winged.Blackbird","Red.winged.Blackbird",1
"2303",0,1,10.5,19.1,9,20.1,6.1,13,3.3,0.0999999999999996,0.2,4.3,5.1,2,1,0,0,0,395,395,13.65,0,1,0,1,0,1,1,0,1,1,1,1,1,0,0,0,"Red.winged.Blackbird","Brown.headed.Cowbird",0.161025641025641
"2304",1,0,54.4,29.3,1.9,9.3,6.5,14.9,7.6,1.7,1.7,6.4,10.3,1,3,0.352182518111363,1,2,1500,1500,51.35,1,0,0,0,0,0,1,0,0,0,0,1,0,0,0,0,"Red.winged.Blackbird","Common.Grackle",0.518632478632479
"2305",0,2,32,38.5,0.899999999999999,33.8,9.5,44.8,5.7,4.7,2,6.5,7.6,1,2,0.301029995663981,0,2,600,600,35.6666666666667,0,1,0,0,0,1,1,0,1,1,1,1,1,0,0,0,"Red.winged.Blackbird","Ovenbird",-0.0611965811965812
"2306",0,2,39.9,42.3,1.5,39.2,10.8,49.2,10.7,5.5,2.7,6.4,9,2,1,0.602059991327962,1,2,0,0,46.12,0,1,0,0,0,0,1,0,1,1,1,1,1,0,0,0,"Red.winged.Blackbird","Black.and.white.Warbler",-0.266324786324786
"2307",0,2,36.5,46.2,6,40,6.9,49.1,9.7,4.9,1.8,4.6,5.6,1,3,0.301029995663981,1,0,1200,1200,41.15,0,1,0,0,0,0,0,0,1,1,1,1,1,0,0,0,"Red.winged.Blackbird","Prothonotary.Warbler",-0.235555555555556
"2308",0,2,41.3,39.5,7.9,44.6,19.3,63.3,7.8,5.5,2.6,7.5,10,1,2,0.602059991327962,1,2,2100,2100,45.125,0,1,1,0,0,1,1,0,1,1,1,1,1,0,0,0,"Red.winged.Blackbird","Common.Yellowthroat",0.224615384615385
"2309",0,1,40.3,33.8,2.5,39.2,14.2,53.3,8.8,5.2,1.8,7.5,9,1,1,0.425968732272281,1,1,1400,1400,45.9,0,1,0,0,0,1,1,0,1,1,1,1,1,0,0,0,"Red.winged.Blackbird","Hooded.Warbler",-0.433846153846154
"2310",0,2,42.6,36.3,0.600000000000001,40.9,12.2,56,11,5.8,1.6,8.6,10.4,1,1,0.1249387366083,0,1,500,500,48.125,0,1,0,0,0,0,1,0,1,1,1,1,1,0,0,0,"Red.winged.Blackbird","American.Redstart",0.0988034188034188
"2311",0,1,43,44.8,4.1,49,12.3,60.4,11.1,5.7,2.5,7.8,11.1,0,3,0.204119982655925,3,3,0,0,47.915,0,1,0,0,0,0,0,0,1,1,1,0,1,0,0,0,"Red.winged.Blackbird","Northern.Parula",-0.259487179487179
"2312",0,2,40.7,40,0.100000000000001,41.9,12.9,55.8,9.4,5.5,2.2,8,9.7,0,1,0.301029995663981,2,0,900,900,46.15,0,1,0,0,0,0,0,0,1,1,0,1,1,0,0,0,"Red.winged.Blackbird","Black.throated.Blue.Warbler",0.229401709401709
"2313",0,1,39,34.9,4.6,37.7,7.2,46.2,9.4,5,2.5,7.4,9.3,1,0,0.176091259055681,1,0,550,550,44.15,0,1,0,0,0,0,1,0,1,1,1,1,1,0,0,0,"Red.winged.Blackbird","Pine.Warbler",0.0153846153846154
"2314",0,1,41.1,38.2,3.7,39.9,9,50.3,11.2,5.4,2.6,5.6,7.8,1,1,0.204119982655925,1,1,700,700,46.5166666666667,0,1,0,0,0,1,1,0,1,1,1,1,1,0,0,0,"Red.winged.Blackbird","Yellow.throated.Warbler",0.132991452991453
"2315",0,1,43.2,40.5,4,44.5,16.7,62.5,10.3,5.9,2.8,8.2,10.9,0,1,0.273001272063738,1,1,1280,1280,48.25,0,1,0,0,0,0,1,0,1,1,1,0,1,0,0,0,"Red.winged.Blackbird","Prairie.Warbler",0.0823931623931624
"2316",0,2,21.7,17.6,5.2,21.5,0.0999999999999979,26,8.5,0.199999999999999,2.8,2.1,3.5,1,0,0,0,0,0,0,27.64,0,1,0,0,0,0,1,0,1,1,1,1,1,0,0,0,"Red.winged.Blackbird","Summer.Tanager",-0.0235897435897436
"2317",0,2,22.6,25.1,6.9,23,1.7,25.4,8.6,0.600000000000001,1.6,3.9,3.9,1,1,0.1249387366083,0,1,100,100,25.6833333333333,0,1,0,0,0,0,1,0,1,1,1,0,1,0,0,0,"Red.winged.Blackbird","Scarlet.Tanager",-0.277948717948718
"2318",2,1,8.2,12.9,8.5,11.2,13.6,24.5,3.5,3.5,3.7,0.700000000000001,5.1,1,1,0,2,2,500,500,11.7666666666667,0,1,0,0,0,0,1,0,0,1,1,0,1,1,0,0,"Red.winged.Blackbird","Northern.Cardinal",-0.409230769230769
"2319",0,1,23.4,24.5,1.1,21.7,7.9,31.9,7.7,2.1,1.8,3.1,5.7,1,1,0.176091259055681,0,2,0,0,27.4,0,1,0,0,0,1,1,0,1,1,1,1,1,0,0,1,"Red.winged.Blackbird","Blue.Grosbeak",0.0536752136752137
"2320",0,1,36.1,40,1.5,38.6,13.1,53.2,10.8,2.6,0.5,7.8,11,1,0,0.477121254719662,2,2,200,200,40.75,0,1,0,0,0,0,0,0,1,1,1,0,1,1,1,0,"Red.winged.Blackbird","Indigo.Bunting",-0.0311111111111111
"2361",0,0,0,0,0,0,0,0,0,0,0,0,0,0,0,0,0,0,0,0,0,0,1,1,1,1,1,1,1,1,1,1,1,1,1,1,1,"Brown.headed.Cowbird","Brown.headed.Cowbird",1
"2362",1,1,64.9,48.4,7.1,29.4,0.399999999999999,27.9,10.9,1.6,1.5,10.7,15.4,3,2,0.352182518111363,1,2,1895,1895,65,1,0,0,0,0,0,1,0,0,0,0,1,0,1,0,1,"Brown.headed.Cowbird","Common.Grackle",0.291623931623932
"2363",0,1,21.5,19.4,8.1,13.7,15.6,31.8,2.4,4.8,2.2,2.2,2.5,1,1,0.301029995663981,0,2,995,995,22.0166666666667,0,1,0,0,0,1,1,0,1,1,1,1,1,1,1,1,"Brown.headed.Cowbird","Ovenbird",0.398974358974359
"2364",0,1,29.4,23.2,7.5,19.1,16.9,36.2,7.4,5.6,2.9,2.1,3.9,0,0,0.602059991327962,1,2,395,395,32.47,0,1,0,0,0,0,1,0,1,1,1,1,1,1,1,0,"Brown.headed.Cowbird","Black.and.white.Warbler",-0.0276923076923077
"2365",0,1,26,27.1,3,19.9,13,36.1,6.4,5,2,0.299999999999999,0.5,1,2,0.301029995663981,1,0,1595,1595,27.5,0,1,0,0,0,0,0,0,1,1,1,1,1,1,1,0,"Brown.headed.Cowbird","Prothonotary.Warbler",0.262222222222222
"2366",0,1,30.8,20.4,16.9,24.5,25.4,50.3,4.5,5.6,2.8,3.2,4.9,3,1,0.602059991327962,1,2,1705,1705,31.475,0,1,0,0,0,1,1,0,1,1,1,1,1,1,1,0,"Brown.headed.Cowbird","Common.Yellowthroat",-0.200683760683761
"2367",0,0,29.8,14.7,11.5,19.1,20.3,40.3,5.5,5.3,2,3.2,3.9,3,0,0.425968732272281,1,1,1795,1795,32.25,0,1,0,0,0,1,1,0,1,1,1,1,1,1,1,0,"Brown.headed.Cowbird","Hooded.Warbler",0.272478632478632
"2368",0,1,32.1,17.2,8.4,20.8,18.3,43,7.7,5.9,1.8,4.3,5.3,3,0,0.1249387366083,0,1,105,105,34.475,0,1,0,0,0,0,1,0,1,1,1,1,1,1,1,0,"Brown.headed.Cowbird","American.Redstart",0.137094017094017
"2369",0,0,32.5,25.7,4.9,28.9,18.4,47.4,7.8,5.8,2.7,3.5,6,2,2,0.204119982655925,3,3,395,395,34.265,0,1,0,0,0,0,0,0,1,1,1,0,1,1,1,0,"Brown.headed.Cowbird","Northern.Parula",-0.135042735042735
"2370",0,1,30.2,20.9,8.9,21.8,19,42.8,6.1,5.6,2.4,3.7,4.6,2,0,0.301029995663981,2,0,1295,1295,32.5,0,1,0,0,0,0,0,0,1,1,0,1,1,1,1,0,"Brown.headed.Cowbird","Black.throated.Blue.Warbler",-0.0981196581196581
"2371",0,0,28.5,15.8,4.4,17.6,13.3,33.2,6.1,5.1,2.7,3.1,4.2,1,1,0.176091259055681,1,0,155,155,30.5,0,1,0,0,0,0,1,0,1,1,1,1,1,1,1,0,"Brown.headed.Cowbird","Pine.Warbler",0.473504273504273
"2372",0,0,30.6,19.1,5.3,19.8,15.1,37.3,7.9,5.5,2.8,1.3,2.7,1,0,0.204119982655925,1,1,1095,1095,32.8666666666667,0,1,0,0,0,1,1,0,1,1,1,1,1,1,1,0,"Brown.headed.Cowbird","Yellow.throated.Warbler",0.471452991452991
"2373",0,0,32.7,21.4,13,24.4,22.8,49.5,7,6,3,3.9,5.8,2,0,0.273001272063738,1,1,1675,1675,34.6,0,1,0,0,0,0,1,0,1,1,1,0,1,1,1,0,"Brown.headed.Cowbird","Prairie.Warbler",0.24034188034188
"2374",0,1,11.2,1.5,3.8,1.39999999999999,6,13,5.2,0.0999999999999996,2.6,2.2,1.6,1,1,0,0,0,395,395,13.99,0,1,0,0,0,0,1,0,1,1,1,1,1,1,1,0,"Brown.headed.Cowbird","Summer.Tanager",0.227350427350427
"2375",0,1,12.1,6,2.1,2.89999999999999,4.4,12.4,5.3,0.700000000000001,1.4,0.4,1.2,1,0,0.1249387366083,0,1,295,295,12.0333333333333,0,1,0,0,0,0,1,0,1,1,1,0,1,1,1,0,"Brown.headed.Cowbird","Scarlet.Tanager",0.121367521367521
"2376",2,0,2.3,32,17.5,8.90000000000001,19.7,11.5,0.199999999999999,3.4,3.5,3.6,0,3,0,0,2,2,895,895,1.88333333333333,0,1,0,0,0,0,1,0,0,1,1,0,1,0,0,0,"Brown.headed.Cowbird","Northern.Cardinal",0.201367521367521
"2377",0,0,12.9,5.39999999999999,10.1,1.59999999999999,14,18.9,4.4,2,1.6,1.2,0.600000000000001,1,0,0.176091259055681,0,2,395,395,13.75,0,1,0,0,0,1,1,0,1,1,1,1,1,1,1,0,"Brown.headed.Cowbird","Blue.Grosbeak",0.383931623931624
"2378",0,0,25.6,20.9,10.5,18.5,19.2,40.2,7.5,2.7,0.7,3.5,5.9,1,1,0.477121254719662,2,2,595,595,27.1,0,1,0,0,0,0,0,0,1,1,1,0,1,0,0,1,"Brown.headed.Cowbird","Indigo.Bunting",0.0776068376068376
"2420",0,0,0,0,0,0,0,0,0,0,0,0,0,0,0,0,0,0,0,0,0,0,1,1,1,1,1,1,1,1,1,1,1,1,1,1,1,"Common.Grackle","Common.Grackle",1
"2421",1,2,86.4,67.8,1,43.1,16,59.7,13.3,6.4,3.7,12.9,17.9,2,1,0.653212513775344,1,4,900,900,87.0166666666667,1,0,0,0,0,0,1,0,0,0,0,1,0,1,0,1,"Common.Grackle","Ovenbird",0.290940170940171
"2422",1,2,94.3,71.6,0.399999999999999,48.5,17.3,64.1,18.3,7.2,4.4,12.8,19.3,3,2,0.954242509439325,2,4,1500,1500,97.47,1,0,1,0,0,0,1,0,0,0,0,1,0,1,0,0,"Common.Grackle","Black.and.white.Warbler",-0.16991452991453
"2423",1,2,90.9,75.5,4.1,49.3,13.4,64,17.3,6.6,3.5,11,15.9,2,0,0.653212513775344,2,2,300,300,92.5,1,0,1,0,0,0,0,0,0,0,0,1,0,1,0,0,"Common.Grackle","Prothonotary.Warbler",-0.0324786324786325
"2424",1,2,95.7,68.8,9.8,53.9,25.8,78.2,15.4,7.2,4.3,13.9,20.3,0,1,0.954242509439325,2,4,3600,3600,96.475,1,0,0,0,0,0,1,0,0,0,0,1,0,1,0,0,"Common.Grackle","Common.Yellowthroat",0.478974358974359
"2425",1,1,94.7,63.1,4.4,48.5,20.7,68.2,16.4,6.9,3.5,13.9,19.3,0,2,0.778151250383644,2,3,100,100,97.25,1,0,1,0,0,0,1,0,0,0,0,1,0,1,0,0,"Common.Grackle","Hooded.Warbler",-0.191111111111111
"2426",1,2,97,65.6,1.3,50.2,18.7,70.9,18.6,7.5,3.3,15,20.7,0,2,0.477121254719662,1,3,2000,2000,99.475,1,0,1,0,0,0,1,0,0,0,0,1,0,1,0,0,"Common.Grackle","American.Redstart",0.238974358974359
"2427",1,1,97.4,74.1,2.2,58.3,18.8,75.3,18.7,7.4,4.2,14.2,21.4,1,0,0.556302500767287,2,5,1500,1500,99.265,1,0,0,0,0,0,0,0,0,0,0,0,0,1,0,0,"Common.Grackle","Northern.Parula",-0.330598290598291
"2428",1,2,95.1,69.3,1.8,51.2,19.4,70.7,17,7.2,3.9,14.4,20,1,2,0.0511525224473813,1,2,600,600,97.5,1,0,1,0,0,0,0,0,0,0,0,1,0,1,0,0,"Common.Grackle","Black.throated.Blue.Warbler",0.0721367521367521
"2429",1,1,93.4,64.2,2.7,47,13.7,61.1,17,6.7,4.2,13.8,19.6,2,3,0.176091259055681,0,2,2050,2050,95.5,1,0,0,0,0,0,1,0,0,0,0,1,0,1,0,0,"Common.Grackle","Pine.Warbler",0.250598290598291
"2430",1,1,95.5,67.5,1.8,49.2,15.5,65.2,18.8,7.1,4.3,12,18.1,2,2,0.556302500767287,2,1,800,800,97.8666666666667,1,0,0,0,0,0,1,0,0,0,0,1,0,1,0,0,"Common.Grackle","Yellow.throated.Warbler",0.132307692307692
"2431",1,1,97.6,69.8,5.9,53.8,23.2,77.4,17.9,7.6,4.5,14.6,21.2,1,2,0.0791812460476249,0,1,220,220,99.6,1,0,1,0,0,0,1,0,0,0,0,0,0,1,0,0,"Common.Grackle","Prairie.Warbler",0.12
"2432",1,2,76.1,46.9,3.3,30.8,6.4,40.9,16.1,1.5,1.1,8.5,13.8,2,3,0.352182518111363,1,2,1500,1500,78.99,1,0,0,0,0,0,1,0,0,0,0,1,0,1,0,0,"Common.Grackle","Summer.Tanager",-0.115897435897436
"2433",1,2,77,54.4,5,32.3,4.8,40.3,16.2,2.3,0.0999999999999996,10.3,14.2,2,2,0.477121254719662,1,3,1600,1600,77.0333333333333,1,0,0,0,0,0,1,0,0,0,0,0,0,1,0,0,"Common.Grackle","Scarlet.Tanager",-0.443418803418803
"2434",1,1,62.6,16.4,10.4,20.5,20.1,39.4,11.1,1.8,2,7.1,15.4,0,2,0.352182518111363,1,4,1000,1000,63.1166666666667,1,0,0,1,0,0,1,0,1,0,0,0,0,0,1,0,"Common.Grackle","Northern.Cardinal",-0.261538461538461
"2435",1,1,77.8,53.8,3,31,14.4,46.8,15.3,0.4,0.100000000000001,9.5,16,2,2,0.176091259055681,1,0,1500,1500,78.75,1,0,1,1,0,0,1,0,0,0,0,1,0,1,0,0,"Common.Grackle","Blue.Grosbeak",0.176752136752137
"2436",1,1,90.5,69.3,3.4,47.9,19.6,68.1,18.4,4.3,2.2,14.2,21.3,2,3,0.1249387366083,1,0,1300,1300,92.1,1,0,0,1,1,1,0,0,0,0,0,0,0,0,0,1,"Common.Grackle","Indigo.Bunting",0.251282051282051
"2479",0,0,0,0,0,0,0,0,0,0,0,0,0,0,0,0,0,0,0,0,0,0,1,1,1,1,1,1,1,1,1,1,1,1,1,1,1,"Ovenbird","Ovenbird",1
"2480",0,0,7.9,3.8,0.600000000000001,5.4,1.3,4.40000000000001,5,0.8,0.7,0.0999999999999996,1.4,1,1,0.301029995663981,1,0,600,600,10.4533333333333,0,1,0,1,0,0,1,0,1,1,1,1,1,1,1,0,"Ovenbird","Black.and.white.Warbler",0.472136752136752
"2481",0,0,4.5,7.7,5.1,6.2,2.6,4.3,4,0.2,0.2,1.9,2,0,1,0,1,2,600,600,5.48333333333333,0,1,0,1,0,0,0,0,1,1,1,1,1,1,1,0,"Ovenbird","Prothonotary.Warbler",0.384615384615385
"2482",0,0,9.3,1,8.8,10.8,9.8,18.5,2.1,0.8,0.6,1,2.4,2,0,0.301029995663981,1,0,2700,2700,9.45833333333333,0,1,0,1,0,1,1,0,1,1,1,1,1,1,1,0,"Ovenbird","Common.Yellowthroat",0.414017094017094
"2483",0,1,8.3,4.7,3.4,5.4,4.7,8.5,3.1,0.5,0.2,1,1.4,2,1,0.1249387366083,1,1,800,800,10.2333333333333,0,1,0,1,0,1,1,0,1,1,1,1,1,1,1,0,"Ovenbird","Hooded.Warbler",0.536410256410256
"2484",0,0,10.6,2.2,0.299999999999997,7.1,2.7,11.2,5.3,1.1,0.4,2.1,2.8,2,1,0.176091259055681,0,1,1100,1100,12.4583333333333,0,1,0,1,1,0,1,0,1,1,1,1,1,1,1,0,"Ovenbird","American.Redstart",0.234871794871795
"2485",0,1,11,6.3,3.2,15.2,2.8,15.6,5.4,1,0.5,1.3,3.5,1,1,0.0969100130080562,3,1,600,600,12.2483333333333,0,1,1,1,0,0,0,0,1,1,1,0,1,1,1,0,"Ovenbird","Northern.Parula",0.237606837606838
"2486",0,0,8.7,1.5,0.799999999999997,8.1,3.4,11,3.7,0.8,0.2,1.5,2.1,1,1,0.602059991327962,2,2,300,300,10.4833333333333,0,1,0,1,0,0,0,0,1,1,0,1,1,1,1,0,"Ovenbird","Black.throated.Blue.Warbler",-0.0981196581196581
"2487",0,1,7,3.6,3.7,3.9,2.3,1.40000000000001,3.7,0.3,0.5,0.9,1.7,0,2,0.477121254719662,1,2,1150,1150,8.48333333333333,0,1,1,1,1,0,1,0,1,1,1,1,1,1,1,0,"Ovenbird","Pine.Warbler",0.589059829059829
"2488",0,1,9.1,0.300000000000004,2.8,6.1,0.5,5.5,5.5,0.7,0.6,0.9,0.199999999999999,0,1,0.0969100130080562,1,3,100,100,10.85,0,1,1,1,0,1,1,0,1,1,1,1,1,1,1,0,"Ovenbird","Yellow.throated.Warbler",0.515897435897436
"2489",0,1,11.2,2,4.9,10.7,7.2,17.7,4.6,1.2,0.8,1.7,3.3,1,1,0.574031267727719,1,3,680,680,12.5833333333333,0,1,0,1,1,0,1,0,1,1,1,0,1,1,1,0,"Ovenbird","Prairie.Warbler",0.574017094017094
"2490",0,0,10.3,20.9,4.3,12.3,9.6,18.8,2.8,4.9,4.8,4.4,4.1,0,2,0.301029995663981,0,2,600,600,8.02666666666667,0,1,1,1,1,0,1,0,1,1,1,1,1,1,1,0,"Ovenbird","Summer.Tanager",0.607521367521367
"2491",0,0,9.4,13.4,6,10.8,11.2,19.4,2.9,4.1,3.6,2.6,3.7,0,1,0.176091259055681,0,1,700,700,9.98333333333333,0,1,1,1,1,0,1,0,1,1,1,0,1,1,1,0,"Ovenbird","Scarlet.Tanager",0.10017094017094
"2492",2,1,23.8,51.4,9.4,22.6,4.1,20.3,2.2,8.2,5.7,5.8,2.5,2,1,0.301029995663981,2,0,100,100,23.9,0,1,0,0,0,0,1,0,0,1,1,0,1,0,0,0,"Ovenbird","Northern.Cardinal",0.385299145299145
"2493",0,1,8.6,14,2,12.1,1.6,12.9,2,6.8,3.8,3.4,1.9,0,1,0.477121254719662,0,4,600,600,8.26666666666667,0,1,0,0,0,1,1,0,1,1,1,1,1,1,1,0,"Ovenbird","Blue.Grosbeak",0.216410256410256
"2494",0,1,4.1,1.5,2.4,4.8,3.6,8.40000000000001,5.1,2.1,1.5,1.3,3.4,0,2,0.778151250383644,2,4,400,400,5.08333333333333,0,1,0,0,0,0,0,0,1,1,1,0,1,0,0,1,"Ovenbird","Indigo.Bunting",0.223247863247863
"2538",0,0,0,0,0,0,0,0,0,0,0,0,0,0,0,0,0,0,0,0,0,0,1,1,1,1,1,1,1,1,1,1,1,1,1,1,1,"Black.and.white.Warbler","Black.and.white.Warbler",1
"2539",0,0,3.4,3.9,4.5,0.800000000000004,3.9,0.100000000000009,1,0.6,0.9,1.8,3.4,1,2,0.301029995663981,0,2,1200,1200,4.97,0,1,1,1,1,1,0,0,1,1,1,1,1,1,1,1,"Black.and.white.Warbler","Prothonotary.Warbler",0.184957264957265
"2540",0,0,1.4,2.8,9.4,5.40000000000001,8.5,14.1,2.9,0,0.1,1.1,1,3,1,0,0,0,2100,2100,0.995000000000001,0,1,0,1,1,0,1,0,1,1,1,1,1,1,1,1,"Black.and.white.Warbler","Common.Yellowthroat",0.165811965811966
"2541",0,1,0.4,8.5,4,0,3.4,4.09999999999999,1.9,0.3,0.9,1.1,0,3,0,0.176091259055681,0,1,1400,1400,0.220000000000001,0,1,1,1,1,0,1,1,1,1,1,1,1,1,1,1,"Black.and.white.Warbler","Hooded.Warbler",0.241709401709402
"2542",0,0,2.7,6,0.899999999999999,1.7,1.4,6.8,0.300000000000001,0.3,1.1,2.2,1.4,3,0,0.477121254719662,1,1,500,500,2.005,0,1,1,1,0,0,1,1,1,1,1,1,1,1,1,1,"Black.and.white.Warbler","American.Redstart",0.223247863247863
"2543",0,1,3.1,2.5,2.6,9.8,1.5,11.2,0.400000000000002,0.2,0.2,1.4,2.1,2,2,0.397940008672037,4,1,0,0,1.795,0,1,0,1,0,0,0,0,1,1,1,0,1,1,1,1,"Black.and.white.Warbler","Northern.Parula",0.507692307692308
"2544",0,0,0.800000000000001,2.3,1.4,2.7,2.1,6.59999999999999,1.3,0,0.5,1.6,0.699999999999999,2,0,0.903089986991944,3,2,900,900,0.0299999999999994,0,1,1,1,0,0,0,0,1,1,0,1,1,1,1,1,"Black.and.white.Warbler","Black.throated.Blue.Warbler",0.455726495726496
"2545",0,1,0.9,7.4,3.1,1.5,3.6,3,1.3,0.5,0.2,1,0.299999999999999,1,1,0.778151250383644,2,2,550,550,1.97,0,1,0,1,0,0,1,0,1,1,1,1,1,1,1,1,"Black.and.white.Warbler","Pine.Warbler",-0.0112820512820513
"2546",0,1,1.2,4.1,2.2,0.700000000000003,1.8,1.09999999999999,0.5,0.1,0.1,0.800000000000001,1.2,1,0,0.397940008672037,0,3,700,700,0.396666666666663,0,1,0,1,1,0,1,1,1,1,1,1,1,1,1,1,"Black.and.white.Warbler","Yellow.throated.Warbler",0.0748717948717949
"2547",0,1,3.3,1.8,5.5,5.3,5.9,13.3,0.399999999999999,0.4,0.1,1.8,1.9,2,0,0.8750612633917,2,3,1280,1280,2.13,0,1,1,1,0,0,1,1,1,1,1,0,1,1,1,1,"Black.and.white.Warbler","Prairie.Warbler",0.189059829059829
"2548",0,0,18.2,24.7,3.7,17.7,10.9,23.2,2.2,5.7,5.5,4.3,5.5,1,1,0.602059991327962,1,2,0,0,18.48,0,1,0,1,0,0,1,1,1,1,1,1,1,1,1,1,"Black.and.white.Warbler","Summer.Tanager",0.204102564102564
"2549",0,0,17.3,17.2,5.4,16.2,12.5,23.8,2.1,4.9,4.3,2.5,5.1,1,0,0.477121254719662,1,1,100,100,20.4366666666667,0,1,0,1,0,0,1,1,1,1,1,0,1,1,1,1,"Black.and.white.Warbler","Scarlet.Tanager",0.21025641025641
"2550",2,1,31.7,55.2,10,28,2.8,24.7,7.2,9,6.4,5.7,3.9,3,0,0.602059991327962,3,0,500,500,34.3533333333333,0,1,0,0,0,0,1,0,0,1,1,0,1,0,0,1,"Black.and.white.Warbler","Northern.Cardinal",0.0864957264957265
"2551",0,1,16.5,17.8,2.6,17.5,2.9,17.3,3,7.6,4.5,3.3,3.3,1,0,0.778151250383644,1,4,0,0,18.72,0,1,1,0,0,0,1,0,1,1,1,1,1,1,1,0,"Black.and.white.Warbler","Blue.Grosbeak",-0.191111111111111
"2552",0,1,3.8,2.3,3,0.599999999999994,2.3,4,0.100000000000001,2.9,2.2,1.4,2,1,1,1.07918124604762,3,4,200,200,5.37,0,1,0,0,0,0,0,0,1,1,1,0,1,0,0,0,"Black.and.white.Warbler","Indigo.Bunting",-0.281367521367521
"2597",0,0,0,0,0,0,0,0,0,0,0,0,0,0,0,0,0,0,0,0,0,0,1,1,1,1,1,1,1,1,1,1,1,1,1,1,1,"Prothonotary.Warbler","Prothonotary.Warbler",1
"2598",0,0,4.8,6.7,13.9,4.6,12.4,14.2,1.9,0.6,0.8,2.9,4.4,2,1,0.301029995663981,0,2,3300,3300,3.975,0,1,0,1,1,0,0,1,1,1,1,1,1,1,1,1,"Prothonotary.Warbler","Common.Yellowthroat",0.176068376068376
"2599",0,1,3.8,12.4,8.5,0.800000000000004,7.3,4.2,0.899999999999999,0.3,0,2.9,3.4,2,2,0.1249387366083,0,1,200,200,4.75,0,1,1,1,1,0,0,0,1,1,1,1,1,1,1,1,"Prothonotary.Warbler","Hooded.Warbler",0.427692307692308
"2600",0,0,6.1,9.9,5.4,0.899999999999999,5.3,6.90000000000001,1.3,0.9,0.2,4,4.8,2,2,0.176091259055681,1,1,1700,1700,6.975,0,1,1,1,0,0,0,0,1,1,1,1,1,1,1,1,"Prothonotary.Warbler","American.Redstart",-0.137094017094017
"2601",0,1,6.5,1.4,1.9,9,5.4,11.3,1.4,0.8,0.7,3.2,5.5,1,0,0.0969100130080562,4,3,1200,1200,6.765,0,1,0,1,0,0,0,0,1,1,1,0,1,1,1,1,"Prothonotary.Warbler","Northern.Parula",0.292307692307692
"2602",0,0,4.2,6.2,5.9,1.9,6,6.7,0.300000000000001,0.6,0.4,3.4,4.1,1,2,0.602059991327962,3,0,300,300,5,0,1,1,1,0,0,1,0,1,1,0,1,1,1,1,1,"Prothonotary.Warbler","Black.throated.Blue.Warbler",0.0584615384615385
"2603",0,1,2.5,11.3,1.4,2.3,0.299999999999997,2.89999999999999,0.300000000000001,0.1,0.7,2.8,3.7,0,3,0.477121254719662,2,0,1750,1750,3,0,1,0,1,0,0,0,0,1,1,1,1,1,1,1,1,"Prothonotary.Warbler","Pine.Warbler",0.454358974358974
"2604",0,1,4.6,8,2.3,0.100000000000001,2.1,1.2,1.5,0.5,0.8,1,2.2,0,2,0.0969100130080562,0,1,500,500,5.36666666666666,0,1,0,1,1,0,0,0,1,1,1,1,1,1,1,1,"Prothonotary.Warbler","Yellow.throated.Warbler",0.48991452991453
"2605",0,1,6.7,5.7,10,4.5,9.8,13.4,0.600000000000001,1,1,3.6,5.3,1,2,0.574031267727719,2,1,80,80,7.1,0,1,1,1,0,0,0,0,1,1,1,0,1,1,1,1,"Prothonotary.Warbler","Prairie.Warbler",0.0741880341880342
"2606",0,0,14.8,28.6,0.800000000000001,18.5,7,23.1,1.2,5.1,4.6,2.5,2.1,0,3,0.301029995663981,1,0,1200,1200,13.51,0,1,0,1,0,0,0,0,1,1,1,1,1,1,1,1,"Prothonotary.Warbler","Summer.Tanager",0.556239316239316
"2607",0,0,13.9,21.1,0.899999999999999,17,8.6,23.7,1.1,4.3,3.4,0.699999999999999,1.7,0,2,0.176091259055681,1,1,1300,1300,15.4666666666667,0,1,0,1,0,0,0,0,1,1,1,0,1,1,1,1,"Prothonotary.Warbler","Scarlet.Tanager",0.625299145299145
"2608",2,1,28.3,59.1,14.5,28.8,6.7,24.6,6.2,8.4,5.5,3.9,0.5,2,2,0.301029995663981,3,2,700,700,29.3833333333333,0,1,0,0,0,0,0,0,0,1,1,0,1,0,0,1,"Prothonotary.Warbler","Northern.Cardinal",0.49059829059829
"2609",0,1,13.1,21.7,7.1,18.3,1,17.2,2,7,3.6,1.5,0.100000000000001,0,2,0.477121254719662,1,2,1200,1200,13.75,0,1,1,0,0,0,0,0,1,1,1,1,1,1,1,0,"Prothonotary.Warbler","Blue.Grosbeak",0.00307692307692308
"2610",0,1,0.399999999999999,6.2,7.5,1.4,6.2,4.10000000000001,1.1,2.3,1.3,3.2,5.4,0,3,0.778151250383644,3,2,1000,1000,0.4,0,1,0,0,0,0,1,0,1,1,1,0,1,0,0,0,"Prothonotary.Warbler","Indigo.Bunting",0.113162393162393
"2656",0,0,0,0,0,0,0,0,0,0,0,0,0,0,0,0,0,0,0,0,0,0,1,1,1,1,1,1,1,1,1,1,1,1,1,1,1,"Common.Yellowthroat","Common.Yellowthroat",1
"2657",0,1,1,5.7,5.4,5.40000000000001,5.1,10,1,0.3,0.8,0,1,0,1,0.176091259055681,0,1,3500,3500,0.775,0,1,0,1,1,1,1,0,1,1,1,1,1,1,1,1,"Common.Yellowthroat","Hooded.Warbler",0.0324786324786325
"2658",0,0,1.3,3.2,8.5,3.7,7.1,7.3,3.2,0.3,1,1.1,0.399999999999999,0,1,0.477121254719662,1,1,1600,1600,3,0,1,0,1,0,0,1,0,1,1,1,1,1,1,1,1,"Common.Yellowthroat","American.Redstart",0.252649572649573
"2659",0,1,1.7,5.3,12,4.4,7,2.9,3.3,0.2,0.1,0.300000000000001,1.1,1,1,0.397940008672037,4,1,2100,2100,2.79,0,1,0,1,0,0,0,0,1,1,1,0,1,1,1,1,"Common.Yellowthroat","Northern.Parula",0.0639316239316239
"2660",0,0,0.6,0.5,8,2.7,6.4,7.5,1.6,0,0.4,0.5,0.300000000000001,1,1,0.903089986991944,3,2,3000,3000,1.025,0,1,0,1,0,0,0,0,1,1,0,1,1,1,1,1,"Common.Yellowthroat","Black.throated.Blue.Warbler",0.00786324786324786
"2661",0,1,2.3,4.6,12.5,6.90000000000001,12.1,17.1,1.6,0.5,0.1,0.0999999999999996,0.700000000000001,2,2,0.778151250383644,2,2,1550,1550,0.975,0,1,0,1,0,0,1,0,1,1,1,1,1,1,1,1,"Common.Yellowthroat","Pine.Warbler",0.407863247863248
"2662",0,1,0.199999999999999,1.3,11.6,4.7,10.3,13,3.4,0.1,0,1.9,2.2,2,1,0.397940008672037,0,3,2800,2800,1.39166666666666,0,1,0,1,1,1,1,0,1,1,1,1,1,1,1,1,"Common.Yellowthroat","Yellow.throated.Warbler",0.196581196581197
"2663",0,1,1.9,1,3.9,0.100000000000001,2.6,0.799999999999997,2.5,0.4,0.2,0.7,0.899999999999999,1,1,0.8750612633917,2,3,3380,3380,3.125,0,1,0,1,0,0,1,0,1,1,1,0,1,1,1,1,"Common.Yellowthroat","Prairie.Warbler",0.433846153846154
"2664",0,0,19.6,21.9,13.1,23.1,19.4,37.3,0.699999999999999,5.7,5.4,5.4,6.5,2,2,0.602059991327962,1,2,2100,2100,17.485,0,1,0,1,0,0,1,0,1,1,1,1,1,1,1,1,"Common.Yellowthroat","Summer.Tanager",0.271111111111111
"2665",0,0,18.7,14.4,14.8,21.6,21,37.9,0.800000000000001,4.9,4.2,3.6,6.1,2,1,0.477121254719662,1,1,2000,2000,19.4416666666667,0,1,0,1,0,0,1,0,1,1,1,0,1,1,1,1,"Common.Yellowthroat","Scarlet.Tanager",-0.128888888888889
"2666",2,1,33.1,52.4,0.600000000000001,33.4,5.7,38.8,4.3,9,6.3,6.8,4.9,0,1,0.602059991327962,3,0,2600,2600,33.3583333333333,0,1,0,0,0,0,1,0,0,1,1,0,1,0,0,1,"Common.Yellowthroat","Northern.Cardinal",0.0160683760683761
"2667",0,1,17.9,15,6.8,22.9,11.4,31.4,0.100000000000001,7.6,4.4,4.4,4.3,2,1,0.778151250383644,1,4,2100,2100,17.725,0,1,0,0,0,1,1,0,1,1,1,1,1,1,1,0,"Common.Yellowthroat","Blue.Grosbeak",0.0899145299145299
"2668",0,1,5.2,0.5,6.4,6,6.2,10.1,3,2.9,2.1,0.300000000000001,1,2,2,1.07918124604762,3,4,2300,2300,4.375,0,1,0,0,0,0,0,0,1,1,1,0,1,0,0,0,"Common.Yellowthroat","Indigo.Bunting",0.378461538461538
"2715",0,0,0,0,0,0,0,0,0,0,0,0,0,0,0,0,0,0,0,0,0,0,1,1,1,1,1,1,1,1,1,1,1,1,1,1,1,"Hooded.Warbler","Hooded.Warbler",1
"2716",0,1,2.3,2.5,3.1,1.7,2,2.7,2.2,0.6,0.2,1.1,1.4,0,0,0.301029995663981,1,0,1900,1900,2.225,0,1,1,1,0,0,1,1,1,1,1,1,1,1,1,1,"Hooded.Warbler","American.Redstart",-0.0591452991452991
"2717",0,0,2.7,11,6.6,9.8,1.9,7.1,2.3,0.5,0.7,0.300000000000001,2.1,1,2,0.221848749616356,4,2,1400,1400,2.015,0,1,0,1,0,0,0,0,1,1,1,0,1,1,1,1,"Hooded.Warbler","Northern.Parula",0.491965811965812
"2718",0,1,0.4,6.2,2.6,2.7,1.3,2.5,0.599999999999998,0.3,0.4,0.5,0.699999999999999,1,0,0.726998727936262,3,1,500,500,0.25,0,1,1,1,0,0,0,0,1,1,0,1,1,1,1,1,"Hooded.Warbler","Black.throated.Blue.Warbler",-0.327863247863248
"2719",0,0,1.3,1.1,7.1,1.5,7,7.09999999999999,0.599999999999998,0.2,0.7,0.0999999999999996,0.299999999999999,2,1,0.602059991327962,2,1,1950,1950,1.75,0,1,0,1,0,0,1,0,1,1,1,1,1,1,1,1,"Hooded.Warbler","Pine.Warbler",0.332649572649573
"2720",0,0,0.800000000000001,4.4,6.2,0.700000000000003,5.2,3,2.4,0.2,0.8,1.9,1.2,2,0,0.221848749616356,0,2,700,700,0.616666666666664,0,1,0,1,1,1,1,1,1,1,1,1,1,1,1,1,"Hooded.Warbler","Yellow.throated.Warbler",0.327179487179487
"2721",0,0,2.9,6.7,1.5,5.3,2.5,9.2,1.5,0.7,1,0.7,1.9,1,0,0.698970004336019,2,2,120,120,2.35,0,1,1,1,0,0,1,1,1,1,1,0,1,1,1,1,"Hooded.Warbler","Prairie.Warbler",0.333333333333333
"2722",0,1,18.6,16.2,7.7,17.7,14.3,27.3,0.300000000000001,5.4,4.6,5.4,5.5,2,1,0.425968732272281,1,1,1400,1400,18.26,0,1,0,1,0,0,1,1,1,1,1,1,1,1,1,1,"Hooded.Warbler","Summer.Tanager",0.483760683760684
"2723",0,1,17.7,8.7,9.4,16.2,15.9,27.9,0.199999999999999,4.6,3.4,3.6,5.1,2,0,0.301029995663981,1,0,1500,1500,20.2166666666667,0,1,0,1,0,0,1,1,1,1,1,0,1,1,1,1,"Hooded.Warbler","Scarlet.Tanager",0.311452991452991
"2724",2,0,32.1,46.7,6,28,0.6,28.8,5.3,8.7,5.5,6.8,3.9,0,0,0.425968732272281,3,1,900,900,34.1333333333333,0,1,0,0,0,0,1,0,0,1,1,0,1,0,0,1,"Hooded.Warbler","Northern.Cardinal",0.390769230769231
"2725",0,0,16.9,9.3,1.4,17.5,6.3,21.4,1.1,7.3,3.6,4.4,3.3,2,0,0.602059991327962,1,3,1400,1400,18.5,0,1,1,0,0,1,1,0,1,1,1,1,1,1,1,0,"Hooded.Warbler","Blue.Grosbeak",0.263589743589744
"2726",0,0,4.2,6.2,1,0.599999999999994,1.1,0.0999999999999943,2,2.6,1.3,0.300000000000001,2,2,1,0.903089986991944,3,3,1200,1200,5.15,0,1,0,0,0,0,0,0,1,1,1,0,1,0,0,0,"Hooded.Warbler","Indigo.Bunting",0.433846153846154
"2774",0,0,0,0,0,0,0,0,0,0,0,0,0,0,0,0,0,0,0,0,0,0,1,1,1,1,1,1,1,1,1,1,1,1,1,1,1,"American.Redstart","American.Redstart",1
"2775",0,1,0.399999999999999,8.5,3.5,8.1,0.0999999999999996,4.4,0.100000000000001,0.1,0.9,0.8,0.700000000000001,1,2,0.0791812460476249,3,2,500,500,0.210000000000001,0,1,0,1,0,0,0,0,1,1,1,0,1,1,1,1,"American.Redstart","Northern.Parula",-0.0181196581196581
"2776",0,0,1.9,3.7,0.5,1,0.699999999999999,0.200000000000003,1.6,0.3,0.6,0.6,0.699999999999999,1,0,0.425968732272281,2,1,1400,1400,1.975,0,1,1,1,0,0,0,0,1,1,0,1,1,1,1,1,"American.Redstart","Black.throated.Blue.Warbler",0.103589743589744
"2777",0,1,3.6,1.4,4,3.2,5,9.8,1.6,0.8,0.9,1.2,1.1,2,1,0.301029995663981,1,1,50,50,3.975,0,1,0,1,1,0,1,0,1,1,1,1,1,1,1,1,"American.Redstart","Pine.Warbler",-0.00444444444444444
"2778",0,1,1.5,1.9,3.1,1,3.2,5.7,0.199999999999999,0.4,1,3,2.6,2,0,0.0791812460476249,1,2,1200,1200,1.60833333333334,0,1,0,1,0,0,1,1,1,1,1,1,1,1,1,1,"American.Redstart","Yellow.throated.Warbler",0.241709401709402
"2779",0,1,0.6,4.2,4.6,3.6,4.5,6.5,0.699999999999999,0.1,1.2,0.4,0.5,1,0,0.397940008672038,1,2,1780,1780,0.124999999999998,0,1,1,1,1,0,1,1,1,1,1,0,1,1,1,1,"American.Redstart","Prairie.Warbler",0.0994871794871795
"2780",0,0,20.9,18.7,4.6,19.4,12.3,30,2.5,6,4.4,6.5,6.9,2,1,0.1249387366083,0,1,500,500,20.485,0,1,0,1,1,1,1,1,1,1,1,1,1,1,1,1,"American.Redstart","Summer.Tanager",0.0174358974358974
"2781",0,0,20,11.2,6.3,17.9,13.9,30.6,2.4,5.2,3.2,4.7,6.5,2,0,0,0,0,400,400,22.4416666666667,0,1,0,1,1,1,1,1,1,1,1,0,1,1,1,1,"American.Redstart","Scarlet.Tanager",-0.137777777777778
"2782",2,1,34.4,49.2,9.1,29.7,1.4,31.5,7.5,9.3,5.3,7.9,5.3,0,0,0.1249387366083,2,1,1000,1000,36.3583333333333,0,1,0,0,0,0,1,0,0,1,1,0,1,0,0,1,"American.Redstart","Northern.Cardinal",-0.171282051282051
"2783",0,1,19.2,11.8,1.7,19.2,4.3,24.1,3.3,7.9,3.4,5.5,4.7,2,0,0.301029995663981,0,3,500,500,20.725,0,1,1,0,0,0,1,0,1,1,1,1,1,1,1,0,"American.Redstart","Blue.Grosbeak",0.04
"2784",0,1,6.5,3.7,2.1,2.3,0.9,2.8,0.199999999999999,3.2,1.1,0.8,0.600000000000001,2,1,0.602059991327962,2,3,700,700,7.375,0,1,0,0,0,0,0,0,1,1,1,0,1,0,0,0,"American.Redstart","Indigo.Bunting",-0.21982905982906
"2833",0,0,0,0,0,0,0,0,0,0,0,0,0,0,0,0,0,0,0,0,0,0,1,1,1,1,1,1,1,1,1,1,1,1,1,1,1,"Northern.Parula","Northern.Parula",1
"2834",0,1,2.3,4.8,4,7.1,0.6,4.6,1.7,0.2,0.3,0.199999999999999,1.4,0,2,0.505149978319906,1,3,900,900,1.765,0,1,0,1,0,1,0,1,1,1,0,0,1,1,1,1,"Northern.Parula","Black.throated.Blue.Warbler",0.10974358974359
"2835",0,0,4,9.9,0.5,11.3,5.1,14.2,1.7,0.7,0,0.4,1.8,1,3,0.380211241711606,2,3,550,550,3.765,0,1,1,1,0,1,0,1,1,1,1,0,1,1,1,1,"Northern.Parula","Pine.Warbler",-0.0174358974358974
"2836",0,0,1.9,6.6,0.400000000000002,9.1,3.3,10.1,0.0999999999999979,0.3,0.1,2.2,3.3,1,2,0,4,4,700,700,1.39833333333334,0,1,1,1,0,0,0,0,1,1,1,0,1,1,1,1,"Northern.Parula","Yellow.throated.Warbler",-0.0434188034188034
"2837",0,0,0.2,4.3,8.1,4.5,4.4,2.1,0.800000000000001,0.2,0.3,0.399999999999999,0.200000000000001,0,2,0.477121254719662,2,4,1280,1280,0.334999999999999,0,1,0,1,0,1,0,0,1,1,1,1,1,1,1,1,"Northern.Parula","Prairie.Warbler",0.2
"2838",0,1,21.3,27.2,1.1,27.5,12.4,34.4,2.6,5.9,5.3,5.7,7.6,1,3,0.204119982655925,3,3,0,0,20.275,0,1,1,1,0,0,0,0,1,1,1,0,1,1,1,1,"Northern.Parula","Summer.Tanager",0.486495726495726
"2839",0,1,20.4,19.7,2.8,26,14,35,2.5,5.1,4.1,3.9,7.2,1,2,0.0791812460476249,3,2,100,100,22.2316666666667,0,1,1,1,0,0,0,0,1,1,1,0,1,1,1,1,"Northern.Parula","Scarlet.Tanager",0.349059829059829
"2840",2,0,34.8,57.7,12.6,37.8,1.3,35.9,7.6,9.2,6.2,7.1,6,1,2,0.204119982655925,1,1,500,500,36.1483333333333,0,1,0,0,0,0,0,0,0,1,1,0,1,0,0,1,"Northern.Parula","Northern.Cardinal",0.293675213675214
"2841",0,0,19.6,20.3,5.2,27.3,4.4,28.5,3.4,7.8,4.3,4.7,5.4,1,2,0.380211241711606,3,5,0,0,20.515,0,1,0,0,0,0,0,0,1,1,1,0,1,1,1,0,"Northern.Parula","Blue.Grosbeak",0.0488888888888889
"2842",0,0,6.9,4.8,5.6,10.4,0.800000000000001,7.2,0.300000000000001,3.1,2,0,0.0999999999999996,1,3,0.681241237375587,1,5,200,200,7.165,0,1,0,0,0,0,0,0,1,1,1,1,1,0,0,0,"Northern.Parula","Indigo.Bunting",0.111794871794872
"2892",0,0,0,0,0,0,0,0,0,0,0,0,0,0,0,0,0,0,0,0,0,0,1,1,1,1,1,1,1,1,1,1,1,1,1,1,1,"Black.throated.Blue.Warbler","Black.throated.Blue.Warbler",1
"2893",0,1,1.7,5.1,4.5,4.2,5.7,9.59999999999999,0,0.5,0.3,0.6,0.4,1,1,0.1249387366083,1,0,1450,1450,2,0,1,0,1,0,1,0,1,1,1,0,1,1,1,1,1,"Black.throated.Blue.Warbler","Pine.Warbler",-0.494700854700855
"2894",0,1,0.4,1.8,3.6,2,3.9,5.5,1.8,0.1,0.4,2.4,1.9,1,0,0.505149978319906,3,1,200,200,0.366666666666664,0,1,0,1,0,0,0,0,1,1,0,1,1,1,1,1,"Black.throated.Blue.Warbler","Yellow.throated.Warbler",-0.121367521367521
"2895",0,1,2.5,0.5,4.1,2.6,3.8,6.7,0.900000000000002,0.4,0.6,0.2,1.2,0,0,0.0280287236002436,1,1,380,380,2.1,0,1,1,1,0,1,0,0,1,1,0,0,1,1,1,1,"Black.throated.Blue.Warbler","Prairie.Warbler",-0.416068376068376
"2896",0,0,19,22.4,5.1,20.4,13,29.8,0.899999999999999,5.7,5,5.9,6.2,1,1,0.301029995663981,2,0,900,900,18.51,0,1,0,1,0,0,0,0,1,1,0,1,1,1,1,1,"Black.throated.Blue.Warbler","Summer.Tanager",-0.118632478632479
"2897",0,0,18.1,14.9,6.8,18.9,14.6,30.4,0.799999999999997,4.9,3.8,4.1,5.8,1,0,0.425968732272281,2,1,1000,1000,20.4666666666667,0,1,0,1,0,0,0,0,1,1,0,0,1,1,1,1,"Black.throated.Blue.Warbler","Scarlet.Tanager",0.0516239316239316
"2898",2,1,32.5,52.9,8.6,30.7,0.700000000000001,31.3,5.9,9,5.9,7.3,4.6,1,0,0.301029995663981,0,2,400,400,34.3833333333333,0,1,0,0,0,0,0,0,0,1,0,0,1,0,0,1,"Black.throated.Blue.Warbler","Northern.Cardinal",-0.304615384615385
"2899",0,1,17.3,15.5,1.2,20.2,5,23.9,1.7,7.6,4,4.9,4,1,0,0.1249387366083,2,2,900,900,18.75,0,1,1,0,0,0,0,0,1,1,0,1,1,1,1,0,"Black.throated.Blue.Warbler","Blue.Grosbeak",-0.245811965811966
"2900",0,1,4.6,0,1.6,3.3,0.200000000000001,2.59999999999999,1.4,2.9,1.7,0.199999999999999,1.3,1,1,0.176091259055681,0,2,700,700,5.4,0,1,0,0,0,0,1,0,1,1,0,0,1,0,0,0,"Black.throated.Blue.Warbler","Indigo.Bunting",-0.471452991452991
"2951",0,0,0,0,0,0,0,0,0,0,0,0,0,0,0,0,0,0,0,0,0,0,1,1,1,1,1,1,1,1,1,1,1,1,1,1,1,"Pine.Warbler","Pine.Warbler",1
"2952",0,0,2.1,3.3,0.900000000000002,2.2,1.8,4.09999999999999,1.8,0.4,0.1,1.8,1.5,0,1,0.380211241711606,2,1,1250,1250,2.36666666666666,0,1,1,1,0,0,1,0,1,1,1,1,1,1,1,1,"Pine.Warbler","Yellow.throated.Warbler",0.53982905982906
"2953",0,0,4.2,5.6,8.6,6.8,9.5,16.3,0.900000000000002,0.9,0.3,0.8,1.6,1,1,0.0969100130080565,0,1,1830,1830,4.1,0,1,0,1,1,1,1,0,1,1,1,0,1,1,1,1,"Pine.Warbler","Prairie.Warbler",0.684102564102564
"2954",0,1,17.3,17.3,0.599999999999998,16.2,7.3,20.2,0.899999999999999,5.2,5.3,5.3,5.8,0,0,0.176091259055681,1,0,550,550,16.51,0,1,1,1,1,0,1,0,1,1,1,1,1,1,1,1,"Pine.Warbler","Summer.Tanager",0.457777777777778
"2955",0,1,16.4,9.8,2.3,14.7,8.9,20.8,0.799999999999997,4.4,4.1,3.5,5.4,0,1,0.301029995663981,1,1,450,450,18.4666666666667,0,1,1,1,1,0,1,0,1,1,1,0,1,1,1,1,"Pine.Warbler","Scarlet.Tanager",0.260854700854701
"2956",2,0,30.8,47.8,13.1,26.5,6.4,21.7,5.9,8.5,6.2,6.7,4.2,2,1,0.176091259055681,1,2,1050,1050,32.3833333333333,0,1,0,0,0,0,1,0,0,1,1,0,1,0,0,1,"Pine.Warbler","Northern.Cardinal",0.628717948717949
"2957",0,0,15.6,10.4,5.7,16,0.700000000000003,14.3,1.7,7.1,4.3,4.3,3.6,0,1,0,1,2,550,550,16.75,0,1,0,0,0,0,1,0,1,1,1,1,1,1,1,0,"Pine.Warbler","Blue.Grosbeak",0.134358974358974
"2958",0,0,2.9,5.1,6.1,0.900000000000006,5.9,7,1.4,2.4,2,0.4,1.7,0,0,0.301029995663981,1,2,750,750,3.4,0,1,0,0,0,0,0,0,1,1,1,0,1,0,0,0,"Pine.Warbler","Indigo.Bunting",0.40034188034188
"3010",0,0,0,0,0,0,0,0,0,0,0,0,0,0,0,0,0,0,0,0,0,0,1,1,1,1,1,1,1,1,1,1,1,1,1,1,1,"Yellow.throated.Warbler","Yellow.throated.Warbler",1
"3011",0,0,2.1,2.3,7.7,4.6,7.7,12.2,0.899999999999999,0.5,0.2,2.6,3.1,1,0,0.477121254719662,2,0,580,580,1.73333333333334,0,1,0,1,0,0,1,1,1,1,1,0,1,1,1,1,"Yellow.throated.Warbler","Prairie.Warbler",0.494700854700855
"3012",0,1,19.4,20.6,1.5,18.4,9.1,24.3,2.7,5.6,5.4,3.5,4.3,0,1,0.204119982655925,1,1,700,700,18.8766666666667,0,1,1,1,0,0,1,1,1,1,1,1,1,1,1,1,"Yellow.throated.Warbler","Summer.Tanager",0.395555555555555
"3013",0,1,18.5,13.1,3.2,16.9,10.7,24.9,2.6,4.8,4.2,1.7,3.9,0,0,0.0791812460476249,1,2,800,800,20.8333333333333,0,1,1,1,0,0,1,1,1,1,1,0,1,1,1,1,"Yellow.throated.Warbler","Scarlet.Tanager",0.175384615384615
"3014",2,0,32.9,51.1,12.2,28.7,4.6,25.8,7.7,8.9,6.3,4.9,2.7,2,0,0.204119982655925,3,3,200,200,34.75,0,1,0,0,0,0,1,0,0,1,1,0,1,0,0,1,"Yellow.throated.Warbler","Northern.Cardinal",0.156239316239316
"3015",0,0,17.7,13.7,4.8,18.2,1.1,18.4,3.5,7.5,4.4,2.5,2.1,0,0,0.380211241711606,1,1,700,700,19.1166666666667,0,1,0,0,0,1,1,0,1,1,1,1,1,1,1,0,"Yellow.throated.Warbler","Blue.Grosbeak",0.193162393162393
"3016",0,0,5,1.8,5.2,1.3,4.1,2.90000000000001,0.399999999999999,2.8,2.1,2.2,3.2,0,1,0.681241237375587,3,1,500,500,5.76666666666666,0,1,0,0,0,0,0,0,1,1,1,0,1,0,0,0,"Yellow.throated.Warbler","Indigo.Bunting",-0.0536752136752137
"3069",0,0,0,0,0,0,0,0,0,0,0,0,0,0,0,0,0,0,0,0,0,0,1,1,1,1,1,1,1,1,1,1,1,1,1,1,1,"Prairie.Warbler","Prairie.Warbler",1
"3070",0,1,21.5,22.9,9.2,23,16.8,36.5,1.8,6.1,5.6,6.1,7.4,1,1,0.273001272063738,1,1,1280,1280,20.61,0,1,0,1,1,0,1,1,1,1,1,0,1,1,1,1,"Prairie.Warbler","Summer.Tanager",0.461880341880342
"3071",0,1,20.6,15.4,10.9,21.5,18.4,37.1,1.7,5.3,4.4,4.3,7,1,0,0.397940008672038,1,2,1380,1380,22.5666666666667,0,1,0,1,1,0,1,1,1,1,1,0,1,1,1,1,"Prairie.Warbler","Scarlet.Tanager",-0.00376068376068376
"3072",2,0,35,53.4,4.5,33.3,3.1,38,6.8,9.4,6.5,7.5,5.8,1,0,0.273001272063738,1,3,780,780,36.4833333333333,0,1,0,0,0,0,1,0,0,1,1,0,1,0,0,1,"Prairie.Warbler","Northern.Cardinal",0.367521367521367
"3073",0,0,19.8,16,2.9,22.8,8.8,30.6,2.6,8,4.6,5.1,5.2,1,0,0.0969100130080565,1,1,1280,1280,20.85,0,1,1,0,0,0,1,0,1,1,1,0,1,1,1,0,"Prairie.Warbler","Blue.Grosbeak",0.396239316239316
"3074",0,0,7.1,0.5,2.5,5.9,3.6,9.3,0.5,3.3,2.3,0.399999999999999,0.100000000000001,1,1,0.204119982655925,1,1,1080,1080,7.5,0,1,0,0,0,0,0,0,1,1,1,1,1,0,0,0,"Prairie.Warbler","Indigo.Bunting",0.363418803418803
"3128",0,0,0,0,0,0,0,0,0,0,0,0,0,0,0,0,0,0,0,0,0,0,1,1,1,1,1,1,1,1,1,1,1,1,1,1,1,"Summer.Tanager","Summer.Tanager",1
"3129",0,0,0.900000000000002,7.5,1.7,1.5,1.6,0.599999999999994,0.100000000000001,0.800000000000001,1.2,1.8,0.399999999999999,0,1,0.1249387366083,0,1,100,100,1.95666666666667,0,1,1,1,1,1,1,1,1,1,1,0,1,1,1,1,"Summer.Tanager","Scarlet.Tanager",0.469401709401709
"3130",2,1,13.5,30.5,13.7,10.3,13.7,1.5,5,3.3,0.9,1.4,1.6,2,1,0,2,2,500,500,15.8733333333333,0,1,0,0,0,0,1,0,0,1,1,0,1,0,0,1,"Summer.Tanager","Northern.Cardinal",0.583589743589744
"3131",0,1,1.7,6.89999999999999,6.3,0.200000000000003,8,5.90000000000001,0.800000000000001,1.9,1,1,2.2,0,1,0.176091259055681,0,2,0,0,0.239999999999998,0,1,0,0,0,0,1,0,1,1,1,1,1,1,1,0,"Summer.Tanager","Blue.Grosbeak",0.219145299145299
"3132",0,1,14.4,22.4,6.7,17.1,13.2,27.2,2.3,2.8,3.3,5.7,7.5,0,0,0.477121254719662,2,2,200,200,13.11,0,1,0,0,0,0,0,0,1,1,1,0,1,0,0,0,"Summer.Tanager","Indigo.Bunting",0.293675213675214
"3187",0,0,0,0,0,0,0,0,0,0,0,0,0,0,0,0,0,0,0,0,0,0,1,1,1,1,1,1,1,1,1,1,1,1,1,1,1,"Scarlet.Tanager","Scarlet.Tanager",1
"3188",2,1,14.4,38,15.4,11.8,15.3,0.900000000000006,5.1,4.1,2.1,3.2,1.2,2,0,0.1249387366083,2,1,600,600,13.9166666666667,0,1,0,0,0,0,1,0,0,1,1,0,1,0,0,1,"Scarlet.Tanager","Northern.Cardinal",0.632136752136752
"3189",0,1,0.800000000000001,0.600000000000009,8,1.3,9.6,6.5,0.900000000000002,2.7,0.2,0.800000000000001,1.8,0,0,0.301029995663981,0,3,100,100,1.71666666666667,0,1,0,0,0,0,1,0,1,1,1,0,1,1,1,0,"Scarlet.Tanager","Blue.Grosbeak",-0.112478632478632
"3190",0,1,13.5,14.9,8.4,15.6,14.8,27.8,2.2,2,2.1,3.9,7.1,0,1,0.602059991327962,2,3,300,300,15.0666666666667,0,1,0,0,0,0,0,0,1,1,1,0,1,0,0,0,"Scarlet.Tanager","Indigo.Bunting",-0.0105982905982906
"3246",0,0,0,0,0,0,0,0,0,0,0,0,0,0,0,0,0,0,0,0,0,0,1,1,1,1,1,1,1,1,1,1,1,1,1,1,1,"Northern.Cardinal","Northern.Cardinal",1
"3247",2,0,15.2,37.4,7.4,10.5,5.7,7.40000000000001,4.2,1.4,1.9,2.4,0.600000000000001,2,0,0.176091259055681,2,4,500,500,15.6333333333333,0,1,0,1,0,0,1,0,0,1,1,0,1,0,0,0,"Northern.Cardinal","Blue.Grosbeak",0.0899145299145299
"3248",2,0,27.9,52.9,7,27.4,0.5,28.7,7.3,6.1,4.2,7.1,5.9,2,1,0.477121254719662,0,4,300,300,28.9833333333333,0,1,1,1,0,0,0,0,0,1,1,0,1,1,0,0,"Northern.Cardinal","Indigo.Bunting",0.340854700854701
"3305",0,0,0,0,0,0,0,0,0,0,0,0,0,0,0,0,0,0,0,0,0,0,1,1,1,1,1,1,1,1,1,1,1,1,1,1,1,"Blue.Grosbeak","Blue.Grosbeak",1
"3306",0,0,12.7,15.5,0.399999999999999,16.9,5.2,21.3,3.1,4.7,2.3,4.7,5.3,0,1,0.301029995663981,2,0,200,200,13.35,0,1,0,1,0,0,0,0,1,1,1,0,1,0,0,0,"Blue.Grosbeak","Indigo.Bunting",0.576068376068376
"3364",0,0,0,0,0,0,0,0,0,0,0,0,0,0,0,0,0,0,0,0,0,0,1,1,1,1,1,1,1,1,1,1,1,1,1,1,1,"Indigo.Bunting","Indigo.Bunting",1
