"year","common_name","count"
1999,"Acadian Flycatcher",1
1999,"American Crow",17
1999,"American Goldfinch",2
1999,"American Robin",2
1999,"Barn Swallow",12
1999,"Blue Grosbeak",3
1999,"Blue-gray Gnatcatcher",9
1999,"Brown-headed Cowbird",2
1999,"Canada Goose",28
1999,"Carolina Wren",12
1999,"Chimney Swift",3
1999,"Chipping Sparrow",7
1999,"Common Grackle",10
1999,"Downy Woodpecker",1
1999,"Eastern Bluebird",9
1999,"Eastern Kingbird",2
1999,"Eastern Meadowlark",14
1999,"Eastern Phoebe",2
1999,"Eastern Towhee",1
1999,"Eastern Wood-Pewee",6
1999,"European Starling",17
1999,"Field Sparrow",2
1999,"Grasshopper Sparrow",3
1999,"Gray Catbird",1
1999,"Great Crested Flycatcher",1
1999,"House Finch",5
1999,"Indigo Bunting",11
1999,"Killdeer",2
1999,"Mourning Dove",18
1999,"Northern Bobwhite",1
1999,"Northern Cardinal",5
1999,"Northern Mockingbird",7
1999,"Ovenbird",3
1999,"Pine Warbler",1
1999,"Red-bellied Woodpecker",4
1999,"Red-eyed Vireo",10
1999,"Red-winged Blackbird",1
1999,"Scarlet Tanager",1
1999,"Tufted Titmouse",8
1999,"Turkey Vulture",1
1999,"White-breasted Nuthatch",1
1999,"Wood Thrush",4
1999,"Yellow-billed Cuckoo",1
1999,"American Goldfinch",5
1999,"American Robin",6
1999,"Barn Swallow",2
1999,"Blue Grosbeak",4
1999,"Blue Jay",1
1999,"Blue-gray Gnatcatcher",8
1999,"Brown-headed Cowbird",1
1999,"Carolina Chickadee",5
1999,"Carolina Wren",2
1999,"Chimney Swift",7
1999,"Common Grackle",2
1999,"Common Yellowthroat",2
1999,"Downy Woodpecker",1
1999,"Eastern Bluebird",6
1999,"Eastern Meadowlark",2
1999,"Eastern Phoebe",5
1999,"Eastern Wood-Pewee",2
1999,"European Starling",6
1999,"Field Sparrow",5
1999,"Grasshopper Sparrow",2
1999,"Great Crested Flycatcher",2
1999,"Indigo Bunting",8
1999,"Mourning Dove",17
1999,"Northern Cardinal",16
1999,"Northern Mockingbird",5
1999,"Red-bellied Woodpecker",7
1999,"Red-eyed Vireo",7
1999,"Red-winged Blackbird",3
1999,"Song Sparrow",1
1999,"Summer Tanager",1
1999,"Tufted Titmouse",14
1999,"Wood Thrush",6
1999,"Yellow-throated Warbler",2
1999,"American Crow",22
1999,"American Goldfinch",8
1999,"American Robin",9
1999,"Blue Grosbeak",2
1999,"Blue Jay",7
1999,"Blue-gray Gnatcatcher",3
1999,"Brown Thrasher",5
1999,"Brown-headed Nuthatch",1
1999,"Canada Goose",8
1999,"Carolina Chickadee",9
1999,"Carolina Wren",11
1999,"Chimney Swift",5
1999,"Chipping Sparrow",19
1999,"Common Grackle",23
1999,"Downy Woodpecker",1
1999,"Eastern Bluebird",17
1999,"Eastern Meadowlark",13
1999,"Eastern Towhee",5
1999,"Eastern Wood-Pewee",3
1999,"European Starling",21
1999,"Field Sparrow",5
1999,"Gray Catbird",1
1999,"Great Crested Flycatcher",2
1999,"House Finch",3
1999,"House Sparrow",10
1999,"Indigo Bunting",10
1999,"Mourning Dove",39
1999,"Northern Bobwhite",1
1999,"Northern Cardinal",13
1999,"Northern Mockingbird",16
1999,"Ovenbird",1
1999,"Pine Warbler",11
1999,"Red-bellied Woodpecker",6
1999,"Red-eyed Vireo",6
1999,"Summer Tanager",1
1999,"Tufted Titmouse",11
1999,"White-breasted Nuthatch",2
1999,"White-eyed Vireo",1
1999,"Wood Thrush",15
1999,"Acadian Flycatcher",1
1999,"American Crow",29
1999,"American Goldfinch",2
1999,"American Robin",3
1999,"Blue Jay",6
1999,"Blue-gray Gnatcatcher",2
1999,"Brown Thrasher",1
1999,"Brown-headed Cowbird",6
1999,"Carolina Chickadee",11
1999,"Carolina Wren",20
1999,"Chimney Swift",2
1999,"Chipping Sparrow",4
1999,"Common Grackle",1
1999,"Eastern Bluebird",1
1999,"Eastern Phoebe",2
1999,"Eastern Towhee",4
1999,"Eastern Wood-Pewee",1
1999,"European Starling",4
1999,"Field Sparrow",2
1999,"Fish Crow",1
1999,"House Finch",3
1999,"House Sparrow",1
1999,"Indigo Bunting",11
1999,"Mourning Dove",7
1999,"Northern Bobwhite",1
1999,"Northern Cardinal",25
1999,"Northern Parula",1
1999,"Orchard Oriole",1
1999,"Pine Warbler",7
1999,"Red-bellied Woodpecker",5
1999,"Red-eyed Vireo",8
1999,"Red-winged Blackbird",1
1999,"Scarlet Tanager",1
1999,"Tufted Titmouse",11
1999,"White-breasted Nuthatch",2
1999,"Wood Thrush",3
1999,"Yellow-breasted Chat",3
1999,"American Crow",34
1999,"American Goldfinch",8
1999,"American Robin",2
1999,"Barn Swallow",12
1999,"Blue Grosbeak",2
1999,"Blue Jay",1
1999,"Blue-gray Gnatcatcher",7
1999,"Brown Thrasher",3
1999,"Brown-headed Nuthatch",1
1999,"Canada Goose",2
1999,"Carolina Chickadee",10
1999,"Carolina Wren",27
1999,"Chimney Swift",4
1999,"Chipping Sparrow",12
1999,"Common Grackle",33
1999,"Common Yellowthroat",2
1999,"Downy Woodpecker",8
1999,"Eastern Bluebird",6
1999,"Eastern Meadowlark",20
1999,"Eastern Phoebe",4
1999,"Eastern Towhee",3
1999,"Eastern Wood-Pewee",2
1999,"European Starling",15
1999,"Field Sparrow",3
1999,"Grasshopper Sparrow",3
1999,"Great Blue Heron",1
1999,"Great Crested Flycatcher",3
1999,"House Finch",12
1999,"House Sparrow",6
1999,"Indigo Bunting",27
1999,"Killdeer",1
1999,"Mourning Dove",40
1999,"Northern Bobwhite",1
1999,"Northern Cardinal",24
1999,"Northern Mockingbird",10
1999,"Orchard Oriole",1
1999,"Ovenbird",2
1999,"Pileated Woodpecker",1
1999,"Pine Warbler",15
1999,"Prairie Warbler",3
1999,"Red-bellied Woodpecker",9
1999,"Red-eyed Vireo",7
1999,"Red-winged Blackbird",8
1999,"Ruby-throated Hummingbird",1
1999,"Scarlet Tanager",1
1999,"Summer Tanager",1
1999,"Tufted Titmouse",8
1999,"White-breasted Nuthatch",3
1999,"Wood Thrush",3
1999,"Yellow-breasted Chat",3
1999,"American Crow",24
1999,"American Goldfinch",4
1999,"Blue Grosbeak",1
1999,"Blue Jay",2
1999,"Blue-gray Gnatcatcher",11
1999,"Brown Thrasher",2
1999,"Carolina Chickadee",10
1999,"Carolina Wren",13
1999,"Chipping Sparrow",5
1999,"Common Grackle",54
1999,"Eastern Bluebird",6
1999,"Eastern Phoebe",1
1999,"Eastern Towhee",7
1999,"European Starling",4
1999,"Fish Crow",2
1999,"Gray Catbird",4
1999,"House Finch",4
1999,"Indigo Bunting",4
1999,"Mourning Dove",8
1999,"Northern Cardinal",30
1999,"Northern Mockingbird",4
1999,"Pine Warbler",10
1999,"Prairie Warbler",1
1999,"Red-bellied Woodpecker",3
1999,"Red-eyed Vireo",11
1999,"Red-winged Blackbird",1
1999,"Ruby-throated Hummingbird",1
1999,"Tufted Titmouse",8
1999,"Turkey Vulture",1
1999,"Wood Thrush",10
1999,"Yellow-breasted Chat",1
1999,"Acadian Flycatcher",1
1999,"American Crow",19
1999,"American Goldfinch",1
1999,"American Robin",13
1999,"Blue Grosbeak",1
1999,"Blue Jay",1
1999,"Blue-gray Gnatcatcher",4
1999,"Brown-headed Cowbird",4
1999,"Canada Goose",2
1999,"Carolina Chickadee",11
1999,"Carolina Wren",19
1999,"Chimney Swift",5
1999,"Chipping Sparrow",15
1999,"Common Grackle",4
1999,"Common Yellowthroat",6
1999,"Eastern Bluebird",14
1999,"Eastern Meadowlark",8
1999,"Eastern Phoebe",2
1999,"Eastern Towhee",5
1999,"Eastern Wood-Pewee",4
1999,"Field Sparrow",5
1999,"Gray Catbird",1
1999,"House Finch",9
1999,"House Sparrow",3
1999,"Indigo Bunting",21
1999,"Killdeer",8
1999,"Mourning Dove",11
1999,"Northern Bobwhite",1
1999,"Northern Cardinal",19
1999,"Northern Mockingbird",16
1999,"Orchard Oriole",1
1999,"Ovenbird",1
1999,"Pine Warbler",3
1999,"Red-bellied Woodpecker",2
1999,"Red-eyed Vireo",18
1999,"Red-winged Blackbird",6
1999,"Summer Tanager",4
1999,"Tufted Titmouse",19
1999,"Wood Thrush",5
1999,"Yellow-throated Vireo",1
1999,"American Crow",23
1999,"American Goldfinch",7
1999,"American Robin",3
1999,"Blue Grosbeak",1
1999,"Blue Jay",1
1999,"Blue-gray Gnatcatcher",5
1999,"Brown Thrasher",1
1999,"Canada Goose",4
1999,"Carolina Chickadee",1
1999,"Carolina Wren",18
1999,"Chipping Sparrow",11
1999,"Common Grackle",8
1999,"Downy Woodpecker",1
1999,"Eastern Bluebird",5
1999,"Eastern Meadowlark",6
1999,"Eastern Phoebe",3
1999,"Eastern Towhee",6
1999,"Eastern Wood-Pewee",9
1999,"European Starling",5
1999,"Field Sparrow",7
1999,"Fish Crow",2
1999,"Great Crested Flycatcher",2
1999,"House Sparrow",4
1999,"Indigo Bunting",11
1999,"Killdeer",1
1999,"Mourning Dove",28
1999,"Northern Bobwhite",2
1999,"Northern Cardinal",22
1999,"Northern Mockingbird",5
1999,"Ovenbird",1
1999,"Red-bellied Woodpecker",4
1999,"Red-eyed Vireo",8
1999,"Red-shouldered Hawk",1
1999,"Red-winged Blackbird",1
1999,"Tufted Titmouse",17
1999,"White-breasted Nuthatch",2
1999,"Wood Thrush",7
1999,"Yellow-billed Cuckoo",1
1999,"Yellow-throated Warbler",1
1999,"American Crow",17
1999,"American Goldfinch",12
1999,"American Robin",6
1999,"Barn Swallow",1
1999,"Blue Grosbeak",1
1999,"Blue Jay",7
1999,"Blue-gray Gnatcatcher",5
1999,"Brown-headed Cowbird",4
1999,"Brown-headed Nuthatch",1
1999,"Canada Goose",2
1999,"Carolina Chickadee",20
1999,"Carolina Wren",3
1999,"Chimney Swift",8
1999,"Chipping Sparrow",12
1999,"Common Grackle",14
1999,"Common Yellowthroat",7
1999,"Downy Woodpecker",3
1999,"Eastern Bluebird",3
1999,"Eastern Kingbird",3
1999,"Eastern Meadowlark",1
1999,"Eastern Towhee",2
1999,"Eastern Wood-Pewee",2
1999,"European Starling",1
1999,"Field Sparrow",2
1999,"House Finch",2
1999,"Indigo Bunting",8
1999,"Killdeer",1
1999,"Mourning Dove",12
1999,"Northern Cardinal",31
1999,"Northern Mockingbird",5
1999,"Ovenbird",8
1999,"Pine Warbler",5
1999,"Red-bellied Woodpecker",11
1999,"Red-eyed Vireo",14
1999,"Red-shouldered Hawk",2
1999,"Red-winged Blackbird",5
1999,"Tufted Titmouse",9
1999,"Turkey Vulture",1
1999,"White-breasted Nuthatch",3
1999,"Wood Thrush",3
1999,"Yellow-breasted Chat",1
1999,"American Crow",22
1999,"American Goldfinch",3
1999,"American Robin",4
1999,"Barn Swallow",18
1999,"Blue Grosbeak",4
1999,"Blue Jay",12
1999,"Blue-gray Gnatcatcher",9
1999,"Brown Thrasher",2
1999,"Brown-headed Cowbird",2
1999,"Brown-headed Nuthatch",1
1999,"Canada Goose",19
1999,"Carolina Chickadee",6
1999,"Carolina Wren",25
1999,"Chimney Swift",7
1999,"Chipping Sparrow",10
1999,"Common Grackle",15
1999,"Common Yellowthroat",3
1999,"Downy Woodpecker",4
1999,"Eastern Bluebird",10
1999,"Eastern Kingbird",4
1999,"Eastern Meadowlark",4
1999,"Eastern Towhee",1
1999,"Eastern Whip-poor-will",1
1999,"Eastern Wood-Pewee",3
1999,"European Starling",26
1999,"Field Sparrow",3
1999,"Grasshopper Sparrow",1
1999,"Gray Catbird",1
1999,"Great Blue Heron",1
1999,"Great Crested Flycatcher",1
1999,"House Finch",4
1999,"House Sparrow",2
1999,"Indigo Bunting",12
1999,"Killdeer",2
1999,"Mourning Dove",27
1999,"Northern Cardinal",23
1999,"Northern Mockingbird",7
1999,"Ovenbird",2
1999,"Pine Warbler",16
1999,"Red-bellied Woodpecker",9
1999,"Red-eyed Vireo",17
1999,"Red-shouldered Hawk",2
1999,"Red-winged Blackbird",5
1999,"Scarlet Tanager",1
1999,"Summer Tanager",1
1999,"Tufted Titmouse",16
1999,"White-eyed Vireo",2
1999,"Wood Thrush",11
1999,"Yellow-billed Cuckoo",3
1999,"Yellow-breasted Chat",1
1999,"Yellow-throated Vireo",1
1999,"Acadian Flycatcher",2
1999,"American Crow",38
1999,"American Goldfinch",13
1999,"American Robin",3
1999,"Blue Grosbeak",12
1999,"Blue Jay",6
1999,"Brown Thrasher",1
1999,"Canada Goose",8
1999,"Carolina Chickadee",19
1999,"Carolina Wren",18
1999,"Chimney Swift",10
1999,"Chipping Sparrow",2
1999,"Common Grackle",40
1999,"Downy Woodpecker",1
1999,"Eastern Bluebird",11
1999,"Eastern Kingbird",1
1999,"Eastern Meadowlark",6
1999,"Eastern Phoebe",13
1999,"Eastern Towhee",8
1999,"Eastern Wood-Pewee",7
1999,"European Starling",21
1999,"Field Sparrow",2
1999,"Gray Catbird",2
1999,"House Finch",1
1999,"Indigo Bunting",4
1999,"Mourning Dove",16
1999,"Northern Cardinal",43
1999,"Northern Mockingbird",9
1999,"Ovenbird",8
1999,"Pine Warbler",10
1999,"Red-bellied Woodpecker",6
1999,"Red-eyed Vireo",8
1999,"Red-shouldered Hawk",2
1999,"Red-winged Blackbird",4
1999,"Summer Tanager",3
1999,"Tufted Titmouse",25
1999,"White-breasted Nuthatch",2
1999,"Wood Thrush",7
1999,"Yellow-breasted Chat",1
1999,"American Crow",17
1999,"American Goldfinch",6
1999,"American Robin",22
1999,"Barn Swallow",3
1999,"Blue Grosbeak",3
1999,"Blue Jay",1
1999,"Blue-gray Gnatcatcher",5
1999,"Brown Thrasher",1
1999,"Brown-headed Cowbird",1
1999,"Brown-headed Nuthatch",3
1999,"Canada Goose",4
1999,"Carolina Chickadee",7
1999,"Carolina Wren",18
1999,"Chimney Swift",8
1999,"Chipping Sparrow",6
1999,"Common Grackle",18
1999,"Common Yellowthroat",1
1999,"Downy Woodpecker",1
1999,"Eastern Bluebird",1
1999,"Eastern Meadowlark",1
1999,"Eastern Towhee",13
1999,"Eastern Wood-Pewee",1
1999,"European Starling",36
1999,"Field Sparrow",1
1999,"Fish Crow",2
1999,"Gray Catbird",8
1999,"Great Crested Flycatcher",5
1999,"House Finch",5
1999,"Indigo Bunting",3
1999,"Mourning Dove",7
1999,"Northern Cardinal",48
1999,"Northern Mockingbird",8
1999,"Orchard Oriole",1
1999,"Ovenbird",3
1999,"Pine Warbler",16
1999,"Red-bellied Woodpecker",7
1999,"Red-eyed Vireo",6
1999,"Red-winged Blackbird",5
1999,"Scarlet Tanager",1
1999,"Summer Tanager",5
1999,"Tufted Titmouse",13
1999,"Wood Thrush",5
2000,"Acadian Flycatcher",2
2000,"American Crow",27
2000,"American Goldfinch",2
2000,"Blue Jay",1
2000,"Blue-gray Gnatcatcher",6
2000,"Brown Thrasher",4
2000,"Brown-headed Cowbird",1
2000,"Carolina Chickadee",8
2000,"Carolina Wren",3
2000,"Chimney Swift",8
2000,"Eastern Bluebird",9
2000,"Eastern Towhee",4
2000,"Eastern Whip-poor-will",2
2000,"Eastern Wood-Pewee",3
2000,"European Starling",5
2000,"Great Crested Flycatcher",2
2000,"Hooded Warbler",1
2000,"House Finch",1
2000,"Indigo Bunting",5
2000,"Killdeer",3
2000,"Mourning Dove",10
2000,"Northern Cardinal",32
2000,"Northern Mockingbird",3
2000,"Northern Parula",2
2000,"Ovenbird",5
2000,"Pileated Woodpecker",2
2000,"Pine Warbler",14
2000,"Red-bellied Woodpecker",6
2000,"Red-eyed Vireo",19
2000,"Scarlet Tanager",3
2000,"Tufted Titmouse",13
2000,"Wood Thrush",11
2000,"Yellow-throated Warbler",1
2000,"Acadian Flycatcher",2
2000,"American Crow",16
2000,"American Goldfinch",7
2000,"American Robin",13
2000,"Barn Swallow",1
2000,"Blue Grosbeak",4
2000,"Blue Jay",3
2000,"Blue-gray Gnatcatcher",18
2000,"Brown Thrasher",2
2000,"Brown-headed Cowbird",6
2000,"Carolina Chickadee",13
2000,"Carolina Wren",10
2000,"Chimney Swift",3
2000,"Chipping Sparrow",12
2000,"Common Grackle",4
2000,"Common Yellowthroat",1
2000,"Downy Woodpecker",3
2000,"Eastern Bluebird",1
2000,"Eastern Kingbird",3
2000,"Eastern Towhee",3
2000,"Eastern Whip-poor-will",6
2000,"Eastern Wood-Pewee",2
2000,"European Starling",10
2000,"Great Blue Heron",1
2000,"Indigo Bunting",9
2000,"Mourning Dove",24
2000,"Northern Cardinal",26
2000,"Northern Mockingbird",1
2000,"Northern Parula",2
2000,"Ovenbird",5
2000,"Pine Warbler",17
2000,"Red-bellied Woodpecker",6
2000,"Red-eyed Vireo",13
2000,"Scarlet Tanager",2
2000,"Summer Tanager",4
2000,"Tufted Titmouse",18
2000,"Wood Thrush",11
2000,"Yellow-billed Cuckoo",3
2000,"Yellow-breasted Chat",5
2000,"Yellow-throated Vireo",1
2000,"Yellow-throated Warbler",1
2000,"American Crow",16
2000,"American Goldfinch",2
2000,"American Robin",8
2000,"Barn Swallow",2
2000,"Blue Grosbeak",10
2000,"Blue Jay",3
2000,"Blue-gray Gnatcatcher",5
2000,"Brown Thrasher",3
2000,"Brown-headed Cowbird",2
2000,"Brown-headed Nuthatch",2
2000,"Carolina Chickadee",10
2000,"Carolina Wren",20
2000,"Chimney Swift",4
2000,"Chipping Sparrow",6
2000,"Common Grackle",19
2000,"Common Yellowthroat",2
2000,"Downy Woodpecker",1
2000,"Eastern Bluebird",7
2000,"Eastern Kingbird",2
2000,"Eastern Meadowlark",4
2000,"Eastern Phoebe",1
2000,"Eastern Towhee",2
2000,"Eastern Wood-Pewee",5
2000,"European Starling",2
2000,"Gray Catbird",1
2000,"Great Crested Flycatcher",4
2000,"Indigo Bunting",7
2000,"Killdeer",2
2000,"Mourning Dove",4
2000,"Northern Bobwhite",3
2000,"Northern Cardinal",14
2000,"Northern Mockingbird",4
2000,"Orchard Oriole",5
2000,"Ovenbird",2
2000,"Pine Warbler",13
2000,"Prairie Warbler",2
2000,"Purple Martin",1
2000,"Red-bellied Woodpecker",3
2000,"Red-eyed Vireo",7
2000,"Scarlet Tanager",1
2000,"Summer Tanager",8
2000,"Tufted Titmouse",25
2000,"White-breasted Nuthatch",1
2000,"White-eyed Vireo",1
2000,"Wood Thrush",1
2000,"Yellow-billed Cuckoo",4
2000,"Yellow-breasted Chat",9
2000,"American Crow",30
2000,"American Goldfinch",5
2000,"Barn Swallow",8
2000,"Blue Jay",5
2000,"Blue-gray Gnatcatcher",7
2000,"Brown Thrasher",1
2000,"Brown-headed Nuthatch",2
2000,"Carolina Chickadee",6
2000,"Carolina Wren",20
2000,"Chimney Swift",9
2000,"Chipping Sparrow",14
2000,"Common Grackle",6
2000,"Common Yellowthroat",2
2000,"Downy Woodpecker",7
2000,"Eastern Bluebird",9
2000,"Eastern Kingbird",3
2000,"Eastern Meadowlark",4
2000,"Eastern Phoebe",2
2000,"Eastern Towhee",6
2000,"Eastern Whip-poor-will",3
2000,"Eastern Wood-Pewee",4
2000,"Field Sparrow",1
2000,"Great Crested Flycatcher",1
2000,"Hooded Warbler",3
2000,"House Sparrow",6
2000,"Indigo Bunting",14
2000,"Mourning Dove",15
2000,"Northern Bobwhite",4
2000,"Northern Cardinal",18
2000,"Northern Mockingbird",4
2000,"Northern Parula",1
2000,"Ovenbird",4
2000,"Pine Warbler",8
2000,"Prairie Warbler",6
2000,"Red-bellied Woodpecker",3
2000,"Red-eyed Vireo",4
2000,"Red-winged Blackbird",1
2000,"Summer Tanager",3
2000,"Tufted Titmouse",17
2000,"White-breasted Nuthatch",3
2000,"White-eyed Vireo",4
2000,"Wood Thrush",8
2000,"Yellow-breasted Chat",8
2000,"Yellow-throated Vireo",1
2000,"Yellow-throated Warbler",1
2000,"American Crow",27
2000,"American Goldfinch",1
2000,"American Robin",4
2000,"Barn Swallow",8
2000,"Blue Grosbeak",9
2000,"Blue Jay",1
2000,"Blue-gray Gnatcatcher",6
2000,"Brown Thrasher",4
2000,"Brown-headed Cowbird",4
2000,"Carolina Chickadee",4
2000,"Carolina Wren",8
2000,"Chimney Swift",1
2000,"Chipping Sparrow",10
2000,"Common Grackle",2
2000,"Common Yellowthroat",3
2000,"Downy Woodpecker",7
2000,"Eastern Bluebird",15
2000,"Eastern Meadowlark",6
2000,"Eastern Towhee",3
2000,"Eastern Wood-Pewee",15
2000,"European Starling",16
2000,"Field Sparrow",2
2000,"House Finch",7
2000,"Indigo Bunting",7
2000,"Mourning Dove",8
2000,"Northern Cardinal",21
2000,"Northern Mockingbird",5
2000,"Orchard Oriole",5
2000,"Ovenbird",3
2000,"Pine Warbler",2
2000,"Red-bellied Woodpecker",3
2000,"Red-eyed Vireo",7
2000,"Red-winged Blackbird",1
2000,"Summer Tanager",7
2000,"Tufted Titmouse",10
2000,"Turkey Vulture",1
2000,"White-breasted Nuthatch",1
2000,"Wood Thrush",13
2000,"Yellow-billed Cuckoo",2
2000,"Yellow-breasted Chat",4
2000,"Yellow-throated Vireo",1
2000,"American Crow",53
2000,"American Goldfinch",3
2000,"American Robin",8
2000,"Barn Swallow",1
2000,"Blue Grosbeak",7
2000,"Blue Jay",1
2000,"Blue-gray Gnatcatcher",2
2000,"Brown Thrasher",3
2000,"Brown-headed Cowbird",2
2000,"Brown-headed Nuthatch",2
2000,"Carolina Chickadee",3
2000,"Carolina Wren",5
2000,"Chimney Swift",5
2000,"Chipping Sparrow",12
2000,"Common Grackle",30
2000,"Downy Woodpecker",4
2000,"Eastern Bluebird",8
2000,"Eastern Kingbird",2
2000,"Eastern Meadowlark",6
2000,"Eastern Towhee",3
2000,"Eastern Wood-Pewee",11
2000,"European Starling",11
2000,"Indigo Bunting",12
2000,"Killdeer",2
2000,"Mourning Dove",21
2000,"Northern Cardinal",32
2000,"Northern Mockingbird",16
2000,"Pine Warbler",3
2000,"Red-bellied Woodpecker",6
2000,"Red-eyed Vireo",16
2000,"Red-winged Blackbird",7
2000,"Ruby-throated Hummingbird",1
2000,"Scarlet Tanager",2
2000,"Tufted Titmouse",13
2000,"White-breasted Nuthatch",2
2000,"Wood Thrush",13
2000,"Yellow-billed Cuckoo",5
2000,"Acadian Flycatcher",1
2000,"American Crow",33
2000,"American Goldfinch",5
2000,"Barn Swallow",2
2000,"Blue Grosbeak",7
2000,"Blue Jay",6
2000,"Blue-gray Gnatcatcher",15
2000,"Brown Thrasher",3
2000,"Brown-headed Cowbird",1
2000,"Carolina Chickadee",10
2000,"Carolina Wren",13
2000,"Chipping Sparrow",4
2000,"Common Grackle",1
2000,"Common Yellowthroat",6
2000,"Downy Woodpecker",6
2000,"Eastern Bluebird",5
2000,"Eastern Kingbird",2
2000,"Eastern Meadowlark",4
2000,"Eastern Towhee",7
2000,"Eastern Wood-Pewee",7
2000,"European Starling",2
2000,"Field Sparrow",1
2000,"Grasshopper Sparrow",3
2000,"Gray Catbird",1
2000,"Great Crested Flycatcher",1
2000,"Hooded Warbler",3
2000,"Indigo Bunting",23
2000,"Mourning Dove",31
2000,"Northern Bobwhite",2
2000,"Northern Cardinal",21
2000,"Northern Mockingbird",1
2000,"Ovenbird",2
2000,"Pileated Woodpecker",1
2000,"Pine Warbler",10
2000,"Prairie Warbler",4
2000,"Red-bellied Woodpecker",11
2000,"Red-eyed Vireo",30
2000,"Red-shouldered Hawk",1
2000,"Scarlet Tanager",4
2000,"Summer Tanager",3
2000,"Tufted Titmouse",9
2000,"White-breasted Nuthatch",1
2000,"White-eyed Vireo",1
2000,"Wood Thrush",6
2000,"Yellow-billed Cuckoo",7
2000,"Yellow-breasted Chat",15
2000,"Yellow-throated Warbler",1
2000,"Acadian Flycatcher",2
2000,"American Crow",33
2000,"American Goldfinch",10
2000,"American Robin",2
2000,"Barn Swallow",28
2000,"Blue Grosbeak",2
2000,"Blue Jay",6
2000,"Blue-gray Gnatcatcher",8
2000,"Brown-headed Cowbird",1
2000,"Carolina Chickadee",7
2000,"Carolina Wren",4
2000,"Chimney Swift",7
2000,"Chipping Sparrow",9
2000,"Common Grackle",7
2000,"Common Yellowthroat",1
2000,"Downy Woodpecker",3
2000,"Eastern Bluebird",13
2000,"Eastern Meadowlark",9
2000,"Eastern Phoebe",4
2000,"Eastern Towhee",6
2000,"Eastern Wood-Pewee",1
2000,"Fish Crow",1
2000,"Indigo Bunting",12
2000,"Killdeer",1
2000,"Mourning Dove",22
2000,"Northern Bobwhite",1
2000,"Northern Cardinal",32
2000,"Northern Mockingbird",7
2000,"Ovenbird",6
2000,"Pine Warbler",2
2000,"Red-bellied Woodpecker",6
2000,"Red-eyed Vireo",20
2000,"Ruby-throated Hummingbird",1
2000,"Scarlet Tanager",1
2000,"Summer Tanager",2
2000,"Tufted Titmouse",12
2000,"Wood Thrush",10
2000,"Yellow-billed Cuckoo",10
2000,"Yellow-breasted Chat",5
2000,"Yellow-throated Vireo",3
2000,"Acadian Flycatcher",3
2000,"American Crow",21
2000,"American Goldfinch",2
2000,"American Robin",2
2000,"Barn Swallow",1
2000,"Blue Grosbeak",5
2000,"Blue Jay",11
2000,"Blue-gray Gnatcatcher",8
2000,"Brown Thrasher",3
2000,"Brown-headed Cowbird",3
2000,"Carolina Chickadee",12
2000,"Carolina Wren",14
2000,"Chimney Swift",6
2000,"Chipping Sparrow",8
2000,"Common Grackle",1
2000,"Downy Woodpecker",4
2000,"Eastern Bluebird",6
2000,"Eastern Towhee",3
2000,"Fish Crow",2
2000,"Great Blue Heron",1
2000,"Great Crested Flycatcher",4
2000,"Hooded Warbler",1
2000,"House Finch",7
2000,"Indigo Bunting",1
2000,"Killdeer",3
2000,"Mourning Dove",13
2000,"Northern Cardinal",30
2000,"Northern Mockingbird",1
2000,"Northern Parula",2
2000,"Ovenbird",4
2000,"Pine Warbler",11
2000,"Prairie Warbler",1
2000,"Red-bellied Woodpecker",9
2000,"Red-eyed Vireo",10
2000,"Red-winged Blackbird",2
2000,"Ruby-throated Hummingbird",2
2000,"Scarlet Tanager",3
2000,"Summer Tanager",4
2000,"Tufted Titmouse",7
2000,"White-breasted Nuthatch",4
2000,"Wood Thrush",13
2000,"Yellow-billed Cuckoo",6
2000,"Yellow-breasted Chat",2
2000,"Yellow-throated Warbler",1
2000,"American Crow",12
2000,"American Goldfinch",8
2000,"American Robin",6
2000,"Barn Swallow",10
2000,"Blue Jay",2
2000,"Blue-gray Gnatcatcher",21
2000,"Brown Thrasher",2
2000,"Brown-headed Cowbird",2
2000,"Brown-headed Nuthatch",2
2000,"Carolina Chickadee",8
2000,"Carolina Wren",4
2000,"Chimney Swift",6
2000,"Chipping Sparrow",7
2000,"Common Grackle",24
2000,"Downy Woodpecker",3
2000,"Eastern Bluebird",9
2000,"Eastern Phoebe",1
2000,"Eastern Towhee",4
2000,"Eastern Whip-poor-will",12
2000,"Eastern Wood-Pewee",1
2000,"European Starling",47
2000,"Gray Catbird",2
2000,"Great Crested Flycatcher",1
2000,"Hooded Warbler",1
2000,"Indigo Bunting",5
2000,"Killdeer",3
2000,"Mourning Dove",11
2000,"Northern Bobwhite",2
2000,"Northern Cardinal",19
2000,"Northern Mockingbird",10
2000,"Northern Parula",2
2000,"Pine Warbler",1
2000,"Ruby-throated Hummingbird",1
2000,"Summer Tanager",9
2000,"Tufted Titmouse",6
2000,"Wood Thrush",11
2000,"Yellow-breasted Chat",3
2000,"Yellow-throated Warbler",1
2000,"American Crow",33
2000,"American Robin",1
2000,"Blue Grosbeak",9
2000,"Blue-gray Gnatcatcher",14
2000,"Carolina Wren",4
2000,"Common Grackle",1
2000,"Common Yellowthroat",3
2000,"Eastern Bluebird",5
2000,"Eastern Kingbird",2
2000,"Eastern Phoebe",1
2000,"Eastern Towhee",1
2000,"Eastern Whip-poor-will",1
2000,"Eastern Wood-Pewee",4
2000,"Field Sparrow",1
2000,"Great Crested Flycatcher",1
2000,"House Finch",2
2000,"Indigo Bunting",9
2000,"Mourning Dove",18
2000,"Northern Bobwhite",3
2000,"Northern Cardinal",16
2000,"Northern Mockingbird",2
2000,"Northern Parula",3
2000,"Ovenbird",6
2000,"Pine Warbler",7
2000,"Prairie Warbler",3
2000,"Red-bellied Woodpecker",3
2000,"Red-eyed Vireo",10
2000,"Summer Tanager",1
2000,"Tufted Titmouse",15
2000,"White-eyed Vireo",2
2000,"Wood Thrush",5
2000,"Yellow-billed Cuckoo",2
2000,"Yellow-breasted Chat",4
2000,"Yellow-throated Vireo",1
2000,"American Crow",32
2000,"American Goldfinch",5
2000,"American Robin",5
2000,"Barn Swallow",6
2000,"Blue Grosbeak",3
2000,"Blue Jay",4
2000,"Blue-gray Gnatcatcher",2
2000,"Brown Thrasher",3
2000,"Brown-headed Cowbird",5
2000,"Carolina Chickadee",1
2000,"Carolina Wren",11
2000,"Chimney Swift",2
2000,"Chipping Sparrow",11
2000,"Common Yellowthroat",1
2000,"Downy Woodpecker",3
2000,"Eastern Bluebird",12
2000,"Eastern Meadowlark",6
2000,"Eastern Phoebe",1
2000,"Eastern Towhee",4
2000,"Eastern Wood-Pewee",8
2000,"European Starling",59
2000,"Great Crested Flycatcher",2
2000,"Indigo Bunting",13
2000,"Mourning Dove",14
2000,"Northern Bobwhite",1
2000,"Northern Cardinal",16
2000,"Northern Mockingbird",18
2000,"Pine Warbler",4
2000,"Red-bellied Woodpecker",7
2000,"Red-eyed Vireo",9
2000,"Red-winged Blackbird",3
2000,"Scarlet Tanager",2
2000,"Song Sparrow",1
2000,"Summer Tanager",3
2000,"Tufted Titmouse",4
2000,"White-breasted Nuthatch",3
2000,"Wood Thrush",8
2000,"American Crow",29
2000,"American Goldfinch",4
2000,"American Robin",11
2000,"Barn Swallow",1
2000,"Blue Grosbeak",2
2000,"Blue Jay",8
2000,"Blue-gray Gnatcatcher",2
2000,"Carolina Chickadee",6
2000,"Carolina Wren",5
2000,"Chimney Swift",14
2000,"Chipping Sparrow",4
2000,"Downy Woodpecker",3
2000,"Eastern Bluebird",6
2000,"Eastern Meadowlark",5
2000,"Eastern Phoebe",1
2000,"Eastern Towhee",10
2000,"Eastern Wood-Pewee",3
2000,"European Starling",23
2000,"Field Sparrow",1
2000,"Great Blue Heron",2
2000,"House Sparrow",12
2000,"Indigo Bunting",18
2000,"Mourning Dove",31
2000,"Northern Cardinal",39
2000,"Northern Mockingbird",19
2000,"Pine Warbler",4
2000,"Red-bellied Woodpecker",4
2000,"Red-eyed Vireo",13
2000,"Song Sparrow",8
2000,"Summer Tanager",1
2000,"Tufted Titmouse",5
2000,"White-breasted Nuthatch",1
2000,"Wood Thrush",9
2000,"Yellow-billed Cuckoo",1
2000,"Yellow-breasted Chat",6
2000,"Yellow-throated Vireo",1
2000,"Yellow-throated Warbler",1
2000,"American Crow",27
2000,"American Goldfinch",10
2000,"American Robin",4
2000,"Blue Grosbeak",5
2000,"Blue-gray Gnatcatcher",13
2000,"Brown Thrasher",1
2000,"Brown-headed Cowbird",3
2000,"Brown-headed Nuthatch",1
2000,"Canada Goose",2
2000,"Carolina Chickadee",8
2000,"Carolina Wren",6
2000,"Chimney Swift",10
2000,"Chipping Sparrow",5
2000,"Common Grackle",14
2000,"Downy Woodpecker",1
2000,"Eastern Bluebird",6
2000,"Eastern Kingbird",3
2000,"Eastern Phoebe",3
2000,"Eastern Towhee",10
2000,"Eastern Wood-Pewee",4
2000,"European Starling",2
2000,"Great Crested Flycatcher",2
2000,"Hooded Warbler",1
2000,"House Finch",5
2000,"Indigo Bunting",9
2000,"Mourning Dove",23
2000,"Northern Cardinal",9
2000,"Northern Mockingbird",4
2000,"Northern Parula",2
2000,"Orchard Oriole",1
2000,"Ovenbird",1
2000,"Pine Warbler",9
2000,"Purple Martin",2
2000,"Red-bellied Woodpecker",3
2000,"Red-eyed Vireo",2
2000,"Summer Tanager",1
2000,"Tufted Titmouse",12
2000,"White-eyed Vireo",1
2000,"Wood Thrush",6
2000,"Yellow-billed Cuckoo",1
2000,"Yellow-breasted Chat",1
2000,"Yellow-throated Warbler",1
2000,"Acadian Flycatcher",1
2000,"American Crow",33
2000,"American Goldfinch",6
2000,"American Robin",2
2000,"Barn Swallow",7
2000,"Blue Grosbeak",2
2000,"Blue Jay",5
2000,"Brown Thrasher",4
2000,"Canada Goose",23
2000,"Carolina Wren",4
2000,"Chimney Swift",1
2000,"Chipping Sparrow",10
2000,"Common Grackle",12
2000,"Common Yellowthroat",2
2000,"Eastern Bluebird",4
2000,"Eastern Kingbird",3
2000,"Eastern Meadowlark",3
2000,"Eastern Towhee",2
2000,"Eastern Wood-Pewee",2
2000,"European Starling",8
2000,"Field Sparrow",1
2000,"Grasshopper Sparrow",4
2000,"Great Blue Heron",2
2000,"Great Crested Flycatcher",1
2000,"House Sparrow",1
2000,"Indigo Bunting",5
2000,"Killdeer",6
2000,"Mourning Dove",17
2000,"Northern Bobwhite",1
2000,"Northern Cardinal",10
2000,"Northern Mockingbird",6
2000,"Pine Warbler",2
2000,"Red-bellied Woodpecker",2
2000,"Red-eyed Vireo",7
2000,"Red-winged Blackbird",3
2000,"Summer Tanager",1
2000,"Tufted Titmouse",8
2000,"Wood Thrush",8
2000,"American Crow",21
2000,"American Goldfinch",8
2000,"Barn Swallow",2
2000,"Blue Grosbeak",3
2000,"Blue Jay",1
2000,"Blue-gray Gnatcatcher",1
2000,"Brown Thrasher",1
2000,"Brown-headed Cowbird",2
2000,"Carolina Chickadee",3
2000,"Carolina Wren",5
2000,"Chipping Sparrow",4
2000,"Common Grackle",9
2000,"Eastern Bluebird",6
2000,"Eastern Meadowlark",1
2000,"Eastern Towhee",1
2000,"Eastern Wood-Pewee",3
2000,"European Starling",3
2000,"Field Sparrow",3
2000,"Great Blue Heron",1
2000,"Indigo Bunting",13
2000,"Mourning Dove",19
2000,"Northern Bobwhite",2
2000,"Northern Cardinal",7
2000,"Northern Mockingbird",3
2000,"Pine Warbler",1
2000,"Red-bellied Woodpecker",7
2000,"Red-eyed Vireo",11
2000,"Red-winged Blackbird",2
2000,"Summer Tanager",1
2000,"Tufted Titmouse",18
2000,"Wood Thrush",7
2000,"American Crow",23
2000,"American Goldfinch",5
2000,"American Robin",8
2000,"Blue Jay",4
2000,"Blue-gray Gnatcatcher",5
2000,"Brown-headed Cowbird",4
2000,"Canada Goose",9
2000,"Carolina Chickadee",9
2000,"Carolina Wren",9
2000,"Chimney Swift",6
2000,"Chipping Sparrow",7
2000,"Common Grackle",18
2000,"Common Yellowthroat",1
2000,"Eastern Bluebird",21
2000,"Eastern Meadowlark",11
2000,"Eastern Towhee",3
2000,"Eastern Wood-Pewee",6
2000,"European Starling",12
2000,"Field Sparrow",1
2000,"Great Crested Flycatcher",2
2000,"House Finch",8
2000,"House Sparrow",7
2000,"Indigo Bunting",9
2000,"Killdeer",1
2000,"Mourning Dove",12
2000,"Northern Bobwhite",2
2000,"Northern Cardinal",15
2000,"Northern Mockingbird",13
2000,"Ovenbird",1
2000,"Pine Warbler",10
2000,"Prairie Warbler",1
2000,"Red-bellied Woodpecker",7
2000,"Red-eyed Vireo",9
2000,"Red-winged Blackbird",1
2000,"Summer Tanager",1
2000,"Tufted Titmouse",13
2000,"Turkey Vulture",2
2000,"White-breasted Nuthatch",1
2000,"Wood Thrush",3
2000,"Yellow-throated Vireo",1
2000,"American Crow",36
2000,"American Goldfinch",3
2000,"American Robin",4
2000,"Blue Grosbeak",2
2000,"Blue-gray Gnatcatcher",5
2000,"Brown Thrasher",2
2000,"Brown-headed Cowbird",3
2000,"Carolina Chickadee",4
2000,"Carolina Wren",16
2000,"Chimney Swift",4
2000,"Chipping Sparrow",1
2000,"Common Grackle",5
2000,"Common Yellowthroat",3
2000,"Downy Woodpecker",4
2000,"Eastern Bluebird",1
2000,"Eastern Phoebe",1
2000,"Eastern Towhee",4
2000,"European Starling",8
2000,"Field Sparrow",1
2000,"Gray Catbird",3
2000,"Indigo Bunting",10
2000,"Mourning Dove",7
2000,"Northern Bobwhite",1
2000,"Northern Cardinal",29
2000,"Northern Mockingbird",2
2000,"Northern Parula",1
2000,"Orchard Oriole",1
2000,"Pine Warbler",5
2000,"Red-bellied Woodpecker",4
2000,"Red-eyed Vireo",9
2000,"Red-shouldered Hawk",1
2000,"Ruby-throated Hummingbird",1
2000,"Summer Tanager",2
2000,"Tufted Titmouse",7
2000,"White-breasted Nuthatch",1
2000,"Wood Thrush",2
2000,"Yellow-billed Cuckoo",1
2000,"Yellow-breasted Chat",2
2000,"Yellow-throated Warbler",1
2000,"American Crow",28
2000,"American Goldfinch",12
2000,"American Robin",3
2000,"Barn Swallow",14
2000,"Blue Grosbeak",7
2000,"Blue-gray Gnatcatcher",5
2000,"Brown Thrasher",3
2000,"Brown-headed Cowbird",3
2000,"Canada Goose",111
2000,"Carolina Chickadee",3
2000,"Carolina Wren",12
2000,"Chimney Swift",2
2000,"Chipping Sparrow",14
2000,"Common Grackle",7
2000,"Common Yellowthroat",4
2000,"Downy Woodpecker",1
2000,"Eastern Bluebird",7
2000,"Eastern Kingbird",3
2000,"Eastern Meadowlark",6
2000,"Eastern Phoebe",2
2000,"Eastern Towhee",6
2000,"Eastern Wood-Pewee",2
2000,"European Starling",8
2000,"Field Sparrow",2
2000,"Grasshopper Sparrow",2
2000,"House Sparrow",3
2000,"Indigo Bunting",17
2000,"Killdeer",1
2000,"Mourning Dove",26
2000,"Northern Bobwhite",2
2000,"Northern Cardinal",21
2000,"Northern Mockingbird",3
2000,"Orchard Oriole",1
2000,"Ovenbird",1
2000,"Pine Warbler",5
2000,"Prairie Warbler",3
2000,"Red-bellied Woodpecker",2
2000,"Red-eyed Vireo",4
2000,"Red-winged Blackbird",4
2000,"Summer Tanager",2
2000,"Tufted Titmouse",13
2000,"White-eyed Vireo",1
2000,"Wood Thrush",2
2000,"Yellow-breasted Chat",5
2000,"American Crow",29
2000,"American Goldfinch",13
2000,"American Robin",3
2000,"Blue Grosbeak",1
2000,"Blue Jay",3
2000,"Blue-gray Gnatcatcher",7
2000,"Brown Thrasher",3
2000,"Brown-headed Cowbird",2
2000,"Carolina Chickadee",4
2000,"Carolina Wren",3
2000,"Chimney Swift",4
2000,"Chipping Sparrow",15
2000,"Common Grackle",8
2000,"Eastern Bluebird",11
2000,"Eastern Meadowlark",1
2000,"Eastern Towhee",6
2000,"European Starling",3
2000,"Gray Catbird",3
2000,"Great Crested Flycatcher",2
2000,"House Finch",4
2000,"Indigo Bunting",13
2000,"Killdeer",1
2000,"Mourning Dove",11
2000,"Northern Cardinal",38
2000,"Northern Mockingbird",4
2000,"Ovenbird",1
2000,"Pine Warbler",8
2000,"Red-bellied Woodpecker",2
2000,"Red-eyed Vireo",6
2000,"Tufted Titmouse",11
2000,"Turkey Vulture",9
2000,"White-breasted Nuthatch",1
2000,"Wood Thrush",6
2000,"Yellow-breasted Chat",1
2000,"Yellow-throated Vireo",1
2000,"American Crow",25
2000,"American Robin",9
2000,"Blue Jay",4
2000,"Blue-gray Gnatcatcher",1
2000,"Brown Thrasher",3
2000,"Brown-headed Nuthatch",2
2000,"Carolina Chickadee",6
2000,"Carolina Wren",10
2000,"Chimney Swift",2
2000,"Chipping Sparrow",19
2000,"Common Grackle",12
2000,"Common Yellowthroat",4
2000,"Eastern Bluebird",10
2000,"Eastern Kingbird",3
2000,"Eastern Meadowlark",5
2000,"Eastern Towhee",4
2000,"Eastern Wood-Pewee",7
2000,"European Starling",7
2000,"Field Sparrow",1
2000,"House Finch",4
2000,"House Sparrow",2
2000,"Indigo Bunting",25
2000,"Killdeer",5
2000,"Mourning Dove",12
2000,"Northern Cardinal",17
2000,"Northern Mockingbird",14
2000,"Orchard Oriole",2
2000,"Ovenbird",1
2000,"Pine Warbler",5
2000,"Prairie Warbler",4
2000,"Red-bellied Woodpecker",4
2000,"Red-eyed Vireo",16
2000,"Red-winged Blackbird",8
2000,"Scarlet Tanager",1
2000,"Summer Tanager",1
2000,"Tufted Titmouse",18
2000,"White-eyed Vireo",1
2000,"Wood Thrush",6
2000,"Yellow-billed Cuckoo",2
2000,"Yellow-breasted Chat",1
2000,"American Crow",13
2000,"American Robin",10
2000,"Blue Grosbeak",1
2000,"Blue Jay",3
2000,"Blue-gray Gnatcatcher",1
2000,"Brown-headed Cowbird",1
2000,"Carolina Chickadee",4
2000,"Carolina Wren",7
2000,"Chipping Sparrow",7
2000,"Common Grackle",6
2000,"Eastern Bluebird",6
2000,"Eastern Meadowlark",1
2000,"Eastern Towhee",2
2000,"Eastern Wood-Pewee",3
2000,"European Starling",4
2000,"Field Sparrow",3
2000,"Great Crested Flycatcher",1
2000,"House Finch",2
2000,"Indigo Bunting",5
2000,"Mourning Dove",12
2000,"Northern Cardinal",12
2000,"Northern Mockingbird",2
2000,"Pine Warbler",2
2000,"Red-bellied Woodpecker",5
2000,"Red-eyed Vireo",14
2000,"Summer Tanager",1
2000,"Tufted Titmouse",14
2000,"White-breasted Nuthatch",1
2000,"Wood Thrush",7
2000,"Yellow-breasted Chat",1
2000,"Acadian Flycatcher",1
2000,"American Crow",18
2000,"American Goldfinch",6
2000,"Blue-gray Gnatcatcher",2
2000,"Brown-headed Nuthatch",2
2000,"Carolina Chickadee",12
2000,"Carolina Wren",10
2000,"Chimney Swift",3
2000,"Common Grackle",7
2000,"Common Yellowthroat",1
2000,"Downy Woodpecker",1
2000,"Eastern Bluebird",2
2000,"Eastern Meadowlark",2
2000,"Eastern Phoebe",1
2000,"Eastern Towhee",4
2000,"Eastern Wood-Pewee",2
2000,"Fish Crow",4
2000,"Great Blue Heron",1
2000,"Hooded Warbler",1
2000,"House Sparrow",1
2000,"Indigo Bunting",4
2000,"Mourning Dove",6
2000,"Northern Cardinal",10
2000,"Northern Mockingbird",4
2000,"Ovenbird",6
2000,"Pileated Woodpecker",3
2000,"Pine Warbler",12
2000,"Red-bellied Woodpecker",2
2000,"Red-eyed Vireo",9
2000,"Scarlet Tanager",1
2000,"Tufted Titmouse",7
2000,"White-breasted Nuthatch",3
2000,"White-eyed Vireo",1
2000,"Wood Thrush",6
2000,"Yellow-breasted Chat",1
2000,"American Crow",26
2000,"American Goldfinch",2
2000,"American Robin",4
2000,"Barn Swallow",3
2000,"Blue Grosbeak",6
2000,"Blue Jay",5
2000,"Blue-gray Gnatcatcher",8
2000,"Brown Thrasher",3
2000,"Brown-headed Cowbird",2
2000,"Brown-headed Nuthatch",2
2000,"Carolina Chickadee",10
2000,"Carolina Wren",19
2000,"Chimney Swift",3
2000,"Chipping Sparrow",12
2000,"Common Grackle",15
2000,"Common Yellowthroat",2
2000,"Downy Woodpecker",4
2000,"Eastern Bluebird",10
2000,"Eastern Meadowlark",2
2000,"Eastern Phoebe",1
2000,"Eastern Towhee",7
2000,"Eastern Whip-poor-will",5
2000,"Eastern Wood-Pewee",3
2000,"European Starling",7
2000,"Field Sparrow",2
2000,"Fish Crow",2
2000,"Grasshopper Sparrow",2
2000,"Great Crested Flycatcher",1
2000,"House Finch",4
2000,"Indigo Bunting",20
2000,"Killdeer",2
2000,"Mourning Dove",21
2000,"Northern Cardinal",22
2000,"Northern Mockingbird",10
2000,"Northern Parula",1
2000,"Ovenbird",2
2000,"Pine Warbler",11
2000,"Red-bellied Woodpecker",6
2000,"Red-eyed Vireo",14
2000,"Red-shouldered Hawk",1
2000,"Red-winged Blackbird",2
2000,"Scarlet Tanager",1
2000,"Summer Tanager",3
2000,"Tufted Titmouse",20
2000,"White-breasted Nuthatch",3
2000,"Wood Thrush",6
2000,"Yellow-breasted Chat",1
2000,"Acadian Flycatcher",1
2000,"American Crow",42
2000,"American Goldfinch",14
2000,"American Robin",4
2000,"Barn Swallow",3
2000,"Blue Grosbeak",6
2000,"Blue Jay",8
2000,"Brown-headed Nuthatch",2
2000,"Carolina Chickadee",14
2000,"Carolina Wren",9
2000,"Chimney Swift",3
2000,"Chipping Sparrow",1
2000,"Common Grackle",1
2000,"Downy Woodpecker",1
2000,"Eastern Bluebird",14
2000,"Eastern Meadowlark",1
2000,"Eastern Phoebe",2
2000,"Eastern Towhee",4
2000,"Eastern Wood-Pewee",4
2000,"European Starling",1
2000,"Indigo Bunting",6
2000,"Mourning Dove",26
2000,"Northern Cardinal",47
2000,"Northern Mockingbird",11
2000,"Ovenbird",4
2000,"Pine Warbler",11
2000,"Prairie Warbler",1
2000,"Red-bellied Woodpecker",8
2000,"Red-shouldered Hawk",2
2000,"Red-winged Blackbird",3
2000,"Ruby-throated Hummingbird",1
2000,"Tufted Titmouse",8
2000,"White-breasted Nuthatch",7
2000,"Wood Thrush",18
2000,"Yellow-billed Cuckoo",1
2000,"Yellow-breasted Chat",1
2000,"American Crow",10
2000,"American Robin",21
2000,"Barn Swallow",6
2000,"Blue Grosbeak",2
2000,"Blue Jay",2
2000,"Blue-gray Gnatcatcher",2
2000,"Brown Thrasher",4
2000,"Brown-headed Cowbird",6
2000,"Carolina Chickadee",3
2000,"Carolina Wren",29
2000,"Chimney Swift",18
2000,"Chipping Sparrow",4
2000,"Common Grackle",11
2000,"Common Yellowthroat",1
2000,"Eastern Bluebird",11
2000,"Eastern Meadowlark",1
2000,"Eastern Towhee",9
2000,"Eastern Wood-Pewee",2
2000,"European Starling",10
2000,"Fish Crow",4
2000,"Gray Catbird",5
2000,"Great Crested Flycatcher",2
2000,"House Finch",6
2000,"Indigo Bunting",6
2000,"Mourning Dove",14
2000,"Northern Cardinal",40
2000,"Northern Mockingbird",6
2000,"Orchard Oriole",1
2000,"Pine Warbler",7
2000,"Red-bellied Woodpecker",6
2000,"Red-eyed Vireo",8
2000,"Song Sparrow",1
2000,"Summer Tanager",5
2000,"Tufted Titmouse",18
2000,"White-breasted Nuthatch",3
2000,"Wood Thrush",6
2001,"Acadian Flycatcher",1
2001,"American Crow",21
2001,"American Goldfinch",4
2001,"Blue Grosbeak",1
2001,"Blue Jay",11
2001,"Blue-gray Gnatcatcher",15
2001,"Brown Thrasher",2
2001,"Brown-headed Cowbird",4
2001,"Carolina Chickadee",15
2001,"Carolina Wren",12
2001,"Chimney Swift",3
2001,"Chipping Sparrow",6
2001,"Common Grackle",4
2001,"Downy Woodpecker",7
2001,"Eastern Bluebird",19
2001,"Eastern Kingbird",3
2001,"Eastern Meadowlark",2
2001,"Eastern Phoebe",1
2001,"Eastern Towhee",9
2001,"Eastern Wood-Pewee",3
2001,"European Starling",1
2001,"Fish Crow",3
2001,"Hooded Warbler",5
2001,"House Sparrow",1
2001,"Indigo Bunting",4
2001,"Mourning Dove",18
2001,"Northern Cardinal",39
2001,"Northern Mockingbird",3
2001,"Northern Parula",2
2001,"Ovenbird",9
2001,"Pine Warbler",22
2001,"Prairie Warbler",2
2001,"Red-bellied Woodpecker",9
2001,"Red-eyed Vireo",25
2001,"Summer Tanager",2
2001,"Tufted Titmouse",15
2001,"Turkey Vulture",1
2001,"White-breasted Nuthatch",1
2001,"Wood Thrush",11
2001,"Yellow-billed Cuckoo",1
2001,"Yellow-breasted Chat",5
2001,"Yellow-throated Vireo",2
2001,"Yellow-throated Warbler",3
2001,"Acadian Flycatcher",3
2001,"American Crow",49
2001,"American Goldfinch",15
2001,"American Robin",4
2001,"Blue Jay",4
2001,"Blue-gray Gnatcatcher",15
2001,"Brown Thrasher",3
2001,"Brown-headed Cowbird",12
2001,"Brown-headed Nuthatch",2
2001,"Carolina Chickadee",13
2001,"Carolina Wren",12
2001,"Chimney Swift",4
2001,"Chipping Sparrow",9
2001,"Common Grackle",7
2001,"Common Yellowthroat",1
2001,"Downy Woodpecker",5
2001,"Eastern Bluebird",4
2001,"Eastern Meadowlark",2
2001,"Eastern Towhee",11
2001,"Eastern Whip-poor-will",4
2001,"Eastern Wood-Pewee",3
2001,"European Starling",23
2001,"Field Sparrow",1
2001,"Great Blue Heron",1
2001,"Great Crested Flycatcher",1
2001,"Indigo Bunting",9
2001,"Mourning Dove",17
2001,"Northern Cardinal",20
2001,"Northern Mockingbird",7
2001,"Northern Parula",3
2001,"Ovenbird",5
2001,"Pileated Woodpecker",1
2001,"Pine Warbler",13
2001,"Prairie Warbler",2
2001,"Red-bellied Woodpecker",7
2001,"Red-eyed Vireo",12
2001,"Ruby-throated Hummingbird",1
2001,"Scarlet Tanager",3
2001,"Summer Tanager",6
2001,"Tufted Titmouse",13
2001,"Wood Thrush",7
2001,"Yellow-billed Cuckoo",3
2001,"Yellow-breasted Chat",1
2001,"Yellow-throated Vireo",1
2001,"Yellow-throated Warbler",1
2001,"American Crow",12
2001,"American Goldfinch",1
2001,"American Robin",3
2001,"Blue Grosbeak",16
2001,"Blue Jay",2
2001,"Blue-gray Gnatcatcher",1
2001,"Brown Thrasher",1
2001,"Brown-headed Cowbird",1
2001,"Brown-headed Nuthatch",2
2001,"Carolina Chickadee",7
2001,"Carolina Wren",10
2001,"Chipping Sparrow",8
2001,"Common Grackle",15
2001,"Common Yellowthroat",2
2001,"Eastern Bluebird",8
2001,"Eastern Meadowlark",1
2001,"Eastern Phoebe",1
2001,"Eastern Towhee",3
2001,"Eastern Wood-Pewee",2
2001,"European Starling",4
2001,"Field Sparrow",1
2001,"Gray Catbird",2
2001,"Great Crested Flycatcher",6
2001,"Indigo Bunting",8
2001,"Killdeer",3
2001,"Mourning Dove",7
2001,"Northern Bobwhite",5
2001,"Northern Cardinal",11
2001,"Northern Mockingbird",5
2001,"Orchard Oriole",6
2001,"Ovenbird",3
2001,"Pine Warbler",16
2001,"Prairie Warbler",2
2001,"Red-bellied Woodpecker",2
2001,"Red-eyed Vireo",3
2001,"Red-shouldered Hawk",1
2001,"Scarlet Tanager",3
2001,"Summer Tanager",7
2001,"Tufted Titmouse",21
2001,"White-eyed Vireo",1
2001,"Wood Thrush",4
2001,"Yellow-billed Cuckoo",2
2001,"Yellow-breasted Chat",8
2001,"Yellow-throated Vireo",1
2001,"Acadian Flycatcher",1
2001,"American Crow",33
2001,"American Goldfinch",2
2001,"American Robin",1
2001,"Barn Swallow",13
2001,"Blue Grosbeak",1
2001,"Blue Jay",5
2001,"Blue-gray Gnatcatcher",9
2001,"Brown-headed Cowbird",3
2001,"Carolina Chickadee",9
2001,"Carolina Wren",16
2001,"Chimney Swift",2
2001,"Chipping Sparrow",13
2001,"Common Yellowthroat",4
2001,"Downy Woodpecker",5
2001,"Eastern Bluebird",10
2001,"Eastern Kingbird",1
2001,"Eastern Towhee",3
2001,"Eastern Wood-Pewee",7
2001,"European Starling",4
2001,"Field Sparrow",3
2001,"Fish Crow",1
2001,"Great Crested Flycatcher",1
2001,"Indigo Bunting",12
2001,"Killdeer",3
2001,"Mourning Dove",11
2001,"Northern Bobwhite",10
2001,"Northern Cardinal",11
2001,"Northern Mockingbird",5
2001,"Northern Parula",2
2001,"Ovenbird",4
2001,"Pine Warbler",2
2001,"Prairie Warbler",3
2001,"Red-bellied Woodpecker",4
2001,"Red-eyed Vireo",8
2001,"Red-winged Blackbird",3
2001,"Ruby-throated Hummingbird",1
2001,"Summer Tanager",1
2001,"Tufted Titmouse",7
2001,"White-breasted Nuthatch",1
2001,"White-eyed Vireo",2
2001,"Wood Thrush",8
2001,"Yellow-billed Cuckoo",4
2001,"Yellow-breasted Chat",11
2001,"American Crow",31
2001,"American Goldfinch",1
2001,"American Robin",2
2001,"Barn Swallow",4
2001,"Blue Grosbeak",6
2001,"Blue Jay",6
2001,"Blue-gray Gnatcatcher",3
2001,"Brown-headed Cowbird",4
2001,"Carolina Chickadee",2
2001,"Carolina Wren",16
2001,"Chipping Sparrow",12
2001,"Common Yellowthroat",3
2001,"Downy Woodpecker",3
2001,"Eastern Bluebird",3
2001,"Eastern Kingbird",2
2001,"Eastern Meadowlark",11
2001,"Eastern Phoebe",3
2001,"Eastern Towhee",4
2001,"Eastern Wood-Pewee",14
2001,"Field Sparrow",1
2001,"Great Crested Flycatcher",6
2001,"House Finch",1
2001,"Indigo Bunting",22
2001,"Mourning Dove",15
2001,"Northern Bobwhite",3
2001,"Northern Cardinal",23
2001,"Northern Mockingbird",8
2001,"Northern Parula",2
2001,"Ovenbird",1
2001,"Pine Warbler",1
2001,"Prairie Warbler",2
2001,"Red-bellied Woodpecker",7
2001,"Red-eyed Vireo",5
2001,"Red-winged Blackbird",8
2001,"Ruby-throated Hummingbird",2
2001,"Summer Tanager",4
2001,"Tufted Titmouse",17
2001,"White-breasted Nuthatch",1
2001,"White-eyed Vireo",1
2001,"Wood Thrush",11
2001,"Yellow-billed Cuckoo",1
2001,"Yellow-breasted Chat",3
2001,"Yellow-throated Vireo",1
2001,"Acadian Flycatcher",1
2001,"American Crow",36
2001,"American Goldfinch",9
2001,"American Robin",2
2001,"Blue Grosbeak",2
2001,"Blue Jay",9
2001,"Brown Thrasher",2
2001,"Brown-headed Cowbird",1
2001,"Canada Goose",21
2001,"Carolina Chickadee",9
2001,"Carolina Wren",12
2001,"Chimney Swift",9
2001,"Chipping Sparrow",15
2001,"Common Grackle",30
2001,"Common Yellowthroat",1
2001,"Downy Woodpecker",5
2001,"Eastern Bluebird",20
2001,"Eastern Kingbird",2
2001,"Eastern Meadowlark",21
2001,"Eastern Phoebe",1
2001,"Eastern Towhee",2
2001,"Eastern Wood-Pewee",5
2001,"European Starling",25
2001,"Grasshopper Sparrow",1
2001,"House Finch",1
2001,"House Sparrow",10
2001,"Indigo Bunting",6
2001,"Killdeer",1
2001,"Mourning Dove",16
2001,"Northern Cardinal",15
2001,"Northern Mockingbird",24
2001,"Orchard Oriole",1
2001,"Ovenbird",3
2001,"Red-bellied Woodpecker",6
2001,"Red-eyed Vireo",2
2001,"Red-winged Blackbird",7
2001,"Ruby-throated Hummingbird",2
2001,"Summer Tanager",1
2001,"Tufted Titmouse",8
2001,"Turkey Vulture",13
2001,"White-eyed Vireo",2
2001,"Wood Thrush",2
2001,"Yellow-breasted Chat",1
2001,"Acadian Flycatcher",1
2001,"American Crow",22
2001,"American Goldfinch",1
2001,"Barn Swallow",17
2001,"Blue Grosbeak",2
2001,"Blue Jay",4
2001,"Blue-gray Gnatcatcher",10
2001,"Brown Thrasher",1
2001,"Brown-headed Cowbird",10
2001,"Canada Goose",1
2001,"Carolina Chickadee",3
2001,"Carolina Wren",16
2001,"Chipping Sparrow",6
2001,"Common Grackle",15
2001,"Common Yellowthroat",2
2001,"Downy Woodpecker",3
2001,"Eastern Bluebird",3
2001,"Eastern Kingbird",1
2001,"Eastern Meadowlark",2
2001,"Eastern Phoebe",2
2001,"Eastern Towhee",2
2001,"Eastern Wood-Pewee",9
2001,"Grasshopper Sparrow",3
2001,"Hooded Warbler",5
2001,"House Finch",1
2001,"House Sparrow",1
2001,"Indigo Bunting",18
2001,"Mourning Dove",18
2001,"Northern Bobwhite",4
2001,"Northern Cardinal",32
2001,"Northern Mockingbird",5
2001,"Northern Parula",2
2001,"Orchard Oriole",1
2001,"Ovenbird",3
2001,"Pileated Woodpecker",2
2001,"Pine Warbler",6
2001,"Prairie Warbler",1
2001,"Purple Martin",1
2001,"Red-bellied Woodpecker",9
2001,"Red-eyed Vireo",25
2001,"Red-shouldered Hawk",1
2001,"Ruby-throated Hummingbird",1
2001,"Scarlet Tanager",2
2001,"Summer Tanager",4
2001,"Tufted Titmouse",7
2001,"White-breasted Nuthatch",1
2001,"White-eyed Vireo",5
2001,"Wood Thrush",9
2001,"Yellow-billed Cuckoo",1
2001,"Yellow-breasted Chat",9
2001,"Yellow-throated Vireo",3
2001,"Yellow-throated Warbler",3
2001,"Acadian Flycatcher",5
2001,"American Crow",54
2001,"American Goldfinch",17
2001,"American Robin",6
2001,"Barn Swallow",2
2001,"Blue Jay",6
2001,"Blue-gray Gnatcatcher",16
2001,"Brown Thrasher",1
2001,"Brown-headed Cowbird",1
2001,"Brown-headed Nuthatch",6
2001,"Canada Goose",2
2001,"Chimney Swift",3
2001,"Chipping Sparrow",41
2001,"Common Grackle",6
2001,"Common Yellowthroat",4
2001,"Eastern Bluebird",23
2001,"Eastern Meadowlark",10
2001,"Eastern Phoebe",3
2001,"Eastern Towhee",1
2001,"Eastern Wood-Pewee",8
2001,"European Starling",2
2001,"Fish Crow",1
2001,"Gray Catbird",1
2001,"Great Crested Flycatcher",1
2001,"House Finch",3
2001,"Indigo Bunting",23
2001,"Killdeer",4
2001,"Mourning Dove",14
2001,"Northern Bobwhite",4
2001,"Northern Cardinal",19
2001,"Northern Mockingbird",6
2001,"Northern Parula",4
2001,"Ovenbird",12
2001,"Pine Warbler",5
2001,"Prairie Warbler",4
2001,"Purple Martin",3
2001,"Red-bellied Woodpecker",13
2001,"Red-eyed Vireo",9
2001,"Scarlet Tanager",2
2001,"Summer Tanager",4
2001,"Tufted Titmouse",16
2001,"White-breasted Nuthatch",2
2001,"Wood Thrush",16
2001,"Yellow-billed Cuckoo",4
2001,"Yellow-breasted Chat",12
2001,"Acadian Flycatcher",4
2001,"American Crow",41
2001,"American Goldfinch",12
2001,"American Robin",9
2001,"Barn Swallow",2
2001,"Blue Grosbeak",3
2001,"Blue Jay",6
2001,"Blue-gray Gnatcatcher",27
2001,"Brown Thrasher",3
2001,"Brown-headed Cowbird",2
2001,"Brown-headed Nuthatch",2
2001,"Carolina Chickadee",24
2001,"Carolina Wren",42
2001,"Chimney Swift",11
2001,"Chipping Sparrow",11
2001,"Common Grackle",7
2001,"Common Yellowthroat",3
2001,"Downy Woodpecker",7
2001,"Eastern Bluebird",15
2001,"Eastern Kingbird",2
2001,"Eastern Phoebe",2
2001,"Eastern Towhee",5
2001,"Eastern Wood-Pewee",1
2001,"European Starling",2
2001,"Field Sparrow",3
2001,"Fish Crow",1
2001,"Great Crested Flycatcher",7
2001,"Hooded Warbler",2
2001,"House Finch",3
2001,"Indigo Bunting",13
2001,"Mourning Dove",15
2001,"Northern Bobwhite",2
2001,"Northern Cardinal",58
2001,"Northern Mockingbird",5
2001,"Northern Parula",8
2001,"Ovenbird",9
2001,"Pileated Woodpecker",1
2001,"Pine Warbler",33
2001,"Prairie Warbler",2
2001,"Red-bellied Woodpecker",6
2001,"Red-eyed Vireo",14
2001,"Red-shouldered Hawk",1
2001,"Red-winged Blackbird",1
2001,"Ruby-throated Hummingbird",2
2001,"Scarlet Tanager",10
2001,"Song Sparrow",1
2001,"Summer Tanager",8
2001,"Tufted Titmouse",20
2001,"White-eyed Vireo",2
2001,"Wood Thrush",23
2001,"Yellow-breasted Chat",7
2001,"Yellow-throated Vireo",1
2001,"American Crow",22
2001,"American Goldfinch",4
2001,"American Robin",4
2001,"Barn Swallow",10
2001,"Blue Grosbeak",5
2001,"Blue Jay",9
2001,"Blue-gray Gnatcatcher",5
2001,"Brown Thrasher",1
2001,"Brown-headed Cowbird",3
2001,"Carolina Chickadee",6
2001,"Carolina Wren",17
2001,"Chimney Swift",5
2001,"Chipping Sparrow",11
2001,"Common Grackle",16
2001,"Common Yellowthroat",2
2001,"Eastern Bluebird",8
2001,"Eastern Kingbird",3
2001,"Eastern Meadowlark",1
2001,"Eastern Phoebe",4
2001,"Eastern Towhee",5
2001,"Eastern Whip-poor-will",1
2001,"Eastern Wood-Pewee",2
2001,"European Starling",6
2001,"House Finch",9
2001,"House Sparrow",4
2001,"Indigo Bunting",9
2001,"Killdeer",1
2001,"Mourning Dove",10
2001,"Northern Cardinal",19
2001,"Northern Mockingbird",7
2001,"Northern Parula",1
2001,"Ovenbird",1
2001,"Pine Warbler",4
2001,"Red-bellied Woodpecker",1
2001,"Red-eyed Vireo",15
2001,"Red-shouldered Hawk",1
2001,"Red-winged Blackbird",4
2001,"Scarlet Tanager",1
2001,"Summer Tanager",3
2001,"Tufted Titmouse",8
2001,"Wood Thrush",3
2001,"Yellow-billed Cuckoo",2
2001,"Yellow-breasted Chat",7
2001,"Yellow-throated Vireo",1
2001,"Yellow-throated Warbler",1
2001,"American Crow",37
2001,"Blue Grosbeak",1
2001,"Blue Jay",5
2001,"Blue-gray Gnatcatcher",4
2001,"Carolina Chickadee",6
2001,"Carolina Wren",15
2001,"Chipping Sparrow",7
2001,"Common Grackle",2
2001,"Common Yellowthroat",1
2001,"Downy Woodpecker",4
2001,"Eastern Bluebird",5
2001,"Eastern Meadowlark",1
2001,"Eastern Phoebe",2
2001,"Eastern Towhee",5
2001,"Eastern Wood-Pewee",3
2001,"Field Sparrow",1
2001,"Gray Catbird",1
2001,"Indigo Bunting",18
2001,"Mourning Dove",12
2001,"Northern Bobwhite",2
2001,"Northern Cardinal",22
2001,"Ovenbird",4
2001,"Pine Warbler",2
2001,"Prairie Warbler",3
2001,"Red-bellied Woodpecker",4
2001,"Red-eyed Vireo",16
2001,"Tufted Titmouse",5
2001,"White-eyed Vireo",1
2001,"Wood Thrush",2
2001,"Yellow-billed Cuckoo",2
2001,"Yellow-breasted Chat",13
2001,"Yellow-throated Warbler",1
2001,"American Crow",22
2001,"American Goldfinch",7
2001,"American Robin",14
2001,"Barn Swallow",2
2001,"Blue Grosbeak",5
2001,"Blue Jay",2
2001,"Blue-gray Gnatcatcher",6
2001,"Brown-headed Cowbird",8
2001,"Carolina Chickadee",3
2001,"Carolina Wren",8
2001,"Chimney Swift",3
2001,"Chipping Sparrow",9
2001,"Common Grackle",6
2001,"Common Yellowthroat",1
2001,"Eastern Bluebird",7
2001,"Eastern Kingbird",2
2001,"Eastern Meadowlark",13
2001,"Eastern Phoebe",1
2001,"Eastern Towhee",3
2001,"Eastern Wood-Pewee",6
2001,"Field Sparrow",1
2001,"Great Crested Flycatcher",3
2001,"Indigo Bunting",15
2001,"Mourning Dove",16
2001,"Northern Bobwhite",4
2001,"Northern Cardinal",9
2001,"Northern Mockingbird",11
2001,"Northern Parula",1
2001,"Orchard Oriole",1
2001,"Ovenbird",3
2001,"Pine Warbler",3
2001,"Red-bellied Woodpecker",9
2001,"Red-eyed Vireo",7
2001,"Red-winged Blackbird",3
2001,"Ruby-throated Hummingbird",1
2001,"Summer Tanager",4
2001,"Tufted Titmouse",7
2001,"White-breasted Nuthatch",2
2001,"Wood Thrush",8
2001,"Yellow-breasted Chat",2
2001,"American Crow",30
2001,"American Goldfinch",2
2001,"American Robin",18
2001,"Blue Grosbeak",1
2001,"Blue Jay",10
2001,"Brown Thrasher",1
2001,"Carolina Chickadee",4
2001,"Carolina Wren",12
2001,"Chimney Swift",29
2001,"Chipping Sparrow",2
2001,"Downy Woodpecker",1
2001,"Eastern Bluebird",9
2001,"Eastern Meadowlark",7
2001,"Eastern Towhee",10
2001,"Eastern Wood-Pewee",3
2001,"European Starling",20
2001,"Gray Catbird",2
2001,"House Finch",5
2001,"House Sparrow",11
2001,"Indigo Bunting",17
2001,"Mourning Dove",12
2001,"Northern Cardinal",34
2001,"Northern Mockingbird",12
2001,"Pine Warbler",3
2001,"Red-eyed Vireo",9
2001,"Song Sparrow",2
2001,"Tufted Titmouse",5
2001,"Wood Thrush",8
2001,"Yellow-breasted Chat",6
2001,"Acadian Flycatcher",1
2001,"American Crow",26
2001,"American Goldfinch",2
2001,"American Robin",5
2001,"Blue Grosbeak",2
2001,"Blue Jay",3
2001,"Blue-gray Gnatcatcher",11
2001,"Brown Thrasher",1
2001,"Brown-headed Cowbird",2
2001,"Canada Goose",2
2001,"Carolina Chickadee",4
2001,"Carolina Wren",19
2001,"Chimney Swift",7
2001,"Chipping Sparrow",9
2001,"Common Grackle",10
2001,"Common Yellowthroat",1
2001,"Downy Woodpecker",1
2001,"Eastern Bluebird",7
2001,"Eastern Phoebe",2
2001,"Eastern Towhee",8
2001,"Eastern Wood-Pewee",3
2001,"European Starling",16
2001,"Field Sparrow",2
2001,"Great Crested Flycatcher",2
2001,"House Finch",6
2001,"House Sparrow",3
2001,"Indigo Bunting",7
2001,"Mourning Dove",49
2001,"Northern Cardinal",10
2001,"Northern Mockingbird",3
2001,"Northern Parula",1
2001,"Ovenbird",5
2001,"Pileated Woodpecker",1
2001,"Pine Warbler",12
2001,"Purple Martin",16
2001,"Red-bellied Woodpecker",3
2001,"Red-eyed Vireo",5
2001,"Red-winged Blackbird",1
2001,"Ruby-throated Hummingbird",1
2001,"Tufted Titmouse",18
2001,"Wood Thrush",3
2001,"Yellow-billed Cuckoo",2
2001,"Yellow-throated Warbler",1
2001,"Acadian Flycatcher",1
2001,"American Crow",35
2001,"American Goldfinch",6
2001,"American Robin",2
2001,"Barn Swallow",9
2001,"Blue Grosbeak",2
2001,"Blue Jay",5
2001,"Blue-gray Gnatcatcher",3
2001,"Brown Thrasher",3
2001,"Brown-headed Cowbird",6
2001,"Canada Goose",27
2001,"Carolina Chickadee",4
2001,"Carolina Wren",4
2001,"Chimney Swift",4
2001,"Chipping Sparrow",2
2001,"Common Grackle",11
2001,"Common Yellowthroat",2
2001,"Eastern Bluebird",17
2001,"Eastern Meadowlark",5
2001,"Eastern Towhee",2
2001,"European Starling",12
2001,"Field Sparrow",3
2001,"Grasshopper Sparrow",3
2001,"Great Crested Flycatcher",3
2001,"Indigo Bunting",7
2001,"Mourning Dove",20
2001,"Northern Cardinal",7
2001,"Northern Mockingbird",5
2001,"Northern Parula",1
2001,"Ovenbird",1
2001,"Pine Warbler",4
2001,"Prairie Warbler",1
2001,"Red-bellied Woodpecker",6
2001,"Red-eyed Vireo",3
2001,"Scarlet Tanager",1
2001,"Tufted Titmouse",10
2001,"Turkey Vulture",1
2001,"White-breasted Nuthatch",1
2001,"Wood Thrush",2
2001,"Yellow-breasted Chat",1
2001,"Yellow-throated Vireo",1
2001,"American Crow",25
2001,"American Goldfinch",3
2001,"American Robin",2
2001,"Barn Swallow",1
2001,"Blue Grosbeak",3
2001,"Blue Jay",6
2001,"Canada Goose",22
2001,"Carolina Wren",4
2001,"Chimney Swift",6
2001,"Chipping Sparrow",4
2001,"Common Grackle",3
2001,"Eastern Bluebird",3
2001,"Eastern Meadowlark",3
2001,"Eastern Phoebe",1
2001,"Eastern Towhee",1
2001,"Eastern Wood-Pewee",2
2001,"European Starling",8
2001,"Field Sparrow",2
2001,"Grasshopper Sparrow",1
2001,"Great Crested Flycatcher",1
2001,"Indigo Bunting",13
2001,"Mourning Dove",17
2001,"Northern Bobwhite",1
2001,"Northern Cardinal",32
2001,"Northern Mockingbird",6
2001,"Red-bellied Woodpecker",2
2001,"Red-eyed Vireo",12
2001,"Red-winged Blackbird",1
2001,"Tufted Titmouse",8
2001,"Wood Thrush",5
2001,"American Crow",18
2001,"American Goldfinch",7
2001,"American Robin",21
2001,"Blue Grosbeak",2
2001,"Blue Jay",2
2001,"Blue-gray Gnatcatcher",4
2001,"Brown Thrasher",1
2001,"Brown-headed Cowbird",5
2001,"Canada Goose",1
2001,"Carolina Chickadee",3
2001,"Carolina Wren",13
2001,"Chimney Swift",7
2001,"Chipping Sparrow",9
2001,"Common Grackle",11
2001,"Common Yellowthroat",2
2001,"Eastern Bluebird",14
2001,"Eastern Kingbird",1
2001,"Eastern Meadowlark",4
2001,"Eastern Towhee",7
2001,"Eastern Wood-Pewee",7
2001,"European Starling",22
2001,"Field Sparrow",5
2001,"Great Crested Flycatcher",1
2001,"House Finch",4
2001,"House Sparrow",2
2001,"Indigo Bunting",8
2001,"Killdeer",1
2001,"Mourning Dove",14
2001,"Northern Bobwhite",2
2001,"Northern Cardinal",18
2001,"Northern Mockingbird",10
2001,"Orchard Oriole",1
2001,"Ovenbird",4
2001,"Pine Warbler",5
2001,"Prairie Warbler",1
2001,"Red-bellied Woodpecker",4
2001,"Red-eyed Vireo",8
2001,"Red-winged Blackbird",2
2001,"Summer Tanager",2
2001,"Tufted Titmouse",9
2001,"Turkey Vulture",2
2001,"Wood Thrush",6
2001,"American Crow",30
2001,"American Goldfinch",4
2001,"American Robin",3
2001,"Barn Swallow",1
2001,"Blue Grosbeak",1
2001,"Blue Jay",3
2001,"Blue-gray Gnatcatcher",4
2001,"Brown Thrasher",2
2001,"Brown-headed Nuthatch",4
2001,"Canada Goose",25
2001,"Carolina Chickadee",10
2001,"Carolina Wren",12
2001,"Chimney Swift",3
2001,"Chipping Sparrow",2
2001,"Common Grackle",6
2001,"Common Yellowthroat",2
2001,"Downy Woodpecker",2
2001,"Eastern Phoebe",1
2001,"Eastern Towhee",5
2001,"Eastern Wood-Pewee",1
2001,"European Starling",6
2001,"Field Sparrow",2
2001,"Gray Catbird",2
2001,"Great Crested Flycatcher",1
2001,"Hooded Warbler",1
2001,"House Finch",4
2001,"Indigo Bunting",7
2001,"Killdeer",1
2001,"Mourning Dove",4
2001,"Northern Bobwhite",2
2001,"Northern Cardinal",33
2001,"Northern Mockingbird",6
2001,"Northern Parula",3
2001,"Pine Warbler",4
2001,"Red-bellied Woodpecker",4
2001,"Red-eyed Vireo",4
2001,"Scarlet Tanager",1
2001,"Summer Tanager",2
2001,"Tufted Titmouse",14
2001,"White-breasted Nuthatch",1
2001,"Yellow-breasted Chat",3
2001,"Yellow-throated Vireo",1
2001,"Yellow-throated Warbler",1
2001,"American Crow",42
2001,"American Goldfinch",8
2001,"American Robin",3
2001,"Barn Swallow",36
2001,"Blue Grosbeak",12
2001,"Blue Jay",5
2001,"Blue-gray Gnatcatcher",8
2001,"Brown Thrasher",2
2001,"Brown-headed Cowbird",7
2001,"Canada Goose",52
2001,"Carolina Chickadee",2
2001,"Carolina Wren",11
2001,"Chimney Swift",3
2001,"Chipping Sparrow",13
2001,"Common Grackle",13
2001,"Common Yellowthroat",5
2001,"Eastern Bluebird",10
2001,"Eastern Kingbird",1
2001,"Eastern Meadowlark",3
2001,"Eastern Phoebe",4
2001,"Eastern Towhee",6
2001,"Eastern Whip-poor-will",1
2001,"Eastern Wood-Pewee",3
2001,"European Starling",18
2001,"Field Sparrow",2
2001,"Fish Crow",1
2001,"Grasshopper Sparrow",3
2001,"Great Crested Flycatcher",1
2001,"Hooded Warbler",1
2001,"House Finch",2
2001,"House Sparrow",2
2001,"Indigo Bunting",16
2001,"Killdeer",1
2001,"Mourning Dove",34
2001,"Northern Cardinal",26
2001,"Northern Mockingbird",12
2001,"Ovenbird",2
2001,"Pine Warbler",10
2001,"Prairie Warbler",2
2001,"Red-bellied Woodpecker",8
2001,"Red-eyed Vireo",11
2001,"Red-shouldered Hawk",1
2001,"Red-winged Blackbird",5
2001,"Scarlet Tanager",3
2001,"Summer Tanager",1
2001,"Tufted Titmouse",13
2001,"White-eyed Vireo",2
2001,"Wood Thrush",7
2001,"Yellow-billed Cuckoo",1
2001,"Yellow-breasted Chat",5
2001,"Yellow-throated Vireo",1
2001,"American Crow",29
2001,"American Goldfinch",14
2001,"Blue Grosbeak",1
2001,"Blue Jay",3
2001,"Blue-gray Gnatcatcher",10
2001,"Brown Thrasher",1
2001,"Brown-headed Cowbird",2
2001,"Brown-headed Nuthatch",6
2001,"Carolina Chickadee",14
2001,"Carolina Wren",4
2001,"Chimney Swift",5
2001,"Chipping Sparrow",16
2001,"Common Yellowthroat",2
2001,"Downy Woodpecker",1
2001,"Eastern Bluebird",12
2001,"Eastern Phoebe",1
2001,"Eastern Towhee",6
2001,"Eastern Wood-Pewee",1
2001,"European Starling",2
2001,"Fish Crow",2
2001,"Gray Catbird",3
2001,"Great Crested Flycatcher",1
2001,"Indigo Bunting",14
2001,"Mourning Dove",12
2001,"Northern Cardinal",46
2001,"Northern Mockingbird",5
2001,"Ovenbird",3
2001,"Pine Warbler",10
2001,"Prairie Warbler",1
2001,"Red-bellied Woodpecker",2
2001,"Red-eyed Vireo",9
2001,"Summer Tanager",2
2001,"Tufted Titmouse",20
2001,"White-breasted Nuthatch",2
2001,"Wood Thrush",13
2001,"Yellow-breasted Chat",2
2001,"American Crow",25
2001,"American Goldfinch",3
2001,"American Robin",5
2001,"Blue Grosbeak",5
2001,"Blue Jay",10
2001,"Blue-gray Gnatcatcher",4
2001,"Brown Thrasher",1
2001,"Carolina Chickadee",7
2001,"Carolina Wren",11
2001,"Chimney Swift",9
2001,"Chipping Sparrow",8
2001,"Common Grackle",13
2001,"Common Yellowthroat",5
2001,"Eastern Bluebird",4
2001,"Eastern Kingbird",3
2001,"Eastern Meadowlark",6
2001,"Eastern Towhee",5
2001,"Eastern Wood-Pewee",10
2001,"European Starling",2
2001,"Field Sparrow",1
2001,"Great Crested Flycatcher",2
2001,"House Finch",1
2001,"House Sparrow",1
2001,"Indigo Bunting",27
2001,"Killdeer",1
2001,"Mourning Dove",10
2001,"Northern Bobwhite",2
2001,"Northern Cardinal",17
2001,"Northern Mockingbird",7
2001,"Orchard Oriole",2
2001,"Ovenbird",6
2001,"Pine Warbler",10
2001,"Prairie Warbler",4
2001,"Red-bellied Woodpecker",4
2001,"Red-eyed Vireo",10
2001,"Red-winged Blackbird",2
2001,"Scarlet Tanager",2
2001,"Summer Tanager",2
2001,"Tufted Titmouse",14
2001,"White-eyed Vireo",1
2001,"Wood Thrush",7
2001,"Yellow-billed Cuckoo",1
2001,"American Crow",28
2001,"American Goldfinch",6
2001,"American Robin",5
2001,"Blue Jay",2
2001,"Blue-gray Gnatcatcher",1
2001,"Brown Thrasher",2
2001,"Canada Goose",1
2001,"Carolina Wren",9
2001,"Chimney Swift",2
2001,"Chipping Sparrow",8
2001,"Common Grackle",1
2001,"Common Yellowthroat",1
2001,"Downy Woodpecker",1
2001,"Eastern Bluebird",3
2001,"Eastern Kingbird",1
2001,"Eastern Meadowlark",5
2001,"Eastern Towhee",1
2001,"Eastern Wood-Pewee",4
2001,"European Starling",7
2001,"Field Sparrow",1
2001,"Gray Catbird",1
2001,"Great Crested Flycatcher",2
2001,"House Finch",2
2001,"House Sparrow",2
2001,"Indigo Bunting",5
2001,"Mourning Dove",14
2001,"Northern Bobwhite",1
2001,"Northern Cardinal",18
2001,"Northern Mockingbird",3
2001,"Pine Warbler",2
2001,"Red-bellied Woodpecker",4
2001,"Red-eyed Vireo",5
2001,"Tufted Titmouse",18
2001,"White-breasted Nuthatch",2
2001,"Wood Thrush",8
2001,"Yellow-billed Cuckoo",1
2001,"Acadian Flycatcher",4
2001,"American Crow",9
2001,"American Goldfinch",10
2001,"American Robin",5
2001,"Blue Grosbeak",2
2001,"Blue Jay",10
2001,"Blue-gray Gnatcatcher",5
2001,"Brown Thrasher",1
2001,"Brown-headed Cowbird",3
2001,"Brown-headed Nuthatch",5
2001,"Carolina Chickadee",8
2001,"Carolina Wren",9
2001,"Chimney Swift",5
2001,"Chipping Sparrow",6
2001,"Common Grackle",12
2001,"Downy Woodpecker",6
2001,"Eastern Bluebird",8
2001,"Eastern Kingbird",1
2001,"Eastern Meadowlark",5
2001,"Eastern Phoebe",3
2001,"Eastern Towhee",5
2001,"Eastern Wood-Pewee",5
2001,"European Starling",2
2001,"Great Blue Heron",1
2001,"Great Crested Flycatcher",2
2001,"Hooded Warbler",1
2001,"House Finch",4
2001,"Indigo Bunting",9
2001,"Mourning Dove",14
2001,"Northern Cardinal",21
2001,"Northern Mockingbird",9
2001,"Northern Parula",2
2001,"Ovenbird",5
2001,"Pileated Woodpecker",3
2001,"Pine Warbler",7
2001,"Prairie Warbler",1
2001,"Red-bellied Woodpecker",9
2001,"Red-eyed Vireo",12
2001,"Red-shouldered Hawk",2
2001,"Scarlet Tanager",1
2001,"Summer Tanager",3
2001,"Tufted Titmouse",11
2001,"Turkey Vulture",1
2001,"White-breasted Nuthatch",4
2001,"Wood Thrush",9
2001,"Yellow-billed Cuckoo",4
2001,"Yellow-breasted Chat",3
2001,"American Crow",29
2001,"American Goldfinch",5
2001,"American Robin",4
2001,"Barn Swallow",4
2001,"Blue Grosbeak",2
2001,"Blue Jay",4
2001,"Blue-gray Gnatcatcher",7
2001,"Brown Thrasher",2
2001,"Brown-headed Cowbird",4
2001,"Canada Goose",64
2001,"Carolina Chickadee",7
2001,"Carolina Wren",24
2001,"Chimney Swift",3
2001,"Chipping Sparrow",11
2001,"Common Grackle",7
2001,"Common Yellowthroat",1
2001,"Downy Woodpecker",3
2001,"Eastern Bluebird",15
2001,"Eastern Kingbird",3
2001,"Eastern Meadowlark",2
2001,"Eastern Phoebe",1
2001,"Eastern Towhee",6
2001,"Eastern Whip-poor-will",2
2001,"Eastern Wood-Pewee",2
2001,"European Starling",1
2001,"Fish Crow",4
2001,"Great Blue Heron",1
2001,"Great Crested Flycatcher",1
2001,"House Finch",10
2001,"Indigo Bunting",19
2001,"Killdeer",1
2001,"Mourning Dove",26
2001,"Northern Cardinal",30
2001,"Northern Mockingbird",10
2001,"Northern Parula",1
2001,"Pine Warbler",15
2001,"Red-bellied Woodpecker",9
2001,"Red-eyed Vireo",16
2001,"Red-shouldered Hawk",1
2001,"Red-winged Blackbird",1
2001,"Summer Tanager",3
2001,"Tufted Titmouse",18
2001,"White-breasted Nuthatch",2
2001,"Wood Thrush",7
2001,"Yellow-breasted Chat",1
2001,"Yellow-throated Vireo",1
2001,"American Crow",31
2001,"American Goldfinch",12
2001,"Barn Swallow",7
2001,"Blue Grosbeak",1
2001,"Blue Jay",9
2001,"Blue-gray Gnatcatcher",4
2001,"Brown-headed Nuthatch",4
2001,"Carolina Chickadee",11
2001,"Carolina Wren",16
2001,"Chimney Swift",3
2001,"Chipping Sparrow",2
2001,"Downy Woodpecker",1
2001,"Eastern Bluebird",8
2001,"Eastern Kingbird",1
2001,"Eastern Meadowlark",1
2001,"Eastern Phoebe",1
2001,"Eastern Towhee",7
2001,"Eastern Wood-Pewee",4
2001,"European Starling",4
2001,"Indigo Bunting",8
2001,"Mourning Dove",12
2001,"Northern Cardinal",29
2001,"Northern Mockingbird",11
2001,"Ovenbird",3
2001,"Pine Warbler",4
2001,"Prairie Warbler",1
2001,"Red-bellied Woodpecker",3
2001,"Red-eyed Vireo",15
2001,"Red-shouldered Hawk",2
2001,"Scarlet Tanager",1
2001,"Summer Tanager",1
2001,"Tufted Titmouse",14
2001,"White-breasted Nuthatch",4
2001,"Wood Thrush",14
2001,"Yellow-billed Cuckoo",1
2001,"Yellow-breasted Chat",1
2001,"Yellow-throated Warbler",2
2001,"American Crow",30
2001,"American Goldfinch",3
2001,"American Robin",18
2001,"Barn Swallow",6
2001,"Blue Grosbeak",6
2001,"Blue Jay",2
2001,"Brown Thrasher",1
2001,"Brown-headed Cowbird",1
2001,"Brown-headed Nuthatch",3
2001,"Carolina Chickadee",7
2001,"Carolina Wren",30
2001,"Chimney Swift",15
2001,"Chipping Sparrow",9
2001,"Common Grackle",15
2001,"Downy Woodpecker",2
2001,"Eastern Bluebird",7
2001,"Eastern Meadowlark",2
2001,"Eastern Phoebe",1
2001,"Eastern Towhee",10
2001,"Eastern Wood-Pewee",2
2001,"European Starling",25
2001,"Grasshopper Sparrow",1
2001,"Gray Catbird",6
2001,"Great Crested Flycatcher",3
2001,"House Finch",3
2001,"Indigo Bunting",2
2001,"Mourning Dove",4
2001,"Northern Cardinal",32
2001,"Northern Mockingbird",10
2001,"Orchard Oriole",1
2001,"Ovenbird",2
2001,"Pine Warbler",6
2001,"Red-bellied Woodpecker",5
2001,"Red-eyed Vireo",2
2001,"Summer Tanager",1
2001,"Tufted Titmouse",16
2001,"White-breasted Nuthatch",2
2001,"Wood Thrush",13
2002,"Acadian Flycatcher",1
2002,"American Crow",44
2002,"American Goldfinch",34
2002,"American Robin",1
2002,"Blue Jay",10
2002,"Blue-gray Gnatcatcher",5
2002,"Brown Thrasher",5
2002,"Brown-headed Cowbird",1
2002,"Carolina Chickadee",12
2002,"Carolina Wren",4
2002,"Chimney Swift",6
2002,"Chipping Sparrow",5
2002,"Downy Woodpecker",4
2002,"Eastern Bluebird",4
2002,"Eastern Phoebe",3
2002,"Eastern Towhee",12
2002,"Eastern Whip-poor-will",2
2002,"Eastern Wood-Pewee",4
2002,"European Starling",2
2002,"Field Sparrow",2
2002,"Great Crested Flycatcher",1
2002,"Hooded Warbler",7
2002,"House Finch",16
2002,"Indigo Bunting",12
2002,"Mourning Dove",13
2002,"Northern Cardinal",30
2002,"Northern Mockingbird",6
2002,"Northern Parula",3
2002,"Ovenbird",10
2002,"Pileated Woodpecker",3
2002,"Pine Warbler",27
2002,"Prairie Warbler",1
2002,"Red-bellied Woodpecker",11
2002,"Red-eyed Vireo",17
2002,"Red-winged Blackbird",4
2002,"Ruby-throated Hummingbird",2
2002,"Scarlet Tanager",2
2002,"Summer Tanager",1
2002,"Tufted Titmouse",26
2002,"Turkey Vulture",3
2002,"White-breasted Nuthatch",2
2002,"White-eyed Vireo",1
2002,"Wood Thrush",8
2002,"Yellow-billed Cuckoo",1
2002,"Yellow-breasted Chat",1
2002,"Yellow-throated Warbler",3
2002,"Acadian Flycatcher",1
2002,"American Crow",16
2002,"American Goldfinch",21
2002,"American Robin",7
2002,"Barn Swallow",4
2002,"Blue Grosbeak",1
2002,"Blue Jay",6
2002,"Blue-gray Gnatcatcher",13
2002,"Brown Thrasher",1
2002,"Brown-headed Cowbird",9
2002,"Brown-headed Nuthatch",11
2002,"Canada Goose",9
2002,"Carolina Chickadee",9
2002,"Carolina Wren",11
2002,"Chimney Swift",11
2002,"Chipping Sparrow",11
2002,"Common Grackle",1
2002,"Common Yellowthroat",1
2002,"Downy Woodpecker",4
2002,"Eastern Bluebird",4
2002,"Eastern Phoebe",1
2002,"Eastern Towhee",11
2002,"Eastern Whip-poor-will",5
2002,"European Starling",2
2002,"Field Sparrow",1
2002,"Fish Crow",1
2002,"Great Blue Heron",8
2002,"Great Crested Flycatcher",3
2002,"Hooded Warbler",2
2002,"House Finch",2
2002,"Indigo Bunting",14
2002,"Mourning Dove",17
2002,"Northern Cardinal",20
2002,"Northern Mockingbird",3
2002,"Northern Parula",2
2002,"Orchard Oriole",1
2002,"Ovenbird",3
2002,"Pine Warbler",21
2002,"Prairie Warbler",5
2002,"Purple Martin",2
2002,"Red-bellied Woodpecker",13
2002,"Red-eyed Vireo",5
2002,"Red-winged Blackbird",3
2002,"Scarlet Tanager",5
2002,"Summer Tanager",3
2002,"Tufted Titmouse",16
2002,"White-breasted Nuthatch",3
2002,"White-eyed Vireo",1
2002,"Wood Thrush",7
2002,"Yellow-billed Cuckoo",1
2002,"Yellow-throated Warbler",1
2002,"American Crow",10
2002,"American Goldfinch",1
2002,"American Robin",7
2002,"Barn Swallow",3
2002,"Blue Grosbeak",7
2002,"Blue Jay",1
2002,"Brown Thrasher",1
2002,"Brown-headed Cowbird",2
2002,"Canada Goose",5
2002,"Carolina Chickadee",1
2002,"Carolina Wren",16
2002,"Chipping Sparrow",4
2002,"Common Grackle",14
2002,"Common Yellowthroat",3
2002,"Eastern Bluebird",6
2002,"Eastern Meadowlark",4
2002,"Eastern Phoebe",1
2002,"Eastern Towhee",8
2002,"Eastern Wood-Pewee",1
2002,"European Starling",2
2002,"Field Sparrow",3
2002,"Gray Catbird",3
2002,"Great Crested Flycatcher",3
2002,"House Finch",6
2002,"Indigo Bunting",11
2002,"Killdeer",3
2002,"Mourning Dove",11
2002,"Northern Bobwhite",4
2002,"Northern Cardinal",24
2002,"Northern Mockingbird",12
2002,"Orchard Oriole",6
2002,"Ovenbird",3
2002,"Pine Warbler",19
2002,"Prairie Warbler",1
2002,"Purple Martin",2
2002,"Red-bellied Woodpecker",6
2002,"Red-eyed Vireo",7
2002,"Red-winged Blackbird",1
2002,"Summer Tanager",5
2002,"Tufted Titmouse",15
2002,"Turkey Vulture",1
2002,"Wood Thrush",2
2002,"Yellow-billed Cuckoo",1
2002,"Yellow-breasted Chat",5
2002,"Yellow-throated Vireo",2
2002,"Acadian Flycatcher",1
2002,"American Crow",25
2002,"American Robin",8
2002,"Barn Swallow",16
2002,"Blue Grosbeak",1
2002,"Blue Jay",2
2002,"Blue-gray Gnatcatcher",16
2002,"Brown-headed Cowbird",8
2002,"Carolina Chickadee",4
2002,"Carolina Wren",21
2002,"Chimney Swift",12
2002,"Chipping Sparrow",20
2002,"Common Grackle",13
2002,"Common Yellowthroat",8
2002,"Eastern Bluebird",3
2002,"Eastern Kingbird",3
2002,"Eastern Meadowlark",3
2002,"Eastern Towhee",6
2002,"Eastern Whip-poor-will",2
2002,"Eastern Wood-Pewee",9
2002,"European Starling",11
2002,"Field Sparrow",4
2002,"Grasshopper Sparrow",1
2002,"Gray Catbird",2
2002,"Great Crested Flycatcher",2
2002,"Indigo Bunting",14
2002,"Mourning Dove",4
2002,"Northern Bobwhite",2
2002,"Northern Cardinal",21
2002,"Northern Mockingbird",8
2002,"Northern Parula",1
2002,"Orchard Oriole",1
2002,"Ovenbird",6
2002,"Pine Warbler",1
2002,"Prairie Warbler",6
2002,"Red-bellied Woodpecker",3
2002,"Red-eyed Vireo",6
2002,"Red-winged Blackbird",1
2002,"Summer Tanager",7
2002,"Tufted Titmouse",7
2002,"White-eyed Vireo",1
2002,"Wood Thrush",5
2002,"Yellow-breasted Chat",5
2002,"Acadian Flycatcher",1
2002,"American Crow",16
2002,"American Goldfinch",5
2002,"American Robin",6
2002,"Blue Grosbeak",9
2002,"Blue-gray Gnatcatcher",1
2002,"Brown-headed Cowbird",9
2002,"Canada Goose",4
2002,"Carolina Chickadee",3
2002,"Carolina Wren",20
2002,"Chimney Swift",5
2002,"Chipping Sparrow",5
2002,"Common Grackle",17
2002,"Common Yellowthroat",3
2002,"Eastern Bluebird",10
2002,"Eastern Kingbird",3
2002,"Eastern Meadowlark",13
2002,"Eastern Towhee",2
2002,"Eastern Wood-Pewee",13
2002,"European Starling",2
2002,"Field Sparrow",8
2002,"Great Crested Flycatcher",3
2002,"House Finch",1
2002,"Indigo Bunting",19
2002,"Killdeer",1
2002,"Mourning Dove",9
2002,"Northern Cardinal",22
2002,"Northern Mockingbird",20
2002,"Northern Parula",1
2002,"Orchard Oriole",4
2002,"Ovenbird",6
2002,"Pine Warbler",5
2002,"Prairie Warbler",1
2002,"Red-bellied Woodpecker",9
2002,"Red-eyed Vireo",14
2002,"Summer Tanager",7
2002,"Tufted Titmouse",17
2002,"White-eyed Vireo",3
2002,"Wood Thrush",3
2002,"Yellow-billed Cuckoo",3
2002,"Yellow-breasted Chat",7
2002,"Yellow-throated Vireo",6
2002,"Yellow-throated Warbler",1
2002,"American Crow",44
2002,"American Goldfinch",5
2002,"American Robin",5
2002,"Blue Grosbeak",6
2002,"Blue Jay",1
2002,"Brown Thrasher",3
2002,"Brown-headed Cowbird",1
2002,"Brown-headed Nuthatch",1
2002,"Carolina Chickadee",2
2002,"Carolina Wren",6
2002,"Chipping Sparrow",15
2002,"Common Grackle",4
2002,"Common Yellowthroat",1
2002,"Downy Woodpecker",1
2002,"Eastern Bluebird",17
2002,"Eastern Kingbird",4
2002,"Eastern Meadowlark",8
2002,"Eastern Phoebe",2
2002,"Eastern Towhee",4
2002,"Eastern Whip-poor-will",2
2002,"Eastern Wood-Pewee",10
2002,"European Starling",3
2002,"Gray Catbird",1
2002,"Great Blue Heron",1
2002,"House Finch",3
2002,"House Sparrow",5
2002,"Indigo Bunting",15
2002,"Killdeer",1
2002,"Mourning Dove",15
2002,"Northern Bobwhite",1
2002,"Northern Cardinal",32
2002,"Northern Mockingbird",21
2002,"Orchard Oriole",2
2002,"Pine Warbler",1
2002,"Red-bellied Woodpecker",4
2002,"Red-eyed Vireo",6
2002,"Red-winged Blackbird",5
2002,"Ruby-throated Hummingbird",1
2002,"Summer Tanager",1
2002,"Tufted Titmouse",12
2002,"Wood Thrush",8
2002,"Yellow-billed Cuckoo",2
2002,"Yellow-breasted Chat",2
2002,"Yellow-throated Vireo",1
2002,"Acadian Flycatcher",3
2002,"American Crow",23
2002,"American Goldfinch",5
2002,"Barn Swallow",3
2002,"Blue Grosbeak",5
2002,"Blue Jay",3
2002,"Blue-gray Gnatcatcher",9
2002,"Brown Thrasher",3
2002,"Brown-headed Cowbird",11
2002,"Carolina Chickadee",6
2002,"Carolina Wren",15
2002,"Chipping Sparrow",9
2002,"Common Grackle",5
2002,"Common Yellowthroat",3
2002,"Downy Woodpecker",1
2002,"Eastern Bluebird",3
2002,"Eastern Kingbird",2
2002,"Eastern Meadowlark",2
2002,"Eastern Phoebe",2
2002,"Eastern Towhee",1
2002,"Eastern Wood-Pewee",6
2002,"European Starling",1
2002,"Grasshopper Sparrow",2
2002,"Hooded Warbler",7
2002,"Indigo Bunting",16
2002,"Mourning Dove",18
2002,"Northern Bobwhite",4
2002,"Northern Cardinal",24
2002,"Northern Mockingbird",7
2002,"Northern Parula",1
2002,"Orchard Oriole",3
2002,"Ovenbird",10
2002,"Pileated Woodpecker",2
2002,"Pine Warbler",10
2002,"Prairie Warbler",2
2002,"Red-bellied Woodpecker",12
2002,"Red-eyed Vireo",25
2002,"Red-shouldered Hawk",1
2002,"Red-winged Blackbird",7
2002,"Summer Tanager",4
2002,"Tufted Titmouse",7
2002,"White-eyed Vireo",4
2002,"Wood Thrush",11
2002,"Yellow-breasted Chat",10
2002,"Yellow-throated Vireo",3
2002,"Yellow-throated Warbler",4
2002,"Acadian Flycatcher",2
2002,"American Crow",28
2002,"American Goldfinch",6
2002,"American Robin",16
2002,"Barn Swallow",20
2002,"Blue Grosbeak",1
2002,"Blue-gray Gnatcatcher",7
2002,"Brown Thrasher",1
2002,"Brown-headed Nuthatch",6
2002,"Carolina Chickadee",2
2002,"Carolina Wren",4
2002,"Chimney Swift",1
2002,"Chipping Sparrow",27
2002,"Common Grackle",51
2002,"Common Yellowthroat",2
2002,"Eastern Bluebird",6
2002,"Eastern Kingbird",1
2002,"Eastern Meadowlark",2
2002,"Eastern Phoebe",1
2002,"Eastern Towhee",10
2002,"Eastern Whip-poor-will",1
2002,"Eastern Wood-Pewee",2
2002,"European Starling",6
2002,"Field Sparrow",1
2002,"Hooded Warbler",2
2002,"House Finch",5
2002,"Indigo Bunting",16
2002,"Killdeer",4
2002,"Mourning Dove",11
2002,"Northern Bobwhite",4
2002,"Northern Cardinal",29
2002,"Northern Mockingbird",5
2002,"Northern Parula",1
2002,"Ovenbird",8
2002,"Pine Warbler",10
2002,"Prairie Warbler",2
2002,"Red-bellied Woodpecker",5
2002,"Red-eyed Vireo",7
2002,"Scarlet Tanager",1
2002,"Summer Tanager",5
2002,"Tufted Titmouse",1
2002,"Wood Thrush",7
2002,"Yellow-billed Cuckoo",2
2002,"Yellow-breasted Chat",3
2002,"Acadian Flycatcher",1
2002,"American Crow",21
2002,"American Goldfinch",6
2002,"American Robin",2
2002,"Blue Grosbeak",1
2002,"Blue Jay",12
2002,"Blue-gray Gnatcatcher",2
2002,"Brown Thrasher",9
2002,"Brown-headed Cowbird",4
2002,"Brown-headed Nuthatch",8
2002,"Canada Goose",6
2002,"Carolina Chickadee",10
2002,"Carolina Wren",19
2002,"Chimney Swift",5
2002,"Chipping Sparrow",7
2002,"Common Yellowthroat",1
2002,"Downy Woodpecker",1
2002,"Eastern Bluebird",10
2002,"Eastern Phoebe",3
2002,"Eastern Towhee",12
2002,"Eastern Wood-Pewee",1
2002,"European Starling",1
2002,"Fish Crow",3
2002,"Hooded Warbler",2
2002,"House Finch",1
2002,"Indigo Bunting",7
2002,"Mourning Dove",12
2002,"Northern Bobwhite",4
2002,"Northern Cardinal",34
2002,"Northern Mockingbird",5
2002,"Northern Parula",2
2002,"Orchard Oriole",2
2002,"Ovenbird",6
2002,"Pileated Woodpecker",1
2002,"Pine Warbler",15
2002,"Prairie Warbler",1
2002,"Red-bellied Woodpecker",15
2002,"Red-eyed Vireo",6
2002,"Red-shouldered Hawk",4
2002,"Red-winged Blackbird",2
2002,"Ruby-throated Hummingbird",4
2002,"Scarlet Tanager",4
2002,"Summer Tanager",8
2002,"Tufted Titmouse",24
2002,"White-breasted Nuthatch",3
2002,"Wood Thrush",20
2002,"Yellow-billed Cuckoo",5
2002,"Yellow-breasted Chat",3
2002,"Yellow-throated Vireo",1
2002,"Acadian Flycatcher",1
2002,"American Crow",18
2002,"American Goldfinch",14
2002,"American Robin",1
2002,"Blue Grosbeak",2
2002,"Blue Jay",2
2002,"Blue-gray Gnatcatcher",6
2002,"Brown Thrasher",1
2002,"Brown-headed Cowbird",4
2002,"Carolina Chickadee",6
2002,"Carolina Wren",5
2002,"Chimney Swift",7
2002,"Chipping Sparrow",6
2002,"Common Yellowthroat",1
2002,"Eastern Bluebird",10
2002,"Eastern Kingbird",1
2002,"Eastern Meadowlark",1
2002,"Eastern Towhee",7
2002,"Eastern Whip-poor-will",1
2002,"Eastern Wood-Pewee",3
2002,"European Starling",1
2002,"Gray Catbird",2
2002,"Hooded Warbler",1
2002,"House Finch",3
2002,"House Sparrow",2
2002,"Indigo Bunting",4
2002,"Mourning Dove",25
2002,"Northern Bobwhite",4
2002,"Northern Cardinal",23
2002,"Northern Mockingbird",10
2002,"Ovenbird",4
2002,"Pine Warbler",1
2002,"Prairie Warbler",3
2002,"Red-bellied Woodpecker",11
2002,"Red-eyed Vireo",6
2002,"Red-shouldered Hawk",3
2002,"Red-winged Blackbird",6
2002,"Scarlet Tanager",1
2002,"Song Sparrow",2
2002,"Summer Tanager",5
2002,"Tufted Titmouse",13
2002,"White-eyed Vireo",1
2002,"Wood Thrush",2
2002,"Yellow-billed Cuckoo",3
2002,"Yellow-breasted Chat",6
2002,"Yellow-throated Warbler",2
2002,"American Crow",36
2002,"American Goldfinch",2
2002,"American Robin",2
2002,"Barn Swallow",2
2002,"Blue Jay",4
2002,"Blue-gray Gnatcatcher",3
2002,"Carolina Chickadee",3
2002,"Carolina Wren",19
2002,"Chimney Swift",3
2002,"Chipping Sparrow",3
2002,"Common Yellowthroat",9
2002,"Eastern Bluebird",13
2002,"Eastern Towhee",4
2002,"Eastern Whip-poor-will",1
2002,"Eastern Wood-Pewee",6
2002,"Gray Catbird",2
2002,"Indigo Bunting",18
2002,"Killdeer",1
2002,"Mourning Dove",13
2002,"Northern Bobwhite",2
2002,"Northern Cardinal",24
2002,"Northern Mockingbird",3
2002,"Northern Parula",2
2002,"Ovenbird",1
2002,"Pileated Woodpecker",1
2002,"Prairie Warbler",5
2002,"Purple Martin",1
2002,"Red-bellied Woodpecker",4
2002,"Red-eyed Vireo",18
2002,"Summer Tanager",3
2002,"Tufted Titmouse",10
2002,"White-breasted Nuthatch",1
2002,"White-eyed Vireo",3
2002,"Wood Thrush",5
2002,"Yellow-billed Cuckoo",3
2002,"Yellow-breasted Chat",2
2002,"American Crow",14
2002,"American Goldfinch",6
2002,"American Robin",7
2002,"Barn Swallow",13
2002,"Blue Grosbeak",5
2002,"Blue Jay",8
2002,"Blue-gray Gnatcatcher",1
2002,"Brown Thrasher",1
2002,"Brown-headed Cowbird",6
2002,"Brown-headed Nuthatch",2
2002,"Canada Goose",1
2002,"Carolina Chickadee",5
2002,"Carolina Wren",12
2002,"Chimney Swift",4
2002,"Chipping Sparrow",9
2002,"Common Grackle",8
2002,"Common Yellowthroat",3
2002,"Downy Woodpecker",2
2002,"Eastern Bluebird",17
2002,"Eastern Meadowlark",10
2002,"Eastern Phoebe",1
2002,"Eastern Towhee",3
2002,"Eastern Wood-Pewee",8
2002,"European Starling",7
2002,"Great Crested Flycatcher",1
2002,"House Finch",2
2002,"House Sparrow",1
2002,"Indigo Bunting",16
2002,"Killdeer",1
2002,"Mourning Dove",17
2002,"Northern Bobwhite",3
2002,"Northern Cardinal",20
2002,"Northern Mockingbird",12
2002,"Northern Parula",1
2002,"Orchard Oriole",9
2002,"Ovenbird",3
2002,"Pine Warbler",1
2002,"Red-bellied Woodpecker",13
2002,"Red-eyed Vireo",4
2002,"Red-winged Blackbird",6
2002,"Scarlet Tanager",3
2002,"Summer Tanager",3
2002,"Tufted Titmouse",8
2002,"White-breasted Nuthatch",6
2002,"Wood Thrush",6
2002,"Yellow-breasted Chat",1
2002,"American Crow",44
2002,"American Goldfinch",10
2002,"American Robin",17
2002,"Blue Jay",14
2002,"Brown Thrasher",2
2002,"Carolina Chickadee",14
2002,"Carolina Wren",7
2002,"Chimney Swift",38
2002,"Eastern Bluebird",10
2002,"Eastern Meadowlark",6
2002,"Eastern Towhee",5
2002,"Eastern Wood-Pewee",1
2002,"European Starling",32
2002,"House Finch",3
2002,"House Sparrow",9
2002,"Indigo Bunting",16
2002,"Mourning Dove",22
2002,"Northern Cardinal",21
2002,"Northern Mockingbird",14
2002,"Red-eyed Vireo",8
2002,"Song Sparrow",3
2002,"Tufted Titmouse",13
2002,"Wood Thrush",11
2002,"Yellow-breasted Chat",5
2002,"American Crow",26
2002,"American Goldfinch",11
2002,"American Robin",1
2002,"Barn Swallow",4
2002,"Blue Grosbeak",1
2002,"Blue Jay",2
2002,"Blue-gray Gnatcatcher",9
2002,"Brown-headed Cowbird",2
2002,"Brown-headed Nuthatch",3
2002,"Canada Goose",3
2002,"Carolina Chickadee",11
2002,"Carolina Wren",12
2002,"Chimney Swift",19
2002,"Chipping Sparrow",12
2002,"Common Grackle",17
2002,"Downy Woodpecker",4
2002,"Eastern Bluebird",9
2002,"Eastern Kingbird",2
2002,"Eastern Meadowlark",1
2002,"Eastern Towhee",6
2002,"Eastern Whip-poor-will",2
2002,"Eastern Wood-Pewee",3
2002,"European Starling",2
2002,"Field Sparrow",2
2002,"Hooded Warbler",1
2002,"House Finch",1
2002,"Indigo Bunting",7
2002,"Killdeer",1
2002,"Mourning Dove",31
2002,"Northern Cardinal",16
2002,"Northern Mockingbird",5
2002,"Northern Parula",1
2002,"Orchard Oriole",1
2002,"Ovenbird",1
2002,"Pine Warbler",18
2002,"Purple Martin",9
2002,"Red-bellied Woodpecker",4
2002,"Red-eyed Vireo",1
2002,"Red-winged Blackbird",1
2002,"Ruby-throated Hummingbird",1
2002,"Summer Tanager",2
2002,"Tufted Titmouse",10
2002,"Wood Thrush",1
2002,"Yellow-billed Cuckoo",1
2002,"Yellow-throated Warbler",1
2002,"American Crow",15
2002,"American Goldfinch",1
2002,"American Robin",8
2002,"Barn Swallow",12
2002,"Blue Jay",3
2002,"Blue-gray Gnatcatcher",11
2002,"Brown Thrasher",1
2002,"Brown-headed Cowbird",4
2002,"Carolina Chickadee",5
2002,"Carolina Wren",5
2002,"Chimney Swift",2
2002,"Chipping Sparrow",16
2002,"Common Grackle",7
2002,"Common Yellowthroat",4
2002,"Downy Woodpecker",1
2002,"Eastern Bluebird",6
2002,"Eastern Meadowlark",3
2002,"Eastern Phoebe",3
2002,"Eastern Towhee",2
2002,"Eastern Wood-Pewee",3
2002,"European Starling",2
2002,"Field Sparrow",3
2002,"Grasshopper Sparrow",1
2002,"Great Crested Flycatcher",3
2002,"Hooded Warbler",1
2002,"Indigo Bunting",27
2002,"Mourning Dove",18
2002,"Northern Cardinal",28
2002,"Ovenbird",2
2002,"Pine Warbler",3
2002,"Prairie Warbler",2
2002,"Red-bellied Woodpecker",9
2002,"Red-eyed Vireo",5
2002,"Ruby-throated Hummingbird",1
2002,"Summer Tanager",2
2002,"Tufted Titmouse",5
2002,"Wood Thrush",8
2002,"Yellow-billed Cuckoo",1
2002,"Yellow-breasted Chat",5
2002,"Acadian Flycatcher",1
2002,"American Crow",27
2002,"American Goldfinch",3
2002,"American Robin",3
2002,"Blue Grosbeak",1
2002,"Blue Jay",6
2002,"Blue-gray Gnatcatcher",7
2002,"Brown Thrasher",1
2002,"Brown-headed Nuthatch",1
2002,"Carolina Chickadee",16
2002,"Carolina Wren",13
2002,"Chimney Swift",5
2002,"Chipping Sparrow",13
2002,"Common Grackle",72
2002,"Common Yellowthroat",2
2002,"Downy Woodpecker",2
2002,"Eastern Bluebird",8
2002,"Eastern Phoebe",3
2002,"Eastern Towhee",2
2002,"Eastern Wood-Pewee",2
2002,"European Starling",42
2002,"Great Blue Heron",2
2002,"House Finch",5
2002,"House Sparrow",1
2002,"Indigo Bunting",7
2002,"Mourning Dove",16
2002,"Northern Cardinal",25
2002,"Northern Mockingbird",4
2002,"Ovenbird",5
2002,"Pine Warbler",16
2002,"Prairie Warbler",2
2002,"Red-bellied Woodpecker",6
2002,"Red-eyed Vireo",5
2002,"Red-shouldered Hawk",1
2002,"Red-winged Blackbird",1
2002,"Scarlet Tanager",1
2002,"Summer Tanager",1
2002,"Tufted Titmouse",15
2002,"Wood Thrush",15
2002,"Acadian Flycatcher",2
2002,"American Crow",19
2002,"American Goldfinch",8
2002,"American Robin",28
2002,"Barn Swallow",7
2002,"Blue Jay",13
2002,"Blue-gray Gnatcatcher",3
2002,"Brown-headed Cowbird",2
2002,"Brown-headed Nuthatch",3
2002,"Carolina Chickadee",5
2002,"Carolina Wren",8
2002,"Chimney Swift",32
2002,"Chipping Sparrow",4
2002,"Common Grackle",32
2002,"Downy Woodpecker",4
2002,"Eastern Bluebird",3
2002,"Eastern Phoebe",2
2002,"Eastern Towhee",13
2002,"European Starling",10
2002,"Fish Crow",1
2002,"Gray Catbird",6
2002,"Great Crested Flycatcher",3
2002,"Hooded Warbler",1
2002,"House Finch",5
2002,"House Sparrow",1
2002,"Indigo Bunting",1
2002,"Mourning Dove",13
2002,"Northern Cardinal",29
2002,"Northern Mockingbird",19
2002,"Pine Warbler",3
2002,"Red-bellied Woodpecker",9
2002,"Red-eyed Vireo",10
2002,"Scarlet Tanager",1
2002,"Song Sparrow",2
2002,"Tufted Titmouse",4
2002,"White-breasted Nuthatch",3
2002,"Wood Thrush",1
2002,"Yellow-throated Warbler",1
2002,"Acadian Flycatcher",1
2002,"American Crow",14
2002,"American Goldfinch",7
2002,"American Robin",8
2002,"Barn Swallow",5
2002,"Blue Grosbeak",2
2002,"Blue Jay",1
2002,"Blue-gray Gnatcatcher",3
2002,"Brown Thrasher",2
2002,"Brown-headed Cowbird",7
2002,"Carolina Chickadee",2
2002,"Carolina Wren",10
2002,"Chimney Swift",3
2002,"Chipping Sparrow",5
2002,"Common Grackle",5
2002,"Common Yellowthroat",1
2002,"Downy Woodpecker",2
2002,"Eastern Bluebird",2
2002,"Eastern Phoebe",2
2002,"Eastern Towhee",11
2002,"Eastern Wood-Pewee",4
2002,"European Starling",9
2002,"Fish Crow",1
2002,"Great Blue Heron",2
2002,"Great Crested Flycatcher",1
2002,"House Finch",5
2002,"Indigo Bunting",14
2002,"Killdeer",1
2002,"Mourning Dove",11
2002,"Northern Cardinal",24
2002,"Northern Mockingbird",5
2002,"Pine Warbler",3
2002,"Red-bellied Woodpecker",3
2002,"Red-eyed Vireo",6
2002,"Red-shouldered Hawk",1
2002,"Ruby-throated Hummingbird",3
2002,"Song Sparrow",1
2002,"Summer Tanager",1
2002,"Tufted Titmouse",8
2002,"White-breasted Nuthatch",1
2002,"White-eyed Vireo",2
2002,"Wood Thrush",4
2002,"Yellow-breasted Chat",2
2002,"Yellow-throated Vireo",2
2002,"Yellow-throated Warbler",1
2002,"American Crow",14
2002,"American Goldfinch",17
2002,"American Robin",15
2002,"Barn Swallow",1
2002,"Blue Jay",10
2002,"Blue-gray Gnatcatcher",12
2002,"Brown Thrasher",3
2002,"Brown-headed Nuthatch",10
2002,"Canada Goose",8
2002,"Carolina Chickadee",12
2002,"Carolina Wren",17
2002,"Chimney Swift",24
2002,"Chipping Sparrow",13
2002,"Common Grackle",1
2002,"Eastern Bluebird",3
2002,"Eastern Towhee",17
2002,"Eastern Wood-Pewee",2
2002,"European Starling",6
2002,"Gray Catbird",1
2002,"Great Crested Flycatcher",1
2002,"House Finch",12
2002,"House Sparrow",6
2002,"Indigo Bunting",5
2002,"Mourning Dove",30
2002,"Northern Cardinal",40
2002,"Northern Mockingbird",21
2002,"Ovenbird",1
2002,"Pine Warbler",6
2002,"Red-bellied Woodpecker",9
2002,"Red-eyed Vireo",3
2002,"Red-shouldered Hawk",2
2002,"Scarlet Tanager",1
2002,"Song Sparrow",1
2002,"Summer Tanager",9
2002,"Tufted Titmouse",22
2002,"White-breasted Nuthatch",5
2002,"Wood Thrush",4
2002,"Yellow-throated Vireo",1
2002,"American Crow",7
2002,"American Goldfinch",7
2002,"American Robin",16
2002,"Blue Jay",4
2002,"Brown Thrasher",1
2002,"Brown-headed Cowbird",2
2002,"Brown-headed Nuthatch",1
2002,"Carolina Chickadee",1
2002,"Carolina Wren",18
2002,"Common Yellowthroat",1
2002,"Downy Woodpecker",1
2002,"Eastern Bluebird",1
2002,"Eastern Towhee",18
2002,"European Starling",4
2002,"Gray Catbird",3
2002,"Great Crested Flycatcher",2
2002,"House Finch",9
2002,"House Sparrow",2
2002,"Indigo Bunting",4
2002,"Mourning Dove",2
2002,"Northern Cardinal",13
2002,"Northern Mockingbird",16
2002,"Pine Warbler",5
2002,"Red-bellied Woodpecker",1
2002,"Red-eyed Vireo",2
2002,"Song Sparrow",2
2002,"Tufted Titmouse",6
2002,"White-eyed Vireo",1
2002,"Acadian Flycatcher",1
2002,"American Crow",7
2002,"American Goldfinch",8
2002,"American Robin",1
2002,"Barn Swallow",1
2002,"Blue Grosbeak",1
2002,"Blue Jay",5
2002,"Blue-gray Gnatcatcher",8
2002,"Brown Thrasher",2
2002,"Brown-headed Cowbird",5
2002,"Carolina Chickadee",10
2002,"Carolina Wren",11
2002,"Chimney Swift",4
2002,"Chipping Sparrow",12
2002,"Common Grackle",3
2002,"Eastern Bluebird",5
2002,"Eastern Phoebe",2
2002,"Eastern Towhee",13
2002,"European Starling",1
2002,"Field Sparrow",2
2002,"Hooded Warbler",1
2002,"House Sparrow",1
2002,"Indigo Bunting",8
2002,"Mourning Dove",13
2002,"Northern Bobwhite",3
2002,"Northern Cardinal",14
2002,"Northern Mockingbird",6
2002,"Northern Parula",2
2002,"Ovenbird",4
2002,"Pine Warbler",3
2002,"Prairie Warbler",2
2002,"Red-bellied Woodpecker",6
2002,"Red-eyed Vireo",6
2002,"Red-shouldered Hawk",1
2002,"Song Sparrow",1
2002,"Tufted Titmouse",8
2002,"White-breasted Nuthatch",1
2002,"Wood Thrush",3
2002,"Yellow-breasted Chat",2
2002,"Yellow-throated Vireo",1
2002,"Yellow-throated Warbler",1
2002,"Acadian Flycatcher",1
2002,"American Crow",22
2002,"American Goldfinch",5
2002,"American Robin",3
2002,"Blue Jay",1
2002,"Blue-gray Gnatcatcher",12
2002,"Brown-headed Cowbird",5
2002,"Brown-headed Nuthatch",2
2002,"Carolina Chickadee",4
2002,"Carolina Wren",7
2002,"Chimney Swift",11
2002,"Chipping Sparrow",8
2002,"Common Grackle",3
2002,"Common Yellowthroat",3
2002,"Downy Woodpecker",5
2002,"Eastern Bluebird",5
2002,"Eastern Phoebe",2
2002,"Eastern Towhee",3
2002,"Eastern Wood-Pewee",3
2002,"European Starling",14
2002,"Field Sparrow",3
2002,"Fish Crow",4
2002,"Great Crested Flycatcher",2
2002,"House Finch",2
2002,"Indigo Bunting",2
2002,"Killdeer",2
2002,"Mourning Dove",10
2002,"Northern Cardinal",29
2002,"Northern Mockingbird",15
2002,"Northern Parula",1
2002,"Ovenbird",2
2002,"Pine Warbler",3
2002,"Red-bellied Woodpecker",5
2002,"Red-eyed Vireo",2
2002,"Red-shouldered Hawk",1
2002,"Scarlet Tanager",2
2002,"Summer Tanager",2
2002,"Tufted Titmouse",5
2002,"Wood Thrush",4
2002,"Yellow-breasted Chat",5
2002,"American Crow",28
2002,"American Goldfinch",13
2002,"American Robin",3
2002,"Barn Swallow",8
2002,"Blue Grosbeak",6
2002,"Blue Jay",3
2002,"Blue-gray Gnatcatcher",3
2002,"Brown Thrasher",2
2002,"Brown-headed Cowbird",1
2002,"Carolina Chickadee",2
2002,"Carolina Wren",6
2002,"Chimney Swift",9
2002,"Chipping Sparrow",4
2002,"Common Grackle",18
2002,"Common Yellowthroat",1
2002,"Downy Woodpecker",1
2002,"Eastern Bluebird",6
2002,"Eastern Meadowlark",7
2002,"Eastern Towhee",1
2002,"Eastern Wood-Pewee",6
2002,"European Starling",18
2002,"Field Sparrow",2
2002,"Grasshopper Sparrow",1
2002,"House Sparrow",1
2002,"Indigo Bunting",8
2002,"Mourning Dove",21
2002,"Northern Cardinal",12
2002,"Northern Mockingbird",11
2002,"Orchard Oriole",3
2002,"Ovenbird",1
2002,"Red-bellied Woodpecker",3
2002,"Red-eyed Vireo",3
2002,"Red-winged Blackbird",2
2002,"Scarlet Tanager",1
2002,"Tufted Titmouse",10
2002,"Wood Thrush",1
2002,"Yellow-billed Cuckoo",1
2002,"Yellow-throated Vireo",1
2002,"American Crow",22
2002,"American Goldfinch",5
2002,"American Robin",3
2002,"Blue Grosbeak",4
2002,"Blue Jay",1
2002,"Carolina Chickadee",3
2002,"Carolina Wren",8
2002,"Chimney Swift",6
2002,"Chipping Sparrow",12
2002,"Common Grackle",6
2002,"Common Yellowthroat",3
2002,"Downy Woodpecker",1
2002,"Eastern Bluebird",3
2002,"Eastern Meadowlark",2
2002,"Eastern Towhee",1
2002,"Eastern Whip-poor-will",3
2002,"Eastern Wood-Pewee",1
2002,"European Starling",10
2002,"Field Sparrow",1
2002,"Grasshopper Sparrow",2
2002,"Gray Catbird",1
2002,"Great Crested Flycatcher",1
2002,"House Finch",5
2002,"Indigo Bunting",15
2002,"Mourning Dove",27
2002,"Northern Bobwhite",2
2002,"Northern Cardinal",12
2002,"Northern Mockingbird",3
2002,"Orchard Oriole",1
2002,"Ovenbird",1
2002,"Pine Warbler",2
2002,"Red-bellied Woodpecker",6
2002,"Red-eyed Vireo",11
2002,"Ruby-throated Hummingbird",2
2002,"Tufted Titmouse",11
2002,"Turkey Vulture",8
2002,"Wood Thrush",9
2002,"American Crow",31
2002,"American Goldfinch",9
2002,"American Robin",17
2002,"Blue Grosbeak",1
2002,"Blue Jay",9
2002,"Blue-gray Gnatcatcher",5
2002,"Brown Thrasher",2
2002,"Brown-headed Cowbird",2
2002,"Carolina Wren",11
2002,"Chimney Swift",7
2002,"Chipping Sparrow",12
2002,"Common Grackle",12
2002,"Common Yellowthroat",3
2002,"Downy Woodpecker",2
2002,"Eastern Bluebird",13
2002,"Eastern Meadowlark",2
2002,"Eastern Phoebe",1
2002,"Eastern Towhee",10
2002,"Eastern Wood-Pewee",5
2002,"European Starling",3
2002,"Field Sparrow",2
2002,"Grasshopper Sparrow",3
2002,"Great Crested Flycatcher",2
2002,"Hooded Warbler",1
2002,"House Finch",4
2002,"House Sparrow",9
2002,"Indigo Bunting",9
2002,"Killdeer",2
2002,"Mourning Dove",11
2002,"Northern Bobwhite",1
2002,"Northern Cardinal",13
2002,"Northern Mockingbird",11
2002,"Orchard Oriole",1
2002,"Ovenbird",5
2002,"Pine Warbler",2
2002,"Prairie Warbler",1
2002,"Red-bellied Woodpecker",10
2002,"Red-eyed Vireo",8
2002,"Red-shouldered Hawk",1
2002,"Red-winged Blackbird",1
2002,"Song Sparrow",1
2002,"Summer Tanager",1
2002,"Tufted Titmouse",5
2002,"White-breasted Nuthatch",2
2002,"Wood Thrush",4
2002,"Yellow-breasted Chat",2
2002,"Yellow-throated Vireo",2
2002,"Acadian Flycatcher",1
2002,"American Crow",26
2002,"American Goldfinch",9
2002,"American Robin",1
2002,"Blue Grosbeak",1
2002,"Blue Jay",4
2002,"Blue-gray Gnatcatcher",3
2002,"Brown Thrasher",2
2002,"Brown-headed Cowbird",5
2002,"Brown-headed Nuthatch",1
2002,"Carolina Chickadee",5
2002,"Carolina Wren",13
2002,"Chimney Swift",7
2002,"Chipping Sparrow",4
2002,"Common Grackle",1
2002,"Common Yellowthroat",1
2002,"Downy Woodpecker",1
2002,"Eastern Bluebird",2
2002,"Eastern Phoebe",2
2002,"Eastern Towhee",7
2002,"Eastern Wood-Pewee",1
2002,"Field Sparrow",3
2002,"Fish Crow",1
2002,"Gray Catbird",1
2002,"Hooded Warbler",1
2002,"House Finch",2
2002,"Indigo Bunting",8
2002,"Mourning Dove",6
2002,"Northern Cardinal",29
2002,"Northern Mockingbird",2
2002,"Pine Warbler",5
2002,"Prairie Warbler",1
2002,"Red-bellied Woodpecker",5
2002,"Red-eyed Vireo",8
2002,"Red-shouldered Hawk",3
2002,"Red-winged Blackbird",3
2002,"Summer Tanager",1
2002,"Tufted Titmouse",5
2002,"White-breasted Nuthatch",1
2002,"Wood Thrush",1
2002,"American Crow",25
2002,"American Goldfinch",10
2002,"American Robin",2
2002,"Barn Swallow",6
2002,"Blue Grosbeak",5
2002,"Blue Jay",11
2002,"Blue-gray Gnatcatcher",4
2002,"Brown Thrasher",2
2002,"Brown-headed Cowbird",4
2002,"Canada Goose",51
2002,"Carolina Chickadee",6
2002,"Carolina Wren",12
2002,"Chimney Swift",9
2002,"Chipping Sparrow",15
2002,"Common Grackle",12
2002,"Common Yellowthroat",3
2002,"Downy Woodpecker",5
2002,"Eastern Bluebird",15
2002,"Eastern Meadowlark",4
2002,"Eastern Towhee",6
2002,"Eastern Wood-Pewee",1
2002,"European Starling",4
2002,"Field Sparrow",3
2002,"House Finch",5
2002,"House Sparrow",1
2002,"Indigo Bunting",12
2002,"Killdeer",2
2002,"Mourning Dove",44
2002,"Northern Bobwhite",2
2002,"Northern Cardinal",21
2002,"Northern Mockingbird",16
2002,"Ovenbird",2
2002,"Pileated Woodpecker",1
2002,"Pine Warbler",7
2002,"Red-bellied Woodpecker",6
2002,"Red-eyed Vireo",7
2002,"Red-winged Blackbird",6
2002,"Scarlet Tanager",3
2002,"Summer Tanager",2
2002,"Tufted Titmouse",8
2002,"Turkey Vulture",2
2002,"White-eyed Vireo",1
2002,"Wood Thrush",5
2002,"Yellow-breasted Chat",2
2002,"Acadian Flycatcher",1
2002,"American Crow",41
2002,"American Goldfinch",6
2002,"American Robin",3
2002,"Blue Jay",3
2002,"Blue-gray Gnatcatcher",2
2002,"Brown-headed Cowbird",1
2002,"Carolina Chickadee",15
2002,"Carolina Wren",5
2002,"Chipping Sparrow",8
2002,"Common Grackle",1
2002,"Common Yellowthroat",1
2002,"Downy Woodpecker",3
2002,"Eastern Bluebird",6
2002,"Eastern Meadowlark",1
2002,"Eastern Towhee",7
2002,"Eastern Wood-Pewee",1
2002,"European Starling",1
2002,"House Finch",4
2002,"Indigo Bunting",2
2002,"Mourning Dove",23
2002,"Northern Cardinal",35
2002,"Northern Mockingbird",1
2002,"Ovenbird",1
2002,"Pine Warbler",12
2002,"Red-bellied Woodpecker",9
2002,"Red-eyed Vireo",5
2002,"Tufted Titmouse",27
2002,"Turkey Vulture",2
2002,"Wood Thrush",4
2002,"Yellow-breasted Chat",2
2002,"American Crow",23
2002,"American Goldfinch",8
2002,"American Robin",10
2002,"Blue Grosbeak",2
2002,"Blue Jay",1
2002,"Blue-gray Gnatcatcher",1
2002,"Brown Thrasher",4
2002,"Brown-headed Cowbird",2
2002,"Canada Goose",3
2002,"Carolina Chickadee",4
2002,"Carolina Wren",15
2002,"Chimney Swift",1
2002,"Chipping Sparrow",11
2002,"Common Grackle",10
2002,"Common Yellowthroat",6
2002,"Downy Woodpecker",1
2002,"Eastern Bluebird",12
2002,"Eastern Meadowlark",4
2002,"Eastern Towhee",5
2002,"Eastern Wood-Pewee",4
2002,"European Starling",15
2002,"Field Sparrow",9
2002,"Great Crested Flycatcher",1
2002,"House Finch",1
2002,"House Sparrow",1
2002,"Indigo Bunting",6
2002,"Killdeer",2
2002,"Mourning Dove",16
2002,"Northern Cardinal",24
2002,"Northern Mockingbird",21
2002,"Orchard Oriole",2
2002,"Ovenbird",1
2002,"Pine Warbler",5
2002,"Prairie Warbler",5
2002,"Red-bellied Woodpecker",2
2002,"Red-eyed Vireo",12
2002,"Red-winged Blackbird",5
2002,"Summer Tanager",7
2002,"Tufted Titmouse",17
2002,"Turkey Vulture",5
2002,"White-eyed Vireo",2
2002,"Wood Thrush",7
2002,"Yellow-breasted Chat",6
2002,"American Crow",13
2002,"American Goldfinch",3
2002,"American Robin",4
2002,"Blue Jay",3
2002,"Brown-headed Cowbird",1
2002,"Brown-headed Nuthatch",2
2002,"Carolina Chickadee",5
2002,"Carolina Wren",8
2002,"Chimney Swift",7
2002,"Chipping Sparrow",8
2002,"Eastern Kingbird",3
2002,"Eastern Towhee",4
2002,"Eastern Wood-Pewee",1
2002,"Great Blue Heron",2
2002,"Great Crested Flycatcher",1
2002,"House Sparrow",7
2002,"Indigo Bunting",4
2002,"Mourning Dove",12
2002,"Northern Cardinal",24
2002,"Northern Mockingbird",5
2002,"Ovenbird",2
2002,"Pine Warbler",3
2002,"Red-bellied Woodpecker",2
2002,"Red-eyed Vireo",6
2002,"Red-winged Blackbird",1
2002,"Tufted Titmouse",2
2002,"Wood Thrush",2
2002,"Yellow-billed Cuckoo",1
2002,"Acadian Flycatcher",1
2002,"American Crow",28
2002,"American Goldfinch",17
2002,"American Robin",7
2002,"Blue Jay",9
2002,"Blue-gray Gnatcatcher",11
2002,"Brown Thrasher",1
2002,"Brown-headed Nuthatch",1
2002,"Carolina Wren",11
2002,"Chimney Swift",4
2002,"Chipping Sparrow",11
2002,"Common Yellowthroat",2
2002,"Downy Woodpecker",4
2002,"Eastern Bluebird",2
2002,"Eastern Kingbird",2
2002,"Eastern Meadowlark",2
2002,"Eastern Phoebe",3
2002,"Eastern Towhee",6
2002,"Eastern Wood-Pewee",6
2002,"European Starling",2
2002,"Field Sparrow",4
2002,"Gray Catbird",1
2002,"Great Crested Flycatcher",3
2002,"Hooded Warbler",2
2002,"House Finch",11
2002,"Indigo Bunting",13
2002,"Mourning Dove",19
2002,"Northern Cardinal",31
2002,"Northern Mockingbird",12
2002,"Ovenbird",2
2002,"Pine Warbler",4
2002,"Red-bellied Woodpecker",9
2002,"Red-eyed Vireo",17
2002,"Red-shouldered Hawk",1
2002,"Red-winged Blackbird",1
2002,"Ruby-throated Hummingbird",4
2002,"Summer Tanager",2
2002,"Tufted Titmouse",13
2002,"White-breasted Nuthatch",3
2002,"Wood Thrush",8
2002,"Yellow-breasted Chat",4
2002,"Acadian Flycatcher",1
2002,"American Crow",26
2002,"American Goldfinch",15
2002,"American Robin",10
2002,"Barn Swallow",6
2002,"Blue Grosbeak",5
2002,"Blue Jay",5
2002,"Blue-gray Gnatcatcher",1
2002,"Brown Thrasher",4
2002,"Brown-headed Cowbird",9
2002,"Canada Goose",3
2002,"Carolina Chickadee",8
2002,"Carolina Wren",13
2002,"Chimney Swift",6
2002,"Chipping Sparrow",10
2002,"Common Grackle",9
2002,"Common Yellowthroat",5
2002,"Downy Woodpecker",2
2002,"Eastern Bluebird",12
2002,"Eastern Kingbird",1
2002,"Eastern Towhee",12
2002,"Eastern Whip-poor-will",2
2002,"Eastern Wood-Pewee",7
2002,"European Starling",20
2002,"Field Sparrow",1
2002,"Fish Crow",1
2002,"Great Crested Flycatcher",1
2002,"House Finch",2
2002,"Indigo Bunting",15
2002,"Mourning Dove",23
2002,"Northern Bobwhite",3
2002,"Northern Cardinal",29
2002,"Northern Mockingbird",25
2002,"Pine Warbler",7
2002,"Red-bellied Woodpecker",8
2002,"Red-eyed Vireo",17
2002,"Red-winged Blackbird",2
2002,"Ruby-throated Hummingbird",1
2002,"Tufted Titmouse",9
2002,"White-eyed Vireo",1
2002,"Wood Thrush",9
2002,"Yellow-breasted Chat",1
2002,"Yellow-throated Warbler",1
2002,"Acadian Flycatcher",1
2002,"American Crow",30
2002,"American Goldfinch",7
2002,"American Robin",2
2002,"Barn Swallow",4
2002,"Blue Grosbeak",4
2002,"Blue Jay",5
2002,"Blue-gray Gnatcatcher",1
2002,"Brown Thrasher",1
2002,"Brown-headed Nuthatch",3
2002,"Carolina Chickadee",12
2002,"Carolina Wren",12
2002,"Chimney Swift",8
2002,"Common Grackle",30
2002,"Eastern Bluebird",5
2002,"Eastern Kingbird",1
2002,"Eastern Meadowlark",2
2002,"Eastern Phoebe",1
2002,"Eastern Towhee",13
2002,"Eastern Wood-Pewee",3
2002,"European Starling",11
2002,"Hooded Warbler",1
2002,"Indigo Bunting",4
2002,"Mourning Dove",9
2002,"Northern Cardinal",32
2002,"Northern Mockingbird",12
2002,"Pine Warbler",9
2002,"Prairie Warbler",2
2002,"Red-bellied Woodpecker",2
2002,"Red-eyed Vireo",9
2002,"Red-winged Blackbird",3
2002,"Scarlet Tanager",1
2002,"Tufted Titmouse",8
2002,"Wood Thrush",13
2002,"Yellow-breasted Chat",1
2002,"Yellow-throated Warbler",3
2002,"American Crow",14
2002,"American Goldfinch",5
2002,"American Robin",21
2002,"Barn Swallow",10
2002,"Blue Grosbeak",2
2002,"Blue Jay",3
2002,"Brown Thrasher",4
2002,"Brown-headed Nuthatch",2
2002,"Canada Goose",1
2002,"Carolina Chickadee",7
2002,"Carolina Wren",24
2002,"Chimney Swift",2
2002,"Chipping Sparrow",3
2002,"Common Grackle",11
2002,"Eastern Bluebird",5
2002,"Eastern Meadowlark",1
2002,"Eastern Phoebe",2
2002,"Eastern Towhee",18
2002,"European Starling",30
2002,"Gray Catbird",4
2002,"House Finch",3
2002,"Indigo Bunting",1
2002,"Killdeer",1
2002,"Mourning Dove",12
2002,"Northern Cardinal",44
2002,"Northern Mockingbird",13
2002,"Pine Warbler",14
2002,"Red-bellied Woodpecker",8
2002,"Red-eyed Vireo",1
2002,"Summer Tanager",2
2002,"Tufted Titmouse",22
2002,"Wood Thrush",10
2003,"American Crow",24
2003,"American Goldfinch",8
2003,"American Robin",2
2003,"Blue Jay",5
2003,"Blue-gray Gnatcatcher",9
2003,"Brown Thrasher",2
2003,"Brown-headed Cowbird",2
2003,"Canada Goose",2
2003,"Carolina Chickadee",2
2003,"Carolina Wren",13
2003,"Eastern Bluebird",4
2003,"Eastern Towhee",10
2003,"Eastern Whip-poor-will",3
2003,"Field Sparrow",1
2003,"Gray Catbird",1
2003,"Great Crested Flycatcher",1
2003,"Hooded Warbler",9
2003,"House Finch",6
2003,"Indigo Bunting",7
2003,"Mourning Dove",10
2003,"Northern Cardinal",29
2003,"Northern Mockingbird",7
2003,"Northern Parula",2
2003,"Ovenbird",9
2003,"Pine Warbler",12
2003,"Prairie Warbler",1
2003,"Red-bellied Woodpecker",6
2003,"Red-eyed Vireo",11
2003,"Scarlet Tanager",5
2003,"Summer Tanager",1
2003,"Tufted Titmouse",18
2003,"White-breasted Nuthatch",1
2003,"Wood Thrush",12
2003,"Yellow-billed Cuckoo",1
2003,"Yellow-throated Warbler",7
2003,"Acadian Flycatcher",3
2003,"American Crow",11
2003,"American Goldfinch",14
2003,"American Robin",13
2003,"Blue Jay",10
2003,"Blue-gray Gnatcatcher",17
2003,"Brown Thrasher",1
2003,"Brown-headed Nuthatch",1
2003,"Carolina Chickadee",8
2003,"Carolina Wren",13
2003,"Chimney Swift",2
2003,"Chipping Sparrow",13
2003,"Common Grackle",21
2003,"Common Yellowthroat",4
2003,"Downy Woodpecker",4
2003,"Eastern Bluebird",1
2003,"Eastern Towhee",13
2003,"Eastern Whip-poor-will",3
2003,"Eastern Wood-Pewee",3
2003,"European Starling",5
2003,"Great Blue Heron",1
2003,"House Finch",1
2003,"Indigo Bunting",17
2003,"Mourning Dove",14
2003,"Northern Cardinal",32
2003,"Northern Mockingbird",2
2003,"Ovenbird",3
2003,"Pileated Woodpecker",1
2003,"Pine Warbler",17
2003,"Prairie Warbler",3
2003,"Red-bellied Woodpecker",8
2003,"Red-eyed Vireo",8
2003,"Scarlet Tanager",3
2003,"Summer Tanager",6
2003,"Tufted Titmouse",22
2003,"White-breasted Nuthatch",3
2003,"Wood Thrush",3
2003,"Yellow-breasted Chat",1
2003,"Yellow-throated Vireo",1
2003,"American Crow",18
2003,"American Goldfinch",2
2003,"American Robin",9
2003,"Blue Grosbeak",6
2003,"Blue Jay",4
2003,"Canada Goose",2
2003,"Carolina Chickadee",2
2003,"Carolina Wren",13
2003,"Chipping Sparrow",4
2003,"Common Grackle",24
2003,"Common Yellowthroat",2
2003,"Eastern Bluebird",4
2003,"Eastern Kingbird",1
2003,"Eastern Meadowlark",2
2003,"Eastern Phoebe",1
2003,"Eastern Towhee",8
2003,"Eastern Wood-Pewee",2
2003,"Field Sparrow",1
2003,"Gray Catbird",2
2003,"Great Crested Flycatcher",5
2003,"Indigo Bunting",14
2003,"Killdeer",2
2003,"Mourning Dove",5
2003,"Northern Bobwhite",5
2003,"Northern Cardinal",24
2003,"Northern Mockingbird",6
2003,"Ovenbird",5
2003,"Pileated Woodpecker",1
2003,"Pine Warbler",17
2003,"Prairie Warbler",1
2003,"Red-bellied Woodpecker",3
2003,"Red-eyed Vireo",10
2003,"Red-shouldered Hawk",1
2003,"Red-winged Blackbird",2
2003,"Scarlet Tanager",1
2003,"Summer Tanager",7
2003,"Tufted Titmouse",16
2003,"White-eyed Vireo",1
2003,"Yellow-breasted Chat",8
2003,"American Crow",33
2003,"Barn Swallow",5
2003,"Blue Grosbeak",2
2003,"Blue Jay",5
2003,"Blue-gray Gnatcatcher",8
2003,"Brown-headed Cowbird",1
2003,"Carolina Chickadee",2
2003,"Carolina Wren",16
2003,"Chimney Swift",5
2003,"Chipping Sparrow",15
2003,"Common Grackle",6
2003,"Common Yellowthroat",4
2003,"Downy Woodpecker",1
2003,"Eastern Kingbird",1
2003,"Eastern Meadowlark",3
2003,"Eastern Towhee",2
2003,"Eastern Wood-Pewee",9
2003,"European Starling",2
2003,"Field Sparrow",5
2003,"Great Crested Flycatcher",4
2003,"Indigo Bunting",12
2003,"Mourning Dove",11
2003,"Northern Bobwhite",3
2003,"Northern Cardinal",13
2003,"Northern Mockingbird",2
2003,"Ovenbird",5
2003,"Pileated Woodpecker",1
2003,"Pine Warbler",1
2003,"Prairie Warbler",3
2003,"Red-bellied Woodpecker",4
2003,"Red-eyed Vireo",7
2003,"Red-winged Blackbird",3
2003,"Summer Tanager",1
2003,"Tufted Titmouse",10
2003,"White-eyed Vireo",1
2003,"Wood Thrush",6
2003,"Yellow-billed Cuckoo",5
2003,"Yellow-breasted Chat",16
2003,"Yellow-throated Vireo",1
2003,"American Crow",35
2003,"American Robin",8
2003,"Barn Swallow",4
2003,"Blue Grosbeak",17
2003,"Blue Jay",3
2003,"Brown-headed Cowbird",1
2003,"Carolina Chickadee",2
2003,"Carolina Wren",24
2003,"Chimney Swift",3
2003,"Chipping Sparrow",8
2003,"Common Grackle",15
2003,"Common Yellowthroat",3
2003,"Eastern Bluebird",9
2003,"Eastern Meadowlark",12
2003,"Eastern Towhee",3
2003,"Eastern Wood-Pewee",8
2003,"European Starling",3
2003,"Field Sparrow",1
2003,"Gray Catbird",2
2003,"Great Crested Flycatcher",2
2003,"Indigo Bunting",14
2003,"Mourning Dove",14
2003,"Northern Bobwhite",1
2003,"Northern Cardinal",30
2003,"Northern Mockingbird",10
2003,"Orchard Oriole",3
2003,"Ovenbird",2
2003,"Pine Warbler",2
2003,"Red-bellied Woodpecker",7
2003,"Red-eyed Vireo",13
2003,"Red-winged Blackbird",1
2003,"Scarlet Tanager",1
2003,"Summer Tanager",1
2003,"Tufted Titmouse",17
2003,"Turkey Vulture",1
2003,"White-breasted Nuthatch",1
2003,"White-eyed Vireo",1
2003,"Wood Thrush",4
2003,"Yellow-billed Cuckoo",2
2003,"Yellow-breasted Chat",6
2003,"Yellow-throated Vireo",3
2003,"Acadian Flycatcher",1
2003,"American Crow",31
2003,"American Goldfinch",10
2003,"American Robin",4
2003,"Blue Grosbeak",4
2003,"Carolina Chickadee",1
2003,"Carolina Wren",10
2003,"Chimney Swift",10
2003,"Chipping Sparrow",16
2003,"Common Grackle",7
2003,"Eastern Bluebird",15
2003,"Eastern Meadowlark",7
2003,"Eastern Phoebe",1
2003,"Eastern Towhee",9
2003,"Eastern Wood-Pewee",14
2003,"European Starling",8
2003,"Field Sparrow",1
2003,"Great Crested Flycatcher",1
2003,"Indigo Bunting",20
2003,"Mourning Dove",15
2003,"Northern Cardinal",24
2003,"Northern Mockingbird",9
2003,"Orchard Oriole",1
2003,"Pileated Woodpecker",1
2003,"Red-winged Blackbird",4
2003,"Ruby-throated Hummingbird",2
2003,"Scarlet Tanager",2
2003,"Tufted Titmouse",6
2003,"Wood Thrush",2
2003,"Acadian Flycatcher",2
2003,"American Crow",29
2003,"American Goldfinch",3
2003,"Barn Swallow",2
2003,"Blue Grosbeak",7
2003,"Blue Jay",7
2003,"Blue-gray Gnatcatcher",12
2003,"Brown-headed Cowbird",3
2003,"Carolina Chickadee",2
2003,"Carolina Wren",11
2003,"Chimney Swift",6
2003,"Chipping Sparrow",9
2003,"Common Grackle",8
2003,"Common Yellowthroat",3
2003,"Downy Woodpecker",1
2003,"Eastern Meadowlark",2
2003,"Eastern Towhee",9
2003,"Eastern Whip-poor-will",1
2003,"Eastern Wood-Pewee",8
2003,"European Starling",25
2003,"Grasshopper Sparrow",1
2003,"Hooded Warbler",5
2003,"House Finch",1
2003,"Indigo Bunting",18
2003,"Mourning Dove",16
2003,"Northern Cardinal",28
2003,"Northern Mockingbird",13
2003,"Orchard Oriole",2
2003,"Ovenbird",1
2003,"Pine Warbler",5
2003,"Red-bellied Woodpecker",8
2003,"Red-eyed Vireo",21
2003,"Red-shouldered Hawk",2
2003,"Red-winged Blackbird",1
2003,"Ruby-throated Hummingbird",2
2003,"Summer Tanager",7
2003,"Tufted Titmouse",10
2003,"White-eyed Vireo",2
2003,"Wood Thrush",10
2003,"Yellow-billed Cuckoo",3
2003,"Yellow-breasted Chat",8
2003,"Yellow-throated Vireo",2
2003,"Yellow-throated Warbler",1
2003,"American Crow",47
2003,"American Goldfinch",7
2003,"American Robin",23
2003,"Barn Swallow",10
2003,"Blue Grosbeak",2
2003,"Blue Jay",2
2003,"Blue-gray Gnatcatcher",5
2003,"Brown-headed Cowbird",4
2003,"Brown-headed Nuthatch",2
2003,"Carolina Chickadee",2
2003,"Carolina Wren",3
2003,"Chimney Swift",4
2003,"Chipping Sparrow",26
2003,"Common Grackle",45
2003,"Common Yellowthroat",3
2003,"Downy Woodpecker",3
2003,"Eastern Bluebird",6
2003,"Eastern Meadowlark",17
2003,"Eastern Towhee",7
2003,"Eastern Whip-poor-will",1
2003,"Eastern Wood-Pewee",6
2003,"European Starling",1
2003,"Field Sparrow",1
2003,"Indigo Bunting",11
2003,"Mourning Dove",11
2003,"Northern Cardinal",26
2003,"Northern Mockingbird",5
2003,"Ovenbird",10
2003,"Pine Warbler",2
2003,"Red-bellied Woodpecker",7
2003,"Red-eyed Vireo",6
2003,"Red-shouldered Hawk",1
2003,"Ruby-throated Hummingbird",1
2003,"Summer Tanager",6
2003,"Tufted Titmouse",7
2003,"White-eyed Vireo",1
2003,"Wood Thrush",5
2003,"Yellow-billed Cuckoo",4
2003,"Yellow-breasted Chat",9
2003,"Acadian Flycatcher",1
2003,"American Crow",26
2003,"American Goldfinch",17
2003,"American Robin",9
2003,"Blue Grosbeak",6
2003,"Blue Jay",9
2003,"Blue-gray Gnatcatcher",17
2003,"Brown Thrasher",12
2003,"Brown-headed Cowbird",2
2003,"Brown-headed Nuthatch",3
2003,"Canada Goose",1
2003,"Carolina Chickadee",11
2003,"Carolina Wren",40
2003,"Chimney Swift",5
2003,"Chipping Sparrow",10
2003,"Common Yellowthroat",2
2003,"Downy Woodpecker",2
2003,"Eastern Bluebird",4
2003,"Eastern Phoebe",2
2003,"Eastern Towhee",4
2003,"Eastern Wood-Pewee",3
2003,"European Starling",1
2003,"Field Sparrow",1
2003,"Fish Crow",2
2003,"Great Blue Heron",1
2003,"Great Crested Flycatcher",4
2003,"Hooded Warbler",4
2003,"House Finch",10
2003,"Indigo Bunting",10
2003,"Mourning Dove",22
2003,"Northern Cardinal",47
2003,"Northern Mockingbird",2
2003,"Northern Parula",10
2003,"Orchard Oriole",2
2003,"Ovenbird",2
2003,"Pileated Woodpecker",1
2003,"Pine Warbler",24
2003,"Prairie Warbler",5
2003,"Red-bellied Woodpecker",12
2003,"Red-eyed Vireo",21
2003,"Red-shouldered Hawk",1
2003,"Red-winged Blackbird",2
2003,"Ruby-throated Hummingbird",1
2003,"Scarlet Tanager",3
2003,"Summer Tanager",3
2003,"Tufted Titmouse",22
2003,"White-breasted Nuthatch",1
2003,"White-eyed Vireo",1
2003,"Wood Thrush",14
2003,"Yellow-billed Cuckoo",5
2003,"Yellow-breasted Chat",4
2003,"American Crow",20
2003,"American Goldfinch",3
2003,"American Robin",1
2003,"Barn Swallow",1
2003,"Blue Grosbeak",3
2003,"Blue Jay",4
2003,"Blue-gray Gnatcatcher",8
2003,"Brown Thrasher",2
2003,"Brown-headed Cowbird",2
2003,"Carolina Chickadee",3
2003,"Carolina Wren",12
2003,"Chipping Sparrow",4
2003,"Common Grackle",1
2003,"Common Yellowthroat",2
2003,"Eastern Bluebird",2
2003,"Eastern Meadowlark",1
2003,"Eastern Phoebe",2
2003,"Eastern Towhee",4
2003,"Eastern Wood-Pewee",3
2003,"European Starling",1
2003,"Field Sparrow",1
2003,"Great Crested Flycatcher",2
2003,"House Finch",3
2003,"House Sparrow",1
2003,"Indigo Bunting",8
2003,"Mourning Dove",8
2003,"Northern Cardinal",14
2003,"Northern Mockingbird",4
2003,"Northern Parula",5
2003,"Ovenbird",1
2003,"Pine Warbler",4
2003,"Red-bellied Woodpecker",3
2003,"Red-eyed Vireo",7
2003,"Red-shouldered Hawk",3
2003,"Red-winged Blackbird",1
2003,"Summer Tanager",1
2003,"Tufted Titmouse",7
2003,"Wood Thrush",8
2003,"Yellow-billed Cuckoo",3
2003,"Yellow-breasted Chat",4
2003,"American Crow",36
2003,"American Goldfinch",2
2003,"American Robin",2
2003,"Barn Swallow",2
2003,"Blue Jay",4
2003,"Blue-gray Gnatcatcher",3
2003,"Carolina Chickadee",3
2003,"Carolina Wren",19
2003,"Chimney Swift",3
2003,"Chipping Sparrow",3
2003,"Common Yellowthroat",9
2003,"Eastern Bluebird",13
2003,"Eastern Towhee",4
2003,"Eastern Whip-poor-will",1
2003,"Eastern Wood-Pewee",6
2003,"Gray Catbird",2
2003,"Indigo Bunting",18
2003,"Killdeer",1
2003,"Mourning Dove",13
2003,"Northern Bobwhite",2
2003,"Northern Cardinal",24
2003,"Northern Mockingbird",3
2003,"Northern Parula",2
2003,"Ovenbird",1
2003,"Pileated Woodpecker",1
2003,"Pine Warbler",5
2003,"Purple Martin",1
2003,"Red-bellied Woodpecker",4
2003,"Red-eyed Vireo",18
2003,"Summer Tanager",3
2003,"Tufted Titmouse",10
2003,"White-breasted Nuthatch",1
2003,"White-eyed Vireo",3
2003,"Wood Thrush",5
2003,"Yellow-billed Cuckoo",3
2003,"Yellow-breasted Chat",2
2003,"Acadian Flycatcher",1
2003,"American Crow",16
2003,"American Goldfinch",4
2003,"American Robin",5
2003,"Barn Swallow",12
2003,"Blue Grosbeak",4
2003,"Blue Jay",4
2003,"Blue-gray Gnatcatcher",3
2003,"Brown-headed Cowbird",3
2003,"Brown-headed Nuthatch",1
2003,"Carolina Chickadee",6
2003,"Carolina Wren",17
2003,"Chimney Swift",3
2003,"Chipping Sparrow",19
2003,"Common Grackle",10
2003,"Common Yellowthroat",2
2003,"Downy Woodpecker",1
2003,"Eastern Bluebird",12
2003,"Eastern Kingbird",1
2003,"Eastern Meadowlark",8
2003,"Eastern Phoebe",4
2003,"Eastern Towhee",5
2003,"Eastern Wood-Pewee",5
2003,"Great Crested Flycatcher",4
2003,"House Finch",1
2003,"Indigo Bunting",15
2003,"Killdeer",1
2003,"Mourning Dove",12
2003,"Northern Bobwhite",1
2003,"Northern Cardinal",13
2003,"Northern Mockingbird",13
2003,"Northern Parula",1
2003,"Ovenbird",3
2003,"Pine Warbler",1
2003,"Red-bellied Woodpecker",6
2003,"Red-eyed Vireo",5
2003,"Red-winged Blackbird",5
2003,"Ruby-throated Hummingbird",1
2003,"Scarlet Tanager",1
2003,"Summer Tanager",1
2003,"Tufted Titmouse",6
2003,"Turkey Vulture",1
2003,"Wood Thrush",4
2003,"Yellow-billed Cuckoo",2
2003,"Yellow-breasted Chat",3
2003,"Yellow-throated Vireo",1
2003,"American Crow",34
2003,"American Goldfinch",3
2003,"American Robin",8
2003,"Blue Jay",8
2003,"Carolina Chickadee",5
2003,"Carolina Wren",6
2003,"Chimney Swift",30
2003,"Eastern Bluebird",8
2003,"Eastern Meadowlark",7
2003,"Eastern Towhee",2
2003,"Eastern Wood-Pewee",2
2003,"European Starling",29
2003,"House Sparrow",8
2003,"Indigo Bunting",9
2003,"Mourning Dove",14
2003,"Northern Cardinal",25
2003,"Northern Mockingbird",13
2003,"Red-eyed Vireo",4
2003,"Song Sparrow",4
2003,"Tufted Titmouse",4
2003,"Wood Thrush",7
2003,"American Crow",10
2003,"American Goldfinch",5
2003,"American Robin",2
2003,"Barn Swallow",3
2003,"Blue Grosbeak",4
2003,"Blue Jay",1
2003,"Blue-gray Gnatcatcher",9
2003,"Brown Thrasher",1
2003,"Brown-headed Cowbird",2
2003,"Brown-headed Nuthatch",2
2003,"Carolina Chickadee",3
2003,"Carolina Wren",24
2003,"Chimney Swift",10
2003,"Chipping Sparrow",9
2003,"Common Grackle",4
2003,"Downy Woodpecker",1
2003,"Eastern Bluebird",1
2003,"Eastern Kingbird",1
2003,"Eastern Phoebe",1
2003,"Eastern Towhee",7
2003,"Eastern Wood-Pewee",4
2003,"Field Sparrow",1
2003,"Fish Crow",1
2003,"Great Blue Heron",2
2003,"Great Crested Flycatcher",1
2003,"Hooded Warbler",1
2003,"House Finch",1
2003,"Indigo Bunting",6
2003,"Mourning Dove",17
2003,"Northern Cardinal",21
2003,"Northern Mockingbird",3
2003,"Pine Warbler",15
2003,"Purple Martin",15
2003,"Red-bellied Woodpecker",4
2003,"Red-eyed Vireo",1
2003,"Scarlet Tanager",2
2003,"Tufted Titmouse",9
2003,"White-eyed Vireo",1
2003,"Yellow-throated Vireo",1
2003,"Acadian Flycatcher",1
2003,"American Crow",18
2003,"American Goldfinch",6
2003,"American Robin",1
2003,"Barn Swallow",2
2003,"Blue Grosbeak",6
2003,"Blue Jay",4
2003,"Blue-gray Gnatcatcher",1
2003,"Brown Thrasher",1
2003,"Brown-headed Cowbird",1
2003,"Carolina Chickadee",3
2003,"Carolina Wren",6
2003,"Chimney Swift",4
2003,"Chipping Sparrow",15
2003,"Common Grackle",1
2003,"Common Yellowthroat",4
2003,"Eastern Meadowlark",7
2003,"Eastern Phoebe",1
2003,"Eastern Towhee",5
2003,"Eastern Wood-Pewee",1
2003,"Grasshopper Sparrow",3
2003,"Indigo Bunting",14
2003,"Mourning Dove",12
2003,"Northern Bobwhite",2
2003,"Northern Cardinal",33
2003,"Northern Mockingbird",5
2003,"Ovenbird",2
2003,"Pine Warbler",1
2003,"Prairie Warbler",2
2003,"Purple Martin",12
2003,"Red-bellied Woodpecker",7
2003,"Red-eyed Vireo",9
2003,"Red-winged Blackbird",2
2003,"Tufted Titmouse",9
2003,"Turkey Vulture",2
2003,"Wood Thrush",2
2003,"Yellow-breasted Chat",2
2003,"American Crow",28
2003,"American Goldfinch",3
2003,"American Robin",1
2003,"Blue Grosbeak",3
2003,"Blue Jay",3
2003,"Blue-gray Gnatcatcher",4
2003,"Brown Thrasher",1
2003,"Brown-headed Nuthatch",3
2003,"Carolina Chickadee",21
2003,"Carolina Wren",2
2003,"Chipping Sparrow",18
2003,"Common Grackle",6
2003,"Eastern Bluebird",4
2003,"Eastern Towhee",3
2003,"Eastern Wood-Pewee",4
2003,"Hooded Warbler",1
2003,"House Sparrow",1
2003,"Indigo Bunting",20
2003,"Mourning Dove",12
2003,"Northern Cardinal",23
2003,"Orchard Oriole",2
2003,"Ovenbird",1
2003,"Pine Warbler",13
2003,"Prairie Warbler",2
2003,"Red-bellied Woodpecker",4
2003,"Red-eyed Vireo",9
2003,"Summer Tanager",2
2003,"Tufted Titmouse",27
2003,"Wood Thrush",10
2003,"Yellow-throated Vireo",1
2003,"Acadian Flycatcher",1
2003,"American Crow",25
2003,"American Goldfinch",4
2003,"American Robin",26
2003,"Blue Grosbeak",1
2003,"Blue Jay",15
2003,"Blue-gray Gnatcatcher",4
2003,"Brown Thrasher",5
2003,"Brown-headed Cowbird",1
2003,"Brown-headed Nuthatch",3
2003,"Carolina Chickadee",9
2003,"Carolina Wren",3
2003,"Chimney Swift",11
2003,"Chipping Sparrow",6
2003,"Common Grackle",31
2003,"Downy Woodpecker",3
2003,"Eastern Bluebird",1
2003,"Eastern Phoebe",1
2003,"Eastern Towhee",11
2003,"European Starling",12
2003,"Gray Catbird",6
2003,"House Finch",16
2003,"Indigo Bunting",2
2003,"Mourning Dove",21
2003,"Northern Cardinal",32
2003,"Northern Mockingbird",12
2003,"Northern Parula",2
2003,"Pine Warbler",3
2003,"Red-bellied Woodpecker",12
2003,"Red-eyed Vireo",8
2003,"Red-shouldered Hawk",3
2003,"Red-winged Blackbird",2
2003,"Ruby-throated Hummingbird",1
2003,"Scarlet Tanager",1
2003,"Song Sparrow",2
2003,"Tufted Titmouse",10
2003,"White-breasted Nuthatch",3
2003,"Acadian Flycatcher",1
2003,"American Crow",4
2003,"American Goldfinch",2
2003,"American Robin",11
2003,"Blue Grosbeak",2
2003,"Blue Jay",2
2003,"Blue-gray Gnatcatcher",8
2003,"Brown-headed Cowbird",12
2003,"Canada Goose",2
2003,"Carolina Chickadee",4
2003,"Carolina Wren",9
2003,"Chipping Sparrow",9
2003,"Common Grackle",1
2003,"Common Yellowthroat",3
2003,"Downy Woodpecker",2
2003,"Eastern Bluebird",4
2003,"Eastern Phoebe",1
2003,"Eastern Towhee",9
2003,"European Starling",5
2003,"Gray Catbird",1
2003,"Hooded Warbler",1
2003,"House Finch",4
2003,"Indigo Bunting",11
2003,"Killdeer",4
2003,"Mourning Dove",9
2003,"Northern Cardinal",15
2003,"Northern Mockingbird",2
2003,"Northern Parula",2
2003,"Ovenbird",2
2003,"Pileated Woodpecker",1
2003,"Pine Warbler",2
2003,"Red-bellied Woodpecker",2
2003,"Red-eyed Vireo",8
2003,"Red-shouldered Hawk",1
2003,"Summer Tanager",1
2003,"Tufted Titmouse",8
2003,"Turkey Vulture",1
2003,"White-eyed Vireo",1
2003,"Wood Thrush",7
2003,"Yellow-billed Cuckoo",1
2003,"Yellow-breasted Chat",1
2003,"Yellow-throated Vireo",2
2003,"American Crow",11
2003,"American Goldfinch",12
2003,"American Robin",17
2003,"Barn Swallow",1
2003,"Blue Jay",9
2003,"Blue-gray Gnatcatcher",17
2003,"Brown Thrasher",1
2003,"Brown-headed Cowbird",1
2003,"Brown-headed Nuthatch",5
2003,"Canada Goose",16
2003,"Carolina Chickadee",4
2003,"Carolina Wren",1
2003,"Chimney Swift",17
2003,"Chipping Sparrow",7
2003,"Common Grackle",5
2003,"Downy Woodpecker",1
2003,"Eastern Bluebird",2
2003,"Eastern Towhee",14
2003,"European Starling",7
2003,"Fish Crow",2
2003,"House Finch",9
2003,"House Sparrow",5
2003,"Indigo Bunting",4
2003,"Mourning Dove",7
2003,"Northern Cardinal",22
2003,"Northern Mockingbird",12
2003,"Pine Warbler",1
2003,"Red-bellied Woodpecker",5
2003,"Red-eyed Vireo",5
2003,"Ruby-throated Hummingbird",1
2003,"Song Sparrow",1
2003,"Summer Tanager",6
2003,"Tufted Titmouse",1
2003,"White-breasted Nuthatch",4
2003,"White-eyed Vireo",1
2003,"Wood Thrush",8
2003,"Yellow-breasted Chat",3
2003,"American Crow",6
2003,"American Goldfinch",2
2003,"American Robin",15
2003,"Blue Jay",2
2003,"Brown Thrasher",2
2003,"Brown-headed Cowbird",1
2003,"Brown-headed Nuthatch",1
2003,"Carolina Chickadee",1
2003,"Carolina Wren",13
2003,"Chimney Swift",1
2003,"Chipping Sparrow",3
2003,"Common Grackle",3
2003,"Eastern Towhee",8
2003,"Eastern Whip-poor-will",1
2003,"Great Crested Flycatcher",1
2003,"Indigo Bunting",5
2003,"Mourning Dove",3
2003,"Northern Cardinal",17
2003,"Northern Mockingbird",7
2003,"Pine Warbler",4
2003,"Red-bellied Woodpecker",4
2003,"Red-eyed Vireo",4
2003,"Summer Tanager",1
2003,"Tufted Titmouse",9
2003,"American Crow",6
2003,"American Goldfinch",2
2003,"American Robin",6
2003,"Barn Swallow",3
2003,"Blue Grosbeak",2
2003,"Blue Jay",2
2003,"Blue-gray Gnatcatcher",6
2003,"Carolina Chickadee",2
2003,"Carolina Wren",10
2003,"Chimney Swift",6
2003,"Chipping Sparrow",6
2003,"Common Grackle",6
2003,"Common Yellowthroat",1
2003,"Eastern Bluebird",5
2003,"Eastern Towhee",9
2003,"Field Sparrow",2
2003,"Great Crested Flycatcher",1
2003,"Hooded Warbler",3
2003,"House Finch",2
2003,"House Sparrow",1
2003,"Indigo Bunting",11
2003,"Mourning Dove",4
2003,"Northern Bobwhite",2
2003,"Northern Cardinal",18
2003,"Northern Mockingbird",6
2003,"Northern Parula",2
2003,"Ovenbird",2
2003,"Pine Warbler",3
2003,"Prairie Warbler",2
2003,"Red-bellied Woodpecker",3
2003,"Red-eyed Vireo",3
2003,"Red-winged Blackbird",2
2003,"Scarlet Tanager",1
2003,"Tufted Titmouse",3
2003,"Turkey Vulture",1
2003,"Wood Thrush",3
2003,"Yellow-billed Cuckoo",1
2003,"Yellow-breasted Chat",1
2003,"Yellow-throated Warbler",1
2003,"Acadian Flycatcher",2
2003,"American Crow",26
2003,"American Goldfinch",3
2003,"American Robin",4
2003,"Blue Jay",2
2003,"Blue-gray Gnatcatcher",13
2003,"Brown-headed Cowbird",3
2003,"Canada Goose",14
2003,"Carolina Chickadee",5
2003,"Carolina Wren",8
2003,"Chimney Swift",6
2003,"Chipping Sparrow",11
2003,"Common Grackle",10
2003,"Common Yellowthroat",2
2003,"Downy Woodpecker",1
2003,"Eastern Bluebird",5
2003,"Eastern Phoebe",2
2003,"Eastern Towhee",3
2003,"Eastern Wood-Pewee",1
2003,"European Starling",1
2003,"Field Sparrow",1
2003,"Fish Crow",1
2003,"Great Blue Heron",1
2003,"House Finch",2
2003,"House Sparrow",3
2003,"Indigo Bunting",9
2003,"Mourning Dove",14
2003,"Northern Bobwhite",1
2003,"Northern Cardinal",26
2003,"Northern Mockingbird",17
2003,"Prairie Warbler",1
2003,"Red-bellied Woodpecker",4
2003,"Red-eyed Vireo",2
2003,"Scarlet Tanager",2
2003,"Summer Tanager",3
2003,"Tufted Titmouse",14
2003,"Wood Thrush",1
2003,"Yellow-breasted Chat",3
2003,"American Crow",21
2003,"American Goldfinch",6
2003,"American Robin",5
2003,"Barn Swallow",8
2003,"Blue Grosbeak",9
2003,"Blue Jay",7
2003,"Blue-gray Gnatcatcher",11
2003,"Brown Thrasher",2
2003,"Brown-headed Cowbird",3
2003,"Carolina Chickadee",5
2003,"Carolina Wren",15
2003,"Chimney Swift",7
2003,"Chipping Sparrow",16
2003,"Common Grackle",9
2003,"Common Yellowthroat",3
2003,"Downy Woodpecker",3
2003,"Eastern Bluebird",13
2003,"Eastern Kingbird",1
2003,"Eastern Meadowlark",9
2003,"Eastern Phoebe",5
2003,"Eastern Towhee",6
2003,"Eastern Wood-Pewee",9
2003,"European Starling",24
2003,"Field Sparrow",2
2003,"Grasshopper Sparrow",7
2003,"Great Crested Flycatcher",2
2003,"Hooded Warbler",1
2003,"House Finch",3
2003,"House Sparrow",2
2003,"Indigo Bunting",23
2003,"Killdeer",2
2003,"Mourning Dove",23
2003,"Northern Bobwhite",1
2003,"Northern Cardinal",16
2003,"Northern Mockingbird",9
2003,"Orchard Oriole",4
2003,"Ovenbird",3
2003,"Red-bellied Woodpecker",3
2003,"Red-eyed Vireo",16
2003,"Red-winged Blackbird",1
2003,"Scarlet Tanager",1
2003,"Summer Tanager",1
2003,"Tufted Titmouse",20
2003,"White-breasted Nuthatch",5
2003,"Wood Thrush",5
2003,"Yellow-billed Cuckoo",1
2003,"Yellow-breasted Chat",2
2003,"Yellow-throated Vireo",10
2003,"Acadian Flycatcher",1
2003,"American Crow",15
2003,"American Goldfinch",2
2003,"American Robin",3
2003,"Blue Grosbeak",2
2003,"Brown Thrasher",1
2003,"Canada Goose",25
2003,"Carolina Chickadee",1
2003,"Carolina Wren",9
2003,"Chimney Swift",4
2003,"Chipping Sparrow",2
2003,"Common Grackle",3
2003,"Common Yellowthroat",1
2003,"Downy Woodpecker",2
2003,"Eastern Bluebird",6
2003,"Eastern Kingbird",5
2003,"Eastern Phoebe",2
2003,"Eastern Towhee",3
2003,"Eastern Wood-Pewee",2
2003,"European Starling",13
2003,"Fish Crow",3
2003,"Great Crested Flycatcher",2
2003,"Indigo Bunting",9
2003,"Mourning Dove",9
2003,"Northern Cardinal",20
2003,"Northern Mockingbird",5
2003,"Pine Warbler",2
2003,"Purple Martin",2
2003,"Red-bellied Woodpecker",4
2003,"Red-eyed Vireo",5
2003,"Red-winged Blackbird",1
2003,"Tufted Titmouse",11
2003,"White-breasted Nuthatch",1
2003,"Wood Thrush",7
2003,"American Crow",32
2003,"American Goldfinch",7
2003,"American Robin",12
2003,"Blue Grosbeak",2
2003,"Blue Jay",8
2003,"Blue-gray Gnatcatcher",5
2003,"Brown-headed Cowbird",2
2003,"Carolina Chickadee",2
2003,"Carolina Wren",14
2003,"Chimney Swift",13
2003,"Chipping Sparrow",12
2003,"Common Grackle",29
2003,"Common Yellowthroat",4
2003,"Downy Woodpecker",1
2003,"Eastern Bluebird",18
2003,"Eastern Meadowlark",5
2003,"Eastern Phoebe",1
2003,"Eastern Towhee",8
2003,"Eastern Wood-Pewee",5
2003,"European Starling",30
2003,"Field Sparrow",3
2003,"Great Crested Flycatcher",3
2003,"House Finch",5
2003,"House Sparrow",10
2003,"Indigo Bunting",11
2003,"Killdeer",1
2003,"Mourning Dove",21
2003,"Northern Cardinal",12
2003,"Northern Mockingbird",14
2003,"Orchard Oriole",1
2003,"Pine Warbler",2
2003,"Prairie Warbler",2
2003,"Red-bellied Woodpecker",4
2003,"Red-eyed Vireo",5
2003,"Red-winged Blackbird",1
2003,"Song Sparrow",1
2003,"Summer Tanager",5
2003,"Tufted Titmouse",10
2003,"White-breasted Nuthatch",3
2003,"White-eyed Vireo",1
2003,"Wood Thrush",3
2003,"Yellow-breasted Chat",1
2003,"American Crow",19
2003,"American Goldfinch",3
2003,"American Robin",3
2003,"Blue Grosbeak",2
2003,"Blue Jay",1
2003,"Blue-gray Gnatcatcher",8
2003,"Brown-headed Cowbird",2
2003,"Carolina Chickadee",6
2003,"Carolina Wren",11
2003,"Chimney Swift",10
2003,"Chipping Sparrow",1
2003,"Common Grackle",1
2003,"Downy Woodpecker",3
2003,"Eastern Bluebird",3
2003,"Eastern Phoebe",1
2003,"Eastern Towhee",13
2003,"Eastern Wood-Pewee",1
2003,"Great Crested Flycatcher",1
2003,"Hooded Warbler",1
2003,"House Finch",3
2003,"Indigo Bunting",9
2003,"Mourning Dove",6
2003,"Northern Cardinal",36
2003,"Northern Mockingbird",3
2003,"Pine Warbler",3
2003,"Prairie Warbler",3
2003,"Red-bellied Woodpecker",3
2003,"Red-eyed Vireo",6
2003,"Red-winged Blackbird",3
2003,"Ruby-throated Hummingbird",1
2003,"Summer Tanager",2
2003,"Tufted Titmouse",11
2003,"Turkey Vulture",6
2003,"White-eyed Vireo",3
2003,"Wood Thrush",5
2003,"Yellow-breasted Chat",1
2003,"American Crow",30
2003,"American Goldfinch",10
2003,"American Robin",1
2003,"Barn Swallow",12
2003,"Blue Grosbeak",9
2003,"Blue Jay",4
2003,"Blue-gray Gnatcatcher",9
2003,"Brown Thrasher",1
2003,"Brown-headed Cowbird",3
2003,"Canada Goose",21
2003,"Carolina Chickadee",7
2003,"Carolina Wren",23
2003,"Chimney Swift",5
2003,"Chipping Sparrow",22
2003,"Common Grackle",6
2003,"Common Yellowthroat",4
2003,"Downy Woodpecker",1
2003,"Eastern Bluebird",3
2003,"Eastern Kingbird",1
2003,"Eastern Meadowlark",4
2003,"Eastern Phoebe",1
2003,"Eastern Towhee",9
2003,"Eastern Whip-poor-will",1
2003,"Eastern Wood-Pewee",1
2003,"European Starling",1
2003,"Field Sparrow",2
2003,"Grasshopper Sparrow",1
2003,"Great Blue Heron",2
2003,"Great Crested Flycatcher",1
2003,"House Finch",2
2003,"Indigo Bunting",14
2003,"Killdeer",5
2003,"Mourning Dove",31
2003,"Northern Cardinal",18
2003,"Northern Mockingbird",9
2003,"Orchard Oriole",1
2003,"Ovenbird",2
2003,"Pine Warbler",5
2003,"Red-bellied Woodpecker",5
2003,"Red-eyed Vireo",9
2003,"Red-shouldered Hawk",3
2003,"Red-winged Blackbird",6
2003,"Summer Tanager",1
2003,"Tufted Titmouse",7
2003,"White-eyed Vireo",1
2003,"Wood Thrush",6
2003,"Yellow-billed Cuckoo",2
2003,"Yellow-breasted Chat",2
2003,"Yellow-throated Vireo",1
2003,"Acadian Flycatcher",1
2003,"American Crow",28
2003,"American Goldfinch",8
2003,"American Robin",5
2003,"Blue Jay",4
2003,"Blue-gray Gnatcatcher",1
2003,"Brown Thrasher",1
2003,"Brown-headed Cowbird",7
2003,"Brown-headed Nuthatch",1
2003,"Carolina Chickadee",9
2003,"Carolina Wren",5
2003,"Chimney Swift",5
2003,"Chipping Sparrow",7
2003,"Downy Woodpecker",4
2003,"Eastern Bluebird",9
2003,"Eastern Phoebe",1
2003,"Eastern Towhee",8
2003,"European Starling",5
2003,"Fish Crow",1
2003,"Gray Catbird",1
2003,"Great Crested Flycatcher",1
2003,"Hooded Warbler",1
2003,"Indigo Bunting",7
2003,"Mourning Dove",15
2003,"Northern Cardinal",35
2003,"Northern Mockingbird",7
2003,"Northern Parula",2
2003,"Ovenbird",1
2003,"Pine Warbler",10
2003,"Red-bellied Woodpecker",2
2003,"Red-eyed Vireo",4
2003,"Red-shouldered Hawk",1
2003,"Ruby-throated Hummingbird",4
2003,"Summer Tanager",1
2003,"Tufted Titmouse",19
2003,"White-breasted Nuthatch",2
2003,"Wood Thrush",9
2003,"Yellow-throated Vireo",1
2003,"American Crow",15
2003,"American Goldfinch",6
2003,"American Robin",16
2003,"Blue Grosbeak",1
2003,"Blue Jay",2
2003,"Brown-headed Cowbird",2
2003,"Canada Goose",10
2003,"Carolina Chickadee",4
2003,"Carolina Wren",22
2003,"Chimney Swift",4
2003,"Chipping Sparrow",9
2003,"Common Grackle",8
2003,"Common Yellowthroat",9
2003,"Eastern Bluebird",2
2003,"Eastern Phoebe",4
2003,"Eastern Towhee",7
2003,"Eastern Wood-Pewee",7
2003,"European Starling",3
2003,"Field Sparrow",2
2003,"Gray Catbird",2
2003,"House Finch",7
2003,"House Sparrow",5
2003,"Indigo Bunting",13
2003,"Mourning Dove",12
2003,"Northern Cardinal",25
2003,"Northern Mockingbird",13
2003,"Pine Warbler",3
2003,"Red-bellied Woodpecker",4
2003,"Red-eyed Vireo",11
2003,"Red-winged Blackbird",4
2003,"Scarlet Tanager",3
2003,"Summer Tanager",2
2003,"Tufted Titmouse",15
2003,"Wood Thrush",9
2003,"Yellow-breasted Chat",6
2003,"Yellow-throated Vireo",1
2003,"American Crow",18
2003,"American Goldfinch",1
2003,"Blue Grosbeak",1
2003,"Blue Jay",3
2003,"Canada Goose",3
2003,"Carolina Chickadee",1
2003,"Carolina Wren",11
2003,"Chimney Swift",8
2003,"Chipping Sparrow",3
2003,"Common Grackle",2
2003,"Eastern Bluebird",8
2003,"Great Crested Flycatcher",1
2003,"House Finch",2
2003,"Indigo Bunting",7
2003,"Mourning Dove",10
2003,"Northern Mockingbird",1
2003,"Red-bellied Woodpecker",6
2003,"Red-eyed Vireo",2
2003,"Ruby-throated Hummingbird",1
2003,"Tufted Titmouse",14
2003,"Turkey Vulture",3
2003,"Wood Thrush",3
2003,"Acadian Flycatcher",1
2003,"American Crow",23
2003,"American Goldfinch",4
2003,"American Robin",8
2003,"Barn Swallow",10
2003,"Blue Grosbeak",5
2003,"Blue Jay",5
2003,"Blue-gray Gnatcatcher",15
2003,"Brown Thrasher",1
2003,"Brown-headed Cowbird",2
2003,"Brown-headed Nuthatch",1
2003,"Carolina Chickadee",11
2003,"Carolina Wren",13
2003,"Chimney Swift",7
2003,"Chipping Sparrow",6
2003,"Common Grackle",21
2003,"Common Yellowthroat",6
2003,"Downy Woodpecker",1
2003,"Eastern Bluebird",8
2003,"Eastern Meadowlark",2
2003,"Eastern Phoebe",1
2003,"Eastern Towhee",12
2003,"Eastern Whip-poor-will",1
2003,"Eastern Wood-Pewee",3
2003,"European Starling",35
2003,"Field Sparrow",1
2003,"Gray Catbird",2
2003,"House Finch",12
2003,"Indigo Bunting",16
2003,"Mourning Dove",16
2003,"Northern Cardinal",27
2003,"Northern Mockingbird",9
2003,"Orchard Oriole",1
2003,"Pine Warbler",6
2003,"Red-bellied Woodpecker",10
2003,"Red-eyed Vireo",14
2003,"Ruby-throated Hummingbird",1
2003,"Scarlet Tanager",1
2003,"Summer Tanager",4
2003,"Tufted Titmouse",21
2003,"White-eyed Vireo",1
2003,"Wood Thrush",7
2003,"Yellow-billed Cuckoo",1
2003,"Yellow-throated Vireo",3
2003,"Yellow-throated Warbler",2
2003,"American Crow",26
2003,"American Goldfinch",9
2003,"American Robin",8
2003,"Blue Jay",7
2003,"Blue-gray Gnatcatcher",2
2003,"Carolina Chickadee",17
2003,"Carolina Wren",13
2003,"Eastern Bluebird",13
2003,"Eastern Towhee",5
2003,"Eastern Wood-Pewee",4
2003,"Indigo Bunting",4
2003,"Northern Cardinal",33
2003,"Northern Mockingbird",8
2003,"Ovenbird",4
2003,"Red-bellied Woodpecker",3
2003,"Red-eyed Vireo",8
2003,"Red-winged Blackbird",2
2003,"Tufted Titmouse",8
2003,"Wood Thrush",1
2003,"American Crow",14
2003,"American Goldfinch",8
2003,"American Robin",15
2003,"Barn Swallow",1
2003,"Blue Grosbeak",2
2003,"Blue Jay",2
2003,"Brown Thrasher",3
2003,"Canada Goose",1
2003,"Carolina Wren",19
2003,"Chimney Swift",7
2003,"Chipping Sparrow",1
2003,"Common Grackle",15
2003,"Common Yellowthroat",2
2003,"Eastern Bluebird",3
2003,"Eastern Phoebe",1
2003,"Eastern Towhee",11
2003,"European Starling",36
2003,"Fish Crow",1
2003,"Gray Catbird",5
2003,"House Finch",4
2003,"Indigo Bunting",2
2003,"Mourning Dove",5
2003,"Northern Cardinal",59
2003,"Northern Mockingbird",9
2003,"Pine Warbler",11
2003,"Red-bellied Woodpecker",11
2003,"Red-eyed Vireo",2
2003,"Red-shouldered Hawk",2
2003,"Summer Tanager",3
2003,"Tufted Titmouse",10
2003,"White-breasted Nuthatch",1
2003,"White-eyed Vireo",1
2003,"Wood Thrush",5
2003,"Yellow-throated Vireo",2
2004,"Acadian Flycatcher",2
2004,"American Crow",18
2004,"American Goldfinch",12
2004,"Blue Jay",1
2004,"Blue-gray Gnatcatcher",16
2004,"Brown Thrasher",4
2004,"Brown-headed Cowbird",2
2004,"Carolina Chickadee",6
2004,"Carolina Wren",14
2004,"Chimney Swift",1
2004,"Common Grackle",1
2004,"Downy Woodpecker",2
2004,"Eastern Bluebird",2
2004,"Eastern Towhee",6
2004,"Eastern Whip-poor-will",1
2004,"Eastern Wood-Pewee",1
2004,"European Starling",3
2004,"Fish Crow",2
2004,"Hooded Warbler",2
2004,"Indigo Bunting",1
2004,"Killdeer",1
2004,"Mourning Dove",4
2004,"Northern Cardinal",30
2004,"Northern Mockingbird",2
2004,"Northern Parula",6
2004,"Ovenbird",4
2004,"Pileated Woodpecker",3
2004,"Pine Warbler",17
2004,"Red-bellied Woodpecker",6
2004,"Red-eyed Vireo",9
2004,"Summer Tanager",1
2004,"Tufted Titmouse",13
2004,"Turkey Vulture",1
2004,"White-breasted Nuthatch",3
2004,"Wood Thrush",9
2004,"Yellow-throated Vireo",1
2004,"Yellow-throated Warbler",3
2004,"Acadian Flycatcher",2
2004,"American Crow",14
2004,"American Goldfinch",5
2004,"American Robin",3
2004,"Blue Grosbeak",3
2004,"Blue Jay",6
2004,"Blue-gray Gnatcatcher",20
2004,"Brown Thrasher",2
2004,"Brown-headed Cowbird",5
2004,"Brown-headed Nuthatch",1
2004,"Carolina Chickadee",11
2004,"Carolina Wren",12
2004,"Chimney Swift",7
2004,"Chipping Sparrow",8
2004,"Common Grackle",7
2004,"Common Yellowthroat",10
2004,"Downy Woodpecker",2
2004,"Eastern Bluebird",3
2004,"Eastern Towhee",10
2004,"Eastern Wood-Pewee",3
2004,"European Starling",1
2004,"Field Sparrow",2
2004,"Great Crested Flycatcher",1
2004,"House Finch",2
2004,"Indigo Bunting",10
2004,"Mourning Dove",17
2004,"Northern Bobwhite",1
2004,"Northern Cardinal",25
2004,"Northern Mockingbird",5
2004,"Northern Parula",2
2004,"Ovenbird",2
2004,"Pileated Woodpecker",1
2004,"Pine Warbler",8
2004,"Prairie Warbler",3
2004,"Purple Martin",1
2004,"Red-bellied Woodpecker",6
2004,"Red-eyed Vireo",8
2004,"Ruby-throated Hummingbird",2
2004,"Scarlet Tanager",3
2004,"Summer Tanager",4
2004,"Tufted Titmouse",12
2004,"White-eyed Vireo",2
2004,"Wood Thrush",3
2004,"Yellow-billed Cuckoo",1
2004,"Yellow-breasted Chat",5
2004,"American Crow",11
2004,"American Goldfinch",2
2004,"American Robin",9
2004,"Blue Grosbeak",7
2004,"Blue Jay",4
2004,"Blue-gray Gnatcatcher",2
2004,"Brown Thrasher",1
2004,"Brown-headed Nuthatch",1
2004,"Carolina Wren",17
2004,"Chipping Sparrow",8
2004,"Common Grackle",10
2004,"Common Yellowthroat",5
2004,"Downy Woodpecker",1
2004,"Eastern Bluebird",1
2004,"Eastern Meadowlark",2
2004,"Eastern Phoebe",1
2004,"Eastern Towhee",14
2004,"Eastern Wood-Pewee",2
2004,"Field Sparrow",1
2004,"Great Crested Flycatcher",6
2004,"Indigo Bunting",9
2004,"Mourning Dove",7
2004,"Northern Bobwhite",1
2004,"Northern Cardinal",17
2004,"Northern Mockingbird",6
2004,"Orchard Oriole",5
2004,"Ovenbird",3
2004,"Pine Warbler",11
2004,"Prairie Warbler",5
2004,"Purple Martin",3
2004,"Red-bellied Woodpecker",7
2004,"Red-eyed Vireo",15
2004,"Red-winged Blackbird",2
2004,"Scarlet Tanager",1
2004,"Summer Tanager",8
2004,"Tufted Titmouse",12
2004,"White-eyed Vireo",2
2004,"Wood Thrush",13
2004,"Yellow-billed Cuckoo",2
2004,"Yellow-breasted Chat",8
2004,"Acadian Flycatcher",1
2004,"American Crow",36
2004,"American Goldfinch",3
2004,"American Robin",2
2004,"Barn Swallow",4
2004,"Blue Grosbeak",2
2004,"Blue Jay",3
2004,"Blue-gray Gnatcatcher",7
2004,"Brown Thrasher",1
2004,"Carolina Chickadee",2
2004,"Carolina Wren",18
2004,"Chimney Swift",1
2004,"Chipping Sparrow",14
2004,"Common Grackle",5
2004,"Common Yellowthroat",4
2004,"Eastern Bluebird",5
2004,"Eastern Meadowlark",1
2004,"Eastern Towhee",6
2004,"Eastern Whip-poor-will",4
2004,"Eastern Wood-Pewee",6
2004,"European Starling",12
2004,"Field Sparrow",2
2004,"Great Crested Flycatcher",7
2004,"Indigo Bunting",14
2004,"Mourning Dove",11
2004,"Northern Cardinal",24
2004,"Northern Mockingbird",2
2004,"Orchard Oriole",1
2004,"Ovenbird",1
2004,"Pine Warbler",2
2004,"Prairie Warbler",2
2004,"Red-bellied Woodpecker",3
2004,"Red-eyed Vireo",5
2004,"Red-shouldered Hawk",1
2004,"Red-winged Blackbird",3
2004,"Ruby-throated Hummingbird",1
2004,"Scarlet Tanager",2
2004,"Tufted Titmouse",6
2004,"Turkey Vulture",1
2004,"White-eyed Vireo",1
2004,"Wood Thrush",8
2004,"Yellow-billed Cuckoo",6
2004,"Yellow-breasted Chat",8
2004,"American Crow",22
2004,"American Goldfinch",1
2004,"American Robin",5
2004,"Blue Grosbeak",8
2004,"Blue Jay",2
2004,"Blue-gray Gnatcatcher",4
2004,"Brown Thrasher",1
2004,"Canada Goose",2
2004,"Carolina Chickadee",1
2004,"Carolina Wren",32
2004,"Chimney Swift",2
2004,"Chipping Sparrow",12
2004,"Common Yellowthroat",4
2004,"Downy Woodpecker",1
2004,"Eastern Bluebird",7
2004,"Eastern Meadowlark",10
2004,"Eastern Towhee",5
2004,"Eastern Wood-Pewee",6
2004,"Field Sparrow",3
2004,"Great Crested Flycatcher",1
2004,"House Finch",2
2004,"Indigo Bunting",17
2004,"Mourning Dove",16
2004,"Northern Bobwhite",5
2004,"Northern Cardinal",23
2004,"Northern Mockingbird",23
2004,"Orchard Oriole",1
2004,"Prairie Warbler",2
2004,"Red-bellied Woodpecker",9
2004,"Red-eyed Vireo",6
2004,"Red-winged Blackbird",5
2004,"Ruby-throated Hummingbird",1
2004,"Summer Tanager",6
2004,"Tufted Titmouse",18
2004,"White-eyed Vireo",1
2004,"Wood Thrush",3
2004,"Yellow-billed Cuckoo",4
2004,"Yellow-breasted Chat",4
2004,"Acadian Flycatcher",2
2004,"American Crow",36
2004,"American Goldfinch",7
2004,"American Robin",4
2004,"Blue Grosbeak",1
2004,"Blue Jay",2
2004,"Carolina Chickadee",2
2004,"Carolina Wren",6
2004,"Chipping Sparrow",8
2004,"Common Grackle",5
2004,"Eastern Bluebird",21
2004,"Eastern Meadowlark",7
2004,"Eastern Phoebe",1
2004,"Eastern Towhee",7
2004,"Eastern Wood-Pewee",7
2004,"Indigo Bunting",17
2004,"Mourning Dove",15
2004,"Northern Cardinal",29
2004,"Northern Mockingbird",10
2004,"Red-eyed Vireo",1
2004,"Red-winged Blackbird",3
2004,"Tufted Titmouse",7
2004,"Wood Thrush",3
2004,"American Crow",17
2004,"American Goldfinch",1
2004,"Barn Swallow",3
2004,"Blue Grosbeak",5
2004,"Blue Jay",4
2004,"Blue-gray Gnatcatcher",13
2004,"Brown Thrasher",3
2004,"Carolina Chickadee",6
2004,"Carolina Wren",21
2004,"Chimney Swift",4
2004,"Chipping Sparrow",10
2004,"Common Grackle",23
2004,"Common Yellowthroat",4
2004,"Downy Woodpecker",2
2004,"Eastern Bluebird",7
2004,"Eastern Kingbird",5
2004,"Eastern Meadowlark",2
2004,"Eastern Phoebe",1
2004,"Eastern Towhee",5
2004,"Eastern Whip-poor-will",1
2004,"Eastern Wood-Pewee",6
2004,"Grasshopper Sparrow",3
2004,"Hooded Warbler",4
2004,"Indigo Bunting",12
2004,"Mourning Dove",24
2004,"Northern Bobwhite",3
2004,"Northern Cardinal",33
2004,"Northern Mockingbird",9
2004,"Northern Parula",2
2004,"Orchard Oriole",3
2004,"Ovenbird",6
2004,"Pine Warbler",1
2004,"Red-bellied Woodpecker",9
2004,"Red-eyed Vireo",23
2004,"Red-winged Blackbird",5
2004,"Scarlet Tanager",4
2004,"Summer Tanager",2
2004,"Tufted Titmouse",10
2004,"White-breasted Nuthatch",1
2004,"White-eyed Vireo",8
2004,"Wood Thrush",12
2004,"Yellow-billed Cuckoo",5
2004,"Yellow-breasted Chat",6
2004,"Yellow-throated Vireo",1
2004,"Yellow-throated Warbler",1
2004,"American Crow",54
2004,"American Goldfinch",13
2004,"American Robin",15
2004,"Barn Swallow",3
2004,"Blue Grosbeak",1
2004,"Blue Jay",3
2004,"Blue-gray Gnatcatcher",5
2004,"Brown Thrasher",1
2004,"Brown-headed Cowbird",3
2004,"Carolina Wren",10
2004,"Chimney Swift",3
2004,"Chipping Sparrow",11
2004,"Common Yellowthroat",1
2004,"Downy Woodpecker",3
2004,"Eastern Bluebird",2
2004,"Eastern Meadowlark",4
2004,"Eastern Phoebe",1
2004,"Eastern Towhee",10
2004,"Eastern Whip-poor-will",1
2004,"Eastern Wood-Pewee",3
2004,"Great Blue Heron",4
2004,"Indigo Bunting",12
2004,"Mourning Dove",11
2004,"Northern Bobwhite",2
2004,"Northern Cardinal",27
2004,"Northern Mockingbird",7
2004,"Orchard Oriole",1
2004,"Ovenbird",7
2004,"Pine Warbler",4
2004,"Red-bellied Woodpecker",10
2004,"Red-eyed Vireo",5
2004,"Red-shouldered Hawk",2
2004,"Red-winged Blackbird",1
2004,"Tufted Titmouse",2
2004,"Wood Thrush",9
2004,"Yellow-breasted Chat",6
2004,"Yellow-throated Vireo",5
2004,"American Crow",22
2004,"American Goldfinch",3
2004,"American Robin",4
2004,"Barn Swallow",13
2004,"Blue Grosbeak",4
2004,"Blue Jay",4
2004,"Blue-gray Gnatcatcher",6
2004,"Brown-headed Cowbird",1
2004,"Carolina Chickadee",2
2004,"Carolina Wren",22
2004,"Chipping Sparrow",5
2004,"Common Grackle",3
2004,"Common Yellowthroat",1
2004,"Eastern Bluebird",9
2004,"Eastern Meadowlark",1
2004,"Eastern Phoebe",2
2004,"Eastern Towhee",2
2004,"Eastern Whip-poor-will",2
2004,"European Starling",3
2004,"Fish Crow",2
2004,"Gray Catbird",1
2004,"Great Crested Flycatcher",1
2004,"House Finch",9
2004,"House Sparrow",2
2004,"Indigo Bunting",11
2004,"Mourning Dove",11
2004,"Northern Bobwhite",2
2004,"Northern Cardinal",17
2004,"Northern Mockingbird",3
2004,"Ovenbird",2
2004,"Pine Warbler",1
2004,"Red-bellied Woodpecker",6
2004,"Red-eyed Vireo",1
2004,"Red-shouldered Hawk",2
2004,"Summer Tanager",3
2004,"Tufted Titmouse",4
2004,"Wood Thrush",5
2004,"Yellow-billed Cuckoo",3
2004,"Yellow-breasted Chat",2
2004,"Acadian Flycatcher",1
2004,"American Crow",31
2004,"American Goldfinch",5
2004,"American Robin",3
2004,"Barn Swallow",8
2004,"Blue Grosbeak",4
2004,"Blue Jay",9
2004,"Blue-gray Gnatcatcher",4
2004,"Brown-headed Cowbird",7
2004,"Carolina Chickadee",1
2004,"Carolina Wren",15
2004,"Chimney Swift",6
2004,"Chipping Sparrow",13
2004,"Common Yellowthroat",3
2004,"Eastern Bluebird",8
2004,"Eastern Meadowlark",7
2004,"Eastern Towhee",4
2004,"Eastern Wood-Pewee",5
2004,"Great Crested Flycatcher",8
2004,"Indigo Bunting",8
2004,"Mourning Dove",17
2004,"Northern Bobwhite",4
2004,"Northern Cardinal",14
2004,"Northern Mockingbird",13
2004,"Northern Parula",1
2004,"Orchard Oriole",2
2004,"Ovenbird",2
2004,"Pine Warbler",1
2004,"Purple Martin",5
2004,"Red-bellied Woodpecker",7
2004,"Red-eyed Vireo",3
2004,"Red-winged Blackbird",7
2004,"Scarlet Tanager",2
2004,"Summer Tanager",4
2004,"Tufted Titmouse",5
2004,"White-breasted Nuthatch",1
2004,"Wood Thrush",7
2004,"Yellow-billed Cuckoo",8
2004,"Yellow-breasted Chat",6
2004,"American Crow",36
2004,"American Robin",8
2004,"Blue Jay",10
2004,"Carolina Chickadee",12
2004,"Carolina Wren",9
2004,"Chimney Swift",34
2004,"Eastern Bluebird",10
2004,"Eastern Meadowlark",6
2004,"Eastern Towhee",9
2004,"European Starling",12
2004,"House Finch",3
2004,"House Sparrow",6
2004,"Indigo Bunting",13
2004,"Mourning Dove",13
2004,"Northern Cardinal",37
2004,"Northern Mockingbird",20
2004,"Pine Warbler",5
2004,"Red-bellied Woodpecker",4
2004,"Red-eyed Vireo",10
2004,"Song Sparrow",8
2004,"Tufted Titmouse",5
2004,"Wood Thrush",2
2004,"Yellow-breasted Chat",1
2004,"American Crow",15
2004,"American Goldfinch",8
2004,"American Robin",4
2004,"Barn Swallow",1
2004,"Blue Grosbeak",4
2004,"Blue Jay",1
2004,"Blue-gray Gnatcatcher",13
2004,"Brown-headed Cowbird",2
2004,"Brown-headed Nuthatch",1
2004,"Canada Goose",1
2004,"Carolina Chickadee",5
2004,"Carolina Wren",23
2004,"Chimney Swift",2
2004,"Chipping Sparrow",9
2004,"Common Grackle",14
2004,"Downy Woodpecker",1
2004,"Eastern Bluebird",6
2004,"Eastern Meadowlark",1
2004,"Eastern Phoebe",1
2004,"Eastern Towhee",4
2004,"Eastern Wood-Pewee",2
2004,"European Starling",19
2004,"Field Sparrow",1
2004,"Great Crested Flycatcher",2
2004,"House Finch",5
2004,"Indigo Bunting",5
2004,"Mourning Dove",15
2004,"Northern Cardinal",18
2004,"Northern Mockingbird",3
2004,"Ovenbird",1
2004,"Pine Warbler",12
2004,"Purple Martin",4
2004,"Red-bellied Woodpecker",3
2004,"Red-winged Blackbird",1
2004,"Ruby-throated Hummingbird",1
2004,"Scarlet Tanager",2
2004,"Summer Tanager",1
2004,"Tufted Titmouse",8
2004,"White-eyed Vireo",1
2004,"Wood Thrush",1
2004,"Yellow-billed Cuckoo",2
2004,"Acadian Flycatcher",1
2004,"American Crow",31
2004,"American Goldfinch",1
2004,"Barn Swallow",4
2004,"Blue Grosbeak",2
2004,"Blue Jay",1
2004,"Blue-gray Gnatcatcher",3
2004,"Brown Thrasher",4
2004,"Brown-headed Cowbird",7
2004,"Canada Goose",27
2004,"Carolina Chickadee",1
2004,"Carolina Wren",6
2004,"Chimney Swift",3
2004,"Chipping Sparrow",19
2004,"Common Grackle",14
2004,"Common Yellowthroat",9
2004,"Downy Woodpecker",1
2004,"Eastern Bluebird",11
2004,"Eastern Meadowlark",5
2004,"Eastern Phoebe",2
2004,"Eastern Towhee",4
2004,"Field Sparrow",1
2004,"Gray Catbird",1
2004,"Great Crested Flycatcher",1
2004,"Indigo Bunting",16
2004,"Mourning Dove",8
2004,"Northern Cardinal",42
2004,"Northern Mockingbird",5
2004,"Northern Parula",1
2004,"Ovenbird",2
2004,"Pine Warbler",1
2004,"Prairie Warbler",3
2004,"Purple Martin",2
2004,"Red-bellied Woodpecker",1
2004,"Red-eyed Vireo",6
2004,"Red-winged Blackbird",3
2004,"Summer Tanager",2
2004,"Tufted Titmouse",1
2004,"Wood Thrush",7
2004,"Yellow-billed Cuckoo",1
2004,"Yellow-breasted Chat",3
2004,"American Crow",22
2004,"American Goldfinch",3
2004,"American Robin",10
2004,"Blue Jay",4
2004,"Blue-gray Gnatcatcher",13
2004,"Brown Thrasher",1
2004,"Brown-headed Cowbird",1
2004,"Brown-headed Nuthatch",2
2004,"Carolina Chickadee",5
2004,"Carolina Wren",9
2004,"Chimney Swift",3
2004,"Chipping Sparrow",7
2004,"Common Grackle",1
2004,"Common Yellowthroat",2
2004,"Eastern Bluebird",10
2004,"Eastern Kingbird",1
2004,"Eastern Meadowlark",2
2004,"Eastern Towhee",4
2004,"Eastern Wood-Pewee",2
2004,"European Starling",2
2004,"Fish Crow",1
2004,"Great Crested Flycatcher",4
2004,"House Finch",2
2004,"Indigo Bunting",8
2004,"Killdeer",1
2004,"Mourning Dove",21
2004,"Northern Bobwhite",1
2004,"Northern Cardinal",16
2004,"Northern Mockingbird",2
2004,"Northern Parula",1
2004,"Pine Warbler",2
2004,"Red-bellied Woodpecker",6
2004,"Red-eyed Vireo",5
2004,"Song Sparrow",1
2004,"Summer Tanager",1
2004,"Tufted Titmouse",16
2004,"Wood Thrush",22
2004,"Yellow-billed Cuckoo",1
2004,"Yellow-throated Warbler",1
2004,"American Crow",15
2004,"American Goldfinch",4
2004,"American Robin",31
2004,"Barn Swallow",3
2004,"Blue Jay",15
2004,"Blue-gray Gnatcatcher",5
2004,"Brown Thrasher",3
2004,"Brown-headed Cowbird",4
2004,"Brown-headed Nuthatch",2
2004,"Carolina Chickadee",11
2004,"Carolina Wren",6
2004,"Chimney Swift",7
2004,"Chipping Sparrow",8
2004,"Common Grackle",25
2004,"Downy Woodpecker",6
2004,"Eastern Towhee",6
2004,"Eastern Wood-Pewee",1
2004,"European Starling",14
2004,"Gray Catbird",4
2004,"Great Blue Heron",1
2004,"House Finch",20
2004,"Indigo Bunting",1
2004,"Killdeer",3
2004,"Mourning Dove",17
2004,"Northern Cardinal",30
2004,"Northern Mockingbird",7
2004,"Pine Warbler",3
2004,"Red-bellied Woodpecker",9
2004,"Red-eyed Vireo",3
2004,"Red-shouldered Hawk",1
2004,"Ruby-throated Hummingbird",1
2004,"Scarlet Tanager",2
2004,"Song Sparrow",2
2004,"Tufted Titmouse",12
2004,"White-breasted Nuthatch",3
2004,"Wood Thrush",1
2004,"Yellow-billed Cuckoo",1
2004,"Yellow-throated Vireo",1
2004,"Acadian Flycatcher",2
2004,"American Crow",4
2004,"American Goldfinch",1
2004,"American Robin",7
2004,"Barn Swallow",8
2004,"Blue Jay",2
2004,"Blue-gray Gnatcatcher",24
2004,"Brown Thrasher",1
2004,"Brown-headed Cowbird",1
2004,"Carolina Wren",17
2004,"Chimney Swift",5
2004,"Chipping Sparrow",8
2004,"Common Grackle",4
2004,"Common Yellowthroat",3
2004,"Downy Woodpecker",1
2004,"Eastern Bluebird",3
2004,"Eastern Meadowlark",1
2004,"Eastern Towhee",12
2004,"Eastern Wood-Pewee",4
2004,"Fish Crow",1
2004,"Gray Catbird",1
2004,"Great Blue Heron",4
2004,"Great Crested Flycatcher",3
2004,"House Finch",2
2004,"Indigo Bunting",11
2004,"Mourning Dove",6
2004,"Northern Cardinal",23
2004,"Northern Mockingbird",4
2004,"Orchard Oriole",1
2004,"Ovenbird",1
2004,"Pine Warbler",2
2004,"Red-bellied Woodpecker",3
2004,"Red-eyed Vireo",16
2004,"Ruby-throated Hummingbird",2
2004,"Scarlet Tanager",1
2004,"Summer Tanager",1
2004,"Tufted Titmouse",5
2004,"White-breasted Nuthatch",1
2004,"Wood Thrush",7
2004,"Yellow-breasted Chat",1
2004,"Yellow-throated Vireo",1
2004,"American Goldfinch",9
2004,"American Robin",20
2004,"Blue Jay",11
2004,"Blue-gray Gnatcatcher",17
2004,"Brown Thrasher",2
2004,"Brown-headed Cowbird",1
2004,"Brown-headed Nuthatch",3
2004,"Canada Goose",7
2004,"Carolina Chickadee",6
2004,"Carolina Wren",15
2004,"Chimney Swift",9
2004,"Chipping Sparrow",2
2004,"Common Grackle",1
2004,"Downy Woodpecker",6
2004,"Eastern Bluebird",2
2004,"Eastern Phoebe",1
2004,"Eastern Towhee",25
2004,"European Starling",2
2004,"Gray Catbird",1
2004,"Great Crested Flycatcher",4
2004,"House Finch",12
2004,"House Sparrow",2
2004,"Indigo Bunting",1
2004,"Mourning Dove",11
2004,"Northern Cardinal",51
2004,"Northern Mockingbird",7
2004,"Pine Warbler",6
2004,"Red-bellied Woodpecker",7
2004,"Red-shouldered Hawk",1
2004,"Ruby-throated Hummingbird",2
2004,"Scarlet Tanager",1
2004,"Summer Tanager",5
2004,"Tufted Titmouse",15
2004,"White-breasted Nuthatch",5
2004,"Wood Thrush",9
2004,"Yellow-throated Vireo",1
2004,"American Crow",13
2004,"American Goldfinch",3
2004,"American Robin",6
2004,"Barn Swallow",3
2004,"Blue Jay",8
2004,"Blue-gray Gnatcatcher",1
2004,"Brown Thrasher",2
2004,"Brown-headed Cowbird",4
2004,"Brown-headed Nuthatch",1
2004,"Carolina Chickadee",2
2004,"Carolina Wren",11
2004,"Chimney Swift",2
2004,"Chipping Sparrow",3
2004,"Common Grackle",15
2004,"Common Yellowthroat",1
2004,"Eastern Bluebird",2
2004,"Eastern Towhee",10
2004,"Eastern Wood-Pewee",2
2004,"European Starling",5
2004,"Fish Crow",2
2004,"House Finch",12
2004,"House Sparrow",1
2004,"Indigo Bunting",4
2004,"Mourning Dove",5
2004,"Northern Cardinal",7
2004,"Northern Mockingbird",15
2004,"Orchard Oriole",2
2004,"Pine Warbler",3
2004,"Red-bellied Woodpecker",1
2004,"Red-eyed Vireo",4
2004,"Ruby-throated Hummingbird",1
2004,"Tufted Titmouse",4
2004,"White-breasted Nuthatch",1
2004,"Wood Thrush",1
2004,"Acadian Flycatcher",2
2004,"American Crow",9
2004,"American Goldfinch",10
2004,"American Robin",5
2004,"Blue Grosbeak",2
2004,"Blue Jay",2
2004,"Blue-gray Gnatcatcher",10
2004,"Brown-headed Cowbird",1
2004,"Carolina Chickadee",2
2004,"Carolina Wren",16
2004,"Chimney Swift",5
2004,"Chipping Sparrow",8
2004,"Common Yellowthroat",1
2004,"Downy Woodpecker",1
2004,"Eastern Bluebird",3
2004,"Eastern Phoebe",1
2004,"Eastern Towhee",9
2004,"European Starling",1
2004,"Field Sparrow",1
2004,"Fish Crow",4
2004,"House Sparrow",1
2004,"Indigo Bunting",3
2004,"Mourning Dove",9
2004,"Northern Bobwhite",5
2004,"Northern Cardinal",18
2004,"Northern Mockingbird",1
2004,"Northern Parula",2
2004,"Ovenbird",2
2004,"Prairie Warbler",1
2004,"Red-bellied Woodpecker",3
2004,"Red-eyed Vireo",3
2004,"Red-winged Blackbird",2
2004,"Tufted Titmouse",10
2004,"Yellow-billed Cuckoo",1
2004,"Yellow-breasted Chat",2
2004,"American Crow",18
2004,"American Robin",4
2004,"Blue-gray Gnatcatcher",20
2004,"Brown-headed Nuthatch",1
2004,"Carolina Chickadee",3
2004,"Carolina Wren",5
2004,"Chimney Swift",14
2004,"Chipping Sparrow",7
2004,"Common Grackle",5
2004,"Downy Woodpecker",2
2004,"Eastern Bluebird",8
2004,"Eastern Phoebe",3
2004,"Eastern Towhee",7
2004,"Eastern Wood-Pewee",1
2004,"European Starling",4
2004,"Great Blue Heron",1
2004,"Great Crested Flycatcher",1
2004,"Indigo Bunting",4
2004,"Killdeer",1
2004,"Mourning Dove",15
2004,"Northern Cardinal",31
2004,"Northern Mockingbird",15
2004,"Ovenbird",2
2004,"Red-bellied Woodpecker",4
2004,"Red-eyed Vireo",6
2004,"Summer Tanager",4
2004,"White-breasted Nuthatch",1
2004,"Wood Thrush",2
2004,"Yellow-billed Cuckoo",1
2004,"Yellow-breasted Chat",2
2004,"Acadian Flycatcher",2
2004,"American Crow",30
2004,"American Goldfinch",3
2004,"American Robin",3
2004,"Barn Swallow",9
2004,"Blue Grosbeak",6
2004,"Blue Jay",8
2004,"Blue-gray Gnatcatcher",13
2004,"Brown Thrasher",4
2004,"Brown-headed Cowbird",8
2004,"Carolina Chickadee",9
2004,"Carolina Wren",18
2004,"Chimney Swift",5
2004,"Chipping Sparrow",16
2004,"Common Grackle",12
2004,"Common Yellowthroat",7
2004,"Downy Woodpecker",3
2004,"Eastern Bluebird",4
2004,"Eastern Meadowlark",10
2004,"Eastern Phoebe",3
2004,"Eastern Towhee",7
2004,"Eastern Wood-Pewee",5
2004,"European Starling",15
2004,"Field Sparrow",5
2004,"Fish Crow",1
2004,"Grasshopper Sparrow",3
2004,"Great Blue Heron",10
2004,"Great Crested Flycatcher",2
2004,"Hooded Warbler",2
2004,"House Finch",9
2004,"House Sparrow",1
2004,"Indigo Bunting",14
2004,"Killdeer",1
2004,"Mourning Dove",41
2004,"Northern Bobwhite",1
2004,"Northern Cardinal",12
2004,"Northern Mockingbird",13
2004,"Orchard Oriole",4
2004,"Ovenbird",6
2004,"Pine Warbler",2
2004,"Prairie Warbler",2
2004,"Red-bellied Woodpecker",8
2004,"Red-eyed Vireo",14
2004,"Red-winged Blackbird",3
2004,"Ruby-throated Hummingbird",1
2004,"Song Sparrow",1
2004,"Summer Tanager",2
2004,"Tufted Titmouse",12
2004,"Wood Thrush",11
2004,"Yellow-billed Cuckoo",2
2004,"Yellow-breasted Chat",5
2004,"Yellow-throated Vireo",1
2004,"American Crow",10
2004,"American Goldfinch",1
2004,"American Robin",4
2004,"Barn Swallow",3
2004,"Blue Grosbeak",3
2004,"Blue Jay",1
2004,"Carolina Wren",9
2004,"Chimney Swift",1
2004,"Chipping Sparrow",1
2004,"Common Grackle",9
2004,"Eastern Bluebird",7
2004,"Eastern Meadowlark",2
2004,"Eastern Towhee",6
2004,"Eastern Wood-Pewee",4
2004,"European Starling",15
2004,"Field Sparrow",5
2004,"Great Crested Flycatcher",2
2004,"House Finch",1
2004,"Indigo Bunting",10
2004,"Mourning Dove",20
2004,"Northern Cardinal",12
2004,"Northern Mockingbird",3
2004,"Pine Warbler",2
2004,"Red-bellied Woodpecker",1
2004,"Red-eyed Vireo",10
2004,"Ruby-throated Hummingbird",1
2004,"Summer Tanager",1
2004,"Tufted Titmouse",17
2004,"Turkey Vulture",7
2004,"Wood Thrush",9
2004,"Yellow-billed Cuckoo",4
2004,"Yellow-breasted Chat",1
2004,"American Crow",15
2004,"American Goldfinch",9
2004,"American Robin",10
2004,"Blue Grosbeak",6
2004,"Blue Jay",3
2004,"Blue-gray Gnatcatcher",6
2004,"Brown Thrasher",4
2004,"Brown-headed Cowbird",2
2004,"Canada Goose",12
2004,"Carolina Chickadee",1
2004,"Carolina Wren",9
2004,"Chimney Swift",1
2004,"Chipping Sparrow",16
2004,"Common Grackle",7
2004,"Common Yellowthroat",4
2004,"Eastern Bluebird",11
2004,"Eastern Kingbird",1
2004,"Eastern Meadowlark",5
2004,"Eastern Phoebe",2
2004,"Eastern Towhee",9
2004,"Eastern Wood-Pewee",5
2004,"European Starling",17
2004,"Field Sparrow",5
2004,"Grasshopper Sparrow",3
2004,"Gray Catbird",1
2004,"Great Blue Heron",1
2004,"Great Crested Flycatcher",2
2004,"House Finch",1
2004,"House Sparrow",6
2004,"Indigo Bunting",9
2004,"Mourning Dove",21
2004,"Northern Cardinal",19
2004,"Northern Mockingbird",9
2004,"Prairie Warbler",1
2004,"Red-bellied Woodpecker",12
2004,"Red-eyed Vireo",7
2004,"Red-winged Blackbird",1
2004,"Scarlet Tanager",1
2004,"Summer Tanager",4
2004,"Tufted Titmouse",5
2004,"White-breasted Nuthatch",3
2004,"Wood Thrush",1
2004,"Yellow-billed Cuckoo",1
2004,"Yellow-breasted Chat",3
2004,"Yellow-throated Vireo",1
2004,"Acadian Flycatcher",1
2004,"American Crow",25
2004,"American Goldfinch",6
2004,"Blue Grosbeak",2
2004,"Blue Jay",4
2004,"Blue-gray Gnatcatcher",8
2004,"Brown Thrasher",2
2004,"Brown-headed Cowbird",5
2004,"Brown-headed Nuthatch",7
2004,"Carolina Chickadee",4
2004,"Carolina Wren",18
2004,"Chimney Swift",24
2004,"Common Grackle",8
2004,"Common Yellowthroat",2
2004,"Eastern Bluebird",4
2004,"Eastern Phoebe",3
2004,"Eastern Towhee",3
2004,"Eastern Wood-Pewee",1
2004,"Field Sparrow",1
2004,"Gray Catbird",1
2004,"House Finch",6
2004,"Indigo Bunting",4
2004,"Mourning Dove",6
2004,"Northern Cardinal",29
2004,"Northern Mockingbird",2
2004,"Northern Parula",1
2004,"Pine Warbler",1
2004,"Red-bellied Woodpecker",1
2004,"Red-eyed Vireo",5
2004,"Scarlet Tanager",1
2004,"Summer Tanager",1
2004,"Tufted Titmouse",6
2004,"Turkey Vulture",5
2004,"White-breasted Nuthatch",3
2004,"White-eyed Vireo",1
2004,"Yellow-breasted Chat",1
2004,"Yellow-throated Vireo",1
2004,"American Crow",31
2004,"American Goldfinch",6
2004,"American Robin",1
2004,"Barn Swallow",27
2004,"Blue Grosbeak",9
2004,"Blue Jay",8
2004,"Blue-gray Gnatcatcher",13
2004,"Brown Thrasher",3
2004,"Brown-headed Cowbird",1
2004,"Brown-headed Nuthatch",1
2004,"Canada Goose",83
2004,"Carolina Chickadee",10
2004,"Carolina Wren",17
2004,"Chimney Swift",2
2004,"Chipping Sparrow",24
2004,"Common Grackle",7
2004,"Common Yellowthroat",4
2004,"Downy Woodpecker",3
2004,"Eastern Bluebird",9
2004,"Eastern Meadowlark",3
2004,"Eastern Towhee",6
2004,"Eastern Wood-Pewee",6
2004,"European Starling",3
2004,"Field Sparrow",2
2004,"Grasshopper Sparrow",5
2004,"Great Crested Flycatcher",2
2004,"House Finch",1
2004,"Indigo Bunting",16
2004,"Killdeer",8
2004,"Mourning Dove",34
2004,"Northern Cardinal",28
2004,"Northern Mockingbird",14
2004,"Orchard Oriole",2
2004,"Ovenbird",3
2004,"Pine Warbler",5
2004,"Red-bellied Woodpecker",15
2004,"Red-eyed Vireo",8
2004,"Red-winged Blackbird",6
2004,"Ruby-throated Hummingbird",2
2004,"Song Sparrow",1
2004,"Summer Tanager",1
2004,"Tufted Titmouse",20
2004,"White-breasted Nuthatch",1
2004,"Wood Thrush",2
2004,"Yellow-billed Cuckoo",9
2004,"Yellow-breasted Chat",1
2004,"Yellow-throated Vireo",2
2004,"American Crow",21
2004,"American Goldfinch",3
2004,"Blue Grosbeak",1
2004,"Blue Jay",1
2004,"Blue-gray Gnatcatcher",7
2004,"Brown Thrasher",1
2004,"Brown-headed Cowbird",1
2004,"Canada Goose",9
2004,"Carolina Chickadee",5
2004,"Carolina Wren",11
2004,"Chimney Swift",8
2004,"Chipping Sparrow",13
2004,"Downy Woodpecker",2
2004,"Eastern Bluebird",4
2004,"Eastern Phoebe",1
2004,"Eastern Towhee",12
2004,"Eastern Wood-Pewee",1
2004,"European Starling",2
2004,"Gray Catbird",2
2004,"Great Crested Flycatcher",1
2004,"House Finch",3
2004,"Indigo Bunting",9
2004,"Mourning Dove",8
2004,"Northern Cardinal",31
2004,"Northern Mockingbird",3
2004,"Ovenbird",2
2004,"Pine Warbler",7
2004,"Red-bellied Woodpecker",7
2004,"Red-eyed Vireo",3
2004,"Summer Tanager",3
2004,"Tufted Titmouse",27
2004,"Turkey Vulture",1
2004,"White-breasted Nuthatch",1
2004,"Wood Thrush",11
2004,"Yellow-billed Cuckoo",3
2004,"American Crow",15
2004,"American Goldfinch",11
2004,"Barn Swallow",8
2004,"Blue Grosbeak",2
2004,"Blue Jay",4
2004,"Blue-gray Gnatcatcher",2
2004,"Brown Thrasher",7
2004,"Brown-headed Cowbird",6
2004,"Brown-headed Nuthatch",3
2004,"Canada Goose",10
2004,"Carolina Chickadee",6
2004,"Carolina Wren",23
2004,"Chimney Swift",9
2004,"Chipping Sparrow",13
2004,"Common Grackle",15
2004,"Common Yellowthroat",8
2004,"Eastern Bluebird",13
2004,"Eastern Meadowlark",10
2004,"Eastern Phoebe",2
2004,"Eastern Towhee",3
2004,"Eastern Wood-Pewee",2
2004,"European Starling",6
2004,"Field Sparrow",10
2004,"Grasshopper Sparrow",1
2004,"Great Crested Flycatcher",2
2004,"House Finch",5
2004,"House Sparrow",1
2004,"Indigo Bunting",19
2004,"Killdeer",2
2004,"Mourning Dove",16
2004,"Northern Bobwhite",4
2004,"Northern Cardinal",23
2004,"Northern Mockingbird",10
2004,"Orchard Oriole",1
2004,"Ovenbird",1
2004,"Pine Warbler",5
2004,"Prairie Warbler",2
2004,"Red-bellied Woodpecker",5
2004,"Red-eyed Vireo",12
2004,"Red-winged Blackbird",8
2004,"Ruby-throated Hummingbird",1
2004,"Scarlet Tanager",1
2004,"Summer Tanager",2
2004,"Tufted Titmouse",13
2004,"White-breasted Nuthatch",1
2004,"Wood Thrush",1
2004,"Yellow-billed Cuckoo",2
2004,"Yellow-breasted Chat",3
2004,"American Crow",21
2004,"American Robin",3
2004,"Brown Thrasher",1
2004,"Canada Goose",25
2004,"Carolina Wren",15
2004,"Chipping Sparrow",2
2004,"Common Grackle",12
2004,"Eastern Bluebird",4
2004,"Eastern Meadowlark",2
2004,"Eastern Towhee",1
2004,"European Starling",2
2004,"Indigo Bunting",7
2004,"Mourning Dove",12
2004,"Northern Cardinal",29
2004,"Northern Mockingbird",4
2004,"Orchard Oriole",1
2004,"Pine Warbler",2
2004,"Red-bellied Woodpecker",4
2004,"Red-eyed Vireo",8
2004,"Red-shouldered Hawk",1
2004,"Summer Tanager",4
2004,"Tufted Titmouse",11
2004,"White-breasted Nuthatch",2
2004,"Wood Thrush",6
2004,"Yellow-billed Cuckoo",3
2004,"American Crow",6
2004,"American Goldfinch",15
2004,"American Robin",4
2004,"Barn Swallow",2
2004,"Blue Grosbeak",3
2004,"Blue Jay",3
2004,"Blue-gray Gnatcatcher",6
2004,"Brown Thrasher",2
2004,"Brown-headed Cowbird",1
2004,"Brown-headed Nuthatch",6
2004,"Carolina Chickadee",6
2004,"Carolina Wren",3
2004,"Chimney Swift",3
2004,"Chipping Sparrow",12
2004,"Common Yellowthroat",1
2004,"Downy Woodpecker",1
2004,"Eastern Meadowlark",3
2004,"Eastern Towhee",11
2004,"Eastern Wood-Pewee",4
2004,"Field Sparrow",6
2004,"Gray Catbird",2
2004,"Great Crested Flycatcher",2
2004,"Hooded Warbler",2
2004,"Indigo Bunting",5
2004,"Killdeer",1
2004,"Mourning Dove",13
2004,"Northern Cardinal",15
2004,"Northern Mockingbird",4
2004,"Northern Parula",1
2004,"Ovenbird",3
2004,"Pileated Woodpecker",1
2004,"Pine Warbler",4
2004,"Red-bellied Woodpecker",7
2004,"Red-eyed Vireo",7
2004,"Red-shouldered Hawk",1
2004,"Summer Tanager",2
2004,"Tufted Titmouse",7
2004,"White-breasted Nuthatch",3
2004,"Wood Thrush",4
2004,"Yellow-billed Cuckoo",1
2004,"Yellow-breasted Chat",1
2004,"Acadian Flycatcher",1
2004,"American Crow",14
2004,"American Goldfinch",6
2004,"American Robin",8
2004,"Barn Swallow",6
2004,"Blue Grosbeak",5
2004,"Blue Jay",6
2004,"Blue-gray Gnatcatcher",19
2004,"Brown Thrasher",3
2004,"Brown-headed Cowbird",7
2004,"Brown-headed Nuthatch",1
2004,"Carolina Chickadee",4
2004,"Carolina Wren",23
2004,"Chimney Swift",5
2004,"Chipping Sparrow",18
2004,"Common Grackle",20
2004,"Common Yellowthroat",4
2004,"Downy Woodpecker",1
2004,"Eastern Bluebird",8
2004,"Eastern Kingbird",1
2004,"Eastern Meadowlark",3
2004,"Eastern Towhee",7
2004,"Eastern Wood-Pewee",5
2004,"European Starling",27
2004,"Field Sparrow",1
2004,"Great Crested Flycatcher",1
2004,"House Finch",4
2004,"Indigo Bunting",7
2004,"Killdeer",2
2004,"Mourning Dove",17
2004,"Northern Cardinal",22
2004,"Northern Mockingbird",7
2004,"Ovenbird",1
2004,"Pileated Woodpecker",1
2004,"Pine Warbler",7
2004,"Red-bellied Woodpecker",5
2004,"Red-eyed Vireo",3
2004,"Scarlet Tanager",1
2004,"Summer Tanager",4
2004,"Tufted Titmouse",15
2004,"Turkey Vulture",1
2004,"Wood Thrush",5
2004,"Yellow-billed Cuckoo",1
2004,"Yellow-throated Vireo",2
2004,"American Crow",31
2004,"American Robin",3
2004,"Barn Swallow",2
2004,"Blue Jay",4
2004,"Blue-gray Gnatcatcher",2
2004,"Brown Thrasher",1
2004,"Carolina Chickadee",18
2004,"Carolina Wren",4
2004,"Chimney Swift",4
2004,"Eastern Bluebird",6
2004,"Eastern Meadowlark",3
2004,"Eastern Phoebe",1
2004,"Eastern Towhee",12
2004,"European Starling",4
2004,"Indigo Bunting",5
2004,"Mourning Dove",13
2004,"Northern Cardinal",33
2004,"Northern Mockingbird",9
2004,"Pine Warbler",11
2004,"Red-bellied Woodpecker",7
2004,"Red-eyed Vireo",5
2004,"Tufted Titmouse",14
2004,"Wood Thrush",8
2004,"Yellow-throated Warbler",1
2004,"Acadian Flycatcher",1
2004,"American Crow",16
2004,"American Goldfinch",3
2004,"American Robin",7
2004,"Barn Swallow",8
2004,"Blue Grosbeak",3
2004,"Blue Jay",3
2004,"Brown Thrasher",5
2004,"Brown-headed Cowbird",1
2004,"Brown-headed Nuthatch",3
2004,"Carolina Chickadee",6
2004,"Carolina Wren",28
2004,"Chimney Swift",10
2004,"Chipping Sparrow",3
2004,"Common Grackle",10
2004,"Downy Woodpecker",1
2004,"Eastern Bluebird",6
2004,"Eastern Kingbird",1
2004,"Eastern Phoebe",1
2004,"Eastern Towhee",15
2004,"Eastern Wood-Pewee",1
2004,"European Starling",3
2004,"Gray Catbird",5
2004,"Great Crested Flycatcher",3
2004,"House Finch",9
2004,"House Sparrow",2
2004,"Indigo Bunting",3
2004,"Killdeer",1
2004,"Mourning Dove",10
2004,"Northern Cardinal",36
2004,"Northern Mockingbird",16
2004,"Pine Warbler",10
2004,"Red-bellied Woodpecker",13
2004,"Red-eyed Vireo",2
2004,"Scarlet Tanager",1
2004,"Summer Tanager",1
2004,"Tufted Titmouse",23
2004,"White-breasted Nuthatch",1
2004,"Wood Thrush",3
2004,"Yellow-breasted Chat",1
2004,"Yellow-throated Vireo",1
2005,"Acadian Flycatcher",1
2005,"American Crow",23
2005,"American Goldfinch",5
2005,"American Robin",1
2005,"Blue Jay",9
2005,"Blue-gray Gnatcatcher",10
2005,"Brown Thrasher",4
2005,"Brown-headed Cowbird",1
2005,"Carolina Chickadee",6
2005,"Carolina Wren",10
2005,"Chimney Swift",9
2005,"Chipping Sparrow",11
2005,"Common Yellowthroat",2
2005,"Downy Woodpecker",1
2005,"Eastern Bluebird",6
2005,"Eastern Phoebe",2
2005,"Eastern Towhee",1
2005,"Eastern Wood-Pewee",2
2005,"Fish Crow",1
2005,"Great Crested Flycatcher",1
2005,"Hooded Warbler",2
2005,"House Finch",1
2005,"Indigo Bunting",3
2005,"Mourning Dove",20
2005,"Northern Cardinal",41
2005,"Northern Mockingbird",4
2005,"Northern Parula",2
2005,"Orchard Oriole",1
2005,"Pileated Woodpecker",2
2005,"Pine Warbler",25
2005,"Red-bellied Woodpecker",13
2005,"Red-eyed Vireo",5
2005,"Red-shouldered Hawk",1
2005,"Red-winged Blackbird",4
2005,"Summer Tanager",3
2005,"Tufted Titmouse",4
2005,"Wood Thrush",2
2005,"Yellow-billed Cuckoo",1
2005,"Yellow-throated Vireo",3
2005,"Yellow-throated Warbler",6
2005,"Acadian Flycatcher",1
2005,"American Crow",15
2005,"American Goldfinch",13
2005,"American Robin",6
2005,"Barn Swallow",3
2005,"Blue Grosbeak",3
2005,"Blue Jay",4
2005,"Blue-gray Gnatcatcher",11
2005,"Brown Thrasher",3
2005,"Brown-headed Cowbird",6
2005,"Brown-headed Nuthatch",2
2005,"Canada Goose",5
2005,"Carolina Chickadee",10
2005,"Carolina Wren",20
2005,"Chimney Swift",6
2005,"Chipping Sparrow",11
2005,"Common Grackle",3
2005,"Common Yellowthroat",1
2005,"Downy Woodpecker",1
2005,"Eastern Bluebird",8
2005,"Eastern Towhee",7
2005,"Eastern Whip-poor-will",2
2005,"Eastern Wood-Pewee",3
2005,"European Starling",7
2005,"Field Sparrow",1
2005,"Fish Crow",1
2005,"Great Blue Heron",2
2005,"Great Crested Flycatcher",1
2005,"House Finch",4
2005,"Indigo Bunting",15
2005,"Killdeer",1
2005,"Mourning Dove",15
2005,"Northern Cardinal",26
2005,"Northern Mockingbird",2
2005,"Northern Parula",2
2005,"Ovenbird",1
2005,"Pileated Woodpecker",2
2005,"Pine Warbler",17
2005,"Prairie Warbler",4
2005,"Purple Martin",2
2005,"Red-bellied Woodpecker",5
2005,"Red-eyed Vireo",6
2005,"Red-winged Blackbird",1
2005,"Scarlet Tanager",1
2005,"Summer Tanager",4
2005,"Tufted Titmouse",18
2005,"Turkey Vulture",1
2005,"White-eyed Vireo",1
2005,"Wood Thrush",6
2005,"Yellow-billed Cuckoo",1
2005,"Yellow-breasted Chat",5
2005,"Yellow-throated Warbler",1
2005,"Acadian Flycatcher",1
2005,"American Crow",16
2005,"American Goldfinch",6
2005,"American Robin",9
2005,"Blue Grosbeak",15
2005,"Blue Jay",4
2005,"Brown Thrasher",1
2005,"Brown-headed Cowbird",2
2005,"Brown-headed Nuthatch",1
2005,"Canada Goose",4
2005,"Carolina Chickadee",3
2005,"Carolina Wren",32
2005,"Chimney Swift",2
2005,"Chipping Sparrow",6
2005,"Common Grackle",15
2005,"Common Yellowthroat",9
2005,"Eastern Bluebird",1
2005,"Eastern Meadowlark",2
2005,"Eastern Phoebe",2
2005,"Eastern Towhee",11
2005,"Eastern Whip-poor-will",1
2005,"Eastern Wood-Pewee",2
2005,"Field Sparrow",2
2005,"Gray Catbird",1
2005,"Great Crested Flycatcher",2
2005,"House Finch",1
2005,"Indigo Bunting",13
2005,"Killdeer",1
2005,"Mourning Dove",14
2005,"Northern Bobwhite",2
2005,"Northern Cardinal",23
2005,"Northern Mockingbird",3
2005,"Ovenbird",2
2005,"Pine Warbler",28
2005,"Prairie Warbler",5
2005,"Purple Martin",2
2005,"Red-bellied Woodpecker",7
2005,"Red-eyed Vireo",9
2005,"Summer Tanager",16
2005,"Tufted Titmouse",13
2005,"Wood Thrush",15
2005,"Yellow-billed Cuckoo",3
2005,"Yellow-breasted Chat",10
2005,"Acadian Flycatcher",2
2005,"American Crow",27
2005,"American Goldfinch",6
2005,"American Robin",4
2005,"Barn Swallow",8
2005,"Blue Grosbeak",3
2005,"Blue Jay",2
2005,"Blue-gray Gnatcatcher",15
2005,"Brown Thrasher",1
2005,"Brown-headed Cowbird",6
2005,"Carolina Chickadee",3
2005,"Carolina Wren",14
2005,"Chimney Swift",6
2005,"Chipping Sparrow",15
2005,"Common Grackle",3
2005,"Common Yellowthroat",4
2005,"Eastern Bluebird",4
2005,"Eastern Meadowlark",3
2005,"Eastern Phoebe",2
2005,"Eastern Towhee",12
2005,"Eastern Whip-poor-will",1
2005,"Eastern Wood-Pewee",5
2005,"European Starling",4
2005,"Field Sparrow",2
2005,"Gray Catbird",3
2005,"Great Blue Heron",1
2005,"Great Crested Flycatcher",5
2005,"House Sparrow",1
2005,"Indigo Bunting",10
2005,"Mourning Dove",7
2005,"Northern Cardinal",23
2005,"Northern Mockingbird",3
2005,"Northern Parula",1
2005,"Ovenbird",5
2005,"Pine Warbler",2
2005,"Prairie Warbler",3
2005,"Red-bellied Woodpecker",1
2005,"Red-eyed Vireo",11
2005,"Red-shouldered Hawk",1
2005,"Summer Tanager",2
2005,"Tufted Titmouse",12
2005,"White-eyed Vireo",2
2005,"Wood Thrush",11
2005,"Yellow-billed Cuckoo",4
2005,"Yellow-breasted Chat",12
2005,"Yellow-throated Vireo",1
2005,"American Crow",18
2005,"American Goldfinch",1
2005,"American Robin",7
2005,"Barn Swallow",9
2005,"Blue Grosbeak",14
2005,"Blue Jay",2
2005,"Blue-gray Gnatcatcher",1
2005,"Brown Thrasher",1
2005,"Carolina Wren",37
2005,"Chimney Swift",1
2005,"Chipping Sparrow",15
2005,"Common Grackle",1
2005,"Common Yellowthroat",5
2005,"Eastern Bluebird",7
2005,"Eastern Kingbird",3
2005,"Eastern Meadowlark",7
2005,"Eastern Towhee",6
2005,"Eastern Wood-Pewee",14
2005,"Great Crested Flycatcher",1
2005,"Indigo Bunting",18
2005,"Mourning Dove",16
2005,"Northern Cardinal",30
2005,"Northern Mockingbird",15
2005,"Orchard Oriole",3
2005,"Ovenbird",1
2005,"Purple Martin",1
2005,"Red-bellied Woodpecker",7
2005,"Red-eyed Vireo",8
2005,"Red-winged Blackbird",2
2005,"Ruby-throated Hummingbird",1
2005,"Scarlet Tanager",1
2005,"Summer Tanager",3
2005,"Tufted Titmouse",12
2005,"White-breasted Nuthatch",1
2005,"White-eyed Vireo",1
2005,"Wood Thrush",7
2005,"Yellow-billed Cuckoo",3
2005,"Yellow-breasted Chat",5
2005,"Yellow-throated Vireo",3
2005,"American Crow",27
2005,"American Goldfinch",1
2005,"American Robin",2
2005,"Barn Swallow",5
2005,"Blue Grosbeak",1
2005,"Blue Jay",9
2005,"Blue-gray Gnatcatcher",4
2005,"Brown Thrasher",2
2005,"Brown-headed Cowbird",2
2005,"Brown-headed Nuthatch",1
2005,"Canada Goose",5
2005,"Carolina Chickadee",1
2005,"Carolina Wren",13
2005,"Chimney Swift",12
2005,"Chipping Sparrow",19
2005,"Common Grackle",26
2005,"Downy Woodpecker",1
2005,"Eastern Bluebird",10
2005,"Eastern Kingbird",3
2005,"Eastern Meadowlark",24
2005,"Eastern Phoebe",4
2005,"Eastern Towhee",11
2005,"Eastern Wood-Pewee",4
2005,"European Starling",15
2005,"Field Sparrow",2
2005,"Gray Catbird",1
2005,"Great Blue Heron",1
2005,"House Sparrow",10
2005,"Indigo Bunting",36
2005,"Killdeer",5
2005,"Mourning Dove",20
2005,"Northern Cardinal",46
2005,"Northern Mockingbird",3
2005,"Orchard Oriole",1
2005,"Ovenbird",2
2005,"Red-bellied Woodpecker",7
2005,"Red-eyed Vireo",2
2005,"Red-winged Blackbird",5
2005,"Scarlet Tanager",1
2005,"Summer Tanager",2
2005,"Tufted Titmouse",11
2005,"Turkey Vulture",1
2005,"White-breasted Nuthatch",2
2005,"Wood Thrush",6
2005,"Yellow-breasted Chat",2
2005,"Acadian Flycatcher",1
2005,"American Crow",33
2005,"American Goldfinch",7
2005,"American Robin",1
2005,"Blue Grosbeak",5
2005,"Blue Jay",7
2005,"Blue-gray Gnatcatcher",10
2005,"Brown Thrasher",2
2005,"Brown-headed Cowbird",7
2005,"Carolina Chickadee",2
2005,"Carolina Wren",19
2005,"Chimney Swift",1
2005,"Chipping Sparrow",12
2005,"Common Grackle",3
2005,"Common Yellowthroat",2
2005,"Downy Woodpecker",1
2005,"Eastern Bluebird",4
2005,"Eastern Kingbird",2
2005,"Eastern Meadowlark",5
2005,"Eastern Phoebe",2
2005,"Eastern Towhee",7
2005,"Eastern Whip-poor-will",1
2005,"Eastern Wood-Pewee",3
2005,"Grasshopper Sparrow",1
2005,"House Finch",1
2005,"Indigo Bunting",25
2005,"Killdeer",1
2005,"Mourning Dove",20
2005,"Northern Bobwhite",6
2005,"Northern Cardinal",30
2005,"Northern Mockingbird",5
2005,"Orchard Oriole",3
2005,"Ovenbird",1
2005,"Pine Warbler",2
2005,"Red-bellied Woodpecker",7
2005,"Red-eyed Vireo",18
2005,"Red-shouldered Hawk",1
2005,"Red-winged Blackbird",7
2005,"Ruby-throated Hummingbird",3
2005,"Summer Tanager",8
2005,"Tufted Titmouse",3
2005,"Wood Thrush",13
2005,"Yellow-billed Cuckoo",6
2005,"Yellow-breasted Chat",6
2005,"Yellow-throated Warbler",2
2005,"Acadian Flycatcher",1
2005,"American Crow",49
2005,"American Goldfinch",7
2005,"American Robin",4
2005,"Blue Jay",2
2005,"Blue-gray Gnatcatcher",4
2005,"Brown Thrasher",2
2005,"Brown-headed Cowbird",1
2005,"Carolina Chickadee",3
2005,"Carolina Wren",10
2005,"Chimney Swift",6
2005,"Chipping Sparrow",9
2005,"Common Grackle",3
2005,"Downy Woodpecker",1
2005,"Eastern Bluebird",7
2005,"Eastern Kingbird",2
2005,"Eastern Meadowlark",1
2005,"Eastern Phoebe",1
2005,"Eastern Towhee",3
2005,"Eastern Whip-poor-will",2
2005,"Eastern Wood-Pewee",3
2005,"Grasshopper Sparrow",1
2005,"Great Blue Heron",1
2005,"Indigo Bunting",9
2005,"Mourning Dove",9
2005,"Northern Bobwhite",3
2005,"Northern Cardinal",25
2005,"Northern Mockingbird",4
2005,"Ovenbird",11
2005,"Pine Warbler",2
2005,"Purple Martin",3
2005,"Red-bellied Woodpecker",4
2005,"Red-eyed Vireo",8
2005,"Red-shouldered Hawk",2
2005,"Summer Tanager",1
2005,"Tufted Titmouse",2
2005,"White-breasted Nuthatch",1
2005,"White-eyed Vireo",2
2005,"Wood Thrush",10
2005,"Yellow-billed Cuckoo",2
2005,"Yellow-breasted Chat",6
2005,"Yellow-throated Vireo",1
2005,"Acadian Flycatcher",5
2005,"American Crow",15
2005,"American Goldfinch",10
2005,"American Robin",5
2005,"Blue Grosbeak",3
2005,"Blue Jay",7
2005,"Blue-gray Gnatcatcher",22
2005,"Brown Thrasher",5
2005,"Brown-headed Cowbird",3
2005,"Brown-headed Nuthatch",4
2005,"Carolina Chickadee",14
2005,"Carolina Wren",29
2005,"Chimney Swift",4
2005,"Chipping Sparrow",5
2005,"Common Grackle",1
2005,"Common Yellowthroat",2
2005,"Downy Woodpecker",1
2005,"Eastern Bluebird",9
2005,"Eastern Phoebe",3
2005,"Eastern Towhee",9
2005,"Eastern Wood-Pewee",2
2005,"Field Sparrow",2
2005,"Gray Catbird",1
2005,"Great Crested Flycatcher",7
2005,"House Finch",8
2005,"Indigo Bunting",7
2005,"Mourning Dove",9
2005,"Northern Cardinal",19
2005,"Northern Mockingbird",9
2005,"Northern Parula",5
2005,"Ovenbird",5
2005,"Pileated Woodpecker",2
2005,"Pine Warbler",17
2005,"Prairie Warbler",2
2005,"Red-bellied Woodpecker",12
2005,"Red-eyed Vireo",9
2005,"Red-shouldered Hawk",2
2005,"Red-winged Blackbird",5
2005,"Ruby-throated Hummingbird",1
2005,"Scarlet Tanager",5
2005,"Song Sparrow",1
2005,"Summer Tanager",7
2005,"Tufted Titmouse",9
2005,"White-breasted Nuthatch",1
2005,"Wood Thrush",12
2005,"Yellow-billed Cuckoo",8
2005,"Yellow-breasted Chat",5
2005,"Yellow-throated Vireo",1
2005,"Yellow-throated Warbler",1
2005,"Acadian Flycatcher",1
2005,"American Crow",13
2005,"American Goldfinch",5
2005,"Blue Jay",4
2005,"Blue-gray Gnatcatcher",4
2005,"Brown Thrasher",1
2005,"Carolina Chickadee",5
2005,"Carolina Wren",7
2005,"Chimney Swift",3
2005,"Chipping Sparrow",10
2005,"Common Grackle",1
2005,"Common Yellowthroat",4
2005,"Eastern Bluebird",4
2005,"Eastern Kingbird",1
2005,"Eastern Meadowlark",2
2005,"Eastern Towhee",4
2005,"Eastern Whip-poor-will",1
2005,"Eastern Wood-Pewee",1
2005,"European Starling",2
2005,"Field Sparrow",2
2005,"House Sparrow",2
2005,"Indigo Bunting",3
2005,"Mourning Dove",11
2005,"Northern Cardinal",8
2005,"Northern Mockingbird",7
2005,"Ovenbird",2
2005,"Pileated Woodpecker",2
2005,"Pine Warbler",4
2005,"Prairie Warbler",2
2005,"Red-bellied Woodpecker",6
2005,"Red-eyed Vireo",8
2005,"Red-shouldered Hawk",1
2005,"Summer Tanager",3
2005,"Tufted Titmouse",3
2005,"Wood Thrush",10
2005,"Yellow-breasted Chat",6
2005,"Yellow-throated Warbler",6
2005,"Acadian Flycatcher",1
2005,"American Crow",17
2005,"American Goldfinch",3
2005,"American Robin",3
2005,"Blue Jay",6
2005,"Blue-gray Gnatcatcher",6
2005,"Brown Thrasher",1
2005,"Brown-headed Cowbird",3
2005,"Brown-headed Nuthatch",1
2005,"Carolina Chickadee",1
2005,"Carolina Wren",17
2005,"Chimney Swift",2
2005,"Chipping Sparrow",4
2005,"Common Grackle",1
2005,"Common Yellowthroat",7
2005,"Eastern Kingbird",1
2005,"Eastern Meadowlark",2
2005,"Eastern Phoebe",3
2005,"Eastern Towhee",3
2005,"Eastern Wood-Pewee",5
2005,"Gray Catbird",2
2005,"Great Crested Flycatcher",1
2005,"Hooded Warbler",1
2005,"Indigo Bunting",18
2005,"Killdeer",1
2005,"Mourning Dove",8
2005,"Northern Cardinal",16
2005,"Northern Parula",2
2005,"Ovenbird",8
2005,"Pine Warbler",7
2005,"Prairie Warbler",4
2005,"Red-bellied Woodpecker",3
2005,"Red-eyed Vireo",20
2005,"Red-shouldered Hawk",1
2005,"Summer Tanager",4
2005,"Tufted Titmouse",16
2005,"White-breasted Nuthatch",2
2005,"Wood Thrush",5
2005,"Yellow-billed Cuckoo",6
2005,"Yellow-breasted Chat",7
2005,"Acadian Flycatcher",1
2005,"American Crow",19
2005,"American Goldfinch",6
2005,"American Robin",8
2005,"Barn Swallow",8
2005,"Blue Grosbeak",5
2005,"Blue Jay",4
2005,"Blue-gray Gnatcatcher",4
2005,"Brown-headed Cowbird",5
2005,"Carolina Chickadee",5
2005,"Carolina Wren",21
2005,"Chimney Swift",4
2005,"Chipping Sparrow",7
2005,"Common Grackle",17
2005,"Common Yellowthroat",4
2005,"Downy Woodpecker",1
2005,"Eastern Bluebird",22
2005,"Eastern Meadowlark",7
2005,"Eastern Towhee",8
2005,"Eastern Wood-Pewee",10
2005,"European Starling",10
2005,"Field Sparrow",1
2005,"Great Blue Heron",1
2005,"House Finch",3
2005,"House Sparrow",3
2005,"Indigo Bunting",6
2005,"Mourning Dove",15
2005,"Northern Bobwhite",4
2005,"Northern Cardinal",21
2005,"Northern Mockingbird",14
2005,"Northern Parula",1
2005,"Orchard Oriole",3
2005,"Ovenbird",3
2005,"Prairie Warbler",2
2005,"Red-bellied Woodpecker",10
2005,"Red-eyed Vireo",6
2005,"Red-winged Blackbird",4
2005,"Ruby-throated Hummingbird",1
2005,"Summer Tanager",2
2005,"Tufted Titmouse",4
2005,"Wood Thrush",4
2005,"Yellow-billed Cuckoo",8
2005,"Yellow-breasted Chat",3
2005,"Yellow-throated Vireo",3
2005,"American Crow",15
2005,"American Goldfinch",4
2005,"American Robin",4
2005,"Blue Jay",6
2005,"Brown Thrasher",2
2005,"Chimney Swift",11
2005,"Eastern Bluebird",16
2005,"Eastern Phoebe",1
2005,"Eastern Whip-poor-will",1
2005,"European Starling",20
2005,"House Finch",3
2005,"House Sparrow",3
2005,"Indigo Bunting",2
2005,"Mourning Dove",9
2005,"Northern Cardinal",20
2005,"Northern Mockingbird",9
2005,"Tufted Titmouse",3
2005,"Wood Thrush",4
2005,"American Crow",11
2005,"American Goldfinch",2
2005,"American Robin",1
2005,"Blue Grosbeak",3
2005,"Blue Jay",2
2005,"Blue-gray Gnatcatcher",6
2005,"Brown Thrasher",2
2005,"Brown-headed Cowbird",10
2005,"Brown-headed Nuthatch",2
2005,"Canada Goose",1
2005,"Carolina Chickadee",7
2005,"Carolina Wren",13
2005,"Chimney Swift",4
2005,"Chipping Sparrow",9
2005,"Common Grackle",65
2005,"Common Yellowthroat",1
2005,"Eastern Bluebird",3
2005,"Eastern Phoebe",1
2005,"Eastern Towhee",10
2005,"Eastern Wood-Pewee",1
2005,"European Starling",2
2005,"Great Blue Heron",1
2005,"Great Crested Flycatcher",2
2005,"Hooded Warbler",1
2005,"House Finch",2
2005,"Indigo Bunting",8
2005,"Mourning Dove",14
2005,"Northern Cardinal",11
2005,"Northern Mockingbird",2
2005,"Orchard Oriole",1
2005,"Ovenbird",2
2005,"Pileated Woodpecker",1
2005,"Pine Warbler",9
2005,"Purple Martin",2
2005,"Red-bellied Woodpecker",4
2005,"Red-eyed Vireo",1
2005,"Red-shouldered Hawk",2
2005,"Summer Tanager",4
2005,"Tufted Titmouse",9
2005,"Wood Thrush",1
2005,"Yellow-billed Cuckoo",2
2005,"Acadian Flycatcher",1
2005,"American Crow",38
2005,"Barn Swallow",3
2005,"Blue Grosbeak",2
2005,"Blue Jay",3
2005,"Blue-gray Gnatcatcher",3
2005,"Brown-headed Cowbird",12
2005,"Canada Goose",9
2005,"Carolina Chickadee",3
2005,"Carolina Wren",12
2005,"Chimney Swift",4
2005,"Chipping Sparrow",10
2005,"Common Grackle",3
2005,"Common Yellowthroat",1
2005,"Downy Woodpecker",3
2005,"Eastern Bluebird",7
2005,"Eastern Meadowlark",4
2005,"Eastern Phoebe",2
2005,"Eastern Towhee",2
2005,"Eastern Wood-Pewee",1
2005,"Field Sparrow",2
2005,"Grasshopper Sparrow",2
2005,"Hooded Warbler",1
2005,"House Finch",1
2005,"Indigo Bunting",14
2005,"Mourning Dove",14
2005,"Northern Bobwhite",1
2005,"Northern Cardinal",29
2005,"Northern Mockingbird",8
2005,"Ovenbird",1
2005,"Prairie Warbler",4
2005,"Red-bellied Woodpecker",1
2005,"Red-eyed Vireo",8
2005,"Red-winged Blackbird",4
2005,"Summer Tanager",2
2005,"Tufted Titmouse",6
2005,"Turkey Vulture",2
2005,"White-breasted Nuthatch",1
2005,"Wood Thrush",5
2005,"Yellow-billed Cuckoo",7
2005,"Yellow-breasted Chat",6
2005,"American Crow",34
2005,"American Goldfinch",7
2005,"American Robin",6
2005,"Blue Jay",5
2005,"Blue-gray Gnatcatcher",12
2005,"Brown Thrasher",2
2005,"Canada Goose",12
2005,"Carolina Chickadee",8
2005,"Carolina Wren",19
2005,"Chimney Swift",4
2005,"Chipping Sparrow",12
2005,"Eastern Bluebird",9
2005,"Eastern Meadowlark",4
2005,"Eastern Towhee",3
2005,"Eastern Wood-Pewee",3
2005,"Great Blue Heron",1
2005,"Indigo Bunting",6
2005,"Mourning Dove",16
2005,"Northern Bobwhite",2
2005,"Northern Cardinal",10
2005,"Northern Mockingbird",5
2005,"Northern Parula",1
2005,"Ovenbird",2
2005,"Pileated Woodpecker",1
2005,"Pine Warbler",7
2005,"Red-bellied Woodpecker",11
2005,"Red-eyed Vireo",4
2005,"Ruby-throated Hummingbird",1
2005,"Summer Tanager",1
2005,"Tufted Titmouse",3
2005,"White-eyed Vireo",1
2005,"Wood Thrush",15
2005,"Yellow-billed Cuckoo",1
2005,"Yellow-throated Warbler",2
2005,"Acadian Flycatcher",2
2005,"American Crow",21
2005,"American Goldfinch",6
2005,"American Robin",24
2005,"Barn Swallow",4
2005,"Blue Jay",3
2005,"Blue-gray Gnatcatcher",8
2005,"Brown Thrasher",1
2005,"Brown-headed Cowbird",2
2005,"Brown-headed Nuthatch",2
2005,"Carolina Chickadee",3
2005,"Carolina Wren",7
2005,"Chimney Swift",11
2005,"Chipping Sparrow",8
2005,"Common Grackle",5
2005,"Downy Woodpecker",2
2005,"Eastern Bluebird",1
2005,"Eastern Towhee",14
2005,"European Starling",4
2005,"Fish Crow",1
2005,"Gray Catbird",6
2005,"Great Crested Flycatcher",1
2005,"House Finch",9
2005,"Mourning Dove",14
2005,"Northern Cardinal",32
2005,"Northern Mockingbird",8
2005,"Pine Warbler",4
2005,"Red-bellied Woodpecker",1
2005,"Red-eyed Vireo",6
2005,"Ruby-throated Hummingbird",2
2005,"Song Sparrow",6
2005,"Tufted Titmouse",4
2005,"Wood Thrush",1
2005,"Yellow-throated Vireo",1
2005,"Acadian Flycatcher",2
2005,"American Crow",2
2005,"American Goldfinch",3
2005,"American Robin",7
2005,"Barn Swallow",4
2005,"Blue Grosbeak",2
2005,"Blue Jay",1
2005,"Blue-gray Gnatcatcher",7
2005,"Brown Thrasher",1
2005,"Brown-headed Cowbird",16
2005,"Canada Goose",16
2005,"Carolina Chickadee",8
2005,"Carolina Wren",17
2005,"Chimney Swift",6
2005,"Chipping Sparrow",5
2005,"Common Grackle",5
2005,"Common Yellowthroat",2
2005,"Downy Woodpecker",2
2005,"Eastern Bluebird",1
2005,"Eastern Meadowlark",2
2005,"Eastern Phoebe",2
2005,"Eastern Towhee",5
2005,"Eastern Wood-Pewee",4
2005,"European Starling",2
2005,"Great Blue Heron",9
2005,"Great Crested Flycatcher",1
2005,"House Finch",1
2005,"Indigo Bunting",10
2005,"Killdeer",1
2005,"Mourning Dove",12
2005,"Northern Cardinal",30
2005,"Northern Mockingbird",5
2005,"Northern Parula",1
2005,"Ovenbird",1
2005,"Pine Warbler",5
2005,"Red-bellied Woodpecker",3
2005,"Red-eyed Vireo",8
2005,"Summer Tanager",2
2005,"Tufted Titmouse",4
2005,"White-eyed Vireo",2
2005,"Wood Thrush",11
2005,"Yellow-billed Cuckoo",2
2005,"Yellow-breasted Chat",2
2005,"American Crow",9
2005,"American Goldfinch",13
2005,"American Robin",10
2005,"Barn Swallow",1
2005,"Blue Jay",7
2005,"Blue-gray Gnatcatcher",4
2005,"Brown-headed Cowbird",4
2005,"Brown-headed Nuthatch",13
2005,"Carolina Chickadee",6
2005,"Carolina Wren",19
2005,"Chimney Swift",13
2005,"Chipping Sparrow",7
2005,"Common Grackle",11
2005,"Downy Woodpecker",3
2005,"Eastern Bluebird",7
2005,"Eastern Phoebe",1
2005,"Eastern Towhee",15
2005,"European Starling",2
2005,"Fish Crow",2
2005,"Gray Catbird",2
2005,"Great Blue Heron",1
2005,"Great Crested Flycatcher",2
2005,"House Finch",3
2005,"House Sparrow",2
2005,"Indigo Bunting",3
2005,"Mourning Dove",8
2005,"Northern Cardinal",59
2005,"Northern Mockingbird",8
2005,"Pine Warbler",3
2005,"Red-bellied Woodpecker",6
2005,"Red-eyed Vireo",2
2005,"Ruby-throated Hummingbird",2
2005,"Scarlet Tanager",1
2005,"Song Sparrow",1
2005,"Summer Tanager",3
2005,"Tufted Titmouse",12
2005,"White-breasted Nuthatch",6
2005,"Wood Thrush",5
2005,"Yellow-breasted Chat",1
2005,"American Crow",6
2005,"American Goldfinch",8
2005,"American Robin",14
2005,"Blue Jay",8
2005,"Blue-gray Gnatcatcher",2
2005,"Brown Thrasher",1
2005,"Brown-headed Cowbird",1
2005,"Brown-headed Nuthatch",2
2005,"Carolina Chickadee",1
2005,"Carolina Wren",25
2005,"Chimney Swift",1
2005,"Chipping Sparrow",4
2005,"Common Grackle",6
2005,"Common Yellowthroat",1
2005,"Eastern Bluebird",1
2005,"Eastern Towhee",13
2005,"Eastern Wood-Pewee",1
2005,"European Starling",5
2005,"Gray Catbird",4
2005,"Great Crested Flycatcher",1
2005,"House Finch",5
2005,"Indigo Bunting",3
2005,"Mourning Dove",2
2005,"Northern Cardinal",17
2005,"Northern Mockingbird",15
2005,"Pine Warbler",10
2005,"Red-bellied Woodpecker",3
2005,"Red-eyed Vireo",2
2005,"Song Sparrow",4
2005,"Tufted Titmouse",3
2005,"Wood Thrush",1
2005,"Yellow-breasted Chat",1
2005,"Acadian Flycatcher",1
2005,"American Crow",10
2005,"American Goldfinch",7
2005,"American Robin",3
2005,"Blue Grosbeak",4
2005,"Blue Jay",3
2005,"Blue-gray Gnatcatcher",7
2005,"Brown-headed Cowbird",8
2005,"Canada Goose",2
2005,"Carolina Chickadee",7
2005,"Carolina Wren",8
2005,"Chimney Swift",7
2005,"Chipping Sparrow",9
2005,"Common Grackle",4
2005,"Common Yellowthroat",4
2005,"Eastern Bluebird",4
2005,"Eastern Phoebe",1
2005,"Eastern Towhee",10
2005,"European Starling",5
2005,"Field Sparrow",5
2005,"Gray Catbird",2
2005,"Great Blue Heron",1
2005,"Great Crested Flycatcher",2
2005,"Hooded Warbler",1
2005,"House Finch",1
2005,"House Sparrow",2
2005,"Indigo Bunting",10
2005,"Mourning Dove",11
2005,"Northern Bobwhite",3
2005,"Northern Cardinal",14
2005,"Northern Mockingbird",4
2005,"Northern Parula",2
2005,"Ovenbird",1
2005,"Pine Warbler",3
2005,"Prairie Warbler",2
2005,"Red-bellied Woodpecker",4
2005,"Red-eyed Vireo",3
2005,"Summer Tanager",2
2005,"Tufted Titmouse",5
2005,"White-breasted Nuthatch",1
2005,"Wood Thrush",2
2005,"Yellow-breasted Chat",3
2005,"American Crow",27
2005,"American Goldfinch",5
2005,"American Robin",8
2005,"Barn Swallow",1
2005,"Blue Grosbeak",1
2005,"Blue Jay",2
2005,"Blue-gray Gnatcatcher",9
2005,"Brown Thrasher",4
2005,"Brown-headed Nuthatch",1
2005,"Carolina Chickadee",5
2005,"Carolina Wren",5
2005,"Chimney Swift",5
2005,"Chipping Sparrow",9
2005,"Common Grackle",10
2005,"Common Yellowthroat",1
2005,"Downy Woodpecker",1
2005,"Eastern Bluebird",4
2005,"Eastern Phoebe",1
2005,"Eastern Towhee",4
2005,"European Starling",13
2005,"Fish Crow",1
2005,"Gray Catbird",1
2005,"Great Blue Heron",1
2005,"Great Crested Flycatcher",1
2005,"House Finch",1
2005,"House Sparrow",3
2005,"Indigo Bunting",10
2005,"Killdeer",2
2005,"Mourning Dove",13
2005,"Northern Bobwhite",1
2005,"Northern Cardinal",34
2005,"Northern Mockingbird",11
2005,"Pine Warbler",1
2005,"Red-bellied Woodpecker",2
2005,"Red-eyed Vireo",5
2005,"Ruby-throated Hummingbird",1
2005,"Tufted Titmouse",1
2005,"White-breasted Nuthatch",1
2005,"Wood Thrush",4
2005,"Yellow-billed Cuckoo",1
2005,"Yellow-breasted Chat",2
2005,"Acadian Flycatcher",1
2005,"American Crow",31
2005,"American Goldfinch",3
2005,"American Robin",5
2005,"Barn Swallow",8
2005,"Blue Grosbeak",6
2005,"Blue Jay",5
2005,"Blue-gray Gnatcatcher",7
2005,"Brown Thrasher",1
2005,"Brown-headed Cowbird",4
2005,"Canada Goose",11
2005,"Carolina Chickadee",3
2005,"Carolina Wren",23
2005,"Chimney Swift",7
2005,"Chipping Sparrow",20
2005,"Common Grackle",13
2005,"Common Yellowthroat",5
2005,"Eastern Bluebird",18
2005,"Eastern Kingbird",3
2005,"Eastern Meadowlark",10
2005,"Eastern Phoebe",3
2005,"Eastern Towhee",8
2005,"Eastern Wood-Pewee",6
2005,"European Starling",13
2005,"Field Sparrow",6
2005,"Grasshopper Sparrow",7
2005,"Great Crested Flycatcher",5
2005,"House Finch",4
2005,"House Sparrow",5
2005,"Indigo Bunting",19
2005,"Mourning Dove",30
2005,"Northern Bobwhite",2
2005,"Northern Cardinal",19
2005,"Northern Mockingbird",10
2005,"Orchard Oriole",4
2005,"Ovenbird",7
2005,"Red-bellied Woodpecker",11
2005,"Red-eyed Vireo",16
2005,"Red-shouldered Hawk",1
2005,"Red-winged Blackbird",5
2005,"Scarlet Tanager",2
2005,"Song Sparrow",1
2005,"Summer Tanager",1
2005,"Tufted Titmouse",11
2005,"White-breasted Nuthatch",6
2005,"Wood Thrush",10
2005,"Yellow-billed Cuckoo",2
2005,"Yellow-breasted Chat",5
2005,"Yellow-throated Vireo",1
2005,"American Crow",16
2005,"American Goldfinch",4
2005,"American Robin",5
2005,"Blue Jay",1
2005,"Brown Thrasher",4
2005,"Brown-headed Cowbird",3
2005,"Canada Goose",13
2005,"Carolina Chickadee",2
2005,"Carolina Wren",12
2005,"Chimney Swift",3
2005,"Chipping Sparrow",2
2005,"Common Grackle",4
2005,"Common Yellowthroat",2
2005,"Eastern Bluebird",3
2005,"Eastern Meadowlark",2
2005,"Eastern Phoebe",1
2005,"Eastern Towhee",5
2005,"Eastern Wood-Pewee",1
2005,"European Starling",4
2005,"Great Blue Heron",1
2005,"House Finch",2
2005,"Indigo Bunting",9
2005,"Mourning Dove",18
2005,"Northern Bobwhite",3
2005,"Northern Cardinal",27
2005,"Northern Mockingbird",3
2005,"Pine Warbler",2
2005,"Red-bellied Woodpecker",5
2005,"Red-eyed Vireo",9
2005,"Summer Tanager",1
2005,"Tufted Titmouse",16
2005,"Wood Thrush",4
2005,"Yellow-billed Cuckoo",1
2005,"Yellow-breasted Chat",1
2005,"American Crow",26
2005,"American Goldfinch",4
2005,"American Robin",3
2005,"Barn Swallow",1
2005,"Blue Grosbeak",3
2005,"Blue Jay",2
2005,"Blue-gray Gnatcatcher",2
2005,"Brown Thrasher",2
2005,"Brown-headed Cowbird",3
2005,"Carolina Chickadee",2
2005,"Carolina Wren",12
2005,"Chimney Swift",14
2005,"Chipping Sparrow",9
2005,"Common Grackle",20
2005,"Common Yellowthroat",1
2005,"Eastern Bluebird",13
2005,"Eastern Kingbird",1
2005,"Eastern Meadowlark",2
2005,"Eastern Phoebe",1
2005,"Eastern Towhee",7
2005,"Eastern Wood-Pewee",5
2005,"European Starling",6
2005,"Field Sparrow",1
2005,"Fish Crow",4
2005,"Grasshopper Sparrow",2
2005,"Great Crested Flycatcher",1
2005,"House Finch",2
2005,"House Sparrow",12
2005,"Indigo Bunting",9
2005,"Mourning Dove",9
2005,"Northern Cardinal",20
2005,"Northern Mockingbird",9
2005,"Ovenbird",1
2005,"Prairie Warbler",1
2005,"Red-bellied Woodpecker",6
2005,"Red-eyed Vireo",6
2005,"Red-shouldered Hawk",1
2005,"Scarlet Tanager",1
2005,"Summer Tanager",1
2005,"Tufted Titmouse",1
2005,"Wood Thrush",3
2005,"Yellow-billed Cuckoo",1
2005,"Yellow-breasted Chat",1
2005,"Yellow-throated Vireo",1
2005,"Acadian Flycatcher",4
2005,"American Crow",35
2005,"American Goldfinch",3
2005,"American Robin",1
2005,"Blue Grosbeak",2
2005,"Blue Jay",1
2005,"Blue-gray Gnatcatcher",2
2005,"Brown-headed Cowbird",2
2005,"Brown-headed Nuthatch",3
2005,"Canada Goose",44
2005,"Carolina Chickadee",6
2005,"Carolina Wren",16
2005,"Chimney Swift",8
2005,"Chipping Sparrow",2
2005,"Common Grackle",5
2005,"Common Yellowthroat",2
2005,"Downy Woodpecker",4
2005,"Eastern Bluebird",5
2005,"Eastern Phoebe",1
2005,"Eastern Towhee",5
2005,"European Starling",2
2005,"Gray Catbird",1
2005,"Great Crested Flycatcher",2
2005,"House Finch",4
2005,"Indigo Bunting",6
2005,"Mourning Dove",4
2005,"Northern Cardinal",26
2005,"Northern Mockingbird",5
2005,"Northern Parula",1
2005,"Pine Warbler",2
2005,"Prairie Warbler",1
2005,"Red-bellied Woodpecker",6
2005,"Red-eyed Vireo",4
2005,"Red-winged Blackbird",1
2005,"Scarlet Tanager",1
2005,"Song Sparrow",1
2005,"Summer Tanager",3
2005,"Tufted Titmouse",7
2005,"White-breasted Nuthatch",3
2005,"White-eyed Vireo",1
2005,"Wood Thrush",1
2005,"Yellow-billed Cuckoo",1
2005,"Yellow-breasted Chat",2
2005,"Yellow-throated Vireo",1
2005,"American Crow",23
2005,"American Goldfinch",11
2005,"American Robin",2
2005,"Barn Swallow",9
2005,"Blue Grosbeak",5
2005,"Blue Jay",5
2005,"Blue-gray Gnatcatcher",6
2005,"Brown Thrasher",2
2005,"Brown-headed Cowbird",4
2005,"Canada Goose",3
2005,"Carolina Chickadee",8
2005,"Carolina Wren",13
2005,"Chimney Swift",2
2005,"Chipping Sparrow",23
2005,"Common Grackle",16
2005,"Common Yellowthroat",3
2005,"Downy Woodpecker",1
2005,"Eastern Bluebird",6
2005,"Eastern Kingbird",3
2005,"Eastern Meadowlark",2
2005,"Eastern Towhee",7
2005,"Eastern Wood-Pewee",5
2005,"European Starling",35
2005,"Field Sparrow",3
2005,"Grasshopper Sparrow",3
2005,"Gray Catbird",1
2005,"Great Crested Flycatcher",2
2005,"House Finch",1
2005,"Indigo Bunting",18
2005,"Killdeer",6
2005,"Mourning Dove",25
2005,"Northern Cardinal",31
2005,"Northern Mockingbird",14
2005,"Orchard Oriole",6
2005,"Ovenbird",3
2005,"Pine Warbler",6
2005,"Red-bellied Woodpecker",8
2005,"Red-eyed Vireo",9
2005,"Red-winged Blackbird",9
2005,"Ruby-throated Hummingbird",2
2005,"Summer Tanager",2
2005,"Tufted Titmouse",7
2005,"White-breasted Nuthatch",2
2005,"Wood Thrush",3
2005,"Yellow-billed Cuckoo",2
2005,"Yellow-breasted Chat",1
2005,"American Crow",14
2005,"American Goldfinch",8
2005,"American Robin",8
2005,"Blue Jay",6
2005,"Blue-gray Gnatcatcher",1
2005,"Brown Thrasher",1
2005,"Brown-headed Cowbird",1
2005,"Canada Goose",9
2005,"Carolina Chickadee",2
2005,"Carolina Wren",6
2005,"Chimney Swift",2
2005,"Chipping Sparrow",13
2005,"Common Grackle",10
2005,"Downy Woodpecker",1
2005,"Eastern Bluebird",10
2005,"Eastern Towhee",16
2005,"Gray Catbird",3
2005,"House Finch",11
2005,"Indigo Bunting",3
2005,"Mourning Dove",14
2005,"Northern Cardinal",29
2005,"Northern Mockingbird",5
2005,"Red-bellied Woodpecker",4
2005,"Red-eyed Vireo",3
2005,"Scarlet Tanager",2
2005,"Tufted Titmouse",7
2005,"White-breasted Nuthatch",1
2005,"Wood Thrush",6
2005,"Yellow-breasted Chat",1
2005,"Acadian Flycatcher",1
2005,"American Crow",13
2005,"American Goldfinch",4
2005,"American Robin",12
2005,"Blue Grosbeak",3
2005,"Blue Jay",1
2005,"Blue-gray Gnatcatcher",1
2005,"Brown Thrasher",4
2005,"Brown-headed Nuthatch",1
2005,"Canada Goose",2
2005,"Carolina Chickadee",4
2005,"Carolina Wren",18
2005,"Chimney Swift",6
2005,"Chipping Sparrow",13
2005,"Common Grackle",20
2005,"Common Yellowthroat",4
2005,"Eastern Bluebird",8
2005,"Eastern Kingbird",1
2005,"Eastern Meadowlark",11
2005,"Eastern Phoebe",1
2005,"Eastern Towhee",4
2005,"Eastern Wood-Pewee",6
2005,"European Starling",6
2005,"Field Sparrow",3
2005,"Gray Catbird",1
2005,"Great Crested Flycatcher",1
2005,"House Finch",1
2005,"Indigo Bunting",14
2005,"Mourning Dove",11
2005,"Northern Bobwhite",2
2005,"Northern Cardinal",18
2005,"Northern Mockingbird",11
2005,"Orchard Oriole",4
2005,"Ovenbird",4
2005,"Pine Warbler",2
2005,"Prairie Warbler",1
2005,"Red-bellied Woodpecker",3
2005,"Red-eyed Vireo",11
2005,"Red-winged Blackbird",16
2005,"Summer Tanager",1
2005,"Tufted Titmouse",9
2005,"Wood Thrush",4
2005,"Yellow-breasted Chat",2
2005,"American Crow",15
2005,"American Goldfinch",3
2005,"American Robin",4
2005,"Blue Grosbeak",3
2005,"Blue Jay",1
2005,"Brown-headed Cowbird",1
2005,"Canada Goose",22
2005,"Carolina Wren",7
2005,"Chipping Sparrow",7
2005,"Common Grackle",4
2005,"Downy Woodpecker",1
2005,"Eastern Bluebird",10
2005,"Eastern Phoebe",1
2005,"Eastern Towhee",3
2005,"Eastern Wood-Pewee",2
2005,"European Starling",2
2005,"Field Sparrow",4
2005,"Great Crested Flycatcher",1
2005,"Indigo Bunting",10
2005,"Mourning Dove",11
2005,"Northern Cardinal",16
2005,"Northern Mockingbird",4
2005,"Ovenbird",1
2005,"Pine Warbler",2
2005,"Purple Martin",1
2005,"Red-bellied Woodpecker",2
2005,"Red-eyed Vireo",5
2005,"Red-winged Blackbird",2
2005,"Summer Tanager",2
2005,"Tufted Titmouse",16
2005,"Turkey Vulture",2
2005,"Wood Thrush",4
2005,"Acadian Flycatcher",1
2005,"American Crow",22
2005,"American Goldfinch",13
2005,"American Robin",5
2005,"Barn Swallow",2
2005,"Blue Grosbeak",1
2005,"Blue Jay",7
2005,"Blue-gray Gnatcatcher",8
2005,"Brown Thrasher",1
2005,"Brown-headed Cowbird",8
2005,"Brown-headed Nuthatch",2
2005,"Carolina Chickadee",6
2005,"Carolina Wren",4
2005,"Chipping Sparrow",19
2005,"Downy Woodpecker",1
2005,"Eastern Bluebird",7
2005,"Eastern Meadowlark",2
2005,"Eastern Towhee",6
2005,"Eastern Wood-Pewee",2
2005,"European Starling",6
2005,"Great Crested Flycatcher",1
2005,"Hooded Warbler",1
2005,"House Finch",3
2005,"Indigo Bunting",11
2005,"Mourning Dove",9
2005,"Northern Cardinal",32
2005,"Northern Mockingbird",3
2005,"Ovenbird",6
2005,"Pine Warbler",7
2005,"Red-bellied Woodpecker",1
2005,"Red-eyed Vireo",5
2005,"Red-winged Blackbird",5
2005,"Ruby-throated Hummingbird",4
2005,"Scarlet Tanager",1
2005,"Summer Tanager",1
2005,"Tufted Titmouse",10
2005,"Turkey Vulture",2
2005,"White-breasted Nuthatch",2
2005,"Wood Thrush",8
2005,"Yellow-billed Cuckoo",2
2005,"Yellow-breasted Chat",3
2005,"Yellow-throated Vireo",3
2005,"American Crow",24
2005,"American Goldfinch",5
2005,"American Robin",4
2005,"Barn Swallow",7
2005,"Blue Grosbeak",3
2005,"Blue Jay",7
2005,"Blue-gray Gnatcatcher",18
2005,"Brown Thrasher",2
2005,"Brown-headed Cowbird",3
2005,"Canada Goose",5
2005,"Carolina Chickadee",7
2005,"Carolina Wren",22
2005,"Chimney Swift",5
2005,"Chipping Sparrow",16
2005,"Common Grackle",19
2005,"Common Yellowthroat",4
2005,"Eastern Bluebird",15
2005,"Eastern Kingbird",1
2005,"Eastern Meadowlark",2
2005,"Eastern Phoebe",2
2005,"Eastern Towhee",9
2005,"Eastern Whip-poor-will",2
2005,"Eastern Wood-Pewee",7
2005,"European Starling",8
2005,"Gray Catbird",1
2005,"Great Crested Flycatcher",4
2005,"House Finch",9
2005,"Indigo Bunting",12
2005,"Mourning Dove",17
2005,"Northern Cardinal",26
2005,"Northern Mockingbird",6
2005,"Northern Parula",2
2005,"Ovenbird",1
2005,"Pine Warbler",6
2005,"Red-bellied Woodpecker",15
2005,"Red-eyed Vireo",8
2005,"Red-winged Blackbird",2
2005,"Ruby-throated Hummingbird",3
2005,"Scarlet Tanager",1
2005,"Summer Tanager",9
2005,"Tufted Titmouse",14
2005,"White-breasted Nuthatch",2
2005,"White-eyed Vireo",1
2005,"Wood Thrush",12
2005,"Yellow-billed Cuckoo",3
2005,"Yellow-breasted Chat",3
2005,"Yellow-throated Vireo",1
2005,"Yellow-throated Warbler",1
2005,"American Crow",27
2005,"American Goldfinch",6
2005,"American Robin",2
2005,"Barn Swallow",2
2005,"Blue Grosbeak",2
2005,"Blue Jay",6
2005,"Blue-gray Gnatcatcher",3
2005,"Brown Thrasher",2
2005,"Brown-headed Nuthatch",1
2005,"Carolina Chickadee",15
2005,"Carolina Wren",10
2005,"Chimney Swift",10
2005,"Eastern Bluebird",7
2005,"Eastern Meadowlark",2
2005,"Eastern Phoebe",1
2005,"Eastern Towhee",12
2005,"Eastern Wood-Pewee",2
2005,"European Starling",6
2005,"Hooded Warbler",1
2005,"Indigo Bunting",5
2005,"Mourning Dove",13
2005,"Northern Cardinal",28
2005,"Northern Mockingbird",5
2005,"Pine Warbler",8
2005,"Red-bellied Woodpecker",2
2005,"Red-eyed Vireo",4
2005,"Red-winged Blackbird",1
2005,"Scarlet Tanager",1
2005,"Tufted Titmouse",8
2005,"Wood Thrush",6
2005,"Yellow-throated Warbler",1
2005,"American Crow",16
2005,"American Goldfinch",1
2005,"American Robin",12
2005,"Barn Swallow",6
2005,"Blue Grosbeak",4
2005,"Blue Jay",5
2005,"Brown Thrasher",2
2005,"Carolina Chickadee",6
2005,"Carolina Wren",31
2005,"Chimney Swift",9
2005,"Chipping Sparrow",3
2005,"Common Grackle",14
2005,"Common Yellowthroat",1
2005,"Eastern Bluebird",8
2005,"Eastern Phoebe",2
2005,"Eastern Towhee",16
2005,"European Starling",2
2005,"Gray Catbird",2
2005,"Great Crested Flycatcher",1
2005,"House Finch",7
2005,"Indigo Bunting",1
2005,"Mourning Dove",8
2005,"Northern Cardinal",54
2005,"Northern Mockingbird",6
2005,"Orchard Oriole",1
2005,"Pine Warbler",2
2005,"Red-bellied Woodpecker",11
2005,"Ruby-throated Hummingbird",1
2005,"Summer Tanager",3
2005,"Tufted Titmouse",16
2005,"Wood Thrush",1
2006,"American Crow",47
2006,"American Goldfinch",9
2006,"Blue Jay",3
2006,"Blue-gray Gnatcatcher",9
2006,"Brown Thrasher",3
2006,"Brown-headed Cowbird",5
2006,"Brown-headed Nuthatch",1
2006,"Carolina Chickadee",7
2006,"Carolina Wren",28
2006,"Chipping Sparrow",2
2006,"Common Grackle",4
2006,"Downy Woodpecker",1
2006,"Eastern Bluebird",6
2006,"Eastern Phoebe",2
2006,"Eastern Towhee",4
2006,"Eastern Wood-Pewee",1
2006,"European Starling",10
2006,"Fish Crow",9
2006,"Gray Catbird",2
2006,"Great Crested Flycatcher",1
2006,"Hooded Warbler",3
2006,"Indigo Bunting",9
2006,"Mourning Dove",7
2006,"Northern Cardinal",24
2006,"Northern Mockingbird",7
2006,"Northern Parula",1
2006,"Ovenbird",7
2006,"Pileated Woodpecker",4
2006,"Pine Warbler",27
2006,"Prairie Warbler",1
2006,"Red-bellied Woodpecker",12
2006,"Red-eyed Vireo",5
2006,"Scarlet Tanager",2
2006,"Summer Tanager",2
2006,"Tufted Titmouse",14
2006,"Wood Thrush",10
2006,"Yellow-billed Cuckoo",2
2006,"Yellow-breasted Chat",1
2006,"Yellow-throated Vireo",1
2006,"Yellow-throated Warbler",5
2006,"Acadian Flycatcher",2
2006,"American Crow",19
2006,"American Goldfinch",9
2006,"American Robin",7
2006,"Blue Grosbeak",4
2006,"Blue Jay",7
2006,"Blue-gray Gnatcatcher",11
2006,"Brown Thrasher",1
2006,"Brown-headed Cowbird",4
2006,"Brown-headed Nuthatch",1
2006,"Carolina Chickadee",4
2006,"Carolina Wren",19
2006,"Chipping Sparrow",11
2006,"Common Grackle",7
2006,"Downy Woodpecker",4
2006,"Eastern Bluebird",7
2006,"Eastern Phoebe",1
2006,"Eastern Towhee",8
2006,"Eastern Whip-poor-will",3
2006,"Eastern Wood-Pewee",1
2006,"Fish Crow",1
2006,"Gray Catbird",1
2006,"Great Blue Heron",1
2006,"Hooded Warbler",1
2006,"House Finch",3
2006,"Indigo Bunting",15
2006,"Mourning Dove",9
2006,"Northern Cardinal",20
2006,"Northern Mockingbird",5
2006,"Northern Parula",1
2006,"Ovenbird",5
2006,"Pine Warbler",6
2006,"Prairie Warbler",2
2006,"Purple Martin",3
2006,"Red-eyed Vireo",7
2006,"Red-winged Blackbird",1
2006,"Ruby-throated Hummingbird",2
2006,"Scarlet Tanager",4
2006,"Summer Tanager",4
2006,"Tufted Titmouse",9
2006,"Turkey Vulture",3
2006,"Wood Thrush",3
2006,"Yellow-billed Cuckoo",1
2006,"Yellow-breasted Chat",3
2006,"American Crow",11
2006,"American Goldfinch",1
2006,"American Robin",7
2006,"Barn Swallow",1
2006,"Blue Grosbeak",10
2006,"Blue Jay",1
2006,"Brown Thrasher",1
2006,"Carolina Chickadee",4
2006,"Carolina Wren",31
2006,"Chipping Sparrow",7
2006,"Common Grackle",3
2006,"Common Yellowthroat",5
2006,"Downy Woodpecker",1
2006,"Eastern Bluebird",3
2006,"Eastern Towhee",18
2006,"Eastern Wood-Pewee",1
2006,"European Starling",2
2006,"Field Sparrow",2
2006,"Great Crested Flycatcher",1
2006,"Hooded Warbler",1
2006,"Indigo Bunting",15
2006,"Killdeer",1
2006,"Mourning Dove",15
2006,"Northern Bobwhite",1
2006,"Northern Cardinal",9
2006,"Northern Mockingbird",7
2006,"Orchard Oriole",4
2006,"Pine Warbler",13
2006,"Prairie Warbler",2
2006,"Red-bellied Woodpecker",3
2006,"Red-eyed Vireo",12
2006,"Scarlet Tanager",4
2006,"Summer Tanager",6
2006,"Tufted Titmouse",13
2006,"Wood Thrush",5
2006,"Yellow-billed Cuckoo",2
2006,"Yellow-breasted Chat",7
2006,"American Crow",43
2006,"American Goldfinch",2
2006,"American Robin",5
2006,"Barn Swallow",9
2006,"Blue Grosbeak",7
2006,"Blue Jay",7
2006,"Blue-gray Gnatcatcher",9
2006,"Carolina Chickadee",4
2006,"Carolina Wren",20
2006,"Chimney Swift",11
2006,"Chipping Sparrow",11
2006,"Common Grackle",5
2006,"Common Yellowthroat",3
2006,"Downy Woodpecker",3
2006,"Eastern Bluebird",2
2006,"Eastern Kingbird",1
2006,"Eastern Meadowlark",1
2006,"Eastern Phoebe",4
2006,"Eastern Towhee",9
2006,"Eastern Whip-poor-will",1
2006,"Eastern Wood-Pewee",8
2006,"European Starling",4
2006,"Hooded Warbler",2
2006,"Indigo Bunting",15
2006,"Mourning Dove",26
2006,"Northern Bobwhite",1
2006,"Northern Cardinal",22
2006,"Northern Mockingbird",11
2006,"Orchard Oriole",1
2006,"Ovenbird",1
2006,"Pine Warbler",1
2006,"Prairie Warbler",3
2006,"Red-bellied Woodpecker",2
2006,"Red-eyed Vireo",4
2006,"Red-shouldered Hawk",2
2006,"Scarlet Tanager",1
2006,"Tufted Titmouse",5
2006,"Turkey Vulture",5
2006,"White-breasted Nuthatch",1
2006,"White-eyed Vireo",1
2006,"Wood Thrush",8
2006,"Yellow-billed Cuckoo",1
2006,"Yellow-breasted Chat",7
2006,"American Crow",48
2006,"American Goldfinch",20
2006,"American Robin",1
2006,"Barn Swallow",3
2006,"Blue Grosbeak",8
2006,"Blue Jay",9
2006,"Blue-gray Gnatcatcher",4
2006,"Brown Thrasher",4
2006,"Brown-headed Cowbird",6
2006,"Carolina Chickadee",9
2006,"Carolina Wren",28
2006,"Chimney Swift",8
2006,"Chipping Sparrow",41
2006,"Common Grackle",13
2006,"Common Yellowthroat",4
2006,"Downy Woodpecker",4
2006,"Eastern Bluebird",20
2006,"Eastern Kingbird",8
2006,"Eastern Meadowlark",20
2006,"Eastern Phoebe",6
2006,"Eastern Towhee",9
2006,"Eastern Wood-Pewee",9
2006,"European Starling",19
2006,"Gray Catbird",3
2006,"Great Crested Flycatcher",8
2006,"Indigo Bunting",13
2006,"Mourning Dove",19
2006,"Northern Cardinal",40
2006,"Northern Mockingbird",16
2006,"Orchard Oriole",2
2006,"Ovenbird",3
2006,"Pileated Woodpecker",1
2006,"Pine Warbler",4
2006,"Purple Martin",11
2006,"Red-bellied Woodpecker",10
2006,"Red-eyed Vireo",4
2006,"Red-shouldered Hawk",3
2006,"Red-winged Blackbird",2
2006,"Ruby-throated Hummingbird",2
2006,"Scarlet Tanager",2
2006,"Summer Tanager",3
2006,"Tufted Titmouse",19
2006,"Turkey Vulture",1
2006,"White-breasted Nuthatch",2
2006,"Wood Thrush",1
2006,"Yellow-billed Cuckoo",3
2006,"Yellow-breasted Chat",4
2006,"Yellow-throated Vireo",1
2006,"American Crow",38
2006,"American Goldfinch",8
2006,"American Robin",8
2006,"Barn Swallow",3
2006,"Blue Grosbeak",1
2006,"Blue-gray Gnatcatcher",6
2006,"Brown-headed Cowbird",1
2006,"Carolina Chickadee",3
2006,"Carolina Wren",24
2006,"Chimney Swift",2
2006,"Chipping Sparrow",13
2006,"Common Grackle",14
2006,"Downy Woodpecker",6
2006,"Eastern Bluebird",3
2006,"Eastern Kingbird",1
2006,"Eastern Meadowlark",18
2006,"Eastern Phoebe",1
2006,"Eastern Towhee",12
2006,"Eastern Wood-Pewee",6
2006,"European Starling",3
2006,"Field Sparrow",1
2006,"Great Blue Heron",1
2006,"Great Crested Flycatcher",1
2006,"House Sparrow",3
2006,"Indigo Bunting",28
2006,"Killdeer",1
2006,"Mourning Dove",18
2006,"Northern Cardinal",35
2006,"Northern Mockingbird",7
2006,"Ovenbird",1
2006,"Pine Warbler",7
2006,"Prairie Warbler",1
2006,"Red-bellied Woodpecker",3
2006,"Red-eyed Vireo",6
2006,"Red-winged Blackbird",5
2006,"Scarlet Tanager",1
2006,"Summer Tanager",1
2006,"Tufted Titmouse",6
2006,"Wood Thrush",3
2006,"Yellow-billed Cuckoo",1
2006,"Yellow-breasted Chat",3
2006,"Yellow-throated Vireo",2
2006,"Acadian Flycatcher",2
2006,"American Crow",20
2006,"American Goldfinch",1
2006,"Barn Swallow",3
2006,"Blue Grosbeak",4
2006,"Blue Jay",2
2006,"Blue-gray Gnatcatcher",3
2006,"Brown Thrasher",2
2006,"Brown-headed Cowbird",3
2006,"Brown-headed Nuthatch",1
2006,"Carolina Chickadee",2
2006,"Carolina Wren",22
2006,"Chipping Sparrow",5
2006,"Common Grackle",4
2006,"Common Yellowthroat",3
2006,"Eastern Bluebird",2
2006,"Eastern Kingbird",4
2006,"Eastern Meadowlark",4
2006,"Eastern Towhee",6
2006,"Eastern Wood-Pewee",2
2006,"Field Sparrow",1
2006,"Grasshopper Sparrow",3
2006,"Indigo Bunting",14
2006,"Mourning Dove",11
2006,"Northern Bobwhite",2
2006,"Northern Cardinal",36
2006,"Northern Mockingbird",6
2006,"Orchard Oriole",1
2006,"Ovenbird",2
2006,"Pileated Woodpecker",3
2006,"Pine Warbler",8
2006,"Red-bellied Woodpecker",3
2006,"Red-eyed Vireo",20
2006,"Red-winged Blackbird",3
2006,"Ruby-throated Hummingbird",3
2006,"Scarlet Tanager",4
2006,"Summer Tanager",6
2006,"Tufted Titmouse",2
2006,"White-eyed Vireo",3
2006,"Wood Thrush",10
2006,"Yellow-billed Cuckoo",2
2006,"Yellow-breasted Chat",5
2006,"Yellow-throated Vireo",1
2006,"American Crow",32
2006,"American Goldfinch",8
2006,"Barn Swallow",14
2006,"Blue Jay",1
2006,"Blue-gray Gnatcatcher",7
2006,"Brown Thrasher",1
2006,"Brown-headed Cowbird",3
2006,"Carolina Chickadee",3
2006,"Carolina Wren",15
2006,"Chipping Sparrow",9
2006,"Common Grackle",1
2006,"Common Yellowthroat",7
2006,"Downy Woodpecker",3
2006,"Eastern Bluebird",15
2006,"Eastern Kingbird",1
2006,"Eastern Meadowlark",6
2006,"Eastern Phoebe",2
2006,"Eastern Towhee",2
2006,"Eastern Whip-poor-will",1
2006,"Eastern Wood-Pewee",3
2006,"Field Sparrow",2
2006,"Fish Crow",2
2006,"Great Crested Flycatcher",2
2006,"Indigo Bunting",10
2006,"Killdeer",1
2006,"Mourning Dove",19
2006,"Northern Cardinal",21
2006,"Northern Mockingbird",7
2006,"Northern Parula",3
2006,"Ovenbird",4
2006,"Pine Warbler",9
2006,"Red-bellied Woodpecker",10
2006,"Red-eyed Vireo",8
2006,"Red-shouldered Hawk",2
2006,"Summer Tanager",5
2006,"Tufted Titmouse",5
2006,"White-breasted Nuthatch",1
2006,"Wood Thrush",7
2006,"Yellow-billed Cuckoo",6
2006,"Yellow-breasted Chat",8
2006,"Yellow-throated Warbler",5
2006,"Acadian Flycatcher",1
2006,"American Crow",26
2006,"American Goldfinch",26
2006,"American Robin",1
2006,"Blue Jay",12
2006,"Blue-gray Gnatcatcher",18
2006,"Brown Thrasher",4
2006,"Brown-headed Nuthatch",3
2006,"Carolina Chickadee",11
2006,"Carolina Wren",30
2006,"Chimney Swift",4
2006,"Chipping Sparrow",8
2006,"Common Grackle",3
2006,"Downy Woodpecker",2
2006,"Eastern Bluebird",4
2006,"Eastern Meadowlark",1
2006,"Eastern Phoebe",1
2006,"Eastern Towhee",13
2006,"Eastern Wood-Pewee",6
2006,"European Starling",1
2006,"Great Blue Heron",1
2006,"Great Crested Flycatcher",3
2006,"Hooded Warbler",3
2006,"House Finch",6
2006,"Indigo Bunting",4
2006,"Mourning Dove",7
2006,"Northern Cardinal",39
2006,"Northern Mockingbird",2
2006,"Northern Parula",3
2006,"Orchard Oriole",1
2006,"Ovenbird",5
2006,"Pileated Woodpecker",1
2006,"Pine Warbler",19
2006,"Red-bellied Woodpecker",4
2006,"Red-eyed Vireo",12
2006,"Red-shouldered Hawk",1
2006,"Ruby-throated Hummingbird",1
2006,"Scarlet Tanager",9
2006,"Summer Tanager",4
2006,"Tufted Titmouse",13
2006,"White-eyed Vireo",2
2006,"Wood Thrush",13
2006,"Yellow-billed Cuckoo",4
2006,"Yellow-breasted Chat",3
2006,"Yellow-throated Vireo",1
2006,"Yellow-throated Warbler",2
2006,"American Crow",17
2006,"American Robin",1
2006,"Barn Swallow",1
2006,"Blue Grosbeak",2
2006,"Blue-gray Gnatcatcher",3
2006,"Carolina Chickadee",3
2006,"Carolina Wren",20
2006,"Chimney Swift",2
2006,"Chipping Sparrow",3
2006,"Common Yellowthroat",4
2006,"Eastern Bluebird",6
2006,"Eastern Phoebe",2
2006,"Field Sparrow",2
2006,"House Sparrow",1
2006,"Indigo Bunting",10
2006,"Mourning Dove",7
2006,"Northern Cardinal",12
2006,"Northern Mockingbird",3
2006,"Ovenbird",2
2006,"Pileated Woodpecker",1
2006,"Pine Warbler",1
2006,"Prairie Warbler",1
2006,"Red-bellied Woodpecker",5
2006,"Red-eyed Vireo",8
2006,"Scarlet Tanager",3
2006,"Summer Tanager",2
2006,"Tufted Titmouse",2
2006,"Wood Thrush",5
2006,"Yellow-billed Cuckoo",1
2006,"Yellow-breasted Chat",4
2006,"American Crow",18
2006,"American Goldfinch",2
2006,"Blue Jay",3
2006,"Blue-gray Gnatcatcher",6
2006,"Brown Thrasher",1
2006,"Brown-headed Cowbird",2
2006,"Brown-headed Nuthatch",1
2006,"Canada Goose",4
2006,"Carolina Chickadee",1
2006,"Carolina Wren",29
2006,"Chimney Swift",1
2006,"Chipping Sparrow",3
2006,"Common Grackle",8
2006,"Common Yellowthroat",7
2006,"Downy Woodpecker",1
2006,"Eastern Bluebird",2
2006,"Eastern Phoebe",4
2006,"Eastern Towhee",6
2006,"Eastern Whip-poor-will",2
2006,"Eastern Wood-Pewee",6
2006,"European Starling",1
2006,"Great Crested Flycatcher",2
2006,"Hooded Warbler",3
2006,"Indigo Bunting",29
2006,"Killdeer",1
2006,"Mourning Dove",10
2006,"Northern Cardinal",13
2006,"Northern Mockingbird",3
2006,"Northern Parula",1
2006,"Ovenbird",6
2006,"Pine Warbler",4
2006,"Prairie Warbler",5
2006,"Red-bellied Woodpecker",12
2006,"Red-eyed Vireo",17
2006,"Red-shouldered Hawk",1
2006,"Red-winged Blackbird",2
2006,"Scarlet Tanager",1
2006,"Tufted Titmouse",10
2006,"White-breasted Nuthatch",1
2006,"White-eyed Vireo",2
2006,"Yellow-billed Cuckoo",3
2006,"Yellow-breasted Chat",9
2006,"Yellow-throated Warbler",1
2006,"American Crow",34
2006,"American Goldfinch",6
2006,"American Robin",4
2006,"Barn Swallow",9
2006,"Blue Grosbeak",2
2006,"Blue Jay",3
2006,"Blue-gray Gnatcatcher",5
2006,"Brown Thrasher",1
2006,"Brown-headed Cowbird",3
2006,"Canada Goose",4
2006,"Carolina Chickadee",2
2006,"Carolina Wren",18
2006,"Chipping Sparrow",14
2006,"Common Grackle",13
2006,"Common Yellowthroat",5
2006,"Downy Woodpecker",2
2006,"Eastern Bluebird",14
2006,"Eastern Meadowlark",5
2006,"Eastern Phoebe",3
2006,"Eastern Towhee",3
2006,"Eastern Wood-Pewee",5
2006,"European Starling",1
2006,"Great Blue Heron",1
2006,"Great Crested Flycatcher",3
2006,"House Finch",1
2006,"House Sparrow",2
2006,"Indigo Bunting",11
2006,"Mourning Dove",7
2006,"Northern Bobwhite",2
2006,"Northern Cardinal",26
2006,"Northern Mockingbird",13
2006,"Ovenbird",2
2006,"Pileated Woodpecker",1
2006,"Purple Martin",1
2006,"Red-bellied Woodpecker",8
2006,"Red-eyed Vireo",5
2006,"Red-shouldered Hawk",3
2006,"Red-winged Blackbird",11
2006,"Scarlet Tanager",1
2006,"Summer Tanager",4
2006,"Tufted Titmouse",6
2006,"White-breasted Nuthatch",5
2006,"Wood Thrush",7
2006,"Yellow-billed Cuckoo",5
2006,"Yellow-breasted Chat",4
2006,"American Crow",28
2006,"American Goldfinch",2
2006,"American Robin",10
2006,"Blue Jay",8
2006,"Brown-headed Cowbird",1
2006,"Carolina Chickadee",2
2006,"Carolina Wren",2
2006,"Chimney Swift",3
2006,"Chipping Sparrow",1
2006,"Common Grackle",4
2006,"Eastern Bluebird",1
2006,"Eastern Phoebe",1
2006,"Eastern Towhee",1
2006,"Field Sparrow",2
2006,"House Finch",4
2006,"Mourning Dove",15
2006,"Northern Cardinal",29
2006,"Northern Mockingbird",16
2006,"Red-bellied Woodpecker",3
2006,"Red-winged Blackbird",1
2006,"White-breasted Nuthatch",2
2006,"Wood Thrush",1
2006,"American Crow",17
2006,"American Goldfinch",5
2006,"American Robin",3
2006,"Blue Grosbeak",6
2006,"Blue Jay",3
2006,"Blue-gray Gnatcatcher",4
2006,"Brown Thrasher",1
2006,"Brown-headed Cowbird",11
2006,"Canada Goose",11
2006,"Carolina Chickadee",5
2006,"Carolina Wren",22
2006,"Chimney Swift",8
2006,"Chipping Sparrow",7
2006,"Common Grackle",8
2006,"Downy Woodpecker",1
2006,"Eastern Bluebird",10
2006,"Eastern Kingbird",2
2006,"Eastern Phoebe",1
2006,"Eastern Towhee",6
2006,"Eastern Wood-Pewee",2
2006,"European Starling",4
2006,"Fish Crow",2
2006,"Great Blue Heron",3
2006,"House Finch",7
2006,"Indigo Bunting",9
2006,"Mourning Dove",15
2006,"Northern Cardinal",22
2006,"Northern Mockingbird",3
2006,"Northern Parula",1
2006,"Ovenbird",1
2006,"Pine Warbler",12
2006,"Purple Martin",3
2006,"Red-bellied Woodpecker",10
2006,"Red-eyed Vireo",1
2006,"Scarlet Tanager",1
2006,"Summer Tanager",2
2006,"Tufted Titmouse",10
2006,"Wood Thrush",1
2006,"Yellow-billed Cuckoo",3
2006,"American Crow",29
2006,"American Goldfinch",7
2006,"Barn Swallow",4
2006,"Blue Grosbeak",5
2006,"Blue-gray Gnatcatcher",9
2006,"Brown Thrasher",2
2006,"Brown-headed Cowbird",8
2006,"Canada Goose",17
2006,"Carolina Chickadee",2
2006,"Carolina Wren",16
2006,"Chipping Sparrow",9
2006,"Common Grackle",8
2006,"Common Yellowthroat",4
2006,"Downy Woodpecker",1
2006,"Eastern Bluebird",19
2006,"Eastern Meadowlark",7
2006,"Eastern Phoebe",1
2006,"Eastern Towhee",3
2006,"Eastern Wood-Pewee",1
2006,"European Starling",3
2006,"Field Sparrow",4
2006,"Grasshopper Sparrow",1
2006,"Great Blue Heron",1
2006,"Hooded Warbler",1
2006,"Indigo Bunting",23
2006,"Mourning Dove",13
2006,"Northern Cardinal",40
2006,"Northern Mockingbird",5
2006,"Ovenbird",1
2006,"Prairie Warbler",5
2006,"Purple Martin",8
2006,"Red-bellied Woodpecker",3
2006,"Red-eyed Vireo",10
2006,"Red-winged Blackbird",7
2006,"Summer Tanager",2
2006,"Tufted Titmouse",7
2006,"Wood Thrush",5
2006,"Yellow-billed Cuckoo",2
2006,"Yellow-breasted Chat",5
2006,"American Crow",20
2006,"American Goldfinch",3
2006,"American Robin",7
2006,"Blue Jay",3
2006,"Blue-gray Gnatcatcher",6
2006,"Brown-headed Cowbird",3
2006,"Canada Goose",2
2006,"Carolina Wren",11
2006,"Chipping Sparrow",9
2006,"Common Grackle",12
2006,"Downy Woodpecker",1
2006,"Eastern Bluebird",5
2006,"Eastern Phoebe",3
2006,"Eastern Towhee",17
2006,"Eastern Wood-Pewee",1
2006,"Fish Crow",1
2006,"Great Crested Flycatcher",1
2006,"House Finch",6
2006,"Indigo Bunting",11
2006,"Mourning Dove",9
2006,"Northern Bobwhite",2
2006,"Northern Cardinal",23
2006,"Northern Mockingbird",3
2006,"Orchard Oriole",1
2006,"Pine Warbler",8
2006,"Red-bellied Woodpecker",2
2006,"Red-eyed Vireo",4
2006,"Summer Tanager",1
2006,"Tufted Titmouse",4
2006,"White-breasted Nuthatch",3
2006,"Wood Thrush",17
2006,"American Crow",22
2006,"American Goldfinch",16
2006,"American Robin",34
2006,"Barn Swallow",3
2006,"Blue Jay",6
2006,"Blue-gray Gnatcatcher",3
2006,"Brown-headed Cowbird",7
2006,"Canada Goose",10
2006,"Carolina Chickadee",14
2006,"Carolina Wren",11
2006,"Chimney Swift",5
2006,"Chipping Sparrow",8
2006,"Common Grackle",22
2006,"Downy Woodpecker",6
2006,"Eastern Bluebird",3
2006,"Eastern Phoebe",2
2006,"Eastern Towhee",18
2006,"European Starling",10
2006,"Fish Crow",1
2006,"Gray Catbird",2
2006,"Great Crested Flycatcher",1
2006,"House Finch",12
2006,"Indigo Bunting",2
2006,"Mourning Dove",6
2006,"Northern Cardinal",34
2006,"Northern Mockingbird",4
2006,"Ovenbird",1
2006,"Pine Warbler",6
2006,"Red-bellied Woodpecker",11
2006,"Red-eyed Vireo",3
2006,"Red-shouldered Hawk",1
2006,"Song Sparrow",1
2006,"Tufted Titmouse",12
2006,"White-breasted Nuthatch",2
2006,"Wood Thrush",1
2006,"Acadian Flycatcher",1
2006,"American Crow",9
2006,"American Goldfinch",4
2006,"American Robin",10
2006,"Barn Swallow",1
2006,"Blue Grosbeak",3
2006,"Blue Jay",2
2006,"Blue-gray Gnatcatcher",12
2006,"Brown Thrasher",1
2006,"Brown-headed Cowbird",11
2006,"Brown-headed Nuthatch",4
2006,"Canada Goose",28
2006,"Carolina Chickadee",7
2006,"Carolina Wren",17
2006,"Chimney Swift",4
2006,"Chipping Sparrow",13
2006,"Common Grackle",6
2006,"Common Yellowthroat",2
2006,"Eastern Bluebird",4
2006,"Eastern Meadowlark",1
2006,"Eastern Towhee",12
2006,"Field Sparrow",1
2006,"Great Blue Heron",1
2006,"House Finch",2
2006,"Indigo Bunting",10
2006,"Killdeer",1
2006,"Mourning Dove",11
2006,"Northern Cardinal",32
2006,"Northern Mockingbird",2
2006,"Northern Parula",2
2006,"Orchard Oriole",2
2006,"Ovenbird",1
2006,"Pine Warbler",3
2006,"Purple Martin",7
2006,"Red-eyed Vireo",14
2006,"Red-shouldered Hawk",3
2006,"Scarlet Tanager",1
2006,"Song Sparrow",2
2006,"Summer Tanager",2
2006,"Tufted Titmouse",1
2006,"White-breasted Nuthatch",1
2006,"White-eyed Vireo",1
2006,"Wood Thrush",11
2006,"Yellow-throated Vireo",1
2006,"Yellow-throated Warbler",1
2006,"American Crow",8
2006,"American Goldfinch",19
2006,"American Robin",23
2006,"Barn Swallow",1
2006,"Blue Grosbeak",1
2006,"Blue Jay",10
2006,"Blue-gray Gnatcatcher",5
2006,"Brown Thrasher",2
2006,"Brown-headed Cowbird",5
2006,"Brown-headed Nuthatch",10
2006,"Carolina Chickadee",3
2006,"Carolina Wren",19
2006,"Chimney Swift",1
2006,"Chipping Sparrow",11
2006,"Common Grackle",19
2006,"Downy Woodpecker",2
2006,"Eastern Bluebird",12
2006,"Eastern Towhee",36
2006,"Fish Crow",2
2006,"Gray Catbird",1
2006,"Great Blue Heron",1
2006,"Great Crested Flycatcher",4
2006,"House Finch",19
2006,"House Sparrow",2
2006,"Indigo Bunting",4
2006,"Mourning Dove",13
2006,"Northern Cardinal",37
2006,"Northern Mockingbird",17
2006,"Pine Warbler",7
2006,"Red-bellied Woodpecker",6
2006,"Red-eyed Vireo",2
2006,"Ruby-throated Hummingbird",1
2006,"Song Sparrow",6
2006,"Summer Tanager",1
2006,"Tufted Titmouse",10
2006,"White-breasted Nuthatch",5
2006,"Wood Thrush",6
2006,"Yellow-billed Cuckoo",1
2006,"Yellow-breasted Chat",1
2006,"American Crow",11
2006,"American Goldfinch",10
2006,"American Robin",17
2006,"Blue Jay",1
2006,"Blue-gray Gnatcatcher",1
2006,"Brown-headed Cowbird",3
2006,"Brown-headed Nuthatch",5
2006,"Carolina Chickadee",2
2006,"Carolina Wren",26
2006,"Chimney Swift",2
2006,"Chipping Sparrow",2
2006,"Common Grackle",14
2006,"Eastern Bluebird",5
2006,"Eastern Towhee",14
2006,"European Starling",3
2006,"Fish Crow",3
2006,"Gray Catbird",1
2006,"House Finch",5
2006,"Indigo Bunting",6
2006,"Killdeer",2
2006,"Mourning Dove",11
2006,"Northern Cardinal",20
2006,"Northern Mockingbird",14
2006,"Orchard Oriole",1
2006,"Ovenbird",1
2006,"Pine Warbler",10
2006,"Red-bellied Woodpecker",4
2006,"Red-eyed Vireo",2
2006,"Red-shouldered Hawk",1
2006,"Song Sparrow",3
2006,"Tufted Titmouse",7
2006,"American Crow",19
2006,"American Goldfinch",5
2006,"American Robin",5
2006,"Blue Grosbeak",5
2006,"Blue Jay",4
2006,"Blue-gray Gnatcatcher",5
2006,"Brown-headed Cowbird",5
2006,"Carolina Chickadee",12
2006,"Carolina Wren",9
2006,"Chimney Swift",1
2006,"Chipping Sparrow",5
2006,"Common Grackle",3
2006,"Common Yellowthroat",1
2006,"Eastern Bluebird",10
2006,"Eastern Phoebe",2
2006,"Eastern Towhee",8
2006,"European Starling",5
2006,"Great Crested Flycatcher",1
2006,"Hooded Warbler",2
2006,"Indigo Bunting",10
2006,"Killdeer",4
2006,"Mourning Dove",4
2006,"Northern Bobwhite",4
2006,"Northern Cardinal",7
2006,"Northern Mockingbird",8
2006,"Northern Parula",4
2006,"Pileated Woodpecker",3
2006,"Pine Warbler",2
2006,"Prairie Warbler",2
2006,"Red-bellied Woodpecker",1
2006,"Red-shouldered Hawk",1
2006,"Song Sparrow",1
2006,"Summer Tanager",3
2006,"Tufted Titmouse",9
2006,"Wood Thrush",2
2006,"Yellow-breasted Chat",2
2006,"Acadian Flycatcher",1
2006,"American Crow",24
2006,"American Goldfinch",2
2006,"American Robin",4
2006,"Barn Swallow",3
2006,"Blue Grosbeak",2
2006,"Blue Jay",4
2006,"Blue-gray Gnatcatcher",11
2006,"Brown-headed Cowbird",4
2006,"Brown-headed Nuthatch",1
2006,"Carolina Chickadee",7
2006,"Carolina Wren",5
2006,"Chimney Swift",5
2006,"Chipping Sparrow",8
2006,"Common Grackle",15
2006,"Downy Woodpecker",3
2006,"Eastern Bluebird",6
2006,"Eastern Phoebe",3
2006,"Eastern Towhee",3
2006,"Eastern Wood-Pewee",1
2006,"European Starling",4
2006,"Fish Crow",1
2006,"Gray Catbird",1
2006,"Great Blue Heron",2
2006,"Great Crested Flycatcher",2
2006,"Hooded Warbler",1
2006,"House Finch",7
2006,"Indigo Bunting",16
2006,"Killdeer",2
2006,"Mourning Dove",8
2006,"Northern Bobwhite",1
2006,"Northern Cardinal",34
2006,"Northern Mockingbird",10
2006,"Pine Warbler",1
2006,"Red-bellied Woodpecker",1
2006,"Red-eyed Vireo",4
2006,"Summer Tanager",2
2006,"Tufted Titmouse",9
2006,"White-breasted Nuthatch",2
2006,"Wood Thrush",4
2006,"Yellow-billed Cuckoo",2
2006,"Acadian Flycatcher",2
2006,"American Crow",29
2006,"American Goldfinch",5
2006,"Barn Swallow",6
2006,"Blue Grosbeak",4
2006,"Blue Jay",4
2006,"Brown Thrasher",1
2006,"Brown-headed Cowbird",3
2006,"Canada Goose",2
2006,"Carolina Wren",15
2006,"Chimney Swift",2
2006,"Chipping Sparrow",2
2006,"Common Grackle",10
2006,"Downy Woodpecker",1
2006,"Eastern Bluebird",6
2006,"Eastern Meadowlark",6
2006,"Eastern Towhee",3
2006,"Eastern Wood-Pewee",1
2006,"European Starling",8
2006,"Field Sparrow",2
2006,"Great Blue Heron",1
2006,"House Finch",1
2006,"Indigo Bunting",8
2006,"Mourning Dove",27
2006,"Northern Bobwhite",1
2006,"Northern Cardinal",16
2006,"Northern Mockingbird",10
2006,"Pileated Woodpecker",2
2006,"Red-bellied Woodpecker",2
2006,"Red-eyed Vireo",7
2006,"Red-shouldered Hawk",1
2006,"Red-winged Blackbird",2
2006,"Ruby-throated Hummingbird",1
2006,"Scarlet Tanager",3
2006,"Tufted Titmouse",6
2006,"Turkey Vulture",1
2006,"Wood Thrush",4
2006,"Yellow-billed Cuckoo",1
2006,"Yellow-breasted Chat",4
2006,"Yellow-throated Vireo",1
2006,"Acadian Flycatcher",3
2006,"American Crow",32
2006,"American Goldfinch",5
2006,"American Robin",3
2006,"Blue Jay",1
2006,"Brown Thrasher",3
2006,"Brown-headed Cowbird",2
2006,"Canada Goose",5
2006,"Carolina Wren",22
2006,"Chimney Swift",1
2006,"Chipping Sparrow",1
2006,"Common Grackle",20
2006,"Eastern Bluebird",2
2006,"Eastern Kingbird",1
2006,"Eastern Meadowlark",5
2006,"Eastern Towhee",5
2006,"European Starling",20
2006,"Field Sparrow",3
2006,"Indigo Bunting",8
2006,"Northern Cardinal",24
2006,"Northern Mockingbird",1
2006,"Red-bellied Woodpecker",5
2006,"Red-eyed Vireo",10
2006,"Red-winged Blackbird",1
2006,"Ruby-throated Hummingbird",1
2006,"Summer Tanager",1
2006,"Tufted Titmouse",14
2006,"Wood Thrush",6
2006,"Yellow-billed Cuckoo",3
2006,"Yellow-throated Vireo",1
2006,"American Crow",23
2006,"American Goldfinch",16
2006,"American Robin",7
2006,"Blue Grosbeak",3
2006,"Blue Jay",2
2006,"Blue-gray Gnatcatcher",3
2006,"Brown Thrasher",1
2006,"Brown-headed Cowbird",4
2006,"Carolina Chickadee",3
2006,"Carolina Wren",17
2006,"Chimney Swift",1
2006,"Chipping Sparrow",16
2006,"Common Grackle",9
2006,"Common Yellowthroat",5
2006,"Downy Woodpecker",2
2006,"Eastern Bluebird",17
2006,"Eastern Meadowlark",6
2006,"Eastern Phoebe",3
2006,"Eastern Towhee",5
2006,"Eastern Wood-Pewee",6
2006,"European Starling",29
2006,"Field Sparrow",2
2006,"Great Blue Heron",1
2006,"House Finch",3
2006,"House Sparrow",3
2006,"Indigo Bunting",7
2006,"Mourning Dove",22
2006,"Northern Cardinal",26
2006,"Northern Mockingbird",9
2006,"Ovenbird",2
2006,"Pine Warbler",1
2006,"Prairie Warbler",3
2006,"Red-bellied Woodpecker",8
2006,"Red-eyed Vireo",5
2006,"Red-shouldered Hawk",1
2006,"Red-winged Blackbird",1
2006,"Scarlet Tanager",1
2006,"Summer Tanager",3
2006,"Tufted Titmouse",5
2006,"White-breasted Nuthatch",2
2006,"Wood Thrush",5
2006,"Yellow-breasted Chat",5
2006,"Yellow-throated Vireo",1
2006,"American Crow",25
2006,"American Goldfinch",3
2006,"American Robin",4
2006,"Blue Grosbeak",1
2006,"Blue Jay",1
2006,"Blue-gray Gnatcatcher",6
2006,"Brown-headed Cowbird",4
2006,"Carolina Chickadee",5
2006,"Carolina Wren",15
2006,"Chimney Swift",4
2006,"Chipping Sparrow",1
2006,"Common Grackle",5
2006,"Common Yellowthroat",2
2006,"Downy Woodpecker",1
2006,"Eastern Bluebird",4
2006,"Eastern Phoebe",1
2006,"Eastern Towhee",8
2006,"European Starling",1
2006,"Field Sparrow",1
2006,"Fish Crow",1
2006,"Gray Catbird",1
2006,"Great Blue Heron",1
2006,"House Finch",2
2006,"Indigo Bunting",5
2006,"Mourning Dove",3
2006,"Northern Cardinal",28
2006,"Northern Parula",1
2006,"Pine Warbler",5
2006,"Prairie Warbler",1
2006,"Red-bellied Woodpecker",6
2006,"Red-eyed Vireo",4
2006,"Red-winged Blackbird",1
2006,"Scarlet Tanager",2
2006,"Tufted Titmouse",13
2006,"White-eyed Vireo",1
2006,"Yellow-breasted Chat",1
2006,"American Crow",24
2006,"American Goldfinch",1
2006,"American Robin",7
2006,"Barn Swallow",16
2006,"Blue Grosbeak",12
2006,"Blue Jay",5
2006,"Blue-gray Gnatcatcher",9
2006,"Brown Thrasher",3
2006,"Brown-headed Cowbird",4
2006,"Carolina Chickadee",4
2006,"Carolina Wren",17
2006,"Chipping Sparrow",17
2006,"Common Grackle",8
2006,"Common Yellowthroat",1
2006,"Downy Woodpecker",3
2006,"Eastern Bluebird",11
2006,"Eastern Kingbird",1
2006,"Eastern Meadowlark",3
2006,"Eastern Phoebe",1
2006,"Eastern Towhee",9
2006,"Eastern Wood-Pewee",4
2006,"European Starling",15
2006,"Field Sparrow",4
2006,"Grasshopper Sparrow",2
2006,"Great Blue Heron",1
2006,"House Finch",3
2006,"Indigo Bunting",12
2006,"Killdeer",4
2006,"Mourning Dove",43
2006,"Northern Cardinal",32
2006,"Northern Mockingbird",14
2006,"Orchard Oriole",3
2006,"Pine Warbler",3
2006,"Purple Martin",1
2006,"Red-bellied Woodpecker",7
2006,"Red-eyed Vireo",6
2006,"Red-winged Blackbird",4
2006,"Ruby-throated Hummingbird",2
2006,"Summer Tanager",1
2006,"Tufted Titmouse",7
2006,"White-breasted Nuthatch",2
2006,"Wood Thrush",2
2006,"Yellow-billed Cuckoo",8
2006,"Yellow-breasted Chat",2
2006,"Yellow-throated Vireo",1
2006,"American Crow",14
2006,"American Goldfinch",23
2006,"American Robin",2
2006,"Blue Grosbeak",2
2006,"Blue Jay",2
2006,"Blue-gray Gnatcatcher",3
2006,"Brown Thrasher",5
2006,"Brown-headed Cowbird",7
2006,"Carolina Chickadee",8
2006,"Carolina Wren",11
2006,"Chimney Swift",1
2006,"Chipping Sparrow",8
2006,"Downy Woodpecker",3
2006,"Eastern Bluebird",20
2006,"Eastern Towhee",8
2006,"Eastern Whip-poor-will",1
2006,"Eastern Wood-Pewee",2
2006,"Gray Catbird",4
2006,"Great Crested Flycatcher",3
2006,"House Finch",6
2006,"Indigo Bunting",5
2006,"Mourning Dove",17
2006,"Northern Cardinal",38
2006,"Northern Mockingbird",2
2006,"Ovenbird",1
2006,"Pine Warbler",7
2006,"Prairie Warbler",1
2006,"Red-bellied Woodpecker",4
2006,"Red-eyed Vireo",5
2006,"Red-shouldered Hawk",2
2006,"Scarlet Tanager",1
2006,"Summer Tanager",1
2006,"Tufted Titmouse",14
2006,"Turkey Vulture",2
2006,"White-breasted Nuthatch",4
2006,"Wood Thrush",5
2006,"Yellow-breasted Chat",2
2006,"American Crow",22
2006,"American Goldfinch",15
2006,"American Robin",12
2006,"Blue Grosbeak",4
2006,"Blue-gray Gnatcatcher",2
2006,"Brown Thrasher",5
2006,"Brown-headed Cowbird",2
2006,"Canada Goose",3
2006,"Carolina Chickadee",5
2006,"Carolina Wren",27
2006,"Chimney Swift",2
2006,"Chipping Sparrow",14
2006,"Common Grackle",21
2006,"Common Yellowthroat",3
2006,"Downy Woodpecker",2
2006,"Eastern Bluebird",10
2006,"Eastern Kingbird",2
2006,"Eastern Meadowlark",9
2006,"Eastern Phoebe",2
2006,"Eastern Towhee",3
2006,"Eastern Wood-Pewee",5
2006,"European Starling",9
2006,"Field Sparrow",6
2006,"Great Crested Flycatcher",4
2006,"House Finch",4
2006,"House Sparrow",3
2006,"Indigo Bunting",15
2006,"Killdeer",11
2006,"Mourning Dove",23
2006,"Northern Cardinal",21
2006,"Northern Mockingbird",18
2006,"Orchard Oriole",2
2006,"Ovenbird",1
2006,"Pileated Woodpecker",1
2006,"Pine Warbler",4
2006,"Prairie Warbler",1
2006,"Red-bellied Woodpecker",5
2006,"Red-eyed Vireo",10
2006,"Red-winged Blackbird",8
2006,"Scarlet Tanager",1
2006,"Summer Tanager",2
2006,"Tufted Titmouse",10
2006,"White-breasted Nuthatch",1
2006,"Wood Thrush",6
2006,"Yellow-breasted Chat",2
2006,"Yellow-throated Vireo",1
2006,"American Crow",29
2006,"American Goldfinch",1
2006,"American Robin",4
2006,"Blue Jay",3
2006,"Brown Thrasher",2
2006,"Brown-headed Cowbird",2
2006,"Canada Goose",7
2006,"Carolina Wren",15
2006,"Chimney Swift",2
2006,"Chipping Sparrow",3
2006,"Common Grackle",6
2006,"Eastern Bluebird",1
2006,"Eastern Meadowlark",5
2006,"Eastern Towhee",5
2006,"Eastern Wood-Pewee",2
2006,"Great Crested Flycatcher",2
2006,"Indigo Bunting",12
2006,"Mourning Dove",15
2006,"Northern Cardinal",31
2006,"Northern Mockingbird",3
2006,"Ovenbird",2
2006,"Pileated Woodpecker",1
2006,"Red-bellied Woodpecker",9
2006,"Red-eyed Vireo",13
2006,"Scarlet Tanager",1
2006,"Tufted Titmouse",13
2006,"White-eyed Vireo",1
2006,"Wood Thrush",1
2006,"Acadian Flycatcher",1
2006,"American Crow",29
2006,"American Goldfinch",9
2006,"Blue Jay",4
2006,"Blue-gray Gnatcatcher",3
2006,"Brown-headed Cowbird",3
2006,"Carolina Chickadee",11
2006,"Carolina Wren",15
2006,"Chipping Sparrow",7
2006,"Common Grackle",6
2006,"Downy Woodpecker",3
2006,"Eastern Bluebird",16
2006,"Eastern Phoebe",2
2006,"Eastern Towhee",11
2006,"Eastern Wood-Pewee",4
2006,"House Finch",12
2006,"Indigo Bunting",12
2006,"Mourning Dove",17
2006,"Northern Cardinal",30
2006,"Northern Mockingbird",4
2006,"Ovenbird",1
2006,"Pine Warbler",11
2006,"Red-bellied Woodpecker",2
2006,"Red-eyed Vireo",8
2006,"Red-shouldered Hawk",3
2006,"Ruby-throated Hummingbird",1
2006,"Scarlet Tanager",3
2006,"Tufted Titmouse",11
2006,"White-breasted Nuthatch",2
2006,"Wood Thrush",1
2006,"Yellow-billed Cuckoo",1
2006,"Yellow-breasted Chat",3
2006,"American Crow",27
2006,"American Goldfinch",12
2006,"American Robin",6
2006,"Barn Swallow",4
2006,"Blue Grosbeak",6
2006,"Blue Jay",7
2006,"Blue-gray Gnatcatcher",13
2006,"Brown Thrasher",1
2006,"Brown-headed Cowbird",4
2006,"Carolina Chickadee",11
2006,"Carolina Wren",26
2006,"Chimney Swift",8
2006,"Chipping Sparrow",13
2006,"Common Grackle",6
2006,"Common Yellowthroat",2
2006,"Downy Woodpecker",8
2006,"Eastern Bluebird",8
2006,"Eastern Meadowlark",1
2006,"Eastern Phoebe",2
2006,"Eastern Towhee",12
2006,"Eastern Whip-poor-will",1
2006,"Eastern Wood-Pewee",1
2006,"European Starling",2
2006,"Great Crested Flycatcher",1
2006,"Hooded Warbler",1
2006,"House Finch",3
2006,"Indigo Bunting",17
2006,"Mourning Dove",11
2006,"Northern Cardinal",24
2006,"Northern Mockingbird",6
2006,"Northern Parula",1
2006,"Orchard Oriole",1
2006,"Pine Warbler",1
2006,"Prairie Warbler",4
2006,"Red-bellied Woodpecker",7
2006,"Red-eyed Vireo",7
2006,"Red-shouldered Hawk",1
2006,"Red-winged Blackbird",1
2006,"Scarlet Tanager",1
2006,"Summer Tanager",3
2006,"Tufted Titmouse",22
2006,"White-breasted Nuthatch",2
2006,"White-eyed Vireo",1
2006,"Wood Thrush",3
2006,"Yellow-breasted Chat",4
2006,"Yellow-throated Warbler",1
2006,"Acadian Flycatcher",2
2006,"American Crow",23
2006,"American Goldfinch",9
2006,"Barn Swallow",2
2006,"Blue Jay",11
2006,"Blue-gray Gnatcatcher",13
2006,"Brown-headed Cowbird",2
2006,"Brown-headed Nuthatch",2
2006,"Canada Goose",20
2006,"Carolina Chickadee",11
2006,"Carolina Wren",35
2006,"Common Grackle",5
2006,"Downy Woodpecker",1
2006,"Eastern Bluebird",8
2006,"Eastern Meadowlark",5
2006,"Eastern Phoebe",4
2006,"Eastern Towhee",17
2006,"Eastern Wood-Pewee",2
2006,"Gray Catbird",1
2006,"Great Blue Heron",2
2006,"Great Crested Flycatcher",1
2006,"House Finch",5
2006,"Indigo Bunting",9
2006,"Mourning Dove",11
2006,"Northern Cardinal",52
2006,"Northern Mockingbird",13
2006,"Ovenbird",3
2006,"Pine Warbler",14
2006,"Red-bellied Woodpecker",7
2006,"Red-eyed Vireo",7
2006,"Scarlet Tanager",1
2006,"Summer Tanager",3
2006,"Tufted Titmouse",14
2006,"White-breasted Nuthatch",2
2006,"White-eyed Vireo",2
2006,"Wood Thrush",11
2006,"Yellow-billed Cuckoo",2
2006,"Yellow-throated Warbler",2
2006,"Acadian Flycatcher",1
2006,"American Crow",8
2006,"American Goldfinch",2
2006,"American Robin",19
2006,"Barn Swallow",19
2006,"Blue Grosbeak",5
2006,"Blue Jay",4
2006,"Blue-gray Gnatcatcher",1
2006,"Brown Thrasher",6
2006,"Canada Goose",7
2006,"Carolina Chickadee",7
2006,"Carolina Wren",31
2006,"Chimney Swift",8
2006,"Common Grackle",3
2006,"Downy Woodpecker",1
2006,"Eastern Bluebird",2
2006,"Eastern Meadowlark",1
2006,"Eastern Phoebe",2
2006,"Eastern Towhee",25
2006,"Eastern Wood-Pewee",1
2006,"European Starling",4
2006,"Fish Crow",4
2006,"Gray Catbird",3
2006,"Great Crested Flycatcher",1
2006,"House Finch",2
2006,"Indigo Bunting",2
2006,"Mourning Dove",9
2006,"Northern Cardinal",43
2006,"Northern Mockingbird",9
2006,"Ovenbird",2
2006,"Pine Warbler",13
2006,"Red-bellied Woodpecker",12
2006,"Red-eyed Vireo",1
2006,"Scarlet Tanager",1
2006,"Song Sparrow",1
2006,"Summer Tanager",2
2006,"Tufted Titmouse",12
2006,"White-breasted Nuthatch",2
2006,"White-eyed Vireo",1
2006,"Wood Thrush",3
2007,"Acadian Flycatcher",1
2007,"American Crow",24
2007,"American Goldfinch",6
2007,"Blue Jay",1
2007,"Blue-gray Gnatcatcher",15
2007,"Brown Thrasher",1
2007,"Brown-headed Cowbird",3
2007,"Brown-headed Nuthatch",1
2007,"Carolina Chickadee",16
2007,"Carolina Wren",21
2007,"Chipping Sparrow",4
2007,"Common Grackle",3
2007,"Downy Woodpecker",4
2007,"Eastern Bluebird",2
2007,"Eastern Kingbird",1
2007,"Eastern Meadowlark",1
2007,"Eastern Phoebe",1
2007,"Eastern Towhee",6
2007,"Eastern Whip-poor-will",1
2007,"Eastern Wood-Pewee",4
2007,"European Starling",6
2007,"Fish Crow",5
2007,"Hooded Warbler",2
2007,"Indigo Bunting",10
2007,"Killdeer",1
2007,"Mourning Dove",13
2007,"Northern Cardinal",39
2007,"Northern Mockingbird",9
2007,"Northern Parula",5
2007,"Ovenbird",6
2007,"Pileated Woodpecker",1
2007,"Pine Warbler",21
2007,"Red-bellied Woodpecker",13
2007,"Red-eyed Vireo",4
2007,"Red-shouldered Hawk",1
2007,"Scarlet Tanager",2
2007,"Summer Tanager",1
2007,"Tufted Titmouse",10
2007,"Turkey Vulture",5
2007,"Wood Thrush",9
2007,"Yellow-billed Cuckoo",1
2007,"Yellow-breasted Chat",1
2007,"Acadian Flycatcher",2
2007,"American Crow",34
2007,"American Goldfinch",19
2007,"American Robin",7
2007,"Blue Grosbeak",2
2007,"Blue-gray Gnatcatcher",18
2007,"Brown Thrasher",2
2007,"Brown-headed Cowbird",2
2007,"Carolina Chickadee",15
2007,"Carolina Wren",15
2007,"Chipping Sparrow",5
2007,"Common Grackle",3
2007,"Common Yellowthroat",3
2007,"Downy Woodpecker",3
2007,"Eastern Bluebird",4
2007,"Eastern Phoebe",3
2007,"Eastern Towhee",13
2007,"Eastern Whip-poor-will",4
2007,"Eastern Wood-Pewee",1
2007,"Field Sparrow",4
2007,"Fish Crow",1
2007,"Gray Catbird",3
2007,"Great Crested Flycatcher",1
2007,"House Finch",1
2007,"Indigo Bunting",17
2007,"Mourning Dove",10
2007,"Northern Cardinal",18
2007,"Northern Mockingbird",3
2007,"Ovenbird",1
2007,"Pine Warbler",16
2007,"Prairie Warbler",7
2007,"Red-bellied Woodpecker",6
2007,"Red-eyed Vireo",6
2007,"Red-winged Blackbird",10
2007,"Scarlet Tanager",3
2007,"Summer Tanager",9
2007,"Tufted Titmouse",12
2007,"White-breasted Nuthatch",1
2007,"White-eyed Vireo",1
2007,"Wood Thrush",8
2007,"Yellow-breasted Chat",5
2007,"Yellow-throated Warbler",2
2007,"American Crow",8
2007,"American Goldfinch",4
2007,"American Robin",8
2007,"Blue Grosbeak",10
2007,"Blue-gray Gnatcatcher",2
2007,"Brown Thrasher",5
2007,"Brown-headed Nuthatch",3
2007,"Carolina Chickadee",5
2007,"Carolina Wren",25
2007,"Chimney Swift",2
2007,"Chipping Sparrow",15
2007,"Common Grackle",3
2007,"Common Yellowthroat",6
2007,"Eastern Bluebird",5
2007,"Eastern Meadowlark",1
2007,"Eastern Phoebe",1
2007,"Eastern Towhee",5
2007,"Field Sparrow",2
2007,"Gray Catbird",2
2007,"Great Crested Flycatcher",4
2007,"House Sparrow",1
2007,"Indigo Bunting",12
2007,"Mourning Dove",5
2007,"Northern Bobwhite",3
2007,"Northern Mockingbird",9
2007,"Orchard Oriole",8
2007,"Ovenbird",5
2007,"Pine Warbler",11
2007,"Prairie Warbler",4
2007,"Purple Martin",2
2007,"Red-bellied Woodpecker",6
2007,"Red-eyed Vireo",8
2007,"Red-shouldered Hawk",1
2007,"Red-winged Blackbird",1
2007,"Summer Tanager",8
2007,"Tufted Titmouse",8
2007,"White-breasted Nuthatch",1
2007,"White-eyed Vireo",1
2007,"Wood Thrush",3
2007,"Yellow-billed Cuckoo",3
2007,"Yellow-breasted Chat",9
2007,"Acadian Flycatcher",3
2007,"American Crow",33
2007,"American Goldfinch",2
2007,"American Robin",1
2007,"Barn Swallow",10
2007,"Blue Grosbeak",3
2007,"Blue Jay",5
2007,"Blue-gray Gnatcatcher",15
2007,"Brown Thrasher",1
2007,"Brown-headed Cowbird",4
2007,"Canada Goose",2
2007,"Carolina Chickadee",7
2007,"Carolina Wren",13
2007,"Chimney Swift",7
2007,"Chipping Sparrow",15
2007,"Common Grackle",14
2007,"Common Yellowthroat",3
2007,"Downy Woodpecker",3
2007,"Eastern Bluebird",11
2007,"Eastern Kingbird",2
2007,"Eastern Meadowlark",1
2007,"Eastern Phoebe",1
2007,"Eastern Towhee",9
2007,"Eastern Whip-poor-will",1
2007,"Eastern Wood-Pewee",9
2007,"European Starling",3
2007,"Field Sparrow",1
2007,"Great Crested Flycatcher",4
2007,"House Sparrow",1
2007,"Indigo Bunting",13
2007,"Killdeer",2
2007,"Mourning Dove",13
2007,"Northern Cardinal",21
2007,"Northern Mockingbird",7
2007,"Northern Parula",1
2007,"Ovenbird",5
2007,"Pine Warbler",2
2007,"Prairie Warbler",5
2007,"Red-bellied Woodpecker",4
2007,"Red-eyed Vireo",6
2007,"Red-winged Blackbird",2
2007,"Summer Tanager",3
2007,"Tufted Titmouse",8
2007,"Turkey Vulture",1
2007,"White-breasted Nuthatch",2
2007,"White-eyed Vireo",2
2007,"Wood Thrush",6
2007,"Yellow-billed Cuckoo",2
2007,"Yellow-breasted Chat",8
2007,"American Crow",48
2007,"American Goldfinch",13
2007,"American Robin",9
2007,"Barn Swallow",3
2007,"Blue Grosbeak",7
2007,"Blue Jay",3
2007,"Blue-gray Gnatcatcher",3
2007,"Brown-headed Cowbird",6
2007,"Carolina Chickadee",2
2007,"Carolina Wren",13
2007,"Chimney Swift",2
2007,"Chipping Sparrow",22
2007,"Common Grackle",4
2007,"Common Yellowthroat",4
2007,"Downy Woodpecker",2
2007,"Eastern Bluebird",16
2007,"Eastern Kingbird",3
2007,"Eastern Meadowlark",14
2007,"Eastern Phoebe",6
2007,"Eastern Towhee",3
2007,"Eastern Wood-Pewee",11
2007,"European Starling",42
2007,"Grasshopper Sparrow",1
2007,"Great Crested Flycatcher",8
2007,"House Finch",6
2007,"Indigo Bunting",19
2007,"Mourning Dove",17
2007,"Northern Cardinal",34
2007,"Northern Mockingbird",28
2007,"Orchard Oriole",2
2007,"Ovenbird",3
2007,"Pine Warbler",3
2007,"Purple Martin",54
2007,"Red-bellied Woodpecker",12
2007,"Red-eyed Vireo",8
2007,"Red-winged Blackbird",2
2007,"Summer Tanager",6
2007,"Tufted Titmouse",5
2007,"Wood Thrush",9
2007,"Yellow-billed Cuckoo",10
2007,"Yellow-breasted Chat",5
2007,"Yellow-throated Vireo",1
2007,"American Crow",30
2007,"American Robin",1
2007,"Blue Grosbeak",1
2007,"Blue Jay",5
2007,"Blue-gray Gnatcatcher",5
2007,"Brown Thrasher",2
2007,"Brown-headed Cowbird",4
2007,"Brown-headed Nuthatch",5
2007,"Carolina Chickadee",4
2007,"Carolina Wren",23
2007,"Chimney Swift",2
2007,"Chipping Sparrow",10
2007,"Common Grackle",22
2007,"Eastern Bluebird",14
2007,"Eastern Meadowlark",11
2007,"Eastern Towhee",11
2007,"Eastern Wood-Pewee",8
2007,"European Starling",7
2007,"Field Sparrow",2
2007,"House Sparrow",10
2007,"Indigo Bunting",21
2007,"Mourning Dove",6
2007,"Northern Bobwhite",2
2007,"Northern Cardinal",14
2007,"Northern Mockingbird",22
2007,"Ovenbird",1
2007,"Pine Warbler",6
2007,"Red-bellied Woodpecker",6
2007,"Red-eyed Vireo",2
2007,"Red-winged Blackbird",7
2007,"Ruby-throated Hummingbird",1
2007,"Tufted Titmouse",1
2007,"Yellow-billed Cuckoo",2
2007,"Yellow-breasted Chat",4
2007,"American Crow",26
2007,"American Goldfinch",6
2007,"Barn Swallow",1
2007,"Blue Grosbeak",3
2007,"Blue Jay",6
2007,"Blue-gray Gnatcatcher",9
2007,"Brown Thrasher",7
2007,"Brown-headed Cowbird",1
2007,"Carolina Chickadee",4
2007,"Carolina Wren",16
2007,"Chimney Swift",2
2007,"Chipping Sparrow",5
2007,"Common Grackle",4
2007,"Common Yellowthroat",2
2007,"Eastern Bluebird",6
2007,"Eastern Meadowlark",9
2007,"Eastern Towhee",9
2007,"Eastern Wood-Pewee",2
2007,"Grasshopper Sparrow",2
2007,"House Finch",2
2007,"Indigo Bunting",19
2007,"Mourning Dove",15
2007,"Northern Bobwhite",4
2007,"Northern Cardinal",37
2007,"Northern Mockingbird",6
2007,"Ovenbird",4
2007,"Pine Warbler",8
2007,"Prairie Warbler",1
2007,"Red-bellied Woodpecker",6
2007,"Red-eyed Vireo",23
2007,"Red-winged Blackbird",6
2007,"Ruby-throated Hummingbird",1
2007,"Scarlet Tanager",1
2007,"Summer Tanager",11
2007,"Tufted Titmouse",3
2007,"White-breasted Nuthatch",1
2007,"White-eyed Vireo",2
2007,"Wood Thrush",12
2007,"Yellow-breasted Chat",7
2007,"Yellow-throated Vireo",2
2007,"Acadian Flycatcher",1
2007,"American Crow",29
2007,"American Goldfinch",5
2007,"Barn Swallow",5
2007,"Blue Grosbeak",1
2007,"Blue Jay",2
2007,"Blue-gray Gnatcatcher",5
2007,"Brown-headed Cowbird",1
2007,"Brown-headed Nuthatch",1
2007,"Carolina Chickadee",1
2007,"Carolina Wren",2
2007,"Chipping Sparrow",16
2007,"Common Grackle",4
2007,"Common Yellowthroat",3
2007,"Downy Woodpecker",2
2007,"Eastern Bluebird",20
2007,"Eastern Kingbird",2
2007,"Eastern Meadowlark",2
2007,"Eastern Phoebe",2
2007,"Eastern Whip-poor-will",1
2007,"Eastern Wood-Pewee",5
2007,"Hooded Warbler",1
2007,"Indigo Bunting",6
2007,"Killdeer",1
2007,"Mourning Dove",16
2007,"Northern Bobwhite",1
2007,"Northern Cardinal",26
2007,"Northern Mockingbird",5
2007,"Northern Parula",1
2007,"Ovenbird",2
2007,"Pine Warbler",9
2007,"Prairie Warbler",3
2007,"Red-bellied Woodpecker",8
2007,"Red-eyed Vireo",9
2007,"Red-shouldered Hawk",2
2007,"Tufted Titmouse",4
2007,"White-breasted Nuthatch",2
2007,"White-eyed Vireo",2
2007,"Wood Thrush",10
2007,"Yellow-billed Cuckoo",9
2007,"Yellow-breasted Chat",8
2007,"Yellow-throated Warbler",5
2007,"Acadian Flycatcher",2
2007,"American Crow",45
2007,"American Goldfinch",20
2007,"American Robin",2
2007,"Blue Jay",11
2007,"Blue-gray Gnatcatcher",11
2007,"Brown Thrasher",2
2007,"Brown-headed Cowbird",3
2007,"Brown-headed Nuthatch",6
2007,"Carolina Chickadee",5
2007,"Carolina Wren",37
2007,"Chimney Swift",5
2007,"Chipping Sparrow",8
2007,"Common Yellowthroat",2
2007,"Downy Woodpecker",2
2007,"Eastern Bluebird",18
2007,"Eastern Kingbird",1
2007,"Eastern Towhee",17
2007,"Eastern Wood-Pewee",4
2007,"Field Sparrow",1
2007,"Great Crested Flycatcher",7
2007,"Hooded Warbler",3
2007,"House Finch",4
2007,"Indigo Bunting",5
2007,"Mourning Dove",5
2007,"Northern Cardinal",32
2007,"Northern Mockingbird",3
2007,"Northern Parula",2
2007,"Ovenbird",3
2007,"Pileated Woodpecker",1
2007,"Pine Warbler",10
2007,"Prairie Warbler",2
2007,"Red-bellied Woodpecker",4
2007,"Red-eyed Vireo",20
2007,"Ruby-throated Hummingbird",2
2007,"Scarlet Tanager",3
2007,"Summer Tanager",7
2007,"Tufted Titmouse",8
2007,"White-breasted Nuthatch",2
2007,"White-eyed Vireo",2
2007,"Wood Thrush",14
2007,"Yellow-billed Cuckoo",8
2007,"Yellow-breasted Chat",4
2007,"Yellow-throated Vireo",1
2007,"American Crow",17
2007,"American Goldfinch",10
2007,"Barn Swallow",1
2007,"Blue Grosbeak",6
2007,"Blue Jay",2
2007,"Blue-gray Gnatcatcher",5
2007,"Brown-headed Cowbird",1
2007,"Carolina Chickadee",1
2007,"Carolina Wren",6
2007,"Chimney Swift",1
2007,"Chipping Sparrow",6
2007,"Common Grackle",3
2007,"Common Yellowthroat",3
2007,"Eastern Bluebird",1
2007,"Eastern Phoebe",1
2007,"Eastern Wood-Pewee",2
2007,"European Starling",1
2007,"Field Sparrow",1
2007,"Gray Catbird",2
2007,"Great Crested Flycatcher",4
2007,"Indigo Bunting",9
2007,"Mourning Dove",15
2007,"Northern Cardinal",20
2007,"Northern Mockingbird",7
2007,"Ovenbird",2
2007,"Pine Warbler",1
2007,"Prairie Warbler",2
2007,"Red-bellied Woodpecker",5
2007,"Red-eyed Vireo",5
2007,"Red-shouldered Hawk",1
2007,"Scarlet Tanager",1
2007,"Tufted Titmouse",3
2007,"Wood Thrush",6
2007,"Yellow-billed Cuckoo",3
2007,"Yellow-breasted Chat",5
2007,"American Crow",37
2007,"American Goldfinch",1
2007,"Barn Swallow",1
2007,"Blue Jay",6
2007,"Blue-gray Gnatcatcher",8
2007,"Brown Thrasher",1
2007,"Brown-headed Cowbird",4
2007,"Brown-headed Nuthatch",1
2007,"Canada Goose",3
2007,"Carolina Chickadee",5
2007,"Carolina Wren",30
2007,"Chimney Swift",4
2007,"Chipping Sparrow",7
2007,"Common Grackle",17
2007,"Common Yellowthroat",7
2007,"Eastern Bluebird",4
2007,"Eastern Kingbird",3
2007,"Eastern Meadowlark",3
2007,"Eastern Phoebe",2
2007,"Eastern Towhee",2
2007,"Eastern Whip-poor-will",2
2007,"Eastern Wood-Pewee",5
2007,"Gray Catbird",1
2007,"Great Crested Flycatcher",4
2007,"Hooded Warbler",3
2007,"Indigo Bunting",14
2007,"Mourning Dove",25
2007,"Northern Cardinal",18
2007,"Northern Mockingbird",3
2007,"Ovenbird",3
2007,"Pine Warbler",1
2007,"Prairie Warbler",5
2007,"Red-bellied Woodpecker",7
2007,"Red-eyed Vireo",12
2007,"Red-shouldered Hawk",3
2007,"Red-winged Blackbird",2
2007,"Summer Tanager",4
2007,"Tufted Titmouse",10
2007,"White-eyed Vireo",3
2007,"Wood Thrush",1
2007,"Yellow-billed Cuckoo",2
2007,"Yellow-breasted Chat",10
2007,"Yellow-throated Vireo",1
2007,"Yellow-throated Warbler",2
2007,"Acadian Flycatcher",1
2007,"American Crow",23
2007,"American Goldfinch",4
2007,"American Robin",7
2007,"Barn Swallow",24
2007,"Blue Grosbeak",4
2007,"Blue Jay",4
2007,"Blue-gray Gnatcatcher",4
2007,"Brown Thrasher",4
2007,"Brown-headed Cowbird",1
2007,"Carolina Wren",13
2007,"Chimney Swift",3
2007,"Chipping Sparrow",14
2007,"Common Grackle",5
2007,"Common Yellowthroat",3
2007,"Downy Woodpecker",1
2007,"Eastern Bluebird",10
2007,"Eastern Meadowlark",2
2007,"Eastern Phoebe",4
2007,"Eastern Towhee",3
2007,"Eastern Wood-Pewee",6
2007,"European Starling",2
2007,"Field Sparrow",2
2007,"Great Crested Flycatcher",1
2007,"House Finch",3
2007,"House Sparrow",2
2007,"Indigo Bunting",13
2007,"Mourning Dove",12
2007,"Northern Bobwhite",1
2007,"Northern Cardinal",18
2007,"Northern Mockingbird",12
2007,"Orchard Oriole",1
2007,"Ovenbird",2
2007,"Red-bellied Woodpecker",11
2007,"Red-eyed Vireo",2
2007,"Red-winged Blackbird",6
2007,"Scarlet Tanager",1
2007,"Song Sparrow",1
2007,"Summer Tanager",1
2007,"Tufted Titmouse",2
2007,"White-breasted Nuthatch",1
2007,"White-eyed Vireo",2
2007,"Wood Thrush",5
2007,"Yellow-billed Cuckoo",2
2007,"Yellow-breasted Chat",4
2007,"Yellow-throated Vireo",4
2007,"Acadian Flycatcher",1
2007,"American Crow",15
2007,"American Goldfinch",12
2007,"American Robin",15
2007,"Barn Swallow",7
2007,"Blue Grosbeak",8
2007,"Blue Jay",1
2007,"Carolina Chickadee",2
2007,"Carolina Wren",35
2007,"Chimney Swift",20
2007,"Chipping Sparrow",9
2007,"Common Grackle",2
2007,"Common Yellowthroat",2
2007,"Downy Woodpecker",2
2007,"Eastern Bluebird",9
2007,"Eastern Meadowlark",3
2007,"Eastern Towhee",9
2007,"European Starling",16
2007,"Grasshopper Sparrow",1
2007,"Gray Catbird",7
2007,"House Finch",17
2007,"House Sparrow",2
2007,"Indigo Bunting",12
2007,"Mourning Dove",11
2007,"Northern Bobwhite",2
2007,"Northern Cardinal",22
2007,"Northern Mockingbird",9
2007,"Orchard Oriole",1
2007,"Pileated Woodpecker",1
2007,"Red-bellied Woodpecker",1
2007,"Red-eyed Vireo",6
2007,"Red-shouldered Hawk",2
2007,"Ruby-throated Hummingbird",1
2007,"Scarlet Tanager",1
2007,"Song Sparrow",3
2007,"Summer Tanager",3
2007,"Tufted Titmouse",4
2007,"Turkey Vulture",1
2007,"White-eyed Vireo",1
2007,"Wood Thrush",5
2007,"Yellow-billed Cuckoo",1
2007,"Yellow-breasted Chat",4
2007,"American Crow",15
2007,"American Goldfinch",2
2007,"American Robin",2
2007,"Barn Swallow",4
2007,"Blue Grosbeak",4
2007,"Blue Jay",1
2007,"Blue-gray Gnatcatcher",3
2007,"Brown Thrasher",1
2007,"Brown-headed Cowbird",4
2007,"Brown-headed Nuthatch",4
2007,"Canada Goose",2
2007,"Carolina Chickadee",4
2007,"Carolina Wren",14
2007,"Chimney Swift",11
2007,"Chipping Sparrow",10
2007,"Common Grackle",51
2007,"Common Yellowthroat",1
2007,"Downy Woodpecker",1
2007,"Eastern Bluebird",1
2007,"Eastern Kingbird",1
2007,"Eastern Phoebe",2
2007,"Eastern Towhee",3
2007,"Eastern Wood-Pewee",2
2007,"European Starling",4
2007,"Fish Crow",1
2007,"Great Blue Heron",1
2007,"Great Crested Flycatcher",1
2007,"House Finch",3
2007,"Indigo Bunting",6
2007,"Mourning Dove",21
2007,"Northern Cardinal",24
2007,"Northern Mockingbird",4
2007,"Northern Parula",1
2007,"Pine Warbler",5
2007,"Purple Martin",6
2007,"Red-bellied Woodpecker",4
2007,"Summer Tanager",3
2007,"Tufted Titmouse",1
2007,"Turkey Vulture",1
2007,"Wood Thrush",1
2007,"Yellow-billed Cuckoo",2
2007,"Acadian Flycatcher",2
2007,"American Crow",22
2007,"American Goldfinch",6
2007,"American Robin",3
2007,"Barn Swallow",5
2007,"Blue Grosbeak",2
2007,"Blue Jay",5
2007,"Blue-gray Gnatcatcher",5
2007,"Brown-headed Cowbird",2
2007,"Carolina Chickadee",3
2007,"Carolina Wren",11
2007,"Chimney Swift",2
2007,"Chipping Sparrow",15
2007,"Common Grackle",4
2007,"Common Yellowthroat",3
2007,"Downy Woodpecker",3
2007,"Eastern Bluebird",4
2007,"Eastern Meadowlark",5
2007,"Eastern Phoebe",1
2007,"Eastern Towhee",4
2007,"Eastern Wood-Pewee",3
2007,"European Starling",20
2007,"Field Sparrow",1
2007,"Grasshopper Sparrow",2
2007,"Gray Catbird",1
2007,"Hooded Warbler",1
2007,"House Finch",1
2007,"Indigo Bunting",12
2007,"Killdeer",1
2007,"Mourning Dove",18
2007,"Northern Cardinal",32
2007,"Northern Mockingbird",6
2007,"Ovenbird",1
2007,"Prairie Warbler",1
2007,"Purple Martin",10
2007,"Red-bellied Woodpecker",4
2007,"Red-eyed Vireo",4
2007,"Red-winged Blackbird",2
2007,"Tufted Titmouse",1
2007,"Turkey Vulture",2
2007,"White-eyed Vireo",2
2007,"Wood Thrush",3
2007,"Yellow-billed Cuckoo",2
2007,"Yellow-breasted Chat",4
2007,"Yellow-throated Warbler",1
2007,"American Crow",18
2007,"American Robin",4
2007,"Blue Grosbeak",3
2007,"Blue Jay",3
2007,"Blue-gray Gnatcatcher",9
2007,"Brown Thrasher",2
2007,"Brown-headed Cowbird",2
2007,"Canada Goose",3
2007,"Carolina Chickadee",12
2007,"Carolina Wren",11
2007,"Chipping Sparrow",14
2007,"Eastern Bluebird",5
2007,"Eastern Kingbird",1
2007,"Eastern Meadowlark",2
2007,"Eastern Phoebe",2
2007,"Eastern Towhee",8
2007,"Eastern Wood-Pewee",7
2007,"European Starling",18
2007,"Fish Crow",1
2007,"House Finch",3
2007,"Indigo Bunting",9
2007,"Mourning Dove",9
2007,"Northern Cardinal",22
2007,"Northern Mockingbird",6
2007,"Northern Parula",1
2007,"Ovenbird",2
2007,"Pine Warbler",16
2007,"Prairie Warbler",1
2007,"Red-bellied Woodpecker",8
2007,"Red-eyed Vireo",10
2007,"Ruby-throated Hummingbird",1
2007,"Tufted Titmouse",24
2007,"Wood Thrush",14
2007,"Yellow-billed Cuckoo",1
2007,"Acadian Flycatcher",1
2007,"American Crow",27
2007,"American Goldfinch",7
2007,"American Robin",33
2007,"Blue Jay",15
2007,"Blue-gray Gnatcatcher",7
2007,"Brown Thrasher",2
2007,"Brown-headed Cowbird",3
2007,"Brown-headed Nuthatch",5
2007,"Canada Goose",1
2007,"Carolina Chickadee",11
2007,"Carolina Wren",17
2007,"Chimney Swift",11
2007,"Chipping Sparrow",5
2007,"Common Grackle",11
2007,"Common Yellowthroat",1
2007,"Downy Woodpecker",3
2007,"Eastern Bluebird",1
2007,"Eastern Phoebe",2
2007,"Eastern Towhee",12
2007,"Eastern Wood-Pewee",1
2007,"European Starling",15
2007,"Fish Crow",3
2007,"Gray Catbird",8
2007,"Great Crested Flycatcher",1
2007,"House Finch",9
2007,"House Sparrow",5
2007,"Indigo Bunting",1
2007,"Mourning Dove",4
2007,"Northern Cardinal",30
2007,"Northern Mockingbird",6
2007,"Northern Parula",2
2007,"Pine Warbler",5
2007,"Red-bellied Woodpecker",11
2007,"Red-eyed Vireo",7
2007,"Scarlet Tanager",1
2007,"Song Sparrow",4
2007,"Summer Tanager",1
2007,"Tufted Titmouse",13
2007,"Wood Thrush",2
2007,"Yellow-throated Vireo",1
2007,"Yellow-throated Warbler",1
2007,"Acadian Flycatcher",3
2007,"American Crow",4
2007,"American Goldfinch",1
2007,"American Robin",5
2007,"Barn Swallow",4
2007,"Blue Grosbeak",4
2007,"Blue-gray Gnatcatcher",11
2007,"Brown Thrasher",1
2007,"Brown-headed Cowbird",6
2007,"Canada Goose",7
2007,"Carolina Chickadee",8
2007,"Carolina Wren",15
2007,"Chimney Swift",2
2007,"Chipping Sparrow",13
2007,"Common Grackle",13
2007,"Common Yellowthroat",3
2007,"Downy Woodpecker",3
2007,"Eastern Bluebird",7
2007,"Eastern Phoebe",1
2007,"Eastern Towhee",8
2007,"Eastern Wood-Pewee",5
2007,"European Starling",2
2007,"Great Blue Heron",7
2007,"House Finch",3
2007,"Indigo Bunting",8
2007,"Mourning Dove",5
2007,"Northern Cardinal",19
2007,"Northern Mockingbird",4
2007,"Northern Parula",1
2007,"Orchard Oriole",1
2007,"Ovenbird",1
2007,"Pine Warbler",1
2007,"Red-bellied Woodpecker",3
2007,"Red-eyed Vireo",12
2007,"Summer Tanager",3
2007,"Tufted Titmouse",12
2007,"Wood Thrush",8
2007,"Yellow-throated Vireo",3
2007,"American Crow",11
2007,"American Goldfinch",8
2007,"American Robin",15
2007,"Blue Jay",5
2007,"Blue-gray Gnatcatcher",11
2007,"Brown-headed Nuthatch",3
2007,"Carolina Chickadee",2
2007,"Carolina Wren",20
2007,"Chimney Swift",7
2007,"Chipping Sparrow",12
2007,"Common Grackle",3
2007,"Downy Woodpecker",4
2007,"Eastern Bluebird",5
2007,"Eastern Towhee",30
2007,"Eastern Whip-poor-will",1
2007,"Gray Catbird",4
2007,"House Finch",8
2007,"House Sparrow",5
2007,"Indigo Bunting",1
2007,"Mourning Dove",10
2007,"Northern Cardinal",49
2007,"Northern Mockingbird",12
2007,"Red-bellied Woodpecker",9
2007,"Red-eyed Vireo",3
2007,"Ruby-throated Hummingbird",1
2007,"Scarlet Tanager",1
2007,"Song Sparrow",1
2007,"Summer Tanager",6
2007,"Tufted Titmouse",1
2007,"White-breasted Nuthatch",2
2007,"Wood Thrush",6
2007,"Yellow-billed Cuckoo",1
2007,"American Crow",9
2007,"American Goldfinch",8
2007,"American Robin",19
2007,"Barn Swallow",1
2007,"Blue Jay",1
2007,"Blue-gray Gnatcatcher",1
2007,"Brown-headed Nuthatch",3
2007,"Carolina Wren",17
2007,"Chimney Swift",4
2007,"Chipping Sparrow",3
2007,"Common Grackle",12
2007,"Common Yellowthroat",1
2007,"Eastern Bluebird",6
2007,"Eastern Towhee",15
2007,"Fish Crow",1
2007,"Gray Catbird",1
2007,"House Finch",3
2007,"House Sparrow",2
2007,"Indigo Bunting",3
2007,"Mourning Dove",5
2007,"Northern Cardinal",26
2007,"Northern Mockingbird",12
2007,"Orchard Oriole",2
2007,"Pine Warbler",5
2007,"Red-eyed Vireo",1
2007,"Song Sparrow",4
2007,"Tufted Titmouse",5
2007,"White-breasted Nuthatch",2
2007,"Yellow-billed Cuckoo",2
2007,"Acadian Flycatcher",1
2007,"American Crow",12
2007,"American Goldfinch",4
2007,"Blue Grosbeak",5
2007,"Blue Jay",3
2007,"Blue-gray Gnatcatcher",5
2007,"Brown Thrasher",1
2007,"Brown-headed Cowbird",3
2007,"Carolina Chickadee",1
2007,"Carolina Wren",16
2007,"Chipping Sparrow",10
2007,"Common Grackle",2
2007,"Common Yellowthroat",1
2007,"Downy Woodpecker",1
2007,"Eastern Bluebird",5
2007,"Eastern Phoebe",2
2007,"Eastern Towhee",13
2007,"Field Sparrow",4
2007,"Fish Crow",5
2007,"Great Crested Flycatcher",2
2007,"House Finch",2
2007,"House Sparrow",2
2007,"Indigo Bunting",13
2007,"Mourning Dove",7
2007,"Northern Bobwhite",5
2007,"Northern Cardinal",15
2007,"Northern Mockingbird",2
2007,"Ovenbird",4
2007,"Pileated Woodpecker",1
2007,"Pine Warbler",1
2007,"Prairie Warbler",2
2007,"Red-bellied Woodpecker",4
2007,"Red-eyed Vireo",3
2007,"Red-shouldered Hawk",2
2007,"Ruby-throated Hummingbird",1
2007,"Scarlet Tanager",1
2007,"Summer Tanager",4
2007,"Tufted Titmouse",3
2007,"White-breasted Nuthatch",2
2007,"Wood Thrush",3
2007,"Yellow-billed Cuckoo",2
2007,"Yellow-breasted Chat",3
2007,"Yellow-throated Vireo",1
2007,"American Crow",18
2007,"American Goldfinch",8
2007,"American Robin",3
2007,"Blue Jay",4
2007,"Blue-gray Gnatcatcher",6
2007,"Brown-headed Cowbird",1
2007,"Canada Goose",9
2007,"Carolina Chickadee",6
2007,"Carolina Wren",6
2007,"Chipping Sparrow",7
2007,"Common Yellowthroat",1
2007,"Eastern Bluebird",5
2007,"Eastern Towhee",5
2007,"Eastern Wood-Pewee",1
2007,"Fish Crow",1
2007,"Indigo Bunting",9
2007,"Mourning Dove",11
2007,"Northern Cardinal",28
2007,"Northern Mockingbird",12
2007,"Orchard Oriole",1
2007,"Pine Warbler",1
2007,"Red-bellied Woodpecker",1
2007,"Red-eyed Vireo",4
2007,"Red-shouldered Hawk",1
2007,"Summer Tanager",1
2007,"Turkey Vulture",1
2007,"Wood Thrush",3
2007,"Yellow-breasted Chat",1
2007,"Acadian Flycatcher",1
2007,"American Crow",20
2007,"American Goldfinch",2
2007,"American Robin",1
2007,"Barn Swallow",2
2007,"Blue Grosbeak",2
2007,"Blue Jay",3
2007,"Blue-gray Gnatcatcher",1
2007,"Brown Thrasher",3
2007,"Brown-headed Cowbird",1
2007,"Carolina Chickadee",1
2007,"Carolina Wren",13
2007,"Chimney Swift",2
2007,"Chipping Sparrow",6
2007,"Common Grackle",9
2007,"Common Yellowthroat",1
2007,"Eastern Bluebird",12
2007,"Eastern Kingbird",1
2007,"Eastern Meadowlark",9
2007,"Eastern Towhee",1
2007,"European Starling",17
2007,"Field Sparrow",3
2007,"Grasshopper Sparrow",1
2007,"Great Blue Heron",3
2007,"Great Crested Flycatcher",3
2007,"Indigo Bunting",8
2007,"Mourning Dove",25
2007,"Northern Cardinal",15
2007,"Northern Mockingbird",8
2007,"Pileated Woodpecker",1
2007,"Red-bellied Woodpecker",5
2007,"Red-eyed Vireo",6
2007,"Red-winged Blackbird",3
2007,"Summer Tanager",1
2007,"Tufted Titmouse",9
2007,"White-eyed Vireo",1
2007,"Wood Thrush",1
2007,"Yellow-billed Cuckoo",1
2007,"Yellow-breasted Chat",2
2007,"American Crow",33
2007,"American Goldfinch",6
2007,"American Robin",4
2007,"Blue Grosbeak",1
2007,"Carolina Wren",13
2007,"Chipping Sparrow",1
2007,"Common Grackle",7
2007,"Common Yellowthroat",2
2007,"Eastern Bluebird",9
2007,"Eastern Meadowlark",4
2007,"Eastern Towhee",2
2007,"European Starling",10
2007,"Field Sparrow",1
2007,"Great Crested Flycatcher",1
2007,"Indigo Bunting",7
2007,"Mourning Dove",24
2007,"Northern Bobwhite",2
2007,"Northern Cardinal",12
2007,"Northern Mockingbird",9
2007,"Pine Warbler",2
2007,"Red-bellied Woodpecker",5
2007,"Red-eyed Vireo",12
2007,"Summer Tanager",2
2007,"Tufted Titmouse",8
2007,"White-breasted Nuthatch",1
2007,"Wood Thrush",6
2007,"Yellow-breasted Chat",3
2007,"American Crow",20
2007,"American Goldfinch",3
2007,"American Robin",9
2007,"Barn Swallow",1
2007,"Blue Grosbeak",3
2007,"Blue Jay",1
2007,"Blue-gray Gnatcatcher",7
2007,"Brown-headed Cowbird",2
2007,"Carolina Chickadee",2
2007,"Carolina Wren",12
2007,"Chipping Sparrow",12
2007,"Common Yellowthroat",2
2007,"Downy Woodpecker",1
2007,"Eastern Bluebird",9
2007,"Eastern Meadowlark",4
2007,"Eastern Phoebe",1
2007,"Eastern Towhee",6
2007,"Eastern Wood-Pewee",4
2007,"European Starling",4
2007,"Field Sparrow",2
2007,"Grasshopper Sparrow",3
2007,"Great Blue Heron",1
2007,"Great Crested Flycatcher",2
2007,"House Finch",2
2007,"House Sparrow",4
2007,"Indigo Bunting",9
2007,"Mourning Dove",6
2007,"Northern Cardinal",24
2007,"Northern Mockingbird",3
2007,"Orchard Oriole",2
2007,"Ovenbird",1
2007,"Pileated Woodpecker",1
2007,"Pine Warbler",1
2007,"Prairie Warbler",3
2007,"Red-bellied Woodpecker",2
2007,"Red-eyed Vireo",6
2007,"Summer Tanager",1
2007,"Tufted Titmouse",3
2007,"White-breasted Nuthatch",1
2007,"Wood Thrush",4
2007,"Yellow-billed Cuckoo",3
2007,"Yellow-breasted Chat",4
2007,"Yellow-throated Vireo",1
2007,"American Crow",27
2007,"American Goldfinch",7
2007,"American Robin",1
2007,"Blue Grosbeak",1
2007,"Blue Jay",1
2007,"Blue-gray Gnatcatcher",7
2007,"Brown Thrasher",2
2007,"Brown-headed Cowbird",4
2007,"Canada Goose",11
2007,"Carolina Chickadee",2
2007,"Carolina Wren",17
2007,"Chimney Swift",2
2007,"Chipping Sparrow",5
2007,"Common Yellowthroat",2
2007,"Downy Woodpecker",1
2007,"Eastern Bluebird",3
2007,"Eastern Phoebe",1
2007,"Eastern Towhee",6
2007,"Eastern Wood-Pewee",1
2007,"European Starling",1
2007,"Great Crested Flycatcher",1
2007,"Hooded Warbler",2
2007,"House Finch",2
2007,"Indigo Bunting",5
2007,"Mourning Dove",2
2007,"Northern Cardinal",26
2007,"Northern Mockingbird",9
2007,"Northern Parula",2
2007,"Pine Warbler",1
2007,"Red-bellied Woodpecker",6
2007,"Red-eyed Vireo",4
2007,"Tufted Titmouse",3
2007,"White-eyed Vireo",1
2007,"Yellow-breasted Chat",1
2007,"Yellow-throated Vireo",1
2007,"American Crow",20
2007,"American Goldfinch",2
2007,"American Robin",4
2007,"Barn Swallow",7
2007,"Blue Grosbeak",10
2007,"Blue Jay",3
2007,"Blue-gray Gnatcatcher",7
2007,"Brown Thrasher",2
2007,"Brown-headed Cowbird",5
2007,"Brown-headed Nuthatch",1
2007,"Canada Goose",19
2007,"Carolina Chickadee",6
2007,"Carolina Wren",17
2007,"Chipping Sparrow",21
2007,"Common Grackle",13
2007,"Common Yellowthroat",2
2007,"Eastern Bluebird",6
2007,"Eastern Meadowlark",1
2007,"Eastern Phoebe",4
2007,"Eastern Towhee",5
2007,"Eastern Wood-Pewee",1
2007,"European Starling",1
2007,"Field Sparrow",2
2007,"Grasshopper Sparrow",1
2007,"Great Crested Flycatcher",2
2007,"House Finch",4
2007,"Indigo Bunting",15
2007,"Mourning Dove",30
2007,"Northern Bobwhite",2
2007,"Northern Cardinal",36
2007,"Northern Mockingbird",9
2007,"Northern Parula",1
2007,"Orchard Oriole",1
2007,"Ovenbird",2
2007,"Pine Warbler",9
2007,"Red-bellied Woodpecker",7
2007,"Red-eyed Vireo",11
2007,"Red-winged Blackbird",8
2007,"Ruby-throated Hummingbird",1
2007,"Scarlet Tanager",1
2007,"Tufted Titmouse",4
2007,"White-breasted Nuthatch",1
2007,"Wood Thrush",4
2007,"Yellow-billed Cuckoo",3
2007,"Yellow-breasted Chat",2
2007,"Yellow-throated Vireo",1
2007,"American Crow",26
2007,"American Goldfinch",4
2007,"American Robin",9
2007,"Barn Swallow",1
2007,"Blue Grosbeak",2
2007,"Blue Jay",5
2007,"Blue-gray Gnatcatcher",9
2007,"Brown Thrasher",2
2007,"Brown-headed Cowbird",1
2007,"Brown-headed Nuthatch",3
2007,"Canada Goose",1
2007,"Carolina Chickadee",7
2007,"Carolina Wren",4
2007,"Chimney Swift",7
2007,"Chipping Sparrow",21
2007,"Downy Woodpecker",2
2007,"Eastern Bluebird",6
2007,"Eastern Towhee",9
2007,"European Starling",4
2007,"Fish Crow",1
2007,"Great Blue Heron",3
2007,"Great Crested Flycatcher",2
2007,"House Finch",7
2007,"Indigo Bunting",2
2007,"Mourning Dove",10
2007,"Northern Cardinal",30
2007,"Northern Mockingbird",9
2007,"Pileated Woodpecker",2
2007,"Pine Warbler",5
2007,"Red-bellied Woodpecker",4
2007,"Red-eyed Vireo",5
2007,"Summer Tanager",4
2007,"Tufted Titmouse",4
2007,"Turkey Vulture",10
2007,"White-breasted Nuthatch",1
2007,"White-eyed Vireo",1
2007,"Wood Thrush",12
2007,"Yellow-breasted Chat",1
2007,"Yellow-throated Vireo",1
2007,"American Crow",18
2007,"American Goldfinch",7
2007,"American Robin",15
2007,"Blue Jay",2
2007,"Brown Thrasher",1
2007,"Brown-headed Cowbird",1
2007,"Canada Goose",4
2007,"Carolina Chickadee",7
2007,"Carolina Wren",25
2007,"Chipping Sparrow",4
2007,"Common Grackle",13
2007,"Common Yellowthroat",8
2007,"Eastern Bluebird",10
2007,"Eastern Kingbird",3
2007,"Eastern Meadowlark",6
2007,"Eastern Phoebe",4
2007,"Eastern Towhee",6
2007,"Eastern Wood-Pewee",5
2007,"Field Sparrow",9
2007,"Great Blue Heron",1
2007,"Great Crested Flycatcher",2
2007,"House Finch",3
2007,"House Sparrow",1
2007,"Indigo Bunting",6
2007,"Killdeer",4
2007,"Mourning Dove",20
2007,"Northern Bobwhite",3
2007,"Northern Cardinal",29
2007,"Northern Mockingbird",18
2007,"Orchard Oriole",5
2007,"Ovenbird",2
2007,"Pine Warbler",4
2007,"Prairie Warbler",1
2007,"Red-bellied Woodpecker",7
2007,"Red-eyed Vireo",11
2007,"Red-shouldered Hawk",1
2007,"Red-winged Blackbird",4
2007,"Summer Tanager",1
2007,"Tufted Titmouse",12
2007,"White-eyed Vireo",1
2007,"Wood Thrush",8
2007,"Yellow-billed Cuckoo",1
2007,"Yellow-breasted Chat",1
2007,"American Crow",40
2007,"American Goldfinch",1
2007,"American Robin",2
2007,"Blue Jay",2
2007,"Carolina Wren",20
2007,"Chipping Sparrow",2
2007,"Common Grackle",3
2007,"Common Yellowthroat",1
2007,"Eastern Bluebird",8
2007,"Eastern Towhee",2
2007,"Eastern Wood-Pewee",1
2007,"Field Sparrow",1
2007,"Hooded Warbler",2
2007,"Indigo Bunting",5
2007,"Mourning Dove",16
2007,"Northern Cardinal",16
2007,"Northern Mockingbird",9
2007,"Ovenbird",2
2007,"Pine Warbler",2
2007,"Red-bellied Woodpecker",6
2007,"Red-eyed Vireo",8
2007,"Red-shouldered Hawk",2
2007,"Red-winged Blackbird",2
2007,"Scarlet Tanager",1
2007,"Summer Tanager",2
2007,"Tufted Titmouse",12
2007,"Wood Thrush",9
2007,"Yellow-breasted Chat",3
2007,"Acadian Flycatcher",1
2007,"American Crow",34
2007,"American Robin",4
2007,"Blue Grosbeak",1
2007,"Blue Jay",10
2007,"Blue-gray Gnatcatcher",6
2007,"Brown Thrasher",1
2007,"Carolina Chickadee",7
2007,"Carolina Wren",17
2007,"Chimney Swift",1
2007,"Chipping Sparrow",6
2007,"Common Grackle",1
2007,"Downy Woodpecker",3
2007,"Eastern Bluebird",6
2007,"Eastern Phoebe",1
2007,"Eastern Towhee",13
2007,"European Starling",5
2007,"House Finch",4
2007,"Indigo Bunting",2
2007,"Mourning Dove",9
2007,"Northern Cardinal",20
2007,"Northern Mockingbird",9
2007,"Northern Parula",2
2007,"Ovenbird",2
2007,"Pileated Woodpecker",3
2007,"Pine Warbler",2
2007,"Prairie Warbler",1
2007,"Red-bellied Woodpecker",4
2007,"Red-eyed Vireo",10
2007,"Red-shouldered Hawk",3
2007,"Tufted Titmouse",5
2007,"Turkey Vulture",2
2007,"White-breasted Nuthatch",4
2007,"Wood Thrush",3
2007,"Yellow-breasted Chat",5
2007,"Acadian Flycatcher",1
2007,"American Crow",34
2007,"American Goldfinch",10
2007,"American Robin",7
2007,"Barn Swallow",2
2007,"Blue Grosbeak",7
2007,"Blue Jay",6
2007,"Blue-gray Gnatcatcher",11
2007,"Brown Thrasher",2
2007,"Brown-headed Cowbird",3
2007,"Canada Goose",1
2007,"Carolina Chickadee",3
2007,"Carolina Wren",21
2007,"Chimney Swift",3
2007,"Chipping Sparrow",15
2007,"Common Grackle",11
2007,"Common Yellowthroat",2
2007,"Downy Woodpecker",3
2007,"Eastern Bluebird",9
2007,"Eastern Kingbird",1
2007,"Eastern Meadowlark",2
2007,"Eastern Phoebe",3
2007,"Eastern Towhee",6
2007,"Eastern Wood-Pewee",1
2007,"European Starling",4
2007,"Fish Crow",1
2007,"Great Crested Flycatcher",1
2007,"House Finch",13
2007,"Indigo Bunting",14
2007,"Mourning Dove",9
2007,"Northern Cardinal",27
2007,"Northern Mockingbird",8
2007,"Northern Parula",1
2007,"Pine Warbler",6
2007,"Prairie Warbler",2
2007,"Red-bellied Woodpecker",5
2007,"Red-eyed Vireo",12
2007,"Red-winged Blackbird",3
2007,"Ruby-throated Hummingbird",1
2007,"Scarlet Tanager",2
2007,"Summer Tanager",2
2007,"Tufted Titmouse",21
2007,"White-eyed Vireo",2
2007,"Wood Thrush",4
2007,"Yellow-breasted Chat",4
2007,"Yellow-throated Vireo",2
2007,"Yellow-throated Warbler",1
2007,"Acadian Flycatcher",1
2007,"American Crow",23
2007,"American Goldfinch",11
2007,"Blue Jay",14
2007,"Blue-gray Gnatcatcher",4
2007,"Brown-headed Nuthatch",2
2007,"Canada Goose",4
2007,"Carolina Chickadee",6
2007,"Carolina Wren",22
2007,"Common Grackle",5
2007,"Downy Woodpecker",3
2007,"Eastern Bluebird",9
2007,"Eastern Meadowlark",2
2007,"Eastern Phoebe",6
2007,"Eastern Towhee",10
2007,"Eastern Wood-Pewee",4
2007,"Great Blue Heron",2
2007,"House Finch",2
2007,"Indigo Bunting",2
2007,"Mourning Dove",19
2007,"Northern Cardinal",30
2007,"Northern Mockingbird",9
2007,"Ovenbird",2
2007,"Pine Warbler",7
2007,"Red-bellied Woodpecker",6
2007,"Scarlet Tanager",2
2007,"Summer Tanager",1
2007,"Tufted Titmouse",12
2007,"White-breasted Nuthatch",2
2007,"White-eyed Vireo",3
2007,"Wood Thrush",9
2007,"Yellow-billed Cuckoo",1
2007,"Yellow-throated Warbler",2
2007,"American Crow",10
2007,"American Goldfinch",2
2007,"American Robin",29
2007,"Barn Swallow",8
2007,"Blue Grosbeak",5
2007,"Blue Jay",3
2007,"Blue-gray Gnatcatcher",2
2007,"Brown Thrasher",4
2007,"Brown-headed Cowbird",1
2007,"Carolina Chickadee",3
2007,"Carolina Wren",33
2007,"Chipping Sparrow",7
2007,"Common Grackle",19
2007,"Common Yellowthroat",1
2007,"Eastern Bluebird",21
2007,"Eastern Phoebe",2
2007,"Eastern Towhee",21
2007,"Eastern Wood-Pewee",2
2007,"European Starling",8
2007,"Fish Crow",2
2007,"Gray Catbird",4
2007,"Great Crested Flycatcher",2
2007,"House Finch",3
2007,"Indigo Bunting",10
2007,"Mourning Dove",6
2007,"Northern Cardinal",60
2007,"Northern Mockingbird",3
2007,"Ovenbird",2
2007,"Pileated Woodpecker",1
2007,"Pine Warbler",11
2007,"Red-bellied Woodpecker",9
2007,"Red-eyed Vireo",1
2007,"Summer Tanager",2
2007,"Tufted Titmouse",15
2007,"White-breasted Nuthatch",4
2007,"Wood Thrush",6
2008,"Acadian Flycatcher",1
2008,"American Crow",35
2008,"American Goldfinch",5
2008,"American Robin",1
2008,"Blue Jay",3
2008,"Blue-gray Gnatcatcher",14
2008,"Brown Thrasher",1
2008,"Brown-headed Cowbird",3
2008,"Brown-headed Nuthatch",4
2008,"Canada Goose",1
2008,"Carolina Chickadee",11
2008,"Carolina Wren",7
2008,"Chipping Sparrow",8
2008,"Common Grackle",2
2008,"Common Yellowthroat",4
2008,"Downy Woodpecker",1
2008,"Eastern Bluebird",4
2008,"Eastern Kingbird",2
2008,"Eastern Towhee",5
2008,"Eastern Wood-Pewee",4
2008,"European Starling",8
2008,"Fish Crow",1
2008,"Great Crested Flycatcher",2
2008,"Hooded Warbler",3
2008,"Indigo Bunting",6
2008,"Killdeer",2
2008,"Mourning Dove",8
2008,"Northern Cardinal",35
2008,"Northern Mockingbird",5
2008,"Northern Parula",1
2008,"Ovenbird",5
2008,"Pileated Woodpecker",2
2008,"Pine Warbler",29
2008,"Prairie Warbler",3
2008,"Red-bellied Woodpecker",9
2008,"Red-eyed Vireo",2
2008,"Red-shouldered Hawk",1
2008,"Summer Tanager",8
2008,"Tufted Titmouse",15
2008,"Turkey Vulture",1
2008,"White-breasted Nuthatch",5
2008,"White-eyed Vireo",1
2008,"Wood Thrush",6
2008,"Yellow-breasted Chat",2
2008,"Yellow-throated Warbler",4
2008,"American Crow",35
2008,"American Goldfinch",6
2008,"American Robin",2
2008,"Barn Swallow",1
2008,"Blue Grosbeak",1
2008,"Blue Jay",4
2008,"Blue-gray Gnatcatcher",14
2008,"Brown Thrasher",3
2008,"Brown-headed Cowbird",5
2008,"Brown-headed Nuthatch",3
2008,"Canada Goose",3
2008,"Carolina Chickadee",12
2008,"Carolina Wren",16
2008,"Chimney Swift",1
2008,"Chipping Sparrow",10
2008,"Common Grackle",8
2008,"Common Yellowthroat",5
2008,"Downy Woodpecker",5
2008,"Eastern Bluebird",3
2008,"Eastern Phoebe",1
2008,"Eastern Towhee",15
2008,"Eastern Whip-poor-will",1
2008,"Eastern Wood-Pewee",6
2008,"Field Sparrow",2
2008,"Fish Crow",1
2008,"Great Blue Heron",1
2008,"Great Crested Flycatcher",2
2008,"Hooded Warbler",2
2008,"House Finch",5
2008,"Indigo Bunting",12
2008,"Mourning Dove",15
2008,"Northern Cardinal",22
2008,"Northern Mockingbird",5
2008,"Northern Parula",3
2008,"Ovenbird",3
2008,"Pine Warbler",14
2008,"Prairie Warbler",6
2008,"Red-bellied Woodpecker",7
2008,"Red-eyed Vireo",8
2008,"Red-shouldered Hawk",1
2008,"Summer Tanager",6
2008,"Tufted Titmouse",10
2008,"White-breasted Nuthatch",1
2008,"White-eyed Vireo",4
2008,"Wood Thrush",4
2008,"Yellow-billed Cuckoo",1
2008,"Yellow-breasted Chat",3
2008,"Yellow-throated Warbler",1
2008,"Acadian Flycatcher",1
2008,"American Crow",6
2008,"American Robin",6
2008,"Blue Grosbeak",15
2008,"Blue Jay",2
2008,"Blue-gray Gnatcatcher",1
2008,"Brown Thrasher",3
2008,"Carolina Chickadee",3
2008,"Carolina Wren",14
2008,"Chimney Swift",4
2008,"Chipping Sparrow",10
2008,"Common Grackle",1
2008,"Common Yellowthroat",3
2008,"Downy Woodpecker",1
2008,"Eastern Bluebird",3
2008,"Eastern Phoebe",2
2008,"Eastern Towhee",5
2008,"Eastern Whip-poor-will",2
2008,"Field Sparrow",2
2008,"Gray Catbird",5
2008,"Great Crested Flycatcher",6
2008,"Indigo Bunting",15
2008,"Mourning Dove",8
2008,"Northern Bobwhite",3
2008,"Northern Cardinal",15
2008,"Northern Mockingbird",7
2008,"Orchard Oriole",5
2008,"Ovenbird",3
2008,"Pine Warbler",21
2008,"Prairie Warbler",1
2008,"Red-bellied Woodpecker",5
2008,"Red-eyed Vireo",9
2008,"Red-winged Blackbird",2
2008,"Scarlet Tanager",3
2008,"Summer Tanager",8
2008,"Tufted Titmouse",9
2008,"Wood Thrush",10
2008,"Yellow-billed Cuckoo",3
2008,"Yellow-breasted Chat",9
2008,"American Crow",27
2008,"American Goldfinch",7
2008,"American Robin",3
2008,"Barn Swallow",2
2008,"Blue Jay",4
2008,"Blue-gray Gnatcatcher",9
2008,"Brown-headed Cowbird",2
2008,"Canada Goose",6
2008,"Carolina Chickadee",8
2008,"Carolina Wren",10
2008,"Chimney Swift",1
2008,"Chipping Sparrow",9
2008,"Common Grackle",4
2008,"Common Yellowthroat",4
2008,"Eastern Bluebird",7
2008,"Eastern Kingbird",1
2008,"Eastern Meadowlark",2
2008,"Eastern Phoebe",1
2008,"Eastern Towhee",5
2008,"Eastern Whip-poor-will",3
2008,"Eastern Wood-Pewee",7
2008,"European Starling",2
2008,"Field Sparrow",2
2008,"Great Blue Heron",2
2008,"Great Crested Flycatcher",3
2008,"Hooded Warbler",1
2008,"Indigo Bunting",9
2008,"Killdeer",1
2008,"Mourning Dove",14
2008,"Northern Cardinal",17
2008,"Northern Mockingbird",2
2008,"Northern Parula",1
2008,"Ovenbird",4
2008,"Pine Warbler",4
2008,"Prairie Warbler",2
2008,"Red-bellied Woodpecker",7
2008,"Red-eyed Vireo",7
2008,"Red-winged Blackbird",1
2008,"Summer Tanager",2
2008,"Tufted Titmouse",16
2008,"White-eyed Vireo",1
2008,"Wood Thrush",7
2008,"Yellow-breasted Chat",12
2008,"Yellow-throated Warbler",1
2008,"American Crow",42
2008,"American Goldfinch",6
2008,"American Robin",4
2008,"Barn Swallow",4
2008,"Blue Grosbeak",2
2008,"Blue Jay",7
2008,"Blue-gray Gnatcatcher",3
2008,"Brown Thrasher",4
2008,"Brown-headed Cowbird",5
2008,"Brown-headed Nuthatch",2
2008,"Canada Goose",4
2008,"Carolina Chickadee",1
2008,"Carolina Wren",12
2008,"Chimney Swift",5
2008,"Chipping Sparrow",3
2008,"Common Grackle",27
2008,"Common Yellowthroat",1
2008,"Eastern Bluebird",11
2008,"Eastern Kingbird",2
2008,"Eastern Meadowlark",21
2008,"Eastern Phoebe",1
2008,"Eastern Towhee",9
2008,"Eastern Wood-Pewee",9
2008,"Field Sparrow",2
2008,"Grasshopper Sparrow",2
2008,"Gray Catbird",2
2008,"Great Blue Heron",1
2008,"Great Crested Flycatcher",6
2008,"House Sparrow",12
2008,"Indigo Bunting",21
2008,"Killdeer",1
2008,"Mourning Dove",36
2008,"Northern Cardinal",17
2008,"Northern Mockingbird",25
2008,"Pileated Woodpecker",4
2008,"Purple Martin",5
2008,"Red-bellied Woodpecker",6
2008,"Red-eyed Vireo",5
2008,"Song Sparrow",3
2008,"Summer Tanager",2
2008,"Tufted Titmouse",15
2008,"Wood Thrush",5
2008,"Yellow-breasted Chat",1
2008,"Yellow-throated Vireo",3
2008,"American Crow",36
2008,"American Goldfinch",8
2008,"American Robin",10
2008,"Barn Swallow",3
2008,"Blue Grosbeak",1
2008,"Blue-gray Gnatcatcher",6
2008,"Brown-headed Cowbird",1
2008,"Carolina Chickadee",3
2008,"Carolina Wren",24
2008,"Chimney Swift",2
2008,"Chipping Sparrow",13
2008,"Common Grackle",14
2008,"Downy Woodpecker",7
2008,"Eastern Bluebird",3
2008,"Eastern Kingbird",1
2008,"Eastern Meadowlark",18
2008,"Eastern Phoebe",2
2008,"Eastern Towhee",12
2008,"Eastern Wood-Pewee",5
2008,"European Starling",3
2008,"Field Sparrow",1
2008,"Great Blue Heron",1
2008,"Great Crested Flycatcher",1
2008,"House Sparrow",3
2008,"Indigo Bunting",28
2008,"Killdeer",1
2008,"Mourning Dove",18
2008,"Northern Cardinal",35
2008,"Northern Mockingbird",7
2008,"Ovenbird",1
2008,"Pine Warbler",7
2008,"Prairie Warbler",1
2008,"Red-bellied Woodpecker",3
2008,"Red-eyed Vireo",6
2008,"Red-winged Blackbird",5
2008,"Scarlet Tanager",1
2008,"Summer Tanager",1
2008,"Tufted Titmouse",6
2008,"Wood Thrush",3
2008,"Yellow-billed Cuckoo",1
2008,"Yellow-breasted Chat",3
2008,"Yellow-throated Vireo",2
2008,"Acadian Flycatcher",3
2008,"American Crow",24
2008,"American Goldfinch",4
2008,"American Robin",1
2008,"Barn Swallow",1
2008,"Blue Grosbeak",3
2008,"Blue Jay",7
2008,"Blue-gray Gnatcatcher",10
2008,"Brown Thrasher",2
2008,"Brown-headed Cowbird",2
2008,"Canada Goose",1
2008,"Carolina Chickadee",3
2008,"Carolina Wren",15
2008,"Chimney Swift",1
2008,"Chipping Sparrow",6
2008,"Common Grackle",9
2008,"Common Yellowthroat",3
2008,"Downy Woodpecker",2
2008,"Eastern Bluebird",5
2008,"Eastern Kingbird",2
2008,"Eastern Meadowlark",5
2008,"Eastern Towhee",5
2008,"Eastern Wood-Pewee",4
2008,"European Starling",1
2008,"Field Sparrow",1
2008,"Grasshopper Sparrow",2
2008,"Hooded Warbler",1
2008,"House Finch",2
2008,"Indigo Bunting",14
2008,"Mourning Dove",22
2008,"Northern Bobwhite",7
2008,"Northern Cardinal",25
2008,"Northern Mockingbird",8
2008,"Northern Parula",1
2008,"Ovenbird",7
2008,"Pine Warbler",16
2008,"Red-bellied Woodpecker",10
2008,"Red-eyed Vireo",18
2008,"Red-winged Blackbird",3
2008,"Ruby-throated Hummingbird",1
2008,"Summer Tanager",6
2008,"Tufted Titmouse",10
2008,"Wood Thrush",11
2008,"Yellow-billed Cuckoo",4
2008,"Yellow-breasted Chat",4
2008,"Yellow-throated Vireo",2
2008,"Yellow-throated Warbler",1
2008,"American Crow",32
2008,"American Goldfinch",11
2008,"American Robin",5
2008,"Barn Swallow",10
2008,"Blue Grosbeak",2
2008,"Blue-gray Gnatcatcher",13
2008,"Brown-headed Cowbird",1
2008,"Carolina Chickadee",4
2008,"Carolina Wren",6
2008,"Chipping Sparrow",15
2008,"Common Grackle",11
2008,"Common Yellowthroat",9
2008,"Eastern Bluebird",3
2008,"Eastern Kingbird",3
2008,"Eastern Meadowlark",7
2008,"Eastern Phoebe",6
2008,"Eastern Towhee",8
2008,"Eastern Whip-poor-will",1
2008,"Eastern Wood-Pewee",4
2008,"European Starling",2
2008,"Gray Catbird",1
2008,"Great Crested Flycatcher",3
2008,"Indigo Bunting",10
2008,"Killdeer",2
2008,"Mourning Dove",28
2008,"Northern Cardinal",26
2008,"Northern Mockingbird",6
2008,"Orchard Oriole",1
2008,"Ovenbird",5
2008,"Pine Warbler",11
2008,"Prairie Warbler",2
2008,"Red-bellied Woodpecker",3
2008,"Red-eyed Vireo",8
2008,"Ruby-throated Hummingbird",1
2008,"Summer Tanager",3
2008,"Tufted Titmouse",9
2008,"Wood Thrush",8
2008,"Yellow-billed Cuckoo",1
2008,"Yellow-breasted Chat",10
2008,"Yellow-throated Vireo",1
2008,"Yellow-throated Warbler",1
2008,"Acadian Flycatcher",4
2008,"American Crow",48
2008,"American Goldfinch",14
2008,"American Robin",4
2008,"Blue Grosbeak",3
2008,"Blue Jay",5
2008,"Blue-gray Gnatcatcher",26
2008,"Brown Thrasher",2
2008,"Brown-headed Cowbird",2
2008,"Brown-headed Nuthatch",1
2008,"Canada Goose",1
2008,"Carolina Chickadee",12
2008,"Carolina Wren",35
2008,"Chimney Swift",2
2008,"Chipping Sparrow",11
2008,"Common Yellowthroat",1
2008,"Downy Woodpecker",5
2008,"Eastern Bluebird",12
2008,"Eastern Phoebe",5
2008,"Eastern Towhee",14
2008,"Eastern Wood-Pewee",4
2008,"Field Sparrow",1
2008,"Fish Crow",2
2008,"Gray Catbird",1
2008,"Great Blue Heron",2
2008,"Great Crested Flycatcher",3
2008,"Hooded Warbler",1
2008,"House Finch",6
2008,"Indigo Bunting",10
2008,"Mourning Dove",20
2008,"Northern Cardinal",36
2008,"Northern Mockingbird",1
2008,"Ovenbird",3
2008,"Pine Warbler",16
2008,"Prairie Warbler",3
2008,"Red-bellied Woodpecker",10
2008,"Red-eyed Vireo",15
2008,"Red-shouldered Hawk",2
2008,"Red-winged Blackbird",3
2008,"Ruby-throated Hummingbird",1
2008,"Scarlet Tanager",7
2008,"Summer Tanager",9
2008,"Tufted Titmouse",23
2008,"White-breasted Nuthatch",4
2008,"White-eyed Vireo",5
2008,"Wood Thrush",11
2008,"Yellow-billed Cuckoo",4
2008,"Yellow-breasted Chat",7
2008,"Yellow-throated Vireo",2
2008,"American Crow",14
2008,"American Goldfinch",4
2008,"American Robin",1
2008,"Blue Grosbeak",2
2008,"Blue Jay",1
2008,"Blue-gray Gnatcatcher",7
2008,"Brown Thrasher",1
2008,"Brown-headed Cowbird",1
2008,"Canada Goose",1
2008,"Carolina Chickadee",4
2008,"Carolina Wren",5
2008,"Chipping Sparrow",8
2008,"Common Grackle",2
2008,"Eastern Bluebird",3
2008,"Eastern Phoebe",1
2008,"Eastern Towhee",5
2008,"Eastern Wood-Pewee",4
2008,"European Starling",1
2008,"Field Sparrow",1
2008,"Fish Crow",1
2008,"Gray Catbird",1
2008,"Great Blue Heron",3
2008,"Great Crested Flycatcher",1
2008,"Indigo Bunting",9
2008,"Mourning Dove",12
2008,"Northern Cardinal",10
2008,"Northern Mockingbird",4
2008,"Northern Parula",1
2008,"Orchard Oriole",1
2008,"Ovenbird",2
2008,"Pileated Woodpecker",1
2008,"Pine Warbler",1
2008,"Prairie Warbler",4
2008,"Red-bellied Woodpecker",5
2008,"Red-eyed Vireo",8
2008,"Red-shouldered Hawk",1
2008,"Red-winged Blackbird",1
2008,"Summer Tanager",2
2008,"Tufted Titmouse",1
2008,"White-breasted Nuthatch",1
2008,"White-eyed Vireo",1
2008,"Wood Thrush",2
2008,"Yellow-billed Cuckoo",5
2008,"Yellow-breasted Chat",10
2008,"Yellow-throated Warbler",1
2008,"American Crow",32
2008,"American Goldfinch",5
2008,"Barn Swallow",2
2008,"Blue Grosbeak",2
2008,"Blue Jay",2
2008,"Blue-gray Gnatcatcher",7
2008,"Brown-headed Cowbird",2
2008,"Brown-headed Nuthatch",2
2008,"Carolina Chickadee",6
2008,"Carolina Wren",19
2008,"Chipping Sparrow",7
2008,"Common Grackle",10
2008,"Common Yellowthroat",10
2008,"Eastern Bluebird",4
2008,"Eastern Meadowlark",4
2008,"Eastern Phoebe",2
2008,"Eastern Towhee",2
2008,"Eastern Whip-poor-will",1
2008,"Eastern Wood-Pewee",9
2008,"Field Sparrow",1
2008,"Gray Catbird",1
2008,"Great Crested Flycatcher",7
2008,"Hooded Warbler",1
2008,"House Finch",3
2008,"Indigo Bunting",11
2008,"Mourning Dove",14
2008,"Northern Bobwhite",2
2008,"Northern Cardinal",9
2008,"Northern Mockingbird",2
2008,"Northern Parula",1
2008,"Orchard Oriole",3
2008,"Ovenbird",6
2008,"Pileated Woodpecker",1
2008,"Pine Warbler",3
2008,"Red-bellied Woodpecker",8
2008,"Red-eyed Vireo",17
2008,"Red-winged Blackbird",1
2008,"Scarlet Tanager",1
2008,"Summer Tanager",3
2008,"Tufted Titmouse",12
2008,"White-eyed Vireo",5
2008,"Wood Thrush",1
2008,"Yellow-breasted Chat",10
2008,"Yellow-throated Warbler",1
2008,"American Crow",18
2008,"American Goldfinch",2
2008,"American Robin",5
2008,"Barn Swallow",15
2008,"Blue Grosbeak",6
2008,"Blue Jay",5
2008,"Blue-gray Gnatcatcher",6
2008,"Brown-headed Cowbird",3
2008,"Carolina Chickadee",3
2008,"Carolina Wren",5
2008,"Chimney Swift",1
2008,"Chipping Sparrow",13
2008,"Common Grackle",3
2008,"Common Yellowthroat",4
2008,"Downy Woodpecker",4
2008,"Eastern Bluebird",14
2008,"Eastern Kingbird",3
2008,"Eastern Meadowlark",6
2008,"Eastern Phoebe",3
2008,"Eastern Towhee",3
2008,"Eastern Wood-Pewee",11
2008,"Field Sparrow",1
2008,"Great Crested Flycatcher",3
2008,"House Finch",1
2008,"Indigo Bunting",8
2008,"Mourning Dove",19
2008,"Northern Cardinal",17
2008,"Northern Mockingbird",15
2008,"Orchard Oriole",3
2008,"Ovenbird",3
2008,"Red-bellied Woodpecker",7
2008,"Red-eyed Vireo",5
2008,"Red-winged Blackbird",6
2008,"Ruby-throated Hummingbird",1
2008,"Scarlet Tanager",1
2008,"Summer Tanager",2
2008,"Tufted Titmouse",11
2008,"Turkey Vulture",2
2008,"White-eyed Vireo",1
2008,"Wood Thrush",7
2008,"Yellow-billed Cuckoo",2
2008,"Yellow-breasted Chat",2
2008,"Yellow-throated Vireo",1
2008,"American Crow",34
2008,"American Goldfinch",8
2008,"American Robin",6
2008,"Blue Grosbeak",2
2008,"Blue Jay",2
2008,"Blue-gray Gnatcatcher",4
2008,"Brown Thrasher",2
2008,"Brown-headed Cowbird",6
2008,"Carolina Chickadee",4
2008,"Carolina Wren",12
2008,"Chimney Swift",13
2008,"Chipping Sparrow",36
2008,"Common Grackle",37
2008,"Eastern Bluebird",13
2008,"Eastern Kingbird",1
2008,"Eastern Meadowlark",1
2008,"Eastern Phoebe",5
2008,"Eastern Towhee",13
2008,"Eastern Wood-Pewee",1
2008,"European Starling",10
2008,"Fish Crow",2
2008,"Gray Catbird",3
2008,"Great Blue Heron",1
2008,"House Finch",10
2008,"House Sparrow",6
2008,"Indigo Bunting",5
2008,"Killdeer",3
2008,"Mourning Dove",13
2008,"Northern Cardinal",30
2008,"Northern Mockingbird",13
2008,"Ovenbird",1
2008,"Pine Warbler",1
2008,"Purple Martin",1
2008,"Red-eyed Vireo",1
2008,"Red-winged Blackbird",4
2008,"Song Sparrow",1
2008,"Tufted Titmouse",10
2008,"Turkey Vulture",1
2008,"White-eyed Vireo",1
2008,"Wood Thrush",1
2008,"Yellow-breasted Chat",2
2008,"Yellow-throated Warbler",1
2008,"American Crow",18
2008,"American Goldfinch",4
2008,"American Robin",2
2008,"Barn Swallow",1
2008,"Blue Grosbeak",2
2008,"Blue-gray Gnatcatcher",2
2008,"Brown Thrasher",2
2008,"Brown-headed Cowbird",3
2008,"Canada Goose",11
2008,"Carolina Chickadee",4
2008,"Carolina Wren",16
2008,"Chimney Swift",6
2008,"Chipping Sparrow",4
2008,"Common Grackle",10
2008,"Eastern Bluebird",4
2008,"Eastern Phoebe",3
2008,"Eastern Towhee",5
2008,"Eastern Wood-Pewee",2
2008,"European Starling",7
2008,"Fish Crow",7
2008,"Great Blue Heron",10
2008,"Great Crested Flycatcher",3
2008,"House Finch",6
2008,"Indigo Bunting",2
2008,"Mourning Dove",5
2008,"Northern Cardinal",20
2008,"Northern Mockingbird",2
2008,"Northern Parula",1
2008,"Pileated Woodpecker",1
2008,"Pine Warbler",5
2008,"Purple Martin",3
2008,"Red-bellied Woodpecker",3
2008,"Red-eyed Vireo",2
2008,"Red-shouldered Hawk",3
2008,"Summer Tanager",3
2008,"Tufted Titmouse",10
2008,"White-eyed Vireo",2
2008,"Acadian Flycatcher",2
2008,"American Crow",28
2008,"American Goldfinch",1
2008,"Blue Grosbeak",3
2008,"Blue Jay",3
2008,"Blue-gray Gnatcatcher",8
2008,"Brown Thrasher",1
2008,"Brown-headed Cowbird",3
2008,"Canada Goose",52
2008,"Carolina Chickadee",2
2008,"Carolina Wren",3
2008,"Chipping Sparrow",15
2008,"Common Grackle",4
2008,"Common Yellowthroat",4
2008,"Eastern Bluebird",7
2008,"Eastern Kingbird",1
2008,"Eastern Meadowlark",8
2008,"Eastern Phoebe",2
2008,"Eastern Towhee",2
2008,"Eastern Wood-Pewee",3
2008,"Field Sparrow",2
2008,"Fish Crow",4
2008,"Grasshopper Sparrow",2
2008,"Great Blue Heron",1
2008,"Great Crested Flycatcher",1
2008,"Indigo Bunting",11
2008,"Killdeer",4
2008,"Mourning Dove",22
2008,"Northern Cardinal",24
2008,"Northern Mockingbird",1
2008,"Ovenbird",6
2008,"Pine Warbler",3
2008,"Prairie Warbler",2
2008,"Purple Martin",12
2008,"Red-bellied Woodpecker",3
2008,"Red-eyed Vireo",2
2008,"Red-winged Blackbird",4
2008,"Summer Tanager",7
2008,"Tufted Titmouse",5
2008,"Wood Thrush",3
2008,"Yellow-billed Cuckoo",1
2008,"Yellow-breasted Chat",6
2008,"Acadian Flycatcher",1
2008,"American Crow",30
2008,"American Goldfinch",2
2008,"American Robin",4
2008,"Blue Grosbeak",1
2008,"Blue Jay",5
2008,"Blue-gray Gnatcatcher",13
2008,"Brown Thrasher",1
2008,"Brown-headed Cowbird",2
2008,"Canada Goose",6
2008,"Carolina Chickadee",12
2008,"Carolina Wren",14
2008,"Chipping Sparrow",19
2008,"Common Grackle",4
2008,"Eastern Bluebird",5
2008,"Eastern Phoebe",5
2008,"Eastern Towhee",5
2008,"Eastern Wood-Pewee",6
2008,"Great Crested Flycatcher",3
2008,"House Finch",1
2008,"Indigo Bunting",18
2008,"Killdeer",3
2008,"Mourning Dove",18
2008,"Northern Bobwhite",2
2008,"Northern Cardinal",25
2008,"Northern Mockingbird",6
2008,"Ovenbird",5
2008,"Pine Warbler",16
2008,"Red-bellied Woodpecker",10
2008,"Red-eyed Vireo",7
2008,"Summer Tanager",1
2008,"Tufted Titmouse",17
2008,"White-eyed Vireo",1
2008,"Wood Thrush",10
2008,"Yellow-breasted Chat",2
2008,"Acadian Flycatcher",5
2008,"American Crow",24
2008,"American Goldfinch",4
2008,"American Robin",30
2008,"Blue Jay",8
2008,"Blue-gray Gnatcatcher",5
2008,"Brown-headed Cowbird",3
2008,"Brown-headed Nuthatch",3
2008,"Carolina Chickadee",12
2008,"Carolina Wren",4
2008,"Chimney Swift",13
2008,"Chipping Sparrow",7
2008,"Common Grackle",36
2008,"Downy Woodpecker",5
2008,"Eastern Bluebird",4
2008,"Eastern Phoebe",2
2008,"Eastern Towhee",12
2008,"European Starling",7
2008,"Fish Crow",4
2008,"Gray Catbird",5
2008,"House Finch",7
2008,"House Sparrow",4
2008,"Indigo Bunting",1
2008,"Mourning Dove",10
2008,"Northern Cardinal",33
2008,"Northern Mockingbird",16
2008,"Northern Parula",1
2008,"Pine Warbler",2
2008,"Red-bellied Woodpecker",12
2008,"Red-eyed Vireo",3
2008,"Song Sparrow",6
2008,"Tufted Titmouse",12
2008,"White-breasted Nuthatch",2
2008,"Yellow-throated Warbler",1
2008,"Acadian Flycatcher",3
2008,"American Crow",15
2008,"American Goldfinch",5
2008,"American Robin",10
2008,"Barn Swallow",2
2008,"Blue Grosbeak",2
2008,"Blue Jay",2
2008,"Blue-gray Gnatcatcher",15
2008,"Brown Thrasher",2
2008,"Brown-headed Cowbird",5
2008,"Canada Goose",3
2008,"Carolina Chickadee",5
2008,"Carolina Wren",12
2008,"Chimney Swift",3
2008,"Chipping Sparrow",12
2008,"Common Grackle",8
2008,"Common Yellowthroat",1
2008,"Downy Woodpecker",1
2008,"Eastern Bluebird",3
2008,"Eastern Meadowlark",3
2008,"Eastern Phoebe",4
2008,"Eastern Towhee",5
2008,"Eastern Wood-Pewee",8
2008,"European Starling",4
2008,"Gray Catbird",1
2008,"Great Blue Heron",6
2008,"Great Crested Flycatcher",4
2008,"House Finch",6
2008,"Indigo Bunting",11
2008,"Mourning Dove",12
2008,"Northern Cardinal",26
2008,"Northern Mockingbird",2
2008,"Northern Parula",3
2008,"Ovenbird",2
2008,"Pileated Woodpecker",1
2008,"Pine Warbler",5
2008,"Red-bellied Woodpecker",5
2008,"Red-eyed Vireo",10
2008,"Red-shouldered Hawk",1
2008,"Red-winged Blackbird",2
2008,"Summer Tanager",4
2008,"Tufted Titmouse",14
2008,"White-eyed Vireo",4
2008,"Wood Thrush",10
2008,"Yellow-billed Cuckoo",3
2008,"Yellow-breasted Chat",1
2008,"Yellow-throated Vireo",2
2008,"Yellow-throated Warbler",1
2008,"American Crow",7
2008,"American Goldfinch",12
2008,"American Robin",19
2008,"Barn Swallow",2
2008,"Blue Jay",4
2008,"Blue-gray Gnatcatcher",24
2008,"Brown-headed Cowbird",4
2008,"Brown-headed Nuthatch",1
2008,"Carolina Chickadee",18
2008,"Carolina Wren",20
2008,"Chimney Swift",9
2008,"Chipping Sparrow",11
2008,"Common Grackle",3
2008,"Common Yellowthroat",1
2008,"Downy Woodpecker",4
2008,"Eastern Bluebird",8
2008,"Eastern Phoebe",2
2008,"Eastern Towhee",28
2008,"Eastern Whip-poor-will",1
2008,"Fish Crow",1
2008,"Gray Catbird",2
2008,"Great Blue Heron",2
2008,"Great Crested Flycatcher",1
2008,"House Finch",11
2008,"House Sparrow",4
2008,"Indigo Bunting",1
2008,"Mourning Dove",15
2008,"Northern Cardinal",56
2008,"Northern Mockingbird",14
2008,"Pine Warbler",8
2008,"Red-bellied Woodpecker",14
2008,"Red-eyed Vireo",2
2008,"Ruby-throated Hummingbird",1
2008,"Scarlet Tanager",2
2008,"Song Sparrow",7
2008,"Summer Tanager",3
2008,"Tufted Titmouse",22
2008,"White-breasted Nuthatch",4
2008,"Wood Thrush",6
2008,"American Crow",12
2008,"American Goldfinch",1
2008,"American Robin",18
2008,"Barn Swallow",2
2008,"Blue Jay",4
2008,"Brown Thrasher",4
2008,"Brown-headed Cowbird",5
2008,"Brown-headed Nuthatch",1
2008,"Canada Goose",2
2008,"Carolina Chickadee",3
2008,"Carolina Wren",9
2008,"Chipping Sparrow",3
2008,"Common Grackle",23
2008,"Common Yellowthroat",1
2008,"Downy Woodpecker",2
2008,"Eastern Bluebird",7
2008,"Eastern Towhee",15
2008,"European Starling",6
2008,"Field Sparrow",1
2008,"Fish Crow",4
2008,"Gray Catbird",4
2008,"Great Crested Flycatcher",1
2008,"House Finch",4
2008,"Indigo Bunting",3
2008,"Mourning Dove",9
2008,"Northern Cardinal",12
2008,"Northern Mockingbird",8
2008,"Orchard Oriole",4
2008,"Pine Warbler",9
2008,"Red-bellied Woodpecker",5
2008,"Red-eyed Vireo",1
2008,"Red-shouldered Hawk",1
2008,"Red-winged Blackbird",1
2008,"Song Sparrow",4
2008,"Summer Tanager",1
2008,"Tufted Titmouse",13
2008,"Wood Thrush",1
2008,"American Crow",7
2008,"American Goldfinch",5
2008,"Blue Grosbeak",3
2008,"Blue Jay",3
2008,"Blue-gray Gnatcatcher",11
2008,"Brown Thrasher",2
2008,"Brown-headed Cowbird",4
2008,"Carolina Chickadee",6
2008,"Carolina Wren",8
2008,"Chipping Sparrow",15
2008,"Common Grackle",1
2008,"Common Yellowthroat",1
2008,"Eastern Bluebird",2
2008,"Eastern Towhee",10
2008,"Eastern Wood-Pewee",2
2008,"Fish Crow",1
2008,"Great Crested Flycatcher",2
2008,"House Sparrow",1
2008,"Indigo Bunting",12
2008,"Mourning Dove",10
2008,"Northern Bobwhite",2
2008,"Northern Cardinal",13
2008,"Northern Mockingbird",3
2008,"Northern Parula",3
2008,"Ovenbird",5
2008,"Prairie Warbler",2
2008,"Red-bellied Woodpecker",3
2008,"Red-eyed Vireo",5
2008,"Summer Tanager",3
2008,"Tufted Titmouse",15
2008,"White-eyed Vireo",1
2008,"Yellow-billed Cuckoo",1
2008,"Yellow-breasted Chat",5
2008,"American Crow",28
2008,"American Goldfinch",2
2008,"American Robin",6
2008,"Barn Swallow",1
2008,"Blue Jay",3
2008,"Blue-gray Gnatcatcher",8
2008,"Brown-headed Cowbird",1
2008,"Carolina Chickadee",14
2008,"Carolina Wren",7
2008,"Chimney Swift",3
2008,"Chipping Sparrow",12
2008,"Common Grackle",11
2008,"Eastern Bluebird",4
2008,"Eastern Phoebe",1
2008,"Eastern Towhee",6
2008,"European Starling",1
2008,"Fish Crow",1
2008,"Great Crested Flycatcher",5
2008,"House Finch",9
2008,"House Sparrow",4
2008,"Indigo Bunting",8
2008,"Mourning Dove",17
2008,"Northern Cardinal",29
2008,"Northern Mockingbird",8
2008,"Ovenbird",3
2008,"Pine Warbler",2
2008,"Red-bellied Woodpecker",2
2008,"Red-eyed Vireo",4
2008,"Red-shouldered Hawk",1
2008,"Tufted Titmouse",2
2008,"White-breasted Nuthatch",1
2008,"Wood Thrush",4
2008,"Yellow-breasted Chat",3
2008,"Acadian Flycatcher",1
2008,"American Crow",23
2008,"American Goldfinch",2
2008,"American Robin",3
2008,"Barn Swallow",5
2008,"Blue Grosbeak",6
2008,"Blue Jay",1
2008,"Blue-gray Gnatcatcher",1
2008,"Brown-headed Cowbird",1
2008,"Brown-headed Nuthatch",1
2008,"Carolina Wren",10
2008,"Chipping Sparrow",7
2008,"Common Grackle",2
2008,"Eastern Bluebird",12
2008,"Eastern Kingbird",1
2008,"Eastern Meadowlark",2
2008,"Eastern Phoebe",1
2008,"Eastern Towhee",2
2008,"Eastern Whip-poor-will",1
2008,"European Starling",6
2008,"Field Sparrow",2
2008,"Grasshopper Sparrow",1
2008,"House Finch",9
2008,"Indigo Bunting",4
2008,"Mourning Dove",24
2008,"Northern Cardinal",16
2008,"Northern Mockingbird",8
2008,"Orchard Oriole",1
2008,"Pileated Woodpecker",1
2008,"Purple Martin",1
2008,"Red-bellied Woodpecker",7
2008,"Red-eyed Vireo",2
2008,"Red-winged Blackbird",2
2008,"Summer Tanager",1
2008,"Tufted Titmouse",10
2008,"White-breasted Nuthatch",1
2008,"Wood Thrush",2
2008,"Yellow-billed Cuckoo",1
2008,"Yellow-breasted Chat",3
2008,"Acadian Flycatcher",2
2008,"American Crow",16
2008,"American Robin",4
2008,"Blue Jay",1
2008,"Brown Thrasher",1
2008,"Brown-headed Cowbird",1
2008,"Carolina Wren",11
2008,"Chimney Swift",1
2008,"Chipping Sparrow",5
2008,"Common Grackle",3
2008,"Eastern Bluebird",6
2008,"Eastern Meadowlark",1
2008,"Eastern Towhee",2
2008,"Field Sparrow",2
2008,"Great Crested Flycatcher",2
2008,"House Finch",2
2008,"Indigo Bunting",8
2008,"Killdeer",2
2008,"Mourning Dove",10
2008,"Northern Bobwhite",1
2008,"Northern Cardinal",16
2008,"Northern Mockingbird",8
2008,"Ovenbird",1
2008,"Red-bellied Woodpecker",6
2008,"Red-eyed Vireo",7
2008,"Red-winged Blackbird",2
2008,"Ruby-throated Hummingbird",1
2008,"Summer Tanager",5
2008,"Tufted Titmouse",15
2008,"White-breasted Nuthatch",1
2008,"Wood Thrush",7
2008,"Yellow-billed Cuckoo",3
2008,"Yellow-breasted Chat",1
2008,"American Crow",26
2008,"American Goldfinch",3
2008,"American Robin",9
2008,"Blue Grosbeak",5
2008,"Blue Jay",5
2008,"Brown Thrasher",2
2008,"Brown-headed Cowbird",1
2008,"Brown-headed Nuthatch",1
2008,"Canada Goose",1
2008,"Carolina Chickadee",5
2008,"Carolina Wren",10
2008,"Chimney Swift",3
2008,"Chipping Sparrow",12
2008,"Common Grackle",11
2008,"Common Yellowthroat",3
2008,"Eastern Bluebird",13
2008,"Eastern Meadowlark",4
2008,"Eastern Towhee",6
2008,"Eastern Wood-Pewee",2
2008,"European Starling",2
2008,"Field Sparrow",2
2008,"Gray Catbird",1
2008,"House Sparrow",6
2008,"Killdeer",1
2008,"Mourning Dove",10
2008,"Northern Bobwhite",1
2008,"Northern Cardinal",19
2008,"Northern Mockingbird",8
2008,"Ovenbird",3
2008,"Prairie Warbler",1
2008,"Red-bellied Woodpecker",2
2008,"Red-eyed Vireo",4
2008,"Red-shouldered Hawk",1
2008,"Red-winged Blackbird",2
2008,"Scarlet Tanager",2
2008,"Tufted Titmouse",9
2008,"White-breasted Nuthatch",2
2008,"Wood Thrush",1
2008,"Yellow-breasted Chat",2
2008,"Yellow-throated Vireo",1
2008,"American Crow",28
2008,"American Goldfinch",4
2008,"American Robin",2
2008,"Blue Jay",2
2008,"Blue-gray Gnatcatcher",5
2008,"Canada Goose",6
2008,"Carolina Chickadee",3
2008,"Carolina Wren",9
2008,"Chimney Swift",2
2008,"Chipping Sparrow",3
2008,"Common Grackle",7
2008,"Common Yellowthroat",1
2008,"Eastern Bluebird",1
2008,"Eastern Phoebe",1
2008,"Eastern Towhee",6
2008,"European Starling",4
2008,"Gray Catbird",2
2008,"Great Crested Flycatcher",1
2008,"House Finch",1
2008,"Indigo Bunting",6
2008,"Mourning Dove",6
2008,"Northern Cardinal",21
2008,"Northern Mockingbird",6
2008,"Northern Parula",1
2008,"Pine Warbler",4
2008,"Prairie Warbler",2
2008,"Red-bellied Woodpecker",7
2008,"Red-eyed Vireo",6
2008,"Summer Tanager",1
2008,"Tufted Titmouse",8
2008,"White-eyed Vireo",1
2008,"Yellow-breasted Chat",1
2008,"Yellow-throated Vireo",1
2008,"American Crow",31
2008,"American Goldfinch",12
2008,"American Robin",3
2008,"Barn Swallow",11
2008,"Blue Grosbeak",8
2008,"Blue Jay",4
2008,"Blue-gray Gnatcatcher",12
2008,"Brown Thrasher",2
2008,"Brown-headed Cowbird",5
2008,"Brown-headed Nuthatch",3
2008,"Canada Goose",19
2008,"Carolina Chickadee",7
2008,"Carolina Wren",14
2008,"Chimney Swift",9
2008,"Chipping Sparrow",20
2008,"Common Grackle",10
2008,"Common Yellowthroat",3
2008,"Downy Woodpecker",1
2008,"Eastern Bluebird",9
2008,"Eastern Meadowlark",6
2008,"Eastern Phoebe",2
2008,"Eastern Towhee",7
2008,"Eastern Wood-Pewee",5
2008,"European Starling",1
2008,"Field Sparrow",5
2008,"Grasshopper Sparrow",5
2008,"Great Blue Heron",1
2008,"Great Crested Flycatcher",3
2008,"House Finch",11
2008,"Indigo Bunting",8
2008,"Killdeer",1
2008,"Mourning Dove",41
2008,"Northern Bobwhite",2
2008,"Northern Cardinal",33
2008,"Northern Mockingbird",11
2008,"Northern Parula",1
2008,"Orchard Oriole",2
2008,"Ovenbird",1
2008,"Pine Warbler",10
2008,"Purple Martin",1
2008,"Red-bellied Woodpecker",7
2008,"Red-eyed Vireo",5
2008,"Red-shouldered Hawk",1
2008,"Red-winged Blackbird",10
2008,"Ruby-throated Hummingbird",2
2008,"Summer Tanager",3
2008,"Tufted Titmouse",12
2008,"White-breasted Nuthatch",1
2008,"Wood Thrush",3
2008,"Yellow-breasted Chat",2
2008,"Yellow-throated Vireo",1
2008,"American Crow",23
2008,"American Goldfinch",13
2008,"American Robin",9
2008,"Blue Grosbeak",1
2008,"Blue-gray Gnatcatcher",3
2008,"Brown Thrasher",1
2008,"Brown-headed Cowbird",3
2008,"Brown-headed Nuthatch",4
2008,"Canada Goose",4
2008,"Carolina Chickadee",5
2008,"Carolina Wren",7
2008,"Chimney Swift",3
2008,"Chipping Sparrow",13
2008,"Downy Woodpecker",3
2008,"Eastern Bluebird",11
2008,"Eastern Phoebe",1
2008,"Eastern Towhee",15
2008,"Eastern Whip-poor-will",2
2008,"European Starling",1
2008,"Fish Crow",1
2008,"Great Crested Flycatcher",2
2008,"House Finch",2
2008,"Indigo Bunting",5
2008,"Mourning Dove",14
2008,"Northern Cardinal",19
2008,"Northern Mockingbird",8
2008,"Pileated Woodpecker",2
2008,"Pine Warbler",7
2008,"Red-bellied Woodpecker",5
2008,"Red-eyed Vireo",3
2008,"Red-shouldered Hawk",1
2008,"Summer Tanager",2
2008,"Tufted Titmouse",5
2008,"Turkey Vulture",4
2008,"White-breasted Nuthatch",2
2008,"Wood Thrush",5
2008,"Yellow-breasted Chat",3
2008,"Yellow-throated Warbler",1
2008,"American Crow",18
2008,"American Goldfinch",9
2008,"American Robin",15
2008,"Barn Swallow",1
2008,"Blue Grosbeak",2
2008,"Blue Jay",6
2008,"Brown Thrasher",4
2008,"Brown-headed Cowbird",4
2008,"Brown-headed Nuthatch",2
2008,"Canada Goose",3
2008,"Carolina Chickadee",7
2008,"Carolina Wren",12
2008,"Chimney Swift",2
2008,"Chipping Sparrow",9
2008,"Common Grackle",31
2008,"Common Yellowthroat",3
2008,"Eastern Bluebird",13
2008,"Eastern Meadowlark",15
2008,"Eastern Phoebe",5
2008,"Eastern Towhee",7
2008,"Eastern Wood-Pewee",3
2008,"European Starling",7
2008,"Field Sparrow",10
2008,"Gray Catbird",1
2008,"Great Crested Flycatcher",3
2008,"House Finch",3
2008,"Indigo Bunting",13
2008,"Killdeer",5
2008,"Mourning Dove",23
2008,"Northern Cardinal",26
2008,"Northern Mockingbird",14
2008,"Orchard Oriole",2
2008,"Ovenbird",3
2008,"Pine Warbler",4
2008,"Red-bellied Woodpecker",5
2008,"Red-eyed Vireo",15
2008,"Summer Tanager",3
2008,"Tufted Titmouse",17
2008,"White-breasted Nuthatch",2
2008,"Wood Thrush",5
2008,"Yellow-breasted Chat",4
2008,"Yellow-throated Vireo",1
2008,"American Crow",39
2008,"American Goldfinch",3
2008,"American Robin",6
2008,"Brown Thrasher",1
2008,"Brown-headed Cowbird",2
2008,"Carolina Chickadee",2
2008,"Carolina Wren",8
2008,"Chimney Swift",5
2008,"Chipping Sparrow",1
2008,"Common Grackle",9
2008,"Common Yellowthroat",1
2008,"Eastern Bluebird",8
2008,"Eastern Meadowlark",2
2008,"Eastern Towhee",1
2008,"European Starling",7
2008,"House Sparrow",1
2008,"Indigo Bunting",10
2008,"Mourning Dove",21
2008,"Northern Cardinal",22
2008,"Northern Mockingbird",9
2008,"Ovenbird",3
2008,"Red-bellied Woodpecker",2
2008,"Red-eyed Vireo",3
2008,"Red-shouldered Hawk",3
2008,"Scarlet Tanager",2
2008,"Tufted Titmouse",17
2008,"Wood Thrush",3
2008,"Yellow-breasted Chat",2
2008,"Acadian Flycatcher",2
2008,"American Crow",44
2008,"American Goldfinch",1
2008,"American Robin",4
2008,"Barn Swallow",2
2008,"Blue Jay",7
2008,"Blue-gray Gnatcatcher",7
2008,"Carolina Chickadee",14
2008,"Carolina Wren",10
2008,"Chimney Swift",3
2008,"Chipping Sparrow",13
2008,"Common Grackle",1
2008,"Common Yellowthroat",1
2008,"Downy Woodpecker",5
2008,"Eastern Bluebird",4
2008,"Eastern Kingbird",1
2008,"Eastern Meadowlark",1
2008,"Eastern Phoebe",3
2008,"Eastern Towhee",8
2008,"Eastern Wood-Pewee",2
2008,"European Starling",5
2008,"Gray Catbird",1
2008,"Hooded Warbler",1
2008,"House Finch",4
2008,"Indigo Bunting",8
2008,"Mourning Dove",14
2008,"Northern Cardinal",27
2008,"Northern Mockingbird",11
2008,"Northern Parula",1
2008,"Pine Warbler",5
2008,"Red-bellied Woodpecker",11
2008,"Red-eyed Vireo",17
2008,"Red-shouldered Hawk",1
2008,"Red-winged Blackbird",1
2008,"Scarlet Tanager",1
2008,"Summer Tanager",1
2008,"Tufted Titmouse",30
2008,"Wood Thrush",2
2008,"Yellow-breasted Chat",9
2008,"Acadian Flycatcher",2
2008,"American Crow",26
2008,"American Goldfinch",7
2008,"American Robin",5
2008,"Barn Swallow",2
2008,"Blue Grosbeak",5
2008,"Blue Jay",6
2008,"Blue-gray Gnatcatcher",10
2008,"Brown Thrasher",3
2008,"Brown-headed Cowbird",2
2008,"Canada Goose",49
2008,"Carolina Chickadee",14
2008,"Carolina Wren",21
2008,"Chimney Swift",1
2008,"Chipping Sparrow",9
2008,"Common Grackle",8
2008,"Common Yellowthroat",2
2008,"Downy Woodpecker",5
2008,"Eastern Bluebird",7
2008,"Eastern Meadowlark",4
2008,"Eastern Phoebe",1
2008,"Eastern Towhee",11
2008,"Eastern Wood-Pewee",3
2008,"European Starling",4
2008,"Fish Crow",3
2008,"Great Crested Flycatcher",1
2008,"House Finch",25
2008,"Indigo Bunting",9
2008,"Killdeer",1
2008,"Mourning Dove",11
2008,"Northern Cardinal",25
2008,"Northern Mockingbird",6
2008,"Northern Parula",1
2008,"Ovenbird",1
2008,"Pine Warbler",8
2008,"Prairie Warbler",3
2008,"Red-bellied Woodpecker",11
2008,"Red-eyed Vireo",8
2008,"Summer Tanager",3
2008,"Tufted Titmouse",30
2008,"White-breasted Nuthatch",2
2008,"White-eyed Vireo",3
2008,"Wood Thrush",1
2008,"Yellow-breasted Chat",2
2008,"Yellow-throated Vireo",2
2008,"Yellow-throated Warbler",1
2008,"American Crow",32
2008,"American Goldfinch",4
2008,"American Robin",1
2008,"Blue Jay",13
2008,"Blue-gray Gnatcatcher",4
2008,"Brown-headed Nuthatch",2
2008,"Carolina Chickadee",8
2008,"Carolina Wren",22
2008,"Eastern Bluebird",15
2008,"Eastern Meadowlark",4
2008,"Eastern Towhee",10
2008,"Eastern Wood-Pewee",1
2008,"House Finch",12
2008,"Indigo Bunting",5
2008,"Mourning Dove",25
2008,"Northern Cardinal",43
2008,"Northern Mockingbird",9
2008,"Ovenbird",2
2008,"Red-bellied Woodpecker",6
2008,"Red-eyed Vireo",7
2008,"Scarlet Tanager",1
2008,"Summer Tanager",1
2008,"Tufted Titmouse",10
2008,"White-breasted Nuthatch",4
2008,"White-eyed Vireo",2
2008,"Wood Thrush",11
2008,"American Crow",9
2008,"American Goldfinch",4
2008,"American Robin",11
2008,"Barn Swallow",9
2008,"Blue Grosbeak",6
2008,"Blue Jay",2
2008,"Brown-headed Cowbird",7
2008,"Carolina Chickadee",6
2008,"Carolina Wren",38
2008,"Chimney Swift",10
2008,"Chipping Sparrow",6
2008,"Common Grackle",10
2008,"Downy Woodpecker",2
2008,"Eastern Bluebird",8
2008,"Eastern Kingbird",1
2008,"Eastern Meadowlark",2
2008,"Eastern Towhee",25
2008,"Eastern Wood-Pewee",1
2008,"European Starling",3
2008,"Fish Crow",4
2008,"Gray Catbird",10
2008,"Great Crested Flycatcher",1
2008,"House Finch",12
2008,"Indigo Bunting",3
2008,"Mourning Dove",9
2008,"Northern Cardinal",56
2008,"Northern Mockingbird",10
2008,"Orchard Oriole",1
2008,"Ovenbird",2
2008,"Pine Warbler",11
2008,"Red-bellied Woodpecker",12
2008,"Red-eyed Vireo",1
2008,"Scarlet Tanager",2
2008,"Summer Tanager",1
2008,"Tufted Titmouse",17
2008,"White-eyed Vireo",1
2008,"Wood Thrush",4
2008,"Yellow-throated Vireo",1
2009,"American Crow",7
2009,"American Goldfinch",1
2009,"Blue-gray Gnatcatcher",15
2009,"Brown-headed Cowbird",5
2009,"Brown-headed Nuthatch",3
2009,"Canada Goose",2
2009,"Carolina Chickadee",4
2009,"Carolina Wren",6
2009,"Chipping Sparrow",5
2009,"Common Grackle",5
2009,"Common Yellowthroat",2
2009,"Downy Woodpecker",2
2009,"Eastern Bluebird",3
2009,"Eastern Towhee",5
2009,"Eastern Wood-Pewee",3
2009,"Fish Crow",1
2009,"Hooded Warbler",3
2009,"Indigo Bunting",14
2009,"Killdeer",1
2009,"Mourning Dove",10
2009,"Northern Cardinal",25
2009,"Northern Mockingbird",4
2009,"Northern Parula",4
2009,"Ovenbird",5
2009,"Pine Warbler",13
2009,"Prairie Warbler",2
2009,"Red-bellied Woodpecker",4
2009,"Red-eyed Vireo",4
2009,"Ruby-throated Hummingbird",1
2009,"Scarlet Tanager",4
2009,"Summer Tanager",1
2009,"Tufted Titmouse",9
2009,"White-breasted Nuthatch",1
2009,"Wood Thrush",3
2009,"Yellow-breasted Chat",1
2009,"Yellow-throated Warbler",3
2009,"Acadian Flycatcher",1
2009,"American Crow",21
2009,"American Goldfinch",5
2009,"American Robin",3
2009,"Barn Swallow",1
2009,"Blue Grosbeak",2
2009,"Blue Jay",1
2009,"Blue-gray Gnatcatcher",21
2009,"Brown Thrasher",1
2009,"Brown-headed Cowbird",7
2009,"Brown-headed Nuthatch",4
2009,"Carolina Chickadee",9
2009,"Carolina Wren",25
2009,"Chimney Swift",6
2009,"Chipping Sparrow",10
2009,"Common Grackle",4
2009,"Common Yellowthroat",2
2009,"Eastern Bluebird",2
2009,"Eastern Phoebe",3
2009,"Eastern Towhee",9
2009,"Eastern Whip-poor-will",1
2009,"Fish Crow",1
2009,"Great Blue Heron",3
2009,"Great Crested Flycatcher",1
2009,"Hooded Warbler",3
2009,"Indigo Bunting",8
2009,"Mourning Dove",28
2009,"Northern Cardinal",26
2009,"Northern Mockingbird",5
2009,"Ovenbird",2
2009,"Pine Warbler",15
2009,"Prairie Warbler",4
2009,"Red-bellied Woodpecker",3
2009,"Red-eyed Vireo",5
2009,"Scarlet Tanager",3
2009,"Summer Tanager",7
2009,"Tufted Titmouse",16
2009,"White-breasted Nuthatch",6
2009,"Wood Thrush",6
2009,"Yellow-billed Cuckoo",1
2009,"Yellow-breasted Chat",3
2009,"Acadian Flycatcher",1
2009,"American Crow",5
2009,"American Robin",7
2009,"Blue Grosbeak",9
2009,"Blue Jay",1
2009,"Brown Thrasher",1
2009,"Brown-headed Cowbird",2
2009,"Carolina Chickadee",1
2009,"Carolina Wren",46
2009,"Chimney Swift",1
2009,"Chipping Sparrow",6
2009,"Common Grackle",6
2009,"Common Yellowthroat",7
2009,"Downy Woodpecker",2
2009,"Eastern Bluebird",1
2009,"Eastern Kingbird",2
2009,"Eastern Phoebe",2
2009,"Eastern Towhee",8
2009,"Eastern Wood-Pewee",4
2009,"European Starling",120
2009,"Field Sparrow",1
2009,"Great Crested Flycatcher",6
2009,"Hooded Warbler",1
2009,"House Finch",3
2009,"Indigo Bunting",17
2009,"Mourning Dove",15
2009,"Northern Bobwhite",2
2009,"Northern Cardinal",16
2009,"Northern Mockingbird",12
2009,"Orchard Oriole",2
2009,"Ovenbird",5
2009,"Pine Warbler",20
2009,"Red-bellied Woodpecker",2
2009,"Red-eyed Vireo",11
2009,"Summer Tanager",7
2009,"Tufted Titmouse",13
2009,"White-eyed Vireo",1
2009,"Wood Thrush",2
2009,"Yellow-billed Cuckoo",2
2009,"Yellow-breasted Chat",6
2009,"American Crow",35
2009,"American Goldfinch",6
2009,"Barn Swallow",3
2009,"Blue Grosbeak",3
2009,"Blue Jay",6
2009,"Blue-gray Gnatcatcher",12
2009,"Brown Thrasher",1
2009,"Brown-headed Cowbird",7
2009,"Carolina Chickadee",3
2009,"Carolina Wren",19
2009,"Chimney Swift",2
2009,"Chipping Sparrow",17
2009,"Common Grackle",10
2009,"Common Yellowthroat",5
2009,"Downy Woodpecker",1
2009,"Eastern Bluebird",9
2009,"Eastern Meadowlark",2
2009,"Eastern Phoebe",2
2009,"Eastern Towhee",2
2009,"Eastern Whip-poor-will",2
2009,"Eastern Wood-Pewee",7
2009,"European Starling",1
2009,"Field Sparrow",1
2009,"Great Crested Flycatcher",6
2009,"House Sparrow",1
2009,"Indigo Bunting",11
2009,"Killdeer",1
2009,"Mourning Dove",11
2009,"Northern Cardinal",17
2009,"Northern Mockingbird",6
2009,"Northern Parula",1
2009,"Orchard Oriole",2
2009,"Ovenbird",3
2009,"Pine Warbler",5
2009,"Prairie Warbler",3
2009,"Red-bellied Woodpecker",7
2009,"Red-eyed Vireo",7
2009,"Red-winged Blackbird",3
2009,"Summer Tanager",2
2009,"Tufted Titmouse",16
2009,"Turkey Vulture",3
2009,"White-breasted Nuthatch",2
2009,"White-eyed Vireo",2
2009,"Wood Thrush",5
2009,"Yellow-billed Cuckoo",3
2009,"Yellow-breasted Chat",7
2009,"Yellow-throated Warbler",1
2009,"American Crow",58
2009,"American Goldfinch",5
2009,"American Robin",4
2009,"Barn Swallow",7
2009,"Blue Grosbeak",14
2009,"Blue Jay",12
2009,"Blue-gray Gnatcatcher",17
2009,"Brown Thrasher",1
2009,"Brown-headed Cowbird",11
2009,"Carolina Chickadee",10
2009,"Carolina Wren",16
2009,"Chimney Swift",4
2009,"Chipping Sparrow",33
2009,"Common Grackle",4
2009,"Common Yellowthroat",1
2009,"Downy Woodpecker",1
2009,"Eastern Bluebird",32
2009,"Eastern Kingbird",1
2009,"Eastern Meadowlark",14
2009,"Eastern Phoebe",3
2009,"Eastern Towhee",3
2009,"Eastern Wood-Pewee",17
2009,"European Starling",29
2009,"Grasshopper Sparrow",1
2009,"Great Crested Flycatcher",10
2009,"House Finch",8
2009,"House Sparrow",6
2009,"Indigo Bunting",15
2009,"Killdeer",1
2009,"Mourning Dove",37
2009,"Northern Bobwhite",2
2009,"Northern Cardinal",29
2009,"Northern Mockingbird",23
2009,"Northern Parula",1
2009,"Ovenbird",4
2009,"Pileated Woodpecker",1
2009,"Pine Warbler",3
2009,"Purple Martin",43
2009,"Red-bellied Woodpecker",12
2009,"Red-eyed Vireo",5
2009,"Red-shouldered Hawk",1
2009,"Red-winged Blackbird",1
2009,"Ruby-throated Hummingbird",2
2009,"Summer Tanager",7
2009,"Tufted Titmouse",10
2009,"Turkey Vulture",1
2009,"White-breasted Nuthatch",3
2009,"White-eyed Vireo",2
2009,"Wood Thrush",6
2009,"Yellow-billed Cuckoo",16
2009,"Yellow-breasted Chat",3
2009,"Acadian Flycatcher",1
2009,"American Crow",54
2009,"American Goldfinch",6
2009,"American Robin",6
2009,"Barn Swallow",2
2009,"Blue Grosbeak",3
2009,"Blue Jay",6
2009,"Blue-gray Gnatcatcher",2
2009,"Brown Thrasher",2
2009,"Brown-headed Cowbird",3
2009,"Brown-headed Nuthatch",1
2009,"Carolina Chickadee",2
2009,"Carolina Wren",18
2009,"Chimney Swift",3
2009,"Chipping Sparrow",16
2009,"Common Grackle",33
2009,"Common Yellowthroat",2
2009,"Eastern Bluebird",28
2009,"Eastern Kingbird",2
2009,"Eastern Meadowlark",11
2009,"Eastern Phoebe",2
2009,"Eastern Towhee",9
2009,"Eastern Wood-Pewee",10
2009,"Field Sparrow",3
2009,"Fish Crow",1
2009,"Grasshopper Sparrow",1
2009,"Great Blue Heron",3
2009,"Great Crested Flycatcher",3
2009,"Indigo Bunting",21
2009,"Mourning Dove",18
2009,"Northern Bobwhite",1
2009,"Northern Cardinal",25
2009,"Ovenbird",1
2009,"Pileated Woodpecker",3
2009,"Pine Warbler",4
2009,"Prairie Warbler",1
2009,"Red-bellied Woodpecker",3
2009,"Red-eyed Vireo",1
2009,"Red-winged Blackbird",4
2009,"Tufted Titmouse",8
2009,"White-eyed Vireo",1
2009,"Wood Thrush",2
2009,"Yellow-billed Cuckoo",1
2009,"Yellow-breasted Chat",2
2009,"Yellow-throated Warbler",1
2009,"Northern Mockingbird",24
2009,"Acadian Flycatcher",1
2009,"American Crow",30
2009,"American Goldfinch",3
2009,"Barn Swallow",2
2009,"Blue Grosbeak",4
2009,"Blue Jay",8
2009,"Blue-gray Gnatcatcher",9
2009,"Brown Thrasher",1
2009,"Brown-headed Cowbird",3
2009,"Carolina Chickadee",2
2009,"Carolina Wren",16
2009,"Chimney Swift",4
2009,"Chipping Sparrow",6
2009,"Common Grackle",3
2009,"Common Yellowthroat",4
2009,"Eastern Bluebird",15
2009,"Eastern Meadowlark",4
2009,"Eastern Phoebe",2
2009,"Eastern Towhee",4
2009,"Eastern Whip-poor-will",2
2009,"Eastern Wood-Pewee",3
2009,"European Starling",1
2009,"Field Sparrow",1
2009,"Grasshopper Sparrow",2
2009,"Great Blue Heron",4
2009,"Great Crested Flycatcher",2
2009,"Hooded Warbler",1
2009,"Indigo Bunting",23
2009,"Mourning Dove",34
2009,"Northern Cardinal",26
2009,"Northern Mockingbird",8
2009,"Northern Parula",3
2009,"Ovenbird",4
2009,"Pileated Woodpecker",4
2009,"Pine Warbler",7
2009,"Prairie Warbler",1
2009,"Purple Martin",3
2009,"Red-bellied Woodpecker",11
2009,"Red-eyed Vireo",15
2009,"Red-shouldered Hawk",1
2009,"Red-winged Blackbird",3
2009,"Ruby-throated Hummingbird",2
2009,"Scarlet Tanager",1
2009,"Summer Tanager",8
2009,"Tufted Titmouse",6
2009,"White-breasted Nuthatch",1
2009,"Wood Thrush",11
2009,"Yellow-billed Cuckoo",4
2009,"Yellow-breasted Chat",5
2009,"Yellow-throated Vireo",1
2009,"Acadian Flycatcher",1
2009,"American Crow",29
2009,"American Goldfinch",13
2009,"American Robin",11
2009,"Blue Jay",3
2009,"Blue-gray Gnatcatcher",9
2009,"Brown Thrasher",2
2009,"Brown-headed Cowbird",3
2009,"Canada Goose",10
2009,"Carolina Wren",11
2009,"Chimney Swift",2
2009,"Chipping Sparrow",17
2009,"Common Grackle",4
2009,"Common Yellowthroat",3
2009,"Eastern Bluebird",5
2009,"Eastern Kingbird",1
2009,"Eastern Meadowlark",4
2009,"Eastern Phoebe",1
2009,"Eastern Towhee",10
2009,"Eastern Whip-poor-will",1
2009,"Eastern Wood-Pewee",1
2009,"European Starling",2
2009,"Great Crested Flycatcher",3
2009,"Indigo Bunting",4
2009,"Mourning Dove",26
2009,"Northern Cardinal",26
2009,"Northern Mockingbird",4
2009,"Northern Parula",2
2009,"Ovenbird",4
2009,"Pine Warbler",2
2009,"Prairie Warbler",5
2009,"Purple Martin",2
2009,"Red-bellied Woodpecker",8
2009,"Red-eyed Vireo",5
2009,"Red-shouldered Hawk",2
2009,"Ruby-throated Hummingbird",1
2009,"Summer Tanager",4
2009,"Tufted Titmouse",6
2009,"White-eyed Vireo",1
2009,"Wood Thrush",5
2009,"Yellow-billed Cuckoo",1
2009,"Yellow-breasted Chat",9
2009,"Acadian Flycatcher",1
2009,"American Crow",54
2009,"American Goldfinch",10
2009,"American Robin",2
2009,"Blue Grosbeak",1
2009,"Blue Jay",11
2009,"Blue-gray Gnatcatcher",26
2009,"Brown Thrasher",3
2009,"Brown-headed Cowbird",1
2009,"Brown-headed Nuthatch",3
2009,"Carolina Chickadee",25
2009,"Carolina Wren",52
2009,"Chimney Swift",3
2009,"Chipping Sparrow",14
2009,"Common Grackle",5
2009,"Common Yellowthroat",1
2009,"Downy Woodpecker",1
2009,"Eastern Bluebird",19
2009,"Eastern Phoebe",1
2009,"Eastern Towhee",10
2009,"Eastern Wood-Pewee",5
2009,"Fish Crow",2
2009,"Great Crested Flycatcher",3
2009,"House Finch",2
2009,"Indigo Bunting",14
2009,"Mourning Dove",13
2009,"Northern Cardinal",49
2009,"Northern Mockingbird",3
2009,"Northern Parula",2
2009,"Ovenbird",4
2009,"Pileated Woodpecker",1
2009,"Pine Warbler",23
2009,"Prairie Warbler",2
2009,"Red-bellied Woodpecker",10
2009,"Red-eyed Vireo",15
2009,"Red-shouldered Hawk",4
2009,"Ruby-throated Hummingbird",1
2009,"Scarlet Tanager",10
2009,"Summer Tanager",10
2009,"Tufted Titmouse",28
2009,"Wood Thrush",2
2009,"Yellow-billed Cuckoo",4
2009,"Yellow-breasted Chat",3
2009,"Yellow-throated Vireo",1
2009,"American Crow",16
2009,"American Goldfinch",1
2009,"American Robin",4
2009,"Blue Grosbeak",4
2009,"Blue-gray Gnatcatcher",3
2009,"Brown Thrasher",1
2009,"Brown-headed Cowbird",2
2009,"Carolina Chickadee",1
2009,"Carolina Wren",5
2009,"Chipping Sparrow",10
2009,"Common Grackle",3
2009,"Common Yellowthroat",1
2009,"Eastern Bluebird",3
2009,"Eastern Kingbird",1
2009,"Eastern Meadowlark",1
2009,"Eastern Phoebe",4
2009,"Eastern Towhee",1
2009,"Eastern Whip-poor-will",3
2009,"Eastern Wood-Pewee",4
2009,"European Starling",15
2009,"Field Sparrow",2
2009,"Fish Crow",6
2009,"Great Blue Heron",1
2009,"Great Crested Flycatcher",3
2009,"House Finch",2
2009,"Indigo Bunting",3
2009,"Mourning Dove",9
2009,"Northern Cardinal",11
2009,"Northern Mockingbird",6
2009,"Pileated Woodpecker",2
2009,"Red-bellied Woodpecker",1
2009,"Red-eyed Vireo",5
2009,"Summer Tanager",4
2009,"Wood Thrush",2
2009,"Yellow-breasted Chat",1
2009,"Yellow-throated Warbler",1
2009,"American Crow",26
2009,"Barn Swallow",2
2009,"Blue Jay",4
2009,"Blue-gray Gnatcatcher",4
2009,"Brown Thrasher",3
2009,"Brown-headed Cowbird",2
2009,"Canada Goose",3
2009,"Carolina Wren",10
2009,"Chipping Sparrow",9
2009,"Common Grackle",4
2009,"Common Yellowthroat",4
2009,"Downy Woodpecker",2
2009,"Eastern Bluebird",6
2009,"Eastern Kingbird",2
2009,"Eastern Phoebe",2
2009,"Eastern Towhee",2
2009,"Eastern Wood-Pewee",5
2009,"Gray Catbird",2
2009,"Hooded Warbler",1
2009,"Indigo Bunting",12
2009,"Killdeer",1
2009,"Mourning Dove",23
2009,"Northern Cardinal",17
2009,"Northern Mockingbird",2
2009,"Northern Parula",2
2009,"Ovenbird",3
2009,"Pine Warbler",2
2009,"Prairie Warbler",1
2009,"Purple Martin",2
2009,"Red-bellied Woodpecker",7
2009,"Red-eyed Vireo",16
2009,"Red-shouldered Hawk",1
2009,"Tufted Titmouse",13
2009,"White-eyed Vireo",3
2009,"Wood Thrush",1
2009,"Yellow-billed Cuckoo",3
2009,"Yellow-breasted Chat",6
2009,"Yellow-throated Warbler",3
2009,"American Crow",23
2009,"American Robin",4
2009,"Barn Swallow",6
2009,"Blue Grosbeak",1
2009,"Blue Jay",5
2009,"Blue-gray Gnatcatcher",5
2009,"Brown Thrasher",4
2009,"Brown-headed Cowbird",1
2009,"Canada Goose",3
2009,"Carolina Chickadee",4
2009,"Carolina Wren",7
2009,"Chimney Swift",8
2009,"Chipping Sparrow",13
2009,"Common Yellowthroat",4
2009,"Downy Woodpecker",1
2009,"Eastern Bluebird",10
2009,"Eastern Kingbird",4
2009,"Eastern Meadowlark",5
2009,"Eastern Phoebe",3
2009,"Eastern Towhee",2
2009,"Eastern Wood-Pewee",7
2009,"European Starling",1
2009,"Fish Crow",1
2009,"Great Blue Heron",1
2009,"Great Crested Flycatcher",3
2009,"Indigo Bunting",7
2009,"Killdeer",1
2009,"Mourning Dove",13
2009,"Northern Bobwhite",1
2009,"Northern Cardinal",11
2009,"Northern Mockingbird",10
2009,"Orchard Oriole",2
2009,"Ovenbird",4
2009,"Pine Warbler",1
2009,"Red-bellied Woodpecker",5
2009,"Red-eyed Vireo",5
2009,"Red-shouldered Hawk",3
2009,"Red-winged Blackbird",4
2009,"Scarlet Tanager",1
2009,"Summer Tanager",3
2009,"Tufted Titmouse",5
2009,"White-breasted Nuthatch",1
2009,"White-eyed Vireo",1
2009,"Wood Thrush",4
2009,"Yellow-billed Cuckoo",4
2009,"Yellow-breasted Chat",3
2009,"American Crow",58
2009,"American Goldfinch",3
2009,"American Robin",6
2009,"Blue Jay",8
2009,"Blue-gray Gnatcatcher",2
2009,"Carolina Chickadee",8
2009,"Carolina Wren",16
2009,"Chimney Swift",16
2009,"Chipping Sparrow",20
2009,"Common Grackle",12
2009,"Eastern Bluebird",18
2009,"Eastern Meadowlark",3
2009,"Eastern Phoebe",2
2009,"Eastern Towhee",8
2009,"European Starling",16
2009,"House Finch",10
2009,"House Sparrow",8
2009,"Indigo Bunting",10
2009,"Killdeer",1
2009,"Mourning Dove",18
2009,"Northern Cardinal",36
2009,"Northern Mockingbird",21
2009,"Pine Warbler",5
2009,"Red-bellied Woodpecker",3
2009,"Red-eyed Vireo",3
2009,"Red-winged Blackbird",2
2009,"Song Sparrow",2
2009,"Tufted Titmouse",6
2009,"White-eyed Vireo",1
2009,"Wood Thrush",1
2009,"Yellow-breasted Chat",4
2009,"Yellow-throated Warbler",1
2009,"American Crow",27
2009,"American Goldfinch",4
2009,"American Robin",1
2009,"Barn Swallow",2
2009,"Blue Grosbeak",7
2009,"Blue Jay",4
2009,"Blue-gray Gnatcatcher",11
2009,"Brown-headed Cowbird",6
2009,"Carolina Chickadee",5
2009,"Carolina Wren",16
2009,"Chimney Swift",5
2009,"Chipping Sparrow",4
2009,"Common Grackle",8
2009,"Eastern Bluebird",2
2009,"Eastern Kingbird",2
2009,"Eastern Phoebe",1
2009,"Eastern Towhee",7
2009,"European Starling",1
2009,"Fish Crow",1
2009,"Great Blue Heron",4
2009,"House Finch",3
2009,"Indigo Bunting",4
2009,"Killdeer",2
2009,"Mourning Dove",10
2009,"Northern Cardinal",16
2009,"Northern Mockingbird",6
2009,"Orchard Oriole",1
2009,"Ovenbird",1
2009,"Pileated Woodpecker",2
2009,"Pine Warbler",9
2009,"Purple Martin",10
2009,"Red-bellied Woodpecker",5
2009,"Red-eyed Vireo",2
2009,"Ruby-throated Hummingbird",1
2009,"Summer Tanager",2
2009,"Tufted Titmouse",5
2009,"Wood Thrush",1
2009,"Acadian Flycatcher",1
2009,"American Crow",16
2009,"American Goldfinch",6
2009,"American Robin",1
2009,"Barn Swallow",3
2009,"Blue Grosbeak",4
2009,"Blue Jay",1
2009,"Blue-gray Gnatcatcher",4
2009,"Brown-headed Cowbird",1
2009,"Canada Goose",2
2009,"Carolina Wren",10
2009,"Chipping Sparrow",13
2009,"Common Grackle",1
2009,"Common Yellowthroat",1
2009,"Downy Woodpecker",1
2009,"Eastern Bluebird",6
2009,"Eastern Kingbird",1
2009,"Eastern Meadowlark",3
2009,"Eastern Phoebe",1
2009,"Eastern Towhee",1
2009,"Indigo Bunting",5
2009,"Killdeer",1
2009,"Mourning Dove",10
2009,"Northern Bobwhite",1
2009,"Northern Cardinal",22
2009,"Northern Mockingbird",3
2009,"Pine Warbler",3
2009,"Purple Martin",5
2009,"Red-bellied Woodpecker",1
2009,"Red-winged Blackbird",3
2009,"Tufted Titmouse",2
2009,"Wood Thrush",2
2009,"Acadian Flycatcher",1
2009,"American Crow",21
2009,"American Goldfinch",1
2009,"American Robin",9
2009,"Blue Jay",4
2009,"Blue-gray Gnatcatcher",14
2009,"Brown Thrasher",3
2009,"Brown-headed Cowbird",3
2009,"Carolina Chickadee",8
2009,"Carolina Wren",21
2009,"Chimney Swift",5
2009,"Chipping Sparrow",12
2009,"Common Grackle",11
2009,"Common Yellowthroat",1
2009,"Eastern Bluebird",2
2009,"Eastern Meadowlark",1
2009,"Eastern Phoebe",3
2009,"Eastern Towhee",3
2009,"Eastern Wood-Pewee",1
2009,"Great Blue Heron",2
2009,"Indigo Bunting",13
2009,"Mourning Dove",21
2009,"Northern Cardinal",17
2009,"Northern Mockingbird",3
2009,"Pine Warbler",8
2009,"Prairie Warbler",1
2009,"Red-bellied Woodpecker",4
2009,"Red-eyed Vireo",1
2009,"Red-shouldered Hawk",1
2009,"Tufted Titmouse",14
2009,"Turkey Vulture",3
2009,"White-breasted Nuthatch",1
2009,"Wood Thrush",8
2009,"Yellow-throated Vireo",1
2009,"American Crow",30
2009,"American Goldfinch",6
2009,"American Robin",39
2009,"Barn Swallow",2
2009,"Blue Jay",6
2009,"Blue-gray Gnatcatcher",1
2009,"Brown Thrasher",1
2009,"Brown-headed Cowbird",2
2009,"Carolina Chickadee",8
2009,"Carolina Wren",8
2009,"Chimney Swift",7
2009,"Chipping Sparrow",3
2009,"Common Grackle",79
2009,"Eastern Bluebird",5
2009,"Eastern Phoebe",1
2009,"Eastern Towhee",16
2009,"Fish Crow",1
2009,"Gray Catbird",3
2009,"Great Crested Flycatcher",3
2009,"Hooded Warbler",1
2009,"House Finch",10
2009,"Mourning Dove",9
2009,"Northern Cardinal",34
2009,"Northern Mockingbird",7
2009,"Pine Warbler",1
2009,"Red-bellied Woodpecker",9
2009,"Red-eyed Vireo",3
2009,"Red-shouldered Hawk",4
2009,"Song Sparrow",5
2009,"Tufted Titmouse",8
2009,"White-breasted Nuthatch",1
2009,"Wood Thrush",1
2009,"Yellow-billed Cuckoo",1
2009,"Yellow-throated Warbler",1
2009,"Acadian Flycatcher",1
2009,"American Crow",8
2009,"American Goldfinch",5
2009,"American Robin",8
2009,"Blue Grosbeak",3
2009,"Blue Jay",1
2009,"Blue-gray Gnatcatcher",17
2009,"Brown Thrasher",1
2009,"Brown-headed Cowbird",4
2009,"Carolina Chickadee",3
2009,"Carolina Wren",20
2009,"Chimney Swift",2
2009,"Chipping Sparrow",12
2009,"Common Grackle",12
2009,"Common Yellowthroat",2
2009,"Downy Woodpecker",1
2009,"Eastern Bluebird",6
2009,"Eastern Meadowlark",1
2009,"Eastern Phoebe",1
2009,"Eastern Towhee",9
2009,"Eastern Wood-Pewee",5
2009,"European Starling",4
2009,"Great Blue Heron",3
2009,"Great Crested Flycatcher",1
2009,"Hooded Warbler",1
2009,"House Finch",1
2009,"Indigo Bunting",13
2009,"Mourning Dove",10
2009,"Northern Cardinal",27
2009,"Northern Mockingbird",3
2009,"Northern Parula",2
2009,"Orchard Oriole",1
2009,"Ovenbird",3
2009,"Pine Warbler",4
2009,"Prairie Warbler",1
2009,"Red-bellied Woodpecker",6
2009,"Red-eyed Vireo",11
2009,"Scarlet Tanager",1
2009,"Song Sparrow",1
2009,"Tufted Titmouse",14
2009,"White-breasted Nuthatch",2
2009,"White-eyed Vireo",1
2009,"Wood Thrush",4
2009,"Yellow-billed Cuckoo",1
2009,"Yellow-breasted Chat",1
2009,"Yellow-throated Vireo",2
2009,"Yellow-throated Warbler",1
2009,"American Crow",15
2009,"American Robin",15
2009,"Barn Swallow",1
2009,"Blue Jay",7
2009,"Blue-gray Gnatcatcher",21
2009,"Brown Thrasher",2
2009,"Brown-headed Cowbird",2
2009,"Brown-headed Nuthatch",4
2009,"Carolina Chickadee",18
2009,"Carolina Wren",22
2009,"Chimney Swift",8
2009,"Chipping Sparrow",5
2009,"Common Grackle",6
2009,"Downy Woodpecker",4
2009,"Eastern Bluebird",12
2009,"Eastern Phoebe",2
2009,"Eastern Towhee",21
2009,"European Starling",4
2009,"Fish Crow",5
2009,"Gray Catbird",4
2009,"Great Crested Flycatcher",2
2009,"House Finch",20
2009,"House Sparrow",3
2009,"Indigo Bunting",4
2009,"Mourning Dove",14
2009,"Northern Cardinal",49
2009,"Northern Mockingbird",19
2009,"Pine Warbler",11
2009,"Red-bellied Woodpecker",9
2009,"Red-eyed Vireo",4
2009,"Ruby-throated Hummingbird",1
2009,"Scarlet Tanager",1
2009,"Song Sparrow",1
2009,"Summer Tanager",3
2009,"Tufted Titmouse",6
2009,"Turkey Vulture",1
2009,"White-breasted Nuthatch",2
2009,"Wood Thrush",4
2009,"American Crow",3
2009,"American Robin",11
2009,"Barn Swallow",2
2009,"Blue Jay",2
2009,"Brown-headed Nuthatch",1
2009,"Carolina Chickadee",3
2009,"Carolina Wren",13
2009,"Chipping Sparrow",3
2009,"Common Grackle",8
2009,"Common Yellowthroat",1
2009,"Eastern Bluebird",2
2009,"Eastern Towhee",6
2009,"European Starling",23
2009,"Field Sparrow",1
2009,"Fish Crow",10
2009,"Gray Catbird",3
2009,"House Finch",4
2009,"Indigo Bunting",3
2009,"Killdeer",1
2009,"Mourning Dove",5
2009,"Northern Cardinal",15
2009,"Northern Mockingbird",17
2009,"Orchard Oriole",1
2009,"Pine Warbler",4
2009,"Red-bellied Woodpecker",1
2009,"Red-eyed Vireo",2
2009,"Red-winged Blackbird",3
2009,"Song Sparrow",1
2009,"Tufted Titmouse",10
2009,"American Crow",6
2009,"American Robin",2
2009,"Blue Grosbeak",3
2009,"Blue Jay",2
2009,"Blue-gray Gnatcatcher",8
2009,"Brown-headed Cowbird",2
2009,"Brown-headed Nuthatch",3
2009,"Carolina Chickadee",4
2009,"Carolina Wren",13
2009,"Chipping Sparrow",11
2009,"Common Yellowthroat",2
2009,"Downy Woodpecker",1
2009,"Eastern Bluebird",3
2009,"Eastern Towhee",9
2009,"Field Sparrow",1
2009,"Great Blue Heron",1
2009,"Great Crested Flycatcher",2
2009,"House Sparrow",1
2009,"Indigo Bunting",11
2009,"Killdeer",2
2009,"Mourning Dove",11
2009,"Northern Cardinal",21
2009,"Northern Mockingbird",11
2009,"Northern Parula",1
2009,"Ovenbird",2
2009,"Pileated Woodpecker",2
2009,"Red-bellied Woodpecker",5
2009,"Red-eyed Vireo",1
2009,"Summer Tanager",1
2009,"Tufted Titmouse",7
2009,"Yellow-breasted Chat",3
2009,"Yellow-throated Vireo",1
2009,"Acadian Flycatcher",1
2009,"American Crow",24
2009,"American Robin",8
2009,"Barn Swallow",10
2009,"Blue Grosbeak",6
2009,"Blue Jay",1
2009,"Brown Thrasher",4
2009,"Canada Goose",2
2009,"Carolina Wren",9
2009,"Chimney Swift",2
2009,"Common Grackle",7
2009,"Eastern Bluebird",9
2009,"Eastern Meadowlark",10
2009,"European Starling",8
2009,"Grasshopper Sparrow",1
2009,"Great Blue Heron",3
2009,"Great Crested Flycatcher",2
2009,"House Finch",10
2009,"Indigo Bunting",4
2009,"Mourning Dove",24
2009,"Northern Cardinal",12
2009,"Northern Mockingbird",5
2009,"Purple Martin",5
2009,"Red-bellied Woodpecker",6
2009,"Red-eyed Vireo",3
2009,"Tufted Titmouse",10
2009,"White-breasted Nuthatch",1
2009,"Wood Thrush",4
2009,"Yellow-billed Cuckoo",3
2009,"Yellow-breasted Chat",4
2009,"Yellow-throated Vireo",1
2009,"American Crow",16
2009,"Blue Jay",3
2009,"Brown Thrasher",1
2009,"Canada Goose",4
2009,"Carolina Wren",12
2009,"Chimney Swift",2
2009,"Chipping Sparrow",1
2009,"Common Grackle",6
2009,"Eastern Bluebird",10
2009,"Eastern Kingbird",1
2009,"Eastern Meadowlark",1
2009,"Eastern Phoebe",3
2009,"Eastern Towhee",2
2009,"Eastern Wood-Pewee",1
2009,"European Starling",3
2009,"Great Crested Flycatcher",2
2009,"House Finch",6
2009,"Indigo Bunting",6
2009,"Mourning Dove",10
2009,"Northern Cardinal",15
2009,"Northern Mockingbird",6
2009,"Pine Warbler",1
2009,"Red-bellied Woodpecker",2
2009,"Red-eyed Vireo",11
2009,"Red-winged Blackbird",1
2009,"Summer Tanager",3
2009,"Tufted Titmouse",13
2009,"Wood Thrush",4
2009,"Yellow-breasted Chat",1
2009,"American Crow",18
2009,"American Goldfinch",9
2009,"American Robin",10
2009,"Blue Grosbeak",1
2009,"Blue Jay",3
2009,"Blue-gray Gnatcatcher",9
2009,"Brown Thrasher",7
2009,"Brown-headed Cowbird",7
2009,"Canada Goose",8
2009,"Carolina Chickadee",5
2009,"Carolina Wren",9
2009,"Chimney Swift",6
2009,"Chipping Sparrow",12
2009,"Common Grackle",6
2009,"Common Yellowthroat",2
2009,"Downy Woodpecker",3
2009,"Eastern Bluebird",15
2009,"Eastern Meadowlark",10
2009,"Eastern Phoebe",2
2009,"Eastern Towhee",6
2009,"Eastern Wood-Pewee",2
2009,"European Starling",15
2009,"Field Sparrow",2
2009,"Gray Catbird",1
2009,"House Sparrow",1
2009,"Indigo Bunting",10
2009,"Mourning Dove",13
2009,"Northern Cardinal",17
2009,"Northern Mockingbird",8
2009,"Ovenbird",2
2009,"Pine Warbler",2
2009,"Red-bellied Woodpecker",9
2009,"Red-eyed Vireo",4
2009,"Red-winged Blackbird",1
2009,"Ruby-throated Hummingbird",1
2009,"Summer Tanager",2
2009,"Tufted Titmouse",7
2009,"Wood Thrush",2
2009,"Yellow-breasted Chat",3
2009,"Yellow-throated Vireo",2
2009,"Acadian Flycatcher",1
2009,"American Crow",18
2009,"American Robin",3
2009,"Blue Grosbeak",2
2009,"Blue-gray Gnatcatcher",4
2009,"Brown-headed Cowbird",2
2009,"Canada Goose",2
2009,"Carolina Chickadee",3
2009,"Carolina Wren",21
2009,"Chipping Sparrow",2
2009,"Common Yellowthroat",1
2009,"Eastern Bluebird",4
2009,"Eastern Phoebe",4
2009,"Eastern Towhee",4
2009,"Gray Catbird",2
2009,"Hooded Warbler",1
2009,"Indigo Bunting",4
2009,"Mourning Dove",12
2009,"Northern Cardinal",27
2009,"Northern Mockingbird",5
2009,"Red-bellied Woodpecker",9
2009,"Red-eyed Vireo",5
2009,"Summer Tanager",2
2009,"Tufted Titmouse",13
2009,"White-breasted Nuthatch",1
2009,"Acadian Flycatcher",1
2009,"American Crow",28
2009,"American Goldfinch",7
2009,"American Robin",12
2009,"Barn Swallow",29
2009,"Blue Grosbeak",7
2009,"Blue Jay",5
2009,"Blue-gray Gnatcatcher",9
2009,"Brown Thrasher",3
2009,"Canada Goose",4
2009,"Carolina Chickadee",5
2009,"Carolina Wren",20
2009,"Chimney Swift",3
2009,"Chipping Sparrow",20
2009,"Common Grackle",33
2009,"Common Yellowthroat",3
2009,"Downy Woodpecker",1
2009,"Eastern Bluebird",12
2009,"Eastern Kingbird",3
2009,"Eastern Meadowlark",3
2009,"Eastern Phoebe",1
2009,"Eastern Towhee",5
2009,"Eastern Wood-Pewee",4
2009,"European Starling",10
2009,"Field Sparrow",4
2009,"Fish Crow",1
2009,"Grasshopper Sparrow",6
2009,"Great Crested Flycatcher",3
2009,"House Finch",2
2009,"Indigo Bunting",11
2009,"Killdeer",3
2009,"Mourning Dove",35
2009,"Northern Cardinal",23
2009,"Northern Mockingbird",9
2009,"Northern Parula",1
2009,"Orchard Oriole",3
2009,"Ovenbird",2
2009,"Pine Warbler",4
2009,"Purple Martin",2
2009,"Red-bellied Woodpecker",8
2009,"Red-eyed Vireo",6
2009,"Red-winged Blackbird",3
2009,"Summer Tanager",1
2009,"Tufted Titmouse",10
2009,"Turkey Vulture",1
2009,"Wood Thrush",5
2009,"Yellow-billed Cuckoo",1
2009,"Yellow-breasted Chat",3
2009,"Yellow-throated Vireo",1
2009,"Acadian Flycatcher",1
2009,"American Crow",12
2009,"American Goldfinch",9
2009,"American Robin",5
2009,"Blue-gray Gnatcatcher",1
2009,"Brown Thrasher",1
2009,"Brown-headed Nuthatch",1
2009,"Carolina Chickadee",12
2009,"Carolina Wren",11
2009,"Chimney Swift",12
2009,"Chipping Sparrow",12
2009,"Common Grackle",1
2009,"Downy Woodpecker",4
2009,"Eastern Bluebird",9
2009,"Eastern Phoebe",3
2009,"Eastern Towhee",13
2009,"Eastern Whip-poor-will",2
2009,"Gray Catbird",1
2009,"Great Crested Flycatcher",2
2009,"House Finch",5
2009,"Indigo Bunting",3
2009,"Mourning Dove",15
2009,"Northern Cardinal",20
2009,"Northern Mockingbird",2
2009,"Pine Warbler",6
2009,"Prairie Warbler",1
2009,"Red-bellied Woodpecker",5
2009,"Red-eyed Vireo",1
2009,"Red-shouldered Hawk",1
2009,"Tufted Titmouse",6
2009,"White-breasted Nuthatch",1
2009,"White-eyed Vireo",2
2009,"Wood Thrush",1
2009,"Yellow-billed Cuckoo",1
2009,"Yellow-breasted Chat",3
2009,"American Crow",18
2009,"American Robin",20
2009,"Blue Jay",5
2009,"Blue-gray Gnatcatcher",1
2009,"Brown Thrasher",2
2009,"Brown-headed Cowbird",3
2009,"Canada Goose",1
2009,"Carolina Chickadee",2
2009,"Carolina Wren",17
2009,"Chimney Swift",2
2009,"Chipping Sparrow",8
2009,"Common Grackle",18
2009,"Common Yellowthroat",7
2009,"Eastern Bluebird",6
2009,"Eastern Meadowlark",10
2009,"Eastern Phoebe",1
2009,"Eastern Towhee",6
2009,"Eastern Wood-Pewee",1
2009,"European Starling",4
2009,"Field Sparrow",7
2009,"Great Crested Flycatcher",2
2009,"House Finch",3
2009,"Indigo Bunting",13
2009,"Killdeer",3
2009,"Mourning Dove",23
2009,"Northern Cardinal",22
2009,"Northern Mockingbird",10
2009,"Orchard Oriole",2
2009,"Pileated Woodpecker",1
2009,"Pine Warbler",5
2009,"Red-bellied Woodpecker",5
2009,"Red-eyed Vireo",7
2009,"Red-shouldered Hawk",1
2009,"Summer Tanager",3
2009,"Tufted Titmouse",9
2009,"Turkey Vulture",3
2009,"Wood Thrush",5
2009,"Yellow-throated Vireo",1
2009,"American Crow",21
2009,"American Robin",3
2009,"Blue Jay",3
2009,"Brown Thrasher",2
2009,"Brown-headed Cowbird",2
2009,"Carolina Wren",21
2009,"Chimney Swift",9
2009,"Chipping Sparrow",3
2009,"Common Grackle",12
2009,"Eastern Bluebird",6
2009,"Eastern Meadowlark",1
2009,"Eastern Towhee",1
2009,"Eastern Wood-Pewee",1
2009,"European Starling",1
2009,"Great Crested Flycatcher",2
2009,"Indigo Bunting",4
2009,"Mourning Dove",20
2009,"Northern Cardinal",13
2009,"Northern Mockingbird",9
2009,"Pine Warbler",5
2009,"Red-bellied Woodpecker",3
2009,"Red-eyed Vireo",7
2009,"Summer Tanager",1
2009,"Tufted Titmouse",12
2009,"White-breasted Nuthatch",1
2009,"Wood Thrush",1
2009,"Yellow-breasted Chat",1
2009,"Acadian Flycatcher",1
2009,"American Crow",39
2009,"American Goldfinch",1
2009,"American Robin",6
2009,"Blue Jay",4
2009,"Blue-gray Gnatcatcher",3
2009,"Brown Thrasher",2
2009,"Carolina Chickadee",11
2009,"Carolina Wren",8
2009,"Chipping Sparrow",11
2009,"Common Grackle",2
2009,"Downy Woodpecker",3
2009,"Eastern Bluebird",10
2009,"Eastern Meadowlark",1
2009,"Eastern Towhee",5
2009,"Eastern Wood-Pewee",2
2009,"European Starling",4
2009,"Hooded Warbler",2
2009,"House Finch",3
2009,"Indigo Bunting",7
2009,"Mourning Dove",17
2009,"Northern Cardinal",27
2009,"Northern Mockingbird",7
2009,"Northern Parula",1
2009,"Ovenbird",2
2009,"Pine Warbler",2
2009,"Prairie Warbler",3
2009,"Red-bellied Woodpecker",9
2009,"Red-eyed Vireo",10
2009,"Red-shouldered Hawk",3
2009,"Scarlet Tanager",1
2009,"Tufted Titmouse",4
2009,"White-breasted Nuthatch",1
2009,"Yellow-billed Cuckoo",2
2009,"Yellow-breasted Chat",8
2009,"Acadian Flycatcher",1
2009,"American Crow",33
2009,"American Goldfinch",6
2009,"American Robin",7
2009,"Blue Grosbeak",2
2009,"Blue Jay",2
2009,"Blue-gray Gnatcatcher",17
2009,"Brown Thrasher",3
2009,"Brown-headed Cowbird",4
2009,"Brown-headed Nuthatch",1
2009,"Canada Goose",3
2009,"Carolina Chickadee",9
2009,"Carolina Wren",21
2009,"Chimney Swift",7
2009,"Chipping Sparrow",11
2009,"Common Grackle",4
2009,"Eastern Bluebird",2
2009,"Eastern Meadowlark",1
2009,"Eastern Phoebe",1
2009,"Eastern Towhee",4
2009,"Eastern Whip-poor-will",1
2009,"Eastern Wood-Pewee",1
2009,"European Starling",2
2009,"Great Crested Flycatcher",1
2009,"House Finch",6
2009,"Indigo Bunting",9
2009,"Killdeer",2
2009,"Mourning Dove",5
2009,"Northern Cardinal",25
2009,"Northern Mockingbird",1
2009,"Northern Parula",3
2009,"Pine Warbler",5
2009,"Red-bellied Woodpecker",10
2009,"Red-eyed Vireo",9
2009,"Red-shouldered Hawk",1
2009,"Red-winged Blackbird",2
2009,"Summer Tanager",1
2009,"Tufted Titmouse",18
2009,"Yellow-billed Cuckoo",1
2009,"Yellow-breasted Chat",1
2009,"Yellow-throated Vireo",1
2009,"Yellow-throated Warbler",1
2009,"American Crow",32
2009,"American Robin",1
2009,"Blue Jay",13
2009,"Blue-gray Gnatcatcher",4
2009,"Brown-headed Nuthatch",2
2009,"Carolina Chickadee",8
2009,"Carolina Wren",22
2009,"Eastern Bluebird",15
2009,"Eastern Meadowlark",4
2009,"Eastern Phoebe",1
2009,"Eastern Towhee",11
2009,"Eastern Wood-Pewee",1
2009,"Indigo Bunting",5
2009,"Mourning Dove",13
2009,"Northern Cardinal",34
2009,"Northern Mockingbird",9
2009,"Ovenbird",2
2009,"Pine Warbler",1
2009,"Red-eyed Vireo",7
2009,"Scarlet Tanager",1
2009,"Summer Tanager",1
2009,"Tufted Titmouse",10
2009,"Turkey Vulture",2
2009,"White-breasted Nuthatch",4
2009,"White-eyed Vireo",2
2009,"Wood Thrush",11
2009,"American Crow",4
2009,"American Goldfinch",3
2009,"American Robin",18
2009,"Blue Grosbeak",5
2009,"Blue Jay",1
2009,"Brown Thrasher",4
2009,"Carolina Wren",29
2009,"Chimney Swift",1
2009,"Chipping Sparrow",4
2009,"Common Grackle",3
2009,"Eastern Bluebird",22
2009,"Eastern Towhee",28
2009,"Eastern Wood-Pewee",2
2009,"European Starling",4
2009,"Gray Catbird",7
2009,"House Finch",16
2009,"Indigo Bunting",2
2009,"Mourning Dove",12
2009,"Northern Cardinal",54
2009,"Northern Mockingbird",11
2009,"Orchard Oriole",1
2009,"Ovenbird",1
2009,"Pileated Woodpecker",1
2009,"Pine Warbler",4
2009,"Red-bellied Woodpecker",10
2009,"Red-eyed Vireo",3
2009,"Scarlet Tanager",3
2009,"Summer Tanager",4
2009,"Tufted Titmouse",2
2009,"White-breasted Nuthatch",3
2009,"Wood Thrush",5
2010,"Acadian Flycatcher",3
2010,"American Crow",20
2010,"American Robin",2
2010,"Blue Jay",3
2010,"Blue-gray Gnatcatcher",8
2010,"Brown Thrasher",1
2010,"Brown-headed Cowbird",1
2010,"Carolina Chickadee",13
2010,"Carolina Wren",15
2010,"Chipping Sparrow",3
2010,"Common Grackle",8
2010,"Common Yellowthroat",1
2010,"Downy Woodpecker",2
2010,"Eastern Bluebird",4
2010,"Eastern Phoebe",1
2010,"Eastern Towhee",6
2010,"Eastern Wood-Pewee",3
2010,"Fish Crow",4
2010,"Hooded Warbler",4
2010,"Indigo Bunting",1
2010,"Mourning Dove",12
2010,"Northern Cardinal",38
2010,"Northern Mockingbird",5
2010,"Northern Parula",2
2010,"Ovenbird",5
2010,"Pileated Woodpecker",2
2010,"Pine Warbler",25
2010,"Prairie Warbler",1
2010,"Red-bellied Woodpecker",10
2010,"Red-eyed Vireo",6
2010,"Tufted Titmouse",17
2010,"Turkey Vulture",3
2010,"White-breasted Nuthatch",1
2010,"White-eyed Vireo",3
2010,"Wood Thrush",5
2010,"Yellow-breasted Chat",1
2010,"Yellow-throated Warbler",3
2010,"Acadian Flycatcher",3
2010,"American Crow",20
2010,"American Goldfinch",3
2010,"American Robin",3
2010,"Barn Swallow",6
2010,"Blue Grosbeak",2
2010,"Blue Jay",1
2010,"Blue-gray Gnatcatcher",6
2010,"Brown Thrasher",3
2010,"Brown-headed Cowbird",11
2010,"Brown-headed Nuthatch",1
2010,"Carolina Chickadee",12
2010,"Carolina Wren",21
2010,"Chipping Sparrow",5
2010,"Common Grackle",5
2010,"Downy Woodpecker",4
2010,"Eastern Bluebird",9
2010,"Eastern Phoebe",4
2010,"Eastern Towhee",6
2010,"Eastern Whip-poor-will",2
2010,"Eastern Wood-Pewee",5
2010,"Fish Crow",1
2010,"Great Blue Heron",2
2010,"Hooded Warbler",1
2010,"House Finch",2
2010,"Indigo Bunting",9
2010,"Mourning Dove",12
2010,"Northern Cardinal",21
2010,"Northern Mockingbird",4
2010,"Ovenbird",4
2010,"Pine Warbler",11
2010,"Prairie Warbler",1
2010,"Purple Martin",6
2010,"Red-bellied Woodpecker",8
2010,"Red-eyed Vireo",6
2010,"Scarlet Tanager",7
2010,"Summer Tanager",3
2010,"Tufted Titmouse",18
2010,"White-eyed Vireo",3
2010,"Wood Thrush",3
2010,"Yellow-billed Cuckoo",1
2010,"Yellow-breasted Chat",1
2010,"Yellow-throated Warbler",2
2010,"Acadian Flycatcher",3
2010,"American Crow",13
2010,"American Goldfinch",3
2010,"American Robin",7
2010,"Blue Grosbeak",10
2010,"Blue-gray Gnatcatcher",2
2010,"Brown Thrasher",2
2010,"Brown-headed Cowbird",7
2010,"Carolina Chickadee",1
2010,"Carolina Wren",20
2010,"Chimney Swift",3
2010,"Chipping Sparrow",7
2010,"Common Grackle",13
2010,"Common Yellowthroat",1
2010,"Eastern Bluebird",4
2010,"Eastern Meadowlark",2
2010,"Eastern Phoebe",1
2010,"Eastern Towhee",1
2010,"Eastern Whip-poor-will",1
2010,"Eastern Wood-Pewee",3
2010,"Gray Catbird",7
2010,"Great Crested Flycatcher",4
2010,"Hooded Warbler",1
2010,"Indigo Bunting",13
2010,"Mourning Dove",9
2010,"Northern Bobwhite",1
2010,"Northern Cardinal",17
2010,"Northern Mockingbird",2
2010,"Orchard Oriole",1
2010,"Ovenbird",3
2010,"Pine Warbler",24
2010,"Prairie Warbler",1
2010,"Red-bellied Woodpecker",4
2010,"Red-eyed Vireo",8
2010,"Red-shouldered Hawk",1
2010,"Scarlet Tanager",1
2010,"Summer Tanager",13
2010,"Tufted Titmouse",11
2010,"White-eyed Vireo",2
2010,"Wood Thrush",2
2010,"Yellow-breasted Chat",7
2010,"Acadian Flycatcher",2
2010,"American Crow",32
2010,"American Goldfinch",1
2010,"American Robin",2
2010,"Barn Swallow",7
2010,"Blue Grosbeak",6
2010,"Blue Jay",11
2010,"Blue-gray Gnatcatcher",12
2010,"Brown Thrasher",1
2010,"Brown-headed Cowbird",4
2010,"Canada Goose",3
2010,"Carolina Chickadee",5
2010,"Carolina Wren",14
2010,"Chimney Swift",7
2010,"Chipping Sparrow",15
2010,"Common Yellowthroat",2
2010,"Downy Woodpecker",2
2010,"Eastern Bluebird",6
2010,"Eastern Meadowlark",1
2010,"Eastern Phoebe",1
2010,"Eastern Towhee",6
2010,"Eastern Wood-Pewee",6
2010,"European Starling",2
2010,"Field Sparrow",3
2010,"Gray Catbird",1
2010,"Hooded Warbler",1
2010,"Indigo Bunting",13
2010,"Mourning Dove",16
2010,"Northern Cardinal",17
2010,"Northern Mockingbird",3
2010,"Orchard Oriole",1
2010,"Ovenbird",3
2010,"Prairie Warbler",1
2010,"Purple Martin",1
2010,"Red-bellied Woodpecker",6
2010,"Red-eyed Vireo",4
2010,"Red-winged Blackbird",2
2010,"Summer Tanager",6
2010,"Tufted Titmouse",12
2010,"White-eyed Vireo",2
2010,"Wood Thrush",3
2010,"Yellow-billed Cuckoo",1
2010,"Yellow-breasted Chat",4
2010,"Yellow-throated Vireo",1
2010,"Acadian Flycatcher",1
2010,"American Crow",36
2010,"American Goldfinch",6
2010,"American Robin",2
2010,"Barn Swallow",4
2010,"Blue Grosbeak",19
2010,"Blue Jay",7
2010,"Blue-gray Gnatcatcher",16
2010,"Brown Thrasher",2
2010,"Brown-headed Cowbird",15
2010,"Carolina Chickadee",24
2010,"Carolina Wren",41
2010,"Chimney Swift",5
2010,"Chipping Sparrow",44
2010,"Common Grackle",62
2010,"Downy Woodpecker",2
2010,"Eastern Bluebird",30
2010,"Eastern Kingbird",2
2010,"Eastern Meadowlark",33
2010,"Eastern Phoebe",10
2010,"Eastern Towhee",3
2010,"Eastern Whip-poor-will",2
2010,"Eastern Wood-Pewee",16
2010,"European Starling",57
2010,"Field Sparrow",3
2010,"Grasshopper Sparrow",2
2010,"Gray Catbird",1
2010,"Great Crested Flycatcher",8
2010,"House Finch",5
2010,"House Sparrow",2
2010,"Indigo Bunting",19
2010,"Mourning Dove",29
2010,"Northern Cardinal",47
2010,"Northern Mockingbird",23
2010,"Orchard Oriole",1
2010,"Ovenbird",8
2010,"Pileated Woodpecker",2
2010,"Pine Warbler",2
2010,"Purple Martin",45
2010,"Red-bellied Woodpecker",13
2010,"Red-eyed Vireo",5
2010,"Red-shouldered Hawk",3
2010,"Red-winged Blackbird",3
2010,"Scarlet Tanager",2
2010,"Summer Tanager",6
2010,"Tufted Titmouse",18
2010,"Turkey Vulture",5
2010,"White-breasted Nuthatch",1
2010,"Wood Thrush",2
2010,"Yellow-billed Cuckoo",11
2010,"Yellow-breasted Chat",2
2010,"Yellow-throated Vireo",2
2010,"American Crow",45
2010,"American Goldfinch",2
2010,"American Robin",28
2010,"Barn Swallow",7
2010,"Blue Grosbeak",19
2010,"Blue Jay",3
2010,"Blue-gray Gnatcatcher",12
2010,"Brown Thrasher",4
2010,"Brown-headed Cowbird",8
2010,"Canada Goose",7
2010,"Carolina Chickadee",9
2010,"Carolina Wren",20
2010,"Chimney Swift",5
2010,"Chipping Sparrow",31
2010,"Common Grackle",62
2010,"Common Yellowthroat",2
2010,"Downy Woodpecker",2
2010,"Eastern Bluebird",25
2010,"Eastern Kingbird",4
2010,"Eastern Meadowlark",19
2010,"Eastern Phoebe",10
2010,"Eastern Towhee",6
2010,"Eastern Wood-Pewee",19
2010,"European Starling",16
2010,"Field Sparrow",4
2010,"Gray Catbird",2
2010,"Great Blue Heron",3
2010,"Great Crested Flycatcher",7
2010,"House Finch",2
2010,"House Sparrow",4
2010,"Indigo Bunting",13
2010,"Killdeer",4
2010,"Mourning Dove",51
2010,"Northern Bobwhite",3
2010,"Northern Cardinal",76
2010,"Northern Mockingbird",55
2010,"Orchard Oriole",5
2010,"Ovenbird",1
2010,"Pine Warbler",4
2010,"Purple Martin",14
2010,"Red-bellied Woodpecker",6
2010,"Red-eyed Vireo",4
2010,"Red-winged Blackbird",4
2010,"Summer Tanager",4
2010,"Tufted Titmouse",8
2010,"White-breasted Nuthatch",3
2010,"Wood Thrush",2
2010,"Yellow-billed Cuckoo",1
2010,"Yellow-breasted Chat",5
2010,"Yellow-throated Vireo",2
2010,"American Crow",25
2010,"American Goldfinch",8
2010,"Barn Swallow",11
2010,"Blue Grosbeak",4
2010,"Blue Jay",2
2010,"Blue-gray Gnatcatcher",8
2010,"Brown-headed Cowbird",4
2010,"Brown-headed Nuthatch",2
2010,"Carolina Chickadee",2
2010,"Carolina Wren",14
2010,"Chimney Swift",1
2010,"Chipping Sparrow",4
2010,"Common Grackle",7
2010,"Eastern Bluebird",3
2010,"Eastern Kingbird",1
2010,"Eastern Meadowlark",9
2010,"Eastern Towhee",10
2010,"Fish Crow",1
2010,"Great Crested Flycatcher",1
2010,"Hooded Warbler",5
2010,"House Finch",3
2010,"House Sparrow",1
2010,"Indigo Bunting",13
2010,"Northern Cardinal",19
2010,"Northern Mockingbird",7
2010,"Northern Parula",1
2010,"Orchard Oriole",2
2010,"Ovenbird",6
2010,"Pileated Woodpecker",3
2010,"Pine Warbler",1
2010,"Prairie Warbler",2
2010,"Purple Martin",1
2010,"Red-bellied Woodpecker",2
2010,"Red-eyed Vireo",11
2010,"Red-winged Blackbird",2
2010,"Scarlet Tanager",1
2010,"Summer Tanager",5
2010,"Tufted Titmouse",13
2010,"White-eyed Vireo",2
2010,"Wood Thrush",8
2010,"Yellow-breasted Chat",2
2010,"Yellow-throated Vireo",1
2010,"American Crow",21
2010,"American Goldfinch",16
2010,"American Robin",6
2010,"Blue Grosbeak",1
2010,"Blue Jay",6
2010,"Blue-gray Gnatcatcher",9
2010,"Brown Thrasher",2
2010,"Brown-headed Cowbird",5
2010,"Brown-headed Nuthatch",1
2010,"Carolina Chickadee",4
2010,"Carolina Wren",5
2010,"Chimney Swift",12
2010,"Chipping Sparrow",13
2010,"Common Grackle",6
2010,"Common Yellowthroat",1
2010,"Eastern Bluebird",19
2010,"Eastern Kingbird",2
2010,"Eastern Meadowlark",7
2010,"Eastern Phoebe",6
2010,"Eastern Towhee",7
2010,"Eastern Whip-poor-will",1
2010,"Eastern Wood-Pewee",4
2010,"European Starling",3
2010,"Great Crested Flycatcher",4
2010,"Indigo Bunting",7
2010,"Mourning Dove",20
2010,"Northern Cardinal",24
2010,"Northern Mockingbird",7
2010,"Ovenbird",8
2010,"Pine Warbler",10
2010,"Prairie Warbler",1
2010,"Red-bellied Woodpecker",5
2010,"Red-eyed Vireo",1
2010,"Red-shouldered Hawk",2
2010,"Ruby-throated Hummingbird",1
2010,"Summer Tanager",2
2010,"Tufted Titmouse",1
2010,"Turkey Vulture",2
2010,"White-eyed Vireo",2
2010,"Wood Thrush",2
2010,"Yellow-breasted Chat",6
2010,"Yellow-throated Vireo",3
2010,"American Crow",20
2010,"American Goldfinch",10
2010,"American Robin",3
2010,"Blue Grosbeak",1
2010,"Blue Jay",6
2010,"Blue-gray Gnatcatcher",10
2010,"Brown Thrasher",3
2010,"Brown-headed Cowbird",2
2010,"Brown-headed Nuthatch",6
2010,"Carolina Chickadee",15
2010,"Carolina Wren",46
2010,"Chimney Swift",2
2010,"Chipping Sparrow",7
2010,"Common Grackle",7
2010,"Common Yellowthroat",3
2010,"Downy Woodpecker",7
2010,"Eastern Bluebird",20
2010,"Eastern Phoebe",7
2010,"Eastern Towhee",10
2010,"Eastern Wood-Pewee",4
2010,"Field Sparrow",1
2010,"Fish Crow",5
2010,"Gray Catbird",2
2010,"Great Blue Heron",1
2010,"Great Crested Flycatcher",4
2010,"Hooded Warbler",1
2010,"Indigo Bunting",11
2010,"Mourning Dove",11
2010,"Northern Cardinal",35
2010,"Northern Parula",4
2010,"Ovenbird",4
2010,"Pileated Woodpecker",1
2010,"Pine Warbler",16
2010,"Prairie Warbler",2
2010,"Red-bellied Woodpecker",13
2010,"Red-eyed Vireo",11
2010,"Red-shouldered Hawk",3
2010,"Ruby-throated Hummingbird",4
2010,"Scarlet Tanager",5
2010,"Summer Tanager",9
2010,"Tufted Titmouse",21
2010,"White-breasted Nuthatch",5
2010,"White-eyed Vireo",3
2010,"Wood Thrush",4
2010,"Yellow-billed Cuckoo",3
2010,"Yellow-breasted Chat",5
2010,"Yellow-throated Vireo",3
2010,"Yellow-throated Warbler",1
2010,"American Crow",28
2010,"American Robin",1
2010,"Barn Swallow",18
2010,"Blue Grosbeak",3
2010,"Blue Jay",1
2010,"Blue-gray Gnatcatcher",3
2010,"Brown-headed Cowbird",1
2010,"Brown-headed Nuthatch",1
2010,"Carolina Chickadee",3
2010,"Carolina Wren",15
2010,"Chipping Sparrow",6
2010,"Common Yellowthroat",1
2010,"Eastern Bluebird",3
2010,"Eastern Meadowlark",1
2010,"Eastern Phoebe",4
2010,"European Starling",1
2010,"Field Sparrow",1
2010,"Fish Crow",3
2010,"Gray Catbird",2
2010,"Great Crested Flycatcher",1
2010,"Hooded Warbler",1
2010,"House Sparrow",1
2010,"Indigo Bunting",7
2010,"Mourning Dove",8
2010,"Northern Cardinal",9
2010,"Northern Mockingbird",5
2010,"Orchard Oriole",1
2010,"Pine Warbler",4
2010,"Red-bellied Woodpecker",3
2010,"Red-eyed Vireo",7
2010,"Summer Tanager",2
2010,"Tufted Titmouse",4
2010,"Wood Thrush",3
2010,"Yellow-breasted Chat",3
2010,"American Crow",28
2010,"American Goldfinch",1
2010,"Blue Grosbeak",2
2010,"Blue Jay",4
2010,"Blue-gray Gnatcatcher",1
2010,"Brown Thrasher",3
2010,"Carolina Chickadee",1
2010,"Carolina Wren",16
2010,"Chipping Sparrow",3
2010,"Common Grackle",1
2010,"Common Yellowthroat",1
2010,"Eastern Bluebird",4
2010,"Eastern Phoebe",3
2010,"Eastern Towhee",7
2010,"Eastern Whip-poor-will",1
2010,"Eastern Wood-Pewee",5
2010,"Great Crested Flycatcher",1
2010,"Hooded Warbler",1
2010,"Indigo Bunting",14
2010,"Mourning Dove",11
2010,"Northern Cardinal",18
2010,"Northern Mockingbird",1
2010,"Ovenbird",4
2010,"Pileated Woodpecker",1
2010,"Pine Warbler",9
2010,"Prairie Warbler",2
2010,"Red-bellied Woodpecker",5
2010,"Red-eyed Vireo",25
2010,"Red-shouldered Hawk",3
2010,"Tufted Titmouse",10
2010,"White-breasted Nuthatch",4
2010,"White-eyed Vireo",3
2010,"Wood Thrush",4
2010,"Yellow-breasted Chat",11
2010,"Yellow-throated Warbler",1
2010,"Acadian Flycatcher",2
2010,"American Crow",34
2010,"American Goldfinch",1
2010,"American Robin",21
2010,"Barn Swallow",17
2010,"Blue Grosbeak",8
2010,"Blue Jay",13
2010,"Blue-gray Gnatcatcher",6
2010,"Brown Thrasher",4
2010,"Brown-headed Cowbird",4
2010,"Canada Goose",58
2010,"Carolina Chickadee",17
2010,"Carolina Wren",10
2010,"Chimney Swift",35
2010,"Chipping Sparrow",15
2010,"Common Grackle",21
2010,"Downy Woodpecker",2
2010,"Eastern Bluebird",6
2010,"Eastern Kingbird",1
2010,"Eastern Meadowlark",8
2010,"Eastern Phoebe",6
2010,"Eastern Towhee",13
2010,"Eastern Wood-Pewee",5
2010,"European Starling",12
2010,"Grasshopper Sparrow",1
2010,"Gray Catbird",5
2010,"Great Crested Flycatcher",4
2010,"House Finch",10
2010,"House Sparrow",6
2010,"Indigo Bunting",13
2010,"Killdeer",5
2010,"Mourning Dove",16
2010,"Northern Cardinal",73
2010,"Northern Mockingbird",29
2010,"Northern Parula",1
2010,"Orchard Oriole",1
2010,"Ovenbird",2
2010,"Pine Warbler",1
2010,"Red-bellied Woodpecker",7
2010,"Red-eyed Vireo",5
2010,"Ruby-throated Hummingbird",2
2010,"Song Sparrow",13
2010,"Summer Tanager",2
2010,"Tufted Titmouse",12
2010,"White-breasted Nuthatch",1
2010,"White-eyed Vireo",1
2010,"Wood Thrush",3
2010,"Yellow-billed Cuckoo",2
2010,"Yellow-breasted Chat",4
2010,"American Crow",27
2010,"American Goldfinch",7
2010,"Barn Swallow",4
2010,"Blue Grosbeak",2
2010,"Blue Jay",1
2010,"Brown Thrasher",1
2010,"Brown-headed Cowbird",6
2010,"Brown-headed Nuthatch",3
2010,"Canada Goose",6
2010,"Carolina Wren",7
2010,"Chimney Swift",1
2010,"Chipping Sparrow",5
2010,"Common Grackle",4
2010,"Common Yellowthroat",1
2010,"Eastern Bluebird",13
2010,"Eastern Meadowlark",3
2010,"Eastern Phoebe",1
2010,"Eastern Towhee",3
2010,"Eastern Wood-Pewee",1
2010,"Field Sparrow",1
2010,"Grasshopper Sparrow",1
2010,"Great Blue Heron",1
2010,"Great Crested Flycatcher",1
2010,"Hooded Warbler",1
2010,"Indigo Bunting",13
2010,"Mourning Dove",18
2010,"Northern Cardinal",31
2010,"Northern Mockingbird",5
2010,"Northern Parula",1
2010,"Orchard Oriole",1
2010,"Ovenbird",1
2010,"Pileated Woodpecker",1
2010,"Pine Warbler",2
2010,"Prairie Warbler",5
2010,"Purple Martin",14
2010,"Red-bellied Woodpecker",9
2010,"Red-eyed Vireo",7
2010,"Red-shouldered Hawk",1
2010,"Red-winged Blackbird",3
2010,"Summer Tanager",3
2010,"Tufted Titmouse",12
2010,"White-eyed Vireo",1
2010,"Wood Thrush",1
2010,"Yellow-breasted Chat",4
2010,"American Crow",12
2010,"American Goldfinch",5
2010,"American Robin",4
2010,"Blue Jay",1
2010,"Blue-gray Gnatcatcher",6
2010,"Brown Thrasher",1
2010,"Brown-headed Cowbird",3
2010,"Brown-headed Nuthatch",1
2010,"Carolina Chickadee",6
2010,"Carolina Wren",16
2010,"Chipping Sparrow",4
2010,"Eastern Bluebird",2
2010,"Eastern Phoebe",4
2010,"Eastern Towhee",5
2010,"Eastern Wood-Pewee",1
2010,"Great Blue Heron",1
2010,"Indigo Bunting",4
2010,"Mourning Dove",12
2010,"Northern Bobwhite",1
2010,"Northern Cardinal",15
2010,"Northern Mockingbird",5
2010,"Ovenbird",1
2010,"Pileated Woodpecker",2
2010,"Pine Warbler",12
2010,"Red-bellied Woodpecker",7
2010,"Red-eyed Vireo",7
2010,"Ruby-throated Hummingbird",1
2010,"Scarlet Tanager",2
2010,"Summer Tanager",5
2010,"Tufted Titmouse",4
2010,"White-breasted Nuthatch",1
2010,"White-eyed Vireo",2
2010,"Wood Thrush",6
2010,"Yellow-billed Cuckoo",2
2010,"Yellow-breasted Chat",2
2010,"Yellow-throated Vireo",1
2010,"Yellow-throated Warbler",1
2010,"Acadian Flycatcher",1
2010,"American Crow",14
2010,"American Goldfinch",2
2010,"American Robin",30
2010,"Barn Swallow",3
2010,"Blue Jay",2
2010,"Blue-gray Gnatcatcher",1
2010,"Brown Thrasher",1
2010,"Brown-headed Cowbird",2
2010,"Brown-headed Nuthatch",1
2010,"Canada Goose",2
2010,"Carolina Chickadee",18
2010,"Carolina Wren",10
2010,"Chimney Swift",12
2010,"Chipping Sparrow",11
2010,"Common Grackle",62
2010,"Downy Woodpecker",1
2010,"Eastern Towhee",16
2010,"Eastern Wood-Pewee",1
2010,"European Starling",14
2010,"Fish Crow",3
2010,"Great Blue Heron",1
2010,"Great Crested Flycatcher",1
2010,"House Finch",17
2010,"Indigo Bunting",4
2010,"Mourning Dove",5
2010,"Northern Cardinal",47
2010,"Northern Mockingbird",10
2010,"Pine Warbler",4
2010,"Red-bellied Woodpecker",2
2010,"Red-eyed Vireo",5
2010,"Red-winged Blackbird",1
2010,"Ruby-throated Hummingbird",1
2010,"Song Sparrow",6
2010,"Tufted Titmouse",7
2010,"White-breasted Nuthatch",1
2010,"Wood Thrush",1
2010,"Yellow-throated Warbler",1
2010,"American Crow",4
2010,"American Goldfinch",2
2010,"American Robin",7
2010,"Barn Swallow",4
2010,"Blue Grosbeak",5
2010,"Blue Jay",1
2010,"Blue-gray Gnatcatcher",9
2010,"Brown Thrasher",1
2010,"Brown-headed Cowbird",4
2010,"Brown-headed Nuthatch",1
2010,"Canada Goose",10
2010,"Carolina Chickadee",12
2010,"Carolina Wren",33
2010,"Chipping Sparrow",9
2010,"Common Grackle",9
2010,"Common Yellowthroat",3
2010,"Downy Woodpecker",3
2010,"Eastern Bluebird",4
2010,"Eastern Meadowlark",1
2010,"Eastern Phoebe",4
2010,"Eastern Towhee",14
2010,"Eastern Wood-Pewee",3
2010,"European Starling",2
2010,"Gray Catbird",2
2010,"Great Blue Heron",1
2010,"Great Crested Flycatcher",1
2010,"Indigo Bunting",8
2010,"Killdeer",1
2010,"Mourning Dove",13
2010,"Northern Cardinal",32
2010,"Northern Mockingbird",4
2010,"Northern Parula",2
2010,"Ovenbird",1
2010,"Pine Warbler",3
2010,"Red-bellied Woodpecker",6
2010,"Red-eyed Vireo",9
2010,"Song Sparrow",1
2010,"Summer Tanager",5
2010,"Tufted Titmouse",5
2010,"Wood Thrush",11
2010,"Yellow-throated Warbler",1
2010,"American Crow",15
2010,"American Goldfinch",6
2010,"American Robin",13
2010,"Blue Jay",4
2010,"Blue-gray Gnatcatcher",5
2010,"Brown Thrasher",1
2010,"Brown-headed Cowbird",5
2010,"Brown-headed Nuthatch",11
2010,"Carolina Chickadee",3
2010,"Carolina Wren",22
2010,"Chimney Swift",7
2010,"Chipping Sparrow",3
2010,"Common Grackle",1
2010,"Common Yellowthroat",1
2010,"Downy Woodpecker",6
2010,"Eastern Bluebird",8
2010,"Eastern Towhee",26
2010,"Eastern Whip-poor-will",2
2010,"Eastern Wood-Pewee",1
2010,"European Starling",1
2010,"Fish Crow",6
2010,"Gray Catbird",4
2010,"Great Blue Heron",1
2010,"Great Crested Flycatcher",2
2010,"House Finch",8
2010,"House Sparrow",1
2010,"Mourning Dove",15
2010,"Northern Cardinal",39
2010,"Northern Mockingbird",13
2010,"Pine Warbler",8
2010,"Red-bellied Woodpecker",7
2010,"Red-eyed Vireo",1
2010,"Ruby-throated Hummingbird",1
2010,"Scarlet Tanager",2
2010,"Song Sparrow",3
2010,"Summer Tanager",3
2010,"Tufted Titmouse",6
2010,"White-breasted Nuthatch",1
2010,"Wood Thrush",3
2010,"American Crow",14
2010,"American Goldfinch",4
2010,"American Robin",17
2010,"Blue Jay",7
2010,"Brown Thrasher",5
2010,"Carolina Wren",22
2010,"Chimney Swift",1
2010,"Eastern Bluebird",3
2010,"Eastern Towhee",12
2010,"European Starling",5
2010,"Fish Crow",7
2010,"Great Crested Flycatcher",2
2010,"House Finch",9
2010,"Indigo Bunting",2
2010,"Killdeer",1
2010,"Mourning Dove",9
2010,"Northern Cardinal",11
2010,"Northern Mockingbird",15
2010,"Orchard Oriole",2
2010,"Ovenbird",1
2010,"Pine Warbler",3
2010,"Red-bellied Woodpecker",4
2010,"Red-eyed Vireo",1
2010,"Red-winged Blackbird",1
2010,"Song Sparrow",4
2010,"Tufted Titmouse",2
2010,"Wood Thrush",4
2010,"Acadian Flycatcher",1
2010,"American Crow",9
2010,"American Robin",1
2010,"Blue Grosbeak",3
2010,"Blue Jay",1
2010,"Blue-gray Gnatcatcher",6
2010,"Brown-headed Cowbird",1
2010,"Brown-headed Nuthatch",2
2010,"Carolina Chickadee",2
2010,"Carolina Wren",14
2010,"Chimney Swift",2
2010,"Chipping Sparrow",8
2010,"Common Grackle",30
2010,"Eastern Bluebird",3
2010,"Eastern Towhee",8
2010,"Eastern Wood-Pewee",1
2010,"Fish Crow",2
2010,"Gray Catbird",1
2010,"Great Blue Heron",2
2010,"Great Crested Flycatcher",2
2010,"House Sparrow",1
2010,"Indigo Bunting",9
2010,"Mourning Dove",8
2010,"Northern Bobwhite",1
2010,"Northern Cardinal",4
2010,"Northern Mockingbird",8
2010,"Northern Parula",2
2010,"Ovenbird",2
2010,"Pine Warbler",1
2010,"Prairie Warbler",1
2010,"Red-bellied Woodpecker",3
2010,"Red-eyed Vireo",3
2010,"Song Sparrow",2
2010,"Summer Tanager",2
2010,"Tufted Titmouse",8
2010,"White-breasted Nuthatch",2
2010,"Wood Thrush",3
2010,"Yellow-throated Vireo",1
2010,"Yellow-throated Warbler",1
2010,"Acadian Flycatcher",1
2010,"American Crow",31
2010,"American Goldfinch",4
2010,"American Robin",4
2010,"Barn Swallow",3
2010,"Blue Grosbeak",8
2010,"Blue Jay",2
2010,"Blue-gray Gnatcatcher",3
2010,"Brown Thrasher",1
2010,"Brown-headed Cowbird",1
2010,"Carolina Chickadee",2
2010,"Carolina Wren",5
2010,"Chimney Swift",3
2010,"Chipping Sparrow",24
2010,"Common Grackle",8
2010,"Common Yellowthroat",6
2010,"Downy Woodpecker",3
2010,"Eastern Bluebird",8
2010,"Eastern Kingbird",1
2010,"Eastern Meadowlark",12
2010,"Eastern Phoebe",3
2010,"Eastern Towhee",3
2010,"Eastern Whip-poor-will",1
2010,"Eastern Wood-Pewee",4
2010,"European Starling",27
2010,"Field Sparrow",2
2010,"Grasshopper Sparrow",5
2010,"Hooded Warbler",1
2010,"House Finch",3
2010,"Indigo Bunting",16
2010,"Mourning Dove",13
2010,"Northern Bobwhite",2
2010,"Northern Cardinal",11
2010,"Northern Mockingbird",11
2010,"Northern Parula",1
2010,"Orchard Oriole",1
2010,"Ovenbird",2
2010,"Pileated Woodpecker",1
2010,"Prairie Warbler",1
2010,"Purple Martin",10
2010,"Red-bellied Woodpecker",2
2010,"Red-eyed Vireo",6
2010,"Red-winged Blackbird",2
2010,"Scarlet Tanager",1
2010,"Summer Tanager",1
2010,"Tufted Titmouse",9
2010,"White-breasted Nuthatch",1
2010,"Wood Thrush",5
2010,"Yellow-billed Cuckoo",2
2010,"Yellow-breasted Chat",2
2010,"Yellow-throated Vireo",1
2010,"American Crow",12
2010,"American Goldfinch",7
2010,"American Robin",2
2010,"Barn Swallow",1
2010,"Blue Grosbeak",2
2010,"Blue Jay",1
2010,"Brown Thrasher",3
2010,"Carolina Wren",20
2010,"Chimney Swift",1
2010,"Chipping Sparrow",1
2010,"Common Grackle",2
2010,"Eastern Bluebird",5
2010,"Eastern Meadowlark",1
2010,"Eastern Phoebe",1
2010,"Eastern Towhee",3
2010,"European Starling",7
2010,"Field Sparrow",1
2010,"Great Crested Flycatcher",1
2010,"Indigo Bunting",4
2010,"Killdeer",1
2010,"Mourning Dove",10
2010,"Northern Cardinal",10
2010,"Northern Mockingbird",4
2010,"Pine Warbler",1
2010,"Red-bellied Woodpecker",6
2010,"Red-eyed Vireo",5
2010,"Red-shouldered Hawk",1
2010,"Red-winged Blackbird",1
2010,"Summer Tanager",3
2010,"Tufted Titmouse",8
2010,"White-breasted Nuthatch",1
2010,"Wood Thrush",3
2010,"Yellow-billed Cuckoo",1
2010,"Yellow-breasted Chat",1
2010,"American Crow",17
2010,"American Goldfinch",22
2010,"American Robin",6
2010,"Barn Swallow",2
2010,"Blue Grosbeak",3
2010,"Blue Jay",10
2010,"Blue-gray Gnatcatcher",1
2010,"Brown-headed Nuthatch",2
2010,"Carolina Chickadee",8
2010,"Carolina Wren",39
2010,"Chimney Swift",2
2010,"Common Grackle",2
2010,"Common Yellowthroat",2
2010,"Eastern Bluebird",8
2010,"Eastern Towhee",10
2010,"Eastern Whip-poor-will",2
2010,"Gray Catbird",2
2010,"Great Crested Flycatcher",1
2010,"House Finch",5
2010,"Indigo Bunting",3
2010,"Mourning Dove",6
2010,"Northern Cardinal",32
2010,"Northern Mockingbird",2
2010,"Pileated Woodpecker",3
2010,"Pine Warbler",1
2010,"Red-bellied Woodpecker",1
2010,"Red-eyed Vireo",3
2010,"Red-shouldered Hawk",1
2010,"Summer Tanager",2
2010,"Tufted Titmouse",12
2010,"White-breasted Nuthatch",1
2010,"Wood Thrush",5
2010,"Yellow-breasted Chat",2
2010,"Yellow-throated Vireo",1
2010,"American Crow",32
2010,"American Goldfinch",5
2010,"American Robin",1
2010,"Barn Swallow",1
2010,"Blue Grosbeak",4
2010,"Blue Jay",7
2010,"Blue-gray Gnatcatcher",16
2010,"Brown Thrasher",2
2010,"Carolina Chickadee",6
2010,"Carolina Wren",14
2010,"Chipping Sparrow",23
2010,"Common Yellowthroat",4
2010,"Eastern Bluebird",10
2010,"Eastern Kingbird",4
2010,"Eastern Meadowlark",3
2010,"Eastern Phoebe",2
2010,"Eastern Towhee",5
2010,"Eastern Whip-poor-will",6
2010,"European Starling",9
2010,"Field Sparrow",2
2010,"Fish Crow",1
2010,"Grasshopper Sparrow",3
2010,"Great Crested Flycatcher",6
2010,"Indigo Bunting",14
2010,"Killdeer",21
2010,"Mourning Dove",3
2010,"Northern Bobwhite",1
2010,"Northern Cardinal",30
2010,"Northern Mockingbird",13
2010,"Orchard Oriole",2
2010,"Pileated Woodpecker",5
2010,"Pine Warbler",7
2010,"Purple Martin",3
2010,"Red-bellied Woodpecker",2
2010,"Red-eyed Vireo",6
2010,"Red-winged Blackbird",1
2010,"Summer Tanager",3
2010,"Tufted Titmouse",12
2010,"Turkey Vulture",5
2010,"White-eyed Vireo",1
2010,"Wood Thrush",2
2010,"Yellow-breasted Chat",1
2010,"Yellow-throated Vireo",2
2010,"Yellow-throated Warbler",2
2010,"Acadian Flycatcher",1
2010,"American Crow",22
2010,"American Goldfinch",5
2010,"American Robin",6
2010,"Blue Grosbeak",2
2010,"Blue Jay",1
2010,"Blue-gray Gnatcatcher",4
2010,"Brown-headed Cowbird",1
2010,"Carolina Chickadee",4
2010,"Carolina Wren",7
2010,"Chimney Swift",1
2010,"Chipping Sparrow",8
2010,"Downy Woodpecker",1
2010,"Eastern Bluebird",5
2010,"Eastern Phoebe",1
2010,"Eastern Towhee",3
2010,"Gray Catbird",3
2010,"Hooded Warbler",1
2010,"House Finch",12
2010,"Indigo Bunting",1
2010,"Mourning Dove",7
2010,"Northern Cardinal",17
2010,"Northern Mockingbird",8
2010,"Pine Warbler",4
2010,"Red-bellied Woodpecker",3
2010,"Red-eyed Vireo",1
2010,"Red-shouldered Hawk",2
2010,"Summer Tanager",1
2010,"Tufted Titmouse",1
2010,"Turkey Vulture",2
2010,"White-breasted Nuthatch",1
2010,"Wood Thrush",4
2010,"Yellow-breasted Chat",2
2010,"American Crow",11
2010,"American Goldfinch",10
2010,"American Robin",22
2010,"Blue Grosbeak",2
2010,"Blue Jay",1
2010,"Brown-headed Cowbird",2
2010,"Carolina Chickadee",1
2010,"Carolina Wren",20
2010,"Chipping Sparrow",5
2010,"Common Grackle",28
2010,"Common Yellowthroat",1
2010,"Eastern Bluebird",6
2010,"Eastern Meadowlark",15
2010,"Eastern Phoebe",3
2010,"Eastern Towhee",5
2010,"Eastern Wood-Pewee",4
2010,"European Starling",4
2010,"Field Sparrow",5
2010,"Fish Crow",1
2010,"Great Blue Heron",1
2010,"House Finch",1
2010,"Indigo Bunting",12
2010,"Mourning Dove",20
2010,"Northern Bobwhite",3
2010,"Northern Cardinal",23
2010,"Northern Mockingbird",11
2010,"Orchard Oriole",1
2010,"Pine Warbler",2
2010,"Red-bellied Woodpecker",2
2010,"Red-eyed Vireo",8
2010,"Red-winged Blackbird",7
2010,"Summer Tanager",1
2010,"Tufted Titmouse",11
2010,"White-breasted Nuthatch",3
2010,"White-eyed Vireo",1
2010,"Wood Thrush",4
2010,"Yellow-breasted Chat",1
2010,"American Crow",13
2010,"American Goldfinch",5
2010,"American Robin",1
2010,"Barn Swallow",1
2010,"Blue-gray Gnatcatcher",4
2010,"Brown-headed Cowbird",7
2010,"Carolina Chickadee",5
2010,"Carolina Wren",14
2010,"Chimney Swift",1
2010,"Chipping Sparrow",6
2010,"Common Grackle",3
2010,"Eastern Bluebird",10
2010,"Eastern Phoebe",2
2010,"Eastern Towhee",6
2010,"Eastern Wood-Pewee",6
2010,"Field Sparrow",1
2010,"Great Blue Heron",1
2010,"Great Crested Flycatcher",2
2010,"Hooded Warbler",1
2010,"Indigo Bunting",2
2010,"Mourning Dove",10
2010,"Northern Cardinal",15
2010,"Northern Mockingbird",3
2010,"Northern Parula",1
2010,"Ovenbird",1
2010,"Pine Warbler",2
2010,"Red-bellied Woodpecker",4
2010,"Red-eyed Vireo",8
2010,"Red-winged Blackbird",1
2010,"Tufted Titmouse",12
2010,"White-breasted Nuthatch",1
2010,"Wood Thrush",2
2010,"American Crow",9
2010,"American Goldfinch",1
2010,"American Robin",18
2010,"Barn Swallow",5
2010,"Blue Grosbeak",1
2010,"Blue Jay",1
2010,"Blue-gray Gnatcatcher",1
2010,"Brown Thrasher",5
2010,"Canada Goose",35
2010,"Carolina Chickadee",5
2010,"Carolina Wren",39
2010,"Chimney Swift",2
2010,"Chipping Sparrow",4
2010,"Common Grackle",8
2010,"Downy Woodpecker",2
2010,"Eastern Bluebird",14
2010,"Eastern Meadowlark",3
2010,"Eastern Phoebe",1
2010,"Eastern Towhee",11
2010,"European Starling",1
2010,"Fish Crow",3
2010,"Gray Catbird",7
2010,"Great Crested Flycatcher",3
2010,"House Finch",18
2010,"House Sparrow",1
2010,"Indigo Bunting",2
2010,"Mourning Dove",10
2010,"Northern Cardinal",43
2010,"Northern Mockingbird",8
2010,"Orchard Oriole",1
2010,"Pine Warbler",9
2010,"Red-bellied Woodpecker",10
2010,"Red-eyed Vireo",1
2010,"Red-shouldered Hawk",1
2010,"Summer Tanager",3
2010,"Tufted Titmouse",19
2010,"White-breasted Nuthatch",3
2011,"Acadian Flycatcher",2
2011,"American Crow",19
2011,"American Goldfinch",7
2011,"American Robin",1
2011,"Barn Swallow",1
2011,"Blue Grosbeak",1
2011,"Blue-gray Gnatcatcher",8
2011,"Brown Thrasher",5
2011,"Brown-headed Cowbird",1
2011,"Brown-headed Nuthatch",3
2011,"Carolina Chickadee",12
2011,"Carolina Wren",6
2011,"Chipping Sparrow",12
2011,"Common Grackle",1
2011,"Downy Woodpecker",2
2011,"Eastern Bluebird",3
2011,"Eastern Kingbird",1
2011,"Eastern Phoebe",1
2011,"Eastern Towhee",1
2011,"Eastern Wood-Pewee",1
2011,"Field Sparrow",2
2011,"Fish Crow",3
2011,"Great Crested Flycatcher",3
2011,"Hooded Warbler",4
2011,"House Finch",1
2011,"Indigo Bunting",11
2011,"Mourning Dove",6
2011,"Northern Cardinal",34
2011,"Northern Mockingbird",10
2011,"Northern Parula",1
2011,"Orchard Oriole",1
2011,"Ovenbird",2
2011,"Pileated Woodpecker",2
2011,"Pine Warbler",15
2011,"Prairie Warbler",1
2011,"Red-bellied Woodpecker",10
2011,"Red-eyed Vireo",4
2011,"Scarlet Tanager",3
2011,"Summer Tanager",4
2011,"Tufted Titmouse",12
2011,"White-breasted Nuthatch",4
2011,"White-eyed Vireo",1
2011,"Wood Thrush",2
2011,"Yellow-billed Cuckoo",1
2011,"Yellow-breasted Chat",2
2011,"Yellow-throated Warbler",4
2011,"Acadian Flycatcher",2
2011,"American Crow",13
2011,"American Goldfinch",9
2011,"American Robin",1
2011,"Blue Grosbeak",5
2011,"Blue Jay",1
2011,"Blue-gray Gnatcatcher",15
2011,"Brown Thrasher",1
2011,"Brown-headed Cowbird",1
2011,"Canada Goose",2
2011,"Carolina Chickadee",12
2011,"Carolina Wren",7
2011,"Chimney Swift",3
2011,"Chipping Sparrow",3
2011,"Common Grackle",1
2011,"Downy Woodpecker",2
2011,"Eastern Bluebird",6
2011,"Eastern Phoebe",2
2011,"Eastern Towhee",6
2011,"Eastern Whip-poor-will",2
2011,"Eastern Wood-Pewee",3
2011,"Fish Crow",2
2011,"Great Blue Heron",5
2011,"Great Crested Flycatcher",3
2011,"Hooded Warbler",3
2011,"Indigo Bunting",14
2011,"Mourning Dove",17
2011,"Northern Cardinal",39
2011,"Northern Mockingbird",4
2011,"Ovenbird",3
2011,"Pine Warbler",12
2011,"Prairie Warbler",4
2011,"Red-bellied Woodpecker",7
2011,"Red-eyed Vireo",10
2011,"Red-shouldered Hawk",1
2011,"Red-winged Blackbird",1
2011,"Summer Tanager",4
2011,"Tufted Titmouse",16
2011,"White-eyed Vireo",2
2011,"Wood Thrush",2
2011,"Yellow-billed Cuckoo",1
2011,"Yellow-breasted Chat",3
2011,"Yellow-throated Warbler",1
2011,"American Crow",10
2011,"American Goldfinch",4
2011,"American Robin",4
2011,"Barn Swallow",4
2011,"Blue Grosbeak",7
2011,"Blue Jay",1
2011,"Brown Thrasher",1
2011,"Brown-headed Nuthatch",2
2011,"Canada Goose",12
2011,"Carolina Wren",23
2011,"Chimney Swift",3
2011,"Chipping Sparrow",4
2011,"Common Yellowthroat",1
2011,"Downy Woodpecker",1
2011,"Eastern Bluebird",4
2011,"Eastern Kingbird",1
2011,"Eastern Meadowlark",1
2011,"Eastern Towhee",5
2011,"Eastern Wood-Pewee",2
2011,"Fish Crow",5
2011,"Gray Catbird",2
2011,"Great Crested Flycatcher",4
2011,"House Finch",3
2011,"Indigo Bunting",16
2011,"Mourning Dove",9
2011,"Northern Cardinal",14
2011,"Northern Mockingbird",10
2011,"Orchard Oriole",1
2011,"Ovenbird",7
2011,"Pine Warbler",17
2011,"Prairie Warbler",1
2011,"Red-bellied Woodpecker",7
2011,"Red-eyed Vireo",6
2011,"Red-winged Blackbird",1
2011,"Scarlet Tanager",1
2011,"Summer Tanager",6
2011,"Tufted Titmouse",6
2011,"White-eyed Vireo",1
2011,"Wood Thrush",4
2011,"Yellow-billed Cuckoo",4
2011,"Yellow-breasted Chat",4
2011,"Yellow-throated Vireo",1
2011,"Acadian Flycatcher",1
2011,"American Crow",34
2011,"American Robin",2
2011,"Barn Swallow",1
2011,"Blue Grosbeak",4
2011,"Blue Jay",3
2011,"Blue-gray Gnatcatcher",5
2011,"Brown Thrasher",2
2011,"Canada Goose",10
2011,"Carolina Chickadee",12
2011,"Carolina Wren",11
2011,"Chimney Swift",7
2011,"Chipping Sparrow",11
2011,"Common Grackle",6
2011,"Common Yellowthroat",3
2011,"Downy Woodpecker",3
2011,"Eastern Bluebird",10
2011,"Eastern Kingbird",2
2011,"Eastern Towhee",5
2011,"Eastern Wood-Pewee",5
2011,"European Starling",4
2011,"Field Sparrow",1
2011,"Great Blue Heron",1
2011,"Great Crested Flycatcher",4
2011,"Indigo Bunting",9
2011,"Mourning Dove",9
2011,"Northern Cardinal",26
2011,"Northern Mockingbird",9
2011,"Orchard Oriole",1
2011,"Ovenbird",3
2011,"Pine Warbler",2
2011,"Prairie Warbler",3
2011,"Red-bellied Woodpecker",6
2011,"Red-eyed Vireo",7
2011,"Red-shouldered Hawk",1
2011,"Red-winged Blackbird",2
2011,"Scarlet Tanager",3
2011,"Summer Tanager",2
2011,"Tufted Titmouse",6
2011,"White-eyed Vireo",2
2011,"Wood Thrush",2
2011,"Yellow-billed Cuckoo",2
2011,"Yellow-breasted Chat",5
2011,"Acadian Flycatcher",1
2011,"American Crow",54
2011,"American Goldfinch",3
2011,"American Robin",5
2011,"Barn Swallow",8
2011,"Blue Grosbeak",5
2011,"Blue Jay",6
2011,"Blue-gray Gnatcatcher",2
2011,"Brown Thrasher",2
2011,"Brown-headed Cowbird",20
2011,"Carolina Chickadee",7
2011,"Carolina Wren",21
2011,"Chimney Swift",2
2011,"Chipping Sparrow",28
2011,"Common Grackle",47
2011,"Common Yellowthroat",4
2011,"Downy Woodpecker",2
2011,"Eastern Bluebird",17
2011,"Eastern Kingbird",1
2011,"Eastern Meadowlark",20
2011,"Eastern Phoebe",6
2011,"Eastern Towhee",7
2011,"Eastern Wood-Pewee",8
2011,"European Starling",36
2011,"Field Sparrow",1
2011,"Great Blue Heron",2
2011,"Great Crested Flycatcher",15
2011,"House Finch",3
2011,"House Sparrow",2
2011,"Indigo Bunting",24
2011,"Killdeer",7
2011,"Mourning Dove",14
2011,"Northern Cardinal",34
2011,"Northern Mockingbird",19
2011,"Northern Parula",1
2011,"Orchard Oriole",3
2011,"Pileated Woodpecker",1
2011,"Pine Warbler",6
2011,"Red-bellied Woodpecker",23
2011,"Red-eyed Vireo",2
2011,"Red-shouldered Hawk",1
2011,"Ruby-throated Hummingbird",3
2011,"Summer Tanager",2
2011,"Tufted Titmouse",38
2011,"White-breasted Nuthatch",2
2011,"Wood Thrush",1
2011,"Yellow-billed Cuckoo",7
2011,"Yellow-breasted Chat",4
2011,"Acadian Flycatcher",3
2011,"American Crow",24
2011,"American Goldfinch",6
2011,"Barn Swallow",11
2011,"Blue Grosbeak",5
2011,"Blue Jay",5
2011,"Blue-gray Gnatcatcher",6
2011,"Brown Thrasher",1
2011,"Brown-headed Cowbird",2
2011,"Carolina Chickadee",3
2011,"Carolina Wren",9
2011,"Chimney Swift",3
2011,"Chipping Sparrow",13
2011,"Common Grackle",4
2011,"Common Yellowthroat",3
2011,"Downy Woodpecker",5
2011,"Eastern Bluebird",7
2011,"Eastern Meadowlark",5
2011,"Eastern Towhee",7
2011,"Eastern Wood-Pewee",5
2011,"European Starling",1
2011,"Hooded Warbler",3
2011,"House Finch",1
2011,"Indigo Bunting",21
2011,"Mourning Dove",22
2011,"Northern Cardinal",25
2011,"Northern Mockingbird",12
2011,"Northern Parula",3
2011,"Ovenbird",3
2011,"Pine Warbler",8
2011,"Prairie Warbler",1
2011,"Purple Martin",11
2011,"Red-bellied Woodpecker",10
2011,"Red-eyed Vireo",15
2011,"Scarlet Tanager",2
2011,"Summer Tanager",6
2011,"Tufted Titmouse",6
2011,"White-breasted Nuthatch",2
2011,"White-eyed Vireo",1
2011,"Wood Thrush",2
2011,"Yellow-billed Cuckoo",6
2011,"Yellow-breasted Chat",8
2011,"Acadian Flycatcher",1
2011,"American Crow",17
2011,"American Goldfinch",14
2011,"American Robin",1
2011,"Blue Grosbeak",1
2011,"Blue Jay",12
2011,"Blue-gray Gnatcatcher",12
2011,"Brown Thrasher",1
2011,"Brown-headed Cowbird",5
2011,"Carolina Chickadee",1
2011,"Carolina Wren",12
2011,"Chimney Swift",3
2011,"Chipping Sparrow",10
2011,"Common Grackle",1
2011,"Common Yellowthroat",4
2011,"Downy Woodpecker",1
2011,"Eastern Bluebird",8
2011,"Eastern Kingbird",1
2011,"Eastern Meadowlark",3
2011,"Eastern Phoebe",3
2011,"Eastern Towhee",3
2011,"Eastern Whip-poor-will",1
2011,"Eastern Wood-Pewee",5
2011,"European Starling",3
2011,"Great Crested Flycatcher",2
2011,"Indigo Bunting",14
2011,"Killdeer",1
2011,"Mourning Dove",20
2011,"Northern Cardinal",20
2011,"Northern Mockingbird",9
2011,"Ovenbird",4
2011,"Pine Warbler",4
2011,"Prairie Warbler",1
2011,"Purple Martin",1
2011,"Red-bellied Woodpecker",5
2011,"Red-eyed Vireo",3
2011,"Red-winged Blackbird",2
2011,"Ruby-throated Hummingbird",1
2011,"Scarlet Tanager",1
2011,"Tufted Titmouse",8
2011,"White-eyed Vireo",1
2011,"Yellow-billed Cuckoo",6
2011,"Yellow-breasted Chat",3
2011,"Yellow-throated Vireo",2
2011,"Yellow-throated Warbler",2
2011,"Acadian Flycatcher",1
2011,"American Crow",24
2011,"American Goldfinch",13
2011,"Blue Jay",15
2011,"Blue-gray Gnatcatcher",19
2011,"Brown Thrasher",5
2011,"Brown-headed Cowbird",8
2011,"Brown-headed Nuthatch",1
2011,"Canada Goose",8
2011,"Carolina Chickadee",13
2011,"Carolina Wren",27
2011,"Chimney Swift",2
2011,"Chipping Sparrow",3
2011,"Common Grackle",4
2011,"Downy Woodpecker",11
2011,"Eastern Bluebird",14
2011,"Eastern Phoebe",3
2011,"Eastern Towhee",5
2011,"Eastern Wood-Pewee",5
2011,"Field Sparrow",1
2011,"Fish Crow",2
2011,"Gray Catbird",1
2011,"Great Blue Heron",1
2011,"Great Crested Flycatcher",10
2011,"Indigo Bunting",2
2011,"Mourning Dove",3
2011,"Northern Cardinal",31
2011,"Northern Mockingbird",2
2011,"Northern Parula",3
2011,"Orchard Oriole",1
2011,"Ovenbird",3
2011,"Pileated Woodpecker",3
2011,"Pine Warbler",21
2011,"Red-bellied Woodpecker",11
2011,"Red-eyed Vireo",13
2011,"Red-shouldered Hawk",3
2011,"Red-winged Blackbird",1
2011,"Ruby-throated Hummingbird",3
2011,"Scarlet Tanager",6
2011,"Summer Tanager",3
2011,"Tufted Titmouse",18
2011,"White-breasted Nuthatch",5
2011,"Wood Thrush",4
2011,"Yellow-billed Cuckoo",4
2011,"Yellow-breasted Chat",3
2011,"Yellow-throated Vireo",1
2011,"American Crow",22
2011,"American Goldfinch",3
2011,"American Robin",1
2011,"Barn Swallow",3
2011,"Blue Grosbeak",3
2011,"Blue Jay",3
2011,"Blue-gray Gnatcatcher",2
2011,"Brown Thrasher",1
2011,"Brown-headed Cowbird",2
2011,"Brown-headed Nuthatch",3
2011,"Carolina Chickadee",2
2011,"Carolina Wren",9
2011,"Chipping Sparrow",9
2011,"Common Grackle",1
2011,"Common Yellowthroat",1
2011,"Eastern Bluebird",5
2011,"Eastern Kingbird",1
2011,"Eastern Meadowlark",1
2011,"Eastern Phoebe",3
2011,"Eastern Towhee",1
2011,"Eastern Wood-Pewee",2
2011,"Fish Crow",4
2011,"Gray Catbird",1
2011,"Great Crested Flycatcher",1
2011,"House Finch",1
2011,"House Sparrow",1
2011,"Indigo Bunting",6
2011,"Mourning Dove",13
2011,"Northern Cardinal",18
2011,"Northern Mockingbird",5
2011,"Orchard Oriole",1
2011,"Ovenbird",1
2011,"Pine Warbler",3
2011,"Prairie Warbler",1
2011,"Red-bellied Woodpecker",6
2011,"Red-eyed Vireo",10
2011,"Scarlet Tanager",1
2011,"Summer Tanager",1
2011,"Tufted Titmouse",4
2011,"Wood Thrush",3
2011,"Yellow-billed Cuckoo",3
2011,"Yellow-breasted Chat",5
2011,"Yellow-throated Vireo",1
2011,"American Crow",32
2011,"American Goldfinch",7
2011,"Barn Swallow",3
2011,"Blue Grosbeak",1
2011,"Blue Jay",2
2011,"Brown Thrasher",3
2011,"Carolina Chickadee",3
2011,"Carolina Wren",15
2011,"Chimney Swift",1
2011,"Chipping Sparrow",6
2011,"Common Grackle",5
2011,"Common Yellowthroat",3
2011,"Eastern Bluebird",7
2011,"Eastern Phoebe",2
2011,"Eastern Towhee",4
2011,"Eastern Whip-poor-will",2
2011,"Eastern Wood-Pewee",2
2011,"Field Sparrow",2
2011,"Indigo Bunting",13
2011,"Mourning Dove",9
2011,"Northern Cardinal",13
2011,"Northern Mockingbird",6
2011,"Ovenbird",4
2011,"Pine Warbler",4
2011,"Prairie Warbler",2
2011,"Red-bellied Woodpecker",11
2011,"Red-eyed Vireo",20
2011,"Summer Tanager",2
2011,"Tufted Titmouse",6
2011,"White-breasted Nuthatch",2
2011,"White-eyed Vireo",2
2011,"Wood Thrush",3
2011,"Yellow-billed Cuckoo",3
2011,"Yellow-breasted Chat",6
2011,"Yellow-throated Vireo",2
2011,"American Crow",33
2011,"American Goldfinch",19
2011,"Barn Swallow",8
2011,"Blue Grosbeak",11
2011,"Blue Jay",19
2011,"Blue-gray Gnatcatcher",9
2011,"Brown Thrasher",3
2011,"Brown-headed Cowbird",1
2011,"Canada Goose",32
2011,"Carolina Chickadee",7
2011,"Carolina Wren",37
2011,"Chimney Swift",30
2011,"Chipping Sparrow",33
2011,"Common Grackle",52
2011,"Common Yellowthroat",1
2011,"Downy Woodpecker",1
2011,"Eastern Bluebird",5
2011,"Eastern Kingbird",3
2011,"Eastern Meadowlark",3
2011,"Eastern Phoebe",6
2011,"Eastern Towhee",17
2011,"Eastern Wood-Pewee",6
2011,"European Starling",13
2011,"Field Sparrow",3
2011,"Great Crested Flycatcher",4
2011,"House Finch",14
2011,"House Sparrow",8
2011,"Indigo Bunting",9
2011,"Mourning Dove",33
2011,"Northern Cardinal",52
2011,"Northern Mockingbird",31
2011,"Orchard Oriole",3
2011,"Ovenbird",1
2011,"Pine Warbler",9
2011,"Red-bellied Woodpecker",11
2011,"Red-eyed Vireo",5
2011,"Ruby-throated Hummingbird",1
2011,"Scarlet Tanager",1
2011,"Song Sparrow",5
2011,"Summer Tanager",2
2011,"Tufted Titmouse",13
2011,"Yellow-billed Cuckoo",4
2011,"Yellow-breasted Chat",4
2011,"Acadian Flycatcher",1
2011,"American Crow",21
2011,"American Goldfinch",7
2011,"Blue Grosbeak",3
2011,"Blue Jay",4
2011,"Blue-gray Gnatcatcher",6
2011,"Brown Thrasher",2
2011,"Carolina Wren",12
2011,"Chimney Swift",4
2011,"Chipping Sparrow",12
2011,"Common Yellowthroat",1
2011,"Eastern Bluebird",5
2011,"Eastern Meadowlark",6
2011,"Eastern Phoebe",3
2011,"Eastern Towhee",1
2011,"Eastern Wood-Pewee",1
2011,"Fish Crow",1
2011,"Great Blue Heron",1
2011,"Great Crested Flycatcher",4
2011,"Hooded Warbler",4
2011,"Indigo Bunting",10
2011,"Killdeer",1
2011,"Mourning Dove",17
2011,"Northern Cardinal",34
2011,"Northern Mockingbird",4
2011,"Pine Warbler",1
2011,"Prairie Warbler",3
2011,"Purple Martin",4
2011,"Red-bellied Woodpecker",9
2011,"Red-eyed Vireo",7
2011,"Red-winged Blackbird",3
2011,"Scarlet Tanager",1
2011,"Tufted Titmouse",15
2011,"White-eyed Vireo",1
2011,"Wood Thrush",2
2011,"Yellow-billed Cuckoo",2
2011,"Yellow-breasted Chat",6
2011,"Acadian Flycatcher",1
2011,"American Crow",11
2011,"American Goldfinch",9
2011,"American Robin",2
2011,"Barn Swallow",1
2011,"Blue Jay",1
2011,"Blue-gray Gnatcatcher",14
2011,"Carolina Chickadee",11
2011,"Carolina Wren",10
2011,"Chipping Sparrow",2
2011,"Common Grackle",17
2011,"Common Yellowthroat",2
2011,"Eastern Bluebird",5
2011,"Eastern Phoebe",1
2011,"Eastern Towhee",3
2011,"Eastern Wood-Pewee",7
2011,"Gray Catbird",1
2011,"Indigo Bunting",4
2011,"Mourning Dove",15
2011,"Northern Cardinal",14
2011,"Northern Mockingbird",5
2011,"Northern Parula",2
2011,"Ovenbird",2
2011,"Pileated Woodpecker",2
2011,"Pine Warbler",10
2011,"Prairie Warbler",1
2011,"Red-bellied Woodpecker",4
2011,"Red-eyed Vireo",10
2011,"Red-winged Blackbird",2
2011,"Scarlet Tanager",5
2011,"Summer Tanager",7
2011,"Tufted Titmouse",11
2011,"Turkey Vulture",2
2011,"White-breasted Nuthatch",1
2011,"Wood Thrush",4
2011,"Yellow-billed Cuckoo",2
2011,"Acadian Flycatcher",1
2011,"American Crow",14
2011,"American Goldfinch",2
2011,"American Robin",30
2011,"Barn Swallow",3
2011,"Blue Jay",2
2011,"Blue-gray Gnatcatcher",1
2011,"Brown Thrasher",1
2011,"Brown-headed Cowbird",2
2011,"Brown-headed Nuthatch",1
2011,"Canada Goose",2
2011,"Carolina Chickadee",18
2011,"Carolina Wren",10
2011,"Chimney Swift",12
2011,"Chipping Sparrow",11
2011,"Common Grackle",62
2011,"Downy Woodpecker",1
2011,"Eastern Towhee",16
2011,"Eastern Wood-Pewee",1
2011,"European Starling",14
2011,"Fish Crow",3
2011,"Great Blue Heron",1
2011,"Great Crested Flycatcher",1
2011,"House Finch",17
2011,"Indigo Bunting",4
2011,"Mourning Dove",5
2011,"Northern Cardinal",47
2011,"Northern Mockingbird",10
2011,"Pine Warbler",4
2011,"Red-bellied Woodpecker",2
2011,"Red-eyed Vireo",5
2011,"Red-winged Blackbird",1
2011,"Ruby-throated Hummingbird",1
2011,"Song Sparrow",6
2011,"Tufted Titmouse",7
2011,"White-breasted Nuthatch",1
2011,"Wood Thrush",1
2011,"Yellow-throated Warbler",1
2011,"American Crow",22
2011,"American Goldfinch",2
2011,"American Robin",6
2011,"Barn Swallow",6
2011,"Blue Grosbeak",3
2011,"Blue Jay",2
2011,"Blue-gray Gnatcatcher",8
2011,"Brown-headed Cowbird",7
2011,"Brown-headed Nuthatch",1
2011,"Canada Goose",13
2011,"Carolina Chickadee",12
2011,"Carolina Wren",10
2011,"Chipping Sparrow",13
2011,"Common Grackle",2
2011,"Common Yellowthroat",2
2011,"Downy Woodpecker",1
2011,"Eastern Bluebird",10
2011,"Eastern Meadowlark",2
2011,"Eastern Phoebe",1
2011,"Eastern Towhee",11
2011,"Eastern Wood-Pewee",2
2011,"European Starling",2
2011,"Gray Catbird",1
2011,"Great Blue Heron",1
2011,"Great Crested Flycatcher",1
2011,"House Finch",8
2011,"Indigo Bunting",12
2011,"Mourning Dove",7
2011,"Northern Cardinal",33
2011,"Northern Mockingbird",5
2011,"Northern Parula",2
2011,"Ovenbird",1
2011,"Red-bellied Woodpecker",4
2011,"Red-eyed Vireo",3
2011,"Red-shouldered Hawk",1
2011,"Song Sparrow",1
2011,"Summer Tanager",2
2011,"Tufted Titmouse",16
2011,"White-eyed Vireo",2
2011,"Wood Thrush",3
2011,"Yellow-billed Cuckoo",3
2011,"Yellow-throated Warbler",1
2011,"Acadian Flycatcher",1
2011,"American Crow",11
2011,"American Goldfinch",14
2011,"American Robin",12
2011,"Blue Jay",8
2011,"Blue-gray Gnatcatcher",5
2011,"Brown Thrasher",4
2011,"Brown-headed Cowbird",3
2011,"Brown-headed Nuthatch",9
2011,"Canada Goose",1
2011,"Carolina Chickadee",15
2011,"Carolina Wren",14
2011,"Chimney Swift",10
2011,"Chipping Sparrow",6
2011,"Common Grackle",13
2011,"Eastern Bluebird",7
2011,"Eastern Phoebe",1
2011,"Eastern Towhee",9
2011,"Eastern Wood-Pewee",1
2011,"European Starling",2
2011,"Fish Crow",2
2011,"Gray Catbird",3
2011,"Great Crested Flycatcher",3
2011,"House Finch",10
2011,"Mourning Dove",17
2011,"Northern Cardinal",46
2011,"Northern Mockingbird",11
2011,"Pine Warbler",7
2011,"Red-bellied Woodpecker",11
2011,"Red-eyed Vireo",2
2011,"Red-winged Blackbird",2
2011,"Scarlet Tanager",1
2011,"Song Sparrow",2
2011,"Tufted Titmouse",10
2011,"White-breasted Nuthatch",1
2011,"Wood Thrush",3
2011,"Yellow-breasted Chat",3
2011,"American Crow",13
2011,"American Goldfinch",1
2011,"American Robin",31
2011,"Barn Swallow",3
2011,"Blue Jay",1
2011,"Brown-headed Cowbird",5
2011,"Canada Goose",16
2011,"Carolina Chickadee",5
2011,"Carolina Wren",17
2011,"Chimney Swift",14
2011,"Chipping Sparrow",11
2011,"Common Grackle",3
2011,"Common Yellowthroat",1
2011,"Downy Woodpecker",1
2011,"Eastern Bluebird",2
2011,"Eastern Phoebe",2
2011,"Eastern Towhee",15
2011,"Eastern Wood-Pewee",1
2011,"European Starling",2
2011,"Fish Crow",1
2011,"Gray Catbird",1
2011,"House Finch",15
2011,"Indigo Bunting",1
2011,"Killdeer",1
2011,"Mourning Dove",9
2011,"Northern Cardinal",35
2011,"Northern Mockingbird",14
2011,"Pine Warbler",2
2011,"Red-bellied Woodpecker",6
2011,"Song Sparrow",2
2011,"Summer Tanager",2
2011,"Tufted Titmouse",23
2011,"White-breasted Nuthatch",3
2011,"Wood Thrush",1
2011,"Acadian Flycatcher",1
2011,"American Crow",14
2011,"American Goldfinch",4
2011,"American Robin",2
2011,"Blue Grosbeak",3
2011,"Blue Jay",5
2011,"Blue-gray Gnatcatcher",6
2011,"Canada Goose",2
2011,"Carolina Chickadee",4
2011,"Carolina Wren",12
2011,"Chipping Sparrow",8
2011,"Common Yellowthroat",1
2011,"Eastern Bluebird",7
2011,"Eastern Meadowlark",1
2011,"Eastern Towhee",6
2011,"European Starling",1
2011,"Field Sparrow",1
2011,"Fish Crow",3
2011,"Gray Catbird",2
2011,"Great Crested Flycatcher",1
2011,"House Finch",2
2011,"Indigo Bunting",11
2011,"Mourning Dove",8
2011,"Northern Cardinal",13
2011,"Northern Mockingbird",9
2011,"Northern Parula",2
2011,"Ovenbird",2
2011,"Pine Warbler",1
2011,"Red-bellied Woodpecker",1
2011,"Red-eyed Vireo",3
2011,"Tufted Titmouse",12
2011,"Turkey Vulture",1
2011,"White-eyed Vireo",1
2011,"Wood Thrush",1
2011,"Yellow-breasted Chat",1
2011,"Yellow-throated Warbler",1
2011,"Acadian Flycatcher",1
2011,"American Crow",28
2011,"American Goldfinch",1
2011,"American Robin",7
2011,"Blue Grosbeak",4
2011,"Blue Jay",2
2011,"Blue-gray Gnatcatcher",12
2011,"Brown Thrasher",1
2011,"Brown-headed Cowbird",3
2011,"Brown-headed Nuthatch",4
2011,"Carolina Chickadee",8
2011,"Carolina Wren",18
2011,"Chimney Swift",10
2011,"Chipping Sparrow",15
2011,"Common Grackle",3
2011,"Downy Woodpecker",6
2011,"Eastern Bluebird",12
2011,"Eastern Phoebe",1
2011,"Eastern Towhee",3
2011,"Field Sparrow",2
2011,"Fish Crow",2
2011,"Great Crested Flycatcher",1
2011,"House Finch",6
2011,"House Sparrow",3
2011,"Indigo Bunting",4
2011,"Mourning Dove",8
2011,"Northern Cardinal",32
2011,"Northern Mockingbird",14
2011,"Ovenbird",4
2011,"Pine Warbler",8
2011,"Prairie Warbler",1
2011,"Red-bellied Woodpecker",3
2011,"Red-eyed Vireo",4
2011,"Summer Tanager",3
2011,"Tufted Titmouse",7
2011,"White-breasted Nuthatch",2
2011,"Yellow-breasted Chat",1
2011,"Acadian Flycatcher",1
2011,"American Crow",26
2011,"American Robin",3
2011,"Blue Grosbeak",9
2011,"Blue Jay",3
2011,"Blue-gray Gnatcatcher",8
2011,"Brown Thrasher",2
2011,"Brown-headed Cowbird",3
2011,"Canada Goose",26
2011,"Carolina Chickadee",4
2011,"Carolina Wren",7
2011,"Chimney Swift",5
2011,"Chipping Sparrow",22
2011,"Common Grackle",10
2011,"Common Yellowthroat",4
2011,"Eastern Bluebird",7
2011,"Eastern Kingbird",1
2011,"Eastern Meadowlark",9
2011,"Eastern Phoebe",4
2011,"Eastern Towhee",1
2011,"Eastern Whip-poor-will",1
2011,"Eastern Wood-Pewee",7
2011,"European Starling",15
2011,"Field Sparrow",2
2011,"Grasshopper Sparrow",8
2011,"Gray Catbird",1
2011,"Great Blue Heron",1
2011,"Hooded Warbler",1
2011,"Indigo Bunting",18
2011,"Killdeer",2
2011,"Mourning Dove",21
2011,"Northern Bobwhite",1
2011,"Northern Cardinal",17
2011,"Northern Mockingbird",9
2011,"Orchard Oriole",1
2011,"Ovenbird",4
2011,"Pine Warbler",1
2011,"Prairie Warbler",2
2011,"Purple Martin",15
2011,"Red-bellied Woodpecker",10
2011,"Red-eyed Vireo",7
2011,"Red-winged Blackbird",3
2011,"Scarlet Tanager",1
2011,"Summer Tanager",1
2011,"Tufted Titmouse",12
2011,"White-breasted Nuthatch",2
2011,"Yellow-billed Cuckoo",3
2011,"Yellow-breasted Chat",3
2011,"American Crow",17
2011,"American Goldfinch",1
2011,"Barn Swallow",2
2011,"Blue Grosbeak",1
2011,"Blue Jay",3
2011,"Brown Thrasher",1
2011,"Brown-headed Cowbird",1
2011,"Canada Goose",15
2011,"Carolina Wren",12
2011,"Chimney Swift",2
2011,"Common Grackle",3
2011,"Downy Woodpecker",1
2011,"Eastern Bluebird",8
2011,"Eastern Phoebe",2
2011,"Eastern Towhee",5
2011,"Eastern Wood-Pewee",1
2011,"Field Sparrow",3
2011,"Great Crested Flycatcher",5
2011,"House Finch",1
2011,"Indigo Bunting",1
2011,"Mourning Dove",16
2011,"Northern Cardinal",21
2011,"Northern Mockingbird",6
2011,"Red-bellied Woodpecker",10
2011,"Red-eyed Vireo",7
2011,"Summer Tanager",3
2011,"Tufted Titmouse",14
2011,"White-breasted Nuthatch",2
2011,"Wood Thrush",4
2011,"Yellow-billed Cuckoo",2
2011,"American Crow",17
2011,"American Robin",10
2011,"Barn Swallow",4
2011,"Blue Jay",3
2011,"Canada Goose",8
2011,"Carolina Chickadee",7
2011,"Carolina Wren",6
2011,"Eastern Meadowlark",1
2011,"Eastern Towhee",2
2011,"Eastern Wood-Pewee",1
2011,"European Starling",9
2011,"Great Crested Flycatcher",1
2011,"Indigo Bunting",1
2011,"Mourning Dove",5
2011,"Northern Cardinal",10
2011,"Northern Mockingbird",11
2011,"Red-bellied Woodpecker",6
2011,"Red-eyed Vireo",1
2011,"Song Sparrow",11
2011,"Tufted Titmouse",5
2011,"Acadian Flycatcher",1
2011,"American Crow",38
2011,"American Goldfinch",10
2011,"American Robin",9
2011,"Blue Grosbeak",1
2011,"Blue Jay",14
2011,"Blue-gray Gnatcatcher",17
2011,"Brown Thrasher",3
2011,"Brown-headed Cowbird",7
2011,"Brown-headed Nuthatch",5
2011,"Carolina Chickadee",26
2011,"Carolina Wren",38
2011,"Chimney Swift",4
2011,"Chipping Sparrow",25
2011,"Common Grackle",37
2011,"Common Yellowthroat",1
2011,"Eastern Bluebird",12
2011,"Eastern Phoebe",3
2011,"Eastern Towhee",3
2011,"Eastern Wood-Pewee",2
2011,"European Starling",4
2011,"Fish Crow",4
2011,"Gray Catbird",1
2011,"Great Crested Flycatcher",1
2011,"House Finch",9
2011,"House Sparrow",2
2011,"Indigo Bunting",6
2011,"Killdeer",2
2011,"Mourning Dove",9
2011,"Northern Cardinal",59
2011,"Northern Mockingbird",25
2011,"Ovenbird",1
2011,"Pine Warbler",2
2011,"Prairie Warbler",1
2011,"Purple Martin",2
2011,"Red-bellied Woodpecker",8
2011,"Red-eyed Vireo",7
2011,"Ruby-throated Hummingbird",2
2011,"Scarlet Tanager",1
2011,"Summer Tanager",1
2011,"Tufted Titmouse",16
2011,"White-breasted Nuthatch",4
2011,"White-eyed Vireo",1
2011,"Wood Thrush",5
2011,"Yellow-billed Cuckoo",2
2011,"Yellow-breasted Chat",2
2011,"Yellow-throated Warbler",1
2011,"American Crow",43
2011,"American Goldfinch",4
2011,"Barn Swallow",37
2011,"Blue Grosbeak",11
2011,"Blue Jay",5
2011,"Blue-gray Gnatcatcher",4
2011,"Brown-headed Cowbird",3
2011,"Canada Goose",3
2011,"Carolina Chickadee",5
2011,"Carolina Wren",23
2011,"Chimney Swift",4
2011,"Chipping Sparrow",21
2011,"Common Grackle",8
2011,"Common Yellowthroat",2
2011,"Downy Woodpecker",6
2011,"Eastern Bluebird",13
2011,"Eastern Kingbird",2
2011,"Eastern Meadowlark",5
2011,"Eastern Phoebe",2
2011,"Eastern Towhee",4
2011,"Eastern Wood-Pewee",3
2011,"European Starling",30
2011,"Field Sparrow",2
2011,"Grasshopper Sparrow",2
2011,"Great Crested Flycatcher",2
2011,"House Finch",4
2011,"House Sparrow",3
2011,"Indigo Bunting",21
2011,"Mourning Dove",30
2011,"Northern Cardinal",16
2011,"Northern Mockingbird",17
2011,"Northern Parula",1
2011,"Orchard Oriole",2
2011,"Pileated Woodpecker",2
2011,"Pine Warbler",6
2011,"Purple Martin",10
2011,"Red-bellied Woodpecker",14
2011,"Red-eyed Vireo",6
2011,"Red-winged Blackbird",2
2011,"Ruby-throated Hummingbird",6
2011,"Tufted Titmouse",10
2011,"Turkey Vulture",2
2011,"White-breasted Nuthatch",2
2011,"White-eyed Vireo",1
2011,"Wood Thrush",1
2011,"Yellow-billed Cuckoo",10
2011,"Yellow-breasted Chat",4
2011,"American Crow",10
2011,"American Goldfinch",3
2011,"American Robin",7
2011,"Blue Jay",3
2011,"Blue-gray Gnatcatcher",3
2011,"Brown Thrasher",1
2011,"Brown-headed Cowbird",3
2011,"Brown-headed Nuthatch",4
2011,"Carolina Chickadee",9
2011,"Carolina Wren",8
2011,"Chimney Swift",11
2011,"Chipping Sparrow",11
2011,"Common Grackle",2
2011,"Downy Woodpecker",2
2011,"Eastern Bluebird",7
2011,"Eastern Phoebe",1
2011,"Eastern Towhee",13
2011,"European Starling",4
2011,"Fish Crow",1
2011,"Gray Catbird",1
2011,"Great Crested Flycatcher",3
2011,"Hooded Warbler",1
2011,"Indigo Bunting",3
2011,"Mourning Dove",7
2011,"Northern Cardinal",31
2011,"Northern Mockingbird",4
2011,"Pileated Woodpecker",2
2011,"Pine Warbler",3
2011,"Red-bellied Woodpecker",14
2011,"Red-eyed Vireo",1
2011,"Tufted Titmouse",13
2011,"White-breasted Nuthatch",3
2011,"White-eyed Vireo",1
2011,"Wood Thrush",4
2011,"Yellow-billed Cuckoo",2
2011,"Yellow-breasted Chat",1
2011,"American Crow",15
2011,"American Robin",13
2011,"Blue Jay",4
2011,"Brown Thrasher",2
2011,"Brown-headed Cowbird",5
2011,"Brown-headed Nuthatch",2
2011,"Canada Goose",11
2011,"Carolina Chickadee",3
2011,"Carolina Wren",15
2011,"Chipping Sparrow",3
2011,"Common Grackle",18
2011,"Common Yellowthroat",5
2011,"Eastern Bluebird",5
2011,"Eastern Meadowlark",11
2011,"Eastern Phoebe",2
2011,"Eastern Towhee",5
2011,"Eastern Wood-Pewee",3
2011,"European Starling",3
2011,"Field Sparrow",4
2011,"Fish Crow",1
2011,"Great Crested Flycatcher",2
2011,"House Finch",6
2011,"Indigo Bunting",12
2011,"Mourning Dove",12
2011,"Northern Cardinal",23
2011,"Northern Mockingbird",16
2011,"Orchard Oriole",2
2011,"Ovenbird",3
2011,"Pine Warbler",3
2011,"Red-bellied Woodpecker",4
2011,"Red-eyed Vireo",7
2011,"Red-winged Blackbird",10
2011,"Scarlet Tanager",2
2011,"Summer Tanager",1
2011,"Tufted Titmouse",17
2011,"Turkey Vulture",1
2011,"White-eyed Vireo",1
2011,"Wood Thrush",2
2011,"Yellow-breasted Chat",2
2011,"Yellow-throated Warbler",1
2011,"American Crow",33
2011,"American Goldfinch",1
2011,"Blue Jay",3
2011,"Brown Thrasher",4
2011,"Carolina Chickadee",2
2011,"Carolina Wren",19
2011,"Chimney Swift",16
2011,"Chipping Sparrow",2
2011,"Common Grackle",6
2011,"Eastern Bluebird",4
2011,"Eastern Meadowlark",3
2011,"Eastern Towhee",1
2011,"Eastern Wood-Pewee",2
2011,"Great Crested Flycatcher",2
2011,"House Finch",2
2011,"Indigo Bunting",6
2011,"Mourning Dove",14
2011,"Northern Cardinal",25
2011,"Northern Mockingbird",3
2011,"Pine Warbler",1
2011,"Red-bellied Woodpecker",4
2011,"Red-eyed Vireo",1
2011,"Summer Tanager",4
2011,"Tufted Titmouse",19
2011,"White-breasted Nuthatch",1
2011,"Wood Thrush",5
2011,"Yellow-billed Cuckoo",4
2011,"Acadian Flycatcher",1
2011,"American Crow",39
2011,"American Goldfinch",1
2011,"American Robin",2
2011,"Blue Jay",2
2011,"Canada Goose",1
2011,"Carolina Chickadee",12
2011,"Carolina Wren",13
2011,"Chipping Sparrow",8
2011,"Common Grackle",1
2011,"Downy Woodpecker",2
2011,"Eastern Bluebird",8
2011,"Eastern Meadowlark",3
2011,"Eastern Phoebe",2
2011,"Eastern Towhee",2
2011,"Hooded Warbler",1
2011,"House Finch",3
2011,"Indigo Bunting",10
2011,"Mourning Dove",20
2011,"Northern Cardinal",22
2011,"Northern Mockingbird",13
2011,"Northern Parula",5
2011,"Ovenbird",2
2011,"Pine Warbler",11
2011,"Prairie Warbler",5
2011,"Red-bellied Woodpecker",3
2011,"Red-eyed Vireo",6
2011,"Red-shouldered Hawk",1
2011,"Scarlet Tanager",1
2011,"Tufted Titmouse",17
2011,"Yellow-billed Cuckoo",2
2011,"Yellow-breasted Chat",9
2011,"American Crow",5
2011,"American Goldfinch",2
2011,"American Robin",20
2011,"Barn Swallow",7
2011,"Blue Grosbeak",5
2011,"Blue Jay",4
2011,"Brown Thrasher",3
2011,"Brown-headed Cowbird",2
2011,"Carolina Chickadee",6
2011,"Carolina Wren",17
2011,"Chimney Swift",5
2011,"Chipping Sparrow",1
2011,"Common Grackle",1
2011,"Downy Woodpecker",2
2011,"Eastern Bluebird",10
2011,"Eastern Meadowlark",2
2011,"Eastern Towhee",19
2011,"Fish Crow",4
2011,"Gray Catbird",11
2011,"Great Crested Flycatcher",3
2011,"House Finch",13
2011,"Indigo Bunting",2
2011,"Mourning Dove",6
2011,"Northern Cardinal",41
2011,"Northern Mockingbird",7
2011,"Ovenbird",1
2011,"Pine Warbler",7
2011,"Red-eyed Vireo",2
2011,"Summer Tanager",6
2011,"Tufted Titmouse",19
2011,"White-breasted Nuthatch",1
2011,"Yellow-billed Cuckoo",1
2012,"Acadian Flycatcher",3
2012,"American Crow",61
2012,"American Goldfinch",6
2012,"Blue Grosbeak",2
2012,"Blue Jay",7
2012,"Blue-gray Gnatcatcher",6
2012,"Brown Thrasher",2
2012,"Brown-headed Cowbird",2
2012,"Brown-headed Nuthatch",6
2012,"Carolina Chickadee",17
2012,"Carolina Wren",15
2012,"Chipping Sparrow",13
2012,"Downy Woodpecker",7
2012,"Eastern Bluebird",7
2012,"Eastern Phoebe",1
2012,"Eastern Towhee",10
2012,"Eastern Wood-Pewee",2
2012,"European Starling",15
2012,"Fish Crow",3
2012,"Hooded Warbler",6
2012,"Indigo Bunting",5
2012,"Killdeer",2
2012,"Mourning Dove",6
2012,"Northern Cardinal",58
2012,"Northern Mockingbird",8
2012,"Northern Parula",2
2012,"Ovenbird",5
2012,"Pileated Woodpecker",1
2012,"Pine Warbler",20
2012,"Prairie Warbler",4
2012,"Red-bellied Woodpecker",24
2012,"Red-eyed Vireo",11
2012,"Red-shouldered Hawk",1
2012,"Ruby-throated Hummingbird",1
2012,"Summer Tanager",5
2012,"Tufted Titmouse",17
2012,"Turkey Vulture",15
2012,"White-eyed Vireo",4
2012,"Wood Thrush",1
2012,"Yellow-billed Cuckoo",4
2012,"Yellow-throated Warbler",3
2012,"Acadian Flycatcher",2
2012,"American Crow",21
2012,"American Goldfinch",5
2012,"American Robin",4
2012,"Barn Swallow",2
2012,"Blue Grosbeak",2
2012,"Blue Jay",3
2012,"Blue-gray Gnatcatcher",16
2012,"Brown Thrasher",3
2012,"Brown-headed Cowbird",6
2012,"Brown-headed Nuthatch",8
2012,"Canada Goose",2
2012,"Carolina Chickadee",18
2012,"Carolina Wren",13
2012,"Chimney Swift",2
2012,"Chipping Sparrow",11
2012,"Common Grackle",3
2012,"Common Yellowthroat",1
2012,"Downy Woodpecker",3
2012,"Eastern Bluebird",4
2012,"Eastern Phoebe",3
2012,"Eastern Towhee",10
2012,"Eastern Whip-poor-will",2
2012,"Eastern Wood-Pewee",3
2012,"European Starling",31
2012,"Fish Crow",2
2012,"Great Blue Heron",3
2012,"Great Crested Flycatcher",2
2012,"Hooded Warbler",1
2012,"House Finch",6
2012,"Indigo Bunting",4
2012,"Mourning Dove",14
2012,"Northern Cardinal",29
2012,"Northern Mockingbird",6
2012,"Northern Parula",1
2012,"Orchard Oriole",1
2012,"Ovenbird",3
2012,"Pine Warbler",19
2012,"Red-bellied Woodpecker",16
2012,"Red-eyed Vireo",7
2012,"Red-winged Blackbird",1
2012,"Summer Tanager",10
2012,"Tufted Titmouse",15
2012,"White-breasted Nuthatch",1
2012,"Wood Thrush",3
2012,"Yellow-billed Cuckoo",4
2012,"Yellow-breasted Chat",3
2012,"Yellow-throated Warbler",1
2012,"Acadian Flycatcher",3
2012,"American Crow",11
2012,"American Goldfinch",1
2012,"American Robin",4
2012,"Barn Swallow",3
2012,"Blue Grosbeak",8
2012,"Blue Jay",5
2012,"Brown-headed Cowbird",2
2012,"Carolina Chickadee",8
2012,"Carolina Wren",17
2012,"Chipping Sparrow",5
2012,"Common Grackle",15
2012,"Common Yellowthroat",3
2012,"Eastern Bluebird",8
2012,"Eastern Meadowlark",2
2012,"Eastern Phoebe",3
2012,"Eastern Towhee",11
2012,"Field Sparrow",1
2012,"Fish Crow",3
2012,"Gray Catbird",2
2012,"Great Blue Heron",2
2012,"Great Crested Flycatcher",7
2012,"Hooded Warbler",2
2012,"House Finch",1
2012,"Indigo Bunting",16
2012,"Mourning Dove",8
2012,"Northern Bobwhite",1
2012,"Northern Cardinal",19
2012,"Northern Mockingbird",5
2012,"Orchard Oriole",1
2012,"Ovenbird",3
2012,"Pileated Woodpecker",1
2012,"Pine Warbler",21
2012,"Prairie Warbler",2
2012,"Red-bellied Woodpecker",8
2012,"Red-eyed Vireo",7
2012,"Red-shouldered Hawk",2
2012,"Red-winged Blackbird",1
2012,"Summer Tanager",3
2012,"Tufted Titmouse",15
2012,"White-eyed Vireo",1
2012,"Yellow-billed Cuckoo",1
2012,"Yellow-breasted Chat",5
2012,"Yellow-throated Vireo",1
2012,"American Crow",34
2012,"American Robin",3
2012,"Barn Swallow",1
2012,"Blue Grosbeak",4
2012,"Blue Jay",6
2012,"Blue-gray Gnatcatcher",8
2012,"Brown-headed Cowbird",5
2012,"Carolina Chickadee",3
2012,"Carolina Wren",13
2012,"Chimney Swift",6
2012,"Chipping Sparrow",7
2012,"Common Grackle",13
2012,"Eastern Bluebird",10
2012,"Eastern Kingbird",2
2012,"Eastern Meadowlark",1
2012,"Eastern Phoebe",2
2012,"Eastern Towhee",1
2012,"Eastern Whip-poor-will",2
2012,"Eastern Wood-Pewee",6
2012,"European Starling",8
2012,"Field Sparrow",1
2012,"Gray Catbird",1
2012,"Great Crested Flycatcher",3
2012,"Indigo Bunting",9
2012,"Mourning Dove",14
2012,"Northern Cardinal",19
2012,"Northern Mockingbird",9
2012,"Northern Parula",1
2012,"Orchard Oriole",2
2012,"Ovenbird",4
2012,"Pine Warbler",5
2012,"Prairie Warbler",1
2012,"Red-bellied Woodpecker",3
2012,"Red-eyed Vireo",9
2012,"Red-shouldered Hawk",1
2012,"Red-winged Blackbird",1
2012,"Ruby-throated Hummingbird",1
2012,"Scarlet Tanager",4
2012,"Summer Tanager",2
2012,"Tufted Titmouse",12
2012,"Turkey Vulture",3
2012,"White-eyed Vireo",5
2012,"Wood Thrush",2
2012,"Yellow-breasted Chat",6
2012,"American Crow",40
2012,"American Goldfinch",19
2012,"Barn Swallow",4
2012,"Blue Grosbeak",17
2012,"Blue Jay",9
2012,"Blue-gray Gnatcatcher",9
2012,"Brown Thrasher",1
2012,"Brown-headed Cowbird",11
2012,"Carolina Chickadee",11
2012,"Carolina Wren",19
2012,"Chimney Swift",2
2012,"Chipping Sparrow",23
2012,"Common Grackle",6
2012,"Downy Woodpecker",2
2012,"Eastern Bluebird",30
2012,"Eastern Meadowlark",11
2012,"Eastern Phoebe",2
2012,"Eastern Towhee",2
2012,"Eastern Wood-Pewee",8
2012,"European Starling",16
2012,"Great Blue Heron",1
2012,"Great Crested Flycatcher",13
2012,"House Finch",2
2012,"House Sparrow",5
2012,"Indigo Bunting",16
2012,"Killdeer",2
2012,"Mourning Dove",35
2012,"Northern Bobwhite",2
2012,"Northern Cardinal",36
2012,"Northern Mockingbird",31
2012,"Orchard Oriole",6
2012,"Ovenbird",3
2012,"Pileated Woodpecker",2
2012,"Pine Warbler",2
2012,"Purple Martin",24
2012,"Red-bellied Woodpecker",18
2012,"Red-eyed Vireo",3
2012,"Red-shouldered Hawk",1
2012,"Ruby-throated Hummingbird",1
2012,"Summer Tanager",5
2012,"Tufted Titmouse",20
2012,"White-breasted Nuthatch",1
2012,"Wood Thrush",1
2012,"Yellow-billed Cuckoo",6
2012,"Yellow-breasted Chat",3
2012,"Acadian Flycatcher",1
2012,"American Crow",33
2012,"American Goldfinch",1
2012,"American Robin",1
2012,"Barn Swallow",26
2012,"Blue Grosbeak",4
2012,"Blue Jay",7
2012,"Blue-gray Gnatcatcher",7
2012,"Brown Thrasher",1
2012,"Brown-headed Cowbird",3
2012,"Carolina Chickadee",8
2012,"Carolina Wren",12
2012,"Chimney Swift",4
2012,"Chipping Sparrow",12
2012,"Common Grackle",6
2012,"Common Yellowthroat",2
2012,"Downy Woodpecker",6
2012,"Eastern Bluebird",3
2012,"Eastern Meadowlark",8
2012,"Eastern Phoebe",1
2012,"Eastern Towhee",5
2012,"Eastern Whip-poor-will",3
2012,"Eastern Wood-Pewee",3
2012,"Great Crested Flycatcher",1
2012,"Hooded Warbler",3
2012,"House Sparrow",6
2012,"Indigo Bunting",27
2012,"Killdeer",1
2012,"Mourning Dove",16
2012,"Northern Bobwhite",1
2012,"Northern Cardinal",28
2012,"Northern Mockingbird",10
2012,"Northern Parula",1
2012,"Orchard Oriole",4
2012,"Ovenbird",6
2012,"Pileated Woodpecker",2
2012,"Pine Warbler",8
2012,"Prairie Warbler",3
2012,"Purple Martin",1
2012,"Red-bellied Woodpecker",16
2012,"Red-eyed Vireo",17
2012,"Red-winged Blackbird",1
2012,"Scarlet Tanager",4
2012,"Summer Tanager",6
2012,"Tufted Titmouse",6
2012,"Wood Thrush",6
2012,"Yellow-billed Cuckoo",3
2012,"Yellow-breasted Chat",3
2012,"Yellow-throated Vireo",1
2012,"American Crow",47
2012,"American Goldfinch",16
2012,"Barn Swallow",7
2012,"Blue Jay",5
2012,"Blue-gray Gnatcatcher",2
2012,"Brown Thrasher",2
2012,"Brown-headed Cowbird",1
2012,"Carolina Chickadee",4
2012,"Carolina Wren",11
2012,"Chimney Swift",5
2012,"Chipping Sparrow",12
2012,"Common Grackle",25
2012,"Common Yellowthroat",7
2012,"Downy Woodpecker",1
2012,"Eastern Bluebird",4
2012,"Eastern Meadowlark",4
2012,"Eastern Phoebe",1
2012,"Eastern Towhee",7
2012,"Eastern Whip-poor-will",1
2012,"Eastern Wood-Pewee",4
2012,"European Starling",3
2012,"Field Sparrow",5
2012,"Fish Crow",1
2012,"Indigo Bunting",17
2012,"Mourning Dove",15
2012,"Northern Cardinal",16
2012,"Northern Mockingbird",8
2012,"Ovenbird",6
2012,"Pine Warbler",5
2012,"Prairie Warbler",6
2012,"Red-bellied Woodpecker",9
2012,"Red-eyed Vireo",4
2012,"Red-shouldered Hawk",2
2012,"Summer Tanager",3
2012,"Tufted Titmouse",4
2012,"Turkey Vulture",2
2012,"White-eyed Vireo",2
2012,"Yellow-billed Cuckoo",4
2012,"Yellow-breasted Chat",10
2012,"Yellow-throated Vireo",1
2012,"Yellow-throated Warbler",2
2012,"American Crow",19
2012,"American Goldfinch",1
2012,"American Robin",2
2012,"Blue Grosbeak",1
2012,"Blue Jay",3
2012,"Blue-gray Gnatcatcher",5
2012,"Brown Thrasher",3
2012,"Brown-headed Cowbird",1
2012,"Brown-headed Nuthatch",2
2012,"Canada Goose",2
2012,"Carolina Chickadee",8
2012,"Carolina Wren",20
2012,"Chipping Sparrow",4
2012,"Eastern Bluebird",7
2012,"Eastern Phoebe",2
2012,"Eastern Towhee",6
2012,"Fish Crow",2
2012,"Gray Catbird",1
2012,"Great Blue Heron",1
2012,"Great Crested Flycatcher",3
2012,"Indigo Bunting",5
2012,"Mourning Dove",3
2012,"Northern Cardinal",18
2012,"Northern Mockingbird",7
2012,"Northern Parula",2
2012,"Ovenbird",2
2012,"Pileated Woodpecker",2
2012,"Pine Warbler",16
2012,"Red-bellied Woodpecker",7
2012,"Red-eyed Vireo",6
2012,"Red-shouldered Hawk",2
2012,"Red-winged Blackbird",1
2012,"Scarlet Tanager",5
2012,"Summer Tanager",8
2012,"Tufted Titmouse",14
2012,"White-breasted Nuthatch",1
2012,"White-eyed Vireo",1
2012,"Wood Thrush",7
2012,"Yellow-billed Cuckoo",2
2012,"Yellow-breasted Chat",3
2012,"Yellow-throated Warbler",2
2012,"Acadian Flycatcher",1
2012,"American Crow",18
2012,"American Goldfinch",6
2012,"Blue Grosbeak",4
2012,"Blue Jay",4
2012,"Blue-gray Gnatcatcher",3
2012,"Brown-headed Cowbird",4
2012,"Brown-headed Nuthatch",1
2012,"Carolina Chickadee",4
2012,"Carolina Wren",21
2012,"Chipping Sparrow",8
2012,"Common Grackle",16
2012,"Common Yellowthroat",2
2012,"Eastern Bluebird",2
2012,"Eastern Phoebe",3
2012,"Eastern Towhee",1
2012,"Eastern Wood-Pewee",2
2012,"Fish Crow",5
2012,"Great Crested Flycatcher",1
2012,"Hooded Warbler",2
2012,"House Sparrow",1
2012,"Indigo Bunting",8
2012,"Mourning Dove",11
2012,"Northern Cardinal",18
2012,"Northern Mockingbird",6
2012,"Northern Parula",2
2012,"Ovenbird",4
2012,"Pine Warbler",2
2012,"Prairie Warbler",2
2012,"Red-bellied Woodpecker",10
2012,"Red-eyed Vireo",12
2012,"Red-shouldered Hawk",1
2012,"Scarlet Tanager",4
2012,"Summer Tanager",1
2012,"Tufted Titmouse",9
2012,"White-eyed Vireo",1
2012,"Yellow-billed Cuckoo",1
2012,"Yellow-breasted Chat",5
2012,"American Crow",29
2012,"American Goldfinch",2
2012,"Blue Jay",2
2012,"Brown-headed Nuthatch",1
2012,"Carolina Chickadee",3
2012,"Chimney Swift",2
2012,"Chipping Sparrow",11
2012,"Common Grackle",2
2012,"Common Yellowthroat",1
2012,"Eastern Kingbird",1
2012,"Eastern Meadowlark",2
2012,"Eastern Phoebe",3
2012,"Eastern Whip-poor-will",2
2012,"Eastern Wood-Pewee",2
2012,"Great Crested Flycatcher",3
2012,"Indigo Bunting",19
2012,"Mourning Dove",18
2012,"Northern Cardinal",6
2012,"Northern Mockingbird",24
2012,"Pileated Woodpecker",1
2012,"Prairie Warbler",2
2012,"Red-bellied Woodpecker",7
2012,"Red-eyed Vireo",13
2012,"Summer Tanager",1
2012,"White-breasted Nuthatch",2
2012,"Wood Thrush",1
2012,"Yellow-billed Cuckoo",9
2012,"Yellow-breasted Chat",2
2012,"Acadian Flycatcher",1
2012,"American Crow",48
2012,"American Goldfinch",19
2012,"American Robin",13
2012,"Blue Grosbeak",9
2012,"Blue Jay",12
2012,"Blue-gray Gnatcatcher",5
2012,"Brown Thrasher",13
2012,"Brown-headed Cowbird",3
2012,"Carolina Chickadee",6
2012,"Carolina Wren",24
2012,"Chimney Swift",23
2012,"Chipping Sparrow",28
2012,"Common Grackle",19
2012,"Downy Woodpecker",2
2012,"Eastern Bluebird",7
2012,"Eastern Meadowlark",5
2012,"Eastern Phoebe",1
2012,"Eastern Towhee",5
2012,"Eastern Wood-Pewee",4
2012,"European Starling",16
2012,"Fish Crow",2
2012,"Gray Catbird",1
2012,"Great Blue Heron",1
2012,"Great Crested Flycatcher",2
2012,"House Finch",8
2012,"House Sparrow",2
2012,"Indigo Bunting",7
2012,"Killdeer",3
2012,"Mourning Dove",38
2012,"Northern Cardinal",32
2012,"Northern Mockingbird",39
2012,"Orchard Oriole",1
2012,"Pileated Woodpecker",1
2012,"Pine Warbler",5
2012,"Red-bellied Woodpecker",16
2012,"Red-eyed Vireo",3
2012,"Song Sparrow",1
2012,"Summer Tanager",8
2012,"Tufted Titmouse",8
2012,"White-breasted Nuthatch",2
2012,"White-eyed Vireo",2
2012,"Yellow-billed Cuckoo",5
2012,"Yellow-breasted Chat",4
2012,"Acadian Flycatcher",1
2012,"American Crow",16
2012,"American Goldfinch",2
2012,"American Robin",1
2012,"Blue Grosbeak",2
2012,"Blue Jay",4
2012,"Brown Thrasher",1
2012,"Brown-headed Cowbird",1
2012,"Canada Goose",8
2012,"Carolina Chickadee",4
2012,"Carolina Wren",18
2012,"Chimney Swift",2
2012,"Chipping Sparrow",10
2012,"Common Yellowthroat",4
2012,"Downy Woodpecker",1
2012,"Eastern Bluebird",8
2012,"Eastern Meadowlark",2
2012,"Eastern Phoebe",1
2012,"Eastern Towhee",3
2012,"Eastern Wood-Pewee",1
2012,"Field Sparrow",1
2012,"Great Crested Flycatcher",1
2012,"House Finch",1
2012,"Indigo Bunting",10
2012,"Mourning Dove",15
2012,"Northern Bobwhite",2
2012,"Northern Cardinal",35
2012,"Northern Mockingbird",7
2012,"Northern Parula",1
2012,"Ovenbird",2
2012,"Pine Warbler",6
2012,"Purple Martin",8
2012,"Red-bellied Woodpecker",4
2012,"Red-eyed Vireo",2
2012,"Red-winged Blackbird",3
2012,"Summer Tanager",1
2012,"Tufted Titmouse",15
2012,"White-breasted Nuthatch",1
2012,"White-eyed Vireo",2
2012,"Yellow-billed Cuckoo",1
2012,"Yellow-breasted Chat",1
2012,"American Crow",15
2012,"American Goldfinch",6
2012,"American Robin",4
2012,"Blue Grosbeak",1
2012,"Blue Jay",3
2012,"Blue-gray Gnatcatcher",3
2012,"Brown Thrasher",1
2012,"Brown-headed Nuthatch",2
2012,"Carolina Chickadee",7
2012,"Carolina Wren",11
2012,"Chipping Sparrow",4
2012,"Common Grackle",7
2012,"Common Yellowthroat",2
2012,"Downy Woodpecker",1
2012,"Eastern Bluebird",3
2012,"Eastern Meadowlark",1
2012,"Eastern Towhee",2
2012,"Eastern Wood-Pewee",2
2012,"Fish Crow",3
2012,"Great Blue Heron",1
2012,"Great Crested Flycatcher",1
2012,"Hooded Warbler",2
2012,"Indigo Bunting",8
2012,"Mourning Dove",9
2012,"Northern Cardinal",13
2012,"Northern Mockingbird",6
2012,"Ovenbird",3
2012,"Pileated Woodpecker",1
2012,"Pine Warbler",8
2012,"Red-bellied Woodpecker",4
2012,"Red-eyed Vireo",8
2012,"Red-shouldered Hawk",1
2012,"Scarlet Tanager",3
2012,"Summer Tanager",6
2012,"Tufted Titmouse",5
2012,"White-eyed Vireo",1
2012,"Wood Thrush",1
2012,"Yellow-billed Cuckoo",1
2012,"Yellow-breasted Chat",2
2012,"Acadian Flycatcher",2
2012,"American Crow",23
2012,"American Goldfinch",2
2012,"American Robin",29
2012,"Barn Swallow",7
2012,"Blue Jay",7
2012,"Blue-gray Gnatcatcher",1
2012,"Brown Thrasher",8
2012,"Brown-headed Cowbird",6
2012,"Brown-headed Nuthatch",2
2012,"Carolina Chickadee",5
2012,"Carolina Wren",12
2012,"Chimney Swift",6
2012,"Chipping Sparrow",6
2012,"Common Grackle",56
2012,"Downy Woodpecker",7
2012,"Eastern Bluebird",4
2012,"Eastern Phoebe",1
2012,"Eastern Towhee",15
2012,"European Starling",5
2012,"Fish Crow",8
2012,"Gray Catbird",6
2012,"Great Crested Flycatcher",2
2012,"House Finch",15
2012,"House Sparrow",1
2012,"Indigo Bunting",3
2012,"Mourning Dove",10
2012,"Northern Cardinal",31
2012,"Northern Mockingbird",19
2012,"Northern Parula",1
2012,"Ovenbird",3
2012,"Red-bellied Woodpecker",7
2012,"Red-eyed Vireo",1
2012,"Red-shouldered Hawk",5
2012,"Scarlet Tanager",1
2012,"Song Sparrow",6
2012,"Tufted Titmouse",8
2012,"Wood Thrush",1
2012,"Acadian Flycatcher",5
2012,"American Crow",9
2012,"American Goldfinch",9
2012,"American Robin",3
2012,"Barn Swallow",4
2012,"Blue Grosbeak",2
2012,"Blue Jay",6
2012,"Blue-gray Gnatcatcher",9
2012,"Brown Thrasher",7
2012,"Brown-headed Cowbird",3
2012,"Brown-headed Nuthatch",3
2012,"Canada Goose",15
2012,"Carolina Chickadee",8
2012,"Carolina Wren",21
2012,"Chimney Swift",10
2012,"Chipping Sparrow",11
2012,"Common Grackle",9
2012,"Common Yellowthroat",1
2012,"Downy Woodpecker",3
2012,"Eastern Bluebird",5
2012,"Eastern Meadowlark",1
2012,"Eastern Phoebe",5
2012,"Eastern Towhee",7
2012,"Eastern Wood-Pewee",2
2012,"Gray Catbird",2
2012,"Great Blue Heron",4
2012,"Great Crested Flycatcher",2
2012,"House Finch",2
2012,"Indigo Bunting",9
2012,"Killdeer",2
2012,"Mourning Dove",13
2012,"Northern Cardinal",26
2012,"Northern Mockingbird",8
2012,"Northern Parula",2
2012,"Ovenbird",6
2012,"Pileated Woodpecker",2
2012,"Red-bellied Woodpecker",9
2012,"Red-eyed Vireo",10
2012,"Summer Tanager",3
2012,"Tufted Titmouse",6
2012,"White-eyed Vireo",1
2012,"Wood Thrush",8
2012,"Yellow-billed Cuckoo",1
2012,"Yellow-throated Warbler",1
2012,"American Crow",12
2012,"American Robin",13
2012,"Blue Jay",1
2012,"Brown Thrasher",6
2012,"Brown-headed Nuthatch",1
2012,"Carolina Chickadee",2
2012,"Carolina Wren",14
2012,"Chimney Swift",2
2012,"Chipping Sparrow",11
2012,"Common Grackle",6
2012,"Common Yellowthroat",1
2012,"Downy Woodpecker",3
2012,"Eastern Bluebird",8
2012,"Eastern Phoebe",1
2012,"Eastern Towhee",19
2012,"European Starling",8
2012,"House Finch",8
2012,"Indigo Bunting",2
2012,"Mourning Dove",7
2012,"Northern Cardinal",23
2012,"Northern Mockingbird",9
2012,"Pine Warbler",3
2012,"Red-bellied Woodpecker",7
2012,"Ruby-throated Hummingbird",2
2012,"Song Sparrow",3
2012,"Tufted Titmouse",18
2012,"White-breasted Nuthatch",3
2012,"Wood Thrush",1
2012,"Yellow-billed Cuckoo",1
2012,"American Crow",12
2012,"American Goldfinch",3
2012,"American Robin",18
2012,"Blue Jay",7
2012,"Brown-headed Cowbird",3
2012,"Canada Goose",28
2012,"Carolina Chickadee",10
2012,"Carolina Wren",9
2012,"Chimney Swift",14
2012,"Chipping Sparrow",8
2012,"Common Grackle",10
2012,"Common Yellowthroat",2
2012,"Downy Woodpecker",2
2012,"Eastern Bluebird",6
2012,"Eastern Phoebe",4
2012,"Eastern Towhee",8
2012,"European Starling",26
2012,"Fish Crow",1
2012,"Gray Catbird",4
2012,"House Finch",8
2012,"Indigo Bunting",1
2012,"Mourning Dove",10
2012,"Northern Cardinal",16
2012,"Northern Mockingbird",7
2012,"Pine Warbler",8
2012,"Red-bellied Woodpecker",1
2012,"Red-winged Blackbird",1
2012,"Song Sparrow",2
2012,"Tufted Titmouse",8
2012,"Acadian Flycatcher",1
2012,"American Crow",3
2012,"American Goldfinch",3
2012,"American Robin",3
2012,"Blue Grosbeak",3
2012,"Blue Jay",1
2012,"Blue-gray Gnatcatcher",4
2012,"Brown-headed Cowbird",4
2012,"Carolina Chickadee",6
2012,"Carolina Wren",16
2012,"Chipping Sparrow",12
2012,"Common Grackle",1
2012,"Common Yellowthroat",1
2012,"Eastern Bluebird",3
2012,"Eastern Meadowlark",2
2012,"Eastern Towhee",4
2012,"Eastern Wood-Pewee",1
2012,"European Starling",25
2012,"Gray Catbird",1
2012,"House Sparrow",1
2012,"Indigo Bunting",5
2012,"Mourning Dove",2
2012,"Northern Cardinal",19
2012,"Northern Mockingbird",3
2012,"Ovenbird",2
2012,"Pine Warbler",2
2012,"Red-bellied Woodpecker",2
2012,"Red-eyed Vireo",3
2012,"Summer Tanager",1
2012,"Tufted Titmouse",8
2012,"White-breasted Nuthatch",1
2012,"Wood Thrush",2
2012,"Yellow-billed Cuckoo",1
2012,"Yellow-breasted Chat",1
2012,"American Crow",31
2012,"American Goldfinch",5
2012,"American Robin",11
2012,"Blue Grosbeak",7
2012,"Blue Jay",2
2012,"Blue-gray Gnatcatcher",9
2012,"Brown Thrasher",3
2012,"Brown-headed Nuthatch",2
2012,"Canada Goose",26
2012,"Carolina Chickadee",7
2012,"Carolina Wren",8
2012,"Chimney Swift",4
2012,"Chipping Sparrow",26
2012,"Downy Woodpecker",5
2012,"Eastern Bluebird",13
2012,"Eastern Phoebe",4
2012,"Eastern Towhee",10
2012,"European Starling",2
2012,"Fish Crow",6
2012,"Great Crested Flycatcher",3
2012,"House Finch",3
2012,"Indigo Bunting",8
2012,"Killdeer",1
2012,"Mourning Dove",13
2012,"Northern Bobwhite",1
2012,"Northern Cardinal",36
2012,"Northern Mockingbird",14
2012,"Pine Warbler",1
2012,"Red-bellied Woodpecker",4
2012,"Red-eyed Vireo",4
2012,"Red-shouldered Hawk",1
2012,"Ruby-throated Hummingbird",1
2012,"Summer Tanager",5
2012,"Tufted Titmouse",15
2012,"Wood Thrush",1
2012,"Yellow-billed Cuckoo",2
2012,"Yellow-breasted Chat",2
2012,"Yellow-throated Vireo",1
2012,"Acadian Flycatcher",1
2012,"American Crow",25
2012,"American Goldfinch",1
2012,"American Robin",4
2012,"Barn Swallow",4
2012,"Blue Grosbeak",4
2012,"Blue Jay",4
2012,"Blue-gray Gnatcatcher",5
2012,"Brown Thrasher",1
2012,"Brown-headed Cowbird",1
2012,"Carolina Chickadee",2
2012,"Carolina Wren",4
2012,"Chimney Swift",2
2012,"Chipping Sparrow",25
2012,"Common Grackle",12
2012,"Common Yellowthroat",1
2012,"Downy Woodpecker",2
2012,"Eastern Bluebird",18
2012,"Eastern Kingbird",2
2012,"Eastern Meadowlark",18
2012,"Eastern Phoebe",9
2012,"Eastern Towhee",7
2012,"Eastern Whip-poor-will",1
2012,"Eastern Wood-Pewee",3
2012,"European Starling",54
2012,"Field Sparrow",2
2012,"Grasshopper Sparrow",5
2012,"House Finch",5
2012,"Indigo Bunting",14
2012,"Killdeer",2
2012,"Mourning Dove",28
2012,"Northern Bobwhite",1
2012,"Northern Cardinal",15
2012,"Northern Mockingbird",20
2012,"Northern Parula",1
2012,"Orchard Oriole",3
2012,"Ovenbird",1
2012,"Pileated Woodpecker",1
2012,"Pine Warbler",1
2012,"Prairie Warbler",1
2012,"Red-bellied Woodpecker",7
2012,"Red-eyed Vireo",4
2012,"Scarlet Tanager",1
2012,"Tufted Titmouse",8
2012,"White-breasted Nuthatch",1
2012,"Wood Thrush",3
2012,"Yellow-billed Cuckoo",4
2012,"Yellow-breasted Chat",1
2012,"American Crow",33
2012,"American Goldfinch",1
2012,"Barn Swallow",1
2012,"Blue Jay",1
2012,"Brown Thrasher",5
2012,"Carolina Wren",5
2012,"Chimney Swift",4
2012,"Chipping Sparrow",2
2012,"Common Grackle",1
2012,"Eastern Bluebird",8
2012,"Eastern Meadowlark",1
2012,"European Starling",5
2012,"Field Sparrow",1
2012,"Great Blue Heron",2
2012,"Indigo Bunting",7
2012,"Mourning Dove",24
2012,"Northern Cardinal",18
2012,"Northern Mockingbird",7
2012,"Ovenbird",2
2012,"Red-bellied Woodpecker",4
2012,"Red-eyed Vireo",8
2012,"Red-shouldered Hawk",1
2012,"Red-winged Blackbird",1
2012,"Summer Tanager",1
2012,"Tufted Titmouse",17
2012,"Wood Thrush",6
2012,"American Crow",34
2012,"American Goldfinch",3
2012,"American Robin",1
2012,"Barn Swallow",5
2012,"Blue Grosbeak",16
2012,"Blue Jay",4
2012,"Blue-gray Gnatcatcher",6
2012,"Brown Thrasher",2
2012,"Brown-headed Cowbird",2
2012,"Canada Goose",58
2012,"Carolina Chickadee",9
2012,"Carolina Wren",27
2012,"Chimney Swift",5
2012,"Chipping Sparrow",24
2012,"Common Grackle",14
2012,"Common Yellowthroat",2
2012,"Downy Woodpecker",3
2012,"Eastern Bluebird",9
2012,"Eastern Kingbird",1
2012,"Eastern Meadowlark",3
2012,"Eastern Phoebe",1
2012,"Eastern Towhee",5
2012,"Eastern Wood-Pewee",6
2012,"European Starling",4
2012,"Field Sparrow",1
2012,"Fish Crow",2
2012,"Grasshopper Sparrow",1
2012,"Great Blue Heron",1
2012,"Great Crested Flycatcher",2
2012,"House Finch",1
2012,"House Sparrow",1
2012,"Indigo Bunting",16
2012,"Killdeer",5
2012,"Mourning Dove",29
2012,"Northern Cardinal",15
2012,"Northern Mockingbird",10
2012,"Orchard Oriole",4
2012,"Ovenbird",1
2012,"Pine Warbler",10
2012,"Purple Martin",4
2012,"Red-bellied Woodpecker",14
2012,"Red-eyed Vireo",9
2012,"Red-shouldered Hawk",4
2012,"Red-winged Blackbird",3
2012,"Ruby-throated Hummingbird",1
2012,"Scarlet Tanager",3
2012,"Summer Tanager",5
2012,"Tufted Titmouse",16
2012,"Turkey Vulture",1
2012,"White-breasted Nuthatch",3
2012,"Wood Thrush",2
2012,"Yellow-billed Cuckoo",1
2012,"Yellow-breasted Chat",1
2012,"Yellow-throated Vireo",2
2012,"American Crow",24
2012,"American Robin",4
2012,"Barn Swallow",4
2012,"Blue Grosbeak",3
2012,"Blue Jay",10
2012,"Brown Thrasher",5
2012,"Brown-headed Cowbird",1
2012,"Brown-headed Nuthatch",3
2012,"Carolina Chickadee",6
2012,"Carolina Wren",8
2012,"Chimney Swift",4
2012,"Chipping Sparrow",9
2012,"Downy Woodpecker",2
2012,"Eastern Bluebird",7
2012,"Eastern Kingbird",1
2012,"Eastern Meadowlark",1
2012,"Eastern Phoebe",2
2012,"Eastern Towhee",10
2012,"Fish Crow",1
2012,"House Finch",4
2012,"Indigo Bunting",6
2012,"Mourning Dove",12
2012,"Northern Bobwhite",1
2012,"Northern Cardinal",21
2012,"Northern Mockingbird",7
2012,"Ovenbird",1
2012,"Pine Warbler",5
2012,"Red-bellied Woodpecker",10
2012,"Red-eyed Vireo",4
2012,"Summer Tanager",4
2012,"Tufted Titmouse",12
2012,"White-breasted Nuthatch",3
2012,"White-eyed Vireo",2
2012,"Wood Thrush",2
2012,"Yellow-billed Cuckoo",1
2012,"Yellow-breasted Chat",2
2012,"American Crow",18
2012,"American Goldfinch",4
2012,"Blue Grosbeak",1
2012,"Blue Jay",3
2012,"Brown Thrasher",4
2012,"Brown-headed Cowbird",3
2012,"Brown-headed Nuthatch",2
2012,"Canada Goose",7
2012,"Carolina Chickadee",1
2012,"Carolina Wren",19
2012,"Chimney Swift",2
2012,"Chipping Sparrow",10
2012,"Common Grackle",31
2012,"Common Yellowthroat",6
2012,"Eastern Bluebird",7
2012,"Eastern Kingbird",2
2012,"Eastern Meadowlark",5
2012,"Eastern Phoebe",5
2012,"Eastern Towhee",6
2012,"Eastern Wood-Pewee",1
2012,"Field Sparrow",2
2012,"Gray Catbird",1
2012,"House Finch",1
2012,"Indigo Bunting",10
2012,"Killdeer",2
2012,"Mourning Dove",23
2012,"Northern Cardinal",27
2012,"Northern Mockingbird",19
2012,"Orchard Oriole",2
2012,"Ovenbird",1
2012,"Pileated Woodpecker",1
2012,"Pine Warbler",6
2012,"Red-bellied Woodpecker",8
2012,"Red-eyed Vireo",10
2012,"Red-winged Blackbird",1
2012,"Summer Tanager",7
2012,"Tufted Titmouse",21
2012,"Turkey Vulture",1
2012,"White-eyed Vireo",1
2012,"Yellow-breasted Chat",2
2012,"American Robin",22
2012,"American Crow",40
2012,"American Goldfinch",2
2012,"American Robin",1
2012,"Blue Jay",2
2012,"Brown Thrasher",2
2012,"Brown-headed Cowbird",1
2012,"Canada Goose",3
2012,"Carolina Wren",11
2012,"Common Grackle",3
2012,"Common Yellowthroat",1
2012,"Eastern Bluebird",15
2012,"Eastern Meadowlark",2
2012,"Eastern Phoebe",1
2012,"Eastern Towhee",2
2012,"Hooded Warbler",1
2012,"House Finch",4
2012,"Indigo Bunting",2
2012,"Mourning Dove",12
2012,"Northern Cardinal",20
2012,"Northern Mockingbird",7
2012,"Red-bellied Woodpecker",5
2012,"Red-eyed Vireo",3
2012,"Summer Tanager",1
2012,"Tufted Titmouse",17
2012,"White-breasted Nuthatch",2
2012,"Wood Thrush",2
2012,"Yellow-breasted Chat",1
2012,"American Crow",39
2012,"American Goldfinch",3
2012,"American Robin",3
2012,"Blue Jay",3
2012,"Blue-gray Gnatcatcher",3
2012,"Brown Thrasher",1
2012,"Carolina Chickadee",12
2012,"Carolina Wren",17
2012,"Chimney Swift",1
2012,"Chipping Sparrow",5
2012,"Common Grackle",1
2012,"Downy Woodpecker",2
2012,"Eastern Bluebird",12
2012,"Eastern Phoebe",1
2012,"Eastern Towhee",8
2012,"Eastern Wood-Pewee",1
2012,"House Finch",16
2012,"Indigo Bunting",13
2012,"Mourning Dove",20
2012,"Northern Cardinal",25
2012,"Northern Mockingbird",9
2012,"Ovenbird",1
2012,"Pine Warbler",10
2012,"Prairie Warbler",10
2012,"Red-bellied Woodpecker",3
2012,"Red-eyed Vireo",4
2012,"Red-shouldered Hawk",1
2012,"Scarlet Tanager",1
2012,"Tufted Titmouse",8
2012,"Turkey Vulture",1
2012,"White-breasted Nuthatch",2
2012,"Wood Thrush",3
2012,"Yellow-billed Cuckoo",1
2012,"Yellow-breasted Chat",12
2012,"Acadian Flycatcher",3
2012,"American Crow",70
2012,"American Goldfinch",4
2012,"American Robin",9
2012,"Barn Swallow",7
2012,"Blue Grosbeak",1
2012,"Blue Jay",12
2012,"Blue-gray Gnatcatcher",12
2012,"Brown-headed Cowbird",3
2012,"Brown-headed Nuthatch",3
2012,"Carolina Chickadee",18
2012,"Carolina Wren",24
2012,"Chimney Swift",3
2012,"Chipping Sparrow",4
2012,"Common Grackle",6
2012,"Downy Woodpecker",10
2012,"Eastern Bluebird",12
2012,"Eastern Meadowlark",3
2012,"Eastern Phoebe",2
2012,"Eastern Towhee",8
2012,"Eastern Wood-Pewee",3
2012,"European Starling",25
2012,"Fish Crow",2
2012,"Indigo Bunting",15
2012,"Killdeer",4
2012,"Mourning Dove",19
2012,"Northern Cardinal",43
2012,"Northern Mockingbird",13
2012,"Northern Parula",3
2012,"Pine Warbler",16
2012,"Red-bellied Woodpecker",13
2012,"Red-eyed Vireo",11
2012,"Red-shouldered Hawk",3
2012,"Summer Tanager",8
2012,"Tufted Titmouse",19
2012,"White-breasted Nuthatch",2
2012,"White-eyed Vireo",1
2012,"Yellow-billed Cuckoo",5
2012,"Yellow-throated Warbler",2
2012,"Acadian Flycatcher",1
2012,"American Crow",10
2012,"American Goldfinch",1
2012,"American Robin",15
2012,"Barn Swallow",3
2012,"Blue Jay",5
2012,"Brown Thrasher",1
2012,"Brown-headed Cowbird",1
2012,"Carolina Chickadee",5
2012,"Carolina Wren",28
2012,"Chimney Swift",1
2012,"Chipping Sparrow",1
2012,"Common Grackle",2
2012,"Downy Woodpecker",2
2012,"Eastern Bluebird",10
2012,"Eastern Phoebe",1
2012,"Eastern Towhee",24
2012,"Eastern Wood-Pewee",3
2012,"Fish Crow",6
2012,"Gray Catbird",7
2012,"House Finch",8
2012,"Indigo Bunting",3
2012,"Killdeer",2
2012,"Mourning Dove",14
2012,"Northern Cardinal",40
2012,"Northern Mockingbird",8
2012,"Pine Warbler",7
2012,"Red-bellied Woodpecker",5
2012,"Red-eyed Vireo",2
2012,"Red-shouldered Hawk",1
2012,"Scarlet Tanager",2
2012,"Summer Tanager",1
2012,"Tufted Titmouse",11
2012,"White-breasted Nuthatch",1
2012,"Wood Thrush",4
2013,"Acadian Flycatcher",1
2013,"American Crow",29
2013,"American Goldfinch",5
2013,"Blue Jay",5
2013,"Blue-gray Gnatcatcher",10
2013,"Brown Thrasher",3
2013,"Brown-headed Cowbird",1
2013,"Brown-headed Nuthatch",5
2013,"Carolina Chickadee",11
2013,"Carolina Wren",9
2013,"Chipping Sparrow",7
2013,"Downy Woodpecker",3
2013,"Eastern Bluebird",3
2013,"Eastern Phoebe",4
2013,"Eastern Towhee",9
2013,"Eastern Wood-Pewee",1
2013,"European Starling",1
2013,"Fish Crow",6
2013,"Great Crested Flycatcher",1
2013,"Hooded Warbler",5
2013,"House Finch",3
2013,"Indigo Bunting",3
2013,"Killdeer",1
2013,"Mourning Dove",7
2013,"Northern Cardinal",52
2013,"Northern Mockingbird",6
2013,"Ovenbird",12
2013,"Pileated Woodpecker",3
2013,"Pine Warbler",13
2013,"Prairie Warbler",2
2013,"Red-bellied Woodpecker",14
2013,"Red-eyed Vireo",7
2013,"Red-shouldered Hawk",1
2013,"Scarlet Tanager",1
2013,"Summer Tanager",3
2013,"Tufted Titmouse",17
2013,"White-breasted Nuthatch",4
2013,"White-eyed Vireo",2
2013,"Wood Thrush",4
2013,"Yellow-billed Cuckoo",2
2013,"Yellow-throated Warbler",5
2013,"American Crow",18
2013,"American Goldfinch",5
2013,"American Robin",3
2013,"Barn Swallow",1
2013,"Blue Grosbeak",3
2013,"Blue Jay",5
2013,"Blue-gray Gnatcatcher",12
2013,"Brown-headed Cowbird",9
2013,"Brown-headed Nuthatch",1
2013,"Carolina Chickadee",10
2013,"Carolina Wren",19
2013,"Chimney Swift",2
2013,"Chipping Sparrow",13
2013,"Common Grackle",9
2013,"Downy Woodpecker",1
2013,"Eastern Bluebird",1
2013,"Eastern Phoebe",2
2013,"Eastern Towhee",12
2013,"Eastern Whip-poor-will",1
2013,"Eastern Wood-Pewee",1
2013,"Fish Crow",5
2013,"Great Blue Heron",6
2013,"Great Crested Flycatcher",4
2013,"House Finch",2
2013,"Indigo Bunting",8
2013,"Killdeer",1
2013,"Mourning Dove",13
2013,"Northern Cardinal",21
2013,"Northern Mockingbird",7
2013,"Northern Parula",2
2013,"Ovenbird",6
2013,"Pine Warbler",12
2013,"Purple Martin",1
2013,"Red-bellied Woodpecker",5
2013,"Red-eyed Vireo",12
2013,"Red-shouldered Hawk",2
2013,"Red-winged Blackbird",1
2013,"Scarlet Tanager",1
2013,"Summer Tanager",1
2013,"Tufted Titmouse",14
2013,"White-breasted Nuthatch",1
2013,"White-eyed Vireo",1
2013,"Wood Thrush",5
2013,"Yellow-throated Warbler",1
2013,"American Crow",12
2013,"American Goldfinch",2
2013,"American Robin",6
2013,"Blue Grosbeak",9
2013,"Blue Jay",1
2013,"Blue-gray Gnatcatcher",2
2013,"Brown Thrasher",1
2013,"Carolina Chickadee",1
2013,"Carolina Wren",17
2013,"Chipping Sparrow",8
2013,"Common Grackle",1
2013,"Common Yellowthroat",2
2013,"Downy Woodpecker",1
2013,"Eastern Bluebird",10
2013,"Eastern Kingbird",1
2013,"Eastern Meadowlark",1
2013,"Eastern Phoebe",3
2013,"Eastern Towhee",3
2013,"Eastern Wood-Pewee",3
2013,"Great Crested Flycatcher",4
2013,"House Finch",1
2013,"Indigo Bunting",7
2013,"Mourning Dove",5
2013,"Northern Cardinal",19
2013,"Northern Mockingbird",8
2013,"Orchard Oriole",1
2013,"Ovenbird",3
2013,"Pine Warbler",15
2013,"Red-bellied Woodpecker",9
2013,"Red-eyed Vireo",6
2013,"Scarlet Tanager",2
2013,"Summer Tanager",6
2013,"Tufted Titmouse",19
2013,"Turkey Vulture",1
2013,"White-eyed Vireo",1
2013,"Yellow-billed Cuckoo",4
2013,"Yellow-breasted Chat",3
2013,"Yellow-throated Vireo",1
2013,"Acadian Flycatcher",2
2013,"American Crow",33
2013,"American Goldfinch",6
2013,"Blue Grosbeak",2
2013,"Blue Jay",8
2013,"Blue-gray Gnatcatcher",9
2013,"Brown Thrasher",2
2013,"Canada Goose",1
2013,"Carolina Chickadee",6
2013,"Carolina Wren",14
2013,"Chimney Swift",14
2013,"Chipping Sparrow",14
2013,"Common Grackle",4
2013,"Common Yellowthroat",1
2013,"Downy Woodpecker",1
2013,"Eastern Bluebird",6
2013,"Eastern Kingbird",1
2013,"Eastern Meadowlark",3
2013,"Eastern Phoebe",2
2013,"Eastern Towhee",5
2013,"Eastern Whip-poor-will",2
2013,"Eastern Wood-Pewee",6
2013,"European Starling",4
2013,"Field Sparrow",1
2013,"Fish Crow",9
2013,"Great Crested Flycatcher",4
2013,"Indigo Bunting",6
2013,"Mourning Dove",15
2013,"Northern Cardinal",13
2013,"Northern Mockingbird",12
2013,"Ovenbird",3
2013,"Pine Warbler",1
2013,"Prairie Warbler",2
2013,"Red-bellied Woodpecker",2
2013,"Red-eyed Vireo",10
2013,"Scarlet Tanager",1
2013,"Summer Tanager",3
2013,"Tufted Titmouse",14
2013,"White-eyed Vireo",4
2013,"Wood Thrush",4
2013,"Yellow-billed Cuckoo",6
2013,"Yellow-breasted Chat",9
2013,"Acadian Flycatcher",1
2013,"American Crow",56
2013,"American Goldfinch",9
2013,"American Robin",2
2013,"Barn Swallow",8
2013,"Blue Grosbeak",16
2013,"Blue Jay",6
2013,"Blue-gray Gnatcatcher",4
2013,"Brown Thrasher",5
2013,"Brown-headed Cowbird",2
2013,"Canada Goose",3
2013,"Carolina Chickadee",6
2013,"Carolina Wren",27
2013,"Chimney Swift",6
2013,"Chipping Sparrow",37
2013,"Common Grackle",11
2013,"Downy Woodpecker",3
2013,"Eastern Bluebird",27
2013,"Eastern Kingbird",5
2013,"Eastern Meadowlark",17
2013,"Eastern Phoebe",7
2013,"Eastern Wood-Pewee",12
2013,"European Starling",14
2013,"Great Crested Flycatcher",13
2013,"Hooded Warbler",1
2013,"House Finch",3
2013,"House Sparrow",3
2013,"Indigo Bunting",15
2013,"Killdeer",4
2013,"Mourning Dove",33
2013,"Northern Cardinal",29
2013,"Northern Mockingbird",21
2013,"Ovenbird",8
2013,"Pileated Woodpecker",1
2013,"Purple Martin",26
2013,"Red-bellied Woodpecker",9
2013,"Red-eyed Vireo",7
2013,"Red-shouldered Hawk",3
2013,"Red-winged Blackbird",3
2013,"Ruby-throated Hummingbird",1
2013,"Summer Tanager",6
2013,"Tufted Titmouse",25
2013,"Turkey Vulture",1
2013,"White-breasted Nuthatch",3
2013,"Wood Thrush",2
2013,"Yellow-billed Cuckoo",4
2013,"Yellow-breasted Chat",2
2013,"Yellow-throated Warbler",1
2013,"Acadian Flycatcher",1
2013,"American Crow",31
2013,"American Goldfinch",1
2013,"Barn Swallow",2
2013,"Blue Grosbeak",2
2013,"Blue Jay",4
2013,"Blue-gray Gnatcatcher",9
2013,"Brown Thrasher",2
2013,"Brown-headed Cowbird",6
2013,"Carolina Chickadee",13
2013,"Carolina Wren",16
2013,"Chimney Swift",3
2013,"Chipping Sparrow",12
2013,"Common Grackle",7
2013,"Common Yellowthroat",1
2013,"Downy Woodpecker",2
2013,"Eastern Bluebird",11
2013,"Eastern Kingbird",1
2013,"Eastern Meadowlark",9
2013,"Eastern Towhee",5
2013,"Eastern Whip-poor-will",1
2013,"Eastern Wood-Pewee",5
2013,"Grasshopper Sparrow",1
2013,"Great Blue Heron",1
2013,"Great Crested Flycatcher",3
2013,"Hooded Warbler",2
2013,"Indigo Bunting",16
2013,"Killdeer",1
2013,"Mourning Dove",22
2013,"Northern Cardinal",24
2013,"Northern Mockingbird",13
2013,"Northern Parula",3
2013,"Orchard Oriole",2
2013,"Ovenbird",9
2013,"Pileated Woodpecker",1
2013,"Pine Warbler",13
2013,"Prairie Warbler",2
2013,"Purple Martin",1
2013,"Red-bellied Woodpecker",8
2013,"Red-eyed Vireo",16
2013,"Red-shouldered Hawk",2
2013,"Red-winged Blackbird",1
2013,"Ruby-throated Hummingbird",2
2013,"Scarlet Tanager",3
2013,"Summer Tanager",3
2013,"Tufted Titmouse",14
2013,"Turkey Vulture",1
2013,"White-eyed Vireo",1
2013,"Wood Thrush",6
2013,"Yellow-billed Cuckoo",5
2013,"Yellow-breasted Chat",7
2013,"Yellow-throated Warbler",1
2013,"Acadian Flycatcher",1
2013,"American Crow",48
2013,"American Goldfinch",6
2013,"American Robin",5
2013,"Blue Grosbeak",2
2013,"Blue Jay",1
2013,"Brown-headed Cowbird",8
2013,"Carolina Chickadee",3
2013,"Carolina Wren",12
2013,"Chipping Sparrow",10
2013,"Common Yellowthroat",2
2013,"Downy Woodpecker",1
2013,"Eastern Bluebird",3
2013,"Eastern Meadowlark",3
2013,"Eastern Phoebe",3
2013,"Eastern Towhee",1
2013,"Eastern Wood-Pewee",5
2013,"European Starling",8
2013,"Field Sparrow",2
2013,"Gray Catbird",1
2013,"Great Crested Flycatcher",1
2013,"Hooded Warbler",1
2013,"House Finch",2
2013,"Indigo Bunting",6
2013,"Mourning Dove",15
2013,"Northern Cardinal",22
2013,"Northern Mockingbird",4
2013,"Northern Parula",1
2013,"Ovenbird",2
2013,"Pine Warbler",3
2013,"Red-bellied Woodpecker",9
2013,"Red-eyed Vireo",3
2013,"Red-shouldered Hawk",1
2013,"Scarlet Tanager",1
2013,"Tufted Titmouse",5
2013,"White-breasted Nuthatch",1
2013,"White-eyed Vireo",2
2013,"Yellow-billed Cuckoo",3
2013,"Yellow-breasted Chat",8
2013,"Acadian Flycatcher",3
2013,"American Crow",20
2013,"American Goldfinch",3
2013,"American Robin",1
2013,"Blue Jay",4
2013,"Blue-gray Gnatcatcher",6
2013,"Brown Thrasher",5
2013,"Brown-headed Nuthatch",5
2013,"Carolina Chickadee",7
2013,"Carolina Wren",21
2013,"Chimney Swift",4
2013,"Chipping Sparrow",7
2013,"Common Grackle",1
2013,"Downy Woodpecker",1
2013,"Eastern Bluebird",6
2013,"Eastern Phoebe",3
2013,"Eastern Towhee",3
2013,"Eastern Wood-Pewee",2
2013,"Fish Crow",1
2013,"Great Blue Heron",2
2013,"Great Crested Flycatcher",6
2013,"Hooded Warbler",1
2013,"House Finch",1
2013,"Indigo Bunting",2
2013,"Mourning Dove",8
2013,"Northern Cardinal",21
2013,"Northern Mockingbird",5
2013,"Northern Parula",3
2013,"Ovenbird",1
2013,"Pine Warbler",13
2013,"Prairie Warbler",1
2013,"Red-bellied Woodpecker",5
2013,"Red-eyed Vireo",6
2013,"Ruby-throated Hummingbird",5
2013,"Scarlet Tanager",2
2013,"Summer Tanager",7
2013,"Tufted Titmouse",21
2013,"White-breasted Nuthatch",2
2013,"White-eyed Vireo",1
2013,"Wood Thrush",1
2013,"Yellow-billed Cuckoo",2
2013,"Yellow-breasted Chat",1
2013,"Yellow-throated Vireo",1
2013,"Yellow-throated Warbler",2
2013,"Acadian Flycatcher",2
2013,"American Crow",18
2013,"American Goldfinch",2
2013,"American Robin",2
2013,"Barn Swallow",4
2013,"Blue Grosbeak",1
2013,"Blue Jay",2
2013,"Blue-gray Gnatcatcher",10
2013,"Brown-headed Nuthatch",1
2013,"Carolina Chickadee",1
2013,"Carolina Wren",10
2013,"Chipping Sparrow",5
2013,"Common Grackle",2
2013,"Common Yellowthroat",2
2013,"Eastern Bluebird",4
2013,"Eastern Phoebe",5
2013,"Eastern Towhee",1
2013,"Eastern Wood-Pewee",3
2013,"European Starling",4
2013,"Field Sparrow",1
2013,"Fish Crow",3
2013,"Great Crested Flycatcher",1
2013,"Hooded Warbler",1
2013,"House Sparrow",1
2013,"Indigo Bunting",5
2013,"Killdeer",2
2013,"Mourning Dove",6
2013,"Northern Cardinal",20
2013,"Northern Mockingbird",7
2013,"Northern Parula",3
2013,"Pine Warbler",2
2013,"Red-bellied Woodpecker",13
2013,"Red-eyed Vireo",4
2013,"Summer Tanager",3
2013,"Tufted Titmouse",6
2013,"White-eyed Vireo",2
2013,"Yellow-breasted Chat",2
2013,"Yellow-throated Vireo",1
2013,"Yellow-throated Warbler",5
2013,"American Crow",15
2013,"American Robin",2
2013,"Blue-gray Gnatcatcher",2
2013,"Brown Thrasher",1
2013,"Carolina Chickadee",1
2013,"Carolina Wren",13
2013,"Chipping Sparrow",2
2013,"Common Grackle",3
2013,"Downy Woodpecker",1
2013,"Eastern Bluebird",8
2013,"Eastern Kingbird",2
2013,"Eastern Meadowlark",3
2013,"Eastern Whip-poor-will",1
2013,"Eastern Wood-Pewee",4
2013,"Field Sparrow",1
2013,"Great Blue Heron",1
2013,"Great Crested Flycatcher",1
2013,"Indigo Bunting",11
2013,"Mourning Dove",7
2013,"Northern Cardinal",14
2013,"Orchard Oriole",1
2013,"Ovenbird",1
2013,"Pine Warbler",4
2013,"Prairie Warbler",1
2013,"Red-bellied Woodpecker",4
2013,"Red-eyed Vireo",10
2013,"Red-shouldered Hawk",1
2013,"Tufted Titmouse",4
2013,"White-eyed Vireo",5
2013,"Wood Thrush",4
2013,"Yellow-billed Cuckoo",2
2013,"Yellow-breasted Chat",2
2013,"American Crow",53
2013,"American Goldfinch",17
2013,"American Robin",15
2013,"Barn Swallow",2
2013,"Blue Grosbeak",9
2013,"Blue Jay",13
2013,"Blue-gray Gnatcatcher",5
2013,"Brown Thrasher",9
2013,"Brown-headed Cowbird",11
2013,"Carolina Chickadee",10
2013,"Carolina Wren",35
2013,"Chimney Swift",22
2013,"Chipping Sparrow",33
2013,"Common Grackle",10
2013,"Common Yellowthroat",2
2013,"Downy Woodpecker",1
2013,"Eastern Bluebird",28
2013,"Eastern Kingbird",6
2013,"Eastern Meadowlark",9
2013,"Eastern Phoebe",6
2013,"Eastern Towhee",7
2013,"Eastern Wood-Pewee",8
2013,"European Starling",28
2013,"Field Sparrow",4
2013,"Fish Crow",3
2013,"Gray Catbird",2
2013,"Great Crested Flycatcher",8
2013,"House Finch",4
2013,"House Sparrow",4
2013,"Indigo Bunting",7
2013,"Mourning Dove",17
2013,"Northern Cardinal",35
2013,"Northern Mockingbird",31
2013,"Ovenbird",1
2013,"Pine Warbler",5
2013,"Red-bellied Woodpecker",8
2013,"Red-eyed Vireo",2
2013,"Red-shouldered Hawk",1
2013,"Ruby-throated Hummingbird",1
2013,"Song Sparrow",4
2013,"Summer Tanager",5
2013,"Tufted Titmouse",18
2013,"White-eyed Vireo",2
2013,"Wood Thrush",2
2013,"Yellow-billed Cuckoo",3
2013,"Yellow-breasted Chat",1
2013,"Acadian Flycatcher",1
2013,"American Crow",28
2013,"American Goldfinch",12
2013,"American Robin",2
2013,"Barn Swallow",1
2013,"Blue Grosbeak",1
2013,"Blue-gray Gnatcatcher",2
2013,"Canada Goose",25
2013,"Carolina Wren",14
2013,"Chipping Sparrow",10
2013,"Common Yellowthroat",1
2013,"Downy Woodpecker",2
2013,"Eastern Bluebird",6
2013,"Eastern Meadowlark",1
2013,"Eastern Towhee",5
2013,"Eastern Wood-Pewee",1
2013,"European Starling",20
2013,"Field Sparrow",1
2013,"Hooded Warbler",1
2013,"House Finch",1
2013,"Indigo Bunting",6
2013,"Mourning Dove",19
2013,"Northern Cardinal",26
2013,"Northern Mockingbird",4
2013,"Pine Warbler",5
2013,"Purple Martin",2
2013,"Red-bellied Woodpecker",5
2013,"Red-eyed Vireo",5
2013,"Red-winged Blackbird",2
2013,"Scarlet Tanager",2
2013,"Summer Tanager",2
2013,"Tufted Titmouse",9
2013,"Turkey Vulture",2
2013,"White-eyed Vireo",3
2013,"Wood Thrush",2
2013,"Yellow-billed Cuckoo",3
2013,"Yellow-breasted Chat",4
2013,"American Crow",6
2013,"American Goldfinch",2
2013,"Blue Jay",6
2013,"Blue-gray Gnatcatcher",8
2013,"Brown Thrasher",1
2013,"Brown-headed Cowbird",2
2013,"Brown-headed Nuthatch",2
2013,"Carolina Chickadee",6
2013,"Carolina Wren",8
2013,"Chimney Swift",1
2013,"Chipping Sparrow",4
2013,"Common Grackle",4
2013,"Common Yellowthroat",1
2013,"Eastern Bluebird",3
2013,"Eastern Meadowlark",1
2013,"Eastern Towhee",1
2013,"Eastern Wood-Pewee",3
2013,"Great Blue Heron",3
2013,"Great Crested Flycatcher",1
2013,"Hooded Warbler",1
2013,"House Finch",1
2013,"Indigo Bunting",6
2013,"Mourning Dove",4
2013,"Northern Cardinal",6
2013,"Northern Mockingbird",1
2013,"Ovenbird",2
2013,"Pileated Woodpecker",1
2013,"Pine Warbler",5
2013,"Red-bellied Woodpecker",1
2013,"Red-eyed Vireo",5
2013,"Red-shouldered Hawk",1
2013,"Scarlet Tanager",1
2013,"Summer Tanager",3
2013,"Tufted Titmouse",8
2013,"Wood Thrush",2
2013,"Yellow-breasted Chat",1
2013,"Yellow-throated Vireo",1
2013,"Yellow-throated Warbler",1
2013,"American Crow",25
2013,"American Goldfinch",5
2013,"American Robin",32
2013,"Barn Swallow",4
2013,"Blue Jay",3
2013,"Blue-gray Gnatcatcher",6
2013,"Brown Thrasher",2
2013,"Brown-headed Cowbird",5
2013,"Brown-headed Nuthatch",1
2013,"Carolina Chickadee",15
2013,"Carolina Wren",7
2013,"Chimney Swift",9
2013,"Chipping Sparrow",10
2013,"Common Grackle",16
2013,"Eastern Bluebird",4
2013,"Eastern Phoebe",1
2013,"Eastern Towhee",13
2013,"Fish Crow",2
2013,"Gray Catbird",3
2013,"House Finch",4
2013,"Mourning Dove",4
2013,"Northern Cardinal",30
2013,"Northern Mockingbird",14
2013,"Pine Warbler",1
2013,"Red-bellied Woodpecker",7
2013,"Red-eyed Vireo",5
2013,"Red-shouldered Hawk",1
2013,"Ruby-throated Hummingbird",1
2013,"Scarlet Tanager",2
2013,"Song Sparrow",4
2013,"Tufted Titmouse",5
2013,"White-breasted Nuthatch",1
2013,"Wood Thrush",4
2013,"Yellow-billed Cuckoo",1
2013,"American Crow",13
2013,"American Goldfinch",6
2013,"American Robin",10
2013,"Barn Swallow",3
2013,"Blue Grosbeak",1
2013,"Blue Jay",1
2013,"Blue-gray Gnatcatcher",9
2013,"Brown-headed Cowbird",1
2013,"Canada Goose",30
2013,"Carolina Chickadee",15
2013,"Carolina Wren",18
2013,"Chimney Swift",2
2013,"Chipping Sparrow",13
2013,"Common Grackle",12
2013,"Common Yellowthroat",2
2013,"Downy Woodpecker",3
2013,"Eastern Bluebird",15
2013,"Eastern Meadowlark",4
2013,"Eastern Phoebe",2
2013,"Eastern Towhee",4
2013,"Eastern Wood-Pewee",2
2013,"Fish Crow",1
2013,"Great Blue Heron",3
2013,"Great Crested Flycatcher",1
2013,"House Finch",1
2013,"Indigo Bunting",11
2013,"Mourning Dove",12
2013,"Northern Cardinal",19
2013,"Northern Mockingbird",5
2013,"Northern Parula",2
2013,"Ovenbird",2
2013,"Pine Warbler",5
2013,"Red-bellied Woodpecker",4
2013,"Red-eyed Vireo",13
2013,"Song Sparrow",1
2013,"Summer Tanager",2
2013,"Tufted Titmouse",12
2013,"White-breasted Nuthatch",2
2013,"Wood Thrush",4
2013,"American Crow",10
2013,"American Goldfinch",1
2013,"American Robin",27
2013,"Blue Jay",4
2013,"Brown Thrasher",4
2013,"Brown-headed Cowbird",2
2013,"Carolina Chickadee",1
2013,"Carolina Wren",22
2013,"Chimney Swift",3
2013,"Chipping Sparrow",6
2013,"Common Grackle",1
2013,"Downy Woodpecker",1
2013,"Eastern Bluebird",4
2013,"Eastern Phoebe",1
2013,"Eastern Towhee",12
2013,"Eastern Wood-Pewee",1
2013,"European Starling",4
2013,"Grasshopper Sparrow",1
2013,"Gray Catbird",2
2013,"Hooded Warbler",1
2013,"House Finch",8
2013,"House Sparrow",1
2013,"Mourning Dove",7
2013,"Northern Cardinal",22
2013,"Northern Mockingbird",13
2013,"Pine Warbler",4
2013,"Red-bellied Woodpecker",10
2013,"Red-winged Blackbird",1
2013,"Ruby-throated Hummingbird",1
2013,"Song Sparrow",2
2013,"Summer Tanager",2
2013,"Tufted Titmouse",8
2013,"White-breasted Nuthatch",1
2013,"White-eyed Vireo",1
2013,"Wood Thrush",4
2013,"American Crow",22
2013,"American Goldfinch",7
2013,"American Robin",22
2013,"Blue Jay",2
2013,"Brown Thrasher",2
2013,"Brown-headed Cowbird",4
2013,"Carolina Chickadee",1
2013,"Carolina Wren",12
2013,"Chimney Swift",7
2013,"Chipping Sparrow",8
2013,"Common Grackle",7
2013,"Common Yellowthroat",1
2013,"Downy Woodpecker",3
2013,"Eastern Bluebird",6
2013,"Eastern Phoebe",2
2013,"Eastern Towhee",9
2013,"European Starling",15
2013,"Fish Crow",12
2013,"Gray Catbird",3
2013,"House Finch",1
2013,"Indigo Bunting",2
2013,"Killdeer",1
2013,"Mourning Dove",4
2013,"Northern Cardinal",15
2013,"Northern Mockingbird",9
2013,"Pine Warbler",6
2013,"Red-bellied Woodpecker",1
2013,"Red-eyed Vireo",1
2013,"Red-winged Blackbird",1
2013,"Song Sparrow",1
2013,"Tufted Titmouse",5
2013,"White-breasted Nuthatch",1
2013,"American Crow",10
2013,"American Robin",3
2013,"Blue Grosbeak",3
2013,"Blue Jay",1
2013,"Blue-gray Gnatcatcher",7
2013,"Brown Thrasher",1
2013,"Brown-headed Cowbird",5
2013,"Brown-headed Nuthatch",1
2013,"Carolina Chickadee",6
2013,"Carolina Wren",11
2013,"Chimney Swift",2
2013,"Chipping Sparrow",7
2013,"Common Grackle",1
2013,"Common Yellowthroat",2
2013,"Eastern Bluebird",5
2013,"Eastern Phoebe",2
2013,"Eastern Towhee",8
2013,"European Starling",4
2013,"Great Crested Flycatcher",1
2013,"Hooded Warbler",1
2013,"House Finch",1
2013,"Indigo Bunting",3
2013,"Mourning Dove",2
2013,"Northern Cardinal",17
2013,"Northern Mockingbird",7
2013,"Northern Parula",2
2013,"Ovenbird",1
2013,"Pileated Woodpecker",1
2013,"Pine Warbler",4
2013,"Red-bellied Woodpecker",4
2013,"Red-eyed Vireo",5
2013,"Red-shouldered Hawk",1
2013,"Ruby-throated Hummingbird",1
2013,"Summer Tanager",2
2013,"Tufted Titmouse",4
2013,"Wood Thrush",1
2013,"Yellow-billed Cuckoo",3
2013,"American Crow",34
2013,"American Goldfinch",2
2013,"American Robin",11
2013,"Blue Grosbeak",3
2013,"Blue Jay",4
2013,"Blue-gray Gnatcatcher",13
2013,"Brown Thrasher",12
2013,"Brown-headed Cowbird",9
2013,"Brown-headed Nuthatch",3
2013,"Carolina Chickadee",4
2013,"Carolina Wren",17
2013,"Chimney Swift",14
2013,"Chipping Sparrow",32
2013,"Common Grackle",5
2013,"Common Yellowthroat",1
2013,"Downy Woodpecker",1
2013,"Eastern Bluebird",10
2013,"Eastern Phoebe",5
2013,"Eastern Towhee",7
2013,"Fish Crow",13
2013,"Great Crested Flycatcher",3
2013,"House Finch",2
2013,"House Sparrow",5
2013,"Indigo Bunting",3
2013,"Mourning Dove",6
2013,"Northern Cardinal",37
2013,"Northern Mockingbird",12
2013,"Northern Parula",2
2013,"Ovenbird",2
2013,"Pine Warbler",5
2013,"Red-bellied Woodpecker",5
2013,"Red-eyed Vireo",2
2013,"Red-shouldered Hawk",1
2013,"Tufted Titmouse",18
2013,"Yellow-breasted Chat",1
2013,"American Crow",23
2013,"American Goldfinch",1
2013,"American Robin",1
2013,"Barn Swallow",9
2013,"Blue Grosbeak",1
2013,"Blue Jay",3
2013,"Blue-gray Gnatcatcher",10
2013,"Brown Thrasher",2
2013,"Brown-headed Cowbird",4
2013,"Canada Goose",4
2013,"Carolina Chickadee",7
2013,"Carolina Wren",3
2013,"Chimney Swift",7
2013,"Chipping Sparrow",19
2013,"Common Grackle",5
2013,"Downy Woodpecker",3
2013,"Eastern Bluebird",15
2013,"Eastern Kingbird",1
2013,"Eastern Meadowlark",16
2013,"Eastern Phoebe",6
2013,"Eastern Towhee",1
2013,"Eastern Wood-Pewee",3
2013,"European Starling",10
2013,"Field Sparrow",3
2013,"Grasshopper Sparrow",7
2013,"Great Blue Heron",1
2013,"Indigo Bunting",17
2013,"Killdeer",2
2013,"Mourning Dove",32
2013,"Northern Bobwhite",2
2013,"Northern Cardinal",13
2013,"Northern Mockingbird",18
2013,"Prairie Warbler",1
2013,"Purple Martin",4
2013,"Red-bellied Woodpecker",5
2013,"Red-eyed Vireo",3
2013,"Red-winged Blackbird",1
2013,"Ruby-throated Hummingbird",1
2013,"Tufted Titmouse",12
2013,"White-breasted Nuthatch",2
2013,"Yellow-billed Cuckoo",5
2013,"American Crow",29
2013,"Blue Grosbeak",2
2013,"Brown Thrasher",5
2013,"Brown-headed Cowbird",1
2013,"Carolina Chickadee",2
2013,"Carolina Wren",10
2013,"Chimney Swift",1
2013,"Chipping Sparrow",2
2013,"Eastern Bluebird",2
2013,"Eastern Meadowlark",2
2013,"Eastern Towhee",1
2013,"European Starling",12
2013,"Great Crested Flycatcher",1
2013,"Indigo Bunting",2
2013,"Mourning Dove",17
2013,"Northern Bobwhite",1
2013,"Northern Cardinal",12
2013,"Northern Mockingbird",2
2013,"Pine Warbler",1
2013,"Red-bellied Woodpecker",6
2013,"Red-eyed Vireo",3
2013,"Tufted Titmouse",12
2013,"White-eyed Vireo",1
2013,"Wood Thrush",3
2013,"Yellow-billed Cuckoo",2
2013,"Acadian Flycatcher",2
2013,"American Crow",26
2013,"American Robin",4
2013,"Blue Jay",5
2013,"Blue-gray Gnatcatcher",5
2013,"Brown Thrasher",1
2013,"Brown-headed Nuthatch",3
2013,"Carolina Chickadee",15
2013,"Carolina Wren",17
2013,"Chimney Swift",1
2013,"Chipping Sparrow",7
2013,"Common Grackle",3
2013,"Downy Woodpecker",2
2013,"Eastern Bluebird",6
2013,"Eastern Kingbird",1
2013,"Eastern Phoebe",4
2013,"Eastern Towhee",3
2013,"Eastern Wood-Pewee",1
2013,"Fish Crow",1
2013,"Great Blue Heron",1
2013,"Great Crested Flycatcher",2
2013,"Indigo Bunting",6
2013,"Mourning Dove",5
2013,"Northern Cardinal",35
2013,"Northern Mockingbird",5
2013,"Northern Parula",1
2013,"Ovenbird",2
2013,"Pileated Woodpecker",1
2013,"Pine Warbler",7
2013,"Red-bellied Woodpecker",6
2013,"Red-eyed Vireo",7
2013,"Red-shouldered Hawk",2
2013,"Summer Tanager",2
2013,"Tufted Titmouse",13
2013,"White-breasted Nuthatch",1
2013,"Wood Thrush",2
2013,"Yellow-billed Cuckoo",3
2013,"American Crow",41
2013,"American Goldfinch",11
2013,"Barn Swallow",3
2013,"Blue Grosbeak",14
2013,"Blue Jay",9
2013,"Blue-gray Gnatcatcher",15
2013,"Brown Thrasher",2
2013,"Brown-headed Cowbird",4
2013,"Brown-headed Nuthatch",4
2013,"Canada Goose",29
2013,"Carolina Chickadee",6
2013,"Carolina Wren",18
2013,"Chimney Swift",4
2013,"Chipping Sparrow",18
2013,"Common Grackle",8
2013,"Common Yellowthroat",1
2013,"Downy Woodpecker",2
2013,"Eastern Bluebird",13
2013,"Eastern Meadowlark",3
2013,"Eastern Phoebe",3
2013,"Eastern Towhee",4
2013,"Eastern Wood-Pewee",6
2013,"European Starling",1
2013,"Field Sparrow",1
2013,"Fish Crow",2
2013,"Gray Catbird",1
2013,"Great Blue Heron",2
2013,"Great Crested Flycatcher",3
2013,"House Finch",6
2013,"House Sparrow",1
2013,"Indigo Bunting",12
2013,"Mourning Dove",27
2013,"Northern Cardinal",25
2013,"Northern Mockingbird",11
2013,"Orchard Oriole",3
2013,"Pine Warbler",6
2013,"Prairie Warbler",1
2013,"Purple Martin",20
2013,"Red-bellied Woodpecker",22
2013,"Red-eyed Vireo",4
2013,"Red-shouldered Hawk",3
2013,"Red-winged Blackbird",1
2013,"Ruby-throated Hummingbird",1
2013,"Tufted Titmouse",15
2013,"Turkey Vulture",10
2013,"White-breasted Nuthatch",1
2013,"White-eyed Vireo",2
2013,"Wood Thrush",2
2013,"Yellow-billed Cuckoo",4
2013,"Yellow-breasted Chat",1
2013,"Yellow-throated Warbler",2
2013,"American Crow",10
2013,"American Goldfinch",1
2013,"American Robin",6
2013,"Blue Jay",3
2013,"Blue-gray Gnatcatcher",1
2013,"Brown Thrasher",3
2013,"Canada Goose",2
2013,"Carolina Chickadee",3
2013,"Carolina Wren",12
2013,"Chimney Swift",3
2013,"Chipping Sparrow",8
2013,"Downy Woodpecker",1
2013,"Eastern Bluebird",4
2013,"Eastern Towhee",6
2013,"Eastern Wood-Pewee",1
2013,"European Starling",5
2013,"Gray Catbird",1
2013,"Great Crested Flycatcher",2
2013,"House Finch",1
2013,"Indigo Bunting",2
2013,"Mourning Dove",9
2013,"Northern Cardinal",25
2013,"Northern Mockingbird",4
2013,"Pine Warbler",4
2013,"Red-bellied Woodpecker",3
2013,"Red-shouldered Hawk",1
2013,"Tufted Titmouse",10
2013,"Turkey Vulture",6
2013,"White-breasted Nuthatch",2
2013,"Wood Thrush",5
2013,"Yellow-billed Cuckoo",2
2013,"Yellow-breasted Chat",2
2013,"American Crow",16
2013,"American Robin",3
2013,"Brown Thrasher",3
2013,"Brown-headed Cowbird",1
2013,"Carolina Wren",11
2013,"Chimney Swift",1
2013,"Eastern Bluebird",7
2013,"Eastern Meadowlark",2
2013,"Eastern Towhee",1
2013,"European Starling",1
2013,"Great Crested Flycatcher",1
2013,"Indigo Bunting",2
2013,"Mourning Dove",5
2013,"Northern Cardinal",20
2013,"Northern Mockingbird",3
2013,"Pileated Woodpecker",1
2013,"Pine Warbler",1
2013,"Red-bellied Woodpecker",2
2013,"Red-eyed Vireo",4
2013,"Red-winged Blackbird",1
2013,"Tufted Titmouse",8
2013,"White-eyed Vireo",2
2013,"Yellow-billed Cuckoo",1
2013,"Yellow-breasted Chat",1
2013,"American Crow",39
2013,"American Goldfinch",2
2013,"American Robin",3
2013,"Blue Grosbeak",1
2013,"Blue Jay",6
2013,"Blue-gray Gnatcatcher",3
2013,"Canada Goose",2
2013,"Carolina Chickadee",15
2013,"Carolina Wren",8
2013,"Chimney Swift",1
2013,"Chipping Sparrow",3
2013,"Common Grackle",2
2013,"Downy Woodpecker",7
2013,"Eastern Bluebird",12
2013,"Eastern Phoebe",3
2013,"Eastern Towhee",4
2013,"Fish Crow",2
2013,"Hooded Warbler",2
2013,"House Finch",1
2013,"Indigo Bunting",4
2013,"Killdeer",1
2013,"Mourning Dove",18
2013,"Northern Cardinal",22
2013,"Northern Mockingbird",10
2013,"Northern Parula",4
2013,"Ovenbird",3
2013,"Pine Warbler",3
2013,"Red-bellied Woodpecker",11
2013,"Red-eyed Vireo",12
2013,"Red-shouldered Hawk",1
2013,"Tufted Titmouse",7
2013,"Turkey Vulture",1
2013,"Wood Thrush",2
2013,"Yellow-breasted Chat",6
2013,"Acadian Flycatcher",4
2013,"American Crow",48
2013,"American Goldfinch",8
2013,"American Robin",3
2013,"Barn Swallow",7
2013,"Blue Grosbeak",3
2013,"Blue Jay",1
2013,"Blue-gray Gnatcatcher",8
2013,"Brown-headed Cowbird",6
2013,"Canada Goose",2
2013,"Carolina Chickadee",14
2013,"Carolina Wren",27
2013,"Chipping Sparrow",12
2013,"Common Grackle",8
2013,"Common Yellowthroat",1
2013,"Downy Woodpecker",4
2013,"Eastern Bluebird",5
2013,"Eastern Meadowlark",4
2013,"Eastern Phoebe",6
2013,"Eastern Towhee",3
2013,"Eastern Wood-Pewee",1
2013,"Grasshopper Sparrow",1
2013,"House Finch",3
2013,"Indigo Bunting",8
2013,"Killdeer",1
2013,"Mourning Dove",8
2013,"Northern Cardinal",48
2013,"Northern Mockingbird",4
2013,"Northern Parula",1
2013,"Orchard Oriole",1
2013,"Pine Warbler",13
2013,"Red-bellied Woodpecker",6
2013,"Red-eyed Vireo",5
2013,"Red-shouldered Hawk",2
2013,"Summer Tanager",1
2013,"Tufted Titmouse",23
2013,"White-breasted Nuthatch",2
2013,"White-eyed Vireo",1
2013,"Yellow-throated Vireo",2
2013,"American Crow",6
2013,"American Robin",10
2013,"Barn Swallow",4
2013,"Brown Thrasher",4
2013,"Carolina Chickadee",8
2013,"Carolina Wren",47
2013,"Chimney Swift",3
2013,"Chipping Sparrow",10
2013,"Eastern Bluebird",12
2013,"Eastern Phoebe",1
2013,"Eastern Towhee",22
2013,"Eastern Wood-Pewee",2
2013,"Fish Crow",2
2013,"Gray Catbird",3
2013,"Great Crested Flycatcher",1
2013,"House Finch",3
2013,"Mourning Dove",10
2013,"Northern Cardinal",30
2013,"Northern Mockingbird",1
2013,"Ovenbird",2
2013,"Red-bellied Woodpecker",13
2013,"Song Sparrow",2
2013,"Summer Tanager",5
2013,"Tufted Titmouse",24
2013,"White-breasted Nuthatch",2
2014,"Acadian Flycatcher",5
2014,"American Crow",28
2014,"American Goldfinch",11
2014,"American Robin",3
2014,"Barn Swallow",1
2014,"Blue Jay",5
2014,"Blue-gray Gnatcatcher",11
2014,"Brown-headed Cowbird",1
2014,"Brown-headed Nuthatch",2
2014,"Carolina Chickadee",9
2014,"Carolina Wren",8
2014,"Chimney Swift",3
2014,"Chipping Sparrow",1
2014,"Common Yellowthroat",1
2014,"Downy Woodpecker",1
2014,"Eastern Bluebird",2
2014,"Eastern Kingbird",1
2014,"Eastern Phoebe",1
2014,"Eastern Towhee",1
2014,"Eastern Wood-Pewee",3
2014,"Field Sparrow",1
2014,"Fish Crow",3
2014,"Gray Catbird",1
2014,"Great Crested Flycatcher",3
2014,"Hooded Warbler",6
2014,"House Finch",2
2014,"Indigo Bunting",8
2014,"Mourning Dove",11
2014,"Northern Cardinal",38
2014,"Northern Mockingbird",2
2014,"Northern Parula",3
2014,"Ovenbird",9
2014,"Pine Warbler",17
2014,"Prairie Warbler",1
2014,"Red-bellied Woodpecker",14
2014,"Red-eyed Vireo",8
2014,"Summer Tanager",7
2014,"Tufted Titmouse",20
2014,"Turkey Vulture",19
2014,"White-breasted Nuthatch",4
2014,"Wood Thrush",6
2014,"Yellow-throated Warbler",6
2014,"American Crow",23
2014,"American Goldfinch",17
2014,"American Robin",4
2014,"Barn Swallow",7
2014,"Blue Jay",3
2014,"Blue-gray Gnatcatcher",12
2014,"Brown Thrasher",1
2014,"Brown-headed Cowbird",5
2014,"Brown-headed Nuthatch",8
2014,"Carolina Chickadee",7
2014,"Carolina Wren",17
2014,"Chimney Swift",3
2014,"Chipping Sparrow",17
2014,"Common Grackle",4
2014,"Common Yellowthroat",1
2014,"Downy Woodpecker",2
2014,"Eastern Bluebird",4
2014,"Eastern Phoebe",2
2014,"Eastern Towhee",12
2014,"Eastern Whip-poor-will",2
2014,"Eastern Wood-Pewee",2
2014,"Fish Crow",8
2014,"Great Blue Heron",5
2014,"Great Crested Flycatcher",1
2014,"House Finch",2
2014,"Indigo Bunting",8
2014,"Mourning Dove",15
2014,"Northern Cardinal",29
2014,"Northern Mockingbird",1
2014,"Ovenbird",7
2014,"Pine Warbler",13
2014,"Red-bellied Woodpecker",9
2014,"Red-eyed Vireo",5
2014,"Scarlet Tanager",5
2014,"Summer Tanager",5
2014,"Tufted Titmouse",18
2014,"White-breasted Nuthatch",1
2014,"Wood Thrush",1
2014,"Yellow-throated Warbler",1
2014,"Acadian Flycatcher",2
2014,"American Crow",20
2014,"American Goldfinch",1
2014,"American Robin",4
2014,"Barn Swallow",1
2014,"Blue Grosbeak",6
2014,"Blue Jay",1
2014,"Brown-headed Cowbird",1
2014,"Carolina Chickadee",1
2014,"Carolina Wren",15
2014,"Chipping Sparrow",5
2014,"Common Grackle",2
2014,"Common Yellowthroat",5
2014,"Eastern Bluebird",7
2014,"Eastern Meadowlark",2
2014,"Eastern Phoebe",1
2014,"Eastern Towhee",6
2014,"Eastern Whip-poor-will",1
2014,"Gray Catbird",1
2014,"Great Crested Flycatcher",3
2014,"Indigo Bunting",7
2014,"Mourning Dove",32
2014,"Northern Bobwhite",1
2014,"Northern Cardinal",22
2014,"Northern Mockingbird",9
2014,"Ovenbird",1
2014,"Pine Warbler",13
2014,"Prairie Warbler",3
2014,"Purple Martin",1
2014,"Red-bellied Woodpecker",12
2014,"Red-eyed Vireo",6
2014,"Red-winged Blackbird",2
2014,"Scarlet Tanager",1
2014,"Summer Tanager",7
2014,"Tufted Titmouse",16
2014,"Yellow-billed Cuckoo",2
2014,"Yellow-breasted Chat",1
2014,"Acadian Flycatcher",1
2014,"American Crow",30
2014,"Barn Swallow",1
2014,"Blue Grosbeak",1
2014,"Blue Jay",5
2014,"Blue-gray Gnatcatcher",15
2014,"Brown Thrasher",2
2014,"Brown-headed Cowbird",7
2014,"Canada Goose",5
2014,"Carolina Chickadee",4
2014,"Carolina Wren",15
2014,"Chimney Swift",1
2014,"Chipping Sparrow",12
2014,"Common Grackle",2
2014,"Common Yellowthroat",2
2014,"Eastern Bluebird",3
2014,"Eastern Meadowlark",1
2014,"Eastern Phoebe",3
2014,"Eastern Towhee",9
2014,"Eastern Whip-poor-will",1
2014,"Eastern Wood-Pewee",7
2014,"European Starling",9
2014,"Field Sparrow",1
2014,"Gray Catbird",1
2014,"Great Crested Flycatcher",4
2014,"House Sparrow",9
2014,"Indigo Bunting",12
2014,"Mourning Dove",18
2014,"Northern Cardinal",12
2014,"Northern Mockingbird",6
2014,"Northern Parula",1
2014,"Ovenbird",10
2014,"Pileated Woodpecker",4
2014,"Pine Warbler",1
2014,"Prairie Warbler",1
2014,"Red-bellied Woodpecker",6
2014,"Red-eyed Vireo",4
2014,"Summer Tanager",1
2014,"Tufted Titmouse",21
2014,"White-eyed Vireo",4
2014,"Wood Thrush",3
2014,"Yellow-breasted Chat",5
2014,"American Crow",47
2014,"American Goldfinch",19
2014,"American Robin",6
2014,"Blue Grosbeak",19
2014,"Blue Jay",16
2014,"Blue-gray Gnatcatcher",14
2014,"Brown Thrasher",6
2014,"Brown-headed Cowbird",12
2014,"Carolina Chickadee",8
2014,"Carolina Wren",35
2014,"Chimney Swift",2
2014,"Common Grackle",6
2014,"Downy Woodpecker",2
2014,"Eastern Bluebird",18
2014,"Eastern Meadowlark",17
2014,"Eastern Phoebe",2
2014,"Eastern Towhee",2
2014,"Eastern Wood-Pewee",13
2014,"European Starling",12
2014,"Gray Catbird",2
2014,"Great Crested Flycatcher",8
2014,"Indigo Bunting",16
2014,"Killdeer",5
2014,"Mourning Dove",39
2014,"Northern Cardinal",37
2014,"Northern Mockingbird",26
2014,"Northern Parula",1
2014,"Ovenbird",4
2014,"Purple Martin",26
2014,"Red-bellied Woodpecker",17
2014,"Red-eyed Vireo",3
2014,"Red-shouldered Hawk",1
2014,"Scarlet Tanager",1
2014,"Summer Tanager",10
2014,"Tufted Titmouse",22
2014,"White-breasted Nuthatch",2
2014,"Wood Thrush",2
2014,"Yellow-billed Cuckoo",3
2014,"Yellow-breasted Chat",2
2014,"Yellow-throated Vireo",1
2014,"Acadian Flycatcher",2
2014,"American Crow",28
2014,"American Goldfinch",5
2014,"Barn Swallow",5
2014,"Blue Grosbeak",5
2014,"Blue Jay",5
2014,"Blue-gray Gnatcatcher",9
2014,"Brown Thrasher",1
2014,"Brown-headed Cowbird",2
2014,"Brown-headed Nuthatch",1
2014,"Carolina Chickadee",2
2014,"Carolina Wren",26
2014,"Chimney Swift",3
2014,"Chipping Sparrow",4
2014,"Common Grackle",1
2014,"Common Yellowthroat",2
2014,"Downy Woodpecker",5
2014,"Eastern Bluebird",4
2014,"Eastern Meadowlark",5
2014,"Eastern Phoebe",1
2014,"Eastern Towhee",7
2014,"Eastern Whip-poor-will",1
2014,"Eastern Wood-Pewee",6
2014,"Great Crested Flycatcher",2
2014,"Hooded Warbler",3
2014,"Indigo Bunting",16
2014,"Mourning Dove",20
2014,"Northern Cardinal",25
2014,"Northern Mockingbird",13
2014,"Ovenbird",2
2014,"Pileated Woodpecker",2
2014,"Pine Warbler",7
2014,"Purple Martin",2
2014,"Red-bellied Woodpecker",14
2014,"Red-eyed Vireo",16
2014,"Red-shouldered Hawk",1
2014,"Ruby-throated Hummingbird",2
2014,"Scarlet Tanager",2
2014,"Summer Tanager",4
2014,"Tufted Titmouse",9
2014,"White-breasted Nuthatch",1
2014,"White-eyed Vireo",1
2014,"Wood Thrush",10
2014,"Yellow-billed Cuckoo",14
2014,"Yellow-breasted Chat",3
2014,"American Crow",44
2014,"American Goldfinch",13
2014,"American Robin",1
2014,"Barn Swallow",6
2014,"Blue Grosbeak",1
2014,"Blue Jay",4
2014,"Blue-gray Gnatcatcher",3
2014,"Brown Thrasher",1
2014,"Brown-headed Cowbird",1
2014,"Canada Goose",10
2014,"Carolina Chickadee",1
2014,"Carolina Wren",10
2014,"Chimney Swift",1
2014,"Chipping Sparrow",9
2014,"Common Grackle",1
2014,"Common Yellowthroat",3
2014,"Eastern Bluebird",4
2014,"Eastern Kingbird",1
2014,"Eastern Meadowlark",10
2014,"Eastern Phoebe",2
2014,"Eastern Towhee",4
2014,"Eastern Wood-Pewee",4
2014,"European Starling",2
2014,"Field Sparrow",1
2014,"Great Crested Flycatcher",2
2014,"Hooded Warbler",1
2014,"Indigo Bunting",11
2014,"Killdeer",1
2014,"Mourning Dove",12
2014,"Northern Cardinal",26
2014,"Northern Mockingbird",5
2014,"Ovenbird",1
2014,"Pileated Woodpecker",1
2014,"Pine Warbler",5
2014,"Prairie Warbler",4
2014,"Red-bellied Woodpecker",5
2014,"Red-eyed Vireo",5
2014,"Red-shouldered Hawk",4
2014,"Red-winged Blackbird",1
2014,"Summer Tanager",2
2014,"Tufted Titmouse",7
2014,"White-eyed Vireo",1
2014,"Wood Thrush",4
2014,"Yellow-billed Cuckoo",1
2014,"Yellow-breasted Chat",9
2014,"Yellow-throated Warbler",1
2014,"Acadian Flycatcher",5
2014,"American Crow",35
2014,"American Goldfinch",4
2014,"American Robin",4
2014,"Blue Grosbeak",1
2014,"Blue Jay",7
2014,"Blue-gray Gnatcatcher",16
2014,"Brown Thrasher",3
2014,"Carolina Chickadee",16
2014,"Carolina Wren",44
2014,"Chimney Swift",8
2014,"Chipping Sparrow",10
2014,"Common Yellowthroat",1
2014,"Eastern Bluebird",8
2014,"Eastern Phoebe",3
2014,"Eastern Towhee",7
2014,"Eastern Whip-poor-will",1
2014,"Eastern Wood-Pewee",7
2014,"Fish Crow",4
2014,"Great Blue Heron",2
2014,"Great Crested Flycatcher",5
2014,"Hooded Warbler",4
2014,"Indigo Bunting",2
2014,"Killdeer",1
2014,"Mourning Dove",8
2014,"Northern Cardinal",35
2014,"Northern Mockingbird",6
2014,"Northern Parula",1
2014,"Ovenbird",8
2014,"Pine Warbler",18
2014,"Red-bellied Woodpecker",6
2014,"Red-eyed Vireo",18
2014,"Red-shouldered Hawk",3
2014,"Ruby-throated Hummingbird",1
2014,"Scarlet Tanager",3
2014,"Summer Tanager",3
2014,"Tufted Titmouse",20
2014,"Turkey Vulture",1
2014,"White-breasted Nuthatch",2
2014,"Wood Thrush",6
2014,"Yellow-billed Cuckoo",11
2014,"Yellow-throated Vireo",3
2014,"Yellow-throated Warbler",1
2014,"American Crow",43
2014,"American Goldfinch",17
2014,"American Robin",12
2014,"Barn Swallow",4
2014,"Blue Grosbeak",6
2014,"Blue Jay",11
2014,"Blue-gray Gnatcatcher",12
2014,"Brown Thrasher",7
2014,"Brown-headed Cowbird",4
2014,"Canada Goose",6
2014,"Carolina Chickadee",4
2014,"Carolina Wren",32
2014,"Chimney Swift",20
2014,"Chipping Sparrow",23
2014,"Common Grackle",34
2014,"Downy Woodpecker",1
2014,"Eastern Bluebird",10
2014,"Eastern Kingbird",1
2014,"Eastern Meadowlark",7
2014,"Eastern Phoebe",5
2014,"Eastern Towhee",8
2014,"Eastern Wood-Pewee",3
2014,"European Starling",22
2014,"Gray Catbird",5
2014,"Great Crested Flycatcher",2
2014,"House Finch",2
2014,"House Sparrow",3
2014,"Indigo Bunting",8
2014,"Killdeer",2
2014,"Mourning Dove",33
2014,"Northern Cardinal",33
2014,"Northern Mockingbird",19
2014,"Northern Parula",1
2014,"Orchard Oriole",2
2014,"Ovenbird",1
2014,"Red-bellied Woodpecker",13
2014,"Red-eyed Vireo",3
2014,"Song Sparrow",1
2014,"Summer Tanager",3
2014,"Tufted Titmouse",8
2014,"White-eyed Vireo",1
2014,"American Crow",17
2014,"American Goldfinch",5
2014,"American Robin",5
2014,"Blue Grosbeak",2
2014,"Blue Jay",4
2014,"Blue-gray Gnatcatcher",21
2014,"Brown Thrasher",2
2014,"Brown-headed Cowbird",9
2014,"Brown-headed Nuthatch",7
2014,"Carolina Chickadee",17
2014,"Carolina Wren",12
2014,"Chimney Swift",9
2014,"Chipping Sparrow",24
2014,"Common Grackle",2
2014,"Common Yellowthroat",1
2014,"Downy Woodpecker",6
2014,"Eastern Bluebird",6
2014,"Eastern Kingbird",2
2014,"Eastern Phoebe",4
2014,"Eastern Towhee",10
2014,"Eastern Wood-Pewee",5
2014,"Gray Catbird",1
2014,"Great Blue Heron",1
2014,"Great Crested Flycatcher",5
2014,"Indigo Bunting",2
2014,"Mourning Dove",19
2014,"Northern Cardinal",36
2014,"Northern Mockingbird",2
2014,"Ovenbird",4
2014,"Pine Warbler",14
2014,"Prairie Warbler",1
2014,"Purple Martin",9
2014,"Red-bellied Woodpecker",11
2014,"Red-eyed Vireo",5
2014,"Ruby-throated Hummingbird",1
2014,"Summer Tanager",5
2014,"Tufted Titmouse",17
2014,"White-breasted Nuthatch",8
2014,"White-eyed Vireo",2
2014,"Wood Thrush",1
2014,"Acadian Flycatcher",2
2014,"American Crow",47
2014,"American Goldfinch",2
2014,"American Robin",1
2014,"Barn Swallow",2
2014,"Blue-gray Gnatcatcher",3
2014,"Brown Thrasher",6
2014,"Brown-headed Cowbird",1
2014,"Carolina Chickadee",4
2014,"Carolina Wren",14
2014,"Chipping Sparrow",6
2014,"Common Yellowthroat",3
2014,"Eastern Bluebird",11
2014,"Eastern Meadowlark",8
2014,"Eastern Phoebe",1
2014,"Eastern Towhee",4
2014,"Eastern Wood-Pewee",1
2014,"Gray Catbird",1
2014,"Great Crested Flycatcher",2
2014,"Hooded Warbler",2
2014,"Indigo Bunting",9
2014,"Mourning Dove",16
2014,"Northern Bobwhite",1
2014,"Northern Cardinal",17
2014,"Northern Mockingbird",3
2014,"Ovenbird",1
2014,"Pine Warbler",3
2014,"Prairie Warbler",1
2014,"Red-bellied Woodpecker",3
2014,"Red-eyed Vireo",1
2014,"Red-shouldered Hawk",1
2014,"Red-winged Blackbird",3
2014,"Ruby-throated Hummingbird",1
2014,"Summer Tanager",4
2014,"Tufted Titmouse",4
2014,"White-eyed Vireo",3
2014,"Wood Thrush",3
2014,"Yellow-billed Cuckoo",1
2014,"Yellow-breasted Chat",5
2014,"American Crow",6
2014,"American Goldfinch",2
2014,"Blue Jay",6
2014,"Blue-gray Gnatcatcher",7
2014,"Brown Thrasher",1
2014,"Carolina Chickadee",5
2014,"Carolina Wren",8
2014,"Chimney Swift",4
2014,"Chipping Sparrow",5
2014,"Common Grackle",2
2014,"Downy Woodpecker",1
2014,"Eastern Bluebird",7
2014,"Eastern Phoebe",1
2014,"Eastern Towhee",3
2014,"Eastern Wood-Pewee",4
2014,"Great Blue Heron",1
2014,"Great Crested Flycatcher",2
2014,"Hooded Warbler",3
2014,"Indigo Bunting",7
2014,"Mourning Dove",4
2014,"Northern Cardinal",10
2014,"Northern Mockingbird",2
2014,"Ovenbird",5
2014,"Pine Warbler",7
2014,"Red-bellied Woodpecker",3
2014,"Red-eyed Vireo",4
2014,"Red-shouldered Hawk",1
2014,"Scarlet Tanager",4
2014,"Summer Tanager",3
2014,"Tufted Titmouse",9
2014,"White-eyed Vireo",3
2014,"Wood Thrush",4
2014,"Yellow-billed Cuckoo",1
2014,"Yellow-throated Vireo",2
2014,"Acadian Flycatcher",1
2014,"American Crow",10
2014,"American Goldfinch",3
2014,"American Robin",27
2014,"Barn Swallow",6
2014,"Blue Jay",6
2014,"Blue-gray Gnatcatcher",6
2014,"Carolina Chickadee",8
2014,"Carolina Wren",10
2014,"Chimney Swift",8
2014,"Chipping Sparrow",8
2014,"Common Grackle",1
2014,"Downy Woodpecker",3
2014,"Eastern Towhee",13
2014,"European Starling",3
2014,"Fish Crow",1
2014,"Gray Catbird",3
2014,"Hooded Warbler",1
2014,"House Finch",4
2014,"Indigo Bunting",1
2014,"Mourning Dove",4
2014,"Northern Cardinal",18
2014,"Northern Mockingbird",6
2014,"Northern Parula",1
2014,"Pine Warbler",2
2014,"Red-bellied Woodpecker",2
2014,"Red-eyed Vireo",8
2014,"Song Sparrow",7
2014,"Summer Tanager",1
2014,"Tufted Titmouse",5
2014,"Wood Thrush",1
2014,"Acadian Flycatcher",4
2014,"American Crow",9
2014,"American Goldfinch",1
2014,"American Robin",7
2014,"Barn Swallow",1
2014,"Blue Grosbeak",2
2014,"Blue-gray Gnatcatcher",20
2014,"Brown-headed Cowbird",1
2014,"Canada Goose",6
2014,"Carolina Wren",18
2014,"Chimney Swift",3
2014,"Chipping Sparrow",6
2014,"Common Grackle",8
2014,"Common Yellowthroat",2
2014,"Downy Woodpecker",2
2014,"Eastern Meadowlark",1
2014,"Eastern Phoebe",3
2014,"Eastern Towhee",5
2014,"Eastern Wood-Pewee",1
2014,"Field Sparrow",1
2014,"Gray Catbird",1
2014,"Great Blue Heron",8
2014,"Great Crested Flycatcher",2
2014,"Indigo Bunting",9
2014,"Mourning Dove",8
2014,"Northern Cardinal",29
2014,"Northern Mockingbird",3
2014,"Northern Parula",1
2014,"Pine Warbler",1
2014,"Red-eyed Vireo",10
2014,"Ruby-throated Hummingbird",1
2014,"Summer Tanager",1
2014,"Tufted Titmouse",10
2014,"Wood Thrush",4
2014,"Yellow-breasted Chat",1
2014,"Yellow-throated Warbler",1
2014,"American Crow",15
2014,"American Goldfinch",1
2014,"American Robin",23
2014,"Barn Swallow",2
2014,"Blue Grosbeak",1
2014,"Blue Jay",7
2014,"Brown Thrasher",3
2014,"Brown-headed Cowbird",5
2014,"Carolina Chickadee",1
2014,"Carolina Wren",19
2014,"Chimney Swift",6
2014,"Chipping Sparrow",10
2014,"Common Yellowthroat",1
2014,"Eastern Bluebird",10
2014,"Eastern Phoebe",6
2014,"Eastern Towhee",22
2014,"Fish Crow",1
2014,"Grasshopper Sparrow",2
2014,"Gray Catbird",2
2014,"House Finch",5
2014,"Indigo Bunting",2
2014,"Mourning Dove",11
2014,"Northern Cardinal",27
2014,"Northern Mockingbird",11
2014,"Ovenbird",1
2014,"Pine Warbler",5
2014,"Red-bellied Woodpecker",9
2014,"Red-eyed Vireo",1
2014,"Ruby-throated Hummingbird",2
2014,"Song Sparrow",1
2014,"Tufted Titmouse",9
2014,"White-breasted Nuthatch",3
2014,"Wood Thrush",1
2014,"American Crow",17
2014,"American Goldfinch",2
2014,"American Robin",15
2014,"Blue Jay",3
2014,"Blue-gray Gnatcatcher",3
2014,"Brown-headed Cowbird",6
2014,"Canada Goose",2
2014,"Carolina Chickadee",5
2014,"Carolina Wren",14
2014,"Chimney Swift",3
2014,"Chipping Sparrow",14
2014,"Common Grackle",9
2014,"Common Yellowthroat",1
2014,"Eastern Bluebird",2
2014,"Eastern Phoebe",2
2014,"Eastern Towhee",19
2014,"Fish Crow",4
2014,"Gray Catbird",1
2014,"Indigo Bunting",1
2014,"Mourning Dove",13
2014,"Northern Cardinal",15
2014,"Northern Mockingbird",9
2014,"Pine Warbler",4
2014,"Red-bellied Woodpecker",2
2014,"Song Sparrow",5
2014,"Tufted Titmouse",5
2014,"American Crow",32
2014,"American Robin",8
2014,"Barn Swallow",3
2014,"Blue Grosbeak",5
2014,"Blue Jay",2
2014,"Blue-gray Gnatcatcher",13
2014,"Brown Thrasher",2
2014,"Brown-headed Cowbird",4
2014,"Canada Goose",41
2014,"Carolina Chickadee",12
2014,"Carolina Wren",8
2014,"Chimney Swift",1
2014,"Chipping Sparrow",18
2014,"Common Grackle",2
2014,"Downy Woodpecker",2
2014,"Eastern Bluebird",8
2014,"Eastern Phoebe",6
2014,"Eastern Towhee",9
2014,"Eastern Wood-Pewee",1
2014,"European Starling",2
2014,"Fish Crow",3
2014,"Great Crested Flycatcher",2
2014,"House Finch",7
2014,"Indigo Bunting",7
2014,"Killdeer",1
2014,"Mourning Dove",18
2014,"Northern Cardinal",29
2014,"Northern Mockingbird",7
2014,"Ovenbird",3
2014,"Pine Warbler",4
2014,"Red-bellied Woodpecker",13
2014,"Red-eyed Vireo",4
2014,"Red-shouldered Hawk",2
2014,"Song Sparrow",1
2014,"Summer Tanager",6
2014,"Tufted Titmouse",19
2014,"White-breasted Nuthatch",2
2014,"Wood Thrush",1
2014,"Acadian Flycatcher",1
2014,"American Crow",26
2014,"American Goldfinch",5
2014,"American Robin",2
2014,"Barn Swallow",12
2014,"Blue Grosbeak",4
2014,"Blue-gray Gnatcatcher",3
2014,"Carolina Wren",10
2014,"Chimney Swift",4
2014,"Chipping Sparrow",21
2014,"Common Grackle",3
2014,"Common Yellowthroat",2
2014,"Downy Woodpecker",4
2014,"Eastern Bluebird",8
2014,"Eastern Meadowlark",7
2014,"Eastern Phoebe",5
2014,"Eastern Towhee",2
2014,"Eastern Wood-Pewee",8
2014,"European Starling",1
2014,"Field Sparrow",3
2014,"Grasshopper Sparrow",5
2014,"Great Blue Heron",1
2014,"Hooded Warbler",1
2014,"House Finch",1
2014,"Indigo Bunting",23
2014,"Killdeer",3
2014,"Mourning Dove",14
2014,"Northern Cardinal",17
2014,"Northern Mockingbird",14
2014,"Northern Parula",1
2014,"Orchard Oriole",2
2014,"Ovenbird",2
2014,"Pine Warbler",1
2014,"Red-bellied Woodpecker",10
2014,"Red-eyed Vireo",2
2014,"Red-shouldered Hawk",1
2014,"Red-winged Blackbird",2
2014,"Ruby-throated Hummingbird",1
2014,"Scarlet Tanager",1
2014,"Tufted Titmouse",5
2014,"White-breasted Nuthatch",2
2014,"Yellow-billed Cuckoo",4
2014,"Yellow-breasted Chat",3
2014,"American Crow",27
2014,"Brown Thrasher",2
2014,"Carolina Wren",11
2014,"Eastern Bluebird",5
2014,"Eastern Meadowlark",2
2014,"Eastern Towhee",1
2014,"Eastern Wood-Pewee",1
2014,"European Starling",12
2014,"Indigo Bunting",3
2014,"Killdeer",1
2014,"Mourning Dove",17
2014,"Northern Cardinal",16
2014,"Northern Mockingbird",4
2014,"Ovenbird",1
2014,"Red-bellied Woodpecker",7
2014,"Red-eyed Vireo",2
2014,"Red-winged Blackbird",1
2014,"Summer Tanager",2
2014,"Tufted Titmouse",9
2014,"Wood Thrush",4
2014,"American Crow",26
2014,"American Robin",2
2014,"Barn Swallow",3
2014,"Blue Jay",1
2014,"Carolina Wren",8
2014,"Chimney Swift",1
2014,"Chipping Sparrow",1
2014,"Common Grackle",1
2014,"Eastern Bluebird",8
2014,"Eastern Meadowlark",5
2014,"European Starling",4
2014,"Great Crested Flycatcher",1
2014,"House Sparrow",3
2014,"Mourning Dove",5
2014,"Northern Cardinal",5
2014,"Northern Mockingbird",5
2014,"Pine Warbler",1
2014,"Red-bellied Woodpecker",7
2014,"Red-winged Blackbird",1
2014,"Summer Tanager",1
2014,"Tufted Titmouse",6
2014,"Turkey Vulture",1
2014,"Wood Thrush",1
2014,"Acadian Flycatcher",1
2014,"American Crow",21
2014,"American Robin",5
2014,"Barn Swallow",2
2014,"Blue Jay",2
2014,"Blue-gray Gnatcatcher",4
2014,"Brown Thrasher",1
2014,"Carolina Chickadee",6
2014,"Carolina Wren",12
2014,"Chimney Swift",3
2014,"Chipping Sparrow",6
2014,"Common Grackle",2
2014,"Downy Woodpecker",1
2014,"Eastern Bluebird",10
2014,"Eastern Phoebe",3
2014,"Eastern Towhee",6
2014,"Gray Catbird",2
2014,"Great Crested Flycatcher",4
2014,"House Finch",1
2014,"House Sparrow",3
2014,"Indigo Bunting",5
2014,"Mourning Dove",1
2014,"Northern Cardinal",36
2014,"Northern Mockingbird",7
2014,"Northern Parula",1
2014,"Ovenbird",1
2014,"Red-bellied Woodpecker",3
2014,"Red-eyed Vireo",5
2014,"Red-shouldered Hawk",1
2014,"Red-winged Blackbird",9
2014,"Scarlet Tanager",1
2014,"Tufted Titmouse",8
2014,"White-breasted Nuthatch",1
2014,"White-eyed Vireo",1
2014,"Wood Thrush",1
2014,"Yellow-billed Cuckoo",2
2014,"Acadian Flycatcher",1
2014,"American Crow",42
2014,"American Goldfinch",17
2014,"American Robin",1
2014,"Barn Swallow",49
2014,"Blue Grosbeak",8
2014,"Blue Jay",3
2014,"Blue-gray Gnatcatcher",7
2014,"Brown Thrasher",3
2014,"Brown-headed Cowbird",5
2014,"Canada Goose",4
2014,"Carolina Chickadee",4
2014,"Carolina Wren",31
2014,"Chipping Sparrow",26
2014,"Common Grackle",6
2014,"Common Yellowthroat",2
2014,"Downy Woodpecker",2
2014,"Eastern Bluebird",10
2014,"Eastern Kingbird",2
2014,"Eastern Meadowlark",4
2014,"Eastern Phoebe",3
2014,"Eastern Towhee",3
2014,"Eastern Wood-Pewee",1
2014,"European Starling",10
2014,"Field Sparrow",2
2014,"Fish Crow",1
2014,"Great Blue Heron",4
2014,"Great Crested Flycatcher",1
2014,"Indigo Bunting",20
2014,"Mourning Dove",25
2014,"Northern Cardinal",19
2014,"Northern Mockingbird",10
2014,"Orchard Oriole",1
2014,"Ovenbird",1
2014,"Pileated Woodpecker",1
2014,"Pine Warbler",7
2014,"Purple Martin",7
2014,"Red-bellied Woodpecker",9
2014,"Red-eyed Vireo",8
2014,"Red-shouldered Hawk",3
2014,"Red-winged Blackbird",2
2014,"Ruby-throated Hummingbird",2
2014,"Scarlet Tanager",1
2014,"Tufted Titmouse",9
2014,"White-breasted Nuthatch",1
2014,"Wood Thrush",2
2014,"Yellow-billed Cuckoo",2
2014,"Yellow-breasted Chat",2
2014,"American Crow",15
2014,"American Robin",14
2014,"Blue Jay",4
2014,"Blue-gray Gnatcatcher",2
2014,"Brown Thrasher",2
2014,"Brown-headed Nuthatch",2
2014,"Carolina Chickadee",5
2014,"Carolina Wren",19
2014,"Chimney Swift",1
2014,"Chipping Sparrow",12
2014,"Common Grackle",12
2014,"Eastern Bluebird",1
2014,"Eastern Towhee",7
2014,"European Starling",1
2014,"Great Crested Flycatcher",1
2014,"Hooded Warbler",1
2014,"Indigo Bunting",3
2014,"Mourning Dove",12
2014,"Northern Cardinal",30
2014,"Northern Mockingbird",4
2014,"Northern Parula",1
2014,"Pine Warbler",6
2014,"Red-bellied Woodpecker",9
2014,"Red-eyed Vireo",1
2014,"Summer Tanager",2
2014,"Tufted Titmouse",19
2014,"White-breasted Nuthatch",3
2014,"White-eyed Vireo",1
2014,"Wood Thrush",5
2014,"Yellow-breasted Chat",3
2014,"Yellow-throated Vireo",1
2014,"American Crow",22
2014,"American Goldfinch",3
2014,"American Robin",6
2014,"Barn Swallow",6
2014,"Blue Grosbeak",2
2014,"Blue Jay",2
2014,"Blue-gray Gnatcatcher",12
2014,"Brown Thrasher",3
2014,"Brown-headed Cowbird",33
2014,"Carolina Chickadee",4
2014,"Carolina Wren",3
2014,"Chimney Swift",4
2014,"Chipping Sparrow",18
2014,"Common Grackle",45
2014,"Common Yellowthroat",7
2014,"Eastern Bluebird",13
2014,"Eastern Kingbird",2
2014,"Eastern Meadowlark",1
2014,"Eastern Phoebe",2
2014,"Eastern Towhee",9
2014,"Eastern Wood-Pewee",4
2014,"European Starling",10
2014,"Field Sparrow",4
2014,"Fish Crow",1
2014,"Grasshopper Sparrow",2
2014,"Great Crested Flycatcher",2
2014,"Indigo Bunting",19
2014,"Killdeer",3
2014,"Mourning Dove",25
2014,"Northern Cardinal",35
2014,"Northern Mockingbird",6
2014,"Orchard Oriole",1
2014,"Ovenbird",2
2014,"Red-bellied Woodpecker",2
2014,"Red-eyed Vireo",12
2014,"Red-winged Blackbird",2
2014,"Ruby-throated Hummingbird",1
2014,"Scarlet Tanager",3
2014,"Summer Tanager",4
2014,"Tufted Titmouse",15
2014,"Turkey Vulture",1
2014,"White-eyed Vireo",2
2014,"Wood Thrush",7
2014,"Yellow-billed Cuckoo",1
2014,"Yellow-breasted Chat",3
2014,"Yellow-throated Warbler",2
2014,"American Crow",18
2014,"American Robin",1
2014,"Blue Grosbeak",1
2014,"Brown Thrasher",1
2014,"Carolina Chickadee",1
2014,"Carolina Wren",18
2014,"Chimney Swift",4
2014,"Chipping Sparrow",2
2014,"Common Grackle",1
2014,"Eastern Bluebird",10
2014,"Field Sparrow",1
2014,"Great Crested Flycatcher",1
2014,"Mourning Dove",9
2014,"Northern Cardinal",14
2014,"Northern Mockingbird",4
2014,"Orchard Oriole",1
2014,"Pine Warbler",2
2014,"Red-bellied Woodpecker",3
2014,"Red-eyed Vireo",4
2014,"Red-shouldered Hawk",1
2014,"Summer Tanager",3
2014,"Tufted Titmouse",7
2014,"Wood Thrush",2
2014,"American Crow",46
2014,"American Goldfinch",11
2014,"Blue Jay",4
2014,"Blue-gray Gnatcatcher",1
2014,"Brown-headed Cowbird",1
2014,"Canada Goose",3
2014,"Carolina Chickadee",10
2014,"Carolina Wren",9
2014,"Chimney Swift",1
2014,"Chipping Sparrow",5
2014,"Downy Woodpecker",12
2014,"Eastern Bluebird",21
2014,"Eastern Phoebe",1
2014,"Eastern Towhee",6
2014,"Eastern Wood-Pewee",1
2014,"European Starling",2
2014,"Hooded Warbler",1
2014,"Indigo Bunting",14
2014,"Mourning Dove",23
2014,"Northern Cardinal",24
2014,"Northern Mockingbird",9
2014,"Ovenbird",3
2014,"Pileated Woodpecker",1
2014,"Pine Warbler",11
2014,"Prairie Warbler",2
2014,"Red-bellied Woodpecker",8
2014,"Red-eyed Vireo",9
2014,"Red-shouldered Hawk",1
2014,"Scarlet Tanager",1
2014,"Summer Tanager",2
2014,"Tufted Titmouse",21
2014,"Wood Thrush",5
2014,"Yellow-billed Cuckoo",3
2014,"Yellow-breasted Chat",4
2014,"American Crow",8
2014,"American Goldfinch",1
2014,"American Robin",16
2014,"Barn Swallow",2
2014,"Blue Jay",2
2014,"Brown Thrasher",2
2014,"Brown-headed Cowbird",1
2014,"Carolina Chickadee",1
2014,"Carolina Wren",29
2014,"Chipping Sparrow",5
2014,"Eastern Bluebird",9
2014,"Eastern Phoebe",3
2014,"Eastern Towhee",21
2014,"Fish Crow",9
2014,"Gray Catbird",7
2014,"House Finch",8
2014,"Indigo Bunting",2
2014,"Mourning Dove",9
2014,"Northern Cardinal",33
2014,"Northern Mockingbird",10
2014,"Ovenbird",1
2014,"Pine Warbler",6
2014,"Red-bellied Woodpecker",10
2014,"Red-eyed Vireo",1
2014,"Red-winged Blackbird",1
2014,"Scarlet Tanager",1
2014,"Summer Tanager",3
2014,"Tufted Titmouse",12
2014,"Wood Thrush",1
2015,"Acadian Flycatcher",5
2015,"American Crow",30
2015,"American Goldfinch",4
2015,"Blue Jay",4
2015,"Blue-gray Gnatcatcher",14
2015,"Brown-headed Cowbird",2
2015,"Brown-headed Nuthatch",3
2015,"Canada Goose",1
2015,"Carolina Chickadee",12
2015,"Carolina Wren",2
2015,"Chimney Swift",3
2015,"Chipping Sparrow",4
2015,"Common Grackle",3
2015,"Common Yellowthroat",1
2015,"Downy Woodpecker",1
2015,"Eastern Bluebird",1
2015,"Eastern Phoebe",1
2015,"Eastern Towhee",2
2015,"European Starling",2
2015,"Field Sparrow",2
2015,"Fish Crow",6
2015,"Great Crested Flycatcher",5
2015,"Hooded Warbler",5
2015,"Indigo Bunting",7
2015,"Mourning Dove",9
2015,"Northern Cardinal",33
2015,"Northern Mockingbird",3
2015,"Ovenbird",6
2015,"Pileated Woodpecker",1
2015,"Pine Warbler",19
2015,"Prairie Warbler",2
2015,"Red-bellied Woodpecker",12
2015,"Red-eyed Vireo",10
2015,"Red-shouldered Hawk",1
2015,"Scarlet Tanager",2
2015,"Summer Tanager",4
2015,"Tufted Titmouse",17
2015,"White-breasted Nuthatch",2
2015,"Wood Thrush",4
2015,"Yellow-billed Cuckoo",1
2015,"Yellow-breasted Chat",1
2015,"Yellow-throated Warbler",4
2015,"Acadian Flycatcher",3
2015,"American Crow",22
2015,"American Goldfinch",6
2015,"American Robin",2
2015,"Blue Jay",4
2015,"Blue-gray Gnatcatcher",13
2015,"Brown Thrasher",2
2015,"Brown-headed Cowbird",4
2015,"Canada Goose",5
2015,"Carolina Chickadee",12
2015,"Carolina Wren",7
2015,"Chimney Swift",1
2015,"Chipping Sparrow",9
2015,"Common Grackle",5
2015,"Common Yellowthroat",2
2015,"Downy Woodpecker",2
2015,"Eastern Towhee",12
2015,"Eastern Whip-poor-will",3
2015,"Eastern Wood-Pewee",2
2015,"Field Sparrow",1
2015,"Fish Crow",2
2015,"Great Blue Heron",10
2015,"Great Crested Flycatcher",2
2015,"Hooded Warbler",3
2015,"Indigo Bunting",6
2015,"Mourning Dove",8
2015,"Northern Cardinal",31
2015,"Northern Mockingbird",5
2015,"Northern Parula",2
2015,"Ovenbird",6
2015,"Pine Warbler",12
2015,"Red-bellied Woodpecker",9
2015,"Red-eyed Vireo",3
2015,"Scarlet Tanager",5
2015,"Summer Tanager",3
2015,"Tufted Titmouse",23
2015,"Wood Thrush",2
2015,"Yellow-breasted Chat",3
2015,"Yellow-throated Vireo",1
2015,"Yellow-throated Warbler",2
2015,"Acadian Flycatcher",1
2015,"American Crow",6
2015,"Blue Grosbeak",4
2015,"Blue Jay",1
2015,"Blue-gray Gnatcatcher",1
2015,"Canada Goose",1
2015,"Carolina Chickadee",5
2015,"Carolina Wren",15
2015,"Chipping Sparrow",5
2015,"Common Grackle",4
2015,"Common Yellowthroat",5
2015,"Eastern Bluebird",2
2015,"Eastern Meadowlark",2
2015,"Eastern Towhee",3
2015,"Eastern Whip-poor-will",2
2015,"Eastern Wood-Pewee",1
2015,"European Starling",1
2015,"Great Crested Flycatcher",8
2015,"Indigo Bunting",11
2015,"Killdeer",3
2015,"Mourning Dove",7
2015,"Northern Cardinal",23
2015,"Northern Mockingbird",4
2015,"Orchard Oriole",1
2015,"Ovenbird",5
2015,"Pileated Woodpecker",1
2015,"Pine Warbler",15
2015,"Red-bellied Woodpecker",8
2015,"Red-eyed Vireo",14
2015,"Ruby-throated Hummingbird",1
2015,"Summer Tanager",3
2015,"Tufted Titmouse",28
2015,"Turkey Vulture",3
2015,"Wood Thrush",3
2015,"Yellow-billed Cuckoo",2
2015,"Yellow-breasted Chat",2
2015,"Acadian Flycatcher",1
2015,"American Crow",27
2015,"American Goldfinch",3
2015,"Barn Swallow",2
2015,"Blue Grosbeak",1
2015,"Blue Jay",2
2015,"Blue-gray Gnatcatcher",18
2015,"Brown Thrasher",3
2015,"Brown-headed Cowbird",2
2015,"Brown-headed Nuthatch",1
2015,"Carolina Chickadee",2
2015,"Carolina Wren",9
2015,"Chimney Swift",6
2015,"Chipping Sparrow",17
2015,"Common Grackle",1
2015,"Common Yellowthroat",3
2015,"Downy Woodpecker",1
2015,"Eastern Bluebird",6
2015,"Eastern Kingbird",1
2015,"Eastern Phoebe",1
2015,"Eastern Towhee",5
2015,"Eastern Whip-poor-will",3
2015,"Eastern Wood-Pewee",9
2015,"European Starling",4
2015,"Gray Catbird",1
2015,"Great Crested Flycatcher",3
2015,"Indigo Bunting",9
2015,"Mourning Dove",7
2015,"Northern Cardinal",18
2015,"Northern Mockingbird",9
2015,"Northern Parula",1
2015,"Ovenbird",6
2015,"Prairie Warbler",1
2015,"Red-bellied Woodpecker",6
2015,"Red-eyed Vireo",1
2015,"Red-winged Blackbird",1
2015,"Ruby-throated Hummingbird",2
2015,"Summer Tanager",3
2015,"Tufted Titmouse",24
2015,"White-eyed Vireo",5
2015,"Wood Thrush",2
2015,"Yellow-breasted Chat",2
2015,"Yellow-throated Vireo",1
2015,"Yellow-throated Warbler",1
2015,"Acadian Flycatcher",1
2015,"American Crow",37
2015,"American Goldfinch",21
2015,"American Robin",8
2015,"Barn Swallow",14
2015,"Blue Grosbeak",13
2015,"Blue Jay",6
2015,"Blue-gray Gnatcatcher",4
2015,"Brown Thrasher",8
2015,"Brown-headed Cowbird",12
2015,"Carolina Chickadee",10
2015,"Carolina Wren",35
2015,"Chimney Swift",2
2015,"Chipping Sparrow",28
2015,"Common Grackle",6
2015,"Downy Woodpecker",1
2015,"Eastern Bluebird",17
2015,"Eastern Kingbird",1
2015,"Eastern Meadowlark",13
2015,"Eastern Phoebe",4
2015,"Eastern Towhee",2
2015,"Eastern Wood-Pewee",19
2015,"European Starling",28
2015,"Field Sparrow",3
2015,"Great Crested Flycatcher",9
2015,"House Finch",8
2015,"House Sparrow",2
2015,"Indigo Bunting",13
2015,"Killdeer",3
2015,"Mourning Dove",13
2015,"Northern Cardinal",52
2015,"Northern Mockingbird",24
2015,"Ovenbird",3
2015,"Pileated Woodpecker",1
2015,"Pine Warbler",3
2015,"Purple Martin",22
2015,"Red-bellied Woodpecker",10
2015,"Red-eyed Vireo",2
2015,"Ruby-throated Hummingbird",1
2015,"Summer Tanager",8
2015,"Tufted Titmouse",22
2015,"Wood Thrush",1
2015,"Yellow-billed Cuckoo",5
2015,"Acadian Flycatcher",1
2015,"American Crow",19
2015,"American Goldfinch",4
2015,"Barn Swallow",4
2015,"Blue Grosbeak",4
2015,"Blue Jay",1
2015,"Blue-gray Gnatcatcher",6
2015,"Brown-headed Cowbird",1
2015,"Brown-headed Nuthatch",1
2015,"Carolina Chickadee",7
2015,"Carolina Wren",16
2015,"Chimney Swift",1
2015,"Chipping Sparrow",5
2015,"Common Grackle",42
2015,"Common Yellowthroat",4
2015,"Downy Woodpecker",1
2015,"Eastern Bluebird",5
2015,"Eastern Meadowlark",1
2015,"Eastern Towhee",6
2015,"Eastern Whip-poor-will",2
2015,"Eastern Wood-Pewee",4
2015,"Field Sparrow",1
2015,"Great Crested Flycatcher",1
2015,"Hooded Warbler",2
2015,"House Finch",2
2015,"Indigo Bunting",16
2015,"Mourning Dove",19
2015,"Northern Bobwhite",3
2015,"Northern Cardinal",22
2015,"Northern Mockingbird",6
2015,"Northern Parula",4
2015,"Orchard Oriole",4
2015,"Ovenbird",6
2015,"Pine Warbler",8
2015,"Prairie Warbler",1
2015,"Purple Martin",1
2015,"Red-bellied Woodpecker",8
2015,"Red-eyed Vireo",15
2015,"Red-shouldered Hawk",1
2015,"Ruby-throated Hummingbird",1
2015,"Summer Tanager",8
2015,"Tufted Titmouse",9
2015,"White-breasted Nuthatch",1
2015,"White-eyed Vireo",1
2015,"Wood Thrush",9
2015,"Yellow-billed Cuckoo",3
2015,"Yellow-breasted Chat",4
2015,"Yellow-throated Vireo",1
2015,"Yellow-throated Warbler",2
2015,"Acadian Flycatcher",1
2015,"American Crow",36
2015,"American Goldfinch",14
2015,"American Robin",6
2015,"Barn Swallow",6
2015,"Blue Jay",2
2015,"Blue-gray Gnatcatcher",4
2015,"Brown Thrasher",1
2015,"Brown-headed Cowbird",8
2015,"Carolina Chickadee",2
2015,"Carolina Wren",3
2015,"Chimney Swift",4
2015,"Chipping Sparrow",9
2015,"Common Yellowthroat",2
2015,"Eastern Bluebird",5
2015,"Eastern Kingbird",2
2015,"Eastern Meadowlark",5
2015,"Eastern Towhee",4
2015,"Eastern Wood-Pewee",4
2015,"European Starling",6
2015,"Great Crested Flycatcher",3
2015,"Indigo Bunting",4
2015,"Mourning Dove",18
2015,"Northern Cardinal",33
2015,"Northern Mockingbird",4
2015,"Ovenbird",1
2015,"Pileated Woodpecker",1
2015,"Pine Warbler",5
2015,"Prairie Warbler",1
2015,"Red-bellied Woodpecker",6
2015,"Red-eyed Vireo",3
2015,"Red-shouldered Hawk",3
2015,"Summer Tanager",2
2015,"Tufted Titmouse",22
2015,"White-breasted Nuthatch",1
2015,"Yellow-billed Cuckoo",2
2015,"Yellow-breasted Chat",3
2015,"Yellow-throated Warbler",1
2015,"Acadian Flycatcher",9
2015,"American Crow",15
2015,"American Goldfinch",11
2015,"American Robin",1
2015,"Blue Jay",5
2015,"Blue-gray Gnatcatcher",23
2015,"Brown Thrasher",8
2015,"Brown-headed Cowbird",1
2015,"Brown-headed Nuthatch",5
2015,"Canada Goose",1
2015,"Carolina Chickadee",11
2015,"Carolina Wren",31
2015,"Chimney Swift",14
2015,"Chipping Sparrow",9
2015,"Downy Woodpecker",2
2015,"Eastern Bluebird",11
2015,"Eastern Towhee",10
2015,"Eastern Whip-poor-will",1
2015,"Eastern Wood-Pewee",2
2015,"Fish Crow",1
2015,"Great Crested Flycatcher",1
2015,"Hooded Warbler",2
2015,"Indigo Bunting",4
2015,"Mourning Dove",3
2015,"Northern Cardinal",35
2015,"Northern Mockingbird",3
2015,"Northern Parula",1
2015,"Ovenbird",1
2015,"Pine Warbler",16
2015,"Red-bellied Woodpecker",3
2015,"Red-eyed Vireo",11
2015,"Red-shouldered Hawk",6
2015,"Scarlet Tanager",4
2015,"Summer Tanager",2
2015,"Tufted Titmouse",24
2015,"White-breasted Nuthatch",3
2015,"Wood Thrush",11
2015,"Yellow-billed Cuckoo",5
2015,"Yellow-breasted Chat",2
2015,"Yellow-throated Vireo",5
2015,"Yellow-throated Warbler",6
2015,"American Crow",14
2015,"American Goldfinch",1
2015,"American Robin",5
2015,"Blue Jay",5
2015,"Blue-gray Gnatcatcher",13
2015,"Carolina Chickadee",2
2015,"Carolina Wren",11
2015,"Chimney Swift",1
2015,"Chipping Sparrow",8
2015,"Common Yellowthroat",3
2015,"Eastern Bluebird",3
2015,"Eastern Kingbird",1
2015,"Eastern Wood-Pewee",2
2015,"Fish Crow",3
2015,"Gray Catbird",1
2015,"Great Blue Heron",1
2015,"Great Crested Flycatcher",4
2015,"Hooded Warbler",1
2015,"Indigo Bunting",6
2015,"Mourning Dove",6
2015,"Northern Cardinal",17
2015,"Northern Mockingbird",2
2015,"Northern Parula",3
2015,"Ovenbird",1
2015,"Pine Warbler",1
2015,"Red-bellied Woodpecker",6
2015,"Red-eyed Vireo",5
2015,"Summer Tanager",3
2015,"Tufted Titmouse",3
2015,"Yellow-breasted Chat",1
2015,"Yellow-throated Warbler",2
2015,"American Crow",55
2015,"American Goldfinch",7
2015,"American Robin",20
2015,"Barn Swallow",4
2015,"Blue Grosbeak",6
2015,"Blue Jay",12
2015,"Blue-gray Gnatcatcher",8
2015,"Brown Thrasher",8
2015,"Brown-headed Cowbird",4
2015,"Carolina Chickadee",7
2015,"Carolina Wren",17
2015,"Chimney Swift",28
2015,"Chipping Sparrow",26
2015,"Common Grackle",20
2015,"Common Yellowthroat",1
2015,"Downy Woodpecker",4
2015,"Eastern Bluebird",7
2015,"Eastern Meadowlark",8
2015,"Eastern Phoebe",1
2015,"Eastern Towhee",5
2015,"Eastern Wood-Pewee",11
2015,"European Starling",57
2015,"Field Sparrow",1
2015,"Gray Catbird",2
2015,"Great Blue Heron",1
2015,"Great Crested Flycatcher",2
2015,"House Finch",4
2015,"Indigo Bunting",8
2015,"Mourning Dove",21
2015,"Northern Cardinal",50
2015,"Northern Mockingbird",35
2015,"Ovenbird",1
2015,"Pine Warbler",2
2015,"Red-bellied Woodpecker",8
2015,"Red-eyed Vireo",1
2015,"Summer Tanager",3
2015,"Tufted Titmouse",16
2015,"White-eyed Vireo",2
2015,"Wood Thrush",3
2015,"Yellow-billed Cuckoo",2
2015,"Yellow-breasted Chat",2
2015,"American Crow",16
2015,"American Goldfinch",3
2015,"American Robin",5
2015,"Barn Swallow",1
2015,"Blue Grosbeak",3
2015,"Blue Jay",3
2015,"Blue-gray Gnatcatcher",17
2015,"Brown Thrasher",1
2015,"Brown-headed Cowbird",6
2015,"Brown-headed Nuthatch",3
2015,"Carolina Chickadee",15
2015,"Carolina Wren",23
2015,"Chimney Swift",1
2015,"Chipping Sparrow",20
2015,"Common Grackle",2
2015,"Downy Woodpecker",2
2015,"Eastern Bluebird",4
2015,"Eastern Kingbird",1
2015,"Eastern Phoebe",1
2015,"Eastern Towhee",7
2015,"Eastern Wood-Pewee",6
2015,"Fish Crow",5
2015,"Great Blue Heron",1
2015,"Great Crested Flycatcher",4
2015,"House Finch",2
2015,"Indigo Bunting",4
2015,"Mourning Dove",14
2015,"Northern Mockingbird",8
2015,"Ovenbird",1
2015,"Pine Warbler",6
2015,"Purple Martin",3
2015,"Red-bellied Woodpecker",7
2015,"Red-eyed Vireo",1
2015,"Summer Tanager",4
2015,"Tufted Titmouse",10
2015,"Turkey Vulture",1
2015,"White-breasted Nuthatch",1
2015,"White-eyed Vireo",1
2015,"Yellow-billed Cuckoo",1
2015,"Yellow-breasted Chat",2
2015,"Acadian Flycatcher",1
2015,"American Crow",26
2015,"American Goldfinch",3
2015,"American Robin",2
2015,"Blue Grosbeak",2
2015,"Blue-gray Gnatcatcher",3
2015,"Brown-headed Cowbird",3
2015,"Canada Goose",5
2015,"Carolina Wren",5
2015,"Chimney Swift",3
2015,"Chipping Sparrow",11
2015,"Common Grackle",1
2015,"Common Yellowthroat",3
2015,"Downy Woodpecker",1
2015,"Eastern Bluebird",6
2015,"Eastern Meadowlark",2
2015,"Eastern Towhee",2
2015,"Eastern Wood-Pewee",3
2015,"European Starling",4
2015,"Grasshopper Sparrow",1
2015,"Great Blue Heron",1
2015,"Great Crested Flycatcher",3
2015,"Indigo Bunting",7
2015,"Mourning Dove",13
2015,"Northern Cardinal",34
2015,"Northern Mockingbird",6
2015,"Pine Warbler",1
2015,"Purple Martin",6
2015,"Red-bellied Woodpecker",3
2015,"Red-eyed Vireo",1
2015,"Red-winged Blackbird",1
2015,"Summer Tanager",2
2015,"Tufted Titmouse",5
2015,"White-eyed Vireo",4
2015,"Wood Thrush",4
2015,"Yellow-billed Cuckoo",1
2015,"Yellow-breasted Chat",2
2015,"Yellow-throated Vireo",2
2015,"Acadian Flycatcher",2
2015,"American Crow",11
2015,"American Robin",1
2015,"Blue Jay",2
2015,"Blue-gray Gnatcatcher",5
2015,"Brown Thrasher",2
2015,"Brown-headed Cowbird",1
2015,"Carolina Chickadee",4
2015,"Carolina Wren",4
2015,"Chipping Sparrow",4
2015,"Common Grackle",2
2015,"Eastern Bluebird",2
2015,"Eastern Towhee",4
2015,"Eastern Wood-Pewee",3
2015,"Indigo Bunting",3
2015,"Mourning Dove",5
2015,"Northern Cardinal",8
2015,"Northern Mockingbird",4
2015,"Ovenbird",5
2015,"Pileated Woodpecker",1
2015,"Pine Warbler",9
2015,"Red-bellied Woodpecker",7
2015,"Red-eyed Vireo",5
2015,"Red-shouldered Hawk",1
2015,"Scarlet Tanager",4
2015,"Summer Tanager",3
2015,"Tufted Titmouse",8
2015,"Wood Thrush",5
2015,"Yellow-breasted Chat",1
2015,"Yellow-throated Warbler",3
2015,"Acadian Flycatcher",2
2015,"American Crow",19
2015,"American Goldfinch",11
2015,"American Robin",16
2015,"Barn Swallow",9
2015,"Blue Jay",7
2015,"Brown Thrasher",2
2015,"Brown-headed Cowbird",5
2015,"Carolina Chickadee",14
2015,"Carolina Wren",14
2015,"Chimney Swift",5
2015,"Chipping Sparrow",11
2015,"Common Grackle",5
2015,"Downy Woodpecker",2
2015,"Eastern Bluebird",6
2015,"Eastern Phoebe",1
2015,"Eastern Towhee",10
2015,"European Starling",1
2015,"Fish Crow",9
2015,"Gray Catbird",6
2015,"House Finch",1
2015,"House Sparrow",1
2015,"Indigo Bunting",1
2015,"Mourning Dove",5
2015,"Northern Cardinal",32
2015,"Northern Mockingbird",7
2015,"Pine Warbler",2
2015,"Red-bellied Woodpecker",8
2015,"Red-eyed Vireo",3
2015,"Ruby-throated Hummingbird",1
2015,"Scarlet Tanager",1
2015,"Song Sparrow",9
2015,"Tufted Titmouse",10
2015,"White-breasted Nuthatch",1
2015,"White-eyed Vireo",1
2015,"American Crow",18
2015,"American Goldfinch",2
2015,"American Robin",27
2015,"Blue Grosbeak",1
2015,"Blue Jay",9
2015,"Brown Thrasher",2
2015,"Brown-headed Cowbird",1
2015,"Carolina Chickadee",12
2015,"Carolina Wren",12
2015,"Chipping Sparrow",12
2015,"Common Grackle",3
2015,"Downy Woodpecker",1
2015,"Eastern Bluebird",2
2015,"Eastern Towhee",23
2015,"European Starling",1
2015,"Grasshopper Sparrow",1
2015,"Gray Catbird",1
2015,"House Finch",6
2015,"Indigo Bunting",2
2015,"Mourning Dove",6
2015,"Northern Cardinal",33
2015,"Northern Mockingbird",5
2015,"Northern Parula",1
2015,"Pine Warbler",5
2015,"Red-bellied Woodpecker",12
2015,"Song Sparrow",3
2015,"Summer Tanager",1
2015,"Tufted Titmouse",18
2015,"White-breasted Nuthatch",1
2015,"Wood Thrush",1
2015,"American Crow",12
2015,"American Goldfinch",5
2015,"American Robin",19
2015,"Blue Jay",8
2015,"Blue-gray Gnatcatcher",2
2015,"Brown-headed Cowbird",1
2015,"Brown-headed Nuthatch",2
2015,"Canada Goose",5
2015,"Carolina Chickadee",4
2015,"Carolina Wren",11
2015,"Chimney Swift",3
2015,"Chipping Sparrow",15
2015,"Common Grackle",3
2015,"Common Yellowthroat",1
2015,"Eastern Bluebird",1
2015,"Eastern Towhee",14
2015,"European Starling",12
2015,"Fish Crow",2
2015,"House Finch",3
2015,"Indigo Bunting",1
2015,"Mourning Dove",14
2015,"Northern Cardinal",19
2015,"Northern Mockingbird",12
2015,"Northern Parula",1
2015,"Pine Warbler",6
2015,"Red-bellied Woodpecker",4
2015,"Red-shouldered Hawk",1
2015,"Red-winged Blackbird",1
2015,"Song Sparrow",6
2015,"Summer Tanager",1
2015,"Tufted Titmouse",13
2015,"White-breasted Nuthatch",1
2015,"American Crow",16
2015,"American Goldfinch",4
2015,"American Robin",2
2015,"Blue Grosbeak",1
2015,"Blue Jay",2
2015,"Blue-gray Gnatcatcher",7
2015,"Brown-headed Cowbird",1
2015,"Brown-headed Nuthatch",1
2015,"Carolina Chickadee",4
2015,"Carolina Wren",14
2015,"Chipping Sparrow",3
2015,"Common Grackle",16
2015,"Eastern Bluebird",3
2015,"Eastern Phoebe",1
2015,"Eastern Towhee",9
2015,"Fish Crow",2
2015,"Great Crested Flycatcher",3
2015,"House Finch",1
2015,"House Sparrow",3
2015,"Indigo Bunting",4
2015,"Mourning Dove",8
2015,"Northern Cardinal",17
2015,"Northern Mockingbird",4
2015,"Northern Parula",2
2015,"Ovenbird",1
2015,"Pine Warbler",4
2015,"Red-bellied Woodpecker",4
2015,"Red-eyed Vireo",9
2015,"Red-shouldered Hawk",1
2015,"Song Sparrow",1
2015,"Summer Tanager",6
2015,"Tufted Titmouse",6
2015,"Yellow-billed Cuckoo",1
2015,"Acadian Flycatcher",1
2015,"American Crow",21
2015,"American Goldfinch",1
2015,"American Robin",14
2015,"Blue Grosbeak",3
2015,"Blue Jay",1
2015,"Blue-gray Gnatcatcher",13
2015,"Brown Thrasher",2
2015,"Brown-headed Cowbird",3
2015,"Canada Goose",6
2015,"Carolina Chickadee",6
2015,"Carolina Wren",11
2015,"Chimney Swift",11
2015,"Chipping Sparrow",9
2015,"Common Grackle",7
2015,"Common Yellowthroat",1
2015,"Downy Woodpecker",5
2015,"Eastern Bluebird",12
2015,"Eastern Towhee",2
2015,"Eastern Wood-Pewee",3
2015,"European Starling",17
2015,"Fish Crow",6
2015,"Great Crested Flycatcher",2
2015,"House Finch",8
2015,"Indigo Bunting",4
2015,"Killdeer",2
2015,"Mourning Dove",17
2015,"Northern Cardinal",35
2015,"Northern Mockingbird",8
2015,"Northern Parula",1
2015,"Orchard Oriole",1
2015,"Pileated Woodpecker",1
2015,"Pine Warbler",3
2015,"Red-bellied Woodpecker",7
2015,"Red-eyed Vireo",3
2015,"Summer Tanager",2
2015,"Tufted Titmouse",21
2015,"White-breasted Nuthatch",1
2015,"Wood Thrush",1
2015,"Yellow-billed Cuckoo",2
2015,"Acadian Flycatcher",1
2015,"American Crow",22
2015,"American Goldfinch",1
2015,"American Robin",4
2015,"Barn Swallow",1
2015,"Blue Grosbeak",7
2015,"Blue Jay",3
2015,"Blue-gray Gnatcatcher",3
2015,"Brown Thrasher",2
2015,"Brown-headed Cowbird",6
2015,"Canada Goose",15
2015,"Carolina Chickadee",6
2015,"Carolina Wren",11
2015,"Chimney Swift",14
2015,"Chipping Sparrow",19
2015,"Common Grackle",4
2015,"Common Yellowthroat",3
2015,"Downy Woodpecker",2
2015,"Eastern Bluebird",11
2015,"Eastern Kingbird",2
2015,"Eastern Meadowlark",14
2015,"Eastern Phoebe",1
2015,"Eastern Towhee",4
2015,"Eastern Wood-Pewee",6
2015,"European Starling",19
2015,"Field Sparrow",4
2015,"Grasshopper Sparrow",7
2015,"Great Blue Heron",2
2015,"Great Crested Flycatcher",3
2015,"House Finch",2
2015,"House Sparrow",4
2015,"Indigo Bunting",20
2015,"Killdeer",4
2015,"Mourning Dove",18
2015,"Northern Cardinal",16
2015,"Northern Mockingbird",10
2015,"Orchard Oriole",3
2015,"Ovenbird",5
2015,"Pileated Woodpecker",1
2015,"Pine Warbler",2
2015,"Purple Martin",25
2015,"Red-bellied Woodpecker",6
2015,"Red-eyed Vireo",2
2015,"Red-shouldered Hawk",1
2015,"Red-winged Blackbird",1
2015,"Summer Tanager",1
2015,"Tufted Titmouse",14
2015,"White-breasted Nuthatch",3
2015,"Yellow-billed Cuckoo",2
2015,"Yellow-breasted Chat",1
2015,"American Crow",16
2015,"American Robin",4
2015,"Barn Swallow",1
2015,"Blue Grosbeak",1
2015,"Blue Jay",1
2015,"Brown Thrasher",1
2015,"Canada Goose",2
2015,"Carolina Chickadee",1
2015,"Carolina Wren",9
2015,"Chimney Swift",3
2015,"Common Grackle",2
2015,"Common Yellowthroat",1
2015,"Eastern Bluebird",2
2015,"Eastern Meadowlark",1
2015,"Eastern Towhee",5
2015,"Eastern Wood-Pewee",2
2015,"European Starling",4
2015,"Great Crested Flycatcher",1
2015,"Indigo Bunting",2
2015,"Mourning Dove",14
2015,"Northern Cardinal",23
2015,"Northern Mockingbird",4
2015,"Ovenbird",1
2015,"Pine Warbler",1
2015,"Red-bellied Woodpecker",1
2015,"Red-eyed Vireo",8
2015,"Red-winged Blackbird",1
2015,"Summer Tanager",6
2015,"Tufted Titmouse",18
2015,"Wood Thrush",7
2015,"Yellow-billed Cuckoo",2
2015,"American Crow",23
2015,"American Goldfinch",1
2015,"American Robin",7
2015,"Blue Grosbeak",3
2015,"Blue Jay",3
2015,"Brown Thrasher",5
2015,"Brown-headed Cowbird",2
2015,"Canada Goose",7
2015,"Carolina Chickadee",3
2015,"Carolina Wren",12
2015,"Chimney Swift",1
2015,"Chipping Sparrow",4
2015,"Eastern Bluebird",4
2015,"Eastern Meadowlark",1
2015,"Eastern Towhee",4
2015,"European Starling",14
2015,"Great Crested Flycatcher",1
2015,"Indigo Bunting",1
2015,"Mourning Dove",3
2015,"Northern Cardinal",11
2015,"Northern Mockingbird",4
2015,"Red-bellied Woodpecker",5
2015,"Red-eyed Vireo",1
2015,"Summer Tanager",3
2015,"Tufted Titmouse",10
2015,"Turkey Vulture",6
2015,"Yellow-billed Cuckoo",1
2015,"American Crow",20
2015,"American Robin",2
2015,"Barn Swallow",1
2015,"Blue Grosbeak",1
2015,"Blue Jay",7
2015,"Blue-gray Gnatcatcher",5
2015,"Brown Thrasher",2
2015,"Brown-headed Cowbird",2
2015,"Brown-headed Nuthatch",5
2015,"Carolina Chickadee",12
2015,"Carolina Wren",14
2015,"Chimney Swift",1
2015,"Chipping Sparrow",5
2015,"Downy Woodpecker",3
2015,"Eastern Bluebird",1
2015,"Eastern Phoebe",1
2015,"Eastern Towhee",5
2015,"Eastern Wood-Pewee",1
2015,"European Starling",1
2015,"Gray Catbird",3
2015,"Great Crested Flycatcher",4
2015,"House Finch",2
2015,"Indigo Bunting",4
2015,"Mourning Dove",8
2015,"Northern Cardinal",41
2015,"Northern Mockingbird",4
2015,"Northern Parula",2
2015,"Red-bellied Woodpecker",5
2015,"Red-eyed Vireo",13
2015,"Red-winged Blackbird",2
2015,"Summer Tanager",1
2015,"Tufted Titmouse",25
2015,"White-breasted Nuthatch",1
2015,"Wood Thrush",1
2015,"Yellow-billed Cuckoo",2
2015,"Acadian Flycatcher",1
2015,"American Crow",34
2015,"American Goldfinch",10
2015,"Barn Swallow",9
2015,"Blue Grosbeak",10
2015,"Blue Jay",1
2015,"Blue-gray Gnatcatcher",10
2015,"Brown Thrasher",6
2015,"Brown-headed Cowbird",9
2015,"Canada Goose",21
2015,"Carolina Chickadee",5
2015,"Carolina Wren",20
2015,"Chimney Swift",8
2015,"Chipping Sparrow",16
2015,"Common Grackle",17
2015,"Common Yellowthroat",2
2015,"Downy Woodpecker",1
2015,"Eastern Bluebird",7
2015,"Eastern Kingbird",1
2015,"Eastern Meadowlark",2
2015,"Eastern Phoebe",2
2015,"Eastern Towhee",9
2015,"Eastern Wood-Pewee",6
2015,"European Starling",2
2015,"Field Sparrow",2
2015,"Fish Crow",1
2015,"Great Crested Flycatcher",5
2015,"House Finch",3
2015,"Indigo Bunting",20
2015,"Mourning Dove",37
2015,"Northern Cardinal",26
2015,"Northern Mockingbird",7
2015,"Orchard Oriole",1
2015,"Ovenbird",1
2015,"Pileated Woodpecker",1
2015,"Pine Warbler",7
2015,"Prairie Warbler",1
2015,"Purple Martin",5
2015,"Red-bellied Woodpecker",10
2015,"Red-eyed Vireo",10
2015,"Red-shouldered Hawk",1
2015,"Red-winged Blackbird",2
2015,"Ruby-throated Hummingbird",1
2015,"Summer Tanager",3
2015,"Tufted Titmouse",16
2015,"White-eyed Vireo",1
2015,"Wood Thrush",3
2015,"Yellow-billed Cuckoo",1
2015,"Yellow-breasted Chat",1
2015,"Yellow-throated Warbler",1
2015,"American Crow",15
2015,"American Goldfinch",1
2015,"American Robin",18
2015,"Blue Grosbeak",2
2015,"Blue Jay",1
2015,"Blue-gray Gnatcatcher",1
2015,"Brown Thrasher",2
2015,"Carolina Chickadee",1
2015,"Carolina Wren",13
2015,"Chimney Swift",2
2015,"Chipping Sparrow",14
2015,"Eastern Bluebird",4
2015,"Eastern Towhee",6
2015,"Fish Crow",10
2015,"House Finch",1
2015,"Indigo Bunting",2
2015,"Mourning Dove",12
2015,"Northern Cardinal",22
2015,"Northern Mockingbird",1
2015,"Ovenbird",2
2015,"Pine Warbler",3
2015,"Red-bellied Woodpecker",5
2015,"Red-shouldered Hawk",1
2015,"Tufted Titmouse",15
2015,"Wood Thrush",6
2015,"Yellow-billed Cuckoo",1
2015,"Yellow-breasted Chat",3
2015,"Acadian Flycatcher",1
2015,"American Crow",34
2015,"American Goldfinch",3
2015,"American Robin",6
2015,"Barn Swallow",2
2015,"Blue Grosbeak",12
2015,"Blue Jay",3
2015,"Blue-gray Gnatcatcher",10
2015,"Brown Thrasher",2
2015,"Brown-headed Cowbird",12
2015,"Canada Goose",19
2015,"Carolina Wren",12
2015,"Chimney Swift",1
2015,"Chipping Sparrow",22
2015,"Common Grackle",7
2015,"Common Yellowthroat",5
2015,"Downy Woodpecker",2
2015,"Eastern Bluebird",2
2015,"Eastern Kingbird",3
2015,"Eastern Meadowlark",2
2015,"Eastern Towhee",4
2015,"Eastern Wood-Pewee",5
2015,"Field Sparrow",10
2015,"Fish Crow",1
2015,"Grasshopper Sparrow",1
2015,"Great Blue Heron",1
2015,"Indigo Bunting",14
2015,"Mourning Dove",29
2015,"Northern Cardinal",27
2015,"Northern Mockingbird",12
2015,"Ovenbird",4
2015,"Pine Warbler",1
2015,"Red-bellied Woodpecker",8
2015,"Red-eyed Vireo",12
2015,"Red-shouldered Hawk",1
2015,"Red-winged Blackbird",2
2015,"Ruby-throated Hummingbird",1
2015,"Summer Tanager",1
2015,"Tufted Titmouse",12
2015,"Turkey Vulture",1
2015,"Wood Thrush",8
2015,"Yellow-billed Cuckoo",4
2015,"Yellow-breasted Chat",1
2015,"Yellow-throated Vireo",1
2015,"Yellow-throated Warbler",2
2015,"American Crow",22
2015,"American Robin",1
2015,"Blue Grosbeak",1
2015,"Blue Jay",1
2015,"Brown Thrasher",2
2015,"Brown-headed Cowbird",1
2015,"Carolina Chickadee",1
2015,"Carolina Wren",8
2015,"Chimney Swift",2
2015,"Chipping Sparrow",4
2015,"Common Yellowthroat",1
2015,"Eastern Bluebird",2
2015,"Eastern Wood-Pewee",3
2015,"Great Crested Flycatcher",1
2015,"Indigo Bunting",1
2015,"Mourning Dove",6
2015,"Northern Cardinal",15
2015,"Northern Mockingbird",4
2015,"Ovenbird",2
2015,"Pine Warbler",1
2015,"Red-bellied Woodpecker",7
2015,"Red-eyed Vireo",8
2015,"Red-shouldered Hawk",1
2015,"Summer Tanager",3
2015,"Tufted Titmouse",18
2015,"Turkey Vulture",1
2015,"White-breasted Nuthatch",2
2015,"Wood Thrush",2
2015,"Yellow-billed Cuckoo",2
2015,"Acadian Flycatcher",1
2015,"American Crow",36
2015,"American Goldfinch",4
2015,"Blue Jay",1
2015,"Blue-gray Gnatcatcher",2
2015,"Canada Goose",5
2015,"Carolina Chickadee",6
2015,"Carolina Wren",3
2015,"Chipping Sparrow",3
2015,"Common Grackle",1
2015,"Downy Woodpecker",12
2015,"Eastern Bluebird",5
2015,"Eastern Meadowlark",1
2015,"Eastern Towhee",4
2015,"European Starling",2
2015,"Hooded Warbler",2
2015,"House Finch",10
2015,"Indigo Bunting",1
2015,"Mourning Dove",13
2015,"Northern Cardinal",31
2015,"Northern Mockingbird",7
2015,"Northern Parula",4
2015,"Ovenbird",1
2015,"Pileated Woodpecker",1
2015,"Pine Warbler",6
2015,"Red-bellied Woodpecker",11
2015,"Red-eyed Vireo",5
2015,"Red-shouldered Hawk",1
2015,"Scarlet Tanager",3
2015,"Summer Tanager",1
2015,"Tufted Titmouse",16
2015,"White-breasted Nuthatch",1
2015,"Wood Thrush",5
2015,"Yellow-billed Cuckoo",1
2015,"Yellow-breasted Chat",7
2015,"American Crow",9
2015,"American Goldfinch",2
2015,"American Robin",13
2015,"Barn Swallow",5
2015,"Blue Grosbeak",2
2015,"Blue Jay",3
2015,"Blue-gray Gnatcatcher",2
2015,"Brown-headed Nuthatch",1
2015,"Carolina Chickadee",1
2015,"Carolina Wren",24
2015,"Chimney Swift",1
2015,"Chipping Sparrow",6
2015,"Eastern Bluebird",8
2015,"Eastern Towhee",19
2015,"Fish Crow",1
2015,"Gray Catbird",5
2015,"House Finch",3
2015,"Indigo Bunting",7
2015,"Mourning Dove",12
2015,"Northern Cardinal",26
2015,"Northern Mockingbird",5
2015,"Pine Warbler",6
2015,"Red-bellied Woodpecker",4
2015,"Ruby-throated Hummingbird",2
2015,"Summer Tanager",1
2015,"Tufted Titmouse",4
2016,"Acadian Flycatcher",1
2016,"American Crow",28
2016,"American Goldfinch",3
2016,"Blue Grosbeak",1
2016,"Blue Jay",3
2016,"Blue-gray Gnatcatcher",7
2016,"Brown Thrasher",4
2016,"Brown-headed Cowbird",2
2016,"Brown-headed Nuthatch",1
2016,"Carolina Chickadee",1
2016,"Carolina Wren",10
2016,"Chipping Sparrow",4
2016,"Eastern Bluebird",4
2016,"Eastern Towhee",4
2016,"Eastern Wood-Pewee",1
2016,"Fish Crow",4
2016,"Great Crested Flycatcher",1
2016,"Hooded Warbler",2
2016,"Mourning Dove",9
2016,"Northern Cardinal",31
2016,"Northern Mockingbird",3
2016,"Ovenbird",9
2016,"Pileated Woodpecker",3
2016,"Pine Warbler",19
2016,"Red-bellied Woodpecker",8
2016,"Red-eyed Vireo",5
2016,"Summer Tanager",2
2016,"Tufted Titmouse",10
2016,"White-breasted Nuthatch",1
2016,"Wood Thrush",4
2016,"Yellow-breasted Chat",2
2016,"Yellow-throated Warbler",8
2016,"American Crow",21
2016,"American Goldfinch",11
2016,"American Robin",3
2016,"Barn Swallow",2
2016,"Blue Jay",4
2016,"Blue-gray Gnatcatcher",13
2016,"Brown-headed Cowbird",1
2016,"Brown-headed Nuthatch",3
2016,"Canada Goose",2
2016,"Carolina Chickadee",14
2016,"Carolina Wren",2
2016,"Chimney Swift",4
2016,"Chipping Sparrow",6
2016,"Common Grackle",1
2016,"Common Yellowthroat",1
2016,"Downy Woodpecker",1
2016,"Eastern Bluebird",5
2016,"Eastern Kingbird",1
2016,"Eastern Phoebe",1
2016,"Eastern Towhee",8
2016,"Eastern Whip-poor-will",2
2016,"Eastern Wood-Pewee",4
2016,"European Starling",1
2016,"Field Sparrow",3
2016,"Gray Catbird",1
2016,"Great Blue Heron",9
2016,"Great Crested Flycatcher",2
2016,"House Finch",3
2016,"Indigo Bunting",6
2016,"Killdeer",1
2016,"Mourning Dove",12
2016,"Northern Cardinal",29
2016,"Northern Mockingbird",7
2016,"Ovenbird",6
2016,"Pileated Woodpecker",1
2016,"Pine Warbler",14
2016,"Red-bellied Woodpecker",6
2016,"Red-eyed Vireo",8
2016,"Red-shouldered Hawk",2
2016,"Scarlet Tanager",1
2016,"Summer Tanager",4
2016,"Tufted Titmouse",19
2016,"Turkey Vulture",3
2016,"White-eyed Vireo",2
2016,"Yellow-breasted Chat",1
2016,"Yellow-throated Warbler",2
2016,"American Crow",7
2016,"American Goldfinch",1
2016,"American Robin",4
2016,"Blue Grosbeak",4
2016,"Blue Jay",1
2016,"Blue-gray Gnatcatcher",2
2016,"Brown Thrasher",3
2016,"Carolina Wren",14
2016,"Chipping Sparrow",9
2016,"Common Grackle",3
2016,"Common Yellowthroat",6
2016,"Eastern Bluebird",4
2016,"Eastern Kingbird",1
2016,"Eastern Towhee",5
2016,"Eastern Whip-poor-will",1
2016,"Eastern Wood-Pewee",1
2016,"European Starling",5
2016,"Fish Crow",3
2016,"Great Crested Flycatcher",3
2016,"Indigo Bunting",12
2016,"Mourning Dove",33
2016,"Northern Bobwhite",1
2016,"Northern Cardinal",20
2016,"Northern Mockingbird",9
2016,"Orchard Oriole",1
2016,"Ovenbird",4
2016,"Pine Warbler",16
2016,"Red-bellied Woodpecker",10
2016,"Red-eyed Vireo",6
2016,"Scarlet Tanager",1
2016,"Summer Tanager",6
2016,"Tufted Titmouse",11
2016,"Turkey Vulture",2
2016,"White-eyed Vireo",1
2016,"Wood Thrush",2
2016,"Yellow-billed Cuckoo",4
2016,"Yellow-breasted Chat",2
2016,"American Crow",35
2016,"American Goldfinch",3
2016,"American Robin",1
2016,"Barn Swallow",3
2016,"Blue Grosbeak",3
2016,"Blue Jay",2
2016,"Blue-gray Gnatcatcher",5
2016,"Brown-headed Cowbird",1
2016,"Carolina Chickadee",1
2016,"Carolina Wren",18
2016,"Chimney Swift",7
2016,"Chipping Sparrow",18
2016,"Downy Woodpecker",1
2016,"Eastern Bluebird",4
2016,"Eastern Meadowlark",1
2016,"Eastern Phoebe",1
2016,"Eastern Towhee",3
2016,"Eastern Whip-poor-will",1
2016,"Eastern Wood-Pewee",5
2016,"European Starling",2
2016,"Great Crested Flycatcher",2
2016,"Hooded Warbler",1
2016,"Indigo Bunting",10
2016,"Mourning Dove",1
2016,"Northern Cardinal",26
2016,"Northern Mockingbird",7
2016,"Orchard Oriole",2
2016,"Ovenbird",4
2016,"Pine Warbler",1
2016,"Prairie Warbler",1
2016,"Red-bellied Woodpecker",7
2016,"Red-eyed Vireo",4
2016,"Red-winged Blackbird",1
2016,"Scarlet Tanager",2
2016,"Summer Tanager",2
2016,"Tufted Titmouse",17
2016,"White-eyed Vireo",1
2016,"Wood Thrush",4
2016,"Yellow-billed Cuckoo",3
2016,"Yellow-throated Warbler",2
2016,"Acadian Flycatcher",2
2016,"American Crow",40
2016,"American Goldfinch",12
2016,"American Robin",6
2016,"Barn Swallow",4
2016,"Blue Grosbeak",10
2016,"Blue Jay",3
2016,"Blue-gray Gnatcatcher",3
2016,"Brown Thrasher",7
2016,"Brown-headed Cowbird",6
2016,"Carolina Chickadee",3
2016,"Carolina Wren",24
2016,"Chipping Sparrow",15
2016,"Common Grackle",3
2016,"Downy Woodpecker",1
2016,"Eastern Bluebird",12
2016,"Eastern Kingbird",2
2016,"Eastern Meadowlark",9
2016,"Eastern Phoebe",2
2016,"Eastern Wood-Pewee",13
2016,"European Starling",14
2016,"Field Sparrow",1
2016,"Fish Crow",1
2016,"Great Crested Flycatcher",6
2016,"House Finch",3
2016,"Indigo Bunting",12
2016,"Mourning Dove",14
2016,"Northern Cardinal",38
2016,"Northern Mockingbird",18
2016,"Ovenbird",4
2016,"Pileated Woodpecker",3
2016,"Purple Martin",9
2016,"Red-bellied Woodpecker",10
2016,"Red-eyed Vireo",5
2016,"Red-shouldered Hawk",1
2016,"Red-winged Blackbird",5
2016,"Summer Tanager",7
2016,"Tufted Titmouse",16
2016,"Turkey Vulture",1
2016,"White-breasted Nuthatch",1
2016,"Wood Thrush",1
2016,"Yellow-billed Cuckoo",11
2016,"Yellow-breasted Chat",1
2016,"Yellow-throated Vireo",1
2016,"Acadian Flycatcher",2
2016,"American Crow",32
2016,"American Goldfinch",6
2016,"Barn Swallow",9
2016,"Blue Grosbeak",5
2016,"Blue Jay",6
2016,"Blue-gray Gnatcatcher",3
2016,"Brown Thrasher",4
2016,"Brown-headed Cowbird",2
2016,"Carolina Chickadee",8
2016,"Carolina Wren",15
2016,"Chipping Sparrow",13
2016,"Common Grackle",5
2016,"Common Yellowthroat",5
2016,"Downy Woodpecker",2
2016,"Eastern Bluebird",6
2016,"Eastern Meadowlark",3
2016,"Eastern Towhee",5
2016,"Eastern Whip-poor-will",2
2016,"Eastern Wood-Pewee",8
2016,"Field Sparrow",1
2016,"Great Crested Flycatcher",1
2016,"Hooded Warbler",6
2016,"House Finch",7
2016,"Indigo Bunting",19
2016,"Mourning Dove",24
2016,"Northern Cardinal",22
2016,"Northern Mockingbird",9
2016,"Northern Parula",4
2016,"Orchard Oriole",1
2016,"Ovenbird",6
2016,"Pine Warbler",10
2016,"Prairie Warbler",2
2016,"Purple Martin",1
2016,"Red-bellied Woodpecker",14
2016,"Red-eyed Vireo",20
2016,"Red-shouldered Hawk",1
2016,"Summer Tanager",6
2016,"Tufted Titmouse",8
2016,"White-breasted Nuthatch",3
2016,"White-eyed Vireo",1
2016,"Wood Thrush",10
2016,"Yellow-billed Cuckoo",7
2016,"Yellow-breasted Chat",7
2016,"Yellow-throated Vireo",2
2016,"Yellow-throated Warbler",1
2016,"Acadian Flycatcher",1
2016,"American Crow",30
2016,"American Goldfinch",5
2016,"American Robin",8
2016,"Barn Swallow",6
2016,"Blue Grosbeak",2
2016,"Blue Jay",2
2016,"Brown-headed Cowbird",5
2016,"Carolina Chickadee",6
2016,"Carolina Wren",4
2016,"Chimney Swift",1
2016,"Chipping Sparrow",14
2016,"Common Yellowthroat",2
2016,"Downy Woodpecker",1
2016,"Eastern Bluebird",13
2016,"Eastern Meadowlark",5
2016,"Eastern Phoebe",1
2016,"Eastern Towhee",4
2016,"Eastern Wood-Pewee",1
2016,"Field Sparrow",3
2016,"Fish Crow",1
2016,"Great Crested Flycatcher",1
2016,"Hooded Warbler",3
2016,"House Finch",2
2016,"Indigo Bunting",2
2016,"Mourning Dove",9
2016,"Northern Cardinal",19
2016,"Northern Mockingbird",6
2016,"Northern Parula",1
2016,"Ovenbird",4
2016,"Pine Warbler",7
2016,"Red-bellied Woodpecker",3
2016,"Red-eyed Vireo",5
2016,"Red-shouldered Hawk",3
2016,"Scarlet Tanager",2
2016,"Summer Tanager",2
2016,"Tufted Titmouse",7
2016,"Turkey Vulture",4
2016,"White-breasted Nuthatch",1
2016,"Wood Thrush",1
2016,"Yellow-breasted Chat",4
2016,"Acadian Flycatcher",5
2016,"American Crow",16
2016,"American Goldfinch",24
2016,"American Robin",3
2016,"Blue Jay",5
2016,"Blue-gray Gnatcatcher",26
2016,"Brown Thrasher",4
2016,"Brown-headed Nuthatch",8
2016,"Carolina Chickadee",9
2016,"Carolina Wren",27
2016,"Chimney Swift",8
2016,"Chipping Sparrow",8
2016,"Common Grackle",3
2016,"Downy Woodpecker",4
2016,"Eastern Bluebird",11
2016,"Eastern Phoebe",2
2016,"Eastern Towhee",5
2016,"Eastern Whip-poor-will",2
2016,"Eastern Wood-Pewee",2
2016,"Fish Crow",1
2016,"Great Blue Heron",2
2016,"Great Crested Flycatcher",3
2016,"Hooded Warbler",2
2016,"Mourning Dove",9
2016,"Northern Cardinal",21
2016,"Northern Mockingbird",3
2016,"Northern Parula",2
2016,"Ovenbird",4
2016,"Pileated Woodpecker",2
2016,"Pine Warbler",20
2016,"Red-bellied Woodpecker",5
2016,"Red-eyed Vireo",11
2016,"Red-shouldered Hawk",5
2016,"Ruby-throated Hummingbird",2
2016,"Scarlet Tanager",2
2016,"Summer Tanager",3
2016,"Tufted Titmouse",21
2016,"White-breasted Nuthatch",3
2016,"White-eyed Vireo",1
2016,"Wood Thrush",5
2016,"Yellow-billed Cuckoo",5
2016,"Yellow-breasted Chat",2
2016,"Yellow-throated Vireo",1
2016,"Yellow-throated Warbler",6
2016,"Acadian Flycatcher",1
2016,"American Crow",19
2016,"American Goldfinch",6
2016,"American Robin",3
2016,"Blue Grosbeak",1
2016,"Blue Jay",5
2016,"Blue-gray Gnatcatcher",7
2016,"Brown Thrasher",1
2016,"Brown-headed Cowbird",3
2016,"Brown-headed Nuthatch",2
2016,"Carolina Chickadee",2
2016,"Carolina Wren",12
2016,"Chimney Swift",2
2016,"Chipping Sparrow",8
2016,"Common Yellowthroat",1
2016,"Eastern Bluebird",5
2016,"Eastern Wood-Pewee",1
2016,"European Starling",1
2016,"Field Sparrow",1
2016,"Fish Crow",3
2016,"Gray Catbird",1
2016,"Great Crested Flycatcher",2
2016,"House Finch",1
2016,"Indigo Bunting",7
2016,"Mourning Dove",9
2016,"Northern Cardinal",15
2016,"Northern Mockingbird",5
2016,"Northern Parula",2
2016,"Ovenbird",1
2016,"Pine Warbler",3
2016,"Red-bellied Woodpecker",5
2016,"Red-eyed Vireo",9
2016,"Summer Tanager",4
2016,"Tufted Titmouse",10
2016,"White-eyed Vireo",1
2016,"Wood Thrush",2
2016,"Yellow-billed Cuckoo",2
2016,"Yellow-throated Warbler",3
2016,"American Crow",12
2016,"Blue-gray Gnatcatcher",1
2016,"Carolina Chickadee",1
2016,"Carolina Wren",4
2016,"Chipping Sparrow",5
2016,"Eastern Bluebird",2
2016,"Eastern Phoebe",2
2016,"Eastern Whip-poor-will",2
2016,"Eastern Wood-Pewee",6
2016,"Great Blue Heron",1
2016,"Great Crested Flycatcher",2
2016,"Indigo Bunting",11
2016,"Mourning Dove",4
2016,"Northern Cardinal",15
2016,"Northern Parula",1
2016,"Ovenbird",2
2016,"Pine Warbler",6
2016,"Red-bellied Woodpecker",1
2016,"Red-eyed Vireo",11
2016,"Red-shouldered Hawk",1
2016,"Song Sparrow",1
2016,"Tufted Titmouse",9
2016,"Wood Thrush",2
2016,"Yellow-billed Cuckoo",1
2016,"Yellow-breasted Chat",3
2016,"Yellow-throated Vireo",1
2016,"American Crow",57
2016,"American Goldfinch",8
2016,"American Robin",10
2016,"Barn Swallow",2
2016,"Blue Grosbeak",8
2016,"Blue Jay",8
2016,"Blue-gray Gnatcatcher",7
2016,"Brown Thrasher",5
2016,"Brown-headed Cowbird",2
2016,"Carolina Chickadee",4
2016,"Carolina Wren",22
2016,"Chimney Swift",32
2016,"Chipping Sparrow",16
2016,"Common Grackle",15
2016,"Common Yellowthroat",2
2016,"Eastern Bluebird",24
2016,"Eastern Kingbird",3
2016,"Eastern Meadowlark",7
2016,"Eastern Towhee",5
2016,"Eastern Wood-Pewee",4
2016,"European Starling",8
2016,"Field Sparrow",2
2016,"Fish Crow",2
2016,"Great Blue Heron",1
2016,"Great Crested Flycatcher",3
2016,"House Finch",10
2016,"House Sparrow",2
2016,"Indigo Bunting",7
2016,"Killdeer",8
2016,"Mourning Dove",24
2016,"Northern Cardinal",31
2016,"Northern Mockingbird",25
2016,"Ovenbird",1
2016,"Pine Warbler",1
2016,"Purple Martin",8
2016,"Red-bellied Woodpecker",7
2016,"Red-eyed Vireo",2
2016,"Red-shouldered Hawk",2
2016,"Red-winged Blackbird",28
2016,"Ruby-throated Hummingbird",1
2016,"Song Sparrow",1
2016,"Summer Tanager",7
2016,"Tufted Titmouse",15
2016,"Wood Thrush",4
2016,"Yellow-billed Cuckoo",1
2016,"Acadian Flycatcher",1
2016,"American Crow",41
2016,"American Goldfinch",6
2016,"Barn Swallow",1
2016,"Blue Grosbeak",2
2016,"Blue-gray Gnatcatcher",2
2016,"Brown-headed Cowbird",3
2016,"Carolina Chickadee",3
2016,"Carolina Wren",10
2016,"Chipping Sparrow",6
2016,"Common Yellowthroat",3
2016,"Downy Woodpecker",1
2016,"Eastern Bluebird",7
2016,"Eastern Towhee",1
2016,"Hooded Warbler",2
2016,"House Finch",3
2016,"Indigo Bunting",6
2016,"Mourning Dove",8
2016,"Northern Cardinal",27
2016,"Northern Mockingbird",2
2016,"Northern Parula",2
2016,"Ovenbird",1
2016,"Pileated Woodpecker",1
2016,"Red-bellied Woodpecker",7
2016,"Red-shouldered Hawk",1
2016,"Red-winged Blackbird",2
2016,"Summer Tanager",1
2016,"Tufted Titmouse",8
2016,"Turkey Vulture",6
2016,"White-breasted Nuthatch",2
2016,"White-eyed Vireo",4
2016,"Yellow-billed Cuckoo",7
2016,"Yellow-breasted Chat",4
2016,"Acadian Flycatcher",1
2016,"American Crow",25
2016,"American Goldfinch",9
2016,"American Robin",20
2016,"Barn Swallow",2
2016,"Blue Jay",10
2016,"Blue-gray Gnatcatcher",2
2016,"Brown Thrasher",3
2016,"Brown-headed Cowbird",1
2016,"Brown-headed Nuthatch",7
2016,"Carolina Chickadee",8
2016,"Carolina Wren",10
2016,"Chimney Swift",2
2016,"Chipping Sparrow",5
2016,"Common Grackle",2
2016,"Downy Woodpecker",2
2016,"Eastern Bluebird",3
2016,"Eastern Phoebe",1
2016,"Eastern Towhee",9
2016,"Fish Crow",2
2016,"Gray Catbird",4
2016,"House Finch",8
2016,"Mourning Dove",3
2016,"Northern Cardinal",30
2016,"Northern Mockingbird",6
2016,"Northern Parula",1
2016,"Pine Warbler",1
2016,"Red-bellied Woodpecker",3
2016,"Red-eyed Vireo",3
2016,"Red-shouldered Hawk",2
2016,"Scarlet Tanager",1
2016,"Song Sparrow",11
2016,"Summer Tanager",1
2016,"Tufted Titmouse",9
2016,"Wood Thrush",1
2016,"Yellow-billed Cuckoo",1
2016,"Yellow-throated Warbler",1
2016,"American Crow",9
2016,"American Robin",15
2016,"Blue Jay",6
2016,"Brown Thrasher",3
2016,"Brown-headed Cowbird",4
2016,"Brown-headed Nuthatch",2
2016,"Carolina Chickadee",4
2016,"Carolina Wren",17
2016,"Chipping Sparrow",15
2016,"Eastern Bluebird",5
2016,"Eastern Phoebe",1
2016,"Eastern Towhee",13
2016,"Gray Catbird",2
2016,"Great Crested Flycatcher",1
2016,"House Finch",7
2016,"Indigo Bunting",1
2016,"Mourning Dove",5
2016,"Northern Cardinal",34
2016,"Northern Mockingbird",3
2016,"Ovenbird",1
2016,"Pine Warbler",9
2016,"Red-bellied Woodpecker",10
2016,"Red-winged Blackbird",2
2016,"Song Sparrow",4
2016,"Summer Tanager",2
2016,"Tufted Titmouse",8
2016,"White-breasted Nuthatch",3
2016,"Wood Thrush",2
2016,"American Crow",5
2016,"American Goldfinch",2
2016,"American Robin",17
2016,"Blue Jay",5
2016,"Blue-gray Gnatcatcher",1
2016,"Brown-headed Cowbird",3
2016,"Canada Goose",17
2016,"Carolina Wren",16
2016,"Chipping Sparrow",15
2016,"Common Grackle",1
2016,"Common Yellowthroat",1
2016,"Downy Woodpecker",1
2016,"Eastern Bluebird",5
2016,"Eastern Towhee",13
2016,"European Starling",28
2016,"Fish Crow",2
2016,"Gray Catbird",3
2016,"House Finch",5
2016,"Mourning Dove",4
2016,"Northern Cardinal",10
2016,"Northern Mockingbird",7
2016,"Pine Warbler",4
2016,"Red-bellied Woodpecker",2
2016,"Red-winged Blackbird",1
2016,"Song Sparrow",8
2016,"Summer Tanager",4
2016,"Tufted Titmouse",1
2016,"White-eyed Vireo",1
2016,"Yellow-throated Warbler",1
2016,"Acadian Flycatcher",2
2016,"American Crow",8
2016,"American Goldfinch",4
2016,"American Robin",3
2016,"Blue Grosbeak",2
2016,"Blue Jay",1
2016,"Blue-gray Gnatcatcher",6
2016,"Brown Thrasher",1
2016,"Brown-headed Cowbird",4
2016,"Brown-headed Nuthatch",4
2016,"Carolina Chickadee",1
2016,"Chimney Swift",2
2016,"Chipping Sparrow",10
2016,"Common Yellowthroat",1
2016,"Eastern Bluebird",3
2016,"Eastern Phoebe",1
2016,"Eastern Towhee",6
2016,"European Starling",1
2016,"Great Crested Flycatcher",2
2016,"House Finch",2
2016,"House Sparrow",4
2016,"Indigo Bunting",5
2016,"Killdeer",1
2016,"Mourning Dove",8
2016,"Northern Cardinal",23
2016,"Northern Mockingbird",7
2016,"Ovenbird",3
2016,"Red-bellied Woodpecker",3
2016,"Red-eyed Vireo",7
2016,"Red-shouldered Hawk",1
2016,"Ruby-throated Hummingbird",1
2016,"Song Sparrow",1
2016,"Summer Tanager",1
2016,"Tufted Titmouse",4
2016,"Yellow-billed Cuckoo",2
2016,"American Crow",24
2016,"American Goldfinch",3
2016,"American Robin",10
2016,"Blue Grosbeak",7
2016,"Blue Jay",4
2016,"Blue-gray Gnatcatcher",8
2016,"Brown Thrasher",2
2016,"Brown-headed Cowbird",2
2016,"Brown-headed Nuthatch",2
2016,"Canada Goose",43
2016,"Carolina Chickadee",8
2016,"Carolina Wren",7
2016,"Chimney Swift",10
2016,"Chipping Sparrow",18
2016,"Common Grackle",19
2016,"Downy Woodpecker",2
2016,"Eastern Bluebird",13
2016,"Eastern Kingbird",2
2016,"Eastern Phoebe",2
2016,"Eastern Towhee",11
2016,"Eastern Wood-Pewee",2
2016,"European Starling",1
2016,"Fish Crow",132
2016,"Great Crested Flycatcher",2
2016,"House Finch",8
2016,"Indigo Bunting",10
2016,"Mourning Dove",14
2016,"Northern Cardinal",40
2016,"Northern Mockingbird",15
2016,"Northern Parula",1
2016,"Orchard Oriole",1
2016,"Pileated Woodpecker",1
2016,"Pine Warbler",2
2016,"Purple Martin",1
2016,"Red-bellied Woodpecker",12
2016,"Red-shouldered Hawk",5
2016,"Summer Tanager",4
2016,"Tufted Titmouse",13
2016,"White-breasted Nuthatch",2
2016,"Yellow-breasted Chat",2
2016,"American Crow",26
2016,"American Goldfinch",7
2016,"American Robin",1
2016,"Barn Swallow",3
2016,"Blue Jay",4
2016,"Blue-gray Gnatcatcher",9
2016,"Brown-headed Cowbird",8
2016,"Carolina Chickadee",8
2016,"Carolina Wren",8
2016,"Chipping Sparrow",17
2016,"Common Grackle",7
2016,"Common Yellowthroat",4
2016,"Downy Woodpecker",2
2016,"Eastern Bluebird",8
2016,"Eastern Kingbird",2
2016,"Eastern Meadowlark",25
2016,"Eastern Phoebe",3
2016,"Eastern Towhee",4
2016,"Eastern Whip-poor-will",1
2016,"Eastern Wood-Pewee",3
2016,"European Starling",13
2016,"Field Sparrow",2
2016,"Grasshopper Sparrow",2
2016,"Great Crested Flycatcher",4
2016,"House Finch",1
2016,"Indigo Bunting",23
2016,"Killdeer",6
2016,"Mourning Dove",15
2016,"Northern Cardinal",20
2016,"Northern Mockingbird",7
2016,"Orchard Oriole",4
2016,"Ovenbird",2
2016,"Pine Warbler",1
2016,"Prairie Warbler",1
2016,"Red-bellied Woodpecker",6
2016,"Red-eyed Vireo",10
2016,"Scarlet Tanager",1
2016,"Summer Tanager",2
2016,"Tufted Titmouse",9
2016,"White-eyed Vireo",1
2016,"Wood Thrush",1
2016,"Yellow-billed Cuckoo",1
2016,"Yellow-breasted Chat",2
2016,"American Crow",12
2016,"Barn Swallow",2
2016,"Carolina Wren",10
2016,"Common Grackle",2
2016,"Eastern Bluebird",4
2016,"Eastern Kingbird",1
2016,"European Starling",3
2016,"Gray Catbird",1
2016,"Indigo Bunting",4
2016,"Mourning Dove",17
2016,"Northern Cardinal",14
2016,"Northern Mockingbird",4
2016,"Red-bellied Woodpecker",3
2016,"Red-eyed Vireo",2
2016,"Red-winged Blackbird",1
2016,"Summer Tanager",1
2016,"Tufted Titmouse",6
2016,"White-breasted Nuthatch",1
2016,"Wood Thrush",3
2016,"Yellow-billed Cuckoo",1
2016,"American Crow",25
2016,"American Goldfinch",3
2016,"American Robin",1
2016,"Blue Grosbeak",1
2016,"Blue Jay",1
2016,"Brown Thrasher",1
2016,"Brown-headed Cowbird",2
2016,"Carolina Wren",4
2016,"Chimney Swift",1
2016,"Chipping Sparrow",1
2016,"Common Grackle",5
2016,"Eastern Bluebird",5
2016,"Eastern Meadowlark",2
2016,"Eastern Wood-Pewee",2
2016,"Indigo Bunting",2
2016,"Mourning Dove",4
2016,"Northern Cardinal",5
2016,"Northern Mockingbird",1
2016,"Red-bellied Woodpecker",1
2016,"Tufted Titmouse",3
2016,"White-eyed Vireo",1
2016,"American Crow",15
2016,"American Robin",3
2016,"Barn Swallow",1
2016,"Blue Jay",2
2016,"Blue-gray Gnatcatcher",5
2016,"Brown-headed Nuthatch",1
2016,"Carolina Chickadee",5
2016,"Carolina Wren",22
2016,"Chimney Swift",4
2016,"Chipping Sparrow",10
2016,"Eastern Bluebird",4
2016,"Eastern Phoebe",1
2016,"Eastern Towhee",1
2016,"Eastern Wood-Pewee",1
2016,"Fish Crow",2
2016,"Gray Catbird",3
2016,"Great Crested Flycatcher",2
2016,"House Finch",3
2016,"Mourning Dove",6
2016,"Northern Cardinal",30
2016,"Northern Mockingbird",3
2016,"Red-bellied Woodpecker",2
2016,"Red-eyed Vireo",6
2016,"Red-shouldered Hawk",1
2016,"Red-winged Blackbird",3
2016,"Summer Tanager",1
2016,"Tufted Titmouse",8
2016,"White-eyed Vireo",1
2016,"Yellow-throated Vireo",1
2016,"American Crow",32
2016,"American Goldfinch",9
2016,"American Robin",2
2016,"Barn Swallow",20
2016,"Blue Grosbeak",10
2016,"Blue-gray Gnatcatcher",12
2016,"Brown Thrasher",2
2016,"Brown-headed Cowbird",1
2016,"Brown-headed Nuthatch",1
2016,"Canada Goose",1
2016,"Carolina Chickadee",4
2016,"Carolina Wren",22
2016,"Chimney Swift",3
2016,"Chipping Sparrow",21
2016,"Common Grackle",7
2016,"Common Yellowthroat",2
2016,"Downy Woodpecker",2
2016,"Eastern Bluebird",11
2016,"Eastern Meadowlark",3
2016,"Eastern Phoebe",1
2016,"Eastern Towhee",8
2016,"Eastern Wood-Pewee",5
2016,"European Starling",2
2016,"Field Sparrow",2
2016,"Grasshopper Sparrow",1
2016,"Great Crested Flycatcher",3
2016,"Hooded Warbler",1
2016,"House Finch",8
2016,"Indigo Bunting",15
2016,"Killdeer",1
2016,"Mourning Dove",37
2016,"Northern Cardinal",30
2016,"Northern Mockingbird",6
2016,"Orchard Oriole",2
2016,"Ovenbird",2
2016,"Pine Warbler",10
2016,"Prairie Warbler",1
2016,"Red-bellied Woodpecker",6
2016,"Red-eyed Vireo",5
2016,"Red-shouldered Hawk",1
2016,"Red-winged Blackbird",1
2016,"Summer Tanager",4
2016,"Tufted Titmouse",19
2016,"Turkey Vulture",1
2016,"Wood Thrush",1
2016,"Yellow-billed Cuckoo",4
2016,"Yellow-breasted Chat",1
2016,"American Crow",16
2016,"American Goldfinch",2
2016,"American Robin",16
2016,"Blue Grosbeak",3
2016,"Blue Jay",1
2016,"Brown Thrasher",1
2016,"Canada Goose",2
2016,"Carolina Wren",7
2016,"Chipping Sparrow",9
2016,"Common Yellowthroat",2
2016,"Eastern Bluebird",7
2016,"Eastern Towhee",4
2016,"Eastern Whip-poor-will",1
2016,"European Starling",2
2016,"Fish Crow",2
2016,"Great Blue Heron",1
2016,"Great Crested Flycatcher",1
2016,"House Finch",2
2016,"Indigo Bunting",3
2016,"Mourning Dove",5
2016,"Northern Cardinal",33
2016,"Northern Mockingbird",4
2016,"Northern Parula",2
2016,"Red-bellied Woodpecker",4
2016,"Red-shouldered Hawk",1
2016,"Tufted Titmouse",13
2016,"Turkey Vulture",2
2016,"White-breasted Nuthatch",1
2016,"Wood Thrush",5
2016,"Yellow-breasted Chat",2
2016,"Acadian Flycatcher",1
2016,"American Crow",28
2016,"American Goldfinch",1
2016,"American Robin",5
2016,"Barn Swallow",5
2016,"Blue Grosbeak",8
2016,"Blue-gray Gnatcatcher",7
2016,"Brown Thrasher",3
2016,"Brown-headed Cowbird",5
2016,"Carolina Chickadee",1
2016,"Carolina Wren",8
2016,"Chipping Sparrow",19
2016,"Common Grackle",1
2016,"Common Yellowthroat",3
2016,"Downy Woodpecker",3
2016,"Eastern Bluebird",16
2016,"Eastern Kingbird",5
2016,"Eastern Towhee",8
2016,"Eastern Wood-Pewee",4
2016,"European Starling",7
2016,"Field Sparrow",6
2016,"Grasshopper Sparrow",4
2016,"Great Crested Flycatcher",1
2016,"House Finch",2
2016,"Indigo Bunting",24
2016,"Mourning Dove",25
2016,"Northern Bobwhite",5
2016,"Northern Cardinal",36
2016,"Northern Mockingbird",15
2016,"Orchard Oriole",3
2016,"Ovenbird",1
2016,"Pine Warbler",1
2016,"Red-bellied Woodpecker",5
2016,"Red-eyed Vireo",5
2016,"Red-shouldered Hawk",3
2016,"Summer Tanager",2
2016,"Tufted Titmouse",9
2016,"Turkey Vulture",1
2016,"White-breasted Nuthatch",1
2016,"White-eyed Vireo",2
2016,"Wood Thrush",3
2016,"Yellow-billed Cuckoo",5
2016,"Yellow-breasted Chat",1
2016,"American Crow",17
2016,"American Robin",6
2016,"Blue Grosbeak",2
2016,"Carolina Wren",7
2016,"Chimney Swift",3
2016,"Common Grackle",2
2016,"Eastern Bluebird",4
2016,"Eastern Towhee",2
2016,"Indigo Bunting",5
2016,"Mourning Dove",3
2016,"Northern Cardinal",14
2016,"Northern Mockingbird",2
2016,"Red-bellied Woodpecker",3
2016,"Red-eyed Vireo",4
2016,"Summer Tanager",1
2016,"Tufted Titmouse",13
2016,"American Crow",35
2016,"American Goldfinch",3
2016,"American Robin",4
2016,"Blue Jay",6
2016,"Blue-gray Gnatcatcher",1
2016,"Brown Thrasher",1
2016,"Carolina Chickadee",14
2016,"Carolina Wren",11
2016,"Chimney Swift",3
2016,"Chipping Sparrow",1
2016,"Downy Woodpecker",7
2016,"Eastern Bluebird",3
2016,"Eastern Meadowlark",1
2016,"Eastern Phoebe",1
2016,"Eastern Towhee",7
2016,"Hooded Warbler",4
2016,"House Finch",9
2016,"Indigo Bunting",2
2016,"Mourning Dove",9
2016,"Northern Cardinal",33
2016,"Northern Mockingbird",2
2016,"Northern Parula",5
2016,"Pine Warbler",4
2016,"Red-bellied Woodpecker",6
2016,"Red-eyed Vireo",12
2016,"Red-shouldered Hawk",5
2016,"Tufted Titmouse",9
2016,"Wood Thrush",2
2016,"Yellow-billed Cuckoo",1
2016,"Yellow-breasted Chat",6
2016,"American Crow",20
2016,"Carolina Wren",8
2016,"Chipping Sparrow",1
2016,"Eastern Bluebird",1
2016,"Eastern Towhee",1
2016,"European Starling",1
2016,"Gray Catbird",1
2016,"Indigo Bunting",4
2016,"Northern Cardinal",12
2016,"Northern Mockingbird",8
2016,"Red-bellied Woodpecker",3
2016,"Red-eyed Vireo",1
2016,"Summer Tanager",2
2016,"Tufted Titmouse",7
2016,"American Crow",3
2016,"American Robin",11
2016,"Barn Swallow",1
2016,"Blue Jay",1
2016,"Brown Thrasher",1
2016,"Brown-headed Cowbird",3
2016,"Carolina Chickadee",2
2016,"Carolina Wren",34
2016,"Chimney Swift",2
2016,"Chipping Sparrow",5
2016,"Common Grackle",3
2016,"Eastern Bluebird",5
2016,"Eastern Towhee",13
2016,"Eastern Wood-Pewee",1
2016,"European Starling",10
2016,"Fish Crow",1
2016,"Gray Catbird",5
2016,"Great Blue Heron",1
2016,"Great Crested Flycatcher",3
2016,"House Finch",8
2016,"Indigo Bunting",2
2016,"Mourning Dove",6
2016,"Northern Cardinal",32
2016,"Northern Mockingbird",7
2016,"Pileated Woodpecker",2
2016,"Pine Warbler",2
2016,"Red-bellied Woodpecker",13
2016,"Red-eyed Vireo",2
2016,"Song Sparrow",1
2016,"Summer Tanager",2
2016,"Tufted Titmouse",22
2016,"Wood Thrush",6
2017,"Acadian Flycatcher",4
2017,"American Crow",34
2017,"American Goldfinch",7
2017,"American Robin",1
2017,"Blue Jay",6
2017,"Blue-gray Gnatcatcher",10
2017,"Brown Thrasher",4
2017,"Brown-headed Cowbird",1
2017,"Brown-headed Nuthatch",2
2017,"Carolina Chickadee",12
2017,"Carolina Wren",5
2017,"Chipping Sparrow",8
2017,"Common Grackle",1
2017,"Downy Woodpecker",1
2017,"Eastern Bluebird",4
2017,"Eastern Towhee",1
2017,"Eastern Wood-Pewee",1
2017,"European Starling",16
2017,"Field Sparrow",1
2017,"Fish Crow",1
2017,"Great Crested Flycatcher",1
2017,"Hooded Warbler",4
2017,"Indigo Bunting",3
2017,"Mourning Dove",9
2017,"Northern Cardinal",29
2017,"Northern Mockingbird",2
2017,"Ovenbird",13
2017,"Pileated Woodpecker",3
2017,"Pine Warbler",13
2017,"Prairie Warbler",1
2017,"Red-bellied Woodpecker",10
2017,"Red-eyed Vireo",6
2017,"Red-shouldered Hawk",1
2017,"Summer Tanager",2
2017,"Tufted Titmouse",10
2017,"Turkey Vulture",14
2017,"White-breasted Nuthatch",2
2017,"White-eyed Vireo",1
2017,"Wood Thrush",2
2017,"Yellow-billed Cuckoo",4
2017,"Yellow-breasted Chat",2
2017,"Yellow-throated Vireo",1
2017,"Yellow-throated Warbler",9
2017,"Acadian Flycatcher",1
2017,"American Crow",20
2017,"American Goldfinch",8
2017,"American Robin",1
2017,"Barn Swallow",1
2017,"Blue Grosbeak",4
2017,"Blue Jay",4
2017,"Blue-gray Gnatcatcher",14
2017,"Brown Thrasher",1
2017,"Brown-headed Cowbird",4
2017,"Brown-headed Nuthatch",6
2017,"Carolina Chickadee",14
2017,"Carolina Wren",15
2017,"Chimney Swift",3
2017,"Chipping Sparrow",19
2017,"Common Grackle",8
2017,"Common Yellowthroat",1
2017,"Downy Woodpecker",2
2017,"Eastern Bluebird",3
2017,"Eastern Towhee",11
2017,"Eastern Whip-poor-will",3
2017,"Eastern Wood-Pewee",2
2017,"Fish Crow",2
2017,"Great Blue Heron",9
2017,"Great Crested Flycatcher",2
2017,"Hooded Warbler",2
2017,"House Finch",4
2017,"Indigo Bunting",6
2017,"Mourning Dove",12
2017,"Northern Cardinal",20
2017,"Northern Mockingbird",4
2017,"Northern Parula",4
2017,"Orchard Oriole",1
2017,"Ovenbird",6
2017,"Pine Warbler",15
2017,"Red-bellied Woodpecker",5
2017,"Red-eyed Vireo",4
2017,"Scarlet Tanager",3
2017,"Summer Tanager",2
2017,"Tufted Titmouse",21
2017,"Wood Thrush",1
2017,"Yellow-billed Cuckoo",7
2017,"Yellow-breasted Chat",1
2017,"Yellow-throated Warbler",1
2017,"American Crow",6
2017,"American Goldfinch",2
2017,"American Robin",7
2017,"Barn Swallow",5
2017,"Blue Grosbeak",5
2017,"Carolina Chickadee",2
2017,"Carolina Wren",16
2017,"Chipping Sparrow",3
2017,"Common Grackle",5
2017,"Common Yellowthroat",3
2017,"Eastern Bluebird",1
2017,"Eastern Meadowlark",6
2017,"Eastern Towhee",2
2017,"Eastern Wood-Pewee",1
2017,"Fish Crow",1
2017,"Great Crested Flycatcher",15
2017,"House Finch",1
2017,"Indigo Bunting",4
2017,"Mourning Dove",15
2017,"Northern Bobwhite",1
2017,"Northern Cardinal",14
2017,"Northern Mockingbird",5
2017,"Ovenbird",1
2017,"Pileated Woodpecker",4
2017,"Pine Warbler",14
2017,"Prairie Warbler",1
2017,"Red-bellied Woodpecker",4
2017,"Red-eyed Vireo",5
2017,"Summer Tanager",7
2017,"Tufted Titmouse",10
2017,"White-eyed Vireo",2
2017,"Wood Thrush",2
2017,"Yellow-billed Cuckoo",5
2017,"Yellow-breasted Chat",6
2017,"Acadian Flycatcher",3
2017,"American Crow",25
2017,"American Goldfinch",6
2017,"Blue Grosbeak",1
2017,"Blue Jay",4
2017,"Blue-gray Gnatcatcher",18
2017,"Brown Thrasher",1
2017,"Carolina Chickadee",6
2017,"Carolina Wren",11
2017,"Chimney Swift",3
2017,"Chipping Sparrow",12
2017,"Common Yellowthroat",1
2017,"Downy Woodpecker",1
2017,"Eastern Bluebird",6
2017,"Eastern Meadowlark",4
2017,"Eastern Towhee",4
2017,"Eastern Wood-Pewee",2
2017,"Great Crested Flycatcher",6
2017,"Hooded Warbler",1
2017,"Indigo Bunting",7
2017,"Mourning Dove",10
2017,"Northern Cardinal",16
2017,"Northern Mockingbird",4
2017,"Ovenbird",7
2017,"Prairie Warbler",2
2017,"Red-bellied Woodpecker",2
2017,"Red-eyed Vireo",7
2017,"Red-shouldered Hawk",1
2017,"Red-winged Blackbird",1
2017,"Summer Tanager",5
2017,"Tufted Titmouse",14
2017,"Turkey Vulture",1
2017,"Wood Thrush",2
2017,"Yellow-billed Cuckoo",2
2017,"Yellow-throated Vireo",1
2017,"American Crow",24
2017,"American Goldfinch",4
2017,"American Robin",11
2017,"Barn Swallow",4
2017,"Blue Grosbeak",21
2017,"Blue Jay",7
2017,"Blue-gray Gnatcatcher",4
2017,"Brown-headed Cowbird",4
2017,"Canada Goose",13
2017,"Carolina Chickadee",4
2017,"Carolina Wren",13
2017,"Chipping Sparrow",19
2017,"Common Grackle",8
2017,"Downy Woodpecker",1
2017,"Eastern Bluebird",20
2017,"Eastern Meadowlark",11
2017,"Eastern Wood-Pewee",12
2017,"European Starling",10
2017,"Great Crested Flycatcher",4
2017,"House Finch",1
2017,"Indigo Bunting",17
2017,"Killdeer",1
2017,"Mourning Dove",12
2017,"Northern Cardinal",39
2017,"Northern Mockingbird",21
2017,"Ovenbird",3
2017,"Pileated Woodpecker",2
2017,"Purple Martin",12
2017,"Red-bellied Woodpecker",10
2017,"Summer Tanager",10
2017,"Tufted Titmouse",13
2017,"Turkey Vulture",4
2017,"White-eyed Vireo",1
2017,"Wood Thrush",5
2017,"Yellow-billed Cuckoo",1
2017,"Yellow-breasted Chat",1
2017,"Acadian Flycatcher",7
2017,"American Crow",22
2017,"American Goldfinch",6
2017,"Barn Swallow",9
2017,"Blue Grosbeak",4
2017,"Blue Jay",4
2017,"Blue-gray Gnatcatcher",8
2017,"Brown-headed Cowbird",2
2017,"Brown-headed Nuthatch",1
2017,"Carolina Chickadee",6
2017,"Carolina Wren",18
2017,"Chipping Sparrow",5
2017,"Common Grackle",3
2017,"Common Yellowthroat",3
2017,"Downy Woodpecker",4
2017,"Eastern Bluebird",1
2017,"Eastern Meadowlark",3
2017,"Eastern Phoebe",1
2017,"Eastern Towhee",5
2017,"Eastern Whip-poor-will",3
2017,"Eastern Wood-Pewee",9
2017,"Field Sparrow",3
2017,"Great Blue Heron",1
2017,"Great Crested Flycatcher",2
2017,"Hooded Warbler",4
2017,"House Finch",2
2017,"House Sparrow",1
2017,"Indigo Bunting",18
2017,"Mourning Dove",32
2017,"Northern Cardinal",18
2017,"Northern Mockingbird",11
2017,"Northern Parula",2
2017,"Ovenbird",3
2017,"Pine Warbler",7
2017,"Purple Martin",10
2017,"Red-bellied Woodpecker",8
2017,"Red-eyed Vireo",15
2017,"Scarlet Tanager",6
2017,"Summer Tanager",7
2017,"Tufted Titmouse",18
2017,"White-breasted Nuthatch",2
2017,"White-eyed Vireo",3
2017,"Wood Thrush",11
2017,"Yellow-billed Cuckoo",7
2017,"Yellow-breasted Chat",10
2017,"Yellow-throated Vireo",1
2017,"Yellow-throated Warbler",1
2017,"Acadian Flycatcher",1
2017,"American Crow",49
2017,"American Goldfinch",7
2017,"American Robin",6
2017,"Barn Swallow",4
2017,"Blue Jay",2
2017,"Blue-gray Gnatcatcher",1
2017,"Brown Thrasher",2
2017,"Carolina Chickadee",1
2017,"Carolina Wren",6
2017,"Chimney Swift",3
2017,"Chipping Sparrow",4
2017,"Downy Woodpecker",1
2017,"Eastern Bluebird",6
2017,"Eastern Meadowlark",2
2017,"Eastern Phoebe",1
2017,"Eastern Towhee",1
2017,"Eastern Wood-Pewee",4
2017,"European Starling",10
2017,"Fish Crow",4
2017,"House Finch",4
2017,"Indigo Bunting",4
2017,"Mourning Dove",15
2017,"Northern Cardinal",23
2017,"Northern Mockingbird",4
2017,"Ovenbird",4
2017,"Pileated Woodpecker",1
2017,"Pine Warbler",8
2017,"Red-bellied Woodpecker",5
2017,"Red-eyed Vireo",4
2017,"Scarlet Tanager",1
2017,"Summer Tanager",1
2017,"Tufted Titmouse",10
2017,"Wood Thrush",2
2017,"Yellow-billed Cuckoo",8
2017,"Yellow-breasted Chat",3
2017,"Yellow-throated Vireo",1
2017,"Yellow-throated Warbler",2
2017,"Acadian Flycatcher",1
2017,"American Crow",19
2017,"American Robin",5
2017,"Blue Grosbeak",1
2017,"Blue Jay",1
2017,"Blue-gray Gnatcatcher",8
2017,"Brown Thrasher",2
2017,"Brown-headed Nuthatch",1
2017,"Carolina Chickadee",7
2017,"Carolina Wren",43
2017,"Chimney Swift",1
2017,"Chipping Sparrow",9
2017,"Common Grackle",1
2017,"Downy Woodpecker",4
2017,"Eastern Bluebird",10
2017,"Eastern Kingbird",2
2017,"Eastern Towhee",11
2017,"Eastern Wood-Pewee",2
2017,"Fish Crow",7
2017,"Great Blue Heron",2
2017,"Great Crested Flycatcher",2
2017,"Hooded Warbler",3
2017,"Indigo Bunting",1
2017,"Mourning Dove",11
2017,"Northern Cardinal",36
2017,"Northern Mockingbird",1
2017,"Northern Parula",2
2017,"Ovenbird",6
2017,"Pine Warbler",14
2017,"Red-bellied Woodpecker",6
2017,"Red-eyed Vireo",12
2017,"Red-shouldered Hawk",3
2017,"Ruby-throated Hummingbird",4
2017,"Scarlet Tanager",5
2017,"Summer Tanager",2
2017,"Tufted Titmouse",17
2017,"White-breasted Nuthatch",5
2017,"White-eyed Vireo",3
2017,"Wood Thrush",2
2017,"Yellow-billed Cuckoo",7
2017,"Yellow-breasted Chat",1
2017,"Yellow-throated Vireo",2
2017,"Yellow-throated Warbler",2
2017,"American Crow",29
2017,"American Goldfinch",2
2017,"American Robin",1
2017,"Barn Swallow",2
2017,"Blue Grosbeak",3
2017,"Blue Jay",3
2017,"Blue-gray Gnatcatcher",12
2017,"Brown-headed Cowbird",2
2017,"Carolina Chickadee",7
2017,"Carolina Wren",15
2017,"Chimney Swift",2
2017,"Chipping Sparrow",3
2017,"Common Grackle",1
2017,"Common Yellowthroat",3
2017,"Eastern Bluebird",5
2017,"Eastern Phoebe",3
2017,"Eastern Towhee",6
2017,"Eastern Wood-Pewee",1
2017,"European Starling",5
2017,"Fish Crow",2
2017,"Great Crested Flycatcher",4
2017,"Hooded Warbler",1
2017,"House Sparrow",1
2017,"Indigo Bunting",4
2017,"Mourning Dove",6
2017,"Northern Cardinal",22
2017,"Northern Mockingbird",6
2017,"Northern Parula",1
2017,"Ovenbird",2
2017,"Pileated Woodpecker",1
2017,"Pine Warbler",2
2017,"Red-bellied Woodpecker",10
2017,"Red-eyed Vireo",11
2017,"Scarlet Tanager",1
2017,"Summer Tanager",2
2017,"Tufted Titmouse",11
2017,"White-breasted Nuthatch",1
2017,"Wood Thrush",4
2017,"Yellow-billed Cuckoo",6
2017,"Yellow-breasted Chat",6
2017,"Yellow-throated Warbler",7
2017,"Acadian Flycatcher",1
2017,"American Crow",22
2017,"American Goldfinch",6
2017,"American Robin",18
2017,"Barn Swallow",16
2017,"Blue Grosbeak",11
2017,"Blue Jay",5
2017,"Blue-gray Gnatcatcher",8
2017,"Brown Thrasher",3
2017,"Brown-headed Cowbird",4
2017,"Carolina Chickadee",4
2017,"Carolina Wren",12
2017,"Chimney Swift",1
2017,"Chipping Sparrow",18
2017,"Common Grackle",7
2017,"Downy Woodpecker",1
2017,"Eastern Bluebird",12
2017,"Eastern Kingbird",1
2017,"Eastern Meadowlark",7
2017,"Eastern Phoebe",6
2017,"Eastern Towhee",2
2017,"Eastern Wood-Pewee",18
2017,"Field Sparrow",4
2017,"Fish Crow",1
2017,"Gray Catbird",3
2017,"Great Blue Heron",1
2017,"Great Crested Flycatcher",5
2017,"House Finch",1
2017,"Indigo Bunting",14
2017,"Mourning Dove",12
2017,"Northern Cardinal",31
2017,"Northern Mockingbird",19
2017,"Ovenbird",1
2017,"Pine Warbler",2
2017,"Purple Martin",2
2017,"Red-bellied Woodpecker",7
2017,"Red-eyed Vireo",7
2017,"Red-shouldered Hawk",2
2017,"Summer Tanager",10
2017,"Tufted Titmouse",11
2017,"White-breasted Nuthatch",1
2017,"White-eyed Vireo",5
2017,"Wood Thrush",4
2017,"Yellow-billed Cuckoo",7
2017,"Yellow-breasted Chat",4
2017,"American Crow",62
2017,"American Robin",17
2017,"Barn Swallow",5
2017,"Blue Grosbeak",5
2017,"Blue-gray Gnatcatcher",6
2017,"Brown Thrasher",2
2017,"Brown-headed Cowbird",1
2017,"Brown-headed Nuthatch",2
2017,"Carolina Chickadee",2
2017,"Carolina Wren",12
2017,"Chimney Swift",28
2017,"Chipping Sparrow",14
2017,"Common Grackle",5
2017,"Eastern Bluebird",13
2017,"Eastern Kingbird",1
2017,"Eastern Meadowlark",7
2017,"Eastern Phoebe",7
2017,"Eastern Towhee",4
2017,"Eastern Wood-Pewee",4
2017,"European Starling",11
2017,"Fish Crow",1
2017,"Gray Catbird",1
2017,"House Finch",12
2017,"Indigo Bunting",14
2017,"Mourning Dove",12
2017,"Northern Cardinal",29
2017,"Northern Mockingbird",29
2017,"Orchard Oriole",2
2017,"Pileated Woodpecker",1
2017,"Pine Warbler",4
2017,"Red-bellied Woodpecker",6
2017,"Red-eyed Vireo",2
2017,"Ruby-throated Hummingbird",1
2017,"Scarlet Tanager",1
2017,"Song Sparrow",2
2017,"Summer Tanager",4
2017,"Tufted Titmouse",16
2017,"White-breasted Nuthatch",1
2017,"White-eyed Vireo",2
2017,"Wood Thrush",7
2017,"Yellow-billed Cuckoo",7
2017,"Yellow-breasted Chat",1
2017,"Yellow-throated Warbler",2
2017,"Acadian Flycatcher",2
2017,"American Crow",27
2017,"American Goldfinch",2
2017,"American Robin",4
2017,"Blue Grosbeak",3
2017,"Blue Jay",3
2017,"Brown Thrasher",1
2017,"Carolina Chickadee",2
2017,"Carolina Wren",6
2017,"Chimney Swift",4
2017,"Chipping Sparrow",5
2017,"Common Grackle",7
2017,"Eastern Bluebird",4
2017,"Eastern Meadowlark",2
2017,"Eastern Towhee",1
2017,"Eastern Wood-Pewee",2
2017,"European Starling",44
2017,"Gray Catbird",1
2017,"Great Blue Heron",1
2017,"Great Crested Flycatcher",1
2017,"Indigo Bunting",7
2017,"Mourning Dove",12
2017,"Northern Cardinal",19
2017,"Northern Mockingbird",7
2017,"Orchard Oriole",1
2017,"Ovenbird",1
2017,"Pine Warbler",2
2017,"Purple Martin",10
2017,"Red-bellied Woodpecker",10
2017,"Red-eyed Vireo",5
2017,"Red-shouldered Hawk",2
2017,"Red-winged Blackbird",4
2017,"Tufted Titmouse",5
2017,"White-breasted Nuthatch",2
2017,"White-eyed Vireo",1
2017,"Wood Thrush",2
2017,"Yellow-billed Cuckoo",1
2017,"Yellow-breasted Chat",2
2017,"Acadian Flycatcher",1
2017,"American Crow",29
2017,"American Goldfinch",2
2017,"American Robin",7
2017,"Barn Swallow",1
2017,"Blue Jay",10
2017,"Blue-gray Gnatcatcher",7
2017,"Brown Thrasher",3
2017,"Brown-headed Cowbird",4
2017,"Brown-headed Nuthatch",5
2017,"Carolina Chickadee",6
2017,"Carolina Wren",11
2017,"Chimney Swift",5
2017,"Chipping Sparrow",13
2017,"Common Grackle",2
2017,"Common Yellowthroat",2
2017,"Downy Woodpecker",2
2017,"Eastern Phoebe",5
2017,"Eastern Towhee",5
2017,"Eastern Wood-Pewee",1
2017,"Fish Crow",2
2017,"Great Crested Flycatcher",3
2017,"Hooded Warbler",2
2017,"House Finch",5
2017,"Indigo Bunting",7
2017,"Mourning Dove",9
2017,"Northern Cardinal",9
2017,"Northern Mockingbird",8
2017,"Ovenbird",2
2017,"Pine Warbler",16
2017,"Prairie Warbler",3
2017,"Red-bellied Woodpecker",5
2017,"Red-eyed Vireo",9
2017,"Red-shouldered Hawk",1
2017,"Summer Tanager",4
2017,"Tufted Titmouse",22
2017,"White-breasted Nuthatch",1
2017,"White-eyed Vireo",1
2017,"Wood Thrush",6
2017,"Yellow-billed Cuckoo",1
2017,"Yellow-breasted Chat",1
2017,"Yellow-throated Warbler",2
2017,"American Crow",24
2017,"American Goldfinch",6
2017,"American Robin",14
2017,"Barn Swallow",5
2017,"Blue Jay",3
2017,"Blue-gray Gnatcatcher",3
2017,"Brown Thrasher",2
2017,"Brown-headed Cowbird",5
2017,"Brown-headed Nuthatch",1
2017,"Carolina Chickadee",9
2017,"Carolina Wren",8
2017,"Chimney Swift",5
2017,"Chipping Sparrow",7
2017,"Common Grackle",2
2017,"Downy Woodpecker",1
2017,"Eastern Bluebird",4
2017,"Eastern Phoebe",1
2017,"Eastern Towhee",7
2017,"European Starling",1
2017,"Fish Crow",2
2017,"Gray Catbird",6
2017,"House Sparrow",1
2017,"Mourning Dove",6
2017,"Northern Cardinal",25
2017,"Northern Mockingbird",12
2017,"Pine Warbler",2
2017,"Red-bellied Woodpecker",8
2017,"Red-winged Blackbird",3
2017,"Song Sparrow",6
2017,"Summer Tanager",1
2017,"Tufted Titmouse",10
2017,"American Crow",4
2017,"American Goldfinch",2
2017,"American Robin",26
2017,"Blue-gray Gnatcatcher",4
2017,"Brown-headed Nuthatch",1
2017,"Canada Goose",3
2017,"Carolina Chickadee",8
2017,"Carolina Wren",13
2017,"Chimney Swift",6
2017,"Chipping Sparrow",12
2017,"Downy Woodpecker",1
2017,"Eastern Bluebird",3
2017,"Eastern Phoebe",2
2017,"Eastern Towhee",9
2017,"Fish Crow",3
2017,"Gray Catbird",5
2017,"House Finch",8
2017,"Indigo Bunting",1
2017,"Mourning Dove",5
2017,"Northern Cardinal",31
2017,"Northern Mockingbird",4
2017,"Pine Warbler",5
2017,"Red-bellied Woodpecker",11
2017,"Red-shouldered Hawk",1
2017,"Song Sparrow",4
2017,"Summer Tanager",1
2017,"Tufted Titmouse",13
2017,"White-breasted Nuthatch",2
2017,"Wood Thrush",3
2017,"American Crow",14
2017,"American Goldfinch",2
2017,"American Robin",12
2017,"Blue Jay",5
2017,"Blue-gray Gnatcatcher",3
2017,"Brown Thrasher",1
2017,"Brown-headed Cowbird",4
2017,"Brown-headed Nuthatch",1
2017,"Carolina Chickadee",2
2017,"Carolina Wren",1
2017,"Chimney Swift",3
2017,"Chipping Sparrow",12
2017,"Common Grackle",12
2017,"Common Yellowthroat",1
2017,"Downy Woodpecker",1
2017,"Eastern Bluebird",8
2017,"Eastern Phoebe",1
2017,"Eastern Towhee",14
2017,"European Starling",9
2017,"Fish Crow",1
2017,"Gray Catbird",2
2017,"House Finch",4
2017,"Indigo Bunting",4
2017,"Mourning Dove",6
2017,"Northern Cardinal",16
2017,"Northern Mockingbird",11
2017,"Pine Warbler",4
2017,"Red-bellied Woodpecker",2
2017,"Red-winged Blackbird",1
2017,"Tufted Titmouse",8
2017,"Acadian Flycatcher",3
2017,"American Crow",13
2017,"American Goldfinch",6
2017,"American Robin",3
2017,"Blue Grosbeak",2
2017,"Blue Jay",1
2017,"Blue-gray Gnatcatcher",9
2017,"Brown-headed Cowbird",3
2017,"Brown-headed Nuthatch",3
2017,"Carolina Chickadee",1
2017,"Carolina Wren",19
2017,"Chipping Sparrow",13
2017,"Common Grackle",1
2017,"Common Yellowthroat",1
2017,"Eastern Bluebird",2
2017,"Eastern Phoebe",1
2017,"Eastern Towhee",10
2017,"Eastern Wood-Pewee",3
2017,"Fish Crow",1
2017,"Great Blue Heron",1
2017,"Great Crested Flycatcher",2
2017,"House Sparrow",1
2017,"Indigo Bunting",7
2017,"Mourning Dove",7
2017,"Northern Cardinal",22
2017,"Northern Mockingbird",1
2017,"Northern Parula",2
2017,"Ovenbird",4
2017,"Pine Warbler",8
2017,"Red-bellied Woodpecker",2
2017,"Red-eyed Vireo",5
2017,"Red-shouldered Hawk",1
2017,"Scarlet Tanager",1
2017,"Summer Tanager",4
2017,"Tufted Titmouse",6
2017,"White-breasted Nuthatch",1
2017,"Wood Thrush",3
2017,"Yellow-billed Cuckoo",2
2017,"American Crow",29
2017,"American Goldfinch",3
2017,"American Robin",10
2017,"Blue Grosbeak",4
2017,"Blue Jay",2
2017,"Blue-gray Gnatcatcher",12
2017,"Brown Thrasher",4
2017,"Brown-headed Nuthatch",1
2017,"Canada Goose",38
2017,"Carolina Chickadee",2
2017,"Carolina Wren",16
2017,"Chimney Swift",4
2017,"Chipping Sparrow",23
2017,"Common Grackle",2
2017,"Downy Woodpecker",1
2017,"Eastern Bluebird",7
2017,"Eastern Phoebe",2
2017,"Eastern Towhee",5
2017,"Eastern Wood-Pewee",1
2017,"European Starling",1
2017,"Fish Crow",2
2017,"Great Blue Heron",3
2017,"Great Crested Flycatcher",4
2017,"House Finch",4
2017,"Indigo Bunting",9
2017,"Mourning Dove",12
2017,"Northern Bobwhite",1
2017,"Northern Cardinal",47
2017,"Northern Mockingbird",13
2017,"Orchard Oriole",1
2017,"Pine Warbler",3
2017,"Red-bellied Woodpecker",13
2017,"Red-eyed Vireo",5
2017,"Summer Tanager",3
2017,"Tufted Titmouse",20
2017,"White-eyed Vireo",4
2017,"Wood Thrush",3
2017,"Yellow-billed Cuckoo",5
2017,"Yellow-breasted Chat",2
2017,"Yellow-throated Vireo",1
2017,"American Crow",25
2017,"American Goldfinch",2
2017,"American Robin",2
2017,"Barn Swallow",3
2017,"Blue Grosbeak",10
2017,"Blue Jay",1
2017,"Blue-gray Gnatcatcher",9
2017,"Brown Thrasher",2
2017,"Brown-headed Cowbird",4
2017,"Canada Goose",10
2017,"Carolina Chickadee",2
2017,"Carolina Wren",9
2017,"Chimney Swift",3
2017,"Chipping Sparrow",19
2017,"Common Grackle",5
2017,"Common Yellowthroat",4
2017,"Eastern Bluebird",6
2017,"Eastern Kingbird",2
2017,"Eastern Meadowlark",9
2017,"Eastern Phoebe",2
2017,"Eastern Wood-Pewee",4
2017,"European Starling",13
2017,"Grasshopper Sparrow",3
2017,"Great Crested Flycatcher",4
2017,"House Finch",2
2017,"Indigo Bunting",19
2017,"Killdeer",1
2017,"Mourning Dove",13
2017,"Northern Cardinal",20
2017,"Northern Mockingbird",13
2017,"Northern Parula",1
2017,"Orchard Oriole",1
2017,"Ovenbird",1
2017,"Pine Warbler",1
2017,"Red-bellied Woodpecker",8
2017,"Red-eyed Vireo",2
2017,"Red-shouldered Hawk",1
2017,"Red-winged Blackbird",9
2017,"Ruby-throated Hummingbird",1
2017,"Summer Tanager",2
2017,"Tufted Titmouse",13
2017,"Turkey Vulture",3
2017,"White-eyed Vireo",1
2017,"Wood Thrush",2
2017,"Yellow-billed Cuckoo",1
2017,"Yellow-breasted Chat",1
2017,"American Crow",15
2017,"American Goldfinch",1
2017,"Blue Grosbeak",2
2017,"Brown Thrasher",1
2017,"Carolina Wren",14
2017,"Chimney Swift",1
2017,"Eastern Bluebird",1
2017,"Eastern Meadowlark",1
2017,"European Starling",6
2017,"Indigo Bunting",3
2017,"Mourning Dove",6
2017,"Northern Cardinal",7
2017,"Red-bellied Woodpecker",2
2017,"Red-eyed Vireo",9
2017,"Red-winged Blackbird",4
2017,"Summer Tanager",1
2017,"Tufted Titmouse",6
2017,"Wood Thrush",2
2017,"American Crow",27
2017,"Brown Thrasher",2
2017,"Carolina Chickadee",3
2017,"Carolina Wren",9
2017,"Chimney Swift",1
2017,"Eastern Bluebird",3
2017,"Eastern Meadowlark",1
2017,"Eastern Towhee",3
2017,"European Starling",2
2017,"Great Crested Flycatcher",1
2017,"Indigo Bunting",2
2017,"Mourning Dove",5
2017,"Northern Cardinal",13
2017,"Northern Mockingbird",3
2017,"Red-bellied Woodpecker",3
2017,"Red-eyed Vireo",5
2017,"Summer Tanager",5
2017,"Tufted Titmouse",15
2017,"Wood Thrush",2
2017,"Yellow-billed Cuckoo",2
2017,"American Crow",19
2017,"Barn Swallow",1
2017,"Blue Jay",2
2017,"Blue-gray Gnatcatcher",11
2017,"Brown Thrasher",3
2017,"Carolina Chickadee",7
2017,"Carolina Wren",18
2017,"Chimney Swift",3
2017,"Chipping Sparrow",10
2017,"Downy Woodpecker",1
2017,"Eastern Bluebird",2
2017,"Eastern Phoebe",4
2017,"Eastern Towhee",2
2017,"Eastern Wood-Pewee",1
2017,"Gray Catbird",3
2017,"Great Crested Flycatcher",2
2017,"House Finch",4
2017,"Indigo Bunting",6
2017,"Mourning Dove",7
2017,"Northern Cardinal",25
2017,"Northern Mockingbird",6
2017,"Northern Parula",1
2017,"Pileated Woodpecker",1
2017,"Pine Warbler",2
2017,"Red-bellied Woodpecker",6
2017,"Red-eyed Vireo",5
2017,"Red-shouldered Hawk",1
2017,"Summer Tanager",4
2017,"Tufted Titmouse",22
2017,"White-breasted Nuthatch",3
2017,"Acadian Flycatcher",4
2017,"American Crow",28
2017,"American Goldfinch",14
2017,"Barn Swallow",5
2017,"Blue Grosbeak",8
2017,"Blue Jay",4
2017,"Blue-gray Gnatcatcher",14
2017,"Brown-headed Cowbird",7
2017,"Brown-headed Nuthatch",1
2017,"Canada Goose",1
2017,"Carolina Chickadee",7
2017,"Carolina Wren",21
2017,"Chimney Swift",2
2017,"Chipping Sparrow",17
2017,"Common Grackle",5
2017,"Common Yellowthroat",3
2017,"Downy Woodpecker",2
2017,"Eastern Bluebird",13
2017,"Eastern Meadowlark",2
2017,"Eastern Phoebe",3
2017,"Eastern Towhee",2
2017,"Eastern Wood-Pewee",9
2017,"European Starling",1
2017,"Field Sparrow",1
2017,"Fish Crow",4
2017,"Grasshopper Sparrow",1
2017,"Great Blue Heron",1
2017,"Great Crested Flycatcher",2
2017,"House Finch",2
2017,"Indigo Bunting",15
2017,"Killdeer",2
2017,"Mourning Dove",28
2017,"Northern Cardinal",31
2017,"Northern Mockingbird",9
2017,"Orchard Oriole",2
2017,"Ovenbird",1
2017,"Pine Warbler",9
2017,"Red-bellied Woodpecker",11
2017,"Red-eyed Vireo",4
2017,"Red-shouldered Hawk",4
2017,"Red-winged Blackbird",1
2017,"Ruby-throated Hummingbird",1
2017,"Summer Tanager",3
2017,"Tufted Titmouse",20
2017,"Turkey Vulture",2
2017,"White-breasted Nuthatch",1
2017,"White-eyed Vireo",1
2017,"Wood Thrush",2
2017,"Yellow-billed Cuckoo",6
2017,"Yellow-breasted Chat",2
2017,"Yellow-throated Warbler",3
2017,"Acadian Flycatcher",1
2017,"American Crow",17
2017,"American Robin",10
2017,"Blue Jay",2
2017,"Brown Thrasher",3
2017,"Carolina Wren",11
2017,"Chipping Sparrow",11
2017,"Eastern Bluebird",3
2017,"Eastern Meadowlark",1
2017,"Eastern Phoebe",1
2017,"Eastern Towhee",9
2017,"European Starling",1
2017,"House Finch",3
2017,"Indigo Bunting",2
2017,"Killdeer",3
2017,"Mourning Dove",11
2017,"Northern Cardinal",24
2017,"Northern Mockingbird",3
2017,"Ovenbird",1
2017,"Pine Warbler",1
2017,"Red-bellied Woodpecker",5
2017,"Red-eyed Vireo",2
2017,"Tufted Titmouse",11
2017,"Turkey Vulture",1
2017,"White-eyed Vireo",1
2017,"Wood Thrush",3
2017,"Yellow-breasted Chat",3
2017,"Acadian Flycatcher",2
2017,"American Crow",25
2017,"American Goldfinch",3
2017,"American Robin",3
2017,"Barn Swallow",1
2017,"Blue Grosbeak",13
2017,"Blue Jay",1
2017,"Blue-gray Gnatcatcher",9
2017,"Brown Thrasher",6
2017,"Brown-headed Cowbird",5
2017,"Canada Goose",2
2017,"Carolina Chickadee",3
2017,"Carolina Wren",5
2017,"Chimney Swift",2
2017,"Chipping Sparrow",27
2017,"Common Grackle",5
2017,"Common Yellowthroat",8
2017,"Eastern Bluebird",11
2017,"Eastern Kingbird",5
2017,"Eastern Meadowlark",2
2017,"Eastern Towhee",5
2017,"Eastern Wood-Pewee",8
2017,"European Starling",6
2017,"Field Sparrow",6
2017,"Fish Crow",4
2017,"Grasshopper Sparrow",5
2017,"Gray Catbird",2
2017,"Great Crested Flycatcher",5
2017,"Hooded Warbler",1
2017,"House Sparrow",2
2017,"Indigo Bunting",24
2017,"Mourning Dove",16
2017,"Northern Cardinal",32
2017,"Northern Mockingbird",3
2017,"Northern Parula",2
2017,"Orchard Oriole",1
2017,"Pileated Woodpecker",2
2017,"Pine Warbler",1
2017,"Red-bellied Woodpecker",1
2017,"Red-eyed Vireo",13
2017,"Red-shouldered Hawk",3
2017,"Red-winged Blackbird",2
2017,"Scarlet Tanager",1
2017,"Summer Tanager",7
2017,"Tufted Titmouse",22
2017,"White-eyed Vireo",2
2017,"Wood Thrush",6
2017,"Yellow-billed Cuckoo",1
2017,"Yellow-breasted Chat",7
2017,"Yellow-throated Vireo",3
2017,"American Crow",16
2017,"Blue Grosbeak",1
2017,"Blue Jay",2
2017,"Carolina Wren",9
2017,"Chipping Sparrow",1
2017,"Common Grackle",2
2017,"Eastern Bluebird",3
2017,"Eastern Towhee",2
2017,"European Starling",1
2017,"Great Crested Flycatcher",2
2017,"Indigo Bunting",3
2017,"Mourning Dove",9
2017,"Northern Cardinal",13
2017,"Ovenbird",1
2017,"Red-bellied Woodpecker",2
2017,"Red-eyed Vireo",6
2017,"Summer Tanager",5
2017,"Tufted Titmouse",16
2017,"Wood Thrush",2
2017,"Acadian Flycatcher",1
2017,"American Crow",26
2017,"Brown Thrasher",3
2017,"Carolina Chickadee",1
2017,"Carolina Wren",8
2017,"Chimney Swift",1
2017,"Common Grackle",22
2017,"Eastern Towhee",2
2017,"Great Crested Flycatcher",1
2017,"Indigo Bunting",1
2017,"Northern Cardinal",13
2017,"Red-bellied Woodpecker",2
2017,"Red-eyed Vireo",5
2017,"Tufted Titmouse",17
2017,"White-breasted Nuthatch",2
2017,"American Crow",33
2017,"American Goldfinch",1
2017,"American Robin",2
2017,"Barn Swallow",1
2017,"Blue Grosbeak",1
2017,"Blue Jay",4
2017,"Blue-gray Gnatcatcher",3
2017,"Brown-headed Cowbird",1
2017,"Carolina Chickadee",3
2017,"Carolina Wren",11
2017,"Chipping Sparrow",10
2017,"Common Grackle",1
2017,"Downy Woodpecker",1
2017,"Eastern Bluebird",6
2017,"Eastern Meadowlark",1
2017,"Eastern Phoebe",1
2017,"Eastern Towhee",5
2017,"Eastern Wood-Pewee",6
2017,"Great Crested Flycatcher",3
2017,"Indigo Bunting",1
2017,"Mourning Dove",5
2017,"Northern Cardinal",19
2017,"Northern Mockingbird",4
2017,"Northern Parula",2
2017,"Orchard Oriole",1
2017,"Ovenbird",1
2017,"Pine Warbler",6
2017,"Red-bellied Woodpecker",7
2017,"Red-eyed Vireo",1
2017,"Red-shouldered Hawk",1
2017,"Summer Tanager",1
2017,"Tufted Titmouse",5
2017,"White-breasted Nuthatch",1
2017,"Wood Thrush",1
2017,"Yellow-billed Cuckoo",1
2017,"American Crow",8
2017,"American Robin",8
2017,"Barn Swallow",6
2017,"Brown Thrasher",4
2017,"Brown-headed Cowbird",1
2017,"Carolina Chickadee",1
2017,"Carolina Wren",23
2017,"Chipping Sparrow",4
2017,"Common Grackle",5
2017,"Eastern Bluebird",3
2017,"Eastern Phoebe",1
2017,"Eastern Towhee",9
2017,"Eastern Wood-Pewee",2
2017,"Fish Crow",3
2017,"Gray Catbird",5
2017,"Great Crested Flycatcher",1
2017,"House Finch",2
2017,"Indigo Bunting",1
2017,"Mourning Dove",9
2017,"Northern Cardinal",33
2017,"Northern Mockingbird",3
2017,"Pine Warbler",5
2017,"Red-bellied Woodpecker",10
2017,"Red-eyed Vireo",2
2017,"Scarlet Tanager",1
2017,"Song Sparrow",1
2017,"Summer Tanager",1
2017,"Tufted Titmouse",23
2017,"Wood Thrush",2
2017,"Yellow-billed Cuckoo",1
2017,"Yellow-throated Warbler",1
2018,"Acadian Flycatcher",5
2018,"American Crow",23
2018,"American Goldfinch",8
2018,"Barn Swallow",2
2018,"Blue Jay",2
2018,"Blue-gray Gnatcatcher",8
2018,"Brown Thrasher",1
2018,"Brown-headed Cowbird",2
2018,"Brown-headed Nuthatch",2
2018,"Carolina Chickadee",5
2018,"Carolina Wren",12
2018,"Chipping Sparrow",5
2018,"Common Grackle",2
2018,"Common Yellowthroat",2
2018,"Downy Woodpecker",1
2018,"Eastern Bluebird",8
2018,"Eastern Phoebe",1
2018,"Eastern Towhee",4
2018,"Fish Crow",2
2018,"Great Crested Flycatcher",4
2018,"Hooded Warbler",6
2018,"House Finch",2
2018,"Indigo Bunting",2
2018,"Mourning Dove",5
2018,"Northern Cardinal",33
2018,"Northern Mockingbird",3
2018,"Northern Parula",1
2018,"Ovenbird",5
2018,"Pine Warbler",9
2018,"Prairie Warbler",1
2018,"Red-bellied Woodpecker",8
2018,"Red-eyed Vireo",6
2018,"Summer Tanager",5
2018,"Tufted Titmouse",15
2018,"White-breasted Nuthatch",1
2018,"Wood Thrush",5
2018,"Yellow-billed Cuckoo",1
2018,"Yellow-breasted Chat",1
2018,"Yellow-throated Warbler",5
2018,"Acadian Flycatcher",1
2018,"American Crow",15
2018,"American Goldfinch",8
2018,"American Robin",5
2018,"Barn Swallow",1
2018,"Blue Grosbeak",4
2018,"Blue Jay",3
2018,"Blue-gray Gnatcatcher",16
2018,"Brown Thrasher",1
2018,"Brown-headed Cowbird",1
2018,"Brown-headed Nuthatch",6
2018,"Canada Goose",13
2018,"Carolina Chickadee",4
2018,"Carolina Wren",14
2018,"Chimney Swift",2
2018,"Chipping Sparrow",12
2018,"Common Grackle",11
2018,"Eastern Bluebird",1
2018,"Eastern Towhee",8
2018,"Eastern Whip-poor-will",2
2018,"Eastern Wood-Pewee",4
2018,"European Starling",5
2018,"Fish Crow",1
2018,"Great Blue Heron",2
2018,"Great Crested Flycatcher",4
2018,"House Finch",9
2018,"Indigo Bunting",6
2018,"Killdeer",2
2018,"Mourning Dove",12
2018,"Northern Cardinal",32
2018,"Northern Mockingbird",5
2018,"Ovenbird",3
2018,"Pine Warbler",14
2018,"Purple Martin",1
2018,"Red-bellied Woodpecker",11
2018,"Red-eyed Vireo",7
2018,"Ruby-throated Hummingbird",1
2018,"Scarlet Tanager",1
2018,"Summer Tanager",6
2018,"Tufted Titmouse",19
2018,"White-breasted Nuthatch",2
2018,"White-eyed Vireo",1
2018,"Wood Thrush",3
2018,"Yellow-billed Cuckoo",1
2018,"Yellow-throated Warbler",1
2018,"Acadian Flycatcher",1
2018,"American Crow",12
2018,"American Robin",7
2018,"Barn Swallow",3
2018,"Blue Grosbeak",5
2018,"Blue Jay",2
2018,"Brown Thrasher",1
2018,"Carolina Chickadee",3
2018,"Carolina Wren",14
2018,"Chipping Sparrow",3
2018,"Common Grackle",4
2018,"Common Yellowthroat",2
2018,"Eastern Bluebird",10
2018,"Eastern Kingbird",1
2018,"Eastern Meadowlark",2
2018,"Eastern Phoebe",1
2018,"Eastern Towhee",2
2018,"European Starling",3
2018,"Great Crested Flycatcher",3
2018,"Indigo Bunting",7
2018,"Mourning Dove",17
2018,"Northern Bobwhite",2
2018,"Northern Cardinal",13
2018,"Northern Mockingbird",3
2018,"Orchard Oriole",3
2018,"Ovenbird",2
2018,"Pine Warbler",13
2018,"Red-bellied Woodpecker",5
2018,"Red-eyed Vireo",3
2018,"Summer Tanager",3
2018,"Tufted Titmouse",10
2018,"Wood Thrush",1
2018,"Yellow-billed Cuckoo",5
2018,"Yellow-breasted Chat",5
2018,"Acadian Flycatcher",2
2018,"American Crow",23
2018,"American Goldfinch",7
2018,"American Robin",1
2018,"Barn Swallow",3
2018,"Blue Grosbeak",2
2018,"Blue-gray Gnatcatcher",16
2018,"Brown Thrasher",2
2018,"Carolina Chickadee",4
2018,"Carolina Wren",14
2018,"Chimney Swift",4
2018,"Chipping Sparrow",13
2018,"Common Yellowthroat",2
2018,"Eastern Bluebird",3
2018,"Eastern Kingbird",1
2018,"Eastern Meadowlark",1
2018,"Eastern Phoebe",1
2018,"Eastern Towhee",1
2018,"Eastern Wood-Pewee",2
2018,"European Starling",2
2018,"Great Blue Heron",2
2018,"Great Crested Flycatcher",3
2018,"House Finch",7
2018,"Indigo Bunting",7
2018,"Mourning Dove",13
2018,"Northern Cardinal",21
2018,"Northern Mockingbird",5
2018,"Ovenbird",3
2018,"Red-bellied Woodpecker",3
2018,"Red-eyed Vireo",1
2018,"Red-winged Blackbird",2
2018,"Ruby-throated Hummingbird",1
2018,"Scarlet Tanager",1
2018,"Summer Tanager",6
2018,"Tufted Titmouse",27
2018,"White-eyed Vireo",4
2018,"Wood Thrush",1
2018,"Yellow-billed Cuckoo",2
2018,"Yellow-breasted Chat",3
2018,"Yellow-throated Warbler",2
2018,"Acadian Flycatcher",1
2018,"American Crow",38
2018,"American Goldfinch",15
2018,"American Robin",2
2018,"Barn Swallow",4
2018,"Blue Grosbeak",19
2018,"Blue Jay",8
2018,"Blue-gray Gnatcatcher",10
2018,"Brown Thrasher",5
2018,"Brown-headed Cowbird",9
2018,"Carolina Chickadee",5
2018,"Carolina Wren",29
2018,"Chipping Sparrow",20
2018,"Common Grackle",9
2018,"Eastern Bluebird",15
2018,"Eastern Meadowlark",10
2018,"Eastern Wood-Pewee",13
2018,"European Starling",6
2018,"Great Blue Heron",1
2018,"Great Crested Flycatcher",7
2018,"House Finch",4
2018,"Indigo Bunting",10
2018,"Mourning Dove",21
2018,"Northern Bobwhite",1
2018,"Northern Cardinal",44
2018,"Northern Mockingbird",30
2018,"Ovenbird",2
2018,"Purple Martin",12
2018,"Red-bellied Woodpecker",19
2018,"Red-eyed Vireo",1
2018,"Red-shouldered Hawk",2
2018,"Red-winged Blackbird",2
2018,"Summer Tanager",7
2018,"Tufted Titmouse",28
2018,"White-breasted Nuthatch",5
2018,"Wood Thrush",5
2018,"Yellow-billed Cuckoo",7
2018,"Yellow-breasted Chat",1
2018,"Yellow-throated Warbler",1
2018,"American Crow",52
2018,"American Goldfinch",2
2018,"American Robin",2
2018,"Barn Swallow",1
2018,"Blue Grosbeak",10
2018,"Blue Jay",6
2018,"Blue-gray Gnatcatcher",8
2018,"Brown Thrasher",3
2018,"Brown-headed Cowbird",5
2018,"Carolina Chickadee",8
2018,"Carolina Wren",22
2018,"Chimney Swift",2
2018,"Chipping Sparrow",10
2018,"Common Grackle",18
2018,"Common Yellowthroat",2
2018,"Downy Woodpecker",3
2018,"Eastern Bluebird",5
2018,"Eastern Meadowlark",2
2018,"Eastern Phoebe",2
2018,"Eastern Towhee",9
2018,"Eastern Wood-Pewee",6
2018,"Field Sparrow",2
2018,"Grasshopper Sparrow",3
2018,"Great Crested Flycatcher",1
2018,"Indigo Bunting",13
2018,"Killdeer",1
2018,"Mourning Dove",30
2018,"Northern Cardinal",22
2018,"Northern Mockingbird",7
2018,"Northern Parula",1
2018,"Orchard Oriole",1
2018,"Ovenbird",2
2018,"Pileated Woodpecker",2
2018,"Pine Warbler",2
2018,"Prairie Warbler",1
2018,"Purple Martin",3
2018,"Red-bellied Woodpecker",13
2018,"Red-eyed Vireo",3
2018,"Red-shouldered Hawk",3
2018,"Red-winged Blackbird",7
2018,"Ruby-throated Hummingbird",1
2018,"Scarlet Tanager",1
2018,"Summer Tanager",2
2018,"Tufted Titmouse",15
2018,"White-breasted Nuthatch",1
2018,"White-eyed Vireo",3
2018,"Wood Thrush",1
2018,"Yellow-billed Cuckoo",8
2018,"Yellow-breasted Chat",1
2018,"Acadian Flycatcher",5
2018,"American Crow",21
2018,"American Goldfinch",2
2018,"Barn Swallow",10
2018,"Blue Grosbeak",5
2018,"Blue Jay",2
2018,"Blue-gray Gnatcatcher",7
2018,"Brown Thrasher",2
2018,"Brown-headed Cowbird",2
2018,"Brown-headed Nuthatch",1
2018,"Carolina Chickadee",2
2018,"Carolina Wren",19
2018,"Chipping Sparrow",7
2018,"Common Grackle",6
2018,"Common Yellowthroat",1
2018,"Downy Woodpecker",1
2018,"Eastern Bluebird",4
2018,"Eastern Meadowlark",5
2018,"Eastern Phoebe",1
2018,"Eastern Towhee",5
2018,"Eastern Whip-poor-will",1
2018,"Eastern Wood-Pewee",5
2018,"Field Sparrow",1
2018,"Grasshopper Sparrow",1
2018,"Great Crested Flycatcher",1
2018,"Hooded Warbler",4
2018,"House Finch",2
2018,"Indigo Bunting",16
2018,"Mourning Dove",15
2018,"Northern Cardinal",22
2018,"Northern Mockingbird",7
2018,"Northern Parula",3
2018,"Orchard Oriole",1
2018,"Ovenbird",7
2018,"Pine Warbler",7
2018,"Prairie Warbler",3
2018,"Red-bellied Woodpecker",17
2018,"Red-eyed Vireo",21
2018,"Red-shouldered Hawk",1
2018,"Ruby-throated Hummingbird",1
2018,"Scarlet Tanager",2
2018,"Summer Tanager",5
2018,"Tufted Titmouse",12
2018,"Turkey Vulture",1
2018,"White-eyed Vireo",3
2018,"Wood Thrush",5
2018,"Yellow-billed Cuckoo",7
2018,"Yellow-breasted Chat",11
2018,"Yellow-throated Vireo",2
2018,"Yellow-throated Warbler",4
2018,"Acadian Flycatcher",4
2018,"American Crow",42
2018,"American Goldfinch",9
2018,"American Robin",8
2018,"Blue Grosbeak",1
2018,"Blue Jay",5
2018,"Blue-gray Gnatcatcher",14
2018,"Brown Thrasher",4
2018,"Brown-headed Nuthatch",4
2018,"Carolina Chickadee",15
2018,"Carolina Wren",30
2018,"Chipping Sparrow",4
2018,"Common Grackle",4
2018,"Downy Woodpecker",4
2018,"Eastern Bluebird",6
2018,"Eastern Towhee",5
2018,"Eastern Wood-Pewee",3
2018,"Fish Crow",6
2018,"Great Blue Heron",1
2018,"Great Crested Flycatcher",2
2018,"Hooded Warbler",1
2018,"Indigo Bunting",6
2018,"Mourning Dove",12
2018,"Northern Cardinal",27
2018,"Northern Mockingbird",2
2018,"Northern Parula",6
2018,"Pileated Woodpecker",1
2018,"Pine Warbler",21
2018,"Prairie Warbler",1
2018,"Red-bellied Woodpecker",11
2018,"Red-eyed Vireo",15
2018,"Red-shouldered Hawk",3
2018,"Red-winged Blackbird",6
2018,"Ruby-throated Hummingbird",4
2018,"Scarlet Tanager",3
2018,"Summer Tanager",7
2018,"Tufted Titmouse",24
2018,"White-breasted Nuthatch",11
2018,"White-eyed Vireo",2
2018,"Wood Thrush",4
2018,"Yellow-billed Cuckoo",16
2018,"Yellow-breasted Chat",3
2018,"Yellow-throated Warbler",2
2018,"Acadian Flycatcher",1
2018,"American Crow",17
2018,"American Goldfinch",2
2018,"American Robin",2
2018,"Blue Grosbeak",1
2018,"Blue Jay",1
2018,"Blue-gray Gnatcatcher",8
2018,"Brown Thrasher",1
2018,"Brown-headed Cowbird",2
2018,"Carolina Chickadee",1
2018,"Carolina Wren",10
2018,"Chipping Sparrow",8
2018,"Common Grackle",2
2018,"Eastern Bluebird",5
2018,"Eastern Phoebe",3
2018,"Eastern Towhee",2
2018,"Eastern Whip-poor-will",1
2018,"Eastern Wood-Pewee",2
2018,"European Starling",2
2018,"Fish Crow",2
2018,"Great Blue Heron",1
2018,"Great Crested Flycatcher",2
2018,"Indigo Bunting",2
2018,"Mourning Dove",11
2018,"Northern Cardinal",19
2018,"Northern Mockingbird",6
2018,"Northern Parula",3
2018,"Ovenbird",1
2018,"Pileated Woodpecker",1
2018,"Pine Warbler",9
2018,"Red-bellied Woodpecker",11
2018,"Red-eyed Vireo",9
2018,"Red-shouldered Hawk",1
2018,"Ruby-throated Hummingbird",1
2018,"Summer Tanager",4
2018,"Tufted Titmouse",5
2018,"White-eyed Vireo",2
2018,"Wood Thrush",3
2018,"Yellow-billed Cuckoo",3
2018,"Yellow-breasted Chat",2
2018,"Yellow-throated Warbler",6
2018,"American Crow",30
2018,"American Goldfinch",3
2018,"American Robin",10
2018,"Barn Swallow",6
2018,"Blue Grosbeak",11
2018,"Blue Jay",6
2018,"Blue-gray Gnatcatcher",6
2018,"Brown Thrasher",6
2018,"Brown-headed Cowbird",7
2018,"Brown-headed Nuthatch",2
2018,"Carolina Chickadee",4
2018,"Carolina Wren",28
2018,"Chimney Swift",27
2018,"Chipping Sparrow",21
2018,"Common Grackle",1
2018,"Downy Woodpecker",1
2018,"Eastern Bluebird",8
2018,"Eastern Kingbird",1
2018,"Eastern Meadowlark",10
2018,"Eastern Phoebe",1
2018,"Eastern Towhee",8
2018,"Eastern Wood-Pewee",8
2018,"European Starling",10
2018,"Field Sparrow",3
2018,"Gray Catbird",2
2018,"Great Blue Heron",1
2018,"Great Crested Flycatcher",3
2018,"House Finch",4
2018,"Indigo Bunting",5
2018,"Mourning Dove",16
2018,"Northern Cardinal",37
2018,"Northern Mockingbird",25
2018,"Ovenbird",1
2018,"Pine Warbler",1
2018,"Red-bellied Woodpecker",9
2018,"Red-eyed Vireo",4
2018,"Red-shouldered Hawk",3
2018,"Song Sparrow",3
2018,"Summer Tanager",6
2018,"Tufted Titmouse",15
2018,"White-eyed Vireo",2
2018,"Yellow-billed Cuckoo",3
2018,"Yellow-breasted Chat",1
2018,"American Crow",26
2018,"American Goldfinch",3
2018,"American Robin",1
2018,"Barn Swallow",2
2018,"Blue Grosbeak",5
2018,"Blue Jay",4
2018,"Brown Thrasher",1
2018,"Carolina Chickadee",4
2018,"Carolina Wren",6
2018,"Chipping Sparrow",2
2018,"Eastern Bluebird",9
2018,"Eastern Meadowlark",2
2018,"Eastern Phoebe",3
2018,"Eastern Towhee",2
2018,"European Starling",3
2018,"Field Sparrow",5
2018,"Great Blue Heron",1
2018,"Great Crested Flycatcher",1
2018,"Hooded Warbler",1
2018,"House Finch",6
2018,"Indigo Bunting",9
2018,"Mourning Dove",16
2018,"Northern Cardinal",18
2018,"Northern Mockingbird",7
2018,"Orchard Oriole",1
2018,"Ovenbird",3
2018,"Pileated Woodpecker",1
2018,"Prairie Warbler",1
2018,"Purple Martin",5
2018,"Red-eyed Vireo",13
2018,"Red-winged Blackbird",3
2018,"Scarlet Tanager",1
2018,"Summer Tanager",4
2018,"Tufted Titmouse",17
2018,"Turkey Vulture",6
2018,"White-eyed Vireo",1
2018,"Wood Thrush",4
2018,"Yellow-billed Cuckoo",2
2018,"Yellow-throated Vireo",2
2018,"Yellow-throated Warbler",1
2018,"Red-bellied Woodpecker",8
2018,"American Crow",20
2018,"American Robin",1
2018,"Blue Grosbeak",3
2018,"Blue Jay",2
2018,"Blue-gray Gnatcatcher",13
2018,"Brown-headed Cowbird",4
2018,"Brown-headed Nuthatch",1
2018,"Carolina Chickadee",9
2018,"Carolina Wren",23
2018,"Chimney Swift",4
2018,"Chipping Sparrow",13
2018,"Common Grackle",3
2018,"Common Yellowthroat",3
2018,"Downy Woodpecker",2
2018,"Eastern Bluebird",7
2018,"Eastern Towhee",6
2018,"Eastern Wood-Pewee",11
2018,"Fish Crow",1
2018,"Great Blue Heron",2
2018,"Great Crested Flycatcher",3
2018,"Indigo Bunting",7
2018,"Mourning Dove",13
2018,"Northern Cardinal",35
2018,"Northern Mockingbird",2
2018,"Ovenbird",1
2018,"Pine Warbler",5
2018,"Prairie Warbler",1
2018,"Red-bellied Woodpecker",9
2018,"Red-eyed Vireo",9
2018,"Red-shouldered Hawk",1
2018,"Summer Tanager",7
2018,"Tufted Titmouse",31
2018,"Wood Thrush",3
2018,"Yellow-billed Cuckoo",3
2018,"Yellow-throated Vireo",1
2018,"Yellow-throated Warbler",1
2018,"Acadian Flycatcher",1
2018,"American Crow",16
2018,"American Goldfinch",5
2018,"American Robin",28
2018,"Barn Swallow",8
2018,"Blue Jay",1
2018,"Blue-gray Gnatcatcher",4
2018,"Carolina Chickadee",16
2018,"Carolina Wren",13
2018,"Chimney Swift",5
2018,"Chipping Sparrow",5
2018,"Common Grackle",1
2018,"Downy Woodpecker",1
2018,"Eastern Bluebird",3
2018,"Eastern Towhee",7
2018,"European Starling",1
2018,"Fish Crow",1
2018,"Gray Catbird",5
2018,"Great Crested Flycatcher",1
2018,"House Finch",12
2018,"Mourning Dove",9
2018,"Northern Cardinal",33
2018,"Northern Mockingbird",7
2018,"Northern Parula",1
2018,"Ovenbird",1
2018,"Pine Warbler",2
2018,"Red-bellied Woodpecker",8
2018,"Red-eyed Vireo",3
2018,"Song Sparrow",10
2018,"Tufted Titmouse",17
2018,"Yellow-throated Warbler",1
2018,"Acadian Flycatcher",1
2018,"American Crow",14
2018,"American Goldfinch",2
2018,"Blue Jay",6
2018,"Blue-gray Gnatcatcher",13
2018,"Brown-headed Cowbird",1
2018,"Carolina Chickadee",7
2018,"Carolina Wren",10
2018,"Chipping Sparrow",9
2018,"Common Grackle",3
2018,"Common Yellowthroat",1
2018,"Downy Woodpecker",1
2018,"Eastern Bluebird",2
2018,"Eastern Towhee",3
2018,"Eastern Wood-Pewee",5
2018,"Fish Crow",8
2018,"Gray Catbird",2
2018,"Great Crested Flycatcher",3
2018,"Indigo Bunting",5
2018,"Mourning Dove",5
2018,"Northern Cardinal",29
2018,"Northern Mockingbird",4
2018,"Northern Parula",1
2018,"Ovenbird",3
2018,"Pine Warbler",5
2018,"Red-bellied Woodpecker",10
2018,"Red-eyed Vireo",8
2018,"Ruby-throated Hummingbird",1
2018,"Song Sparrow",2
2018,"Summer Tanager",7
2018,"Tufted Titmouse",10
2018,"White-eyed Vireo",2
2018,"Wood Thrush",5
2018,"Yellow-billed Cuckoo",3
2018,"Yellow-throated Vireo",1
2018,"Yellow-throated Warbler",2
2018,"American Crow",10
2018,"American Robin",6
2018,"Blue Jay",2
2018,"Blue-gray Gnatcatcher",6
2018,"Brown-headed Cowbird",4
2018,"Carolina Chickadee",5
2018,"Carolina Wren",18
2018,"Chimney Swift",3
2018,"Chipping Sparrow",7
2018,"Common Grackle",1
2018,"Eastern Towhee",13
2018,"Eastern Wood-Pewee",1
2018,"Gray Catbird",3
2018,"Great Crested Flycatcher",2
2018,"House Finch",14
2018,"Mourning Dove",6
2018,"Northern Cardinal",37
2018,"Northern Mockingbird",2
2018,"Pine Warbler",3
2018,"Red-bellied Woodpecker",7
2018,"Red-shouldered Hawk",1
2018,"Song Sparrow",2
2018,"Summer Tanager",4
2018,"Tufted Titmouse",10
2018,"White-breasted Nuthatch",1
2018,"Wood Thrush",1
2018,"American Crow",10
2018,"American Goldfinch",2
2018,"American Robin",8
2018,"Blue Grosbeak",1
2018,"Blue Jay",5
2018,"Blue-gray Gnatcatcher",6
2018,"Brown Thrasher",5
2018,"Brown-headed Cowbird",1
2018,"Brown-headed Nuthatch",2
2018,"Canada Goose",7
2018,"Carolina Chickadee",3
2018,"Carolina Wren",4
2018,"Chimney Swift",6
2018,"Chipping Sparrow",11
2018,"Common Grackle",2
2018,"Eastern Bluebird",3
2018,"Eastern Phoebe",1
2018,"Eastern Towhee",13
2018,"European Starling",3
2018,"Gray Catbird",2
2018,"Great Crested Flycatcher",1
2018,"House Finch",7
2018,"House Sparrow",4
2018,"Indigo Bunting",1
2018,"Mourning Dove",6
2018,"Northern Cardinal",17
2018,"Northern Mockingbird",12
2018,"Pine Warbler",11
2018,"Purple Martin",5
2018,"Red-bellied Woodpecker",5
2018,"Red-shouldered Hawk",2
2018,"Song Sparrow",3
2018,"Summer Tanager",1
2018,"Tufted Titmouse",12
2018,"Acadian Flycatcher",2
2018,"American Crow",9
2018,"American Goldfinch",2
2018,"American Robin",4
2018,"Blue Grosbeak",3
2018,"Blue Jay",2
2018,"Blue-gray Gnatcatcher",9
2018,"Brown Thrasher",2
2018,"Carolina Chickadee",3
2018,"Carolina Wren",4
2018,"Chipping Sparrow",8
2018,"Downy Woodpecker",1
2018,"Eastern Bluebird",3
2018,"Eastern Phoebe",1
2018,"Eastern Towhee",8
2018,"Eastern Wood-Pewee",3
2018,"European Starling",1
2018,"Fish Crow",4
2018,"Great Blue Heron",1
2018,"Great Crested Flycatcher",2
2018,"House Sparrow",3
2018,"Indigo Bunting",2
2018,"Mourning Dove",14
2018,"Northern Cardinal",20
2018,"Northern Mockingbird",2
2018,"Northern Parula",2
2018,"Ovenbird",4
2018,"Pine Warbler",3
2018,"Red-bellied Woodpecker",5
2018,"Red-eyed Vireo",6
2018,"Red-shouldered Hawk",2
2018,"Summer Tanager",4
2018,"Tufted Titmouse",13
2018,"White-breasted Nuthatch",1
2018,"Wood Thrush",1
2018,"Yellow-billed Cuckoo",4
2018,"Yellow-breasted Chat",2
2018,"Acadian Flycatcher",3
2018,"American Crow",26
2018,"American Goldfinch",6
2018,"American Robin",13
2018,"Blue Grosbeak",3
2018,"Blue Jay",3
2018,"Blue-gray Gnatcatcher",17
2018,"Brown Thrasher",2
2018,"Brown-headed Cowbird",5
2018,"Carolina Chickadee",7
2018,"Carolina Wren",16
2018,"Chimney Swift",3
2018,"Chipping Sparrow",17
2018,"Common Grackle",2
2018,"Common Yellowthroat",1
2018,"Eastern Bluebird",10
2018,"Eastern Kingbird",2
2018,"Eastern Phoebe",2
2018,"Eastern Towhee",8
2018,"Eastern Wood-Pewee",1
2018,"European Starling",3
2018,"Fish Crow",3
2018,"Great Blue Heron",1
2018,"Great Crested Flycatcher",6
2018,"Hooded Warbler",1
2018,"House Finch",2
2018,"Indigo Bunting",7
2018,"Killdeer",1
2018,"Mourning Dove",20
2018,"Northern Cardinal",36
2018,"Northern Mockingbird",13
2018,"Northern Parula",1
2018,"Orchard Oriole",2
2018,"Ovenbird",1
2018,"Pine Warbler",2
2018,"Red-bellied Woodpecker",4
2018,"Red-eyed Vireo",1
2018,"Red-shouldered Hawk",1
2018,"Tufted Titmouse",15
2018,"White-breasted Nuthatch",2
2018,"Wood Thrush",5
2018,"Yellow-billed Cuckoo",2
2018,"Acadian Flycatcher",2
2018,"American Crow",33
2018,"American Goldfinch",6
2018,"American Robin",2
2018,"Barn Swallow",5
2018,"Blue Grosbeak",4
2018,"Blue Jay",1
2018,"Blue-gray Gnatcatcher",8
2018,"Brown-headed Cowbird",13
2018,"Brown-headed Nuthatch",1
2018,"Carolina Chickadee",2
2018,"Carolina Wren",16
2018,"Chimney Swift",6
2018,"Chipping Sparrow",20
2018,"Common Yellowthroat",4
2018,"Eastern Bluebird",17
2018,"Eastern Meadowlark",15
2018,"Eastern Towhee",2
2018,"Eastern Wood-Pewee",6
2018,"European Starling",11
2018,"Field Sparrow",7
2018,"Grasshopper Sparrow",8
2018,"Great Blue Heron",1
2018,"Great Crested Flycatcher",4
2018,"House Finch",6
2018,"Indigo Bunting",17
2018,"Mourning Dove",13
2018,"Northern Cardinal",20
2018,"Northern Mockingbird",9
2018,"Ovenbird",3
2018,"Red-bellied Woodpecker",6
2018,"Red-eyed Vireo",9
2018,"Red-winged Blackbird",1
2018,"Summer Tanager",2
2018,"Tufted Titmouse",23
2018,"White-breasted Nuthatch",2
2018,"White-eyed Vireo",1
2018,"Wood Thrush",1
2018,"Yellow-billed Cuckoo",2
2018,"Yellow-breasted Chat",1
2018,"Yellow-throated Warbler",2
2018,"American Crow",16
2018,"American Goldfinch",3
2018,"Blue Grosbeak",1
2018,"Brown Thrasher",1
2018,"Canada Goose",20
2018,"Carolina Wren",3
2018,"Chimney Swift",2
2018,"Chipping Sparrow",3
2018,"Common Grackle",1
2018,"Eastern Bluebird",2
2018,"Eastern Meadowlark",2
2018,"Eastern Phoebe",1
2018,"European Starling",6
2018,"Great Blue Heron",1
2018,"Great Crested Flycatcher",2
2018,"Indigo Bunting",2
2018,"Mourning Dove",8
2018,"Northern Cardinal",15
2018,"Red-bellied Woodpecker",1
2018,"Red-eyed Vireo",1
2018,"Red-winged Blackbird",1
2018,"Tufted Titmouse",10
2018,"American Crow",12
2018,"American Goldfinch",2
2018,"American Robin",1
2018,"Barn Swallow",1
2018,"Brown Thrasher",2
2018,"Carolina Wren",4
2018,"Chimney Swift",10
2018,"Chipping Sparrow",1
2018,"Eastern Bluebird",6
2018,"European Starling",16
2018,"Indigo Bunting",7
2018,"Mourning Dove",14
2018,"Northern Cardinal",6
2018,"Northern Mockingbird",2
2018,"Red-bellied Woodpecker",1
2018,"Red-shouldered Hawk",1
2018,"Summer Tanager",1
2018,"Tufted Titmouse",5
2018,"Wood Thrush",2
2018,"Yellow-billed Cuckoo",2
2018,"American Crow",22
2018,"American Goldfinch",3
2018,"American Robin",8
2018,"Blue Jay",5
2018,"Blue-gray Gnatcatcher",9
2018,"Brown Thrasher",2
2018,"Brown-headed Cowbird",1
2018,"Brown-headed Nuthatch",1
2018,"Canada Goose",4
2018,"Carolina Chickadee",11
2018,"Carolina Wren",21
2018,"Chimney Swift",3
2018,"Chipping Sparrow",7
2018,"Downy Woodpecker",3
2018,"Eastern Bluebird",6
2018,"Eastern Phoebe",1
2018,"Eastern Towhee",1
2018,"European Starling",1
2018,"Fish Crow",5
2018,"Gray Catbird",2
2018,"House Finch",3
2018,"Indigo Bunting",3
2018,"Mourning Dove",2
2018,"Northern Cardinal",37
2018,"Northern Mockingbird",5
2018,"Northern Parula",2
2018,"Pileated Woodpecker",1
2018,"Red-bellied Woodpecker",8
2018,"Red-eyed Vireo",4
2018,"Red-shouldered Hawk",1
2018,"Song Sparrow",1
2018,"Summer Tanager",3
2018,"Tufted Titmouse",24
2018,"Turkey Vulture",8
2018,"White-breasted Nuthatch",3
2018,"Yellow-billed Cuckoo",6
2018,"Acadian Flycatcher",1
2018,"American Crow",34
2018,"American Goldfinch",4
2018,"American Robin",1
2018,"Barn Swallow",9
2018,"Blue Grosbeak",12
2018,"Blue Jay",3
2018,"Blue-gray Gnatcatcher",3
2018,"Brown Thrasher",3
2018,"Brown-headed Cowbird",3
2018,"Carolina Chickadee",5
2018,"Carolina Wren",19
2018,"Chipping Sparrow",21
2018,"Common Grackle",6
2018,"Common Yellowthroat",2
2018,"Eastern Bluebird",21
2018,"Eastern Kingbird",2
2018,"Eastern Meadowlark",3
2018,"Eastern Wood-Pewee",6
2018,"European Starling",1
2018,"Field Sparrow",2
2018,"Fish Crow",1
2018,"Grasshopper Sparrow",2
2018,"Great Blue Heron",1
2018,"Hooded Warbler",1
2018,"House Finch",4
2018,"Indigo Bunting",14
2018,"Mourning Dove",27
2018,"Northern Cardinal",33
2018,"Northern Mockingbird",8
2018,"Orchard Oriole",1
2018,"Ovenbird",1
2018,"Pine Warbler",5
2018,"Purple Martin",1
2018,"Red-bellied Woodpecker",19
2018,"Red-eyed Vireo",10
2018,"Red-shouldered Hawk",3
2018,"Red-winged Blackbird",2
2018,"Scarlet Tanager",1
2018,"Summer Tanager",9
2018,"Tufted Titmouse",12
2018,"White-breasted Nuthatch",1
2018,"White-eyed Vireo",3
2018,"Wood Thrush",2
2018,"Yellow-billed Cuckoo",8
2018,"Yellow-breasted Chat",1
2018,"Yellow-throated Vireo",2
2018,"Yellow-throated Warbler",1
2018,"Acadian Flycatcher",3
2018,"American Crow",34
2018,"American Goldfinch",3
2018,"American Robin",9
2018,"Blue Grosbeak",5
2018,"Blue Jay",1
2018,"Blue-gray Gnatcatcher",12
2018,"Brown Thrasher",1
2018,"Brown-headed Cowbird",3
2018,"Carolina Chickadee",1
2018,"Carolina Wren",15
2018,"Chipping Sparrow",19
2018,"Common Grackle",5
2018,"Common Yellowthroat",4
2018,"Downy Woodpecker",1
2018,"Eastern Bluebird",6
2018,"Eastern Kingbird",1
2018,"Eastern Meadowlark",3
2018,"Eastern Towhee",3
2018,"Eastern Wood-Pewee",4
2018,"European Starling",7
2018,"Field Sparrow",5
2018,"Fish Crow",1
2018,"Grasshopper Sparrow",4
2018,"Great Crested Flycatcher",1
2018,"House Finch",1
2018,"Indigo Bunting",14
2018,"Killdeer",1
2018,"Mourning Dove",24
2018,"Northern Cardinal",35
2018,"Northern Mockingbird",8
2018,"Ovenbird",3
2018,"Pileated Woodpecker",1
2018,"Red-bellied Woodpecker",6
2018,"Red-eyed Vireo",7
2018,"Red-shouldered Hawk",3
2018,"Red-winged Blackbird",1
2018,"Ruby-throated Hummingbird",3
2018,"Song Sparrow",2
2018,"Summer Tanager",7
2018,"Tufted Titmouse",11
2018,"White-breasted Nuthatch",1
2018,"White-eyed Vireo",4
2018,"Wood Thrush",2
2018,"Yellow-billed Cuckoo",2
2018,"Yellow-breasted Chat",2
2018,"American Crow",16
2018,"Blue Grosbeak",1
2018,"Blue Jay",2
2018,"Brown Thrasher",1
2018,"Canada Goose",2
2018,"Carolina Wren",5
2018,"Eastern Bluebird",5
2018,"Eastern Towhee",1
2018,"Eastern Wood-Pewee",1
2018,"Great Crested Flycatcher",1
2018,"Mourning Dove",5
2018,"Northern Cardinal",11
2018,"Northern Mockingbird",1
2018,"Pine Warbler",2
2018,"Summer Tanager",2
2018,"Tufted Titmouse",10
2018,"American Crow",19
2018,"Brown Thrasher",2
2018,"Canada Goose",4
2018,"Carolina Wren",6
2018,"Eastern Bluebird",2
2018,"Eastern Meadowlark",1
2018,"European Starling",40
2018,"Fish Crow",2
2018,"Great Crested Flycatcher",1
2018,"Indigo Bunting",2
2018,"Mourning Dove",1
2018,"Northern Mockingbird",3
2018,"Ovenbird",1
2018,"Red-bellied Woodpecker",4
2018,"Red-eyed Vireo",1
2018,"Summer Tanager",3
2018,"Tufted Titmouse",9
2018,"Wood Thrush",1
2018,"Acadian Flycatcher",1
2018,"American Crow",28
2018,"American Goldfinch",2
2018,"American Robin",1
2018,"Barn Swallow",3
2018,"Blue Jay",2
2018,"Blue-gray Gnatcatcher",2
2018,"Brown Thrasher",1
2018,"Brown-headed Cowbird",2
2018,"Carolina Chickadee",2
2018,"Carolina Wren",6
2018,"Chimney Swift",2
2018,"Chipping Sparrow",8
2018,"Common Yellowthroat",1
2018,"Downy Woodpecker",1
2018,"Eastern Bluebird",3
2018,"Eastern Meadowlark",1
2018,"Eastern Phoebe",1
2018,"Eastern Towhee",2
2018,"Eastern Wood-Pewee",5
2018,"European Starling",2
2018,"Great Blue Heron",2
2018,"Great Crested Flycatcher",1
2018,"Mourning Dove",4
2018,"Northern Cardinal",13
2018,"Northern Mockingbird",4
2018,"Northern Parula",2
2018,"Ovenbird",1
2018,"Pileated Woodpecker",2
2018,"Pine Warbler",1
2018,"Prairie Warbler",1
2018,"Red-bellied Woodpecker",3
2018,"Red-eyed Vireo",5
2018,"Summer Tanager",2
2018,"Tufted Titmouse",12
2018,"White-breasted Nuthatch",1
2018,"Wood Thrush",2
2018,"Yellow-billed Cuckoo",3
2018,"American Crow",5
2018,"American Robin",15
2018,"Barn Swallow",6
2018,"Blue Grosbeak",3
2018,"Blue Jay",1
2018,"Brown Thrasher",1
2018,"Carolina Chickadee",4
2018,"Carolina Wren",21
2018,"Chimney Swift",6
2018,"Chipping Sparrow",6
2018,"Eastern Bluebird",5
2018,"Eastern Phoebe",1
2018,"Eastern Towhee",7
2018,"Eastern Wood-Pewee",1
2018,"Gray Catbird",3
2018,"Great Crested Flycatcher",4
2018,"House Finch",3
2018,"Indigo Bunting",2
2018,"Mourning Dove",5
2018,"Northern Cardinal",32
2018,"Northern Mockingbird",3
2018,"Pileated Woodpecker",1
2018,"Pine Warbler",3
2018,"Red-bellied Woodpecker",11
2018,"Summer Tanager",1
2018,"Tufted Titmouse",20
2018,"White-breasted Nuthatch",2
2018,"Wood Thrush",4
2019,"Acadian Flycatcher",1
2019,"American Crow",20
2019,"American Goldfinch",6
2019,"American Robin",2
2019,"Blue Jay",3
2019,"Blue-gray Gnatcatcher",10
2019,"Brown Thrasher",1
2019,"Brown-headed Cowbird",3
2019,"Brown-headed Nuthatch",5
2019,"Carolina Chickadee",5
2019,"Carolina Wren",11
2019,"Chipping Sparrow",5
2019,"Common Yellowthroat",1
2019,"Downy Woodpecker",2
2019,"Eastern Bluebird",2
2019,"Eastern Towhee",2
2019,"Fish Crow",1
2019,"Gray Catbird",1
2019,"Great Crested Flycatcher",2
2019,"Hooded Warbler",5
2019,"Indigo Bunting",4
2019,"Killdeer",1
2019,"Mourning Dove",10
2019,"Northern Cardinal",34
2019,"Northern Mockingbird",3
2019,"Ovenbird",7
2019,"Pileated Woodpecker",3
2019,"Pine Warbler",19
2019,"Prairie Warbler",4
2019,"Red-bellied Woodpecker",8
2019,"Red-eyed Vireo",10
2019,"Summer Tanager",4
2019,"Tufted Titmouse",16
2019,"White-breasted Nuthatch",2
2019,"Wood Thrush",4
2019,"Yellow-billed Cuckoo",7
2019,"Yellow-breasted Chat",2
2019,"Yellow-throated Warbler",4
2019,"Acadian Flycatcher",3
2019,"American Crow",14
2019,"American Goldfinch",8
2019,"American Robin",2
2019,"Blue Grosbeak",3
2019,"Blue Jay",1
2019,"Blue-gray Gnatcatcher",20
2019,"Brown Thrasher",1
2019,"Brown-headed Cowbird",2
2019,"Brown-headed Nuthatch",3
2019,"Canada Goose",5
2019,"Carolina Chickadee",11
2019,"Carolina Wren",13
2019,"Chimney Swift",7
2019,"Chipping Sparrow",13
2019,"Common Yellowthroat",1
2019,"Downy Woodpecker",3
2019,"Eastern Kingbird",1
2019,"Eastern Towhee",6
2019,"Eastern Whip-poor-will",2
2019,"Eastern Wood-Pewee",2
2019,"European Starling",8
2019,"Fish Crow",7
2019,"Gray Catbird",1
2019,"Great Blue Heron",2
2019,"Great Crested Flycatcher",4
2019,"Hooded Warbler",1
2019,"House Finch",3
2019,"Indigo Bunting",6
2019,"Mourning Dove",8
2019,"Northern Cardinal",32
2019,"Northern Mockingbird",4
2019,"Northern Parula",2
2019,"Ovenbird",2
2019,"Pine Warbler",14
2019,"Prairie Warbler",3
2019,"Red-bellied Woodpecker",16
2019,"Red-eyed Vireo",16
2019,"Red-shouldered Hawk",1
2019,"Summer Tanager",3
2019,"Tufted Titmouse",24
2019,"White-eyed Vireo",1
2019,"Wood Thrush",7
2019,"Yellow-billed Cuckoo",3
2019,"Yellow-throated Warbler",3
2019,"Acadian Flycatcher",1
2019,"American Robin",5
2019,"Barn Swallow",6
2019,"Blue Grosbeak",5
2019,"Blue Jay",3
2019,"Blue-gray Gnatcatcher",7
2019,"Brown Thrasher",1
2019,"Carolina Chickadee",4
2019,"Carolina Wren",16
2019,"Chipping Sparrow",7
2019,"Common Yellowthroat",2
2019,"Downy Woodpecker",2
2019,"Eastern Bluebird",9
2019,"Eastern Kingbird",1
2019,"Eastern Meadowlark",1
2019,"Eastern Phoebe",1
2019,"Eastern Towhee",8
2019,"Eastern Wood-Pewee",4
2019,"Great Crested Flycatcher",3
2019,"Indigo Bunting",5
2019,"Mourning Dove",13
2019,"Northern Cardinal",17
2019,"Northern Mockingbird",11
2019,"Northern Parula",1
2019,"Orchard Oriole",2
2019,"Ovenbird",1
2019,"Pine Warbler",21
2019,"Prairie Warbler",2
2019,"Red-bellied Woodpecker",2
2019,"Red-eyed Vireo",15
2019,"Summer Tanager",6
2019,"Tufted Titmouse",17
2019,"White-eyed Vireo",3
2019,"Wood Thrush",4
2019,"Yellow-billed Cuckoo",1
2019,"Yellow-breasted Chat",4
2019,"Acadian Flycatcher",1
2019,"American Crow",18
2019,"American Goldfinch",1
2019,"American Robin",1
2019,"Barn Swallow",7
2019,"Blue Grosbeak",4
2019,"Blue Jay",4
2019,"Blue-gray Gnatcatcher",20
2019,"Brown Thrasher",1
2019,"Brown-headed Cowbird",1
2019,"Canada Goose",4
2019,"Carolina Chickadee",3
2019,"Carolina Wren",13
2019,"Chimney Swift",6
2019,"Chipping Sparrow",16
2019,"Common Grackle",4
2019,"Common Yellowthroat",2
2019,"Eastern Bluebird",2
2019,"Eastern Kingbird",1
2019,"Eastern Meadowlark",3
2019,"Eastern Towhee",3
2019,"Eastern Wood-Pewee",2
2019,"European Starling",4
2019,"Field Sparrow",1
2019,"Great Crested Flycatcher",4
2019,"Indigo Bunting",12
2019,"Mourning Dove",12
2019,"Northern Cardinal",8
2019,"Northern Mockingbird",6
2019,"Northern Parula",1
2019,"Orchard Oriole",1
2019,"Ovenbird",7
2019,"Pine Warbler",5
2019,"Prairie Warbler",4
2019,"Red-bellied Woodpecker",2
2019,"Red-eyed Vireo",3
2019,"Summer Tanager",3
2019,"Tufted Titmouse",20
2019,"Turkey Vulture",2
2019,"White-eyed Vireo",5
2019,"Wood Thrush",1
2019,"Yellow-billed Cuckoo",1
2019,"Yellow-throated Warbler",2
2019,"American Crow",33
2019,"American Goldfinch",8
2019,"American Robin",2
2019,"Barn Swallow",4
2019,"Blue Grosbeak",6
2019,"Blue-gray Gnatcatcher",6
2019,"Brown-headed Cowbird",8
2019,"Carolina Chickadee",7
2019,"Carolina Wren",30
2019,"Chipping Sparrow",12
2019,"Common Grackle",11
2019,"Downy Woodpecker",1
2019,"Eastern Bluebird",7
2019,"Eastern Meadowlark",6
2019,"Eastern Wood-Pewee",8
2019,"European Starling",1
2019,"Field Sparrow",2
2019,"Fish Crow",1
2019,"Great Crested Flycatcher",9
2019,"Indigo Bunting",16
2019,"Killdeer",1
2019,"Mourning Dove",21
2019,"Northern Cardinal",40
2019,"Northern Mockingbird",13
2019,"Ovenbird",1
2019,"Purple Martin",10
2019,"Red-bellied Woodpecker",11
2019,"Red-eyed Vireo",4
2019,"Red-winged Blackbird",2
2019,"Summer Tanager",8
2019,"Tufted Titmouse",16
2019,"White-breasted Nuthatch",3
2019,"White-eyed Vireo",1
2019,"Wood Thrush",2
2019,"Yellow-billed Cuckoo",4
2019,"Yellow-breasted Chat",1
2019,"Yellow-throated Vireo",1
2019,"American Crow",29
2019,"American Robin",2
2019,"Blue Grosbeak",14
2019,"Blue Jay",4
2019,"Blue-gray Gnatcatcher",5
2019,"Brown Thrasher",5
2019,"Brown-headed Cowbird",2
2019,"Brown-headed Nuthatch",1
2019,"Carolina Chickadee",3
2019,"Carolina Wren",21
2019,"Chimney Swift",2
2019,"Chipping Sparrow",8
2019,"Common Grackle",6
2019,"Common Yellowthroat",1
2019,"Downy Woodpecker",2
2019,"Eastern Bluebird",10
2019,"Eastern Meadowlark",3
2019,"Eastern Phoebe",1
2019,"Eastern Towhee",7
2019,"Eastern Wood-Pewee",4
2019,"European Starling",1
2019,"Field Sparrow",2
2019,"Indigo Bunting",22
2019,"Mourning Dove",23
2019,"Northern Cardinal",26
2019,"Northern Mockingbird",3
2019,"Ovenbird",1
2019,"Pine Warbler",3
2019,"Purple Martin",7
2019,"Red-bellied Woodpecker",10
2019,"Red-eyed Vireo",4
2019,"Red-shouldered Hawk",4
2019,"Red-winged Blackbird",6
2019,"Summer Tanager",4
2019,"Tufted Titmouse",6
2019,"White-eyed Vireo",1
2019,"Wood Thrush",1
2019,"Yellow-billed Cuckoo",7
2019,"Yellow-breasted Chat",1
2019,"Acadian Flycatcher",4
2019,"American Crow",23
2019,"American Goldfinch",5
2019,"American Robin",1
2019,"Barn Swallow",4
2019,"Blue Grosbeak",2
2019,"Blue Jay",7
2019,"Blue-gray Gnatcatcher",5
2019,"Brown Thrasher",1
2019,"Brown-headed Cowbird",3
2019,"Canada Goose",1
2019,"Carolina Chickadee",6
2019,"Carolina Wren",21
2019,"Chimney Swift",3
2019,"Chipping Sparrow",9
2019,"Common Grackle",2
2019,"Common Yellowthroat",2
2019,"Downy Woodpecker",1
2019,"Eastern Bluebird",7
2019,"Eastern Meadowlark",5
2019,"Eastern Phoebe",1
2019,"Eastern Towhee",4
2019,"Eastern Wood-Pewee",4
2019,"European Starling",3
2019,"Field Sparrow",1
2019,"Hooded Warbler",4
2019,"Indigo Bunting",20
2019,"Mourning Dove",29
2019,"Northern Bobwhite",2
2019,"Northern Cardinal",24
2019,"Northern Mockingbird",11
2019,"Northern Parula",5
2019,"Ovenbird",9
2019,"Pine Warbler",11
2019,"Prairie Warbler",4
2019,"Purple Martin",1
2019,"Red-bellied Woodpecker",9
2019,"Red-eyed Vireo",27
2019,"Red-shouldered Hawk",3
2019,"Ruby-throated Hummingbird",1
2019,"Scarlet Tanager",4
2019,"Summer Tanager",6
2019,"Tufted Titmouse",9
2019,"Turkey Vulture",1
2019,"White-eyed Vireo",4
2019,"Wood Thrush",5
2019,"Yellow-billed Cuckoo",8
2019,"Yellow-breasted Chat",4
2019,"Yellow-throated Vireo",2
2019,"Yellow-throated Warbler",3
2019,"Acadian Flycatcher",8
2019,"American Crow",48
2019,"American Goldfinch",12
2019,"American Robin",2
2019,"Blue Grosbeak",1
2019,"Blue Jay",11
2019,"Blue-gray Gnatcatcher",6
2019,"Brown Thrasher",1
2019,"Brown-headed Cowbird",1
2019,"Brown-headed Nuthatch",4
2019,"Carolina Chickadee",14
2019,"Carolina Wren",14
2019,"Chimney Swift",1
2019,"Chipping Sparrow",12
2019,"Downy Woodpecker",3
2019,"Eastern Bluebird",6
2019,"Eastern Kingbird",1
2019,"Eastern Meadowlark",2
2019,"Eastern Phoebe",5
2019,"Eastern Towhee",3
2019,"Eastern Whip-poor-will",1
2019,"Eastern Wood-Pewee",4
2019,"European Starling",10
2019,"Field Sparrow",3
2019,"Great Crested Flycatcher",2
2019,"Hooded Warbler",1
2019,"Indigo Bunting",9
2019,"Killdeer",7
2019,"Mourning Dove",19
2019,"Northern Cardinal",34
2019,"Northern Mockingbird",10
2019,"Northern Parula",2
2019,"Ovenbird",6
2019,"Pileated Woodpecker",1
2019,"Pine Warbler",3
2019,"Prairie Warbler",1
2019,"Purple Martin",20
2019,"Red-bellied Woodpecker",5
2019,"Red-eyed Vireo",15
2019,"Red-shouldered Hawk",1
2019,"Red-winged Blackbird",4
2019,"Summer Tanager",1
2019,"Tufted Titmouse",21
2019,"White-breasted Nuthatch",2
2019,"White-eyed Vireo",6
2019,"Wood Thrush",4
2019,"Yellow-billed Cuckoo",7
2019,"Yellow-breasted Chat",1
2019,"Yellow-throated Vireo",1
2019,"Yellow-throated Warbler",1
2019,"Acadian Flycatcher",2
2019,"American Crow",23
2019,"American Goldfinch",1
2019,"Blue Grosbeak",1
2019,"Blue Jay",4
2019,"Blue-gray Gnatcatcher",19
2019,"Brown Thrasher",4
2019,"Brown-headed Nuthatch",1
2019,"Carolina Chickadee",10
2019,"Carolina Wren",27
2019,"Chipping Sparrow",13
2019,"Common Grackle",1
2019,"Common Yellowthroat",1
2019,"Downy Woodpecker",5
2019,"Eastern Bluebird",11
2019,"Eastern Phoebe",1
2019,"Eastern Towhee",8
2019,"Eastern Wood-Pewee",2
2019,"Fish Crow",2
2019,"Great Blue Heron",1
2019,"Great Crested Flycatcher",6
2019,"Hooded Warbler",4
2019,"House Finch",1
2019,"Indigo Bunting",4
2019,"Mourning Dove",7
2019,"Northern Cardinal",26
2019,"Northern Mockingbird",4
2019,"Northern Parula",1
2019,"Ovenbird",1
2019,"Pine Warbler",18
2019,"Prairie Warbler",2
2019,"Purple Martin",1
2019,"Red-bellied Woodpecker",2
2019,"Red-eyed Vireo",18
2019,"Red-shouldered Hawk",1
2019,"Scarlet Tanager",7
2019,"Summer Tanager",2
2019,"Tufted Titmouse",14
2019,"White-breasted Nuthatch",3
2019,"White-eyed Vireo",2
2019,"Wood Thrush",7
2019,"Yellow-billed Cuckoo",4
2019,"Yellow-breasted Chat",3
2019,"Yellow-throated Vireo",1
2019,"Yellow-throated Warbler",3
2019,"Acadian Flycatcher",1
2019,"American Crow",20
2019,"American Goldfinch",1
2019,"American Robin",3
2019,"Blue Grosbeak",3
2019,"Blue Jay",3
2019,"Blue-gray Gnatcatcher",8
2019,"Brown Thrasher",1
2019,"Brown-headed Cowbird",5
2019,"Brown-headed Nuthatch",1
2019,"Carolina Wren",12
2019,"Chimney Swift",1
2019,"Chipping Sparrow",12
2019,"Common Yellowthroat",1
2019,"Eastern Bluebird",4
2019,"Eastern Phoebe",3
2019,"Eastern Towhee",1
2019,"Fish Crow",2
2019,"Great Crested Flycatcher",1
2019,"Indigo Bunting",5
2019,"Mourning Dove",10
2019,"Northern Cardinal",13
2019,"Northern Mockingbird",2
2019,"Northern Parula",1
2019,"Ovenbird",2
2019,"Pileated Woodpecker",3
2019,"Red-eyed Vireo",11
2019,"Red-shouldered Hawk",1
2019,"Summer Tanager",4
2019,"Tufted Titmouse",2
2019,"White-eyed Vireo",1
2019,"Wood Thrush",3
2019,"Yellow-billed Cuckoo",3
2019,"Yellow-breasted Chat",4
2019,"Yellow-throated Vireo",1
2019,"Yellow-throated Warbler",5
2019,"Acadian Flycatcher",2
2019,"American Crow",21
2019,"American Goldfinch",11
2019,"American Robin",3
2019,"Barn Swallow",9
2019,"Blue Grosbeak",12
2019,"Blue Jay",3
2019,"Blue-gray Gnatcatcher",3
2019,"Brown Thrasher",3
2019,"Brown-headed Cowbird",8
2019,"Canada Goose",7
2019,"Carolina Chickadee",10
2019,"Carolina Wren",20
2019,"Chimney Swift",2
2019,"Chipping Sparrow",9
2019,"Common Grackle",8
2019,"Downy Woodpecker",1
2019,"Eastern Bluebird",12
2019,"Eastern Kingbird",1
2019,"Eastern Meadowlark",11
2019,"Eastern Wood-Pewee",7
2019,"European Starling",2
2019,"Field Sparrow",1
2019,"Great Blue Heron",4
2019,"Great Crested Flycatcher",4
2019,"Hooded Warbler",1
2019,"House Finch",2
2019,"Indigo Bunting",9
2019,"Mourning Dove",12
2019,"Northern Cardinal",22
2019,"Northern Mockingbird",16
2019,"Northern Parula",2
2019,"Ovenbird",2
2019,"Pileated Woodpecker",1
2019,"Pine Warbler",1
2019,"Red-bellied Woodpecker",3
2019,"Red-eyed Vireo",7
2019,"Red-shouldered Hawk",1
2019,"Red-winged Blackbird",3
2019,"Summer Tanager",3
2019,"Tufted Titmouse",16
2019,"Turkey Vulture",7
2019,"White-breasted Nuthatch",1
2019,"White-eyed Vireo",5
2019,"Wood Thrush",8
2019,"Yellow-billed Cuckoo",7
2019,"Yellow-breasted Chat",2
2019,"Yellow-throated Vireo",2
2019,"Acadian Flycatcher",2
2019,"American Crow",24
2019,"American Goldfinch",5
2019,"American Robin",7
2019,"Blue Grosbeak",6
2019,"Blue Jay",3
2019,"Blue-gray Gnatcatcher",3
2019,"Brown Thrasher",1
2019,"Brown-headed Cowbird",3
2019,"Carolina Chickadee",19
2019,"Carolina Wren",21
2019,"Chimney Swift",33
2019,"Chipping Sparrow",26
2019,"Common Grackle",4
2019,"Downy Woodpecker",1
2019,"Eastern Bluebird",5
2019,"Eastern Kingbird",1
2019,"Eastern Meadowlark",6
2019,"Eastern Phoebe",2
2019,"Eastern Towhee",5
2019,"Eastern Wood-Pewee",3
2019,"European Starling",25
2019,"Field Sparrow",2
2019,"Gray Catbird",1
2019,"Great Crested Flycatcher",2
2019,"House Finch",2
2019,"House Sparrow",2
2019,"Indigo Bunting",3
2019,"Killdeer",2
2019,"Mourning Dove",11
2019,"Northern Cardinal",26
2019,"Northern Mockingbird",35
2019,"Ovenbird",1
2019,"Pine Warbler",1
2019,"Red-bellied Woodpecker",5
2019,"Red-eyed Vireo",2
2019,"Red-shouldered Hawk",2
2019,"Red-winged Blackbird",1
2019,"Ruby-throated Hummingbird",1
2019,"Song Sparrow",6
2019,"Summer Tanager",2
2019,"Tufted Titmouse",14
2019,"White-breasted Nuthatch",1
2019,"White-eyed Vireo",2
2019,"Wood Thrush",1
2019,"Yellow-throated Vireo",1
2019,"American Crow",7
2019,"Blue Jay",1
2019,"Canada Goose",36
2019,"Carolina Chickadee",1
2019,"Carolina Wren",3
2019,"Chipping Sparrow",5
2019,"Eastern Bluebird",1
2019,"Eastern Kingbird",1
2019,"Eastern Towhee",1
2019,"Mourning Dove",4
2019,"Northern Cardinal",22
2019,"Pileated Woodpecker",1
2019,"Red-bellied Woodpecker",2
2019,"Acadian Flycatcher",3
2019,"American Crow",15
2019,"Barn Swallow",9
2019,"Blue Grosbeak",3
2019,"Blue Jay",2
2019,"Brown Thrasher",6
2019,"Canada Goose",1
2019,"Carolina Chickadee",1
2019,"Carolina Wren",5
2019,"Chimney Swift",2
2019,"Chipping Sparrow",3
2019,"Common Grackle",28
2019,"Common Yellowthroat",3
2019,"Eastern Bluebird",6
2019,"Eastern Kingbird",1
2019,"Eastern Meadowlark",5
2019,"Eastern Phoebe",1
2019,"Eastern Towhee",1
2019,"European Starling",6
2019,"Field Sparrow",2
2019,"Great Crested Flycatcher",5
2019,"Hooded Warbler",1
2019,"Indigo Bunting",6
2019,"Mourning Dove",12
2019,"Northern Cardinal",14
2019,"Northern Mockingbird",1
2019,"Orchard Oriole",1
2019,"Ovenbird",5
2019,"Pileated Woodpecker",1
2019,"Purple Martin",9
2019,"Red-bellied Woodpecker",5
2019,"Red-eyed Vireo",8
2019,"Red-shouldered Hawk",1
2019,"Red-winged Blackbird",3
2019,"Ruby-throated Hummingbird",1
2019,"Scarlet Tanager",2
2019,"Summer Tanager",2
2019,"Tufted Titmouse",9
2019,"Turkey Vulture",1
2019,"White-eyed Vireo",3
2019,"Wood Thrush",4
2019,"Yellow-billed Cuckoo",5
2019,"Yellow-breasted Chat",2
2019,"Yellow-throated Vireo",1
2019,"Yellow-throated Warbler",2
2019,"American Crow",31
2019,"American Goldfinch",1
2019,"American Robin",9
2019,"Blue Grosbeak",3
2019,"Blue Jay",6
2019,"Blue-gray Gnatcatcher",6
2019,"Brown-headed Cowbird",4
2019,"Brown-headed Nuthatch",2
2019,"Carolina Chickadee",5
2019,"Carolina Wren",20
2019,"Chipping Sparrow",11
2019,"Common Yellowthroat",5
2019,"Downy Woodpecker",2
2019,"Eastern Bluebird",11
2019,"Eastern Meadowlark",1
2019,"Eastern Phoebe",2
2019,"Eastern Wood-Pewee",5
2019,"Fish Crow",1
2019,"Gray Catbird",1
2019,"Great Blue Heron",2
2019,"Great Crested Flycatcher",1
2019,"Hooded Warbler",2
2019,"House Finch",1
2019,"Indigo Bunting",11
2019,"Mourning Dove",4
2019,"Northern Cardinal",33
2019,"Northern Mockingbird",3
2019,"Ovenbird",2
2019,"Pine Warbler",11
2019,"Red-bellied Woodpecker",6
2019,"Red-eyed Vireo",20
2019,"Red-shouldered Hawk",3
2019,"Summer Tanager",2
2019,"Tufted Titmouse",8
2019,"Turkey Vulture",3
2019,"White-eyed Vireo",1
2019,"Wood Thrush",7
2019,"Yellow-billed Cuckoo",3
2019,"Yellow-breasted Chat",1
2019,"Yellow-throated Warbler",1
2019,"Acadian Flycatcher",1
2019,"American Crow",15
2019,"American Goldfinch",6
2019,"American Robin",11
2019,"Blue Jay",4
2019,"Blue-gray Gnatcatcher",2
2019,"Brown Thrasher",1
2019,"Brown-headed Cowbird",6
2019,"Brown-headed Nuthatch",3
2019,"Carolina Chickadee",9
2019,"Carolina Wren",7
2019,"Chimney Swift",9
2019,"Chipping Sparrow",6
2019,"Common Grackle",4
2019,"Eastern Bluebird",1
2019,"Eastern Towhee",5
2019,"European Starling",4
2019,"Fish Crow",3
2019,"Gray Catbird",4
2019,"Great Crested Flycatcher",1
2019,"House Finch",10
2019,"Mourning Dove",2
2019,"Northern Cardinal",21
2019,"Northern Mockingbird",7
2019,"Pine Warbler",1
2019,"Red-bellied Woodpecker",4
2019,"Red-eyed Vireo",3
2019,"Red-shouldered Hawk",2
2019,"Song Sparrow",6
2019,"Summer Tanager",1
2019,"Tufted Titmouse",10
2019,"Acadian Flycatcher",1
2019,"American Crow",7
2019,"American Goldfinch",1
2019,"American Robin",3
2019,"Blue Grosbeak",4
2019,"Blue Jay",2
2019,"Blue-gray Gnatcatcher",18
2019,"Brown Thrasher",2
2019,"Canada Goose",5
2019,"Carolina Chickadee",9
2019,"Carolina Wren",25
2019,"Chimney Swift",4
2019,"Chipping Sparrow",10
2019,"Common Grackle",3
2019,"Common Yellowthroat",2
2019,"Downy Woodpecker",4
2019,"Eastern Bluebird",3
2019,"Eastern Phoebe",2
2019,"Eastern Towhee",3
2019,"Eastern Wood-Pewee",3
2019,"European Starling",4
2019,"Fish Crow",1
2019,"Great Blue Heron",3
2019,"Great Crested Flycatcher",3
2019,"House Finch",2
2019,"House Sparrow",1
2019,"Indigo Bunting",5
2019,"Killdeer",1
2019,"Mourning Dove",11
2019,"Northern Cardinal",23
2019,"Northern Mockingbird",1
2019,"Northern Parula",3
2019,"Ovenbird",2
2019,"Pine Warbler",13
2019,"Red-bellied Woodpecker",1
2019,"Red-eyed Vireo",7
2019,"Red-shouldered Hawk",1
2019,"Summer Tanager",4
2019,"Tufted Titmouse",8
2019,"White-breasted Nuthatch",2
2019,"White-eyed Vireo",2
2019,"Wood Thrush",2
2019,"Yellow-billed Cuckoo",5
2019,"Yellow-throated Warbler",3
2019,"American Crow",3
2019,"American Robin",9
2019,"Blue Jay",3
2019,"Blue-gray Gnatcatcher",4
2019,"Brown Thrasher",1
2019,"Brown-headed Cowbird",10
2019,"Canada Goose",7
2019,"Carolina Chickadee",4
2019,"Carolina Wren",31
2019,"Chimney Swift",4
2019,"Chipping Sparrow",16
2019,"Common Grackle",2
2019,"Downy Woodpecker",1
2019,"Eastern Bluebird",5
2019,"Eastern Towhee",12
2019,"Fish Crow",12
2019,"Gray Catbird",1
2019,"Great Blue Heron",1
2019,"Great Crested Flycatcher",3
2019,"House Finch",10
2019,"House Sparrow",4
2019,"Mourning Dove",13
2019,"Northern Cardinal",38
2019,"Northern Mockingbird",6
2019,"Pine Warbler",2
2019,"Red-bellied Woodpecker",9
2019,"Song Sparrow",2
2019,"Summer Tanager",2
2019,"Tufted Titmouse",10
2019,"White-breasted Nuthatch",1
2019,"Wood Thrush",2
2019,"American Crow",6
2019,"American Goldfinch",1
2019,"American Robin",19
2019,"Blue Jay",8
2019,"Blue-gray Gnatcatcher",6
2019,"Brown Thrasher",2
2019,"Brown-headed Cowbird",3
2019,"Canada Goose",6
2019,"Carolina Chickadee",6
2019,"Carolina Wren",12
2019,"Chipping Sparrow",11
2019,"Common Grackle",12
2019,"Eastern Bluebird",8
2019,"Eastern Kingbird",1
2019,"Eastern Towhee",16
2019,"Fish Crow",2
2019,"Gray Catbird",4
2019,"House Finch",2
2019,"House Sparrow",4
2019,"Indigo Bunting",1
2019,"Mourning Dove",7
2019,"Northern Cardinal",15
2019,"Northern Mockingbird",15
2019,"Pine Warbler",6
2019,"Red-bellied Woodpecker",5
2019,"Red-eyed Vireo",1
2019,"Red-shouldered Hawk",1
2019,"Song Sparrow",5
2019,"Summer Tanager",2
2019,"Tufted Titmouse",14
2019,"White-breasted Nuthatch",2
2019,"Wood Thrush",1
2019,"Acadian Flycatcher",1
2019,"American Crow",3
2019,"American Goldfinch",2
2019,"American Robin",1
2019,"Blue Grosbeak",2
2019,"Blue Jay",3
2019,"Blue-gray Gnatcatcher",9
2019,"Carolina Wren",11
2019,"Chimney Swift",1
2019,"Chipping Sparrow",11
2019,"Common Grackle",21
2019,"Eastern Bluebird",12
2019,"Eastern Towhee",5
2019,"Gray Catbird",1
2019,"Great Crested Flycatcher",2
2019,"House Finch",2
2019,"House Sparrow",1
2019,"Indigo Bunting",3
2019,"Mourning Dove",7
2019,"Northern Cardinal",21
2019,"Northern Mockingbird",3
2019,"Northern Parula",1
2019,"Ovenbird",4
2019,"Pileated Woodpecker",1
2019,"Red-bellied Woodpecker",2
2019,"Red-eyed Vireo",6
2019,"Red-shouldered Hawk",3
2019,"Ruby-throated Hummingbird",1
2019,"Scarlet Tanager",1
2019,"Summer Tanager",1
2019,"Tufted Titmouse",3
2019,"White-breasted Nuthatch",1
2019,"White-eyed Vireo",2
2019,"Wood Thrush",3
2019,"Yellow-billed Cuckoo",5
2019,"Acadian Flycatcher",1
2019,"American Crow",28
2019,"American Goldfinch",3
2019,"American Robin",11
2019,"Blue Grosbeak",7
2019,"Blue Jay",1
2019,"Blue-gray Gnatcatcher",12
2019,"Brown Thrasher",1
2019,"Brown-headed Cowbird",1
2019,"Canada Goose",16
2019,"Carolina Chickadee",2
2019,"Carolina Wren",18
2019,"Chimney Swift",13
2019,"Chipping Sparrow",6
2019,"Common Grackle",14
2019,"Common Yellowthroat",6
2019,"Downy Woodpecker",3
2019,"Eastern Bluebird",6
2019,"Eastern Kingbird",1
2019,"Eastern Phoebe",1
2019,"Eastern Towhee",6
2019,"Fish Crow",6
2019,"Gray Catbird",1
2019,"Great Crested Flycatcher",4
2019,"House Finch",5
2019,"Indigo Bunting",6
2019,"Mourning Dove",15
2019,"Northern Cardinal",31
2019,"Northern Mockingbird",9
2019,"Orchard Oriole",1
2019,"Ovenbird",3
2019,"Pine Warbler",3
2019,"Red-bellied Woodpecker",5
2019,"Red-eyed Vireo",8
2019,"Red-shouldered Hawk",2
2019,"Song Sparrow",2
2019,"Summer Tanager",2
2019,"Tufted Titmouse",2
2019,"White-breasted Nuthatch",1
2019,"Yellow-breasted Chat",1
2019,"Yellow-throated Vireo",2
2019,"Acadian Flycatcher",1
2019,"American Crow",27
2019,"American Goldfinch",3
2019,"American Robin",1
2019,"Barn Swallow",2
2019,"Blue Grosbeak",7
2019,"Blue Jay",2
2019,"Blue-gray Gnatcatcher",13
2019,"Carolina Chickadee",2
2019,"Carolina Wren",4
2019,"Chipping Sparrow",23
2019,"Common Yellowthroat",6
2019,"Downy Woodpecker",1
2019,"Eastern Bluebird",5
2019,"Eastern Kingbird",2
2019,"Eastern Meadowlark",8
2019,"Eastern Phoebe",2
2019,"Eastern Towhee",1
2019,"Eastern Wood-Pewee",7
2019,"European Starling",14
2019,"Field Sparrow",2
2019,"Grasshopper Sparrow",5
2019,"Great Blue Heron",1
2019,"Great Crested Flycatcher",5
2019,"House Finch",5
2019,"Indigo Bunting",21
2019,"Mourning Dove",13
2019,"Northern Cardinal",26
2019,"Northern Mockingbird",6
2019,"Orchard Oriole",2
2019,"Ovenbird",2
2019,"Pileated Woodpecker",1
2019,"Pine Warbler",1
2019,"Red-bellied Woodpecker",7
2019,"Red-eyed Vireo",14
2019,"Red-winged Blackbird",15
2019,"Summer Tanager",3
2019,"Tufted Titmouse",13
2019,"White-breasted Nuthatch",1
2019,"Yellow-throated Warbler",1
2019,"Acadian Flycatcher",1
2019,"American Crow",11
2019,"Blue Grosbeak",2
2019,"Brown Thrasher",1
2019,"Brown-headed Cowbird",2
2019,"Carolina Chickadee",2
2019,"Carolina Wren",8
2019,"Chimney Swift",2
2019,"Chipping Sparrow",1
2019,"Eastern Bluebird",5
2019,"Great Blue Heron",1
2019,"Mourning Dove",7
2019,"Northern Cardinal",8
2019,"Northern Mockingbird",1
2019,"Ovenbird",1
2019,"Red-bellied Woodpecker",1
2019,"Red-eyed Vireo",2
2019,"Red-winged Blackbird",1
2019,"Tufted Titmouse",2
2019,"Wood Thrush",1
2019,"Yellow-billed Cuckoo",1
2019,"American Crow",28
2019,"Blue Jay",2
2019,"Blue-gray Gnatcatcher",1
2019,"Brown-headed Nuthatch",1
2019,"Carolina Chickadee",4
2019,"Carolina Wren",33
2019,"Chimney Swift",1
2019,"Chipping Sparrow",9
2019,"Common Grackle",13
2019,"Downy Woodpecker",4
2019,"Eastern Bluebird",17
2019,"Eastern Meadowlark",3
2019,"Eastern Towhee",3
2019,"Eastern Wood-Pewee",3
2019,"Gray Catbird",1
2019,"House Finch",1
2019,"Indigo Bunting",7
2019,"Mourning Dove",8
2019,"Northern Cardinal",29
2019,"Northern Mockingbird",8
2019,"Ovenbird",3
2019,"Red-bellied Woodpecker",4
2019,"Red-eyed Vireo",4
2019,"Red-shouldered Hawk",3
2019,"Tufted Titmouse",3
2019,"White-breasted Nuthatch",1
2019,"Wood Thrush",2
2019,"Yellow-billed Cuckoo",6
2019,"American Crow",25
2019,"American Goldfinch",3
2019,"American Robin",3
2019,"Barn Swallow",1
2019,"Blue Grosbeak",1
2019,"Blue Jay",4
2019,"Blue-gray Gnatcatcher",8
2019,"Brown Thrasher",1
2019,"Brown-headed Cowbird",1
2019,"Brown-headed Nuthatch",2
2019,"Canada Goose",9
2019,"Carolina Chickadee",5
2019,"Carolina Wren",22
2019,"Chimney Swift",2
2019,"Chipping Sparrow",9
2019,"Common Yellowthroat",1
2019,"Downy Woodpecker",2
2019,"Eastern Bluebird",5
2019,"Eastern Phoebe",4
2019,"Eastern Towhee",4
2019,"Eastern Wood-Pewee",1
2019,"Gray Catbird",1
2019,"Great Crested Flycatcher",3
2019,"House Finch",8
2019,"Indigo Bunting",3
2019,"Mourning Dove",6
2019,"Northern Cardinal",33
2019,"Northern Mockingbird",4
2019,"Northern Parula",2
2019,"Ovenbird",1
2019,"Pine Warbler",4
2019,"Red-bellied Woodpecker",9
2019,"Red-eyed Vireo",6
2019,"Red-shouldered Hawk",1
2019,"Ruby-throated Hummingbird",1
2019,"Summer Tanager",4
2019,"Tufted Titmouse",13
2019,"Turkey Vulture",4
2019,"White-breasted Nuthatch",2
2019,"Wood Thrush",1
2019,"Yellow-billed Cuckoo",4
2019,"Yellow-throated Vireo",1
2019,"Acadian Flycatcher",3
2019,"American Crow",28
2019,"American Goldfinch",4
2019,"Barn Swallow",7
2019,"Blue Grosbeak",10
2019,"Blue Jay",3
2019,"Blue-gray Gnatcatcher",6
2019,"Brown-headed Cowbird",1
2019,"Canada Goose",3
2019,"Carolina Chickadee",5
2019,"Carolina Wren",16
2019,"Chipping Sparrow",19
2019,"Common Grackle",6
2019,"Common Yellowthroat",5
2019,"Downy Woodpecker",2
2019,"Eastern Bluebird",5
2019,"Eastern Kingbird",2
2019,"Eastern Meadowlark",5
2019,"Eastern Phoebe",2
2019,"Eastern Towhee",4
2019,"Eastern Wood-Pewee",6
2019,"European Starling",27
2019,"Field Sparrow",3
2019,"Grasshopper Sparrow",2
2019,"Great Blue Heron",1
2019,"Great Crested Flycatcher",5
2019,"Indigo Bunting",12
2019,"Killdeer",1
2019,"Mourning Dove",35
2019,"Northern Bobwhite",1
2019,"Northern Cardinal",22
2019,"Northern Mockingbird",12
2019,"Northern Parula",1
2019,"Orchard Oriole",2
2019,"Ovenbird",1
2019,"Pine Warbler",11
2019,"Red-bellied Woodpecker",14
2019,"Red-eyed Vireo",10
2019,"Red-shouldered Hawk",3
2019,"Red-winged Blackbird",4
2019,"Ruby-throated Hummingbird",1
2019,"Scarlet Tanager",1
2019,"Summer Tanager",5
2019,"Tufted Titmouse",20
2019,"White-breasted Nuthatch",2
2019,"White-eyed Vireo",2
2019,"Wood Thrush",2
2019,"Yellow-billed Cuckoo",10
2019,"Yellow-breasted Chat",2
2019,"Yellow-throated Vireo",2
2019,"Yellow-throated Warbler",1
2019,"Acadian Flycatcher",1
2019,"American Crow",16
2019,"American Robin",5
2019,"Blue Jay",3
2019,"Blue-gray Gnatcatcher",8
2019,"Brown-headed Cowbird",2
2019,"Carolina Chickadee",11
2019,"Carolina Wren",18
2019,"Chimney Swift",1
2019,"Chipping Sparrow",11
2019,"Downy Woodpecker",1
2019,"Eastern Bluebird",6
2019,"Eastern Meadowlark",1
2019,"Eastern Towhee",4
2019,"Eastern Wood-Pewee",1
2019,"House Finch",1
2019,"Indigo Bunting",3
2019,"Mourning Dove",10
2019,"Northern Cardinal",28
2019,"Northern Mockingbird",2
2019,"Northern Parula",1
2019,"Ovenbird",2
2019,"Pine Warbler",8
2019,"Red-bellied Woodpecker",3
2019,"Red-eyed Vireo",4
2019,"Song Sparrow",3
2019,"Summer Tanager",1
2019,"Tufted Titmouse",15
2019,"White-eyed Vireo",1
2019,"Wood Thrush",2
2019,"Yellow-breasted Chat",1
2019,"American Crow",24
2019,"Blue Grosbeak",9
2019,"Blue Jay",1
2019,"Blue-gray Gnatcatcher",9
2019,"Brown Thrasher",3
2019,"Brown-headed Cowbird",3
2019,"Canada Goose",4
2019,"Carolina Chickadee",1
2019,"Carolina Wren",5
2019,"Chimney Swift",8
2019,"Chipping Sparrow",14
2019,"Common Grackle",1
2019,"Common Yellowthroat",5
2019,"Downy Woodpecker",1
2019,"Eastern Bluebird",6
2019,"Eastern Phoebe",3
2019,"Eastern Towhee",2
2019,"Eastern Wood-Pewee",3
2019,"European Starling",3
2019,"Field Sparrow",4
2019,"Fish Crow",1
2019,"Grasshopper Sparrow",4
2019,"Great Crested Flycatcher",6
2019,"Indigo Bunting",16
2019,"Mourning Dove",29
2019,"Northern Cardinal",37
2019,"Northern Mockingbird",10
2019,"Orchard Oriole",2
2019,"Ovenbird",1
2019,"Pileated Woodpecker",1
2019,"Pine Warbler",2
2019,"Prairie Warbler",1
2019,"Red-bellied Woodpecker",3
2019,"Red-eyed Vireo",18
2019,"Red-shouldered Hawk",1
2019,"Red-winged Blackbird",1
2019,"Summer Tanager",3
2019,"Tufted Titmouse",9
2019,"White-eyed Vireo",4
2019,"Wood Thrush",3
2019,"Yellow-billed Cuckoo",5
2019,"Yellow-breasted Chat",4
2019,"Yellow-throated Vireo",3
2019,"Yellow-throated Warbler",4
2019,"American Crow",17
2019,"Barn Swallow",1
2019,"Blue Jay",2
2019,"Brown Thrasher",2
2019,"Carolina Wren",4
2019,"Chimney Swift",5
2019,"Eastern Bluebird",1
2019,"Mourning Dove",7
2019,"Northern Cardinal",12
2019,"Northern Mockingbird",1
2019,"Pileated Woodpecker",2
2019,"Red-bellied Woodpecker",4
2019,"Red-eyed Vireo",2
2019,"Tufted Titmouse",9
2019,"Wood Thrush",1
2019,"Acadian Flycatcher",1
2019,"American Crow",17
2019,"American Goldfinch",1
2019,"American Robin",1
2019,"Blue Jay",3
2019,"Blue-gray Gnatcatcher",10
2019,"Brown-headed Cowbird",1
2019,"Carolina Chickadee",7
2019,"Carolina Wren",11
2019,"Chipping Sparrow",13
2019,"Eastern Bluebird",4
2019,"Eastern Meadowlark",1
2019,"Eastern Towhee",2
2019,"Eastern Wood-Pewee",2
2019,"Great Crested Flycatcher",2
2019,"Indigo Bunting",2
2019,"Mourning Dove",7
2019,"Northern Cardinal",20
2019,"Northern Mockingbird",2
2019,"Northern Parula",3
2019,"Ovenbird",2
2019,"Pileated Woodpecker",1
2019,"Pine Warbler",8
2019,"Red-bellied Woodpecker",7
2019,"Red-eyed Vireo",20
2019,"Red-shouldered Hawk",3
2019,"Scarlet Tanager",1
2019,"Summer Tanager",3
2019,"Tufted Titmouse",25
2019,"Turkey Vulture",2
2019,"White-breasted Nuthatch",1
2019,"Wood Thrush",3
2019,"Yellow-billed Cuckoo",6
2019,"American Crow",19
2019,"American Robin",3
2019,"Blue Jay",8
2019,"Blue-gray Gnatcatcher",2
2019,"Brown-headed Cowbird",1
2019,"Carolina Chickadee",8
2019,"Carolina Wren",16
2019,"Chimney Swift",1
2019,"Chipping Sparrow",2
2019,"Common Grackle",2
2019,"Eastern Bluebird",23
2019,"Eastern Meadowlark",1
2019,"Eastern Towhee",6
2019,"European Starling",9
2019,"Fish Crow",2
2019,"Gray Catbird",1
2019,"Great Crested Flycatcher",1
2019,"House Finch",4
2019,"Indigo Bunting",4
2019,"Killdeer",1
2019,"Mourning Dove",6
2019,"Northern Cardinal",41
2019,"Northern Mockingbird",4
2019,"Red-bellied Woodpecker",5
2019,"Red-eyed Vireo",10
2019,"Summer Tanager",3
2019,"Tufted Titmouse",16
2019,"White-breasted Nuthatch",3
2019,"Wood Thrush",4
2019,"Yellow-billed Cuckoo",1
2019,"Yellow-throated Warbler",2
2019,"American Crow",20
2019,"American Goldfinch",2
2019,"American Robin",1
2019,"Blue-gray Gnatcatcher",11
2019,"Brown Thrasher",2
2019,"Brown-headed Cowbird",1
2019,"Brown-headed Nuthatch",2
2019,"Carolina Chickadee",5
2019,"Carolina Wren",13
2019,"Chimney Swift",1
2019,"Chipping Sparrow",9
2019,"Common Grackle",3
2019,"Common Yellowthroat",1
2019,"Downy Woodpecker",4
2019,"Eastern Bluebird",2
2019,"Eastern Phoebe",1
2019,"Eastern Towhee",3
2019,"Eastern Wood-Pewee",2
2019,"Indigo Bunting",3
2019,"Mourning Dove",8
2019,"Northern Cardinal",19
2019,"Northern Mockingbird",2
2019,"Northern Parula",2
2019,"Ovenbird",1
2019,"Pileated Woodpecker",1
2019,"Pine Warbler",11
2019,"Prairie Warbler",1
2019,"Red-bellied Woodpecker",10
2019,"Red-eyed Vireo",4
2019,"Red-shouldered Hawk",1
2019,"Red-winged Blackbird",3
2019,"Summer Tanager",2
2019,"Tufted Titmouse",5
2019,"White-breasted Nuthatch",3
2019,"Wood Thrush",2
2019,"Yellow-billed Cuckoo",6
2019,"Acadian Flycatcher",1
2019,"American Crow",6
2019,"American Goldfinch",1
2019,"American Robin",12
2019,"Barn Swallow",4
2019,"Blue Grosbeak",3
2019,"Blue-gray Gnatcatcher",3
2019,"Brown Thrasher",1
2019,"Brown-headed Cowbird",2
2019,"Carolina Chickadee",9
2019,"Carolina Wren",29
2019,"Chipping Sparrow",8
2019,"Common Grackle",2
2019,"Common Yellowthroat",1
2019,"Downy Woodpecker",3
2019,"Eastern Bluebird",9
2019,"Eastern Towhee",9
2019,"Gray Catbird",7
2019,"Great Crested Flycatcher",2
2019,"House Finch",7
2019,"Mourning Dove",6
2019,"Northern Cardinal",32
2019,"Northern Mockingbird",1
2019,"Ovenbird",1
2019,"Pine Warbler",8
2019,"Red-bellied Woodpecker",8
2019,"Red-eyed Vireo",2
2019,"Summer Tanager",7
2019,"Tufted Titmouse",24
2019,"White-eyed Vireo",1
2019,"Wood Thrush",10
2020,"Acadian Flycatcher",1
2020,"American Crow",19
2020,"American Goldfinch",6
2020,"Blue Jay",2
2020,"Blue-gray Gnatcatcher",15
2020,"Brown Thrasher",2
2020,"Brown-headed Cowbird",3
2020,"Brown-headed Nuthatch",1
2020,"Carolina Chickadee",7
2020,"Carolina Wren",5
2020,"Chimney Swift",1
2020,"Chipping Sparrow",3
2020,"Common Yellowthroat",3
2020,"Downy Woodpecker",1
2020,"Eastern Bluebird",4
2020,"Eastern Towhee",2
2020,"Eastern Wood-Pewee",2
2020,"Fish Crow",3
2020,"Great Crested Flycatcher",4
2020,"Hooded Warbler",6
2020,"Indigo Bunting",7
2020,"Mourning Dove",10
2020,"Northern Cardinal",33
2020,"Northern Mockingbird",2
2020,"Northern Parula",1
2020,"Ovenbird",3
2020,"Pine Warbler",25
2020,"Prairie Warbler",1
2020,"Red-bellied Woodpecker",5
2020,"Red-eyed Vireo",4
2020,"Summer Tanager",5
2020,"Tufted Titmouse",6
2020,"Turkey Vulture",1
2020,"White-breasted Nuthatch",2
2020,"White-eyed Vireo",1
2020,"Wood Thrush",3
2020,"Yellow-throated Warbler",6
2020,"Acadian Flycatcher",1
2020,"American Crow",11
2020,"American Goldfinch",15
2020,"American Robin",2
2020,"Barn Swallow",4
2020,"Blue Grosbeak",3
2020,"Blue Jay",5
2020,"Blue-gray Gnatcatcher",9
2020,"Brown-headed Cowbird",3
2020,"Brown-headed Nuthatch",1
2020,"Carolina Chickadee",4
2020,"Carolina Wren",9
2020,"Chimney Swift",2
2020,"Chipping Sparrow",10
2020,"Common Grackle",2
2020,"Common Yellowthroat",1
2020,"Eastern Bluebird",4
2020,"Eastern Towhee",5
2020,"Eastern Whip-poor-will",1
2020,"Eastern Wood-Pewee",5
2020,"European Starling",30
2020,"Fish Crow",1
2020,"Great Crested Flycatcher",1
2020,"Hooded Warbler",2
2020,"House Finch",2
2020,"Indigo Bunting",8
2020,"Mourning Dove",2
2020,"Northern Cardinal",20
2020,"Northern Mockingbird",2
2020,"Northern Parula",2
2020,"Ovenbird",2
2020,"Pine Warbler",15
2020,"Prairie Warbler",1
2020,"Red-bellied Woodpecker",5
2020,"Red-eyed Vireo",9
2020,"Red-shouldered Hawk",1
2020,"Scarlet Tanager",2
2020,"Summer Tanager",3
2020,"Tufted Titmouse",11
2020,"White-eyed Vireo",3
2020,"Yellow-throated Vireo",1
2020,"Acadian Flycatcher",2
2020,"American Crow",12
2020,"American Goldfinch",2
2020,"American Robin",2
2020,"Barn Swallow",3
2020,"Blue Grosbeak",5
2020,"Blue Jay",2
2020,"Blue-gray Gnatcatcher",9
2020,"Brown Thrasher",3
2020,"Carolina Chickadee",3
2020,"Carolina Wren",22
2020,"Chipping Sparrow",10
2020,"Eastern Bluebird",27
2020,"Eastern Kingbird",1
2020,"Eastern Meadowlark",1
2020,"Eastern Phoebe",1
2020,"Eastern Towhee",7
2020,"Eastern Whip-poor-will",1
2020,"Eastern Wood-Pewee",2
2020,"European Starling",50
2020,"Field Sparrow",1
2020,"Fish Crow",3
2020,"Gray Catbird",1
2020,"Great Blue Heron",3
2020,"Great Crested Flycatcher",1
2020,"Indigo Bunting",11
2020,"Mourning Dove",8
2020,"Northern Bobwhite",1
2020,"Northern Cardinal",12
2020,"Northern Mockingbird",1
2020,"Orchard Oriole",1
2020,"Ovenbird",1
2020,"Pileated Woodpecker",2
2020,"Pine Warbler",17
2020,"Prairie Warbler",6
2020,"Red-bellied Woodpecker",5
2020,"Red-eyed Vireo",6
2020,"Red-shouldered Hawk",1
2020,"Scarlet Tanager",1
2020,"Summer Tanager",7
2020,"Tufted Titmouse",6
2020,"Wood Thrush",3
2020,"Yellow-breasted Chat",8
2020,"Yellow-throated Warbler",2
2020,"Acadian Flycatcher",2
2020,"American Crow",21
2020,"American Goldfinch",5
2020,"American Robin",1
2020,"Blue Grosbeak",2
2020,"Blue Jay",2
2020,"Blue-gray Gnatcatcher",16
2020,"Brown Thrasher",1
2020,"Brown-headed Cowbird",3
2020,"Canada Goose",2
2020,"Carolina Chickadee",2
2020,"Carolina Wren",14
2020,"Chimney Swift",3
2020,"Chipping Sparrow",11
2020,"Common Grackle",4
2020,"Common Yellowthroat",1
2020,"Eastern Bluebird",2
2020,"Eastern Kingbird",2
2020,"Eastern Meadowlark",1
2020,"Eastern Phoebe",2
2020,"Eastern Towhee",1
2020,"Eastern Whip-poor-will",4
2020,"Eastern Wood-Pewee",3
2020,"European Starling",3
2020,"Great Crested Flycatcher",4
2020,"Hooded Warbler",1
2020,"Indigo Bunting",10
2020,"Mourning Dove",11
2020,"Northern Cardinal",13
2020,"Northern Mockingbird",5
2020,"Northern Parula",3
2020,"Orchard Oriole",1
2020,"Ovenbird",2
2020,"Pine Warbler",1
2020,"Prairie Warbler",3
2020,"Red-bellied Woodpecker",7
2020,"Red-eyed Vireo",3
2020,"Scarlet Tanager",1
2020,"Summer Tanager",2
2020,"Tufted Titmouse",5
2020,"White-breasted Nuthatch",1
2020,"White-eyed Vireo",4
2020,"Yellow-breasted Chat",2
2020,"Yellow-throated Warbler",3
2020,"American Crow",17
2020,"American Goldfinch",14
2020,"Barn Swallow",4
2020,"Blue Grosbeak",9
2020,"Blue Jay",2
2020,"Blue-gray Gnatcatcher",8
2020,"Brown Thrasher",1
2020,"Brown-headed Cowbird",2
2020,"Carolina Chickadee",6
2020,"Carolina Wren",18
2020,"Chimney Swift",2
2020,"Chipping Sparrow",12
2020,"Common Grackle",12
2020,"Common Yellowthroat",1
2020,"Eastern Bluebird",15
2020,"Eastern Meadowlark",5
2020,"Eastern Phoebe",4
2020,"Eastern Towhee",2
2020,"Eastern Wood-Pewee",14
2020,"European Starling",18
2020,"Great Crested Flycatcher",9
2020,"House Finch",2
2020,"Indigo Bunting",15
2020,"Mourning Dove",11
2020,"Northern Cardinal",22
2020,"Northern Mockingbird",11
2020,"Ovenbird",1
2020,"Pileated Woodpecker",1
2020,"Pine Warbler",1
2020,"Purple Martin",2
2020,"Red-bellied Woodpecker",3
2020,"Red-eyed Vireo",11
2020,"Summer Tanager",3
2020,"Tufted Titmouse",11
2020,"White-breasted Nuthatch",1
2020,"White-eyed Vireo",1
2020,"Wood Thrush",2
2020,"Yellow-billed Cuckoo",1
2020,"Yellow-breasted Chat",3
2020,"Yellow-throated Vireo",1
2020,"Yellow-throated Warbler",2
2020,"American Crow",28
2020,"American Goldfinch",3
2020,"American Robin",3
2020,"Blue Grosbeak",11
2020,"Blue Jay",6
2020,"Blue-gray Gnatcatcher",9
2020,"Brown Thrasher",3
2020,"Brown-headed Cowbird",8
2020,"Brown-headed Nuthatch",1
2020,"Carolina Chickadee",7
2020,"Carolina Wren",19
2020,"Chimney Swift",10
2020,"Chipping Sparrow",13
2020,"Common Grackle",2
2020,"Common Yellowthroat",2
2020,"Downy Woodpecker",3
2020,"Eastern Bluebird",14
2020,"Eastern Meadowlark",2
2020,"Eastern Phoebe",3
2020,"Eastern Towhee",5
2020,"Eastern Wood-Pewee",6
2020,"Field Sparrow",1
2020,"Grasshopper Sparrow",4
2020,"Great Crested Flycatcher",5
2020,"Indigo Bunting",14
2020,"Killdeer",1
2020,"Mourning Dove",24
2020,"Northern Cardinal",30
2020,"Northern Mockingbird",7
2020,"Orchard Oriole",1
2020,"Pine Warbler",3
2020,"Purple Martin",2
2020,"Red-bellied Woodpecker",13
2020,"Red-eyed Vireo",2
2020,"Red-shouldered Hawk",2
2020,"Red-winged Blackbird",6
2020,"Summer Tanager",2
2020,"Tufted Titmouse",8
2020,"White-eyed Vireo",2
2020,"Yellow-billed Cuckoo",1
2020,"Yellow-breasted Chat",1
2020,"Acadian Flycatcher",6
2020,"American Crow",27
2020,"American Goldfinch",5
2020,"Barn Swallow",6
2020,"Blue Grosbeak",4
2020,"Blue Jay",4
2020,"Blue-gray Gnatcatcher",6
2020,"Brown Thrasher",2
2020,"Brown-headed Cowbird",3
2020,"Brown-headed Nuthatch",2
2020,"Carolina Chickadee",6
2020,"Carolina Wren",22
2020,"Chipping Sparrow",12
2020,"Common Grackle",2
2020,"Common Yellowthroat",1
2020,"Downy Woodpecker",1
2020,"Eastern Bluebird",5
2020,"Eastern Kingbird",1
2020,"Eastern Meadowlark",5
2020,"Eastern Phoebe",2
2020,"Eastern Towhee",2
2020,"Eastern Whip-poor-will",1
2020,"Eastern Wood-Pewee",5
2020,"European Starling",2
2020,"Field Sparrow",1
2020,"Grasshopper Sparrow",1
2020,"Great Crested Flycatcher",2
2020,"Hooded Warbler",6
2020,"House Finch",1
2020,"Indigo Bunting",18
2020,"Mourning Dove",20
2020,"Northern Cardinal",24
2020,"Northern Mockingbird",4
2020,"Northern Parula",3
2020,"Orchard Oriole",1
2020,"Ovenbird",6
2020,"Pileated Woodpecker",1
2020,"Pine Warbler",2
2020,"Purple Martin",3
2020,"Red-bellied Woodpecker",6
2020,"Red-eyed Vireo",31
2020,"Scarlet Tanager",2
2020,"Summer Tanager",8
2020,"Tufted Titmouse",9
2020,"White-breasted Nuthatch",2
2020,"White-eyed Vireo",4
2020,"Wood Thrush",7
2020,"Yellow-billed Cuckoo",7
2020,"Yellow-breasted Chat",13
2020,"Yellow-throated Vireo",4
2020,"Yellow-throated Warbler",1
2020,"Acadian Flycatcher",4
2020,"American Crow",22
2020,"American Goldfinch",2
2020,"Barn Swallow",3
2020,"Blue Grosbeak",1
2020,"Blue Jay",2
2020,"Blue-gray Gnatcatcher",6
2020,"Brown Thrasher",5
2020,"Brown-headed Cowbird",1
2020,"Brown-headed Nuthatch",2
2020,"Carolina Chickadee",7
2020,"Carolina Wren",7
2020,"Chipping Sparrow",13
2020,"Downy Woodpecker",1
2020,"Eastern Bluebird",9
2020,"Eastern Meadowlark",3
2020,"Eastern Towhee",2
2020,"Eastern Wood-Pewee",6
2020,"European Starling",1
2020,"Fish Crow",4
2020,"Great Crested Flycatcher",5
2020,"House Finch",2
2020,"Indigo Bunting",7
2020,"Killdeer",3
2020,"Mourning Dove",17
2020,"Northern Cardinal",23
2020,"Northern Mockingbird",9
2020,"Ovenbird",8
2020,"Pileated Woodpecker",1
2020,"Pine Warbler",9
2020,"Red-bellied Woodpecker",8
2020,"Red-eyed Vireo",12
2020,"Red-shouldered Hawk",2
2020,"Scarlet Tanager",1
2020,"Summer Tanager",2
2020,"Tufted Titmouse",14
2020,"White-breasted Nuthatch",2
2020,"White-eyed Vireo",5
2020,"Wood Thrush",3
2020,"Yellow-billed Cuckoo",2
2020,"Yellow-breasted Chat",1
2020,"Yellow-throated Vireo",1
2020,"Yellow-throated Warbler",2
2020,"Acadian Flycatcher",7
2020,"American Crow",7
2020,"American Goldfinch",4
2020,"American Robin",2
2020,"Blue Jay",1
2020,"Blue-gray Gnatcatcher",19
2020,"Brown Thrasher",2
2020,"Brown-headed Cowbird",1
2020,"Brown-headed Nuthatch",4
2020,"Carolina Chickadee",4
2020,"Carolina Wren",28
2020,"Chipping Sparrow",11
2020,"Common Grackle",2
2020,"Common Yellowthroat",1
2020,"Downy Woodpecker",5
2020,"Eastern Bluebird",7
2020,"Eastern Wood-Pewee",11
2020,"Fish Crow",2
2020,"Gray Catbird",1
2020,"Great Crested Flycatcher",3
2020,"Hooded Warbler",2
2020,"House Finch",2
2020,"Indigo Bunting",7
2020,"Mourning Dove",29
2020,"Northern Cardinal",36
2020,"Northern Mockingbird",2
2020,"Northern Parula",6
2020,"Ovenbird",2
2020,"Pileated Woodpecker",1
2020,"Pine Warbler",18
2020,"Prairie Warbler",1
2020,"Red-bellied Woodpecker",7
2020,"Red-eyed Vireo",16
2020,"Red-shouldered Hawk",1
2020,"Ruby-throated Hummingbird",1
2020,"Scarlet Tanager",5
2020,"Summer Tanager",11
2020,"Tufted Titmouse",14
2020,"White-breasted Nuthatch",4
2020,"Wood Thrush",4
2020,"Yellow-billed Cuckoo",8
2020,"Yellow-breasted Chat",1
2020,"Yellow-throated Vireo",1
2020,"American Crow",10
2020,"American Goldfinch",4
2020,"American Robin",2
2020,"Barn Swallow",3
2020,"Blue Grosbeak",2
2020,"Blue Jay",3
2020,"Blue-gray Gnatcatcher",7
2020,"Brown Thrasher",1
2020,"Brown-headed Nuthatch",1
2020,"Canada Goose",1
2020,"Carolina Chickadee",1
2020,"Carolina Wren",17
2020,"Chipping Sparrow",11
2020,"Common Grackle",1
2020,"Common Yellowthroat",2
2020,"Eastern Bluebird",2
2020,"Eastern Phoebe",2
2020,"Eastern Towhee",1
2020,"Eastern Whip-poor-will",1
2020,"European Starling",3
2020,"Fish Crow",5
2020,"Great Crested Flycatcher",2
2020,"Hooded Warbler",2
2020,"House Sparrow",2
2020,"Indigo Bunting",8
2020,"Northern Cardinal",11
2020,"Northern Mockingbird",6
2020,"Northern Parula",5
2020,"Pileated Woodpecker",1
2020,"Red-bellied Woodpecker",4
2020,"Red-eyed Vireo",7
2020,"Tufted Titmouse",7
2020,"White-eyed Vireo",1
2020,"Wood Thrush",2
2020,"Yellow-billed Cuckoo",2
2020,"Yellow-throated Vireo",3
2020,"Yellow-throated Warbler",2
2020,"Acadian Flycatcher",4
2020,"American Crow",10
2020,"American Goldfinch",3
2020,"Barn Swallow",9
2020,"Blue Grosbeak",1
2020,"Blue Jay",3
2020,"Blue-gray Gnatcatcher",9
2020,"Brown Thrasher",1
2020,"Brown-headed Cowbird",1
2020,"Carolina Chickadee",2
2020,"Carolina Wren",7
2020,"Chipping Sparrow",8
2020,"Common Grackle",1
2020,"Common Yellowthroat",2
2020,"Downy Woodpecker",2
2020,"Eastern Bluebird",2
2020,"Eastern Towhee",2
2020,"Eastern Wood-Pewee",2
2020,"Fish Crow",1
2020,"Great Blue Heron",1
2020,"Great Crested Flycatcher",2
2020,"House Finch",3
2020,"Indigo Bunting",14
2020,"Mourning Dove",4
2020,"Northern Cardinal",14
2020,"Northern Mockingbird",1
2020,"Northern Parula",3
2020,"Ovenbird",5
2020,"Pine Warbler",3
2020,"Prairie Warbler",1
2020,"Red-bellied Woodpecker",4
2020,"Red-eyed Vireo",6
2020,"Ruby-throated Hummingbird",1
2020,"Summer Tanager",6
2020,"Tufted Titmouse",5
2020,"White-breasted Nuthatch",1
2020,"Wood Thrush",1
2020,"Yellow-billed Cuckoo",3
2020,"Yellow-breasted Chat",7
2020,"Yellow-throated Vireo",1
2020,"Yellow-throated Warbler",4
2020,"Acadian Flycatcher",3
2020,"American Crow",22
2020,"American Goldfinch",7
2020,"American Robin",2
2020,"Barn Swallow",12
2020,"Blue Grosbeak",14
2020,"Blue Jay",6
2020,"Brown Thrasher",3
2020,"Brown-headed Cowbird",15
2020,"Carolina Chickadee",6
2020,"Carolina Wren",14
2020,"Chimney Swift",2
2020,"Chipping Sparrow",12
2020,"Common Grackle",2
2020,"Downy Woodpecker",2
2020,"Eastern Bluebird",7
2020,"Eastern Kingbird",2
2020,"Eastern Meadowlark",10
2020,"Eastern Phoebe",5
2020,"Eastern Towhee",3
2020,"Eastern Wood-Pewee",14
2020,"Great Blue Heron",1
2020,"Great Crested Flycatcher",11
2020,"Hooded Warbler",1
2020,"Indigo Bunting",9
2020,"Mourning Dove",24
2020,"Northern Cardinal",25
2020,"Northern Mockingbird",21
2020,"Orchard Oriole",4
2020,"Ovenbird",3
2020,"Pine Warbler",2
2020,"Red-bellied Woodpecker",12
2020,"Red-eyed Vireo",11
2020,"Red-winged Blackbird",8
2020,"Scarlet Tanager",1
2020,"Summer Tanager",10
2020,"Tufted Titmouse",10
2020,"Turkey Vulture",1
2020,"White-eyed Vireo",3
2020,"Wood Thrush",7
2020,"Yellow-billed Cuckoo",5
2020,"Yellow-breasted Chat",4
2020,"Yellow-throated Warbler",2
2020,"American Crow",29
2020,"American Goldfinch",6
2020,"American Robin",6
2020,"Barn Swallow",2
2020,"Blue Grosbeak",7
2020,"Blue Jay",2
2020,"Blue-gray Gnatcatcher",2
2020,"Brown Thrasher",3
2020,"Brown-headed Cowbird",7
2020,"Brown-headed Nuthatch",2
2020,"Carolina Chickadee",7
2020,"Carolina Wren",15
2020,"Chimney Swift",25
2020,"Chipping Sparrow",10
2020,"Common Grackle",9
2020,"Common Yellowthroat",4
2020,"Eastern Bluebird",9
2020,"Eastern Phoebe",6
2020,"Eastern Towhee",5
2020,"Eastern Wood-Pewee",7
2020,"European Starling",4
2020,"Gray Catbird",3
2020,"Great Crested Flycatcher",7
2020,"House Finch",4
2020,"House Sparrow",2
2020,"Indigo Bunting",6
2020,"Mourning Dove",11
2020,"Northern Cardinal",19
2020,"Northern Mockingbird",23
2020,"Northern Parula",1
2020,"Ovenbird",1
2020,"Prairie Warbler",1
2020,"Red-bellied Woodpecker",4
2020,"Red-eyed Vireo",5
2020,"Red-winged Blackbird",2
2020,"Song Sparrow",5
2020,"Summer Tanager",4
2020,"Tufted Titmouse",6
2020,"Turkey Vulture",1
2020,"White-breasted Nuthatch",1
2020,"White-eyed Vireo",2
2020,"Yellow-billed Cuckoo",1
2020,"Yellow-breasted Chat",3
2020,"Yellow-throated Vireo",1
2020,"Yellow-throated Warbler",1
2020,"Acadian Flycatcher",3
2020,"American Crow",20
2020,"American Goldfinch",9
2020,"Blue Grosbeak",7
2020,"Blue Jay",4
2020,"Blue-gray Gnatcatcher",9
2020,"Brown Thrasher",1
2020,"Brown-headed Cowbird",2
2020,"Brown-headed Nuthatch",10
2020,"Carolina Chickadee",15
2020,"Carolina Wren",20
2020,"Chimney Swift",1
2020,"Chipping Sparrow",12
2020,"Downy Woodpecker",5
2020,"Eastern Bluebird",8
2020,"Eastern Kingbird",1
2020,"Eastern Phoebe",4
2020,"Eastern Towhee",6
2020,"Eastern Wood-Pewee",4
2020,"Fish Crow",8
2020,"Great Blue Heron",1
2020,"Great Crested Flycatcher",5
2020,"House Finch",3
2020,"Indigo Bunting",1
2020,"Mourning Dove",16
2020,"Northern Cardinal",19
2020,"Northern Mockingbird",1
2020,"Northern Parula",1
2020,"Orchard Oriole",5
2020,"Ovenbird",2
2020,"Pileated Woodpecker",1
2020,"Pine Warbler",19
2020,"Purple Martin",1
2020,"Red-bellied Woodpecker",12
2020,"Red-eyed Vireo",2
2020,"Red-shouldered Hawk",1
2020,"Red-winged Blackbird",2
2020,"Ruby-throated Hummingbird",1
2020,"Summer Tanager",7
2020,"Tufted Titmouse",19
2020,"White-breasted Nuthatch",5
2020,"White-eyed Vireo",5
2020,"Wood Thrush",4
2020,"Yellow-billed Cuckoo",4
2020,"Yellow-breasted Chat",4
2020,"Acadian Flycatcher",4
2020,"American Crow",21
2020,"American Goldfinch",1
2020,"Blue Grosbeak",4
2020,"Blue Jay",4
2020,"Blue-gray Gnatcatcher",1
2020,"Brown Thrasher",1
2020,"Canada Goose",3
2020,"Carolina Chickadee",1
2020,"Carolina Wren",10
2020,"Chipping Sparrow",4
2020,"Common Grackle",6
2020,"Common Yellowthroat",3
2020,"Eastern Bluebird",17
2020,"Eastern Kingbird",3
2020,"Eastern Meadowlark",1
2020,"Eastern Phoebe",3
2020,"Eastern Towhee",1
2020,"Eastern Wood-Pewee",2
2020,"Field Sparrow",2
2020,"Fish Crow",1
2020,"Great Crested Flycatcher",3
2020,"House Finch",2
2020,"Indigo Bunting",7
2020,"Mourning Dove",12
2020,"Northern Cardinal",26
2020,"Northern Mockingbird",5
2020,"Orchard Oriole",1
2020,"Ovenbird",3
2020,"Pine Warbler",2
2020,"Purple Martin",4
2020,"Red-bellied Woodpecker",10
2020,"Red-eyed Vireo",18
2020,"Red-shouldered Hawk",1
2020,"Ruby-throated Hummingbird",1
2020,"Summer Tanager",7
2020,"Tufted Titmouse",3
2020,"Turkey Vulture",3
2020,"White-breasted Nuthatch",2
2020,"White-eyed Vireo",7
2020,"Wood Thrush",2
2020,"Yellow-billed Cuckoo",3
2020,"Yellow-breasted Chat",1
2020,"American Crow",23
2020,"American Goldfinch",6
2020,"American Robin",4
2020,"Blue Grosbeak",1
2020,"Blue Jay",4
2020,"Blue-gray Gnatcatcher",17
2020,"Brown Thrasher",2
2020,"Brown-headed Cowbird",8
2020,"Brown-headed Nuthatch",2
2020,"Carolina Chickadee",18
2020,"Carolina Wren",19
2020,"Chimney Swift",4
2020,"Chipping Sparrow",14
2020,"Common Yellowthroat",1
2020,"Downy Woodpecker",5
2020,"Eastern Bluebird",5
2020,"Eastern Meadowlark",1
2020,"Eastern Phoebe",3
2020,"Eastern Towhee",2
2020,"Eastern Wood-Pewee",9
2020,"Fish Crow",2
2020,"Great Blue Heron",1
2020,"Great Crested Flycatcher",3
2020,"Hooded Warbler",1
2020,"House Finch",7
2020,"Indigo Bunting",10
2020,"Killdeer",1
2020,"Mourning Dove",13
2020,"Northern Cardinal",26
2020,"Northern Mockingbird",5
2020,"Northern Parula",3
2020,"Ovenbird",5
2020,"Pileated Woodpecker",2
2020,"Pine Warbler",10
2020,"Prairie Warbler",1
2020,"Red-bellied Woodpecker",6
2020,"Red-eyed Vireo",19
2020,"Red-shouldered Hawk",1
2020,"Summer Tanager",5
2020,"Tufted Titmouse",17
2020,"White-breasted Nuthatch",3
2020,"Wood Thrush",7
2020,"Yellow-billed Cuckoo",1
2020,"Yellow-breasted Chat",2
2020,"Yellow-throated Vireo",2
2020,"Yellow-throated Warbler",3
2020,"Acadian Flycatcher",2
2020,"American Crow",5
2020,"American Goldfinch",1
2020,"American Robin",18
2020,"Barn Swallow",4
2020,"Blue Jay",8
2020,"Blue-gray Gnatcatcher",4
2020,"Brown-headed Cowbird",13
2020,"Carolina Chickadee",11
2020,"Carolina Wren",14
2020,"Chimney Swift",6
2020,"Chipping Sparrow",8
2020,"Downy Woodpecker",1
2020,"Eastern Bluebird",4
2020,"Eastern Phoebe",2
2020,"Eastern Towhee",10
2020,"Eastern Wood-Pewee",1
2020,"European Starling",3
2020,"Fish Crow",4
2020,"Gray Catbird",2
2020,"House Finch",8
2020,"Mourning Dove",5
2020,"Northern Cardinal",30
2020,"Northern Mockingbird",10
2020,"Northern Parula",1
2020,"Pine Warbler",2
2020,"Red-bellied Woodpecker",9
2020,"Red-eyed Vireo",1
2020,"Red-shouldered Hawk",2
2020,"Song Sparrow",10
2020,"Summer Tanager",2
2020,"Tufted Titmouse",15
2020,"Acadian Flycatcher",1
2020,"American Crow",6
2020,"American Robin",5
2020,"Barn Swallow",1
2020,"Blue Grosbeak",5
2020,"Blue-gray Gnatcatcher",24
2020,"Brown Thrasher",2
2020,"Brown-headed Cowbird",3
2020,"Brown-headed Nuthatch",6
2020,"Canada Goose",2
2020,"Carolina Chickadee",10
2020,"Carolina Wren",21
2020,"Chimney Swift",3
2020,"Chipping Sparrow",16
2020,"Common Grackle",6
2020,"Common Yellowthroat",2
2020,"Downy Woodpecker",3
2020,"Eastern Bluebird",4
2020,"Eastern Meadowlark",1
2020,"Eastern Phoebe",5
2020,"Eastern Towhee",3
2020,"Eastern Wood-Pewee",5
2020,"European Starling",3
2020,"Fish Crow",4
2020,"Great Crested Flycatcher",4
2020,"House Finch",5
2020,"House Sparrow",3
2020,"Indigo Bunting",9
2020,"Killdeer",1
2020,"Mourning Dove",5
2020,"Northern Cardinal",22
2020,"Northern Mockingbird",5
2020,"Northern Parula",6
2020,"Orchard Oriole",1
2020,"Ovenbird",4
2020,"Pine Warbler",6
2020,"Red-bellied Woodpecker",4
2020,"Red-eyed Vireo",9
2020,"Red-shouldered Hawk",2
2020,"Ruby-throated Hummingbird",1
2020,"Scarlet Tanager",1
2020,"Summer Tanager",9
2020,"Tufted Titmouse",13
2020,"White-breasted Nuthatch",4
2020,"White-eyed Vireo",2
2020,"Wood Thrush",4
2020,"Yellow-billed Cuckoo",2
2020,"Yellow-breasted Chat",2
2020,"Yellow-throated Warbler",2
2020,"American Crow",9
2020,"American Goldfinch",4
2020,"American Robin",9
2020,"Blue Jay",5
2020,"Blue-gray Gnatcatcher",10
2020,"Brown-headed Cowbird",5
2020,"Carolina Chickadee",7
2020,"Carolina Wren",14
2020,"Chimney Swift",3
2020,"Chipping Sparrow",9
2020,"Common Grackle",5
2020,"Eastern Bluebird",5
2020,"Eastern Phoebe",2
2020,"Eastern Towhee",13
2020,"Eastern Wood-Pewee",1
2020,"Gray Catbird",2
2020,"Great Crested Flycatcher",2
2020,"House Finch",16
2020,"Mourning Dove",11
2020,"Northern Cardinal",27
2020,"Northern Mockingbird",6
2020,"Pine Warbler",9
2020,"Red-bellied Woodpecker",10
2020,"Red-shouldered Hawk",2
2020,"Song Sparrow",1
2020,"Summer Tanager",2
2020,"Tufted Titmouse",8
2020,"White-breasted Nuthatch",7
2020,"Wood Thrush",1
2020,"American Crow",18
2020,"American Goldfinch",2
2020,"American Robin",11
2020,"Blue Jay",3
2020,"Blue-gray Gnatcatcher",4
2020,"Brown Thrasher",3
2020,"Brown-headed Cowbird",9
2020,"Canada Goose",6
2020,"Carolina Chickadee",5
2020,"Carolina Wren",14
2020,"Chimney Swift",6
2020,"Chipping Sparrow",10
2020,"Common Grackle",9
2020,"Downy Woodpecker",1
2020,"Eastern Bluebird",3
2020,"Eastern Towhee",9
2020,"European Starling",1
2020,"Gray Catbird",2
2020,"Great Blue Heron",2
2020,"Great Crested Flycatcher",2
2020,"House Finch",10
2020,"House Sparrow",3
2020,"Indigo Bunting",3
2020,"Killdeer",1
2020,"Mourning Dove",16
2020,"Northern Cardinal",10
2020,"Northern Mockingbird",15
2020,"Pine Warbler",6
2020,"Red-bellied Woodpecker",3
2020,"Red-eyed Vireo",1
2020,"Song Sparrow",3
2020,"Summer Tanager",1
2020,"Tufted Titmouse",12
2020,"White-breasted Nuthatch",1
2020,"Acadian Flycatcher",2
2020,"American Crow",6
2020,"American Goldfinch",1
2020,"American Robin",5
2020,"Blue Grosbeak",2
2020,"Blue Jay",1
2020,"Blue-gray Gnatcatcher",12
2020,"Brown Thrasher",1
2020,"Brown-headed Cowbird",1
2020,"Carolina Chickadee",5
2020,"Carolina Wren",18
2020,"Chipping Sparrow",8
2020,"Common Grackle",3
2020,"Common Yellowthroat",1
2020,"Eastern Bluebird",6
2020,"Eastern Phoebe",1
2020,"Eastern Towhee",10
2020,"European Starling",1
2020,"Fish Crow",1
2020,"Great Crested Flycatcher",2
2020,"Indigo Bunting",4
2020,"Mourning Dove",13
2020,"Northern Cardinal",17
2020,"Northern Mockingbird",6
2020,"Northern Parula",3
2020,"Ovenbird",4
2020,"Pileated Woodpecker",1
2020,"Prairie Warbler",1
2020,"Red-bellied Woodpecker",5
2020,"Red-eyed Vireo",3
2020,"Red-shouldered Hawk",1
2020,"Scarlet Tanager",1
2020,"Summer Tanager",3
2020,"Tufted Titmouse",2
2020,"White-breasted Nuthatch",1
2020,"White-eyed Vireo",2
2020,"Wood Thrush",1
2020,"American Crow",18
2020,"American Goldfinch",1
2020,"American Robin",13
2020,"Blue Grosbeak",7
2020,"Blue-gray Gnatcatcher",14
2020,"Brown Thrasher",2
2020,"Brown-headed Cowbird",4
2020,"Brown-headed Nuthatch",1
2020,"Canada Goose",5
2020,"Carolina Chickadee",3
2020,"Carolina Wren",18
2020,"Chimney Swift",3
2020,"Chipping Sparrow",15
2020,"Common Grackle",2
2020,"Common Yellowthroat",2
2020,"Downy Woodpecker",2
2020,"Eastern Bluebird",5
2020,"Eastern Phoebe",2
2020,"Eastern Towhee",5
2020,"Great Blue Heron",1
2020,"Great Crested Flycatcher",5
2020,"Hooded Warbler",1
2020,"House Finch",5
2020,"Indigo Bunting",7
2020,"Mourning Dove",21
2020,"Northern Cardinal",35
2020,"Northern Mockingbird",11
2020,"Pine Warbler",2
2020,"Red-bellied Woodpecker",1
2020,"Red-eyed Vireo",4
2020,"Red-shouldered Hawk",1
2020,"Summer Tanager",4
2020,"Tufted Titmouse",6
2020,"White-breasted Nuthatch",1
2020,"Wood Thrush",2
2020,"Yellow-breasted Chat",2
2020,"American Crow",22
2020,"American Goldfinch",2
2020,"American Robin",1
2020,"Barn Swallow",1
2020,"Blue Grosbeak",2
2020,"Blue-gray Gnatcatcher",8
2020,"Brown Thrasher",1
2020,"Brown-headed Cowbird",1
2020,"Carolina Chickadee",6
2020,"Carolina Wren",5
2020,"Chimney Swift",3
2020,"Chipping Sparrow",10
2020,"Common Grackle",1
2020,"Common Yellowthroat",8
2020,"Eastern Bluebird",9
2020,"Eastern Meadowlark",8
2020,"Eastern Phoebe",3
2020,"Eastern Towhee",1
2020,"Eastern Wood-Pewee",4
2020,"European Starling",10
2020,"Field Sparrow",3
2020,"Grasshopper Sparrow",4
2020,"Indigo Bunting",16
2020,"Killdeer",3
2020,"Mourning Dove",14
2020,"Northern Cardinal",14
2020,"Northern Mockingbird",19
2020,"Northern Parula",1
2020,"Orchard Oriole",2
2020,"Ovenbird",4
2020,"Pine Warbler",2
2020,"Red-bellied Woodpecker",2
2020,"Red-eyed Vireo",13
2020,"Summer Tanager",4
2020,"Tufted Titmouse",12
2020,"White-eyed Vireo",3
2020,"Yellow-breasted Chat",2
2020,"Yellow-throated Warbler",1
2020,"American Crow",14
2020,"Blue Grosbeak",1
2020,"Brown Thrasher",2
2020,"Canada Goose",10
2020,"Carolina Wren",1
2020,"Common Grackle",4
2020,"Eastern Bluebird",3
2020,"Eastern Phoebe",1
2020,"European Starling",7
2020,"Great Crested Flycatcher",1
2020,"Mourning Dove",12
2020,"Northern Bobwhite",1
2020,"Northern Cardinal",7
2020,"Red-bellied Woodpecker",5
2020,"Red-winged Blackbird",1
2020,"Tufted Titmouse",3
2020,"Acadian Flycatcher",1
2020,"American Crow",33
2020,"American Robin",2
2020,"Blue Jay",8
2020,"Blue-gray Gnatcatcher",2
2020,"Carolina Chickadee",7
2020,"Carolina Wren",9
2020,"Chimney Swift",3
2020,"Chipping Sparrow",9
2020,"Common Grackle",2
2020,"Downy Woodpecker",2
2020,"Eastern Bluebird",13
2020,"Eastern Meadowlark",3
2020,"Eastern Towhee",6
2020,"Eastern Wood-Pewee",5
2020,"Gray Catbird",1
2020,"Killdeer",2
2020,"Mourning Dove",17
2020,"Northern Cardinal",14
2020,"Northern Mockingbird",15
2020,"Ovenbird",1
2020,"Pine Warbler",2
2020,"Red-bellied Woodpecker",6
2020,"Red-eyed Vireo",1
2020,"Red-shouldered Hawk",1
2020,"Song Sparrow",1
2020,"Tufted Titmouse",7
2020,"White-breasted Nuthatch",2
2020,"Wood Thrush",2
2020,"Acadian Flycatcher",1
2020,"American Crow",22
2020,"American Goldfinch",4
2020,"American Robin",2
2020,"Blue Grosbeak",1
2020,"Blue Jay",2
2020,"Blue-gray Gnatcatcher",14
2020,"Brown-headed Cowbird",1
2020,"Brown-headed Nuthatch",7
2020,"Canada Goose",2
2020,"Carolina Chickadee",8
2020,"Carolina Wren",23
2020,"Chimney Swift",1
2020,"Chipping Sparrow",15
2020,"Downy Woodpecker",1
2020,"Eastern Bluebird",12
2020,"Eastern Phoebe",3
2020,"Eastern Towhee",3
2020,"Eastern Wood-Pewee",1
2020,"Fish Crow",4
2020,"Gray Catbird",1
2020,"Great Crested Flycatcher",4
2020,"House Finch",4
2020,"Indigo Bunting",5
2020,"Mourning Dove",2
2020,"Northern Cardinal",32
2020,"Northern Mockingbird",2
2020,"Northern Parula",1
2020,"Red-bellied Woodpecker",2
2020,"Red-eyed Vireo",7
2020,"Red-shouldered Hawk",1
2020,"Red-winged Blackbird",4
2020,"Summer Tanager",2
2020,"Tufted Titmouse",24
2020,"Turkey Vulture",1
2020,"White-breasted Nuthatch",8
2020,"White-eyed Vireo",1
2020,"Wood Thrush",1
2020,"Yellow-throated Warbler",1
2020,"American Crow",39
2020,"American Goldfinch",5
2020,"American Robin",1
2020,"Barn Swallow",20
2020,"Blue Grosbeak",6
2020,"Blue Jay",6
2020,"Blue-gray Gnatcatcher",12
2020,"Brown Thrasher",8
2020,"Brown-headed Cowbird",4
2020,"Brown-headed Nuthatch",2
2020,"Canada Goose",10
2020,"Carolina Chickadee",3
2020,"Carolina Wren",17
2020,"Chimney Swift",2
2020,"Chipping Sparrow",24
2020,"Common Grackle",34
2020,"Common Yellowthroat",2
2020,"Downy Woodpecker",2
2020,"Eastern Bluebird",13
2020,"Eastern Meadowlark",7
2020,"Eastern Phoebe",2
2020,"Eastern Towhee",5
2020,"Eastern Wood-Pewee",1
2020,"European Starling",23
2020,"Field Sparrow",3
2020,"Fish Crow",5
2020,"Great Blue Heron",1
2020,"Great Crested Flycatcher",4
2020,"Hooded Warbler",1
2020,"House Finch",2
2020,"Indigo Bunting",21
2020,"Mourning Dove",29
2020,"Northern Cardinal",23
2020,"Northern Mockingbird",12
2020,"Orchard Oriole",2
2020,"Ovenbird",3
2020,"Pileated Woodpecker",1
2020,"Pine Warbler",15
2020,"Red-bellied Woodpecker",17
2020,"Red-eyed Vireo",10
2020,"Red-shouldered Hawk",2
2020,"Red-winged Blackbird",2
2020,"Scarlet Tanager",2
2020,"Summer Tanager",9
2020,"Tufted Titmouse",12
2020,"White-breasted Nuthatch",1
2020,"White-eyed Vireo",1
2020,"Wood Thrush",1
2020,"Yellow-billed Cuckoo",1
2020,"Yellow-throated Vireo",2
2020,"Yellow-throated Warbler",1
2020,"Acadian Flycatcher",1
2020,"American Crow",25
2020,"American Goldfinch",4
2020,"American Robin",8
2020,"Blue Grosbeak",2
2020,"Blue Jay",2
2020,"Blue-gray Gnatcatcher",5
2020,"Brown Thrasher",2
2020,"Brown-headed Cowbird",3
2020,"Brown-headed Nuthatch",6
2020,"Carolina Chickadee",15
2020,"Carolina Wren",16
2020,"Chimney Swift",1
2020,"Chipping Sparrow",8
2020,"Downy Woodpecker",6
2020,"Eastern Bluebird",10
2020,"Eastern Towhee",7
2020,"Eastern Wood-Pewee",1
2020,"Fish Crow",2
2020,"Gray Catbird",4
2020,"Great Crested Flycatcher",5
2020,"Hooded Warbler",1
2020,"House Finch",7
2020,"Indigo Bunting",1
2020,"Mourning Dove",5
2020,"Northern Cardinal",53
2020,"Ovenbird",1
2020,"Pine Warbler",13
2020,"Red-bellied Woodpecker",6
2020,"Red-eyed Vireo",3
2020,"Song Sparrow",1
2020,"Summer Tanager",6
2020,"Tufted Titmouse",12
2020,"Turkey Vulture",1
2020,"White-breasted Nuthatch",1
2020,"White-eyed Vireo",1
2020,"Wood Thrush",1
2020,"Acadian Flycatcher",1
2020,"American Crow",24
2020,"American Goldfinch",1
2020,"American Robin",2
2020,"Blue Grosbeak",7
2020,"Blue Jay",1
2020,"Blue-gray Gnatcatcher",14
2020,"Brown Thrasher",1
2020,"Brown-headed Cowbird",4
2020,"Carolina Chickadee",5
2020,"Carolina Wren",18
2020,"Chipping Sparrow",14
2020,"Common Grackle",2
2020,"Common Yellowthroat",2
2020,"Downy Woodpecker",1
2020,"Eastern Bluebird",6
2020,"Eastern Meadowlark",3
2020,"Eastern Towhee",3
2020,"Eastern Wood-Pewee",2
2020,"European Starling",3
2020,"Field Sparrow",3
2020,"Grasshopper Sparrow",4
2020,"Great Crested Flycatcher",2
2020,"House Finch",3
2020,"Indigo Bunting",8
2020,"Mourning Dove",17
2020,"Northern Cardinal",30
2020,"Northern Mockingbird",5
2020,"Ovenbird",3
2020,"Pine Warbler",2
2020,"Prairie Warbler",2
2020,"Red-bellied Woodpecker",3
2020,"Red-eyed Vireo",12
2020,"Ruby-throated Hummingbird",1
2020,"Summer Tanager",1
2020,"Tufted Titmouse",8
2020,"White-eyed Vireo",2
2020,"Wood Thrush",5
2020,"Yellow-breasted Chat",2
2020,"American Crow",13
2020,"American Goldfinch",1
2020,"Blue Grosbeak",1
2020,"Blue Jay",1
2020,"Brown Thrasher",1
2020,"Carolina Chickadee",2
2020,"Carolina Wren",5
2020,"Chimney Swift",2
2020,"Eastern Bluebird",6
2020,"Eastern Phoebe",2
2020,"Eastern Towhee",1
2020,"European Starling",1
2020,"Mourning Dove",8
2020,"Northern Cardinal",18
2020,"Pileated Woodpecker",1
2020,"Red-bellied Woodpecker",2
2020,"Red-eyed Vireo",1
2020,"Summer Tanager",1
2020,"Tufted Titmouse",2
2020,"American Crow",24
2020,"American Goldfinch",4
2020,"Blue Grosbeak",1
2020,"Blue Jay",4
2020,"Blue-gray Gnatcatcher",10
2020,"Brown Thrasher",2
2020,"Brown-headed Cowbird",2
2020,"Carolina Chickadee",6
2020,"Carolina Wren",15
2020,"Chimney Swift",3
2020,"Chipping Sparrow",6
2020,"Common Yellowthroat",1
2020,"Eastern Bluebird",7
2020,"Eastern Meadowlark",2
2020,"Eastern Towhee",1
2020,"Eastern Wood-Pewee",4
2020,"Gray Catbird",1
2020,"Great Crested Flycatcher",2
2020,"Hooded Warbler",4
2020,"House Finch",1
2020,"Indigo Bunting",4
2020,"Killdeer",1
2020,"Mourning Dove",15
2020,"Northern Cardinal",28
2020,"Northern Mockingbird",4
2020,"Northern Parula",2
2020,"Ovenbird",1
2020,"Pine Warbler",3
2020,"Red-bellied Woodpecker",1
2020,"Red-eyed Vireo",8
2020,"Red-shouldered Hawk",1
2020,"Summer Tanager",8
2020,"Tufted Titmouse",19
2020,"White-breasted Nuthatch",1
2020,"White-eyed Vireo",1
2020,"Wood Thrush",3
2020,"Yellow-breasted Chat",3
2020,"American Crow",37
2020,"Blue Jay",1
2020,"Brown-headed Cowbird",1
2020,"Carolina Chickadee",1
2020,"Carolina Wren",20
2020,"Chipping Sparrow",1
2020,"Eastern Bluebird",8
2020,"Eastern Meadowlark",2
2020,"Eastern Towhee",1
2020,"Eastern Wood-Pewee",1
2020,"Great Crested Flycatcher",1
2020,"House Finch",3
2020,"Indigo Bunting",3
2020,"Mourning Dove",6
2020,"Northern Cardinal",15
2020,"Northern Mockingbird",5
2020,"Ovenbird",1
2020,"Pileated Woodpecker",2
2020,"Pine Warbler",3
2020,"Red-bellied Woodpecker",3
2020,"Red-eyed Vireo",16
2020,"Red-shouldered Hawk",1
2020,"Summer Tanager",4
2020,"Tufted Titmouse",11
2020,"White-breasted Nuthatch",2
2020,"Wood Thrush",1
2020,"Yellow-throated Warbler",3
2020,"American Crow",28
2020,"American Goldfinch",4
2020,"American Robin",4
2020,"Blue Jay",1
2020,"Blue-gray Gnatcatcher",7
2020,"Brown Thrasher",1
2020,"Brown-headed Cowbird",8
2020,"Brown-headed Nuthatch",7
2020,"Carolina Chickadee",9
2020,"Carolina Wren",11
2020,"Chimney Swift",1
2020,"Chipping Sparrow",13
2020,"Downy Woodpecker",5
2020,"Eastern Bluebird",18
2020,"Eastern Towhee",2
2020,"Eastern Wood-Pewee",4
2020,"Fish Crow",2
2020,"House Finch",3
2020,"Indigo Bunting",3
2020,"Mourning Dove",10
2020,"Northern Cardinal",18
2020,"Northern Mockingbird",3
2020,"Northern Parula",4
2020,"Ovenbird",1
2020,"Pine Warbler",10
2020,"Prairie Warbler",2
2020,"Red-bellied Woodpecker",7
2020,"Red-eyed Vireo",4
2020,"Red-shouldered Hawk",1
2020,"Red-winged Blackbird",2
2020,"Summer Tanager",3
2020,"Tufted Titmouse",2
2020,"White-breasted Nuthatch",5
2020,"White-eyed Vireo",1
2020,"Wood Thrush",1
2020,"Yellow-billed Cuckoo",1
2020,"Yellow-breasted Chat",1
2020,"American Crow",4
2020,"American Goldfinch",2
2020,"American Robin",14
2020,"Barn Swallow",8
2020,"Blue Grosbeak",1
2020,"Blue Jay",2
2020,"Blue-gray Gnatcatcher",1
2020,"Brown-headed Cowbird",2
2020,"Brown-headed Nuthatch",2
2020,"Carolina Chickadee",12
2020,"Carolina Wren",25
2020,"Chimney Swift",5
2020,"Chipping Sparrow",16
2020,"Common Grackle",1
2020,"Downy Woodpecker",1
2020,"Eastern Bluebird",2
2020,"Eastern Meadowlark",2
2020,"Eastern Towhee",4
2020,"Fish Crow",4
2020,"Gray Catbird",3
2020,"Great Crested Flycatcher",2
2020,"House Finch",3
2020,"Indigo Bunting",3
2020,"Mourning Dove",1
2020,"Northern Cardinal",26
2020,"Northern Mockingbird",9
2020,"Ovenbird",4
2020,"Pine Warbler",6
2020,"Red-bellied Woodpecker",10
2020,"Red-eyed Vireo",2
2020,"Scarlet Tanager",2
2020,"Song Sparrow",1
2020,"Summer Tanager",10
2020,"Tufted Titmouse",12
2020,"White-breasted Nuthatch",1
2020,"Wood Thrush",2
2020,"Yellow-throated Vireo",2
2021,"Acadian Flycatcher",7
2021,"American Crow",14
2021,"American Goldfinch",6
2021,"Blue Jay",2
2021,"Blue-gray Gnatcatcher",6
2021,"Brown-headed Cowbird",1
2021,"Brown-headed Nuthatch",3
2021,"Canada Goose",29
2021,"Carolina Chickadee",8
2021,"Carolina Wren",11
2021,"Chimney Swift",1
2021,"Chipping Sparrow",8
2021,"Common Yellowthroat",2
2021,"Downy Woodpecker",2
2021,"Eastern Bluebird",3
2021,"Eastern Phoebe",1
2021,"Eastern Towhee",1
2021,"Eastern Wood-Pewee",1
2021,"Fish Crow",5
2021,"Great Blue Heron",1
2021,"Great Crested Flycatcher",1
2021,"Hooded Warbler",7
2021,"Indigo Bunting",3
2021,"Killdeer",2
2021,"Mourning Dove",4
2021,"Northern Cardinal",24
2021,"Northern Mockingbird",2
2021,"Northern Parula",1
2021,"Ovenbird",4
2021,"Pine Warbler",25
2021,"Prairie Warbler",1
2021,"Red-bellied Woodpecker",7
2021,"Red-eyed Vireo",8
2021,"Summer Tanager",4
2021,"Tufted Titmouse",12
2021,"Turkey Vulture",2
2021,"White-breasted Nuthatch",3
2021,"White-eyed Vireo",2
2021,"Wood Thrush",4
2021,"Yellow-billed Cuckoo",1
2021,"Yellow-throated Warbler",4
2021,"American Crow",19
2021,"American Goldfinch",12
2021,"American Robin",2
2021,"Blue Grosbeak",1
2021,"Blue Jay",4
2021,"Blue-gray Gnatcatcher",9
2021,"Brown-headed Cowbird",5
2021,"Brown-headed Nuthatch",2
2021,"Canada Goose",3
2021,"Carolina Chickadee",4
2021,"Carolina Wren",16
2021,"Chipping Sparrow",17
2021,"Downy Woodpecker",1
2021,"Eastern Bluebird",3
2021,"Eastern Phoebe",1
2021,"Eastern Towhee",4
2021,"Eastern Whip-poor-will",2
2021,"Eastern Wood-Pewee",5
2021,"Fish Crow",1
2021,"Great Blue Heron",1
2021,"Hooded Warbler",4
2021,"House Finch",2
2021,"Indigo Bunting",5
2021,"Mourning Dove",8
2021,"Northern Cardinal",21
2021,"Northern Mockingbird",3
2021,"Northern Parula",2
2021,"Ovenbird",5
2021,"Pine Warbler",15
2021,"Prairie Warbler",3
2021,"Red-bellied Woodpecker",8
2021,"Red-eyed Vireo",10
2021,"Summer Tanager",4
2021,"Tufted Titmouse",13
2021,"White-eyed Vireo",3
2021,"Wood Thrush",1
2021,"Yellow-breasted Chat",1
2021,"Yellow-throated Warbler",2
2021,"Acadian Flycatcher",1
2021,"American Crow",6
2021,"Barn Swallow",3
2021,"Blue Grosbeak",3
2021,"Blue-gray Gnatcatcher",7
2021,"Brown Thrasher",1
2021,"Brown-headed Cowbird",2
2021,"Carolina Chickadee",2
2021,"Carolina Wren",23
2021,"Chipping Sparrow",11
2021,"Common Yellowthroat",2
2021,"Eastern Bluebird",8
2021,"Eastern Kingbird",2
2021,"Eastern Meadowlark",3
2021,"Eastern Phoebe",1
2021,"Eastern Towhee",2
2021,"European Starling",4
2021,"Field Sparrow",1
2021,"Fish Crow",2
2021,"Great Crested Flycatcher",6
2021,"Indigo Bunting",8
2021,"Mourning Dove",12
2021,"Northern Bobwhite",2
2021,"Northern Cardinal",13
2021,"Northern Mockingbird",6
2021,"Orchard Oriole",3
2021,"Ovenbird",5
2021,"Pine Warbler",12
2021,"Red-eyed Vireo",7
2021,"Red-shouldered Hawk",2
2021,"Summer Tanager",7
2021,"Tufted Titmouse",3
2021,"Turkey Vulture",3
2021,"White-eyed Vireo",2
2021,"Wood Thrush",1
2021,"Yellow-breasted Chat",7
2021,"Yellow-throated Vireo",1
2021,"Acadian Flycatcher",1
2021,"American Crow",14
2021,"American Goldfinch",1
2021,"Blue Grosbeak",4
2021,"Blue Jay",9
2021,"Blue-gray Gnatcatcher",12
2021,"Brown Thrasher",1
2021,"Brown-headed Cowbird",5
2021,"Carolina Chickadee",16
2021,"Carolina Wren",19
2021,"Chimney Swift",3
2021,"Chipping Sparrow",11
2021,"Common Grackle",2
2021,"Common Yellowthroat",1
2021,"Downy Woodpecker",3
2021,"Eastern Bluebird",7
2021,"Eastern Towhee",1
2021,"Eastern Whip-poor-will",1
2021,"Eastern Wood-Pewee",7
2021,"European Starling",7
2021,"Gray Catbird",1
2021,"Great Crested Flycatcher",4
2021,"Indigo Bunting",9
2021,"Mourning Dove",6
2021,"Northern Cardinal",18
2021,"Northern Mockingbird",1
2021,"Northern Parula",2
2021,"Ovenbird",6
2021,"Pine Warbler",3
2021,"Red-bellied Woodpecker",2
2021,"Red-eyed Vireo",8
2021,"Summer Tanager",5
2021,"Tufted Titmouse",7
2021,"White-eyed Vireo",3
2021,"Yellow-breasted Chat",4
2021,"Yellow-throated Vireo",1
2021,"Yellow-throated Warbler",2
2021,"American Crow",37
2021,"American Goldfinch",11
2021,"American Robin",2
2021,"Barn Swallow",2
2021,"Blue Grosbeak",6
2021,"Blue Jay",5
2021,"Blue-gray Gnatcatcher",1
2021,"Brown Thrasher",2
2021,"Brown-headed Cowbird",4
2021,"Carolina Chickadee",5
2021,"Carolina Wren",25
2021,"Chimney Swift",2
2021,"Chipping Sparrow",15
2021,"Common Grackle",1
2021,"Common Yellowthroat",1
2021,"Eastern Bluebird",20
2021,"Eastern Kingbird",2
2021,"Eastern Meadowlark",12
2021,"Eastern Phoebe",3
2021,"Eastern Towhee",1
2021,"Eastern Wood-Pewee",9
2021,"European Starling",1
2021,"Field Sparrow",4
2021,"Great Crested Flycatcher",7
2021,"Indigo Bunting",10
2021,"Mourning Dove",7
2021,"Northern Cardinal",25
2021,"Northern Mockingbird",15
2021,"Ovenbird",3
2021,"Red-bellied Woodpecker",7
2021,"Red-eyed Vireo",2
2021,"Red-shouldered Hawk",1
2021,"Red-winged Blackbird",2
2021,"Ruby-throated Hummingbird",1
2021,"Summer Tanager",6
2021,"Tufted Titmouse",15
2021,"White-breasted Nuthatch",1
2021,"White-eyed Vireo",3
2021,"Yellow-billed Cuckoo",3
2021,"Yellow-breasted Chat",1
2021,"American Crow",25
2021,"American Goldfinch",2
2021,"Blue Grosbeak",14
2021,"Blue Jay",7
2021,"Blue-gray Gnatcatcher",8
2021,"Brown Thrasher",1
2021,"Carolina Chickadee",10
2021,"Carolina Wren",29
2021,"Chipping Sparrow",13
2021,"Common Grackle",1
2021,"Common Yellowthroat",2
2021,"Downy Woodpecker",3
2021,"Eastern Bluebird",7
2021,"Eastern Meadowlark",5
2021,"Eastern Phoebe",2
2021,"Eastern Towhee",2
2021,"Eastern Wood-Pewee",2
2021,"Field Sparrow",2
2021,"Grasshopper Sparrow",1
2021,"Great Blue Heron",1
2021,"Great Crested Flycatcher",4
2021,"House Finch",1
2021,"Indigo Bunting",13
2021,"Killdeer",10
2021,"Mourning Dove",22
2021,"Northern Cardinal",36
2021,"Northern Mockingbird",10
2021,"Northern Parula",1
2021,"Orchard Oriole",2
2021,"Ovenbird",2
2021,"Red-bellied Woodpecker",10
2021,"Red-eyed Vireo",3
2021,"Red-shouldered Hawk",3
2021,"Red-winged Blackbird",4
2021,"Ruby-throated Hummingbird",1
2021,"Summer Tanager",4
2021,"Tufted Titmouse",11
2021,"White-breasted Nuthatch",1
2021,"White-eyed Vireo",5
2021,"Wood Thrush",2
2021,"Yellow-billed Cuckoo",3
2021,"Acadian Flycatcher",5
2021,"American Crow",9
2021,"American Goldfinch",1
2021,"Blue Grosbeak",5
2021,"Blue Jay",1
2021,"Blue-gray Gnatcatcher",3
2021,"Brown-headed Cowbird",3
2021,"Carolina Chickadee",1
2021,"Carolina Wren",22
2021,"Chimney Swift",2
2021,"Chipping Sparrow",8
2021,"Common Grackle",2
2021,"Common Yellowthroat",1
2021,"Eastern Bluebird",7
2021,"Eastern Meadowlark",2
2021,"Eastern Towhee",3
2021,"Eastern Wood-Pewee",8
2021,"Great Crested Flycatcher",2
2021,"Hooded Warbler",4
2021,"House Finch",1
2021,"Indigo Bunting",11
2021,"Mourning Dove",17
2021,"Northern Cardinal",21
2021,"Northern Mockingbird",5
2021,"Northern Parula",3
2021,"Orchard Oriole",2
2021,"Ovenbird",4
2021,"Pileated Woodpecker",1
2021,"Pine Warbler",10
2021,"Prairie Warbler",1
2021,"Purple Martin",4
2021,"Red-bellied Woodpecker",8
2021,"Red-eyed Vireo",20
2021,"Scarlet Tanager",2
2021,"Summer Tanager",14
2021,"Tufted Titmouse",4
2021,"White-eyed Vireo",3
2021,"Wood Thrush",5
2021,"Yellow-billed Cuckoo",2
2021,"Yellow-breasted Chat",6
2021,"Yellow-throated Vireo",1
2021,"Yellow-throated Warbler",1
2021,"Acadian Flycatcher",8
2021,"American Crow",30
2021,"American Goldfinch",3
2021,"American Robin",1
2021,"Barn Swallow",1
2021,"Blue Grosbeak",1
2021,"Blue Jay",5
2021,"Blue-gray Gnatcatcher",7
2021,"Brown-headed Cowbird",3
2021,"Brown-headed Nuthatch",3
2021,"Carolina Chickadee",9
2021,"Carolina Wren",16
2021,"Chimney Swift",5
2021,"Chipping Sparrow",12
2021,"Common Yellowthroat",3
2021,"Downy Woodpecker",1
2021,"Eastern Bluebird",11
2021,"Eastern Meadowlark",3
2021,"Eastern Phoebe",5
2021,"Eastern Towhee",2
2021,"Eastern Wood-Pewee",3
2021,"European Starling",5
2021,"Fish Crow",3
2021,"Great Crested Flycatcher",10
2021,"Hooded Warbler",2
2021,"Indigo Bunting",7
2021,"Mourning Dove",23
2021,"Northern Cardinal",32
2021,"Northern Mockingbird",9
2021,"Northern Parula",8
2021,"Ovenbird",4
2021,"Pileated Woodpecker",1
2021,"Pine Warbler",13
2021,"Red-bellied Woodpecker",4
2021,"Red-eyed Vireo",13
2021,"Red-shouldered Hawk",4
2021,"Scarlet Tanager",3
2021,"Summer Tanager",3
2021,"Tufted Titmouse",13
2021,"White-breasted Nuthatch",2
2021,"White-eyed Vireo",2
2021,"Wood Thrush",8
2021,"Yellow-billed Cuckoo",5
2021,"Yellow-throated Warbler",2
2021,"Acadian Flycatcher",6
2021,"American Crow",19
2021,"American Robin",3
2021,"Blue Jay",6
2021,"Blue-gray Gnatcatcher",16
2021,"Brown Thrasher",3
2021,"Brown-headed Cowbird",7
2021,"Carolina Chickadee",7
2021,"Carolina Wren",18
2021,"Chipping Sparrow",5
2021,"Eastern Bluebird",4
2021,"Eastern Phoebe",1
2021,"Eastern Wood-Pewee",1
2021,"Great Blue Heron",2
2021,"Great Crested Flycatcher",5
2021,"Killdeer",1
2021,"Mourning Dove",10
2021,"Northern Cardinal",22
2021,"Northern Mockingbird",6
2021,"Pileated Woodpecker",3
2021,"Pine Warbler",18
2021,"Red-bellied Woodpecker",3
2021,"Red-eyed Vireo",14
2021,"Red-shouldered Hawk",4
2021,"Scarlet Tanager",3
2021,"Summer Tanager",7
2021,"Tufted Titmouse",7
2021,"White-breasted Nuthatch",2
2021,"Wood Thrush",3
2021,"Yellow-billed Cuckoo",5
2021,"Yellow-breasted Chat",5
2021,"Yellow-throated Vireo",1
2021,"Yellow-throated Warbler",3
2021,"American Crow",19
2021,"American Goldfinch",7
2021,"American Robin",1
2021,"Blue Grosbeak",3
2021,"Blue Jay",3
2021,"Blue-gray Gnatcatcher",5
2021,"Brown Thrasher",1
2021,"Brown-headed Cowbird",1
2021,"Brown-headed Nuthatch",1
2021,"Carolina Chickadee",3
2021,"Carolina Wren",4
2021,"Chipping Sparrow",10
2021,"Eastern Bluebird",6
2021,"Eastern Kingbird",1
2021,"Eastern Phoebe",2
2021,"Eastern Towhee",1
2021,"Eastern Wood-Pewee",1
2021,"European Starling",1
2021,"Fish Crow",8
2021,"Great Crested Flycatcher",2
2021,"House Finch",1
2021,"House Sparrow",1
2021,"Indigo Bunting",3
2021,"Mourning Dove",9
2021,"Northern Cardinal",14
2021,"Northern Mockingbird",3
2021,"Northern Parula",1
2021,"Orchard Oriole",1
2021,"Pileated Woodpecker",1
2021,"Red-bellied Woodpecker",3
2021,"Red-eyed Vireo",7
2021,"Red-shouldered Hawk",1
2021,"Summer Tanager",3
2021,"Tufted Titmouse",5
2021,"Turkey Vulture",1
2021,"Wood Thrush",2
2021,"Yellow-breasted Chat",3
2021,"Yellow-throated Vireo",1
2021,"Yellow-throated Warbler",5
2021,"American Crow",22
2021,"American Robin",3
2021,"Barn Swallow",3
2021,"Blue Grosbeak",7
2021,"Blue Jay",16
2021,"Blue-gray Gnatcatcher",2
2021,"Brown Thrasher",2
2021,"Brown-headed Cowbird",1
2021,"Canada Goose",11
2021,"Carolina Chickadee",7
2021,"Carolina Wren",29
2021,"Chipping Sparrow",19
2021,"Common Grackle",4
2021,"Downy Woodpecker",1
2021,"Eastern Bluebird",8
2021,"Eastern Kingbird",2
2021,"Eastern Meadowlark",7
2021,"Eastern Phoebe",2
2021,"Eastern Towhee",2
2021,"Eastern Wood-Pewee",7
2021,"European Starling",2
2021,"Gray Catbird",1
2021,"Great Blue Heron",1
2021,"Great Crested Flycatcher",11
2021,"Indigo Bunting",13
2021,"Mourning Dove",15
2021,"Northern Cardinal",31
2021,"Northern Mockingbird",26
2021,"Ovenbird",5
2021,"Pileated Woodpecker",4
2021,"Red-bellied Woodpecker",3
2021,"Red-eyed Vireo",2
2021,"Red-shouldered Hawk",1
2021,"Ruby-throated Hummingbird",1
2021,"Summer Tanager",7
2021,"Tufted Titmouse",16
2021,"Turkey Vulture",2
2021,"White-breasted Nuthatch",2
2021,"White-eyed Vireo",2
2021,"Wood Thrush",1
2021,"Yellow-billed Cuckoo",3
2021,"Yellow-breasted Chat",3
2021,"American Crow",34
2021,"American Goldfinch",5
2021,"American Robin",7
2021,"Blue Grosbeak",6
2021,"Blue Jay",9
2021,"Blue-gray Gnatcatcher",1
2021,"Brown Thrasher",4
2021,"Brown-headed Cowbird",9
2021,"Carolina Chickadee",3
2021,"Carolina Wren",36
2021,"Chimney Swift",18
2021,"Chipping Sparrow",17
2021,"Common Grackle",9
2021,"Common Yellowthroat",4
2021,"Eastern Bluebird",13
2021,"Eastern Meadowlark",6
2021,"Eastern Phoebe",2
2021,"Eastern Towhee",6
2021,"Eastern Wood-Pewee",2
2021,"European Starling",4
2021,"Fish Crow",2
2021,"Great Blue Heron",1
2021,"Great Crested Flycatcher",9
2021,"House Finch",8
2021,"Indigo Bunting",2
2021,"Killdeer",1
2021,"Mourning Dove",17
2021,"Northern Cardinal",20
2021,"Northern Mockingbird",12
2021,"Northern Parula",1
2021,"Pileated Woodpecker",2
2021,"Pine Warbler",2
2021,"Red-bellied Woodpecker",10
2021,"Red-eyed Vireo",4
2021,"Red-shouldered Hawk",4
2021,"Red-winged Blackbird",2
2021,"Song Sparrow",3
2021,"Summer Tanager",4
2021,"Tufted Titmouse",9
2021,"White-eyed Vireo",2
2021,"Wood Thrush",3
2021,"Yellow-breasted Chat",2
2021,"Yellow-throated Vireo",1
2021,"American Crow",16
2021,"American Goldfinch",5
2021,"American Robin",7
2021,"Blue Grosbeak",5
2021,"Blue Jay",4
2021,"Blue-gray Gnatcatcher",7
2021,"Brown Thrasher",1
2021,"Brown-headed Cowbird",5
2021,"Brown-headed Nuthatch",11
2021,"Canada Goose",1
2021,"Carolina Chickadee",19
2021,"Carolina Wren",24
2021,"Chimney Swift",7
2021,"Chipping Sparrow",18
2021,"Common Yellowthroat",1
2021,"Downy Woodpecker",3
2021,"Eastern Bluebird",13
2021,"Eastern Kingbird",2
2021,"Eastern Phoebe",5
2021,"Eastern Towhee",3
2021,"Eastern Wood-Pewee",8
2021,"European Starling",1
2021,"Field Sparrow",2
2021,"Fish Crow",4
2021,"Gray Catbird",1
2021,"Great Blue Heron",6
2021,"Great Crested Flycatcher",7
2021,"Hooded Warbler",2
2021,"House Finch",11
2021,"Indigo Bunting",3
2021,"Mourning Dove",17
2021,"Northern Cardinal",23
2021,"Northern Mockingbird",10
2021,"Northern Parula",3
2021,"Orchard Oriole",1
2021,"Ovenbird",3
2021,"Pine Warbler",23
2021,"Prairie Warbler",1
2021,"Purple Martin",26
2021,"Red-bellied Woodpecker",11
2021,"Red-eyed Vireo",13
2021,"Red-winged Blackbird",1
2021,"Scarlet Tanager",1
2021,"Summer Tanager",8
2021,"Tufted Titmouse",17
2021,"White-breasted Nuthatch",1
2021,"White-eyed Vireo",4
2021,"Wood Thrush",2
2021,"Yellow-billed Cuckoo",2
2021,"Yellow-breasted Chat",1
2021,"Yellow-throated Vireo",1
2021,"Yellow-throated Warbler",3
2021,"Acadian Flycatcher",7
2021,"American Crow",23
2021,"American Goldfinch",8
2021,"American Robin",1
2021,"Blue Grosbeak",3
2021,"Blue Jay",7
2021,"Blue-gray Gnatcatcher",7
2021,"Brown Thrasher",1
2021,"Brown-headed Cowbird",11
2021,"Carolina Chickadee",17
2021,"Carolina Wren",17
2021,"Chimney Swift",2
2021,"Chipping Sparrow",16
2021,"Common Yellowthroat",5
2021,"Downy Woodpecker",4
2021,"Eastern Bluebird",7
2021,"Eastern Meadowlark",3
2021,"Eastern Phoebe",6
2021,"Eastern Towhee",1
2021,"Eastern Wood-Pewee",10
2021,"European Starling",6
2021,"Field Sparrow",1
2021,"Fish Crow",1
2021,"Grasshopper Sparrow",1
2021,"Gray Catbird",1
2021,"Great Crested Flycatcher",4
2021,"Hooded Warbler",1
2021,"House Finch",3
2021,"Indigo Bunting",13
2021,"Killdeer",1
2021,"Mourning Dove",19
2021,"Northern Cardinal",13
2021,"Northern Mockingbird",13
2021,"Northern Parula",5
2021,"Ovenbird",1
2021,"Pine Warbler",5
2021,"Prairie Warbler",2
2021,"Purple Martin",3
2021,"Red-bellied Woodpecker",6
2021,"Red-eyed Vireo",11
2021,"Red-shouldered Hawk",1
2021,"Red-winged Blackbird",1
2021,"Summer Tanager",3
2021,"Tufted Titmouse",18
2021,"Turkey Vulture",2
2021,"White-breasted Nuthatch",4
2021,"White-eyed Vireo",4
2021,"Wood Thrush",1
2021,"Yellow-billed Cuckoo",1
2021,"Yellow-breasted Chat",3
2021,"Yellow-throated Vireo",2
2021,"Yellow-throated Warbler",2
2021,"Acadian Flycatcher",2
2021,"American Crow",31
2021,"American Goldfinch",6
2021,"American Robin",10
2021,"Barn Swallow",3
2021,"Brown Thrasher",2
2021,"Brown-headed Cowbird",4
2021,"Carolina Chickadee",7
2021,"Carolina Wren",16
2021,"Chimney Swift",3
2021,"Chipping Sparrow",11
2021,"Eastern Bluebird",3
2021,"Eastern Towhee",4
2021,"Fish Crow",1
2021,"Gray Catbird",1
2021,"Great Crested Flycatcher",1
2021,"House Finch",5
2021,"Killdeer",1
2021,"Mourning Dove",1
2021,"Northern Cardinal",22
2021,"Northern Mockingbird",4
2021,"Pine Warbler",3
2021,"Red-bellied Woodpecker",2
2021,"Red-eyed Vireo",5
2021,"Song Sparrow",8
2021,"Summer Tanager",1
2021,"Tufted Titmouse",9
2021,"Yellow-throated Warbler",1
2021,"Acadian Flycatcher",1
2021,"American Crow",6
2021,"American Robin",11
2021,"Barn Swallow",3
2021,"Blue Grosbeak",4
2021,"Blue Jay",1
2021,"Blue-gray Gnatcatcher",13
2021,"Brown-headed Cowbird",4
2021,"Canada Goose",1
2021,"Carolina Chickadee",8
2021,"Carolina Wren",16
2021,"Chimney Swift",2
2021,"Chipping Sparrow",15
2021,"Common Grackle",6
2021,"Common Yellowthroat",1
2021,"Downy Woodpecker",2
2021,"Eastern Bluebird",2
2021,"Eastern Phoebe",2
2021,"Eastern Towhee",1
2021,"Eastern Wood-Pewee",1
2021,"European Starling",2
2021,"Fish Crow",2
2021,"Great Blue Heron",1
2021,"Great Crested Flycatcher",1
2021,"House Finch",1
2021,"House Sparrow",3
2021,"Indigo Bunting",8
2021,"Mourning Dove",6
2021,"Northern Cardinal",22
2021,"Northern Mockingbird",3
2021,"Northern Parula",2
2021,"Ovenbird",3
2021,"Pine Warbler",6
2021,"Red-bellied Woodpecker",1
2021,"Red-eyed Vireo",5
2021,"Red-shouldered Hawk",1
2021,"Song Sparrow",1
2021,"Summer Tanager",2
2021,"Tufted Titmouse",5
2021,"White-breasted Nuthatch",2
2021,"White-eyed Vireo",1
2021,"Wood Thrush",1
2021,"Yellow-throated Warbler",1
2021,"American Crow",9
2021,"American Goldfinch",1
2021,"American Robin",15
2021,"Blue Grosbeak",1
2021,"Blue Jay",1
2021,"Blue-gray Gnatcatcher",2
2021,"Brown Thrasher",1
2021,"Brown-headed Nuthatch",3
2021,"Carolina Chickadee",10
2021,"Carolina Wren",15
2021,"Chipping Sparrow",14
2021,"Downy Woodpecker",3
2021,"Eastern Bluebird",6
2021,"Eastern Phoebe",1
2021,"Eastern Towhee",8
2021,"European Starling",5
2021,"Fish Crow",3
2021,"Gray Catbird",3
2021,"Great Crested Flycatcher",1
2021,"House Finch",10
2021,"Mourning Dove",1
2021,"Northern Cardinal",27
2021,"Pine Warbler",6
2021,"Red-bellied Woodpecker",3
2021,"Song Sparrow",3
2021,"Summer Tanager",1
2021,"Tufted Titmouse",8
2021,"White-breasted Nuthatch",2
2021,"Wood Thrush",1
2021,"American Crow",12
2021,"American Goldfinch",5
2021,"American Robin",21
2021,"Barn Swallow",1
2021,"Blue Jay",5
2021,"Blue-gray Gnatcatcher",2
2021,"Brown Thrasher",2
2021,"Brown-headed Cowbird",4
2021,"Canada Goose",1
2021,"Carolina Chickadee",3
2021,"Carolina Wren",13
2021,"Chimney Swift",7
2021,"Chipping Sparrow",8
2021,"Common Grackle",12
2021,"Eastern Bluebird",7
2021,"Eastern Phoebe",2
2021,"Eastern Towhee",14
2021,"European Starling",5
2021,"Gray Catbird",1
2021,"House Finch",6
2021,"House Sparrow",2
2021,"Mourning Dove",8
2021,"Northern Cardinal",22
2021,"Northern Mockingbird",5
2021,"Pine Warbler",5
2021,"Red-bellied Woodpecker",3
2021,"Red-winged Blackbird",2
2021,"Song Sparrow",2
2021,"Summer Tanager",1
2021,"Tufted Titmouse",5
2021,"White-breasted Nuthatch",1
2021,"White-eyed Vireo",1
2021,"Acadian Flycatcher",4
2021,"American Crow",4
2021,"Blue Grosbeak",4
2021,"Blue Jay",1
2021,"Blue-gray Gnatcatcher",7
2021,"Brown-headed Cowbird",2
2021,"Brown-headed Nuthatch",5
2021,"Carolina Chickadee",12
2021,"Carolina Wren",14
2021,"Chipping Sparrow",11
2021,"Common Grackle",3
2021,"Common Yellowthroat",2
2021,"Eastern Bluebird",8
2021,"Eastern Phoebe",2
2021,"Eastern Towhee",7
2021,"European Starling",5
2021,"Fish Crow",6
2021,"Great Crested Flycatcher",5
2021,"Hooded Warbler",1
2021,"House Finch",1
2021,"Indigo Bunting",2
2021,"Mourning Dove",7
2021,"Northern Cardinal",19
2021,"Northern Mockingbird",7
2021,"Northern Parula",3
2021,"Ovenbird",2
2021,"Pine Warbler",8
2021,"Red-bellied Woodpecker",1
2021,"Red-eyed Vireo",6
2021,"Red-shouldered Hawk",1
2021,"Ruby-throated Hummingbird",1
2021,"Song Sparrow",1
2021,"Summer Tanager",1
2021,"Tufted Titmouse",12
2021,"White-eyed Vireo",2
2021,"Yellow-billed Cuckoo",1
2021,"Yellow-throated Vireo",1
2021,"Acadian Flycatcher",1
2021,"American Crow",12
2021,"American Goldfinch",1
2021,"American Robin",6
2021,"Barn Swallow",1
2021,"Blue Grosbeak",4
2021,"Blue Jay",3
2021,"Blue-gray Gnatcatcher",9
2021,"Brown Thrasher",2
2021,"Brown-headed Cowbird",2
2021,"Canada Goose",28
2021,"Carolina Chickadee",12
2021,"Carolina Wren",15
2021,"Chimney Swift",2
2021,"Chipping Sparrow",13
2021,"Common Grackle",6
2021,"Downy Woodpecker",1
2021,"Eastern Bluebird",6
2021,"Eastern Phoebe",5
2021,"Eastern Towhee",9
2021,"European Starling",2
2021,"Fish Crow",2
2021,"Gray Catbird",1
2021,"Great Blue Heron",1
2021,"Great Crested Flycatcher",4
2021,"House Finch",1
2021,"House Sparrow",5
2021,"Indigo Bunting",4
2021,"Mourning Dove",17
2021,"Northern Cardinal",23
2021,"Northern Mockingbird",14
2021,"Northern Parula",1
2021,"Ovenbird",1
2021,"Pine Warbler",2
2021,"Prairie Warbler",1
2021,"Red-bellied Woodpecker",5
2021,"Red-eyed Vireo",3
2021,"Red-shouldered Hawk",1
2021,"Summer Tanager",3
2021,"Tufted Titmouse",8
2021,"White-breasted Nuthatch",1
2021,"White-eyed Vireo",1
2021,"Wood Thrush",2
2021,"Yellow-breasted Chat",1
2021,"Yellow-throated Warbler",1
2021,"Acadian Flycatcher",3
2021,"American Crow",16
2021,"American Goldfinch",5
2021,"Barn Swallow",3
2021,"Blue Grosbeak",2
2021,"Blue Jay",1
2021,"Blue-gray Gnatcatcher",9
2021,"Brown Thrasher",2
2021,"Brown-headed Cowbird",9
2021,"Carolina Chickadee",7
2021,"Carolina Wren",9
2021,"Chimney Swift",12
2021,"Chipping Sparrow",13
2021,"Common Yellowthroat",4
2021,"Eastern Bluebird",13
2021,"Eastern Meadowlark",20
2021,"Eastern Phoebe",6
2021,"Eastern Wood-Pewee",5
2021,"European Starling",12
2021,"Field Sparrow",3
2021,"Grasshopper Sparrow",3
2021,"Great Blue Heron",1
2021,"House Finch",2
2021,"Indigo Bunting",12
2021,"Mourning Dove",22
2021,"Northern Cardinal",19
2021,"Northern Mockingbird",8
2021,"Ovenbird",5
2021,"Pileated Woodpecker",2
2021,"Prairie Warbler",1
2021,"Red-bellied Woodpecker",3
2021,"Red-eyed Vireo",6
2021,"Red-winged Blackbird",1
2021,"Tufted Titmouse",6
2021,"White-breasted Nuthatch",1
2021,"Yellow-breasted Chat",1
2021,"Yellow-throated Warbler",1
2021,"American Crow",9
2021,"American Goldfinch",2
2021,"Blue Grosbeak",2
2021,"Carolina Wren",14
2021,"Chipping Sparrow",1
2021,"Common Grackle",3
2021,"Common Yellowthroat",1
2021,"Eastern Bluebird",7
2021,"Eastern Meadowlark",1
2021,"Eastern Wood-Pewee",3
2021,"European Starling",8
2021,"Great Crested Flycatcher",1
2021,"Indigo Bunting",2
2021,"Mourning Dove",4
2021,"Northern Cardinal",6
2021,"Northern Mockingbird",5
2021,"Ovenbird",2
2021,"Pine Warbler",1
2021,"Red-bellied Woodpecker",1
2021,"Red-eyed Vireo",5
2021,"Red-winged Blackbird",1
2021,"Ruby-throated Hummingbird",1
2021,"Summer Tanager",2
2021,"Tufted Titmouse",8
2021,"White-eyed Vireo",2
2021,"American Crow",32
2021,"Blue Jay",6
2021,"Carolina Chickadee",5
2021,"Carolina Wren",18
2021,"Chipping Sparrow",8
2021,"Common Grackle",1
2021,"Downy Woodpecker",1
2021,"Eastern Bluebird",20
2021,"Eastern Meadowlark",2
2021,"Eastern Phoebe",3
2021,"Eastern Towhee",2
2021,"Eastern Wood-Pewee",5
2021,"European Starling",10
2021,"Grasshopper Sparrow",1
2021,"Gray Catbird",1
2021,"Indigo Bunting",10
2021,"Killdeer",1
2021,"Mourning Dove",15
2021,"Northern Cardinal",29
2021,"Northern Mockingbird",9
2021,"Ovenbird",3
2021,"Pileated Woodpecker",1
2021,"Red-bellied Woodpecker",9
2021,"Red-eyed Vireo",9
2021,"Red-shouldered Hawk",1
2021,"Tufted Titmouse",8
2021,"Wood Thrush",6
2021,"Yellow-throated Warbler",1
2021,"Acadian Flycatcher",1
2021,"American Crow",24
2021,"American Goldfinch",1
2021,"Blue Jay",3
2021,"Blue-gray Gnatcatcher",4
2021,"Brown-headed Cowbird",3
2021,"Brown-headed Nuthatch",6
2021,"Carolina Chickadee",10
2021,"Carolina Wren",23
2021,"Chimney Swift",1
2021,"Chipping Sparrow",10
2021,"Common Grackle",3
2021,"Downy Woodpecker",5
2021,"Eastern Bluebird",8
2021,"Eastern Phoebe",2
2021,"Eastern Towhee",1
2021,"Eastern Wood-Pewee",2
2021,"Fish Crow",4
2021,"Gray Catbird",1
2021,"Great Crested Flycatcher",4
2021,"House Finch",8
2021,"Indigo Bunting",5
2021,"Mourning Dove",7
2021,"Northern Cardinal",24
2021,"Northern Mockingbird",3
2021,"Pileated Woodpecker",1
2021,"Pine Warbler",1
2021,"Red-bellied Woodpecker",7
2021,"Red-eyed Vireo",11
2021,"Red-shouldered Hawk",1
2021,"Red-winged Blackbird",5
2021,"Tufted Titmouse",19
2021,"Turkey Vulture",7
2021,"White-breasted Nuthatch",1
2021,"White-eyed Vireo",1
2021,"Acadian Flycatcher",1
2021,"American Crow",20
2021,"American Goldfinch",9
2021,"American Robin",2
2021,"Barn Swallow",26
2021,"Blue Grosbeak",10
2021,"Blue Jay",3
2021,"Blue-gray Gnatcatcher",5
2021,"Brown Thrasher",3
2021,"Brown-headed Cowbird",3
2021,"Brown-headed Nuthatch",2
2021,"Carolina Chickadee",5
2021,"Carolina Wren",19
2021,"Chimney Swift",1
2021,"Chipping Sparrow",19
2021,"Common Grackle",22
2021,"Common Yellowthroat",1
2021,"Downy Woodpecker",1
2021,"Eastern Bluebird",12
2021,"Eastern Meadowlark",4
2021,"Eastern Phoebe",2
2021,"Eastern Towhee",4
2021,"Eastern Wood-Pewee",5
2021,"European Starling",152
2021,"Field Sparrow",2
2021,"Great Blue Heron",1
2021,"Great Crested Flycatcher",2
2021,"House Finch",1
2021,"Indigo Bunting",13
2021,"Killdeer",1
2021,"Mourning Dove",43
2021,"Northern Bobwhite",2
2021,"Northern Cardinal",21
2021,"Northern Mockingbird",13
2021,"Northern Parula",1
2021,"Orchard Oriole",4
2021,"Ovenbird",2
2021,"Pileated Woodpecker",1
2021,"Pine Warbler",9
2021,"Red-bellied Woodpecker",4
2021,"Red-eyed Vireo",7
2021,"Red-shouldered Hawk",3
2021,"Red-winged Blackbird",1
2021,"Scarlet Tanager",1
2021,"Summer Tanager",8
2021,"Tufted Titmouse",12
2021,"White-eyed Vireo",1
2021,"Wood Thrush",3
2021,"Yellow-billed Cuckoo",1
2021,"Yellow-breasted Chat",2
2021,"American Crow",18
2021,"American Goldfinch",4
2021,"American Robin",6
2021,"Blue Jay",4
2021,"Blue-gray Gnatcatcher",6
2021,"Brown Thrasher",2
2021,"Brown-headed Cowbird",1
2021,"Brown-headed Nuthatch",3
2021,"Carolina Chickadee",12
2021,"Carolina Wren",20
2021,"Chimney Swift",1
2021,"Chipping Sparrow",13
2021,"Common Yellowthroat",1
2021,"Downy Woodpecker",8
2021,"Eastern Bluebird",5
2021,"Eastern Towhee",8
2021,"Eastern Wood-Pewee",1
2021,"Fish Crow",4
2021,"Gray Catbird",2
2021,"Great Crested Flycatcher",1
2021,"House Finch",9
2021,"Indigo Bunting",2
2021,"Mourning Dove",6
2021,"Northern Cardinal",30
2021,"Northern Mockingbird",3
2021,"Northern Parula",1
2021,"Ovenbird",1
2021,"Pileated Woodpecker",1
2021,"Pine Warbler",10
2021,"Red-bellied Woodpecker",5
2021,"Red-eyed Vireo",4
2021,"Red-shouldered Hawk",2
2021,"Song Sparrow",1
2021,"Tufted Titmouse",24
2021,"White-breasted Nuthatch",8
2021,"White-eyed Vireo",1
2021,"Wood Thrush",4
2021,"American Crow",26
2021,"American Goldfinch",1
2021,"American Robin",1
2021,"Blue Grosbeak",5
2021,"Blue-gray Gnatcatcher",4
2021,"Brown-headed Cowbird",7
2021,"Carolina Chickadee",3
2021,"Carolina Wren",27
2021,"Chimney Swift",3
2021,"Chipping Sparrow",17
2021,"Common Grackle",1
2021,"Common Yellowthroat",5
2021,"Downy Woodpecker",2
2021,"Eastern Bluebird",10
2021,"Eastern Meadowlark",1
2021,"Eastern Phoebe",1
2021,"Eastern Towhee",4
2021,"Eastern Wood-Pewee",5
2021,"European Starling",4
2021,"Field Sparrow",2
2021,"Fish Crow",1
2021,"Grasshopper Sparrow",1
2021,"Gray Catbird",2
2021,"Great Crested Flycatcher",2
2021,"Indigo Bunting",17
2021,"Mourning Dove",19
2021,"Northern Bobwhite",1
2021,"Northern Cardinal",18
2021,"Northern Mockingbird",9
2021,"Northern Parula",2
2021,"Orchard Oriole",1
2021,"Pine Warbler",2
2021,"Prairie Warbler",2
2021,"Purple Martin",1
2021,"Red-bellied Woodpecker",1
2021,"Red-eyed Vireo",6
2021,"Red-shouldered Hawk",1
2021,"Red-winged Blackbird",2
2021,"Ruby-throated Hummingbird",1
2021,"Summer Tanager",5
2021,"Tufted Titmouse",6
2021,"White-eyed Vireo",3
2021,"Wood Thrush",1
2021,"Yellow-billed Cuckoo",1
2021,"Yellow-breasted Chat",1
2021,"Yellow-throated Vireo",1
2021,"Yellow-throated Warbler",1
2021,"American Crow",15
2021,"American Goldfinch",1
2021,"Blue Grosbeak",2
2021,"Brown Thrasher",1
2021,"Canada Goose",1
2021,"Carolina Chickadee",3
2021,"Carolina Wren",10
2021,"Chimney Swift",1
2021,"Chipping Sparrow",7
2021,"Common Yellowthroat",1
2021,"Eastern Bluebird",5
2021,"Eastern Phoebe",1
2021,"European Starling",3
2021,"Field Sparrow",1
2021,"Great Crested Flycatcher",3
2021,"Indigo Bunting",2
2021,"Mourning Dove",1
2021,"Northern Bobwhite",1
2021,"Northern Cardinal",11
2021,"Pine Warbler",2
2021,"Red-bellied Woodpecker",1
2021,"Red-eyed Vireo",5
2021,"Tufted Titmouse",13
2021,"Acadian Flycatcher",2
2021,"American Crow",11
2021,"American Goldfinch",1
2021,"Blue-gray Gnatcatcher",6
2021,"Brown Thrasher",2
2021,"Brown-headed Cowbird",3
2021,"Brown-headed Nuthatch",1
2021,"Carolina Chickadee",2
2021,"Carolina Wren",20
2021,"Chipping Sparrow",12
2021,"Common Yellowthroat",1
2021,"Downy Woodpecker",3
2021,"Eastern Bluebird",6
2021,"Eastern Towhee",3
2021,"Eastern Wood-Pewee",3
2021,"Fish Crow",2
2021,"Great Crested Flycatcher",2
2021,"Hooded Warbler",1
2021,"House Finch",1
2021,"Indigo Bunting",3
2021,"Mourning Dove",14
2021,"Northern Cardinal",30
2021,"Northern Mockingbird",1
2021,"Northern Parula",1
2021,"Ovenbird",4
2021,"Pine Warbler",2
2021,"Purple Martin",1
2021,"Red-bellied Woodpecker",3
2021,"Red-eyed Vireo",10
2021,"Red-shouldered Hawk",1
2021,"Scarlet Tanager",1
2021,"Tufted Titmouse",9
2021,"Turkey Vulture",1
2021,"White-breasted Nuthatch",3
2021,"Wood Thrush",5
2021,"American Crow",14
2021,"American Goldfinch",6
2021,"American Robin",2
2021,"Blue Jay",1
2021,"Brown Thrasher",1
2021,"Brown-headed Cowbird",9
2021,"Canada Goose",13
2021,"Carolina Wren",22
2021,"Chipping Sparrow",4
2021,"Common Grackle",2
2021,"Eastern Bluebird",10
2021,"Eastern Towhee",7
2021,"Eastern Wood-Pewee",1
2021,"European Starling",5
2021,"Great Crested Flycatcher",3
2021,"House Finch",2
2021,"Indigo Bunting",5
2021,"Killdeer",2
2021,"Mourning Dove",12
2021,"Northern Cardinal",19
2021,"Northern Mockingbird",4
2021,"Pine Warbler",3
2021,"Red-bellied Woodpecker",3
2021,"Red-eyed Vireo",12
2021,"Summer Tanager",1
2021,"Tufted Titmouse",17
2021,"White-breasted Nuthatch",1
2021,"Wood Thrush",2
2021,"Yellow-throated Warbler",1
2021,"Acadian Flycatcher",1
2021,"American Crow",23
2021,"American Goldfinch",3
2021,"American Robin",5
2021,"Blue Jay",3
2021,"Blue-gray Gnatcatcher",6
2021,"Brown-headed Cowbird",4
2021,"Carolina Chickadee",9
2021,"Carolina Wren",19
2021,"Chimney Swift",2
2021,"Chipping Sparrow",8
2021,"Common Grackle",1
2021,"Downy Woodpecker",3
2021,"Eastern Bluebird",4
2021,"Eastern Meadowlark",2
2021,"Eastern Phoebe",1
2021,"Eastern Towhee",4
2021,"Gray Catbird",1
2021,"Great Blue Heron",1
2021,"Indigo Bunting",3
2021,"Mourning Dove",13
2021,"Northern Cardinal",21
2021,"Northern Mockingbird",4
2021,"Northern Parula",3
2021,"Pine Warbler",6
2021,"Red-bellied Woodpecker",4
2021,"Red-eyed Vireo",4
2021,"Summer Tanager",2
2021,"Tufted Titmouse",7
2021,"White-breasted Nuthatch",1
2021,"White-eyed Vireo",2
2021,"Wood Thrush",2
2021,"Yellow-billed Cuckoo",1
2021,"Yellow-breasted Chat",1
2021,"American Crow",1
2021,"American Goldfinch",2
2021,"American Robin",5
2021,"Barn Swallow",5
2021,"Blue Grosbeak",2
2021,"Blue Jay",2
2021,"Brown-headed Cowbird",1
2021,"Carolina Chickadee",6
2021,"Carolina Wren",31
2021,"Chimney Swift",4
2021,"Chipping Sparrow",14
2021,"Downy Woodpecker",2
2021,"Eastern Bluebird",11
2021,"Eastern Phoebe",2
2021,"Eastern Towhee",7
2021,"Fish Crow",4
2021,"Gray Catbird",1
2021,"Great Crested Flycatcher",1
2021,"House Finch",4
2021,"Indigo Bunting",1
2021,"Mourning Dove",7
2021,"Northern Cardinal",29
2021,"Northern Mockingbird",2
2021,"Orchard Oriole",1
2021,"Pileated Woodpecker",1
2021,"Pine Warbler",8
2021,"Red-bellied Woodpecker",1
2021,"Red-eyed Vireo",2
2021,"Ruby-throated Hummingbird",1
2021,"Scarlet Tanager",1
2021,"Summer Tanager",10
2021,"Tufted Titmouse",6
2021,"Wood Thrush",2
2021,"Yellow-billed Cuckoo",1
2022,"Acadian Flycatcher",1
2022,"American Crow",22
2022,"Blue Jay",3
2022,"Blue-gray Gnatcatcher",5
2022,"Brown Thrasher",1
2022,"Brown-headed Cowbird",5
2022,"Brown-headed Nuthatch",3
2022,"Canada Goose",1
2022,"Carolina Chickadee",9
2022,"Carolina Wren",8
2022,"Chimney Swift",3
2022,"Chipping Sparrow",13
2022,"Common Grackle",3
2022,"Downy Woodpecker",3
2022,"Eastern Bluebird",4
2022,"Eastern Towhee",2
2022,"Eastern Wood-Pewee",4
2022,"Fish Crow",1
2022,"Gray Catbird",1
2022,"Great Crested Flycatcher",3
2022,"Hooded Warbler",9
2022,"Indigo Bunting",3
2022,"Killdeer",4
2022,"Mourning Dove",6
2022,"Northern Cardinal",37
2022,"Northern Mockingbird",4
2022,"Northern Parula",1
2022,"Ovenbird",7
2022,"Pine Warbler",14
2022,"Purple Martin",8
2022,"Red-bellied Woodpecker",6
2022,"Red-eyed Vireo",6
2022,"Summer Tanager",4
2022,"Tufted Titmouse",16
2022,"Turkey Vulture",2
2022,"White-breasted Nuthatch",2
2022,"Wood Thrush",8
2022,"Yellow-throated Vireo",1
2022,"Yellow-throated Warbler",6
2022,"Acadian Flycatcher",3
2022,"American Crow",23
2022,"American Goldfinch",2
2022,"American Robin",3
2022,"Barn Swallow",4
2022,"Blue Jay",1
2022,"Blue-gray Gnatcatcher",16
2022,"Brown Thrasher",1
2022,"Brown-headed Cowbird",9
2022,"Brown-headed Nuthatch",2
2022,"Carolina Chickadee",10
2022,"Carolina Wren",16
2022,"Chimney Swift",5
2022,"Chipping Sparrow",9
2022,"Common Grackle",2
2022,"Downy Woodpecker",1
2022,"Eastern Bluebird",2
2022,"Eastern Phoebe",1
2022,"Eastern Towhee",4
2022,"Fish Crow",6
2022,"Great Blue Heron",1
2022,"Great Crested Flycatcher",2
2022,"Hooded Warbler",1
2022,"Indigo Bunting",4
2022,"Mourning Dove",6
2022,"Northern Cardinal",19
2022,"Northern Mockingbird",5
2022,"Northern Parula",1
2022,"Ovenbird",3
2022,"Pine Warbler",18
2022,"Red-bellied Woodpecker",4
2022,"Red-eyed Vireo",3
2022,"Summer Tanager",4
2022,"Tufted Titmouse",10
2022,"White-breasted Nuthatch",1
2022,"White-eyed Vireo",1
2022,"Yellow-billed Cuckoo",2
2022,"Yellow-throated Warbler",2
2022,"Acadian Flycatcher",2
2022,"American Crow",5
2022,"American Goldfinch",1
2022,"Barn Swallow",7
2022,"Blue Grosbeak",4
2022,"Blue Jay",2
2022,"Blue-gray Gnatcatcher",1
2022,"Brown Thrasher",3
2022,"Carolina Chickadee",3
2022,"Carolina Wren",13
2022,"Chipping Sparrow",11
2022,"Common Yellowthroat",2
2022,"Eastern Bluebird",10
2022,"Eastern Kingbird",1
2022,"Eastern Towhee",5
2022,"European Starling",4
2022,"Field Sparrow",1
2022,"Indigo Bunting",3
2022,"Mourning Dove",9
2022,"Northern Bobwhite",1
2022,"Northern Cardinal",9
2022,"Northern Mockingbird",6
2022,"Northern Parula",1
2022,"Orchard Oriole",1
2022,"Ovenbird",4
2022,"Pine Warbler",17
2022,"Prairie Warbler",3
2022,"Red-bellied Woodpecker",6
2022,"Red-eyed Vireo",2
2022,"Summer Tanager",12
2022,"Tufted Titmouse",8
2022,"Turkey Vulture",4
2022,"White-eyed Vireo",4
2022,"Wood Thrush",3
2022,"Yellow-billed Cuckoo",1
2022,"Yellow-breasted Chat",6
2022,"Acadian Flycatcher",6
2022,"American Crow",12
2022,"American Goldfinch",2
2022,"American Robin",3
2022,"Barn Swallow",1
2022,"Blue Grosbeak",4
2022,"Blue Jay",5
2022,"Blue-gray Gnatcatcher",14
2022,"Brown Thrasher",4
2022,"Canada Goose",1
2022,"Carolina Chickadee",9
2022,"Carolina Wren",15
2022,"Chimney Swift",3
2022,"Chipping Sparrow",11
2022,"Common Grackle",2
2022,"Downy Woodpecker",2
2022,"Eastern Bluebird",3
2022,"Eastern Phoebe",1
2022,"Eastern Towhee",2
2022,"Eastern Whip-poor-will",2
2022,"Eastern Wood-Pewee",5
2022,"European Starling",4
2022,"Fish Crow",2
2022,"Great Crested Flycatcher",6
2022,"House Finch",1
2022,"Indigo Bunting",8
2022,"Mourning Dove",7
2022,"Northern Cardinal",16
2022,"Northern Mockingbird",4
2022,"Ovenbird",6
2022,"Pileated Woodpecker",1
2022,"Pine Warbler",1
2022,"Prairie Warbler",3
2022,"Red-bellied Woodpecker",2
2022,"Red-eyed Vireo",9
2022,"Red-shouldered Hawk",2
2022,"Red-winged Blackbird",1
2022,"Summer Tanager",3
2022,"Tufted Titmouse",10
2022,"White-eyed Vireo",5
2022,"Yellow-billed Cuckoo",3
2022,"Yellow-breasted Chat",1
2022,"Yellow-throated Warbler",3
2022,"Acadian Flycatcher",2
2022,"American Crow",17
2022,"American Goldfinch",2
2022,"American Robin",6
2022,"Barn Swallow",2
2022,"Blue Grosbeak",7
2022,"Blue Jay",5
2022,"Blue-gray Gnatcatcher",5
2022,"Carolina Chickadee",3
2022,"Carolina Wren",24
2022,"Chimney Swift",2
2022,"Chipping Sparrow",9
2022,"Common Yellowthroat",2
2022,"Eastern Bluebird",13
2022,"Eastern Kingbird",3
2022,"Eastern Meadowlark",4
2022,"Eastern Phoebe",1
2022,"Eastern Towhee",2
2022,"Eastern Whip-poor-will",1
2022,"Eastern Wood-Pewee",5
2022,"European Starling",3
2022,"Field Sparrow",1
2022,"Fish Crow",3
2022,"Great Blue Heron",2
2022,"Great Crested Flycatcher",5
2022,"House Finch",2
2022,"Indigo Bunting",12
2022,"Killdeer",2
2022,"Mourning Dove",9
2022,"Northern Cardinal",25
2022,"Northern Mockingbird",18
2022,"Ovenbird",1
2022,"Pileated Woodpecker",7
2022,"Pine Warbler",2
2022,"Prairie Warbler",2
2022,"Purple Martin",4
2022,"Red-bellied Woodpecker",7
2022,"Red-eyed Vireo",4
2022,"Red-winged Blackbird",2
2022,"Summer Tanager",5
2022,"Tufted Titmouse",9
2022,"Turkey Vulture",1
2022,"White-breasted Nuthatch",1
2022,"White-eyed Vireo",3
2022,"Wood Thrush",4
2022,"Yellow-billed Cuckoo",2
2022,"Yellow-breasted Chat",2
2022,"Yellow-throated Warbler",2
2022,"Acadian Flycatcher",2
2022,"American Crow",26
2022,"American Goldfinch",4
2022,"American Robin",2
2022,"Blue Grosbeak",7
2022,"Blue Jay",1
2022,"Blue-gray Gnatcatcher",9
2022,"Brown Thrasher",4
2022,"Brown-headed Cowbird",3
2022,"Carolina Chickadee",7
2022,"Carolina Wren",29
2022,"Chipping Sparrow",18
2022,"Common Grackle",1
2022,"Common Yellowthroat",1
2022,"Downy Woodpecker",1
2022,"Eastern Bluebird",11
2022,"Eastern Kingbird",2
2022,"Eastern Meadowlark",3
2022,"Eastern Phoebe",4
2022,"Eastern Towhee",1
2022,"Eastern Wood-Pewee",7
2022,"Field Sparrow",2
2022,"Grasshopper Sparrow",1
2022,"Great Blue Heron",1
2022,"Great Crested Flycatcher",1
2022,"House Finch",5
2022,"Indigo Bunting",15
2022,"Killdeer",1
2022,"Mourning Dove",17
2022,"Northern Cardinal",28
2022,"Northern Mockingbird",4
2022,"Northern Parula",1
2022,"Orchard Oriole",1
2022,"Ovenbird",2
2022,"Pileated Woodpecker",1
2022,"Pine Warbler",3
2022,"Purple Martin",1
2022,"Red-bellied Woodpecker",12
2022,"Red-eyed Vireo",3
2022,"Red-shouldered Hawk",5
2022,"Red-winged Blackbird",4
2022,"Ruby-throated Hummingbird",1
2022,"Summer Tanager",1
2022,"Tufted Titmouse",10
2022,"White-eyed Vireo",4
2022,"Wood Thrush",1
2022,"Yellow-billed Cuckoo",1
2022,"Yellow-throated Warbler",1
2022,"Acadian Flycatcher",4
2022,"American Crow",32
2022,"American Goldfinch",1
2022,"Blue Grosbeak",5
2022,"Blue Jay",4
2022,"Blue-gray Gnatcatcher",1
2022,"Brown Thrasher",4
2022,"Brown-headed Cowbird",2
2022,"Brown-headed Nuthatch",1
2022,"Canada Goose",1
2022,"Carolina Chickadee",9
2022,"Carolina Wren",17
2022,"Chipping Sparrow",3
2022,"Common Grackle",4
2022,"Downy Woodpecker",2
2022,"Eastern Bluebird",8
2022,"Eastern Phoebe",2
2022,"Eastern Towhee",4
2022,"Eastern Wood-Pewee",7
2022,"Fish Crow",1
2022,"Grasshopper Sparrow",1
2022,"Great Blue Heron",1
2022,"Great Crested Flycatcher",1
2022,"Hooded Warbler",5
2022,"House Finch",2
2022,"Indigo Bunting",12
2022,"Mourning Dove",22
2022,"Northern Bobwhite",3
2022,"Northern Cardinal",26
2022,"Northern Mockingbird",8
2022,"Northern Parula",3
2022,"Ovenbird",3
2022,"Pileated Woodpecker",4
2022,"Pine Warbler",4
2022,"Purple Martin",2
2022,"Red-bellied Woodpecker",7
2022,"Red-eyed Vireo",22
2022,"Red-shouldered Hawk",4
2022,"Ruby-throated Hummingbird",1
2022,"Summer Tanager",14
2022,"Tufted Titmouse",8
2022,"White-breasted Nuthatch",4
2022,"White-eyed Vireo",4
2022,"Wood Thrush",7
2022,"Yellow-billed Cuckoo",3
2022,"Yellow-breasted Chat",7
2022,"Yellow-throated Warbler",2
2022,"Acadian Flycatcher",8
2022,"American Crow",43
2022,"American Goldfinch",8
2022,"Barn Swallow",4
2022,"Blue Jay",7
2022,"Blue-gray Gnatcatcher",6
2022,"Brown-headed Cowbird",4
2022,"Brown-headed Nuthatch",3
2022,"Carolina Chickadee",14
2022,"Carolina Wren",14
2022,"Chimney Swift",3
2022,"Chipping Sparrow",8
2022,"Common Grackle",2
2022,"Common Yellowthroat",1
2022,"Downy Woodpecker",3
2022,"Eastern Bluebird",5
2022,"Eastern Meadowlark",5
2022,"Eastern Phoebe",1
2022,"Eastern Towhee",6
2022,"Eastern Wood-Pewee",2
2022,"European Starling",13
2022,"Fish Crow",2
2022,"Grasshopper Sparrow",1
2022,"Great Blue Heron",2
2022,"Great Crested Flycatcher",7
2022,"Hooded Warbler",4
2022,"House Finch",1
2022,"Indigo Bunting",8
2022,"Killdeer",1
2022,"Mourning Dove",31
2022,"Northern Cardinal",27
2022,"Northern Mockingbird",5
2022,"Northern Parula",3
2022,"Orchard Oriole",1
2022,"Ovenbird",10
2022,"Pileated Woodpecker",4
2022,"Pine Warbler",11
2022,"Purple Martin",9
2022,"Red-bellied Woodpecker",11
2022,"Red-eyed Vireo",6
2022,"Red-shouldered Hawk",4
2022,"Red-winged Blackbird",2
2022,"Summer Tanager",4
2022,"Tufted Titmouse",21
2022,"White-breasted Nuthatch",3
2022,"White-eyed Vireo",3
2022,"Wood Thrush",4
2022,"Yellow-breasted Chat",3
2022,"Yellow-throated Vireo",2
2022,"Yellow-throated Warbler",4
2022,"Acadian Flycatcher",5
2022,"American Crow",20
2022,"American Goldfinch",7
2022,"American Robin",5
2022,"Blue Grosbeak",1
2022,"Blue Jay",3
2022,"Blue-gray Gnatcatcher",15
2022,"Brown Thrasher",5
2022,"Brown-headed Nuthatch",4
2022,"Canada Goose",4
2022,"Carolina Chickadee",12
2022,"Carolina Wren",26
2022,"Chimney Swift",2
2022,"Chipping Sparrow",9
2022,"Downy Woodpecker",4
2022,"Eastern Bluebird",11
2022,"Eastern Phoebe",2
2022,"Eastern Wood-Pewee",3
2022,"Fish Crow",2
2022,"Gray Catbird",1
2022,"Great Crested Flycatcher",3
2022,"Hooded Warbler",3
2022,"Indigo Bunting",1
2022,"Mourning Dove",8
2022,"Northern Cardinal",31
2022,"Northern Mockingbird",4
2022,"Northern Parula",2
2022,"Ovenbird",3
2022,"Pileated Woodpecker",2
2022,"Pine Warbler",15
2022,"Prairie Warbler",1
2022,"Red-bellied Woodpecker",9
2022,"Red-eyed Vireo",10
2022,"Red-shouldered Hawk",3
2022,"Scarlet Tanager",1
2022,"Summer Tanager",3
2022,"Tufted Titmouse",9
2022,"White-breasted Nuthatch",3
2022,"White-eyed Vireo",1
2022,"Wood Thrush",2
2022,"Yellow-billed Cuckoo",2
2022,"Yellow-breasted Chat",1
2022,"Yellow-throated Vireo",4
2022,"Yellow-throated Warbler",4
2022,"Acadian Flycatcher",1
2022,"American Crow",12
2022,"American Goldfinch",7
2022,"American Robin",2
2022,"Blue Grosbeak",5
2022,"Blue Jay",6
2022,"Blue-gray Gnatcatcher",9
2022,"Brown-headed Cowbird",1
2022,"Brown-headed Nuthatch",1
2022,"Carolina Chickadee",6
2022,"Carolina Wren",12
2022,"Chimney Swift",1
2022,"Chipping Sparrow",12
2022,"Common Yellowthroat",1
2022,"Downy Woodpecker",3
2022,"Eastern Bluebird",5
2022,"Eastern Kingbird",1
2022,"Eastern Phoebe",4
2022,"Eastern Towhee",1
2022,"Eastern Wood-Pewee",3
2022,"Fish Crow",1
2022,"Gray Catbird",1
2022,"Great Crested Flycatcher",4
2022,"Hooded Warbler",1
2022,"House Finch",1
2022,"Indigo Bunting",9
2022,"Mourning Dove",7
2022,"Northern Cardinal",15
2022,"Northern Mockingbird",3
2022,"Northern Parula",2
2022,"Orchard Oriole",1
2022,"Pine Warbler",3
2022,"Red-bellied Woodpecker",3
2022,"Red-eyed Vireo",8
2022,"Red-shouldered Hawk",1
2022,"Scarlet Tanager",1
2022,"Song Sparrow",1
2022,"Summer Tanager",1
2022,"Tufted Titmouse",11
2022,"White-breasted Nuthatch",3
2022,"White-eyed Vireo",2
2022,"Wood Thrush",5
2022,"Yellow-breasted Chat",4
2022,"Yellow-throated Vireo",1
2022,"Yellow-throated Warbler",5
2022,"Acadian Flycatcher",2
2022,"American Crow",20
2022,"American Goldfinch",3
2022,"Blue Grosbeak",4
2022,"Blue Jay",6
2022,"Blue-gray Gnatcatcher",11
2022,"Brown Thrasher",4
2022,"Carolina Chickadee",6
2022,"Carolina Wren",9
2022,"Chimney Swift",1
2022,"Chipping Sparrow",9
2022,"Common Yellowthroat",3
2022,"Downy Woodpecker",2
2022,"Eastern Bluebird",6
2022,"Eastern Kingbird",1
2022,"Eastern Meadowlark",1
2022,"Eastern Phoebe",4
2022,"Eastern Wood-Pewee",4
2022,"Fish Crow",1
2022,"Great Crested Flycatcher",1
2022,"Hooded Warbler",2
2022,"Indigo Bunting",7
2022,"Mourning Dove",17
2022,"Northern Cardinal",15
2022,"Northern Mockingbird",7
2022,"Northern Parula",5
2022,"Ovenbird",4
2022,"Pileated Woodpecker",3
2022,"Pine Warbler",7
2022,"Prairie Warbler",3
2022,"Red-bellied Woodpecker",10
2022,"Red-eyed Vireo",11
2022,"Red-winged Blackbird",3
2022,"Summer Tanager",5
2022,"Tufted Titmouse",11
2022,"White-breasted Nuthatch",3
2022,"White-eyed Vireo",5
2022,"Wood Thrush",2
2022,"Yellow-breasted Chat",4
2022,"Yellow-throated Vireo",1
2022,"Yellow-throated Warbler",5
2022,"Acadian Flycatcher",2
2022,"American Crow",24
2022,"American Goldfinch",2
2022,"American Robin",3
2022,"Blue Grosbeak",8
2022,"Blue Jay",13
2022,"Blue-gray Gnatcatcher",4
2022,"Brown Thrasher",1
2022,"Brown-headed Cowbird",2
2022,"Carolina Chickadee",6
2022,"Carolina Wren",24
2022,"Chipping Sparrow",7
2022,"Common Grackle",8
2022,"Common Yellowthroat",3
2022,"Downy Woodpecker",1
2022,"Eastern Bluebird",11
2022,"Eastern Kingbird",1
2022,"Eastern Meadowlark",3
2022,"Eastern Phoebe",2
2022,"Eastern Towhee",3
2022,"Eastern Wood-Pewee",10
2022,"Field Sparrow",1
2022,"Great Crested Flycatcher",10
2022,"House Finch",1
2022,"Indigo Bunting",11
2022,"Mourning Dove",7
2022,"Northern Cardinal",19
2022,"Northern Mockingbird",10
2022,"Orchard Oriole",1
2022,"Ovenbird",2
2022,"Pileated Woodpecker",2
2022,"Red-bellied Woodpecker",7
2022,"Red-eyed Vireo",4
2022,"Red-shouldered Hawk",4
2022,"Red-winged Blackbird",2
2022,"Summer Tanager",2
2022,"Tufted Titmouse",11
2022,"White-eyed Vireo",2
2022,"Wood Thrush",2
2022,"Yellow-billed Cuckoo",1
2022,"Yellow-breasted Chat",8
2022,"Yellow-throated Vireo",1
2022,"Yellow-throated Warbler",2
2022,"American Crow",21
2022,"American Goldfinch",3
2022,"American Robin",10
2022,"Barn Swallow",2
2022,"Blue Grosbeak",5
2022,"Blue Jay",11
2022,"Blue-gray Gnatcatcher",3
2022,"Brown Thrasher",3
2022,"Brown-headed Cowbird",3
2022,"Brown-headed Nuthatch",3
2022,"Canada Goose",1
2022,"Carolina Chickadee",5
2022,"Carolina Wren",25
2022,"Chimney Swift",14
2022,"Chipping Sparrow",17
2022,"Common Grackle",7
2022,"Common Yellowthroat",4
2022,"Downy Woodpecker",1
2022,"Eastern Bluebird",17
2022,"Eastern Meadowlark",5
2022,"Eastern Towhee",1
2022,"European Starling",23
2022,"Field Sparrow",3
2022,"Fish Crow",1
2022,"Gray Catbird",1
2022,"Great Blue Heron",2
2022,"Great Crested Flycatcher",3
2022,"House Finch",4
2022,"House Sparrow",3
2022,"Indigo Bunting",5
2022,"Killdeer",1
2022,"Mourning Dove",13
2022,"Northern Cardinal",24
2022,"Northern Mockingbird",15
2022,"Orchard Oriole",1
2022,"Ovenbird",1
2022,"Pileated Woodpecker",1
2022,"Pine Warbler",4
2022,"Red-bellied Woodpecker",7
2022,"Red-eyed Vireo",5
2022,"Red-shouldered Hawk",3
2022,"Red-winged Blackbird",2
2022,"Song Sparrow",4
2022,"Summer Tanager",2
2022,"Tufted Titmouse",10
2022,"White-breasted Nuthatch",2
2022,"White-eyed Vireo",1
2022,"Wood Thrush",1
2022,"Yellow-billed Cuckoo",2
2022,"Yellow-breasted Chat",1
2022,"American Crow",7
2022,"American Goldfinch",5
2022,"American Robin",3
2022,"Barn Swallow",1
2022,"Blue Grosbeak",8
2022,"Blue Jay",3
2022,"Blue-gray Gnatcatcher",6
2022,"Brown Thrasher",1
2022,"Brown-headed Cowbird",10
2022,"Brown-headed Nuthatch",11
2022,"Carolina Chickadee",13
2022,"Carolina Wren",28
2022,"Chimney Swift",2
2022,"Chipping Sparrow",20
2022,"Downy Woodpecker",4
2022,"Eastern Bluebird",6
2022,"Eastern Phoebe",1
2022,"Eastern Towhee",8
2022,"Eastern Wood-Pewee",3
2022,"Field Sparrow",1
2022,"Gray Catbird",1
2022,"Great Blue Heron",1
2022,"Great Crested Flycatcher",1
2022,"Hooded Warbler",1
2022,"House Finch",9
2022,"Indigo Bunting",3
2022,"Mourning Dove",14
2022,"Northern Cardinal",35
2022,"Northern Mockingbird",4
2022,"Northern Parula",1
2022,"Ovenbird",1
2022,"Pine Warbler",1
2022,"Purple Martin",15
2022,"Red-bellied Woodpecker",2
2022,"Red-eyed Vireo",6
2022,"Ruby-throated Hummingbird",1
2022,"Summer Tanager",8
2022,"Tufted Titmouse",8
2022,"White-breasted Nuthatch",2
2022,"White-eyed Vireo",5
2022,"Yellow-billed Cuckoo",4
2022,"Yellow-breasted Chat",2
2022,"Yellow-throated Vireo",2
2022,"Acadian Flycatcher",5
2022,"American Crow",40
2022,"American Goldfinch",5
2022,"Barn Swallow",3
2022,"Blue Grosbeak",5
2022,"Blue Jay",3
2022,"Blue-gray Gnatcatcher",17
2022,"Brown Thrasher",1
2022,"Brown-headed Cowbird",13
2022,"Carolina Chickadee",8
2022,"Carolina Wren",19
2022,"Chimney Swift",7
2022,"Chipping Sparrow",27
2022,"Common Grackle",3
2022,"Common Yellowthroat",6
2022,"Downy Woodpecker",1
2022,"Eastern Bluebird",14
2022,"Eastern Kingbird",4
2022,"Eastern Meadowlark",4
2022,"Eastern Phoebe",5
2022,"Eastern Towhee",1
2022,"Eastern Wood-Pewee",5
2022,"European Starling",21
2022,"Field Sparrow",1
2022,"Great Crested Flycatcher",5
2022,"Hooded Warbler",1
2022,"House Finch",8
2022,"Indigo Bunting",18
2022,"Killdeer",2
2022,"Mourning Dove",27
2022,"Northern Cardinal",31
2022,"Northern Mockingbird",13
2022,"Northern Parula",5
2022,"Orchard Oriole",1
2022,"Ovenbird",10
2022,"Pine Warbler",5
2022,"Prairie Warbler",2
2022,"Purple Martin",8
2022,"Red-bellied Woodpecker",8
2022,"Red-eyed Vireo",19
2022,"Red-winged Blackbird",3
2022,"Ruby-throated Hummingbird",1
2022,"Scarlet Tanager",1
2022,"Summer Tanager",5
2022,"Tufted Titmouse",9
2022,"White-breasted Nuthatch",1
2022,"White-eyed Vireo",5
2022,"Wood Thrush",3
2022,"Yellow-breasted Chat",2
2022,"Yellow-throated Vireo",2
2022,"Yellow-throated Warbler",1
2022,"Acadian Flycatcher",2
2022,"American Crow",56
2022,"American Goldfinch",9
2022,"Barn Swallow",1
2022,"Blue Grosbeak",3
2022,"Blue Jay",5
2022,"Blue-gray Gnatcatcher",12
2022,"Brown Thrasher",3
2022,"Brown-headed Cowbird",6
2022,"Brown-headed Nuthatch",1
2022,"Carolina Chickadee",17
2022,"Carolina Wren",25
2022,"Chimney Swift",2
2022,"Chipping Sparrow",16
2022,"Common Yellowthroat",1
2022,"Downy Woodpecker",2
2022,"Eastern Bluebird",17
2022,"Eastern Meadowlark",3
2022,"Eastern Phoebe",2
2022,"Eastern Towhee",3
2022,"Eastern Wood-Pewee",5
2022,"Fish Crow",4
2022,"Great Blue Heron",5
2022,"Great Crested Flycatcher",1
2022,"House Finch",7
2022,"Indigo Bunting",12
2022,"Killdeer",1
2022,"Mourning Dove",13
2022,"Northern Cardinal",26
2022,"Northern Mockingbird",5
2022,"Northern Parula",2
2022,"Ovenbird",1
2022,"Pileated Woodpecker",1
2022,"Pine Warbler",23
2022,"Prairie Warbler",1
2022,"Red-bellied Woodpecker",10
2022,"Red-eyed Vireo",23
2022,"Red-shouldered Hawk",3
2022,"Summer Tanager",7
2022,"Tufted Titmouse",18
2022,"White-breasted Nuthatch",5
2022,"White-eyed Vireo",1
2022,"Wood Thrush",2
2022,"Yellow-billed Cuckoo",1
2022,"Yellow-breasted Chat",2
2022,"Yellow-throated Warbler",1
2022,"Acadian Flycatcher",1
2022,"American Crow",16
2022,"American Goldfinch",2
2022,"American Robin",19
2022,"Blue Grosbeak",1
2022,"Blue-gray Gnatcatcher",3
2022,"Brown Thrasher",1
2022,"Brown-headed Cowbird",3
2022,"Brown-headed Nuthatch",4
2022,"Carolina Chickadee",6
2022,"Carolina Wren",5
2022,"Chimney Swift",8
2022,"Chipping Sparrow",7
2022,"Common Grackle",4
2022,"Downy Woodpecker",1
2022,"Eastern Bluebird",7
2022,"Eastern Towhee",5
2022,"Fish Crow",6
2022,"Gray Catbird",4
2022,"House Finch",11
2022,"Indigo Bunting",2
2022,"Mourning Dove",5
2022,"Northern Cardinal",19
2022,"Northern Mockingbird",2
2022,"Pine Warbler",1
2022,"Red-bellied Woodpecker",5
2022,"Red-eyed Vireo",2
2022,"Red-shouldered Hawk",1
2022,"Song Sparrow",7
2022,"Tufted Titmouse",10
2022,"Acadian Flycatcher",4
2022,"American Crow",17
2022,"American Goldfinch",2
2022,"American Robin",6
2022,"Blue Grosbeak",2
2022,"Blue Jay",1
2022,"Blue-gray Gnatcatcher",10
2022,"Brown-headed Cowbird",3
2022,"Brown-headed Nuthatch",3
2022,"Carolina Chickadee",4
2022,"Carolina Wren",15
2022,"Chipping Sparrow",16
2022,"Common Grackle",1
2022,"Common Yellowthroat",3
2022,"Downy Woodpecker",4
2022,"Eastern Bluebird",8
2022,"Eastern Meadowlark",2
2022,"Eastern Phoebe",2
2022,"Eastern Towhee",1
2022,"Eastern Wood-Pewee",7
2022,"European Starling",11
2022,"Great Blue Heron",3
2022,"House Finch",3
2022,"House Sparrow",1
2022,"Indigo Bunting",8
2022,"Killdeer",1
2022,"Mourning Dove",14
2022,"Northern Cardinal",16
2022,"Northern Mockingbird",5
2022,"Northern Parula",7
2022,"Orchard Oriole",2
2022,"Ovenbird",3
2022,"Pine Warbler",9
2022,"Red-bellied Woodpecker",4
2022,"Red-eyed Vireo",7
2022,"Scarlet Tanager",1
2022,"Summer Tanager",8
2022,"Tufted Titmouse",14
2022,"White-breasted Nuthatch",1
2022,"White-eyed Vireo",4
2022,"Wood Thrush",1
2022,"Yellow-billed Cuckoo",1
2022,"Yellow-throated Vireo",1
2022,"Yellow-throated Warbler",5
2022,"American Crow",12
2022,"American Goldfinch",1
2022,"American Robin",14
2022,"Blue Jay",1
2022,"Blue-gray Gnatcatcher",7
2022,"Brown Thrasher",3
2022,"Brown-headed Cowbird",6
2022,"Brown-headed Nuthatch",1
2022,"Carolina Chickadee",10
2022,"Carolina Wren",21
2022,"Chimney Swift",3
2022,"Chipping Sparrow",8
2022,"Common Grackle",12
2022,"Downy Woodpecker",2
2022,"Eastern Bluebird",7
2022,"Eastern Phoebe",1
2022,"Eastern Towhee",9
2022,"European Starling",4
2022,"Fish Crow",2
2022,"Gray Catbird",3
2022,"Great Crested Flycatcher",2
2022,"House Finch",5
2022,"Mourning Dove",7
2022,"Northern Cardinal",30
2022,"Northern Mockingbird",2
2022,"Pine Warbler",12
2022,"Red-bellied Woodpecker",9
2022,"Red-eyed Vireo",1
2022,"Red-shouldered Hawk",2
2022,"Song Sparrow",3
2022,"Summer Tanager",3
2022,"Tufted Titmouse",14
2022,"White-breasted Nuthatch",1
2022,"Wood Thrush",1
2022,"American Crow",13
2022,"American Goldfinch",5
2022,"American Robin",22
2022,"Barn Swallow",1
2022,"Blue Jay",2
2022,"Blue-gray Gnatcatcher",1
2022,"Brown-headed Cowbird",4
2022,"Canada Goose",4
2022,"Carolina Chickadee",4
2022,"Carolina Wren",13
2022,"Chipping Sparrow",10
2022,"Downy Woodpecker",2
2022,"Eastern Bluebird",2
2022,"Eastern Phoebe",2
2022,"Eastern Towhee",12
2022,"European Starling",1
2022,"Fish Crow",1
2022,"Gray Catbird",3
2022,"Great Crested Flycatcher",1
2022,"House Finch",10
2022,"House Sparrow",2
2022,"Killdeer",3
2022,"Mourning Dove",2
2022,"Northern Cardinal",20
2022,"Northern Mockingbird",16
2022,"Pine Warbler",6
2022,"Red-bellied Woodpecker",3
2022,"Red-eyed Vireo",2
2022,"Red-shouldered Hawk",3
2022,"Red-winged Blackbird",1
2022,"Tufted Titmouse",9
2022,"Acadian Flycatcher",1
2022,"American Crow",8
2022,"American Goldfinch",4
2022,"American Robin",3
2022,"Blue Grosbeak",3
2022,"Blue Jay",3
2022,"Blue-gray Gnatcatcher",8
2022,"Brown Thrasher",3
2022,"Brown-headed Cowbird",1
2022,"Brown-headed Nuthatch",2
2022,"Carolina Chickadee",1
2022,"Carolina Wren",15
2022,"Chimney Swift",5
2022,"Chipping Sparrow",9
2022,"Common Grackle",10
2022,"Common Yellowthroat",1
2022,"Downy Woodpecker",2
2022,"Eastern Bluebird",11
2022,"Eastern Towhee",3
2022,"European Starling",3
2022,"Fish Crow",2
2022,"Gray Catbird",1
2022,"Great Crested Flycatcher",3
2022,"House Finch",3
2022,"House Sparrow",1
2022,"Indigo Bunting",6
2022,"Mourning Dove",10
2022,"Northern Cardinal",20
2022,"Northern Mockingbird",6
2022,"Northern Parula",1
2022,"Orchard Oriole",1
2022,"Ovenbird",2
2022,"Pileated Woodpecker",1
2022,"Pine Warbler",4
2022,"Red-bellied Woodpecker",4
2022,"Red-eyed Vireo",7
2022,"Red-shouldered Hawk",1
2022,"Red-winged Blackbird",1
2022,"Ruby-throated Hummingbird",1
2022,"Scarlet Tanager",1
2022,"Song Sparrow",1
2022,"Tufted Titmouse",7
2022,"White-breasted Nuthatch",3
2022,"White-eyed Vireo",2
2022,"Wood Thrush",1
2022,"Yellow-billed Cuckoo",5
2022,"Acadian Flycatcher",1
2022,"American Crow",31
2022,"American Goldfinch",2
2022,"American Robin",10
2022,"Barn Swallow",1
2022,"Blue Grosbeak",1
2022,"Blue Jay",9
2022,"Blue-gray Gnatcatcher",4
2022,"Brown Thrasher",1
2022,"Brown-headed Cowbird",6
2022,"Canada Goose",16
2022,"Carolina Chickadee",5
2022,"Carolina Wren",23
2022,"Chimney Swift",2
2022,"Chipping Sparrow",16
2022,"Downy Woodpecker",1
2022,"Eastern Bluebird",7
2022,"Eastern Kingbird",1
2022,"Eastern Phoebe",2
2022,"Eastern Towhee",6
2022,"Fish Crow",4
2022,"Great Crested Flycatcher",5
2022,"House Finch",18
2022,"Indigo Bunting",1
2022,"Killdeer",2
2022,"Mourning Dove",14
2022,"Northern Cardinal",33
2022,"Northern Mockingbird",10
2022,"Northern Parula",3
2022,"Orchard Oriole",3
2022,"Ovenbird",2
2022,"Pine Warbler",5
2022,"Red-bellied Woodpecker",10
2022,"Red-eyed Vireo",6
2022,"Red-shouldered Hawk",4
2022,"Summer Tanager",5
2022,"Tufted Titmouse",8
2022,"White-eyed Vireo",1
2022,"Yellow-breasted Chat",1
2022,"Acadian Flycatcher",1
2022,"American Crow",31
2022,"American Goldfinch",1
2022,"American Robin",1
2022,"Barn Swallow",3
2022,"Blue Grosbeak",8
2022,"Blue Jay",1
2022,"Blue-gray Gnatcatcher",8
2022,"Brown-headed Cowbird",7
2022,"Canada Goose",40
2022,"Carolina Chickadee",2
2022,"Carolina Wren",21
2022,"Chimney Swift",1
2022,"Chipping Sparrow",16
2022,"Common Grackle",3
2022,"Common Yellowthroat",1
2022,"Downy Woodpecker",2
2022,"Eastern Bluebird",12
2022,"Eastern Kingbird",2
2022,"Eastern Meadowlark",14
2022,"Eastern Phoebe",2
2022,"Eastern Wood-Pewee",4
2022,"European Starling",22
2022,"Field Sparrow",2
2022,"Grasshopper Sparrow",2
2022,"Great Blue Heron",1
2022,"Great Crested Flycatcher",2
2022,"Hooded Warbler",1
2022,"House Finch",4
2022,"Indigo Bunting",15
2022,"Killdeer",2
2022,"Mourning Dove",25
2022,"Northern Cardinal",20
2022,"Northern Mockingbird",3
2022,"Ovenbird",1
2022,"Pileated Woodpecker",1
2022,"Prairie Warbler",1
2022,"Red-bellied Woodpecker",5
2022,"Red-eyed Vireo",2
2022,"Red-winged Blackbird",1
2022,"Summer Tanager",5
2022,"Tufted Titmouse",12
2022,"White-eyed Vireo",2
2022,"Yellow-billed Cuckoo",1
2022,"Yellow-breasted Chat",1
2022,"Yellow-throated Warbler",3
2022,"Acadian Flycatcher",2
2022,"American Crow",11
2022,"Brown Thrasher",1
2022,"Carolina Wren",11
2022,"Chipping Sparrow",6
2022,"Common Grackle",3
2022,"Eastern Bluebird",4
2022,"Eastern Meadowlark",4
2022,"Eastern Phoebe",1
2022,"European Starling",3
2022,"Great Crested Flycatcher",1
2022,"Indigo Bunting",2
2022,"Mourning Dove",3
2022,"Northern Bobwhite",1
2022,"Northern Cardinal",9
2022,"Northern Mockingbird",1
2022,"Ovenbird",1
2022,"Red-bellied Woodpecker",3
2022,"Red-eyed Vireo",4
2022,"Red-shouldered Hawk",2
2022,"Summer Tanager",2
2022,"Tufted Titmouse",5
2022,"White-eyed Vireo",1
2022,"Yellow-billed Cuckoo",1
2022,"American Crow",32
2022,"American Goldfinch",4
2022,"Blue Grosbeak",3
2022,"Blue Jay",4
2022,"Blue-gray Gnatcatcher",4
2022,"Carolina Chickadee",1
2022,"Carolina Wren",20
2022,"Chimney Swift",2
2022,"Chipping Sparrow",4
2022,"Common Grackle",1
2022,"Downy Woodpecker",2
2022,"Eastern Bluebird",17
2022,"Eastern Phoebe",1
2022,"Eastern Towhee",6
2022,"Eastern Wood-Pewee",4
2022,"European Starling",10
2022,"Hooded Warbler",1
2022,"Indigo Bunting",7
2022,"Mourning Dove",14
2022,"Northern Cardinal",23
2022,"Northern Mockingbird",16
2022,"Pileated Woodpecker",2
2022,"Pine Warbler",5
2022,"Red-bellied Woodpecker",6
2022,"Red-eyed Vireo",7
2022,"Red-shouldered Hawk",1
2022,"Summer Tanager",1
2022,"Tufted Titmouse",3
2022,"White-eyed Vireo",1
2022,"Wood Thrush",5
2022,"Acadian Flycatcher",1
2022,"American Crow",23
2022,"American Goldfinch",3
2022,"Blue Grosbeak",2
2022,"Blue Jay",5
2022,"Blue-gray Gnatcatcher",15
2022,"Brown Thrasher",1
2022,"Brown-headed Cowbird",5
2022,"Brown-headed Nuthatch",3
2022,"Canada Goose",4
2022,"Carolina Chickadee",8
2022,"Carolina Wren",19
2022,"Chimney Swift",3
2022,"Chipping Sparrow",11
2022,"Downy Woodpecker",1
2022,"Eastern Bluebird",12
2022,"Eastern Phoebe",4
2022,"Eastern Towhee",1
2022,"Eastern Wood-Pewee",1
2022,"European Starling",3
2022,"Fish Crow",2
2022,"Gray Catbird",2
2022,"Great Crested Flycatcher",6
2022,"House Finch",5
2022,"Indigo Bunting",4
2022,"Mourning Dove",5
2022,"Northern Cardinal",26
2022,"Northern Mockingbird",4
2022,"Northern Parula",1
2022,"Pileated Woodpecker",1
2022,"Pine Warbler",4
2022,"Purple Martin",1
2022,"Red-bellied Woodpecker",4
2022,"Red-eyed Vireo",4
2022,"Red-shouldered Hawk",1
2022,"Scarlet Tanager",1
2022,"Summer Tanager",4
2022,"Tufted Titmouse",15
2022,"White-breasted Nuthatch",4
2022,"White-eyed Vireo",3
2022,"Yellow-throated Vireo",1
2022,"Yellow-throated Warbler",2
2022,"Acadian Flycatcher",1
2022,"American Crow",21
2022,"American Goldfinch",6
2022,"American Robin",1
2022,"Barn Swallow",61
2022,"Blue Grosbeak",9
2022,"Blue Jay",3
2022,"Blue-gray Gnatcatcher",4
2022,"Brown Thrasher",4
2022,"Brown-headed Cowbird",4
2022,"Brown-headed Nuthatch",1
2022,"Carolina Chickadee",4
2022,"Carolina Wren",20
2022,"Chimney Swift",4
2022,"Chipping Sparrow",23
2022,"Common Grackle",4
2022,"Common Yellowthroat",1
2022,"Downy Woodpecker",3
2022,"Eastern Bluebird",11
2022,"Eastern Kingbird",1
2022,"Eastern Meadowlark",3
2022,"Eastern Phoebe",2
2022,"Eastern Towhee",8
2022,"Eastern Wood-Pewee",4
2022,"European Starling",3
2022,"Field Sparrow",2
2022,"Fish Crow",2
2022,"Grasshopper Sparrow",2
2022,"Great Blue Heron",2
2022,"House Finch",3
2022,"Indigo Bunting",9
2022,"Mourning Dove",34
2022,"Northern Cardinal",26
2022,"Northern Mockingbird",9
2022,"Northern Parula",1
2022,"Orchard Oriole",3
2022,"Pileated Woodpecker",1
2022,"Pine Warbler",7
2022,"Purple Martin",1
2022,"Red-bellied Woodpecker",5
2022,"Red-eyed Vireo",10
2022,"Red-winged Blackbird",1
2022,"Ruby-throated Hummingbird",1
2022,"Summer Tanager",8
2022,"Tufted Titmouse",15
2022,"Turkey Vulture",1
2022,"White-breasted Nuthatch",5
2022,"White-eyed Vireo",2
2022,"Wood Thrush",1
2022,"Yellow-billed Cuckoo",5
2022,"Yellow-breasted Chat",1
2022,"Yellow-throated Vireo",1
2022,"Yellow-throated Warbler",2
2022,"American Crow",19
2022,"American Goldfinch",5
2022,"American Robin",8
2022,"Barn Swallow",1
2022,"Blue Grosbeak",4
2022,"Blue Jay",2
2022,"Blue-gray Gnatcatcher",4
2022,"Brown Thrasher",3
2022,"Brown-headed Cowbird",3
2022,"Brown-headed Nuthatch",9
2022,"Carolina Chickadee",10
2022,"Carolina Wren",15
2022,"Chimney Swift",1
2022,"Chipping Sparrow",10
2022,"Downy Woodpecker",3
2022,"Eastern Bluebird",6
2022,"Eastern Towhee",5
2022,"Fish Crow",5
2022,"Gray Catbird",2
2022,"Great Crested Flycatcher",1
2022,"Hooded Warbler",1
2022,"House Finch",1
2022,"Indigo Bunting",1
2022,"Mourning Dove",6
2022,"Northern Cardinal",33
2022,"Northern Mockingbird",5
2022,"Pileated Woodpecker",1
2022,"Pine Warbler",7
2022,"Red-bellied Woodpecker",3
2022,"Red-eyed Vireo",6
2022,"Red-shouldered Hawk",1
2022,"Song Sparrow",1
2022,"Summer Tanager",1
2022,"Tufted Titmouse",13
2022,"White-breasted Nuthatch",1
2022,"Wood Thrush",2
2022,"Acadian Flycatcher",4
2022,"American Crow",21
2022,"Barn Swallow",2
2022,"Blue Grosbeak",6
2022,"Blue Jay",3
2022,"Blue-gray Gnatcatcher",10
2022,"Brown Thrasher",3
2022,"Brown-headed Cowbird",6
2022,"Carolina Chickadee",4
2022,"Carolina Wren",17
2022,"Chipping Sparrow",13
2022,"Common Grackle",4
2022,"Common Yellowthroat",3
2022,"Eastern Bluebird",7
2022,"Eastern Kingbird",1
2022,"Eastern Meadowlark",1
2022,"Eastern Phoebe",1
2022,"Eastern Towhee",6
2022,"Eastern Wood-Pewee",2
2022,"European Starling",2
2022,"Field Sparrow",7
2022,"Fish Crow",1
2022,"Grasshopper Sparrow",2
2022,"Great Crested Flycatcher",4
2022,"Indigo Bunting",22
2022,"Mourning Dove",17
2022,"Northern Cardinal",31
2022,"Northern Mockingbird",13
2022,"Northern Parula",2
2022,"Orchard Oriole",1
2022,"Ovenbird",6
2022,"Pine Warbler",2
2022,"Red-bellied Woodpecker",9
2022,"Red-eyed Vireo",13
2022,"Red-winged Blackbird",1
2022,"Summer Tanager",4
2022,"Tufted Titmouse",5
2022,"White-eyed Vireo",4
2022,"Wood Thrush",1
2022,"Yellow-billed Cuckoo",5
2022,"Yellow-breasted Chat",4
2022,"Yellow-throated Vireo",2
2022,"American Crow",15
2022,"American Robin",1
2022,"Barn Swallow",1
2022,"Blue Grosbeak",1
2022,"Blue Jay",1
2022,"Blue-gray Gnatcatcher",14
2022,"Brown Thrasher",4
2022,"Carolina Chickadee",6
2022,"Carolina Wren",13
2022,"Chimney Swift",2
2022,"Chipping Sparrow",4
2022,"Common Grackle",2
2022,"Downy Woodpecker",1
2022,"Eastern Bluebird",4
2022,"Eastern Meadowlark",1
2022,"Eastern Phoebe",1
2022,"Eastern Towhee",1
2022,"Eastern Wood-Pewee",3
2022,"Gray Catbird",1
2022,"Great Crested Flycatcher",2
2022,"Hooded Warbler",1
2022,"Indigo Bunting",4
2022,"Mourning Dove",5
2022,"Northern Cardinal",10
2022,"Ovenbird",1
2022,"Pine Warbler",5
2022,"Red-bellied Woodpecker",2
2022,"Red-eyed Vireo",7
2022,"Red-shouldered Hawk",1
2022,"Summer Tanager",2
2022,"Tufted Titmouse",8
2022,"Turkey Vulture",1
2022,"White-breasted Nuthatch",2
2022,"Acadian Flycatcher",3
2022,"American Crow",21
2022,"American Goldfinch",4
2022,"Blue Grosbeak",2
2022,"Blue Jay",3
2022,"Blue-gray Gnatcatcher",9
2022,"Brown Thrasher",1
2022,"Brown-headed Cowbird",6
2022,"Brown-headed Nuthatch",1
2022,"Carolina Chickadee",5
2022,"Carolina Wren",10
2022,"Chipping Sparrow",10
2022,"Downy Woodpecker",4
2022,"Eastern Bluebird",10
2022,"Eastern Meadowlark",2
2022,"Eastern Towhee",1
2022,"Eastern Wood-Pewee",2
2022,"Fish Crow",1
2022,"Great Crested Flycatcher",2
2022,"Hooded Warbler",1
2022,"Indigo Bunting",1
2022,"Mourning Dove",11
2022,"Northern Cardinal",26
2022,"Northern Mockingbird",2
2022,"Northern Parula",1
2022,"Ovenbird",5
2022,"Pileated Woodpecker",2
2022,"Pine Warbler",5
2022,"Red-bellied Woodpecker",7
2022,"Red-eyed Vireo",11
2022,"Red-shouldered Hawk",4
2022,"Summer Tanager",2
2022,"Tufted Titmouse",16
2022,"White-breasted Nuthatch",3
2022,"White-eyed Vireo",1
2022,"Wood Thrush",6
2022,"Yellow-billed Cuckoo",1
2022,"Yellow-throated Vireo",1
2022,"Yellow-throated Warbler",1
2022,"American Crow",20
2022,"American Goldfinch",4
2022,"American Robin",2
2022,"Barn Swallow",1
2022,"Blue-gray Gnatcatcher",6
2022,"Brown Thrasher",1
2022,"Brown-headed Cowbird",7
2022,"Carolina Chickadee",4
2022,"Carolina Wren",8
2022,"Chimney Swift",7
2022,"Chipping Sparrow",14
2022,"Downy Woodpecker",6
2022,"Eastern Bluebird",8
2022,"Eastern Meadowlark",2
2022,"Eastern Phoebe",1
2022,"Eastern Towhee",4
2022,"Eastern Wood-Pewee",2
2022,"Fish Crow",1
2022,"Gray Catbird",2
2022,"Great Crested Flycatcher",5
2022,"Indigo Bunting",3
2022,"Mourning Dove",11
2022,"Northern Cardinal",23
2022,"Northern Mockingbird",3
2022,"Northern Parula",1
2022,"Ovenbird",1
2022,"Pileated Woodpecker",1
2022,"Pine Warbler",7
2022,"Prairie Warbler",1
2022,"Red-bellied Woodpecker",7
2022,"Red-eyed Vireo",5
2022,"Red-shouldered Hawk",1
2022,"Red-winged Blackbird",1
2022,"Summer Tanager",1
2022,"Tufted Titmouse",13
2022,"White-breasted Nuthatch",2
2022,"Wood Thrush",2
2022,"Yellow-billed Cuckoo",1
2022,"American Crow",4
2022,"American Robin",11
2022,"Barn Swallow",3
2022,"Blue-gray Gnatcatcher",3
2022,"Brown Thrasher",1
2022,"Brown-headed Cowbird",1
2022,"Carolina Chickadee",5
2022,"Carolina Wren",16
2022,"Chimney Swift",7
2022,"Chipping Sparrow",18
2022,"Eastern Bluebird",7
2022,"Eastern Meadowlark",1
2022,"Eastern Phoebe",1
2022,"Eastern Towhee",6
2022,"European Starling",12
2022,"Gray Catbird",1
2022,"Great Crested Flycatcher",4
2022,"House Finch",6
2022,"Indigo Bunting",1
2022,"Mourning Dove",6
2022,"Northern Cardinal",38
2022,"Northern Mockingbird",8
2022,"Pine Warbler",6
2022,"Red-bellied Woodpecker",5
2022,"Red-eyed Vireo",2
2022,"Song Sparrow",1
2022,"Summer Tanager",13
2022,"Tufted Titmouse",11
2023,"Acadian Flycatcher",2
2023,"American Crow",13
2023,"American Goldfinch",5
2023,"American Robin",1
2023,"Blue Jay",2
2023,"Carolina Chickadee",2
2023,"Carolina Wren",8
2023,"Chipping Sparrow",10
2023,"Common Yellowthroat",1
2023,"Eastern Bluebird",1
2023,"Eastern Phoebe",1
2023,"Eastern Wood-Pewee",1
2023,"European Starling",6
2023,"Fish Crow",1
2023,"Great Crested Flycatcher",3
2023,"Hooded Warbler",5
2023,"Indigo Bunting",2
2023,"Mourning Dove",8
2023,"Northern Cardinal",25
2023,"Ovenbird",1
2023,"Pine Warbler",10
2023,"Red-bellied Woodpecker",3
2023,"Red-eyed Vireo",4
2023,"Red-shouldered Hawk",1
2023,"Summer Tanager",2
2023,"Tufted Titmouse",7
2023,"White-breasted Nuthatch",1
2023,"White-eyed Vireo",1
2023,"Wood Thrush",2
2023,"Yellow-throated Vireo",1
2023,"Yellow-throated Warbler",6
2023,"Acadian Flycatcher",1
2023,"American Crow",16
2023,"American Goldfinch",5
2023,"American Robin",1
2023,"Barn Swallow",3
2023,"Blue Jay",2
2023,"Blue-gray Gnatcatcher",7
2023,"Brown-headed Cowbird",1
2023,"Brown-headed Nuthatch",5
2023,"Carolina Chickadee",4
2023,"Carolina Wren",17
2023,"Chipping Sparrow",12
2023,"Downy Woodpecker",2
2023,"Eastern Bluebird",2
2023,"Eastern Towhee",2
2023,"Eastern Wood-Pewee",2
2023,"Great Crested Flycatcher",1
2023,"Hooded Warbler",1
2023,"House Finch",2
2023,"Indigo Bunting",3
2023,"Mourning Dove",1
2023,"Northern Cardinal",16
2023,"Northern Mockingbird",1
2023,"Northern Parula",1
2023,"Ovenbird",2
2023,"Pileated Woodpecker",1
2023,"Pine Warbler",11
2023,"Prairie Warbler",2
2023,"Red-bellied Woodpecker",2
2023,"Red-eyed Vireo",2
2023,"Red-winged Blackbird",12
2023,"Scarlet Tanager",1
2023,"Song Sparrow",1
2023,"Summer Tanager",3
2023,"Tufted Titmouse",4
2023,"White-eyed Vireo",1
2023,"Yellow-throated Warbler",1
2023,"Acadian Flycatcher",1
2023,"American Crow",6
2023,"American Goldfinch",3
2023,"American Robin",4
2023,"Barn Swallow",1
2023,"Blue Grosbeak",2
2023,"Blue Jay",1
2023,"Blue-gray Gnatcatcher",1
2023,"Brown-headed Cowbird",3
2023,"Carolina Wren",11
2023,"Chimney Swift",1
2023,"Chipping Sparrow",8
2023,"Common Grackle",1
2023,"Common Yellowthroat",1
2023,"Eastern Bluebird",13
2023,"Eastern Meadowlark",3
2023,"Eastern Phoebe",1
2023,"Eastern Towhee",3
2023,"Eastern Wood-Pewee",1
2023,"European Starling",21
2023,"Great Crested Flycatcher",1
2023,"Indigo Bunting",5
2023,"Mourning Dove",9
2023,"Northern Cardinal",12
2023,"Northern Mockingbird",5
2023,"Orchard Oriole",1
2023,"Ovenbird",2
2023,"Pine Warbler",7
2023,"Prairie Warbler",1
2023,"Red-bellied Woodpecker",1
2023,"Red-eyed Vireo",2
2023,"Summer Tanager",7
2023,"Tufted Titmouse",1
2023,"Turkey Vulture",4
2023,"White-eyed Vireo",1
2023,"Yellow-breasted Chat",6
2023,"Acadian Flycatcher",3
2023,"American Crow",14
2023,"American Goldfinch",4
2023,"American Robin",1
2023,"Barn Swallow",1
2023,"Blue Grosbeak",1
2023,"Blue Jay",1
2023,"Blue-gray Gnatcatcher",8
2023,"Brown Thrasher",2
2023,"Brown-headed Cowbird",3
2023,"Canada Goose",13
2023,"Carolina Chickadee",8
2023,"Carolina Wren",13
2023,"Chimney Swift",7
2023,"Chipping Sparrow",12
2023,"Common Grackle",10
2023,"Common Yellowthroat",2
2023,"Downy Woodpecker",1
2023,"Eastern Bluebird",6
2023,"Eastern Meadowlark",1
2023,"Eastern Phoebe",1
2023,"Eastern Towhee",1
2023,"Eastern Whip-poor-will",2
2023,"Eastern Wood-Pewee",4
2023,"European Starling",2
2023,"Fish Crow",1
2023,"Great Crested Flycatcher",3
2023,"House Sparrow",1
2023,"Indigo Bunting",7
2023,"Mourning Dove",6
2023,"Northern Cardinal",9
2023,"Northern Mockingbird",3
2023,"Northern Parula",1
2023,"Ovenbird",7
2023,"Pileated Woodpecker",1
2023,"Pine Warbler",3
2023,"Prairie Warbler",1
2023,"Red-bellied Woodpecker",1
2023,"Red-eyed Vireo",7
2023,"Summer Tanager",3
2023,"Tufted Titmouse",13
2023,"White-eyed Vireo",3
2023,"Wood Thrush",2
2023,"Yellow-breasted Chat",1
2023,"Yellow-throated Warbler",1
2023,"Acadian Flycatcher",1
2023,"American Crow",30
2023,"Barn Swallow",2
2023,"Blue Grosbeak",6
2023,"Blue Jay",11
2023,"Blue-gray Gnatcatcher",4
2023,"Brown Thrasher",1
2023,"Brown-headed Cowbird",5
2023,"Carolina Chickadee",6
2023,"Carolina Wren",26
2023,"Chipping Sparrow",8
2023,"Common Grackle",3
2023,"Common Yellowthroat",4
2023,"Downy Woodpecker",1
2023,"Eastern Bluebird",14
2023,"Eastern Kingbird",1
2023,"Eastern Meadowlark",8
2023,"Eastern Phoebe",1
2023,"Eastern Towhee",1
2023,"Eastern Wood-Pewee",8
2023,"Great Blue Heron",1
2023,"Great Crested Flycatcher",4
2023,"House Finch",5
2023,"Indigo Bunting",8
2023,"Mourning Dove",16
2023,"Northern Cardinal",28
2023,"Northern Mockingbird",15
2023,"Orchard Oriole",1
2023,"Ovenbird",3
2023,"Pileated Woodpecker",1
2023,"Pine Warbler",1
2023,"Prairie Warbler",1
2023,"Purple Martin",6
2023,"Red-bellied Woodpecker",13
2023,"Red-eyed Vireo",5
2023,"Red-winged Blackbird",9
2023,"Summer Tanager",4
2023,"Tufted Titmouse",14
2023,"White-breasted Nuthatch",3
2023,"White-eyed Vireo",2
2023,"Wood Thrush",3
2023,"Yellow-billed Cuckoo",3
2023,"Yellow-breasted Chat",3
2023,"Yellow-throated Vireo",1
2023,"Yellow-throated Warbler",1
2023,"Acadian Flycatcher",1
2023,"American Crow",32
2023,"American Goldfinch",4
2023,"American Robin",1
2023,"Blue Grosbeak",4
2023,"Blue Jay",3
2023,"Blue-gray Gnatcatcher",7
2023,"Brown Thrasher",1
2023,"Brown-headed Cowbird",2
2023,"Canada Goose",1
2023,"Carolina Chickadee",16
2023,"Carolina Wren",25
2023,"Chimney Swift",1
2023,"Chipping Sparrow",17
2023,"Common Yellowthroat",3
2023,"Downy Woodpecker",3
2023,"Eastern Bluebird",6
2023,"Eastern Kingbird",1
2023,"Eastern Meadowlark",6
2023,"Eastern Phoebe",5
2023,"Eastern Towhee",4
2023,"Eastern Wood-Pewee",6
2023,"Field Sparrow",1
2023,"Grasshopper Sparrow",3
2023,"Indigo Bunting",18
2023,"Mourning Dove",34
2023,"Northern Cardinal",18
2023,"Northern Mockingbird",4
2023,"Northern Parula",1
2023,"Orchard Oriole",2
2023,"Ovenbird",2
2023,"Pileated Woodpecker",2
2023,"Pine Warbler",6
2023,"Purple Martin",2
2023,"Red-bellied Woodpecker",9
2023,"Red-shouldered Hawk",4
2023,"Red-winged Blackbird",5
2023,"Summer Tanager",3
2023,"Tufted Titmouse",9
2023,"White-breasted Nuthatch",3
2023,"White-eyed Vireo",2
2023,"Yellow-billed Cuckoo",1
2023,"Yellow-breasted Chat",2
2023,"Yellow-throated Warbler",1
2023,"Acadian Flycatcher",8
2023,"American Crow",16
2023,"American Goldfinch",4
2023,"Barn Swallow",3
2023,"Blue Grosbeak",2
2023,"Blue Jay",4
2023,"Blue-gray Gnatcatcher",6
2023,"Carolina Chickadee",5
2023,"Carolina Wren",15
2023,"Chimney Swift",3
2023,"Chipping Sparrow",6
2023,"Common Grackle",2
2023,"Common Yellowthroat",5
2023,"Downy Woodpecker",4
2023,"Eastern Bluebird",9
2023,"Eastern Meadowlark",2
2023,"Eastern Phoebe",2
2023,"Eastern Towhee",1
2023,"Eastern Wood-Pewee",2
2023,"Grasshopper Sparrow",1
2023,"Great Crested Flycatcher",2
2023,"Hooded Warbler",6
2023,"House Finch",3
2023,"Indigo Bunting",13
2023,"Mourning Dove",20
2023,"Northern Bobwhite",2
2023,"Northern Cardinal",24
2023,"Northern Mockingbird",7
2023,"Northern Parula",1
2023,"Ovenbird",4
2023,"Pine Warbler",7
2023,"Prairie Warbler",2
2023,"Purple Martin",3
2023,"Red-bellied Woodpecker",13
2023,"Red-eyed Vireo",19
2023,"Red-shouldered Hawk",1
2023,"Summer Tanager",11
2023,"Tufted Titmouse",7
2023,"White-eyed Vireo",2
2023,"Wood Thrush",11
2023,"Yellow-billed Cuckoo",4
2023,"Yellow-breasted Chat",6
2023,"Yellow-throated Vireo",1
2023,"Yellow-throated Warbler",6
2023,"Acadian Flycatcher",2
2023,"American Crow",19
2023,"American Goldfinch",2
2023,"Blue Grosbeak",3
2023,"Blue Jay",5
2023,"Blue-gray Gnatcatcher",9
2023,"Brown-headed Cowbird",3
2023,"Carolina Chickadee",4
2023,"Carolina Wren",16
2023,"Chimney Swift",2
2023,"Chipping Sparrow",12
2023,"Common Yellowthroat",3
2023,"Eastern Bluebird",8
2023,"Eastern Kingbird",2
2023,"Eastern Meadowlark",4
2023,"Eastern Phoebe",5
2023,"Eastern Towhee",3
2023,"Eastern Whip-poor-will",2
2023,"Eastern Wood-Pewee",6
2023,"European Starling",3
2023,"Fish Crow",3
2023,"Grasshopper Sparrow",1
2023,"Great Crested Flycatcher",2
2023,"Indigo Bunting",9
2023,"Killdeer",4
2023,"Mourning Dove",14
2023,"Northern Cardinal",17
2023,"Northern Mockingbird",7
2023,"Northern Parula",2
2023,"Orchard Oriole",1
2023,"Ovenbird",7
2023,"Pileated Woodpecker",1
2023,"Pine Warbler",6
2023,"Prairie Warbler",1
2023,"Red-bellied Woodpecker",7
2023,"Red-eyed Vireo",15
2023,"Summer Tanager",2
2023,"Tufted Titmouse",17
2023,"Turkey Vulture",1
2023,"White-breasted Nuthatch",1
2023,"White-eyed Vireo",6
2023,"Wood Thrush",1
2023,"Yellow-breasted Chat",1
2023,"Yellow-throated Vireo",2
2023,"Yellow-throated Warbler",1
2023,"Acadian Flycatcher",2
2023,"American Crow",39
2023,"American Goldfinch",4
2023,"American Robin",7
2023,"Blue Grosbeak",2
2023,"Blue Jay",2
2023,"Blue-gray Gnatcatcher",16
2023,"Brown Thrasher",4
2023,"Brown-headed Cowbird",1
2023,"Brown-headed Nuthatch",6
2023,"Carolina Chickadee",5
2023,"Carolina Wren",14
2023,"Chimney Swift",4
2023,"Chipping Sparrow",12
2023,"Common Grackle",3
2023,"Downy Woodpecker",3
2023,"Eastern Bluebird",11
2023,"Eastern Towhee",3
2023,"Eastern Wood-Pewee",5
2023,"European Starling",1
2023,"Great Crested Flycatcher",8
2023,"Hooded Warbler",1
2023,"House Finch",1
2023,"Indigo Bunting",1
2023,"Mourning Dove",10
2023,"Northern Cardinal",22
2023,"Northern Mockingbird",6
2023,"Northern Parula",3
2023,"Ovenbird",7
2023,"Pileated Woodpecker",2
2023,"Pine Warbler",14
2023,"Prairie Warbler",1
2023,"Red-bellied Woodpecker",7
2023,"Red-eyed Vireo",4
2023,"Red-shouldered Hawk",1
2023,"Summer Tanager",9
2023,"Tufted Titmouse",10
2023,"Wood Thrush",2
2023,"Yellow-billed Cuckoo",2
2023,"Yellow-breasted Chat",4
2023,"Yellow-throated Warbler",4
2023,"Acadian Flycatcher",3
2023,"American Crow",24
2023,"American Goldfinch",2
2023,"Barn Swallow",1
2023,"Blue Grosbeak",3
2023,"Blue Jay",2
2023,"Blue-gray Gnatcatcher",8
2023,"Brown-headed Cowbird",7
2023,"Brown-headed Nuthatch",3
2023,"Carolina Chickadee",7
2023,"Carolina Wren",11
2023,"Chimney Swift",6
2023,"Chipping Sparrow",12
2023,"Common Grackle",1
2023,"Common Yellowthroat",2
2023,"Downy Woodpecker",3
2023,"Eastern Bluebird",9
2023,"Eastern Phoebe",2
2023,"Eastern Whip-poor-will",1
2023,"Eastern Wood-Pewee",1
2023,"European Starling",1
2023,"Great Crested Flycatcher",5
2023,"Hooded Warbler",4
2023,"House Finch",3
2023,"Indigo Bunting",4
2023,"Mourning Dove",8
2023,"Northern Cardinal",22
2023,"Northern Mockingbird",6
2023,"Northern Parula",2
2023,"Ovenbird",2
2023,"Pileated Woodpecker",1
2023,"Pine Warbler",11
2023,"Red-bellied Woodpecker",6
2023,"Red-eyed Vireo",10
2023,"Red-shouldered Hawk",1
2023,"Summer Tanager",4
2023,"Tufted Titmouse",11
2023,"Turkey Vulture",4
2023,"White-breasted Nuthatch",1
2023,"White-eyed Vireo",7
2023,"Wood Thrush",5
2023,"Yellow-breasted Chat",2
2023,"Yellow-throated Warbler",5
2023,"Acadian Flycatcher",5
2023,"American Crow",11
2023,"American Goldfinch",4
2023,"Blue Grosbeak",1
2023,"Blue-gray Gnatcatcher",14
2023,"Brown-headed Cowbird",3
2023,"Brown-headed Nuthatch",2
2023,"Carolina Chickadee",4
2023,"Carolina Wren",11
2023,"Chipping Sparrow",13
2023,"Common Yellowthroat",2
2023,"Downy Woodpecker",2
2023,"Eastern Bluebird",9
2023,"Eastern Kingbird",1
2023,"Eastern Phoebe",2
2023,"Eastern Towhee",2
2023,"Eastern Whip-poor-will",1
2023,"Eastern Wood-Pewee",2
2023,"Gray Catbird",1
2023,"Great Crested Flycatcher",4
2023,"Hooded Warbler",1
2023,"House Finch",5
2023,"Indigo Bunting",11
2023,"Mourning Dove",13
2023,"Northern Cardinal",18
2023,"Northern Mockingbird",1
2023,"Northern Parula",3
2023,"Ovenbird",4
2023,"Pine Warbler",5
2023,"Prairie Warbler",1
2023,"Red-bellied Woodpecker",6
2023,"Red-eyed Vireo",10
2023,"Scarlet Tanager",1
2023,"Summer Tanager",4
2023,"Tufted Titmouse",6
2023,"Turkey Vulture",3
2023,"White-breasted Nuthatch",1
2023,"White-eyed Vireo",6
2023,"Wood Thrush",3
2023,"Yellow-billed Cuckoo",1
2023,"Yellow-breasted Chat",1
2023,"Yellow-throated Vireo",2
2023,"Yellow-throated Warbler",5
2023,"Acadian Flycatcher",1
2023,"American Crow",21
2023,"American Goldfinch",4
2023,"American Robin",1
2023,"Barn Swallow",2
2023,"Blue Grosbeak",5
2023,"Blue Jay",2
2023,"Blue-gray Gnatcatcher",2
2023,"Brown-headed Cowbird",2
2023,"Carolina Chickadee",5
2023,"Carolina Wren",13
2023,"Chimney Swift",1
2023,"Chipping Sparrow",5
2023,"Common Grackle",3
2023,"Common Yellowthroat",1
2023,"Eastern Bluebird",13
2023,"Eastern Kingbird",4
2023,"Eastern Meadowlark",3
2023,"Eastern Phoebe",4
2023,"Eastern Towhee",3
2023,"Field Sparrow",1
2023,"Great Blue Heron",2
2023,"Great Crested Flycatcher",9
2023,"House Finch",4
2023,"Indigo Bunting",11
2023,"Killdeer",1
2023,"Mourning Dove",10
2023,"Northern Cardinal",23
2023,"Northern Mockingbird",14
2023,"Orchard Oriole",2
2023,"Ovenbird",2
2023,"Pine Warbler",1
2023,"Prairie Warbler",1
2023,"Red-bellied Woodpecker",5
2023,"Red-eyed Vireo",3
2023,"Red-shouldered Hawk",1
2023,"Red-winged Blackbird",4
2023,"Song Sparrow",1
2023,"Summer Tanager",1
2023,"Tufted Titmouse",5
2023,"White-breasted Nuthatch",1
2023,"Wood Thrush",1
2023,"Yellow-breasted Chat",1
2023,"American Crow",31
2023,"American Goldfinch",9
2023,"American Robin",9
2023,"Barn Swallow",2
2023,"Blue Grosbeak",6
2023,"Blue Jay",5
2023,"Brown Thrasher",2
2023,"Brown-headed Cowbird",1
2023,"Carolina Chickadee",2
2023,"Carolina Wren",22
2023,"Chimney Swift",13
2023,"Chipping Sparrow",15
2023,"Common Grackle",7
2023,"Common Yellowthroat",2
2023,"Eastern Bluebird",8
2023,"Eastern Kingbird",2
2023,"Eastern Meadowlark",1
2023,"Eastern Phoebe",2
2023,"Eastern Towhee",4
2023,"European Starling",31
2023,"Fish Crow",6
2023,"Gray Catbird",1
2023,"Great Crested Flycatcher",4
2023,"House Finch",10
2023,"Indigo Bunting",3
2023,"Killdeer",1
2023,"Mourning Dove",8
2023,"Northern Cardinal",30
2023,"Northern Mockingbird",12
2023,"Northern Parula",1
2023,"Ovenbird",1
2023,"Pine Warbler",3
2023,"Red-bellied Woodpecker",3
2023,"Red-eyed Vireo",8
2023,"Ruby-throated Hummingbird",1
2023,"Song Sparrow",3
2023,"Summer Tanager",1
2023,"Tufted Titmouse",3
2023,"Turkey Vulture",3
2023,"White-eyed Vireo",2
2023,"Wood Thrush",3
2023,"Yellow-breasted Chat",1
2023,"Yellow-throated Warbler",3
2023,"Acadian Flycatcher",2
2023,"American Crow",23
2023,"American Goldfinch",3
2023,"American Robin",1
2023,"Blue Grosbeak",1
2023,"Blue Jay",1
2023,"Blue-gray Gnatcatcher",19
2023,"Brown Thrasher",2
2023,"Brown-headed Cowbird",5
2023,"Brown-headed Nuthatch",5
2023,"Carolina Chickadee",10
2023,"Carolina Wren",18
2023,"Chipping Sparrow",14
2023,"Common Grackle",1
2023,"Downy Woodpecker",7
2023,"Eastern Bluebird",4
2023,"Eastern Phoebe",2
2023,"Eastern Towhee",6
2023,"Eastern Wood-Pewee",3
2023,"Fish Crow",6
2023,"Gray Catbird",1
2023,"Great Blue Heron",4
2023,"Great Crested Flycatcher",3
2023,"House Finch",6
2023,"Indigo Bunting",5
2023,"Mourning Dove",12
2023,"Northern Cardinal",15
2023,"Northern Mockingbird",6
2023,"Northern Parula",1
2023,"Ovenbird",1
2023,"Pine Warbler",8
2023,"Purple Martin",1
2023,"Red-bellied Woodpecker",8
2023,"Red-shouldered Hawk",1
2023,"Summer Tanager",6
2023,"Tufted Titmouse",13
2023,"White-breasted Nuthatch",4
2023,"White-eyed Vireo",2
2023,"Yellow-throated Warbler",1
2023,"Acadian Flycatcher",5
2023,"American Crow",29
2023,"American Goldfinch",2
2023,"Barn Swallow",1
2023,"Blue Grosbeak",5
2023,"Blue Jay",1
2023,"Blue-gray Gnatcatcher",10
2023,"Brown Thrasher",4
2023,"Brown-headed Cowbird",15
2023,"Canada Goose",13
2023,"Carolina Chickadee",6
2023,"Carolina Wren",18
2023,"Chimney Swift",2
2023,"Chipping Sparrow",18
2023,"Common Yellowthroat",3
2023,"Downy Woodpecker",2
2023,"Eastern Bluebird",6
2023,"Eastern Kingbird",1
2023,"Eastern Meadowlark",5
2023,"Eastern Phoebe",2
2023,"Eastern Wood-Pewee",3
2023,"European Starling",6
2023,"Field Sparrow",1
2023,"Fish Crow",2
2023,"Grasshopper Sparrow",2
2023,"Great Blue Heron",3
2023,"Great Crested Flycatcher",8
2023,"Hooded Warbler",1
2023,"House Finch",2
2023,"Indigo Bunting",14
2023,"Killdeer",1
2023,"Mourning Dove",22
2023,"Northern Cardinal",23
2023,"Northern Mockingbird",5
2023,"Northern Parula",2
2023,"Orchard Oriole",1
2023,"Ovenbird",3
2023,"Pine Warbler",4
2023,"Purple Martin",9
2023,"Red-bellied Woodpecker",5
2023,"Red-eyed Vireo",14
2023,"Red-shouldered Hawk",3
2023,"Red-winged Blackbird",3
2023,"Summer Tanager",6
2023,"Tufted Titmouse",16
2023,"Turkey Vulture",4
2023,"White-eyed Vireo",8
2023,"Wood Thrush",4
2023,"Yellow-breasted Chat",1
2023,"Yellow-throated Vireo",2
2023,"Yellow-throated Warbler",3
2023,"Acadian Flycatcher",6
2023,"American Crow",41
2023,"American Goldfinch",3
2023,"American Robin",7
2023,"Barn Swallow",2
2023,"Blue Grosbeak",2
2023,"Blue Jay",6
2023,"Blue-gray Gnatcatcher",13
2023,"Brown Thrasher",1
2023,"Brown-headed Cowbird",4
2023,"Brown-headed Nuthatch",4
2023,"Carolina Chickadee",11
2023,"Carolina Wren",14
2023,"Chipping Sparrow",22
2023,"Common Grackle",2
2023,"Common Yellowthroat",2
2023,"Downy Woodpecker",4
2023,"Eastern Bluebird",15
2023,"Eastern Meadowlark",3
2023,"Eastern Phoebe",2
2023,"Eastern Wood-Pewee",11
2023,"Great Crested Flycatcher",3
2023,"House Finch",4
2023,"Indigo Bunting",10
2023,"Killdeer",1
2023,"Mourning Dove",11
2023,"Northern Cardinal",27
2023,"Northern Mockingbird",6
2023,"Northern Parula",2
2023,"Ovenbird",1
2023,"Pileated Woodpecker",1
2023,"Pine Warbler",17
2023,"Red-bellied Woodpecker",9
2023,"Red-eyed Vireo",31
2023,"Red-shouldered Hawk",2
2023,"Ruby-throated Hummingbird",1
2023,"Summer Tanager",7
2023,"Tufted Titmouse",28
2023,"White-breasted Nuthatch",6
2023,"Wood Thrush",3
2023,"Yellow-breasted Chat",1
2023,"Yellow-throated Vireo",1
2023,"Yellow-throated Warbler",1
2023,"Acadian Flycatcher",2
2023,"American Crow",10
2023,"American Goldfinch",5
2023,"American Robin",13
2023,"Blue Jay",4
2023,"Brown Thrasher",2
2023,"Brown-headed Cowbird",5
2023,"Brown-headed Nuthatch",2
2023,"Carolina Chickadee",5
2023,"Carolina Wren",10
2023,"Chimney Swift",3
2023,"Chipping Sparrow",9
2023,"Common Grackle",4
2023,"Downy Woodpecker",2
2023,"Eastern Bluebird",2
2023,"Eastern Phoebe",1
2023,"Eastern Towhee",8
2023,"European Starling",1
2023,"Fish Crow",2
2023,"Gray Catbird",3
2023,"Great Crested Flycatcher",2
2023,"House Finch",6
2023,"House Sparrow",3
2023,"Indigo Bunting",1
2023,"Mourning Dove",5
2023,"Northern Cardinal",31
2023,"Pine Warbler",2
2023,"Red-bellied Woodpecker",4
2023,"Red-eyed Vireo",2
2023,"Red-winged Blackbird",19
2023,"Song Sparrow",10
2023,"Tufted Titmouse",10
2023,"Acadian Flycatcher",3
2023,"American Crow",17
2023,"American Goldfinch",4
2023,"American Robin",3
2023,"Blue Grosbeak",1
2023,"Blue-gray Gnatcatcher",18
2023,"Brown Thrasher",1
2023,"Brown-headed Cowbird",3
2023,"Carolina Chickadee",14
2023,"Carolina Wren",15
2023,"Chimney Swift",4
2023,"Chipping Sparrow",20
2023,"Downy Woodpecker",1
2023,"Eastern Bluebird",9
2023,"Eastern Meadowlark",1
2023,"Eastern Phoebe",2
2023,"Eastern Towhee",2
2023,"Eastern Wood-Pewee",4
2023,"European Starling",3
2023,"Fish Crow",6
2023,"Gray Catbird",1
2023,"Great Blue Heron",1
2023,"Great Crested Flycatcher",4
2023,"House Finch",1
2023,"Indigo Bunting",15
2023,"Mourning Dove",8
2023,"Northern Cardinal",14
2023,"Northern Mockingbird",3
2023,"Northern Parula",3
2023,"Pine Warbler",5
2023,"Red-bellied Woodpecker",3
2023,"Red-eyed Vireo",5
2023,"Summer Tanager",4
2023,"Tufted Titmouse",14
2023,"White-breasted Nuthatch",2
2023,"Wood Thrush",5
2023,"American Crow",9
2023,"American Goldfinch",1
2023,"American Robin",16
2023,"Blue Jay",3
2023,"Blue-gray Gnatcatcher",5
2023,"Brown Thrasher",1
2023,"Brown-headed Cowbird",2
2023,"Carolina Chickadee",3
2023,"Carolina Wren",14
2023,"Chimney Swift",3
2023,"Chipping Sparrow",13
2023,"Downy Woodpecker",2
2023,"Eastern Bluebird",9
2023,"Eastern Towhee",4
2023,"European Starling",1
2023,"Fish Crow",3
2023,"Gray Catbird",3
2023,"Great Blue Heron",1
2023,"Great Crested Flycatcher",2
2023,"House Finch",28
2023,"Mourning Dove",3
2023,"Northern Cardinal",22
2023,"Northern Mockingbird",1
2023,"Pine Warbler",5
2023,"Red-bellied Woodpecker",2
2023,"Red-eyed Vireo",2
2023,"Red-shouldered Hawk",4
2023,"Song Sparrow",3
2023,"Summer Tanager",1
2023,"Tufted Titmouse",7
2023,"White-breasted Nuthatch",1
2023,"Wood Thrush",1
2023,"American Crow",19
2023,"American Goldfinch",3
2023,"American Robin",9
2023,"Blue-gray Gnatcatcher",3
2023,"Brown Thrasher",2
2023,"Brown-headed Cowbird",5
2023,"Canada Goose",77
2023,"Carolina Chickadee",4
2023,"Carolina Wren",10
2023,"Chimney Swift",3
2023,"Chipping Sparrow",8
2023,"Downy Woodpecker",5
2023,"Eastern Bluebird",4
2023,"Eastern Phoebe",1
2023,"Eastern Towhee",10
2023,"European Starling",1
2023,"Great Crested Flycatcher",4
2023,"House Finch",7
2023,"House Sparrow",2
2023,"Indigo Bunting",1
2023,"Killdeer",5
2023,"Mourning Dove",5
2023,"Northern Cardinal",14
2023,"Northern Mockingbird",8
2023,"Northern Parula",1
2023,"Pine Warbler",3
2023,"Red-winged Blackbird",2
2023,"Tufted Titmouse",2
2023,"Acadian Flycatcher",1
2023,"American Crow",10
2023,"American Goldfinch",5
2023,"American Robin",8
2023,"Blue Grosbeak",9
2023,"Blue Jay",3
2023,"Blue-gray Gnatcatcher",11
2023,"Brown-headed Cowbird",7
2023,"Brown-headed Nuthatch",3
2023,"Carolina Chickadee",5
2023,"Carolina Wren",25
2023,"Chimney Swift",4
2023,"Chipping Sparrow",26
2023,"Downy Woodpecker",6
2023,"Eastern Bluebird",5
2023,"Eastern Kingbird",1
2023,"Eastern Phoebe",2
2023,"Eastern Towhee",7
2023,"Eastern Wood-Pewee",1
2023,"Great Crested Flycatcher",1
2023,"House Finch",7
2023,"House Sparrow",2
2023,"Indigo Bunting",7
2023,"Killdeer",1
2023,"Mourning Dove",10
2023,"Northern Cardinal",23
2023,"Northern Mockingbird",2
2023,"Northern Parula",4
2023,"Ovenbird",2
2023,"Pileated Woodpecker",2
2023,"Pine Warbler",3
2023,"Purple Martin",2
2023,"Red-bellied Woodpecker",2
2023,"Red-eyed Vireo",4
2023,"Red-shouldered Hawk",1
2023,"Red-winged Blackbird",2
2023,"Ruby-throated Hummingbird",2
2023,"Song Sparrow",1
2023,"Summer Tanager",3
2023,"Tufted Titmouse",9
2023,"White-eyed Vireo",1
2023,"Wood Thrush",2
2023,"Yellow-billed Cuckoo",1
2023,"American Crow",14
2023,"American Goldfinch",4
2023,"American Robin",8
2023,"Barn Swallow",1
2023,"Blue Grosbeak",4
2023,"Blue Jay",4
2023,"Blue-gray Gnatcatcher",5
2023,"Brown Thrasher",1
2023,"Brown-headed Cowbird",3
2023,"Brown-headed Nuthatch",3
2023,"Canada Goose",22
2023,"Carolina Chickadee",2
2023,"Carolina Wren",14
2023,"Chimney Swift",4
2023,"Chipping Sparrow",16
2023,"Common Grackle",1
2023,"Downy Woodpecker",1
2023,"Eastern Bluebird",8
2023,"Eastern Phoebe",1
2023,"Eastern Towhee",9
2023,"Fish Crow",4
2023,"Great Crested Flycatcher",5
2023,"House Finch",15
2023,"Indigo Bunting",5
2023,"Killdeer",2
2023,"Mourning Dove",13
2023,"Northern Cardinal",38
2023,"Northern Mockingbird",12
2023,"Orchard Oriole",1
2023,"Ovenbird",1
2023,"Pine Warbler",3
2023,"Red-bellied Woodpecker",6
2023,"Red-eyed Vireo",5
2023,"Red-shouldered Hawk",4
2023,"Summer Tanager",1
2023,"Tufted Titmouse",12
2023,"White-breasted Nuthatch",2
2023,"White-eyed Vireo",1
2023,"Yellow-throated Vireo",1
2023,"Acadian Flycatcher",1
2023,"American Crow",39
2023,"American Goldfinch",3
2023,"Barn Swallow",2
2023,"Blue Grosbeak",7
2023,"Blue Jay",1
2023,"Blue-gray Gnatcatcher",8
2023,"Brown-headed Cowbird",5
2023,"Canada Goose",4
2023,"Carolina Chickadee",4
2023,"Carolina Wren",10
2023,"Chimney Swift",4
2023,"Chipping Sparrow",11
2023,"Common Grackle",1
2023,"Common Yellowthroat",1
2023,"Downy Woodpecker",4
2023,"Eastern Bluebird",18
2023,"Eastern Meadowlark",10
2023,"Eastern Phoebe",5
2023,"Eastern Towhee",1
2023,"Eastern Wood-Pewee",6
2023,"European Starling",11
2023,"Field Sparrow",4
2023,"Grasshopper Sparrow",5
2023,"Great Blue Heron",2
2023,"Great Crested Flycatcher",2
2023,"House Finch",2
2023,"Indigo Bunting",15
2023,"Mourning Dove",18
2023,"Northern Cardinal",9
2023,"Northern Mockingbird",8
2023,"Red-bellied Woodpecker",4
2023,"Red-eyed Vireo",6
2023,"Red-shouldered Hawk",2
2023,"Red-winged Blackbird",3
2023,"Summer Tanager",1
2023,"Tufted Titmouse",12
2023,"White-breasted Nuthatch",1
2023,"Yellow-breasted Chat",3
2023,"Yellow-throated Warbler",1
2023,"Acadian Flycatcher",2
2023,"American Crow",17
2023,"Blue Jay",3
2023,"Brown Thrasher",1
2023,"Brown-headed Cowbird",1
2023,"Brown-headed Nuthatch",1
2023,"Carolina Chickadee",1
2023,"Carolina Wren",12
2023,"Chipping Sparrow",3
2023,"Eastern Bluebird",5
2023,"Eastern Phoebe",1
2023,"Eastern Wood-Pewee",1
2023,"European Starling",1
2023,"Indigo Bunting",2
2023,"Mourning Dove",9
2023,"Northern Cardinal",7
2023,"Northern Mockingbird",3
2023,"Orchard Oriole",1
2023,"Pine Warbler",1
2023,"Red-bellied Woodpecker",3
2023,"Red-eyed Vireo",6
2023,"Summer Tanager",1
2023,"Tufted Titmouse",7
2023,"White-eyed Vireo",2
2023,"Wood Thrush",2
2023,"American Crow",37
2023,"American Goldfinch",5
2023,"American Robin",1
2023,"Blue Grosbeak",3
2023,"Blue Jay",3
2023,"Blue-gray Gnatcatcher",4
2023,"Brown Thrasher",1
2023,"Brown-headed Nuthatch",1
2023,"Carolina Chickadee",4
2023,"Carolina Wren",19
2023,"Chimney Swift",3
2023,"Chipping Sparrow",15
2023,"Downy Woodpecker",1
2023,"Eastern Bluebird",11
2023,"Eastern Meadowlark",2
2023,"Eastern Phoebe",4
2023,"Eastern Towhee",4
2023,"Eastern Wood-Pewee",2
2023,"European Starling",6
2023,"Gray Catbird",2
2023,"Great Crested Flycatcher",1
2023,"Hooded Warbler",1
2023,"House Sparrow",2
2023,"Indigo Bunting",8
2023,"Mourning Dove",9
2023,"Northern Cardinal",19
2023,"Northern Mockingbird",6
2023,"Ovenbird",2
2023,"Pileated Woodpecker",1
2023,"Pine Warbler",2
2023,"Red-bellied Woodpecker",7
2023,"Red-eyed Vireo",8
2023,"Red-shouldered Hawk",2
2023,"Tufted Titmouse",9
2023,"White-eyed Vireo",1
2023,"Wood Thrush",3
2023,"Yellow-billed Cuckoo",1
2023,"Acadian Flycatcher",4
2023,"American Crow",18
2023,"American Goldfinch",1
2023,"American Robin",1
2023,"Blue Grosbeak",1
2023,"Blue Jay",7
2023,"Blue-gray Gnatcatcher",8
2023,"Brown-headed Cowbird",3
2023,"Brown-headed Nuthatch",3
2023,"Canada Goose",2
2023,"Carolina Chickadee",13
2023,"Carolina Wren",9
2023,"Chimney Swift",4
2023,"Chipping Sparrow",8
2023,"Common Grackle",2
2023,"Downy Woodpecker",2
2023,"Eastern Bluebird",5
2023,"Eastern Phoebe",2
2023,"Eastern Towhee",3
2023,"Eastern Wood-Pewee",1
2023,"Fish Crow",3
2023,"Gray Catbird",2
2023,"Great Crested Flycatcher",4
2023,"House Finch",7
2023,"Indigo Bunting",1
2023,"Mourning Dove",6
2023,"Northern Cardinal",27
2023,"Northern Mockingbird",5
2023,"Northern Parula",3
2023,"Pine Warbler",8
2023,"Red-bellied Woodpecker",7
2023,"Red-eyed Vireo",6
2023,"Red-shouldered Hawk",2
2023,"Summer Tanager",2
2023,"Tufted Titmouse",18
2023,"White-breasted Nuthatch",4
2023,"White-eyed Vireo",3
2023,"Yellow-throated Warbler",2
2023,"Acadian Flycatcher",2
2023,"American Crow",33
2023,"American Goldfinch",1
2023,"American Robin",1
2023,"Barn Swallow",12
2023,"Blue Grosbeak",7
2023,"Blue Jay",3
2023,"Blue-gray Gnatcatcher",2
2023,"Brown Thrasher",7
2023,"Brown-headed Cowbird",5
2023,"Canada Goose",2
2023,"Carolina Chickadee",7
2023,"Carolina Wren",19
2023,"Chimney Swift",1
2023,"Chipping Sparrow",21
2023,"Common Grackle",13
2023,"Common Yellowthroat",3
2023,"Downy Woodpecker",1
2023,"Eastern Bluebird",15
2023,"Eastern Kingbird",1
2023,"Eastern Meadowlark",3
2023,"Eastern Phoebe",2
2023,"Eastern Towhee",2
2023,"Eastern Wood-Pewee",2
2023,"European Starling",6
2023,"Field Sparrow",2
2023,"Fish Crow",3
2023,"Great Crested Flycatcher",2
2023,"House Finch",3
2023,"Indigo Bunting",10
2023,"Killdeer",3
2023,"Mourning Dove",49
2023,"Northern Cardinal",22
2023,"Northern Mockingbird",16
2023,"Orchard Oriole",5
2023,"Ovenbird",2
2023,"Pileated Woodpecker",1
2023,"Pine Warbler",8
2023,"Prairie Warbler",1
2023,"Red-bellied Woodpecker",10
2023,"Red-eyed Vireo",8
2023,"Red-shouldered Hawk",1
2023,"Red-winged Blackbird",4
2023,"Scarlet Tanager",2
2023,"Summer Tanager",2
2023,"Tufted Titmouse",12
2023,"Turkey Vulture",1
2023,"White-breasted Nuthatch",3
2023,"White-eyed Vireo",1
2023,"Wood Thrush",1
2023,"Yellow-billed Cuckoo",1
2023,"Yellow-breasted Chat",1
2023,"Yellow-throated Warbler",1
2023,"American Crow",13
2023,"American Goldfinch",4
2023,"American Robin",8
2023,"Barn Swallow",1
2023,"Blue Grosbeak",3
2023,"Blue Jay",4
2023,"Blue-gray Gnatcatcher",2
2023,"Brown Thrasher",1
2023,"Brown-headed Cowbird",2
2023,"Brown-headed Nuthatch",7
2023,"Carolina Chickadee",7
2023,"Carolina Wren",20
2023,"Chipping Sparrow",13
2023,"Eastern Bluebird",4
2023,"Eastern Meadowlark",1
2023,"Eastern Phoebe",2
2023,"Eastern Towhee",4
2023,"European Starling",4
2023,"Gray Catbird",3
2023,"House Finch",9
2023,"Indigo Bunting",2
2023,"Mourning Dove",2
2023,"Northern Cardinal",27
2023,"Northern Mockingbird",2
2023,"Ovenbird",1
2023,"Pine Warbler",6
2023,"Red-bellied Woodpecker",2
2023,"Red-eyed Vireo",3
2023,"Ruby-throated Hummingbird",1
2023,"Song Sparrow",3
2023,"Tufted Titmouse",13
2023,"Turkey Vulture",4
2023,"White-breasted Nuthatch",2
2023,"Yellow-throated Warbler",1
2023,"Acadian Flycatcher",4
2023,"American Crow",23
2023,"American Goldfinch",1
2023,"American Robin",2
2023,"Barn Swallow",1
2023,"Blue Grosbeak",11
2023,"Blue-gray Gnatcatcher",10
2023,"Brown Thrasher",2
2023,"Brown-headed Cowbird",2
2023,"Carolina Chickadee",2
2023,"Carolina Wren",18
2023,"Chimney Swift",2
2023,"Chipping Sparrow",15
2023,"Common Grackle",1
2023,"Common Yellowthroat",3
2023,"Downy Woodpecker",2
2023,"Eastern Bluebird",12
2023,"Eastern Meadowlark",2
2023,"Eastern Phoebe",2
2023,"Eastern Towhee",3
2023,"Eastern Wood-Pewee",3
2023,"Field Sparrow",3
2023,"Fish Crow",4
2023,"Grasshopper Sparrow",2
2023,"Gray Catbird",1
2023,"Great Blue Heron",1
2023,"Great Crested Flycatcher",3
2023,"House Finch",3
2023,"Indigo Bunting",13
2023,"Mourning Dove",25
2023,"Northern Bobwhite",1
2023,"Northern Cardinal",29
2023,"Northern Mockingbird",3
2023,"Northern Parula",2
2023,"Orchard Oriole",3
2023,"Ovenbird",3
2023,"Pine Warbler",5
2023,"Prairie Warbler",2
2023,"Red-bellied Woodpecker",6
2023,"Red-eyed Vireo",13
2023,"Red-shouldered Hawk",1
2023,"Red-winged Blackbird",1
2023,"Song Sparrow",1
2023,"Summer Tanager",3
2023,"Tufted Titmouse",11
2023,"White-breasted Nuthatch",1
2023,"White-eyed Vireo",6
2023,"Wood Thrush",1
2023,"Yellow-billed Cuckoo",2
2023,"Yellow-breasted Chat",6
2023,"Yellow-throated Warbler",1
2023,"Acadian Flycatcher",1
2023,"American Crow",16
2023,"American Goldfinch",1
2023,"Blue Grosbeak",3
2023,"Brown-headed Cowbird",1
2023,"Carolina Chickadee",1
2023,"Carolina Wren",12
2023,"Chipping Sparrow",3
2023,"Common Yellowthroat",1
2023,"Eastern Bluebird",6
2023,"Eastern Phoebe",1
2023,"Eastern Wood-Pewee",2
2023,"Great Crested Flycatcher",1
2023,"Indigo Bunting",1
2023,"Mourning Dove",2
2023,"Northern Cardinal",5
2023,"Northern Mockingbird",1
2023,"Pine Warbler",1
2023,"Red-bellied Woodpecker",3
2023,"Red-eyed Vireo",6
2023,"Summer Tanager",1
2023,"Tufted Titmouse",4
2023,"White-breasted Nuthatch",2
2023,"Wood Thrush",1
2023,"Acadian Flycatcher",8
2023,"American Crow",15
2023,"Blue Jay",4
2023,"Blue-gray Gnatcatcher",9
2023,"Brown Thrasher",1
2023,"Brown-headed Cowbird",4
2023,"Carolina Chickadee",7
2023,"Carolina Wren",17
2023,"Chipping Sparrow",12
2023,"Common Grackle",1
2023,"Downy Woodpecker",3
2023,"Eastern Bluebird",5
2023,"Eastern Phoebe",1
2023,"Eastern Towhee",1
2023,"Eastern Wood-Pewee",1
2023,"Fish Crow",1
2023,"Great Crested Flycatcher",4
2023,"Indigo Bunting",1
2023,"Mourning Dove",6
2023,"Northern Cardinal",20
2023,"Northern Mockingbird",3
2023,"Northern Parula",1
2023,"Ovenbird",4
2023,"Pileated Woodpecker",1
2023,"Pine Warbler",6
2023,"Red-bellied Woodpecker",4
2023,"Red-eyed Vireo",7
2023,"Summer Tanager",1
2023,"Tufted Titmouse",18
2023,"White-breasted Nuthatch",1
2023,"Wood Thrush",2
2023,"Yellow-throated Vireo",1
2023,"Yellow-throated Warbler",1
2023,"American Crow",29
2023,"American Goldfinch",4
2023,"American Robin",1
2023,"Barn Swallow",1
2023,"Blue Grosbeak",3
2023,"Blue-gray Gnatcatcher",10
2023,"Brown-headed Cowbird",2
2023,"Brown-headed Nuthatch",3
2023,"Carolina Chickadee",9
2023,"Carolina Wren",23
2023,"Chimney Swift",1
2023,"Chipping Sparrow",19
2023,"Common Yellowthroat",1
2023,"Downy Woodpecker",5
2023,"Eastern Bluebird",10
2023,"Eastern Meadowlark",4
2023,"Eastern Phoebe",2
2023,"Eastern Towhee",2
2023,"European Starling",11
2023,"Fish Crow",3
2023,"Great Crested Flycatcher",2
2023,"Hooded Warbler",1
2023,"House Finch",4
2023,"Indigo Bunting",5
2023,"Mourning Dove",15
2023,"Northern Cardinal",30
2023,"Northern Mockingbird",7
2023,"Northern Parula",1
2023,"Pine Warbler",3
2023,"Red-bellied Woodpecker",8
2023,"Red-eyed Vireo",7
2023,"Red-shouldered Hawk",2
2023,"Red-winged Blackbird",2
2023,"Summer Tanager",2
2023,"Tufted Titmouse",8
2023,"White-breasted Nuthatch",2
2023,"White-eyed Vireo",1
2023,"Yellow-throated Vireo",1
2023,"Yellow-throated Warbler",2
2023,"Acadian Flycatcher",1
2023,"American Crow",32
2023,"American Goldfinch",4
2023,"American Robin",3
2023,"Barn Swallow",1
2023,"Blue Jay",8
2023,"Blue-gray Gnatcatcher",14
2023,"Brown Thrasher",1
2023,"Brown-headed Cowbird",6
2023,"Brown-headed Nuthatch",5
2023,"Carolina Chickadee",15
2023,"Carolina Wren",14
2023,"Chimney Swift",5
2023,"Chipping Sparrow",20
2023,"Common Grackle",3
2023,"Downy Woodpecker",2
2023,"Eastern Bluebird",13
2023,"Eastern Kingbird",1
2023,"Eastern Meadowlark",2
2023,"Eastern Phoebe",3
2023,"Eastern Towhee",7
2023,"Eastern Wood-Pewee",7
2023,"European Starling",2
2023,"Great Blue Heron",1
2023,"Great Crested Flycatcher",6
2023,"Hooded Warbler",1
2023,"House Finch",1
2023,"Indigo Bunting",5
2023,"Killdeer",5
2023,"Mourning Dove",13
2023,"Northern Cardinal",21
2023,"Northern Mockingbird",6
2023,"Ovenbird",3
2023,"Pine Warbler",9
2023,"Prairie Warbler",2
2023,"Red-bellied Woodpecker",7
2023,"Red-eyed Vireo",7
2023,"Red-shouldered Hawk",5
2023,"Red-winged Blackbird",1
2023,"Ruby-throated Hummingbird",1
2023,"Tufted Titmouse",17
2023,"White-breasted Nuthatch",6
2023,"White-eyed Vireo",4
2023,"Yellow-billed Cuckoo",2
2023,"Yellow-throated Vireo",1
2023,"Yellow-throated Warbler",3
2023,"American Crow",2
2023,"Barn Swallow",5
2023,"Blue Jay",2
2023,"Brown Thrasher",1
2023,"Carolina Chickadee",7
2023,"Carolina Wren",20
2023,"Chimney Swift",1
2023,"Chipping Sparrow",9
2023,"Downy Woodpecker",2
2023,"Eastern Bluebird",4
2023,"Eastern Meadowlark",2
2023,"Eastern Phoebe",1
2023,"Eastern Towhee",7
2023,"Fish Crow",3
2023,"Gray Catbird",4
2023,"Great Blue Heron",1
2023,"Great Crested Flycatcher",2
2023,"House Finch",8
2023,"Indigo Bunting",1
2023,"Mourning Dove",4
2023,"Northern Cardinal",28
2023,"Northern Mockingbird",2
2023,"Pine Warbler",4
2023,"Red-bellied Woodpecker",6
2023,"Red-eyed Vireo",1
2023,"Song Sparrow",1
2023,"Summer Tanager",4
2023,"Tufted Titmouse",21
2024,"Acadian Flycatcher",3
2024,"American Crow",14
2024,"American Goldfinch",4
2024,"American Robin",1
2024,"Blue Grosbeak",1
2024,"Blue Jay",1
2024,"Blue-gray Gnatcatcher",5
2024,"Brown Thrasher",2
2024,"Brown-headed Cowbird",1
2024,"Brown-headed Nuthatch",1
2024,"Carolina Chickadee",7
2024,"Carolina Wren",9
2024,"Chipping Sparrow",11
2024,"Common Yellowthroat",1
2024,"Downy Woodpecker",7
2024,"Eastern Bluebird",3
2024,"Eastern Towhee",2
2024,"Eastern Wood-Pewee",1
2024,"Fish Crow",5
2024,"Great Crested Flycatcher",1
2024,"Hooded Warbler",4
2024,"Indigo Bunting",3
2024,"Mourning Dove",6
2024,"Northern Cardinal",22
2024,"Northern Mockingbird",1
2024,"Ovenbird",1
2024,"Pileated Woodpecker",2
2024,"Pine Warbler",8
2024,"Red-bellied Woodpecker",7
2024,"Red-eyed Vireo",7
2024,"Red-shouldered Hawk",2
2024,"Summer Tanager",4
2024,"Tufted Titmouse",16
2024,"Turkey Vulture",9
2024,"White-breasted Nuthatch",2
2024,"White-eyed Vireo",1
2024,"Wood Thrush",4
2024,"Yellow-billed Cuckoo",3
2024,"Yellow-throated Warbler",3
2024,"American Crow",14
2024,"American Goldfinch",3
2024,"Barn Swallow",10
2024,"Blue Grosbeak",4
2024,"Blue Jay",2
2024,"Blue-gray Gnatcatcher",8
2024,"Brown Thrasher",3
2024,"Brown-headed Cowbird",7
2024,"Brown-headed Nuthatch",3
2024,"Carolina Chickadee",3
2024,"Carolina Wren",12
2024,"Chimney Swift",4
2024,"Chipping Sparrow",8
2024,"Common Grackle",7
2024,"Common Yellowthroat",1
2024,"Downy Woodpecker",2
2024,"Eastern Bluebird",2
2024,"Eastern Phoebe",1
2024,"Eastern Towhee",3
2024,"Eastern Wood-Pewee",3
2024,"Fish Crow",1
2024,"Great Blue Heron",4
2024,"Great Crested Flycatcher",3
2024,"Hooded Warbler",4
2024,"Indigo Bunting",4
2024,"Mourning Dove",7
2024,"Northern Cardinal",15
2024,"Northern Mockingbird",1
2024,"Ovenbird",2
2024,"Pine Warbler",10
2024,"Prairie Warbler",1
2024,"Red-bellied Woodpecker",2
2024,"Red-eyed Vireo",7
2024,"Red-shouldered Hawk",1
2024,"Summer Tanager",4
2024,"Tufted Titmouse",21
2024,"White-breasted Nuthatch",2
2024,"White-eyed Vireo",1
2024,"Yellow-billed Cuckoo",1
2024,"Yellow-breasted Chat",2
2024,"American Crow",1
2024,"American Robin",4
2024,"Barn Swallow",4
2024,"Blue Grosbeak",5
2024,"Blue Jay",3
2024,"Blue-gray Gnatcatcher",3
2024,"Brown-headed Cowbird",4
2024,"Canada Goose",25
2024,"Carolina Wren",9
2024,"Chipping Sparrow",6
2024,"Eastern Bluebird",9
2024,"Eastern Meadowlark",1
2024,"Eastern Phoebe",3
2024,"Eastern Towhee",1
2024,"Eastern Wood-Pewee",3
2024,"European Starling",12
2024,"Fish Crow",1
2024,"Great Crested Flycatcher",1
2024,"Indigo Bunting",4
2024,"Killdeer",2
2024,"Mourning Dove",7
2024,"Northern Bobwhite",2
2024,"Northern Cardinal",7
2024,"Northern Mockingbird",6
2024,"Orchard Oriole",1
2024,"Ovenbird",3
2024,"Pine Warbler",10
2024,"Purple Martin",1
2024,"Red-bellied Woodpecker",2
2024,"Red-eyed Vireo",5
2024,"Summer Tanager",3
2024,"Tufted Titmouse",5
2024,"Turkey Vulture",2
2024,"White-eyed Vireo",2
2024,"Yellow-billed Cuckoo",1
2024,"Yellow-breasted Chat",1
2024,"Acadian Flycatcher",3
2024,"American Crow",13
2024,"American Goldfinch",2
2024,"American Robin",1
2024,"Barn Swallow",1
2024,"Blue Grosbeak",4
2024,"Blue Jay",3
2024,"Blue-gray Gnatcatcher",10
2024,"Brown Thrasher",1
2024,"Brown-headed Cowbird",2
2024,"Brown-headed Nuthatch",5
2024,"Carolina Chickadee",7
2024,"Carolina Wren",14
2024,"Chimney Swift",2
2024,"Chipping Sparrow",4
2024,"Downy Woodpecker",3
2024,"Eastern Bluebird",5
2024,"Eastern Kingbird",1
2024,"Eastern Meadowlark",2
2024,"Eastern Phoebe",3
2024,"Eastern Towhee",3
2024,"Eastern Whip-poor-will",3
2024,"Eastern Wood-Pewee",1
2024,"European Starling",1
2024,"Fish Crow",1
2024,"Great Crested Flycatcher",1
2024,"Hooded Warbler",1
2024,"Indigo Bunting",1
2024,"Mourning Dove",9
2024,"Northern Cardinal",13
2024,"Northern Mockingbird",2
2024,"Northern Parula",2
2024,"Ovenbird",4
2024,"Pine Warbler",8
2024,"Purple Martin",2
2024,"Red-bellied Woodpecker",1
2024,"Red-eyed Vireo",7
2024,"Red-shouldered Hawk",2
2024,"Summer Tanager",2
2024,"Tufted Titmouse",10
2024,"White-eyed Vireo",6
2024,"Yellow-billed Cuckoo",1
2024,"Yellow-throated Warbler",4
2024,"Acadian Flycatcher",1
2024,"American Crow",33
2024,"American Goldfinch",3
2024,"American Robin",1
2024,"Barn Swallow",4
2024,"Blue Grosbeak",9
2024,"Blue Jay",1
2024,"Blue-gray Gnatcatcher",2
2024,"Brown Thrasher",1
2024,"Brown-headed Cowbird",3
2024,"Canada Goose",1
2024,"Carolina Wren",24
2024,"Chipping Sparrow",10
2024,"Common Grackle",5
2024,"Common Yellowthroat",2
2024,"Eastern Bluebird",16
2024,"Eastern Kingbird",4
2024,"Eastern Meadowlark",9
2024,"Eastern Phoebe",3
2024,"Eastern Towhee",3
2024,"Eastern Wood-Pewee",10
2024,"Field Sparrow",1
2024,"Fish Crow",3
2024,"Great Crested Flycatcher",2
2024,"Indigo Bunting",7
2024,"Killdeer",5
2024,"Mourning Dove",8
2024,"Northern Cardinal",28
2024,"Northern Mockingbird",8
2024,"Orchard Oriole",2
2024,"Ovenbird",3
2024,"Pine Warbler",2
2024,"Purple Martin",4
2024,"Red-bellied Woodpecker",4
2024,"Red-eyed Vireo",3
2024,"Red-shouldered Hawk",1
2024,"Red-winged Blackbird",6
2024,"Summer Tanager",10
2024,"Tufted Titmouse",12
2024,"Turkey Vulture",1
2024,"White-eyed Vireo",4
2024,"Wood Thrush",2
2024,"Yellow-billed Cuckoo",4
2024,"Yellow-breasted Chat",1
2024,"American Crow",30
2024,"American Goldfinch",2
2024,"American Robin",1
2024,"Barn Swallow",1
2024,"Blue Grosbeak",6
2024,"Blue Jay",3
2024,"Blue-gray Gnatcatcher",12
2024,"Brown-headed Cowbird",1
2024,"Canada Goose",2
2024,"Carolina Chickadee",4
2024,"Carolina Wren",24
2024,"Chimney Swift",2
2024,"Chipping Sparrow",12
2024,"Common Grackle",2
2024,"Common Yellowthroat",3
2024,"Downy Woodpecker",1
2024,"Eastern Bluebird",7
2024,"Eastern Kingbird",2
2024,"Eastern Meadowlark",3
2024,"Eastern Phoebe",4
2024,"Eastern Towhee",2
2024,"Eastern Wood-Pewee",1
2024,"European Starling",1
2024,"Field Sparrow",1
2024,"Grasshopper Sparrow",3
2024,"Great Crested Flycatcher",6
2024,"House Finch",1
2024,"Indigo Bunting",19
2024,"Mourning Dove",29
2024,"Northern Cardinal",28
2024,"Northern Mockingbird",4
2024,"Ovenbird",1
2024,"Pine Warbler",3
2024,"Purple Martin",2
2024,"Red-bellied Woodpecker",6
2024,"Red-eyed Vireo",3
2024,"Red-winged Blackbird",4
2024,"Summer Tanager",6
2024,"Tufted Titmouse",13
2024,"White-breasted Nuthatch",2
2024,"White-eyed Vireo",4
2024,"Wood Thrush",2
2024,"Yellow-breasted Chat",3
2024,"Acadian Flycatcher",8
2024,"American Crow",17
2024,"American Goldfinch",12
2024,"Barn Swallow",17
2024,"Blue Grosbeak",3
2024,"Blue Jay",4
2024,"Blue-gray Gnatcatcher",4
2024,"Brown Thrasher",1
2024,"Brown-headed Cowbird",1
2024,"Carolina Chickadee",5
2024,"Carolina Wren",18
2024,"Chimney Swift",1
2024,"Chipping Sparrow",5
2024,"Common Grackle",1
2024,"Common Yellowthroat",3
2024,"Downy Woodpecker",5
2024,"Eastern Bluebird",1
2024,"Eastern Meadowlark",4
2024,"Eastern Phoebe",1
2024,"Eastern Towhee",5
2024,"Eastern Wood-Pewee",10
2024,"Grasshopper Sparrow",1
2024,"Great Crested Flycatcher",3
2024,"Hooded Warbler",6
2024,"House Finch",1
2024,"Indigo Bunting",14
2024,"Mourning Dove",23
2024,"Northern Bobwhite",1
2024,"Northern Cardinal",32
2024,"Northern Mockingbird",11
2024,"Northern Parula",2
2024,"Ovenbird",3
2024,"Pine Warbler",6
2024,"Prairie Warbler",1
2024,"Purple Martin",2
2024,"Red-bellied Woodpecker",7
2024,"Red-eyed Vireo",24
2024,"Red-shouldered Hawk",3
2024,"Summer Tanager",5
2024,"Tufted Titmouse",8
2024,"White-breasted Nuthatch",2
2024,"White-eyed Vireo",4
2024,"Wood Thrush",14
2024,"Yellow-billed Cuckoo",10
2024,"Yellow-breasted Chat",9
2024,"Yellow-throated Vireo",2
2024,"Yellow-throated Warbler",4
2024,"Acadian Flycatcher",5
2024,"American Crow",28
2024,"American Goldfinch",9
2024,"Barn Swallow",5
2024,"Blue Grosbeak",3
2024,"Blue Jay",4
2024,"Blue-gray Gnatcatcher",6
2024,"Brown-headed Cowbird",3
2024,"Brown-headed Nuthatch",2
2024,"Carolina Chickadee",3
2024,"Carolina Wren",21
2024,"Chimney Swift",7
2024,"Chipping Sparrow",9
2024,"Common Grackle",3
2024,"Downy Woodpecker",1
2024,"Eastern Bluebird",14
2024,"Eastern Kingbird",5
2024,"Eastern Meadowlark",5
2024,"Eastern Phoebe",6
2024,"Eastern Whip-poor-will",2
2024,"Eastern Wood-Pewee",5
2024,"Fish Crow",1
2024,"Grasshopper Sparrow",2
2024,"Great Crested Flycatcher",5
2024,"Hooded Warbler",2
2024,"Indigo Bunting",3
2024,"Killdeer",6
2024,"Mourning Dove",31
2024,"Northern Cardinal",15
2024,"Northern Mockingbird",10
2024,"Northern Parula",2
2024,"Orchard Oriole",1
2024,"Ovenbird",11
2024,"Pileated Woodpecker",1
2024,"Pine Warbler",13
2024,"Prairie Warbler",1
2024,"Purple Martin",3
2024,"Red-bellied Woodpecker",5
2024,"Red-eyed Vireo",10
2024,"Red-shouldered Hawk",3
2024,"Summer Tanager",7
2024,"Tufted Titmouse",27
2024,"Turkey Vulture",5
2024,"White-breasted Nuthatch",5
2024,"White-eyed Vireo",4
2024,"Wood Thrush",3
2024,"Yellow-billed Cuckoo",4
2024,"Yellow-throated Vireo",1
2024,"Yellow-throated Warbler",3
2024,"Acadian Flycatcher",6
2024,"American Crow",17
2024,"American Goldfinch",10
2024,"American Robin",6
2024,"Blue Jay",4
2024,"Blue-gray Gnatcatcher",16
2024,"Brown Thrasher",4
2024,"Brown-headed Nuthatch",3
2024,"Carolina Chickadee",8
2024,"Carolina Wren",25
2024,"Chipping Sparrow",15
2024,"Common Grackle",2
2024,"Common Yellowthroat",1
2024,"Downy Woodpecker",7
2024,"Eastern Bluebird",8
2024,"Eastern Phoebe",1
2024,"Eastern Towhee",2
2024,"Eastern Wood-Pewee",5
2024,"Fish Crow",1
2024,"Great Crested Flycatcher",3
2024,"Hooded Warbler",4
2024,"House Finch",2
2024,"Indigo Bunting",1
2024,"Mourning Dove",5
2024,"Northern Bobwhite",1
2024,"Northern Cardinal",23
2024,"Northern Mockingbird",4
2024,"Northern Parula",2
2024,"Ovenbird",2
2024,"Pileated Woodpecker",1
2024,"Pine Warbler",11
2024,"Red-bellied Woodpecker",5
2024,"Red-eyed Vireo",8
2024,"Red-shouldered Hawk",1
2024,"Summer Tanager",4
2024,"Tufted Titmouse",13
2024,"White-breasted Nuthatch",4
2024,"White-eyed Vireo",2
2024,"Wood Thrush",10
2024,"Yellow-billed Cuckoo",1
2024,"Yellow-breasted Chat",2
2024,"Yellow-throated Vireo",2
2024,"Yellow-throated Warbler",1
2024,"Acadian Flycatcher",2
2024,"American Crow",39
2024,"American Goldfinch",3
2024,"American Robin",8
2024,"Barn Swallow",2
2024,"Blue Grosbeak",4
2024,"Blue Jay",10
2024,"Blue-gray Gnatcatcher",7
2024,"Brown Thrasher",1
2024,"Brown-headed Cowbird",2
2024,"Brown-headed Nuthatch",6
2024,"Carolina Chickadee",6
2024,"Carolina Wren",17
2024,"Chimney Swift",3
2024,"Chipping Sparrow",11
2024,"Common Grackle",7
2024,"Common Yellowthroat",2
2024,"Downy Woodpecker",6
2024,"Eastern Bluebird",3
2024,"Eastern Kingbird",1
2024,"Eastern Phoebe",4
2024,"Eastern Towhee",2
2024,"Eastern Wood-Pewee",2
2024,"European Starling",2
2024,"Fish Crow",5
2024,"Great Crested Flycatcher",5
2024,"Hooded Warbler",1
2024,"House Finch",7
2024,"House Sparrow",1
2024,"Indigo Bunting",3
2024,"Mourning Dove",12
2024,"Northern Cardinal",27
2024,"Northern Mockingbird",8
2024,"Northern Parula",5
2024,"Ovenbird",7
2024,"Pileated Woodpecker",1
2024,"Pine Warbler",5
2024,"Red-bellied Woodpecker",14
2024,"Red-eyed Vireo",16
2024,"Red-shouldered Hawk",2
2024,"Scarlet Tanager",1
2024,"Summer Tanager",5
2024,"Tufted Titmouse",10
2024,"White-breasted Nuthatch",3
2024,"White-eyed Vireo",7
2024,"Yellow-billed Cuckoo",2
2024,"Yellow-breasted Chat",1
2024,"Yellow-throated Vireo",2
2024,"Yellow-throated Warbler",14
2024,"Acadian Flycatcher",5
2024,"American Crow",23
2024,"American Goldfinch",5
2024,"Blue Grosbeak",3
2024,"Blue Jay",1
2024,"Blue-gray Gnatcatcher",21
2024,"Brown Thrasher",2
2024,"Brown-headed Cowbird",3
2024,"Brown-headed Nuthatch",1
2024,"Carolina Chickadee",6
2024,"Carolina Wren",8
2024,"Chipping Sparrow",13
2024,"Common Yellowthroat",1
2024,"Downy Woodpecker",3
2024,"Eastern Bluebird",6
2024,"Eastern Kingbird",4
2024,"Eastern Meadowlark",1
2024,"Eastern Phoebe",2
2024,"Eastern Wood-Pewee",6
2024,"Fish Crow",2
2024,"Great Crested Flycatcher",3
2024,"Hooded Warbler",1
2024,"House Finch",4
2024,"Indigo Bunting",7
2024,"Mourning Dove",24
2024,"Northern Cardinal",19
2024,"Northern Mockingbird",7
2024,"Northern Parula",6
2024,"Ovenbird",1
2024,"Pileated Woodpecker",1
2024,"Pine Warbler",5
2024,"Prairie Warbler",3
2024,"Purple Martin",1
2024,"Red-bellied Woodpecker",14
2024,"Red-eyed Vireo",9
2024,"Ruby-throated Hummingbird",1
2024,"Summer Tanager",4
2024,"Tufted Titmouse",14
2024,"White-breasted Nuthatch",2
2024,"White-eyed Vireo",3
2024,"Wood Thrush",5
2024,"Yellow-billed Cuckoo",6
2024,"Yellow-breasted Chat",1
2024,"Yellow-throated Vireo",1
2024,"Yellow-throated Warbler",5
2024,"Acadian Flycatcher",1
2024,"American Crow",22
2024,"American Goldfinch",1
2024,"American Robin",2
2024,"Barn Swallow",8
2024,"Blue Grosbeak",6
2024,"Blue Jay",5
2024,"Blue-gray Gnatcatcher",6
2024,"Brown Thrasher",1
2024,"Brown-headed Cowbird",4
2024,"Carolina Chickadee",4
2024,"Carolina Wren",16
2024,"Chimney Swift",2
2024,"Chipping Sparrow",8
2024,"Common Grackle",2
2024,"Common Yellowthroat",1
2024,"Downy Woodpecker",3
2024,"Eastern Bluebird",14
2024,"Eastern Meadowlark",5
2024,"Eastern Phoebe",6
2024,"Eastern Towhee",8
2024,"Eastern Wood-Pewee",5
2024,"European Starling",6
2024,"Field Sparrow",3
2024,"Great Blue Heron",3
2024,"Great Crested Flycatcher",4
2024,"House Finch",8
2024,"House Sparrow",2
2024,"Indigo Bunting",9
2024,"Killdeer",1
2024,"Mourning Dove",8
2024,"Northern Cardinal",21
2024,"Northern Mockingbird",13
2024,"Orchard Oriole",2
2024,"Ovenbird",4
2024,"Pileated Woodpecker",1
2024,"Pine Warbler",1
2024,"Prairie Warbler",1
2024,"Red-bellied Woodpecker",7
2024,"Red-eyed Vireo",4
2024,"Red-shouldered Hawk",2
2024,"Red-winged Blackbird",8
2024,"Summer Tanager",4
2024,"Tufted Titmouse",10
2024,"Wood Thrush",3
2024,"Yellow-breasted Chat",1
2024,"Yellow-throated Vireo",1
2024,"American Crow",24
2024,"American Goldfinch",1
2024,"American Robin",8
2024,"Barn Swallow",2
2024,"Blue Grosbeak",5
2024,"Blue Jay",6
2024,"Blue-gray Gnatcatcher",4
2024,"Brown Thrasher",1
2024,"Brown-headed Cowbird",1
2024,"Brown-headed Nuthatch",1
2024,"Carolina Wren",21
2024,"Chimney Swift",8
2024,"Chipping Sparrow",13
2024,"Common Grackle",7
2024,"Common Yellowthroat",2
2024,"Downy Woodpecker",1
2024,"Eastern Bluebird",11
2024,"Eastern Kingbird",2
2024,"Eastern Meadowlark",3
2024,"Eastern Phoebe",1
2024,"Eastern Towhee",2
2024,"Eastern Wood-Pewee",2
2024,"European Starling",4
2024,"Fish Crow",8
2024,"Great Crested Flycatcher",4
2024,"House Finch",6
2024,"House Sparrow",6
2024,"Indigo Bunting",7
2024,"Mourning Dove",10
2024,"Northern Cardinal",21
2024,"Northern Mockingbird",12
2024,"Ovenbird",4
2024,"Pine Warbler",8
2024,"Red-bellied Woodpecker",3
2024,"Red-eyed Vireo",4
2024,"Red-shouldered Hawk",2
2024,"Song Sparrow",3
2024,"Summer Tanager",1
2024,"Tufted Titmouse",4
2024,"White-breasted Nuthatch",1
2024,"Wood Thrush",3
2024,"Yellow-breasted Chat",1
2024,"Yellow-throated Warbler",2
2024,"American Crow",12
2024,"American Goldfinch",4
2024,"American Robin",1
2024,"Blue Grosbeak",3
2024,"Blue Jay",2
2024,"Blue-gray Gnatcatcher",6
2024,"Brown Thrasher",2
2024,"Brown-headed Cowbird",4
2024,"Brown-headed Nuthatch",4
2024,"Carolina Chickadee",5
2024,"Carolina Wren",18
2024,"Chimney Swift",2
2024,"Chipping Sparrow",12
2024,"Common Grackle",4
2024,"Downy Woodpecker",6
2024,"Eastern Bluebird",4
2024,"Eastern Kingbird",1
2024,"Eastern Phoebe",1
2024,"Eastern Towhee",3
2024,"Eastern Wood-Pewee",4
2024,"Fish Crow",4
2024,"Great Blue Heron",1
2024,"Great Crested Flycatcher",1
2024,"Hooded Warbler",1
2024,"House Finch",8
2024,"Mourning Dove",15
2024,"Northern Cardinal",16
2024,"Northern Mockingbird",3
2024,"Northern Parula",2
2024,"Ovenbird",4
2024,"Pileated Woodpecker",3
2024,"Pine Warbler",8
2024,"Purple Martin",1
2024,"Red-bellied Woodpecker",8
2024,"Red-eyed Vireo",1
2024,"Red-shouldered Hawk",2
2024,"Summer Tanager",5
2024,"Tufted Titmouse",10
2024,"White-breasted Nuthatch",1
2024,"White-eyed Vireo",1
2024,"Yellow-billed Cuckoo",5
2024,"Yellow-throated Vireo",1
2024,"Acadian Flycatcher",1
2024,"American Crow",21
2024,"American Goldfinch",12
2024,"Blue Grosbeak",6
2024,"Blue Jay",4
2024,"Blue-gray Gnatcatcher",10
2024,"Brown Thrasher",4
2024,"Brown-headed Cowbird",8
2024,"Canada Goose",5
2024,"Carolina Chickadee",4
2024,"Carolina Wren",23
2024,"Chipping Sparrow",15
2024,"Common Grackle",1
2024,"Common Yellowthroat",4
2024,"Downy Woodpecker",2
2024,"Eastern Bluebird",13
2024,"Eastern Kingbird",4
2024,"Eastern Meadowlark",6
2024,"Eastern Phoebe",2
2024,"Eastern Towhee",3
2024,"Eastern Wood-Pewee",3
2024,"European Starling",6
2024,"Field Sparrow",3
2024,"Grasshopper Sparrow",1
2024,"Great Blue Heron",1
2024,"Great Crested Flycatcher",3
2024,"House Finch",1
2024,"Indigo Bunting",16
2024,"Mourning Dove",18
2024,"Northern Cardinal",18
2024,"Northern Mockingbird",11
2024,"Northern Parula",5
2024,"Ovenbird",2
2024,"Pine Warbler",5
2024,"Prairie Warbler",3
2024,"Purple Martin",7
2024,"Red-bellied Woodpecker",3
2024,"Red-eyed Vireo",13
2024,"Red-shouldered Hawk",1
2024,"Red-winged Blackbird",4
2024,"Scarlet Tanager",2
2024,"Summer Tanager",3
2024,"Tufted Titmouse",9
2024,"White-eyed Vireo",4
2024,"Wood Thrush",2
2024,"Yellow-billed Cuckoo",2
2024,"Yellow-breasted Chat",3
2024,"Yellow-throated Vireo",1
2024,"Yellow-throated Warbler",3
2024,"Acadian Flycatcher",3
2024,"American Crow",55
2024,"American Goldfinch",6
2024,"American Robin",2
2024,"Blue Grosbeak",3
2024,"Blue Jay",8
2024,"Blue-gray Gnatcatcher",16
2024,"Brown Thrasher",1
2024,"Brown-headed Cowbird",2
2024,"Brown-headed Nuthatch",2
2024,"Carolina Chickadee",14
2024,"Carolina Wren",24
2024,"Chipping Sparrow",26
2024,"Common Yellowthroat",2
2024,"Downy Woodpecker",4
2024,"Eastern Bluebird",23
2024,"Eastern Meadowlark",1
2024,"Eastern Phoebe",2
2024,"Eastern Towhee",1
2024,"Eastern Wood-Pewee",5
2024,"European Starling",10
2024,"Fish Crow",3
2024,"Great Blue Heron",1
2024,"Great Crested Flycatcher",4
2024,"House Finch",4
2024,"House Sparrow",1
2024,"Indigo Bunting",6
2024,"Killdeer",1
2024,"Mourning Dove",7
2024,"Northern Cardinal",26
2024,"Northern Mockingbird",6
2024,"Northern Parula",4
2024,"Ovenbird",1
2024,"Pileated Woodpecker",1
2024,"Pine Warbler",20
2024,"Red-bellied Woodpecker",10
2024,"Red-eyed Vireo",24
2024,"Summer Tanager",4
2024,"Tufted Titmouse",17
2024,"White-breasted Nuthatch",2
2024,"White-eyed Vireo",1
2024,"Wood Thrush",3
2024,"Yellow-billed Cuckoo",8
2024,"Yellow-breasted Chat",2
2024,"Yellow-throated Warbler",1
2024,"Acadian Flycatcher",1
2024,"American Crow",11
2024,"American Goldfinch",1
2024,"American Robin",16
2024,"Blue Grosbeak",2
2024,"Blue Jay",6
2024,"Blue-gray Gnatcatcher",3
2024,"Brown-headed Cowbird",3
2024,"Brown-headed Nuthatch",3
2024,"Carolina Chickadee",12
2024,"Carolina Wren",6
2024,"Chimney Swift",5
2024,"Chipping Sparrow",6
2024,"Downy Woodpecker",1
2024,"Eastern Bluebird",4
2024,"Eastern Phoebe",1
2024,"Eastern Towhee",4
2024,"Eastern Wood-Pewee",1
2024,"Fish Crow",6
2024,"Gray Catbird",6
2024,"Great Crested Flycatcher",2
2024,"House Finch",15
2024,"Mourning Dove",6
2024,"Northern Cardinal",24
2024,"Northern Mockingbird",5
2024,"Pine Warbler",4
2024,"Red-bellied Woodpecker",2
2024,"Red-eyed Vireo",5
2024,"Red-shouldered Hawk",1
2024,"Song Sparrow",8
2024,"Summer Tanager",1
2024,"Tufted Titmouse",11
2024,"White-breasted Nuthatch",1
2024,"Yellow-billed Cuckoo",1
2024,"Acadian Flycatcher",2
2024,"American Crow",2
2024,"American Goldfinch",3
2024,"American Robin",3
2024,"Blue Grosbeak",4
2024,"Blue-gray Gnatcatcher",11
2024,"Brown-headed Nuthatch",2
2024,"Canada Goose",7
2024,"Carolina Chickadee",9
2024,"Carolina Wren",14
2024,"Chimney Swift",3
2024,"Chipping Sparrow",5
2024,"Downy Woodpecker",6
2024,"Eastern Bluebird",4
2024,"Eastern Phoebe",1
2024,"Eastern Towhee",1
2024,"Eastern Wood-Pewee",6
2024,"House Finch",11
2024,"Indigo Bunting",6
2024,"Mourning Dove",11
2024,"Northern Cardinal",17
2024,"Northern Mockingbird",2
2024,"Northern Parula",5
2024,"Pileated Woodpecker",1
2024,"Pine Warbler",3
2024,"Red-bellied Woodpecker",2
2024,"Red-eyed Vireo",3
2024,"Red-shouldered Hawk",4
2024,"Ruby-throated Hummingbird",1
2024,"Song Sparrow",1
2024,"Summer Tanager",6
2024,"Tufted Titmouse",19
2024,"White-breasted Nuthatch",4
2024,"White-eyed Vireo",2
2024,"Wood Thrush",3
2024,"American Crow",19
2024,"American Goldfinch",2
2024,"American Robin",17
2024,"Blue Grosbeak",2
2024,"Blue Jay",1
2024,"Blue-gray Gnatcatcher",3
2024,"Brown-headed Cowbird",2
2024,"Carolina Chickadee",2
2024,"Carolina Wren",10
2024,"Chimney Swift",1
2024,"Chipping Sparrow",8
2024,"Common Grackle",1
2024,"Downy Woodpecker",4
2024,"Eastern Bluebird",9
2024,"Eastern Towhee",6
2024,"European Starling",6
2024,"Fish Crow",2
2024,"Gray Catbird",2
2024,"House Finch",8
2024,"Killdeer",1
2024,"Mourning Dove",6
2024,"Northern Cardinal",26
2024,"Northern Mockingbird",4
2024,"Pine Warbler",6
2024,"Red-bellied Woodpecker",6
2024,"Red-eyed Vireo",2
2024,"Red-shouldered Hawk",1
2024,"Song Sparrow",2
2024,"Summer Tanager",1
2024,"Tufted Titmouse",9
2024,"White-breasted Nuthatch",5
2024,"White-eyed Vireo",1
2024,"American Crow",6
2024,"American Robin",22
2024,"Blue Jay",1
2024,"Blue-gray Gnatcatcher",2
2024,"Brown Thrasher",3
2024,"Brown-headed Cowbird",5
2024,"Canada Goose",27
2024,"Carolina Chickadee",1
2024,"Carolina Wren",14
2024,"Chimney Swift",10
2024,"Chipping Sparrow",4
2024,"Downy Woodpecker",4
2024,"Eastern Bluebird",4
2024,"Eastern Phoebe",4
2024,"Eastern Towhee",4
2024,"European Starling",2
2024,"Great Crested Flycatcher",3
2024,"House Finch",17
2024,"Mourning Dove",4
2024,"Northern Cardinal",16
2024,"Northern Mockingbird",12
2024,"Pine Warbler",5
2024,"Red-bellied Woodpecker",6
2024,"Red-eyed Vireo",1
2024,"Song Sparrow",2
2024,"Tufted Titmouse",6
2024,"White-breasted Nuthatch",1
2024,"Acadian Flycatcher",1
2024,"American Crow",15
2024,"American Goldfinch",10
2024,"American Robin",1
2024,"Blue Grosbeak",2
2024,"Blue Jay",2
2024,"Blue-gray Gnatcatcher",12
2024,"Brown Thrasher",2
2024,"Brown-headed Cowbird",4
2024,"Brown-headed Nuthatch",5
2024,"Carolina Chickadee",7
2024,"Carolina Wren",24
2024,"Chipping Sparrow",11
2024,"Downy Woodpecker",3
2024,"Eastern Bluebird",4
2024,"Eastern Towhee",5
2024,"Eastern Wood-Pewee",4
2024,"European Starling",4
2024,"Fish Crow",1
2024,"Indigo Bunting",5
2024,"Mourning Dove",11
2024,"Northern Cardinal",22
2024,"Northern Mockingbird",9
2024,"Orchard Oriole",1
2024,"Ovenbird",1
2024,"Pine Warbler",5
2024,"Red-bellied Woodpecker",3
2024,"Red-eyed Vireo",4
2024,"Red-shouldered Hawk",1
2024,"Tufted Titmouse",4
2024,"White-eyed Vireo",1
2024,"Wood Thrush",1
2024,"Yellow-billed Cuckoo",1
2024,"Yellow-breasted Chat",1
2024,"Acadian Flycatcher",1
2024,"American Crow",24
2024,"American Goldfinch",4
2024,"American Robin",22
2024,"Barn Swallow",1
2024,"Blue Grosbeak",5
2024,"Blue Jay",2
2024,"Blue-gray Gnatcatcher",8
2024,"Brown Thrasher",4
2024,"Brown-headed Cowbird",3
2024,"Brown-headed Nuthatch",1
2024,"Canada Goose",8
2024,"Carolina Chickadee",1
2024,"Carolina Wren",12
2024,"Chimney Swift",4
2024,"Chipping Sparrow",15
2024,"Common Grackle",5
2024,"Downy Woodpecker",1
2024,"Eastern Bluebird",9
2024,"Eastern Phoebe",5
2024,"Eastern Towhee",4
2024,"Eastern Wood-Pewee",1
2024,"Fish Crow",5
2024,"Great Blue Heron",1
2024,"Great Crested Flycatcher",4
2024,"House Finch",4
2024,"Indigo Bunting",3
2024,"Mourning Dove",17
2024,"Northern Cardinal",20
2024,"Northern Mockingbird",5
2024,"Northern Parula",1
2024,"Ovenbird",1
2024,"Pileated Woodpecker",3
2024,"Pine Warbler",6
2024,"Red-bellied Woodpecker",7
2024,"Red-eyed Vireo",10
2024,"Red-shouldered Hawk",5
2024,"Summer Tanager",1
2024,"Tufted Titmouse",14
2024,"White-breasted Nuthatch",2
2024,"White-eyed Vireo",2
2024,"Yellow-billed Cuckoo",3
2024,"Acadian Flycatcher",1
2024,"American Crow",18
2024,"American Goldfinch",4
2024,"Blue Grosbeak",6
2024,"Blue Jay",4
2024,"Blue-gray Gnatcatcher",9
2024,"Brown-headed Cowbird",8
2024,"Carolina Chickadee",1
2024,"Carolina Wren",17
2024,"Chimney Swift",5
2024,"Chipping Sparrow",9
2024,"Common Grackle",11
2024,"Common Yellowthroat",3
2024,"Downy Woodpecker",1
2024,"Eastern Bluebird",15
2024,"Eastern Kingbird",1
2024,"Eastern Meadowlark",13
2024,"Eastern Phoebe",5
2024,"Eastern Wood-Pewee",4
2024,"European Starling",1
2024,"Field Sparrow",2
2024,"Fish Crow",4
2024,"Grasshopper Sparrow",8
2024,"Great Crested Flycatcher",3
2024,"House Finch",2
2024,"Indigo Bunting",18
2024,"Killdeer",1
2024,"Mourning Dove",23
2024,"Northern Cardinal",11
2024,"Northern Mockingbird",9
2024,"Northern Parula",1
2024,"Orchard Oriole",4
2024,"Ovenbird",1
2024,"Prairie Warbler",1
2024,"Red-bellied Woodpecker",6
2024,"Red-eyed Vireo",5
2024,"Summer Tanager",3
2024,"Tufted Titmouse",14
2024,"White-eyed Vireo",3
2024,"Yellow-billed Cuckoo",4
2024,"Yellow-breasted Chat",1
2024,"Acadian Flycatcher",4
2024,"American Crow",23
2024,"American Goldfinch",5
2024,"Blue Grosbeak",8
2024,"Blue-gray Gnatcatcher",12
2024,"Brown-headed Cowbird",1
2024,"Carolina Chickadee",4
2024,"Carolina Wren",21
2024,"Chimney Swift",1
2024,"Chipping Sparrow",13
2024,"Common Grackle",4
2024,"Common Yellowthroat",1
2024,"Eastern Bluebird",10
2024,"Eastern Meadowlark",4
2024,"Eastern Phoebe",2
2024,"Eastern Wood-Pewee",5
2024,"Great Crested Flycatcher",3
2024,"Indigo Bunting",12
2024,"Mourning Dove",14
2024,"Northern Cardinal",16
2024,"Northern Mockingbird",4
2024,"Northern Parula",4
2024,"Ovenbird",2
2024,"Pileated Woodpecker",2
2024,"Pine Warbler",5
2024,"Red-bellied Woodpecker",3
2024,"Red-eyed Vireo",4
2024,"Red-shouldered Hawk",1
2024,"Red-winged Blackbird",1
2024,"Summer Tanager",3
2024,"Tufted Titmouse",9
2024,"Turkey Vulture",1
2024,"White-breasted Nuthatch",3
2024,"White-eyed Vireo",2
2024,"Yellow-billed Cuckoo",3
2024,"Yellow-throated Vireo",2
2024,"Yellow-throated Warbler",3
2024,"Acadian Flycatcher",1
2024,"American Crow",33
2024,"American Robin",1
2024,"Blue Grosbeak",1
2024,"Blue Jay",6
2024,"Blue-gray Gnatcatcher",6
2024,"Brown Thrasher",1
2024,"Brown-headed Nuthatch",1
2024,"Carolina Chickadee",6
2024,"Carolina Wren",21
2024,"Chimney Swift",1
2024,"Chipping Sparrow",11
2024,"Common Grackle",1
2024,"Common Yellowthroat",1
2024,"Downy Woodpecker",1
2024,"Eastern Bluebird",10
2024,"Eastern Meadowlark",3
2024,"Eastern Phoebe",3
2024,"Eastern Towhee",4
2024,"Eastern Wood-Pewee",3
2024,"European Starling",3
2024,"Field Sparrow",1
2024,"Fish Crow",1
2024,"Grasshopper Sparrow",1
2024,"Gray Catbird",1
2024,"Hooded Warbler",2
2024,"House Finch",2
2024,"Indigo Bunting",6
2024,"Mourning Dove",8
2024,"Northern Cardinal",19
2024,"Northern Mockingbird",12
2024,"Northern Parula",1
2024,"Ovenbird",1
2024,"Pine Warbler",1
2024,"Red-bellied Woodpecker",6
2024,"Red-eyed Vireo",7
2024,"Red-shouldered Hawk",1
2024,"Song Sparrow",1
2024,"Summer Tanager",1
2024,"Tufted Titmouse",7
2024,"White-eyed Vireo",1
2024,"Wood Thrush",4
2024,"Yellow-billed Cuckoo",3
2024,"Acadian Flycatcher",2
2024,"American Crow",25
2024,"American Goldfinch",3
2024,"Blue Jay",3
2024,"Blue-gray Gnatcatcher",10
2024,"Brown Thrasher",3
2024,"Brown-headed Cowbird",3
2024,"Brown-headed Nuthatch",4
2024,"Canada Goose",5
2024,"Carolina Chickadee",6
2024,"Carolina Wren",23
2024,"Chimney Swift",9
2024,"Chipping Sparrow",9
2024,"Common Grackle",2
2024,"Downy Woodpecker",3
2024,"Eastern Bluebird",10
2024,"Eastern Phoebe",1
2024,"Eastern Towhee",3
2024,"Eastern Wood-Pewee",2
2024,"European Starling",2
2024,"Fish Crow",1
2024,"Hooded Warbler",1
2024,"House Finch",1
2024,"Indigo Bunting",4
2024,"Mourning Dove",7
2024,"Northern Cardinal",38
2024,"Northern Mockingbird",4
2024,"Northern Parula",3
2024,"Pileated Woodpecker",2
2024,"Pine Warbler",6
2024,"Red-bellied Woodpecker",8
2024,"Red-eyed Vireo",10
2024,"Red-shouldered Hawk",3
2024,"Scarlet Tanager",1
2024,"Summer Tanager",3
2024,"Tufted Titmouse",9
2024,"White-breasted Nuthatch",6
2024,"Wood Thrush",1
2024,"Yellow-billed Cuckoo",2
2024,"Yellow-breasted Chat",1
2024,"Yellow-throated Vireo",1
2024,"Acadian Flycatcher",2
2024,"American Crow",29
2024,"American Goldfinch",3
2024,"American Robin",1
2024,"Barn Swallow",13
2024,"Blue Grosbeak",9
2024,"Blue Jay",9
2024,"Blue-gray Gnatcatcher",7
2024,"Brown Thrasher",3
2024,"Brown-headed Cowbird",2
2024,"Brown-headed Nuthatch",1
2024,"Canada Goose",3
2024,"Carolina Chickadee",6
2024,"Carolina Wren",25
2024,"Chimney Swift",1
2024,"Chipping Sparrow",12
2024,"Common Grackle",13
2024,"Common Yellowthroat",3
2024,"Downy Woodpecker",4
2024,"Eastern Bluebird",7
2024,"Eastern Kingbird",3
2024,"Eastern Meadowlark",5
2024,"Eastern Phoebe",5
2024,"Eastern Towhee",1
2024,"Eastern Wood-Pewee",4
2024,"European Starling",2
2024,"Field Sparrow",2
2024,"Great Crested Flycatcher",1
2024,"House Finch",6
2024,"Indigo Bunting",11
2024,"Mourning Dove",51
2024,"Northern Cardinal",19
2024,"Northern Mockingbird",10
2024,"Northern Parula",1
2024,"Ovenbird",2
2024,"Pileated Woodpecker",1
2024,"Pine Warbler",8
2024,"Red-bellied Woodpecker",11
2024,"Red-eyed Vireo",8
2024,"Red-shouldered Hawk",4
2024,"Red-winged Blackbird",4
2024,"Scarlet Tanager",1
2024,"Summer Tanager",2
2024,"Tufted Titmouse",14
2024,"Turkey Vulture",1
2024,"White-breasted Nuthatch",4
2024,"White-eyed Vireo",1
2024,"Wood Thrush",3
2024,"Yellow-billed Cuckoo",9
2024,"Yellow-breasted Chat",2
2024,"Yellow-throated Vireo",1
2024,"Yellow-throated Warbler",2
2024,"American Crow",13
2024,"American Goldfinch",2
2024,"American Robin",9
2024,"Barn Swallow",2
2024,"Blue Grosbeak",1
2024,"Blue-gray Gnatcatcher",6
2024,"Brown Thrasher",2
2024,"Brown-headed Cowbird",4
2024,"Brown-headed Nuthatch",6
2024,"Carolina Chickadee",10
2024,"Carolina Wren",15
2024,"Chimney Swift",2
2024,"Chipping Sparrow",12
2024,"Common Yellowthroat",1
2024,"Downy Woodpecker",6
2024,"Eastern Bluebird",2
2024,"Eastern Phoebe",2
2024,"Eastern Towhee",4
2024,"Fish Crow",7
2024,"Gray Catbird",1
2024,"Great Crested Flycatcher",3
2024,"House Finch",13
2024,"Indigo Bunting",2
2024,"Mourning Dove",11
2024,"Northern Cardinal",29
2024,"Northern Mockingbird",6
2024,"Northern Parula",2
2024,"Ovenbird",1
2024,"Pine Warbler",6
2024,"Red-bellied Woodpecker",2
2024,"Red-eyed Vireo",2
2024,"Song Sparrow",2
2024,"Summer Tanager",2
2024,"Tufted Titmouse",21
2024,"White-breasted Nuthatch",6
2024,"Wood Thrush",3
2024,"Yellow-breasted Chat",1
2024,"Yellow-throated Warbler",1
2024,"Acadian Flycatcher",2
2024,"American Crow",29
2024,"American Goldfinch",5
2024,"American Robin",3
2024,"Barn Swallow",1
2024,"Blue Grosbeak",11
2024,"Blue Jay",1
2024,"Blue-gray Gnatcatcher",14
2024,"Brown Thrasher",1
2024,"Brown-headed Cowbird",11
2024,"Carolina Chickadee",2
2024,"Carolina Wren",14
2024,"Chimney Swift",3
2024,"Chipping Sparrow",14
2024,"Common Yellowthroat",2
2024,"Downy Woodpecker",2
2024,"Eastern Bluebird",13
2024,"Eastern Kingbird",1
2024,"Eastern Meadowlark",1
2024,"Eastern Phoebe",2
2024,"Eastern Towhee",6
2024,"Eastern Wood-Pewee",2
2024,"Field Sparrow",4
2024,"Fish Crow",1
2024,"Grasshopper Sparrow",1
2024,"Gray Catbird",2
2024,"Great Blue Heron",1
2024,"Great Crested Flycatcher",1
2024,"Indigo Bunting",16
2024,"Mourning Dove",23
2024,"Northern Cardinal",38
2024,"Northern Mockingbird",4
2024,"Orchard Oriole",1
2024,"Ovenbird",3
2024,"Pileated Woodpecker",1
2024,"Pine Warbler",3
2024,"Prairie Warbler",3
2024,"Red-bellied Woodpecker",4
2024,"Red-eyed Vireo",10
2024,"Red-shouldered Hawk",2
2024,"Red-winged Blackbird",2
2024,"Ruby-throated Hummingbird",2
2024,"Summer Tanager",2
2024,"Tufted Titmouse",15
2024,"Turkey Vulture",1
2024,"White-eyed Vireo",5
2024,"Yellow-billed Cuckoo",2
2024,"Yellow-breasted Chat",3
2024,"Yellow-throated Vireo",1
2024,"Yellow-throated Warbler",3
2024,"Acadian Flycatcher",3
2024,"American Crow",16
2024,"American Goldfinch",3
2024,"American Robin",1
2024,"Barn Swallow",2
2024,"Blue Grosbeak",3
2024,"Blue Jay",2
2024,"Blue-gray Gnatcatcher",3
2024,"Brown Thrasher",3
2024,"Brown-headed Cowbird",2
2024,"Canada Goose",9
2024,"Carolina Chickadee",3
2024,"Carolina Wren",13
2024,"Chipping Sparrow",7
2024,"Common Yellowthroat",1
2024,"Eastern Bluebird",6
2024,"Eastern Meadowlark",1
2024,"Eastern Phoebe",1
2024,"Eastern Towhee",1
2024,"Eastern Wood-Pewee",1
2024,"European Starling",2
2024,"Field Sparrow",2
2024,"Great Crested Flycatcher",2
2024,"Indigo Bunting",2
2024,"Mourning Dove",2
2024,"Northern Cardinal",20
2024,"Northern Mockingbird",5
2024,"Pine Warbler",3
2024,"Red-bellied Woodpecker",3
2024,"Red-eyed Vireo",7
2024,"Summer Tanager",5
2024,"Tufted Titmouse",7
2024,"White-breasted Nuthatch",1
2024,"White-eyed Vireo",2
2024,"Wood Thrush",3
2024,"Acadian Flycatcher",3
2024,"American Crow",21
2024,"Blue Grosbeak",6
2024,"Blue Jay",3
2024,"Blue-gray Gnatcatcher",7
2024,"Carolina Chickadee",11
2024,"Carolina Wren",16
2024,"Chimney Swift",2
2024,"Chipping Sparrow",9
2024,"Common Yellowthroat",1
2024,"Downy Woodpecker",3
2024,"Eastern Bluebird",8
2024,"Eastern Kingbird",1
2024,"Eastern Meadowlark",1
2024,"Eastern Phoebe",3
2024,"Eastern Towhee",1
2024,"Eastern Wood-Pewee",1
2024,"Fish Crow",4
2024,"Great Crested Flycatcher",1
2024,"Hooded Warbler",1
2024,"House Finch",1
2024,"Indigo Bunting",2
2024,"Mourning Dove",8
2024,"Northern Cardinal",24
2024,"Northern Mockingbird",2
2024,"Orchard Oriole",1
2024,"Ovenbird",2
2024,"Pine Warbler",4
2024,"Prairie Warbler",1
2024,"Red-bellied Woodpecker",5
2024,"Red-eyed Vireo",9
2024,"Red-shouldered Hawk",1
2024,"Red-winged Blackbird",3
2024,"Summer Tanager",3
2024,"Tufted Titmouse",24
2024,"White-breasted Nuthatch",1
2024,"White-eyed Vireo",3
2024,"Wood Thrush",9
2024,"Yellow-billed Cuckoo",3
2024,"Acadian Flycatcher",4
2024,"American Crow",18
2024,"American Goldfinch",3
2024,"American Robin",1
2024,"Barn Swallow",2
2024,"Blue Grosbeak",6
2024,"Blue Jay",1
2024,"Blue-gray Gnatcatcher",9
2024,"Brown Thrasher",4
2024,"Brown-headed Cowbird",3
2024,"Brown-headed Nuthatch",2
2024,"Canada Goose",35
2024,"Carolina Chickadee",7
2024,"Carolina Wren",13
2024,"Chipping Sparrow",19
2024,"Common Grackle",1
2024,"Downy Woodpecker",2
2024,"Eastern Bluebird",8
2024,"Eastern Kingbird",1
2024,"Eastern Meadowlark",1
2024,"Eastern Phoebe",2
2024,"Eastern Wood-Pewee",1
2024,"European Starling",1
2024,"Gray Catbird",1
2024,"Great Crested Flycatcher",2
2024,"House Finch",4
2024,"Indigo Bunting",12
2024,"Killdeer",2
2024,"Mourning Dove",10
2024,"Northern Cardinal",34
2024,"Northern Mockingbird",11
2024,"Northern Parula",2
2024,"Orchard Oriole",3
2024,"Pine Warbler",1
2024,"Red-bellied Woodpecker",8
2024,"Red-eyed Vireo",2
2024,"Red-shouldered Hawk",3
2024,"Red-winged Blackbird",3
2024,"Song Sparrow",1
2024,"Summer Tanager",4
2024,"Tufted Titmouse",19
2024,"White-breasted Nuthatch",2
2024,"White-eyed Vireo",3
2024,"Wood Thrush",1
2024,"Yellow-billed Cuckoo",1
2024,"Yellow-breasted Chat",1
2024,"Yellow-throated Vireo",1
2024,"Yellow-throated Warbler",3
2024,"Acadian Flycatcher",2
2024,"American Crow",29
2024,"American Goldfinch",6
2024,"American Robin",1
2024,"Barn Swallow",3
2024,"Blue Grosbeak",2
2024,"Blue Jay",9
2024,"Blue-gray Gnatcatcher",12
2024,"Brown Thrasher",2
2024,"Brown-headed Cowbird",3
2024,"Brown-headed Nuthatch",1
2024,"Carolina Chickadee",11
2024,"Carolina Wren",19
2024,"Chimney Swift",5
2024,"Chipping Sparrow",12
2024,"Common Yellowthroat",1
2024,"Downy Woodpecker",8
2024,"Eastern Bluebird",11
2024,"Eastern Meadowlark",1
2024,"Eastern Towhee",3
2024,"Eastern Wood-Pewee",5
2024,"Fish Crow",5
2024,"House Finch",5
2024,"Indigo Bunting",1
2024,"Mourning Dove",10
2024,"Northern Cardinal",34
2024,"Northern Mockingbird",8
2024,"Northern Parula",2
2024,"Ovenbird",2
2024,"Pine Warbler",8
2024,"Red-bellied Woodpecker",9
2024,"Red-eyed Vireo",9
2024,"Red-shouldered Hawk",3
2024,"Red-winged Blackbird",3
2024,"Scarlet Tanager",1
2024,"Summer Tanager",1
2024,"Tufted Titmouse",23
2024,"White-breasted Nuthatch",4
2024,"White-eyed Vireo",4
2024,"Wood Thrush",2
2024,"Yellow-billed Cuckoo",3
2024,"Yellow-throated Vireo",1
2024,"Yellow-throated Warbler",1
2024,"American Crow",6
2024,"American Robin",9
2024,"Barn Swallow",3
2024,"Blue Grosbeak",1
2024,"Carolina Chickadee",2
2024,"Carolina Wren",25
2024,"Chipping Sparrow",12
2024,"Common Grackle",4
2024,"Eastern Bluebird",4
2024,"Eastern Meadowlark",1
2024,"Eastern Phoebe",2
2024,"Eastern Towhee",8
2024,"Fish Crow",7
2024,"Gray Catbird",3
2024,"Hooded Warbler",2
2024,"House Finch",6
2024,"Mourning Dove",3
2024,"Northern Cardinal",24
2024,"Northern Mockingbird",8
2024,"Ovenbird",1
2024,"Pine Warbler",1
2024,"Red-bellied Woodpecker",2
2024,"Red-eyed Vireo",1
2024,"Scarlet Tanager",1
2024,"Summer Tanager",2
2024,"Tufted Titmouse",5
2024,"White-breasted Nuthatch",2
2025,"Acadian Flycatcher",6
2025,"American Crow",15
2025,"American Goldfinch",8
2025,"Blue Grosbeak",2
2025,"Blue Jay",4
2025,"Blue-gray Gnatcatcher",11
2025,"Brown-headed Cowbird",3
2025,"Brown-headed Nuthatch",5
2025,"Canada Goose",3
2025,"Carolina Chickadee",5
2025,"Carolina Wren",12
2025,"Chimney Swift",2
2025,"Chipping Sparrow",14
2025,"Downy Woodpecker",3
2025,"Eastern Bluebird",3
2025,"Eastern Towhee",1
2025,"Eastern Wood-Pewee",2
2025,"Gray Catbird",1
2025,"Great Crested Flycatcher",2
2025,"Hooded Warbler",4
2025,"House Finch",6
2025,"Indigo Bunting",1
2025,"Killdeer",1
2025,"Mourning Dove",4
2025,"Northern Cardinal",24
2025,"Ovenbird",6
2025,"Pileated Woodpecker",2
2025,"Pine Warbler",8
2025,"Prairie Warbler",2
2025,"Red-bellied Woodpecker",9
2025,"Red-eyed Vireo",4
2025,"Red-shouldered Hawk",1
2025,"Scarlet Tanager",1
2025,"Summer Tanager",6
2025,"Tufted Titmouse",25
2025,"White-breasted Nuthatch",1
2025,"White-eyed Vireo",2
2025,"Wood Thrush",5
2025,"Yellow-throated Vireo",1
2025,"Yellow-throated Warbler",7
2025,"Acadian Flycatcher",1
2025,"American Crow",9
2025,"American Robin",1
2025,"Barn Swallow",2
2025,"Blue Grosbeak",2
2025,"Blue Jay",1
2025,"Blue-gray Gnatcatcher",10
2025,"Brown-headed Nuthatch",1
2025,"Carolina Chickadee",10
2025,"Carolina Wren",8
2025,"Chipping Sparrow",5
2025,"Common Yellowthroat",3
2025,"Downy Woodpecker",4
2025,"Eastern Bluebird",4
2025,"Eastern Phoebe",1
2025,"Eastern Towhee",2
2025,"Eastern Wood-Pewee",2
2025,"Fish Crow",1
2025,"Gray Catbird",2
2025,"Great Blue Heron",1
2025,"Great Crested Flycatcher",1
2025,"Hooded Warbler",2
2025,"House Finch",3
2025,"Indigo Bunting",3
2025,"Mourning Dove",4
2025,"Northern Cardinal",16
2025,"Northern Parula",1
2025,"Ovenbird",5
2025,"Pine Warbler",11
2025,"Prairie Warbler",1
2025,"Red-bellied Woodpecker",5
2025,"Red-eyed Vireo",2
2025,"Scarlet Tanager",1
2025,"Summer Tanager",3
2025,"Tufted Titmouse",13
2025,"White-eyed Vireo",3
2025,"Yellow-billed Cuckoo",1
2025,"Yellow-throated Vireo",1
2025,"Yellow-throated Warbler",2
2025,"American Robin",3
2025,"Barn Swallow",1
2025,"Blue Grosbeak",2
2025,"Blue-gray Gnatcatcher",1
2025,"Brown-headed Cowbird",5
2025,"Carolina Chickadee",5
2025,"Carolina Wren",6
2025,"Chipping Sparrow",1
2025,"Common Yellowthroat",1
2025,"Eastern Bluebird",3
2025,"Eastern Towhee",3
2025,"European Starling",20
2025,"Indigo Bunting",3
2025,"Mourning Dove",7
2025,"Northern Bobwhite",1
2025,"Northern Cardinal",8
2025,"Northern Mockingbird",6
2025,"Ovenbird",1
2025,"Pine Warbler",2
2025,"Red-eyed Vireo",4
2025,"Summer Tanager",8
2025,"Tufted Titmouse",2
2025,"Yellow-breasted Chat",1
2025,"Acadian Flycatcher",1
2025,"American Crow",22
2025,"American Robin",2
2025,"Barn Swallow",5
2025,"Blue Grosbeak",1
2025,"Blue Jay",4
2025,"Blue-gray Gnatcatcher",12
2025,"Brown Thrasher",1
2025,"Brown-headed Cowbird",2
2025,"Carolina Chickadee",5
2025,"Carolina Wren",12
2025,"Chimney Swift",2
2025,"Chipping Sparrow",7
2025,"Common Grackle",21
2025,"Common Yellowthroat",1
2025,"Downy Woodpecker",3
2025,"Eastern Bluebird",2
2025,"Eastern Meadowlark",3
2025,"Eastern Towhee",2
2025,"Eastern Whip-poor-will",1
2025,"Eastern Wood-Pewee",4
2025,"Great Crested Flycatcher",2
2025,"Hooded Warbler",1
2025,"House Finch",2
2025,"Indigo Bunting",6
2025,"Killdeer",1
2025,"Mourning Dove",7
2025,"Northern Cardinal",15
2025,"Northern Mockingbird",4
2025,"Northern Parula",4
2025,"Orchard Oriole",1
2025,"Ovenbird",6
2025,"Pine Warbler",4
2025,"Purple Martin",1
2025,"Red-bellied Woodpecker",5
2025,"Red-eyed Vireo",5
2025,"Scarlet Tanager",1
2025,"Summer Tanager",3
2025,"Tufted Titmouse",8
2025,"Turkey Vulture",1
2025,"White-breasted Nuthatch",1
2025,"White-eyed Vireo",3
2025,"Wood Thrush",1
2025,"Yellow-throated Vireo",1
2025,"Yellow-throated Warbler",4
2025,"American Crow",23
2025,"American Goldfinch",6
2025,"American Robin",4
2025,"Barn Swallow",2
2025,"Blue Grosbeak",9
2025,"Blue Jay",2
2025,"Blue-gray Gnatcatcher",9
2025,"Brown Thrasher",3
2025,"Brown-headed Cowbird",3
2025,"Carolina Chickadee",12
2025,"Carolina Wren",20
2025,"Chipping Sparrow",16
2025,"Common Grackle",5
2025,"Common Yellowthroat",2
2025,"Eastern Bluebird",5
2025,"Eastern Meadowlark",5
2025,"Eastern Phoebe",4
2025,"Eastern Towhee",3
2025,"Eastern Wood-Pewee",9
2025,"Field Sparrow",1
2025,"Fish Crow",2
2025,"Great Crested Flycatcher",6
2025,"Indigo Bunting",9
2025,"Mourning Dove",11
2025,"Northern Cardinal",30
2025,"Northern Mockingbird",12
2025,"Orchard Oriole",1
2025,"Ovenbird",3
2025,"Pileated Woodpecker",1
2025,"Prairie Warbler",1
2025,"Purple Martin",12
2025,"Red-bellied Woodpecker",7
2025,"Red-eyed Vireo",7
2025,"Red-shouldered Hawk",1
2025,"Red-winged Blackbird",2
2025,"Summer Tanager",6
2025,"Tufted Titmouse",14
2025,"White-breasted Nuthatch",3
2025,"Wood Thrush",3
2025,"Yellow-billed Cuckoo",1
2025,"Yellow-breasted Chat",1
2025,"Yellow-throated Vireo",2
2025,"Acadian Flycatcher",1
2025,"American Crow",35
2025,"American Goldfinch",2
2025,"American Robin",1
2025,"Barn Swallow",3
2025,"Blue Grosbeak",6
2025,"Blue Jay",2
2025,"Blue-gray Gnatcatcher",13
2025,"Brown Thrasher",1
2025,"Brown-headed Cowbird",8
2025,"Brown-headed Nuthatch",1
2025,"Canada Goose",14
2025,"Carolina Chickadee",7
2025,"Carolina Wren",27
2025,"Chimney Swift",2
2025,"Chipping Sparrow",18
2025,"Common Grackle",6
2025,"Common Yellowthroat",2
2025,"Downy Woodpecker",2
2025,"Eastern Bluebird",12
2025,"Eastern Kingbird",2
2025,"Eastern Meadowlark",2
2025,"Eastern Phoebe",4
2025,"Eastern Towhee",1
2025,"Eastern Wood-Pewee",1
2025,"Field Sparrow",1
2025,"Grasshopper Sparrow",2
2025,"Great Blue Heron",1
2025,"Great Crested Flycatcher",7
2025,"House Finch",1
2025,"Indigo Bunting",12
2025,"Mourning Dove",27
2025,"Northern Cardinal",21
2025,"Northern Mockingbird",7
2025,"Orchard Oriole",1
2025,"Ovenbird",3
2025,"Pine Warbler",4
2025,"Purple Martin",3
2025,"Red-bellied Woodpecker",13
2025,"Red-eyed Vireo",2
2025,"Red-winged Blackbird",2
2025,"Summer Tanager",5
2025,"Tufted Titmouse",13
2025,"White-breasted Nuthatch",2
2025,"White-eyed Vireo",3
2025,"Yellow-breasted Chat",1
2025,"Yellow-throated Vireo",1
2025,"Yellow-throated Warbler",1
2025,"Acadian Flycatcher",7
2025,"American Crow",23
2025,"American Goldfinch",7
2025,"Barn Swallow",15
2025,"Blue Grosbeak",3
2025,"Blue Jay",1
2025,"Blue-gray Gnatcatcher",3
2025,"Brown Thrasher",3
2025,"Brown-headed Cowbird",1
2025,"Brown-headed Nuthatch",1
2025,"Carolina Chickadee",2
2025,"Carolina Wren",16
2025,"Chipping Sparrow",7
2025,"Common Grackle",70
2025,"Eastern Bluebird",8
2025,"Eastern Kingbird",1
2025,"Eastern Meadowlark",2
2025,"Eastern Phoebe",1
2025,"Eastern Towhee",4
2025,"Eastern Whip-poor-will",2
2025,"Eastern Wood-Pewee",6
2025,"Field Sparrow",1
2025,"Fish Crow",2
2025,"Great Crested Flycatcher",2
2025,"Hooded Warbler",4
2025,"House Finch",1
2025,"Indigo Bunting",12
2025,"Mourning Dove",20
2025,"Northern Cardinal",26
2025,"Northern Mockingbird",6
2025,"Ovenbird",4
2025,"Pine Warbler",5
2025,"Prairie Warbler",1
2025,"Purple Martin",1
2025,"Red-bellied Woodpecker",9
2025,"Red-eyed Vireo",18
2025,"Red-shouldered Hawk",3
2025,"Scarlet Tanager",2
2025,"Summer Tanager",16
2025,"Tufted Titmouse",7
2025,"Turkey Vulture",4
2025,"White-breasted Nuthatch",3
2025,"White-eyed Vireo",4
2025,"Wood Thrush",6
2025,"Yellow-billed Cuckoo",3
2025,"Yellow-breasted Chat",8
2025,"Yellow-throated Warbler",3
2025,"Acadian Flycatcher",4
2025,"American Crow",50
2025,"American Goldfinch",2
2025,"American Robin",2
2025,"Barn Swallow",10
2025,"Blue Grosbeak",1
2025,"Blue Jay",8
2025,"Blue-gray Gnatcatcher",10
2025,"Brown Thrasher",2
2025,"Brown-headed Cowbird",4
2025,"Brown-headed Nuthatch",3
2025,"Carolina Chickadee",6
2025,"Carolina Wren",15
2025,"Chipping Sparrow",9
2025,"Common Yellowthroat",1
2025,"Eastern Bluebird",7
2025,"Eastern Kingbird",1
2025,"Eastern Meadowlark",4
2025,"Eastern Towhee",4
2025,"Eastern Whip-poor-will",2
2025,"Eastern Wood-Pewee",2
2025,"Fish Crow",2
2025,"Grasshopper Sparrow",1
2025,"Great Blue Heron",1
2025,"Great Crested Flycatcher",8
2025,"Hooded Warbler",4
2025,"Indigo Bunting",4
2025,"Killdeer",1
2025,"Mourning Dove",21
2025,"Northern Cardinal",31
2025,"Northern Mockingbird",5
2025,"Orchard Oriole",2
2025,"Ovenbird",9
2025,"Pine Warbler",20
2025,"Prairie Warbler",1
2025,"Red-bellied Woodpecker",8
2025,"Red-eyed Vireo",10
2025,"Red-shouldered Hawk",5
2025,"Red-winged Blackbird",1
2025,"Summer Tanager",4
2025,"Tufted Titmouse",26
2025,"Turkey Vulture",1
2025,"White-breasted Nuthatch",1
2025,"White-eyed Vireo",10
2025,"Wood Thrush",3
2025,"Yellow-billed Cuckoo",7
2025,"Yellow-throated Vireo",2
2025,"Yellow-throated Warbler",4
2025,"Acadian Flycatcher",6
2025,"American Crow",19
2025,"American Goldfinch",6
2025,"American Robin",3
2025,"Blue Jay",4
2025,"Blue-gray Gnatcatcher",14
2025,"Brown Thrasher",1
2025,"Brown-headed Cowbird",4
2025,"Brown-headed Nuthatch",4
2025,"Carolina Chickadee",15
2025,"Carolina Wren",14
2025,"Chipping Sparrow",14
2025,"Downy Woodpecker",2
2025,"Eastern Bluebird",4
2025,"Eastern Kingbird",1
2025,"Eastern Phoebe",4
2025,"Eastern Wood-Pewee",2
2025,"Fish Crow",4
2025,"Great Crested Flycatcher",1
2025,"Hooded Warbler",2
2025,"House Finch",12
2025,"Mourning Dove",4
2025,"Northern Cardinal",24
2025,"Northern Mockingbird",4
2025,"Northern Parula",2
2025,"Ovenbird",7
2025,"Pine Warbler",13
2025,"Red-bellied Woodpecker",9
2025,"Red-eyed Vireo",10
2025,"Red-shouldered Hawk",3
2025,"Ruby-throated Hummingbird",1
2025,"Scarlet Tanager",4
2025,"Summer Tanager",7
2025,"Tufted Titmouse",33
2025,"White-breasted Nuthatch",1
2025,"White-eyed Vireo",2
2025,"Wood Thrush",3
2025,"Yellow-billed Cuckoo",2
2025,"Yellow-throated Vireo",1
2025,"Yellow-throated Warbler",3
2025,"Acadian Flycatcher",3
2025,"American Crow",24
2025,"American Goldfinch",3
2025,"American Robin",1
2025,"Blue Grosbeak",7
2025,"Blue Jay",4
2025,"Blue-gray Gnatcatcher",8
2025,"Brown Thrasher",4
2025,"Brown-headed Cowbird",5
2025,"Brown-headed Nuthatch",1
2025,"Carolina Chickadee",9
2025,"Carolina Wren",12
2025,"Chimney Swift",1
2025,"Chipping Sparrow",12
2025,"Common Yellowthroat",2
2025,"Downy Woodpecker",2
2025,"Eastern Bluebird",6
2025,"Eastern Phoebe",4
2025,"Eastern Towhee",2
2025,"Eastern Whip-poor-will",3
2025,"Eastern Wood-Pewee",2
2025,"European Starling",1
2025,"Fish Crow",4
2025,"Great Blue Heron",1
2025,"Great Crested Flycatcher",6
2025,"Hooded Warbler",1
2025,"House Finch",3
2025,"Indigo Bunting",1
2025,"Killdeer",1
2025,"Mourning Dove",10
2025,"Northern Cardinal",20
2025,"Northern Mockingbird",7
2025,"Northern Parula",2
2025,"Ovenbird",7
2025,"Pileated Woodpecker",3
2025,"Pine Warbler",9
2025,"Prairie Warbler",1
2025,"Red-bellied Woodpecker",10
2025,"Red-eyed Vireo",13
2025,"Red-shouldered Hawk",1
2025,"Ruby-throated Hummingbird",1
2025,"Summer Tanager",7
2025,"Tufted Titmouse",13
2025,"White-breasted Nuthatch",2
2025,"White-eyed Vireo",7
2025,"Wood Thrush",4
2025,"Yellow-billed Cuckoo",2
2025,"Yellow-breasted Chat",1
2025,"Yellow-throated Vireo",4
2025,"Yellow-throated Warbler",13
2025,"Acadian Flycatcher",4
2025,"American Crow",19
2025,"American Goldfinch",4
2025,"Blue Jay",2
2025,"Blue-gray Gnatcatcher",9
2025,"Brown Thrasher",5
2025,"Brown-headed Cowbird",1
2025,"Brown-headed Nuthatch",3
2025,"Carolina Chickadee",6
2025,"Carolina Wren",8
2025,"Chimney Swift",4
2025,"Chipping Sparrow",13
2025,"Common Grackle",2
2025,"Common Yellowthroat",2
2025,"Downy Woodpecker",3
2025,"Eastern Bluebird",4
2025,"Eastern Kingbird",2
2025,"Eastern Phoebe",2
2025,"Eastern Towhee",1
2025,"Eastern Wood-Pewee",6
2025,"Fish Crow",4
2025,"Great Crested Flycatcher",2
2025,"Hooded Warbler",2
2025,"House Finch",1
2025,"Indigo Bunting",9
2025,"Mourning Dove",17
2025,"Northern Cardinal",15
2025,"Northern Mockingbird",6
2025,"Northern Parula",1
2025,"Ovenbird",5
2025,"Pine Warbler",7
2025,"Prairie Warbler",1
2025,"Red-bellied Woodpecker",7
2025,"Red-eyed Vireo",11
2025,"Ruby-throated Hummingbird",1
2025,"Summer Tanager",7
2025,"Tufted Titmouse",12
2025,"White-breasted Nuthatch",2
2025,"White-eyed Vireo",5
2025,"Wood Thrush",4
2025,"Yellow-billed Cuckoo",1
2025,"Yellow-breasted Chat",4
2025,"Yellow-throated Vireo",2
2025,"Yellow-throated Warbler",4
2025,"American Crow",18
2025,"American Goldfinch",12
2025,"American Robin",2
2025,"Barn Swallow",8
2025,"Blue Grosbeak",8
2025,"Blue Jay",3
2025,"Blue-gray Gnatcatcher",5
2025,"Brown Thrasher",3
2025,"Brown-headed Cowbird",1
2025,"Carolina Chickadee",4
2025,"Carolina Wren",22
2025,"Chipping Sparrow",13
2025,"Common Grackle",1
2025,"Common Yellowthroat",1
2025,"Downy Woodpecker",1
2025,"Eastern Bluebird",7
2025,"Eastern Meadowlark",5
2025,"Eastern Phoebe",1
2025,"Eastern Towhee",2
2025,"Eastern Wood-Pewee",9
2025,"Field Sparrow",1
2025,"Great Blue Heron",1
2025,"Great Crested Flycatcher",7
2025,"Hooded Warbler",1
2025,"House Finch",3
2025,"Indigo Bunting",7
2025,"Mourning Dove",7
2025,"Northern Cardinal",20
2025,"Northern Mockingbird",16
2025,"Northern Parula",1
2025,"Ovenbird",2
2025,"Pine Warbler",2
2025,"Purple Martin",6
2025,"Red-bellied Woodpecker",5
2025,"Red-eyed Vireo",4
2025,"Red-shouldered Hawk",2
2025,"Red-winged Blackbird",3
2025,"Scarlet Tanager",1
2025,"Summer Tanager",1
2025,"Tufted Titmouse",12
2025,"White-breasted Nuthatch",1
2025,"White-eyed Vireo",3
2025,"Yellow-billed Cuckoo",1
2025,"Yellow-throated Vireo",1
2025,"Acadian Flycatcher",2
2025,"American Crow",27
2025,"American Goldfinch",1
2025,"American Robin",9
2025,"Barn Swallow",3
2025,"Blue Grosbeak",3
2025,"Blue Jay",5
2025,"Blue-gray Gnatcatcher",5
2025,"Brown-headed Nuthatch",2
2025,"Carolina Chickadee",8
2025,"Carolina Wren",19
2025,"Chimney Swift",13
2025,"Chipping Sparrow",10
2025,"Common Grackle",6
2025,"Downy Woodpecker",1
2025,"Eastern Bluebird",2
2025,"Eastern Meadowlark",1
2025,"Eastern Phoebe",2
2025,"Eastern Wood-Pewee",3
2025,"European Starling",6
2025,"Gray Catbird",2
2025,"Great Crested Flycatcher",3
2025,"Indigo Bunting",7
2025,"Mourning Dove",7
2025,"Northern Cardinal",16
2025,"Northern Mockingbird",7
2025,"Northern Parula",4
2025,"Ovenbird",3
2025,"Pileated Woodpecker",2
2025,"Pine Warbler",4
2025,"Red-bellied Woodpecker",8
2025,"Red-eyed Vireo",14
2025,"Red-shouldered Hawk",1
2025,"Red-winged Blackbird",1
2025,"Song Sparrow",2
2025,"Summer Tanager",1
2025,"Tufted Titmouse",23
2025,"White-eyed Vireo",1
2025,"Wood Thrush",7
2025,"Yellow-billed Cuckoo",5
2025,"Yellow-throated Vireo",2
2025,"American Crow",23
2025,"American Goldfinch",6
2025,"American Robin",5
2025,"Blue Grosbeak",2
2025,"Blue Jay",4
2025,"Blue-gray Gnatcatcher",26
2025,"Brown-headed Cowbird",14
2025,"Brown-headed Nuthatch",10
2025,"Canada Goose",1
2025,"Carolina Chickadee",21
2025,"Carolina Wren",30
2025,"Chipping Sparrow",22
2025,"Common Grackle",2
2025,"Downy Woodpecker",2
2025,"Eastern Bluebird",2
2025,"Eastern Phoebe",2
2025,"Eastern Towhee",8
2025,"Eastern Wood-Pewee",7
2025,"Fish Crow",3
2025,"Great Blue Heron",3
2025,"Great Crested Flycatcher",2
2025,"House Finch",6
2025,"Indigo Bunting",6
2025,"Mourning Dove",16
2025,"Northern Cardinal",26
2025,"Northern Mockingbird",6
2025,"Ovenbird",2
2025,"Pine Warbler",4
2025,"Red-bellied Woodpecker",8
2025,"Red-eyed Vireo",4
2025,"Red-shouldered Hawk",3
2025,"Song Sparrow",2
2025,"Summer Tanager",1
2025,"Tufted Titmouse",21
2025,"White-breasted Nuthatch",4
2025,"White-eyed Vireo",4
2025,"Yellow-billed Cuckoo",2
2025,"Yellow-breasted Chat",2
2025,"Yellow-throated Warbler",2
2025,"Acadian Flycatcher",8
2025,"American Crow",19
2025,"American Goldfinch",4
2025,"Barn Swallow",3
2025,"Blue Grosbeak",8
2025,"Blue Jay",3
2025,"Blue-gray Gnatcatcher",17
2025,"Brown Thrasher",4
2025,"Brown-headed Cowbird",7
2025,"Brown-headed Nuthatch",2
2025,"Canada Goose",1
2025,"Carolina Chickadee",11
2025,"Carolina Wren",17
2025,"Chipping Sparrow",31
2025,"Common Grackle",1
2025,"Common Yellowthroat",4
2025,"Downy Woodpecker",1
2025,"Eastern Bluebird",9
2025,"Eastern Kingbird",1
2025,"Eastern Meadowlark",7
2025,"Eastern Phoebe",2
2025,"Eastern Towhee",3
2025,"Eastern Wood-Pewee",7
2025,"Fish Crow",9
2025,"Grasshopper Sparrow",1
2025,"Great Blue Heron",2
2025,"Great Crested Flycatcher",5
2025,"House Finch",1
2025,"Indigo Bunting",14
2025,"Mourning Dove",19
2025,"Northern Cardinal",29
2025,"Northern Mockingbird",6
2025,"Northern Parula",4
2025,"Orchard Oriole",4
2025,"Ovenbird",2
2025,"Pileated Woodpecker",2
2025,"Pine Warbler",11
2025,"Prairie Warbler",1
2025,"Purple Martin",7
2025,"Red-bellied Woodpecker",10
2025,"Red-eyed Vireo",16
2025,"Red-shouldered Hawk",1
2025,"Red-winged Blackbird",5
2025,"Song Sparrow",1
2025,"Summer Tanager",5
2025,"Tufted Titmouse",16
2025,"White-breasted Nuthatch",2
2025,"White-eyed Vireo",3
2025,"Wood Thrush",3
2025,"Yellow-billed Cuckoo",3
2025,"Yellow-breasted Chat",4
2025,"Yellow-throated Vireo",4
2025,"Yellow-throated Warbler",1
2025,"Acadian Flycatcher",3
2025,"American Crow",29
2025,"American Goldfinch",1
2025,"American Robin",4
2025,"Blue Grosbeak",2
2025,"Blue Jay",3
2025,"Blue-gray Gnatcatcher",9
2025,"Brown Thrasher",1
2025,"Brown-headed Cowbird",2
2025,"Brown-headed Nuthatch",3
2025,"Carolina Chickadee",15
2025,"Carolina Wren",19
2025,"Chimney Swift",1
2025,"Chipping Sparrow",20
2025,"Common Grackle",1
2025,"Common Yellowthroat",2
2025,"Downy Woodpecker",5
2025,"Eastern Bluebird",4
2025,"Eastern Meadowlark",1
2025,"Eastern Phoebe",3
2025,"Eastern Wood-Pewee",12
2025,"Great Blue Heron",2
2025,"Great Crested Flycatcher",2
2025,"Hooded Warbler",1
2025,"House Finch",1
2025,"Indigo Bunting",5
2025,"Mourning Dove",12
2025,"Northern Cardinal",32
2025,"Northern Mockingbird",6
2025,"Northern Parula",2
2025,"Ovenbird",4
2025,"Pine Warbler",11
2025,"Prairie Warbler",1
2025,"Red-bellied Woodpecker",14
2025,"Red-eyed Vireo",27
2025,"Summer Tanager",8
2025,"Tufted Titmouse",19
2025,"White-breasted Nuthatch",2
2025,"White-eyed Vireo",1
2025,"Wood Thrush",3
2025,"Yellow-billed Cuckoo",3
2025,"Yellow-breasted Chat",2
2025,"Yellow-throated Vireo",1
2025,"Yellow-throated Warbler",2
2025,"American Crow",19
2025,"American Goldfinch",7
2025,"American Robin",17
2025,"Blue Jay",4
2025,"Blue-gray Gnatcatcher",7
2025,"Brown Thrasher",2
2025,"Brown-headed Cowbird",4
2025,"Brown-headed Nuthatch",8
2025,"Carolina Chickadee",14
2025,"Carolina Wren",24
2025,"Chimney Swift",10
2025,"Chipping Sparrow",22
2025,"Common Grackle",3
2025,"Downy Woodpecker",8
2025,"Eastern Bluebird",9
2025,"Eastern Towhee",2
2025,"European Starling",1
2025,"Fish Crow",7
2025,"Gray Catbird",5
2025,"Great Crested Flycatcher",2
2025,"House Finch",31
2025,"House Sparrow",1
2025,"Killdeer",1
2025,"Mourning Dove",17
2025,"Northern Cardinal",23
2025,"Northern Mockingbird",6
2025,"Northern Parula",2
2025,"Ovenbird",1
2025,"Pine Warbler",7
2025,"Red-bellied Woodpecker",13
2025,"Red-eyed Vireo",4
2025,"Song Sparrow",7
2025,"Summer Tanager",2
2025,"Tufted Titmouse",18
2025,"White-breasted Nuthatch",1
2025,"Yellow-billed Cuckoo",1
2025,"Acadian Flycatcher",3
2025,"American Crow",8
2025,"American Goldfinch",2
2025,"American Robin",2
2025,"Blue Grosbeak",4
2025,"Blue Jay",6
2025,"Blue-gray Gnatcatcher",11
2025,"Brown-headed Cowbird",2
2025,"Brown-headed Nuthatch",1
2025,"Carolina Chickadee",1
2025,"Carolina Wren",16
2025,"Chimney Swift",8
2025,"Chipping Sparrow",12
2025,"Common Grackle",1
2025,"Common Yellowthroat",1
2025,"Downy Woodpecker",4
2025,"Eastern Bluebird",6
2025,"Eastern Kingbird",2
2025,"Eastern Phoebe",1
2025,"Eastern Wood-Pewee",3
2025,"European Starling",4
2025,"Fish Crow",6
2025,"Great Crested Flycatcher",3
2025,"House Finch",2
2025,"Indigo Bunting",8
2025,"Killdeer",1
2025,"Mourning Dove",7
2025,"Northern Cardinal",12
2025,"Northern Mockingbird",5
2025,"Northern Parula",4
2025,"Ovenbird",1
2025,"Pine Warbler",3
2025,"Red-bellied Woodpecker",5
2025,"Red-eyed Vireo",8
2025,"Red-shouldered Hawk",1
2025,"Song Sparrow",1
2025,"Summer Tanager",6
2025,"Tufted Titmouse",11
2025,"White-breasted Nuthatch",3
2025,"White-eyed Vireo",3
2025,"Wood Thrush",4
2025,"Yellow-billed Cuckoo",1
2025,"Yellow-throated Vireo",2
2025,"American Crow",6
2025,"American Goldfinch",3
2025,"American Robin",8
2025,"Blue Jay",3
2025,"Blue-gray Gnatcatcher",4
2025,"Brown Thrasher",2
2025,"Brown-headed Cowbird",1
2025,"Brown-headed Nuthatch",1
2025,"Carolina Chickadee",4
2025,"Carolina Wren",21
2025,"Chimney Swift",3
2025,"Chipping Sparrow",9
2025,"Common Grackle",1
2025,"Downy Woodpecker",5
2025,"Eastern Bluebird",3
2025,"Eastern Towhee",11
2025,"European Starling",6
2025,"Fish Crow",4
2025,"Gray Catbird",4
2025,"House Finch",15
2025,"Mourning Dove",7
2025,"Northern Cardinal",25
2025,"Northern Mockingbird",4
2025,"Pine Warbler",1
2025,"Red-bellied Woodpecker",7
2025,"Red-eyed Vireo",1
2025,"Red-shouldered Hawk",3
2025,"Song Sparrow",1
2025,"Summer Tanager",2
2025,"Tufted Titmouse",6
2025,"White-breasted Nuthatch",1
2025,"Wood Thrush",1
2025,"American Crow",10
2025,"American Goldfinch",2
2025,"American Robin",15
2025,"Blue Jay",1
2025,"Blue-gray Gnatcatcher",2
2025,"Brown Thrasher",1
2025,"Brown-headed Cowbird",3
2025,"Brown-headed Nuthatch",4
2025,"Carolina Chickadee",1
2025,"Carolina Wren",14
2025,"Chimney Swift",12
2025,"Chipping Sparrow",5
2025,"Downy Woodpecker",1
2025,"Eastern Bluebird",10
2025,"Eastern Phoebe",3
2025,"Eastern Towhee",6
2025,"European Starling",1
2025,"Gray Catbird",2
2025,"Great Blue Heron",2
2025,"Great Crested Flycatcher",4
2025,"House Finch",12
2025,"Indigo Bunting",3
2025,"Killdeer",1
2025,"Mourning Dove",7
2025,"Northern Cardinal",21
2025,"Northern Mockingbird",20
2025,"Northern Parula",1
2025,"Pine Warbler",9
2025,"Red-bellied Woodpecker",7
2025,"Song Sparrow",1
2025,"Tufted Titmouse",5
2025,"White-breasted Nuthatch",1
2025,"Acadian Flycatcher",6
2025,"American Crow",20
2025,"American Goldfinch",6
2025,"American Robin",11
2025,"Blue Grosbeak",6
2025,"Blue Jay",4
2025,"Blue-gray Gnatcatcher",11
2025,"Brown Thrasher",2
2025,"Brown-headed Cowbird",4
2025,"Brown-headed Nuthatch",7
2025,"Carolina Chickadee",13
2025,"Carolina Wren",21
2025,"Chimney Swift",3
2025,"Chipping Sparrow",24
2025,"Common Grackle",1
2025,"Common Yellowthroat",1
2025,"Downy Woodpecker",3
2025,"Eastern Bluebird",8
2025,"Eastern Phoebe",3
2025,"Eastern Towhee",5
2025,"Eastern Wood-Pewee",1
2025,"European Starling",9
2025,"Field Sparrow",1
2025,"Fish Crow",4
2025,"Great Crested Flycatcher",6
2025,"House Finch",7
2025,"House Sparrow",1
2025,"Indigo Bunting",7
2025,"Killdeer",1
2025,"Mourning Dove",22
2025,"Northern Cardinal",31
2025,"Northern Mockingbird",5
2025,"Northern Parula",2
2025,"Ovenbird",4
2025,"Pileated Woodpecker",1
2025,"Pine Warbler",12
2025,"Prairie Warbler",1
2025,"Purple Martin",1
2025,"Red-bellied Woodpecker",2
2025,"Red-eyed Vireo",5
2025,"Summer Tanager",2
2025,"Tufted Titmouse",21
2025,"Turkey Vulture",1
2025,"White-eyed Vireo",3
2025,"Wood Thrush",2
2025,"Yellow-breasted Chat",3
2025,"Yellow-throated Vireo",3
2025,"Yellow-throated Warbler",4
2025,"Acadian Flycatcher",1
2025,"American Crow",8
2025,"American Robin",5
2025,"Blue Grosbeak",6
2025,"Blue Jay",1
2025,"Blue-gray Gnatcatcher",10
2025,"Brown Thrasher",2
2025,"Brown-headed Cowbird",7
2025,"Brown-headed Nuthatch",5
2025,"Carolina Chickadee",16
2025,"Carolina Wren",20
2025,"Chimney Swift",8
2025,"Chipping Sparrow",26
2025,"Common Grackle",1
2025,"Downy Woodpecker",4
2025,"Eastern Bluebird",4
2025,"Eastern Kingbird",1
2025,"Eastern Phoebe",3
2025,"Eastern Towhee",4
2025,"Eastern Wood-Pewee",1
2025,"European Starling",36
2025,"Fish Crow",4
2025,"Gray Catbird",2
2025,"Great Crested Flycatcher",6
2025,"House Finch",32
2025,"Indigo Bunting",2
2025,"Mourning Dove",13
2025,"Northern Cardinal",26
2025,"Northern Mockingbird",7
2025,"Northern Parula",2
2025,"Ovenbird",1
2025,"Pileated Woodpecker",2
2025,"Pine Warbler",8
2025,"Red-bellied Woodpecker",11
2025,"Red-eyed Vireo",5
2025,"Summer Tanager",4
2025,"Tufted Titmouse",17
2025,"White-breasted Nuthatch",3
2025,"White-eyed Vireo",1
2025,"Wood Thrush",1
2025,"Yellow-billed Cuckoo",2
2025,"Acadian Flycatcher",1
2025,"American Crow",23
2025,"American Goldfinch",2
2025,"Barn Swallow",2
2025,"Blue Grosbeak",8
2025,"Blue Jay",2
2025,"Blue-gray Gnatcatcher",6
2025,"Brown Thrasher",1
2025,"Brown-headed Cowbird",2
2025,"Carolina Chickadee",2
2025,"Carolina Wren",12
2025,"Chimney Swift",8
2025,"Chipping Sparrow",21
2025,"Common Yellowthroat",1
2025,"Downy Woodpecker",2
2025,"Eastern Bluebird",3
2025,"Eastern Kingbird",3
2025,"Eastern Meadowlark",7
2025,"Eastern Phoebe",5
2025,"Eastern Towhee",1
2025,"Eastern Wood-Pewee",4
2025,"Field Sparrow",1
2025,"Grasshopper Sparrow",1
2025,"Great Blue Heron",2
2025,"Hooded Warbler",1
2025,"House Finch",4
2025,"Indigo Bunting",12
2025,"Mourning Dove",11
2025,"Northern Cardinal",16
2025,"Northern Mockingbird",9
2025,"Ovenbird",1
2025,"Pine Warbler",1
2025,"Red-bellied Woodpecker",1
2025,"Red-eyed Vireo",2
2025,"Summer Tanager",3
2025,"Tufted Titmouse",12
2025,"White-eyed Vireo",5
2025,"Yellow-billed Cuckoo",1
2025,"Yellow-throated Warbler",1
2025,"Acadian Flycatcher",1
2025,"American Crow",16
2025,"American Goldfinch",4
2025,"American Robin",2
2025,"Blue Grosbeak",10
2025,"Blue Jay",1
2025,"Blue-gray Gnatcatcher",18
2025,"Brown-headed Cowbird",7
2025,"Carolina Chickadee",1
2025,"Carolina Wren",16
2025,"Chipping Sparrow",9
2025,"Common Yellowthroat",2
2025,"Eastern Bluebird",8
2025,"Eastern Meadowlark",4
2025,"Eastern Wood-Pewee",4
2025,"European Starling",9
2025,"Field Sparrow",1
2025,"Fish Crow",1
2025,"Great Blue Heron",1
2025,"Great Crested Flycatcher",3
2025,"Hooded Warbler",1
2025,"Indigo Bunting",13
2025,"Killdeer",1
2025,"Mourning Dove",8
2025,"Northern Cardinal",16
2025,"Northern Mockingbird",3
2025,"Northern Parula",3
2025,"Ovenbird",1
2025,"Pileated Woodpecker",1
2025,"Pine Warbler",3
2025,"Red-bellied Woodpecker",6
2025,"Red-eyed Vireo",9
2025,"Summer Tanager",4
2025,"Tufted Titmouse",13
2025,"White-eyed Vireo",3
2025,"Yellow-billed Cuckoo",2
2025,"Yellow-throated Warbler",5
2025,"American Crow",27
2025,"American Goldfinch",1
2025,"American Robin",3
2025,"Blue Grosbeak",3
2025,"Blue Jay",2
2025,"Blue-gray Gnatcatcher",11
2025,"Brown Thrasher",1
2025,"Brown-headed Cowbird",1
2025,"Carolina Chickadee",7
2025,"Carolina Wren",23
2025,"Chimney Swift",3
2025,"Chipping Sparrow",8
2025,"Common Grackle",10
2025,"Common Yellowthroat",1
2025,"Downy Woodpecker",2
2025,"Eastern Bluebird",12
2025,"Eastern Meadowlark",1
2025,"Eastern Phoebe",3
2025,"Eastern Towhee",5
2025,"Eastern Wood-Pewee",5
2025,"European Starling",4
2025,"Hooded Warbler",1
2025,"House Finch",1
2025,"Indigo Bunting",6
2025,"Mourning Dove",5
2025,"Northern Cardinal",25
2025,"Northern Mockingbird",10
2025,"Ovenbird",1
2025,"Pileated Woodpecker",1
2025,"Pine Warbler",1
2025,"Red-bellied Woodpecker",7
2025,"Red-eyed Vireo",9
2025,"Red-shouldered Hawk",1
2025,"Ruby-throated Hummingbird",1
2025,"Summer Tanager",1
2025,"Tufted Titmouse",11
2025,"Turkey Vulture",1
2025,"White-breasted Nuthatch",2
2025,"White-eyed Vireo",2
2025,"Wood Thrush",4
2025,"Yellow-billed Cuckoo",2
2025,"Acadian Flycatcher",2
2025,"American Crow",26
2025,"American Goldfinch",4
2025,"American Robin",2
2025,"Blue Grosbeak",1
2025,"Blue Jay",4
2025,"Blue-gray Gnatcatcher",11
2025,"Brown Thrasher",2
2025,"Brown-headed Cowbird",6
2025,"Brown-headed Nuthatch",3
2025,"Canada Goose",7
2025,"Carolina Chickadee",17
2025,"Carolina Wren",17
2025,"Chimney Swift",2
2025,"Chipping Sparrow",15
2025,"Common Yellowthroat",1
2025,"Downy Woodpecker",3
2025,"Eastern Bluebird",3
2025,"Eastern Phoebe",7
2025,"Eastern Towhee",3
2025,"Eastern Wood-Pewee",4
2025,"European Starling",1
2025,"Fish Crow",4
2025,"Great Crested Flycatcher",4
2025,"House Finch",7
2025,"Indigo Bunting",3
2025,"Mourning Dove",3
2025,"Northern Cardinal",28
2025,"Northern Mockingbird",8
2025,"Northern Parula",6
2025,"Pileated Woodpecker",2
2025,"Pine Warbler",5
2025,"Red-bellied Woodpecker",6
2025,"Red-eyed Vireo",9
2025,"Red-winged Blackbird",1
2025,"Ruby-throated Hummingbird",1
2025,"Summer Tanager",1
2025,"Tufted Titmouse",14
2025,"White-breasted Nuthatch",3
2025,"Wood Thrush",1
2025,"Acadian Flycatcher",1
2025,"American Crow",31
2025,"American Goldfinch",3
2025,"American Robin",6
2025,"Barn Swallow",10
2025,"Blue Grosbeak",5
2025,"Blue Jay",4
2025,"Blue-gray Gnatcatcher",2
2025,"Brown Thrasher",6
2025,"Brown-headed Cowbird",2
2025,"Brown-headed Nuthatch",2
2025,"Canada Goose",17
2025,"Carolina Chickadee",3
2025,"Carolina Wren",15
2025,"Chimney Swift",1
2025,"Chipping Sparrow",22
2025,"Common Grackle",20
2025,"Common Yellowthroat",3
2025,"Downy Woodpecker",2
2025,"Eastern Bluebird",7
2025,"Eastern Kingbird",2
2025,"Eastern Meadowlark",3
2025,"Eastern Phoebe",1
2025,"Eastern Towhee",3
2025,"Eastern Wood-Pewee",7
2025,"Field Sparrow",3
2025,"Fish Crow",4
2025,"Grasshopper Sparrow",1
2025,"Great Blue Heron",1
2025,"Great Crested Flycatcher",1
2025,"House Finch",4
2025,"Indigo Bunting",9
2025,"Killdeer",1
2025,"Mourning Dove",39
2025,"Northern Cardinal",18
2025,"Northern Mockingbird",11
2025,"Orchard Oriole",3
2025,"Ovenbird",6
2025,"Pine Warbler",8
2025,"Red-bellied Woodpecker",13
2025,"Red-eyed Vireo",5
2025,"Red-shouldered Hawk",1
2025,"Red-winged Blackbird",1
2025,"Ruby-throated Hummingbird",1
2025,"Summer Tanager",4
2025,"Tufted Titmouse",11
2025,"Turkey Vulture",1
2025,"White-breasted Nuthatch",2
2025,"White-eyed Vireo",4
2025,"Wood Thrush",5
2025,"Yellow-billed Cuckoo",2
2025,"Yellow-breasted Chat",3
2025,"Yellow-throated Warbler",1
2025,"American Crow",15
2025,"American Goldfinch",2
2025,"American Robin",4
2025,"Barn Swallow",5
2025,"Blue Grosbeak",1
2025,"Blue Jay",1
2025,"Blue-gray Gnatcatcher",9
2025,"Brown-headed Cowbird",7
2025,"Brown-headed Nuthatch",4
2025,"Carolina Chickadee",9
2025,"Carolina Wren",14
2025,"Chimney Swift",2
2025,"Chipping Sparrow",11
2025,"Downy Woodpecker",4
2025,"Eastern Kingbird",1
2025,"Eastern Towhee",7
2025,"Fish Crow",3
2025,"Hooded Warbler",1
2025,"House Finch",7
2025,"Indigo Bunting",3
2025,"Killdeer",1
2025,"Mourning Dove",7
2025,"Northern Cardinal",31
2025,"Northern Mockingbird",6
2025,"Pine Warbler",6
2025,"Red-bellied Woodpecker",3
2025,"Red-eyed Vireo",4
2025,"Song Sparrow",1
2025,"Tufted Titmouse",13
2025,"White-breasted Nuthatch",4
2025,"Wood Thrush",1
2025,"Acadian Flycatcher",4
2025,"American Crow",29
2025,"American Goldfinch",8
2025,"American Robin",1
2025,"Barn Swallow",3
2025,"Blue Grosbeak",6
2025,"Blue Jay",6
2025,"Blue-gray Gnatcatcher",5
2025,"Brown-headed Cowbird",2
2025,"Carolina Chickadee",4
2025,"Carolina Wren",17
2025,"Chimney Swift",1
2025,"Chipping Sparrow",23
2025,"Common Grackle",2
2025,"Common Yellowthroat",2
2025,"Downy Woodpecker",3
2025,"Eastern Bluebird",9
2025,"Eastern Meadowlark",1
2025,"Eastern Phoebe",1
2025,"Eastern Towhee",2
2025,"Eastern Wood-Pewee",4
2025,"Field Sparrow",6
2025,"Fish Crow",1
2025,"Grasshopper Sparrow",1
2025,"Great Blue Heron",3
2025,"Great Crested Flycatcher",1
2025,"House Finch",6
2025,"Indigo Bunting",8
2025,"Mourning Dove",20
2025,"Northern Bobwhite",1
2025,"Northern Cardinal",19
2025,"Northern Mockingbird",9
2025,"Northern Parula",2
2025,"Orchard Oriole",1
2025,"Ovenbird",1
2025,"Pileated Woodpecker",2
2025,"Pine Warbler",5
2025,"Red-bellied Woodpecker",10
2025,"Red-eyed Vireo",5
2025,"Red-shouldered Hawk",4
2025,"Red-winged Blackbird",1
2025,"Scarlet Tanager",1
2025,"Summer Tanager",2
2025,"Tufted Titmouse",13
2025,"White-breasted Nuthatch",3
2025,"White-eyed Vireo",3
2025,"Wood Thrush",2
2025,"Yellow-breasted Chat",2
2025,"Yellow-throated Vireo",1
2025,"Yellow-throated Warbler",1
2025,"Acadian Flycatcher",3
2025,"American Crow",36
2025,"Blue Grosbeak",1
2025,"Blue Jay",3
2025,"Blue-gray Gnatcatcher",9
2025,"Brown Thrasher",2
2025,"Brown-headed Cowbird",1
2025,"Brown-headed Nuthatch",1
2025,"Canada Goose",8
2025,"Carolina Chickadee",5
2025,"Carolina Wren",12
2025,"Chipping Sparrow",22
2025,"Common Yellowthroat",2
2025,"Eastern Bluebird",4
2025,"Eastern Meadowlark",1
2025,"Eastern Phoebe",5
2025,"Eastern Towhee",1
2025,"Eastern Wood-Pewee",3
2025,"Great Crested Flycatcher",4
2025,"Hooded Warbler",2
2025,"House Finch",1
2025,"Indigo Bunting",8
2025,"Mourning Dove",17
2025,"Northern Cardinal",18
2025,"Northern Mockingbird",8
2025,"Northern Parula",2
2025,"Ovenbird",5
2025,"Pine Warbler",3
2025,"Red-bellied Woodpecker",9
2025,"Red-eyed Vireo",9
2025,"Red-shouldered Hawk",2
2025,"Summer Tanager",3
2025,"Tufted Titmouse",10
2025,"White-breasted Nuthatch",1
2025,"White-eyed Vireo",5
2025,"Wood Thrush",2
2025,"Yellow-billed Cuckoo",2
2025,"Yellow-throated Warbler",1
2025,"Acadian Flycatcher",2
2025,"American Crow",13
2025,"American Goldfinch",1
2025,"American Robin",1
2025,"Blue Grosbeak",1
2025,"Blue Jay",2
2025,"Blue-gray Gnatcatcher",12
2025,"Brown-headed Cowbird",1
2025,"Brown-headed Nuthatch",3
2025,"Carolina Chickadee",6
2025,"Carolina Wren",5
2025,"Chipping Sparrow",8
2025,"Common Yellowthroat",1
2025,"Downy Woodpecker",1
2025,"Eastern Bluebird",6
2025,"Eastern Towhee",1
2025,"Eastern Wood-Pewee",2
2025,"Fish Crow",3
2025,"Great Crested Flycatcher",3
2025,"Hooded Warbler",2
2025,"Indigo Bunting",3
2025,"Mourning Dove",6
2025,"Northern Cardinal",20
2025,"Northern Mockingbird",1
2025,"Northern Parula",2
2025,"Orchard Oriole",2
2025,"Ovenbird",2
2025,"Pine Warbler",5
2025,"Red-bellied Woodpecker",5
2025,"Red-eyed Vireo",9
2025,"Scarlet Tanager",1
2025,"Summer Tanager",3
2025,"Tufted Titmouse",12
2025,"White-breasted Nuthatch",3
2025,"Wood Thrush",4
2025,"Yellow-breasted Chat",2
2025,"Yellow-throated Vireo",1
2025,"Acadian Flycatcher",2
2025,"American Crow",8
2025,"American Goldfinch",6
2025,"American Robin",1
2025,"Blue Grosbeak",7
2025,"Blue Jay",5
2025,"Blue-gray Gnatcatcher",10
2025,"Brown-headed Cowbird",6
2025,"Brown-headed Nuthatch",3
2025,"Canada Goose",19
2025,"Carolina Chickadee",13
2025,"Carolina Wren",14
2025,"Chimney Swift",10
2025,"Chipping Sparrow",23
2025,"Common Grackle",3
2025,"Common Yellowthroat",1
2025,"Downy Woodpecker",5
2025,"Eastern Bluebird",6
2025,"Eastern Kingbird",2
2025,"Eastern Phoebe",1
2025,"Eastern Towhee",2
2025,"Eastern Wood-Pewee",4
2025,"European Starling",1
2025,"Fish Crow",3
2025,"Great Blue Heron",1
2025,"Great Crested Flycatcher",6
2025,"House Finch",3
2025,"Indigo Bunting",7
2025,"Killdeer",1
2025,"Mourning Dove",3
2025,"Northern Cardinal",20
2025,"Northern Mockingbird",7
2025,"Northern Parula",2
2025,"Orchard Oriole",2
2025,"Pine Warbler",2
2025,"Red-bellied Woodpecker",3
2025,"Red-eyed Vireo",4
2025,"Red-winged Blackbird",2
2025,"Ruby-throated Hummingbird",1
2025,"Song Sparrow",1
2025,"Summer Tanager",4
2025,"Tufted Titmouse",14
2025,"White-eyed Vireo",2
2025,"Wood Thrush",1
2025,"Yellow-throated Vireo",1
2025,"Yellow-throated Warbler",7
2025,"Acadian Flycatcher",1
2025,"American Crow",21
2025,"American Goldfinch",1
2025,"American Robin",3
2025,"Blue Grosbeak",6
2025,"Blue Jay",2
2025,"Blue-gray Gnatcatcher",10
2025,"Brown Thrasher",3
2025,"Brown-headed Cowbird",1
2025,"Brown-headed Nuthatch",2
2025,"Carolina Chickadee",6
2025,"Carolina Wren",14
2025,"Chipping Sparrow",15
2025,"Common Grackle",1
2025,"Downy Woodpecker",5
2025,"Eastern Bluebird",6
2025,"Eastern Meadowlark",1
2025,"Eastern Phoebe",1
2025,"Eastern Towhee",7
2025,"Eastern Wood-Pewee",6
2025,"Fish Crow",6
2025,"Great Crested Flycatcher",2
2025,"Hooded Warbler",1
2025,"House Finch",1
2025,"Indigo Bunting",3
2025,"Mourning Dove",11
2025,"Northern Cardinal",22
2025,"Northern Mockingbird",3
2025,"Northern Parula",2
2025,"Ovenbird",4
2025,"Pileated Woodpecker",1
2025,"Pine Warbler",4
2025,"Red-bellied Woodpecker",13
2025,"Red-eyed Vireo",5
2025,"Red-shouldered Hawk",1
2025,"Red-winged Blackbird",1
2025,"Summer Tanager",6
2025,"Tufted Titmouse",17
2025,"Turkey Vulture",1
2025,"White-breasted Nuthatch",5
2025,"White-eyed Vireo",4
2025,"Yellow-billed Cuckoo",2
2025,"Yellow-throated Vireo",1
2025,"Yellow-throated Warbler",2
2025,"American Crow",7
2025,"American Robin",1
2025,"Blue Jay",1
2025,"Brown Thrasher",2
2025,"Brown-headed Cowbird",1
2025,"Canada Goose",1
2025,"Carolina Chickadee",5
2025,"Carolina Wren",18
2025,"Chipping Sparrow",6
2025,"Downy Woodpecker",2
2025,"Eastern Bluebird",3
2025,"Eastern Phoebe",1
2025,"Eastern Towhee",3
2025,"Gray Catbird",2
2025,"Mourning Dove",3
2025,"Northern Cardinal",25
2025,"Northern Mockingbird",2
2025,"Ovenbird",1
2025,"Pileated Woodpecker",1
2025,"Pine Warbler",2
2025,"Red-bellied Woodpecker",3
2025,"Red-eyed Vireo",3
2025,"Scarlet Tanager",1
2025,"Tufted Titmouse",13
1999,"Acadian Flycatcher",1
1999,"American Crow",32
1999,"American Goldfinch",10
1999,"American Robin",1
1999,"Barn Swallow",0
1999,"Blue Grosbeak",0
1999,"Blue Jay",5
1999,"Blue-gray Gnatcatcher",12
1999,"Brown Thrasher",3
1999,"Brown-headed Cowbird",2
1999,"Brown-headed Nuthatch",1
1999,"Canada Goose",0
1999,"Carolina Chickadee",11
1999,"Carolina Wren",12
1999,"Chimney Swift",3
1999,"Chipping Sparrow",2
1999,"Common Grackle",2
1999,"Common Yellowthroat",0
1999,"Downy Woodpecker",2
1999,"Eastern Bluebird",7
1999,"Eastern Kingbird",1
1999,"Eastern Meadowlark",0
1999,"Eastern Phoebe",1
1999,"Eastern Towhee",8
1999,"Eastern Whip-poor-will",1
1999,"Eastern Wood-Pewee",3
1999,"European Starling",4
1999,"Field Sparrow",1
1999,"Fish Crow",2
1999,"Grasshopper Sparrow",0
1999,"Gray Catbird",0
1999,"Great Blue Heron",0
1999,"Great Crested Flycatcher",0
1999,"Hooded Warbler",3
1999,"House Finch",3
1999,"House Sparrow",0
1999,"Indigo Bunting",8
1999,"Killdeer",1
1999,"Mourning Dove",13
1999,"Northern Bobwhite",0
1999,"Northern Cardinal",37
1999,"Northern Mockingbird",6
1999,"Northern Parula",3
1999,"Orchard Oriole",0
1999,"Ovenbird",7
1999,"Pileated Woodpecker",2
1999,"Pine Warbler",23
1999,"Prairie Warbler",1
1999,"Purple Martin",0
1999,"Red-bellied Woodpecker",11
1999,"Red-eyed Vireo",13
1999,"Red-shouldered Hawk",0
1999,"Red-winged Blackbird",1
1999,"Ruby-throated Hummingbird",0
1999,"Scarlet Tanager",2
1999,"Song Sparrow",0
1999,"Summer Tanager",1
1999,"Tufted Titmouse",14
1999,"Turkey Vulture",2
1999,"White-breasted Nuthatch",1
1999,"White-eyed Vireo",0
1999,"Wood Thrush",9
1999,"Yellow-billed Cuckoo",1
1999,"Yellow-breasted Chat",1
1999,"Yellow-throated Vireo",1
1999,"Yellow-throated Warbler",3
1999,"Acadian Flycatcher",2
1999,"American Crow",25
1999,"American Goldfinch",13
1999,"American Robin",8
1999,"Barn Swallow",1
1999,"Blue Grosbeak",2
1999,"Blue Jay",5
1999,"Blue-gray Gnatcatcher",17
1999,"Brown Thrasher",2
1999,"Brown-headed Cowbird",7
1999,"Brown-headed Nuthatch",3
1999,"Canada Goose",2
1999,"Carolina Chickadee",12
1999,"Carolina Wren",15
1999,"Chimney Swift",4
1999,"Chipping Sparrow",10
1999,"Common Grackle",8
1999,"Common Yellowthroat",3
1999,"Downy Woodpecker",4
1999,"Eastern Bluebird",4
1999,"Eastern Kingbird",0
1999,"Eastern Meadowlark",0
1999,"Eastern Phoebe",1
1999,"Eastern Towhee",12
1999,"Eastern Whip-poor-will",4
1999,"Eastern Wood-Pewee",2
1999,"European Starling",7
1999,"Field Sparrow",1
1999,"Fish Crow",1
1999,"Grasshopper Sparrow",0
1999,"Gray Catbird",0
1999,"Great Blue Heron",3
1999,"Great Crested Flycatcher",1
1999,"Hooded Warbler",0
1999,"House Finch",2
1999,"House Sparrow",0
1999,"Indigo Bunting",15
1999,"Killdeer",0
1999,"Mourning Dove",20
1999,"Northern Bobwhite",0
1999,"Northern Cardinal",26
1999,"Northern Mockingbird",5
1999,"Northern Parula",2
1999,"Orchard Oriole",0
1999,"Ovenbird",3
1999,"Pileated Woodpecker",1
1999,"Pine Warbler",15
1999,"Prairie Warbler",4
1999,"Purple Martin",1
1999,"Red-bellied Woodpecker",8
1999,"Red-eyed Vireo",9
1999,"Red-shouldered Hawk",0
1999,"Red-winged Blackbird",1
1999,"Ruby-throated Hummingbird",1
1999,"Scarlet Tanager",4
1999,"Song Sparrow",0
1999,"Summer Tanager",5
1999,"Tufted Titmouse",16
1999,"Turkey Vulture",0
1999,"White-breasted Nuthatch",1
1999,"White-eyed Vireo",1
1999,"Wood Thrush",7
1999,"Yellow-billed Cuckoo",1
1999,"Yellow-breasted Chat",4
1999,"Yellow-throated Vireo",0
1999,"Yellow-throated Warbler",1
1999,"Acadian Flycatcher",0
1999,"American Crow",15
1999,"American Goldfinch",2
1999,"American Robin",8
1999,"Barn Swallow",0
1999,"Blue Grosbeak",12
1999,"Blue Jay",2
1999,"Blue-gray Gnatcatcher",1
1999,"Brown Thrasher",2
1999,"Brown-headed Cowbird",1
1999,"Brown-headed Nuthatch",1
1999,"Canada Goose",0
1999,"Carolina Chickadee",4
1999,"Carolina Wren",23
1999,"Chimney Swift",2
1999,"Chipping Sparrow",7
1999,"Common Grackle",15
1999,"Common Yellowthroat",5
1999,"Downy Woodpecker",1
1999,"Eastern Bluebird",3
1999,"Eastern Kingbird",0
1999,"Eastern Meadowlark",2
1999,"Eastern Phoebe",1
1999,"Eastern Towhee",9
1999,"Eastern Whip-poor-will",0
1999,"Eastern Wood-Pewee",2
1999,"European Starling",4
1999,"Field Sparrow",2
1999,"Fish Crow",0
1999,"Grasshopper Sparrow",0
1999,"Gray Catbird",2
1999,"Great Blue Heron",0
1999,"Great Crested Flycatcher",5
1999,"Hooded Warbler",0
1999,"House Finch",1
1999,"House Sparrow",0
1999,"Indigo Bunting",14
1999,"Killdeer",2
1999,"Mourning Dove",9
1999,"Northern Bobwhite",3
1999,"Northern Cardinal",18
1999,"Northern Mockingbird",7
1999,"Northern Parula",0
1999,"Orchard Oriole",4
1999,"Ovenbird",3
1999,"Pileated Woodpecker",0
1999,"Pine Warbler",19
1999,"Prairie Warbler",2
1999,"Purple Martin",1
1999,"Red-bellied Woodpecker",6
1999,"Red-eyed Vireo",10
1999,"Red-shouldered Hawk",0
1999,"Red-winged Blackbird",1
1999,"Ruby-throated Hummingbird",0
1999,"Scarlet Tanager",2
1999,"Song Sparrow",0
1999,"Summer Tanager",8
1999,"Tufted Titmouse",19
1999,"Turkey Vulture",0
1999,"White-breasted Nuthatch",0
1999,"White-eyed Vireo",1
1999,"Wood Thrush",6
1999,"Yellow-billed Cuckoo",3
1999,"Yellow-breasted Chat",8
1999,"Yellow-throated Vireo",1
1999,"Yellow-throated Warbler",0
1999,"Acadian Flycatcher",0
1999,"American Crow",38
1999,"American Goldfinch",3
1999,"American Robin",3
1999,"Barn Swallow",9
1999,"Blue Grosbeak",2
1999,"Blue Jay",5
1999,"Blue-gray Gnatcatcher",10
1999,"Brown Thrasher",0
1999,"Brown-headed Cowbird",3
1999,"Brown-headed Nuthatch",0
1999,"Canada Goose",1
1999,"Carolina Chickadee",4
1999,"Carolina Wren",17
1999,"Chimney Swift",7
1999,"Chipping Sparrow",16
1999,"Common Grackle",6
1999,"Common Yellowthroat",5
1999,"Downy Woodpecker",2
1999,"Eastern Bluebird",7
1999,"Eastern Kingbird",2
1999,"Eastern Meadowlark",2
1999,"Eastern Phoebe",1
1999,"Eastern Towhee",7
1999,"Eastern Whip-poor-will",1
1999,"Eastern Wood-Pewee",8
1999,"European Starling",5
1999,"Field Sparrow",3
1999,"Fish Crow",0
1999,"Grasshopper Sparrow",0
1999,"Gray Catbird",1
1999,"Great Blue Heron",0
1999,"Great Crested Flycatcher",3
1999,"Hooded Warbler",1
1999,"House Finch",0
1999,"House Sparrow",1
1999,"Indigo Bunting",14
1999,"Killdeer",1
1999,"Mourning Dove",14
1999,"Northern Bobwhite",3
1999,"Northern Cardinal",20
1999,"Northern Mockingbird",6
1999,"Northern Parula",0
1999,"Orchard Oriole",1
1999,"Ovenbird",3
1999,"Pileated Woodpecker",0
1999,"Pine Warbler",2
1999,"Prairie Warbler",4
1999,"Purple Martin",0
1999,"Red-bellied Woodpecker",4
1999,"Red-eyed Vireo",6
1999,"Red-shouldered Hawk",0
1999,"Red-winged Blackbird",2
1999,"Ruby-throated Hummingbird",0
1999,"Scarlet Tanager",1
1999,"Song Sparrow",0
1999,"Summer Tanager",2
1999,"Tufted Titmouse",11
1999,"Turkey Vulture",1
1999,"White-breasted Nuthatch",1
1999,"White-eyed Vireo",1
1999,"Wood Thrush",9
1999,"Yellow-billed Cuckoo",3
1999,"Yellow-breasted Chat",11
1999,"Yellow-throated Vireo",0
1999,"Yellow-throated Warbler",0
1999,"Acadian Flycatcher",0
1999,"American Crow",37
1999,"American Goldfinch",6
1999,"American Robin",5
1999,"Barn Swallow",5
1999,"Blue Grosbeak",11
1999,"Blue Jay",5
1999,"Blue-gray Gnatcatcher",4
1999,"Brown Thrasher",2
1999,"Brown-headed Cowbird",7
1999,"Brown-headed Nuthatch",0
1999,"Canada Goose",1
1999,"Carolina Chickadee",4
1999,"Carolina Wren",21
1999,"Chimney Swift",4
1999,"Chipping Sparrow",19
1999,"Common Grackle",14
1999,"Common Yellowthroat",3
1999,"Downy Woodpecker",3
1999,"Eastern Bluebird",14
1999,"Eastern Kingbird",2
1999,"Eastern Meadowlark",16
1999,"Eastern Phoebe",2
1999,"Eastern Towhee",5
1999,"Eastern Whip-poor-will",0
1999,"Eastern Wood-Pewee",13
1999,"European Starling",17
1999,"Field Sparrow",2
1999,"Fish Crow",0
1999,"Grasshopper Sparrow",0
1999,"Gray Catbird",1
1999,"Great Blue Heron",0
1999,"Great Crested Flycatcher",5
1999,"Hooded Warbler",0
1999,"House Finch",3
1999,"House Sparrow",2
1999,"Indigo Bunting",19
1999,"Killdeer",1
1999,"Mourning Dove",21
1999,"Northern Bobwhite",1
1999,"Northern Cardinal",29
1999,"Northern Mockingbird",19
1999,"Northern Parula",1
1999,"Orchard Oriole",3
1999,"Ovenbird",3
1999,"Pileated Woodpecker",0
1999,"Pine Warbler",3
1999,"Prairie Warbler",0
1999,"Purple Martin",13
1999,"Red-bellied Woodpecker",10
1999,"Red-eyed Vireo",8
1999,"Red-shouldered Hawk",1
1999,"Red-winged Blackbird",2
1999,"Ruby-throated Hummingbird",1
1999,"Scarlet Tanager",1
1999,"Song Sparrow",0
1999,"Summer Tanager",4
1999,"Tufted Titmouse",17
1999,"Turkey Vulture",1
1999,"White-breasted Nuthatch",1
1999,"White-eyed Vireo",0
1999,"Wood Thrush",7
1999,"Yellow-billed Cuckoo",5
1999,"Yellow-breasted Chat",5
1999,"Yellow-throated Vireo",2
1999,"Yellow-throated Warbler",0
1999,"Acadian Flycatcher",0
1999,"American Crow",39
1999,"American Goldfinch",6
1999,"American Robin",7
1999,"Barn Swallow",2
1999,"Blue Grosbeak",2
1999,"Blue Jay",3
1999,"Blue-gray Gnatcatcher",0
1999,"Brown Thrasher",2
1999,"Brown-headed Cowbird",1
1999,"Brown-headed Nuthatch",1
1999,"Canada Goose",3
1999,"Carolina Chickadee",2
1999,"Carolina Wren",9
1999,"Chimney Swift",5
1999,"Chipping Sparrow",13
1999,"Common Grackle",24
1999,"Common Yellowthroat",0
1999,"Downy Woodpecker",2
1999,"Eastern Bluebird",15
1999,"Eastern Kingbird",2
1999,"Eastern Meadowlark",15
1999,"Eastern Phoebe",1
1999,"Eastern Towhee",8
1999,"Eastern Whip-poor-will",0
1999,"Eastern Wood-Pewee",10
1999,"European Starling",11
1999,"Field Sparrow",1
1999,"Fish Crow",0
1999,"Grasshopper Sparrow",0
1999,"Gray Catbird",0
1999,"Great Blue Heron",1
1999,"Great Crested Flycatcher",0
1999,"Hooded Warbler",0
1999,"House Finch",0
1999,"House Sparrow",5
1999,"Indigo Bunting",18
1999,"Killdeer",1
1999,"Mourning Dove",14
1999,"Northern Bobwhite",1
1999,"Northern Cardinal",30
1999,"Northern Mockingbird",19
1999,"Northern Parula",0
1999,"Orchard Oriole",1
1999,"Ovenbird",1
1999,"Pileated Woodpecker",0
1999,"Pine Warbler",2
1999,"Prairie Warbler",0
1999,"Purple Martin",0
1999,"Red-bellied Woodpecker",2
1999,"Red-eyed Vireo",5
1999,"Red-shouldered Hawk",0
1999,"Red-winged Blackbird",5
1999,"Ruby-throated Hummingbird",1
1999,"Scarlet Tanager",1
1999,"Song Sparrow",0
1999,"Summer Tanager",0
1999,"Tufted Titmouse",7
1999,"Turkey Vulture",2
1999,"White-breasted Nuthatch",0
1999,"White-eyed Vireo",0
1999,"Wood Thrush",5
1999,"Yellow-billed Cuckoo",1
1999,"Yellow-breasted Chat",2
1999,"Yellow-throated Vireo",1
1999,"Yellow-throated Warbler",0
1999,"Acadian Flycatcher",0
1999,"American Crow",28
1999,"American Goldfinch",3
1999,"American Robin",0
1999,"Barn Swallow",4
1999,"Blue Grosbeak",5
1999,"Blue Jay",6
1999,"Blue-gray Gnatcatcher",12
1999,"Brown Thrasher",2
1999,"Brown-headed Cowbird",5
1999,"Brown-headed Nuthatch",0
1999,"Canada Goose",0
1999,"Carolina Chickadee",5
1999,"Carolina Wren",15
1999,"Chimney Swift",2
1999,"Chipping Sparrow",8
1999,"Common Grackle",5
1999,"Common Yellowthroat",3
1999,"Downy Woodpecker",2
1999,"Eastern Bluebird",4
1999,"Eastern Kingbird",2
1999,"Eastern Meadowlark",5
1999,"Eastern Phoebe",1
1999,"Eastern Towhee",6
1999,"Eastern Whip-poor-will",1
1999,"Eastern Wood-Pewee",5
1999,"European Starling",4
1999,"Field Sparrow",0
1999,"Fish Crow",0
1999,"Grasshopper Sparrow",2
1999,"Gray Catbird",0
1999,"Great Blue Heron",0
1999,"Great Crested Flycatcher",0
1999,"Hooded Warbler",2
1999,"House Finch",1
1999,"House Sparrow",0
1999,"Indigo Bunting",20
1999,"Killdeer",0
1999,"Mourning Dove",19
1999,"Northern Bobwhite",3
1999,"Northern Cardinal",29
1999,"Northern Mockingbird",7
1999,"Northern Parula",1
1999,"Orchard Oriole",2
1999,"Ovenbird",4
1999,"Pileated Woodpecker",1
1999,"Pine Warbler",7
1999,"Prairie Warbler",1
1999,"Purple Martin",0
1999,"Red-bellied Woodpecker",9
1999,"Red-eyed Vireo",21
1999,"Red-shouldered Hawk",0
1999,"Red-winged Blackbird",4
1999,"Ruby-throated Hummingbird",1
1999,"Scarlet Tanager",2
1999,"Song Sparrow",0
1999,"Summer Tanager",3
1999,"Tufted Titmouse",7
1999,"Turkey Vulture",0
1999,"White-breasted Nuthatch",0
1999,"White-eyed Vireo",2
1999,"Wood Thrush",10
1999,"Yellow-billed Cuckoo",3
1999,"Yellow-breasted Chat",7
1999,"Yellow-throated Vireo",1
1999,"Yellow-throated Warbler",1
1999,"Acadian Flycatcher",0
1999,"American Crow",40
1999,"American Goldfinch",12
1999,"American Robin",10
1999,"Barn Swallow",11
1999,"Blue Grosbeak",1
1999,"Blue Jay",2
1999,"Blue-gray Gnatcatcher",8
1999,"Brown Thrasher",1
1999,"Brown-headed Cowbird",2
1999,"Brown-headed Nuthatch",1
1999,"Canada Goose",1
1999,"Carolina Chickadee",1
1999,"Carolina Wren",3
1999,"Chimney Swift",3
1999,"Chipping Sparrow",20
1999,"Common Grackle",18
1999,"Common Yellowthroat",4
1999,"Downy Woodpecker",2
1999,"Eastern Bluebird",11
1999,"Eastern Kingbird",1
1999,"Eastern Meadowlark",7
1999,"Eastern Phoebe",2
1999,"Eastern Towhee",6
1999,"Eastern Whip-poor-will",1
1999,"Eastern Wood-Pewee",4
1999,"European Starling",1
1999,"Field Sparrow",1
1999,"Fish Crow",0
1999,"Grasshopper Sparrow",0
1999,"Gray Catbird",0
1999,"Great Blue Heron",0
1999,"Great Crested Flycatcher",0
1999,"Hooded Warbler",0
1999,"House Finch",1
1999,"House Sparrow",0
1999,"Indigo Bunting",14
1999,"Killdeer",1
1999,"Mourning Dove",14
1999,"Northern Bobwhite",2
1999,"Northern Cardinal",25
1999,"Northern Mockingbird",5
1999,"Northern Parula",0
1999,"Orchard Oriole",0
1999,"Ovenbird",6
1999,"Pileated Woodpecker",0
1999,"Pine Warbler",3
1999,"Prairie Warbler",2
1999,"Purple Martin",0
1999,"Red-bellied Woodpecker",7
1999,"Red-eyed Vireo",7
1999,"Red-shouldered Hawk",0
1999,"Red-winged Blackbird",0
1999,"Ruby-throated Hummingbird",1
1999,"Scarlet Tanager",1
1999,"Song Sparrow",0
1999,"Summer Tanager",2
1999,"Tufted Titmouse",2
1999,"Turkey Vulture",0
1999,"White-breasted Nuthatch",0
1999,"White-eyed Vireo",0
1999,"Wood Thrush",9
1999,"Yellow-billed Cuckoo",4
1999,"Yellow-breasted Chat",10
1999,"Yellow-throated Vireo",1
1999,"Yellow-throated Warbler",0
1999,"Acadian Flycatcher",1
1999,"American Crow",32
1999,"American Goldfinch",14
1999,"American Robin",4
1999,"Barn Swallow",0
1999,"Blue Grosbeak",3
1999,"Blue Jay",11
1999,"Blue-gray Gnatcatcher",16
1999,"Brown Thrasher",6
1999,"Brown-headed Cowbird",3
1999,"Brown-headed Nuthatch",3
1999,"Canada Goose",1
1999,"Carolina Chickadee",15
1999,"Carolina Wren",36
1999,"Chimney Swift",7
1999,"Chipping Sparrow",7
1999,"Common Grackle",2
1999,"Common Yellowthroat",2
1999,"Downy Woodpecker",3
1999,"Eastern Bluebird",12
1999,"Eastern Kingbird",0
1999,"Eastern Meadowlark",0
1999,"Eastern Phoebe",2
1999,"Eastern Towhee",11
1999,"Eastern Whip-poor-will",0
1999,"Eastern Wood-Pewee",2
1999,"European Starling",1
1999,"Field Sparrow",1
1999,"Fish Crow",2
1999,"Grasshopper Sparrow",0
1999,"Gray Catbird",0
1999,"Great Blue Heron",1
1999,"Great Crested Flycatcher",5
1999,"Hooded Warbler",1
1999,"House Finch",5
1999,"House Sparrow",0
1999,"Indigo Bunting",9
1999,"Killdeer",0
1999,"Mourning Dove",13
1999,"Northern Bobwhite",1
1999,"Northern Cardinal",41
1999,"Northern Mockingbird",3
1999,"Northern Parula",4
1999,"Orchard Oriole",1
1999,"Ovenbird",5
1999,"Pileated Woodpecker",1
1999,"Pine Warbler",20
1999,"Prairie Warbler",2
1999,"Purple Martin",0
1999,"Red-bellied Woodpecker",10
1999,"Red-eyed Vireo",14
1999,"Red-shouldered Hawk",2
1999,"Red-winged Blackbird",2
1999,"Ruby-throated Hummingbird",2
1999,"Scarlet Tanager",7
1999,"Song Sparrow",0
1999,"Summer Tanager",6
1999,"Tufted Titmouse",18
1999,"Turkey Vulture",0
1999,"White-breasted Nuthatch",2
1999,"White-eyed Vireo",1
1999,"Wood Thrush",16
1999,"Yellow-billed Cuckoo",5
1999,"Yellow-breasted Chat",5
1999,"Yellow-throated Vireo",1
1999,"Yellow-throated Warbler",0
1999,"Acadian Flycatcher",0
1999,"American Crow",16
1999,"American Goldfinch",6
1999,"American Robin",2
1999,"Barn Swallow",6
1999,"Blue Grosbeak",2
1999,"Blue Jay",2
1999,"Blue-gray Gnatcatcher",7
1999,"Brown Thrasher",1
1999,"Brown-headed Cowbird",1
1999,"Brown-headed Nuthatch",0
1999,"Canada Goose",0
1999,"Carolina Chickadee",3
1999,"Carolina Wren",11
1999,"Chimney Swift",3
1999,"Chipping Sparrow",5
1999,"Common Grackle",8
1999,"Common Yellowthroat",2
1999,"Downy Woodpecker",0
1999,"Eastern Bluebird",6
1999,"Eastern Kingbird",1
1999,"Eastern Meadowlark",1
1999,"Eastern Phoebe",1
1999,"Eastern Towhee",4
1999,"Eastern Whip-poor-will",2
1999,"Eastern Wood-Pewee",2
1999,"European Starling",10
1999,"Field Sparrow",1
1999,"Fish Crow",0
1999,"Grasshopper Sparrow",0
1999,"Gray Catbird",1
1999,"Great Blue Heron",0
1999,"Great Crested Flycatcher",0
1999,"Hooded Warbler",0
1999,"House Finch",2
1999,"House Sparrow",2
1999,"Indigo Bunting",8
1999,"Killdeer",1
1999,"Mourning Dove",13
1999,"Northern Bobwhite",1
1999,"Northern Cardinal",15
1999,"Northern Mockingbird",6
1999,"Northern Parula",0
1999,"Orchard Oriole",0
1999,"Ovenbird",1
1999,"Pileated Woodpecker",0
1999,"Pine Warbler",1
1999,"Prairie Warbler",1
1999,"Purple Martin",0
1999,"Red-bellied Woodpecker",4
1999,"Red-eyed Vireo",5
1999,"Red-shouldered Hawk",1
1999,"Red-winged Blackbird",2
1999,"Ruby-throated Hummingbird",0
1999,"Scarlet Tanager",1
1999,"Song Sparrow",0
1999,"Summer Tanager",3
1999,"Tufted Titmouse",4
1999,"Turkey Vulture",0
1999,"White-breasted Nuthatch",0
1999,"White-eyed Vireo",0
1999,"Wood Thrush",6
1999,"Yellow-billed Cuckoo",2
1999,"Yellow-breasted Chat",5
1999,"Yellow-throated Vireo",0
1999,"Yellow-throated Warbler",0
1999,"Acadian Flycatcher",0
1999,"American Crow",34
1999,"American Goldfinch",1
1999,"American Robin",1
1999,"Barn Swallow",1
1999,"Blue Grosbeak",2
1999,"Blue Jay",4
1999,"Blue-gray Gnatcatcher",3
1999,"Brown Thrasher",0
1999,"Brown-headed Cowbird",1
1999,"Brown-headed Nuthatch",0
1999,"Canada Goose",1
1999,"Carolina Chickadee",2
1999,"Carolina Wren",19
1999,"Chimney Swift",1
1999,"Chipping Sparrow",2
1999,"Common Grackle",5
1999,"Common Yellowthroat",6
1999,"Downy Woodpecker",0
1999,"Eastern Bluebird",6
1999,"Eastern Kingbird",0
1999,"Eastern Meadowlark",1
1999,"Eastern Phoebe",2
1999,"Eastern Towhee",4
1999,"Eastern Whip-poor-will",1
1999,"Eastern Wood-Pewee",5
1999,"European Starling",0
1999,"Field Sparrow",1
1999,"Fish Crow",0
1999,"Grasshopper Sparrow",0
1999,"Gray Catbird",1
1999,"Great Blue Heron",0
1999,"Great Crested Flycatcher",1
1999,"Hooded Warbler",1
1999,"House Finch",0
1999,"House Sparrow",0
1999,"Indigo Bunting",18
1999,"Killdeer",1
1999,"Mourning Dove",13
1999,"Northern Bobwhite",2
1999,"Northern Cardinal",18
1999,"Northern Mockingbird",2
1999,"Northern Parula",1
1999,"Orchard Oriole",0
1999,"Ovenbird",4
1999,"Pileated Woodpecker",0
1999,"Pine Warbler",3
1999,"Prairie Warbler",3
1999,"Purple Martin",0
1999,"Red-bellied Woodpecker",5
1999,"Red-eyed Vireo",18
1999,"Red-shouldered Hawk",1
1999,"Red-winged Blackbird",0
1999,"Ruby-throated Hummingbird",0
1999,"Scarlet Tanager",0
1999,"Song Sparrow",0
1999,"Summer Tanager",1
1999,"Tufted Titmouse",10
1999,"Turkey Vulture",0
1999,"White-breasted Nuthatch",1
1999,"White-eyed Vireo",2
1999,"Wood Thrush",3
1999,"Yellow-billed Cuckoo",3
1999,"Yellow-breasted Chat",8
1999,"Yellow-throated Vireo",0
1999,"Yellow-throated Warbler",0
1999,"Acadian Flycatcher",0
1999,"American Crow",24
1999,"American Goldfinch",5
1999,"American Robin",8
1999,"Barn Swallow",11
1999,"Blue Grosbeak",3
1999,"Blue Jay",4
1999,"Blue-gray Gnatcatcher",4
1999,"Brown Thrasher",1
1999,"Brown-headed Cowbird",5
1999,"Brown-headed Nuthatch",0
1999,"Canada Goose",0
1999,"Carolina Chickadee",2
1999,"Carolina Wren",11
1999,"Chimney Swift",4
1999,"Chipping Sparrow",13
1999,"Common Grackle",7
1999,"Common Yellowthroat",3
1999,"Downy Woodpecker",2
1999,"Eastern Bluebird",13
1999,"Eastern Kingbird",1
1999,"Eastern Meadowlark",8
1999,"Eastern Phoebe",2
1999,"Eastern Towhee",4
1999,"Eastern Whip-poor-will",0
1999,"Eastern Wood-Pewee",7
1999,"European Starling",12
1999,"Field Sparrow",0
1999,"Fish Crow",0
1999,"Grasshopper Sparrow",0
1999,"Gray Catbird",0
1999,"Great Blue Heron",0
1999,"Great Crested Flycatcher",2
1999,"Hooded Warbler",0
1999,"House Finch",0
1999,"House Sparrow",1
1999,"Indigo Bunting",12
1999,"Killdeer",0
1999,"Mourning Dove",15
1999,"Northern Bobwhite",3
1999,"Northern Cardinal",15
1999,"Northern Mockingbird",13
1999,"Northern Parula",1
1999,"Orchard Oriole",2
1999,"Ovenbird",2
1999,"Pileated Woodpecker",0
1999,"Pine Warbler",1
1999,"Prairie Warbler",0
1999,"Purple Martin",0
1999,"Red-bellied Woodpecker",9
1999,"Red-eyed Vireo",6
1999,"Red-shouldered Hawk",0
1999,"Red-winged Blackbird",6
1999,"Ruby-throated Hummingbird",0
1999,"Scarlet Tanager",1
1999,"Song Sparrow",0
1999,"Summer Tanager",3
1999,"Tufted Titmouse",5
1999,"Turkey Vulture",0
1999,"White-breasted Nuthatch",2
1999,"White-eyed Vireo",0
1999,"Wood Thrush",7
1999,"Yellow-billed Cuckoo",3
1999,"Yellow-breasted Chat",3
1999,"Yellow-throated Vireo",1
1999,"Yellow-throated Warbler",0
1999,"Acadian Flycatcher",0
1999,"American Crow",36
1999,"American Goldfinch",7
1999,"American Robin",12
1999,"Barn Swallow",2
1999,"Blue Grosbeak",1
1999,"Blue Jay",10
1999,"Blue-gray Gnatcatcher",1
1999,"Brown Thrasher",2
1999,"Brown-headed Cowbird",1
1999,"Brown-headed Nuthatch",0
1999,"Canada Goose",5
1999,"Carolina Chickadee",7
1999,"Carolina Wren",8
1999,"Chimney Swift",26
1999,"Chipping Sparrow",7
1999,"Common Grackle",8
1999,"Common Yellowthroat",0
1999,"Downy Woodpecker",1
1999,"Eastern Bluebird",10
1999,"Eastern Kingbird",0
1999,"Eastern Meadowlark",5
1999,"Eastern Phoebe",1
1999,"Eastern Towhee",9
1999,"Eastern Whip-poor-will",0
1999,"Eastern Wood-Pewee",2
1999,"European Starling",21
1999,"Field Sparrow",0
1999,"Fish Crow",0
1999,"Grasshopper Sparrow",0
1999,"Gray Catbird",1
1999,"Great Blue Heron",0
1999,"Great Crested Flycatcher",0
1999,"Hooded Warbler",0
1999,"House Finch",5
1999,"House Sparrow",8
1999,"Indigo Bunting",13
1999,"Killdeer",1
1999,"Mourning Dove",21
1999,"Northern Bobwhite",0
1999,"Northern Cardinal",37
1999,"Northern Mockingbird",19
1999,"Northern Parula",0
1999,"Orchard Oriole",0
1999,"Ovenbird",0
1999,"Pileated Woodpecker",0
1999,"Pine Warbler",2
1999,"Prairie Warbler",0
1999,"Purple Martin",0
1999,"Red-bellied Woodpecker",2
1999,"Red-eyed Vireo",5
1999,"Red-shouldered Hawk",0
1999,"Red-winged Blackbird",0
1999,"Ruby-throated Hummingbird",0
1999,"Scarlet Tanager",0
1999,"Song Sparrow",4
1999,"Summer Tanager",1
1999,"Tufted Titmouse",5
1999,"Turkey Vulture",0
1999,"White-breasted Nuthatch",0
1999,"White-eyed Vireo",0
1999,"Wood Thrush",5
1999,"Yellow-billed Cuckoo",0
1999,"Yellow-breasted Chat",4
1999,"Yellow-throated Vireo",0
1999,"Yellow-throated Warbler",0
1999,"Acadian Flycatcher",0
1999,"American Crow",20
1999,"American Goldfinch",6
1999,"American Robin",3
1999,"Barn Swallow",2
1999,"Blue Grosbeak",4
1999,"Blue Jay",1
1999,"Blue-gray Gnatcatcher",8
1999,"Brown Thrasher",1
1999,"Brown-headed Cowbird",4
1999,"Brown-headed Nuthatch",0
1999,"Canada Goose",3
1999,"Carolina Chickadee",4
1999,"Carolina Wren",14
1999,"Chimney Swift",10
1999,"Chipping Sparrow",6
1999,"Common Grackle",24
1999,"Common Yellowthroat",0
1999,"Downy Woodpecker",0
1999,"Eastern Bluebird",5
1999,"Eastern Kingbird",1
1999,"Eastern Meadowlark",0
1999,"Eastern Phoebe",1
1999,"Eastern Towhee",7
1999,"Eastern Whip-poor-will",0
1999,"Eastern Wood-Pewee",2
1999,"European Starling",7
1999,"Field Sparrow",1
1999,"Fish Crow",0
1999,"Grasshopper Sparrow",0
1999,"Gray Catbird",0
1999,"Great Blue Heron",1
1999,"Great Crested Flycatcher",1
1999,"Hooded Warbler",0
1999,"House Finch",3
1999,"House Sparrow",0
1999,"Indigo Bunting",7
1999,"Killdeer",0
1999,"Mourning Dove",24
1999,"Northern Bobwhite",0
1999,"Northern Cardinal",15
1999,"Northern Mockingbird",3
1999,"Northern Parula",1
1999,"Orchard Oriole",0
1999,"Ovenbird",1
1999,"Pileated Woodpecker",0
1999,"Pine Warbler",12
1999,"Prairie Warbler",0
1999,"Purple Martin",8
1999,"Red-bellied Woodpecker",3
1999,"Red-eyed Vireo",1
1999,"Red-shouldered Hawk",0
1999,"Red-winged Blackbird",0
1999,"Ruby-throated Hummingbird",0
1999,"Scarlet Tanager",1
1999,"Song Sparrow",0
1999,"Summer Tanager",1
1999,"Tufted Titmouse",9
1999,"Turkey Vulture",0
1999,"White-breasted Nuthatch",0
1999,"White-eyed Vireo",0
1999,"Wood Thrush",2
1999,"Yellow-billed Cuckoo",1
1999,"Yellow-breasted Chat",0
1999,"Yellow-throated Vireo",0
1999,"Yellow-throated Warbler",0
1999,"Acadian Flycatcher",0
1999,"American Crow",25
1999,"American Goldfinch",3
1999,"American Robin",2
1999,"Barn Swallow",5
1999,"Blue Grosbeak",1
1999,"Blue Jay",2
1999,"Blue-gray Gnatcatcher",2
1999,"Brown Thrasher",0
1999,"Brown-headed Cowbird",2
1999,"Brown-headed Nuthatch",0
1999,"Canada Goose",15
1999,"Carolina Chickadee",0
1999,"Carolina Wren",6
1999,"Chimney Swift",2
1999,"Chipping Sparrow",10
1999,"Common Grackle",5
1999,"Common Yellowthroat",3
1999,"Downy Woodpecker",1
1999,"Eastern Bluebird",7
1999,"Eastern Kingbird",0
1999,"Eastern Meadowlark",5
1999,"Eastern Phoebe",1
1999,"Eastern Towhee",4
1999,"Eastern Whip-poor-will",0
1999,"Eastern Wood-Pewee",0
1999,"European Starling",1
1999,"Field Sparrow",1
1999,"Fish Crow",0
1999,"Grasshopper Sparrow",1
1999,"Gray Catbird",0
1999,"Great Blue Heron",0
1999,"Great Crested Flycatcher",0
1999,"Hooded Warbler",1
1999,"House Finch",0
1999,"House Sparrow",0
1999,"Indigo Bunting",15
1999,"Killdeer",0
1999,"Mourning Dove",13
1999,"Northern Bobwhite",1
1999,"Northern Cardinal",36
1999,"Northern Mockingbird",2
1999,"Northern Parula",0
1999,"Orchard Oriole",0
1999,"Ovenbird",1
1999,"Pileated Woodpecker",0
1999,"Pine Warbler",0
1999,"Prairie Warbler",3
1999,"Purple Martin",6
1999,"Red-bellied Woodpecker",4
1999,"Red-eyed Vireo",1
1999,"Red-shouldered Hawk",0
1999,"Red-winged Blackbird",3
1999,"Ruby-throated Hummingbird",0
1999,"Scarlet Tanager",0
1999,"Song Sparrow",0
1999,"Summer Tanager",1
1999,"Tufted Titmouse",3
1999,"Turkey Vulture",0
1999,"White-breasted Nuthatch",0
1999,"White-eyed Vireo",0
1999,"Wood Thrush",5
1999,"Yellow-billed Cuckoo",2
1999,"Yellow-breasted Chat",5
1999,"Yellow-throated Vireo",0
1999,"Yellow-throated Warbler",0
1999,"Acadian Flycatcher",0
1999,"American Crow",14
1999,"American Goldfinch",3
1999,"American Robin",5
1999,"Barn Swallow",0
1999,"Blue Grosbeak",0
1999,"Blue Jay",3
1999,"Blue-gray Gnatcatcher",7
1999,"Brown Thrasher",1
1999,"Brown-headed Cowbird",0
1999,"Brown-headed Nuthatch",0
1999,"Canada Goose",3
1999,"Carolina Chickadee",8
1999,"Carolina Wren",8
1999,"Chimney Swift",2
1999,"Chipping Sparrow",7
1999,"Common Grackle",20
1999,"Common Yellowthroat",0
1999,"Downy Woodpecker",0
1999,"Eastern Bluebird",3
1999,"Eastern Kingbird",0
1999,"Eastern Meadowlark",1
1999,"Eastern Phoebe",1
1999,"Eastern Towhee",7
1999,"Eastern Whip-poor-will",0
1999,"Eastern Wood-Pewee",1
1999,"European Starling",10
1999,"Field Sparrow",0
1999,"Fish Crow",0
1999,"Grasshopper Sparrow",0
1999,"Gray Catbird",0
1999,"Great Blue Heron",0
1999,"Great Crested Flycatcher",0
1999,"Hooded Warbler",0
1999,"House Finch",1
1999,"House Sparrow",0
1999,"Indigo Bunting",11
1999,"Killdeer",0
1999,"Mourning Dove",16
1999,"Northern Bobwhite",1
1999,"Northern Cardinal",14
1999,"Northern Mockingbird",3
1999,"Northern Parula",0
1999,"Orchard Oriole",0
1999,"Ovenbird",2
1999,"Pileated Woodpecker",0
1999,"Pine Warbler",8
1999,"Prairie Warbler",1
1999,"Purple Martin",0
1999,"Red-bellied Woodpecker",4
1999,"Red-eyed Vireo",-1
1999,"Red-shouldered Hawk",0
1999,"Red-winged Blackbird",0
1999,"Ruby-throated Hummingbird",0
1999,"Scarlet Tanager",1
1999,"Song Sparrow",0
1999,"Summer Tanager",0
1999,"Tufted Titmouse",11
1999,"Turkey Vulture",0
1999,"White-breasted Nuthatch",0
1999,"White-eyed Vireo",0
1999,"Wood Thrush",16
1999,"Yellow-billed Cuckoo",0
1999,"Yellow-breasted Chat",0
1999,"Yellow-throated Vireo",0
1999,"Yellow-throated Warbler",0
1999,"Acadian Flycatcher",1
1999,"American Crow",24
1999,"American Goldfinch",7
1999,"American Robin",36
1999,"Barn Swallow",4
1999,"Blue Grosbeak",0
1999,"Blue Jay",12
1999,"Blue-gray Gnatcatcher",4
1999,"Brown Thrasher",2
1999,"Brown-headed Cowbird",2
1999,"Brown-headed Nuthatch",1
1999,"Canada Goose",2
1999,"Carolina Chickadee",10
1999,"Carolina Wren",6
1999,"Chimney Swift",15
1999,"Chipping Sparrow",5
1999,"Common Grackle",45
1999,"Common Yellowthroat",0
1999,"Downy Woodpecker",4
1999,"Eastern Bluebird",1
1999,"Eastern Kingbird",0
1999,"Eastern Meadowlark",0
1999,"Eastern Phoebe",1
1999,"Eastern Towhee",17
1999,"Eastern Whip-poor-will",0
1999,"Eastern Wood-Pewee",0
1999,"European Starling",13
1999,"Field Sparrow",0
1999,"Fish Crow",1
1999,"Grasshopper Sparrow",0
1999,"Gray Catbird",5
1999,"Great Blue Heron",0
1999,"Great Crested Flycatcher",1
1999,"Hooded Warbler",0
1999,"House Finch",10
1999,"House Sparrow",1
1999,"Indigo Bunting",2
1999,"Killdeer",0
1999,"Mourning Dove",13
1999,"Northern Bobwhite",0
1999,"Northern Cardinal",37
1999,"Northern Mockingbird",13
1999,"Northern Parula",1
1999,"Orchard Oriole",0
1999,"Ovenbird",0
1999,"Pileated Woodpecker",0
1999,"Pine Warbler",3
1999,"Prairie Warbler",0
1999,"Purple Martin",0
1999,"Red-bellied Woodpecker",9
1999,"Red-eyed Vireo",6
1999,"Red-shouldered Hawk",1
1999,"Red-winged Blackbird",0
1999,"Ruby-throated Hummingbird",1
1999,"Scarlet Tanager",1
1999,"Song Sparrow",2
1999,"Summer Tanager",0
1999,"Tufted Titmouse",7
1999,"Turkey Vulture",0
1999,"White-breasted Nuthatch",2
1999,"White-eyed Vireo",0
1999,"Wood Thrush",1
1999,"Yellow-billed Cuckoo",0
1999,"Yellow-breasted Chat",0
1999,"Yellow-throated Vireo",0
1999,"Yellow-throated Warbler",1
1999,"Acadian Flycatcher",1
1999,"American Crow",8
1999,"American Goldfinch",4
1999,"American Robin",10
1999,"Barn Swallow",5
1999,"Blue Grosbeak",2
1999,"Blue Jay",1
1999,"Blue-gray Gnatcatcher",10
1999,"Brown Thrasher",2
1999,"Brown-headed Cowbird",9
1999,"Brown-headed Nuthatch",0
1999,"Canada Goose",11
1999,"Carolina Chickadee",5
1999,"Carolina Wren",15
1999,"Chimney Swift",3
1999,"Chipping Sparrow",8
1999,"Common Grackle",9
1999,"Common Yellowthroat",3
1999,"Downy Woodpecker",1
1999,"Eastern Bluebird",4
1999,"Eastern Kingbird",0
1999,"Eastern Meadowlark",1
1999,"Eastern Phoebe",2
1999,"Eastern Towhee",13
1999,"Eastern Whip-poor-will",0
1999,"Eastern Wood-Pewee",3
1999,"European Starling",3
1999,"Field Sparrow",0
1999,"Fish Crow",0
1999,"Grasshopper Sparrow",0
1999,"Gray Catbird",1
1999,"Great Blue Heron",5
1999,"Great Crested Flycatcher",1
1999,"Hooded Warbler",0
1999,"House Finch",3
1999,"House Sparrow",0
1999,"Indigo Bunting",12
1999,"Killdeer",1
1999,"Mourning Dove",10
1999,"Northern Bobwhite",0
1999,"Northern Cardinal",29
1999,"Northern Mockingbird",4
1999,"Northern Parula",0
1999,"Orchard Oriole",0
1999,"Ovenbird",1
1999,"Pileated Woodpecker",0
1999,"Pine Warbler",2
1999,"Prairie Warbler",0
1999,"Purple Martin",1
1999,"Red-bellied Woodpecker",3
1999,"Red-eyed Vireo",12
1999,"Red-shouldered Hawk",0
1999,"Red-winged Blackbird",0
1999,"Ruby-throated Hummingbird",1
1999,"Scarlet Tanager",0
1999,"Song Sparrow",1
1999,"Summer Tanager",0
1999,"Tufted Titmouse",6
1999,"Turkey Vulture",0
1999,"White-breasted Nuthatch",0
1999,"White-eyed Vireo",1
1999,"Wood Thrush",9
1999,"Yellow-billed Cuckoo",1
1999,"Yellow-breasted Chat",1
1999,"Yellow-throated Vireo",2
1999,"Yellow-throated Warbler",0
1999,"Acadian Flycatcher",0
1999,"American Crow",10
1999,"American Goldfinch",14
1999,"American Robin",19
1999,"Barn Swallow",1
1999,"Blue Grosbeak",0
1999,"Blue Jay",10
1999,"Blue-gray Gnatcatcher",14
1999,"Brown Thrasher",2
1999,"Brown-headed Cowbird",2
1999,"Brown-headed Nuthatch",9
1999,"Canada Goose",5
1999,"Carolina Chickadee",9
1999,"Carolina Wren",16
1999,"Chimney Swift",14
1999,"Chipping Sparrow",7
1999,"Common Grackle",7
1999,"Common Yellowthroat",0
1999,"Downy Woodpecker",3
1999,"Eastern Bluebird",6
1999,"Eastern Kingbird",0
1999,"Eastern Meadowlark",0
1999,"Eastern Phoebe",1
1999,"Eastern Towhee",28
1999,"Eastern Whip-poor-will",0
1999,"Eastern Wood-Pewee",1
1999,"European Starling",3
1999,"Field Sparrow",0
1999,"Fish Crow",1
1999,"Grasshopper Sparrow",0
1999,"Gray Catbird",1
1999,"Great Blue Heron",0
1999,"Great Crested Flycatcher",2
1999,"Hooded Warbler",0
1999,"House Finch",9
1999,"House Sparrow",4
1999,"Indigo Bunting",4
1999,"Killdeer",0
1999,"Mourning Dove",17
1999,"Northern Bobwhite",0
1999,"Northern Cardinal",49
1999,"Northern Mockingbird",18
1999,"Northern Parula",0
1999,"Orchard Oriole",0
1999,"Ovenbird",0
1999,"Pileated Woodpecker",0
1999,"Pine Warbler",5
1999,"Prairie Warbler",0
1999,"Purple Martin",0
1999,"Red-bellied Woodpecker",9
1999,"Red-eyed Vireo",3
1999,"Red-shouldered Hawk",0
1999,"Red-winged Blackbird",0
1999,"Ruby-throated Hummingbird",2
1999,"Scarlet Tanager",1
1999,"Song Sparrow",2
1999,"Summer Tanager",5
1999,"Tufted Titmouse",12
1999,"Turkey Vulture",0
1999,"White-breasted Nuthatch",4
1999,"White-eyed Vireo",0
1999,"Wood Thrush",7
1999,"Yellow-billed Cuckoo",0
1999,"Yellow-breasted Chat",1
1999,"Yellow-throated Vireo",0
1999,"Yellow-throated Warbler",0
1999,"Acadian Flycatcher",0
1999,"American Crow",9
1999,"American Goldfinch",6
1999,"American Robin",15
1999,"Barn Swallow",1
1999,"Blue Grosbeak",0
1999,"Blue Jay",5
1999,"Blue-gray Gnatcatcher",0
1999,"Brown Thrasher",1
1999,"Brown-headed Cowbird",1
1999,"Brown-headed Nuthatch",2
1999,"Canada Goose",-5
1999,"Carolina Chickadee",2
1999,"Carolina Wren",18
1999,"Chimney Swift",1
1999,"Chipping Sparrow",2
1999,"Common Grackle",11
1999,"Common Yellowthroat",1
1999,"Downy Woodpecker",0
1999,"Eastern Bluebird",2
1999,"Eastern Kingbird",0
1999,"Eastern Meadowlark",0
1999,"Eastern Phoebe",0
1999,"Eastern Towhee",14
1999,"Eastern Whip-poor-will",0
1999,"Eastern Wood-Pewee",1
1999,"European Starling",8
1999,"Field Sparrow",0
1999,"Fish Crow",4
1999,"Grasshopper Sparrow",0
1999,"Gray Catbird",2
1999,"Great Blue Heron",0
1999,"Great Crested Flycatcher",0
1999,"Hooded Warbler",0
1999,"House Finch",4
1999,"House Sparrow",0
1999,"Indigo Bunting",4
1999,"Killdeer",0
1999,"Mourning Dove",6
1999,"Northern Bobwhite",0
1999,"Northern Cardinal",16
1999,"Northern Mockingbird",12
1999,"Northern Parula",0
1999,"Orchard Oriole",1
1999,"Ovenbird",0
1999,"Pileated Woodpecker",0
1999,"Pine Warbler",6
1999,"Prairie Warbler",0
1999,"Purple Martin",0
1999,"Red-bellied Woodpecker",2
1999,"Red-eyed Vireo",3
1999,"Red-shouldered Hawk",0
1999,"Red-winged Blackbird",0
1999,"Ruby-throated Hummingbird",0
1999,"Scarlet Tanager",0
1999,"Song Sparrow",3
1999,"Summer Tanager",0
1999,"Tufted Titmouse",8
1999,"Turkey Vulture",0
1999,"White-breasted Nuthatch",0
1999,"White-eyed Vireo",0
1999,"Wood Thrush",1
1999,"Yellow-billed Cuckoo",0
1999,"Yellow-breasted Chat",0
1999,"Yellow-throated Vireo",0
1999,"Yellow-throated Warbler",0
1999,"Acadian Flycatcher",0
1999,"American Crow",9
1999,"American Goldfinch",5
1999,"American Robin",2
1999,"Barn Swallow",1
1999,"Blue Grosbeak",2
1999,"Blue Jay",3
1999,"Blue-gray Gnatcatcher",6
1999,"Brown Thrasher",0
1999,"Brown-headed Cowbird",3
1999,"Brown-headed Nuthatch",0
1999,"Canada Goose",0
1999,"Carolina Chickadee",4
1999,"Carolina Wren",8
1999,"Chimney Swift",3
1999,"Chipping Sparrow",6
1999,"Common Grackle",5
1999,"Common Yellowthroat",1
1999,"Downy Woodpecker",0
1999,"Eastern Bluebird",4
1999,"Eastern Kingbird",0
1999,"Eastern Meadowlark",0
1999,"Eastern Phoebe",1
1999,"Eastern Towhee",11
1999,"Eastern Whip-poor-will",0
1999,"Eastern Wood-Pewee",0
1999,"European Starling",2
1999,"Field Sparrow",2
1999,"Fish Crow",1
1999,"Grasshopper Sparrow",0
1999,"Gray Catbird",1
1999,"Great Blue Heron",0
1999,"Great Crested Flycatcher",0
1999,"Hooded Warbler",1
1999,"House Finch",0
1999,"House Sparrow",1
1999,"Indigo Bunting",11
1999,"Killdeer",1
1999,"Mourning Dove",6
1999,"Northern Bobwhite",4
1999,"Northern Cardinal",11
1999,"Northern Mockingbird",5
1999,"Northern Parula",2
1999,"Orchard Oriole",0
1999,"Ovenbird",2
1999,"Pileated Woodpecker",0
1999,"Pine Warbler",0
1999,"Prairie Warbler",2
1999,"Purple Martin",0
1999,"Red-bellied Woodpecker",4
1999,"Red-eyed Vireo",3
1999,"Red-shouldered Hawk",0
1999,"Red-winged Blackbird",0
1999,"Ruby-throated Hummingbird",0
1999,"Scarlet Tanager",0
1999,"Song Sparrow",0
1999,"Summer Tanager",1
1999,"Tufted Titmouse",6
1999,"Turkey Vulture",0
1999,"White-breasted Nuthatch",1
1999,"White-eyed Vireo",0
1999,"Wood Thrush",2
1999,"Yellow-billed Cuckoo",0
1999,"Yellow-breasted Chat",3
1999,"Yellow-throated Vireo",0
1999,"Yellow-throated Warbler",0
1999,"Acadian Flycatcher",0
1999,"American Crow",27
1999,"American Goldfinch",4
1999,"American Robin",3
1999,"Barn Swallow",1
1999,"Blue Grosbeak",0
1999,"Blue Jay",2
1999,"Blue-gray Gnatcatcher",13
1999,"Brown Thrasher",1
1999,"Brown-headed Cowbird",2
1999,"Brown-headed Nuthatch",1
1999,"Canada Goose",3
1999,"Carolina Chickadee",6
1999,"Carolina Wren",3
1999,"Chimney Swift",8
1999,"Chipping Sparrow",9
1999,"Common Grackle",8
1999,"Common Yellowthroat",1
1999,"Downy Woodpecker",3
1999,"Eastern Bluebird",7
1999,"Eastern Kingbird",0
1999,"Eastern Meadowlark",0
1999,"Eastern Phoebe",2
1999,"Eastern Towhee",4
1999,"Eastern Whip-poor-will",0
1999,"Eastern Wood-Pewee",1
1999,"European Starling",4
1999,"Field Sparrow",1
1999,"Fish Crow",4
1999,"Grasshopper Sparrow",0
1999,"Gray Catbird",0
1999,"Great Blue Heron",1
1999,"Great Crested Flycatcher",0
1999,"Hooded Warbler",0
1999,"House Finch",-1
1999,"House Sparrow",2
1999,"Indigo Bunting",9
1999,"Killdeer",1
1999,"Mourning Dove",11
1999,"Northern Bobwhite",1
1999,"Northern Cardinal",32
1999,"Northern Mockingbird",14
1999,"Northern Parula",0
1999,"Orchard Oriole",0
1999,"Ovenbird",1
1999,"Pileated Woodpecker",0
1999,"Pine Warbler",0
1999,"Prairie Warbler",0
1999,"Purple Martin",0
1999,"Red-bellied Woodpecker",2
1999,"Red-eyed Vireo",3
1999,"Red-shouldered Hawk",0
1999,"Red-winged Blackbird",0
1999,"Ruby-throated Hummingbird",0
1999,"Scarlet Tanager",1
1999,"Song Sparrow",0
1999,"Summer Tanager",2
1999,"Tufted Titmouse",5
1999,"Turkey Vulture",0
1999,"White-breasted Nuthatch",0
1999,"White-eyed Vireo",0
1999,"Wood Thrush",3
1999,"Yellow-billed Cuckoo",0
1999,"Yellow-breasted Chat",3
1999,"Yellow-throated Vireo",0
1999,"Yellow-throated Warbler",0
2000,"Acadian Flycatcher",0
2000,"American Crow",25
2000,"American Goldfinch",3
2000,"American Robin",2
2000,"Barn Swallow",5
2000,"Blue Grosbeak",2
2000,"Blue Jay",2
2000,"Blue-gray Gnatcatcher",2
2000,"Brown Thrasher",1
2000,"Brown-headed Cowbird",2
2000,"Brown-headed Nuthatch",0
2000,"Canada Goose",14
2000,"Carolina Chickadee",0
2000,"Carolina Wren",6
2000,"Chimney Swift",2
2000,"Chipping Sparrow",10
2000,"Common Grackle",5
2000,"Common Yellowthroat",3
2000,"Downy Woodpecker",1
2000,"Eastern Bluebird",7
2000,"Eastern Kingbird",0
2000,"Eastern Meadowlark",5
2000,"Eastern Phoebe",1
2000,"Eastern Towhee",3
2000,"Eastern Whip-poor-will",0
2000,"Eastern Wood-Pewee",0
2000,"European Starling",2
2000,"Field Sparrow",1
2000,"Fish Crow",0
2000,"Grasshopper Sparrow",1
2000,"Gray Catbird",0
2000,"Great Blue Heron",0
2000,"Great Crested Flycatcher",0
2000,"Hooded Warbler",1
2000,"House Finch",0
2000,"House Sparrow",0
2000,"Indigo Bunting",15
2000,"Killdeer",0
2000,"Mourning Dove",13
2000,"Northern Bobwhite",1
2000,"Northern Cardinal",35
2000,"Northern Mockingbird",3
2000,"Northern Parula",0
2000,"Orchard Oriole",0
2000,"Ovenbird",1
2000,"Pileated Woodpecker",0
2000,"Pine Warbler",0
2000,"Prairie Warbler",3
2000,"Purple Martin",6
2000,"Red-bellied Woodpecker",4
2000,"Red-eyed Vireo",2
2000,"Red-shouldered Hawk",0
2000,"Red-winged Blackbird",3
2000,"Ruby-throated Hummingbird",0
2000,"Scarlet Tanager",0
2000,"Song Sparrow",0
2000,"Summer Tanager",1
2000,"Tufted Titmouse",4
2000,"Turkey Vulture",0
2000,"White-breasted Nuthatch",0
2000,"White-eyed Vireo",0
2000,"Wood Thrush",4
2000,"Yellow-billed Cuckoo",2
2000,"Yellow-breasted Chat",5
2000,"Yellow-throated Vireo",0
2000,"Yellow-throated Warbler",0
2000,"Acadian Flycatcher",0
2000,"American Crow",15
2000,"American Goldfinch",3
2000,"American Robin",5
2000,"Barn Swallow",0
2000,"Blue Grosbeak",0
2000,"Blue Jay",3
2000,"Blue-gray Gnatcatcher",8
2000,"Brown Thrasher",1
2000,"Brown-headed Cowbird",0
2000,"Brown-headed Nuthatch",0
2000,"Canada Goose",3
2000,"Carolina Chickadee",8
2000,"Carolina Wren",8
2000,"Chimney Swift",2
2000,"Chipping Sparrow",7
2000,"Common Grackle",19
2000,"Common Yellowthroat",0
2000,"Downy Woodpecker",0
2000,"Eastern Bluebird",3
2000,"Eastern Kingbird",0
2000,"Eastern Meadowlark",1
2000,"Eastern Phoebe",1
2000,"Eastern Towhee",6
2000,"Eastern Whip-poor-will",0
2000,"Eastern Wood-Pewee",1
2000,"European Starling",9
2000,"Field Sparrow",0
2000,"Fish Crow",0
2000,"Grasshopper Sparrow",0
2000,"Gray Catbird",0
2000,"Great Blue Heron",0
2000,"Great Crested Flycatcher",0
2000,"Hooded Warbler",0
2000,"House Finch",1
2000,"House Sparrow",0
2000,"Indigo Bunting",11
2000,"Killdeer",0
2000,"Mourning Dove",15
2000,"Northern Bobwhite",1
2000,"Northern Cardinal",14
2000,"Northern Mockingbird",3
2000,"Northern Parula",0
2000,"Orchard Oriole",0
2000,"Ovenbird",2
2000,"Pileated Woodpecker",0
2000,"Pine Warbler",8
2000,"Prairie Warbler",1
2000,"Purple Martin",0
2000,"Red-bellied Woodpecker",4
2000,"Red-eyed Vireo",0
2000,"Red-shouldered Hawk",0
2000,"Red-winged Blackbird",0
2000,"Ruby-throated Hummingbird",0
2000,"Scarlet Tanager",1
2000,"Song Sparrow",0
2000,"Summer Tanager",0
2000,"Tufted Titmouse",11
2000,"Turkey Vulture",0
2000,"White-breasted Nuthatch",0
2000,"White-eyed Vireo",0
2000,"Wood Thrush",15
2000,"Yellow-billed Cuckoo",0
2000,"Yellow-breasted Chat",0
2000,"Yellow-throated Vireo",0
2000,"Yellow-throated Warbler",0
2000,"Acadian Flycatcher",1
2000,"American Crow",24
2000,"American Goldfinch",7
2000,"American Robin",35
2000,"Barn Swallow",4
2000,"Blue Grosbeak",0
2000,"Blue Jay",11
2000,"Blue-gray Gnatcatcher",4
2000,"Brown Thrasher",2
2000,"Brown-headed Cowbird",2
2000,"Brown-headed Nuthatch",1
2000,"Canada Goose",2
2000,"Carolina Chickadee",10
2000,"Carolina Wren",7
2000,"Chimney Swift",15
2000,"Chipping Sparrow",5
2000,"Common Grackle",44
2000,"Common Yellowthroat",0
2000,"Downy Woodpecker",4
2000,"Eastern Bluebird",1
2000,"Eastern Kingbird",0
2000,"Eastern Meadowlark",0
2000,"Eastern Phoebe",1
2000,"Eastern Towhee",16
2000,"Eastern Whip-poor-will",0
2000,"Eastern Wood-Pewee",0
2000,"European Starling",12
2000,"Field Sparrow",0
2000,"Fish Crow",1
2000,"Grasshopper Sparrow",0
2000,"Gray Catbird",5
2000,"Great Blue Heron",0
2000,"Great Crested Flycatcher",1
2000,"Hooded Warbler",0
2000,"House Finch",10
2000,"House Sparrow",1
2000,"Indigo Bunting",2
2000,"Killdeer",0
2000,"Mourning Dove",12
2000,"Northern Bobwhite",0
2000,"Northern Cardinal",36
2000,"Northern Mockingbird",13
2000,"Northern Parula",1
2000,"Orchard Oriole",0
2000,"Ovenbird",0
2000,"Pileated Woodpecker",0
2000,"Pine Warbler",3
2000,"Prairie Warbler",0
2000,"Purple Martin",0
2000,"Red-bellied Woodpecker",9
2000,"Red-eyed Vireo",6
2000,"Red-shouldered Hawk",1
2000,"Red-winged Blackbird",0
2000,"Ruby-throated Hummingbird",1
2000,"Scarlet Tanager",1
2000,"Song Sparrow",2
2000,"Summer Tanager",0
2000,"Tufted Titmouse",7
2000,"Turkey Vulture",0
2000,"White-breasted Nuthatch",2
2000,"White-eyed Vireo",0
2000,"Wood Thrush",1
2000,"Yellow-billed Cuckoo",0
2000,"Yellow-breasted Chat",0
2000,"Yellow-throated Vireo",0
2000,"Yellow-throated Warbler",1
2000,"Acadian Flycatcher",1
2000,"American Crow",8
2000,"American Goldfinch",4
2000,"American Robin",9
2000,"Barn Swallow",5
2000,"Blue Grosbeak",2
2000,"Blue Jay",1
2000,"Blue-gray Gnatcatcher",10
2000,"Brown Thrasher",2
2000,"Brown-headed Cowbird",9
2000,"Brown-headed Nuthatch",0
2000,"Canada Goose",11
2000,"Carolina Chickadee",5
2000,"Carolina Wren",15
2000,"Chimney Swift",3
2000,"Chipping Sparrow",8
2000,"Common Grackle",8
2000,"Common Yellowthroat",3
2000,"Downy Woodpecker",1
2000,"Eastern Bluebird",4
2000,"Eastern Kingbird",0
2000,"Eastern Meadowlark",1
2000,"Eastern Phoebe",2
2000,"Eastern Towhee",12
2000,"Eastern Whip-poor-will",0
2000,"Eastern Wood-Pewee",3
2000,"European Starling",3
2000,"Field Sparrow",0
2000,"Fish Crow",0
2000,"Grasshopper Sparrow",0
2000,"Gray Catbird",1
2000,"Great Blue Heron",5
2000,"Great Crested Flycatcher",1
2000,"Hooded Warbler",0
2000,"House Finch",3
2000,"House Sparrow",0
2000,"Indigo Bunting",12
2000,"Killdeer",1
2000,"Mourning Dove",10
2000,"Northern Bobwhite",0
2000,"Northern Cardinal",28
2000,"Northern Mockingbird",4
2000,"Northern Parula",0
2000,"Orchard Oriole",0
2000,"Ovenbird",1
2000,"Pileated Woodpecker",0
2000,"Pine Warbler",2
2000,"Prairie Warbler",0
2000,"Purple Martin",1
2000,"Red-bellied Woodpecker",3
2000,"Red-eyed Vireo",12
2000,"Red-shouldered Hawk",0
2000,"Red-winged Blackbird",0
2000,"Ruby-throated Hummingbird",1
2000,"Scarlet Tanager",0
2000,"Song Sparrow",1
2000,"Summer Tanager",0
2000,"Tufted Titmouse",6
2000,"Turkey Vulture",0
2000,"White-breasted Nuthatch",0
2000,"White-eyed Vireo",1
2000,"Wood Thrush",9
2000,"Yellow-billed Cuckoo",1
2000,"Yellow-breasted Chat",1
2000,"Yellow-throated Vireo",1
2000,"Yellow-throated Warbler",0
2000,"Acadian Flycatcher",0
2000,"American Crow",10
2000,"American Goldfinch",14
2000,"American Robin",18
2000,"Barn Swallow",1
2000,"Blue Grosbeak",0
2000,"Blue Jay",10
2000,"Blue-gray Gnatcatcher",13
2000,"Brown Thrasher",2
2000,"Brown-headed Cowbird",2
2000,"Brown-headed Nuthatch",8
2000,"Canada Goose",5
2000,"Carolina Chickadee",8
2000,"Carolina Wren",16
2000,"Chimney Swift",14
2000,"Chipping Sparrow",7
2000,"Common Grackle",7
2000,"Common Yellowthroat",0
2000,"Downy Woodpecker",3
2000,"Eastern Bluebird",6
2000,"Eastern Kingbird",0
2000,"Eastern Meadowlark",0
2000,"Eastern Phoebe",1
2000,"Eastern Towhee",27
2000,"Eastern Whip-poor-will",0
2000,"Eastern Wood-Pewee",1
2000,"European Starling",3
2000,"Field Sparrow",0
2000,"Fish Crow",1
2000,"Grasshopper Sparrow",0
2000,"Gray Catbird",1
2000,"Great Blue Heron",0
2000,"Great Crested Flycatcher",2
2000,"Hooded Warbler",0
2000,"House Finch",9
2000,"House Sparrow",4
2000,"Indigo Bunting",3
2000,"Killdeer",0
2000,"Mourning Dove",16
2000,"Northern Bobwhite",0
2000,"Northern Cardinal",48
2000,"Northern Mockingbird",17
2000,"Northern Parula",0
2000,"Orchard Oriole",0
2000,"Ovenbird",0
2000,"Pileated Woodpecker",0
2000,"Pine Warbler",5
2000,"Prairie Warbler",0
2000,"Purple Martin",0
2000,"Red-bellied Woodpecker",9
2000,"Red-eyed Vireo",3
2000,"Red-shouldered Hawk",0
2000,"Red-winged Blackbird",0
2000,"Ruby-throated Hummingbird",2
2000,"Scarlet Tanager",1
2000,"Song Sparrow",2
2000,"Summer Tanager",5
2000,"Tufted Titmouse",12
2000,"Turkey Vulture",0
2000,"White-breasted Nuthatch",4
2000,"White-eyed Vireo",0
2000,"Wood Thrush",7
2000,"Yellow-billed Cuckoo",0
2000,"Yellow-breasted Chat",1
2000,"Yellow-throated Vireo",0
2000,"Yellow-throated Warbler",0
2000,"Acadian Flycatcher",0
2000,"American Crow",9
2000,"American Goldfinch",6
2000,"American Robin",16
2000,"Barn Swallow",1
2000,"Blue Grosbeak",0
2000,"Blue Jay",5
2000,"Blue-gray Gnatcatcher",0
2000,"Brown Thrasher",1
2000,"Brown-headed Cowbird",1
2000,"Brown-headed Nuthatch",2
2000,"Canada Goose",-4
2000,"Carolina Chickadee",2
2000,"Carolina Wren",18
2000,"Chimney Swift",1
2000,"Chipping Sparrow",2
2000,"Common Grackle",10
2000,"Common Yellowthroat",1
2000,"Downy Woodpecker",0
2000,"Eastern Bluebird",2
2000,"Eastern Kingbird",0
2000,"Eastern Meadowlark",0
2000,"Eastern Phoebe",0
2000,"Eastern Towhee",14
2000,"Eastern Whip-poor-will",0
2000,"Eastern Wood-Pewee",1
2000,"European Starling",8
2000,"Field Sparrow",0
2000,"Fish Crow",4
2000,"Grasshopper Sparrow",0
2000,"Gray Catbird",2
2000,"Great Blue Heron",0
2000,"Great Crested Flycatcher",0
2000,"Hooded Warbler",0
2000,"House Finch",4
2000,"House Sparrow",0
2000,"Indigo Bunting",4
2000,"Killdeer",0
2000,"Mourning Dove",6
2000,"Northern Bobwhite",0
2000,"Northern Cardinal",16
2000,"Northern Mockingbird",12
2000,"Northern Parula",0
2000,"Orchard Oriole",1
2000,"Ovenbird",0
2000,"Pileated Woodpecker",0
2000,"Pine Warbler",6
2000,"Prairie Warbler",0
2000,"Purple Martin",0
2000,"Red-bellied Woodpecker",2
2000,"Red-eyed Vireo",2
2000,"Red-shouldered Hawk",0
2000,"Red-winged Blackbird",0
2000,"Ruby-throated Hummingbird",0
2000,"Scarlet Tanager",0
2000,"Song Sparrow",3
2000,"Summer Tanager",0
2000,"Tufted Titmouse",8
2000,"Turkey Vulture",0
2000,"White-breasted Nuthatch",0
2000,"White-eyed Vireo",0
2000,"Wood Thrush",1
2000,"Yellow-billed Cuckoo",0
2000,"Yellow-breasted Chat",0
2000,"Yellow-throated Vireo",0
2000,"Yellow-throated Warbler",0
2000,"Acadian Flycatcher",0
2000,"American Crow",9
2000,"American Goldfinch",5
2000,"American Robin",2
2000,"Barn Swallow",1
2000,"Blue Grosbeak",2
2000,"Blue Jay",3
2000,"Blue-gray Gnatcatcher",6
2000,"Brown Thrasher",0
2000,"Brown-headed Cowbird",3
2000,"Brown-headed Nuthatch",0
2000,"Canada Goose",0
2000,"Carolina Chickadee",5
2000,"Carolina Wren",9
2000,"Chimney Swift",3
2000,"Chipping Sparrow",6
2000,"Common Grackle",5
2000,"Common Yellowthroat",1
2000,"Downy Woodpecker",0
2000,"Eastern Bluebird",4
2000,"Eastern Kingbird",0
2000,"Eastern Meadowlark",0
2000,"Eastern Phoebe",1
2000,"Eastern Towhee",11
2000,"Eastern Whip-poor-will",0
2000,"Eastern Wood-Pewee",0
2000,"European Starling",2
2000,"Field Sparrow",2
2000,"Fish Crow",1
2000,"Grasshopper Sparrow",0
2000,"Gray Catbird",0
2000,"Great Blue Heron",0
2000,"Great Crested Flycatcher",0
2000,"Hooded Warbler",1
2000,"House Finch",0
2000,"House Sparrow",1
2000,"Indigo Bunting",10
2000,"Killdeer",1
2000,"Mourning Dove",6
2000,"Northern Bobwhite",3
2000,"Northern Cardinal",11
2000,"Northern Mockingbird",5
2000,"Northern Parula",2
2000,"Orchard Oriole",0
2000,"Ovenbird",2
2000,"Pileated Woodpecker",0
2000,"Pine Warbler",0
2000,"Prairie Warbler",2
2000,"Purple Martin",0
2000,"Red-bellied Woodpecker",4
2000,"Red-eyed Vireo",3
2000,"Red-shouldered Hawk",0
2000,"Red-winged Blackbird",0
2000,"Ruby-throated Hummingbird",0
2000,"Scarlet Tanager",0
2000,"Song Sparrow",0
2000,"Summer Tanager",1
2000,"Tufted Titmouse",6
2000,"Turkey Vulture",0
2000,"White-breasted Nuthatch",1
2000,"White-eyed Vireo",0
2000,"Wood Thrush",2
2000,"Yellow-billed Cuckoo",0
2000,"Yellow-breasted Chat",2
2000,"Yellow-throated Vireo",0
2000,"Yellow-throated Warbler",0
2000,"Acadian Flycatcher",1
2000,"American Crow",27
2000,"American Goldfinch",4
2000,"American Robin",4
2000,"Barn Swallow",1
2000,"Blue Grosbeak",0
2000,"Blue Jay",2
2000,"Blue-gray Gnatcatcher",13
2000,"Brown Thrasher",1
2000,"Brown-headed Cowbird",2
2000,"Brown-headed Nuthatch",1
2000,"Canada Goose",4
2000,"Carolina Chickadee",6
2000,"Carolina Wren",4
2000,"Chimney Swift",8
2000,"Chipping Sparrow",9
2000,"Common Grackle",8
2000,"Common Yellowthroat",1
2000,"Downy Woodpecker",3
2000,"Eastern Bluebird",7
2000,"Eastern Kingbird",0
2000,"Eastern Meadowlark",0
2000,"Eastern Phoebe",2
2000,"Eastern Towhee",4
2000,"Eastern Whip-poor-will",0
2000,"Eastern Wood-Pewee",1
2000,"European Starling",4
2000,"Field Sparrow",1
2000,"Fish Crow",4
2000,"Grasshopper Sparrow",0
2000,"Gray Catbird",0
2000,"Great Blue Heron",1
2000,"Great Crested Flycatcher",0
2000,"Hooded Warbler",0
2000,"House Finch",0
2000,"House Sparrow",2
2000,"Indigo Bunting",9
2000,"Killdeer",1
2000,"Mourning Dove",11
2000,"Northern Bobwhite",1
2000,"Northern Cardinal",32
2000,"Northern Mockingbird",14
2000,"Northern Parula",0
2000,"Orchard Oriole",0
2000,"Ovenbird",1
2000,"Pileated Woodpecker",0
2000,"Pine Warbler",1
2000,"Prairie Warbler",0
2000,"Purple Martin",0
2000,"Red-bellied Woodpecker",2
2000,"Red-eyed Vireo",3
2000,"Red-shouldered Hawk",0
2000,"Red-winged Blackbird",0
2000,"Ruby-throated Hummingbird",0
2000,"Scarlet Tanager",1
2000,"Song Sparrow",0
2000,"Summer Tanager",2
2000,"Tufted Titmouse",5
2000,"Turkey Vulture",0
2000,"White-breasted Nuthatch",0
2000,"White-eyed Vireo",0
2000,"Wood Thrush",3
2000,"Yellow-billed Cuckoo",0
2000,"Yellow-breasted Chat",3
2000,"Yellow-throated Vireo",0
2000,"Yellow-throated Warbler",0
2001,"Acadian Flycatcher",0
2001,"American Crow",25
2001,"American Goldfinch",3
2001,"American Robin",2
2001,"Barn Swallow",4
2001,"Blue Grosbeak",2
2001,"Blue Jay",2
2001,"Blue-gray Gnatcatcher",3
2001,"Brown Thrasher",1
2001,"Brown-headed Cowbird",3
2001,"Brown-headed Nuthatch",0
2001,"Canada Goose",14
2001,"Carolina Chickadee",0
2001,"Carolina Wren",6
2001,"Chimney Swift",2
2001,"Chipping Sparrow",11
2001,"Common Grackle",5
2001,"Common Yellowthroat",3
2001,"Downy Woodpecker",1
2001,"Eastern Bluebird",7
2001,"Eastern Kingbird",0
2001,"Eastern Meadowlark",5
2001,"Eastern Phoebe",1
2001,"Eastern Towhee",3
2001,"Eastern Whip-poor-will",0
2001,"Eastern Wood-Pewee",0
2001,"European Starling",2
2001,"Field Sparrow",1
2001,"Fish Crow",0
2001,"Grasshopper Sparrow",1
2001,"Gray Catbird",0
2001,"Great Blue Heron",0
2001,"Great Crested Flycatcher",0
2001,"Hooded Warbler",1
2001,"House Finch",0
2001,"House Sparrow",0
2001,"Indigo Bunting",15
2001,"Killdeer",0
2001,"Mourning Dove",13
2001,"Northern Bobwhite",1
2001,"Northern Cardinal",35
2001,"Northern Mockingbird",3
2001,"Northern Parula",0
2001,"Orchard Oriole",0
2001,"Ovenbird",1
2001,"Pileated Woodpecker",0
2001,"Pine Warbler",0
2001,"Prairie Warbler",3
2001,"Purple Martin",6
2001,"Red-bellied Woodpecker",4
2001,"Red-eyed Vireo",2
2001,"Red-shouldered Hawk",0
2001,"Red-winged Blackbird",3
2001,"Ruby-throated Hummingbird",0
2001,"Scarlet Tanager",0
2001,"Song Sparrow",0
2001,"Summer Tanager",1
2001,"Tufted Titmouse",4
2001,"Turkey Vulture",1
2001,"White-breasted Nuthatch",0
2001,"White-eyed Vireo",0
2001,"Wood Thrush",4
2001,"Yellow-billed Cuckoo",2
2001,"Yellow-breasted Chat",4
2001,"Yellow-throated Vireo",0
2001,"Yellow-throated Warbler",0
2001,"Acadian Flycatcher",0
2001,"American Crow",16
2001,"American Goldfinch",3
2001,"American Robin",5
2001,"Barn Swallow",0
2001,"Blue Grosbeak",0
2001,"Blue Jay",3
2001,"Blue-gray Gnatcatcher",8
2001,"Brown Thrasher",1
2001,"Brown-headed Cowbird",0
2001,"Brown-headed Nuthatch",0
2001,"Canada Goose",3
2001,"Carolina Chickadee",8
2001,"Carolina Wren",9
2001,"Chimney Swift",2
2001,"Chipping Sparrow",8
2001,"Common Grackle",18
2001,"Common Yellowthroat",0
2001,"Downy Woodpecker",0
2001,"Eastern Bluebird",3
2001,"Eastern Kingbird",0
2001,"Eastern Meadowlark",1
2001,"Eastern Phoebe",2
2001,"Eastern Towhee",6
2001,"Eastern Whip-poor-will",0
2001,"Eastern Wood-Pewee",1
2001,"European Starling",9
2001,"Field Sparrow",0
2001,"Fish Crow",0
2001,"Grasshopper Sparrow",0
2001,"Gray Catbird",0
2001,"Great Blue Heron",0
2001,"Great Crested Flycatcher",0
2001,"Hooded Warbler",0
2001,"House Finch",1
2001,"House Sparrow",0
2001,"Indigo Bunting",11
2001,"Killdeer",0
2001,"Mourning Dove",15
2001,"Northern Bobwhite",1
2001,"Northern Cardinal",15
2001,"Northern Mockingbird",3
2001,"Northern Parula",0
2001,"Orchard Oriole",0
2001,"Ovenbird",2
2001,"Pileated Woodpecker",0
2001,"Pine Warbler",8
2001,"Prairie Warbler",1
2001,"Purple Martin",0
2001,"Red-bellied Woodpecker",4
2001,"Red-eyed Vireo",0
2001,"Red-shouldered Hawk",0
2001,"Red-winged Blackbird",0
2001,"Ruby-throated Hummingbird",0
2001,"Scarlet Tanager",1
2001,"Song Sparrow",0
2001,"Summer Tanager",0
2001,"Tufted Titmouse",11
2001,"Turkey Vulture",0
2001,"White-breasted Nuthatch",0
2001,"White-eyed Vireo",0
2001,"Wood Thrush",15
2001,"Yellow-billed Cuckoo",0
2001,"Yellow-breasted Chat",0
2001,"Yellow-throated Vireo",0
2001,"Yellow-throated Warbler",0
2001,"Acadian Flycatcher",1
2001,"American Crow",23
2001,"American Goldfinch",7
2001,"American Robin",35
2001,"Barn Swallow",4
2001,"Blue Grosbeak",0
2001,"Blue Jay",11
2001,"Blue-gray Gnatcatcher",4
2001,"Brown Thrasher",2
2001,"Brown-headed Cowbird",2
2001,"Brown-headed Nuthatch",2
2001,"Canada Goose",2
2001,"Carolina Chickadee",10
2001,"Carolina Wren",7
2001,"Chimney Swift",14
2001,"Chipping Sparrow",5
2001,"Common Grackle",42
2001,"Common Yellowthroat",0
2001,"Downy Woodpecker",4
2001,"Eastern Bluebird",1
2001,"Eastern Kingbird",0
2001,"Eastern Meadowlark",0
2001,"Eastern Phoebe",1
2001,"Eastern Towhee",16
2001,"Eastern Whip-poor-will",0
2001,"Eastern Wood-Pewee",0
2001,"European Starling",12
2001,"Field Sparrow",0
2001,"Fish Crow",1
2001,"Grasshopper Sparrow",0
2001,"Gray Catbird",5
2001,"Great Blue Heron",0
2001,"Great Crested Flycatcher",1
2001,"Hooded Warbler",0
2001,"House Finch",10
2001,"House Sparrow",1
2001,"Indigo Bunting",2
2001,"Killdeer",0
2001,"Mourning Dove",12
2001,"Northern Bobwhite",0
2001,"Northern Cardinal",36
2001,"Northern Mockingbird",13
2001,"Northern Parula",1
2001,"Orchard Oriole",0
2001,"Ovenbird",0
2001,"Pileated Woodpecker",0
2001,"Pine Warbler",3
2001,"Prairie Warbler",0
2001,"Purple Martin",0
2001,"Red-bellied Woodpecker",9
2001,"Red-eyed Vireo",6
2001,"Red-shouldered Hawk",1
2001,"Red-winged Blackbird",0
2001,"Ruby-throated Hummingbird",1
2001,"Scarlet Tanager",1
2001,"Song Sparrow",3
2001,"Summer Tanager",0
2001,"Tufted Titmouse",7
2001,"Turkey Vulture",0
2001,"White-breasted Nuthatch",2
2001,"White-eyed Vireo",0
2001,"Wood Thrush",1
2001,"Yellow-billed Cuckoo",0
2001,"Yellow-breasted Chat",0
2001,"Yellow-throated Vireo",0
2001,"Yellow-throated Warbler",1
2001,"Acadian Flycatcher",1
2001,"American Crow",8
2001,"American Goldfinch",4
2001,"American Robin",9
2001,"Barn Swallow",4
2001,"Blue Grosbeak",2
2001,"Blue Jay",1
2001,"Blue-gray Gnatcatcher",10
2001,"Brown Thrasher",2
2001,"Brown-headed Cowbird",9
2001,"Brown-headed Nuthatch",0
2001,"Canada Goose",11
2001,"Carolina Chickadee",5
2001,"Carolina Wren",16
2001,"Chimney Swift",3
2001,"Chipping Sparrow",8
2001,"Common Grackle",8
2001,"Common Yellowthroat",2
2001,"Downy Woodpecker",1
2001,"Eastern Bluebird",4
2001,"Eastern Kingbird",0
2001,"Eastern Meadowlark",1
2001,"Eastern Phoebe",2
2001,"Eastern Towhee",12
2001,"Eastern Whip-poor-will",0
2001,"Eastern Wood-Pewee",3
2001,"European Starling",3
2001,"Field Sparrow",0
2001,"Fish Crow",0
2001,"Grasshopper Sparrow",0
2001,"Gray Catbird",1
2001,"Great Blue Heron",5
2001,"Great Crested Flycatcher",1
2001,"Hooded Warbler",0
2001,"House Finch",3
2001,"House Sparrow",0
2001,"Indigo Bunting",11
2001,"Killdeer",1
2001,"Mourning Dove",10
2001,"Northern Bobwhite",0
2001,"Northern Cardinal",28
2001,"Northern Mockingbird",4
2001,"Northern Parula",0
2001,"Orchard Oriole",0
2001,"Ovenbird",1
2001,"Pileated Woodpecker",0
2001,"Pine Warbler",2
2001,"Prairie Warbler",0
2001,"Purple Martin",1
2001,"Red-bellied Woodpecker",3
2001,"Red-eyed Vireo",11
2001,"Red-shouldered Hawk",0
2001,"Red-winged Blackbird",0
2001,"Ruby-throated Hummingbird",1
2001,"Scarlet Tanager",0
2001,"Song Sparrow",1
2001,"Summer Tanager",1
2001,"Tufted Titmouse",7
2001,"Turkey Vulture",0
2001,"White-breasted Nuthatch",0
2001,"White-eyed Vireo",1
2001,"Wood Thrush",9
2001,"Yellow-billed Cuckoo",1
2001,"Yellow-breasted Chat",1
2001,"Yellow-throated Vireo",1
2001,"Yellow-throated Warbler",0
2001,"Acadian Flycatcher",0
2001,"American Crow",10
2001,"American Goldfinch",13
2001,"American Robin",18
2001,"Barn Swallow",1
2001,"Blue Grosbeak",0
2001,"Blue Jay",9
2001,"Blue-gray Gnatcatcher",13
2001,"Brown Thrasher",2
2001,"Brown-headed Cowbird",2
2001,"Brown-headed Nuthatch",8
2001,"Canada Goose",5
2001,"Carolina Chickadee",8
2001,"Carolina Wren",16
2001,"Chimney Swift",13
2001,"Chipping Sparrow",8
2001,"Common Grackle",7
2001,"Common Yellowthroat",0
2001,"Downy Woodpecker",3
2001,"Eastern Bluebird",6
2001,"Eastern Kingbird",0
2001,"Eastern Meadowlark",0
2001,"Eastern Phoebe",1
2001,"Eastern Towhee",26
2001,"Eastern Whip-poor-will",0
2001,"Eastern Wood-Pewee",0
2001,"European Starling",3
2001,"Field Sparrow",0
2001,"Fish Crow",1
2001,"Grasshopper Sparrow",0
2001,"Gray Catbird",1
2001,"Great Blue Heron",0
2001,"Great Crested Flycatcher",2
2001,"Hooded Warbler",0
2001,"House Finch",9
2001,"House Sparrow",4
2001,"Indigo Bunting",3
2001,"Killdeer",0
2001,"Mourning Dove",16
2001,"Northern Bobwhite",0
2001,"Northern Cardinal",47
2001,"Northern Mockingbird",16
2001,"Northern Parula",0
2001,"Orchard Oriole",0
2001,"Ovenbird",0
2001,"Pileated Woodpecker",0
2001,"Pine Warbler",5
2001,"Prairie Warbler",0
2001,"Purple Martin",0
2001,"Red-bellied Woodpecker",9
2001,"Red-eyed Vireo",3
2001,"Red-shouldered Hawk",0
2001,"Red-winged Blackbird",0
2001,"Ruby-throated Hummingbird",1
2001,"Scarlet Tanager",1
2001,"Song Sparrow",2
2001,"Summer Tanager",5
2001,"Tufted Titmouse",12
2001,"Turkey Vulture",0
2001,"White-breasted Nuthatch",4
2001,"White-eyed Vireo",0
2001,"Wood Thrush",7
2001,"Yellow-billed Cuckoo",0
2001,"Yellow-breasted Chat",1
2001,"Yellow-throated Vireo",0
2001,"Yellow-throated Warbler",0
2001,"Acadian Flycatcher",0
2001,"American Crow",9
2001,"American Goldfinch",5
2001,"American Robin",16
2001,"Barn Swallow",1
2001,"Blue Grosbeak",0
2001,"Blue Jay",5
2001,"Blue-gray Gnatcatcher",0
2001,"Brown Thrasher",1
2001,"Brown-headed Cowbird",1
2001,"Brown-headed Nuthatch",2
2001,"Canada Goose",-3
2001,"Carolina Chickadee",2
2001,"Carolina Wren",18
2001,"Chimney Swift",1
2001,"Chipping Sparrow",3
2001,"Common Grackle",10
2001,"Common Yellowthroat",1
2001,"Downy Woodpecker",0
2001,"Eastern Bluebird",2
2001,"Eastern Kingbird",0
2001,"Eastern Meadowlark",0
2001,"Eastern Phoebe",0
2001,"Eastern Towhee",14
2001,"Eastern Whip-poor-will",0
2001,"Eastern Wood-Pewee",0
2001,"European Starling",8
2001,"Field Sparrow",0
2001,"Fish Crow",3
2001,"Grasshopper Sparrow",0
2001,"Gray Catbird",2
2001,"Great Blue Heron",0
2001,"Great Crested Flycatcher",0
2001,"Hooded Warbler",0
2001,"House Finch",4
2001,"House Sparrow",0
2001,"Indigo Bunting",4
2001,"Killdeer",0
2001,"Mourning Dove",6
2001,"Northern Bobwhite",0
2001,"Northern Cardinal",16
2001,"Northern Mockingbird",12
2001,"Northern Parula",0
2001,"Orchard Oriole",1
2001,"Ovenbird",0
2001,"Pileated Woodpecker",0
2001,"Pine Warbler",6
2001,"Prairie Warbler",0
2001,"Purple Martin",0
2001,"Red-bellied Woodpecker",2
2001,"Red-eyed Vireo",2
2001,"Red-shouldered Hawk",0
2001,"Red-winged Blackbird",0
2001,"Ruby-throated Hummingbird",0
2001,"Scarlet Tanager",0
2001,"Song Sparrow",3
2001,"Summer Tanager",0
2001,"Tufted Titmouse",8
2001,"Turkey Vulture",0
2001,"White-breasted Nuthatch",0
2001,"White-eyed Vireo",0
2001,"Wood Thrush",1
2001,"Yellow-billed Cuckoo",0
2001,"Yellow-breasted Chat",0
2001,"Yellow-throated Vireo",0
2001,"Yellow-throated Warbler",0
2001,"Acadian Flycatcher",0
2001,"American Crow",9
2001,"American Goldfinch",5
2001,"American Robin",2
2001,"Barn Swallow",1
2001,"Blue Grosbeak",2
2001,"Blue Jay",3
2001,"Blue-gray Gnatcatcher",6
2001,"Brown Thrasher",0
2001,"Brown-headed Cowbird",3
2001,"Brown-headed Nuthatch",0
2001,"Canada Goose",0
2001,"Carolina Chickadee",5
2001,"Carolina Wren",9
2001,"Chimney Swift",3
2001,"Chipping Sparrow",7
2001,"Common Grackle",5
2001,"Common Yellowthroat",1
2001,"Downy Woodpecker",0
2001,"Eastern Bluebird",4
2001,"Eastern Kingbird",0
2001,"Eastern Meadowlark",0
2001,"Eastern Phoebe",1
2001,"Eastern Towhee",11
2001,"Eastern Whip-poor-will",0
2001,"Eastern Wood-Pewee",0
2001,"European Starling",2
2001,"Field Sparrow",2
2001,"Fish Crow",1
2001,"Grasshopper Sparrow",0
2001,"Gray Catbird",0
2001,"Great Blue Heron",0
2001,"Great Crested Flycatcher",1
2001,"Hooded Warbler",1
2001,"House Finch",0
2001,"House Sparrow",1
2001,"Indigo Bunting",10
2001,"Killdeer",1
2001,"Mourning Dove",6
2001,"Northern Bobwhite",3
2001,"Northern Cardinal",12
2001,"Northern Mockingbird",5
2001,"Northern Parula",2
2001,"Orchard Oriole",0
2001,"Ovenbird",2
2001,"Pileated Woodpecker",0
2001,"Pine Warbler",0
2001,"Prairie Warbler",2
2001,"Purple Martin",0
2001,"Red-bellied Woodpecker",4
2001,"Red-eyed Vireo",3
2001,"Red-shouldered Hawk",0
2001,"Red-winged Blackbird",0
2001,"Ruby-throated Hummingbird",0
2001,"Scarlet Tanager",0
2001,"Song Sparrow",0
2001,"Summer Tanager",2
2001,"Tufted Titmouse",7
2001,"Turkey Vulture",0
2001,"White-breasted Nuthatch",1
2001,"White-eyed Vireo",0
2001,"Wood Thrush",2
2001,"Yellow-billed Cuckoo",0
2001,"Yellow-breasted Chat",2
2001,"Yellow-throated Vireo",0
2001,"Yellow-throated Warbler",0
2001,"Acadian Flycatcher",1
2001,"American Crow",27
2001,"American Goldfinch",4
2001,"American Robin",4
2001,"Barn Swallow",1
2001,"Blue Grosbeak",0
2001,"Blue Jay",2
2001,"Blue-gray Gnatcatcher",13
2001,"Brown Thrasher",1
2001,"Brown-headed Cowbird",2
2001,"Brown-headed Nuthatch",1
2001,"Canada Goose",4
2001,"Carolina Chickadee",6
2001,"Carolina Wren",5
2001,"Chimney Swift",8
2001,"Chipping Sparrow",10
2001,"Common Grackle",8
2001,"Common Yellowthroat",1
2001,"Downy Woodpecker",2
2001,"Eastern Bluebird",7
2001,"Eastern Kingbird",0
2001,"Eastern Meadowlark",0
2001,"Eastern Phoebe",2
2001,"Eastern Towhee",4
2001,"Eastern Whip-poor-will",0
2001,"Eastern Wood-Pewee",1
2001,"European Starling",4
2001,"Field Sparrow",1
2001,"Fish Crow",5
2001,"Grasshopper Sparrow",0
2001,"Gray Catbird",0
2001,"Great Blue Heron",1
2001,"Great Crested Flycatcher",1
2001,"Hooded Warbler",0
2001,"House Finch",0
2001,"House Sparrow",2
2001,"Indigo Bunting",9
2001,"Killdeer",1
2001,"Mourning Dove",11
2001,"Northern Bobwhite",1
2001,"Northern Cardinal",32
2001,"Northern Mockingbird",14
2001,"Northern Parula",0
2001,"Orchard Oriole",0
2001,"Ovenbird",1
2001,"Pileated Woodpecker",0
2001,"Pine Warbler",1
2001,"Prairie Warbler",0
2001,"Purple Martin",0
2001,"Red-bellied Woodpecker",2
2001,"Red-eyed Vireo",3
2001,"Red-shouldered Hawk",0
2001,"Red-winged Blackbird",0
2001,"Ruby-throated Hummingbird",0
2001,"Scarlet Tanager",1
2001,"Song Sparrow",0
2001,"Summer Tanager",2
2001,"Tufted Titmouse",5
2001,"Turkey Vulture",0
2001,"White-breasted Nuthatch",0
2001,"White-eyed Vireo",0
2001,"Wood Thrush",3
2001,"Yellow-billed Cuckoo",0
2001,"Yellow-breasted Chat",3
2001,"Yellow-throated Vireo",0
2001,"Yellow-throated Warbler",0
2003,"Acadian Flycatcher",1
2003,"American Crow",27
2003,"American Goldfinch",9
2003,"American Robin",4
2003,"Barn Swallow",1
2003,"Blue Grosbeak",1
2003,"Blue Jay",6
2003,"Blue-gray Gnatcatcher",4
2003,"Brown Thrasher",1
2003,"Brown-headed Cowbird",2
2003,"Brown-headed Nuthatch",2
2003,"Canada Goose",1
2003,"Carolina Chickadee",10
2003,"Carolina Wren",9
2003,"Chimney Swift",3
2003,"Chipping Sparrow",8
2003,"Common Grackle",5
2003,"Common Yellowthroat",1
2003,"Downy Woodpecker",4
2003,"Eastern Bluebird",6
2003,"Eastern Kingbird",1
2003,"Eastern Meadowlark",2
2003,"Eastern Phoebe",1
2003,"Eastern Towhee",7
2003,"Eastern Whip-poor-will",0
2003,"Eastern Wood-Pewee",3
2003,"European Starling",2
2003,"Field Sparrow",1
2003,"Fish Crow",0
2003,"Grasshopper Sparrow",0
2003,"Gray Catbird",0
2003,"Great Blue Heron",0
2003,"Great Crested Flycatcher",1
2003,"Hooded Warbler",1
2003,"House Finch",5
2003,"House Sparrow",0
2003,"Indigo Bunting",9
2003,"Killdeer",0
2003,"Mourning Dove",14
2003,"Northern Bobwhite",0
2003,"Northern Cardinal",24
2003,"Northern Mockingbird",8
2003,"Northern Parula",1
2003,"Orchard Oriole",0
2003,"Ovenbird",4
2003,"Pileated Woodpecker",1
2003,"Pine Warbler",7
2003,"Prairie Warbler",1
2003,"Purple Martin",0
2003,"Red-bellied Woodpecker",7
2003,"Red-eyed Vireo",11
2003,"Red-shouldered Hawk",2
2003,"Red-winged Blackbird",1
2003,"Ruby-throated Hummingbird",1
2003,"Scarlet Tanager",1
2003,"Song Sparrow",0
2003,"Summer Tanager",1
2003,"Tufted Titmouse",10
2003,"Turkey Vulture",1
2003,"White-breasted Nuthatch",2
2003,"White-eyed Vireo",0
2003,"Wood Thrush",4
2003,"Yellow-billed Cuckoo",1
2003,"Yellow-breasted Chat",5
2003,"Yellow-throated Vireo",0
2003,"Yellow-throated Warbler",0
2004,"Acadian Flycatcher",2
2004,"American Crow",30
2004,"American Goldfinch",12
2004,"American Robin",4
2004,"Barn Swallow",0
2004,"Blue Grosbeak",2
2004,"Blue Jay",9
2004,"Blue-gray Gnatcatcher",16
2004,"Brown Thrasher",5
2004,"Brown-headed Cowbird",2
2004,"Brown-headed Nuthatch",3
2004,"Canada Goose",1
2004,"Carolina Chickadee",14
2004,"Carolina Wren",33
2004,"Chimney Swift",6
2004,"Chipping Sparrow",8
2004,"Common Grackle",2
2004,"Common Yellowthroat",1
2004,"Downy Woodpecker",3
2004,"Eastern Bluebird",11
2004,"Eastern Kingbird",0
2004,"Eastern Meadowlark",0
2004,"Eastern Phoebe",2
2004,"Eastern Towhee",9
2004,"Eastern Whip-poor-will",0
2004,"Eastern Wood-Pewee",3
2004,"European Starling",1
2004,"Field Sparrow",1
2004,"Fish Crow",2
2004,"Grasshopper Sparrow",0
2004,"Gray Catbird",0
2004,"Great Blue Heron",1
2004,"Great Crested Flycatcher",4
2004,"Hooded Warbler",2
2004,"House Finch",4
2004,"House Sparrow",0
2004,"Indigo Bunting",8
2004,"Killdeer",0
2004,"Mourning Dove",12
2004,"Northern Bobwhite",1
2004,"Northern Cardinal",37
2004,"Northern Mockingbird",3
2004,"Northern Parula",4
2004,"Orchard Oriole",1
2004,"Ovenbird",4
2004,"Pileated Woodpecker",1
2004,"Pine Warbler",19
2004,"Prairie Warbler",2
2004,"Purple Martin",0
2004,"Red-bellied Woodpecker",9
2004,"Red-eyed Vireo",13
2004,"Red-shouldered Hawk",2
2004,"Red-winged Blackbird",2
2004,"Ruby-throated Hummingbird",2
2004,"Scarlet Tanager",6
2004,"Song Sparrow",0
2004,"Summer Tanager",6
2004,"Tufted Titmouse",17
2004,"Turkey Vulture",0
2004,"White-breasted Nuthatch",2
2004,"White-eyed Vireo",1
2004,"Wood Thrush",13
2004,"Yellow-billed Cuckoo",5
2004,"Yellow-breasted Chat",4
2004,"Yellow-throated Vireo",1
2004,"Yellow-throated Warbler",1
2004,"Acadian Flycatcher",0
2004,"American Crow",31
2004,"American Goldfinch",2
2004,"American Robin",1
2004,"Barn Swallow",1
2004,"Blue Grosbeak",1
2004,"Blue Jay",3
2004,"Blue-gray Gnatcatcher",4
2004,"Brown Thrasher",1
2004,"Brown-headed Cowbird",1
2004,"Brown-headed Nuthatch",0
2004,"Canada Goose",1
2004,"Carolina Chickadee",2
2004,"Carolina Wren",17
2004,"Chimney Swift",1
2004,"Chipping Sparrow",4
2004,"Common Grackle",4
2004,"Common Yellowthroat",5
2004,"Downy Woodpecker",0
2004,"Eastern Bluebird",6
2004,"Eastern Kingbird",1
2004,"Eastern Meadowlark",1
2004,"Eastern Phoebe",2
2004,"Eastern Towhee",3
2004,"Eastern Whip-poor-will",1
2004,"Eastern Wood-Pewee",5
2004,"European Starling",0
2004,"Field Sparrow",0
2004,"Fish Crow",0
2004,"Grasshopper Sparrow",0
2004,"Gray Catbird",1
2004,"Great Blue Heron",0
2004,"Great Crested Flycatcher",1
2004,"Hooded Warbler",1
2004,"House Finch",0
2004,"House Sparrow",0
2004,"Indigo Bunting",16
2004,"Killdeer",0
2004,"Mourning Dove",13
2004,"Northern Bobwhite",1
2004,"Northern Cardinal",17
2004,"Northern Mockingbird",3
2004,"Northern Parula",1
2004,"Orchard Oriole",0
2004,"Ovenbird",4
2004,"Pileated Woodpecker",0
2004,"Pine Warbler",4
2004,"Prairie Warbler",3
2004,"Purple Martin",0
2004,"Red-bellied Woodpecker",5
2004,"Red-eyed Vireo",17
2004,"Red-shouldered Hawk",1
2004,"Red-winged Blackbird",0
2004,"Ruby-throated Hummingbird",0
2004,"Scarlet Tanager",0
2004,"Song Sparrow",0
2004,"Summer Tanager",1
2004,"Tufted Titmouse",10
2004,"Turkey Vulture",0
2004,"White-breasted Nuthatch",1
2004,"White-eyed Vireo",2
2004,"Wood Thrush",3
2004,"Yellow-billed Cuckoo",3
2004,"Yellow-breasted Chat",7
2004,"Yellow-throated Vireo",0
2004,"Yellow-throated Warbler",0
2009,"Acadian Flycatcher",1
2009,"American Crow",25
2009,"American Goldfinch",3
2009,"American Robin",7
2009,"Barn Swallow",1
2009,"Blue Grosbeak",2
2009,"Blue Jay",2
2009,"Blue-gray Gnatcatcher",12
2009,"Brown Thrasher",2
2009,"Brown-headed Cowbird",3
2009,"Brown-headed Nuthatch",1
2009,"Canada Goose",9
2009,"Carolina Chickadee",6
2009,"Carolina Wren",9
2009,"Chimney Swift",7
2009,"Chipping Sparrow",13
2009,"Common Grackle",7
2009,"Common Yellowthroat",1
2009,"Downy Woodpecker",2
2009,"Eastern Bluebird",7
2009,"Eastern Kingbird",0
2009,"Eastern Meadowlark",0
2009,"Eastern Phoebe",2
2009,"Eastern Towhee",5
2009,"Eastern Whip-poor-will",0
2009,"Eastern Wood-Pewee",1
2009,"European Starling",4
2009,"Field Sparrow",1
2009,"Fish Crow",7
2009,"Grasshopper Sparrow",0
2009,"Gray Catbird",0
2009,"Great Blue Heron",1
2009,"Great Crested Flycatcher",2
2009,"Hooded Warbler",0
2009,"House Finch",4
2009,"House Sparrow",1
2009,"Indigo Bunting",7
2009,"Killdeer",1
2009,"Mourning Dove",13
2009,"Northern Bobwhite",0
2009,"Northern Cardinal",32
2009,"Northern Mockingbird",12
2009,"Northern Parula",0
2009,"Orchard Oriole",0
2009,"Ovenbird",1
2009,"Pileated Woodpecker",0
2009,"Pine Warbler",2
2009,"Prairie Warbler",0
2009,"Purple Martin",0
2009,"Red-bellied Woodpecker",4
2009,"Red-eyed Vireo",4
2009,"Red-shouldered Hawk",1
2009,"Red-winged Blackbird",0
2009,"Ruby-throated Hummingbird",0
2009,"Scarlet Tanager",0
2009,"Song Sparrow",0
2009,"Summer Tanager",2
2009,"Tufted Titmouse",8
2009,"Turkey Vulture",0
2009,"White-breasted Nuthatch",1
2009,"White-eyed Vireo",0
2009,"Wood Thrush",2
2009,"Yellow-billed Cuckoo",1
2009,"Yellow-breasted Chat",2
2009,"Yellow-throated Vireo",0
2009,"Yellow-throated Warbler",0
2010,"Acadian Flycatcher",0
2010,"American Crow",25
2010,"American Goldfinch",5
2010,"American Robin",7
2010,"Barn Swallow",0
2010,"Blue Grosbeak",2
2010,"Blue Jay",4
2010,"Blue-gray Gnatcatcher",3
2010,"Brown Thrasher",2
2010,"Brown-headed Cowbird",2
2010,"Brown-headed Nuthatch",0
2010,"Canada Goose",3
2010,"Carolina Chickadee",4
2010,"Carolina Wren",12
2010,"Chimney Swift",4
2010,"Chipping Sparrow",9
2010,"Common Grackle",9
2010,"Common Yellowthroat",1
2010,"Downy Woodpecker",1
2010,"Eastern Bluebird",12
2010,"Eastern Kingbird",0
2010,"Eastern Meadowlark",4
2010,"Eastern Phoebe",1
2010,"Eastern Towhee",5
2010,"Eastern Whip-poor-will",0
2010,"Eastern Wood-Pewee",4
2010,"European Starling",11
2010,"Field Sparrow",2
2010,"Fish Crow",0
2010,"Grasshopper Sparrow",1
2010,"Gray Catbird",0
2010,"Great Blue Heron",0
2010,"Great Crested Flycatcher",1
2010,"Hooded Warbler",0
2010,"House Finch",2
2010,"House Sparrow",4
2010,"Indigo Bunting",6
2010,"Killdeer",0
2010,"Mourning Dove",13
2010,"Northern Bobwhite",0
2010,"Northern Cardinal",17
2010,"Northern Mockingbird",9
2010,"Northern Parula",0
2010,"Orchard Oriole",0
2010,"Ovenbird",1
2010,"Pileated Woodpecker",0
2010,"Pine Warbler",2
2010,"Prairie Warbler",1
2010,"Purple Martin",0
2010,"Red-bellied Woodpecker",6
2010,"Red-eyed Vireo",5
2010,"Red-shouldered Hawk",1
2010,"Red-winged Blackbird",1
2010,"Ruby-throated Hummingbird",0
2010,"Scarlet Tanager",0
2010,"Song Sparrow",1
2010,"Summer Tanager",2
2010,"Tufted Titmouse",7
2010,"Turkey Vulture",1
2010,"White-breasted Nuthatch",1
2010,"White-eyed Vireo",0
2010,"Wood Thrush",3
2010,"Yellow-billed Cuckoo",1
2010,"Yellow-breasted Chat",1
2010,"Yellow-throated Vireo",1
2010,"Yellow-throated Warbler",0
2010,"Acadian Flycatcher",1
2010,"American Crow",26
2010,"American Goldfinch",6
2010,"American Robin",3
2010,"Barn Swallow",0
2010,"Blue Grosbeak",1
2010,"Blue Jay",5
2010,"Blue-gray Gnatcatcher",5
2010,"Brown Thrasher",1
2010,"Brown-headed Cowbird",2
2010,"Brown-headed Nuthatch",1
2010,"Canada Goose",1
2010,"Carolina Chickadee",9
2010,"Carolina Wren",10
2010,"Chimney Swift",2
2010,"Chipping Sparrow",8
2010,"Common Grackle",3
2010,"Common Yellowthroat",1
2010,"Downy Woodpecker",4
2010,"Eastern Bluebird",7
2010,"Eastern Kingbird",0
2010,"Eastern Meadowlark",1
2010,"Eastern Phoebe",1
2010,"Eastern Towhee",5
2010,"Eastern Whip-poor-will",0
2010,"Eastern Wood-Pewee",2
2010,"European Starling",1
2010,"Field Sparrow",1
2010,"Fish Crow",1
2010,"Grasshopper Sparrow",0
2010,"Gray Catbird",0
2010,"Great Blue Heron",0
2010,"Great Crested Flycatcher",1
2010,"Hooded Warbler",1
2010,"House Finch",4
2010,"House Sparrow",0
2010,"Indigo Bunting",7
2010,"Killdeer",0
2010,"Mourning Dove",13
2010,"Northern Bobwhite",0
2010,"Northern Cardinal",25
2010,"Northern Mockingbird",6
2010,"Northern Parula",1
2010,"Orchard Oriole",0
2010,"Ovenbird",3
2010,"Pileated Woodpecker",1
2010,"Pine Warbler",6
2010,"Prairie Warbler",1
2010,"Purple Martin",0
2010,"Red-bellied Woodpecker",6
2010,"Red-eyed Vireo",10
2010,"Red-shouldered Hawk",2
2010,"Red-winged Blackbird",1
2010,"Ruby-throated Hummingbird",0
2010,"Scarlet Tanager",1
2010,"Song Sparrow",0
2010,"Summer Tanager",1
2010,"Tufted Titmouse",13
2010,"Turkey Vulture",1
2010,"White-breasted Nuthatch",2
2010,"White-eyed Vireo",0
2010,"Wood Thrush",4
2010,"Yellow-billed Cuckoo",1
2010,"Yellow-breasted Chat",4
2010,"Yellow-throated Vireo",0
2010,"Yellow-throated Warbler",0
2010,"Acadian Flycatcher",1
2010,"American Crow",27
2010,"American Goldfinch",5
2010,"American Robin",4
2010,"Barn Swallow",4
2010,"Blue Grosbeak",3
2010,"Blue Jay",5
2010,"Blue-gray Gnatcatcher",9
2010,"Brown Thrasher",2
2010,"Brown-headed Cowbird",3
2010,"Brown-headed Nuthatch",1
2010,"Canada Goose",10
2010,"Carolina Chickadee",7
2010,"Carolina Wren",19
2010,"Chimney Swift",3
2010,"Chipping Sparrow",10
2010,"Common Grackle",9
2010,"Common Yellowthroat",2
2010,"Downy Woodpecker",3
2010,"Eastern Bluebird",9
2010,"Eastern Kingbird",1
2010,"Eastern Meadowlark",2
2010,"Eastern Phoebe",1
2010,"Eastern Towhee",6
2010,"Eastern Whip-poor-will",1
2010,"Eastern Wood-Pewee",2
2010,"European Starling",11
2010,"Field Sparrow",0
2010,"Fish Crow",1
2010,"Grasshopper Sparrow",0
2010,"Gray Catbird",0
2010,"Great Blue Heron",0
2010,"Great Crested Flycatcher",1
2010,"Hooded Warbler",0
2010,"House Finch",6
2010,"House Sparrow",0
2010,"Indigo Bunting",11
2010,"Killdeer",1
2010,"Mourning Dove",13
2010,"Northern Bobwhite",0
2010,"Northern Cardinal",25
2010,"Northern Mockingbird",8
2010,"Northern Parula",1
2010,"Orchard Oriole",0
2010,"Ovenbird",0
2010,"Pileated Woodpecker",0
2010,"Pine Warbler",6
2010,"Prairie Warbler",0
2010,"Purple Martin",0
2010,"Red-bellied Woodpecker",7
2010,"Red-eyed Vireo",10
2010,"Red-shouldered Hawk",1
2010,"Red-winged Blackbird",1
2010,"Ruby-throated Hummingbird",0
2010,"Scarlet Tanager",0
2010,"Song Sparrow",0
2010,"Summer Tanager",3
2010,"Tufted Titmouse",17
2010,"Turkey Vulture",0
2010,"White-breasted Nuthatch",1
2010,"White-eyed Vireo",1
2010,"Wood Thrush",4
2010,"Yellow-billed Cuckoo",1
2010,"Yellow-breasted Chat",1
2010,"Yellow-throated Vireo",1
2010,"Yellow-throated Warbler",1
2010,"Acadian Flycatcher",1
2010,"American Crow",29
2010,"American Goldfinch",6
2010,"American Robin",2
2010,"Barn Swallow",2
2010,"Blue Grosbeak",2
2010,"Blue Jay",7
2010,"Blue-gray Gnatcatcher",5
2010,"Brown Thrasher",1
2010,"Brown-headed Cowbird",1
2010,"Brown-headed Nuthatch",2
2010,"Canada Goose",2
2010,"Carolina Chickadee",11
2010,"Carolina Wren",15
2010,"Chimney Swift",3
2010,"Chipping Sparrow",5
2010,"Common Grackle",5
2010,"Common Yellowthroat",0
2010,"Downy Woodpecker",2
2010,"Eastern Bluebird",9
2010,"Eastern Kingbird",0
2010,"Eastern Meadowlark",2
2010,"Eastern Phoebe",2
2010,"Eastern Towhee",8
2010,"Eastern Whip-poor-will",0
2010,"Eastern Wood-Pewee",3
2010,"European Starling",3
2010,"Field Sparrow",0
2010,"Fish Crow",1
2010,"Grasshopper Sparrow",0
2010,"Gray Catbird",0
2010,"Great Blue Heron",0
2010,"Great Crested Flycatcher",1
2010,"Hooded Warbler",0
2010,"House Finch",1
2010,"House Sparrow",0
2010,"Indigo Bunting",4
2010,"Killdeer",0
2010,"Mourning Dove",12
2010,"Northern Bobwhite",0
2010,"Northern Cardinal",31
2010,"Northern Mockingbird",8
2010,"Northern Parula",1
2010,"Orchard Oriole",0
2010,"Ovenbird",2
2010,"Pileated Woodpecker",0
2010,"Pine Warbler",7
2010,"Prairie Warbler",1
2010,"Purple Martin",0
2010,"Red-bellied Woodpecker",6
2010,"Red-eyed Vireo",6
2010,"Red-shouldered Hawk",1
2010,"Red-winged Blackbird",1
2010,"Ruby-throated Hummingbird",0
2010,"Scarlet Tanager",0
2010,"Song Sparrow",0
2010,"Summer Tanager",1
2010,"Tufted Titmouse",12
2010,"Turkey Vulture",0
2010,"White-breasted Nuthatch",3
2010,"White-eyed Vireo",1
2010,"Wood Thrush",7
2010,"Yellow-billed Cuckoo",1
2010,"Yellow-breasted Chat",0
2010,"Yellow-throated Vireo",0
2010,"Yellow-throated Warbler",1
2010,"Acadian Flycatcher",1
2010,"American Crow",23
2010,"American Goldfinch",5
2010,"American Robin",6
2010,"Barn Swallow",9
2010,"Blue Grosbeak",6
2010,"Blue Jay",5
2010,"Blue-gray Gnatcatcher",4
2010,"Brown Thrasher",2
2010,"Brown-headed Cowbird",4
2010,"Brown-headed Nuthatch",0
2010,"Canada Goose",1
2010,"Carolina Chickadee",4
2010,"Carolina Wren",15
2010,"Chimney Swift",3
2010,"Chipping Sparrow",12
2010,"Common Grackle",6
2010,"Common Yellowthroat",2
2010,"Downy Woodpecker",1
2010,"Eastern Bluebird",12
2010,"Eastern Kingbird",1
2010,"Eastern Meadowlark",7
2010,"Eastern Phoebe",2
2010,"Eastern Towhee",3
2010,"Eastern Whip-poor-will",0
2010,"Eastern Wood-Pewee",8
2010,"European Starling",6
2010,"Field Sparrow",1
2010,"Fish Crow",0
2010,"Grasshopper Sparrow",0
2010,"Gray Catbird",0
2010,"Great Blue Heron",1
2010,"Great Crested Flycatcher",4
2010,"Hooded Warbler",0
2010,"House Finch",1
2010,"House Sparrow",1
2010,"Indigo Bunting",11
2010,"Killdeer",0
2010,"Mourning Dove",14
2010,"Northern Bobwhite",1
2010,"Northern Cardinal",19
2010,"Northern Mockingbird",14
2010,"Northern Parula",0
2010,"Orchard Oriole",2
2010,"Ovenbird",3
2010,"Pileated Woodpecker",0
2010,"Pine Warbler",1
2010,"Prairie Warbler",0
2010,"Purple Martin",1
2010,"Red-bellied Woodpecker",8
2010,"Red-eyed Vireo",5
2010,"Red-shouldered Hawk",1
2010,"Red-winged Blackbird",5
2010,"Ruby-throated Hummingbird",0
2010,"Scarlet Tanager",1
2010,"Song Sparrow",0
2010,"Summer Tanager",3
2010,"Tufted Titmouse",8
2010,"Turkey Vulture",1
2010,"White-breasted Nuthatch",2
2010,"White-eyed Vireo",1
2010,"Wood Thrush",5
2010,"Yellow-billed Cuckoo",3
2010,"Yellow-breasted Chat",3
2010,"Yellow-throated Vireo",1
2010,"Yellow-throated Warbler",0
2010,"Acadian Flycatcher",0
2010,"American Crow",18
2010,"American Goldfinch",5
2010,"American Robin",3
2010,"Barn Swallow",1
2010,"Blue Grosbeak",4
2010,"Blue Jay",2
2010,"Blue-gray Gnatcatcher",10
2010,"Brown Thrasher",1
2010,"Brown-headed Cowbird",5
2010,"Brown-headed Nuthatch",3
2010,"Canada Goose",4
2010,"Carolina Chickadee",8
2010,"Carolina Wren",17
2010,"Chimney Swift",6
2010,"Chipping Sparrow",11
2010,"Common Grackle",13
2010,"Common Yellowthroat",0
2010,"Downy Woodpecker",2
2010,"Eastern Bluebird",5
2010,"Eastern Kingbird",1
2010,"Eastern Meadowlark",0
2010,"Eastern Phoebe",2
2010,"Eastern Towhee",6
2010,"Eastern Whip-poor-will",0
2010,"Eastern Wood-Pewee",3
2010,"European Starling",4
2010,"Field Sparrow",1
2010,"Fish Crow",2
2010,"Grasshopper Sparrow",0
2010,"Gray Catbird",0
2010,"Great Blue Heron",2
2010,"Great Crested Flycatcher",2
2010,"Hooded Warbler",0
2010,"House Finch",4
2010,"House Sparrow",0
2010,"Indigo Bunting",5
2010,"Killdeer",0
2010,"Mourning Dove",18
2010,"Northern Bobwhite",0
2010,"Northern Cardinal",18
2010,"Northern Mockingbird",4
2010,"Northern Parula",1
2010,"Orchard Oriole",1
2010,"Ovenbird",2
2010,"Pileated Woodpecker",0
2010,"Pine Warbler",10
2010,"Prairie Warbler",0
2010,"Purple Martin",7
2010,"Red-bellied Woodpecker",6
2010,"Red-eyed Vireo",2
2010,"Red-shouldered Hawk",1
2010,"Red-winged Blackbird",0
2010,"Ruby-throated Hummingbird",0
2010,"Scarlet Tanager",0
2010,"Song Sparrow",0
2010,"Summer Tanager",3
2010,"Tufted Titmouse",11
2010,"Turkey Vulture",0
2010,"White-breasted Nuthatch",1
2010,"White-eyed Vireo",1
2010,"Wood Thrush",1
2010,"Yellow-billed Cuckoo",2
2010,"Yellow-breasted Chat",1
2010,"Yellow-throated Vireo",0
2010,"Yellow-throated Warbler",0
2010,"Acadian Flycatcher",1
2010,"American Crow",25
2010,"American Goldfinch",3
2010,"American Robin",7
2010,"Barn Swallow",1
2010,"Blue Grosbeak",2
2010,"Blue Jay",2
2010,"Blue-gray Gnatcatcher",11
2010,"Brown Thrasher",2
2010,"Brown-headed Cowbird",3
2010,"Brown-headed Nuthatch",1
2010,"Canada Goose",10
2010,"Carolina Chickadee",6
2010,"Carolina Wren",10
2010,"Chimney Swift",7
2010,"Chipping Sparrow",13
2010,"Common Grackle",6
2010,"Common Yellowthroat",1
2010,"Downy Woodpecker",2
2010,"Eastern Bluebird",7
2010,"Eastern Kingbird",0
2010,"Eastern Meadowlark",0
2010,"Eastern Phoebe",2
2010,"Eastern Towhee",5
2010,"Eastern Whip-poor-will",0
2010,"Eastern Wood-Pewee",1
2010,"European Starling",4
2010,"Field Sparrow",0
2010,"Fish Crow",8
2010,"Grasshopper Sparrow",0
2010,"Gray Catbird",0
2010,"Great Blue Heron",1
2010,"Great Crested Flycatcher",2
2010,"Hooded Warbler",0
2010,"House Finch",4
2010,"House Sparrow",1
2010,"Indigo Bunting",7
2010,"Killdeer",1
2010,"Mourning Dove",13
2010,"Northern Bobwhite",0
2010,"Northern Cardinal",32
2010,"Northern Mockingbird",12
2010,"Northern Parula",0
2010,"Orchard Oriole",0
2010,"Ovenbird",1
2010,"Pileated Woodpecker",0
2010,"Pine Warbler",2
2010,"Prairie Warbler",0
2010,"Purple Martin",0
2010,"Red-bellied Woodpecker",5
2010,"Red-eyed Vireo",4
2010,"Red-shouldered Hawk",1
2010,"Red-winged Blackbird",0
2010,"Ruby-throated Hummingbird",0
2010,"Scarlet Tanager",0
2010,"Song Sparrow",0
2010,"Summer Tanager",2
2010,"Tufted Titmouse",9
2010,"Turkey Vulture",0
2010,"White-breasted Nuthatch",1
2010,"White-eyed Vireo",0
2010,"Wood Thrush",2
2010,"Yellow-billed Cuckoo",1
2010,"Yellow-breasted Chat",2
2010,"Yellow-throated Vireo",0
2010,"Yellow-throated Warbler",0
2011,"Acadian Flycatcher",1
2011,"American Crow",27
2011,"American Goldfinch",5
2011,"American Robin",4
2011,"Barn Swallow",4
2011,"Blue Grosbeak",3
2011,"Blue Jay",4
2011,"Blue-gray Gnatcatcher",8
2011,"Brown Thrasher",2
2011,"Brown-headed Cowbird",3
2011,"Brown-headed Nuthatch",1
2011,"Canada Goose",10
2011,"Carolina Chickadee",7
2011,"Carolina Wren",19
2011,"Chimney Swift",3
2011,"Chipping Sparrow",10
2011,"Common Grackle",8
2011,"Common Yellowthroat",2
2011,"Downy Woodpecker",3
2011,"Eastern Bluebird",9
2011,"Eastern Kingbird",1
2011,"Eastern Meadowlark",2
2011,"Eastern Phoebe",1
2011,"Eastern Towhee",6
2011,"Eastern Whip-poor-will",1
2011,"Eastern Wood-Pewee",2
2011,"European Starling",11
2011,"Field Sparrow",0
2011,"Fish Crow",1
2011,"Grasshopper Sparrow",0
2011,"Gray Catbird",0
2011,"Great Blue Heron",0
2011,"Great Crested Flycatcher",1
2011,"Hooded Warbler",0
2011,"House Finch",5
2011,"House Sparrow",0
2011,"Indigo Bunting",10
2011,"Killdeer",1
2011,"Mourning Dove",12
2011,"Northern Bobwhite",0
2011,"Northern Cardinal",25
2011,"Northern Mockingbird",7
2011,"Northern Parula",1
2011,"Orchard Oriole",0
2011,"Ovenbird",0
2011,"Pileated Woodpecker",0
2011,"Pine Warbler",6
2011,"Prairie Warbler",0
2011,"Purple Martin",0
2011,"Red-bellied Woodpecker",7
2011,"Red-eyed Vireo",9
2011,"Red-shouldered Hawk",1
2011,"Red-winged Blackbird",1
2011,"Ruby-throated Hummingbird",0
2011,"Scarlet Tanager",0
2011,"Song Sparrow",0
2011,"Summer Tanager",3
2011,"Tufted Titmouse",17
2011,"Turkey Vulture",0
2011,"White-breasted Nuthatch",1
2011,"White-eyed Vireo",1
2011,"Wood Thrush",4
2011,"Yellow-billed Cuckoo",1
2011,"Yellow-breasted Chat",1
2011,"Yellow-throated Vireo",1
2011,"Yellow-throated Warbler",1
2011,"Acadian Flycatcher",1
2011,"American Crow",29
2011,"American Goldfinch",6
2011,"American Robin",2
2011,"Barn Swallow",1
2011,"Blue Grosbeak",2
2011,"Blue Jay",6
2011,"Blue-gray Gnatcatcher",5
2011,"Brown Thrasher",1
2011,"Brown-headed Cowbird",2
2011,"Brown-headed Nuthatch",2
2011,"Canada Goose",2
2011,"Carolina Chickadee",10
2011,"Carolina Wren",15
2011,"Chimney Swift",3
2011,"Chipping Sparrow",5
2011,"Common Grackle",5
2011,"Common Yellowthroat",0
2011,"Downy Woodpecker",2
2011,"Eastern Bluebird",9
2011,"Eastern Kingbird",0
2011,"Eastern Meadowlark",2
2011,"Eastern Phoebe",2
2011,"Eastern Towhee",7
2011,"Eastern Whip-poor-will",0
2011,"Eastern Wood-Pewee",3
2011,"European Starling",3
2011,"Field Sparrow",0
2011,"Fish Crow",1
2011,"Grasshopper Sparrow",0
2011,"Gray Catbird",0
2011,"Great Blue Heron",0
2011,"Great Crested Flycatcher",1
2011,"Hooded Warbler",0
2011,"House Finch",1
2011,"House Sparrow",0
2011,"Indigo Bunting",4
2011,"Killdeer",0
2011,"Mourning Dove",12
2011,"Northern Bobwhite",0
2011,"Northern Cardinal",30
2011,"Northern Mockingbird",7
2011,"Northern Parula",1
2011,"Orchard Oriole",0
2011,"Ovenbird",2
2011,"Pileated Woodpecker",0
2011,"Pine Warbler",7
2011,"Prairie Warbler",1
2011,"Purple Martin",0
2011,"Red-bellied Woodpecker",6
2011,"Red-eyed Vireo",6
2011,"Red-shouldered Hawk",1
2011,"Red-winged Blackbird",1
2011,"Ruby-throated Hummingbird",0
2011,"Scarlet Tanager",0
2011,"Song Sparrow",0
2011,"Summer Tanager",1
2011,"Tufted Titmouse",12
2011,"Turkey Vulture",0
2011,"White-breasted Nuthatch",3
2011,"White-eyed Vireo",1
2011,"Wood Thrush",6
2011,"Yellow-billed Cuckoo",1
2011,"Yellow-breasted Chat",0
2011,"Yellow-throated Vireo",0
2011,"Yellow-throated Warbler",1
2011,"Acadian Flycatcher",0
2011,"American Crow",35
2011,"American Goldfinch",4
2011,"American Robin",5
2011,"Barn Swallow",1
2011,"Blue Grosbeak",6
2011,"Blue Jay",3
2011,"Blue-gray Gnatcatcher",5
2011,"Brown Thrasher",2
2011,"Brown-headed Cowbird",3
2011,"Brown-headed Nuthatch",1
2011,"Canada Goose",3
2011,"Carolina Chickadee",5
2011,"Carolina Wren",17
2011,"Chimney Swift",4
2011,"Chipping Sparrow",14
2011,"Common Grackle",15
2011,"Common Yellowthroat",1
2011,"Downy Woodpecker",2
2011,"Eastern Bluebird",12
2011,"Eastern Kingbird",1
2011,"Eastern Meadowlark",9
2011,"Eastern Phoebe",2
2011,"Eastern Towhee",6
2011,"Eastern Whip-poor-will",0
2011,"Eastern Wood-Pewee",7
2011,"European Starling",5
2011,"Field Sparrow",1
2011,"Fish Crow",0
2011,"Grasshopper Sparrow",1
2011,"Gray Catbird",0
2011,"Great Blue Heron",1
2011,"Great Crested Flycatcher",2
2011,"Hooded Warbler",0
2011,"House Finch",1
2011,"House Sparrow",2
2011,"Indigo Bunting",17
2011,"Killdeer",1
2011,"Mourning Dove",21
2011,"Northern Bobwhite",0
2011,"Northern Cardinal",29
2011,"Northern Mockingbird",13
2011,"Northern Parula",0
2011,"Orchard Oriole",1
2011,"Ovenbird",1
2011,"Pileated Woodpecker",0
2011,"Pine Warbler",3
2011,"Prairie Warbler",0
2011,"Purple Martin",2
2011,"Red-bellied Woodpecker",6
2011,"Red-eyed Vireo",3
2011,"Red-shouldered Hawk",1
2011,"Red-winged Blackbird",5
2011,"Ruby-throated Hummingbird",1
2011,"Scarlet Tanager",0
2011,"Song Sparrow",0
2011,"Summer Tanager",2
2011,"Tufted Titmouse",8
2011,"Turkey Vulture",1
2011,"White-breasted Nuthatch",1
2011,"White-eyed Vireo",1
2011,"Wood Thrush",3
2011,"Yellow-billed Cuckoo",2
2011,"Yellow-breasted Chat",2
2011,"Yellow-throated Vireo",0
2011,"Yellow-throated Warbler",0
2011,"Acadian Flycatcher",1
2011,"American Crow",23
2011,"American Goldfinch",5
2011,"American Robin",6
2011,"Barn Swallow",9
2011,"Blue Grosbeak",6
2011,"Blue Jay",6
2011,"Blue-gray Gnatcatcher",4
2011,"Brown Thrasher",2
2011,"Brown-headed Cowbird",4
2011,"Brown-headed Nuthatch",0
2011,"Canada Goose",1
2011,"Carolina Chickadee",4
2011,"Carolina Wren",15
2011,"Chimney Swift",2
2011,"Chipping Sparrow",12
2011,"Common Grackle",6
2011,"Common Yellowthroat",2
2011,"Downy Woodpecker",1
2011,"Eastern Bluebird",12
2011,"Eastern Kingbird",1
2011,"Eastern Meadowlark",7
2011,"Eastern Phoebe",2
2011,"Eastern Towhee",3
2011,"Eastern Whip-poor-will",0
2011,"Eastern Wood-Pewee",8
2011,"European Starling",6
2011,"Field Sparrow",1
2011,"Fish Crow",0
2011,"Grasshopper Sparrow",0
2011,"Gray Catbird",0
2011,"Great Blue Heron",1
2011,"Great Crested Flycatcher",5
2011,"Hooded Warbler",0
2011,"House Finch",2
2011,"House Sparrow",1
2011,"Indigo Bunting",11
2011,"Killdeer",0
2011,"Mourning Dove",13
2011,"Northern Bobwhite",1
2011,"Northern Cardinal",19
2011,"Northern Mockingbird",15
2011,"Northern Parula",0
2011,"Orchard Oriole",2
2011,"Ovenbird",3
2011,"Pileated Woodpecker",0
2011,"Pine Warbler",1
2011,"Prairie Warbler",0
2011,"Purple Martin",1
2011,"Red-bellied Woodpecker",7
2011,"Red-eyed Vireo",5
2011,"Red-shouldered Hawk",1
2011,"Red-winged Blackbird",5
2011,"Ruby-throated Hummingbird",0
2011,"Scarlet Tanager",1
2011,"Song Sparrow",0
2011,"Summer Tanager",4
2011,"Tufted Titmouse",8
2011,"Turkey Vulture",1
2011,"White-breasted Nuthatch",1
2011,"White-eyed Vireo",1
2011,"Wood Thrush",5
2011,"Yellow-billed Cuckoo",3
2011,"Yellow-breasted Chat",3
2011,"Yellow-throated Vireo",1
2011,"Yellow-throated Warbler",0
2011,"Acadian Flycatcher",0
2011,"American Crow",18
2011,"American Goldfinch",5
2011,"American Robin",3
2011,"Barn Swallow",1
2011,"Blue Grosbeak",4
2011,"Blue Jay",2
2011,"Blue-gray Gnatcatcher",10
2011,"Brown Thrasher",1
2011,"Brown-headed Cowbird",5
2011,"Brown-headed Nuthatch",4
2011,"Canada Goose",4
2011,"Carolina Chickadee",9
2011,"Carolina Wren",18
2011,"Chimney Swift",6
2011,"Chipping Sparrow",11
2011,"Common Grackle",12
2011,"Common Yellowthroat",0
2011,"Downy Woodpecker",2
2011,"Eastern Bluebird",5
2011,"Eastern Kingbird",1
2011,"Eastern Meadowlark",0
2011,"Eastern Phoebe",2
2011,"Eastern Towhee",6
2011,"Eastern Whip-poor-will",0
2011,"Eastern Wood-Pewee",3
2011,"European Starling",3
2011,"Field Sparrow",0
2011,"Fish Crow",2
2011,"Grasshopper Sparrow",0
2011,"Gray Catbird",0
2011,"Great Blue Heron",2
2011,"Great Crested Flycatcher",2
2011,"Hooded Warbler",0
2011,"House Finch",4
2011,"House Sparrow",0
2011,"Indigo Bunting",5
2011,"Killdeer",0
2011,"Mourning Dove",18
2011,"Northern Bobwhite",0
2011,"Northern Cardinal",19
2011,"Northern Mockingbird",4
2011,"Northern Parula",1
2011,"Orchard Oriole",1
2011,"Ovenbird",2
2011,"Pileated Woodpecker",1
2011,"Pine Warbler",10
2011,"Prairie Warbler",0
2011,"Purple Martin",7
2011,"Red-bellied Woodpecker",6
2011,"Red-eyed Vireo",2
2011,"Red-shouldered Hawk",1
2011,"Red-winged Blackbird",0
2011,"Ruby-throated Hummingbird",0
2011,"Scarlet Tanager",0
2011,"Song Sparrow",0
2011,"Summer Tanager",3
2011,"Tufted Titmouse",11
2011,"Turkey Vulture",0
2011,"White-breasted Nuthatch",1
2011,"White-eyed Vireo",1
2011,"Wood Thrush",1
2011,"Yellow-billed Cuckoo",2
2011,"Yellow-breasted Chat",1
2011,"Yellow-throated Vireo",0
2011,"Yellow-throated Warbler",0
2012,"Acadian Flycatcher",0
2012,"American Crow",25
2012,"American Goldfinch",4
2012,"American Robin",6
2012,"Barn Swallow",0
2012,"Blue Grosbeak",2
2012,"Blue Jay",4
2012,"Blue-gray Gnatcatcher",3
2012,"Brown Thrasher",2
2012,"Brown-headed Cowbird",2
2012,"Brown-headed Nuthatch",0
2012,"Canada Goose",2
2012,"Carolina Chickadee",4
2012,"Carolina Wren",13
2012,"Chimney Swift",4
2012,"Chipping Sparrow",9
2012,"Common Grackle",8
2012,"Common Yellowthroat",1
2012,"Downy Woodpecker",1
2012,"Eastern Bluebird",12
2012,"Eastern Kingbird",0
2012,"Eastern Meadowlark",4
2012,"Eastern Phoebe",1
2012,"Eastern Towhee",5
2012,"Eastern Whip-poor-will",0
2012,"Eastern Wood-Pewee",3
2012,"European Starling",10
2012,"Field Sparrow",1
2012,"Fish Crow",0
2012,"Grasshopper Sparrow",1
2012,"Gray Catbird",0
2012,"Great Blue Heron",0
2012,"Great Crested Flycatcher",1
2012,"Hooded Warbler",0
2012,"House Finch",2
2012,"House Sparrow",3
2012,"Indigo Bunting",6
2012,"Killdeer",0
2012,"Mourning Dove",12
2012,"Northern Bobwhite",0
2012,"Northern Cardinal",17
2012,"Northern Mockingbird",9
2012,"Northern Parula",0
2012,"Orchard Oriole",0
2012,"Ovenbird",1
2012,"Pileated Woodpecker",0
2012,"Pine Warbler",2
2012,"Prairie Warbler",1
2012,"Purple Martin",0
2012,"Red-bellied Woodpecker",6
2012,"Red-eyed Vireo",5
2012,"Red-shouldered Hawk",1
2012,"Red-winged Blackbird",0
2012,"Ruby-throated Hummingbird",0
2012,"Scarlet Tanager",0
2012,"Song Sparrow",1
2012,"Summer Tanager",1
2012,"Tufted Titmouse",7
2012,"Turkey Vulture",1
2012,"White-breasted Nuthatch",1
2012,"White-eyed Vireo",0
2012,"Wood Thrush",3
2012,"Yellow-billed Cuckoo",1
2012,"Yellow-breasted Chat",1
2012,"Yellow-throated Vireo",0
2012,"Yellow-throated Warbler",0
2012,"Acadian Flycatcher",1
2012,"American Crow",25
2012,"American Goldfinch",4
2012,"American Robin",3
2012,"Barn Swallow",0
2012,"Blue Grosbeak",1
2012,"Blue Jay",4
2012,"Blue-gray Gnatcatcher",7
2012,"Brown Thrasher",1
2012,"Brown-headed Cowbird",3
2012,"Brown-headed Nuthatch",2
2012,"Canada Goose",5
2012,"Carolina Chickadee",8
2012,"Carolina Wren",19
2012,"Chimney Swift",4
2012,"Chipping Sparrow",7
2012,"Common Grackle",3
2012,"Common Yellowthroat",1
2012,"Downy Woodpecker",2
2012,"Eastern Bluebird",5
2012,"Eastern Kingbird",0
2012,"Eastern Meadowlark",0
2012,"Eastern Phoebe",2
2012,"Eastern Towhee",4
2012,"Eastern Whip-poor-will",0
2012,"Eastern Wood-Pewee",1
2012,"European Starling",1
2012,"Field Sparrow",0
2012,"Fish Crow",1
2012,"Grasshopper Sparrow",0
2012,"Gray Catbird",1
2012,"Great Blue Heron",0
2012,"Great Crested Flycatcher",2
2012,"Hooded Warbler",0
2012,"House Finch",4
2012,"House Sparrow",0
2012,"Indigo Bunting",5
2012,"Killdeer",0
2012,"Mourning Dove",6
2012,"Northern Bobwhite",0
2012,"Northern Cardinal",31
2012,"Northern Mockingbird",5
2012,"Northern Parula",1
2012,"Orchard Oriole",0
2012,"Ovenbird",0
2012,"Pileated Woodpecker",0
2012,"Pine Warbler",3
2012,"Prairie Warbler",0
2012,"Purple Martin",0
2012,"Red-bellied Woodpecker",5
2012,"Red-eyed Vireo",6
2012,"Red-shouldered Hawk",1
2012,"Red-winged Blackbird",1
2012,"Ruby-throated Hummingbird",0
2012,"Scarlet Tanager",0
2012,"Song Sparrow",0
2012,"Summer Tanager",2
2012,"Tufted Titmouse",13
2012,"Turkey Vulture",1
2012,"White-breasted Nuthatch",2
2012,"White-eyed Vireo",1
2012,"Wood Thrush",1
2012,"Yellow-billed Cuckoo",1
2012,"Yellow-breasted Chat",1
2012,"Yellow-throated Vireo",0
2012,"Yellow-throated Warbler",0
2012,"Acadian Flycatcher",1
2012,"American Crow",28
2012,"American Goldfinch",5
2012,"American Robin",2
2012,"Barn Swallow",1
2012,"Blue Grosbeak",2
2012,"Blue Jay",6
2012,"Blue-gray Gnatcatcher",6
2012,"Brown Thrasher",1
2012,"Brown-headed Cowbird",2
2012,"Brown-headed Nuthatch",2
2012,"Canada Goose",2
2012,"Carolina Chickadee",10
2012,"Carolina Wren",15
2012,"Chimney Swift",3
2012,"Chipping Sparrow",6
2012,"Common Grackle",4
2012,"Common Yellowthroat",0
2012,"Downy Woodpecker",2
2012,"Eastern Bluebird",9
2012,"Eastern Kingbird",0
2012,"Eastern Meadowlark",2
2012,"Eastern Phoebe",2
2012,"Eastern Towhee",7
2012,"Eastern Whip-poor-will",0
2012,"Eastern Wood-Pewee",3
2012,"European Starling",2
2012,"Field Sparrow",0
2012,"Fish Crow",1
2012,"Grasshopper Sparrow",0
2012,"Gray Catbird",0
2012,"Great Blue Heron",0
2012,"Great Crested Flycatcher",1
2012,"Hooded Warbler",0
2012,"House Finch",2
2012,"House Sparrow",0
2012,"Indigo Bunting",4
2012,"Killdeer",0
2012,"Mourning Dove",12
2012,"Northern Bobwhite",0
2012,"Northern Cardinal",29
2012,"Northern Mockingbird",7
2012,"Northern Parula",1
2012,"Orchard Oriole",0
2012,"Ovenbird",2
2012,"Pileated Woodpecker",0
2012,"Pine Warbler",7
2012,"Prairie Warbler",1
2012,"Purple Martin",0
2012,"Red-bellied Woodpecker",6
2012,"Red-eyed Vireo",6
2012,"Red-shouldered Hawk",1
2012,"Red-winged Blackbird",1
2012,"Ruby-throated Hummingbird",0
2012,"Scarlet Tanager",0
2012,"Song Sparrow",0
2012,"Summer Tanager",1
2012,"Tufted Titmouse",12
2012,"Turkey Vulture",0
2012,"White-breasted Nuthatch",3
2012,"White-eyed Vireo",1
2012,"Wood Thrush",6
2012,"Yellow-billed Cuckoo",1
2012,"Yellow-breasted Chat",0
2012,"Yellow-throated Vireo",0
2012,"Yellow-throated Warbler",1
2012,"Acadian Flycatcher",0
2012,"American Crow",34
2012,"American Goldfinch",4
2012,"American Robin",4
2012,"Barn Swallow",1
2012,"Blue Grosbeak",6
2012,"Blue Jay",3
2012,"Blue-gray Gnatcatcher",5
2012,"Brown Thrasher",2
2012,"Brown-headed Cowbird",3
2012,"Brown-headed Nuthatch",1
2012,"Canada Goose",2
2012,"Carolina Chickadee",5
2012,"Carolina Wren",18
2012,"Chimney Swift",3
2012,"Chipping Sparrow",14
2012,"Common Grackle",14
2012,"Common Yellowthroat",1
2012,"Downy Woodpecker",2
2012,"Eastern Bluebird",12
2012,"Eastern Kingbird",1
2012,"Eastern Meadowlark",9
2012,"Eastern Phoebe",2
2012,"Eastern Towhee",6
2012,"Eastern Whip-poor-will",0
2012,"Eastern Wood-Pewee",7
2012,"European Starling",5
2012,"Field Sparrow",1
2012,"Fish Crow",0
2012,"Grasshopper Sparrow",1
2012,"Gray Catbird",0
2012,"Great Blue Heron",1
2012,"Great Crested Flycatcher",2
2012,"Hooded Warbler",0
2012,"House Finch",1
2012,"House Sparrow",2
2012,"Indigo Bunting",17
2012,"Killdeer",1
2012,"Mourning Dove",21
2012,"Northern Bobwhite",0
2012,"Northern Cardinal",29
2012,"Northern Mockingbird",12
2012,"Northern Parula",0
2012,"Orchard Oriole",1
2012,"Ovenbird",1
2012,"Pileated Woodpecker",0
2012,"Pine Warbler",3
2012,"Prairie Warbler",0
2012,"Purple Martin",2
2012,"Red-bellied Woodpecker",7
2012,"Red-eyed Vireo",3
2012,"Red-shouldered Hawk",1
2012,"Red-winged Blackbird",5
2012,"Ruby-throated Hummingbird",0
2012,"Scarlet Tanager",0
2012,"Song Sparrow",0
2012,"Summer Tanager",2
2012,"Tufted Titmouse",9
2012,"Turkey Vulture",1
2012,"White-breasted Nuthatch",1
2012,"White-eyed Vireo",1
2012,"Wood Thrush",3
2012,"Yellow-billed Cuckoo",2
2012,"Yellow-breasted Chat",2
2012,"Yellow-throated Vireo",0
2012,"Yellow-throated Warbler",0
2012,"Acadian Flycatcher",1
2012,"American Crow",22
2012,"American Goldfinch",5
2012,"American Robin",5
2012,"Barn Swallow",9
2012,"Blue Grosbeak",6
2012,"Blue Jay",6
2012,"Blue-gray Gnatcatcher",4
2012,"Brown Thrasher",2
2012,"Brown-headed Cowbird",4
2012,"Brown-headed Nuthatch",0
2012,"Canada Goose",1
2012,"Carolina Chickadee",4
2012,"Carolina Wren",15
2012,"Chimney Swift",2
2012,"Chipping Sparrow",12
2012,"Common Grackle",5
2012,"Common Yellowthroat",2
2012,"Downy Woodpecker",1
2012,"Eastern Bluebird",12
2012,"Eastern Kingbird",1
2012,"Eastern Meadowlark",7
2012,"Eastern Phoebe",3
2012,"Eastern Towhee",3
2012,"Eastern Whip-poor-will",0
2012,"Eastern Wood-Pewee",8
2012,"European Starling",5
2012,"Field Sparrow",1
2012,"Fish Crow",0
2012,"Grasshopper Sparrow",0
2012,"Gray Catbird",0
2012,"Great Blue Heron",1
2012,"Great Crested Flycatcher",5
2012,"Hooded Warbler",0
2012,"House Finch",2
2012,"House Sparrow",1
2012,"Indigo Bunting",11
2012,"Killdeer",0
2012,"Mourning Dove",13
2012,"Northern Bobwhite",1
2012,"Northern Cardinal",20
2012,"Northern Mockingbird",15
2012,"Northern Parula",0
2012,"Orchard Oriole",2
2012,"Ovenbird",3
2012,"Pileated Woodpecker",0
2012,"Pine Warbler",1
2012,"Prairie Warbler",0
2012,"Purple Martin",1
2012,"Red-bellied Woodpecker",7
2012,"Red-eyed Vireo",5
2012,"Red-shouldered Hawk",1
2012,"Red-winged Blackbird",5
2012,"Ruby-throated Hummingbird",0
2012,"Scarlet Tanager",1
2012,"Song Sparrow",0
2012,"Summer Tanager",4
2012,"Tufted Titmouse",8
2012,"Turkey Vulture",1
2012,"White-breasted Nuthatch",1
2012,"White-eyed Vireo",1
2012,"Wood Thrush",5
2012,"Yellow-billed Cuckoo",3
2012,"Yellow-breasted Chat",3
2012,"Yellow-throated Vireo",1
2012,"Yellow-throated Warbler",0
2012,"Acadian Flycatcher",0
2012,"American Crow",18
2012,"American Goldfinch",5
2012,"American Robin",3
2012,"Barn Swallow",1
2012,"Blue Grosbeak",4
2012,"Blue Jay",2
2012,"Blue-gray Gnatcatcher",10
2012,"Brown Thrasher",1
2012,"Brown-headed Cowbird",5
2012,"Brown-headed Nuthatch",4
2012,"Canada Goose",4
2012,"Carolina Chickadee",9
2012,"Carolina Wren",18
2012,"Chimney Swift",5
2012,"Chipping Sparrow",12
2012,"Common Grackle",11
2012,"Common Yellowthroat",0
2012,"Downy Woodpecker",2
2012,"Eastern Bluebird",5
2012,"Eastern Kingbird",1
2012,"Eastern Meadowlark",0
2012,"Eastern Phoebe",2
2012,"Eastern Towhee",6
2012,"Eastern Whip-poor-will",0
2012,"Eastern Wood-Pewee",3
2012,"European Starling",3
2012,"Field Sparrow",0
2012,"Fish Crow",2
2012,"Grasshopper Sparrow",0
2012,"Gray Catbird",0
2012,"Great Blue Heron",2
2012,"Great Crested Flycatcher",2
2012,"Hooded Warbler",0
2012,"House Finch",4
2012,"House Sparrow",0
2012,"Indigo Bunting",5
2012,"Killdeer",0
2012,"Mourning Dove",17
2012,"Northern Bobwhite",0
2012,"Northern Cardinal",19
2012,"Northern Mockingbird",4
2012,"Northern Parula",1
2012,"Orchard Oriole",1
2012,"Ovenbird",2
2012,"Pileated Woodpecker",1
2012,"Pine Warbler",10
2012,"Prairie Warbler",0
2012,"Purple Martin",7
2012,"Red-bellied Woodpecker",6
2012,"Red-eyed Vireo",2
2012,"Red-shouldered Hawk",1
2012,"Red-winged Blackbird",0
2012,"Ruby-throated Hummingbird",0
2012,"Scarlet Tanager",0
2012,"Song Sparrow",0
2012,"Summer Tanager",3
2012,"Tufted Titmouse",11
2012,"Turkey Vulture",0
2012,"White-breasted Nuthatch",1
2012,"White-eyed Vireo",2
2012,"Wood Thrush",1
2012,"Yellow-billed Cuckoo",2
2012,"Yellow-breasted Chat",1
2012,"Yellow-throated Vireo",0
2012,"Yellow-throated Warbler",0
2013,"Acadian Flycatcher",0
2013,"American Crow",26
2013,"American Goldfinch",4
2013,"American Robin",5
2013,"Barn Swallow",0
2013,"Blue Grosbeak",2
2013,"Blue Jay",3
2013,"Blue-gray Gnatcatcher",3
2013,"Brown Thrasher",1
2013,"Brown-headed Cowbird",1
2013,"Brown-headed Nuthatch",0
2013,"Canada Goose",2
2013,"Carolina Chickadee",4
2013,"Carolina Wren",13
2013,"Chimney Swift",4
2013,"Chipping Sparrow",8
2013,"Common Grackle",7
2013,"Common Yellowthroat",1
2013,"Downy Woodpecker",1
2013,"Eastern Bluebird",12
2013,"Eastern Kingbird",0
2013,"Eastern Meadowlark",4
2013,"Eastern Phoebe",1
2013,"Eastern Towhee",4
2013,"Eastern Whip-poor-will",0
2013,"Eastern Wood-Pewee",3
2013,"European Starling",9
2013,"Field Sparrow",1
2013,"Fish Crow",0
2013,"Grasshopper Sparrow",1
2013,"Gray Catbird",0
2013,"Great Blue Heron",0
2013,"Great Crested Flycatcher",1
2013,"Hooded Warbler",0
2013,"House Finch",1
2013,"House Sparrow",3
2013,"Indigo Bunting",6
2013,"Killdeer",0
2013,"Mourning Dove",12
2013,"Northern Bobwhite",0
2013,"Northern Cardinal",17
2013,"Northern Mockingbird",9
2013,"Northern Parula",0
2013,"Orchard Oriole",0
2013,"Ovenbird",1
2013,"Pileated Woodpecker",0
2013,"Pine Warbler",2
2013,"Prairie Warbler",1
2013,"Purple Martin",0
2013,"Red-bellied Woodpecker",6
2013,"Red-eyed Vireo",5
2013,"Red-shouldered Hawk",1
2013,"Red-winged Blackbird",0
2013,"Ruby-throated Hummingbird",0
2013,"Scarlet Tanager",0
2013,"Song Sparrow",1
2013,"Summer Tanager",1
2013,"Tufted Titmouse",7
2013,"Turkey Vulture",0
2013,"White-breasted Nuthatch",1
2013,"White-eyed Vireo",0
2013,"Wood Thrush",3
2013,"Yellow-billed Cuckoo",1
2013,"Yellow-breasted Chat",1
2013,"Yellow-throated Vireo",0
2013,"Yellow-throated Warbler",0
2013,"Acadian Flycatcher",1
2013,"American Crow",22
2013,"American Goldfinch",4
2013,"American Robin",8
2013,"Barn Swallow",1
2013,"Blue Grosbeak",5
2013,"Blue Jay",2
2013,"Blue-gray Gnatcatcher",5
2013,"Brown Thrasher",2
2013,"Brown-headed Cowbird",5
2013,"Brown-headed Nuthatch",0
2013,"Canada Goose",3
2013,"Carolina Chickadee",3
2013,"Carolina Wren",15
2013,"Chimney Swift",2
2013,"Chipping Sparrow",13
2013,"Common Grackle",11
2013,"Common Yellowthroat",4
2013,"Downy Woodpecker",1
2013,"Eastern Bluebird",9
2013,"Eastern Kingbird",1
2013,"Eastern Meadowlark",5
2013,"Eastern Phoebe",2
2013,"Eastern Towhee",5
2013,"Eastern Whip-poor-will",0
2013,"Eastern Wood-Pewee",4
2013,"European Starling",4
2013,"Field Sparrow",5
2013,"Fish Crow",1
2013,"Grasshopper Sparrow",1
2013,"Gray Catbird",0
2013,"Great Blue Heron",0
2013,"Great Crested Flycatcher",2
2013,"Hooded Warbler",0
2013,"House Finch",2
2013,"House Sparrow",1
2013,"Indigo Bunting",15
2013,"Killdeer",2
2013,"Mourning Dove",19
2013,"Northern Bobwhite",1
2013,"Northern Cardinal",26
2013,"Northern Mockingbird",11
2013,"Northern Parula",0
2013,"Orchard Oriole",2
2013,"Ovenbird",2
2013,"Pileated Woodpecker",0
2013,"Pine Warbler",3
2013,"Prairie Warbler",1
2013,"Purple Martin",0
2013,"Red-bellied Woodpecker",4
2013,"Red-eyed Vireo",10
2013,"Red-shouldered Hawk",1
2013,"Red-winged Blackbird",3
2013,"Ruby-throated Hummingbird",0
2013,"Scarlet Tanager",1
2013,"Song Sparrow",0
2013,"Summer Tanager",3
2013,"Tufted Titmouse",12
2013,"Turkey Vulture",0
2013,"White-breasted Nuthatch",1
2013,"White-eyed Vireo",2
2013,"Wood Thrush",4
2013,"Yellow-billed Cuckoo",1
2013,"Yellow-breasted Chat",2
2013,"Yellow-throated Vireo",1
2013,"Yellow-throated Warbler",1
2013,"Acadian Flycatcher",1
2013,"American Crow",28
2013,"American Goldfinch",5
2013,"American Robin",2
2013,"Barn Swallow",1
2013,"Blue Grosbeak",2
2013,"Blue Jay",6
2013,"Blue-gray Gnatcatcher",6
2013,"Brown Thrasher",1
2013,"Brown-headed Cowbird",2
2013,"Brown-headed Nuthatch",2
2013,"Canada Goose",1
2013,"Carolina Chickadee",10
2013,"Carolina Wren",15
2013,"Chimney Swift",3
2013,"Chipping Sparrow",7
2013,"Common Grackle",4
2013,"Common Yellowthroat",0
2013,"Downy Woodpecker",2
2013,"Eastern Bluebird",9
2013,"Eastern Kingbird",0
2013,"Eastern Meadowlark",2
2013,"Eastern Phoebe",2
2013,"Eastern Towhee",7
2013,"Eastern Whip-poor-will",0
2013,"Eastern Wood-Pewee",4
2013,"European Starling",2
2013,"Field Sparrow",0
2013,"Fish Crow",1
2013,"Grasshopper Sparrow",0
2013,"Gray Catbird",0
2013,"Great Blue Heron",0
2013,"Great Crested Flycatcher",1
2013,"Hooded Warbler",0
2013,"House Finch",2
2013,"House Sparrow",0
2013,"Indigo Bunting",4
2013,"Killdeer",0
2013,"Mourning Dove",12
2013,"Northern Bobwhite",0
2013,"Northern Cardinal",29
2013,"Northern Mockingbird",7
2013,"Northern Parula",1
2013,"Orchard Oriole",0
2013,"Ovenbird",2
2013,"Pileated Woodpecker",0
2013,"Pine Warbler",7
2013,"Prairie Warbler",1
2013,"Purple Martin",0
2013,"Red-bellied Woodpecker",6
2013,"Red-eyed Vireo",6
2013,"Red-shouldered Hawk",1
2013,"Red-winged Blackbird",1
2013,"Ruby-throated Hummingbird",0
2013,"Scarlet Tanager",0
2013,"Song Sparrow",0
2013,"Summer Tanager",1
2013,"Tufted Titmouse",12
2013,"Turkey Vulture",0
2013,"White-breasted Nuthatch",3
2013,"White-eyed Vireo",1
2013,"Wood Thrush",5
2013,"Yellow-billed Cuckoo",1
2013,"Yellow-breasted Chat",0
2013,"Yellow-throated Vireo",0
2013,"Yellow-throated Warbler",1
2013,"Acadian Flycatcher",0
2013,"American Crow",34
2013,"American Goldfinch",4
2013,"American Robin",4
2013,"Barn Swallow",1
2013,"Blue Grosbeak",6
2013,"Blue Jay",3
2013,"Blue-gray Gnatcatcher",6
2013,"Brown Thrasher",2
2013,"Brown-headed Cowbird",3
2013,"Brown-headed Nuthatch",1
2013,"Canada Goose",2
2013,"Carolina Chickadee",5
2013,"Carolina Wren",19
2013,"Chimney Swift",3
2013,"Chipping Sparrow",14
2013,"Common Grackle",13
2013,"Common Yellowthroat",1
2013,"Downy Woodpecker",2
2013,"Eastern Bluebird",12
2013,"Eastern Kingbird",1
2013,"Eastern Meadowlark",8
2013,"Eastern Phoebe",3
2013,"Eastern Towhee",6
2013,"Eastern Whip-poor-will",0
2013,"Eastern Wood-Pewee",6
2013,"European Starling",4
2013,"Field Sparrow",1
2013,"Fish Crow",0
2013,"Grasshopper Sparrow",1
2013,"Gray Catbird",0
2013,"Great Blue Heron",1
2013,"Great Crested Flycatcher",2
2013,"Hooded Warbler",0
2013,"House Finch",1
2013,"House Sparrow",2
2013,"Indigo Bunting",17
2013,"Killdeer",1
2013,"Mourning Dove",22
2013,"Northern Bobwhite",0
2013,"Northern Cardinal",28
2013,"Northern Mockingbird",12
2013,"Northern Parula",0
2013,"Orchard Oriole",1
2013,"Ovenbird",1
2013,"Pileated Woodpecker",0
2013,"Pine Warbler",3
2013,"Prairie Warbler",0
2013,"Purple Martin",2
2013,"Red-bellied Woodpecker",7
2013,"Red-eyed Vireo",3
2013,"Red-shouldered Hawk",1
2013,"Red-winged Blackbird",5
2013,"Ruby-throated Hummingbird",0
2013,"Scarlet Tanager",0
2013,"Song Sparrow",0
2013,"Summer Tanager",2
2013,"Tufted Titmouse",9
2013,"Turkey Vulture",1
2013,"White-breasted Nuthatch",1
2013,"White-eyed Vireo",2
2013,"Wood Thrush",2
2013,"Yellow-billed Cuckoo",2
2013,"Yellow-breasted Chat",2
2013,"Yellow-throated Vireo",0
2013,"Yellow-throated Warbler",0
2013,"Acadian Flycatcher",1
2013,"American Crow",22
2013,"American Goldfinch",5
2013,"American Robin",5
2013,"Barn Swallow",9
2013,"Blue Grosbeak",6
2013,"Blue Jay",6
2013,"Blue-gray Gnatcatcher",4
2013,"Brown Thrasher",2
2013,"Brown-headed Cowbird",4
2013,"Brown-headed Nuthatch",0
2013,"Canada Goose",2
2013,"Carolina Chickadee",4
2013,"Carolina Wren",16
2013,"Chimney Swift",2
2013,"Chipping Sparrow",12
2013,"Common Grackle",5
2013,"Common Yellowthroat",2
2013,"Downy Woodpecker",1
2013,"Eastern Bluebird",12
2013,"Eastern Kingbird",1
2013,"Eastern Meadowlark",7
2013,"Eastern Phoebe",3
2013,"Eastern Towhee",3
2013,"Eastern Whip-poor-will",0
2013,"Eastern Wood-Pewee",8
2013,"European Starling",4
2013,"Field Sparrow",1
2013,"Fish Crow",0
2013,"Grasshopper Sparrow",0
2013,"Gray Catbird",0
2013,"Great Blue Heron",1
2013,"Great Crested Flycatcher",5
2013,"Hooded Warbler",0
2013,"House Finch",2
2013,"House Sparrow",1
2013,"Indigo Bunting",11
2013,"Killdeer",0
2013,"Mourning Dove",13
2013,"Northern Bobwhite",1
2013,"Northern Cardinal",20
2013,"Northern Mockingbird",15
2013,"Northern Parula",0
2013,"Orchard Oriole",2
2013,"Ovenbird",3
2013,"Pileated Woodpecker",1
2013,"Pine Warbler",1
2013,"Prairie Warbler",0
2013,"Purple Martin",1
2013,"Red-bellied Woodpecker",7
2013,"Red-eyed Vireo",5
2013,"Red-shouldered Hawk",1
2013,"Red-winged Blackbird",5
2013,"Ruby-throated Hummingbird",0
2013,"Scarlet Tanager",1
2013,"Song Sparrow",0
2013,"Summer Tanager",4
2013,"Tufted Titmouse",9
2013,"Turkey Vulture",1
2013,"White-breasted Nuthatch",1
2013,"White-eyed Vireo",1
2013,"Wood Thrush",5
2013,"Yellow-billed Cuckoo",3
2013,"Yellow-breasted Chat",3
2013,"Yellow-throated Vireo",1
2013,"Yellow-throated Warbler",0
2013,"Acadian Flycatcher",0
2013,"American Crow",17
2013,"American Goldfinch",5
2013,"American Robin",3
2013,"Barn Swallow",1
2013,"Blue Grosbeak",4
2013,"Blue Jay",2
2013,"Blue-gray Gnatcatcher",10
2013,"Brown Thrasher",1
2013,"Brown-headed Cowbird",5
2013,"Brown-headed Nuthatch",4
2013,"Canada Goose",4
2013,"Carolina Chickadee",9
2013,"Carolina Wren",18
2013,"Chimney Swift",5
2013,"Chipping Sparrow",12
2013,"Common Grackle",10
2013,"Common Yellowthroat",0
2013,"Downy Woodpecker",3
2013,"Eastern Bluebird",5
2013,"Eastern Kingbird",1
2013,"Eastern Meadowlark",0
2013,"Eastern Phoebe",2
2013,"Eastern Towhee",6
2013,"Eastern Whip-poor-will",0
2013,"Eastern Wood-Pewee",3
2013,"European Starling",3
2013,"Field Sparrow",0
2013,"Fish Crow",2
2013,"Grasshopper Sparrow",0
2013,"Gray Catbird",0
2013,"Great Blue Heron",2
2013,"Great Crested Flycatcher",2
2013,"Hooded Warbler",0
2013,"House Finch",5
2013,"House Sparrow",0
2013,"Indigo Bunting",4
2013,"Killdeer",0
2013,"Mourning Dove",17
2013,"Northern Bobwhite",0
2013,"Northern Cardinal",19
2013,"Northern Mockingbird",4
2013,"Northern Parula",1
2013,"Orchard Oriole",1
2013,"Ovenbird",2
2013,"Pileated Woodpecker",1
2013,"Pine Warbler",10
2013,"Prairie Warbler",0
2013,"Purple Martin",7
2013,"Red-bellied Woodpecker",6
2013,"Red-eyed Vireo",3
2013,"Red-shouldered Hawk",1
2013,"Red-winged Blackbird",0
2013,"Ruby-throated Hummingbird",0
2013,"Scarlet Tanager",0
2013,"Song Sparrow",0
2013,"Summer Tanager",3
2013,"Tufted Titmouse",11
2013,"Turkey Vulture",0
2013,"White-breasted Nuthatch",2
2013,"White-eyed Vireo",2
2013,"Wood Thrush",1
2013,"Yellow-billed Cuckoo",2
2013,"Yellow-breasted Chat",1
2013,"Yellow-throated Vireo",0
2013,"Yellow-throated Warbler",0
2014,"Acadian Flycatcher",1
2014,"American Crow",26
2014,"American Goldfinch",4
2014,"American Robin",3
2014,"Barn Swallow",3
2014,"Blue Grosbeak",3
2014,"Blue Jay",4
2014,"Blue-gray Gnatcatcher",7
2014,"Brown Thrasher",1
2014,"Brown-headed Cowbird",3
2014,"Brown-headed Nuthatch",1
2014,"Canada Goose",9
2014,"Carolina Chickadee",7
2014,"Carolina Wren",18
2014,"Chimney Swift",3
2014,"Chipping Sparrow",10
2014,"Common Grackle",7
2014,"Common Yellowthroat",1
2014,"Downy Woodpecker",2
2014,"Eastern Bluebird",8
2014,"Eastern Kingbird",1
2014,"Eastern Meadowlark",2
2014,"Eastern Phoebe",1
2014,"Eastern Towhee",5
2014,"Eastern Whip-poor-will",0
2014,"Eastern Wood-Pewee",2
2014,"European Starling",9
2014,"Field Sparrow",0
2014,"Fish Crow",1
2014,"Grasshopper Sparrow",0
2014,"Gray Catbird",0
2014,"Great Blue Heron",0
2014,"Great Crested Flycatcher",2
2014,"Hooded Warbler",0
2014,"House Finch",5
2014,"House Sparrow",0
2014,"Indigo Bunting",9
2014,"Killdeer",1
2014,"Mourning Dove",10
2014,"Northern Bobwhite",0
2014,"Northern Cardinal",25
2014,"Northern Mockingbird",7
2014,"Northern Parula",1
2014,"Orchard Oriole",0
2014,"Ovenbird",0
2014,"Pileated Woodpecker",0
2014,"Pine Warbler",5
2014,"Prairie Warbler",0
2014,"Purple Martin",0
2014,"Red-bellied Woodpecker",6
2014,"Red-eyed Vireo",8
2014,"Red-shouldered Hawk",1
2014,"Red-winged Blackbird",1
2014,"Ruby-throated Hummingbird",0
2014,"Scarlet Tanager",0
2014,"Song Sparrow",0
2014,"Summer Tanager",3
2014,"Tufted Titmouse",16
2014,"Turkey Vulture",0
2014,"White-breasted Nuthatch",1
2014,"White-eyed Vireo",1
2014,"Wood Thrush",3
2014,"Yellow-billed Cuckoo",1
2014,"Yellow-breasted Chat",1
2014,"Yellow-throated Vireo",1
2014,"Yellow-throated Warbler",2
2014,"Acadian Flycatcher",1
2014,"American Crow",28
2014,"American Goldfinch",5
2014,"American Robin",2
2014,"Barn Swallow",1
2014,"Blue Grosbeak",1
2014,"Blue Jay",6
2014,"Blue-gray Gnatcatcher",6
2014,"Brown Thrasher",1
2014,"Brown-headed Cowbird",2
2014,"Brown-headed Nuthatch",2
2014,"Canada Goose",1
2014,"Carolina Chickadee",9
2014,"Carolina Wren",15
2014,"Chimney Swift",3
2014,"Chipping Sparrow",7
2014,"Common Grackle",3
2014,"Common Yellowthroat",0
2014,"Downy Woodpecker",3
2014,"Eastern Bluebird",9
2014,"Eastern Kingbird",0
2014,"Eastern Meadowlark",2
2014,"Eastern Phoebe",2
2014,"Eastern Towhee",7
2014,"Eastern Whip-poor-will",0
2014,"Eastern Wood-Pewee",4
2014,"European Starling",2
2014,"Field Sparrow",0
2014,"Fish Crow",1
2014,"Grasshopper Sparrow",0
2014,"Gray Catbird",0
2014,"Great Blue Heron",0
2014,"Great Crested Flycatcher",1
2014,"Hooded Warbler",0
2014,"House Finch",2
2014,"House Sparrow",0
2014,"Indigo Bunting",4
2014,"Killdeer",0
2014,"Mourning Dove",12
2014,"Northern Bobwhite",0
2014,"Northern Cardinal",28
2014,"Northern Mockingbird",6
2014,"Northern Parula",1
2014,"Orchard Oriole",0
2014,"Ovenbird",2
2014,"Pileated Woodpecker",0
2014,"Pine Warbler",7
2014,"Prairie Warbler",1
2014,"Purple Martin",0
2014,"Red-bellied Woodpecker",6
2014,"Red-eyed Vireo",6
2014,"Red-shouldered Hawk",1
2014,"Red-winged Blackbird",1
2014,"Ruby-throated Hummingbird",0
2014,"Scarlet Tanager",0
2014,"Song Sparrow",0
2014,"Summer Tanager",2
2014,"Tufted Titmouse",12
2014,"Turkey Vulture",0
2014,"White-breasted Nuthatch",3
2014,"White-eyed Vireo",1
2014,"Wood Thrush",5
2014,"Yellow-billed Cuckoo",1
2014,"Yellow-breasted Chat",0
2014,"Yellow-throated Vireo",0
2014,"Yellow-throated Warbler",1
2014,"Acadian Flycatcher",0
2014,"American Crow",34
2014,"American Goldfinch",4
2014,"American Robin",4
2014,"Barn Swallow",1
2014,"Blue Grosbeak",6
2014,"Blue Jay",3
2014,"Blue-gray Gnatcatcher",6
2014,"Brown Thrasher",2
2014,"Brown-headed Cowbird",3
2014,"Brown-headed Nuthatch",1
2014,"Canada Goose",2
2014,"Carolina Chickadee",6
2014,"Carolina Wren",19
2014,"Chimney Swift",3
2014,"Chipping Sparrow",14
2014,"Common Grackle",12
2014,"Common Yellowthroat",1
2014,"Downy Woodpecker",2
2014,"Eastern Bluebird",11
2014,"Eastern Kingbird",1
2014,"Eastern Meadowlark",8
2014,"Eastern Phoebe",3
2014,"Eastern Towhee",5
2014,"Eastern Whip-poor-will",0
2014,"Eastern Wood-Pewee",6
2014,"European Starling",4
2014,"Field Sparrow",1
2014,"Fish Crow",0
2014,"Grasshopper Sparrow",1
2014,"Gray Catbird",0
2014,"Great Blue Heron",1
2014,"Great Crested Flycatcher",2
2014,"Hooded Warbler",0
2014,"House Finch",1
2014,"House Sparrow",2
2014,"Indigo Bunting",17
2014,"Killdeer",1
2014,"Mourning Dove",22
2014,"Northern Bobwhite",0
2014,"Northern Cardinal",28
2014,"Northern Mockingbird",11
2014,"Northern Parula",0
2014,"Orchard Oriole",1
2014,"Ovenbird",1
2014,"Pileated Woodpecker",0
2014,"Pine Warbler",3
2014,"Prairie Warbler",0
2014,"Purple Martin",2
2014,"Red-bellied Woodpecker",7
2014,"Red-eyed Vireo",3
2014,"Red-shouldered Hawk",1
2014,"Red-winged Blackbird",5
2014,"Ruby-throated Hummingbird",0
2014,"Scarlet Tanager",0
2014,"Song Sparrow",0
2014,"Summer Tanager",2
2014,"Tufted Titmouse",9
2014,"Turkey Vulture",0
2014,"White-breasted Nuthatch",1
2014,"White-eyed Vireo",2
2014,"Wood Thrush",2
2014,"Yellow-billed Cuckoo",2
2014,"Yellow-breasted Chat",2
2014,"Yellow-throated Vireo",0
2014,"Yellow-throated Warbler",0
2014,"Acadian Flycatcher",1
2014,"American Crow",20
2014,"American Goldfinch",4
2014,"American Robin",2
2014,"Barn Swallow",2
2014,"Blue Grosbeak",3
2014,"Blue Jay",3
2014,"Blue-gray Gnatcatcher",7
2014,"Brown Thrasher",1
2014,"Brown-headed Cowbird",2
2014,"Brown-headed Nuthatch",1
2014,"Canada Goose",0
2014,"Carolina Chickadee",4
2014,"Carolina Wren",12
2014,"Chimney Swift",2
2014,"Chipping Sparrow",9
2014,"Common Grackle",3
2014,"Common Yellowthroat",2
2014,"Downy Woodpecker",1
2014,"Eastern Bluebird",5
2014,"Eastern Kingbird",0
2014,"Eastern Meadowlark",0
2014,"Eastern Phoebe",2
2014,"Eastern Towhee",2
2014,"Eastern Whip-poor-will",1
2014,"Eastern Wood-Pewee",2
2014,"European Starling",3
2014,"Field Sparrow",0
2014,"Fish Crow",3
2014,"Grasshopper Sparrow",0
2014,"Gray Catbird",0
2014,"Great Blue Heron",0
2014,"Great Crested Flycatcher",2
2014,"Hooded Warbler",1
2014,"House Finch",2
2014,"House Sparrow",1
2014,"Indigo Bunting",6
2014,"Killdeer",0
2014,"Mourning Dove",9
2014,"Northern Bobwhite",0
2014,"Northern Cardinal",17
2014,"Northern Mockingbird",5
2014,"Northern Parula",2
2014,"Orchard Oriole",0
2014,"Ovenbird",2
2014,"Pileated Woodpecker",1
2014,"Pine Warbler",3
2014,"Prairie Warbler",1
2014,"Purple Martin",0
2014,"Red-bellied Woodpecker",6
2014,"Red-eyed Vireo",8
2014,"Red-shouldered Hawk",1
2014,"Red-winged Blackbird",0
2014,"Ruby-throated Hummingbird",0
2014,"Scarlet Tanager",1
2014,"Song Sparrow",0
2014,"Summer Tanager",3
2014,"Tufted Titmouse",7
2014,"Turkey Vulture",0
2014,"White-breasted Nuthatch",1
2014,"White-eyed Vireo",2
2014,"Wood Thrush",3
2014,"Yellow-billed Cuckoo",2
2014,"Yellow-breasted Chat",3
2014,"Yellow-throated Vireo",1
2014,"Yellow-throated Warbler",4
2014,"Acadian Flycatcher",2
2014,"American Crow",23
2014,"American Goldfinch",3
2014,"American Robin",0
2014,"Barn Swallow",1
2014,"Blue Grosbeak",1
2014,"Blue Jay",3
2014,"Blue-gray Gnatcatcher",7
2014,"Brown Thrasher",2
2014,"Brown-headed Cowbird",1
2014,"Brown-headed Nuthatch",1
2014,"Canada Goose",0
2014,"Carolina Chickadee",3
2014,"Carolina Wren",12
2014,"Chimney Swift",1
2014,"Chipping Sparrow",8
2014,"Common Grackle",3
2014,"Common Yellowthroat",3
2014,"Downy Woodpecker",1
2014,"Eastern Bluebird",5
2014,"Eastern Kingbird",1
2014,"Eastern Meadowlark",1
2014,"Eastern Phoebe",2
2014,"Eastern Towhee",2
2014,"Eastern Whip-poor-will",1
2014,"Eastern Wood-Pewee",5
2014,"European Starling",0
2014,"Field Sparrow",0
2014,"Fish Crow",1
2014,"Grasshopper Sparrow",0
2014,"Gray Catbird",1
2014,"Great Blue Heron",0
2014,"Great Crested Flycatcher",2
2014,"Hooded Warbler",1
2014,"House Finch",1
2014,"House Sparrow",0
2014,"Indigo Bunting",13
2014,"Killdeer",0
2014,"Mourning Dove",14
2014,"Northern Bobwhite",0
2014,"Northern Cardinal",16
2014,"Northern Mockingbird",4
2014,"Northern Parula",2
2014,"Orchard Oriole",0
2014,"Ovenbird",3
2014,"Pileated Woodpecker",1
2014,"Pine Warbler",4
2014,"Prairie Warbler",2
2014,"Purple Martin",0
2014,"Red-bellied Woodpecker",7
2014,"Red-eyed Vireo",13
2014,"Red-shouldered Hawk",1
2014,"Red-winged Blackbird",0
2014,"Ruby-throated Hummingbird",0
2014,"Scarlet Tanager",0
2014,"Song Sparrow",0
2014,"Summer Tanager",3
2014,"Tufted Titmouse",9
2014,"Turkey Vulture",0
2014,"White-breasted Nuthatch",1
2014,"White-eyed Vireo",3
2014,"Wood Thrush",3
2014,"Yellow-billed Cuckoo",3
2014,"Yellow-breasted Chat",5
2014,"Yellow-throated Vireo",1
2014,"Yellow-throated Warbler",2
2014,"Acadian Flycatcher",1
2014,"American Crow",22
2014,"American Goldfinch",5
2014,"American Robin",5
2014,"Barn Swallow",9
2014,"Blue Grosbeak",7
2014,"Blue Jay",6
2014,"Blue-gray Gnatcatcher",4
2014,"Brown Thrasher",2
2014,"Brown-headed Cowbird",4
2014,"Brown-headed Nuthatch",0
2014,"Canada Goose",2
2014,"Carolina Chickadee",4
2014,"Carolina Wren",16
2014,"Chimney Swift",2
2014,"Chipping Sparrow",12
2014,"Common Grackle",5
2014,"Common Yellowthroat",2
2014,"Downy Woodpecker",1
2014,"Eastern Bluebird",11
2014,"Eastern Kingbird",1
2014,"Eastern Meadowlark",6
2014,"Eastern Phoebe",3
2014,"Eastern Towhee",3
2014,"Eastern Whip-poor-will",0
2014,"Eastern Wood-Pewee",8
2014,"European Starling",4
2014,"Field Sparrow",1
2014,"Fish Crow",0
2014,"Grasshopper Sparrow",0
2014,"Gray Catbird",0
2014,"Great Blue Heron",1
2014,"Great Crested Flycatcher",5
2014,"Hooded Warbler",0
2014,"House Finch",2
2014,"House Sparrow",1
2014,"Indigo Bunting",11
2014,"Killdeer",0
2014,"Mourning Dove",13
2014,"Northern Bobwhite",1
2014,"Northern Cardinal",21
2014,"Northern Mockingbird",15
2014,"Northern Parula",0
2014,"Orchard Oriole",2
2014,"Ovenbird",3
2014,"Pileated Woodpecker",1
2014,"Pine Warbler",1
2014,"Prairie Warbler",0
2014,"Purple Martin",1
2014,"Red-bellied Woodpecker",7
2014,"Red-eyed Vireo",5
2014,"Red-shouldered Hawk",1
2014,"Red-winged Blackbird",4
2014,"Ruby-throated Hummingbird",0
2014,"Scarlet Tanager",1
2014,"Song Sparrow",0
2014,"Summer Tanager",4
2014,"Tufted Titmouse",9
2014,"Turkey Vulture",1
2014,"White-breasted Nuthatch",1
2014,"White-eyed Vireo",2
2014,"Wood Thrush",4
2014,"Yellow-billed Cuckoo",3
2014,"Yellow-breasted Chat",3
2014,"Yellow-throated Vireo",1
2014,"Yellow-throated Warbler",0
2014,"Acadian Flycatcher",1
2014,"American Crow",10
2014,"American Goldfinch",4
2014,"American Robin",3
2014,"Barn Swallow",0
2014,"Blue Grosbeak",3
2014,"Blue Jay",2
2014,"Blue-gray Gnatcatcher",8
2014,"Brown Thrasher",1
2014,"Brown-headed Cowbird",3
2014,"Brown-headed Nuthatch",2
2014,"Canada Goose",0
2014,"Carolina Chickadee",5
2014,"Carolina Wren",14
2014,"Chimney Swift",2
2014,"Chipping Sparrow",11
2014,"Common Grackle",5
2014,"Common Yellowthroat",1
2014,"Downy Woodpecker",1
2014,"Eastern Bluebird",5
2014,"Eastern Kingbird",0
2014,"Eastern Meadowlark",0
2014,"Eastern Phoebe",1
2014,"Eastern Towhee",8
2014,"Eastern Whip-poor-will",0
2014,"Eastern Wood-Pewee",1
2014,"European Starling",3
2014,"Field Sparrow",1
2014,"Fish Crow",2
2014,"Grasshopper Sparrow",0
2014,"Gray Catbird",0
2014,"Great Blue Heron",0
2014,"Great Crested Flycatcher",2
2014,"Hooded Warbler",0
2014,"House Finch",1
2014,"House Sparrow",1
2014,"Indigo Bunting",7
2014,"Killdeer",0
2014,"Mourning Dove",9
2014,"Northern Bobwhite",1
2014,"Northern Cardinal",18
2014,"Northern Mockingbird",5
2014,"Northern Parula",2
2014,"Orchard Oriole",0
2014,"Ovenbird",3
2014,"Pileated Woodpecker",1
2014,"Pine Warbler",3
2014,"Prairie Warbler",1
2014,"Purple Martin",0
2014,"Red-bellied Woodpecker",3
2014,"Red-eyed Vireo",4
2014,"Red-shouldered Hawk",1
2014,"Red-winged Blackbird",0
2014,"Ruby-throated Hummingbird",0
2014,"Scarlet Tanager",0
2014,"Song Sparrow",0
2014,"Summer Tanager",2
2014,"Tufted Titmouse",8
2014,"Turkey Vulture",0
2014,"White-breasted Nuthatch",1
2014,"White-eyed Vireo",1
2014,"Wood Thrush",1
2014,"Yellow-billed Cuckoo",1
2014,"Yellow-breasted Chat",1
2014,"Yellow-throated Vireo",0
2014,"Yellow-throated Warbler",0
2015,"Acadian Flycatcher",1
2015,"American Crow",26
2015,"American Goldfinch",4
2015,"American Robin",3
2015,"Barn Swallow",2
2015,"Blue Grosbeak",3
2015,"Blue Jay",3
2015,"Blue-gray Gnatcatcher",7
2015,"Brown Thrasher",1
2015,"Brown-headed Cowbird",3
2015,"Brown-headed Nuthatch",1
2015,"Canada Goose",9
2015,"Carolina Chickadee",7
2015,"Carolina Wren",18
2015,"Chimney Swift",3
2015,"Chipping Sparrow",10
2015,"Common Grackle",6
2015,"Common Yellowthroat",1
2015,"Downy Woodpecker",2
2015,"Eastern Bluebird",8
2015,"Eastern Kingbird",0
2015,"Eastern Meadowlark",2
2015,"Eastern Phoebe",1
2015,"Eastern Towhee",4
2015,"Eastern Whip-poor-will",0
2015,"Eastern Wood-Pewee",2
2015,"European Starling",9
2015,"Field Sparrow",0
2015,"Fish Crow",1
2015,"Grasshopper Sparrow",0
2015,"Gray Catbird",0
2015,"Great Blue Heron",0
2015,"Great Crested Flycatcher",2
2015,"Hooded Warbler",0
2015,"House Finch",4
2015,"House Sparrow",0
2015,"Indigo Bunting",8
2015,"Killdeer",1
2015,"Mourning Dove",10
2015,"Northern Bobwhite",0
2015,"Northern Cardinal",25
2015,"Northern Mockingbird",7
2015,"Northern Parula",1
2015,"Orchard Oriole",0
2015,"Ovenbird",0
2015,"Pileated Woodpecker",0
2015,"Pine Warbler",4
2015,"Prairie Warbler",0
2015,"Purple Martin",0
2015,"Red-bellied Woodpecker",6
2015,"Red-eyed Vireo",8
2015,"Red-shouldered Hawk",1
2015,"Red-winged Blackbird",1
2015,"Ruby-throated Hummingbird",0
2015,"Scarlet Tanager",0
2015,"Song Sparrow",0
2015,"Summer Tanager",3
2015,"Tufted Titmouse",16
2015,"Turkey Vulture",0
2015,"White-breasted Nuthatch",1
2015,"White-eyed Vireo",1
2015,"Wood Thrush",2
2015,"Yellow-billed Cuckoo",1
2015,"Yellow-breasted Chat",1
2015,"Yellow-throated Vireo",1
2015,"Yellow-throated Warbler",2
2015,"Acadian Flycatcher",1
2015,"American Crow",27
2015,"American Goldfinch",5
2015,"American Robin",2
2015,"Barn Swallow",1
2015,"Blue Grosbeak",1
2015,"Blue Jay",6
2015,"Blue-gray Gnatcatcher",6
2015,"Brown Thrasher",1
2015,"Brown-headed Cowbird",2
2015,"Brown-headed Nuthatch",2
2015,"Canada Goose",1
2015,"Carolina Chickadee",9
2015,"Carolina Wren",15
2015,"Chimney Swift",3
2015,"Chipping Sparrow",8
2015,"Common Grackle",3
2015,"Common Yellowthroat",0
2015,"Downy Woodpecker",3
2015,"Eastern Bluebird",9
2015,"Eastern Kingbird",0
2015,"Eastern Meadowlark",2
2015,"Eastern Phoebe",2
2015,"Eastern Towhee",6
2015,"Eastern Whip-poor-will",0
2015,"Eastern Wood-Pewee",4
2015,"European Starling",2
2015,"Field Sparrow",0
2015,"Fish Crow",1
2015,"Grasshopper Sparrow",0
2015,"Gray Catbird",0
2015,"Great Blue Heron",0
2015,"Great Crested Flycatcher",1
2015,"Hooded Warbler",0
2015,"House Finch",2
2015,"House Sparrow",0
2015,"Indigo Bunting",3
2015,"Killdeer",0
2015,"Mourning Dove",11
2015,"Northern Bobwhite",0
2015,"Northern Cardinal",27
2015,"Northern Mockingbird",6
2015,"Northern Parula",1
2015,"Orchard Oriole",0
2015,"Ovenbird",2
2015,"Pileated Woodpecker",0
2015,"Pine Warbler",7
2015,"Prairie Warbler",1
2015,"Purple Martin",0
2015,"Red-bellied Woodpecker",6
2015,"Red-eyed Vireo",5
2015,"Red-shouldered Hawk",1
2015,"Red-winged Blackbird",1
2015,"Ruby-throated Hummingbird",0
2015,"Scarlet Tanager",0
2015,"Song Sparrow",0
2015,"Summer Tanager",2
2015,"Tufted Titmouse",12
2015,"Turkey Vulture",0
2015,"White-breasted Nuthatch",3
2015,"White-eyed Vireo",1
2015,"Wood Thrush",4
2015,"Yellow-billed Cuckoo",2
2015,"Yellow-breasted Chat",0
2015,"Yellow-throated Vireo",0
2015,"Yellow-throated Warbler",1
2015,"Acadian Flycatcher",0
2015,"American Crow",33
2015,"American Goldfinch",3
2015,"American Robin",4
2015,"Barn Swallow",1
2015,"Blue Grosbeak",7
2015,"Blue Jay",4
2015,"Blue-gray Gnatcatcher",7
2015,"Brown Thrasher",2
2015,"Brown-headed Cowbird",3
2015,"Brown-headed Nuthatch",1
2015,"Canada Goose",2
2015,"Carolina Chickadee",6
2015,"Carolina Wren",20
2015,"Chimney Swift",3
2015,"Chipping Sparrow",14
2015,"Common Grackle",12
2015,"Common Yellowthroat",1
2015,"Downy Woodpecker",2
2015,"Eastern Bluebird",11
2015,"Eastern Kingbird",1
2015,"Eastern Meadowlark",7
2015,"Eastern Phoebe",3
2015,"Eastern Towhee",5
2015,"Eastern Whip-poor-will",0
2015,"Eastern Wood-Pewee",6
2015,"European Starling",3
2015,"Field Sparrow",1
2015,"Fish Crow",0
2015,"Grasshopper Sparrow",1
2015,"Gray Catbird",0
2015,"Great Blue Heron",1
2015,"Great Crested Flycatcher",2
2015,"Hooded Warbler",0
2015,"House Finch",1
2015,"House Sparrow",2
2015,"Indigo Bunting",17
2015,"Killdeer",1
2015,"Mourning Dove",23
2015,"Northern Bobwhite",0
2015,"Northern Cardinal",28
2015,"Northern Mockingbird",11
2015,"Northern Parula",0
2015,"Orchard Oriole",1
2015,"Ovenbird",1
2015,"Pileated Woodpecker",1
2015,"Pine Warbler",3
2015,"Prairie Warbler",0
2015,"Purple Martin",2
2015,"Red-bellied Woodpecker",8
2015,"Red-eyed Vireo",3
2015,"Red-shouldered Hawk",1
2015,"Red-winged Blackbird",5
2015,"Ruby-throated Hummingbird",0
2015,"Scarlet Tanager",0
2015,"Song Sparrow",0
2015,"Summer Tanager",2
2015,"Tufted Titmouse",9
2015,"Turkey Vulture",0
2015,"White-breasted Nuthatch",1
2015,"White-eyed Vireo",2
2015,"Wood Thrush",2
2015,"Yellow-billed Cuckoo",2
2015,"Yellow-breasted Chat",2
2015,"Yellow-throated Vireo",0
2015,"Yellow-throated Warbler",0
2015,"Acadian Flycatcher",2
2015,"American Crow",22
2015,"American Goldfinch",3
2015,"American Robin",0
2015,"Barn Swallow",1
2015,"Blue Grosbeak",1
2015,"Blue Jay",3
2015,"Blue-gray Gnatcatcher",8
2015,"Brown Thrasher",2
2015,"Brown-headed Cowbird",1
2015,"Brown-headed Nuthatch",1
2015,"Canada Goose",0
2015,"Carolina Chickadee",3
2015,"Carolina Wren",12
2015,"Chimney Swift",1
2015,"Chipping Sparrow",8
2015,"Common Grackle",3
2015,"Common Yellowthroat",3
2015,"Downy Woodpecker",1
2015,"Eastern Bluebird",5
2015,"Eastern Kingbird",1
2015,"Eastern Meadowlark",1
2015,"Eastern Phoebe",2
2015,"Eastern Towhee",2
2015,"Eastern Whip-poor-will",1
2015,"Eastern Wood-Pewee",4
2015,"European Starling",0
2015,"Field Sparrow",0
2015,"Fish Crow",1
2015,"Grasshopper Sparrow",0
2015,"Gray Catbird",0
2015,"Great Blue Heron",0
2015,"Great Crested Flycatcher",2
2015,"Hooded Warbler",1
2015,"House Finch",1
2015,"House Sparrow",0
2015,"Indigo Bunting",13
2015,"Killdeer",0
2015,"Mourning Dove",14
2015,"Northern Bobwhite",0
2015,"Northern Cardinal",16
2015,"Northern Mockingbird",4
2015,"Northern Parula",2
2015,"Orchard Oriole",0
2015,"Ovenbird",3
2015,"Pileated Woodpecker",1
2015,"Pine Warbler",5
2015,"Prairie Warbler",2
2015,"Purple Martin",0
2015,"Red-bellied Woodpecker",7
2015,"Red-eyed Vireo",13
2015,"Red-shouldered Hawk",1
2015,"Red-winged Blackbird",0
2015,"Ruby-throated Hummingbird",0
2015,"Scarlet Tanager",0
2015,"Song Sparrow",0
2015,"Summer Tanager",3
2015,"Tufted Titmouse",9
2015,"Turkey Vulture",0
2015,"White-breasted Nuthatch",1
2015,"White-eyed Vireo",3
2015,"Wood Thrush",3
2015,"Yellow-billed Cuckoo",3
2015,"Yellow-breasted Chat",5
2015,"Yellow-throated Vireo",1
2015,"Yellow-throated Warbler",2
2015,"Acadian Flycatcher",1
2015,"American Crow",22
2015,"American Goldfinch",5
2015,"American Robin",5
2015,"Barn Swallow",8
2015,"Blue Grosbeak",7
2015,"Blue Jay",6
2015,"Blue-gray Gnatcatcher",4
2015,"Brown Thrasher",2
2015,"Brown-headed Cowbird",4
2015,"Brown-headed Nuthatch",0
2015,"Canada Goose",2
2015,"Carolina Chickadee",5
2015,"Carolina Wren",16
2015,"Chimney Swift",2
2015,"Chipping Sparrow",12
2015,"Common Grackle",5
2015,"Common Yellowthroat",2
2015,"Downy Woodpecker",1
2015,"Eastern Bluebird",11
2015,"Eastern Kingbird",1
2015,"Eastern Meadowlark",6
2015,"Eastern Phoebe",3
2015,"Eastern Towhee",3
2015,"Eastern Whip-poor-will",0
2015,"Eastern Wood-Pewee",8
2015,"European Starling",3
2015,"Field Sparrow",1
2015,"Fish Crow",0
2015,"Grasshopper Sparrow",0
2015,"Gray Catbird",0
2015,"Great Blue Heron",1
2015,"Great Crested Flycatcher",6
2015,"Hooded Warbler",0
2015,"House Finch",2
2015,"House Sparrow",0
2015,"Indigo Bunting",11
2015,"Killdeer",0
2015,"Mourning Dove",13
2015,"Northern Bobwhite",1
2015,"Northern Cardinal",21
2015,"Northern Mockingbird",15
2015,"Northern Parula",0
2015,"Orchard Oriole",2
2015,"Ovenbird",3
2015,"Pileated Woodpecker",1
2015,"Pine Warbler",1
2015,"Prairie Warbler",0
2015,"Purple Martin",1
2015,"Red-bellied Woodpecker",7
2015,"Red-eyed Vireo",5
2015,"Red-shouldered Hawk",1
2015,"Red-winged Blackbird",4
2015,"Ruby-throated Hummingbird",0
2015,"Scarlet Tanager",1
2015,"Song Sparrow",0
2015,"Summer Tanager",4
2015,"Tufted Titmouse",9
2015,"Turkey Vulture",1
2015,"White-breasted Nuthatch",1
2015,"White-eyed Vireo",2
2015,"Wood Thrush",4
2015,"Yellow-billed Cuckoo",3
2015,"Yellow-breasted Chat",3
2015,"Yellow-throated Vireo",1
2015,"Yellow-throated Warbler",0
2015,"Acadian Flycatcher",2
2015,"American Crow",9
2015,"American Goldfinch",3
2015,"American Robin",6
2015,"Barn Swallow",2
2015,"Blue Grosbeak",3
2015,"Blue Jay",2
2015,"Blue-gray Gnatcatcher",13
2015,"Brown Thrasher",1
2015,"Brown-headed Cowbird",4
2015,"Brown-headed Nuthatch",1
2015,"Canada Goose",6
2015,"Carolina Chickadee",7
2015,"Carolina Wren",17
2015,"Chimney Swift",3
2015,"Chipping Sparrow",11
2015,"Common Grackle",5
2015,"Common Yellowthroat",2
2015,"Downy Woodpecker",3
2015,"Eastern Bluebird",5
2015,"Eastern Kingbird",0
2015,"Eastern Meadowlark",1
2015,"Eastern Phoebe",2
2015,"Eastern Towhee",5
2015,"Eastern Whip-poor-will",0
2015,"Eastern Wood-Pewee",4
2015,"European Starling",3
2015,"Field Sparrow",0
2015,"Fish Crow",2
2015,"Grasshopper Sparrow",0
2015,"Gray Catbird",1
2015,"Great Blue Heron",2
2015,"Great Crested Flycatcher",2
2015,"Hooded Warbler",0
2015,"House Finch",3
2015,"House Sparrow",0
2015,"Indigo Bunting",9
2015,"Killdeer",1
2015,"Mourning Dove",9
2015,"Northern Bobwhite",0
2015,"Northern Cardinal",23
2015,"Northern Mockingbird",4
2015,"Northern Parula",3
2015,"Orchard Oriole",0
2015,"Ovenbird",2
2015,"Pileated Woodpecker",0
2015,"Pine Warbler",4
2015,"Prairie Warbler",0
2015,"Purple Martin",0
2015,"Red-bellied Woodpecker",4
2015,"Red-eyed Vireo",8
2015,"Red-shouldered Hawk",1
2015,"Red-winged Blackbird",0
2015,"Ruby-throated Hummingbird",0
2015,"Scarlet Tanager",0
2015,"Song Sparrow",1
2015,"Summer Tanager",4
2015,"Tufted Titmouse",10
2015,"Turkey Vulture",0
2015,"White-breasted Nuthatch",1
2015,"White-eyed Vireo",2
2015,"Wood Thrush",5
2015,"Yellow-billed Cuckoo",1
2015,"Yellow-breasted Chat",0
2015,"Yellow-throated Vireo",1
2015,"Yellow-throated Warbler",1
2016,"Acadian Flycatcher",1
2016,"American Crow",27
2016,"American Goldfinch",4
2016,"American Robin",2
2016,"Barn Swallow",1
2016,"Blue Grosbeak",1
2016,"Blue Jay",5
2016,"Blue-gray Gnatcatcher",7
2016,"Brown Thrasher",1
2016,"Brown-headed Cowbird",3
2016,"Brown-headed Nuthatch",2
2016,"Canada Goose",1
2016,"Carolina Chickadee",9
2016,"Carolina Wren",15
2016,"Chimney Swift",3
2016,"Chipping Sparrow",8
2016,"Common Grackle",2
2016,"Common Yellowthroat",0
2016,"Downy Woodpecker",3
2016,"Eastern Bluebird",9
2016,"Eastern Kingbird",0
2016,"Eastern Meadowlark",2
2016,"Eastern Phoebe",1
2016,"Eastern Towhee",6
2016,"Eastern Whip-poor-will",0
2016,"Eastern Wood-Pewee",4
2016,"European Starling",1
2016,"Field Sparrow",0
2016,"Fish Crow",1
2016,"Grasshopper Sparrow",0
2016,"Gray Catbird",0
2016,"Great Blue Heron",0
2016,"Great Crested Flycatcher",1
2016,"Hooded Warbler",0
2016,"House Finch",2
2016,"House Sparrow",0
2016,"Indigo Bunting",3
2016,"Killdeer",0
2016,"Mourning Dove",11
2016,"Northern Bobwhite",0
2016,"Northern Cardinal",26
2016,"Northern Mockingbird",6
2016,"Northern Parula",1
2016,"Orchard Oriole",0
2016,"Ovenbird",2
2016,"Pileated Woodpecker",0
2016,"Pine Warbler",7
2016,"Prairie Warbler",1
2016,"Purple Martin",0
2016,"Red-bellied Woodpecker",7
2016,"Red-eyed Vireo",5
2016,"Red-shouldered Hawk",1
2016,"Red-winged Blackbird",1
2016,"Ruby-throated Hummingbird",0
2016,"Scarlet Tanager",0
2016,"Song Sparrow",0
2016,"Summer Tanager",2
2016,"Tufted Titmouse",12
2016,"Turkey Vulture",0
2016,"White-breasted Nuthatch",3
2016,"White-eyed Vireo",2
2016,"Wood Thrush",4
2016,"Yellow-billed Cuckoo",2
2016,"Yellow-breasted Chat",0
2016,"Yellow-throated Vireo",0
2016,"Yellow-throated Warbler",1
2016,"Acadian Flycatcher",0
2016,"American Crow",33
2016,"American Goldfinch",3
2016,"American Robin",4
2016,"Barn Swallow",1
2016,"Blue Grosbeak",7
2016,"Blue Jay",4
2016,"Blue-gray Gnatcatcher",7
2016,"Brown Thrasher",2
2016,"Brown-headed Cowbird",3
2016,"Brown-headed Nuthatch",1
2016,"Canada Goose",2
2016,"Carolina Chickadee",6
2016,"Carolina Wren",21
2016,"Chimney Swift",3
2016,"Chipping Sparrow",14
2016,"Common Grackle",11
2016,"Common Yellowthroat",1
2016,"Downy Woodpecker",2
2016,"Eastern Bluebird",11
2016,"Eastern Kingbird",1
2016,"Eastern Meadowlark",7
2016,"Eastern Phoebe",3
2016,"Eastern Towhee",5
2016,"Eastern Whip-poor-will",0
2016,"Eastern Wood-Pewee",6
2016,"European Starling",3
2016,"Field Sparrow",1
2016,"Fish Crow",0
2016,"Grasshopper Sparrow",1
2016,"Gray Catbird",0
2016,"Great Blue Heron",1
2016,"Great Crested Flycatcher",3
2016,"Hooded Warbler",0
2016,"House Finch",1
2016,"House Sparrow",1
2016,"Indigo Bunting",17
2016,"Killdeer",1
2016,"Mourning Dove",23
2016,"Northern Bobwhite",0
2016,"Northern Cardinal",28
2016,"Northern Mockingbird",10
2016,"Northern Parula",0
2016,"Orchard Oriole",1
2016,"Ovenbird",1
2016,"Pileated Woodpecker",1
2016,"Pine Warbler",3
2016,"Prairie Warbler",0
2016,"Purple Martin",2
2016,"Red-bellied Woodpecker",8
2016,"Red-eyed Vireo",3
2016,"Red-shouldered Hawk",2
2016,"Red-winged Blackbird",5
2016,"Ruby-throated Hummingbird",0
2016,"Scarlet Tanager",0
2016,"Song Sparrow",0
2016,"Summer Tanager",3
2016,"Tufted Titmouse",9
2016,"Turkey Vulture",0
2016,"White-breasted Nuthatch",1
2016,"White-eyed Vireo",2
2016,"Wood Thrush",2
2016,"Yellow-billed Cuckoo",2
2016,"Yellow-breasted Chat",2
2016,"Yellow-throated Vireo",0
2016,"Yellow-throated Warbler",0
2016,"Acadian Flycatcher",1
2016,"American Crow",22
2016,"American Goldfinch",5
2016,"American Robin",5
2016,"Barn Swallow",8
2016,"Blue Grosbeak",7
2016,"Blue Jay",6
2016,"Blue-gray Gnatcatcher",4
2016,"Brown Thrasher",2
2016,"Brown-headed Cowbird",4
2016,"Brown-headed Nuthatch",0
2016,"Canada Goose",2
2016,"Carolina Chickadee",5
2016,"Carolina Wren",17
2016,"Chimney Swift",2
2016,"Chipping Sparrow",12
2016,"Common Grackle",5
2016,"Common Yellowthroat",2
2016,"Downy Woodpecker",1
2016,"Eastern Bluebird",11
2016,"Eastern Kingbird",1
2016,"Eastern Meadowlark",6
2016,"Eastern Phoebe",3
2016,"Eastern Towhee",3
2016,"Eastern Whip-poor-will",0
2016,"Eastern Wood-Pewee",8
2016,"European Starling",3
2016,"Field Sparrow",1
2016,"Fish Crow",0
2016,"Grasshopper Sparrow",0
2016,"Gray Catbird",0
2016,"Great Blue Heron",1
2016,"Great Crested Flycatcher",6
2016,"Hooded Warbler",0
2016,"House Finch",2
2016,"House Sparrow",0
2016,"Indigo Bunting",10
2016,"Killdeer",0
2016,"Mourning Dove",12
2016,"Northern Bobwhite",1
2016,"Northern Cardinal",21
2016,"Northern Mockingbird",15
2016,"Northern Parula",0
2016,"Orchard Oriole",1
2016,"Ovenbird",3
2016,"Pileated Woodpecker",1
2016,"Pine Warbler",1
2016,"Prairie Warbler",0
2016,"Purple Martin",1
2016,"Red-bellied Woodpecker",7
2016,"Red-eyed Vireo",5
2016,"Red-shouldered Hawk",1
2016,"Red-winged Blackbird",4
2016,"Ruby-throated Hummingbird",0
2016,"Scarlet Tanager",1
2016,"Song Sparrow",0
2016,"Summer Tanager",4
2016,"Tufted Titmouse",9
2016,"Turkey Vulture",1
2016,"White-breasted Nuthatch",1
2016,"White-eyed Vireo",2
2016,"Wood Thrush",4
2016,"Yellow-billed Cuckoo",3
2016,"Yellow-breasted Chat",3
2016,"Yellow-throated Vireo",1
2016,"Yellow-throated Warbler",0
2016,"Acadian Flycatcher",0
2016,"American Crow",17
2016,"American Goldfinch",5
2016,"American Robin",3
2016,"Barn Swallow",1
2016,"Blue Grosbeak",4
2016,"Blue Jay",3
2016,"Blue-gray Gnatcatcher",11
2016,"Brown Thrasher",1
2016,"Brown-headed Cowbird",6
2016,"Brown-headed Nuthatch",5
2016,"Canada Goose",4
2016,"Carolina Chickadee",11
2016,"Carolina Wren",19
2016,"Chimney Swift",4
2016,"Chipping Sparrow",13
2016,"Common Grackle",7
2016,"Common Yellowthroat",0
2016,"Downy Woodpecker",3
2016,"Eastern Bluebird",5
2016,"Eastern Kingbird",1
2016,"Eastern Meadowlark",0
2016,"Eastern Phoebe",2
2016,"Eastern Towhee",6
2016,"Eastern Whip-poor-will",0
2016,"Eastern Wood-Pewee",4
2016,"European Starling",2
2016,"Field Sparrow",0
2016,"Fish Crow",3
2016,"Grasshopper Sparrow",0
2016,"Gray Catbird",0
2016,"Great Blue Heron",2
2016,"Great Crested Flycatcher",2
2016,"Hooded Warbler",0
2016,"House Finch",5
2016,"House Sparrow",0
2016,"Indigo Bunting",4
2016,"Killdeer",0
2016,"Mourning Dove",15
2016,"Northern Bobwhite",0
2016,"Northern Cardinal",20
2016,"Northern Mockingbird",4
2016,"Northern Parula",1
2016,"Orchard Oriole",1
2016,"Ovenbird",2
2016,"Pileated Woodpecker",1
2016,"Pine Warbler",9
2016,"Prairie Warbler",0
2016,"Purple Martin",6
2016,"Red-bellied Woodpecker",7
2016,"Red-eyed Vireo",3
2016,"Red-shouldered Hawk",1
2016,"Red-winged Blackbird",0
2016,"Ruby-throated Hummingbird",0
2016,"Scarlet Tanager",0
2016,"Song Sparrow",0
2016,"Summer Tanager",4
2016,"Tufted Titmouse",12
2016,"Turkey Vulture",0
2016,"White-breasted Nuthatch",2
2016,"White-eyed Vireo",2
2016,"Wood Thrush",1
2016,"Yellow-billed Cuckoo",2
2016,"Yellow-breasted Chat",1
2016,"Yellow-throated Vireo",0
2016,"Yellow-throated Warbler",1
2016,"Acadian Flycatcher",1
2016,"American Crow",27
2016,"American Goldfinch",3
2016,"American Robin",4
2016,"Barn Swallow",0
2016,"Blue Grosbeak",1
2016,"Blue Jay",5
2016,"Blue-gray Gnatcatcher",10
2016,"Brown Thrasher",1
2016,"Brown-headed Cowbird",3
2016,"Brown-headed Nuthatch",2
2016,"Canada Goose",1
2016,"Carolina Chickadee",10
2016,"Carolina Wren",16
2016,"Chimney Swift",2
2016,"Chipping Sparrow",13
2016,"Common Grackle",4
2016,"Common Yellowthroat",2
2016,"Downy Woodpecker",2
2016,"Eastern Bluebird",8
2016,"Eastern Kingbird",0
2016,"Eastern Meadowlark",1
2016,"Eastern Phoebe",2
2016,"Eastern Towhee",3
2016,"Eastern Whip-poor-will",0
2016,"Eastern Wood-Pewee",6
2016,"European Starling",2
2016,"Field Sparrow",0
2016,"Fish Crow",1
2016,"Grasshopper Sparrow",0
2016,"Gray Catbird",0
2016,"Great Blue Heron",1
2016,"Great Crested Flycatcher",2
2016,"Hooded Warbler",1
2016,"House Finch",2
2016,"House Sparrow",0
2016,"Indigo Bunting",8
2016,"Killdeer",0
2016,"Mourning Dove",11
2016,"Northern Bobwhite",0
2016,"Northern Cardinal",21
2016,"Northern Mockingbird",5
2016,"Northern Parula",1
2016,"Orchard Oriole",0
2016,"Ovenbird",2
2016,"Pileated Woodpecker",1
2016,"Pine Warbler",12
2016,"Prairie Warbler",1
2016,"Purple Martin",0
2016,"Red-bellied Woodpecker",7
2016,"Red-eyed Vireo",14
2016,"Red-shouldered Hawk",1
2016,"Red-winged Blackbird",0
2016,"Ruby-throated Hummingbird",0
2016,"Scarlet Tanager",1
2016,"Song Sparrow",0
2016,"Summer Tanager",4
2016,"Tufted Titmouse",16
2016,"Turkey Vulture",0
2016,"White-breasted Nuthatch",2
2016,"White-eyed Vireo",1
2016,"Wood Thrush",6
2016,"Yellow-billed Cuckoo",2
2016,"Yellow-breasted Chat",1
2016,"Yellow-throated Vireo",1
2016,"Yellow-throated Warbler",1
2016,"Acadian Flycatcher",2
2016,"American Crow",10
2016,"American Goldfinch",3
2016,"American Robin",6
2016,"Barn Swallow",2
2016,"Blue Grosbeak",3
2016,"Blue Jay",2
2016,"Blue-gray Gnatcatcher",13
2016,"Brown Thrasher",1
2016,"Brown-headed Cowbird",3
2016,"Brown-headed Nuthatch",1
2016,"Canada Goose",6
2016,"Carolina Chickadee",7
2016,"Carolina Wren",17
2016,"Chimney Swift",3
2016,"Chipping Sparrow",12
2016,"Common Grackle",5
2016,"Common Yellowthroat",2
2016,"Downy Woodpecker",3
2016,"Eastern Bluebird",5
2016,"Eastern Kingbird",0
2016,"Eastern Meadowlark",1
2016,"Eastern Phoebe",2
2016,"Eastern Towhee",5
2016,"Eastern Whip-poor-will",0
2016,"Eastern Wood-Pewee",4
2016,"European Starling",3
2016,"Field Sparrow",0
2016,"Fish Crow",2
2016,"Grasshopper Sparrow",0
2016,"Gray Catbird",1
2016,"Great Blue Heron",2
2016,"Great Crested Flycatcher",2
2016,"Hooded Warbler",0
2016,"House Finch",3
2016,"House Sparrow",1
2016,"Indigo Bunting",9
2016,"Killdeer",1
2016,"Mourning Dove",9
2016,"Northern Bobwhite",0
2016,"Northern Cardinal",22
2016,"Northern Mockingbird",4
2016,"Northern Parula",3
2016,"Orchard Oriole",0
2016,"Ovenbird",2
2016,"Pileated Woodpecker",0
2016,"Pine Warbler",4
2016,"Prairie Warbler",0
2016,"Purple Martin",0
2016,"Red-bellied Woodpecker",4
2016,"Red-eyed Vireo",8
2016,"Red-shouldered Hawk",1
2016,"Red-winged Blackbird",0
2016,"Ruby-throated Hummingbird",0
2016,"Scarlet Tanager",0
2016,"Song Sparrow",1
2016,"Summer Tanager",4
2016,"Tufted Titmouse",11
2016,"Turkey Vulture",0
2016,"White-breasted Nuthatch",2
2016,"White-eyed Vireo",2
2016,"Wood Thrush",5
2016,"Yellow-billed Cuckoo",1
2016,"Yellow-breasted Chat",0
2016,"Yellow-throated Vireo",1
2016,"Yellow-throated Warbler",1
2017,"Acadian Flycatcher",2
2017,"American Crow",26
2017,"American Goldfinch",3
2017,"American Robin",1
2017,"Barn Swallow",0
2017,"Blue Grosbeak",1
2017,"Blue Jay",4
2017,"Blue-gray Gnatcatcher",6
2017,"Brown Thrasher",1
2017,"Brown-headed Cowbird",2
2017,"Brown-headed Nuthatch",1
2017,"Canada Goose",1
2017,"Carolina Chickadee",8
2017,"Carolina Wren",12
2017,"Chimney Swift",1
2017,"Chipping Sparrow",8
2017,"Common Grackle",1
2017,"Common Yellowthroat",0
2017,"Downy Woodpecker",4
2017,"Eastern Bluebird",8
2017,"Eastern Kingbird",0
2017,"Eastern Meadowlark",1
2017,"Eastern Phoebe",1
2017,"Eastern Towhee",4
2017,"Eastern Whip-poor-will",0
2017,"Eastern Wood-Pewee",2
2017,"European Starling",1
2017,"Field Sparrow",0
2017,"Fish Crow",1
2017,"Grasshopper Sparrow",0
2017,"Gray Catbird",0
2017,"Great Blue Heron",0
2017,"Great Crested Flycatcher",1
2017,"Hooded Warbler",1
2017,"House Finch",3
2017,"House Sparrow",0
2017,"Indigo Bunting",5
2017,"Killdeer",0
2017,"Mourning Dove",12
2017,"Northern Bobwhite",0
2017,"Northern Cardinal",25
2017,"Northern Mockingbird",5
2017,"Northern Parula",2
2017,"Orchard Oriole",0
2017,"Ovenbird",2
2017,"Pileated Woodpecker",1
2017,"Pine Warbler",6
2017,"Prairie Warbler",1
2017,"Purple Martin",0
2017,"Red-bellied Woodpecker",6
2017,"Red-eyed Vireo",10
2017,"Red-shouldered Hawk",2
2017,"Red-winged Blackbird",0
2017,"Ruby-throated Hummingbird",0
2017,"Scarlet Tanager",1
2017,"Song Sparrow",0
2017,"Summer Tanager",2
2017,"Tufted Titmouse",15
2017,"Turkey Vulture",0
2017,"White-breasted Nuthatch",1
2017,"White-eyed Vireo",0
2017,"Wood Thrush",4
2017,"Yellow-billed Cuckoo",1
2017,"Yellow-breasted Chat",3
2017,"Yellow-throated Vireo",0
2017,"Yellow-throated Warbler",0
2017,"Acadian Flycatcher",0
2017,"American Crow",33
2017,"American Goldfinch",3
2017,"American Robin",3
2017,"Barn Swallow",1
2017,"Blue Grosbeak",7
2017,"Blue Jay",4
2017,"Blue-gray Gnatcatcher",7
2017,"Brown Thrasher",2
2017,"Brown-headed Cowbird",3
2017,"Brown-headed Nuthatch",1
2017,"Canada Goose",2
2017,"Carolina Chickadee",6
2017,"Carolina Wren",22
2017,"Chimney Swift",3
2017,"Chipping Sparrow",14
2017,"Common Grackle",10
2017,"Common Yellowthroat",2
2017,"Downy Woodpecker",2
2017,"Eastern Bluebird",11
2017,"Eastern Kingbird",1
2017,"Eastern Meadowlark",6
2017,"Eastern Phoebe",3
2017,"Eastern Towhee",5
2017,"Eastern Whip-poor-will",0
2017,"Eastern Wood-Pewee",5
2017,"European Starling",2
2017,"Field Sparrow",1
2017,"Fish Crow",0
2017,"Grasshopper Sparrow",2
2017,"Gray Catbird",0
2017,"Great Blue Heron",1
2017,"Great Crested Flycatcher",3
2017,"Hooded Warbler",0
2017,"House Finch",1
2017,"House Sparrow",1
2017,"Indigo Bunting",17
2017,"Killdeer",1
2017,"Mourning Dove",24
2017,"Northern Bobwhite",0
2017,"Northern Cardinal",28
2017,"Northern Mockingbird",10
2017,"Northern Parula",0
2017,"Orchard Oriole",1
2017,"Ovenbird",1
2017,"Pileated Woodpecker",1
2017,"Pine Warbler",3
2017,"Prairie Warbler",0
2017,"Purple Martin",2
2017,"Red-bellied Woodpecker",8
2017,"Red-eyed Vireo",3
2017,"Red-shouldered Hawk",2
2017,"Red-winged Blackbird",4
2017,"Ruby-throated Hummingbird",0
2017,"Scarlet Tanager",0
2017,"Song Sparrow",0
2017,"Summer Tanager",3
2017,"Tufted Titmouse",9
2017,"Turkey Vulture",0
2017,"White-breasted Nuthatch",1
2017,"White-eyed Vireo",2
2017,"Wood Thrush",1
2017,"Yellow-billed Cuckoo",2
2017,"Yellow-breasted Chat",2
2017,"Yellow-throated Vireo",0
2017,"Yellow-throated Warbler",0
2017,"Acadian Flycatcher",2
2017,"American Crow",20
2017,"American Goldfinch",3
2017,"American Robin",0
2017,"Barn Swallow",1
2017,"Blue Grosbeak",1
2017,"Blue Jay",2
2017,"Blue-gray Gnatcatcher",8
2017,"Brown Thrasher",2
2017,"Brown-headed Cowbird",1
2017,"Brown-headed Nuthatch",1
2017,"Canada Goose",0
2017,"Carolina Chickadee",4
2017,"Carolina Wren",11
2017,"Chimney Swift",1
2017,"Chipping Sparrow",9
2017,"Common Grackle",2
2017,"Common Yellowthroat",3
2017,"Downy Woodpecker",1
2017,"Eastern Bluebird",5
2017,"Eastern Kingbird",1
2017,"Eastern Meadowlark",1
2017,"Eastern Phoebe",2
2017,"Eastern Towhee",2
2017,"Eastern Whip-poor-will",1
2017,"Eastern Wood-Pewee",4
2017,"European Starling",0
2017,"Field Sparrow",0
2017,"Fish Crow",1
2017,"Grasshopper Sparrow",0
2017,"Gray Catbird",0
2017,"Great Blue Heron",0
2017,"Great Crested Flycatcher",2
2017,"Hooded Warbler",1
2017,"House Finch",1
2017,"House Sparrow",0
2017,"Indigo Bunting",12
2017,"Killdeer",0
2017,"Mourning Dove",14
2017,"Northern Bobwhite",0
2017,"Northern Cardinal",15
2017,"Northern Mockingbird",4
2017,"Northern Parula",2
2017,"Orchard Oriole",0
2017,"Ovenbird",3
2017,"Pileated Woodpecker",1
2017,"Pine Warbler",5
2017,"Prairie Warbler",2
2017,"Purple Martin",0
2017,"Red-bellied Woodpecker",7
2017,"Red-eyed Vireo",12
2017,"Red-shouldered Hawk",0
2017,"Red-winged Blackbird",0
2017,"Ruby-throated Hummingbird",0
2017,"Scarlet Tanager",0
2017,"Song Sparrow",0
2017,"Summer Tanager",3
2017,"Tufted Titmouse",9
2017,"Turkey Vulture",0
2017,"White-breasted Nuthatch",1
2017,"White-eyed Vireo",3
2017,"Wood Thrush",3
2017,"Yellow-billed Cuckoo",2
2017,"Yellow-breasted Chat",4
2017,"Yellow-throated Vireo",1
2017,"Yellow-throated Warbler",3
2017,"Acadian Flycatcher",0
2017,"American Crow",16
2017,"American Goldfinch",5
2017,"American Robin",3
2017,"Barn Swallow",1
2017,"Blue Grosbeak",4
2017,"Blue Jay",3
2017,"Blue-gray Gnatcatcher",11
2017,"Brown Thrasher",1
2017,"Brown-headed Cowbird",6
2017,"Brown-headed Nuthatch",5
2017,"Canada Goose",4
2017,"Carolina Chickadee",11
2017,"Carolina Wren",19
2017,"Chimney Swift",4
2017,"Chipping Sparrow",14
2017,"Common Grackle",6
2017,"Common Yellowthroat",0
2017,"Downy Woodpecker",3
2017,"Eastern Bluebird",5
2017,"Eastern Kingbird",1
2017,"Eastern Meadowlark",0
2017,"Eastern Phoebe",2
2017,"Eastern Towhee",6
2017,"Eastern Whip-poor-will",0
2017,"Eastern Wood-Pewee",4
2017,"European Starling",1
2017,"Field Sparrow",0
2017,"Fish Crow",3
2017,"Grasshopper Sparrow",0
2017,"Gray Catbird",0
2017,"Great Blue Heron",2
2017,"Great Crested Flycatcher",3
2017,"Hooded Warbler",0
2017,"House Finch",5
2017,"House Sparrow",0
2017,"Indigo Bunting",4
2017,"Killdeer",0
2017,"Mourning Dove",15
2017,"Northern Bobwhite",0
2017,"Northern Cardinal",21
2017,"Northern Mockingbird",4
2017,"Northern Parula",1
2017,"Orchard Oriole",1
2017,"Ovenbird",2
2017,"Pileated Woodpecker",1
2017,"Pine Warbler",9
2017,"Prairie Warbler",0
2017,"Purple Martin",6
2017,"Red-bellied Woodpecker",7
2017,"Red-eyed Vireo",3
2017,"Red-shouldered Hawk",1
2017,"Red-winged Blackbird",0
2017,"Ruby-throated Hummingbird",0
2017,"Scarlet Tanager",0
2017,"Song Sparrow",0
2017,"Summer Tanager",4
2017,"Tufted Titmouse",12
2017,"Turkey Vulture",0
2017,"White-breasted Nuthatch",2
2017,"White-eyed Vireo",2
2017,"Wood Thrush",1
2017,"Yellow-billed Cuckoo",2
2017,"Yellow-breasted Chat",1
2017,"Yellow-throated Vireo",0
2017,"Yellow-throated Warbler",1
2017,"Acadian Flycatcher",2
2017,"American Crow",10
2017,"American Goldfinch",3
2017,"American Robin",5
2017,"Barn Swallow",1
2017,"Blue Grosbeak",3
2017,"Blue Jay",2
2017,"Blue-gray Gnatcatcher",14
2017,"Brown Thrasher",1
2017,"Brown-headed Cowbird",3
2017,"Brown-headed Nuthatch",1
2017,"Canada Goose",6
2017,"Carolina Chickadee",8
2017,"Carolina Wren",17
2017,"Chimney Swift",3
2017,"Chipping Sparrow",12
2017,"Common Grackle",5
2017,"Common Yellowthroat",2
2017,"Downy Woodpecker",3
2017,"Eastern Bluebird",5
2017,"Eastern Kingbird",0
2017,"Eastern Meadowlark",1
2017,"Eastern Phoebe",2
2017,"Eastern Towhee",4
2017,"Eastern Whip-poor-will",0
2017,"Eastern Wood-Pewee",4
2017,"European Starling",3
2017,"Field Sparrow",0
2017,"Fish Crow",2
2017,"Grasshopper Sparrow",0
2017,"Gray Catbird",1
2017,"Great Blue Heron",2
2017,"Great Crested Flycatcher",2
2017,"Hooded Warbler",0
2017,"House Finch",3
2017,"House Sparrow",1
2017,"Indigo Bunting",9
2017,"Killdeer",1
2017,"Mourning Dove",9
2017,"Northern Bobwhite",0
2017,"Northern Cardinal",22
2017,"Northern Mockingbird",4
2017,"Northern Parula",3
2017,"Orchard Oriole",0
2017,"Ovenbird",2
2017,"Pileated Woodpecker",0
2017,"Pine Warbler",5
2017,"Prairie Warbler",0
2017,"Purple Martin",0
2017,"Red-bellied Woodpecker",4
2017,"Red-eyed Vireo",8
2017,"Red-shouldered Hawk",1
2017,"Red-winged Blackbird",0
2017,"Ruby-throated Hummingbird",0
2017,"Scarlet Tanager",0
2017,"Song Sparrow",1
2017,"Summer Tanager",4
2017,"Tufted Titmouse",11
2017,"Turkey Vulture",0
2017,"White-breasted Nuthatch",2
2017,"White-eyed Vireo",2
2017,"Wood Thrush",5
2017,"Yellow-billed Cuckoo",1
2017,"Yellow-breasted Chat",0
2017,"Yellow-throated Vireo",1
2017,"Yellow-throated Warbler",1
2018,"Acadian Flycatcher",0
2018,"American Crow",16
2018,"American Goldfinch",3
2018,"American Robin",8
2018,"Barn Swallow",1
2018,"Blue Grosbeak",1
2018,"Blue Jay",2
2018,"Blue-gray Gnatcatcher",4
2018,"Brown Thrasher",2
2018,"Brown-headed Cowbird",2
2018,"Brown-headed Nuthatch",3
2018,"Canada Goose",0
2018,"Carolina Chickadee",7
2018,"Carolina Wren",14
2018,"Chimney Swift",2
2018,"Chipping Sparrow",11
2018,"Common Grackle",0
2018,"Common Yellowthroat",0
2018,"Downy Woodpecker",3
2018,"Eastern Bluebird",5
2018,"Eastern Kingbird",0
2018,"Eastern Meadowlark",0
2018,"Eastern Phoebe",1
2018,"Eastern Towhee",7
2018,"Eastern Whip-poor-will",0
2018,"Eastern Wood-Pewee",0
2018,"European Starling",1
2018,"Field Sparrow",0
2018,"Fish Crow",2
2018,"Grasshopper Sparrow",0
2018,"Gray Catbird",1
2018,"Great Blue Heron",0
2018,"Great Crested Flycatcher",1
2018,"Hooded Warbler",0
2018,"House Finch",5
2018,"House Sparrow",0
2018,"Indigo Bunting",2
2018,"Killdeer",0
2018,"Mourning Dove",8
2018,"Northern Bobwhite",0
2018,"Northern Cardinal",29
2018,"Northern Mockingbird",4
2018,"Northern Parula",0
2018,"Orchard Oriole",0
2018,"Ovenbird",1
2018,"Pileated Woodpecker",0
2018,"Pine Warbler",6
2018,"Prairie Warbler",0
2018,"Purple Martin",0
2018,"Red-bellied Woodpecker",5
2018,"Red-eyed Vireo",3
2018,"Red-shouldered Hawk",1
2018,"Red-winged Blackbird",0
2018,"Ruby-throated Hummingbird",0
2018,"Scarlet Tanager",0
2018,"Song Sparrow",1
2018,"Summer Tanager",1
2018,"Tufted Titmouse",14
2018,"Turkey Vulture",1
2018,"White-breasted Nuthatch",2
2018,"White-eyed Vireo",1
2018,"Wood Thrush",3
2018,"Yellow-billed Cuckoo",0
2018,"Yellow-breasted Chat",1
2018,"Yellow-throated Vireo",0
2018,"Yellow-throated Warbler",0
2018,"Acadian Flycatcher",2
2018,"American Crow",26
2018,"American Goldfinch",3
2018,"American Robin",1
2018,"Barn Swallow",0
2018,"Blue Grosbeak",1
2018,"Blue Jay",3
2018,"Blue-gray Gnatcatcher",6
2018,"Brown Thrasher",1
2018,"Brown-headed Cowbird",2
2018,"Brown-headed Nuthatch",1
2018,"Canada Goose",1
2018,"Carolina Chickadee",8
2018,"Carolina Wren",12
2018,"Chimney Swift",1
2018,"Chipping Sparrow",8
2018,"Common Grackle",0
2018,"Common Yellowthroat",0
2018,"Downy Woodpecker",4
2018,"Eastern Bluebird",8
2018,"Eastern Kingbird",0
2018,"Eastern Meadowlark",1
2018,"Eastern Phoebe",1
2018,"Eastern Towhee",3
2018,"Eastern Whip-poor-will",0
2018,"Eastern Wood-Pewee",2
2018,"European Starling",1
2018,"Field Sparrow",0
2018,"Fish Crow",1
2018,"Grasshopper Sparrow",0
2018,"Gray Catbird",0
2018,"Great Blue Heron",0
2018,"Great Crested Flycatcher",1
2018,"Hooded Warbler",1
2018,"House Finch",3
2018,"House Sparrow",0
2018,"Indigo Bunting",4
2018,"Killdeer",0
2018,"Mourning Dove",12
2018,"Northern Bobwhite",0
2018,"Northern Cardinal",25
2018,"Northern Mockingbird",4
2018,"Northern Parula",2
2018,"Orchard Oriole",0
2018,"Ovenbird",2
2018,"Pileated Woodpecker",0
2018,"Pine Warbler",5
2018,"Prairie Warbler",1
2018,"Purple Martin",0
2018,"Red-bellied Woodpecker",6
2018,"Red-eyed Vireo",10
2018,"Red-shouldered Hawk",2
2018,"Red-winged Blackbird",0
2018,"Ruby-throated Hummingbird",0
2018,"Scarlet Tanager",1
2018,"Song Sparrow",0
2018,"Summer Tanager",2
2018,"Tufted Titmouse",16
2018,"Turkey Vulture",0
2018,"White-breasted Nuthatch",1
2018,"White-eyed Vireo",0
2018,"Wood Thrush",4
2018,"Yellow-billed Cuckoo",1
2018,"Yellow-breasted Chat",3
2018,"Yellow-throated Vireo",0
2018,"Yellow-throated Warbler",0
2018,"Acadian Flycatcher",3
2018,"American Crow",35
2018,"American Goldfinch",8
2018,"American Robin",3
2018,"Barn Swallow",4
2018,"Blue Grosbeak",1
2018,"Blue Jay",5
2018,"Blue-gray Gnatcatcher",6
2018,"Brown Thrasher",1
2018,"Brown-headed Cowbird",3
2018,"Brown-headed Nuthatch",1
2018,"Canada Goose",1
2018,"Carolina Chickadee",5
2018,"Carolina Wren",12
2018,"Chimney Swift",3
2018,"Chipping Sparrow",11
2018,"Common Grackle",2
2018,"Common Yellowthroat",2
2018,"Downy Woodpecker",1
2018,"Eastern Bluebird",8
2018,"Eastern Kingbird",1
2018,"Eastern Meadowlark",4
2018,"Eastern Phoebe",3
2018,"Eastern Towhee",3
2018,"Eastern Whip-poor-will",1
2018,"Eastern Wood-Pewee",4
2018,"European Starling",4
2018,"Field Sparrow",1
2018,"Fish Crow",2
2018,"Grasshopper Sparrow",0
2018,"Gray Catbird",0
2018,"Great Blue Heron",0
2018,"Great Crested Flycatcher",4
2018,"Hooded Warbler",1
2018,"House Finch",1
2018,"House Sparrow",0
2018,"Indigo Bunting",7
2018,"Killdeer",2
2018,"Mourning Dove",20
2018,"Northern Bobwhite",0
2018,"Northern Cardinal",24
2018,"Northern Mockingbird",7
2018,"Northern Parula",2
2018,"Orchard Oriole",0
2018,"Ovenbird",6
2018,"Pileated Woodpecker",1
2018,"Pine Warbler",9
2018,"Prairie Warbler",1
2018,"Purple Martin",2
2018,"Red-bellied Woodpecker",6
2018,"Red-eyed Vireo",8
2018,"Red-shouldered Hawk",2
2018,"Red-winged Blackbird",1
2018,"Ruby-throated Hummingbird",0
2018,"Scarlet Tanager",1
2018,"Song Sparrow",0
2018,"Summer Tanager",3
2018,"Tufted Titmouse",15
2018,"Turkey Vulture",1
2018,"White-breasted Nuthatch",1
2018,"White-eyed Vireo",3
2018,"Wood Thrush",3
2018,"Yellow-billed Cuckoo",3
2018,"Yellow-breasted Chat",3
2018,"Yellow-throated Vireo",1
2018,"Yellow-throated Warbler",2
2018,"Acadian Flycatcher",2
2018,"American Crow",20
2018,"American Goldfinch",3
2018,"American Robin",0
2018,"Barn Swallow",1
2018,"Blue Grosbeak",1
2018,"Blue Jay",2
2018,"Blue-gray Gnatcatcher",8
2018,"Brown Thrasher",2
2018,"Brown-headed Cowbird",1
2018,"Brown-headed Nuthatch",1
2018,"Canada Goose",0
2018,"Carolina Chickadee",4
2018,"Carolina Wren",10
2018,"Chimney Swift",1
2018,"Chipping Sparrow",9
2018,"Common Grackle",2
2018,"Common Yellowthroat",2
2018,"Downy Woodpecker",2
2018,"Eastern Bluebird",5
2018,"Eastern Kingbird",1
2018,"Eastern Meadowlark",1
2018,"Eastern Phoebe",2
2018,"Eastern Towhee",1
2018,"Eastern Whip-poor-will",1
2018,"Eastern Wood-Pewee",4
2018,"European Starling",0
2018,"Field Sparrow",0
2018,"Fish Crow",1
2018,"Grasshopper Sparrow",0
2018,"Gray Catbird",0
2018,"Great Blue Heron",0
2018,"Great Crested Flycatcher",2
2018,"Hooded Warbler",1
2018,"House Finch",2
2018,"House Sparrow",0
2018,"Indigo Bunting",11
2018,"Killdeer",0
2018,"Mourning Dove",14
2018,"Northern Bobwhite",0
2018,"Northern Cardinal",15
2018,"Northern Mockingbird",5
2018,"Northern Parula",2
2018,"Orchard Oriole",0
2018,"Ovenbird",3
2018,"Pileated Woodpecker",1
2018,"Pine Warbler",5
2018,"Prairie Warbler",2
2018,"Purple Martin",0
2018,"Red-bellied Woodpecker",7
2018,"Red-eyed Vireo",12
2018,"Red-shouldered Hawk",0
2018,"Red-winged Blackbird",0
2018,"Ruby-throated Hummingbird",0
2018,"Scarlet Tanager",0
2018,"Song Sparrow",0
2018,"Summer Tanager",3
2018,"Tufted Titmouse",9
2018,"Turkey Vulture",0
2018,"White-breasted Nuthatch",2
2018,"White-eyed Vireo",3
2018,"Wood Thrush",3
2018,"Yellow-billed Cuckoo",2
2018,"Yellow-breasted Chat",4
2018,"Yellow-throated Vireo",1
2018,"Yellow-throated Warbler",3
2018,"Acadian Flycatcher",1
2018,"American Crow",22
2018,"American Goldfinch",5
2018,"American Robin",4
2018,"Barn Swallow",8
2018,"Blue Grosbeak",7
2018,"Blue Jay",6
2018,"Blue-gray Gnatcatcher",4
2018,"Brown Thrasher",2
2018,"Brown-headed Cowbird",4
2018,"Brown-headed Nuthatch",0
2018,"Canada Goose",2
2018,"Carolina Chickadee",5
2018,"Carolina Wren",17
2018,"Chimney Swift",2
2018,"Chipping Sparrow",11
2018,"Common Grackle",5
2018,"Common Yellowthroat",1
2018,"Downy Woodpecker",1
2018,"Eastern Bluebird",11
2018,"Eastern Kingbird",1
2018,"Eastern Meadowlark",6
2018,"Eastern Phoebe",3
2018,"Eastern Towhee",3
2018,"Eastern Whip-poor-will",0
2018,"Eastern Wood-Pewee",8
2018,"European Starling",2
2018,"Field Sparrow",1
2018,"Fish Crow",0
2018,"Grasshopper Sparrow",0
2018,"Gray Catbird",0
2018,"Great Blue Heron",1
2018,"Great Crested Flycatcher",7
2018,"Hooded Warbler",0
2018,"House Finch",2
2018,"House Sparrow",0
2018,"Indigo Bunting",10
2018,"Killdeer",0
2018,"Mourning Dove",12
2018,"Northern Bobwhite",0
2018,"Northern Cardinal",22
2018,"Northern Mockingbird",16
2018,"Northern Parula",0
2018,"Orchard Oriole",1
2018,"Ovenbird",3
2018,"Pileated Woodpecker",1
2018,"Pine Warbler",1
2018,"Prairie Warbler",0
2018,"Purple Martin",1
2018,"Red-bellied Woodpecker",7
2018,"Red-eyed Vireo",5
2018,"Red-shouldered Hawk",1
2018,"Red-winged Blackbird",4
2018,"Ruby-throated Hummingbird",0
2018,"Scarlet Tanager",0
2018,"Song Sparrow",0
2018,"Summer Tanager",4
2018,"Tufted Titmouse",10
2018,"Turkey Vulture",1
2018,"White-breasted Nuthatch",1
2018,"White-eyed Vireo",2
2018,"Wood Thrush",4
2018,"Yellow-billed Cuckoo",3
2018,"Yellow-breasted Chat",3
2018,"Yellow-throated Vireo",1
2018,"Yellow-throated Warbler",0
2018,"Acadian Flycatcher",0
2018,"American Crow",16
2018,"American Goldfinch",4
2018,"American Robin",3
2018,"Barn Swallow",0
2018,"Blue Grosbeak",4
2018,"Blue Jay",3
2018,"Blue-gray Gnatcatcher",11
2018,"Brown Thrasher",1
2018,"Brown-headed Cowbird",6
2018,"Brown-headed Nuthatch",6
2018,"Canada Goose",4
2018,"Carolina Chickadee",11
2018,"Carolina Wren",20
2018,"Chimney Swift",3
2018,"Chipping Sparrow",14
2018,"Common Grackle",5
2018,"Common Yellowthroat",0
2018,"Downy Woodpecker",3
2018,"Eastern Bluebird",5
2018,"Eastern Kingbird",1
2018,"Eastern Meadowlark",0
2018,"Eastern Phoebe",2
2018,"Eastern Towhee",6
2018,"Eastern Whip-poor-will",0
2018,"Eastern Wood-Pewee",4
2018,"European Starling",1
2018,"Field Sparrow",0
2018,"Fish Crow",3
2018,"Grasshopper Sparrow",0
2018,"Gray Catbird",0
2018,"Great Blue Heron",2
2018,"Great Crested Flycatcher",3
2018,"Hooded Warbler",0
2018,"House Finch",5
2018,"House Sparrow",0
2018,"Indigo Bunting",3
2018,"Killdeer",0
2018,"Mourning Dove",14
2018,"Northern Bobwhite",0
2018,"Northern Cardinal",21
2018,"Northern Mockingbird",4
2018,"Northern Parula",1
2018,"Orchard Oriole",1
2018,"Ovenbird",2
2018,"Pileated Woodpecker",1
2018,"Pine Warbler",9
2018,"Prairie Warbler",0
2018,"Purple Martin",6
2018,"Red-bellied Woodpecker",7
2018,"Red-eyed Vireo",3
2018,"Red-shouldered Hawk",1
2018,"Red-winged Blackbird",0
2018,"Ruby-throated Hummingbird",0
2018,"Scarlet Tanager",0
2018,"Song Sparrow",0
2018,"Summer Tanager",4
2018,"Tufted Titmouse",12
2018,"Turkey Vulture",0
2018,"White-breasted Nuthatch",2
2018,"White-eyed Vireo",2
2018,"Wood Thrush",1
2018,"Yellow-billed Cuckoo",2
2018,"Yellow-breasted Chat",1
2018,"Yellow-throated Vireo",0
2018,"Yellow-throated Warbler",1
2019,"Acadian Flycatcher",3
2019,"American Crow",19
2019,"American Goldfinch",3
2019,"American Robin",0
2019,"Barn Swallow",1
2019,"Blue Grosbeak",1
2019,"Blue Jay",2
2019,"Blue-gray Gnatcatcher",9
2019,"Brown Thrasher",2
2019,"Brown-headed Cowbird",1
2019,"Brown-headed Nuthatch",1
2019,"Canada Goose",0
2019,"Carolina Chickadee",4
2019,"Carolina Wren",10
2019,"Chimney Swift",1
2019,"Chipping Sparrow",9
2019,"Common Grackle",2
2019,"Common Yellowthroat",2
2019,"Downy Woodpecker",2
2019,"Eastern Bluebird",5
2019,"Eastern Kingbird",1
2019,"Eastern Meadowlark",1
2019,"Eastern Phoebe",2
2019,"Eastern Towhee",1
2019,"Eastern Whip-poor-will",1
2019,"Eastern Wood-Pewee",4
2019,"European Starling",0
2019,"Field Sparrow",0
2019,"Fish Crow",1
2019,"Grasshopper Sparrow",0
2019,"Gray Catbird",0
2019,"Great Blue Heron",0
2019,"Great Crested Flycatcher",2
2019,"Hooded Warbler",1
2019,"House Finch",2
2019,"House Sparrow",0
2019,"Indigo Bunting",11
2019,"Killdeer",0
2019,"Mourning Dove",14
2019,"Northern Bobwhite",0
2019,"Northern Cardinal",15
2019,"Northern Mockingbird",5
2019,"Northern Parula",2
2019,"Orchard Oriole",0
2019,"Ovenbird",3
2019,"Pileated Woodpecker",1
2019,"Pine Warbler",5
2019,"Prairie Warbler",2
2019,"Purple Martin",0
2019,"Red-bellied Woodpecker",7
2019,"Red-eyed Vireo",12
2019,"Red-shouldered Hawk",0
2019,"Red-winged Blackbird",0
2019,"Ruby-throated Hummingbird",0
2019,"Scarlet Tanager",0
2019,"Song Sparrow",0
2019,"Summer Tanager",4
2019,"Tufted Titmouse",9
2019,"Turkey Vulture",0
2019,"White-breasted Nuthatch",2
2019,"White-eyed Vireo",3
2019,"Wood Thrush",3
2019,"Yellow-billed Cuckoo",2
2019,"Yellow-breasted Chat",4
2019,"Yellow-throated Vireo",1
2019,"Yellow-throated Warbler",3
2021,"Acadian Flycatcher",3
2021,"American Crow",17
2021,"American Goldfinch",3
2021,"American Robin",0
2021,"Barn Swallow",1
2021,"Blue Grosbeak",1
2021,"Blue Jay",2
2021,"Blue-gray Gnatcatcher",9
2021,"Brown Thrasher",2
2021,"Brown-headed Cowbird",1
2021,"Brown-headed Nuthatch",1
2021,"Canada Goose",0
2021,"Carolina Chickadee",4
2021,"Carolina Wren",9
2021,"Chimney Swift",1
2021,"Chipping Sparrow",10
2021,"Common Grackle",2
2021,"Common Yellowthroat",2
2021,"Downy Woodpecker",2
2021,"Eastern Bluebird",5
2021,"Eastern Kingbird",1
2021,"Eastern Meadowlark",1
2021,"Eastern Phoebe",2
2021,"Eastern Towhee",1
2021,"Eastern Whip-poor-will",1
2021,"Eastern Wood-Pewee",4
2021,"European Starling",0
2021,"Field Sparrow",0
2021,"Fish Crow",1
2021,"Grasshopper Sparrow",0
2021,"Gray Catbird",0
2021,"Great Blue Heron",0
2021,"Great Crested Flycatcher",2
2021,"Hooded Warbler",1
2021,"House Finch",2
2021,"House Sparrow",0
2021,"Indigo Bunting",10
2021,"Killdeer",0
2021,"Mourning Dove",14
2021,"Northern Bobwhite",0
2021,"Northern Cardinal",15
2021,"Northern Mockingbird",5
2021,"Northern Parula",3
2021,"Orchard Oriole",0
2021,"Ovenbird",3
2021,"Pileated Woodpecker",1
2021,"Pine Warbler",5
2021,"Prairie Warbler",2
2021,"Purple Martin",0
2021,"Red-bellied Woodpecker",8
2021,"Red-eyed Vireo",11
2021,"Red-shouldered Hawk",0
2021,"Red-winged Blackbird",0
2021,"Ruby-throated Hummingbird",0
2021,"Scarlet Tanager",0
2021,"Song Sparrow",0
2021,"Summer Tanager",4
2021,"Tufted Titmouse",9
2021,"Turkey Vulture",0
2021,"White-breasted Nuthatch",2
2021,"White-eyed Vireo",3
2021,"Wood Thrush",3
2021,"Yellow-billed Cuckoo",2
2021,"Yellow-breasted Chat",4
2021,"Yellow-throated Vireo",1
2021,"Yellow-throated Warbler",3
2021,"Acadian Flycatcher",2
2021,"American Crow",31
2021,"American Goldfinch",4
2021,"American Robin",3
2021,"Barn Swallow",0
2021,"Blue Grosbeak",2
2021,"Blue Jay",5
2021,"Blue-gray Gnatcatcher",11
2021,"Brown Thrasher",1
2021,"Brown-headed Cowbird",4
2021,"Brown-headed Nuthatch",2
2021,"Canada Goose",0
2021,"Carolina Chickadee",11
2021,"Carolina Wren",18
2021,"Chimney Swift",1
2021,"Chipping Sparrow",15
2021,"Common Grackle",0
2021,"Common Yellowthroat",2
2021,"Downy Woodpecker",3
2021,"Eastern Bluebird",9
2021,"Eastern Kingbird",0
2021,"Eastern Meadowlark",1
2021,"Eastern Phoebe",2
2021,"Eastern Towhee",2
2021,"Eastern Whip-poor-will",0
2021,"Eastern Wood-Pewee",7
2021,"European Starling",0
2021,"Field Sparrow",0
2021,"Fish Crow",1
2021,"Grasshopper Sparrow",0
2021,"Gray Catbird",0
2021,"Great Blue Heron",2
2021,"Great Crested Flycatcher",2
2021,"Hooded Warbler",1
2021,"House Finch",3
2021,"House Sparrow",0
2021,"Indigo Bunting",8
2021,"Killdeer",0
2021,"Mourning Dove",9
2021,"Northern Bobwhite",0
2021,"Northern Cardinal",23
2021,"Northern Mockingbird",5
2021,"Northern Parula",2
2021,"Orchard Oriole",0
2021,"Ovenbird",2
2021,"Pileated Woodpecker",1
2021,"Pine Warbler",13
2021,"Prairie Warbler",1
2021,"Purple Martin",0
2021,"Red-bellied Woodpecker",8
2021,"Red-eyed Vireo",19
2021,"Red-shouldered Hawk",1
2021,"Red-winged Blackbird",0
2021,"Ruby-throated Hummingbird",0
2021,"Scarlet Tanager",1
2021,"Song Sparrow",0
2021,"Summer Tanager",6
2021,"Tufted Titmouse",17
2021,"Turkey Vulture",0
2021,"White-breasted Nuthatch",2
2021,"White-eyed Vireo",1
2021,"Wood Thrush",3
2021,"Yellow-billed Cuckoo",2
2021,"Yellow-breasted Chat",1
2021,"Yellow-throated Vireo",1
2021,"Yellow-throated Warbler",1
2022,"Acadian Flycatcher",1
2022,"American Crow",25
2022,"American Goldfinch",3
2022,"American Robin",1
2022,"Barn Swallow",0
2022,"Blue Grosbeak",2
2022,"Blue Jay",2
2022,"Blue-gray Gnatcatcher",5
2022,"Brown Thrasher",1
2022,"Brown-headed Cowbird",3
2022,"Brown-headed Nuthatch",1
2022,"Canada Goose",8
2022,"Carolina Chickadee",6
2022,"Carolina Wren",16
2022,"Chimney Swift",1
2022,"Chipping Sparrow",9
2022,"Common Grackle",2
2022,"Common Yellowthroat",0
2022,"Downy Woodpecker",2
2022,"Eastern Bluebird",7
2022,"Eastern Kingbird",0
2022,"Eastern Meadowlark",1
2022,"Eastern Phoebe",1
2022,"Eastern Towhee",2
2022,"Eastern Whip-poor-will",0
2022,"Eastern Wood-Pewee",1
2022,"European Starling",6
2022,"Field Sparrow",0
2022,"Fish Crow",1
2022,"Grasshopper Sparrow",0
2022,"Gray Catbird",0
2022,"Great Blue Heron",0
2022,"Great Crested Flycatcher",2
2022,"Hooded Warbler",0
2022,"House Finch",3
2022,"House Sparrow",0
2022,"Indigo Bunting",5
2022,"Killdeer",1
2022,"Mourning Dove",5
2022,"Northern Bobwhite",0
2022,"Northern Cardinal",24
2022,"Northern Mockingbird",5
2022,"Northern Parula",1
2022,"Orchard Oriole",1
2022,"Ovenbird",0
2022,"Pileated Woodpecker",0
2022,"Pine Warbler",2
2022,"Prairie Warbler",0
2022,"Purple Martin",0
2022,"Red-bellied Woodpecker",5
2022,"Red-eyed Vireo",6
2022,"Red-shouldered Hawk",1
2022,"Red-winged Blackbird",1
2022,"Ruby-throated Hummingbird",0
2022,"Scarlet Tanager",0
2022,"Song Sparrow",0
2022,"Summer Tanager",3
2022,"Tufted Titmouse",14
2022,"Turkey Vulture",0
2022,"White-breasted Nuthatch",1
2022,"White-eyed Vireo",1
2022,"Wood Thrush",0
2022,"Yellow-billed Cuckoo",0
2022,"Yellow-breasted Chat",0
2022,"Yellow-throated Vireo",0
2022,"Yellow-throated Warbler",2
