"year","common_name","sci_name","count"
1923,"Red-winged Blackbird","Agelaius phoeniceus",0
1928,"Red-winged Blackbird","Agelaius phoeniceus",0
1929,"Red-winged Blackbird","Agelaius phoeniceus",0
1930,"Red-winged Blackbird","Agelaius phoeniceus",0
1931,"Red-winged Blackbird","Agelaius phoeniceus",0
1932,"Red-winged Blackbird","Agelaius phoeniceus",0
1933,"Red-winged Blackbird","Agelaius phoeniceus",0
1934,"Red-winged Blackbird","Agelaius phoeniceus",0
1935,"Red-winged Blackbird","Agelaius phoeniceus",0
1936,"Red-winged Blackbird","Agelaius phoeniceus",0
1937,"Red-winged Blackbird","Agelaius phoeniceus",0
1938,"Red-winged Blackbird","Agelaius phoeniceus",0
1940,"Red-winged Blackbird","Agelaius phoeniceus",0
1941,"Red-winged Blackbird","Agelaius phoeniceus",0.72
1943,"Red-winged Blackbird","Agelaius phoeniceus",14.4444
1944,"Red-winged Blackbird","Agelaius phoeniceus",0
1945,"Red-winged Blackbird","Agelaius phoeniceus",5.2632
1946,"Red-winged Blackbird","Agelaius phoeniceus",0.3636
1947,"Red-winged Blackbird","Agelaius phoeniceus",18.4091
1948,"Red-winged Blackbird","Agelaius phoeniceus",2.0968
1950,"Red-winged Blackbird","Agelaius phoeniceus",0
1951,"Red-winged Blackbird","Agelaius phoeniceus",1.25
1952,"Red-winged Blackbird","Agelaius phoeniceus",0.6538
1953,"Red-winged Blackbird","Agelaius phoeniceus",1
1954,"Red-winged Blackbird","Agelaius phoeniceus",0.2353
1956,"Red-winged Blackbird","Agelaius phoeniceus",0
1957,"Red-winged Blackbird","Agelaius phoeniceus",0.0175
1958,"Red-winged Blackbird","Agelaius phoeniceus",0.05
1959,"Red-winged Blackbird","Agelaius phoeniceus",0.0714
1960,"Red-winged Blackbird","Agelaius phoeniceus",0
1961,"Red-winged Blackbird","Agelaius phoeniceus",0.3636
1962,"Red-winged Blackbird","Agelaius phoeniceus",0
1963,"Red-winged Blackbird","Agelaius phoeniceus",0.4048
1964,"Red-winged Blackbird","Agelaius phoeniceus",1.8519
1965,"Red-winged Blackbird","Agelaius phoeniceus",0.8636
1966,"Red-winged Blackbird","Agelaius phoeniceus",1.8033
1967,"Red-winged Blackbird","Agelaius phoeniceus",8.5714
1968,"Red-winged Blackbird","Agelaius phoeniceus",4.2857
1969,"Red-winged Blackbird","Agelaius phoeniceus",9.7183
1970,"Red-winged Blackbird","Agelaius phoeniceus",5.8462
1971,"Red-winged Blackbird","Agelaius phoeniceus",13.8596
1972,"Red-winged Blackbird","Agelaius phoeniceus",14.8571
1973,"Red-winged Blackbird","Agelaius phoeniceus",3.5467
1974,"Red-winged Blackbird","Agelaius phoeniceus",14.7463
1975,"Red-winged Blackbird","Agelaius phoeniceus",6.3837
1976,"Red-winged Blackbird","Agelaius phoeniceus",5.9866
1977,"Red-winged Blackbird","Agelaius phoeniceus",4.1563
1978,"Red-winged Blackbird","Agelaius phoeniceus",6.9294
1979,"Red-winged Blackbird","Agelaius phoeniceus",2.5917
1980,"Red-winged Blackbird","Agelaius phoeniceus",9.5804
1981,"Red-winged Blackbird","Agelaius phoeniceus",22.2808
1982,"Red-winged Blackbird","Agelaius phoeniceus",7.6093
1983,"Red-winged Blackbird","Agelaius phoeniceus",0.4938
1984,"Red-winged Blackbird","Agelaius phoeniceus",5.3457
1985,"Red-winged Blackbird","Agelaius phoeniceus",1.4878
1986,"Red-winged Blackbird","Agelaius phoeniceus",1.064
1987,"Red-winged Blackbird","Agelaius phoeniceus",1.5407
1988,"Red-winged Blackbird","Agelaius phoeniceus",21.3176
1989,"Red-winged Blackbird","Agelaius phoeniceus",0.5926
1990,"Red-winged Blackbird","Agelaius phoeniceus",1.9478
1991,"Red-winged Blackbird","Agelaius phoeniceus",0.3533
1992,"Red-winged Blackbird","Agelaius phoeniceus",0.8205
1993,"Red-winged Blackbird","Agelaius phoeniceus",0.7148
1994,"Red-winged Blackbird","Agelaius phoeniceus",3.3333
1995,"Red-winged Blackbird","Agelaius phoeniceus",6.6104
1996,"Red-winged Blackbird","Agelaius phoeniceus",0.1798
1997,"Red-winged Blackbird","Agelaius phoeniceus",0.9437
1998,"Red-winged Blackbird","Agelaius phoeniceus",1.2486
1999,"Red-winged Blackbird","Agelaius phoeniceus",8.1419
2000,"Red-winged Blackbird","Agelaius phoeniceus",0.816
2001,"Red-winged Blackbird","Agelaius phoeniceus",7.0807
2002,"Red-winged Blackbird","Agelaius phoeniceus",1.4644
2003,"Red-winged Blackbird","Agelaius phoeniceus",0.7613
2004,"Red-winged Blackbird","Agelaius phoeniceus",1.9894
2005,"Red-winged Blackbird","Agelaius phoeniceus",4.9861
2006,"Red-winged Blackbird","Agelaius phoeniceus",1.2193
2007,"Red-winged Blackbird","Agelaius phoeniceus",6.2214
2008,"Red-winged Blackbird","Agelaius phoeniceus",3.0522
2009,"Red-winged Blackbird","Agelaius phoeniceus",0.9004
2010,"Red-winged Blackbird","Agelaius phoeniceus",0.5263
2011,"Red-winged Blackbird","Agelaius phoeniceus",5.0266
2012,"Red-winged Blackbird","Agelaius phoeniceus",7.8
2013,"Red-winged Blackbird","Agelaius phoeniceus",5.9291
2014,"Red-winged Blackbird","Agelaius phoeniceus",5.0824
2015,"Red-winged Blackbird","Agelaius phoeniceus",10.5153
2016,"Red-winged Blackbird","Agelaius phoeniceus",12.4444
2017,"Red-winged Blackbird","Agelaius phoeniceus",2.8475
2018,"Red-winged Blackbird","Agelaius phoeniceus",1.9082
2019,"Red-winged Blackbird","Agelaius phoeniceus",5.6372
2020,"Red-winged Blackbird","Agelaius phoeniceus",5.9139
2021,"Red-winged Blackbird","Agelaius phoeniceus",4.0282
2022,"Red-winged Blackbird","Agelaius phoeniceus",3.3892
2023,"Red-winged Blackbird","Agelaius phoeniceus",17.8788
2024,"Red-winged Blackbird","Agelaius phoeniceus",5.5821
1923,"Great Blue Heron","Ardea herodias herodias Group",0
1928,"Great Blue Heron","Ardea herodias herodias Group",0
1929,"Great Blue Heron","Ardea herodias herodias Group",0
1930,"Great Blue Heron","Ardea herodias herodias Group",0
1931,"Great Blue Heron","Ardea herodias herodias Group",0
1932,"Great Blue Heron","Ardea herodias herodias Group",0
1933,"Great Blue Heron","Ardea herodias herodias Group",0
1934,"Great Blue Heron","Ardea herodias herodias Group",0
1935,"Great Blue Heron","Ardea herodias herodias Group",0
1936,"Great Blue Heron","Ardea herodias herodias Group",0
1937,"Great Blue Heron","Ardea herodias herodias Group",0
1938,"Great Blue Heron","Ardea herodias herodias Group",0
1940,"Great Blue Heron","Ardea herodias herodias Group",0
1941,"Great Blue Heron","Ardea herodias herodias Group",0.04
1943,"Great Blue Heron","Ardea herodias herodias Group",0.0556
1944,"Great Blue Heron","Ardea herodias herodias Group",0
1945,"Great Blue Heron","Ardea herodias herodias Group",0
1946,"Great Blue Heron","Ardea herodias herodias Group",0.0909
1947,"Great Blue Heron","Ardea herodias herodias Group",0.0909
1948,"Great Blue Heron","Ardea herodias herodias Group",0.0323
1950,"Great Blue Heron","Ardea herodias herodias Group",0
1951,"Great Blue Heron","Ardea herodias herodias Group",0.0577
1952,"Great Blue Heron","Ardea herodias herodias Group",0.0385
1953,"Great Blue Heron","Ardea herodias herodias Group",0.0526
1954,"Great Blue Heron","Ardea herodias herodias Group",0.1647
1956,"Great Blue Heron","Ardea herodias herodias Group",0.1154
1957,"Great Blue Heron","Ardea herodias herodias Group",0.0877
1958,"Great Blue Heron","Ardea herodias herodias Group",0.25
1959,"Great Blue Heron","Ardea herodias herodias Group",0.0357
1960,"Great Blue Heron","Ardea herodias herodias Group",0
1961,"Great Blue Heron","Ardea herodias herodias Group",0.1818
1962,"Great Blue Heron","Ardea herodias herodias Group",0.1132
1963,"Great Blue Heron","Ardea herodias herodias Group",0.0952
1964,"Great Blue Heron","Ardea herodias herodias Group",0.037
1965,"Great Blue Heron","Ardea herodias herodias Group",0.1818
1966,"Great Blue Heron","Ardea herodias herodias Group",0.1311
1967,"Great Blue Heron","Ardea herodias herodias Group",0.1429
1968,"Great Blue Heron","Ardea herodias herodias Group",0.0714
1969,"Great Blue Heron","Ardea herodias herodias Group",0.0986
1970,"Great Blue Heron","Ardea herodias herodias Group",0.2308
1971,"Great Blue Heron","Ardea herodias herodias Group",0.0175
1972,"Great Blue Heron","Ardea herodias herodias Group",0.1786
1973,"Great Blue Heron","Ardea herodias herodias Group",0.08
1974,"Great Blue Heron","Ardea herodias herodias Group",0.1045
1975,"Great Blue Heron","Ardea herodias herodias Group",0.0816
1976,"Great Blue Heron","Ardea herodias herodias Group",0.0537
1977,"Great Blue Heron","Ardea herodias herodias Group",0.0563
1978,"Great Blue Heron","Ardea herodias herodias Group",0.0595
1979,"Great Blue Heron","Ardea herodias herodias Group",0.1083
1980,"Great Blue Heron","Ardea herodias herodias Group",0.2308
1981,"Great Blue Heron","Ardea herodias herodias Group",0.089
1982,"Great Blue Heron","Ardea herodias herodias Group",0.1921
1983,"Great Blue Heron","Ardea herodias herodias Group",0.1375
1984,"Great Blue Heron","Ardea herodias herodias Group",0.2963
1985,"Great Blue Heron","Ardea herodias herodias Group",0.3598
1986,"Great Blue Heron","Ardea herodias herodias Group",0.992
1987,"Great Blue Heron","Ardea herodias herodias Group",0.3556
1988,"Great Blue Heron","Ardea herodias herodias Group",0.1824
1989,"Great Blue Heron","Ardea herodias herodias Group",0.0463
1990,"Great Blue Heron","Ardea herodias herodias Group",0.1739
1991,"Great Blue Heron","Ardea herodias herodias Group",0.9842
1992,"Great Blue Heron","Ardea herodias herodias Group",0.3162
1993,"Great Blue Heron","Ardea herodias herodias Group",0.2474
1994,"Great Blue Heron","Ardea herodias herodias Group",0.2252
1995,"Great Blue Heron","Ardea herodias herodias Group",0.1526
1996,"Great Blue Heron","Ardea herodias herodias Group",0.1273
1997,"Great Blue Heron","Ardea herodias herodias Group",0.1549
1998,"Great Blue Heron","Ardea herodias herodias Group",0.7028
1999,"Great Blue Heron","Ardea herodias herodias Group",0.1935
2000,"Great Blue Heron","Ardea herodias herodias Group",0.592
2001,"Great Blue Heron","Ardea herodias herodias Group",0.8351
2002,"Great Blue Heron","Ardea herodias herodias Group",0.339
2003,"Great Blue Heron","Ardea herodias herodias Group",0.2496
2004,"Great Blue Heron","Ardea herodias herodias Group",0.2399
2005,"Great Blue Heron","Ardea herodias herodias Group",0.2705
2006,"Great Blue Heron","Ardea herodias herodias Group",0.3569
2007,"Great Blue Heron","Ardea herodias herodias Group",0.8844
2008,"Great Blue Heron","Ardea herodias herodias Group",0.2985
2009,"Great Blue Heron","Ardea herodias herodias Group",0.3028
2010,"Great Blue Heron","Ardea herodias herodias Group",0.2707
2011,"Great Blue Heron","Ardea herodias herodias Group",0.3042
2012,"Great Blue Heron","Ardea herodias herodias Group",0.6429
2013,"Great Blue Heron","Ardea herodias herodias Group",0.2034
2014,"Great Blue Heron","Ardea herodias herodias Group",0.3353
2015,"Great Blue Heron","Ardea herodias herodias Group",0.1419
2016,"Great Blue Heron","Ardea herodias herodias Group",0.1751
2017,"Great Blue Heron","Ardea herodias herodias Group",0.4421
2018,"Great Blue Heron","Ardea herodias herodias Group",0.165
2019,"Great Blue Heron","Ardea herodias herodias Group",0.3836
2020,"Great Blue Heron","Ardea herodias herodias Group",0.2476
2021,"Great Blue Heron","Ardea herodias herodias Group",0.325
2022,"Great Blue Heron","Ardea herodias herodias Group",0.148
2023,"Great Blue Heron","Ardea herodias herodias Group",0.2273
2024,"Great Blue Heron","Ardea herodias herodias Group",0.2871
1923,"Tufted Titmouse","Baeolophus bicolor",0
1928,"Tufted Titmouse","Baeolophus bicolor",0
1929,"Tufted Titmouse","Baeolophus bicolor",0
1930,"Tufted Titmouse","Baeolophus bicolor",0
1931,"Tufted Titmouse","Baeolophus bicolor",0
1932,"Tufted Titmouse","Baeolophus bicolor",0
1933,"Tufted Titmouse","Baeolophus bicolor",0
1934,"Tufted Titmouse","Baeolophus bicolor",0
1935,"Tufted Titmouse","Baeolophus bicolor",0
1936,"Tufted Titmouse","Baeolophus bicolor",0
1937,"Tufted Titmouse","Baeolophus bicolor",0
1938,"Tufted Titmouse","Baeolophus bicolor",0
1940,"Tufted Titmouse","Baeolophus bicolor",0
1941,"Tufted Titmouse","Baeolophus bicolor",1.28
1943,"Tufted Titmouse","Baeolophus bicolor",0.6667
1944,"Tufted Titmouse","Baeolophus bicolor",0
1945,"Tufted Titmouse","Baeolophus bicolor",0
1946,"Tufted Titmouse","Baeolophus bicolor",1.4545
1947,"Tufted Titmouse","Baeolophus bicolor",0.8636
1948,"Tufted Titmouse","Baeolophus bicolor",1.1935
1950,"Tufted Titmouse","Baeolophus bicolor",1.1714
1951,"Tufted Titmouse","Baeolophus bicolor",0.5769
1952,"Tufted Titmouse","Baeolophus bicolor",0.6154
1953,"Tufted Titmouse","Baeolophus bicolor",2.7632
1954,"Tufted Titmouse","Baeolophus bicolor",0.4706
1956,"Tufted Titmouse","Baeolophus bicolor",0.9808
1957,"Tufted Titmouse","Baeolophus bicolor",1.2456
1958,"Tufted Titmouse","Baeolophus bicolor",1.25
1959,"Tufted Titmouse","Baeolophus bicolor",1.2857
1960,"Tufted Titmouse","Baeolophus bicolor",0
1961,"Tufted Titmouse","Baeolophus bicolor",1.3636
1962,"Tufted Titmouse","Baeolophus bicolor",1.1132
1963,"Tufted Titmouse","Baeolophus bicolor",1.3333
1964,"Tufted Titmouse","Baeolophus bicolor",1.2778
1965,"Tufted Titmouse","Baeolophus bicolor",2.2727
1966,"Tufted Titmouse","Baeolophus bicolor",1.9672
1967,"Tufted Titmouse","Baeolophus bicolor",2.2449
1968,"Tufted Titmouse","Baeolophus bicolor",2.2857
1969,"Tufted Titmouse","Baeolophus bicolor",1.4085
1970,"Tufted Titmouse","Baeolophus bicolor",0.8769
1971,"Tufted Titmouse","Baeolophus bicolor",1.3158
1972,"Tufted Titmouse","Baeolophus bicolor",1.6429
1973,"Tufted Titmouse","Baeolophus bicolor",1.3733
1974,"Tufted Titmouse","Baeolophus bicolor",1.4627
1975,"Tufted Titmouse","Baeolophus bicolor",1.4857
1976,"Tufted Titmouse","Baeolophus bicolor",1.6242
1977,"Tufted Titmouse","Baeolophus bicolor",1.2
1978,"Tufted Titmouse","Baeolophus bicolor",1.6729
1979,"Tufted Titmouse","Baeolophus bicolor",2.1917
1980,"Tufted Titmouse","Baeolophus bicolor",1.8881
1981,"Tufted Titmouse","Baeolophus bicolor",1.8219
1982,"Tufted Titmouse","Baeolophus bicolor",1.5894
1983,"Tufted Titmouse","Baeolophus bicolor",1.3063
1984,"Tufted Titmouse","Baeolophus bicolor",1.3951
1985,"Tufted Titmouse","Baeolophus bicolor",1.3841
1986,"Tufted Titmouse","Baeolophus bicolor",1.248
1987,"Tufted Titmouse","Baeolophus bicolor",0.9556
1988,"Tufted Titmouse","Baeolophus bicolor",1.2905
1989,"Tufted Titmouse","Baeolophus bicolor",0.6481
1990,"Tufted Titmouse","Baeolophus bicolor",1.9217
1991,"Tufted Titmouse","Baeolophus bicolor",2.082
1992,"Tufted Titmouse","Baeolophus bicolor",1.9573
1993,"Tufted Titmouse","Baeolophus bicolor",1.4502
1994,"Tufted Titmouse","Baeolophus bicolor",1.4685
1995,"Tufted Titmouse","Baeolophus bicolor",2.241
1996,"Tufted Titmouse","Baeolophus bicolor",2.397
1997,"Tufted Titmouse","Baeolophus bicolor",2.7535
1998,"Tufted Titmouse","Baeolophus bicolor",2.6542
1999,"Tufted Titmouse","Baeolophus bicolor",2.0258
2000,"Tufted Titmouse","Baeolophus bicolor",3.176
2001,"Tufted Titmouse","Baeolophus bicolor",2.9193
2002,"Tufted Titmouse","Baeolophus bicolor",2.6169
2003,"Tufted Titmouse","Baeolophus bicolor",2.7395
2004,"Tufted Titmouse","Baeolophus bicolor",2.5679
2005,"Tufted Titmouse","Baeolophus bicolor",2.2191
2006,"Tufted Titmouse","Baeolophus bicolor",2.6543
2007,"Tufted Titmouse","Baeolophus bicolor",2.3422
2008,"Tufted Titmouse","Baeolophus bicolor",2.3731
2009,"Tufted Titmouse","Baeolophus bicolor",3.5139
2010,"Tufted Titmouse","Baeolophus bicolor",2.3459
2011,"Tufted Titmouse","Baeolophus bicolor",4.289
2012,"Tufted Titmouse","Baeolophus bicolor",3.3143
2013,"Tufted Titmouse","Baeolophus bicolor",3.1495
2014,"Tufted Titmouse","Baeolophus bicolor",2.9706
2015,"Tufted Titmouse","Baeolophus bicolor",2.8305
2016,"Tufted Titmouse","Baeolophus bicolor",3.4343
2017,"Tufted Titmouse","Baeolophus bicolor",2.8175
2018,"Tufted Titmouse","Baeolophus bicolor",2.6184
2019,"Tufted Titmouse","Baeolophus bicolor",3.498
2020,"Tufted Titmouse","Baeolophus bicolor",3.4375
2021,"Tufted Titmouse","Baeolophus bicolor",2.7406
2022,"Tufted Titmouse","Baeolophus bicolor",3.1009
2023,"Tufted Titmouse","Baeolophus bicolor",2.9848
2024,"Tufted Titmouse","Baeolophus bicolor",3.1659
1923,"Canada Goose","Branta canadensis",0
1928,"Canada Goose","Branta canadensis",0
1929,"Canada Goose","Branta canadensis",0
1930,"Canada Goose","Branta canadensis",0
1931,"Canada Goose","Branta canadensis",0
1932,"Canada Goose","Branta canadensis",0
1933,"Canada Goose","Branta canadensis",0
1934,"Canada Goose","Branta canadensis",0
1935,"Canada Goose","Branta canadensis",0
1936,"Canada Goose","Branta canadensis",0
1937,"Canada Goose","Branta canadensis",0
1938,"Canada Goose","Branta canadensis",0
1940,"Canada Goose","Branta canadensis",0
1941,"Canada Goose","Branta canadensis",0
1943,"Canada Goose","Branta canadensis",0
1944,"Canada Goose","Branta canadensis",0
1945,"Canada Goose","Branta canadensis",0
1946,"Canada Goose","Branta canadensis",0
1947,"Canada Goose","Branta canadensis",0
1948,"Canada Goose","Branta canadensis",0
1950,"Canada Goose","Branta canadensis",0.1429
1951,"Canada Goose","Branta canadensis",0.0385
1952,"Canada Goose","Branta canadensis",0
1953,"Canada Goose","Branta canadensis",0
1954,"Canada Goose","Branta canadensis",0
1956,"Canada Goose","Branta canadensis",0
1957,"Canada Goose","Branta canadensis",0
1958,"Canada Goose","Branta canadensis",0
1959,"Canada Goose","Branta canadensis",0
1960,"Canada Goose","Branta canadensis",0
1961,"Canada Goose","Branta canadensis",0
1962,"Canada Goose","Branta canadensis",0
1963,"Canada Goose","Branta canadensis",0
1964,"Canada Goose","Branta canadensis",0
1965,"Canada Goose","Branta canadensis",0
1966,"Canada Goose","Branta canadensis",0
1967,"Canada Goose","Branta canadensis",0.0204
1968,"Canada Goose","Branta canadensis",0
1969,"Canada Goose","Branta canadensis",0
1970,"Canada Goose","Branta canadensis",0
1971,"Canada Goose","Branta canadensis",0.0351
1972,"Canada Goose","Branta canadensis",0
1973,"Canada Goose","Branta canadensis",0
1974,"Canada Goose","Branta canadensis",0
1975,"Canada Goose","Branta canadensis",0
1976,"Canada Goose","Branta canadensis",0.0067
1977,"Canada Goose","Branta canadensis",0.075
1978,"Canada Goose","Branta canadensis",0.5799
1979,"Canada Goose","Branta canadensis",0.675
1980,"Canada Goose","Branta canadensis",0.7762
1981,"Canada Goose","Branta canadensis",0.6575
1982,"Canada Goose","Branta canadensis",0.4371
1983,"Canada Goose","Branta canadensis",0.1375
1984,"Canada Goose","Branta canadensis",0.0062
1985,"Canada Goose","Branta canadensis",0.0732
1986,"Canada Goose","Branta canadensis",0.2
1987,"Canada Goose","Branta canadensis",0.0074
1988,"Canada Goose","Branta canadensis",0.3716
1989,"Canada Goose","Branta canadensis",0.0093
1990,"Canada Goose","Branta canadensis",1.3391
1991,"Canada Goose","Branta canadensis",2.3533
1992,"Canada Goose","Branta canadensis",2.6154
1993,"Canada Goose","Branta canadensis",1.8625
1994,"Canada Goose","Branta canadensis",3.0811
1995,"Canada Goose","Branta canadensis",3.3092
1996,"Canada Goose","Branta canadensis",3.5805
1997,"Canada Goose","Branta canadensis",2.8099
1998,"Canada Goose","Branta canadensis",4.4112
1999,"Canada Goose","Branta canadensis",2.3677
2000,"Canada Goose","Branta canadensis",3.696
2001,"Canada Goose","Branta canadensis",3.3474
2002,"Canada Goose","Branta canadensis",4.1898
2003,"Canada Goose","Branta canadensis",4.6615
2004,"Canada Goose","Branta canadensis",3.3721
2005,"Canada Goose","Branta canadensis",4.5007
2006,"Canada Goose","Branta canadensis",6.5651
2007,"Canada Goose","Branta canadensis",4.0683
2008,"Canada Goose","Branta canadensis",3.8134
2009,"Canada Goose","Branta canadensis",6.0876
2010,"Canada Goose","Branta canadensis",3.3684
2011,"Canada Goose","Branta canadensis",3.8099
2012,"Canada Goose","Branta canadensis",2.9357
2013,"Canada Goose","Branta canadensis",2.7612
2014,"Canada Goose","Branta canadensis",3.1118
2015,"Canada Goose","Branta canadensis",2.36
2016,"Canada Goose","Branta canadensis",2.9764
2017,"Canada Goose","Branta canadensis",3.2447
2018,"Canada Goose","Branta canadensis",2.0445
2019,"Canada Goose","Branta canadensis",1.5475
2020,"Canada Goose","Branta canadensis",1.8514
2021,"Canada Goose","Branta canadensis",2.4341
2022,"Canada Goose","Branta canadensis",3.1866
2023,"Canada Goose","Branta canadensis",2.7424
2024,"Canada Goose","Branta canadensis",1.9697
1923,"Red-shouldered Hawk","Buteo lineatus",0
1928,"Red-shouldered Hawk","Buteo lineatus",0
1929,"Red-shouldered Hawk","Buteo lineatus",0
1930,"Red-shouldered Hawk","Buteo lineatus",0
1931,"Red-shouldered Hawk","Buteo lineatus",0
1932,"Red-shouldered Hawk","Buteo lineatus",0
1933,"Red-shouldered Hawk","Buteo lineatus",0
1934,"Red-shouldered Hawk","Buteo lineatus",0
1935,"Red-shouldered Hawk","Buteo lineatus",0
1936,"Red-shouldered Hawk","Buteo lineatus",0
1937,"Red-shouldered Hawk","Buteo lineatus",0
1938,"Red-shouldered Hawk","Buteo lineatus",0
1940,"Red-shouldered Hawk","Buteo lineatus",0
1941,"Red-shouldered Hawk","Buteo lineatus",0.04
1943,"Red-shouldered Hawk","Buteo lineatus",0.1111
1944,"Red-shouldered Hawk","Buteo lineatus",0
1945,"Red-shouldered Hawk","Buteo lineatus",0.0526
1946,"Red-shouldered Hawk","Buteo lineatus",0.0909
1947,"Red-shouldered Hawk","Buteo lineatus",0.1364
1948,"Red-shouldered Hawk","Buteo lineatus",0.129
1950,"Red-shouldered Hawk","Buteo lineatus",0.0571
1951,"Red-shouldered Hawk","Buteo lineatus",0.0577
1952,"Red-shouldered Hawk","Buteo lineatus",0.0769
1953,"Red-shouldered Hawk","Buteo lineatus",0
1954,"Red-shouldered Hawk","Buteo lineatus",0.0235
1956,"Red-shouldered Hawk","Buteo lineatus",0.0385
1957,"Red-shouldered Hawk","Buteo lineatus",0.1404
1958,"Red-shouldered Hawk","Buteo lineatus",0
1959,"Red-shouldered Hawk","Buteo lineatus",0.0179
1960,"Red-shouldered Hawk","Buteo lineatus",0
1961,"Red-shouldered Hawk","Buteo lineatus",0.0182
1962,"Red-shouldered Hawk","Buteo lineatus",0.0189
1963,"Red-shouldered Hawk","Buteo lineatus",0.0238
1964,"Red-shouldered Hawk","Buteo lineatus",0.0556
1965,"Red-shouldered Hawk","Buteo lineatus",0.0227
1966,"Red-shouldered Hawk","Buteo lineatus",0.0328
1967,"Red-shouldered Hawk","Buteo lineatus",0.1429
1968,"Red-shouldered Hawk","Buteo lineatus",0.0357
1969,"Red-shouldered Hawk","Buteo lineatus",0.0704
1970,"Red-shouldered Hawk","Buteo lineatus",0.0615
1971,"Red-shouldered Hawk","Buteo lineatus",0.1053
1972,"Red-shouldered Hawk","Buteo lineatus",0.0357
1973,"Red-shouldered Hawk","Buteo lineatus",0.0533
1974,"Red-shouldered Hawk","Buteo lineatus",0.0896
1975,"Red-shouldered Hawk","Buteo lineatus",0.0163
1976,"Red-shouldered Hawk","Buteo lineatus",0.0134
1977,"Red-shouldered Hawk","Buteo lineatus",0.0375
1978,"Red-shouldered Hawk","Buteo lineatus",0.052
1979,"Red-shouldered Hawk","Buteo lineatus",0.0833
1980,"Red-shouldered Hawk","Buteo lineatus",0.1259
1981,"Red-shouldered Hawk","Buteo lineatus",0.1164
1982,"Red-shouldered Hawk","Buteo lineatus",0.0132
1983,"Red-shouldered Hawk","Buteo lineatus",0.0813
1984,"Red-shouldered Hawk","Buteo lineatus",0.0679
1985,"Red-shouldered Hawk","Buteo lineatus",0.0915
1986,"Red-shouldered Hawk","Buteo lineatus",0.064
1987,"Red-shouldered Hawk","Buteo lineatus",0.0222
1988,"Red-shouldered Hawk","Buteo lineatus",0.0473
1989,"Red-shouldered Hawk","Buteo lineatus",0.0278
1990,"Red-shouldered Hawk","Buteo lineatus",0.1043
1991,"Red-shouldered Hawk","Buteo lineatus",0.1009
1992,"Red-shouldered Hawk","Buteo lineatus",0.1795
1993,"Red-shouldered Hawk","Buteo lineatus",0.0756
1994,"Red-shouldered Hawk","Buteo lineatus",0.0721
1995,"Red-shouldered Hawk","Buteo lineatus",0.0964
1996,"Red-shouldered Hawk","Buteo lineatus",0.1423
1997,"Red-shouldered Hawk","Buteo lineatus",0.1479
1998,"Red-shouldered Hawk","Buteo lineatus",0.2019
1999,"Red-shouldered Hawk","Buteo lineatus",0.129
2000,"Red-shouldered Hawk","Buteo lineatus",0.144
2001,"Red-shouldered Hawk","Buteo lineatus",0.2596
2002,"Red-shouldered Hawk","Buteo lineatus",0.1288
2003,"Red-shouldered Hawk","Buteo lineatus",0.1872
2004,"Red-shouldered Hawk","Buteo lineatus",0.1552
2005,"Red-shouldered Hawk","Buteo lineatus",0.1734
2006,"Red-shouldered Hawk","Buteo lineatus",0.2528
2007,"Red-shouldered Hawk","Buteo lineatus",0.2013
2008,"Red-shouldered Hawk","Buteo lineatus",0.2015
2009,"Red-shouldered Hawk","Buteo lineatus",0.2231
2010,"Red-shouldered Hawk","Buteo lineatus",0.0902
2011,"Red-shouldered Hawk","Buteo lineatus",0.289
2012,"Red-shouldered Hawk","Buteo lineatus",0.4071
2013,"Red-shouldered Hawk","Buteo lineatus",0.2589
2014,"Red-shouldered Hawk","Buteo lineatus",0.3353
2015,"Red-shouldered Hawk","Buteo lineatus",0.2614
2016,"Red-shouldered Hawk","Buteo lineatus",0.2626
2017,"Red-shouldered Hawk","Buteo lineatus",0.2548
2018,"Red-shouldered Hawk","Buteo lineatus",0.2798
2019,"Red-shouldered Hawk","Buteo lineatus",0.4551
2020,"Red-shouldered Hawk","Buteo lineatus",0.4245
2021,"Red-shouldered Hawk","Buteo lineatus",0.3127
2022,"Red-shouldered Hawk","Buteo lineatus",0.4597
2023,"Red-shouldered Hawk","Buteo lineatus",0.447
2024,"Red-shouldered Hawk","Buteo lineatus",0.303
1923,"Northern Cardinal","Cardinalis cardinalis",0
1928,"Northern Cardinal","Cardinalis cardinalis",0
1929,"Northern Cardinal","Cardinalis cardinalis",0
1930,"Northern Cardinal","Cardinalis cardinalis",0
1931,"Northern Cardinal","Cardinalis cardinalis",0
1932,"Northern Cardinal","Cardinalis cardinalis",0
1933,"Northern Cardinal","Cardinalis cardinalis",0
1934,"Northern Cardinal","Cardinalis cardinalis",0
1935,"Northern Cardinal","Cardinalis cardinalis",0
1936,"Northern Cardinal","Cardinalis cardinalis",0
1937,"Northern Cardinal","Cardinalis cardinalis",0
1938,"Northern Cardinal","Cardinalis cardinalis",0
1940,"Northern Cardinal","Cardinalis cardinalis",0
1941,"Northern Cardinal","Cardinalis cardinalis",1.96
1943,"Northern Cardinal","Cardinalis cardinalis",3.8333
1944,"Northern Cardinal","Cardinalis cardinalis",0
1945,"Northern Cardinal","Cardinalis cardinalis",3.0526
1946,"Northern Cardinal","Cardinalis cardinalis",3
1947,"Northern Cardinal","Cardinalis cardinalis",5.9091
1948,"Northern Cardinal","Cardinalis cardinalis",2.4839
1950,"Northern Cardinal","Cardinalis cardinalis",3.2
1951,"Northern Cardinal","Cardinalis cardinalis",2.3077
1952,"Northern Cardinal","Cardinalis cardinalis",2.6538
1953,"Northern Cardinal","Cardinalis cardinalis",3.1579
1954,"Northern Cardinal","Cardinalis cardinalis",1.2941
1956,"Northern Cardinal","Cardinalis cardinalis",2.0769
1957,"Northern Cardinal","Cardinalis cardinalis",2.2105
1958,"Northern Cardinal","Cardinalis cardinalis",2
1959,"Northern Cardinal","Cardinalis cardinalis",2.7857
1960,"Northern Cardinal","Cardinalis cardinalis",0
1961,"Northern Cardinal","Cardinalis cardinalis",4.0182
1962,"Northern Cardinal","Cardinalis cardinalis",3.3962
1963,"Northern Cardinal","Cardinalis cardinalis",3.5714
1964,"Northern Cardinal","Cardinalis cardinalis",3.3333
1965,"Northern Cardinal","Cardinalis cardinalis",7.7273
1966,"Northern Cardinal","Cardinalis cardinalis",5.9016
1967,"Northern Cardinal","Cardinalis cardinalis",7.1429
1968,"Northern Cardinal","Cardinalis cardinalis",13.9286
1969,"Northern Cardinal","Cardinalis cardinalis",5.0704
1970,"Northern Cardinal","Cardinalis cardinalis",6.6154
1971,"Northern Cardinal","Cardinalis cardinalis",4.9123
1972,"Northern Cardinal","Cardinalis cardinalis",7.3214
1973,"Northern Cardinal","Cardinalis cardinalis",4.72
1974,"Northern Cardinal","Cardinalis cardinalis",4.9701
1975,"Northern Cardinal","Cardinalis cardinalis",3.6653
1976,"Northern Cardinal","Cardinalis cardinalis",4.1074
1977,"Northern Cardinal","Cardinalis cardinalis",2.7375
1978,"Northern Cardinal","Cardinalis cardinalis",4
1979,"Northern Cardinal","Cardinalis cardinalis",5.3333
1980,"Northern Cardinal","Cardinalis cardinalis",4.5874
1981,"Northern Cardinal","Cardinalis cardinalis",3.6507
1982,"Northern Cardinal","Cardinalis cardinalis",3.2053
1983,"Northern Cardinal","Cardinalis cardinalis",3.325
1984,"Northern Cardinal","Cardinalis cardinalis",2.1975
1985,"Northern Cardinal","Cardinalis cardinalis",2.7927
1986,"Northern Cardinal","Cardinalis cardinalis",1.888
1987,"Northern Cardinal","Cardinalis cardinalis",3.1111
1988,"Northern Cardinal","Cardinalis cardinalis",2.0405
1989,"Northern Cardinal","Cardinalis cardinalis",1.4722
1990,"Northern Cardinal","Cardinalis cardinalis",2.7826
1991,"Northern Cardinal","Cardinalis cardinalis",2.0946
1992,"Northern Cardinal","Cardinalis cardinalis",3.4359
1993,"Northern Cardinal","Cardinalis cardinalis",1.8282
1994,"Northern Cardinal","Cardinalis cardinalis",2.1622
1995,"Northern Cardinal","Cardinalis cardinalis",2.6024
1996,"Northern Cardinal","Cardinalis cardinalis",3.0712
1997,"Northern Cardinal","Cardinalis cardinalis",2.7746
1998,"Northern Cardinal","Cardinalis cardinalis",3.5888
1999,"Northern Cardinal","Cardinalis cardinalis",2.8323
2000,"Northern Cardinal","Cardinalis cardinalis",3.144
2001,"Northern Cardinal","Cardinalis cardinalis",3.186
2002,"Northern Cardinal","Cardinalis cardinalis",3.0237
2003,"Northern Cardinal","Cardinalis cardinalis",3.1638
2004,"Northern Cardinal","Cardinalis cardinalis",4.0988
2005,"Northern Cardinal","Cardinalis cardinalis",2.4549
2006,"Northern Cardinal","Cardinalis cardinalis",4.0074
2007,"Northern Cardinal","Cardinalis cardinalis",4.2147
2008,"Northern Cardinal","Cardinalis cardinalis",3.9701
2009,"Northern Cardinal","Cardinalis cardinalis",4.247
2010,"Northern Cardinal","Cardinalis cardinalis",3.7744
2011,"Northern Cardinal","Cardinalis cardinalis",3.9924
2012,"Northern Cardinal","Cardinalis cardinalis",3.5071
2013,"Northern Cardinal","Cardinalis cardinalis",3.6364
2014,"Northern Cardinal","Cardinalis cardinalis",3.3059
2015,"Northern Cardinal","Cardinalis cardinalis",3.637
2016,"Northern Cardinal","Cardinalis cardinalis",3.6027
2017,"Northern Cardinal","Cardinalis cardinalis",3.8666
2018,"Northern Cardinal","Cardinalis cardinalis",3.5796
2019,"Northern Cardinal","Cardinalis cardinalis",4.1678
2020,"Northern Cardinal","Cardinalis cardinalis",3.638
2021,"Northern Cardinal","Cardinalis cardinalis",2.71
2022,"Northern Cardinal","Cardinalis cardinalis",3.8411
2023,"Northern Cardinal","Cardinalis cardinalis",3.1818
2024,"Northern Cardinal","Cardinalis cardinalis",2.9825
1923,"Turkey Vulture","Cathartes aura",0
1928,"Turkey Vulture","Cathartes aura",0
1929,"Turkey Vulture","Cathartes aura",0
1930,"Turkey Vulture","Cathartes aura",0
1931,"Turkey Vulture","Cathartes aura",0
1932,"Turkey Vulture","Cathartes aura",0
1933,"Turkey Vulture","Cathartes aura",0
1934,"Turkey Vulture","Cathartes aura",0
1935,"Turkey Vulture","Cathartes aura",0
1936,"Turkey Vulture","Cathartes aura",0
1937,"Turkey Vulture","Cathartes aura",0
1938,"Turkey Vulture","Cathartes aura",0
1940,"Turkey Vulture","Cathartes aura",0
1941,"Turkey Vulture","Cathartes aura",0.68
1943,"Turkey Vulture","Cathartes aura",0.6111
1944,"Turkey Vulture","Cathartes aura",0
1945,"Turkey Vulture","Cathartes aura",0.1053
1946,"Turkey Vulture","Cathartes aura",0.8636
1947,"Turkey Vulture","Cathartes aura",3
1948,"Turkey Vulture","Cathartes aura",0.3226
1950,"Turkey Vulture","Cathartes aura",0.2857
1951,"Turkey Vulture","Cathartes aura",0.4615
1952,"Turkey Vulture","Cathartes aura",0.5385
1953,"Turkey Vulture","Cathartes aura",0.4211
1954,"Turkey Vulture","Cathartes aura",0.2824
1956,"Turkey Vulture","Cathartes aura",0.4038
1957,"Turkey Vulture","Cathartes aura",0.807
1958,"Turkey Vulture","Cathartes aura",0
1959,"Turkey Vulture","Cathartes aura",0.3393
1960,"Turkey Vulture","Cathartes aura",0
1961,"Turkey Vulture","Cathartes aura",0.3455
1962,"Turkey Vulture","Cathartes aura",0.2453
1963,"Turkey Vulture","Cathartes aura",0.2857
1964,"Turkey Vulture","Cathartes aura",0.4444
1965,"Turkey Vulture","Cathartes aura",0.3636
1966,"Turkey Vulture","Cathartes aura",0.3279
1967,"Turkey Vulture","Cathartes aura",0.0408
1968,"Turkey Vulture","Cathartes aura",0
1969,"Turkey Vulture","Cathartes aura",0.1268
1970,"Turkey Vulture","Cathartes aura",0.0769
1971,"Turkey Vulture","Cathartes aura",0.1053
1972,"Turkey Vulture","Cathartes aura",0.1964
1973,"Turkey Vulture","Cathartes aura",0.24
1974,"Turkey Vulture","Cathartes aura",0.3582
1975,"Turkey Vulture","Cathartes aura",0.2122
1976,"Turkey Vulture","Cathartes aura",0.5168
1977,"Turkey Vulture","Cathartes aura",2.5438
1978,"Turkey Vulture","Cathartes aura",0.4387
1979,"Turkey Vulture","Cathartes aura",0.2583
1980,"Turkey Vulture","Cathartes aura",0.5524
1981,"Turkey Vulture","Cathartes aura",0.089
1982,"Turkey Vulture","Cathartes aura",0.7152
1983,"Turkey Vulture","Cathartes aura",0.575
1984,"Turkey Vulture","Cathartes aura",0.7222
1985,"Turkey Vulture","Cathartes aura",0.6463
1986,"Turkey Vulture","Cathartes aura",0.984
1987,"Turkey Vulture","Cathartes aura",0.6741
1988,"Turkey Vulture","Cathartes aura",0.5946
1989,"Turkey Vulture","Cathartes aura",0.6296
1990,"Turkey Vulture","Cathartes aura",0.9478
1991,"Turkey Vulture","Cathartes aura",0.6814
1992,"Turkey Vulture","Cathartes aura",0.7521
1993,"Turkey Vulture","Cathartes aura",0.5842
1994,"Turkey Vulture","Cathartes aura",1.3514
1995,"Turkey Vulture","Cathartes aura",0.8193
1996,"Turkey Vulture","Cathartes aura",1.985
1997,"Turkey Vulture","Cathartes aura",1.2042
1998,"Turkey Vulture","Cathartes aura",0.7327
1999,"Turkey Vulture","Cathartes aura",1.3161
2000,"Turkey Vulture","Cathartes aura",2.936
2001,"Turkey Vulture","Cathartes aura",1.7895
2002,"Turkey Vulture","Cathartes aura",2.122
2003,"Turkey Vulture","Cathartes aura",1.947
2004,"Turkey Vulture","Cathartes aura",1.7072
2005,"Turkey Vulture","Cathartes aura",2.1359
2006,"Turkey Vulture","Cathartes aura",1.7175
2007,"Turkey Vulture","Cathartes aura",1.6895
2008,"Turkey Vulture","Cathartes aura",3.0224
2009,"Turkey Vulture","Cathartes aura",0.8685
2010,"Turkey Vulture","Cathartes aura",0.9023
2011,"Turkey Vulture","Cathartes aura",2.5475
2012,"Turkey Vulture","Cathartes aura",1.6714
2013,"Turkey Vulture","Cathartes aura",1.7011
2014,"Turkey Vulture","Cathartes aura",1.3941
2015,"Turkey Vulture","Cathartes aura",1.6953
2016,"Turkey Vulture","Cathartes aura",1.2054
2017,"Turkey Vulture","Cathartes aura",1.2364
2018,"Turkey Vulture","Cathartes aura",0.9397
2019,"Turkey Vulture","Cathartes aura",0.4356
2020,"Turkey Vulture","Cathartes aura",1.2736
2021,"Turkey Vulture","Cathartes aura",1.4899
2022,"Turkey Vulture","Cathartes aura",1.1063
2023,"Turkey Vulture","Cathartes aura",1.0379
2024,"Turkey Vulture","Cathartes aura",1.0287
1923,"Killdeer","Charadrius vociferus",0
1928,"Killdeer","Charadrius vociferus",0
1929,"Killdeer","Charadrius vociferus",0
1930,"Killdeer","Charadrius vociferus",0
1931,"Killdeer","Charadrius vociferus",0
1932,"Killdeer","Charadrius vociferus",0
1933,"Killdeer","Charadrius vociferus",0
1934,"Killdeer","Charadrius vociferus",0
1935,"Killdeer","Charadrius vociferus",0
1936,"Killdeer","Charadrius vociferus",0
1937,"Killdeer","Charadrius vociferus",0
1938,"Killdeer","Charadrius vociferus",0
1940,"Killdeer","Charadrius vociferus",0
1941,"Killdeer","Charadrius vociferus",0.72
1943,"Killdeer","Charadrius vociferus",0.3889
1944,"Killdeer","Charadrius vociferus",0
1945,"Killdeer","Charadrius vociferus",0
1946,"Killdeer","Charadrius vociferus",0.0909
1947,"Killdeer","Charadrius vociferus",1
1948,"Killdeer","Charadrius vociferus",0.9677
1950,"Killdeer","Charadrius vociferus",0.0857
1951,"Killdeer","Charadrius vociferus",0.3462
1952,"Killdeer","Charadrius vociferus",0.5769
1953,"Killdeer","Charadrius vociferus",0.1316
1954,"Killdeer","Charadrius vociferus",1.4118
1956,"Killdeer","Charadrius vociferus",0.0962
1957,"Killdeer","Charadrius vociferus",1.0351
1958,"Killdeer","Charadrius vociferus",0
1959,"Killdeer","Charadrius vociferus",0.2321
1960,"Killdeer","Charadrius vociferus",0
1961,"Killdeer","Charadrius vociferus",0.5818
1962,"Killdeer","Charadrius vociferus",0.0189
1963,"Killdeer","Charadrius vociferus",0.4048
1964,"Killdeer","Charadrius vociferus",0.3148
1965,"Killdeer","Charadrius vociferus",0.4091
1966,"Killdeer","Charadrius vociferus",0.2131
1967,"Killdeer","Charadrius vociferus",0.2041
1968,"Killdeer","Charadrius vociferus",0.0714
1969,"Killdeer","Charadrius vociferus",0.1972
1970,"Killdeer","Charadrius vociferus",0.3846
1971,"Killdeer","Charadrius vociferus",0.193
1972,"Killdeer","Charadrius vociferus",0.7321
1973,"Killdeer","Charadrius vociferus",0.2933
1974,"Killdeer","Charadrius vociferus",0.7313
1975,"Killdeer","Charadrius vociferus",0.6449
1976,"Killdeer","Charadrius vociferus",0.4362
1977,"Killdeer","Charadrius vociferus",0.3125
1978,"Killdeer","Charadrius vociferus",0.3197
1979,"Killdeer","Charadrius vociferus",0.575
1980,"Killdeer","Charadrius vociferus",0.2308
1981,"Killdeer","Charadrius vociferus",0.2877
1982,"Killdeer","Charadrius vociferus",0.0397
1983,"Killdeer","Charadrius vociferus",0.2
1984,"Killdeer","Charadrius vociferus",0.4691
1985,"Killdeer","Charadrius vociferus",0.2012
1986,"Killdeer","Charadrius vociferus",0.944
1987,"Killdeer","Charadrius vociferus",0.2519
1988,"Killdeer","Charadrius vociferus",0.1824
1989,"Killdeer","Charadrius vociferus",0.1389
1990,"Killdeer","Charadrius vociferus",0.1217
1991,"Killdeer","Charadrius vociferus",0.8391
1992,"Killdeer","Charadrius vociferus",0.2308
1993,"Killdeer","Charadrius vociferus",0.3918
1994,"Killdeer","Charadrius vociferus",0.2523
1995,"Killdeer","Charadrius vociferus",0.2811
1996,"Killdeer","Charadrius vociferus",0.2097
1997,"Killdeer","Charadrius vociferus",0.2394
1998,"Killdeer","Charadrius vociferus",1.6224
1999,"Killdeer","Charadrius vociferus",0.4839
2000,"Killdeer","Charadrius vociferus",0.712
2001,"Killdeer","Charadrius vociferus",1.0035
2002,"Killdeer","Charadrius vociferus",0.4814
2003,"Killdeer","Charadrius vociferus",0.2371
2004,"Killdeer","Charadrius vociferus",0.2822
2005,"Killdeer","Charadrius vociferus",0.4369
2006,"Killdeer","Charadrius vociferus",0.1561
2007,"Killdeer","Charadrius vociferus",0.7319
2008,"Killdeer","Charadrius vociferus",0.3955
2009,"Killdeer","Charadrius vociferus",0.5179
2010,"Killdeer","Charadrius vociferus",0.1955
2011,"Killdeer","Charadrius vociferus",0.2433
2012,"Killdeer","Charadrius vociferus",0.6786
2013,"Killdeer","Charadrius vociferus",0.4746
2014,"Killdeer","Charadrius vociferus",0.6118
2015,"Killdeer","Charadrius vociferus",0.6273
2016,"Killdeer","Charadrius vociferus",0.6532
2017,"Killdeer","Charadrius vociferus",0.1049
2018,"Killdeer","Charadrius vociferus",0.165
2019,"Killdeer","Charadrius vociferus",0.7997
2020,"Killdeer","Charadrius vociferus",0.3007
2021,"Killdeer","Charadrius vociferus",0.5212
2022,"Killdeer","Charadrius vociferus",0.1714
2023,"Killdeer","Charadrius vociferus",0.197
2024,"Killdeer","Charadrius vociferus",0.2153
1923,"Northern Bobwhite","Colinus virginianus",0
1928,"Northern Bobwhite","Colinus virginianus",0
1929,"Northern Bobwhite","Colinus virginianus",0
1930,"Northern Bobwhite","Colinus virginianus",0
1931,"Northern Bobwhite","Colinus virginianus",0
1932,"Northern Bobwhite","Colinus virginianus",0
1933,"Northern Bobwhite","Colinus virginianus",0
1934,"Northern Bobwhite","Colinus virginianus",0
1935,"Northern Bobwhite","Colinus virginianus",0
1936,"Northern Bobwhite","Colinus virginianus",0
1937,"Northern Bobwhite","Colinus virginianus",0
1938,"Northern Bobwhite","Colinus virginianus",0
1940,"Northern Bobwhite","Colinus virginianus",0
1941,"Northern Bobwhite","Colinus virginianus",0.68
1943,"Northern Bobwhite","Colinus virginianus",3
1944,"Northern Bobwhite","Colinus virginianus",0
1945,"Northern Bobwhite","Colinus virginianus",0.4211
1946,"Northern Bobwhite","Colinus virginianus",1.1364
1947,"Northern Bobwhite","Colinus virginianus",1.1364
1948,"Northern Bobwhite","Colinus virginianus",1.4194
1950,"Northern Bobwhite","Colinus virginianus",1.4571
1951,"Northern Bobwhite","Colinus virginianus",0.5
1952,"Northern Bobwhite","Colinus virginianus",0.3462
1953,"Northern Bobwhite","Colinus virginianus",0.6053
1954,"Northern Bobwhite","Colinus virginianus",0.4706
1956,"Northern Bobwhite","Colinus virginianus",0.1731
1957,"Northern Bobwhite","Colinus virginianus",0.4035
1958,"Northern Bobwhite","Colinus virginianus",0
1959,"Northern Bobwhite","Colinus virginianus",1.1964
1960,"Northern Bobwhite","Colinus virginianus",0
1961,"Northern Bobwhite","Colinus virginianus",1.6545
1962,"Northern Bobwhite","Colinus virginianus",1.434
1963,"Northern Bobwhite","Colinus virginianus",0.119
1964,"Northern Bobwhite","Colinus virginianus",2.4074
1965,"Northern Bobwhite","Colinus virginianus",2.2727
1966,"Northern Bobwhite","Colinus virginianus",1.459
1967,"Northern Bobwhite","Colinus virginianus",2.0408
1968,"Northern Bobwhite","Colinus virginianus",2.75
1969,"Northern Bobwhite","Colinus virginianus",0.8873
1970,"Northern Bobwhite","Colinus virginianus",0.3077
1971,"Northern Bobwhite","Colinus virginianus",1.3158
1972,"Northern Bobwhite","Colinus virginianus",0.6607
1973,"Northern Bobwhite","Colinus virginianus",1.5867
1974,"Northern Bobwhite","Colinus virginianus",0.7313
1975,"Northern Bobwhite","Colinus virginianus",0.7347
1976,"Northern Bobwhite","Colinus virginianus",0.3557
1977,"Northern Bobwhite","Colinus virginianus",0.3688
1978,"Northern Bobwhite","Colinus virginianus",0.2082
1979,"Northern Bobwhite","Colinus virginianus",0.6
1980,"Northern Bobwhite","Colinus virginianus",0.6364
1981,"Northern Bobwhite","Colinus virginianus",0.1849
1982,"Northern Bobwhite","Colinus virginianus",0.1987
1983,"Northern Bobwhite","Colinus virginianus",0.3688
1984,"Northern Bobwhite","Colinus virginianus",0.2593
1985,"Northern Bobwhite","Colinus virginianus",0.1524
1986,"Northern Bobwhite","Colinus virginianus",0.056
1987,"Northern Bobwhite","Colinus virginianus",0.0593
1988,"Northern Bobwhite","Colinus virginianus",0.1081
1989,"Northern Bobwhite","Colinus virginianus",0.0648
1990,"Northern Bobwhite","Colinus virginianus",0.0522
1991,"Northern Bobwhite","Colinus virginianus",0
1992,"Northern Bobwhite","Colinus virginianus",0.0855
1993,"Northern Bobwhite","Colinus virginianus",0.0756
1994,"Northern Bobwhite","Colinus virginianus",0
1995,"Northern Bobwhite","Colinus virginianus",0.0482
1996,"Northern Bobwhite","Colinus virginianus",0
1997,"Northern Bobwhite","Colinus virginianus",0.0563
1998,"Northern Bobwhite","Colinus virginianus",0
1999,"Northern Bobwhite","Colinus virginianus",0.1161
2000,"Northern Bobwhite","Colinus virginianus",0
2001,"Northern Bobwhite","Colinus virginianus",0.014
2002,"Northern Bobwhite","Colinus virginianus",0
2003,"Northern Bobwhite","Colinus virginianus",0.0499
2004,"Northern Bobwhite","Colinus virginianus",0
2005,"Northern Bobwhite","Colinus virginianus",0
2006,"Northern Bobwhite","Colinus virginianus",0
2007,"Northern Bobwhite","Colinus virginianus",0.0366
2008,"Northern Bobwhite","Colinus virginianus",0
2009,"Northern Bobwhite","Colinus virginianus",0
2010,"Northern Bobwhite","Colinus virginianus",0
2011,"Northern Bobwhite","Colinus virginianus",0
2012,"Northern Bobwhite","Colinus virginianus",0
2013,"Northern Bobwhite","Colinus virginianus",0
2014,"Northern Bobwhite","Colinus virginianus",0
2015,"Northern Bobwhite","Colinus virginianus",0
2016,"Northern Bobwhite","Colinus virginianus",0
2017,"Northern Bobwhite","Colinus virginianus",0
2018,"Northern Bobwhite","Colinus virginianus",0.0072
2019,"Northern Bobwhite","Colinus virginianus",0.0065
2020,"Northern Bobwhite","Colinus virginianus",0
2021,"Northern Bobwhite","Colinus virginianus",0
2022,"Northern Bobwhite","Colinus virginianus",0
2023,"Northern Bobwhite","Colinus virginianus",0
2024,"Northern Bobwhite","Colinus virginianus",0
1923,"American Crow","Corvus brachyrhynchos",0
1928,"American Crow","Corvus brachyrhynchos",0
1929,"American Crow","Corvus brachyrhynchos",0
1930,"American Crow","Corvus brachyrhynchos",0
1931,"American Crow","Corvus brachyrhynchos",0
1932,"American Crow","Corvus brachyrhynchos",0
1933,"American Crow","Corvus brachyrhynchos",0
1934,"American Crow","Corvus brachyrhynchos",0
1935,"American Crow","Corvus brachyrhynchos",0
1936,"American Crow","Corvus brachyrhynchos",0
1937,"American Crow","Corvus brachyrhynchos",0
1938,"American Crow","Corvus brachyrhynchos",0
1940,"American Crow","Corvus brachyrhynchos",0
1941,"American Crow","Corvus brachyrhynchos",0
1943,"American Crow","Corvus brachyrhynchos",0
1944,"American Crow","Corvus brachyrhynchos",0
1945,"American Crow","Corvus brachyrhynchos",0
1946,"American Crow","Corvus brachyrhynchos",0
1947,"American Crow","Corvus brachyrhynchos",1.3182
1948,"American Crow","Corvus brachyrhynchos",1.4194
1950,"American Crow","Corvus brachyrhynchos",1.8
1951,"American Crow","Corvus brachyrhynchos",1.9231
1952,"American Crow","Corvus brachyrhynchos",1.6154
1953,"American Crow","Corvus brachyrhynchos",1.4474
1954,"American Crow","Corvus brachyrhynchos",1.7647
1956,"American Crow","Corvus brachyrhynchos",1.6538
1957,"American Crow","Corvus brachyrhynchos",1.7368
1958,"American Crow","Corvus brachyrhynchos",0.4
1959,"American Crow","Corvus brachyrhynchos",1.3929
1960,"American Crow","Corvus brachyrhynchos",0
1961,"American Crow","Corvus brachyrhynchos",2.7273
1962,"American Crow","Corvus brachyrhynchos",1.3962
1963,"American Crow","Corvus brachyrhynchos",1.7143
1964,"American Crow","Corvus brachyrhynchos",3.5185
1965,"American Crow","Corvus brachyrhynchos",2.7273
1966,"American Crow","Corvus brachyrhynchos",3.6066
1967,"American Crow","Corvus brachyrhynchos",6.3265
1968,"American Crow","Corvus brachyrhynchos",3.9286
1969,"American Crow","Corvus brachyrhynchos",1.831
1970,"American Crow","Corvus brachyrhynchos",0.7077
1971,"American Crow","Corvus brachyrhynchos",1.5439
1972,"American Crow","Corvus brachyrhynchos",3.125
1973,"American Crow","Corvus brachyrhynchos",2.0667
1974,"American Crow","Corvus brachyrhynchos",3.9851
1975,"American Crow","Corvus brachyrhynchos",2.4735
1976,"American Crow","Corvus brachyrhynchos",1.7987
1977,"American Crow","Corvus brachyrhynchos",2.825
1978,"American Crow","Corvus brachyrhynchos",2.3123
1979,"American Crow","Corvus brachyrhynchos",3.5833
1980,"American Crow","Corvus brachyrhynchos",4.3217
1981,"American Crow","Corvus brachyrhynchos",2.6781
1982,"American Crow","Corvus brachyrhynchos",3.2185
1983,"American Crow","Corvus brachyrhynchos",1.8938
1984,"American Crow","Corvus brachyrhynchos",1.9259
1985,"American Crow","Corvus brachyrhynchos",2.5183
1986,"American Crow","Corvus brachyrhynchos",3.576
1987,"American Crow","Corvus brachyrhynchos",2.8667
1988,"American Crow","Corvus brachyrhynchos",2.7297
1989,"American Crow","Corvus brachyrhynchos",2.5463
1990,"American Crow","Corvus brachyrhynchos",3.6609
1991,"American Crow","Corvus brachyrhynchos",2.6625
1992,"American Crow","Corvus brachyrhynchos",3.4957
1993,"American Crow","Corvus brachyrhynchos",3.1753
1994,"American Crow","Corvus brachyrhynchos",3.3063
1995,"American Crow","Corvus brachyrhynchos",4.0964
1996,"American Crow","Corvus brachyrhynchos",3.0262
1997,"American Crow","Corvus brachyrhynchos",3.2183
1998,"American Crow","Corvus brachyrhynchos",3.3047
1999,"American Crow","Corvus brachyrhynchos",3.9871
2000,"American Crow","Corvus brachyrhynchos",3.256
2001,"American Crow","Corvus brachyrhynchos",4.1684
2002,"American Crow","Corvus brachyrhynchos",3.4237
2003,"American Crow","Corvus brachyrhynchos",2.4774
2004,"American Crow","Corvus brachyrhynchos",3.3792
2005,"American Crow","Corvus brachyrhynchos",4.1262
2006,"American Crow","Corvus brachyrhynchos",4.0372
2007,"American Crow","Corvus brachyrhynchos",3.7023
2008,"American Crow","Corvus brachyrhynchos",2.9552
2009,"American Crow","Corvus brachyrhynchos",3.1315
2010,"American Crow","Corvus brachyrhynchos",3.0376
2011,"American Crow","Corvus brachyrhynchos",4.1749
2012,"American Crow","Corvus brachyrhynchos",4.0786
2013,"American Crow","Corvus brachyrhynchos",3.3775
2014,"American Crow","Corvus brachyrhynchos",4.1059
2015,"American Crow","Corvus brachyrhynchos",4.0403
2016,"American Crow","Corvus brachyrhynchos",3.3535
2017,"American Crow","Corvus brachyrhynchos",3.3346
2018,"American Crow","Corvus brachyrhynchos",1.7647
2019,"American Crow","Corvus brachyrhynchos",3.2705
2020,"American Crow","Corvus brachyrhynchos",2.8479
2021,"American Crow","Corvus brachyrhynchos",2.4586
2022,"American Crow","Corvus brachyrhynchos",3.1321
2023,"American Crow","Corvus brachyrhynchos",3.0909
2024,"American Crow","Corvus brachyrhynchos",2.1212
1923,"Fish Crow","Corvus ossifragus",0
1928,"Fish Crow","Corvus ossifragus",0
1929,"Fish Crow","Corvus ossifragus",0
1930,"Fish Crow","Corvus ossifragus",0
1931,"Fish Crow","Corvus ossifragus",0
1932,"Fish Crow","Corvus ossifragus",0
1933,"Fish Crow","Corvus ossifragus",0
1934,"Fish Crow","Corvus ossifragus",0
1935,"Fish Crow","Corvus ossifragus",0
1936,"Fish Crow","Corvus ossifragus",0
1937,"Fish Crow","Corvus ossifragus",0
1938,"Fish Crow","Corvus ossifragus",0
1940,"Fish Crow","Corvus ossifragus",0
1941,"Fish Crow","Corvus ossifragus",0
1943,"Fish Crow","Corvus ossifragus",0
1944,"Fish Crow","Corvus ossifragus",0
1945,"Fish Crow","Corvus ossifragus",0
1946,"Fish Crow","Corvus ossifragus",0
1947,"Fish Crow","Corvus ossifragus",0
1948,"Fish Crow","Corvus ossifragus",0
1950,"Fish Crow","Corvus ossifragus",0
1951,"Fish Crow","Corvus ossifragus",0
1952,"Fish Crow","Corvus ossifragus",0
1953,"Fish Crow","Corvus ossifragus",0
1954,"Fish Crow","Corvus ossifragus",0
1956,"Fish Crow","Corvus ossifragus",0
1957,"Fish Crow","Corvus ossifragus",0
1958,"Fish Crow","Corvus ossifragus",0
1959,"Fish Crow","Corvus ossifragus",0
1960,"Fish Crow","Corvus ossifragus",0
1961,"Fish Crow","Corvus ossifragus",0
1962,"Fish Crow","Corvus ossifragus",0
1963,"Fish Crow","Corvus ossifragus",0
1964,"Fish Crow","Corvus ossifragus",0
1965,"Fish Crow","Corvus ossifragus",0
1966,"Fish Crow","Corvus ossifragus",0
1967,"Fish Crow","Corvus ossifragus",0
1968,"Fish Crow","Corvus ossifragus",0
1969,"Fish Crow","Corvus ossifragus",0
1970,"Fish Crow","Corvus ossifragus",0
1971,"Fish Crow","Corvus ossifragus",0
1972,"Fish Crow","Corvus ossifragus",0
1973,"Fish Crow","Corvus ossifragus",0
1974,"Fish Crow","Corvus ossifragus",0
1975,"Fish Crow","Corvus ossifragus",0
1976,"Fish Crow","Corvus ossifragus",0
1977,"Fish Crow","Corvus ossifragus",0
1978,"Fish Crow","Corvus ossifragus",0
1979,"Fish Crow","Corvus ossifragus",0
1980,"Fish Crow","Corvus ossifragus",0
1981,"Fish Crow","Corvus ossifragus",0
1982,"Fish Crow","Corvus ossifragus",0
1983,"Fish Crow","Corvus ossifragus",0
1984,"Fish Crow","Corvus ossifragus",0
1985,"Fish Crow","Corvus ossifragus",0
1986,"Fish Crow","Corvus ossifragus",0
1987,"Fish Crow","Corvus ossifragus",0
1988,"Fish Crow","Corvus ossifragus",0
1989,"Fish Crow","Corvus ossifragus",0
1990,"Fish Crow","Corvus ossifragus",0
1991,"Fish Crow","Corvus ossifragus",0
1992,"Fish Crow","Corvus ossifragus",0
1993,"Fish Crow","Corvus ossifragus",0
1994,"Fish Crow","Corvus ossifragus",0
1995,"Fish Crow","Corvus ossifragus",0
1996,"Fish Crow","Corvus ossifragus",0
1997,"Fish Crow","Corvus ossifragus",0
1998,"Fish Crow","Corvus ossifragus",0
1999,"Fish Crow","Corvus ossifragus",0
2000,"Fish Crow","Corvus ossifragus",0
2001,"Fish Crow","Corvus ossifragus",0
2002,"Fish Crow","Corvus ossifragus",0.0068
2003,"Fish Crow","Corvus ossifragus",0
2004,"Fish Crow","Corvus ossifragus",0
2005,"Fish Crow","Corvus ossifragus",0
2006,"Fish Crow","Corvus ossifragus",0
2007,"Fish Crow","Corvus ossifragus",0
2008,"Fish Crow","Corvus ossifragus",0
2009,"Fish Crow","Corvus ossifragus",0
2010,"Fish Crow","Corvus ossifragus",0
2011,"Fish Crow","Corvus ossifragus",0
2012,"Fish Crow","Corvus ossifragus",0.0071
2013,"Fish Crow","Corvus ossifragus",0.0062
2014,"Fish Crow","Corvus ossifragus",0
2015,"Fish Crow","Corvus ossifragus",0
2016,"Fish Crow","Corvus ossifragus",0.0067
2017,"Fish Crow","Corvus ossifragus",0
2018,"Fish Crow","Corvus ossifragus",0
2019,"Fish Crow","Corvus ossifragus",0.0065
2020,"Fish Crow","Corvus ossifragus",0
2021,"Fish Crow","Corvus ossifragus",0
2022,"Fish Crow","Corvus ossifragus",0.0078
2023,"Fish Crow","Corvus ossifragus",0.0152
2024,"Fish Crow","Corvus ossifragus",0.008
1923,"Blue Jay","Cyanocitta cristata",0
1928,"Blue Jay","Cyanocitta cristata",0
1929,"Blue Jay","Cyanocitta cristata",0
1930,"Blue Jay","Cyanocitta cristata",0
1931,"Blue Jay","Cyanocitta cristata",0
1932,"Blue Jay","Cyanocitta cristata",0
1933,"Blue Jay","Cyanocitta cristata",0
1934,"Blue Jay","Cyanocitta cristata",0
1935,"Blue Jay","Cyanocitta cristata",0
1936,"Blue Jay","Cyanocitta cristata",0
1937,"Blue Jay","Cyanocitta cristata",0
1938,"Blue Jay","Cyanocitta cristata",0
1940,"Blue Jay","Cyanocitta cristata",0
1941,"Blue Jay","Cyanocitta cristata",0.8
1943,"Blue Jay","Cyanocitta cristata",0.4444
1944,"Blue Jay","Cyanocitta cristata",0
1945,"Blue Jay","Cyanocitta cristata",1.8421
1946,"Blue Jay","Cyanocitta cristata",2.0909
1947,"Blue Jay","Cyanocitta cristata",2.2273
1948,"Blue Jay","Cyanocitta cristata",0.6774
1950,"Blue Jay","Cyanocitta cristata",0.7429
1951,"Blue Jay","Cyanocitta cristata",0.7115
1952,"Blue Jay","Cyanocitta cristata",0.6154
1953,"Blue Jay","Cyanocitta cristata",0.7895
1954,"Blue Jay","Cyanocitta cristata",0.6824
1956,"Blue Jay","Cyanocitta cristata",0.5
1957,"Blue Jay","Cyanocitta cristata",0.7368
1958,"Blue Jay","Cyanocitta cristata",0.55
1959,"Blue Jay","Cyanocitta cristata",1.6429
1960,"Blue Jay","Cyanocitta cristata",0
1961,"Blue Jay","Cyanocitta cristata",1.4727
1962,"Blue Jay","Cyanocitta cristata",1.0189
1963,"Blue Jay","Cyanocitta cristata",1.9762
1964,"Blue Jay","Cyanocitta cristata",0.963
1965,"Blue Jay","Cyanocitta cristata",2.2727
1966,"Blue Jay","Cyanocitta cristata",1.6393
1967,"Blue Jay","Cyanocitta cristata",2.6531
1968,"Blue Jay","Cyanocitta cristata",3.5
1969,"Blue Jay","Cyanocitta cristata",4.2254
1970,"Blue Jay","Cyanocitta cristata",1.6923
1971,"Blue Jay","Cyanocitta cristata",2.9825
1972,"Blue Jay","Cyanocitta cristata",2.9464
1973,"Blue Jay","Cyanocitta cristata",1.56
1974,"Blue Jay","Cyanocitta cristata",2.3731
1975,"Blue Jay","Cyanocitta cristata",1.2735
1976,"Blue Jay","Cyanocitta cristata",2.2953
1977,"Blue Jay","Cyanocitta cristata",1.5813
1978,"Blue Jay","Cyanocitta cristata",3.8736
1979,"Blue Jay","Cyanocitta cristata",5.4417
1980,"Blue Jay","Cyanocitta cristata",4.7063
1981,"Blue Jay","Cyanocitta cristata",5.2671
1982,"Blue Jay","Cyanocitta cristata",3.4106
1983,"Blue Jay","Cyanocitta cristata",0.4188
1984,"Blue Jay","Cyanocitta cristata",1.7099
1985,"Blue Jay","Cyanocitta cristata",1.7195
1986,"Blue Jay","Cyanocitta cristata",2.208
1987,"Blue Jay","Cyanocitta cristata",1.1037
1988,"Blue Jay","Cyanocitta cristata",1.8581
1989,"Blue Jay","Cyanocitta cristata",1.5278
1990,"Blue Jay","Cyanocitta cristata",1.3565
1991,"Blue Jay","Cyanocitta cristata",2.4416
1992,"Blue Jay","Cyanocitta cristata",4.2991
1993,"Blue Jay","Cyanocitta cristata",1.5808
1994,"Blue Jay","Cyanocitta cristata",1.045
1995,"Blue Jay","Cyanocitta cristata",2.9799
1996,"Blue Jay","Cyanocitta cristata",1.8951
1997,"Blue Jay","Cyanocitta cristata",1.4507
1998,"Blue Jay","Cyanocitta cristata",1.7346
1999,"Blue Jay","Cyanocitta cristata",1.4323
2000,"Blue Jay","Cyanocitta cristata",1.712
2001,"Blue Jay","Cyanocitta cristata",2.9263
2002,"Blue Jay","Cyanocitta cristata",1.1661
2003,"Blue Jay","Cyanocitta cristata",1.791
2004,"Blue Jay","Cyanocitta cristata",1.1781
2005,"Blue Jay","Cyanocitta cristata",0.9639
2006,"Blue Jay","Cyanocitta cristata",1.9851
2007,"Blue Jay","Cyanocitta cristata",2.0494
2008,"Blue Jay","Cyanocitta cristata",1.4478
2009,"Blue Jay","Cyanocitta cristata",2.2789
2010,"Blue Jay","Cyanocitta cristata",0.9774
2011,"Blue Jay","Cyanocitta cristata",1.4601
2012,"Blue Jay","Cyanocitta cristata",1.8714
2013,"Blue Jay","Cyanocitta cristata",1.3683
2014,"Blue Jay","Cyanocitta cristata",2.6
2015,"Blue Jay","Cyanocitta cristata",1.3294
2016,"Blue Jay","Cyanocitta cristata",1.3199
2017,"Blue Jay","Cyanocitta cristata",1.6561
2018,"Blue Jay","Cyanocitta cristata",1.9943
2019,"Blue Jay","Cyanocitta cristata",1.9701
2020,"Blue Jay","Cyanocitta cristata",2.4764
2021,"Blue Jay","Cyanocitta cristata",1.3489
2022,"Blue Jay","Cyanocitta cristata",2.984
2023,"Blue Jay","Cyanocitta cristata",1.5303
2024,"Blue Jay","Cyanocitta cristata",1.3796
1923,"Pileated Woodpecker","Dryocopus pileatus",0
1928,"Pileated Woodpecker","Dryocopus pileatus",0
1929,"Pileated Woodpecker","Dryocopus pileatus",0
1930,"Pileated Woodpecker","Dryocopus pileatus",0
1931,"Pileated Woodpecker","Dryocopus pileatus",0
1932,"Pileated Woodpecker","Dryocopus pileatus",0
1933,"Pileated Woodpecker","Dryocopus pileatus",0
1934,"Pileated Woodpecker","Dryocopus pileatus",0
1935,"Pileated Woodpecker","Dryocopus pileatus",0
1936,"Pileated Woodpecker","Dryocopus pileatus",0
1937,"Pileated Woodpecker","Dryocopus pileatus",0
1938,"Pileated Woodpecker","Dryocopus pileatus",0
1940,"Pileated Woodpecker","Dryocopus pileatus",0
1941,"Pileated Woodpecker","Dryocopus pileatus",0
1943,"Pileated Woodpecker","Dryocopus pileatus",0
1944,"Pileated Woodpecker","Dryocopus pileatus",0
1945,"Pileated Woodpecker","Dryocopus pileatus",0
1946,"Pileated Woodpecker","Dryocopus pileatus",0
1947,"Pileated Woodpecker","Dryocopus pileatus",0
1948,"Pileated Woodpecker","Dryocopus pileatus",0
1950,"Pileated Woodpecker","Dryocopus pileatus",0
1951,"Pileated Woodpecker","Dryocopus pileatus",0.0192
1952,"Pileated Woodpecker","Dryocopus pileatus",0
1953,"Pileated Woodpecker","Dryocopus pileatus",0.0263
1954,"Pileated Woodpecker","Dryocopus pileatus",0.0471
1956,"Pileated Woodpecker","Dryocopus pileatus",0
1957,"Pileated Woodpecker","Dryocopus pileatus",0
1958,"Pileated Woodpecker","Dryocopus pileatus",0
1959,"Pileated Woodpecker","Dryocopus pileatus",0.0536
1960,"Pileated Woodpecker","Dryocopus pileatus",0
1961,"Pileated Woodpecker","Dryocopus pileatus",0
1962,"Pileated Woodpecker","Dryocopus pileatus",0
1963,"Pileated Woodpecker","Dryocopus pileatus",0.0238
1964,"Pileated Woodpecker","Dryocopus pileatus",0
1965,"Pileated Woodpecker","Dryocopus pileatus",0.0909
1966,"Pileated Woodpecker","Dryocopus pileatus",0.0328
1967,"Pileated Woodpecker","Dryocopus pileatus",0.0408
1968,"Pileated Woodpecker","Dryocopus pileatus",0.0714
1969,"Pileated Woodpecker","Dryocopus pileatus",0
1970,"Pileated Woodpecker","Dryocopus pileatus",0.0154
1971,"Pileated Woodpecker","Dryocopus pileatus",0.0877
1972,"Pileated Woodpecker","Dryocopus pileatus",0.0179
1973,"Pileated Woodpecker","Dryocopus pileatus",0.0133
1974,"Pileated Woodpecker","Dryocopus pileatus",0.1045
1975,"Pileated Woodpecker","Dryocopus pileatus",0.0245
1976,"Pileated Woodpecker","Dryocopus pileatus",0.0201
1977,"Pileated Woodpecker","Dryocopus pileatus",0.0063
1978,"Pileated Woodpecker","Dryocopus pileatus",0.0372
1979,"Pileated Woodpecker","Dryocopus pileatus",0.05
1980,"Pileated Woodpecker","Dryocopus pileatus",0.0559
1981,"Pileated Woodpecker","Dryocopus pileatus",0.0616
1982,"Pileated Woodpecker","Dryocopus pileatus",0.0331
1983,"Pileated Woodpecker","Dryocopus pileatus",0.0125
1984,"Pileated Woodpecker","Dryocopus pileatus",0.0432
1985,"Pileated Woodpecker","Dryocopus pileatus",0.0305
1986,"Pileated Woodpecker","Dryocopus pileatus",0.032
1987,"Pileated Woodpecker","Dryocopus pileatus",0.0296
1988,"Pileated Woodpecker","Dryocopus pileatus",0.1149
1989,"Pileated Woodpecker","Dryocopus pileatus",0
1990,"Pileated Woodpecker","Dryocopus pileatus",0.0348
1991,"Pileated Woodpecker","Dryocopus pileatus",0.0946
1992,"Pileated Woodpecker","Dryocopus pileatus",0.1026
1993,"Pileated Woodpecker","Dryocopus pileatus",0.0344
1994,"Pileated Woodpecker","Dryocopus pileatus",0.0811
1995,"Pileated Woodpecker","Dryocopus pileatus",0.0402
1996,"Pileated Woodpecker","Dryocopus pileatus",0.0974
1997,"Pileated Woodpecker","Dryocopus pileatus",0.0493
1998,"Pileated Woodpecker","Dryocopus pileatus",0.0748
1999,"Pileated Woodpecker","Dryocopus pileatus",0.0452
2000,"Pileated Woodpecker","Dryocopus pileatus",0.144
2001,"Pileated Woodpecker","Dryocopus pileatus",0.1404
2002,"Pileated Woodpecker","Dryocopus pileatus",0.0949
2003,"Pileated Woodpecker","Dryocopus pileatus",0.131
2004,"Pileated Woodpecker","Dryocopus pileatus",0.0635
2005,"Pileated Woodpecker","Dryocopus pileatus",0.111
2006,"Pileated Woodpecker","Dryocopus pileatus",0.1784
2007,"Pileated Woodpecker","Dryocopus pileatus",0.122
2008,"Pileated Woodpecker","Dryocopus pileatus",0.0746
2009,"Pileated Woodpecker","Dryocopus pileatus",0.1673
2010,"Pileated Woodpecker","Dryocopus pileatus",0.0752
2011,"Pileated Woodpecker","Dryocopus pileatus",0.076
2012,"Pileated Woodpecker","Dryocopus pileatus",0.1929
2013,"Pileated Woodpecker","Dryocopus pileatus",0.0986
2014,"Pileated Woodpecker","Dryocopus pileatus",0.2294
2015,"Pileated Woodpecker","Dryocopus pileatus",0.1867
2016,"Pileated Woodpecker","Dryocopus pileatus",0.2492
2017,"Pileated Woodpecker","Dryocopus pileatus",0.1574
2018,"Pileated Woodpecker","Dryocopus pileatus",0.1865
2019,"Pileated Woodpecker","Dryocopus pileatus",0.2341
2020,"Pileated Woodpecker","Dryocopus pileatus",0.3184
2021,"Pileated Woodpecker","Dryocopus pileatus",0.1778
2022,"Pileated Woodpecker","Dryocopus pileatus",0.2571
2023,"Pileated Woodpecker","Dryocopus pileatus",0.1742
2024,"Pileated Woodpecker","Dryocopus pileatus",0.2073
1923,"Gray Catbird","Dumetella carolinensis",0
1928,"Gray Catbird","Dumetella carolinensis",0
1929,"Gray Catbird","Dumetella carolinensis",0
1930,"Gray Catbird","Dumetella carolinensis",0
1931,"Gray Catbird","Dumetella carolinensis",0
1932,"Gray Catbird","Dumetella carolinensis",0
1933,"Gray Catbird","Dumetella carolinensis",0
1934,"Gray Catbird","Dumetella carolinensis",0
1935,"Gray Catbird","Dumetella carolinensis",0
1936,"Gray Catbird","Dumetella carolinensis",0
1937,"Gray Catbird","Dumetella carolinensis",0
1938,"Gray Catbird","Dumetella carolinensis",0
1940,"Gray Catbird","Dumetella carolinensis",0
1941,"Gray Catbird","Dumetella carolinensis",0
1943,"Gray Catbird","Dumetella carolinensis",0
1944,"Gray Catbird","Dumetella carolinensis",0
1945,"Gray Catbird","Dumetella carolinensis",0
1946,"Gray Catbird","Dumetella carolinensis",0
1947,"Gray Catbird","Dumetella carolinensis",0
1948,"Gray Catbird","Dumetella carolinensis",0
1950,"Gray Catbird","Dumetella carolinensis",0
1951,"Gray Catbird","Dumetella carolinensis",0.0577
1952,"Gray Catbird","Dumetella carolinensis",0
1953,"Gray Catbird","Dumetella carolinensis",0
1954,"Gray Catbird","Dumetella carolinensis",0
1956,"Gray Catbird","Dumetella carolinensis",0
1957,"Gray Catbird","Dumetella carolinensis",0
1958,"Gray Catbird","Dumetella carolinensis",0.05
1959,"Gray Catbird","Dumetella carolinensis",0.0179
1960,"Gray Catbird","Dumetella carolinensis",0
1961,"Gray Catbird","Dumetella carolinensis",0.0545
1962,"Gray Catbird","Dumetella carolinensis",0
1963,"Gray Catbird","Dumetella carolinensis",0
1964,"Gray Catbird","Dumetella carolinensis",0
1965,"Gray Catbird","Dumetella carolinensis",0
1966,"Gray Catbird","Dumetella carolinensis",0.0164
1967,"Gray Catbird","Dumetella carolinensis",0
1968,"Gray Catbird","Dumetella carolinensis",0.0357
1969,"Gray Catbird","Dumetella carolinensis",0
1970,"Gray Catbird","Dumetella carolinensis",0
1971,"Gray Catbird","Dumetella carolinensis",0
1972,"Gray Catbird","Dumetella carolinensis",0
1973,"Gray Catbird","Dumetella carolinensis",0
1974,"Gray Catbird","Dumetella carolinensis",0
1975,"Gray Catbird","Dumetella carolinensis",0
1976,"Gray Catbird","Dumetella carolinensis",0
1977,"Gray Catbird","Dumetella carolinensis",0
1978,"Gray Catbird","Dumetella carolinensis",0.0223
1979,"Gray Catbird","Dumetella carolinensis",0.025
1980,"Gray Catbird","Dumetella carolinensis",0.014
1981,"Gray Catbird","Dumetella carolinensis",0
1982,"Gray Catbird","Dumetella carolinensis",0
1983,"Gray Catbird","Dumetella carolinensis",0
1984,"Gray Catbird","Dumetella carolinensis",0.0123
1985,"Gray Catbird","Dumetella carolinensis",0
1986,"Gray Catbird","Dumetella carolinensis",0.016
1987,"Gray Catbird","Dumetella carolinensis",0
1988,"Gray Catbird","Dumetella carolinensis",0.0068
1989,"Gray Catbird","Dumetella carolinensis",0
1990,"Gray Catbird","Dumetella carolinensis",0.0087
1991,"Gray Catbird","Dumetella carolinensis",0.0126
1992,"Gray Catbird","Dumetella carolinensis",0.0085
1993,"Gray Catbird","Dumetella carolinensis",0.0481
1994,"Gray Catbird","Dumetella carolinensis",0
1995,"Gray Catbird","Dumetella carolinensis",0
1996,"Gray Catbird","Dumetella carolinensis",0.015
1997,"Gray Catbird","Dumetella carolinensis",0
1998,"Gray Catbird","Dumetella carolinensis",0.015
1999,"Gray Catbird","Dumetella carolinensis",0.0129
2000,"Gray Catbird","Dumetella carolinensis",0.024
2001,"Gray Catbird","Dumetella carolinensis",0.007
2002,"Gray Catbird","Dumetella carolinensis",0
2003,"Gray Catbird","Dumetella carolinensis",0.0062
2004,"Gray Catbird","Dumetella carolinensis",0.0141
2005,"Gray Catbird","Dumetella carolinensis",0.0277
2006,"Gray Catbird","Dumetella carolinensis",0.0149
2007,"Gray Catbird","Dumetella carolinensis",0.0122
2008,"Gray Catbird","Dumetella carolinensis",0.0149
2009,"Gray Catbird","Dumetella carolinensis",0
2010,"Gray Catbird","Dumetella carolinensis",0.015
2011,"Gray Catbird","Dumetella carolinensis",0.0152
2012,"Gray Catbird","Dumetella carolinensis",0.0071
2013,"Gray Catbird","Dumetella carolinensis",0.0123
2014,"Gray Catbird","Dumetella carolinensis",0.0118
2015,"Gray Catbird","Dumetella carolinensis",0
2016,"Gray Catbird","Dumetella carolinensis",0.0135
2017,"Gray Catbird","Dumetella carolinensis",0
2018,"Gray Catbird","Dumetella carolinensis",0.0287
2019,"Gray Catbird","Dumetella carolinensis",0.0195
2020,"Gray Catbird","Dumetella carolinensis",0.0413
2021,"Gray Catbird","Dumetella carolinensis",0.0184
2022,"Gray Catbird","Dumetella carolinensis",0.0312
2023,"Gray Catbird","Dumetella carolinensis",0.0227
2024,"Gray Catbird","Dumetella carolinensis",0.008
1923,"Common Yellowthroat","Geothlypis trichas",0
1928,"Common Yellowthroat","Geothlypis trichas",0
1929,"Common Yellowthroat","Geothlypis trichas",0
1930,"Common Yellowthroat","Geothlypis trichas",0
1931,"Common Yellowthroat","Geothlypis trichas",0
1932,"Common Yellowthroat","Geothlypis trichas",0
1933,"Common Yellowthroat","Geothlypis trichas",0
1934,"Common Yellowthroat","Geothlypis trichas",0
1935,"Common Yellowthroat","Geothlypis trichas",0
1936,"Common Yellowthroat","Geothlypis trichas",0
1937,"Common Yellowthroat","Geothlypis trichas",0
1938,"Common Yellowthroat","Geothlypis trichas",0
1940,"Common Yellowthroat","Geothlypis trichas",0
1941,"Common Yellowthroat","Geothlypis trichas",0
1943,"Common Yellowthroat","Geothlypis trichas",0
1944,"Common Yellowthroat","Geothlypis trichas",0
1945,"Common Yellowthroat","Geothlypis trichas",0
1946,"Common Yellowthroat","Geothlypis trichas",0
1947,"Common Yellowthroat","Geothlypis trichas",0
1948,"Common Yellowthroat","Geothlypis trichas",0
1950,"Common Yellowthroat","Geothlypis trichas",0
1951,"Common Yellowthroat","Geothlypis trichas",0
1952,"Common Yellowthroat","Geothlypis trichas",0
1953,"Common Yellowthroat","Geothlypis trichas",0
1954,"Common Yellowthroat","Geothlypis trichas",0
1956,"Common Yellowthroat","Geothlypis trichas",0
1957,"Common Yellowthroat","Geothlypis trichas",0
1958,"Common Yellowthroat","Geothlypis trichas",0
1959,"Common Yellowthroat","Geothlypis trichas",0
1960,"Common Yellowthroat","Geothlypis trichas",0
1961,"Common Yellowthroat","Geothlypis trichas",0
1962,"Common Yellowthroat","Geothlypis trichas",0
1963,"Common Yellowthroat","Geothlypis trichas",0
1964,"Common Yellowthroat","Geothlypis trichas",0
1965,"Common Yellowthroat","Geothlypis trichas",0
1966,"Common Yellowthroat","Geothlypis trichas",0
1967,"Common Yellowthroat","Geothlypis trichas",0
1968,"Common Yellowthroat","Geothlypis trichas",0
1969,"Common Yellowthroat","Geothlypis trichas",0
1970,"Common Yellowthroat","Geothlypis trichas",0
1971,"Common Yellowthroat","Geothlypis trichas",0.1579
1972,"Common Yellowthroat","Geothlypis trichas",0
1973,"Common Yellowthroat","Geothlypis trichas",0.0133
1974,"Common Yellowthroat","Geothlypis trichas",0
1975,"Common Yellowthroat","Geothlypis trichas",0
1976,"Common Yellowthroat","Geothlypis trichas",0
1977,"Common Yellowthroat","Geothlypis trichas",0
1978,"Common Yellowthroat","Geothlypis trichas",0.0074
1979,"Common Yellowthroat","Geothlypis trichas",0.0083
1980,"Common Yellowthroat","Geothlypis trichas",0
1981,"Common Yellowthroat","Geothlypis trichas",0
1982,"Common Yellowthroat","Geothlypis trichas",0.0132
1983,"Common Yellowthroat","Geothlypis trichas",0.0063
1984,"Common Yellowthroat","Geothlypis trichas",0
1985,"Common Yellowthroat","Geothlypis trichas",0
1986,"Common Yellowthroat","Geothlypis trichas",0
1987,"Common Yellowthroat","Geothlypis trichas",0
1988,"Common Yellowthroat","Geothlypis trichas",0
1989,"Common Yellowthroat","Geothlypis trichas",0
1990,"Common Yellowthroat","Geothlypis trichas",0
1991,"Common Yellowthroat","Geothlypis trichas",0
1992,"Common Yellowthroat","Geothlypis trichas",0
1993,"Common Yellowthroat","Geothlypis trichas",0
1994,"Common Yellowthroat","Geothlypis trichas",0
1995,"Common Yellowthroat","Geothlypis trichas",0
1996,"Common Yellowthroat","Geothlypis trichas",0
1997,"Common Yellowthroat","Geothlypis trichas",0
1998,"Common Yellowthroat","Geothlypis trichas",0
1999,"Common Yellowthroat","Geothlypis trichas",0
2000,"Common Yellowthroat","Geothlypis trichas",0.024
2001,"Common Yellowthroat","Geothlypis trichas",0.014
2002,"Common Yellowthroat","Geothlypis trichas",0
2003,"Common Yellowthroat","Geothlypis trichas",0.0125
2004,"Common Yellowthroat","Geothlypis trichas",0.0071
2005,"Common Yellowthroat","Geothlypis trichas",0
2006,"Common Yellowthroat","Geothlypis trichas",0.0074
2007,"Common Yellowthroat","Geothlypis trichas",0
2008,"Common Yellowthroat","Geothlypis trichas",0
2009,"Common Yellowthroat","Geothlypis trichas",0
2010,"Common Yellowthroat","Geothlypis trichas",0
2011,"Common Yellowthroat","Geothlypis trichas",0.0076
2012,"Common Yellowthroat","Geothlypis trichas",0
2013,"Common Yellowthroat","Geothlypis trichas",0.0062
2014,"Common Yellowthroat","Geothlypis trichas",0
2015,"Common Yellowthroat","Geothlypis trichas",0
2016,"Common Yellowthroat","Geothlypis trichas",0.0067
2017,"Common Yellowthroat","Geothlypis trichas",0
2018,"Common Yellowthroat","Geothlypis trichas",0.0072
2019,"Common Yellowthroat","Geothlypis trichas",0.0065
2020,"Common Yellowthroat","Geothlypis trichas",0.0118
2021,"Common Yellowthroat","Geothlypis trichas",0.0061
2022,"Common Yellowthroat","Geothlypis trichas",0
2023,"Common Yellowthroat","Geothlypis trichas",0.0076
2024,"Common Yellowthroat","Geothlypis trichas",0.008
1923,"House Finch","Haemorhous mexicanus",0
1928,"House Finch","Haemorhous mexicanus",0
1929,"House Finch","Haemorhous mexicanus",0
1930,"House Finch","Haemorhous mexicanus",0
1931,"House Finch","Haemorhous mexicanus",0
1932,"House Finch","Haemorhous mexicanus",0
1933,"House Finch","Haemorhous mexicanus",0
1934,"House Finch","Haemorhous mexicanus",0
1935,"House Finch","Haemorhous mexicanus",0
1936,"House Finch","Haemorhous mexicanus",0
1937,"House Finch","Haemorhous mexicanus",0
1938,"House Finch","Haemorhous mexicanus",0
1940,"House Finch","Haemorhous mexicanus",0
1941,"House Finch","Haemorhous mexicanus",0
1943,"House Finch","Haemorhous mexicanus",0
1944,"House Finch","Haemorhous mexicanus",0
1945,"House Finch","Haemorhous mexicanus",0
1946,"House Finch","Haemorhous mexicanus",0
1947,"House Finch","Haemorhous mexicanus",0
1948,"House Finch","Haemorhous mexicanus",0
1950,"House Finch","Haemorhous mexicanus",0
1951,"House Finch","Haemorhous mexicanus",0
1952,"House Finch","Haemorhous mexicanus",0
1953,"House Finch","Haemorhous mexicanus",0
1954,"House Finch","Haemorhous mexicanus",0
1956,"House Finch","Haemorhous mexicanus",0
1957,"House Finch","Haemorhous mexicanus",0
1958,"House Finch","Haemorhous mexicanus",0
1959,"House Finch","Haemorhous mexicanus",0
1960,"House Finch","Haemorhous mexicanus",0
1961,"House Finch","Haemorhous mexicanus",0
1962,"House Finch","Haemorhous mexicanus",0
1963,"House Finch","Haemorhous mexicanus",0
1964,"House Finch","Haemorhous mexicanus",0
1965,"House Finch","Haemorhous mexicanus",0
1966,"House Finch","Haemorhous mexicanus",0
1967,"House Finch","Haemorhous mexicanus",0
1968,"House Finch","Haemorhous mexicanus",0
1969,"House Finch","Haemorhous mexicanus",0
1970,"House Finch","Haemorhous mexicanus",0.0308
1971,"House Finch","Haemorhous mexicanus",0.1228
1972,"House Finch","Haemorhous mexicanus",0.0179
1973,"House Finch","Haemorhous mexicanus",0.0133
1974,"House Finch","Haemorhous mexicanus",0
1975,"House Finch","Haemorhous mexicanus",0.0082
1976,"House Finch","Haemorhous mexicanus",0.3557
1977,"House Finch","Haemorhous mexicanus",0.225
1978,"House Finch","Haemorhous mexicanus",0.855
1979,"House Finch","Haemorhous mexicanus",1.2333
1980,"House Finch","Haemorhous mexicanus",2.2238
1981,"House Finch","Haemorhous mexicanus",0.6781
1982,"House Finch","Haemorhous mexicanus",0.3775
1983,"House Finch","Haemorhous mexicanus",0.5813
1984,"House Finch","Haemorhous mexicanus",0.4259
1985,"House Finch","Haemorhous mexicanus",0.6646
1986,"House Finch","Haemorhous mexicanus",2.744
1987,"House Finch","Haemorhous mexicanus",1.7556
1988,"House Finch","Haemorhous mexicanus",1.5608
1989,"House Finch","Haemorhous mexicanus",2.9722
1990,"House Finch","Haemorhous mexicanus",4.2261
1991,"House Finch","Haemorhous mexicanus",2.0694
1992,"House Finch","Haemorhous mexicanus",2.0342
1993,"House Finch","Haemorhous mexicanus",2.5911
1994,"House Finch","Haemorhous mexicanus",2.4054
1995,"House Finch","Haemorhous mexicanus",2.8594
1996,"House Finch","Haemorhous mexicanus",1.191
1997,"House Finch","Haemorhous mexicanus",1.2465
1998,"House Finch","Haemorhous mexicanus",2.0262
1999,"House Finch","Haemorhous mexicanus",1.4645
2000,"House Finch","Haemorhous mexicanus",1.592
2001,"House Finch","Haemorhous mexicanus",2.2596
2002,"House Finch","Haemorhous mexicanus",1.6746
2003,"House Finch","Haemorhous mexicanus",1.1669
2004,"House Finch","Haemorhous mexicanus",0.4938
2005,"House Finch","Haemorhous mexicanus",1.3315
2006,"House Finch","Haemorhous mexicanus",2.0223
2007,"House Finch","Haemorhous mexicanus",1.9152
2008,"House Finch","Haemorhous mexicanus",1.2164
2009,"House Finch","Haemorhous mexicanus",1.2351
2010,"House Finch","Haemorhous mexicanus",1.8496
2011,"House Finch","Haemorhous mexicanus",1.384
2012,"House Finch","Haemorhous mexicanus",2.0857
2013,"House Finch","Haemorhous mexicanus",1.3436
2014,"House Finch","Haemorhous mexicanus",1.5059
2015,"House Finch","Haemorhous mexicanus",1.5235
2016,"House Finch","Haemorhous mexicanus",1.4007
2017,"House Finch","Haemorhous mexicanus",2.3754
2018,"House Finch","Haemorhous mexicanus",1.0402
2019,"House Finch","Haemorhous mexicanus",1.0273
2020,"House Finch","Haemorhous mexicanus",1.2382
2021,"House Finch","Haemorhous mexicanus",1.0239
2022,"House Finch","Haemorhous mexicanus",2.127
2023,"House Finch","Haemorhous mexicanus",1.5985
2024,"House Finch","Haemorhous mexicanus",1.1643
1923,"Red-bellied Woodpecker","Melanerpes carolinus",0
1928,"Red-bellied Woodpecker","Melanerpes carolinus",0
1929,"Red-bellied Woodpecker","Melanerpes carolinus",0
1930,"Red-bellied Woodpecker","Melanerpes carolinus",0
1931,"Red-bellied Woodpecker","Melanerpes carolinus",0
1932,"Red-bellied Woodpecker","Melanerpes carolinus",0
1933,"Red-bellied Woodpecker","Melanerpes carolinus",0
1934,"Red-bellied Woodpecker","Melanerpes carolinus",0
1935,"Red-bellied Woodpecker","Melanerpes carolinus",0
1936,"Red-bellied Woodpecker","Melanerpes carolinus",0
1937,"Red-bellied Woodpecker","Melanerpes carolinus",0
1938,"Red-bellied Woodpecker","Melanerpes carolinus",0
1940,"Red-bellied Woodpecker","Melanerpes carolinus",0
1941,"Red-bellied Woodpecker","Melanerpes carolinus",0.16
1943,"Red-bellied Woodpecker","Melanerpes carolinus",0.2222
1944,"Red-bellied Woodpecker","Melanerpes carolinus",0
1945,"Red-bellied Woodpecker","Melanerpes carolinus",0.1053
1946,"Red-bellied Woodpecker","Melanerpes carolinus",0.3636
1947,"Red-bellied Woodpecker","Melanerpes carolinus",0.3636
1948,"Red-bellied Woodpecker","Melanerpes carolinus",0.3226
1950,"Red-bellied Woodpecker","Melanerpes carolinus",0.3429
1951,"Red-bellied Woodpecker","Melanerpes carolinus",0.2308
1952,"Red-bellied Woodpecker","Melanerpes carolinus",0.4615
1953,"Red-bellied Woodpecker","Melanerpes carolinus",0.7632
1954,"Red-bellied Woodpecker","Melanerpes carolinus",0.6588
1956,"Red-bellied Woodpecker","Melanerpes carolinus",0.3077
1957,"Red-bellied Woodpecker","Melanerpes carolinus",0.2807
1958,"Red-bellied Woodpecker","Melanerpes carolinus",0.25
1959,"Red-bellied Woodpecker","Melanerpes carolinus",0.4643
1960,"Red-bellied Woodpecker","Melanerpes carolinus",0
1961,"Red-bellied Woodpecker","Melanerpes carolinus",0.6364
1962,"Red-bellied Woodpecker","Melanerpes carolinus",0.3396
1963,"Red-bellied Woodpecker","Melanerpes carolinus",0.6429
1964,"Red-bellied Woodpecker","Melanerpes carolinus",0.6667
1965,"Red-bellied Woodpecker","Melanerpes carolinus",2.1591
1966,"Red-bellied Woodpecker","Melanerpes carolinus",1.0656
1967,"Red-bellied Woodpecker","Melanerpes carolinus",1.551
1968,"Red-bellied Woodpecker","Melanerpes carolinus",1.9286
1969,"Red-bellied Woodpecker","Melanerpes carolinus",1.1268
1970,"Red-bellied Woodpecker","Melanerpes carolinus",0.8923
1971,"Red-bellied Woodpecker","Melanerpes carolinus",1.0702
1972,"Red-bellied Woodpecker","Melanerpes carolinus",0.5
1973,"Red-bellied Woodpecker","Melanerpes carolinus",0.8667
1974,"Red-bellied Woodpecker","Melanerpes carolinus",1.1343
1975,"Red-bellied Woodpecker","Melanerpes carolinus",0.7918
1976,"Red-bellied Woodpecker","Melanerpes carolinus",1.1275
1977,"Red-bellied Woodpecker","Melanerpes carolinus",0.7938
1978,"Red-bellied Woodpecker","Melanerpes carolinus",1.0781
1979,"Red-bellied Woodpecker","Melanerpes carolinus",0.9583
1980,"Red-bellied Woodpecker","Melanerpes carolinus",0.8881
1981,"Red-bellied Woodpecker","Melanerpes carolinus",1.6027
1982,"Red-bellied Woodpecker","Melanerpes carolinus",0.7086
1983,"Red-bellied Woodpecker","Melanerpes carolinus",0.525
1984,"Red-bellied Woodpecker","Melanerpes carolinus",0.6975
1985,"Red-bellied Woodpecker","Melanerpes carolinus",0.6037
1986,"Red-bellied Woodpecker","Melanerpes carolinus",0.888
1987,"Red-bellied Woodpecker","Melanerpes carolinus",0.3926
1988,"Red-bellied Woodpecker","Melanerpes carolinus",0.7568
1989,"Red-bellied Woodpecker","Melanerpes carolinus",0.5556
1990,"Red-bellied Woodpecker","Melanerpes carolinus",0.6957
1991,"Red-bellied Woodpecker","Melanerpes carolinus",1.0978
1992,"Red-bellied Woodpecker","Melanerpes carolinus",1.2308
1993,"Red-bellied Woodpecker","Melanerpes carolinus",0.9485
1994,"Red-bellied Woodpecker","Melanerpes carolinus",0.991
1995,"Red-bellied Woodpecker","Melanerpes carolinus",1.1245
1996,"Red-bellied Woodpecker","Melanerpes carolinus",0.9139
1997,"Red-bellied Woodpecker","Melanerpes carolinus",0.831
1998,"Red-bellied Woodpecker","Melanerpes carolinus",1.1738
1999,"Red-bellied Woodpecker","Melanerpes carolinus",1.1355
2000,"Red-bellied Woodpecker","Melanerpes carolinus",1.68
2001,"Red-bellied Woodpecker","Melanerpes carolinus",1.5298
2002,"Red-bellied Woodpecker","Melanerpes carolinus",1.3492
2003,"Red-bellied Woodpecker","Melanerpes carolinus",1.3105
2004,"Red-bellied Woodpecker","Melanerpes carolinus",1.0864
2005,"Red-bellied Woodpecker","Melanerpes carolinus",0.9778
2006,"Red-bellied Woodpecker","Melanerpes carolinus",1.6952
2007,"Red-bellied Woodpecker","Melanerpes carolinus",1.3175
2008,"Red-bellied Woodpecker","Melanerpes carolinus",1.0075
2009,"Red-bellied Woodpecker","Melanerpes carolinus",1.5139
2010,"Red-bellied Woodpecker","Melanerpes carolinus",1.3534
2011,"Red-bellied Woodpecker","Melanerpes carolinus",1.711
2012,"Red-bellied Woodpecker","Melanerpes carolinus",1.5714
2013,"Red-bellied Woodpecker","Melanerpes carolinus",1.5039
2014,"Red-bellied Woodpecker","Melanerpes carolinus",1.6882
2015,"Red-bellied Woodpecker","Melanerpes carolinus",1.3592
2016,"Red-bellied Woodpecker","Melanerpes carolinus",1.4815
2017,"Red-bellied Woodpecker","Melanerpes carolinus",1.5137
2018,"Red-bellied Woodpecker","Melanerpes carolinus",1.8221
2019,"Red-bellied Woodpecker","Melanerpes carolinus",2.1131
2020,"Red-bellied Woodpecker","Melanerpes carolinus",1.8042
2021,"Red-bellied Woodpecker","Melanerpes carolinus",1.496
2022,"Red-bellied Woodpecker","Melanerpes carolinus",2.3218
2023,"Red-bellied Woodpecker","Melanerpes carolinus",1.4318
2024,"Red-bellied Woodpecker","Melanerpes carolinus",1.3876
1923,"Song Sparrow","Melospiza melodia",0
1928,"Song Sparrow","Melospiza melodia",0
1929,"Song Sparrow","Melospiza melodia",0
1930,"Song Sparrow","Melospiza melodia",0
1931,"Song Sparrow","Melospiza melodia",0
1932,"Song Sparrow","Melospiza melodia",0
1933,"Song Sparrow","Melospiza melodia",0
1934,"Song Sparrow","Melospiza melodia",0
1935,"Song Sparrow","Melospiza melodia",0
1936,"Song Sparrow","Melospiza melodia",0
1937,"Song Sparrow","Melospiza melodia",0
1938,"Song Sparrow","Melospiza melodia",0
1940,"Song Sparrow","Melospiza melodia",0
1941,"Song Sparrow","Melospiza melodia",10.08
1943,"Song Sparrow","Melospiza melodia",7.2222
1944,"Song Sparrow","Melospiza melodia",0
1945,"Song Sparrow","Melospiza melodia",3.7368
1946,"Song Sparrow","Melospiza melodia",21.5
1947,"Song Sparrow","Melospiza melodia",7.5455
1948,"Song Sparrow","Melospiza melodia",3.7742
1950,"Song Sparrow","Melospiza melodia",4.2857
1951,"Song Sparrow","Melospiza melodia",0.9615
1952,"Song Sparrow","Melospiza melodia",1.5385
1953,"Song Sparrow","Melospiza melodia",1.6579
1954,"Song Sparrow","Melospiza melodia",1.8118
1956,"Song Sparrow","Melospiza melodia",0.5769
1957,"Song Sparrow","Melospiza melodia",2.4386
1958,"Song Sparrow","Melospiza melodia",0.55
1959,"Song Sparrow","Melospiza melodia",0.7679
1960,"Song Sparrow","Melospiza melodia",0
1961,"Song Sparrow","Melospiza melodia",2.2364
1962,"Song Sparrow","Melospiza melodia",1.2264
1963,"Song Sparrow","Melospiza melodia",3.8095
1964,"Song Sparrow","Melospiza melodia",1.2593
1965,"Song Sparrow","Melospiza melodia",5.2273
1966,"Song Sparrow","Melospiza melodia",2.459
1967,"Song Sparrow","Melospiza melodia",3.6735
1968,"Song Sparrow","Melospiza melodia",12.8571
1969,"Song Sparrow","Melospiza melodia",10.5634
1970,"Song Sparrow","Melospiza melodia",4.7692
1971,"Song Sparrow","Melospiza melodia",11.5789
1972,"Song Sparrow","Melospiza melodia",3.1607
1973,"Song Sparrow","Melospiza melodia",4.1067
1974,"Song Sparrow","Melospiza melodia",10.9104
1975,"Song Sparrow","Melospiza melodia",1.6163
1976,"Song Sparrow","Melospiza melodia",2.5101
1977,"Song Sparrow","Melospiza melodia",2.3563
1978,"Song Sparrow","Melospiza melodia",7.1375
1979,"Song Sparrow","Melospiza melodia",5.425
1980,"Song Sparrow","Melospiza melodia",4.6154
1981,"Song Sparrow","Melospiza melodia",5.1301
1982,"Song Sparrow","Melospiza melodia",2.8543
1983,"Song Sparrow","Melospiza melodia",4.0875
1984,"Song Sparrow","Melospiza melodia",1.2901
1985,"Song Sparrow","Melospiza melodia",1.5305
1986,"Song Sparrow","Melospiza melodia",3.712
1987,"Song Sparrow","Melospiza melodia",1.7704
1988,"Song Sparrow","Melospiza melodia",1.3108
1989,"Song Sparrow","Melospiza melodia",2.0185
1990,"Song Sparrow","Melospiza melodia",0.6174
1991,"Song Sparrow","Melospiza melodia",1.8801
1992,"Song Sparrow","Melospiza melodia",1.3504
1993,"Song Sparrow","Melospiza melodia",1.8213
1994,"Song Sparrow","Melospiza melodia",1.991
1995,"Song Sparrow","Melospiza melodia",5.759
1996,"Song Sparrow","Melospiza melodia",2.3521
1997,"Song Sparrow","Melospiza melodia",2.6901
1998,"Song Sparrow","Melospiza melodia",2.9757
1999,"Song Sparrow","Melospiza melodia",3.2065
2000,"Song Sparrow","Melospiza melodia",4.408
2001,"Song Sparrow","Melospiza melodia",3.3825
2002,"Song Sparrow","Melospiza melodia",2.2034
2003,"Song Sparrow","Melospiza melodia",3.0764
2004,"Song Sparrow","Melospiza melodia",2.8783
2005,"Song Sparrow","Melospiza melodia",1.9348
2006,"Song Sparrow","Melospiza melodia",4.052
2007,"Song Sparrow","Melospiza melodia",2.2873
2008,"Song Sparrow","Melospiza melodia",3.6269
2009,"Song Sparrow","Melospiza melodia",3.6653
2010,"Song Sparrow","Melospiza melodia",2.3759
2011,"Song Sparrow","Melospiza melodia",4.1749
2012,"Song Sparrow","Melospiza melodia",4.7786
2013,"Song Sparrow","Melospiza melodia",1.7504
2014,"Song Sparrow","Melospiza melodia",4.6176
2015,"Song Sparrow","Melospiza melodia",2.8006
2016,"Song Sparrow","Melospiza melodia",3.1246
2017,"Song Sparrow","Melospiza melodia",3.0423
2018,"Song Sparrow","Melospiza melodia",1.901
2019,"Song Sparrow","Melospiza melodia",2.9714
2020,"Song Sparrow","Melospiza melodia",3.2252
2021,"Song Sparrow","Melospiza melodia",2.5874
2022,"Song Sparrow","Melospiza melodia",3.3035
2023,"Song Sparrow","Melospiza melodia",3.4697
2024,"Song Sparrow","Melospiza melodia",3.7879
1923,"Northern Mockingbird","Mimus polyglottos",0
1928,"Northern Mockingbird","Mimus polyglottos",0
1929,"Northern Mockingbird","Mimus polyglottos",0
1930,"Northern Mockingbird","Mimus polyglottos",0
1931,"Northern Mockingbird","Mimus polyglottos",0
1932,"Northern Mockingbird","Mimus polyglottos",0
1933,"Northern Mockingbird","Mimus polyglottos",0
1934,"Northern Mockingbird","Mimus polyglottos",0
1935,"Northern Mockingbird","Mimus polyglottos",0
1936,"Northern Mockingbird","Mimus polyglottos",0
1937,"Northern Mockingbird","Mimus polyglottos",0
1938,"Northern Mockingbird","Mimus polyglottos",0
1940,"Northern Mockingbird","Mimus polyglottos",0
1941,"Northern Mockingbird","Mimus polyglottos",0.08
1943,"Northern Mockingbird","Mimus polyglottos",0.1667
1944,"Northern Mockingbird","Mimus polyglottos",0
1945,"Northern Mockingbird","Mimus polyglottos",0.5263
1946,"Northern Mockingbird","Mimus polyglottos",0.4091
1947,"Northern Mockingbird","Mimus polyglottos",0.4545
1948,"Northern Mockingbird","Mimus polyglottos",0.5806
1950,"Northern Mockingbird","Mimus polyglottos",0.5429
1951,"Northern Mockingbird","Mimus polyglottos",0.4423
1952,"Northern Mockingbird","Mimus polyglottos",0.8462
1953,"Northern Mockingbird","Mimus polyglottos",1.1842
1954,"Northern Mockingbird","Mimus polyglottos",0.6353
1956,"Northern Mockingbird","Mimus polyglottos",0.6346
1957,"Northern Mockingbird","Mimus polyglottos",1.3684
1958,"Northern Mockingbird","Mimus polyglottos",0.4
1959,"Northern Mockingbird","Mimus polyglottos",1.5893
1960,"Northern Mockingbird","Mimus polyglottos",0
1961,"Northern Mockingbird","Mimus polyglottos",1.3273
1962,"Northern Mockingbird","Mimus polyglottos",1.2264
1963,"Northern Mockingbird","Mimus polyglottos",1.2381
1964,"Northern Mockingbird","Mimus polyglottos",1.4074
1965,"Northern Mockingbird","Mimus polyglottos",2.1818
1966,"Northern Mockingbird","Mimus polyglottos",1.6393
1967,"Northern Mockingbird","Mimus polyglottos",1.6735
1968,"Northern Mockingbird","Mimus polyglottos",1.3214
1969,"Northern Mockingbird","Mimus polyglottos",1.5493
1970,"Northern Mockingbird","Mimus polyglottos",1.1692
1971,"Northern Mockingbird","Mimus polyglottos",1.1579
1972,"Northern Mockingbird","Mimus polyglottos",1.3393
1973,"Northern Mockingbird","Mimus polyglottos",1.12
1974,"Northern Mockingbird","Mimus polyglottos",1.4925
1975,"Northern Mockingbird","Mimus polyglottos",0.9878
1976,"Northern Mockingbird","Mimus polyglottos",1.0805
1977,"Northern Mockingbird","Mimus polyglottos",0.975
1978,"Northern Mockingbird","Mimus polyglottos",1.4572
1979,"Northern Mockingbird","Mimus polyglottos",1.475
1980,"Northern Mockingbird","Mimus polyglottos",1.4336
1981,"Northern Mockingbird","Mimus polyglottos",1.0274
1982,"Northern Mockingbird","Mimus polyglottos",0.9603
1983,"Northern Mockingbird","Mimus polyglottos",1.0563
1984,"Northern Mockingbird","Mimus polyglottos",0.7346
1985,"Northern Mockingbird","Mimus polyglottos",0.8415
1986,"Northern Mockingbird","Mimus polyglottos",0.848
1987,"Northern Mockingbird","Mimus polyglottos",0.9259
1988,"Northern Mockingbird","Mimus polyglottos",0.6284
1989,"Northern Mockingbird","Mimus polyglottos",0.787
1990,"Northern Mockingbird","Mimus polyglottos",0.5826
1991,"Northern Mockingbird","Mimus polyglottos",0.7886
1992,"Northern Mockingbird","Mimus polyglottos",0.7009
1993,"Northern Mockingbird","Mimus polyglottos",0.8247
1994,"Northern Mockingbird","Mimus polyglottos",0.6036
1995,"Northern Mockingbird","Mimus polyglottos",0.7952
1996,"Northern Mockingbird","Mimus polyglottos",0.6891
1997,"Northern Mockingbird","Mimus polyglottos",0.6831
1998,"Northern Mockingbird","Mimus polyglottos",1.0467
1999,"Northern Mockingbird","Mimus polyglottos",0.8
2000,"Northern Mockingbird","Mimus polyglottos",1.088
2001,"Northern Mockingbird","Mimus polyglottos",1.0877
2002,"Northern Mockingbird","Mimus polyglottos",1.2136
2003,"Northern Mockingbird","Mimus polyglottos",1.1232
2004,"Northern Mockingbird","Mimus polyglottos",1.2981
2005,"Northern Mockingbird","Mimus polyglottos",0.5479
2006,"Northern Mockingbird","Mimus polyglottos",1.1747
2007,"Northern Mockingbird","Mimus polyglottos",0.8356
2008,"Northern Mockingbird","Mimus polyglottos",1.0896
2009,"Northern Mockingbird","Mimus polyglottos",0.9323
2010,"Northern Mockingbird","Mimus polyglottos",0.7669
2011,"Northern Mockingbird","Mimus polyglottos",1.1483
2012,"Northern Mockingbird","Mimus polyglottos",1.1571
2013,"Northern Mockingbird","Mimus polyglottos",0.8074
2014,"Northern Mockingbird","Mimus polyglottos",0.8471
2015,"Northern Mockingbird","Mimus polyglottos",0.6348
2016,"Northern Mockingbird","Mimus polyglottos",0.532
2017,"Northern Mockingbird","Mimus polyglottos",0.5995
2018,"Northern Mockingbird","Mimus polyglottos",0.6815
2019,"Northern Mockingbird","Mimus polyglottos",0.5787
2020,"Northern Mockingbird","Mimus polyglottos",0.6014
2021,"Northern Mockingbird","Mimus polyglottos",0.6744
2022,"Northern Mockingbird","Mimus polyglottos",0.8804
2023,"Northern Mockingbird","Mimus polyglottos",0.7652
2024,"Northern Mockingbird","Mimus polyglottos",0.7097
1923,"Brown-headed Cowbird","Molothrus ater",0
1928,"Brown-headed Cowbird","Molothrus ater",0
1929,"Brown-headed Cowbird","Molothrus ater",0
1930,"Brown-headed Cowbird","Molothrus ater",0
1931,"Brown-headed Cowbird","Molothrus ater",0
1932,"Brown-headed Cowbird","Molothrus ater",0
1933,"Brown-headed Cowbird","Molothrus ater",0
1934,"Brown-headed Cowbird","Molothrus ater",0
1935,"Brown-headed Cowbird","Molothrus ater",0
1936,"Brown-headed Cowbird","Molothrus ater",0
1937,"Brown-headed Cowbird","Molothrus ater",0
1938,"Brown-headed Cowbird","Molothrus ater",0
1940,"Brown-headed Cowbird","Molothrus ater",0
1941,"Brown-headed Cowbird","Molothrus ater",0
1943,"Brown-headed Cowbird","Molothrus ater",0
1944,"Brown-headed Cowbird","Molothrus ater",0
1945,"Brown-headed Cowbird","Molothrus ater",0
1946,"Brown-headed Cowbird","Molothrus ater",0
1947,"Brown-headed Cowbird","Molothrus ater",0
1948,"Brown-headed Cowbird","Molothrus ater",0
1950,"Brown-headed Cowbird","Molothrus ater",0
1951,"Brown-headed Cowbird","Molothrus ater",0
1952,"Brown-headed Cowbird","Molothrus ater",0
1953,"Brown-headed Cowbird","Molothrus ater",0
1954,"Brown-headed Cowbird","Molothrus ater",0
1956,"Brown-headed Cowbird","Molothrus ater",0
1957,"Brown-headed Cowbird","Molothrus ater",1
1958,"Brown-headed Cowbird","Molothrus ater",0
1959,"Brown-headed Cowbird","Molothrus ater",0
1960,"Brown-headed Cowbird","Molothrus ater",0
1961,"Brown-headed Cowbird","Molothrus ater",0.1273
1962,"Brown-headed Cowbird","Molothrus ater",0.3774
1963,"Brown-headed Cowbird","Molothrus ater",1.1905
1964,"Brown-headed Cowbird","Molothrus ater",0
1965,"Brown-headed Cowbird","Molothrus ater",0.1136
1966,"Brown-headed Cowbird","Molothrus ater",0.9016
1967,"Brown-headed Cowbird","Molothrus ater",2.0408
1968,"Brown-headed Cowbird","Molothrus ater",0
1969,"Brown-headed Cowbird","Molothrus ater",0.5634
1970,"Brown-headed Cowbird","Molothrus ater",0.0308
1971,"Brown-headed Cowbird","Molothrus ater",0.3509
1972,"Brown-headed Cowbird","Molothrus ater",22.5357
1973,"Brown-headed Cowbird","Molothrus ater",10.6133
1974,"Brown-headed Cowbird","Molothrus ater",0.9104
1975,"Brown-headed Cowbird","Molothrus ater",0.5878
1976,"Brown-headed Cowbird","Molothrus ater",0.1208
1977,"Brown-headed Cowbird","Molothrus ater",0.5063
1978,"Brown-headed Cowbird","Molothrus ater",0.2305
1979,"Brown-headed Cowbird","Molothrus ater",0.3583
1980,"Brown-headed Cowbird","Molothrus ater",0.049
1981,"Brown-headed Cowbird","Molothrus ater",1.2534
1982,"Brown-headed Cowbird","Molothrus ater",3.0662
1983,"Brown-headed Cowbird","Molothrus ater",0.2438
1984,"Brown-headed Cowbird","Molothrus ater",0.3395
1985,"Brown-headed Cowbird","Molothrus ater",0.0122
1986,"Brown-headed Cowbird","Molothrus ater",0.048
1987,"Brown-headed Cowbird","Molothrus ater",0
1988,"Brown-headed Cowbird","Molothrus ater",0.223
1989,"Brown-headed Cowbird","Molothrus ater",0
1990,"Brown-headed Cowbird","Molothrus ater",0.0261
1991,"Brown-headed Cowbird","Molothrus ater",0.0946
1992,"Brown-headed Cowbird","Molothrus ater",0
1993,"Brown-headed Cowbird","Molothrus ater",0.0137
1994,"Brown-headed Cowbird","Molothrus ater",0
1995,"Brown-headed Cowbird","Molothrus ater",0.008
1996,"Brown-headed Cowbird","Molothrus ater",0
1997,"Brown-headed Cowbird","Molothrus ater",0
1998,"Brown-headed Cowbird","Molothrus ater",0.015
1999,"Brown-headed Cowbird","Molothrus ater",0.0258
2000,"Brown-headed Cowbird","Molothrus ater",0
2001,"Brown-headed Cowbird","Molothrus ater",2.1053
2002,"Brown-headed Cowbird","Molothrus ater",0.5424
2003,"Brown-headed Cowbird","Molothrus ater",0
2004,"Brown-headed Cowbird","Molothrus ater",0.0212
2005,"Brown-headed Cowbird","Molothrus ater",1.81
2006,"Brown-headed Cowbird","Molothrus ater",0.0669
2007,"Brown-headed Cowbird","Molothrus ater",0.1952
2008,"Brown-headed Cowbird","Molothrus ater",0
2009,"Brown-headed Cowbird","Molothrus ater",0.8924
2010,"Brown-headed Cowbird","Molothrus ater",0.4812
2011,"Brown-headed Cowbird","Molothrus ater",0.0228
2012,"Brown-headed Cowbird","Molothrus ater",0.1286
2013,"Brown-headed Cowbird","Molothrus ater",0.0123
2014,"Brown-headed Cowbird","Molothrus ater",0.0118
2015,"Brown-headed Cowbird","Molothrus ater",0.3211
2016,"Brown-headed Cowbird","Molothrus ater",0.1481
2017,"Brown-headed Cowbird","Molothrus ater",0.1049
2018,"Brown-headed Cowbird","Molothrus ater",0.373
2019,"Brown-headed Cowbird","Molothrus ater",0.4031
2020,"Brown-headed Cowbird","Molothrus ater",0.0531
2021,"Brown-headed Cowbird","Molothrus ater",0.1901
2022,"Brown-headed Cowbird","Molothrus ater",0
2023,"Brown-headed Cowbird","Molothrus ater",0.0227
2024,"Brown-headed Cowbird","Molothrus ater",0.008
1923,"House Sparrow","Passer domesticus",0
1928,"House Sparrow","Passer domesticus",0
1929,"House Sparrow","Passer domesticus",0
1930,"House Sparrow","Passer domesticus",0
1931,"House Sparrow","Passer domesticus",0
1932,"House Sparrow","Passer domesticus",0
1933,"House Sparrow","Passer domesticus",0
1934,"House Sparrow","Passer domesticus",0
1935,"House Sparrow","Passer domesticus",0
1936,"House Sparrow","Passer domesticus",0
1937,"House Sparrow","Passer domesticus",0
1938,"House Sparrow","Passer domesticus",0
1940,"House Sparrow","Passer domesticus",0
1941,"House Sparrow","Passer domesticus",0.68
1943,"House Sparrow","Passer domesticus",0.6111
1944,"House Sparrow","Passer domesticus",0
1945,"House Sparrow","Passer domesticus",1.0526
1946,"House Sparrow","Passer domesticus",0.9091
1947,"House Sparrow","Passer domesticus",0.5455
1948,"House Sparrow","Passer domesticus",1.129
1950,"House Sparrow","Passer domesticus",0.3714
1951,"House Sparrow","Passer domesticus",0.2115
1952,"House Sparrow","Passer domesticus",3
1953,"House Sparrow","Passer domesticus",1.2105
1954,"House Sparrow","Passer domesticus",0.4
1956,"House Sparrow","Passer domesticus",0.7308
1957,"House Sparrow","Passer domesticus",0.9649
1958,"House Sparrow","Passer domesticus",0.25
1959,"House Sparrow","Passer domesticus",1.4107
1960,"House Sparrow","Passer domesticus",0
1961,"House Sparrow","Passer domesticus",0.7636
1962,"House Sparrow","Passer domesticus",0.5094
1963,"House Sparrow","Passer domesticus",1.5714
1964,"House Sparrow","Passer domesticus",0.9444
1965,"House Sparrow","Passer domesticus",0.8636
1966,"House Sparrow","Passer domesticus",1.541
1967,"House Sparrow","Passer domesticus",1.3061
1968,"House Sparrow","Passer domesticus",1.2143
1969,"House Sparrow","Passer domesticus",3.5211
1970,"House Sparrow","Passer domesticus",2.4615
1971,"House Sparrow","Passer domesticus",0.8421
1972,"House Sparrow","Passer domesticus",2.4643
1973,"House Sparrow","Passer domesticus",1.0667
1974,"House Sparrow","Passer domesticus",1.1343
1975,"House Sparrow","Passer domesticus",1.2082
1976,"House Sparrow","Passer domesticus",0.7987
1977,"House Sparrow","Passer domesticus",1.45
1978,"House Sparrow","Passer domesticus",1.4052
1979,"House Sparrow","Passer domesticus",2.3583
1980,"House Sparrow","Passer domesticus",7.1538
1981,"House Sparrow","Passer domesticus",3.3699
1982,"House Sparrow","Passer domesticus",1.3974
1983,"House Sparrow","Passer domesticus",3.3375
1984,"House Sparrow","Passer domesticus",1.4506
1985,"House Sparrow","Passer domesticus",1.1402
1986,"House Sparrow","Passer domesticus",1
1987,"House Sparrow","Passer domesticus",0.637
1988,"House Sparrow","Passer domesticus",1.6689
1989,"House Sparrow","Passer domesticus",1.1204
1990,"House Sparrow","Passer domesticus",0.5478
1991,"House Sparrow","Passer domesticus",0.4921
1992,"House Sparrow","Passer domesticus",1.5043
1993,"House Sparrow","Passer domesticus",0.6392
1994,"House Sparrow","Passer domesticus",0.2613
1995,"House Sparrow","Passer domesticus",0.2329
1996,"House Sparrow","Passer domesticus",0.3371
1997,"House Sparrow","Passer domesticus",0.3732
1998,"House Sparrow","Passer domesticus",0.6206
1999,"House Sparrow","Passer domesticus",0.2839
2000,"House Sparrow","Passer domesticus",0.288
2001,"House Sparrow","Passer domesticus",0.5263
2002,"House Sparrow","Passer domesticus",0.5831
2003,"House Sparrow","Passer domesticus",0.2746
2004,"House Sparrow","Passer domesticus",0.2751
2005,"House Sparrow","Passer domesticus",0.2705
2006,"House Sparrow","Passer domesticus",0.8773
2007,"House Sparrow","Passer domesticus",0.3294
2008,"House Sparrow","Passer domesticus",0.2388
2009,"House Sparrow","Passer domesticus",0.1992
2010,"House Sparrow","Passer domesticus",0.0602
2011,"House Sparrow","Passer domesticus",0.1749
2012,"House Sparrow","Passer domesticus",0.3286
2013,"House Sparrow","Passer domesticus",0.0924
2014,"House Sparrow","Passer domesticus",0.1706
2015,"House Sparrow","Passer domesticus",0.2987
2016,"House Sparrow","Passer domesticus",0.1279
2017,"House Sparrow","Passer domesticus",0.1873
2018,"House Sparrow","Passer domesticus",0.3874
2019,"House Sparrow","Passer domesticus",0.2471
2020,"House Sparrow","Passer domesticus",0.2182
2021,"House Sparrow","Passer domesticus",0.3372
2022,"House Sparrow","Passer domesticus",0.1792
2023,"House Sparrow","Passer domesticus",0.2348
2024,"House Sparrow","Passer domesticus",0.1595
1923,"Downy Woodpecker","Picoides pubescens",0
1928,"Downy Woodpecker","Picoides pubescens",0
1929,"Downy Woodpecker","Picoides pubescens",0
1930,"Downy Woodpecker","Picoides pubescens",0
1931,"Downy Woodpecker","Picoides pubescens",0
1932,"Downy Woodpecker","Picoides pubescens",0
1933,"Downy Woodpecker","Picoides pubescens",0
1934,"Downy Woodpecker","Picoides pubescens",0
1935,"Downy Woodpecker","Picoides pubescens",0
1936,"Downy Woodpecker","Picoides pubescens",0
1937,"Downy Woodpecker","Picoides pubescens",0
1938,"Downy Woodpecker","Picoides pubescens",0
1940,"Downy Woodpecker","Picoides pubescens",0
1941,"Downy Woodpecker","Picoides pubescens",0.52
1943,"Downy Woodpecker","Picoides pubescens",0.3889
1944,"Downy Woodpecker","Picoides pubescens",0
1945,"Downy Woodpecker","Picoides pubescens",0.4211
1946,"Downy Woodpecker","Picoides pubescens",0.5
1947,"Downy Woodpecker","Picoides pubescens",0.9091
1948,"Downy Woodpecker","Picoides pubescens",0.6774
1950,"Downy Woodpecker","Picoides pubescens",0.6857
1951,"Downy Woodpecker","Picoides pubescens",0.3269
1952,"Downy Woodpecker","Picoides pubescens",0.7692
1953,"Downy Woodpecker","Picoides pubescens",0.5789
1954,"Downy Woodpecker","Picoides pubescens",0.4235
1956,"Downy Woodpecker","Picoides pubescens",0.4808
1957,"Downy Woodpecker","Picoides pubescens",0.3509
1958,"Downy Woodpecker","Picoides pubescens",0.6
1959,"Downy Woodpecker","Picoides pubescens",0.4286
1960,"Downy Woodpecker","Picoides pubescens",0
1961,"Downy Woodpecker","Picoides pubescens",0.6909
1962,"Downy Woodpecker","Picoides pubescens",0.3962
1963,"Downy Woodpecker","Picoides pubescens",0.8095
1964,"Downy Woodpecker","Picoides pubescens",0.7037
1965,"Downy Woodpecker","Picoides pubescens",1.3409
1966,"Downy Woodpecker","Picoides pubescens",0.9016
1967,"Downy Woodpecker","Picoides pubescens",0.9796
1968,"Downy Woodpecker","Picoides pubescens",1.1786
1969,"Downy Woodpecker","Picoides pubescens",1.0282
1970,"Downy Woodpecker","Picoides pubescens",0.4462
1971,"Downy Woodpecker","Picoides pubescens",0.9825
1972,"Downy Woodpecker","Picoides pubescens",0.5357
1973,"Downy Woodpecker","Picoides pubescens",0.4933
1974,"Downy Woodpecker","Picoides pubescens",0.4478
1975,"Downy Woodpecker","Picoides pubescens",0.5714
1976,"Downy Woodpecker","Picoides pubescens",0.7248
1977,"Downy Woodpecker","Picoides pubescens",0.4813
1978,"Downy Woodpecker","Picoides pubescens",0.7063
1979,"Downy Woodpecker","Picoides pubescens",0.875
1980,"Downy Woodpecker","Picoides pubescens",0.6713
1981,"Downy Woodpecker","Picoides pubescens",0.6849
1982,"Downy Woodpecker","Picoides pubescens",0.5629
1983,"Downy Woodpecker","Picoides pubescens",0.625
1984,"Downy Woodpecker","Picoides pubescens",0.358
1985,"Downy Woodpecker","Picoides pubescens",0.3659
1986,"Downy Woodpecker","Picoides pubescens",0.4
1987,"Downy Woodpecker","Picoides pubescens",0.2963
1988,"Downy Woodpecker","Picoides pubescens",0.4054
1989,"Downy Woodpecker","Picoides pubescens",0.2963
1990,"Downy Woodpecker","Picoides pubescens",0.5565
1991,"Downy Woodpecker","Picoides pubescens",0.4984
1992,"Downy Woodpecker","Picoides pubescens",0.5983
1993,"Downy Woodpecker","Picoides pubescens",0.5292
1994,"Downy Woodpecker","Picoides pubescens",0.4955
1995,"Downy Woodpecker","Picoides pubescens",0.5301
1996,"Downy Woodpecker","Picoides pubescens",0.5993
1997,"Downy Woodpecker","Picoides pubescens",0.4507
1998,"Downy Woodpecker","Picoides pubescens",0.6206
1999,"Downy Woodpecker","Picoides pubescens",0.6
2000,"Downy Woodpecker","Picoides pubescens",1.168
2001,"Downy Woodpecker","Picoides pubescens",1.0105
2002,"Downy Woodpecker","Picoides pubescens",0.7661
2003,"Downy Woodpecker","Picoides pubescens",0.8175
2004,"Downy Woodpecker","Picoides pubescens",0.7478
2005,"Downy Woodpecker","Picoides pubescens",0.8044
2006,"Downy Woodpecker","Picoides pubescens",1.0855
2007,"Downy Woodpecker","Picoides pubescens",0.7929
2008,"Downy Woodpecker","Picoides pubescens",0.6642
2009,"Downy Woodpecker","Picoides pubescens",0.8048
2010,"Downy Woodpecker","Picoides pubescens",0.9624
2011,"Downy Woodpecker","Picoides pubescens",1.2624
2012,"Downy Woodpecker","Picoides pubescens",0.8857
2013,"Downy Woodpecker","Picoides pubescens",1.2018
2014,"Downy Woodpecker","Picoides pubescens",1.0941
2015,"Downy Woodpecker","Picoides pubescens",1.0605
2016,"Downy Woodpecker","Picoides pubescens",1.0303
2017,"Downy Woodpecker","Picoides pubescens",0.9442
2018,"Downy Woodpecker","Picoides pubescens",0.9541
2019,"Downy Woodpecker","Picoides pubescens",1.5735
2020,"Downy Woodpecker","Picoides pubescens",1.2146
2021,"Downy Woodpecker","Picoides pubescens",1.2446
2022,"Downy Woodpecker","Picoides pubescens",1.4024
2023,"Downy Woodpecker","Picoides pubescens",1.1591
2024,"Downy Woodpecker","Picoides pubescens",1.1404
1923,"Eastern Towhee","Pipilo erythrophthalmus",0
1928,"Eastern Towhee","Pipilo erythrophthalmus",0
1929,"Eastern Towhee","Pipilo erythrophthalmus",0
1930,"Eastern Towhee","Pipilo erythrophthalmus",0
1931,"Eastern Towhee","Pipilo erythrophthalmus",0
1932,"Eastern Towhee","Pipilo erythrophthalmus",0
1933,"Eastern Towhee","Pipilo erythrophthalmus",0
1934,"Eastern Towhee","Pipilo erythrophthalmus",0
1935,"Eastern Towhee","Pipilo erythrophthalmus",0
1936,"Eastern Towhee","Pipilo erythrophthalmus",0
1937,"Eastern Towhee","Pipilo erythrophthalmus",0
1938,"Eastern Towhee","Pipilo erythrophthalmus",0
1940,"Eastern Towhee","Pipilo erythrophthalmus",0
1941,"Eastern Towhee","Pipilo erythrophthalmus",0
1943,"Eastern Towhee","Pipilo erythrophthalmus",0
1944,"Eastern Towhee","Pipilo erythrophthalmus",0
1945,"Eastern Towhee","Pipilo erythrophthalmus",0
1946,"Eastern Towhee","Pipilo erythrophthalmus",0
1947,"Eastern Towhee","Pipilo erythrophthalmus",1.0455
1948,"Eastern Towhee","Pipilo erythrophthalmus",0.871
1950,"Eastern Towhee","Pipilo erythrophthalmus",0.9714
1951,"Eastern Towhee","Pipilo erythrophthalmus",0.8077
1952,"Eastern Towhee","Pipilo erythrophthalmus",1.6538
1953,"Eastern Towhee","Pipilo erythrophthalmus",1.1053
1954,"Eastern Towhee","Pipilo erythrophthalmus",1.5294
1956,"Eastern Towhee","Pipilo erythrophthalmus",0.8077
1957,"Eastern Towhee","Pipilo erythrophthalmus",0.4912
1958,"Eastern Towhee","Pipilo erythrophthalmus",0
1959,"Eastern Towhee","Pipilo erythrophthalmus",0
1960,"Eastern Towhee","Pipilo erythrophthalmus",0
1961,"Eastern Towhee","Pipilo erythrophthalmus",0
1962,"Eastern Towhee","Pipilo erythrophthalmus",0
1963,"Eastern Towhee","Pipilo erythrophthalmus",0
1964,"Eastern Towhee","Pipilo erythrophthalmus",0
1965,"Eastern Towhee","Pipilo erythrophthalmus",0
1966,"Eastern Towhee","Pipilo erythrophthalmus",0
1967,"Eastern Towhee","Pipilo erythrophthalmus",0
1968,"Eastern Towhee","Pipilo erythrophthalmus",0
1969,"Eastern Towhee","Pipilo erythrophthalmus",0
1970,"Eastern Towhee","Pipilo erythrophthalmus",0
1971,"Eastern Towhee","Pipilo erythrophthalmus",0
1972,"Eastern Towhee","Pipilo erythrophthalmus",0
1973,"Eastern Towhee","Pipilo erythrophthalmus",0
1974,"Eastern Towhee","Pipilo erythrophthalmus",0
1975,"Eastern Towhee","Pipilo erythrophthalmus",0
1976,"Eastern Towhee","Pipilo erythrophthalmus",0
1977,"Eastern Towhee","Pipilo erythrophthalmus",0
1978,"Eastern Towhee","Pipilo erythrophthalmus",0
1979,"Eastern Towhee","Pipilo erythrophthalmus",0
1980,"Eastern Towhee","Pipilo erythrophthalmus",0
1981,"Eastern Towhee","Pipilo erythrophthalmus",0
1982,"Eastern Towhee","Pipilo erythrophthalmus",0
1983,"Eastern Towhee","Pipilo erythrophthalmus",0.7
1984,"Eastern Towhee","Pipilo erythrophthalmus",0
1985,"Eastern Towhee","Pipilo erythrophthalmus",0
1986,"Eastern Towhee","Pipilo erythrophthalmus",0.648
1987,"Eastern Towhee","Pipilo erythrophthalmus",0.5111
1988,"Eastern Towhee","Pipilo erythrophthalmus",0.6554
1989,"Eastern Towhee","Pipilo erythrophthalmus",0.5648
1990,"Eastern Towhee","Pipilo erythrophthalmus",0.6609
1991,"Eastern Towhee","Pipilo erythrophthalmus",1.1041
1992,"Eastern Towhee","Pipilo erythrophthalmus",1.2308
1993,"Eastern Towhee","Pipilo erythrophthalmus",0.6186
1994,"Eastern Towhee","Pipilo erythrophthalmus",0.8919
1995,"Eastern Towhee","Pipilo erythrophthalmus",1.2048
1996,"Eastern Towhee","Pipilo erythrophthalmus",1.3633
1997,"Eastern Towhee","Pipilo erythrophthalmus",1.1972
1998,"Eastern Towhee","Pipilo erythrophthalmus",1.0841
1999,"Eastern Towhee","Pipilo erythrophthalmus",0.8516
2000,"Eastern Towhee","Pipilo erythrophthalmus",1.264
2001,"Eastern Towhee","Pipilo erythrophthalmus",1.3965
2002,"Eastern Towhee","Pipilo erythrophthalmus",1.1797
2003,"Eastern Towhee","Pipilo erythrophthalmus",1.298
2004,"Eastern Towhee","Pipilo erythrophthalmus",1.0229
2005,"Eastern Towhee","Pipilo erythrophthalmus",0.8391
2006,"Eastern Towhee","Pipilo erythrophthalmus",1.3234
2007,"Eastern Towhee","Pipilo erythrophthalmus",1.7505
2008,"Eastern Towhee","Pipilo erythrophthalmus",1.097
2009,"Eastern Towhee","Pipilo erythrophthalmus",1.2669
2010,"Eastern Towhee","Pipilo erythrophthalmus",0.7519
2011,"Eastern Towhee","Pipilo erythrophthalmus",1.4677
2012,"Eastern Towhee","Pipilo erythrophthalmus",1.0929
2013,"Eastern Towhee","Pipilo erythrophthalmus",0.9368
2014,"Eastern Towhee","Pipilo erythrophthalmus",1.7412
2015,"Eastern Towhee","Pipilo erythrophthalmus",0.9186
2016,"Eastern Towhee","Pipilo erythrophthalmus",0.862
2017,"Eastern Towhee","Pipilo erythrophthalmus",1.139
2018,"Eastern Towhee","Pipilo erythrophthalmus",0.8895
2019,"Eastern Towhee","Pipilo erythrophthalmus",1.2744
2020,"Eastern Towhee","Pipilo erythrophthalmus",0.9493
2021,"Eastern Towhee","Pipilo erythrophthalmus",1.0423
2022,"Eastern Towhee","Pipilo erythrophthalmus",1.7374
2023,"Eastern Towhee","Pipilo erythrophthalmus",1.2879
2024,"Eastern Towhee","Pipilo erythrophthalmus",1.0526
1923,"Eastern Towhee","Pipilo maculatus/erythrophthalmus",0
1928,"Eastern Towhee","Pipilo maculatus/erythrophthalmus",0
1929,"Eastern Towhee","Pipilo maculatus/erythrophthalmus",0
1930,"Eastern Towhee","Pipilo maculatus/erythrophthalmus",0
1931,"Eastern Towhee","Pipilo maculatus/erythrophthalmus",0
1932,"Eastern Towhee","Pipilo maculatus/erythrophthalmus",0
1933,"Eastern Towhee","Pipilo maculatus/erythrophthalmus",0
1934,"Eastern Towhee","Pipilo maculatus/erythrophthalmus",0
1935,"Eastern Towhee","Pipilo maculatus/erythrophthalmus",0
1936,"Eastern Towhee","Pipilo maculatus/erythrophthalmus",0
1937,"Eastern Towhee","Pipilo maculatus/erythrophthalmus",0
1938,"Eastern Towhee","Pipilo maculatus/erythrophthalmus",0
1940,"Eastern Towhee","Pipilo maculatus/erythrophthalmus",0
1941,"Eastern Towhee","Pipilo maculatus/erythrophthalmus",0
1943,"Eastern Towhee","Pipilo maculatus/erythrophthalmus",0
1944,"Eastern Towhee","Pipilo maculatus/erythrophthalmus",0
1945,"Eastern Towhee","Pipilo maculatus/erythrophthalmus",0
1946,"Eastern Towhee","Pipilo maculatus/erythrophthalmus",0
1947,"Eastern Towhee","Pipilo maculatus/erythrophthalmus",0
1948,"Eastern Towhee","Pipilo maculatus/erythrophthalmus",0
1950,"Eastern Towhee","Pipilo maculatus/erythrophthalmus",0
1951,"Eastern Towhee","Pipilo maculatus/erythrophthalmus",0
1952,"Eastern Towhee","Pipilo maculatus/erythrophthalmus",0
1953,"Eastern Towhee","Pipilo maculatus/erythrophthalmus",0
1954,"Eastern Towhee","Pipilo maculatus/erythrophthalmus",0
1956,"Eastern Towhee","Pipilo maculatus/erythrophthalmus",0
1957,"Eastern Towhee","Pipilo maculatus/erythrophthalmus",0
1958,"Eastern Towhee","Pipilo maculatus/erythrophthalmus",0.7
1959,"Eastern Towhee","Pipilo maculatus/erythrophthalmus",1.5536
1960,"Eastern Towhee","Pipilo maculatus/erythrophthalmus",0
1961,"Eastern Towhee","Pipilo maculatus/erythrophthalmus",0.8182
1962,"Eastern Towhee","Pipilo maculatus/erythrophthalmus",1.1321
1963,"Eastern Towhee","Pipilo maculatus/erythrophthalmus",1.7143
1964,"Eastern Towhee","Pipilo maculatus/erythrophthalmus",0.9815
1965,"Eastern Towhee","Pipilo maculatus/erythrophthalmus",2.2727
1966,"Eastern Towhee","Pipilo maculatus/erythrophthalmus",1.1475
1967,"Eastern Towhee","Pipilo maculatus/erythrophthalmus",1.5918
1968,"Eastern Towhee","Pipilo maculatus/erythrophthalmus",3.2143
1969,"Eastern Towhee","Pipilo maculatus/erythrophthalmus",1.9718
1970,"Eastern Towhee","Pipilo maculatus/erythrophthalmus",1.5385
1971,"Eastern Towhee","Pipilo maculatus/erythrophthalmus",2.4561
1972,"Eastern Towhee","Pipilo maculatus/erythrophthalmus",1.75
1973,"Eastern Towhee","Pipilo maculatus/erythrophthalmus",1.32
1974,"Eastern Towhee","Pipilo maculatus/erythrophthalmus",1.6418
1975,"Eastern Towhee","Pipilo maculatus/erythrophthalmus",0.8898
1976,"Eastern Towhee","Pipilo maculatus/erythrophthalmus",2.2148
1977,"Eastern Towhee","Pipilo maculatus/erythrophthalmus",1.1625
1978,"Eastern Towhee","Pipilo maculatus/erythrophthalmus",1.4944
1979,"Eastern Towhee","Pipilo maculatus/erythrophthalmus",1.3917
1980,"Eastern Towhee","Pipilo maculatus/erythrophthalmus",1.6503
1981,"Eastern Towhee","Pipilo maculatus/erythrophthalmus",1.7192
1982,"Eastern Towhee","Pipilo maculatus/erythrophthalmus",1.4371
1983,"Eastern Towhee","Pipilo maculatus/erythrophthalmus",0
1984,"Eastern Towhee","Pipilo maculatus/erythrophthalmus",0.7531
1985,"Eastern Towhee","Pipilo maculatus/erythrophthalmus",0.5427
1986,"Eastern Towhee","Pipilo maculatus/erythrophthalmus",0
1987,"Eastern Towhee","Pipilo maculatus/erythrophthalmus",0
1988,"Eastern Towhee","Pipilo maculatus/erythrophthalmus",0
1989,"Eastern Towhee","Pipilo maculatus/erythrophthalmus",0
1990,"Eastern Towhee","Pipilo maculatus/erythrophthalmus",0
1991,"Eastern Towhee","Pipilo maculatus/erythrophthalmus",0
1992,"Eastern Towhee","Pipilo maculatus/erythrophthalmus",0
1993,"Eastern Towhee","Pipilo maculatus/erythrophthalmus",0
1994,"Eastern Towhee","Pipilo maculatus/erythrophthalmus",0
1995,"Eastern Towhee","Pipilo maculatus/erythrophthalmus",0
1996,"Eastern Towhee","Pipilo maculatus/erythrophthalmus",0
1997,"Eastern Towhee","Pipilo maculatus/erythrophthalmus",0
1998,"Eastern Towhee","Pipilo maculatus/erythrophthalmus",0
1999,"Eastern Towhee","Pipilo maculatus/erythrophthalmus",0
2000,"Eastern Towhee","Pipilo maculatus/erythrophthalmus",0
2001,"Eastern Towhee","Pipilo maculatus/erythrophthalmus",0
2002,"Eastern Towhee","Pipilo maculatus/erythrophthalmus",0
2003,"Eastern Towhee","Pipilo maculatus/erythrophthalmus",0
2004,"Eastern Towhee","Pipilo maculatus/erythrophthalmus",0
2005,"Eastern Towhee","Pipilo maculatus/erythrophthalmus",0
2006,"Eastern Towhee","Pipilo maculatus/erythrophthalmus",0
2007,"Eastern Towhee","Pipilo maculatus/erythrophthalmus",0
2008,"Eastern Towhee","Pipilo maculatus/erythrophthalmus",0
2009,"Eastern Towhee","Pipilo maculatus/erythrophthalmus",0
2010,"Eastern Towhee","Pipilo maculatus/erythrophthalmus",0
2011,"Eastern Towhee","Pipilo maculatus/erythrophthalmus",0
2012,"Eastern Towhee","Pipilo maculatus/erythrophthalmus",0
2013,"Eastern Towhee","Pipilo maculatus/erythrophthalmus",0
2014,"Eastern Towhee","Pipilo maculatus/erythrophthalmus",0
2015,"Eastern Towhee","Pipilo maculatus/erythrophthalmus",0
2016,"Eastern Towhee","Pipilo maculatus/erythrophthalmus",0
2017,"Eastern Towhee","Pipilo maculatus/erythrophthalmus",0
2018,"Eastern Towhee","Pipilo maculatus/erythrophthalmus",0
2019,"Eastern Towhee","Pipilo maculatus/erythrophthalmus",0
2020,"Eastern Towhee","Pipilo maculatus/erythrophthalmus",0
2021,"Eastern Towhee","Pipilo maculatus/erythrophthalmus",0
2022,"Eastern Towhee","Pipilo maculatus/erythrophthalmus",0
2023,"Eastern Towhee","Pipilo maculatus/erythrophthalmus",0
2024,"Eastern Towhee","Pipilo maculatus/erythrophthalmus",0
1923,"Carolina Chickadee","Poecile carolinensis",0
1928,"Carolina Chickadee","Poecile carolinensis",0
1929,"Carolina Chickadee","Poecile carolinensis",0
1930,"Carolina Chickadee","Poecile carolinensis",0
1931,"Carolina Chickadee","Poecile carolinensis",0
1932,"Carolina Chickadee","Poecile carolinensis",0
1933,"Carolina Chickadee","Poecile carolinensis",0
1934,"Carolina Chickadee","Poecile carolinensis",0
1935,"Carolina Chickadee","Poecile carolinensis",0
1936,"Carolina Chickadee","Poecile carolinensis",0
1937,"Carolina Chickadee","Poecile carolinensis",0
1938,"Carolina Chickadee","Poecile carolinensis",0
1940,"Carolina Chickadee","Poecile carolinensis",0
1941,"Carolina Chickadee","Poecile carolinensis",1.4
1943,"Carolina Chickadee","Poecile carolinensis",2.6111
1944,"Carolina Chickadee","Poecile carolinensis",0
1945,"Carolina Chickadee","Poecile carolinensis",1.4211
1946,"Carolina Chickadee","Poecile carolinensis",1.9545
1947,"Carolina Chickadee","Poecile carolinensis",1.0909
1948,"Carolina Chickadee","Poecile carolinensis",1.5484
1950,"Carolina Chickadee","Poecile carolinensis",1.6
1951,"Carolina Chickadee","Poecile carolinensis",1.2885
1952,"Carolina Chickadee","Poecile carolinensis",2.7692
1953,"Carolina Chickadee","Poecile carolinensis",3.5263
1954,"Carolina Chickadee","Poecile carolinensis",0.8941
1956,"Carolina Chickadee","Poecile carolinensis",1.4808
1957,"Carolina Chickadee","Poecile carolinensis",1.7544
1958,"Carolina Chickadee","Poecile carolinensis",1.5
1959,"Carolina Chickadee","Poecile carolinensis",1.3393
1960,"Carolina Chickadee","Poecile carolinensis",0
1961,"Carolina Chickadee","Poecile carolinensis",1.7273
1962,"Carolina Chickadee","Poecile carolinensis",1.7736
1963,"Carolina Chickadee","Poecile carolinensis",1.9762
1964,"Carolina Chickadee","Poecile carolinensis",1.537
1965,"Carolina Chickadee","Poecile carolinensis",3.4091
1966,"Carolina Chickadee","Poecile carolinensis",3.2787
1967,"Carolina Chickadee","Poecile carolinensis",2.6531
1968,"Carolina Chickadee","Poecile carolinensis",3.1786
1969,"Carolina Chickadee","Poecile carolinensis",2.5352
1970,"Carolina Chickadee","Poecile carolinensis",1.3385
1971,"Carolina Chickadee","Poecile carolinensis",1.9298
1972,"Carolina Chickadee","Poecile carolinensis",2.1786
1973,"Carolina Chickadee","Poecile carolinensis",2.1867
1974,"Carolina Chickadee","Poecile carolinensis",1.9403
1975,"Carolina Chickadee","Poecile carolinensis",2.1469
1976,"Carolina Chickadee","Poecile carolinensis",2.2416
1977,"Carolina Chickadee","Poecile carolinensis",2.05
1978,"Carolina Chickadee","Poecile carolinensis",2.4981
1979,"Carolina Chickadee","Poecile carolinensis",3.0417
1980,"Carolina Chickadee","Poecile carolinensis",2.979
1981,"Carolina Chickadee","Poecile carolinensis",3.2192
1982,"Carolina Chickadee","Poecile carolinensis",2.6755
1983,"Carolina Chickadee","Poecile carolinensis",2.7938
1984,"Carolina Chickadee","Poecile carolinensis",2.5617
1985,"Carolina Chickadee","Poecile carolinensis",2.3415
1986,"Carolina Chickadee","Poecile carolinensis",2.288
1987,"Carolina Chickadee","Poecile carolinensis",1.7407
1988,"Carolina Chickadee","Poecile carolinensis",1.9662
1989,"Carolina Chickadee","Poecile carolinensis",1.2963
1990,"Carolina Chickadee","Poecile carolinensis",3.1217
1991,"Carolina Chickadee","Poecile carolinensis",3.4322
1992,"Carolina Chickadee","Poecile carolinensis",3.188
1993,"Carolina Chickadee","Poecile carolinensis",2.2955
1994,"Carolina Chickadee","Poecile carolinensis",2.4144
1995,"Carolina Chickadee","Poecile carolinensis",2.5221
1996,"Carolina Chickadee","Poecile carolinensis",2.9288
1997,"Carolina Chickadee","Poecile carolinensis",3.3803
1998,"Carolina Chickadee","Poecile carolinensis",3.6336
1999,"Carolina Chickadee","Poecile carolinensis",3.0258
2000,"Carolina Chickadee","Poecile carolinensis",4.312
2001,"Carolina Chickadee","Poecile carolinensis",3.6421
2002,"Carolina Chickadee","Poecile carolinensis",3.6136
2003,"Carolina Chickadee","Poecile carolinensis",3.507
2004,"Carolina Chickadee","Poecile carolinensis",2.5115
2005,"Carolina Chickadee","Poecile carolinensis",3.1692
2006,"Carolina Chickadee","Poecile carolinensis",3.4498
2007,"Carolina Chickadee","Poecile carolinensis",3.2998
2008,"Carolina Chickadee","Poecile carolinensis",2.7687
2009,"Carolina Chickadee","Poecile carolinensis",3.0757
2010,"Carolina Chickadee","Poecile carolinensis",2.1504
2011,"Carolina Chickadee","Poecile carolinensis",4.9506
2012,"Carolina Chickadee","Poecile carolinensis",3.5143
2013,"Carolina Chickadee","Poecile carolinensis",3.7227
2014,"Carolina Chickadee","Poecile carolinensis",3.6529
2015,"Carolina Chickadee","Poecile carolinensis",3.3383
2016,"Carolina Chickadee","Poecile carolinensis",3.8316
2017,"Carolina Chickadee","Poecile carolinensis",2.9524
2018,"Carolina Chickadee","Poecile carolinensis",2.9268
2019,"Carolina Chickadee","Poecile carolinensis",3.173
2020,"Carolina Chickadee","Poecile carolinensis",3.4021
2021,"Carolina Chickadee","Poecile carolinensis",3.6052
2022,"Carolina Chickadee","Poecile carolinensis",2.8282
2023,"Carolina Chickadee","Poecile carolinensis",3.1894
2024,"Carolina Chickadee","Poecile carolinensis",2.823
1923,"Blue-gray Gnatcatcher","Polioptila caerulea",0
1928,"Blue-gray Gnatcatcher","Polioptila caerulea",0
1929,"Blue-gray Gnatcatcher","Polioptila caerulea",0
1930,"Blue-gray Gnatcatcher","Polioptila caerulea",0
1931,"Blue-gray Gnatcatcher","Polioptila caerulea",0
1932,"Blue-gray Gnatcatcher","Polioptila caerulea",0
1933,"Blue-gray Gnatcatcher","Polioptila caerulea",0
1934,"Blue-gray Gnatcatcher","Polioptila caerulea",0
1935,"Blue-gray Gnatcatcher","Polioptila caerulea",0
1936,"Blue-gray Gnatcatcher","Polioptila caerulea",0
1937,"Blue-gray Gnatcatcher","Polioptila caerulea",0
1938,"Blue-gray Gnatcatcher","Polioptila caerulea",0
1940,"Blue-gray Gnatcatcher","Polioptila caerulea",0
1941,"Blue-gray Gnatcatcher","Polioptila caerulea",0
1943,"Blue-gray Gnatcatcher","Polioptila caerulea",0
1944,"Blue-gray Gnatcatcher","Polioptila caerulea",0
1945,"Blue-gray Gnatcatcher","Polioptila caerulea",0
1946,"Blue-gray Gnatcatcher","Polioptila caerulea",0
1947,"Blue-gray Gnatcatcher","Polioptila caerulea",0
1948,"Blue-gray Gnatcatcher","Polioptila caerulea",0
1950,"Blue-gray Gnatcatcher","Polioptila caerulea",0
1951,"Blue-gray Gnatcatcher","Polioptila caerulea",0
1952,"Blue-gray Gnatcatcher","Polioptila caerulea",0
1953,"Blue-gray Gnatcatcher","Polioptila caerulea",0
1954,"Blue-gray Gnatcatcher","Polioptila caerulea",0
1956,"Blue-gray Gnatcatcher","Polioptila caerulea",0
1957,"Blue-gray Gnatcatcher","Polioptila caerulea",0
1958,"Blue-gray Gnatcatcher","Polioptila caerulea",0
1959,"Blue-gray Gnatcatcher","Polioptila caerulea",0
1960,"Blue-gray Gnatcatcher","Polioptila caerulea",0
1961,"Blue-gray Gnatcatcher","Polioptila caerulea",0
1962,"Blue-gray Gnatcatcher","Polioptila caerulea",0
1963,"Blue-gray Gnatcatcher","Polioptila caerulea",0
1964,"Blue-gray Gnatcatcher","Polioptila caerulea",0
1965,"Blue-gray Gnatcatcher","Polioptila caerulea",0
1966,"Blue-gray Gnatcatcher","Polioptila caerulea",0
1967,"Blue-gray Gnatcatcher","Polioptila caerulea",0
1968,"Blue-gray Gnatcatcher","Polioptila caerulea",0
1969,"Blue-gray Gnatcatcher","Polioptila caerulea",0
1970,"Blue-gray Gnatcatcher","Polioptila caerulea",0
1971,"Blue-gray Gnatcatcher","Polioptila caerulea",0
1972,"Blue-gray Gnatcatcher","Polioptila caerulea",0
1973,"Blue-gray Gnatcatcher","Polioptila caerulea",0
1974,"Blue-gray Gnatcatcher","Polioptila caerulea",0
1975,"Blue-gray Gnatcatcher","Polioptila caerulea",0
1976,"Blue-gray Gnatcatcher","Polioptila caerulea",0
1977,"Blue-gray Gnatcatcher","Polioptila caerulea",0
1978,"Blue-gray Gnatcatcher","Polioptila caerulea",0
1979,"Blue-gray Gnatcatcher","Polioptila caerulea",0
1980,"Blue-gray Gnatcatcher","Polioptila caerulea",0
1981,"Blue-gray Gnatcatcher","Polioptila caerulea",0
1982,"Blue-gray Gnatcatcher","Polioptila caerulea",0
1983,"Blue-gray Gnatcatcher","Polioptila caerulea",0
1984,"Blue-gray Gnatcatcher","Polioptila caerulea",0.0123
1985,"Blue-gray Gnatcatcher","Polioptila caerulea",0
1986,"Blue-gray Gnatcatcher","Polioptila caerulea",0
1987,"Blue-gray Gnatcatcher","Polioptila caerulea",0
1988,"Blue-gray Gnatcatcher","Polioptila caerulea",0.0068
1989,"Blue-gray Gnatcatcher","Polioptila caerulea",0
1990,"Blue-gray Gnatcatcher","Polioptila caerulea",0.0087
1991,"Blue-gray Gnatcatcher","Polioptila caerulea",0
1992,"Blue-gray Gnatcatcher","Polioptila caerulea",0
1993,"Blue-gray Gnatcatcher","Polioptila caerulea",0
1994,"Blue-gray Gnatcatcher","Polioptila caerulea",0
1995,"Blue-gray Gnatcatcher","Polioptila caerulea",0
1996,"Blue-gray Gnatcatcher","Polioptila caerulea",0
1997,"Blue-gray Gnatcatcher","Polioptila caerulea",0
1998,"Blue-gray Gnatcatcher","Polioptila caerulea",0
1999,"Blue-gray Gnatcatcher","Polioptila caerulea",0
2000,"Blue-gray Gnatcatcher","Polioptila caerulea",0.024
2001,"Blue-gray Gnatcatcher","Polioptila caerulea",0
2002,"Blue-gray Gnatcatcher","Polioptila caerulea",0
2003,"Blue-gray Gnatcatcher","Polioptila caerulea",0
2004,"Blue-gray Gnatcatcher","Polioptila caerulea",0
2005,"Blue-gray Gnatcatcher","Polioptila caerulea",0
2006,"Blue-gray Gnatcatcher","Polioptila caerulea",0
2007,"Blue-gray Gnatcatcher","Polioptila caerulea",0
2008,"Blue-gray Gnatcatcher","Polioptila caerulea",0
2009,"Blue-gray Gnatcatcher","Polioptila caerulea",0
2010,"Blue-gray Gnatcatcher","Polioptila caerulea",0
2011,"Blue-gray Gnatcatcher","Polioptila caerulea",0
2012,"Blue-gray Gnatcatcher","Polioptila caerulea",0
2013,"Blue-gray Gnatcatcher","Polioptila caerulea",0
2014,"Blue-gray Gnatcatcher","Polioptila caerulea",0
2015,"Blue-gray Gnatcatcher","Polioptila caerulea",0
2016,"Blue-gray Gnatcatcher","Polioptila caerulea",0.0067
2017,"Blue-gray Gnatcatcher","Polioptila caerulea",0
2018,"Blue-gray Gnatcatcher","Polioptila caerulea",0
2019,"Blue-gray Gnatcatcher","Polioptila caerulea",0.013
2020,"Blue-gray Gnatcatcher","Polioptila caerulea",0
2021,"Blue-gray Gnatcatcher","Polioptila caerulea",0
2022,"Blue-gray Gnatcatcher","Polioptila caerulea",0
2023,"Blue-gray Gnatcatcher","Polioptila caerulea",0.0076
2024,"Blue-gray Gnatcatcher","Polioptila caerulea",0
1923,"Common Grackle","Quiscalus quiscula",0
1928,"Common Grackle","Quiscalus quiscula",0
1929,"Common Grackle","Quiscalus quiscula",0
1930,"Common Grackle","Quiscalus quiscula",0
1931,"Common Grackle","Quiscalus quiscula",0
1932,"Common Grackle","Quiscalus quiscula",0
1933,"Common Grackle","Quiscalus quiscula",0
1934,"Common Grackle","Quiscalus quiscula",0
1935,"Common Grackle","Quiscalus quiscula",0
1936,"Common Grackle","Quiscalus quiscula",0
1937,"Common Grackle","Quiscalus quiscula",0
1938,"Common Grackle","Quiscalus quiscula",0
1940,"Common Grackle","Quiscalus quiscula",0
1941,"Common Grackle","Quiscalus quiscula",0
1943,"Common Grackle","Quiscalus quiscula",0
1944,"Common Grackle","Quiscalus quiscula",0
1945,"Common Grackle","Quiscalus quiscula",0
1946,"Common Grackle","Quiscalus quiscula",0
1947,"Common Grackle","Quiscalus quiscula",0
1948,"Common Grackle","Quiscalus quiscula",0
1950,"Common Grackle","Quiscalus quiscula",0
1951,"Common Grackle","Quiscalus quiscula",0
1952,"Common Grackle","Quiscalus quiscula",0
1953,"Common Grackle","Quiscalus quiscula",0
1954,"Common Grackle","Quiscalus quiscula",0
1956,"Common Grackle","Quiscalus quiscula",0
1957,"Common Grackle","Quiscalus quiscula",0
1958,"Common Grackle","Quiscalus quiscula",0
1959,"Common Grackle","Quiscalus quiscula",0
1960,"Common Grackle","Quiscalus quiscula",0
1961,"Common Grackle","Quiscalus quiscula",0
1962,"Common Grackle","Quiscalus quiscula",0
1963,"Common Grackle","Quiscalus quiscula",0.0238
1964,"Common Grackle","Quiscalus quiscula",0.9259
1965,"Common Grackle","Quiscalus quiscula",0.6364
1966,"Common Grackle","Quiscalus quiscula",0
1967,"Common Grackle","Quiscalus quiscula",0
1968,"Common Grackle","Quiscalus quiscula",0
1969,"Common Grackle","Quiscalus quiscula",0.0423
1970,"Common Grackle","Quiscalus quiscula",0
1971,"Common Grackle","Quiscalus quiscula",0.3684
1972,"Common Grackle","Quiscalus quiscula",0.9107
1973,"Common Grackle","Quiscalus quiscula",26.76
1974,"Common Grackle","Quiscalus quiscula",42.7015
1975,"Common Grackle","Quiscalus quiscula",2.8653
1976,"Common Grackle","Quiscalus quiscula",0.047
1977,"Common Grackle","Quiscalus quiscula",0.1688
1978,"Common Grackle","Quiscalus quiscula",1.3532
1979,"Common Grackle","Quiscalus quiscula",1.7667
1980,"Common Grackle","Quiscalus quiscula",1.7413
1981,"Common Grackle","Quiscalus quiscula",10.1781
1982,"Common Grackle","Quiscalus quiscula",3.6623
1983,"Common Grackle","Quiscalus quiscula",0.075
1984,"Common Grackle","Quiscalus quiscula",1.2469
1985,"Common Grackle","Quiscalus quiscula",0.0061
1986,"Common Grackle","Quiscalus quiscula",0.104
1987,"Common Grackle","Quiscalus quiscula",0
1988,"Common Grackle","Quiscalus quiscula",21.4662
1989,"Common Grackle","Quiscalus quiscula",4.6759
1990,"Common Grackle","Quiscalus quiscula",0.0261
1991,"Common Grackle","Quiscalus quiscula",13.5079
1992,"Common Grackle","Quiscalus quiscula",2.3248
1993,"Common Grackle","Quiscalus quiscula",0.5773
1994,"Common Grackle","Quiscalus quiscula",0.3333
1995,"Common Grackle","Quiscalus quiscula",31.5341
1996,"Common Grackle","Quiscalus quiscula",0.0375
1997,"Common Grackle","Quiscalus quiscula",0
1998,"Common Grackle","Quiscalus quiscula",0.0075
1999,"Common Grackle","Quiscalus quiscula",10.7677
2000,"Common Grackle","Quiscalus quiscula",0.232
2001,"Common Grackle","Quiscalus quiscula",5.2281
2002,"Common Grackle","Quiscalus quiscula",0.2441
2003,"Common Grackle","Quiscalus quiscula",0.0874
2004,"Common Grackle","Quiscalus quiscula",0.0282
2005,"Common Grackle","Quiscalus quiscula",4.2094
2006,"Common Grackle","Quiscalus quiscula",0.4758
2007,"Common Grackle","Quiscalus quiscula",46.2031
2008,"Common Grackle","Quiscalus quiscula",0.0746
2009,"Common Grackle","Quiscalus quiscula",0.6295
2010,"Common Grackle","Quiscalus quiscula",0.0301
2011,"Common Grackle","Quiscalus quiscula",6.6844
2012,"Common Grackle","Quiscalus quiscula",0.1786
2013,"Common Grackle","Quiscalus quiscula",0.3082
2014,"Common Grackle","Quiscalus quiscula",7.3706
2015,"Common Grackle","Quiscalus quiscula",2.8753
2016,"Common Grackle","Quiscalus quiscula",0.0202
2017,"Common Grackle","Quiscalus quiscula",0.4271
2018,"Common Grackle","Quiscalus quiscula",3.0488
2019,"Common Grackle","Quiscalus quiscula",44.6099
2020,"Common Grackle","Quiscalus quiscula",1.2677
2021,"Common Grackle","Quiscalus quiscula",2.9185
2022,"Common Grackle","Quiscalus quiscula",6.0538
2023,"Common Grackle","Quiscalus quiscula",1.6591
2024,"Common Grackle","Quiscalus quiscula",0
1923,"Eastern Phoebe","Sayornis phoebe",0
1928,"Eastern Phoebe","Sayornis phoebe",0
1929,"Eastern Phoebe","Sayornis phoebe",0
1930,"Eastern Phoebe","Sayornis phoebe",0
1931,"Eastern Phoebe","Sayornis phoebe",0
1932,"Eastern Phoebe","Sayornis phoebe",0
1933,"Eastern Phoebe","Sayornis phoebe",0
1934,"Eastern Phoebe","Sayornis phoebe",0
1935,"Eastern Phoebe","Sayornis phoebe",0
1936,"Eastern Phoebe","Sayornis phoebe",0
1937,"Eastern Phoebe","Sayornis phoebe",0
1938,"Eastern Phoebe","Sayornis phoebe",0
1940,"Eastern Phoebe","Sayornis phoebe",0
1941,"Eastern Phoebe","Sayornis phoebe",0
1943,"Eastern Phoebe","Sayornis phoebe",0
1944,"Eastern Phoebe","Sayornis phoebe",0
1945,"Eastern Phoebe","Sayornis phoebe",0
1946,"Eastern Phoebe","Sayornis phoebe",0
1947,"Eastern Phoebe","Sayornis phoebe",0
1948,"Eastern Phoebe","Sayornis phoebe",0.0645
1950,"Eastern Phoebe","Sayornis phoebe",0.0571
1951,"Eastern Phoebe","Sayornis phoebe",0.1346
1952,"Eastern Phoebe","Sayornis phoebe",0.1923
1953,"Eastern Phoebe","Sayornis phoebe",0.1316
1954,"Eastern Phoebe","Sayornis phoebe",0.0706
1956,"Eastern Phoebe","Sayornis phoebe",0.1154
1957,"Eastern Phoebe","Sayornis phoebe",0.3333
1958,"Eastern Phoebe","Sayornis phoebe",0.1
1959,"Eastern Phoebe","Sayornis phoebe",0.0357
1960,"Eastern Phoebe","Sayornis phoebe",0
1961,"Eastern Phoebe","Sayornis phoebe",0.1455
1962,"Eastern Phoebe","Sayornis phoebe",0.0566
1963,"Eastern Phoebe","Sayornis phoebe",0.0476
1964,"Eastern Phoebe","Sayornis phoebe",0.037
1965,"Eastern Phoebe","Sayornis phoebe",0.2045
1966,"Eastern Phoebe","Sayornis phoebe",0.0492
1967,"Eastern Phoebe","Sayornis phoebe",0.0816
1968,"Eastern Phoebe","Sayornis phoebe",0.3929
1969,"Eastern Phoebe","Sayornis phoebe",0.169
1970,"Eastern Phoebe","Sayornis phoebe",0.0462
1971,"Eastern Phoebe","Sayornis phoebe",0.0702
1972,"Eastern Phoebe","Sayornis phoebe",0.2679
1973,"Eastern Phoebe","Sayornis phoebe",0.2267
1974,"Eastern Phoebe","Sayornis phoebe",0.2239
1975,"Eastern Phoebe","Sayornis phoebe",0.1388
1976,"Eastern Phoebe","Sayornis phoebe",0.1141
1977,"Eastern Phoebe","Sayornis phoebe",0.0563
1978,"Eastern Phoebe","Sayornis phoebe",0.0743
1979,"Eastern Phoebe","Sayornis phoebe",0.0583
1980,"Eastern Phoebe","Sayornis phoebe",0.0769
1981,"Eastern Phoebe","Sayornis phoebe",0.0548
1982,"Eastern Phoebe","Sayornis phoebe",0.0795
1983,"Eastern Phoebe","Sayornis phoebe",0.0813
1984,"Eastern Phoebe","Sayornis phoebe",0.142
1985,"Eastern Phoebe","Sayornis phoebe",0.1463
1986,"Eastern Phoebe","Sayornis phoebe",0.144
1987,"Eastern Phoebe","Sayornis phoebe",0.0963
1988,"Eastern Phoebe","Sayornis phoebe",0.1892
1989,"Eastern Phoebe","Sayornis phoebe",0.0741
1990,"Eastern Phoebe","Sayornis phoebe",0.1043
1991,"Eastern Phoebe","Sayornis phoebe",0.2082
1992,"Eastern Phoebe","Sayornis phoebe",0.1282
1993,"Eastern Phoebe","Sayornis phoebe",0.323
1994,"Eastern Phoebe","Sayornis phoebe",0.3784
1995,"Eastern Phoebe","Sayornis phoebe",0.2811
1996,"Eastern Phoebe","Sayornis phoebe",0.1348
1997,"Eastern Phoebe","Sayornis phoebe",0.162
1998,"Eastern Phoebe","Sayornis phoebe",0.3364
1999,"Eastern Phoebe","Sayornis phoebe",0.2387
2000,"Eastern Phoebe","Sayornis phoebe",0.168
2001,"Eastern Phoebe","Sayornis phoebe",0.1825
2002,"Eastern Phoebe","Sayornis phoebe",0.2847
2003,"Eastern Phoebe","Sayornis phoebe",0.1747
2004,"Eastern Phoebe","Sayornis phoebe",0.1129
2005,"Eastern Phoebe","Sayornis phoebe",0.1872
2006,"Eastern Phoebe","Sayornis phoebe",0.1338
2007,"Eastern Phoebe","Sayornis phoebe",0.1464
2008,"Eastern Phoebe","Sayornis phoebe",0.2687
2009,"Eastern Phoebe","Sayornis phoebe",0.247
2010,"Eastern Phoebe","Sayornis phoebe",0.2406
2011,"Eastern Phoebe","Sayornis phoebe",0.1977
2012,"Eastern Phoebe","Sayornis phoebe",0.3143
2013,"Eastern Phoebe","Sayornis phoebe",0.265
2014,"Eastern Phoebe","Sayornis phoebe",0.3118
2015,"Eastern Phoebe","Sayornis phoebe",0.2539
2016,"Eastern Phoebe","Sayornis phoebe",0.1684
2017,"Eastern Phoebe","Sayornis phoebe",0.2997
2018,"Eastern Phoebe","Sayornis phoebe",0.165
2019,"Eastern Phoebe","Sayornis phoebe",0.2731
2020,"Eastern Phoebe","Sayornis phoebe",0.3715
2021,"Eastern Phoebe","Sayornis phoebe",0.3801
2022,"Eastern Phoebe","Sayornis phoebe",0.2805
2023,"Eastern Phoebe","Sayornis phoebe",0.3864
2024,"Eastern Phoebe","Sayornis phoebe",0.4864
1923,"Pine Warbler","Setophaga pinus",0
1928,"Pine Warbler","Setophaga pinus",0
1929,"Pine Warbler","Setophaga pinus",0
1930,"Pine Warbler","Setophaga pinus",0
1931,"Pine Warbler","Setophaga pinus",0
1932,"Pine Warbler","Setophaga pinus",0
1933,"Pine Warbler","Setophaga pinus",0
1934,"Pine Warbler","Setophaga pinus",0
1935,"Pine Warbler","Setophaga pinus",0
1936,"Pine Warbler","Setophaga pinus",0
1937,"Pine Warbler","Setophaga pinus",0
1938,"Pine Warbler","Setophaga pinus",0
1940,"Pine Warbler","Setophaga pinus",0
1941,"Pine Warbler","Setophaga pinus",0.64
1943,"Pine Warbler","Setophaga pinus",0.1667
1944,"Pine Warbler","Setophaga pinus",0
1945,"Pine Warbler","Setophaga pinus",0.4211
1946,"Pine Warbler","Setophaga pinus",0.0909
1947,"Pine Warbler","Setophaga pinus",0.0455
1948,"Pine Warbler","Setophaga pinus",0.2581
1950,"Pine Warbler","Setophaga pinus",0.2
1951,"Pine Warbler","Setophaga pinus",0.2115
1952,"Pine Warbler","Setophaga pinus",0.1923
1953,"Pine Warbler","Setophaga pinus",0.3158
1954,"Pine Warbler","Setophaga pinus",1.5294
1956,"Pine Warbler","Setophaga pinus",0.5385
1957,"Pine Warbler","Setophaga pinus",0.386
1958,"Pine Warbler","Setophaga pinus",1.55
1959,"Pine Warbler","Setophaga pinus",0.3929
1960,"Pine Warbler","Setophaga pinus",0
1961,"Pine Warbler","Setophaga pinus",0.2727
1962,"Pine Warbler","Setophaga pinus",0.3962
1963,"Pine Warbler","Setophaga pinus",0.3333
1964,"Pine Warbler","Setophaga pinus",0.4259
1965,"Pine Warbler","Setophaga pinus",0.8182
1966,"Pine Warbler","Setophaga pinus",0.8852
1967,"Pine Warbler","Setophaga pinus",0.6735
1968,"Pine Warbler","Setophaga pinus",0.4286
1969,"Pine Warbler","Setophaga pinus",0.2394
1970,"Pine Warbler","Setophaga pinus",0.3231
1971,"Pine Warbler","Setophaga pinus",0.2105
1972,"Pine Warbler","Setophaga pinus",0.1964
1973,"Pine Warbler","Setophaga pinus",0.1867
1974,"Pine Warbler","Setophaga pinus",0.2388
1975,"Pine Warbler","Setophaga pinus",0.5796
1976,"Pine Warbler","Setophaga pinus",0.2349
1977,"Pine Warbler","Setophaga pinus",0.1125
1978,"Pine Warbler","Setophaga pinus",0.223
1979,"Pine Warbler","Setophaga pinus",0.15
1980,"Pine Warbler","Setophaga pinus",0.3427
1981,"Pine Warbler","Setophaga pinus",0.2466
1982,"Pine Warbler","Setophaga pinus",0.3113
1983,"Pine Warbler","Setophaga pinus",0.3375
1984,"Pine Warbler","Setophaga pinus",0.3395
1985,"Pine Warbler","Setophaga pinus",0.2134
1986,"Pine Warbler","Setophaga pinus",0.248
1987,"Pine Warbler","Setophaga pinus",0.1852
1988,"Pine Warbler","Setophaga pinus",0.2635
1989,"Pine Warbler","Setophaga pinus",0.2222
1990,"Pine Warbler","Setophaga pinus",0.3217
1991,"Pine Warbler","Setophaga pinus",0.347
1992,"Pine Warbler","Setophaga pinus",0.5726
1993,"Pine Warbler","Setophaga pinus",0.5361
1994,"Pine Warbler","Setophaga pinus",0.6216
1995,"Pine Warbler","Setophaga pinus",0.1687
1996,"Pine Warbler","Setophaga pinus",0.1348
1997,"Pine Warbler","Setophaga pinus",0.3732
1998,"Pine Warbler","Setophaga pinus",0.314
1999,"Pine Warbler","Setophaga pinus",0.129
2000,"Pine Warbler","Setophaga pinus",0.856
2001,"Pine Warbler","Setophaga pinus",0.2807
2002,"Pine Warbler","Setophaga pinus",0.2169
2003,"Pine Warbler","Setophaga pinus",0.2683
2004,"Pine Warbler","Setophaga pinus",0.3034
2005,"Pine Warbler","Setophaga pinus",0.2705
2006,"Pine Warbler","Setophaga pinus",0.3197
2007,"Pine Warbler","Setophaga pinus",0.2989
2008,"Pine Warbler","Setophaga pinus",0.1866
2009,"Pine Warbler","Setophaga pinus",0.247
2010,"Pine Warbler","Setophaga pinus",0.5714
2011,"Pine Warbler","Setophaga pinus",0.1065
2012,"Pine Warbler","Setophaga pinus",0.35
2013,"Pine Warbler","Setophaga pinus",0.376
2014,"Pine Warbler","Setophaga pinus",0.1824
2015,"Pine Warbler","Setophaga pinus",0.4929
2016,"Pine Warbler","Setophaga pinus",0.6599
2017,"Pine Warbler","Setophaga pinus",0.532
2018,"Pine Warbler","Setophaga pinus",0.4806
2019,"Pine Warbler","Setophaga pinus",0.5527
2020,"Pine Warbler","Setophaga pinus",0.4422
2021,"Pine Warbler","Setophaga pinus",0.5947
2022,"Pine Warbler","Setophaga pinus",0.6389
2023,"Pine Warbler","Setophaga pinus",0.4545
2024,"Pine Warbler","Setophaga pinus",0.2711
1923,"Eastern Bluebird","Sialia sialis",0
1928,"Eastern Bluebird","Sialia sialis",0
1929,"Eastern Bluebird","Sialia sialis",0
1930,"Eastern Bluebird","Sialia sialis",0
1931,"Eastern Bluebird","Sialia sialis",0
1932,"Eastern Bluebird","Sialia sialis",0
1933,"Eastern Bluebird","Sialia sialis",0
1934,"Eastern Bluebird","Sialia sialis",0
1935,"Eastern Bluebird","Sialia sialis",0
1936,"Eastern Bluebird","Sialia sialis",0
1937,"Eastern Bluebird","Sialia sialis",0
1938,"Eastern Bluebird","Sialia sialis",0
1940,"Eastern Bluebird","Sialia sialis",0
1941,"Eastern Bluebird","Sialia sialis",0
1943,"Eastern Bluebird","Sialia sialis",0
1944,"Eastern Bluebird","Sialia sialis",0
1945,"Eastern Bluebird","Sialia sialis",0
1946,"Eastern Bluebird","Sialia sialis",0
1947,"Eastern Bluebird","Sialia sialis",3.3182
1948,"Eastern Bluebird","Sialia sialis",1.0968
1950,"Eastern Bluebird","Sialia sialis",2.2286
1951,"Eastern Bluebird","Sialia sialis",1.4423
1952,"Eastern Bluebird","Sialia sialis",0.9615
1953,"Eastern Bluebird","Sialia sialis",1.7895
1954,"Eastern Bluebird","Sialia sialis",1.9294
1956,"Eastern Bluebird","Sialia sialis",1.6923
1957,"Eastern Bluebird","Sialia sialis",2.7544
1958,"Eastern Bluebird","Sialia sialis",1.15
1959,"Eastern Bluebird","Sialia sialis",1.4821
1960,"Eastern Bluebird","Sialia sialis",0
1961,"Eastern Bluebird","Sialia sialis",0.4909
1962,"Eastern Bluebird","Sialia sialis",0.6038
1963,"Eastern Bluebird","Sialia sialis",0.5238
1964,"Eastern Bluebird","Sialia sialis",1.463
1965,"Eastern Bluebird","Sialia sialis",3.1818
1966,"Eastern Bluebird","Sialia sialis",1.9672
1967,"Eastern Bluebird","Sialia sialis",1.8163
1968,"Eastern Bluebird","Sialia sialis",1.3929
1969,"Eastern Bluebird","Sialia sialis",1.4085
1970,"Eastern Bluebird","Sialia sialis",0.8308
1971,"Eastern Bluebird","Sialia sialis",1.5789
1972,"Eastern Bluebird","Sialia sialis",0.8929
1973,"Eastern Bluebird","Sialia sialis",1.7467
1974,"Eastern Bluebird","Sialia sialis",1.6866
1975,"Eastern Bluebird","Sialia sialis",2.1633
1976,"Eastern Bluebird","Sialia sialis",1.2819
1977,"Eastern Bluebird","Sialia sialis",1.4375
1978,"Eastern Bluebird","Sialia sialis",2.171
1979,"Eastern Bluebird","Sialia sialis",2.9667
1980,"Eastern Bluebird","Sialia sialis",2.1678
1981,"Eastern Bluebird","Sialia sialis",1.3836
1982,"Eastern Bluebird","Sialia sialis",2.1987
1983,"Eastern Bluebird","Sialia sialis",1.425
1984,"Eastern Bluebird","Sialia sialis",2.0617
1985,"Eastern Bluebird","Sialia sialis",1.6646
1986,"Eastern Bluebird","Sialia sialis",2.616
1987,"Eastern Bluebird","Sialia sialis",1.6963
1988,"Eastern Bluebird","Sialia sialis",1.7905
1989,"Eastern Bluebird","Sialia sialis",1.2593
1990,"Eastern Bluebird","Sialia sialis",2.713
1991,"Eastern Bluebird","Sialia sialis",1.6467
1992,"Eastern Bluebird","Sialia sialis",1.6752
1993,"Eastern Bluebird","Sialia sialis",1.8763
1994,"Eastern Bluebird","Sialia sialis",2.1532
1995,"Eastern Bluebird","Sialia sialis",1.7349
1996,"Eastern Bluebird","Sialia sialis",1.6779
1997,"Eastern Bluebird","Sialia sialis",1.7324
1998,"Eastern Bluebird","Sialia sialis",3.1701
1999,"Eastern Bluebird","Sialia sialis",2.329
2000,"Eastern Bluebird","Sialia sialis",3.176
2001,"Eastern Bluebird","Sialia sialis",2.3509
2002,"Eastern Bluebird","Sialia sialis",2.5288
2003,"Eastern Bluebird","Sialia sialis",2.3401
2004,"Eastern Bluebird","Sialia sialis",1.8342
2005,"Eastern Bluebird","Sialia sialis",2.3509
2006,"Eastern Bluebird","Sialia sialis",3.3086
2007,"Eastern Bluebird","Sialia sialis",2.5618
2008,"Eastern Bluebird","Sialia sialis",2.5821
2009,"Eastern Bluebird","Sialia sialis",2.8845
2010,"Eastern Bluebird","Sialia sialis",2.9624
2011,"Eastern Bluebird","Sialia sialis",3.6274
2012,"Eastern Bluebird","Sialia sialis",2.7214
2013,"Eastern Bluebird","Sialia sialis",2.6133
2014,"Eastern Bluebird","Sialia sialis",2.3824
2015,"Eastern Bluebird","Sialia sialis",2.5019
2016,"Eastern Bluebird","Sialia sialis",2.2559
2017,"Eastern Bluebird","Sialia sialis",3.477
2018,"Eastern Bluebird","Sialia sialis",2.4462
2019,"Eastern Bluebird","Sialia sialis",2.5098
2020,"Eastern Bluebird","Sialia sialis",2.8892
2021,"Eastern Bluebird","Sialia sialis",2.6977
2022,"Eastern Bluebird","Sialia sialis",3.5372
2023,"Eastern Bluebird","Sialia sialis",2.7273
2024,"Eastern Bluebird","Sialia sialis",2.1212
1923,"White-breasted Nuthatch","Sitta carolinensis",0
1928,"White-breasted Nuthatch","Sitta carolinensis",0
1929,"White-breasted Nuthatch","Sitta carolinensis",0
1930,"White-breasted Nuthatch","Sitta carolinensis",0
1931,"White-breasted Nuthatch","Sitta carolinensis",0
1932,"White-breasted Nuthatch","Sitta carolinensis",0
1933,"White-breasted Nuthatch","Sitta carolinensis",0
1934,"White-breasted Nuthatch","Sitta carolinensis",0
1935,"White-breasted Nuthatch","Sitta carolinensis",0
1936,"White-breasted Nuthatch","Sitta carolinensis",0
1937,"White-breasted Nuthatch","Sitta carolinensis",0
1938,"White-breasted Nuthatch","Sitta carolinensis",0
1940,"White-breasted Nuthatch","Sitta carolinensis",0
1941,"White-breasted Nuthatch","Sitta carolinensis",0.32
1943,"White-breasted Nuthatch","Sitta carolinensis",0.5
1944,"White-breasted Nuthatch","Sitta carolinensis",0
1945,"White-breasted Nuthatch","Sitta carolinensis",0.4737
1946,"White-breasted Nuthatch","Sitta carolinensis",0.5
1947,"White-breasted Nuthatch","Sitta carolinensis",0.3636
1948,"White-breasted Nuthatch","Sitta carolinensis",0.7097
1950,"White-breasted Nuthatch","Sitta carolinensis",0.2286
1951,"White-breasted Nuthatch","Sitta carolinensis",0.25
1952,"White-breasted Nuthatch","Sitta carolinensis",0.5
1953,"White-breasted Nuthatch","Sitta carolinensis",1.3158
1954,"White-breasted Nuthatch","Sitta carolinensis",0.4706
1956,"White-breasted Nuthatch","Sitta carolinensis",0.3462
1957,"White-breasted Nuthatch","Sitta carolinensis",0.2456
1958,"White-breasted Nuthatch","Sitta carolinensis",0.6
1959,"White-breasted Nuthatch","Sitta carolinensis",0.875
1960,"White-breasted Nuthatch","Sitta carolinensis",0
1961,"White-breasted Nuthatch","Sitta carolinensis",0.6909
1962,"White-breasted Nuthatch","Sitta carolinensis",0.6038
1963,"White-breasted Nuthatch","Sitta carolinensis",0.8333
1964,"White-breasted Nuthatch","Sitta carolinensis",0.537
1965,"White-breasted Nuthatch","Sitta carolinensis",0.9545
1966,"White-breasted Nuthatch","Sitta carolinensis",0.6721
1967,"White-breasted Nuthatch","Sitta carolinensis",0.8367
1968,"White-breasted Nuthatch","Sitta carolinensis",1.4286
1969,"White-breasted Nuthatch","Sitta carolinensis",0.662
1970,"White-breasted Nuthatch","Sitta carolinensis",0.4308
1971,"White-breasted Nuthatch","Sitta carolinensis",0.4561
1972,"White-breasted Nuthatch","Sitta carolinensis",0.4821
1973,"White-breasted Nuthatch","Sitta carolinensis",0.4533
1974,"White-breasted Nuthatch","Sitta carolinensis",0.403
1975,"White-breasted Nuthatch","Sitta carolinensis",0.6939
1976,"White-breasted Nuthatch","Sitta carolinensis",0.2752
1977,"White-breasted Nuthatch","Sitta carolinensis",0.3188
1978,"White-breasted Nuthatch","Sitta carolinensis",0.3866
1979,"White-breasted Nuthatch","Sitta carolinensis",0.5167
1980,"White-breasted Nuthatch","Sitta carolinensis",0.4965
1981,"White-breasted Nuthatch","Sitta carolinensis",0.3904
1982,"White-breasted Nuthatch","Sitta carolinensis",0.3444
1983,"White-breasted Nuthatch","Sitta carolinensis",0.5063
1984,"White-breasted Nuthatch","Sitta carolinensis",0.3086
1985,"White-breasted Nuthatch","Sitta carolinensis",0.5061
1986,"White-breasted Nuthatch","Sitta carolinensis",0.432
1987,"White-breasted Nuthatch","Sitta carolinensis",0.2
1988,"White-breasted Nuthatch","Sitta carolinensis",0.3108
1989,"White-breasted Nuthatch","Sitta carolinensis",0.1574
1990,"White-breasted Nuthatch","Sitta carolinensis",0.3043
1991,"White-breasted Nuthatch","Sitta carolinensis",0.3849
1992,"White-breasted Nuthatch","Sitta carolinensis",0.2821
1993,"White-breasted Nuthatch","Sitta carolinensis",0.3986
1994,"White-breasted Nuthatch","Sitta carolinensis",0.2072
1995,"White-breasted Nuthatch","Sitta carolinensis",0.3213
1996,"White-breasted Nuthatch","Sitta carolinensis",0.3895
1997,"White-breasted Nuthatch","Sitta carolinensis",0.5352
1998,"White-breasted Nuthatch","Sitta carolinensis",0.5607
1999,"White-breasted Nuthatch","Sitta carolinensis",0.5806
2000,"White-breasted Nuthatch","Sitta carolinensis",0.92
2001,"White-breasted Nuthatch","Sitta carolinensis",0.8702
2002,"White-breasted Nuthatch","Sitta carolinensis",0.8136
2003,"White-breasted Nuthatch","Sitta carolinensis",0.7988
2004,"White-breasted Nuthatch","Sitta carolinensis",0.7125
2005,"White-breasted Nuthatch","Sitta carolinensis",0.638
2006,"White-breasted Nuthatch","Sitta carolinensis",0.855
2007,"White-breasted Nuthatch","Sitta carolinensis",0.6038
2008,"White-breasted Nuthatch","Sitta carolinensis",0.4552
2009,"White-breasted Nuthatch","Sitta carolinensis",0.7092
2010,"White-breasted Nuthatch","Sitta carolinensis",0.4211
2011,"White-breasted Nuthatch","Sitta carolinensis",1.0342
2012,"White-breasted Nuthatch","Sitta carolinensis",0.8
2013,"White-breasted Nuthatch","Sitta carolinensis",0.8197
2014,"White-breasted Nuthatch","Sitta carolinensis",0.9118
2015,"White-breasted Nuthatch","Sitta carolinensis",0.7394
2016,"White-breasted Nuthatch","Sitta carolinensis",0.9697
2017,"White-breasted Nuthatch","Sitta carolinensis",0.622
2018,"White-breasted Nuthatch","Sitta carolinensis",0.8106
2019,"White-breasted Nuthatch","Sitta carolinensis",0.8973
2020,"White-breasted Nuthatch","Sitta carolinensis",1.0318
2021,"White-breasted Nuthatch","Sitta carolinensis",1.0546
2022,"White-breasted Nuthatch","Sitta carolinensis",1.0908
2023,"White-breasted Nuthatch","Sitta carolinensis",1.0227
2024,"White-breasted Nuthatch","Sitta carolinensis",1.1483
1923,"Brown-headed Nuthatch","Sitta pusilla",0
1928,"Brown-headed Nuthatch","Sitta pusilla",0
1929,"Brown-headed Nuthatch","Sitta pusilla",0
1930,"Brown-headed Nuthatch","Sitta pusilla",0
1931,"Brown-headed Nuthatch","Sitta pusilla",0
1932,"Brown-headed Nuthatch","Sitta pusilla",0
1933,"Brown-headed Nuthatch","Sitta pusilla",0
1934,"Brown-headed Nuthatch","Sitta pusilla",0
1935,"Brown-headed Nuthatch","Sitta pusilla",0
1936,"Brown-headed Nuthatch","Sitta pusilla",0
1937,"Brown-headed Nuthatch","Sitta pusilla",0
1938,"Brown-headed Nuthatch","Sitta pusilla",0
1940,"Brown-headed Nuthatch","Sitta pusilla",0
1941,"Brown-headed Nuthatch","Sitta pusilla",0.48
1943,"Brown-headed Nuthatch","Sitta pusilla",0.2778
1944,"Brown-headed Nuthatch","Sitta pusilla",0
1945,"Brown-headed Nuthatch","Sitta pusilla",0.1053
1946,"Brown-headed Nuthatch","Sitta pusilla",0.1818
1947,"Brown-headed Nuthatch","Sitta pusilla",0.9091
1948,"Brown-headed Nuthatch","Sitta pusilla",0.6774
1950,"Brown-headed Nuthatch","Sitta pusilla",0.3143
1951,"Brown-headed Nuthatch","Sitta pusilla",0.3269
1952,"Brown-headed Nuthatch","Sitta pusilla",0.6538
1953,"Brown-headed Nuthatch","Sitta pusilla",0.6842
1954,"Brown-headed Nuthatch","Sitta pusilla",0.3059
1956,"Brown-headed Nuthatch","Sitta pusilla",0.2692
1957,"Brown-headed Nuthatch","Sitta pusilla",0.1754
1958,"Brown-headed Nuthatch","Sitta pusilla",0.35
1959,"Brown-headed Nuthatch","Sitta pusilla",0.25
1960,"Brown-headed Nuthatch","Sitta pusilla",0
1961,"Brown-headed Nuthatch","Sitta pusilla",0.2364
1962,"Brown-headed Nuthatch","Sitta pusilla",0.4151
1963,"Brown-headed Nuthatch","Sitta pusilla",0.381
1964,"Brown-headed Nuthatch","Sitta pusilla",0.1852
1965,"Brown-headed Nuthatch","Sitta pusilla",0.7045
1966,"Brown-headed Nuthatch","Sitta pusilla",0.541
1967,"Brown-headed Nuthatch","Sitta pusilla",0.6327
1968,"Brown-headed Nuthatch","Sitta pusilla",1.1071
1969,"Brown-headed Nuthatch","Sitta pusilla",0.6338
1970,"Brown-headed Nuthatch","Sitta pusilla",0.3692
1971,"Brown-headed Nuthatch","Sitta pusilla",0.6842
1972,"Brown-headed Nuthatch","Sitta pusilla",0.5
1973,"Brown-headed Nuthatch","Sitta pusilla",0.1867
1974,"Brown-headed Nuthatch","Sitta pusilla",0.3731
1975,"Brown-headed Nuthatch","Sitta pusilla",0.2857
1976,"Brown-headed Nuthatch","Sitta pusilla",0.4161
1977,"Brown-headed Nuthatch","Sitta pusilla",0.275
1978,"Brown-headed Nuthatch","Sitta pusilla",0.29
1979,"Brown-headed Nuthatch","Sitta pusilla",0.3083
1980,"Brown-headed Nuthatch","Sitta pusilla",0.3357
1981,"Brown-headed Nuthatch","Sitta pusilla",0.2466
1982,"Brown-headed Nuthatch","Sitta pusilla",0.3709
1983,"Brown-headed Nuthatch","Sitta pusilla",0.3313
1984,"Brown-headed Nuthatch","Sitta pusilla",0.1667
1985,"Brown-headed Nuthatch","Sitta pusilla",0.1585
1986,"Brown-headed Nuthatch","Sitta pusilla",0.44
1987,"Brown-headed Nuthatch","Sitta pusilla",0.3185
1988,"Brown-headed Nuthatch","Sitta pusilla",0.2095
1989,"Brown-headed Nuthatch","Sitta pusilla",0.25
1990,"Brown-headed Nuthatch","Sitta pusilla",0.3913
1991,"Brown-headed Nuthatch","Sitta pusilla",0.4479
1992,"Brown-headed Nuthatch","Sitta pusilla",0.3761
1993,"Brown-headed Nuthatch","Sitta pusilla",0.4742
1994,"Brown-headed Nuthatch","Sitta pusilla",0.3784
1995,"Brown-headed Nuthatch","Sitta pusilla",0.4578
1996,"Brown-headed Nuthatch","Sitta pusilla",0.4345
1997,"Brown-headed Nuthatch","Sitta pusilla",0.3592
1998,"Brown-headed Nuthatch","Sitta pusilla",0.4037
1999,"Brown-headed Nuthatch","Sitta pusilla",0.3677
2000,"Brown-headed Nuthatch","Sitta pusilla",0.568
2001,"Brown-headed Nuthatch","Sitta pusilla",0.6667
2002,"Brown-headed Nuthatch","Sitta pusilla",0.8407
2003,"Brown-headed Nuthatch","Sitta pusilla",0.468
2004,"Brown-headed Nuthatch","Sitta pusilla",0.5503
2005,"Brown-headed Nuthatch","Sitta pusilla",0.5756
2006,"Brown-headed Nuthatch","Sitta pusilla",1.0855
2007,"Brown-headed Nuthatch","Sitta pusilla",0.7014
2008,"Brown-headed Nuthatch","Sitta pusilla",0.7388
2009,"Brown-headed Nuthatch","Sitta pusilla",0.9163
2010,"Brown-headed Nuthatch","Sitta pusilla",0.4962
2011,"Brown-headed Nuthatch","Sitta pusilla",1.2395
2012,"Brown-headed Nuthatch","Sitta pusilla",1.1571
2013,"Brown-headed Nuthatch","Sitta pusilla",0.8136
2014,"Brown-headed Nuthatch","Sitta pusilla",1.0176
2015,"Brown-headed Nuthatch","Sitta pusilla",0.8887
2016,"Brown-headed Nuthatch","Sitta pusilla",1.0438
2017,"Brown-headed Nuthatch","Sitta pusilla",0.8767
2018,"Brown-headed Nuthatch","Sitta pusilla",1.0115
2019,"Brown-headed Nuthatch","Sitta pusilla",1.0143
2020,"Brown-headed Nuthatch","Sitta pusilla",0.9965
2021,"Brown-headed Nuthatch","Sitta pusilla",0.8952
2022,"Brown-headed Nuthatch","Sitta pusilla",1.0362
2023,"Brown-headed Nuthatch","Sitta pusilla",1.1894
2024,"Brown-headed Nuthatch","Sitta pusilla",0.9649
1923,"American Goldfinch","Spinus tristis",0
1928,"American Goldfinch","Spinus tristis",0
1929,"American Goldfinch","Spinus tristis",0
1930,"American Goldfinch","Spinus tristis",0
1931,"American Goldfinch","Spinus tristis",0
1932,"American Goldfinch","Spinus tristis",0
1933,"American Goldfinch","Spinus tristis",0
1934,"American Goldfinch","Spinus tristis",0
1935,"American Goldfinch","Spinus tristis",0
1936,"American Goldfinch","Spinus tristis",0
1937,"American Goldfinch","Spinus tristis",0
1938,"American Goldfinch","Spinus tristis",0
1940,"American Goldfinch","Spinus tristis",0
1941,"American Goldfinch","Spinus tristis",0
1943,"American Goldfinch","Spinus tristis",0
1944,"American Goldfinch","Spinus tristis",0
1945,"American Goldfinch","Spinus tristis",0
1946,"American Goldfinch","Spinus tristis",0
1947,"American Goldfinch","Spinus tristis",1.4545
1948,"American Goldfinch","Spinus tristis",1.0645
1950,"American Goldfinch","Spinus tristis",2.2
1951,"American Goldfinch","Spinus tristis",0.6538
1952,"American Goldfinch","Spinus tristis",1.9231
1953,"American Goldfinch","Spinus tristis",1.7368
1954,"American Goldfinch","Spinus tristis",1.1294
1956,"American Goldfinch","Spinus tristis",0.8269
1957,"American Goldfinch","Spinus tristis",2.5088
1958,"American Goldfinch","Spinus tristis",1
1959,"American Goldfinch","Spinus tristis",0.625
1960,"American Goldfinch","Spinus tristis",0
1961,"American Goldfinch","Spinus tristis",1.8545
1962,"American Goldfinch","Spinus tristis",0.4528
1963,"American Goldfinch","Spinus tristis",1.0952
1964,"American Goldfinch","Spinus tristis",0.8704
1965,"American Goldfinch","Spinus tristis",2.2727
1966,"American Goldfinch","Spinus tristis",3.1148
1967,"American Goldfinch","Spinus tristis",5.7143
1968,"American Goldfinch","Spinus tristis",1.0357
1969,"American Goldfinch","Spinus tristis",3.2394
1970,"American Goldfinch","Spinus tristis",2
1971,"American Goldfinch","Spinus tristis",4.2105
1972,"American Goldfinch","Spinus tristis",1.1607
1973,"American Goldfinch","Spinus tristis",1.7067
1974,"American Goldfinch","Spinus tristis",3.1343
1975,"American Goldfinch","Spinus tristis",0.9551
1976,"American Goldfinch","Spinus tristis",1.1678
1977,"American Goldfinch","Spinus tristis",1.0875
1978,"American Goldfinch","Spinus tristis",1.5316
1979,"American Goldfinch","Spinus tristis",2.4667
1980,"American Goldfinch","Spinus tristis",3.1399
1981,"American Goldfinch","Spinus tristis",2.4863
1982,"American Goldfinch","Spinus tristis",3.2517
1983,"American Goldfinch","Spinus tristis",2.2188
1984,"American Goldfinch","Spinus tristis",2.6975
1985,"American Goldfinch","Spinus tristis",2.1646
1986,"American Goldfinch","Spinus tristis",2.648
1987,"American Goldfinch","Spinus tristis",2.5407
1988,"American Goldfinch","Spinus tristis",1.9595
1989,"American Goldfinch","Spinus tristis",2.7963
1990,"American Goldfinch","Spinus tristis",2.4435
1991,"American Goldfinch","Spinus tristis",1.6909
1992,"American Goldfinch","Spinus tristis",2.0769
1993,"American Goldfinch","Spinus tristis",2.9485
1994,"American Goldfinch","Spinus tristis",3.1892
1995,"American Goldfinch","Spinus tristis",2.5703
1996,"American Goldfinch","Spinus tristis",1.4981
1997,"American Goldfinch","Spinus tristis",3.3944
1998,"American Goldfinch","Spinus tristis",2.9383
1999,"American Goldfinch","Spinus tristis",2.4
2000,"American Goldfinch","Spinus tristis",2.448
2001,"American Goldfinch","Spinus tristis",5.5158
2002,"American Goldfinch","Spinus tristis",4.4068
2003,"American Goldfinch","Spinus tristis",3.6006
2004,"American Goldfinch","Spinus tristis",3.2522
2005,"American Goldfinch","Spinus tristis",2.9681
2006,"American Goldfinch","Spinus tristis",2.3048
2007,"American Goldfinch","Spinus tristis",4.1659
2008,"American Goldfinch","Spinus tristis",3.3284
2009,"American Goldfinch","Spinus tristis",2.6295
2010,"American Goldfinch","Spinus tristis",6.0902
2011,"American Goldfinch","Spinus tristis",2.5475
2012,"American Goldfinch","Spinus tristis",4.0357
2013,"American Goldfinch","Spinus tristis",2.4099
2014,"American Goldfinch","Spinus tristis",4.6118
2015,"American Goldfinch","Spinus tristis",3.0471
2016,"American Goldfinch","Spinus tristis",2.8956
2017,"American Goldfinch","Spinus tristis",3.2372
2018,"American Goldfinch","Spinus tristis",1.7934
2019,"American Goldfinch","Spinus tristis",1.5475
2020,"American Goldfinch","Spinus tristis",2.0696
2021,"American Goldfinch","Spinus tristis",1.68
2022,"American Goldfinch","Spinus tristis",2.688
2023,"American Goldfinch","Spinus tristis",2.303
2024,"American Goldfinch","Spinus tristis",1.8022
1923,"Chipping Sparrow","Spizella passerina",0
1928,"Chipping Sparrow","Spizella passerina",0
1929,"Chipping Sparrow","Spizella passerina",0
1930,"Chipping Sparrow","Spizella passerina",0
1931,"Chipping Sparrow","Spizella passerina",0
1932,"Chipping Sparrow","Spizella passerina",0
1933,"Chipping Sparrow","Spizella passerina",0
1934,"Chipping Sparrow","Spizella passerina",0
1935,"Chipping Sparrow","Spizella passerina",0
1936,"Chipping Sparrow","Spizella passerina",0
1937,"Chipping Sparrow","Spizella passerina",0
1938,"Chipping Sparrow","Spizella passerina",0
1940,"Chipping Sparrow","Spizella passerina",0
1941,"Chipping Sparrow","Spizella passerina",0.36
1943,"Chipping Sparrow","Spizella passerina",0.0556
1944,"Chipping Sparrow","Spizella passerina",0
1945,"Chipping Sparrow","Spizella passerina",0
1946,"Chipping Sparrow","Spizella passerina",0.0455
1947,"Chipping Sparrow","Spizella passerina",0
1948,"Chipping Sparrow","Spizella passerina",0
1950,"Chipping Sparrow","Spizella passerina",0
1951,"Chipping Sparrow","Spizella passerina",0.1731
1952,"Chipping Sparrow","Spizella passerina",0
1953,"Chipping Sparrow","Spizella passerina",0
1954,"Chipping Sparrow","Spizella passerina",0.0235
1956,"Chipping Sparrow","Spizella passerina",0
1957,"Chipping Sparrow","Spizella passerina",0.1579
1958,"Chipping Sparrow","Spizella passerina",0
1959,"Chipping Sparrow","Spizella passerina",0
1960,"Chipping Sparrow","Spizella passerina",0
1961,"Chipping Sparrow","Spizella passerina",0.0364
1962,"Chipping Sparrow","Spizella passerina",0
1963,"Chipping Sparrow","Spizella passerina",0.0238
1964,"Chipping Sparrow","Spizella passerina",0
1965,"Chipping Sparrow","Spizella passerina",0.6818
1966,"Chipping Sparrow","Spizella passerina",0.4262
1967,"Chipping Sparrow","Spizella passerina",0.2449
1968,"Chipping Sparrow","Spizella passerina",0.2857
1969,"Chipping Sparrow","Spizella passerina",0.0282
1970,"Chipping Sparrow","Spizella passerina",0.0923
1971,"Chipping Sparrow","Spizella passerina",0.9825
1972,"Chipping Sparrow","Spizella passerina",0.1786
1973,"Chipping Sparrow","Spizella passerina",0.32
1974,"Chipping Sparrow","Spizella passerina",0.0896
1975,"Chipping Sparrow","Spizella passerina",0.0327
1976,"Chipping Sparrow","Spizella passerina",0.0067
1977,"Chipping Sparrow","Spizella passerina",0.0313
1978,"Chipping Sparrow","Spizella passerina",0.3123
1979,"Chipping Sparrow","Spizella passerina",0.725
1980,"Chipping Sparrow","Spizella passerina",0.4126
1981,"Chipping Sparrow","Spizella passerina",0.0685
1982,"Chipping Sparrow","Spizella passerina",0.3709
1983,"Chipping Sparrow","Spizella passerina",0.1
1984,"Chipping Sparrow","Spizella passerina",0.1543
1985,"Chipping Sparrow","Spizella passerina",0.1402
1986,"Chipping Sparrow","Spizella passerina",0.56
1987,"Chipping Sparrow","Spizella passerina",0.2667
1988,"Chipping Sparrow","Spizella passerina",0.2703
1989,"Chipping Sparrow","Spizella passerina",1.0463
1990,"Chipping Sparrow","Spizella passerina",0.3652
1991,"Chipping Sparrow","Spizella passerina",0.183
1992,"Chipping Sparrow","Spizella passerina",0.1538
1993,"Chipping Sparrow","Spizella passerina",0.268
1994,"Chipping Sparrow","Spizella passerina",0.8198
1995,"Chipping Sparrow","Spizella passerina",0.0964
1996,"Chipping Sparrow","Spizella passerina",0.382
1997,"Chipping Sparrow","Spizella passerina",0.2958
1998,"Chipping Sparrow","Spizella passerina",0.471
1999,"Chipping Sparrow","Spizella passerina",0.2194
2000,"Chipping Sparrow","Spizella passerina",0.104
2001,"Chipping Sparrow","Spizella passerina",0.9965
2002,"Chipping Sparrow","Spizella passerina",0.9492
2003,"Chipping Sparrow","Spizella passerina",1.1295
2004,"Chipping Sparrow","Spizella passerina",2.6878
2005,"Chipping Sparrow","Spizella passerina",1.1165
2006,"Chipping Sparrow","Spizella passerina",1.4944
2007,"Chipping Sparrow","Spizella passerina",0.3782
2008,"Chipping Sparrow","Spizella passerina",3.7761
2009,"Chipping Sparrow","Spizella passerina",1.6016
2010,"Chipping Sparrow","Spizella passerina",1.0677
2011,"Chipping Sparrow","Spizella passerina",2.8365
2012,"Chipping Sparrow","Spizella passerina",2.2429
2013,"Chipping Sparrow","Spizella passerina",2.2373
2014,"Chipping Sparrow","Spizella passerina",2.5824
2015,"Chipping Sparrow","Spizella passerina",2.2106
2016,"Chipping Sparrow","Spizella passerina",2.6599
2017,"Chipping Sparrow","Spizella passerina",2.3604
2018,"Chipping Sparrow","Spizella passerina",1.7504
2019,"Chipping Sparrow","Spizella passerina",3.4395
2020,"Chipping Sparrow","Spizella passerina",3.5554
2021,"Chipping Sparrow","Spizella passerina",1.4715
2022,"Chipping Sparrow","Spizella passerina",3.21
2023,"Chipping Sparrow","Spizella passerina",1.7955
2024,"Chipping Sparrow","Spizella passerina",1.7783
1923,"Field Sparrow","Spizella pusilla",0
1928,"Field Sparrow","Spizella pusilla",0
1929,"Field Sparrow","Spizella pusilla",0
1930,"Field Sparrow","Spizella pusilla",0
1931,"Field Sparrow","Spizella pusilla",0
1932,"Field Sparrow","Spizella pusilla",0
1933,"Field Sparrow","Spizella pusilla",0
1934,"Field Sparrow","Spizella pusilla",0
1935,"Field Sparrow","Spizella pusilla",0
1936,"Field Sparrow","Spizella pusilla",0
1937,"Field Sparrow","Spizella pusilla",0
1938,"Field Sparrow","Spizella pusilla",0
1940,"Field Sparrow","Spizella pusilla",0
1941,"Field Sparrow","Spizella pusilla",1.12
1943,"Field Sparrow","Spizella pusilla",2.1667
1944,"Field Sparrow","Spizella pusilla",0
1945,"Field Sparrow","Spizella pusilla",1.9474
1946,"Field Sparrow","Spizella pusilla",8.4545
1947,"Field Sparrow","Spizella pusilla",2
1948,"Field Sparrow","Spizella pusilla",1.5806
1950,"Field Sparrow","Spizella pusilla",1.6857
1951,"Field Sparrow","Spizella pusilla",0.1538
1952,"Field Sparrow","Spizella pusilla",0.5769
1953,"Field Sparrow","Spizella pusilla",1.0526
1954,"Field Sparrow","Spizella pusilla",1.1294
1956,"Field Sparrow","Spizella pusilla",1.4615
1957,"Field Sparrow","Spizella pusilla",1.1754
1958,"Field Sparrow","Spizella pusilla",0.75
1959,"Field Sparrow","Spizella pusilla",0.8929
1960,"Field Sparrow","Spizella pusilla",0
1961,"Field Sparrow","Spizella pusilla",1.2727
1962,"Field Sparrow","Spizella pusilla",0.3396
1963,"Field Sparrow","Spizella pusilla",1.0952
1964,"Field Sparrow","Spizella pusilla",0.6852
1965,"Field Sparrow","Spizella pusilla",1.3636
1966,"Field Sparrow","Spizella pusilla",0.6393
1967,"Field Sparrow","Spizella pusilla",2.8571
1968,"Field Sparrow","Spizella pusilla",6.4286
1969,"Field Sparrow","Spizella pusilla",1.9718
1970,"Field Sparrow","Spizella pusilla",4.3077
1971,"Field Sparrow","Spizella pusilla",2.807
1972,"Field Sparrow","Spizella pusilla",1.6607
1973,"Field Sparrow","Spizella pusilla",1.68
1974,"Field Sparrow","Spizella pusilla",1.7164
1975,"Field Sparrow","Spizella pusilla",1.6245
1976,"Field Sparrow","Spizella pusilla",0.8658
1977,"Field Sparrow","Spizella pusilla",2.6813
1978,"Field Sparrow","Spizella pusilla",2.5725
1979,"Field Sparrow","Spizella pusilla",2.3167
1980,"Field Sparrow","Spizella pusilla",4.049
1981,"Field Sparrow","Spizella pusilla",1.6781
1982,"Field Sparrow","Spizella pusilla",1.6424
1983,"Field Sparrow","Spizella pusilla",1.5375
1984,"Field Sparrow","Spizella pusilla",0.358
1985,"Field Sparrow","Spizella pusilla",0.7439
1986,"Field Sparrow","Spizella pusilla",1.264
1987,"Field Sparrow","Spizella pusilla",0.437
1988,"Field Sparrow","Spizella pusilla",0.1892
1989,"Field Sparrow","Spizella pusilla",0.287
1990,"Field Sparrow","Spizella pusilla",0.5478
1991,"Field Sparrow","Spizella pusilla",0.4984
1992,"Field Sparrow","Spizella pusilla",0.5128
1993,"Field Sparrow","Spizella pusilla",0.9828
1994,"Field Sparrow","Spizella pusilla",1.018
1995,"Field Sparrow","Spizella pusilla",2.008
1996,"Field Sparrow","Spizella pusilla",1.1236
1997,"Field Sparrow","Spizella pusilla",0.8099
1998,"Field Sparrow","Spizella pusilla",0.8897
1999,"Field Sparrow","Spizella pusilla",0.6581
2000,"Field Sparrow","Spizella pusilla",0.288
2001,"Field Sparrow","Spizella pusilla",1.1018
2002,"Field Sparrow","Spizella pusilla",0.8475
2003,"Field Sparrow","Spizella pusilla",0.3931
2004,"Field Sparrow","Spizella pusilla",0.8889
2005,"Field Sparrow","Spizella pusilla",0.6935
2006,"Field Sparrow","Spizella pusilla",0.7732
2007,"Field Sparrow","Spizella pusilla",0.4514
2008,"Field Sparrow","Spizella pusilla",1.2612
2009,"Field Sparrow","Spizella pusilla",0.9641
2010,"Field Sparrow","Spizella pusilla",0.7068
2011,"Field Sparrow","Spizella pusilla",0.7909
2012,"Field Sparrow","Spizella pusilla",0.7357
2013,"Field Sparrow","Spizella pusilla",0.4191
2014,"Field Sparrow","Spizella pusilla",0.6412
2015,"Field Sparrow","Spizella pusilla",0.6796
2016,"Field Sparrow","Spizella pusilla",0.633
2017,"Field Sparrow","Spizella pusilla",0.2473
2018,"Field Sparrow","Spizella pusilla",0.1793
2019,"Field Sparrow","Spizella pusilla",0.4096
2020,"Field Sparrow","Spizella pusilla",0.3833
2021,"Field Sparrow","Spizella pusilla",0.2882
2022,"Field Sparrow","Spizella pusilla",0.2883
2023,"Field Sparrow","Spizella pusilla",0.4773
2024,"Field Sparrow","Spizella pusilla",0.2711
1923,"Eastern Meadowlark","Sturnella magna",0
1928,"Eastern Meadowlark","Sturnella magna",0
1929,"Eastern Meadowlark","Sturnella magna",0
1930,"Eastern Meadowlark","Sturnella magna",0
1931,"Eastern Meadowlark","Sturnella magna",0
1932,"Eastern Meadowlark","Sturnella magna",0
1933,"Eastern Meadowlark","Sturnella magna",0
1934,"Eastern Meadowlark","Sturnella magna",0
1935,"Eastern Meadowlark","Sturnella magna",0
1936,"Eastern Meadowlark","Sturnella magna",0
1937,"Eastern Meadowlark","Sturnella magna",0
1938,"Eastern Meadowlark","Sturnella magna",0
1940,"Eastern Meadowlark","Sturnella magna",0
1941,"Eastern Meadowlark","Sturnella magna",0
1943,"Eastern Meadowlark","Sturnella magna",0
1944,"Eastern Meadowlark","Sturnella magna",0
1945,"Eastern Meadowlark","Sturnella magna",0
1946,"Eastern Meadowlark","Sturnella magna",0
1947,"Eastern Meadowlark","Sturnella magna",5.3182
1948,"Eastern Meadowlark","Sturnella magna",2.5484
1950,"Eastern Meadowlark","Sturnella magna",1.5429
1951,"Eastern Meadowlark","Sturnella magna",2.5769
1952,"Eastern Meadowlark","Sturnella magna",3.8462
1953,"Eastern Meadowlark","Sturnella magna",1.1316
1954,"Eastern Meadowlark","Sturnella magna",1.3412
1956,"Eastern Meadowlark","Sturnella magna",13.2308
1957,"Eastern Meadowlark","Sturnella magna",4.7193
1958,"Eastern Meadowlark","Sturnella magna",2.5
1959,"Eastern Meadowlark","Sturnella magna",2.9286
1960,"Eastern Meadowlark","Sturnella magna",0
1961,"Eastern Meadowlark","Sturnella magna",2.8364
1962,"Eastern Meadowlark","Sturnella magna",3.7736
1963,"Eastern Meadowlark","Sturnella magna",4.2857
1964,"Eastern Meadowlark","Sturnella magna",4.4444
1965,"Eastern Meadowlark","Sturnella magna",4.3182
1966,"Eastern Meadowlark","Sturnella magna",2.1311
1967,"Eastern Meadowlark","Sturnella magna",3.4694
1968,"Eastern Meadowlark","Sturnella magna",2
1969,"Eastern Meadowlark","Sturnella magna",1.831
1970,"Eastern Meadowlark","Sturnella magna",1.8462
1971,"Eastern Meadowlark","Sturnella magna",1.5088
1972,"Eastern Meadowlark","Sturnella magna",3.7857
1973,"Eastern Meadowlark","Sturnella magna",1.2667
1974,"Eastern Meadowlark","Sturnella magna",3.6269
1975,"Eastern Meadowlark","Sturnella magna",1.4122
1976,"Eastern Meadowlark","Sturnella magna",2.1007
1977,"Eastern Meadowlark","Sturnella magna",0.975
1978,"Eastern Meadowlark","Sturnella magna",1.777
1979,"Eastern Meadowlark","Sturnella magna",2.8333
1980,"Eastern Meadowlark","Sturnella magna",4.9301
1981,"Eastern Meadowlark","Sturnella magna",1.9452
1982,"Eastern Meadowlark","Sturnella magna",1.1987
1983,"Eastern Meadowlark","Sturnella magna",0.8813
1984,"Eastern Meadowlark","Sturnella magna",0.7284
1985,"Eastern Meadowlark","Sturnella magna",1.0793
1986,"Eastern Meadowlark","Sturnella magna",1.656
1987,"Eastern Meadowlark","Sturnella magna",0.3259
1988,"Eastern Meadowlark","Sturnella magna",0.5135
1989,"Eastern Meadowlark","Sturnella magna",1.8148
1990,"Eastern Meadowlark","Sturnella magna",0.4174
1991,"Eastern Meadowlark","Sturnella magna",0.2271
1992,"Eastern Meadowlark","Sturnella magna",0.6838
1993,"Eastern Meadowlark","Sturnella magna",1.1821
1994,"Eastern Meadowlark","Sturnella magna",0.1982
1995,"Eastern Meadowlark","Sturnella magna",0.2008
1996,"Eastern Meadowlark","Sturnella magna",0.0974
1997,"Eastern Meadowlark","Sturnella magna",0.0775
1998,"Eastern Meadowlark","Sturnella magna",0.1196
1999,"Eastern Meadowlark","Sturnella magna",0.0839
2000,"Eastern Meadowlark","Sturnella magna",0.48
2001,"Eastern Meadowlark","Sturnella magna",0.5544
2002,"Eastern Meadowlark","Sturnella magna",0.1966
2003,"Eastern Meadowlark","Sturnella magna",0.3058
2004,"Eastern Meadowlark","Sturnella magna",0.261
2005,"Eastern Meadowlark","Sturnella magna",0.0555
2006,"Eastern Meadowlark","Sturnella magna",0.2677
2007,"Eastern Meadowlark","Sturnella magna",0.1098
2008,"Eastern Meadowlark","Sturnella magna",0.3358
2009,"Eastern Meadowlark","Sturnella magna",0.1036
2010,"Eastern Meadowlark","Sturnella magna",0.3609
2011,"Eastern Meadowlark","Sturnella magna",0.0837
2012,"Eastern Meadowlark","Sturnella magna",0.1071
2013,"Eastern Meadowlark","Sturnella magna",0.0493
2014,"Eastern Meadowlark","Sturnella magna",0.0059
2015,"Eastern Meadowlark","Sturnella magna",0.0075
2016,"Eastern Meadowlark","Sturnella magna",0.0404
2017,"Eastern Meadowlark","Sturnella magna",0.0674
2018,"Eastern Meadowlark","Sturnella magna",0.043
2019,"Eastern Meadowlark","Sturnella magna",0.13
2020,"Eastern Meadowlark","Sturnella magna",0.0177
2021,"Eastern Meadowlark","Sturnella magna",0.2575
2022,"Eastern Meadowlark","Sturnella magna",0.0078
2023,"Eastern Meadowlark","Sturnella magna",0.1364
2024,"Eastern Meadowlark","Sturnella magna",0.0718
1923,"European Starling","Sturnus vulgaris",0
1928,"European Starling","Sturnus vulgaris",0
1929,"European Starling","Sturnus vulgaris",0
1930,"European Starling","Sturnus vulgaris",0
1931,"European Starling","Sturnus vulgaris",0
1932,"European Starling","Sturnus vulgaris",0
1933,"European Starling","Sturnus vulgaris",0
1934,"European Starling","Sturnus vulgaris",0
1935,"European Starling","Sturnus vulgaris",0
1936,"European Starling","Sturnus vulgaris",0
1937,"European Starling","Sturnus vulgaris",0
1938,"European Starling","Sturnus vulgaris",0
1940,"European Starling","Sturnus vulgaris",0
1941,"European Starling","Sturnus vulgaris",0.72
1943,"European Starling","Sturnus vulgaris",0.3889
1944,"European Starling","Sturnus vulgaris",0
1945,"European Starling","Sturnus vulgaris",1.9474
1946,"European Starling","Sturnus vulgaris",4.1364
1947,"European Starling","Sturnus vulgaris",0.4091
1948,"European Starling","Sturnus vulgaris",1.2258
1950,"European Starling","Sturnus vulgaris",0.4857
1951,"European Starling","Sturnus vulgaris",0.9615
1952,"European Starling","Sturnus vulgaris",3
1953,"European Starling","Sturnus vulgaris",0.4737
1954,"European Starling","Sturnus vulgaris",5.6471
1956,"European Starling","Sturnus vulgaris",23.0192
1957,"European Starling","Sturnus vulgaris",4.9123
1958,"European Starling","Sturnus vulgaris",0.25
1959,"European Starling","Sturnus vulgaris",7.1607
1960,"European Starling","Sturnus vulgaris",0
1961,"European Starling","Sturnus vulgaris",76.0727
1962,"European Starling","Sturnus vulgaris",8.4906
1963,"European Starling","Sturnus vulgaris",6.9048
1964,"European Starling","Sturnus vulgaris",6.8519
1965,"European Starling","Sturnus vulgaris",10
1966,"European Starling","Sturnus vulgaris",7.541
1967,"European Starling","Sturnus vulgaris",26.5306
1968,"European Starling","Sturnus vulgaris",6.7857
1969,"European Starling","Sturnus vulgaris",19.7183
1970,"European Starling","Sturnus vulgaris",13.8462
1971,"European Starling","Sturnus vulgaris",14.386
1972,"European Starling","Sturnus vulgaris",17.875
1973,"European Starling","Sturnus vulgaris",5.68
1974,"European Starling","Sturnus vulgaris",43.8209
1975,"European Starling","Sturnus vulgaris",16.2286
1976,"European Starling","Sturnus vulgaris",5.9262
1977,"European Starling","Sturnus vulgaris",4.5625
1978,"European Starling","Sturnus vulgaris",15.3903
1979,"European Starling","Sturnus vulgaris",13.3083
1980,"European Starling","Sturnus vulgaris",13.9091
1981,"European Starling","Sturnus vulgaris",13.6644
1982,"European Starling","Sturnus vulgaris",6.702
1983,"European Starling","Sturnus vulgaris",6.7375
1984,"European Starling","Sturnus vulgaris",4.6235
1985,"European Starling","Sturnus vulgaris",2.1829
1986,"European Starling","Sturnus vulgaris",3.752
1987,"European Starling","Sturnus vulgaris",6.0444
1988,"European Starling","Sturnus vulgaris",3.3514
1989,"European Starling","Sturnus vulgaris",5.5278
1990,"European Starling","Sturnus vulgaris",6.5217
1991,"European Starling","Sturnus vulgaris",5.8927
1992,"European Starling","Sturnus vulgaris",11.9402
1993,"European Starling","Sturnus vulgaris",3.3814
1994,"European Starling","Sturnus vulgaris",5.5856
1995,"European Starling","Sturnus vulgaris",11.2369
1996,"European Starling","Sturnus vulgaris",3.6779
1997,"European Starling","Sturnus vulgaris",3.3451
1998,"European Starling","Sturnus vulgaris",8.0748
1999,"European Starling","Sturnus vulgaris",12.5419
2000,"European Starling","Sturnus vulgaris",4.84
2001,"European Starling","Sturnus vulgaris",9.9789
2002,"European Starling","Sturnus vulgaris",3.0576
2003,"European Starling","Sturnus vulgaris",3.9563
2004,"European Starling","Sturnus vulgaris",5.7919
2005,"European Starling","Sturnus vulgaris",6.3592
2006,"European Starling","Sturnus vulgaris",4.513
2007,"European Starling","Sturnus vulgaris",6.5569
2008,"European Starling","Sturnus vulgaris",3.0149
2009,"European Starling","Sturnus vulgaris",1.7849
2010,"European Starling","Sturnus vulgaris",1.3985
2011,"European Starling","Sturnus vulgaris",5.3916
2012,"European Starling","Sturnus vulgaris",4.0857
2013,"European Starling","Sturnus vulgaris",4.0247
2014,"European Starling","Sturnus vulgaris",2.6941
2015,"European Starling","Sturnus vulgaris",4.0553
2016,"European Starling","Sturnus vulgaris",3.0842
2017,"European Starling","Sturnus vulgaris",2.9075
2018,"European Starling","Sturnus vulgaris",2.5036
2019,"European Starling","Sturnus vulgaris",3.8687
2020,"European Starling","Sturnus vulgaris",1.5271
2021,"European Starling","Sturnus vulgaris",1.5451
2022,"European Starling","Sturnus vulgaris",3.3346
2023,"European Starling","Sturnus vulgaris",1.4697
2024,"European Starling","Sturnus vulgaris",1.8341
1923,"Carolina Wren","Thryothorus ludovicianus",0
1928,"Carolina Wren","Thryothorus ludovicianus",0
1929,"Carolina Wren","Thryothorus ludovicianus",0
1930,"Carolina Wren","Thryothorus ludovicianus",0
1931,"Carolina Wren","Thryothorus ludovicianus",0
1932,"Carolina Wren","Thryothorus ludovicianus",0
1933,"Carolina Wren","Thryothorus ludovicianus",0
1934,"Carolina Wren","Thryothorus ludovicianus",0
1935,"Carolina Wren","Thryothorus ludovicianus",0
1936,"Carolina Wren","Thryothorus ludovicianus",0
1937,"Carolina Wren","Thryothorus ludovicianus",0
1938,"Carolina Wren","Thryothorus ludovicianus",0
1940,"Carolina Wren","Thryothorus ludovicianus",0
1941,"Carolina Wren","Thryothorus ludovicianus",1.04
1943,"Carolina Wren","Thryothorus ludovicianus",1.2222
1944,"Carolina Wren","Thryothorus ludovicianus",0
1945,"Carolina Wren","Thryothorus ludovicianus",1.7368
1946,"Carolina Wren","Thryothorus ludovicianus",1
1947,"Carolina Wren","Thryothorus ludovicianus",2.1818
1948,"Carolina Wren","Thryothorus ludovicianus",1.5161
1950,"Carolina Wren","Thryothorus ludovicianus",1
1951,"Carolina Wren","Thryothorus ludovicianus",0.8077
1952,"Carolina Wren","Thryothorus ludovicianus",0.5385
1953,"Carolina Wren","Thryothorus ludovicianus",1.4474
1954,"Carolina Wren","Thryothorus ludovicianus",0.7059
1956,"Carolina Wren","Thryothorus ludovicianus",0.6346
1957,"Carolina Wren","Thryothorus ludovicianus",1.1053
1958,"Carolina Wren","Thryothorus ludovicianus",0.7
1959,"Carolina Wren","Thryothorus ludovicianus",0.3571
1960,"Carolina Wren","Thryothorus ludovicianus",0
1961,"Carolina Wren","Thryothorus ludovicianus",0.7455
1962,"Carolina Wren","Thryothorus ludovicianus",0.3774
1963,"Carolina Wren","Thryothorus ludovicianus",1.0952
1964,"Carolina Wren","Thryothorus ludovicianus",0.8704
1965,"Carolina Wren","Thryothorus ludovicianus",2.2727
1966,"Carolina Wren","Thryothorus ludovicianus",1.4754
1967,"Carolina Wren","Thryothorus ludovicianus",1.551
1968,"Carolina Wren","Thryothorus ludovicianus",1.75
1969,"Carolina Wren","Thryothorus ludovicianus",1.2817
1970,"Carolina Wren","Thryothorus ludovicianus",0.8615
1971,"Carolina Wren","Thryothorus ludovicianus",2.1053
1972,"Carolina Wren","Thryothorus ludovicianus",1.4464
1973,"Carolina Wren","Thryothorus ludovicianus",1.5867
1974,"Carolina Wren","Thryothorus ludovicianus",2.3284
1975,"Carolina Wren","Thryothorus ludovicianus",1.7061
1976,"Carolina Wren","Thryothorus ludovicianus",1.8456
1977,"Carolina Wren","Thryothorus ludovicianus",0.875
1978,"Carolina Wren","Thryothorus ludovicianus",1.4424
1979,"Carolina Wren","Thryothorus ludovicianus",1.6083
1980,"Carolina Wren","Thryothorus ludovicianus",1.2308
1981,"Carolina Wren","Thryothorus ludovicianus",0.8493
1982,"Carolina Wren","Thryothorus ludovicianus",1.5232
1983,"Carolina Wren","Thryothorus ludovicianus",1.5
1984,"Carolina Wren","Thryothorus ludovicianus",1.2901
1985,"Carolina Wren","Thryothorus ludovicianus",1.2134
1986,"Carolina Wren","Thryothorus ludovicianus",1.36
1987,"Carolina Wren","Thryothorus ludovicianus",1.0741
1988,"Carolina Wren","Thryothorus ludovicianus",1.4257
1989,"Carolina Wren","Thryothorus ludovicianus",0.8056
1990,"Carolina Wren","Thryothorus ludovicianus",2.087
1991,"Carolina Wren","Thryothorus ludovicianus",2.3218
1992,"Carolina Wren","Thryothorus ludovicianus",1.8974
1993,"Carolina Wren","Thryothorus ludovicianus",1.8282
1994,"Carolina Wren","Thryothorus ludovicianus",1.5856
1995,"Carolina Wren","Thryothorus ludovicianus",1.5743
1996,"Carolina Wren","Thryothorus ludovicianus",1.7303
1997,"Carolina Wren","Thryothorus ludovicianus",1.7394
1998,"Carolina Wren","Thryothorus ludovicianus",2.6243
1999,"Carolina Wren","Thryothorus ludovicianus",2.1677
2000,"Carolina Wren","Thryothorus ludovicianus",1.92
2001,"Carolina Wren","Thryothorus ludovicianus",2.3649
2002,"Carolina Wren","Thryothorus ludovicianus",2.9424
2003,"Carolina Wren","Thryothorus ludovicianus",2.415
2004,"Carolina Wren","Thryothorus ludovicianus",2.6455
2005,"Carolina Wren","Thryothorus ludovicianus",2.4965
2006,"Carolina Wren","Thryothorus ludovicianus",3.3532
2007,"Carolina Wren","Thryothorus ludovicianus",2.5923
2008,"Carolina Wren","Thryothorus ludovicianus",2.2015
2009,"Carolina Wren","Thryothorus ludovicianus",2.988
2010,"Carolina Wren","Thryothorus ludovicianus",1.7744
2011,"Carolina Wren","Thryothorus ludovicianus",2.8517
2012,"Carolina Wren","Thryothorus ludovicianus",3.2
2013,"Carolina Wren","Thryothorus ludovicianus",3.6487
2014,"Carolina Wren","Thryothorus ludovicianus",2.7824
2015,"Carolina Wren","Thryothorus ludovicianus",3.2188
2016,"Carolina Wren","Thryothorus ludovicianus",2.7475
2017,"Carolina Wren","Thryothorus ludovicianus",2.81
2018,"Carolina Wren","Thryothorus ludovicianus",2.8981
2019,"Carolina Wren","Thryothorus ludovicianus",3.8036
2020,"Carolina Wren","Thryothorus ludovicianus",3.237
2021,"Carolina Wren","Thryothorus ludovicianus",3.0779
2022,"Carolina Wren","Thryothorus ludovicianus",2.7503
2023,"Carolina Wren","Thryothorus ludovicianus",3.0606
2024,"Carolina Wren","Thryothorus ludovicianus",2.3445
1923,"Brown Thrasher","Toxostoma rufum",0
1928,"Brown Thrasher","Toxostoma rufum",0
1929,"Brown Thrasher","Toxostoma rufum",0
1930,"Brown Thrasher","Toxostoma rufum",0
1931,"Brown Thrasher","Toxostoma rufum",0
1932,"Brown Thrasher","Toxostoma rufum",0
1933,"Brown Thrasher","Toxostoma rufum",0
1934,"Brown Thrasher","Toxostoma rufum",0
1935,"Brown Thrasher","Toxostoma rufum",0
1936,"Brown Thrasher","Toxostoma rufum",0
1937,"Brown Thrasher","Toxostoma rufum",0
1938,"Brown Thrasher","Toxostoma rufum",0
1940,"Brown Thrasher","Toxostoma rufum",0
1941,"Brown Thrasher","Toxostoma rufum",0.04
1943,"Brown Thrasher","Toxostoma rufum",0.0556
1944,"Brown Thrasher","Toxostoma rufum",0
1945,"Brown Thrasher","Toxostoma rufum",0.1053
1946,"Brown Thrasher","Toxostoma rufum",0.0455
1947,"Brown Thrasher","Toxostoma rufum",0.0455
1948,"Brown Thrasher","Toxostoma rufum",0.0323
1950,"Brown Thrasher","Toxostoma rufum",0.0857
1951,"Brown Thrasher","Toxostoma rufum",0.0962
1952,"Brown Thrasher","Toxostoma rufum",0.3077
1953,"Brown Thrasher","Toxostoma rufum",0.3684
1954,"Brown Thrasher","Toxostoma rufum",0.1412
1956,"Brown Thrasher","Toxostoma rufum",0.0769
1957,"Brown Thrasher","Toxostoma rufum",0.0877
1958,"Brown Thrasher","Toxostoma rufum",0.05
1959,"Brown Thrasher","Toxostoma rufum",0.3036
1960,"Brown Thrasher","Toxostoma rufum",0
1961,"Brown Thrasher","Toxostoma rufum",0.1273
1962,"Brown Thrasher","Toxostoma rufum",0.2453
1963,"Brown Thrasher","Toxostoma rufum",0.1667
1964,"Brown Thrasher","Toxostoma rufum",0.1667
1965,"Brown Thrasher","Toxostoma rufum",0.2273
1966,"Brown Thrasher","Toxostoma rufum",0.082
1967,"Brown Thrasher","Toxostoma rufum",0.0816
1968,"Brown Thrasher","Toxostoma rufum",0.3214
1969,"Brown Thrasher","Toxostoma rufum",0.2254
1970,"Brown Thrasher","Toxostoma rufum",0.1846
1971,"Brown Thrasher","Toxostoma rufum",0.3333
1972,"Brown Thrasher","Toxostoma rufum",0.2143
1973,"Brown Thrasher","Toxostoma rufum",0.1067
1974,"Brown Thrasher","Toxostoma rufum",0.1343
1975,"Brown Thrasher","Toxostoma rufum",0.1551
1976,"Brown Thrasher","Toxostoma rufum",0.2953
1977,"Brown Thrasher","Toxostoma rufum",0.075
1978,"Brown Thrasher","Toxostoma rufum",0.1636
1979,"Brown Thrasher","Toxostoma rufum",0.2167
1980,"Brown Thrasher","Toxostoma rufum",0.1678
1981,"Brown Thrasher","Toxostoma rufum",0.1712
1982,"Brown Thrasher","Toxostoma rufum",0.1391
1983,"Brown Thrasher","Toxostoma rufum",0.05
1984,"Brown Thrasher","Toxostoma rufum",0.0617
1985,"Brown Thrasher","Toxostoma rufum",0.0488
1986,"Brown Thrasher","Toxostoma rufum",0.064
1987,"Brown Thrasher","Toxostoma rufum",0.1111
1988,"Brown Thrasher","Toxostoma rufum",0.0135
1989,"Brown Thrasher","Toxostoma rufum",0.0741
1990,"Brown Thrasher","Toxostoma rufum",0.0522
1991,"Brown Thrasher","Toxostoma rufum",0.1199
1992,"Brown Thrasher","Toxostoma rufum",0.1538
1993,"Brown Thrasher","Toxostoma rufum",0.1031
1994,"Brown Thrasher","Toxostoma rufum",0.0901
1995,"Brown Thrasher","Toxostoma rufum",0.1124
1996,"Brown Thrasher","Toxostoma rufum",0.1873
1997,"Brown Thrasher","Toxostoma rufum",0.0704
1998,"Brown Thrasher","Toxostoma rufum",0.1271
1999,"Brown Thrasher","Toxostoma rufum",0.1161
2000,"Brown Thrasher","Toxostoma rufum",0.208
2001,"Brown Thrasher","Toxostoma rufum",0.1544
2002,"Brown Thrasher","Toxostoma rufum",0.2169
2003,"Brown Thrasher","Toxostoma rufum",0.2309
2004,"Brown Thrasher","Toxostoma rufum",0.2399
2005,"Brown Thrasher","Toxostoma rufum",0.1179
2006,"Brown Thrasher","Toxostoma rufum",0.2305
2007,"Brown Thrasher","Toxostoma rufum",0.1342
2008,"Brown Thrasher","Toxostoma rufum",0.1716
2009,"Brown Thrasher","Toxostoma rufum",0.2231
2010,"Brown Thrasher","Toxostoma rufum",0.1955
2011,"Brown Thrasher","Toxostoma rufum",0.2433
2012,"Brown Thrasher","Toxostoma rufum",0.2857
2013,"Brown Thrasher","Toxostoma rufum",0.1911
2014,"Brown Thrasher","Toxostoma rufum",0.2706
2015,"Brown Thrasher","Toxostoma rufum",0.1568
2016,"Brown Thrasher","Toxostoma rufum",0.2357
2017,"Brown Thrasher","Toxostoma rufum",0.2323
2018,"Brown Thrasher","Toxostoma rufum",0.2296
2019,"Brown Thrasher","Toxostoma rufum",0.2341
2020,"Brown Thrasher","Toxostoma rufum",0.2417
2021,"Brown Thrasher","Toxostoma rufum",0.3127
2022,"Brown Thrasher","Toxostoma rufum",0.4129
2023,"Brown Thrasher","Toxostoma rufum",0.2121
2024,"Brown Thrasher","Toxostoma rufum",0.311
1923,"American Robin","Turdus migratorius",0
1928,"American Robin","Turdus migratorius",0
1929,"American Robin","Turdus migratorius",0
1930,"American Robin","Turdus migratorius",0
1931,"American Robin","Turdus migratorius",0
1932,"American Robin","Turdus migratorius",0
1933,"American Robin","Turdus migratorius",0
1934,"American Robin","Turdus migratorius",0
1935,"American Robin","Turdus migratorius",0
1936,"American Robin","Turdus migratorius",0
1937,"American Robin","Turdus migratorius",0
1938,"American Robin","Turdus migratorius",0
1940,"American Robin","Turdus migratorius",0
1941,"American Robin","Turdus migratorius",3
1943,"American Robin","Turdus migratorius",0.1667
1944,"American Robin","Turdus migratorius",0
1945,"American Robin","Turdus migratorius",0
1946,"American Robin","Turdus migratorius",0.1364
1947,"American Robin","Turdus migratorius",3.4545
1948,"American Robin","Turdus migratorius",0.4839
1950,"American Robin","Turdus migratorius",0.0286
1951,"American Robin","Turdus migratorius",0
1952,"American Robin","Turdus migratorius",4.1538
1953,"American Robin","Turdus migratorius",0.1579
1954,"American Robin","Turdus migratorius",0.4235
1956,"American Robin","Turdus migratorius",0.4808
1957,"American Robin","Turdus migratorius",5.0175
1958,"American Robin","Turdus migratorius",0
1959,"American Robin","Turdus migratorius",0.9464
1960,"American Robin","Turdus migratorius",0
1961,"American Robin","Turdus migratorius",2.4364
1962,"American Robin","Turdus migratorius",0.4151
1963,"American Robin","Turdus migratorius",3.0952
1964,"American Robin","Turdus migratorius",0.4259
1965,"American Robin","Turdus migratorius",8.8636
1966,"American Robin","Turdus migratorius",0.459
1967,"American Robin","Turdus migratorius",3.6735
1968,"American Robin","Turdus migratorius",1.1429
1969,"American Robin","Turdus migratorius",0.2254
1970,"American Robin","Turdus migratorius",7.6923
1971,"American Robin","Turdus migratorius",0.1404
1972,"American Robin","Turdus migratorius",2.4643
1973,"American Robin","Turdus migratorius",0.1333
1974,"American Robin","Turdus migratorius",9.7015
1975,"American Robin","Turdus migratorius",0.1878
1976,"American Robin","Turdus migratorius",3.2148
1977,"American Robin","Turdus migratorius",0.625
1978,"American Robin","Turdus migratorius",4.1264
1979,"American Robin","Turdus migratorius",3.2167
1980,"American Robin","Turdus migratorius",0.7972
1981,"American Robin","Turdus migratorius",1.7534
1982,"American Robin","Turdus migratorius",0.7881
1983,"American Robin","Turdus migratorius",1.1688
1984,"American Robin","Turdus migratorius",4.9877
1985,"American Robin","Turdus migratorius",0.5366
1986,"American Robin","Turdus migratorius",2.08
1987,"American Robin","Turdus migratorius",0.2148
1988,"American Robin","Turdus migratorius",3.1284
1989,"American Robin","Turdus migratorius",0.9907
1990,"American Robin","Turdus migratorius",0.5913
1991,"American Robin","Turdus migratorius",11.2366
1992,"American Robin","Turdus migratorius",0.9145
1993,"American Robin","Turdus migratorius",1.7938
1994,"American Robin","Turdus migratorius",28.1712
1995,"American Robin","Turdus migratorius",1.6305
1996,"American Robin","Turdus migratorius",1.2734
1997,"American Robin","Turdus migratorius",2.6268
1998,"American Robin","Turdus migratorius",2.0411
1999,"American Robin","Turdus migratorius",4.9935
2000,"American Robin","Turdus migratorius",5.352
2001,"American Robin","Turdus migratorius",2.6947
2002,"American Robin","Turdus migratorius",8.5898
2003,"American Robin","Turdus migratorius",1.4602
2004,"American Robin","Turdus migratorius",6.4198
2005,"American Robin","Turdus migratorius",27.2816
2006,"American Robin","Turdus migratorius",2.513
2007,"American Robin","Turdus migratorius",5.5444
2008,"American Robin","Turdus migratorius",1.7015
2009,"American Robin","Turdus migratorius",2.2151
2010,"American Robin","Turdus migratorius",2.9474
2011,"American Robin","Turdus migratorius",9.4221
2012,"American Robin","Turdus migratorius",3.9857
2013,"American Robin","Turdus migratorius",3.6672
2014,"American Robin","Turdus migratorius",3.6882
2015,"American Robin","Turdus migratorius",2.9126
2016,"American Robin","Turdus migratorius",2.3838
2017,"American Robin","Turdus migratorius",7.3735
2018,"American Robin","Turdus migratorius",4.5768
2019,"American Robin","Turdus migratorius",2.6853
2020,"American Robin","Turdus migratorius",24.1392
2021,"American Robin","Turdus migratorius",2.195
2022,"American Robin","Turdus migratorius",7.0121
2023,"American Robin","Turdus migratorius",4.9773
2024,"American Robin","Turdus migratorius",1.9378
1923,"Mourning Dove","Zenaida macroura",0
1928,"Mourning Dove","Zenaida macroura",0
1929,"Mourning Dove","Zenaida macroura",0
1930,"Mourning Dove","Zenaida macroura",0
1931,"Mourning Dove","Zenaida macroura",0
1932,"Mourning Dove","Zenaida macroura",0
1933,"Mourning Dove","Zenaida macroura",0
1934,"Mourning Dove","Zenaida macroura",0
1935,"Mourning Dove","Zenaida macroura",0
1936,"Mourning Dove","Zenaida macroura",0
1937,"Mourning Dove","Zenaida macroura",0
1938,"Mourning Dove","Zenaida macroura",0
1940,"Mourning Dove","Zenaida macroura",0
1941,"Mourning Dove","Zenaida macroura",6.32
1943,"Mourning Dove","Zenaida macroura",0.6111
1944,"Mourning Dove","Zenaida macroura",0
1945,"Mourning Dove","Zenaida macroura",1.0526
1946,"Mourning Dove","Zenaida macroura",0.3182
1947,"Mourning Dove","Zenaida macroura",4.6364
1948,"Mourning Dove","Zenaida macroura",0.2903
1950,"Mourning Dove","Zenaida macroura",0.0571
1951,"Mourning Dove","Zenaida macroura",0.2692
1952,"Mourning Dove","Zenaida macroura",0.5
1953,"Mourning Dove","Zenaida macroura",1.5526
1954,"Mourning Dove","Zenaida macroura",0.1882
1956,"Mourning Dove","Zenaida macroura",1.0385
1957,"Mourning Dove","Zenaida macroura",1.8947
1958,"Mourning Dove","Zenaida macroura",0.5
1959,"Mourning Dove","Zenaida macroura",1.0357
1960,"Mourning Dove","Zenaida macroura",0
1961,"Mourning Dove","Zenaida macroura",3.1818
1962,"Mourning Dove","Zenaida macroura",1.6604
1963,"Mourning Dove","Zenaida macroura",1.5714
1964,"Mourning Dove","Zenaida macroura",1.7778
1965,"Mourning Dove","Zenaida macroura",6.8182
1966,"Mourning Dove","Zenaida macroura",3.1148
1967,"Mourning Dove","Zenaida macroura",3.6735
1968,"Mourning Dove","Zenaida macroura",3.5714
1969,"Mourning Dove","Zenaida macroura",2.8169
1970,"Mourning Dove","Zenaida macroura",1.3538
1971,"Mourning Dove","Zenaida macroura",3.3333
1972,"Mourning Dove","Zenaida macroura",4.4107
1973,"Mourning Dove","Zenaida macroura",6.04
1974,"Mourning Dove","Zenaida macroura",4.1493
1975,"Mourning Dove","Zenaida macroura",4.9796
1976,"Mourning Dove","Zenaida macroura",4.906
1977,"Mourning Dove","Zenaida macroura",3.35
1978,"Mourning Dove","Zenaida macroura",6.5056
1979,"Mourning Dove","Zenaida macroura",4.775
1980,"Mourning Dove","Zenaida macroura",6.1259
1981,"Mourning Dove","Zenaida macroura",4.6918
1982,"Mourning Dove","Zenaida macroura",5.3709
1983,"Mourning Dove","Zenaida macroura",2.3125
1984,"Mourning Dove","Zenaida macroura",2.963
1985,"Mourning Dove","Zenaida macroura",3.1646
1986,"Mourning Dove","Zenaida macroura",3.24
1987,"Mourning Dove","Zenaida macroura",4.5481
1988,"Mourning Dove","Zenaida macroura",3.2703
1989,"Mourning Dove","Zenaida macroura",2.787
1990,"Mourning Dove","Zenaida macroura",1.8261
1991,"Mourning Dove","Zenaida macroura",2.8707
1992,"Mourning Dove","Zenaida macroura",2.2735
1993,"Mourning Dove","Zenaida macroura",1.6495
1994,"Mourning Dove","Zenaida macroura",1.3694
1995,"Mourning Dove","Zenaida macroura",0.9558
1996,"Mourning Dove","Zenaida macroura",2.412
1997,"Mourning Dove","Zenaida macroura",1.3592
1998,"Mourning Dove","Zenaida macroura",2.1682
1999,"Mourning Dove","Zenaida macroura",1.2
2000,"Mourning Dove","Zenaida macroura",2.2
2001,"Mourning Dove","Zenaida macroura",3.4316
2002,"Mourning Dove","Zenaida macroura",1.7288
2003,"Mourning Dove","Zenaida macroura",1.5289
2004,"Mourning Dove","Zenaida macroura",1.8413
2005,"Mourning Dove","Zenaida macroura",1.8724
2006,"Mourning Dove","Zenaida macroura",2.2602
2007,"Mourning Dove","Zenaida macroura",1.6407
2008,"Mourning Dove","Zenaida macroura",2.1791
2009,"Mourning Dove","Zenaida macroura",1.0438
2010,"Mourning Dove","Zenaida macroura",1.6541
2011,"Mourning Dove","Zenaida macroura",1.4449
2012,"Mourning Dove","Zenaida macroura",0.9571
2013,"Mourning Dove","Zenaida macroura",1.3313
2014,"Mourning Dove","Zenaida macroura",1.1706
2015,"Mourning Dove","Zenaida macroura",0.941
2016,"Mourning Dove","Zenaida macroura",0.936
2017,"Mourning Dove","Zenaida macroura",0.9816
2018,"Mourning Dove","Zenaida macroura",1.1047
2019,"Mourning Dove","Zenaida macroura",1.0468
2020,"Mourning Dove","Zenaida macroura",0.8373
2021,"Mourning Dove","Zenaida macroura",1.0055
2022,"Mourning Dove","Zenaida macroura",0.5298
2023,"Mourning Dove","Zenaida macroura",0.8712
2024,"Mourning Dove","Zenaida macroura",0.5981
1902,"Red-winged Blackbird","Agelaius phoeniceus",0
1903,"Red-winged Blackbird","Agelaius phoeniceus",0
1904,"Red-winged Blackbird","Agelaius phoeniceus",0
1905,"Red-winged Blackbird","Agelaius phoeniceus",0
1906,"Red-winged Blackbird","Agelaius phoeniceus",0
1940,"Red-winged Blackbird","Agelaius phoeniceus",0
1942,"Red-winged Blackbird","Agelaius phoeniceus",0
1943,"Red-winged Blackbird","Agelaius phoeniceus",0
1948,"Red-winged Blackbird","Agelaius phoeniceus",0
1949,"Red-winged Blackbird","Agelaius phoeniceus",0
1968,"Red-winged Blackbird","Agelaius phoeniceus",0.0488
1969,"Red-winged Blackbird","Agelaius phoeniceus",17.5676
1970,"Red-winged Blackbird","Agelaius phoeniceus",2.5
1971,"Red-winged Blackbird","Agelaius phoeniceus",0
1973,"Red-winged Blackbird","Agelaius phoeniceus",52.8667
1974,"Red-winged Blackbird","Agelaius phoeniceus",33.4872
1975,"Red-winged Blackbird","Agelaius phoeniceus",3.1
1976,"Red-winged Blackbird","Agelaius phoeniceus",5.6034
1977,"Red-winged Blackbird","Agelaius phoeniceus",154.1039
1978,"Red-winged Blackbird","Agelaius phoeniceus",2.8333
1979,"Red-winged Blackbird","Agelaius phoeniceus",315.534
1980,"Red-winged Blackbird","Agelaius phoeniceus",4.3636
1981,"Red-winged Blackbird","Agelaius phoeniceus",1.2336
1982,"Red-winged Blackbird","Agelaius phoeniceus",22.7302
1983,"Red-winged Blackbird","Agelaius phoeniceus",1.9833
1984,"Red-winged Blackbird","Agelaius phoeniceus",26.7656
1985,"Red-winged Blackbird","Agelaius phoeniceus",2.0933
1986,"Red-winged Blackbird","Agelaius phoeniceus",13.1538
1987,"Red-winged Blackbird","Agelaius phoeniceus",19.0943
1988,"Red-winged Blackbird","Agelaius phoeniceus",0.5319
1989,"Red-winged Blackbird","Agelaius phoeniceus",14.375
1990,"Red-winged Blackbird","Agelaius phoeniceus",10.2254
1991,"Red-winged Blackbird","Agelaius phoeniceus",1.7808
1992,"Red-winged Blackbird","Agelaius phoeniceus",2.0615
1993,"Red-winged Blackbird","Agelaius phoeniceus",0.9231
1994,"Red-winged Blackbird","Agelaius phoeniceus",189.0728
1995,"Red-winged Blackbird","Agelaius phoeniceus",4.2088
1996,"Red-winged Blackbird","Agelaius phoeniceus",1.8871
1997,"Red-winged Blackbird","Agelaius phoeniceus",6.9595
1998,"Red-winged Blackbird","Agelaius phoeniceus",12.3307
1999,"Red-winged Blackbird","Agelaius phoeniceus",7.4437
2000,"Red-winged Blackbird","Agelaius phoeniceus",15.8804
2001,"Red-winged Blackbird","Agelaius phoeniceus",14.3123
2002,"Red-winged Blackbird","Agelaius phoeniceus",6.2475
2003,"Red-winged Blackbird","Agelaius phoeniceus",36.4706
2004,"Red-winged Blackbird","Agelaius phoeniceus",8.75
2005,"Red-winged Blackbird","Agelaius phoeniceus",23.1508
2006,"Red-winged Blackbird","Agelaius phoeniceus",13.6919
2007,"Red-winged Blackbird","Agelaius phoeniceus",4.1337
2008,"Red-winged Blackbird","Agelaius phoeniceus",6.1818
2009,"Red-winged Blackbird","Agelaius phoeniceus",2.5037
2010,"Red-winged Blackbird","Agelaius phoeniceus",1.7005
2011,"Red-winged Blackbird","Agelaius phoeniceus",5.4404
2012,"Red-winged Blackbird","Agelaius phoeniceus",12.8407
2013,"Red-winged Blackbird","Agelaius phoeniceus",4.7718
2014,"Red-winged Blackbird","Agelaius phoeniceus",7.8284
2015,"Red-winged Blackbird","Agelaius phoeniceus",9.8768
2016,"Red-winged Blackbird","Agelaius phoeniceus",7.8853
2017,"Red-winged Blackbird","Agelaius phoeniceus",21.2275
2018,"Red-winged Blackbird","Agelaius phoeniceus",3.4158
2019,"Red-winged Blackbird","Agelaius phoeniceus",2.3614
2020,"Red-winged Blackbird","Agelaius phoeniceus",11.1207
2021,"Red-winged Blackbird","Agelaius phoeniceus",10.7259
2022,"Red-winged Blackbird","Agelaius phoeniceus",18.4027
2023,"Red-winged Blackbird","Agelaius phoeniceus",8.2353
2024,"Red-winged Blackbird","Agelaius phoeniceus",9.4583
1902,"Great Blue Heron","Ardea herodias herodias Group",0
1903,"Great Blue Heron","Ardea herodias herodias Group",0
1904,"Great Blue Heron","Ardea herodias herodias Group",0
1905,"Great Blue Heron","Ardea herodias herodias Group",0
1906,"Great Blue Heron","Ardea herodias herodias Group",0
1940,"Great Blue Heron","Ardea herodias herodias Group",0
1942,"Great Blue Heron","Ardea herodias herodias Group",0
1943,"Great Blue Heron","Ardea herodias herodias Group",0
1948,"Great Blue Heron","Ardea herodias herodias Group",0
1949,"Great Blue Heron","Ardea herodias herodias Group",0
1968,"Great Blue Heron","Ardea herodias herodias Group",0.0732
1969,"Great Blue Heron","Ardea herodias herodias Group",0.027
1970,"Great Blue Heron","Ardea herodias herodias Group",0.1
1971,"Great Blue Heron","Ardea herodias herodias Group",0
1973,"Great Blue Heron","Ardea herodias herodias Group",0.0667
1974,"Great Blue Heron","Ardea herodias herodias Group",0.0897
1975,"Great Blue Heron","Ardea herodias herodias Group",0.1
1976,"Great Blue Heron","Ardea herodias herodias Group",0.069
1977,"Great Blue Heron","Ardea herodias herodias Group",0.0779
1978,"Great Blue Heron","Ardea herodias herodias Group",0.0455
1979,"Great Blue Heron","Ardea herodias herodias Group",0.1359
1980,"Great Blue Heron","Ardea herodias herodias Group",0.1515
1981,"Great Blue Heron","Ardea herodias herodias Group",0.2617
1982,"Great Blue Heron","Ardea herodias herodias Group",0.1905
1983,"Great Blue Heron","Ardea herodias herodias Group",0.3833
1984,"Great Blue Heron","Ardea herodias herodias Group",1.3281
1985,"Great Blue Heron","Ardea herodias herodias Group",0.3333
1986,"Great Blue Heron","Ardea herodias herodias Group",2.0769
1987,"Great Blue Heron","Ardea herodias herodias Group",2.1698
1988,"Great Blue Heron","Ardea herodias herodias Group",2.3617
1989,"Great Blue Heron","Ardea herodias herodias Group",0.625
1990,"Great Blue Heron","Ardea herodias herodias Group",1.4789
1991,"Great Blue Heron","Ardea herodias herodias Group",2.1918
1992,"Great Blue Heron","Ardea herodias herodias Group",0.9385
1993,"Great Blue Heron","Ardea herodias herodias Group",1.9323
1994,"Great Blue Heron","Ardea herodias herodias Group",1.8851
1995,"Great Blue Heron","Ardea herodias herodias Group",0.6154
1996,"Great Blue Heron","Ardea herodias herodias Group",1.129
1997,"Great Blue Heron","Ardea herodias herodias Group",1.9865
1998,"Great Blue Heron","Ardea herodias herodias Group",3.3701
1999,"Great Blue Heron","Ardea herodias herodias Group",0.7417
2000,"Great Blue Heron","Ardea herodias herodias Group",0.4651
2001,"Great Blue Heron","Ardea herodias herodias Group",1.9136
2002,"Great Blue Heron","Ardea herodias herodias Group",0.5217
2003,"Great Blue Heron","Ardea herodias herodias Group",0.402
2004,"Great Blue Heron","Ardea herodias herodias Group",0.5648
2005,"Great Blue Heron","Ardea herodias herodias Group",1.4749
2006,"Great Blue Heron","Ardea herodias herodias Group",0.4597
2007,"Great Blue Heron","Ardea herodias herodias Group",1.2411
2008,"Great Blue Heron","Ardea herodias herodias Group",0.6475
2009,"Great Blue Heron","Ardea herodias herodias Group",0.6185
2010,"Great Blue Heron","Ardea herodias herodias Group",0.744
2011,"Great Blue Heron","Ardea herodias herodias Group",1.4508
2012,"Great Blue Heron","Ardea herodias herodias Group",0.823
2013,"Great Blue Heron","Ardea herodias herodias Group",0.6308
2014,"Great Blue Heron","Ardea herodias herodias Group",0.3955
2015,"Great Blue Heron","Ardea herodias herodias Group",0.305
2016,"Great Blue Heron","Ardea herodias herodias Group",0.4714
2017,"Great Blue Heron","Ardea herodias herodias Group",0.9785
2018,"Great Blue Heron","Ardea herodias herodias Group",0.5889
2019,"Great Blue Heron","Ardea herodias herodias Group",0.7036
2020,"Great Blue Heron","Ardea herodias herodias Group",0.3367
2021,"Great Blue Heron","Ardea herodias herodias Group",1.2148
2022,"Great Blue Heron","Ardea herodias herodias Group",0.4369
2023,"Great Blue Heron","Ardea herodias herodias Group",1.0588
2024,"Great Blue Heron","Ardea herodias herodias Group",0.4722
1902,"Tufted Titmouse","Baeolophus bicolor",0
1903,"Tufted Titmouse","Baeolophus bicolor",0
1904,"Tufted Titmouse","Baeolophus bicolor",0
1905,"Tufted Titmouse","Baeolophus bicolor",0
1906,"Tufted Titmouse","Baeolophus bicolor",0
1940,"Tufted Titmouse","Baeolophus bicolor",0
1942,"Tufted Titmouse","Baeolophus bicolor",0
1943,"Tufted Titmouse","Baeolophus bicolor",1.4
1948,"Tufted Titmouse","Baeolophus bicolor",0
1949,"Tufted Titmouse","Baeolophus bicolor",0
1968,"Tufted Titmouse","Baeolophus bicolor",1.0244
1969,"Tufted Titmouse","Baeolophus bicolor",1.0811
1970,"Tufted Titmouse","Baeolophus bicolor",1.45
1971,"Tufted Titmouse","Baeolophus bicolor",0.8
1973,"Tufted Titmouse","Baeolophus bicolor",0.7333
1974,"Tufted Titmouse","Baeolophus bicolor",1.2308
1975,"Tufted Titmouse","Baeolophus bicolor",0.7167
1976,"Tufted Titmouse","Baeolophus bicolor",1.3276
1977,"Tufted Titmouse","Baeolophus bicolor",0.7403
1978,"Tufted Titmouse","Baeolophus bicolor",0.5455
1979,"Tufted Titmouse","Baeolophus bicolor",1.7864
1980,"Tufted Titmouse","Baeolophus bicolor",1.6061
1981,"Tufted Titmouse","Baeolophus bicolor",2.0374
1982,"Tufted Titmouse","Baeolophus bicolor",1.3651
1983,"Tufted Titmouse","Baeolophus bicolor",3.2833
1984,"Tufted Titmouse","Baeolophus bicolor",0.9219
1985,"Tufted Titmouse","Baeolophus bicolor",1.2667
1986,"Tufted Titmouse","Baeolophus bicolor",0.7885
1987,"Tufted Titmouse","Baeolophus bicolor",1.6038
1988,"Tufted Titmouse","Baeolophus bicolor",1.5532
1989,"Tufted Titmouse","Baeolophus bicolor",1.4219
1990,"Tufted Titmouse","Baeolophus bicolor",1.4507
1991,"Tufted Titmouse","Baeolophus bicolor",0.9315
1992,"Tufted Titmouse","Baeolophus bicolor",1.0462
1993,"Tufted Titmouse","Baeolophus bicolor",1.76
1994,"Tufted Titmouse","Baeolophus bicolor",1.2874
1995,"Tufted Titmouse","Baeolophus bicolor",1.9451
1996,"Tufted Titmouse","Baeolophus bicolor",2.2097
1997,"Tufted Titmouse","Baeolophus bicolor",2.4324
1998,"Tufted Titmouse","Baeolophus bicolor",2.5039
1999,"Tufted Titmouse","Baeolophus bicolor",1.9073
2000,"Tufted Titmouse","Baeolophus bicolor",0.7973
2001,"Tufted Titmouse","Baeolophus bicolor",1.887
2002,"Tufted Titmouse","Baeolophus bicolor",1.6589
2003,"Tufted Titmouse","Baeolophus bicolor",1.6863
2004,"Tufted Titmouse","Baeolophus bicolor",3.2593
2005,"Tufted Titmouse","Baeolophus bicolor",2.9162
2006,"Tufted Titmouse","Baeolophus bicolor",2.2689
2007,"Tufted Titmouse","Baeolophus bicolor",2.1862
2008,"Tufted Titmouse","Baeolophus bicolor",3.6364
2009,"Tufted Titmouse","Baeolophus bicolor",2.5636
2010,"Tufted Titmouse","Baeolophus bicolor",2.4638
2011,"Tufted Titmouse","Baeolophus bicolor",2.7772
2012,"Tufted Titmouse","Baeolophus bicolor",3.1593
2013,"Tufted Titmouse","Baeolophus bicolor",3.3098
2014,"Tufted Titmouse","Baeolophus bicolor",2.6642
2015,"Tufted Titmouse","Baeolophus bicolor",2.522
2016,"Tufted Titmouse","Baeolophus bicolor",2.4686
2017,"Tufted Titmouse","Baeolophus bicolor",2.2146
2018,"Tufted Titmouse","Baeolophus bicolor",2.8399
2019,"Tufted Titmouse","Baeolophus bicolor",2.3614
2020,"Tufted Titmouse","Baeolophus bicolor",2.2607
2021,"Tufted Titmouse","Baeolophus bicolor",2.7111
2022,"Tufted Titmouse","Baeolophus bicolor",1.9932
2023,"Tufted Titmouse","Baeolophus bicolor",2.4706
2024,"Tufted Titmouse","Baeolophus bicolor",2.0694
1902,"Canada Goose","Branta canadensis",0
1903,"Canada Goose","Branta canadensis",0
1904,"Canada Goose","Branta canadensis",0
1905,"Canada Goose","Branta canadensis",0
1906,"Canada Goose","Branta canadensis",0
1940,"Canada Goose","Branta canadensis",0
1942,"Canada Goose","Branta canadensis",0
1943,"Canada Goose","Branta canadensis",0
1948,"Canada Goose","Branta canadensis",0
1949,"Canada Goose","Branta canadensis",0
1968,"Canada Goose","Branta canadensis",0
1969,"Canada Goose","Branta canadensis",0
1970,"Canada Goose","Branta canadensis",0
1971,"Canada Goose","Branta canadensis",0
1973,"Canada Goose","Branta canadensis",0
1974,"Canada Goose","Branta canadensis",0.0769
1975,"Canada Goose","Branta canadensis",0
1976,"Canada Goose","Branta canadensis",0
1977,"Canada Goose","Branta canadensis",0
1978,"Canada Goose","Branta canadensis",0
1979,"Canada Goose","Branta canadensis",0.0388
1980,"Canada Goose","Branta canadensis",0.303
1981,"Canada Goose","Branta canadensis",0.1308
1982,"Canada Goose","Branta canadensis",0
1983,"Canada Goose","Branta canadensis",0.1667
1984,"Canada Goose","Branta canadensis",0.4219
1985,"Canada Goose","Branta canadensis",0.0933
1986,"Canada Goose","Branta canadensis",0.6731
1987,"Canada Goose","Branta canadensis",0.1509
1988,"Canada Goose","Branta canadensis",0.9149
1989,"Canada Goose","Branta canadensis",0.5156
1990,"Canada Goose","Branta canadensis",0.2817
1991,"Canada Goose","Branta canadensis",1.5479
1992,"Canada Goose","Branta canadensis",1.1538
1993,"Canada Goose","Branta canadensis",1.5138
1994,"Canada Goose","Branta canadensis",2.1609
1995,"Canada Goose","Branta canadensis",6.2967
1996,"Canada Goose","Branta canadensis",5.8226
1997,"Canada Goose","Branta canadensis",8.9189
1998,"Canada Goose","Branta canadensis",7.7323
1999,"Canada Goose","Branta canadensis",3.7219
2000,"Canada Goose","Branta canadensis",5.0233
2001,"Canada Goose","Branta canadensis",8.4784
2002,"Canada Goose","Branta canadensis",12.7893
2003,"Canada Goose","Branta canadensis",6.7353
2004,"Canada Goose","Branta canadensis",12.5741
2005,"Canada Goose","Branta canadensis",8.2458
2006,"Canada Goose","Branta canadensis",10.0244
2007,"Canada Goose","Branta canadensis",8.8592
2008,"Canada Goose","Branta canadensis",11.4856
2009,"Canada Goose","Branta canadensis",6.2843
2010,"Canada Goose","Branta canadensis",11.4686
2011,"Canada Goose","Branta canadensis",5.285
2012,"Canada Goose","Branta canadensis",7.9646
2013,"Canada Goose","Branta canadensis",5.3581
2014,"Canada Goose","Branta canadensis",5.209
2015,"Canada Goose","Branta canadensis",7.2727
2016,"Canada Goose","Branta canadensis",4.7136
2017,"Canada Goose","Branta canadensis",6.2833
2018,"Canada Goose","Branta canadensis",9.0826
2019,"Canada Goose","Branta canadensis",4.4434
2020,"Canada Goose","Branta canadensis",3.7133
2021,"Canada Goose","Branta canadensis",5.8519
2022,"Canada Goose","Branta canadensis",5.0375
2023,"Canada Goose","Branta canadensis",7.5294
2024,"Canada Goose","Branta canadensis",4.7778
1902,"Red-shouldered Hawk","Buteo lineatus",0
1903,"Red-shouldered Hawk","Buteo lineatus",0
1904,"Red-shouldered Hawk","Buteo lineatus",0
1905,"Red-shouldered Hawk","Buteo lineatus",0
1906,"Red-shouldered Hawk","Buteo lineatus",0
1940,"Red-shouldered Hawk","Buteo lineatus",0
1942,"Red-shouldered Hawk","Buteo lineatus",0
1943,"Red-shouldered Hawk","Buteo lineatus",0
1948,"Red-shouldered Hawk","Buteo lineatus",0
1949,"Red-shouldered Hawk","Buteo lineatus",0
1968,"Red-shouldered Hawk","Buteo lineatus",0.0244
1969,"Red-shouldered Hawk","Buteo lineatus",0.027
1970,"Red-shouldered Hawk","Buteo lineatus",0
1971,"Red-shouldered Hawk","Buteo lineatus",0
1973,"Red-shouldered Hawk","Buteo lineatus",0.0333
1974,"Red-shouldered Hawk","Buteo lineatus",0.0897
1975,"Red-shouldered Hawk","Buteo lineatus",0.0833
1976,"Red-shouldered Hawk","Buteo lineatus",0.1034
1977,"Red-shouldered Hawk","Buteo lineatus",0.013
1978,"Red-shouldered Hawk","Buteo lineatus",0.0303
1979,"Red-shouldered Hawk","Buteo lineatus",0.1359
1980,"Red-shouldered Hawk","Buteo lineatus",0.0909
1981,"Red-shouldered Hawk","Buteo lineatus",0.1308
1982,"Red-shouldered Hawk","Buteo lineatus",0.0794
1983,"Red-shouldered Hawk","Buteo lineatus",0.15
1984,"Red-shouldered Hawk","Buteo lineatus",0.125
1985,"Red-shouldered Hawk","Buteo lineatus",0.0133
1986,"Red-shouldered Hawk","Buteo lineatus",0.0962
1987,"Red-shouldered Hawk","Buteo lineatus",0
1988,"Red-shouldered Hawk","Buteo lineatus",0
1989,"Red-shouldered Hawk","Buteo lineatus",0.1563
1990,"Red-shouldered Hawk","Buteo lineatus",0.0563
1991,"Red-shouldered Hawk","Buteo lineatus",0.0274
1992,"Red-shouldered Hawk","Buteo lineatus",0.0154
1993,"Red-shouldered Hawk","Buteo lineatus",0.0492
1994,"Red-shouldered Hawk","Buteo lineatus",0.0613
1995,"Red-shouldered Hawk","Buteo lineatus",0.0769
1996,"Red-shouldered Hawk","Buteo lineatus",0.2097
1997,"Red-shouldered Hawk","Buteo lineatus",0.2027
1998,"Red-shouldered Hawk","Buteo lineatus",0.126
1999,"Red-shouldered Hawk","Buteo lineatus",0.0927
2000,"Red-shouldered Hawk","Buteo lineatus",0.1063
2001,"Red-shouldered Hawk","Buteo lineatus",0.2658
2002,"Red-shouldered Hawk","Buteo lineatus",0.1472
2003,"Red-shouldered Hawk","Buteo lineatus",0.0392
2004,"Red-shouldered Hawk","Buteo lineatus",0.2963
2005,"Red-shouldered Hawk","Buteo lineatus",0.1453
2006,"Red-shouldered Hawk","Buteo lineatus",0.2347
2007,"Red-shouldered Hawk","Buteo lineatus",0.0859
2008,"Red-shouldered Hawk","Buteo lineatus",0.2483
2009,"Red-shouldered Hawk","Buteo lineatus",0.1596
2010,"Red-shouldered Hawk","Buteo lineatus",0.2319
2011,"Red-shouldered Hawk","Buteo lineatus",0.1865
2012,"Red-shouldered Hawk","Buteo lineatus",0.2389
2013,"Red-shouldered Hawk","Buteo lineatus",0.3117
2014,"Red-shouldered Hawk","Buteo lineatus",0.2537
2015,"Red-shouldered Hawk","Buteo lineatus",0.305
2016,"Red-shouldered Hawk","Buteo lineatus",0.2317
2017,"Red-shouldered Hawk","Buteo lineatus",0.2918
2018,"Red-shouldered Hawk","Buteo lineatus",0.2617
2019,"Red-shouldered Hawk","Buteo lineatus",0.3084
2020,"Red-shouldered Hawk","Buteo lineatus",0.2405
2021,"Red-shouldered Hawk","Buteo lineatus",0.163
2022,"Red-shouldered Hawk","Buteo lineatus",0.3003
2023,"Red-shouldered Hawk","Buteo lineatus",0.2647
2024,"Red-shouldered Hawk","Buteo lineatus",0.3333
1902,"Northern Cardinal","Cardinalis cardinalis",0
1903,"Northern Cardinal","Cardinalis cardinalis",0
1904,"Northern Cardinal","Cardinalis cardinalis",0
1905,"Northern Cardinal","Cardinalis cardinalis",0
1906,"Northern Cardinal","Cardinalis cardinalis",0
1940,"Northern Cardinal","Cardinalis cardinalis",0
1942,"Northern Cardinal","Cardinalis cardinalis",0
1943,"Northern Cardinal","Cardinalis cardinalis",3.0667
1948,"Northern Cardinal","Cardinalis cardinalis",0
1949,"Northern Cardinal","Cardinalis cardinalis",0
1968,"Northern Cardinal","Cardinalis cardinalis",1.7805
1969,"Northern Cardinal","Cardinalis cardinalis",3.5135
1970,"Northern Cardinal","Cardinalis cardinalis",5.5
1971,"Northern Cardinal","Cardinalis cardinalis",5.6667
1973,"Northern Cardinal","Cardinalis cardinalis",6.9667
1974,"Northern Cardinal","Cardinalis cardinalis",3.4359
1975,"Northern Cardinal","Cardinalis cardinalis",2.7167
1976,"Northern Cardinal","Cardinalis cardinalis",2.6897
1977,"Northern Cardinal","Cardinalis cardinalis",3.1169
1978,"Northern Cardinal","Cardinalis cardinalis",1.4394
1979,"Northern Cardinal","Cardinalis cardinalis",3.4369
1980,"Northern Cardinal","Cardinalis cardinalis",4.1212
1981,"Northern Cardinal","Cardinalis cardinalis",2.4673
1982,"Northern Cardinal","Cardinalis cardinalis",4.9365
1983,"Northern Cardinal","Cardinalis cardinalis",2.4333
1984,"Northern Cardinal","Cardinalis cardinalis",1.7969
1985,"Northern Cardinal","Cardinalis cardinalis",2.2133
1986,"Northern Cardinal","Cardinalis cardinalis",1.7692
1987,"Northern Cardinal","Cardinalis cardinalis",4.4151
1988,"Northern Cardinal","Cardinalis cardinalis",2.9787
1989,"Northern Cardinal","Cardinalis cardinalis",4.4531
1990,"Northern Cardinal","Cardinalis cardinalis",3.7183
1991,"Northern Cardinal","Cardinalis cardinalis",1.9315
1992,"Northern Cardinal","Cardinalis cardinalis",2.5231
1993,"Northern Cardinal","Cardinalis cardinalis",2.08
1994,"Northern Cardinal","Cardinalis cardinalis",1.5785
1995,"Northern Cardinal","Cardinalis cardinalis",3.1209
1996,"Northern Cardinal","Cardinalis cardinalis",3.9677
1997,"Northern Cardinal","Cardinalis cardinalis",2.1351
1998,"Northern Cardinal","Cardinalis cardinalis",2.8346
1999,"Northern Cardinal","Cardinalis cardinalis",3.4702
2000,"Northern Cardinal","Cardinalis cardinalis",1.5947
2001,"Northern Cardinal","Cardinalis cardinalis",2.0864
2002,"Northern Cardinal","Cardinalis cardinalis",3.0368
2003,"Northern Cardinal","Cardinalis cardinalis",2.951
2004,"Northern Cardinal","Cardinalis cardinalis",4.2685
2005,"Northern Cardinal","Cardinalis cardinalis",6.067
2006,"Northern Cardinal","Cardinalis cardinalis",3.511
2007,"Northern Cardinal","Cardinalis cardinalis",3.3604
2008,"Northern Cardinal","Cardinalis cardinalis",3.4058
2009,"Northern Cardinal","Cardinalis cardinalis",4.6584
2010,"Northern Cardinal","Cardinalis cardinalis",3.2367
2011,"Northern Cardinal","Cardinalis cardinalis",3.9896
2012,"Northern Cardinal","Cardinalis cardinalis",3.7611
2013,"Northern Cardinal","Cardinalis cardinalis",3.4657
2014,"Northern Cardinal","Cardinalis cardinalis",2.3433
2015,"Northern Cardinal","Cardinalis cardinalis",2.8622
2016,"Northern Cardinal","Cardinalis cardinalis",2.8681
2017,"Northern Cardinal","Cardinalis cardinalis",3.2361
2018,"Northern Cardinal","Cardinalis cardinalis",3.6906
2019,"Northern Cardinal","Cardinalis cardinalis",3.4602
2020,"Northern Cardinal","Cardinalis cardinalis",4.1847
2021,"Northern Cardinal","Cardinalis cardinalis",3.4074
2022,"Northern Cardinal","Cardinalis cardinalis",0
2023,"Northern Cardinal","Cardinalis cardinalis",3.0588
2024,"Northern Cardinal","Cardinalis cardinalis",3.0139
1902,"Turkey Vulture","Cathartes aura",0
1903,"Turkey Vulture","Cathartes aura",0
1904,"Turkey Vulture","Cathartes aura",0
1905,"Turkey Vulture","Cathartes aura",0
1906,"Turkey Vulture","Cathartes aura",0
1940,"Turkey Vulture","Cathartes aura",0
1942,"Turkey Vulture","Cathartes aura",0
1943,"Turkey Vulture","Cathartes aura",4.8667
1948,"Turkey Vulture","Cathartes aura",0
1949,"Turkey Vulture","Cathartes aura",0
1968,"Turkey Vulture","Cathartes aura",0.2683
1969,"Turkey Vulture","Cathartes aura",0.0541
1970,"Turkey Vulture","Cathartes aura",0
1971,"Turkey Vulture","Cathartes aura",0.7333
1973,"Turkey Vulture","Cathartes aura",0
1974,"Turkey Vulture","Cathartes aura",0.4231
1975,"Turkey Vulture","Cathartes aura",0.3833
1976,"Turkey Vulture","Cathartes aura",1.0172
1977,"Turkey Vulture","Cathartes aura",0.013
1978,"Turkey Vulture","Cathartes aura",0.7424
1979,"Turkey Vulture","Cathartes aura",0.7379
1980,"Turkey Vulture","Cathartes aura",1.303
1981,"Turkey Vulture","Cathartes aura",1.9439
1982,"Turkey Vulture","Cathartes aura",0.1429
1983,"Turkey Vulture","Cathartes aura",1.3833
1984,"Turkey Vulture","Cathartes aura",0.375
1985,"Turkey Vulture","Cathartes aura",0.5333
1986,"Turkey Vulture","Cathartes aura",0.4231
1987,"Turkey Vulture","Cathartes aura",0.7547
1988,"Turkey Vulture","Cathartes aura",0.2766
1989,"Turkey Vulture","Cathartes aura",0.5
1990,"Turkey Vulture","Cathartes aura",1.169
1991,"Turkey Vulture","Cathartes aura",0.6438
1992,"Turkey Vulture","Cathartes aura",0.0462
1993,"Turkey Vulture","Cathartes aura",0.96
1994,"Turkey Vulture","Cathartes aura",0.9195
1995,"Turkey Vulture","Cathartes aura",0.5385
1996,"Turkey Vulture","Cathartes aura",0.9839
1997,"Turkey Vulture","Cathartes aura",1.1757
1998,"Turkey Vulture","Cathartes aura",1.3701
1999,"Turkey Vulture","Cathartes aura",1.1788
2000,"Turkey Vulture","Cathartes aura",0.9169
2001,"Turkey Vulture","Cathartes aura",2.3256
2002,"Turkey Vulture","Cathartes aura",1.0167
2003,"Turkey Vulture","Cathartes aura",0.3431
2004,"Turkey Vulture","Cathartes aura",1.1667
2005,"Turkey Vulture","Cathartes aura",0.9609
2006,"Turkey Vulture","Cathartes aura",1.7311
2007,"Turkey Vulture","Cathartes aura",1.5179
2008,"Turkey Vulture","Cathartes aura",0.745
2009,"Turkey Vulture","Cathartes aura",1.5062
2010,"Turkey Vulture","Cathartes aura",2.0676
2011,"Turkey Vulture","Cathartes aura",2.1347
2012,"Turkey Vulture","Cathartes aura",0.8407
2013,"Turkey Vulture","Cathartes aura",1.7365
2014,"Turkey Vulture","Cathartes aura",1.4925
2015,"Turkey Vulture","Cathartes aura",2.2522
2016,"Turkey Vulture","Cathartes aura",1.7736
2017,"Turkey Vulture","Cathartes aura",0.8755
2018,"Turkey Vulture","Cathartes aura",1.806
2019,"Turkey Vulture","Cathartes aura",1.3205
2020,"Turkey Vulture","Cathartes aura",0.3078
2021,"Turkey Vulture","Cathartes aura",0.6963
2022,"Turkey Vulture","Cathartes aura",1.7338
2023,"Turkey Vulture","Cathartes aura",0.5294
2024,"Turkey Vulture","Cathartes aura",1.0139
1902,"Killdeer","Charadrius vociferus",0
1903,"Killdeer","Charadrius vociferus",0
1904,"Killdeer","Charadrius vociferus",0
1905,"Killdeer","Charadrius vociferus",0
1906,"Killdeer","Charadrius vociferus",0
1940,"Killdeer","Charadrius vociferus",0
1942,"Killdeer","Charadrius vociferus",0
1943,"Killdeer","Charadrius vociferus",0
1948,"Killdeer","Charadrius vociferus",0
1949,"Killdeer","Charadrius vociferus",0
1968,"Killdeer","Charadrius vociferus",0.1951
1969,"Killdeer","Charadrius vociferus",0.4865
1970,"Killdeer","Charadrius vociferus",0.4
1971,"Killdeer","Charadrius vociferus",0.8
1973,"Killdeer","Charadrius vociferus",0.7333
1974,"Killdeer","Charadrius vociferus",0.6667
1975,"Killdeer","Charadrius vociferus",0.35
1976,"Killdeer","Charadrius vociferus",0.7586
1977,"Killdeer","Charadrius vociferus",0.3506
1978,"Killdeer","Charadrius vociferus",1.1061
1979,"Killdeer","Charadrius vociferus",1.3204
1980,"Killdeer","Charadrius vociferus",0.3939
1981,"Killdeer","Charadrius vociferus",0.6542
1982,"Killdeer","Charadrius vociferus",0.4127
1983,"Killdeer","Charadrius vociferus",0.1667
1984,"Killdeer","Charadrius vociferus",0.9688
1985,"Killdeer","Charadrius vociferus",0.48
1986,"Killdeer","Charadrius vociferus",1.5192
1987,"Killdeer","Charadrius vociferus",1.4717
1988,"Killdeer","Charadrius vociferus",0.5319
1989,"Killdeer","Charadrius vociferus",0.5156
1990,"Killdeer","Charadrius vociferus",0.3239
1991,"Killdeer","Charadrius vociferus",2.1233
1992,"Killdeer","Charadrius vociferus",1.1231
1993,"Killdeer","Charadrius vociferus",2.1046
1994,"Killdeer","Charadrius vociferus",1.0728
1995,"Killdeer","Charadrius vociferus",0.4176
1996,"Killdeer","Charadrius vociferus",0.2903
1997,"Killdeer","Charadrius vociferus",0.4865
1998,"Killdeer","Charadrius vociferus",1.9843
1999,"Killdeer","Charadrius vociferus",0.7285
2000,"Killdeer","Charadrius vociferus",0.8239
2001,"Killdeer","Charadrius vociferus",2.0731
2002,"Killdeer","Charadrius vociferus",0.5351
2003,"Killdeer","Charadrius vociferus",0.1667
2004,"Killdeer","Charadrius vociferus",0.2222
2005,"Killdeer","Charadrius vociferus",0.4469
2006,"Killdeer","Charadrius vociferus",0.2836
2007,"Killdeer","Charadrius vociferus",1.0215
2008,"Killdeer","Charadrius vociferus",0.8071
2009,"Killdeer","Charadrius vociferus",0.419
2010,"Killdeer","Charadrius vociferus",1.6039
2011,"Killdeer","Charadrius vociferus",1.9689
2012,"Killdeer","Charadrius vociferus",0.3628
2013,"Killdeer","Charadrius vociferus",0.6456
2014,"Killdeer","Charadrius vociferus",0.7836
2015,"Killdeer","Charadrius vociferus",0.1408
2016,"Killdeer","Charadrius vociferus",0.1518
2017,"Killdeer","Charadrius vociferus",1.6309
2018,"Killdeer","Charadrius vociferus",0.1963
2019,"Killdeer","Charadrius vociferus",0.2699
2020,"Killdeer","Charadrius vociferus",0.0866
2021,"Killdeer","Charadrius vociferus",0.8741
2022,"Killdeer","Charadrius vociferus",1.7474
2023,"Killdeer","Charadrius vociferus",0.5
2024,"Killdeer","Charadrius vociferus",0.375
1902,"Northern Bobwhite","Colinus virginianus",0
1903,"Northern Bobwhite","Colinus virginianus",0
1904,"Northern Bobwhite","Colinus virginianus",0
1905,"Northern Bobwhite","Colinus virginianus",0
1906,"Northern Bobwhite","Colinus virginianus",0
1940,"Northern Bobwhite","Colinus virginianus",0
1942,"Northern Bobwhite","Colinus virginianus",0
1943,"Northern Bobwhite","Colinus virginianus",1
1948,"Northern Bobwhite","Colinus virginianus",0
1949,"Northern Bobwhite","Colinus virginianus",0
1968,"Northern Bobwhite","Colinus virginianus",1.439
1969,"Northern Bobwhite","Colinus virginianus",0.0541
1970,"Northern Bobwhite","Colinus virginianus",1.7
1971,"Northern Bobwhite","Colinus virginianus",1.5333
1973,"Northern Bobwhite","Colinus virginianus",0.9333
1974,"Northern Bobwhite","Colinus virginianus",0.0513
1975,"Northern Bobwhite","Colinus virginianus",0.8
1976,"Northern Bobwhite","Colinus virginianus",0.931
1977,"Northern Bobwhite","Colinus virginianus",0.6364
1978,"Northern Bobwhite","Colinus virginianus",1.0758
1979,"Northern Bobwhite","Colinus virginianus",0.8155
1980,"Northern Bobwhite","Colinus virginianus",0.3939
1981,"Northern Bobwhite","Colinus virginianus",0.2991
1982,"Northern Bobwhite","Colinus virginianus",1.0952
1983,"Northern Bobwhite","Colinus virginianus",0.15
1984,"Northern Bobwhite","Colinus virginianus",0.2188
1985,"Northern Bobwhite","Colinus virginianus",0.0267
1986,"Northern Bobwhite","Colinus virginianus",0
1987,"Northern Bobwhite","Colinus virginianus",0.1132
1988,"Northern Bobwhite","Colinus virginianus",0.0213
1989,"Northern Bobwhite","Colinus virginianus",0.2344
1990,"Northern Bobwhite","Colinus virginianus",0.4789
1991,"Northern Bobwhite","Colinus virginianus",0
1992,"Northern Bobwhite","Colinus virginianus",0.1538
1993,"Northern Bobwhite","Colinus virginianus",0.0123
1994,"Northern Bobwhite","Colinus virginianus",0.0153
1995,"Northern Bobwhite","Colinus virginianus",0.022
1996,"Northern Bobwhite","Colinus virginianus",0
1997,"Northern Bobwhite","Colinus virginianus",0
1998,"Northern Bobwhite","Colinus virginianus",0.3307
1999,"Northern Bobwhite","Colinus virginianus",0.0795
2000,"Northern Bobwhite","Colinus virginianus",0
2001,"Northern Bobwhite","Colinus virginianus",0
2002,"Northern Bobwhite","Colinus virginianus",0
2003,"Northern Bobwhite","Colinus virginianus",0
2004,"Northern Bobwhite","Colinus virginianus",0
2005,"Northern Bobwhite","Colinus virginianus",0
2006,"Northern Bobwhite","Colinus virginianus",0
2007,"Northern Bobwhite","Colinus virginianus",0
2008,"Northern Bobwhite","Colinus virginianus",0
2009,"Northern Bobwhite","Colinus virginianus",0
2010,"Northern Bobwhite","Colinus virginianus",0
2011,"Northern Bobwhite","Colinus virginianus",0
2012,"Northern Bobwhite","Colinus virginianus",0
2013,"Northern Bobwhite","Colinus virginianus",0
2014,"Northern Bobwhite","Colinus virginianus",0
2015,"Northern Bobwhite","Colinus virginianus",0
2016,"Northern Bobwhite","Colinus virginianus",0
2017,"Northern Bobwhite","Colinus virginianus",0
2018,"Northern Bobwhite","Colinus virginianus",0
2019,"Northern Bobwhite","Colinus virginianus",0
2020,"Northern Bobwhite","Colinus virginianus",0.0096
2021,"Northern Bobwhite","Colinus virginianus",0
2022,"Northern Bobwhite","Colinus virginianus",0
2023,"Northern Bobwhite","Colinus virginianus",0
2024,"Northern Bobwhite","Colinus virginianus",0
1902,"American Crow","Corvus brachyrhynchos",0
1903,"American Crow","Corvus brachyrhynchos",0
1904,"American Crow","Corvus brachyrhynchos",0
1905,"American Crow","Corvus brachyrhynchos",0
1906,"American Crow","Corvus brachyrhynchos",0
1940,"American Crow","Corvus brachyrhynchos",0
1942,"American Crow","Corvus brachyrhynchos",0
1943,"American Crow","Corvus brachyrhynchos",0
1948,"American Crow","Corvus brachyrhynchos",0
1949,"American Crow","Corvus brachyrhynchos",0
1968,"American Crow","Corvus brachyrhynchos",0.6829
1969,"American Crow","Corvus brachyrhynchos",1.4865
1970,"American Crow","Corvus brachyrhynchos",1.75
1971,"American Crow","Corvus brachyrhynchos",3.4667
1973,"American Crow","Corvus brachyrhynchos",0.9667
1974,"American Crow","Corvus brachyrhynchos",2.0897
1975,"American Crow","Corvus brachyrhynchos",2.05
1976,"American Crow","Corvus brachyrhynchos",2.0862
1977,"American Crow","Corvus brachyrhynchos",1.4026
1978,"American Crow","Corvus brachyrhynchos",1.6515
1979,"American Crow","Corvus brachyrhynchos",2.0583
1980,"American Crow","Corvus brachyrhynchos",1.9394
1981,"American Crow","Corvus brachyrhynchos",3.6636
1982,"American Crow","Corvus brachyrhynchos",3.6032
1983,"American Crow","Corvus brachyrhynchos",2.9
1984,"American Crow","Corvus brachyrhynchos",3.4063
1985,"American Crow","Corvus brachyrhynchos",2.5867
1986,"American Crow","Corvus brachyrhynchos",2.7308
1987,"American Crow","Corvus brachyrhynchos",4.5849
1988,"American Crow","Corvus brachyrhynchos",2.0426
1989,"American Crow","Corvus brachyrhynchos",2.0156
1990,"American Crow","Corvus brachyrhynchos",2.4085
1991,"American Crow","Corvus brachyrhynchos",2.6301
1992,"American Crow","Corvus brachyrhynchos",2.9231
1993,"American Crow","Corvus brachyrhynchos",2.1046
1994,"American Crow","Corvus brachyrhynchos",3.1571
1995,"American Crow","Corvus brachyrhynchos",2.7582
1996,"American Crow","Corvus brachyrhynchos",5.2419
1997,"American Crow","Corvus brachyrhynchos",3.8784
1998,"American Crow","Corvus brachyrhynchos",2.7874
1999,"American Crow","Corvus brachyrhynchos",3.4702
2000,"American Crow","Corvus brachyrhynchos",4.093
2001,"American Crow","Corvus brachyrhynchos",3.0831
2002,"American Crow","Corvus brachyrhynchos",3.1706
2003,"American Crow","Corvus brachyrhynchos",1.8922
2004,"American Crow","Corvus brachyrhynchos",3
2005,"American Crow","Corvus brachyrhynchos",4.5251
2006,"American Crow","Corvus brachyrhynchos",3.2078
2007,"American Crow","Corvus brachyrhynchos",3.3317
2008,"American Crow","Corvus brachyrhynchos",3.4767
2009,"American Crow","Corvus brachyrhynchos",3.6209
2010,"American Crow","Corvus brachyrhynchos",5.0725
2011,"American Crow","Corvus brachyrhynchos",5.3161
2012,"American Crow","Corvus brachyrhynchos",5.0354
2013,"American Crow","Corvus brachyrhynchos",4.2004
2014,"American Crow","Corvus brachyrhynchos",4.5672
2015,"American Crow","Corvus brachyrhynchos",3.437
2016,"American Crow","Corvus brachyrhynchos",5.4965
2017,"American Crow","Corvus brachyrhynchos",4.5665
2018,"American Crow","Corvus brachyrhynchos",3.5205
2019,"American Crow","Corvus brachyrhynchos",3.1711
2020,"American Crow","Corvus brachyrhynchos",4.1462
2021,"American Crow","Corvus brachyrhynchos",3.1111
2022,"American Crow","Corvus brachyrhynchos",5.0648
2023,"American Crow","Corvus brachyrhynchos",3.3529
2024,"American Crow","Corvus brachyrhynchos",2.8333
1902,"Fish Crow","Corvus ossifragus",0
1903,"Fish Crow","Corvus ossifragus",0
1904,"Fish Crow","Corvus ossifragus",0
1905,"Fish Crow","Corvus ossifragus",0
1906,"Fish Crow","Corvus ossifragus",0
1940,"Fish Crow","Corvus ossifragus",0
1942,"Fish Crow","Corvus ossifragus",0
1943,"Fish Crow","Corvus ossifragus",0
1948,"Fish Crow","Corvus ossifragus",0
1949,"Fish Crow","Corvus ossifragus",0
1968,"Fish Crow","Corvus ossifragus",0
1969,"Fish Crow","Corvus ossifragus",0
1970,"Fish Crow","Corvus ossifragus",0
1971,"Fish Crow","Corvus ossifragus",0
1973,"Fish Crow","Corvus ossifragus",0
1974,"Fish Crow","Corvus ossifragus",0
1975,"Fish Crow","Corvus ossifragus",0
1976,"Fish Crow","Corvus ossifragus",0
1977,"Fish Crow","Corvus ossifragus",0
1978,"Fish Crow","Corvus ossifragus",0
1979,"Fish Crow","Corvus ossifragus",0
1980,"Fish Crow","Corvus ossifragus",0
1981,"Fish Crow","Corvus ossifragus",0
1982,"Fish Crow","Corvus ossifragus",0
1983,"Fish Crow","Corvus ossifragus",0
1984,"Fish Crow","Corvus ossifragus",0
1985,"Fish Crow","Corvus ossifragus",0
1986,"Fish Crow","Corvus ossifragus",0
1987,"Fish Crow","Corvus ossifragus",0
1988,"Fish Crow","Corvus ossifragus",0
1989,"Fish Crow","Corvus ossifragus",0
1990,"Fish Crow","Corvus ossifragus",0
1991,"Fish Crow","Corvus ossifragus",0
1992,"Fish Crow","Corvus ossifragus",0
1993,"Fish Crow","Corvus ossifragus",0
1994,"Fish Crow","Corvus ossifragus",0
1995,"Fish Crow","Corvus ossifragus",0
1996,"Fish Crow","Corvus ossifragus",0
1997,"Fish Crow","Corvus ossifragus",0
1998,"Fish Crow","Corvus ossifragus",0
1999,"Fish Crow","Corvus ossifragus",0
2000,"Fish Crow","Corvus ossifragus",0
2001,"Fish Crow","Corvus ossifragus",0.0133
2002,"Fish Crow","Corvus ossifragus",0
2003,"Fish Crow","Corvus ossifragus",0
2004,"Fish Crow","Corvus ossifragus",0
2005,"Fish Crow","Corvus ossifragus",0
2006,"Fish Crow","Corvus ossifragus",0
2007,"Fish Crow","Corvus ossifragus",0
2008,"Fish Crow","Corvus ossifragus",0.0089
2009,"Fish Crow","Corvus ossifragus",0
2010,"Fish Crow","Corvus ossifragus",0
2011,"Fish Crow","Corvus ossifragus",0
2012,"Fish Crow","Corvus ossifragus",0
2013,"Fish Crow","Corvus ossifragus",0
2014,"Fish Crow","Corvus ossifragus",0
2015,"Fish Crow","Corvus ossifragus",0
2016,"Fish Crow","Corvus ossifragus",0.008
2017,"Fish Crow","Corvus ossifragus",0.0086
2018,"Fish Crow","Corvus ossifragus",0
2019,"Fish Crow","Corvus ossifragus",0.0096
2020,"Fish Crow","Corvus ossifragus",0
2021,"Fish Crow","Corvus ossifragus",0
2022,"Fish Crow","Corvus ossifragus",0
2023,"Fish Crow","Corvus ossifragus",0.0294
2024,"Fish Crow","Corvus ossifragus",0.0278
1902,"Blue Jay","Cyanocitta cristata",0
1903,"Blue Jay","Cyanocitta cristata",0
1904,"Blue Jay","Cyanocitta cristata",0
1905,"Blue Jay","Cyanocitta cristata",0
1906,"Blue Jay","Cyanocitta cristata",0
1940,"Blue Jay","Cyanocitta cristata",0
1942,"Blue Jay","Cyanocitta cristata",0
1943,"Blue Jay","Cyanocitta cristata",1.0667
1948,"Blue Jay","Cyanocitta cristata",0
1949,"Blue Jay","Cyanocitta cristata",0
1968,"Blue Jay","Cyanocitta cristata",1.3415
1969,"Blue Jay","Cyanocitta cristata",2.7027
1970,"Blue Jay","Cyanocitta cristata",6
1971,"Blue Jay","Cyanocitta cristata",2.6667
1973,"Blue Jay","Cyanocitta cristata",3.2333
1974,"Blue Jay","Cyanocitta cristata",2.9103
1975,"Blue Jay","Cyanocitta cristata",1.6
1976,"Blue Jay","Cyanocitta cristata",1.9483
1977,"Blue Jay","Cyanocitta cristata",3.039
1978,"Blue Jay","Cyanocitta cristata",1.9697
1979,"Blue Jay","Cyanocitta cristata",4.4854
1980,"Blue Jay","Cyanocitta cristata",4.303
1981,"Blue Jay","Cyanocitta cristata",3.7383
1982,"Blue Jay","Cyanocitta cristata",6.8413
1983,"Blue Jay","Cyanocitta cristata",0.9333
1984,"Blue Jay","Cyanocitta cristata",2.0156
1985,"Blue Jay","Cyanocitta cristata",2.6533
1986,"Blue Jay","Cyanocitta cristata",2.3077
1987,"Blue Jay","Cyanocitta cristata",2.7358
1988,"Blue Jay","Cyanocitta cristata",4.2128
1989,"Blue Jay","Cyanocitta cristata",6.1719
1990,"Blue Jay","Cyanocitta cristata",3.3521
1991,"Blue Jay","Cyanocitta cristata",1.589
1992,"Blue Jay","Cyanocitta cristata",6.3231
1993,"Blue Jay","Cyanocitta cristata",1.5754
1994,"Blue Jay","Cyanocitta cristata",0.7969
1995,"Blue Jay","Cyanocitta cristata",4.4176
1996,"Blue Jay","Cyanocitta cristata",3.2097
1997,"Blue Jay","Cyanocitta cristata",3.0676
1998,"Blue Jay","Cyanocitta cristata",1.622
1999,"Blue Jay","Cyanocitta cristata",3.5497
2000,"Blue Jay","Cyanocitta cristata",0.7708
2001,"Blue Jay","Cyanocitta cristata",2.2857
2002,"Blue Jay","Cyanocitta cristata",0.8963
2003,"Blue Jay","Cyanocitta cristata",1.7647
2004,"Blue Jay","Cyanocitta cristata",2.6667
2005,"Blue Jay","Cyanocitta cristata",2.5475
2006,"Blue Jay","Cyanocitta cristata",3.4523
2007,"Blue Jay","Cyanocitta cristata",1.9952
2008,"Blue Jay","Cyanocitta cristata",2.5366
2009,"Blue Jay","Cyanocitta cristata",3.3317
2010,"Blue Jay","Cyanocitta cristata",2.1932
2011,"Blue Jay","Cyanocitta cristata",1.9171
2012,"Blue Jay","Cyanocitta cristata",2.3805
2013,"Blue Jay","Cyanocitta cristata",2.6122
2014,"Blue Jay","Cyanocitta cristata",2.1418
2015,"Blue Jay","Cyanocitta cristata",2.4985
2016,"Blue Jay","Cyanocitta cristata",2.0692
2017,"Blue Jay","Cyanocitta cristata",2.1545
2018,"Blue Jay","Cyanocitta cristata",3.3634
2019,"Blue Jay","Cyanocitta cristata",1.8795
2020,"Blue Jay","Cyanocitta cristata",4.6465
2021,"Blue Jay","Cyanocitta cristata",2.7704
2022,"Blue Jay","Cyanocitta cristata",2.6894
2023,"Blue Jay","Cyanocitta cristata",1.3529
2024,"Blue Jay","Cyanocitta cristata",1.7639
1902,"Pileated Woodpecker","Dryocopus pileatus",0
1903,"Pileated Woodpecker","Dryocopus pileatus",0
1904,"Pileated Woodpecker","Dryocopus pileatus",0
1905,"Pileated Woodpecker","Dryocopus pileatus",0
1906,"Pileated Woodpecker","Dryocopus pileatus",0
1940,"Pileated Woodpecker","Dryocopus pileatus",0
1942,"Pileated Woodpecker","Dryocopus pileatus",0
1943,"Pileated Woodpecker","Dryocopus pileatus",0
1948,"Pileated Woodpecker","Dryocopus pileatus",0
1949,"Pileated Woodpecker","Dryocopus pileatus",0
1968,"Pileated Woodpecker","Dryocopus pileatus",0
1969,"Pileated Woodpecker","Dryocopus pileatus",0
1970,"Pileated Woodpecker","Dryocopus pileatus",0
1971,"Pileated Woodpecker","Dryocopus pileatus",0
1973,"Pileated Woodpecker","Dryocopus pileatus",0
1974,"Pileated Woodpecker","Dryocopus pileatus",0.0128
1975,"Pileated Woodpecker","Dryocopus pileatus",0.0333
1976,"Pileated Woodpecker","Dryocopus pileatus",0
1977,"Pileated Woodpecker","Dryocopus pileatus",0
1978,"Pileated Woodpecker","Dryocopus pileatus",0.0152
1979,"Pileated Woodpecker","Dryocopus pileatus",0.0388
1980,"Pileated Woodpecker","Dryocopus pileatus",0.0909
1981,"Pileated Woodpecker","Dryocopus pileatus",0.0187
1982,"Pileated Woodpecker","Dryocopus pileatus",0
1983,"Pileated Woodpecker","Dryocopus pileatus",0.0167
1984,"Pileated Woodpecker","Dryocopus pileatus",0.0313
1985,"Pileated Woodpecker","Dryocopus pileatus",0.0267
1986,"Pileated Woodpecker","Dryocopus pileatus",0
1987,"Pileated Woodpecker","Dryocopus pileatus",0
1988,"Pileated Woodpecker","Dryocopus pileatus",0
1989,"Pileated Woodpecker","Dryocopus pileatus",0.0156
1990,"Pileated Woodpecker","Dryocopus pileatus",0.0282
1991,"Pileated Woodpecker","Dryocopus pileatus",0
1992,"Pileated Woodpecker","Dryocopus pileatus",0.0154
1993,"Pileated Woodpecker","Dryocopus pileatus",0.0369
1994,"Pileated Woodpecker","Dryocopus pileatus",0.0307
1995,"Pileated Woodpecker","Dryocopus pileatus",0.044
1996,"Pileated Woodpecker","Dryocopus pileatus",0.0645
1997,"Pileated Woodpecker","Dryocopus pileatus",0.0405
1998,"Pileated Woodpecker","Dryocopus pileatus",0.0945
1999,"Pileated Woodpecker","Dryocopus pileatus",0.1192
2000,"Pileated Woodpecker","Dryocopus pileatus",0.0532
2001,"Pileated Woodpecker","Dryocopus pileatus",0.0532
2002,"Pileated Woodpecker","Dryocopus pileatus",0.0535
2003,"Pileated Woodpecker","Dryocopus pileatus",0.0294
2004,"Pileated Woodpecker","Dryocopus pileatus",0.1111
2005,"Pileated Woodpecker","Dryocopus pileatus",0.1117
2006,"Pileated Woodpecker","Dryocopus pileatus",0.1174
2007,"Pileated Woodpecker","Dryocopus pileatus",0.0955
2008,"Pileated Woodpecker","Dryocopus pileatus",0.1774
2009,"Pileated Woodpecker","Dryocopus pileatus",0.1596
2010,"Pileated Woodpecker","Dryocopus pileatus",0.1546
2011,"Pileated Woodpecker","Dryocopus pileatus",0.2383
2012,"Pileated Woodpecker","Dryocopus pileatus",0.1416
2013,"Pileated Woodpecker","Dryocopus pileatus",0.1262
2014,"Pileated Woodpecker","Dryocopus pileatus",0.2388
2015,"Pileated Woodpecker","Dryocopus pileatus",0.2111
2016,"Pileated Woodpecker","Dryocopus pileatus",0.1358
2017,"Pileated Woodpecker","Dryocopus pileatus",0.206
2018,"Pileated Woodpecker","Dryocopus pileatus",0.2225
2019,"Pileated Woodpecker","Dryocopus pileatus",0.1253
2020,"Pileated Woodpecker","Dryocopus pileatus",0.3078
2021,"Pileated Woodpecker","Dryocopus pileatus",0.0889
2022,"Pileated Woodpecker","Dryocopus pileatus",0.1911
2023,"Pileated Woodpecker","Dryocopus pileatus",0.2647
2024,"Pileated Woodpecker","Dryocopus pileatus",0.1667
1902,"Gray Catbird","Dumetella carolinensis",0
1903,"Gray Catbird","Dumetella carolinensis",0
1904,"Gray Catbird","Dumetella carolinensis",0
1905,"Gray Catbird","Dumetella carolinensis",0
1906,"Gray Catbird","Dumetella carolinensis",0
1940,"Gray Catbird","Dumetella carolinensis",0
1942,"Gray Catbird","Dumetella carolinensis",0
1943,"Gray Catbird","Dumetella carolinensis",0
1948,"Gray Catbird","Dumetella carolinensis",0
1949,"Gray Catbird","Dumetella carolinensis",0
1968,"Gray Catbird","Dumetella carolinensis",0
1969,"Gray Catbird","Dumetella carolinensis",0
1970,"Gray Catbird","Dumetella carolinensis",0
1971,"Gray Catbird","Dumetella carolinensis",0
1973,"Gray Catbird","Dumetella carolinensis",0
1974,"Gray Catbird","Dumetella carolinensis",0
1975,"Gray Catbird","Dumetella carolinensis",0
1976,"Gray Catbird","Dumetella carolinensis",0.0517
1977,"Gray Catbird","Dumetella carolinensis",0
1978,"Gray Catbird","Dumetella carolinensis",0
1979,"Gray Catbird","Dumetella carolinensis",0.0388
1980,"Gray Catbird","Dumetella carolinensis",0
1981,"Gray Catbird","Dumetella carolinensis",0
1982,"Gray Catbird","Dumetella carolinensis",0
1983,"Gray Catbird","Dumetella carolinensis",0
1984,"Gray Catbird","Dumetella carolinensis",0
1985,"Gray Catbird","Dumetella carolinensis",0
1986,"Gray Catbird","Dumetella carolinensis",0
1987,"Gray Catbird","Dumetella carolinensis",0.0189
1988,"Gray Catbird","Dumetella carolinensis",0.0426
1989,"Gray Catbird","Dumetella carolinensis",0
1990,"Gray Catbird","Dumetella carolinensis",0
1991,"Gray Catbird","Dumetella carolinensis",0
1992,"Gray Catbird","Dumetella carolinensis",0
1993,"Gray Catbird","Dumetella carolinensis",0
1994,"Gray Catbird","Dumetella carolinensis",0.0153
1995,"Gray Catbird","Dumetella carolinensis",0
1996,"Gray Catbird","Dumetella carolinensis",0
1997,"Gray Catbird","Dumetella carolinensis",0
1998,"Gray Catbird","Dumetella carolinensis",0.0315
1999,"Gray Catbird","Dumetella carolinensis",0
2000,"Gray Catbird","Dumetella carolinensis",0
2001,"Gray Catbird","Dumetella carolinensis",0
2002,"Gray Catbird","Dumetella carolinensis",0
2003,"Gray Catbird","Dumetella carolinensis",0.0196
2004,"Gray Catbird","Dumetella carolinensis",0
2005,"Gray Catbird","Dumetella carolinensis",0.0112
2006,"Gray Catbird","Dumetella carolinensis",0.0098
2007,"Gray Catbird","Dumetella carolinensis",0.0095
2008,"Gray Catbird","Dumetella carolinensis",0
2009,"Gray Catbird","Dumetella carolinensis",0.02
2010,"Gray Catbird","Dumetella carolinensis",0
2011,"Gray Catbird","Dumetella carolinensis",0
2012,"Gray Catbird","Dumetella carolinensis",0.0088
2013,"Gray Catbird","Dumetella carolinensis",0
2014,"Gray Catbird","Dumetella carolinensis",0.0075
2015,"Gray Catbird","Dumetella carolinensis",0
2016,"Gray Catbird","Dumetella carolinensis",0.016
2017,"Gray Catbird","Dumetella carolinensis",0
2018,"Gray Catbird","Dumetella carolinensis",0.0131
2019,"Gray Catbird","Dumetella carolinensis",0
2020,"Gray Catbird","Dumetella carolinensis",0
2021,"Gray Catbird","Dumetella carolinensis",0
2022,"Gray Catbird","Dumetella carolinensis",0.0137
2023,"Gray Catbird","Dumetella carolinensis",0
2024,"Gray Catbird","Dumetella carolinensis",0
1902,"Common Yellowthroat","Geothlypis trichas",0
1903,"Common Yellowthroat","Geothlypis trichas",0
1904,"Common Yellowthroat","Geothlypis trichas",0
1905,"Common Yellowthroat","Geothlypis trichas",0
1906,"Common Yellowthroat","Geothlypis trichas",0
1940,"Common Yellowthroat","Geothlypis trichas",0
1942,"Common Yellowthroat","Geothlypis trichas",0
1943,"Common Yellowthroat","Geothlypis trichas",0
1948,"Common Yellowthroat","Geothlypis trichas",0
1949,"Common Yellowthroat","Geothlypis trichas",0
1968,"Common Yellowthroat","Geothlypis trichas",0
1969,"Common Yellowthroat","Geothlypis trichas",0
1970,"Common Yellowthroat","Geothlypis trichas",0
1971,"Common Yellowthroat","Geothlypis trichas",0
1973,"Common Yellowthroat","Geothlypis trichas",0.0333
1974,"Common Yellowthroat","Geothlypis trichas",0
1975,"Common Yellowthroat","Geothlypis trichas",0.0333
1976,"Common Yellowthroat","Geothlypis trichas",0.0172
1977,"Common Yellowthroat","Geothlypis trichas",0
1978,"Common Yellowthroat","Geothlypis trichas",0.0152
1979,"Common Yellowthroat","Geothlypis trichas",0.0194
1980,"Common Yellowthroat","Geothlypis trichas",0.0303
1981,"Common Yellowthroat","Geothlypis trichas",0.0374
1982,"Common Yellowthroat","Geothlypis trichas",0.0476
1983,"Common Yellowthroat","Geothlypis trichas",0.05
1984,"Common Yellowthroat","Geothlypis trichas",0.0469
1985,"Common Yellowthroat","Geothlypis trichas",0.0133
1986,"Common Yellowthroat","Geothlypis trichas",0
1987,"Common Yellowthroat","Geothlypis trichas",0
1988,"Common Yellowthroat","Geothlypis trichas",0
1989,"Common Yellowthroat","Geothlypis trichas",0.0156
1990,"Common Yellowthroat","Geothlypis trichas",0.0563
1991,"Common Yellowthroat","Geothlypis trichas",0.0548
1992,"Common Yellowthroat","Geothlypis trichas",0.0462
1993,"Common Yellowthroat","Geothlypis trichas",0.0123
1994,"Common Yellowthroat","Geothlypis trichas",0.0153
1995,"Common Yellowthroat","Geothlypis trichas",0.011
1996,"Common Yellowthroat","Geothlypis trichas",0
1997,"Common Yellowthroat","Geothlypis trichas",0
1998,"Common Yellowthroat","Geothlypis trichas",0.0157
1999,"Common Yellowthroat","Geothlypis trichas",0
2000,"Common Yellowthroat","Geothlypis trichas",0.0266
2001,"Common Yellowthroat","Geothlypis trichas",0.0532
2002,"Common Yellowthroat","Geothlypis trichas",0.0134
2003,"Common Yellowthroat","Geothlypis trichas",0.0196
2004,"Common Yellowthroat","Geothlypis trichas",0.0093
2005,"Common Yellowthroat","Geothlypis trichas",0
2006,"Common Yellowthroat","Geothlypis trichas",0.0098
2007,"Common Yellowthroat","Geothlypis trichas",0
2008,"Common Yellowthroat","Geothlypis trichas",0.0089
2009,"Common Yellowthroat","Geothlypis trichas",0.02
2010,"Common Yellowthroat","Geothlypis trichas",0.0097
2011,"Common Yellowthroat","Geothlypis trichas",0
2012,"Common Yellowthroat","Geothlypis trichas",0.0354
2013,"Common Yellowthroat","Geothlypis trichas",0.0074
2014,"Common Yellowthroat","Geothlypis trichas",0
2015,"Common Yellowthroat","Geothlypis trichas",0.0117
2016,"Common Yellowthroat","Geothlypis trichas",0
2017,"Common Yellowthroat","Geothlypis trichas",0.0086
2018,"Common Yellowthroat","Geothlypis trichas",0.0131
2019,"Common Yellowthroat","Geothlypis trichas",0.0096
2020,"Common Yellowthroat","Geothlypis trichas",0.0192
2021,"Common Yellowthroat","Geothlypis trichas",0.0148
2022,"Common Yellowthroat","Geothlypis trichas",0
2023,"Common Yellowthroat","Geothlypis trichas",0
2024,"Common Yellowthroat","Geothlypis trichas",0
1902,"House Finch","Haemorhous mexicanus",0
1903,"House Finch","Haemorhous mexicanus",0
1904,"House Finch","Haemorhous mexicanus",0
1905,"House Finch","Haemorhous mexicanus",0
1906,"House Finch","Haemorhous mexicanus",0
1940,"House Finch","Haemorhous mexicanus",0
1942,"House Finch","Haemorhous mexicanus",0
1943,"House Finch","Haemorhous mexicanus",0
1948,"House Finch","Haemorhous mexicanus",0
1949,"House Finch","Haemorhous mexicanus",0
1968,"House Finch","Haemorhous mexicanus",0
1969,"House Finch","Haemorhous mexicanus",0
1970,"House Finch","Haemorhous mexicanus",0
1971,"House Finch","Haemorhous mexicanus",0
1973,"House Finch","Haemorhous mexicanus",0
1974,"House Finch","Haemorhous mexicanus",0.4359
1975,"House Finch","Haemorhous mexicanus",0.2
1976,"House Finch","Haemorhous mexicanus",1.1207
1977,"House Finch","Haemorhous mexicanus",1.026
1978,"House Finch","Haemorhous mexicanus",0.4091
1979,"House Finch","Haemorhous mexicanus",0.7379
1980,"House Finch","Haemorhous mexicanus",0.2121
1981,"House Finch","Haemorhous mexicanus",0.5234
1982,"House Finch","Haemorhous mexicanus",0.381
1983,"House Finch","Haemorhous mexicanus",0.3833
1984,"House Finch","Haemorhous mexicanus",0.0938
1985,"House Finch","Haemorhous mexicanus",0.4133
1986,"House Finch","Haemorhous mexicanus",1.1538
1987,"House Finch","Haemorhous mexicanus",1.8491
1988,"House Finch","Haemorhous mexicanus",2.7234
1989,"House Finch","Haemorhous mexicanus",2.8438
1990,"House Finch","Haemorhous mexicanus",1.0141
1991,"House Finch","Haemorhous mexicanus",2.7397
1992,"House Finch","Haemorhous mexicanus",4.4769
1993,"House Finch","Haemorhous mexicanus",4
1994,"House Finch","Haemorhous mexicanus",2.6667
1995,"House Finch","Haemorhous mexicanus",2.4615
1996,"House Finch","Haemorhous mexicanus",0.5
1997,"House Finch","Haemorhous mexicanus",0.8378
1998,"House Finch","Haemorhous mexicanus",1.3543
1999,"House Finch","Haemorhous mexicanus",1.5497
2000,"House Finch","Haemorhous mexicanus",0.6246
2001,"House Finch","Haemorhous mexicanus",0.7841
2002,"House Finch","Haemorhous mexicanus",1.2441
2003,"House Finch","Haemorhous mexicanus",0.7745
2004,"House Finch","Haemorhous mexicanus",2.0926
2005,"House Finch","Haemorhous mexicanus",1.7542
2006,"House Finch","Haemorhous mexicanus",2.0049
2007,"House Finch","Haemorhous mexicanus",1.1074
2008,"House Finch","Haemorhous mexicanus",1.6851
2009,"House Finch","Haemorhous mexicanus",0.9377
2010,"House Finch","Haemorhous mexicanus",1.9517
2011,"House Finch","Haemorhous mexicanus",0.7461
2012,"House Finch","Haemorhous mexicanus",1.1858
2013,"House Finch","Haemorhous mexicanus",0.5863
2014,"House Finch","Haemorhous mexicanus",0.7164
2015,"House Finch","Haemorhous mexicanus",0.5161
2016,"House Finch","Haemorhous mexicanus",0.727
2017,"House Finch","Haemorhous mexicanus",0.7639
2018,"House Finch","Haemorhous mexicanus",0.602
2019,"House Finch","Haemorhous mexicanus",0.6843
2020,"House Finch","Haemorhous mexicanus",0.7215
2021,"House Finch","Haemorhous mexicanus",1.2148
2022,"House Finch","Haemorhous mexicanus",0.7509
2023,"House Finch","Haemorhous mexicanus",0.8529
2024,"House Finch","Haemorhous mexicanus",0.3333
1902,"Red-bellied Woodpecker","Melanerpes carolinus",0
1903,"Red-bellied Woodpecker","Melanerpes carolinus",0
1904,"Red-bellied Woodpecker","Melanerpes carolinus",0
1905,"Red-bellied Woodpecker","Melanerpes carolinus",0
1906,"Red-bellied Woodpecker","Melanerpes carolinus",0
1940,"Red-bellied Woodpecker","Melanerpes carolinus",0
1942,"Red-bellied Woodpecker","Melanerpes carolinus",0
1943,"Red-bellied Woodpecker","Melanerpes carolinus",0
1948,"Red-bellied Woodpecker","Melanerpes carolinus",0
1949,"Red-bellied Woodpecker","Melanerpes carolinus",0
1968,"Red-bellied Woodpecker","Melanerpes carolinus",0.4878
1969,"Red-bellied Woodpecker","Melanerpes carolinus",0.4324
1970,"Red-bellied Woodpecker","Melanerpes carolinus",0.8
1971,"Red-bellied Woodpecker","Melanerpes carolinus",2.5333
1973,"Red-bellied Woodpecker","Melanerpes carolinus",0.5
1974,"Red-bellied Woodpecker","Melanerpes carolinus",0.9487
1975,"Red-bellied Woodpecker","Melanerpes carolinus",0.65
1976,"Red-bellied Woodpecker","Melanerpes carolinus",0.6379
1977,"Red-bellied Woodpecker","Melanerpes carolinus",0.961
1978,"Red-bellied Woodpecker","Melanerpes carolinus",0.5303
1979,"Red-bellied Woodpecker","Melanerpes carolinus",1.3592
1980,"Red-bellied Woodpecker","Melanerpes carolinus",1.0909
1981,"Red-bellied Woodpecker","Melanerpes carolinus",0.972
1982,"Red-bellied Woodpecker","Melanerpes carolinus",0.9524
1983,"Red-bellied Woodpecker","Melanerpes carolinus",0.9333
1984,"Red-bellied Woodpecker","Melanerpes carolinus",0.9375
1985,"Red-bellied Woodpecker","Melanerpes carolinus",0.56
1986,"Red-bellied Woodpecker","Melanerpes carolinus",0.5385
1987,"Red-bellied Woodpecker","Melanerpes carolinus",0.6604
1988,"Red-bellied Woodpecker","Melanerpes carolinus",0.8511
1989,"Red-bellied Woodpecker","Melanerpes carolinus",0.8906
1990,"Red-bellied Woodpecker","Melanerpes carolinus",0.7887
1991,"Red-bellied Woodpecker","Melanerpes carolinus",0.6575
1992,"Red-bellied Woodpecker","Melanerpes carolinus",1
1993,"Red-bellied Woodpecker","Melanerpes carolinus",0.8615
1994,"Red-bellied Woodpecker","Melanerpes carolinus",0.5977
1995,"Red-bellied Woodpecker","Melanerpes carolinus",1.3297
1996,"Red-bellied Woodpecker","Melanerpes carolinus",1.3548
1997,"Red-bellied Woodpecker","Melanerpes carolinus",0.9865
1998,"Red-bellied Woodpecker","Melanerpes carolinus",1.0394
1999,"Red-bellied Woodpecker","Melanerpes carolinus",1.2053
2000,"Red-bellied Woodpecker","Melanerpes carolinus",0.3987
2001,"Red-bellied Woodpecker","Melanerpes carolinus",1.0764
2002,"Red-bellied Woodpecker","Melanerpes carolinus",1.0167
2003,"Red-bellied Woodpecker","Melanerpes carolinus",1.1373
2004,"Red-bellied Woodpecker","Melanerpes carolinus",1.1111
2005,"Red-bellied Woodpecker","Melanerpes carolinus",1.7989
2006,"Red-bellied Woodpecker","Melanerpes carolinus",1.6137
2007,"Red-bellied Woodpecker","Melanerpes carolinus",0.8401
2008,"Red-bellied Woodpecker","Melanerpes carolinus",1.3747
2009,"Red-bellied Woodpecker","Melanerpes carolinus",1.6359
2010,"Red-bellied Woodpecker","Melanerpes carolinus",1.4396
2011,"Red-bellied Woodpecker","Melanerpes carolinus",1.4093
2012,"Red-bellied Woodpecker","Melanerpes carolinus",1.5044
2013,"Red-bellied Woodpecker","Melanerpes carolinus",1.9814
2014,"Red-bellied Woodpecker","Melanerpes carolinus",1.2687
2015,"Red-bellied Woodpecker","Melanerpes carolinus",1.4194
2016,"Red-bellied Woodpecker","Melanerpes carolinus",1.0705
2017,"Red-bellied Woodpecker","Melanerpes carolinus",1.2618
2018,"Red-bellied Woodpecker","Melanerpes carolinus",2.0678
2019,"Red-bellied Woodpecker","Melanerpes carolinus",1.1952
2020,"Red-bellied Woodpecker","Melanerpes carolinus",1.5392
2021,"Red-bellied Woodpecker","Melanerpes carolinus",1.1259
2022,"Red-bellied Woodpecker","Melanerpes carolinus",1.4334
2023,"Red-bellied Woodpecker","Melanerpes carolinus",1.2059
2024,"Red-bellied Woodpecker","Melanerpes carolinus",1.6389
1902,"Song Sparrow","Melospiza melodia",0
1903,"Song Sparrow","Melospiza melodia",0
1904,"Song Sparrow","Melospiza melodia",0
1905,"Song Sparrow","Melospiza melodia",0
1906,"Song Sparrow","Melospiza melodia",0
1940,"Song Sparrow","Melospiza melodia",0
1942,"Song Sparrow","Melospiza melodia",0
1943,"Song Sparrow","Melospiza melodia",1.4667
1948,"Song Sparrow","Melospiza melodia",0
1949,"Song Sparrow","Melospiza melodia",0
1968,"Song Sparrow","Melospiza melodia",1.9268
1969,"Song Sparrow","Melospiza melodia",1.8919
1970,"Song Sparrow","Melospiza melodia",1.25
1971,"Song Sparrow","Melospiza melodia",7.3333
1973,"Song Sparrow","Melospiza melodia",4.0333
1974,"Song Sparrow","Melospiza melodia",3.0641
1975,"Song Sparrow","Melospiza melodia",2.7333
1976,"Song Sparrow","Melospiza melodia",4.1034
1977,"Song Sparrow","Melospiza melodia",3.4026
1978,"Song Sparrow","Melospiza melodia",4.0606
1979,"Song Sparrow","Melospiza melodia",4.8544
1980,"Song Sparrow","Melospiza melodia",3.7273
1981,"Song Sparrow","Melospiza melodia",7.7009
1982,"Song Sparrow","Melospiza melodia",7.5397
1983,"Song Sparrow","Melospiza melodia",5.35
1984,"Song Sparrow","Melospiza melodia",5.8125
1985,"Song Sparrow","Melospiza melodia",4.4
1986,"Song Sparrow","Melospiza melodia",11.1923
1987,"Song Sparrow","Melospiza melodia",7.4717
1988,"Song Sparrow","Melospiza melodia",4.8085
1989,"Song Sparrow","Melospiza melodia",8.6406
1990,"Song Sparrow","Melospiza melodia",7.9718
1991,"Song Sparrow","Melospiza melodia",9.9041
1992,"Song Sparrow","Melospiza melodia",8.2
1993,"Song Sparrow","Melospiza melodia",6.5846
1994,"Song Sparrow","Melospiza melodia",7.1264
1995,"Song Sparrow","Melospiza melodia",14.8022
1996,"Song Sparrow","Melospiza melodia",12.0323
1997,"Song Sparrow","Melospiza melodia",5.7973
1998,"Song Sparrow","Melospiza melodia",11.3386
1999,"Song Sparrow","Melospiza melodia",7.1391
2000,"Song Sparrow","Melospiza melodia",5.4086
2001,"Song Sparrow","Melospiza melodia",8.1993
2002,"Song Sparrow","Melospiza melodia",6.0067
2003,"Song Sparrow","Melospiza melodia",9.4804
2004,"Song Sparrow","Melospiza melodia",8.25
2005,"Song Sparrow","Melospiza melodia",14.6704
2006,"Song Sparrow","Melospiza melodia",7.4621
2007,"Song Sparrow","Melospiza melodia",6.1766
2008,"Song Sparrow","Melospiza melodia",7.3525
2009,"Song Sparrow","Melospiza melodia",4.4888
2010,"Song Sparrow","Melospiza melodia",7.6232
2011,"Song Sparrow","Melospiza melodia",8.5699
2012,"Song Sparrow","Melospiza melodia",7.8319
2013,"Song Sparrow","Melospiza melodia",4.8015
2014,"Song Sparrow","Melospiza melodia",6.2985
2015,"Song Sparrow","Melospiza melodia",5.3842
2016,"Song Sparrow","Melospiza melodia",5.4166
2017,"Song Sparrow","Melospiza melodia",5.0815
2018,"Song Sparrow","Melospiza melodia",7.1326
2019,"Song Sparrow","Melospiza melodia",8.0482
2020,"Song Sparrow","Melospiza melodia",7.8018
2021,"Song Sparrow","Melospiza melodia",8.1185
2022,"Song Sparrow","Melospiza melodia",6.6621
2023,"Song Sparrow","Melospiza melodia",5.7353
2024,"Song Sparrow","Melospiza melodia",4.2083
1902,"Northern Mockingbird","Mimus polyglottos",0
1903,"Northern Mockingbird","Mimus polyglottos",0
1904,"Northern Mockingbird","Mimus polyglottos",0
1905,"Northern Mockingbird","Mimus polyglottos",0
1906,"Northern Mockingbird","Mimus polyglottos",0
1940,"Northern Mockingbird","Mimus polyglottos",0
1942,"Northern Mockingbird","Mimus polyglottos",0
1943,"Northern Mockingbird","Mimus polyglottos",0.9333
1948,"Northern Mockingbird","Mimus polyglottos",0
1949,"Northern Mockingbird","Mimus polyglottos",0
1968,"Northern Mockingbird","Mimus polyglottos",0.8537
1969,"Northern Mockingbird","Mimus polyglottos",0.9189
1970,"Northern Mockingbird","Mimus polyglottos",1.15
1971,"Northern Mockingbird","Mimus polyglottos",1.8
1973,"Northern Mockingbird","Mimus polyglottos",1.9333
1974,"Northern Mockingbird","Mimus polyglottos",1.2564
1975,"Northern Mockingbird","Mimus polyglottos",0.6667
1976,"Northern Mockingbird","Mimus polyglottos",0.9483
1977,"Northern Mockingbird","Mimus polyglottos",0.8961
1978,"Northern Mockingbird","Mimus polyglottos",0.5152
1979,"Northern Mockingbird","Mimus polyglottos",1.6893
1980,"Northern Mockingbird","Mimus polyglottos",0.9091
1981,"Northern Mockingbird","Mimus polyglottos",1.3084
1982,"Northern Mockingbird","Mimus polyglottos",1.0476
1983,"Northern Mockingbird","Mimus polyglottos",1.0333
1984,"Northern Mockingbird","Mimus polyglottos",1
1985,"Northern Mockingbird","Mimus polyglottos",1.1067
1986,"Northern Mockingbird","Mimus polyglottos",0.8462
1987,"Northern Mockingbird","Mimus polyglottos",1.1321
1988,"Northern Mockingbird","Mimus polyglottos",1.0851
1989,"Northern Mockingbird","Mimus polyglottos",1.2344
1990,"Northern Mockingbird","Mimus polyglottos",0.8451
1991,"Northern Mockingbird","Mimus polyglottos",0.726
1992,"Northern Mockingbird","Mimus polyglottos",0.7692
1993,"Northern Mockingbird","Mimus polyglottos",0.8985
1994,"Northern Mockingbird","Mimus polyglottos",0.6437
1995,"Northern Mockingbird","Mimus polyglottos",1.2088
1996,"Northern Mockingbird","Mimus polyglottos",0.8226
1997,"Northern Mockingbird","Mimus polyglottos",0.6486
1998,"Northern Mockingbird","Mimus polyglottos",0.8976
1999,"Northern Mockingbird","Mimus polyglottos",0.649
2000,"Northern Mockingbird","Mimus polyglottos",0.5183
2001,"Northern Mockingbird","Mimus polyglottos",0.5183
2002,"Northern Mockingbird","Mimus polyglottos",1.0836
2003,"Northern Mockingbird","Mimus polyglottos",0.4706
2004,"Northern Mockingbird","Mimus polyglottos",0.9167
2005,"Northern Mockingbird","Mimus polyglottos",0.7933
2006,"Northern Mockingbird","Mimus polyglottos",0.7531
2007,"Northern Mockingbird","Mimus polyglottos",0.7446
2008,"Northern Mockingbird","Mimus polyglottos",0.9667
2009,"Northern Mockingbird","Mimus polyglottos",0.9975
2010,"Northern Mockingbird","Mimus polyglottos",1.1304
2011,"Northern Mockingbird","Mimus polyglottos",0.6736
2012,"Northern Mockingbird","Mimus polyglottos",0.8142
2013,"Northern Mockingbird","Mimus polyglottos",0.6308
2014,"Northern Mockingbird","Mimus polyglottos",0.4627
2015,"Northern Mockingbird","Mimus polyglottos",0.4927
2016,"Northern Mockingbird","Mimus polyglottos",0.4154
2017,"Northern Mockingbird","Mimus polyglottos",0.4206
2018,"Northern Mockingbird","Mimus polyglottos",0.4842
2019,"Northern Mockingbird","Mimus polyglottos",0.3181
2020,"Northern Mockingbird","Mimus polyglottos",0.5291
2021,"Northern Mockingbird","Mimus polyglottos",0.5481
2022,"Northern Mockingbird","Mimus polyglottos",0.4369
2023,"Northern Mockingbird","Mimus polyglottos",0.4118
2024,"Northern Mockingbird","Mimus polyglottos",0.5139
1902,"Brown-headed Cowbird","Molothrus ater",0
1903,"Brown-headed Cowbird","Molothrus ater",0
1904,"Brown-headed Cowbird","Molothrus ater",0
1905,"Brown-headed Cowbird","Molothrus ater",0
1906,"Brown-headed Cowbird","Molothrus ater",0
1940,"Brown-headed Cowbird","Molothrus ater",0
1942,"Brown-headed Cowbird","Molothrus ater",0
1943,"Brown-headed Cowbird","Molothrus ater",0
1948,"Brown-headed Cowbird","Molothrus ater",0
1949,"Brown-headed Cowbird","Molothrus ater",0
1968,"Brown-headed Cowbird","Molothrus ater",0
1969,"Brown-headed Cowbird","Molothrus ater",0
1970,"Brown-headed Cowbird","Molothrus ater",0
1971,"Brown-headed Cowbird","Molothrus ater",66.6667
1973,"Brown-headed Cowbird","Molothrus ater",27.1
1974,"Brown-headed Cowbird","Molothrus ater",5.6026
1975,"Brown-headed Cowbird","Molothrus ater",0.6
1976,"Brown-headed Cowbird","Molothrus ater",4.069
1977,"Brown-headed Cowbird","Molothrus ater",0.5325
1978,"Brown-headed Cowbird","Molothrus ater",0.0152
1979,"Brown-headed Cowbird","Molothrus ater",77.767
1980,"Brown-headed Cowbird","Molothrus ater",1.6061
1981,"Brown-headed Cowbird","Molothrus ater",1.1215
1982,"Brown-headed Cowbird","Molothrus ater",3.2381
1983,"Brown-headed Cowbird","Molothrus ater",0.0667
1984,"Brown-headed Cowbird","Molothrus ater",1.3594
1985,"Brown-headed Cowbird","Molothrus ater",0.0267
1986,"Brown-headed Cowbird","Molothrus ater",0.0385
1987,"Brown-headed Cowbird","Molothrus ater",0.0943
1988,"Brown-headed Cowbird","Molothrus ater",0.1277
1989,"Brown-headed Cowbird","Molothrus ater",0.0156
1990,"Brown-headed Cowbird","Molothrus ater",0.1408
1991,"Brown-headed Cowbird","Molothrus ater",0.1507
1992,"Brown-headed Cowbird","Molothrus ater",0.7692
1993,"Brown-headed Cowbird","Molothrus ater",0
1994,"Brown-headed Cowbird","Molothrus ater",0
1995,"Brown-headed Cowbird","Molothrus ater",0.0659
1996,"Brown-headed Cowbird","Molothrus ater",0
1997,"Brown-headed Cowbird","Molothrus ater",1.6216
1998,"Brown-headed Cowbird","Molothrus ater",0
1999,"Brown-headed Cowbird","Molothrus ater",0.0662
2000,"Brown-headed Cowbird","Molothrus ater",0.2658
2001,"Brown-headed Cowbird","Molothrus ater",0.0399
2002,"Brown-headed Cowbird","Molothrus ater",0
2003,"Brown-headed Cowbird","Molothrus ater",0.1961
2004,"Brown-headed Cowbird","Molothrus ater",0.0093
2005,"Brown-headed Cowbird","Molothrus ater",0.2011
2006,"Brown-headed Cowbird","Molothrus ater",0.0098
2007,"Brown-headed Cowbird","Molothrus ater",0.0095
2008,"Brown-headed Cowbird","Molothrus ater",0.0177
2009,"Brown-headed Cowbird","Molothrus ater",0
2010,"Brown-headed Cowbird","Molothrus ater",0
2011,"Brown-headed Cowbird","Molothrus ater",0.0311
2012,"Brown-headed Cowbird","Molothrus ater",0.5221
2013,"Brown-headed Cowbird","Molothrus ater",0.0148
2014,"Brown-headed Cowbird","Molothrus ater",0.0075
2015,"Brown-headed Cowbird","Molothrus ater",0.0117
2016,"Brown-headed Cowbird","Molothrus ater",0.008
2017,"Brown-headed Cowbird","Molothrus ater",12.1459
2018,"Brown-headed Cowbird","Molothrus ater",0.4057
2019,"Brown-headed Cowbird","Molothrus ater",0
2020,"Brown-headed Cowbird","Molothrus ater",0
2021,"Brown-headed Cowbird","Molothrus ater",2
2022,"Brown-headed Cowbird","Molothrus ater",0.0683
2023,"Brown-headed Cowbird","Molothrus ater",0.1176
2024,"Brown-headed Cowbird","Molothrus ater",0.1944
1902,"House Sparrow","Passer domesticus",0
1903,"House Sparrow","Passer domesticus",0
1904,"House Sparrow","Passer domesticus",0
1905,"House Sparrow","Passer domesticus",0
1906,"House Sparrow","Passer domesticus",0
1940,"House Sparrow","Passer domesticus",0
1942,"House Sparrow","Passer domesticus",0
1943,"House Sparrow","Passer domesticus",7.4
1948,"House Sparrow","Passer domesticus",0
1949,"House Sparrow","Passer domesticus",0
1968,"House Sparrow","Passer domesticus",2.9268
1969,"House Sparrow","Passer domesticus",4.5946
1970,"House Sparrow","Passer domesticus",2.85
1971,"House Sparrow","Passer domesticus",2.0667
1973,"House Sparrow","Passer domesticus",2.1
1974,"House Sparrow","Passer domesticus",3.5256
1975,"House Sparrow","Passer domesticus",1.35
1976,"House Sparrow","Passer domesticus",4.7069
1977,"House Sparrow","Passer domesticus",4.1818
1978,"House Sparrow","Passer domesticus",1.6667
1979,"House Sparrow","Passer domesticus",7.8447
1980,"House Sparrow","Passer domesticus",4.2727
1981,"House Sparrow","Passer domesticus",2.2056
1982,"House Sparrow","Passer domesticus",4.3175
1983,"House Sparrow","Passer domesticus",5.1833
1984,"House Sparrow","Passer domesticus",6.5
1985,"House Sparrow","Passer domesticus",2.52
1986,"House Sparrow","Passer domesticus",2.1154
1987,"House Sparrow","Passer domesticus",2.717
1988,"House Sparrow","Passer domesticus",2.5745
1989,"House Sparrow","Passer domesticus",4.0469
1990,"House Sparrow","Passer domesticus",0.7183
1991,"House Sparrow","Passer domesticus",0.9315
1992,"House Sparrow","Passer domesticus",1.6769
1993,"House Sparrow","Passer domesticus",1.0585
1994,"House Sparrow","Passer domesticus",0.8123
1995,"House Sparrow","Passer domesticus",0.6154
1996,"House Sparrow","Passer domesticus",0.2903
1997,"House Sparrow","Passer domesticus",0.8243
1998,"House Sparrow","Passer domesticus",1.4961
1999,"House Sparrow","Passer domesticus",1.5232
2000,"House Sparrow","Passer domesticus",0.6777
2001,"House Sparrow","Passer domesticus",0.7442
2002,"House Sparrow","Passer domesticus",0.8963
2003,"House Sparrow","Passer domesticus",0.2255
2004,"House Sparrow","Passer domesticus",0.2037
2005,"House Sparrow","Passer domesticus",0.5475
2006,"House Sparrow","Passer domesticus",0.2543
2007,"House Sparrow","Passer domesticus",0.1718
2008,"House Sparrow","Passer domesticus",0.8869
2009,"House Sparrow","Passer domesticus",0.2893
2010,"House Sparrow","Passer domesticus",0.058
2011,"House Sparrow","Passer domesticus",0.6425
2012,"House Sparrow","Passer domesticus",0.4159
2013,"House Sparrow","Passer domesticus",0.1558
2014,"House Sparrow","Passer domesticus",0.2836
2015,"House Sparrow","Passer domesticus",0.1994
2016,"House Sparrow","Passer domesticus",0.0559
2017,"House Sparrow","Passer domesticus",0.2146
2018,"House Sparrow","Passer domesticus",0.1832
2019,"House Sparrow","Passer domesticus",0.1735
2020,"House Sparrow","Passer domesticus",0.0481
2021,"House Sparrow","Passer domesticus",0.1333
2022,"House Sparrow","Passer domesticus",0.3003
2023,"House Sparrow","Passer domesticus",0.3235
2024,"House Sparrow","Passer domesticus",0.0278
1902,"Downy Woodpecker","Picoides pubescens",0
1903,"Downy Woodpecker","Picoides pubescens",0
1904,"Downy Woodpecker","Picoides pubescens",0
1905,"Downy Woodpecker","Picoides pubescens",0
1906,"Downy Woodpecker","Picoides pubescens",0
1940,"Downy Woodpecker","Picoides pubescens",0
1942,"Downy Woodpecker","Picoides pubescens",0
1943,"Downy Woodpecker","Picoides pubescens",0.4667
1948,"Downy Woodpecker","Picoides pubescens",0
1949,"Downy Woodpecker","Picoides pubescens",0
1968,"Downy Woodpecker","Picoides pubescens",0.4878
1969,"Downy Woodpecker","Picoides pubescens",0.3514
1970,"Downy Woodpecker","Picoides pubescens",0.6
1971,"Downy Woodpecker","Picoides pubescens",0.4
1973,"Downy Woodpecker","Picoides pubescens",0.0333
1974,"Downy Woodpecker","Picoides pubescens",0.4103
1975,"Downy Woodpecker","Picoides pubescens",0.4333
1976,"Downy Woodpecker","Picoides pubescens",0.4655
1977,"Downy Woodpecker","Picoides pubescens",0.5844
1978,"Downy Woodpecker","Picoides pubescens",0.1212
1979,"Downy Woodpecker","Picoides pubescens",0.6796
1980,"Downy Woodpecker","Picoides pubescens",0.5455
1981,"Downy Woodpecker","Picoides pubescens",0.8972
1982,"Downy Woodpecker","Picoides pubescens",0.6667
1983,"Downy Woodpecker","Picoides pubescens",0.4167
1984,"Downy Woodpecker","Picoides pubescens",0.5
1985,"Downy Woodpecker","Picoides pubescens",0.4267
1986,"Downy Woodpecker","Picoides pubescens",0.2308
1987,"Downy Woodpecker","Picoides pubescens",0.6604
1988,"Downy Woodpecker","Picoides pubescens",0.5319
1989,"Downy Woodpecker","Picoides pubescens",0.4688
1990,"Downy Woodpecker","Picoides pubescens",0.9859
1991,"Downy Woodpecker","Picoides pubescens",0.5479
1992,"Downy Woodpecker","Picoides pubescens",0.3846
1993,"Downy Woodpecker","Picoides pubescens",0.32
1994,"Downy Woodpecker","Picoides pubescens",0.659
1995,"Downy Woodpecker","Picoides pubescens",0.5385
1996,"Downy Woodpecker","Picoides pubescens",0.6774
1997,"Downy Woodpecker","Picoides pubescens",0.7568
1998,"Downy Woodpecker","Picoides pubescens",0.8189
1999,"Downy Woodpecker","Picoides pubescens",0.8742
2000,"Downy Woodpecker","Picoides pubescens",0.412
2001,"Downy Woodpecker","Picoides pubescens",0.7575
2002,"Downy Woodpecker","Picoides pubescens",0.6689
2003,"Downy Woodpecker","Picoides pubescens",0.5098
2004,"Downy Woodpecker","Picoides pubescens",0.7037
2005,"Downy Woodpecker","Picoides pubescens",0.838
2006,"Downy Woodpecker","Picoides pubescens",0.6259
2007,"Downy Woodpecker","Picoides pubescens",0.5346
2008,"Downy Woodpecker","Picoides pubescens",0.7095
2009,"Downy Woodpecker","Picoides pubescens",0.7082
2010,"Downy Woodpecker","Picoides pubescens",0.7826
2011,"Downy Woodpecker","Picoides pubescens",0.1451
2012,"Downy Woodpecker","Picoides pubescens",0.9292
2013,"Downy Woodpecker","Picoides pubescens",1.0019
2014,"Downy Woodpecker","Picoides pubescens",0.8582
2015,"Downy Woodpecker","Picoides pubescens",0.8798
2016,"Downy Woodpecker","Picoides pubescens",0.8069
2017,"Downy Woodpecker","Picoides pubescens",0.7382
2018,"Downy Woodpecker","Picoides pubescens",0.8638
2019,"Downy Woodpecker","Picoides pubescens",0.8386
2020,"Downy Woodpecker","Picoides pubescens",0.7215
2021,"Downy Woodpecker","Picoides pubescens",0.8889
2022,"Downy Woodpecker","Picoides pubescens",0.8328
2023,"Downy Woodpecker","Picoides pubescens",0.9118
2024,"Downy Woodpecker","Picoides pubescens",0.9583
1902,"Eastern Towhee","Pipilo erythrophthalmus",0
1903,"Eastern Towhee","Pipilo erythrophthalmus",0
1904,"Eastern Towhee","Pipilo erythrophthalmus",0
1905,"Eastern Towhee","Pipilo erythrophthalmus",0
1906,"Eastern Towhee","Pipilo erythrophthalmus",0
1940,"Eastern Towhee","Pipilo erythrophthalmus",0
1942,"Eastern Towhee","Pipilo erythrophthalmus",0
1943,"Eastern Towhee","Pipilo erythrophthalmus",0
1948,"Eastern Towhee","Pipilo erythrophthalmus",0
1949,"Eastern Towhee","Pipilo erythrophthalmus",0
1968,"Eastern Towhee","Pipilo erythrophthalmus",0
1969,"Eastern Towhee","Pipilo erythrophthalmus",0
1970,"Eastern Towhee","Pipilo erythrophthalmus",0
1971,"Eastern Towhee","Pipilo erythrophthalmus",0
1973,"Eastern Towhee","Pipilo erythrophthalmus",0
1974,"Eastern Towhee","Pipilo erythrophthalmus",0
1975,"Eastern Towhee","Pipilo erythrophthalmus",0
1976,"Eastern Towhee","Pipilo erythrophthalmus",0
1977,"Eastern Towhee","Pipilo erythrophthalmus",0
1978,"Eastern Towhee","Pipilo erythrophthalmus",0
1979,"Eastern Towhee","Pipilo erythrophthalmus",0
1980,"Eastern Towhee","Pipilo erythrophthalmus",0
1981,"Eastern Towhee","Pipilo erythrophthalmus",0
1982,"Eastern Towhee","Pipilo erythrophthalmus",0
1983,"Eastern Towhee","Pipilo erythrophthalmus",0
1984,"Eastern Towhee","Pipilo erythrophthalmus",0
1985,"Eastern Towhee","Pipilo erythrophthalmus",0
1986,"Eastern Towhee","Pipilo erythrophthalmus",0.6346
1987,"Eastern Towhee","Pipilo erythrophthalmus",0.9434
1988,"Eastern Towhee","Pipilo erythrophthalmus",1.234
1989,"Eastern Towhee","Pipilo erythrophthalmus",2.8438
1990,"Eastern Towhee","Pipilo erythrophthalmus",0.7746
1991,"Eastern Towhee","Pipilo erythrophthalmus",0.7945
1992,"Eastern Towhee","Pipilo erythrophthalmus",1.9538
1993,"Eastern Towhee","Pipilo erythrophthalmus",0.9354
1994,"Eastern Towhee","Pipilo erythrophthalmus",1.272
1995,"Eastern Towhee","Pipilo erythrophthalmus",2.7473
1996,"Eastern Towhee","Pipilo erythrophthalmus",2.1935
1997,"Eastern Towhee","Pipilo erythrophthalmus",1.5
1998,"Eastern Towhee","Pipilo erythrophthalmus",1.2283
1999,"Eastern Towhee","Pipilo erythrophthalmus",1.245
2000,"Eastern Towhee","Pipilo erythrophthalmus",1.0365
2001,"Eastern Towhee","Pipilo erythrophthalmus",1.4751
2002,"Eastern Towhee","Pipilo erythrophthalmus",1.2441
2003,"Eastern Towhee","Pipilo erythrophthalmus",1.7647
2004,"Eastern Towhee","Pipilo erythrophthalmus",1.9259
2005,"Eastern Towhee","Pipilo erythrophthalmus",3.4749
2006,"Eastern Towhee","Pipilo erythrophthalmus",2.0733
2007,"Eastern Towhee","Pipilo erythrophthalmus",1.4797
2008,"Eastern Towhee","Pipilo erythrophthalmus",1.1973
2009,"Eastern Towhee","Pipilo erythrophthalmus",2.2544
2010,"Eastern Towhee","Pipilo erythrophthalmus",1.5942
2011,"Eastern Towhee","Pipilo erythrophthalmus",2.0622
2012,"Eastern Towhee","Pipilo erythrophthalmus",2.2301
2013,"Eastern Towhee","Pipilo erythrophthalmus",2.3228
2014,"Eastern Towhee","Pipilo erythrophthalmus",1.5746
2015,"Eastern Towhee","Pipilo erythrophthalmus",1.9941
2016,"Eastern Towhee","Pipilo erythrophthalmus",1.7816
2017,"Eastern Towhee","Pipilo erythrophthalmus",2.3691
2018,"Eastern Towhee","Pipilo erythrophthalmus",2.2248
2019,"Eastern Towhee","Pipilo erythrophthalmus",1.9277
2020,"Eastern Towhee","Pipilo erythrophthalmus",1.7316
2021,"Eastern Towhee","Pipilo erythrophthalmus",2.2222
2022,"Eastern Towhee","Pipilo erythrophthalmus",1.3242
2023,"Eastern Towhee","Pipilo erythrophthalmus",1.5588
2024,"Eastern Towhee","Pipilo erythrophthalmus",1.2778
1902,"Eastern Towhee","Pipilo maculatus/erythrophthalmus",0
1903,"Eastern Towhee","Pipilo maculatus/erythrophthalmus",0
1904,"Eastern Towhee","Pipilo maculatus/erythrophthalmus",0
1905,"Eastern Towhee","Pipilo maculatus/erythrophthalmus",0
1906,"Eastern Towhee","Pipilo maculatus/erythrophthalmus",0
1940,"Eastern Towhee","Pipilo maculatus/erythrophthalmus",0
1942,"Eastern Towhee","Pipilo maculatus/erythrophthalmus",0
1943,"Eastern Towhee","Pipilo maculatus/erythrophthalmus",0
1948,"Eastern Towhee","Pipilo maculatus/erythrophthalmus",0
1949,"Eastern Towhee","Pipilo maculatus/erythrophthalmus",0
1968,"Eastern Towhee","Pipilo maculatus/erythrophthalmus",0.9268
1969,"Eastern Towhee","Pipilo maculatus/erythrophthalmus",1.7568
1970,"Eastern Towhee","Pipilo maculatus/erythrophthalmus",1.8
1971,"Eastern Towhee","Pipilo maculatus/erythrophthalmus",5.8
1973,"Eastern Towhee","Pipilo maculatus/erythrophthalmus",1.8333
1974,"Eastern Towhee","Pipilo maculatus/erythrophthalmus",1.1538
1975,"Eastern Towhee","Pipilo maculatus/erythrophthalmus",1.5333
1976,"Eastern Towhee","Pipilo maculatus/erythrophthalmus",1.2931
1977,"Eastern Towhee","Pipilo maculatus/erythrophthalmus",0.974
1978,"Eastern Towhee","Pipilo maculatus/erythrophthalmus",0.697
1979,"Eastern Towhee","Pipilo maculatus/erythrophthalmus",1.534
1980,"Eastern Towhee","Pipilo maculatus/erythrophthalmus",2.5455
1981,"Eastern Towhee","Pipilo maculatus/erythrophthalmus",1.4579
1982,"Eastern Towhee","Pipilo maculatus/erythrophthalmus",1.7937
1983,"Eastern Towhee","Pipilo maculatus/erythrophthalmus",0.8667
1984,"Eastern Towhee","Pipilo maculatus/erythrophthalmus",1.0938
1985,"Eastern Towhee","Pipilo maculatus/erythrophthalmus",1.1467
1986,"Eastern Towhee","Pipilo maculatus/erythrophthalmus",0
1987,"Eastern Towhee","Pipilo maculatus/erythrophthalmus",0
1988,"Eastern Towhee","Pipilo maculatus/erythrophthalmus",0
1989,"Eastern Towhee","Pipilo maculatus/erythrophthalmus",0
1990,"Eastern Towhee","Pipilo maculatus/erythrophthalmus",0
1991,"Eastern Towhee","Pipilo maculatus/erythrophthalmus",0
1992,"Eastern Towhee","Pipilo maculatus/erythrophthalmus",0
1993,"Eastern Towhee","Pipilo maculatus/erythrophthalmus",0
1994,"Eastern Towhee","Pipilo maculatus/erythrophthalmus",0
1995,"Eastern Towhee","Pipilo maculatus/erythrophthalmus",0
1996,"Eastern Towhee","Pipilo maculatus/erythrophthalmus",0
1997,"Eastern Towhee","Pipilo maculatus/erythrophthalmus",0
1998,"Eastern Towhee","Pipilo maculatus/erythrophthalmus",0
1999,"Eastern Towhee","Pipilo maculatus/erythrophthalmus",0
2000,"Eastern Towhee","Pipilo maculatus/erythrophthalmus",0
2001,"Eastern Towhee","Pipilo maculatus/erythrophthalmus",0
2002,"Eastern Towhee","Pipilo maculatus/erythrophthalmus",0
2003,"Eastern Towhee","Pipilo maculatus/erythrophthalmus",0
2004,"Eastern Towhee","Pipilo maculatus/erythrophthalmus",0
2005,"Eastern Towhee","Pipilo maculatus/erythrophthalmus",0
2006,"Eastern Towhee","Pipilo maculatus/erythrophthalmus",0
2007,"Eastern Towhee","Pipilo maculatus/erythrophthalmus",0
2008,"Eastern Towhee","Pipilo maculatus/erythrophthalmus",0
2009,"Eastern Towhee","Pipilo maculatus/erythrophthalmus",0
2010,"Eastern Towhee","Pipilo maculatus/erythrophthalmus",0
2011,"Eastern Towhee","Pipilo maculatus/erythrophthalmus",0
2012,"Eastern Towhee","Pipilo maculatus/erythrophthalmus",0
2013,"Eastern Towhee","Pipilo maculatus/erythrophthalmus",0
2014,"Eastern Towhee","Pipilo maculatus/erythrophthalmus",0
2015,"Eastern Towhee","Pipilo maculatus/erythrophthalmus",0
2016,"Eastern Towhee","Pipilo maculatus/erythrophthalmus",0
2017,"Eastern Towhee","Pipilo maculatus/erythrophthalmus",0
2018,"Eastern Towhee","Pipilo maculatus/erythrophthalmus",0
2019,"Eastern Towhee","Pipilo maculatus/erythrophthalmus",0
2020,"Eastern Towhee","Pipilo maculatus/erythrophthalmus",0
2021,"Eastern Towhee","Pipilo maculatus/erythrophthalmus",0
2022,"Eastern Towhee","Pipilo maculatus/erythrophthalmus",0
2023,"Eastern Towhee","Pipilo maculatus/erythrophthalmus",0
2024,"Eastern Towhee","Pipilo maculatus/erythrophthalmus",0
1902,"Carolina Chickadee","Poecile carolinensis",0
1903,"Carolina Chickadee","Poecile carolinensis",0
1904,"Carolina Chickadee","Poecile carolinensis",0
1905,"Carolina Chickadee","Poecile carolinensis",0
1906,"Carolina Chickadee","Poecile carolinensis",0
1940,"Carolina Chickadee","Poecile carolinensis",0
1942,"Carolina Chickadee","Poecile carolinensis",0
1943,"Carolina Chickadee","Poecile carolinensis",2
1948,"Carolina Chickadee","Poecile carolinensis",0
1949,"Carolina Chickadee","Poecile carolinensis",0
1968,"Carolina Chickadee","Poecile carolinensis",2.439
1969,"Carolina Chickadee","Poecile carolinensis",0.8108
1970,"Carolina Chickadee","Poecile carolinensis",1.5
1971,"Carolina Chickadee","Poecile carolinensis",4.0667
1973,"Carolina Chickadee","Poecile carolinensis",0.7667
1974,"Carolina Chickadee","Poecile carolinensis",1.7051
1975,"Carolina Chickadee","Poecile carolinensis",1.7167
1976,"Carolina Chickadee","Poecile carolinensis",2.4828
1977,"Carolina Chickadee","Poecile carolinensis",1.7532
1978,"Carolina Chickadee","Poecile carolinensis",0.7576
1979,"Carolina Chickadee","Poecile carolinensis",2.1165
1980,"Carolina Chickadee","Poecile carolinensis",2.8485
1981,"Carolina Chickadee","Poecile carolinensis",3.514
1982,"Carolina Chickadee","Poecile carolinensis",2.8095
1983,"Carolina Chickadee","Poecile carolinensis",2.4667
1984,"Carolina Chickadee","Poecile carolinensis",2.1094
1985,"Carolina Chickadee","Poecile carolinensis",2.0667
1986,"Carolina Chickadee","Poecile carolinensis",1.3654
1987,"Carolina Chickadee","Poecile carolinensis",3.2264
1988,"Carolina Chickadee","Poecile carolinensis",3.4468
1989,"Carolina Chickadee","Poecile carolinensis",2.9375
1990,"Carolina Chickadee","Poecile carolinensis",4.1127
1991,"Carolina Chickadee","Poecile carolinensis",2.8767
1992,"Carolina Chickadee","Poecile carolinensis",2.0462
1993,"Carolina Chickadee","Poecile carolinensis",2.4738
1994,"Carolina Chickadee","Poecile carolinensis",2.5441
1995,"Carolina Chickadee","Poecile carolinensis",3.0989
1996,"Carolina Chickadee","Poecile carolinensis",2.5968
1997,"Carolina Chickadee","Poecile carolinensis",3.1486
1998,"Carolina Chickadee","Poecile carolinensis",2.9134
1999,"Carolina Chickadee","Poecile carolinensis",2.8477
2000,"Carolina Chickadee","Poecile carolinensis",1.6478
2001,"Carolina Chickadee","Poecile carolinensis",2.1927
2002,"Carolina Chickadee","Poecile carolinensis",2.7023
2003,"Carolina Chickadee","Poecile carolinensis",1.951
2004,"Carolina Chickadee","Poecile carolinensis",3.2037
2005,"Carolina Chickadee","Poecile carolinensis",3.9441
2006,"Carolina Chickadee","Poecile carolinensis",3.1002
2007,"Carolina Chickadee","Poecile carolinensis",2.4248
2008,"Carolina Chickadee","Poecile carolinensis",4.6741
2009,"Carolina Chickadee","Poecile carolinensis",2.6035
2010,"Carolina Chickadee","Poecile carolinensis",2.6087
2011,"Carolina Chickadee","Poecile carolinensis",3.2332
2012,"Carolina Chickadee","Poecile carolinensis",2.9823
2013,"Carolina Chickadee","Poecile carolinensis",3.4731
2014,"Carolina Chickadee","Poecile carolinensis",3.403
2015,"Carolina Chickadee","Poecile carolinensis",3.1906
2016,"Carolina Chickadee","Poecile carolinensis",3.0918
2017,"Carolina Chickadee","Poecile carolinensis",2.206
2018,"Carolina Chickadee","Poecile carolinensis",3.2195
2019,"Carolina Chickadee","Poecile carolinensis",2.4193
2020,"Carolina Chickadee","Poecile carolinensis",2.3761
2021,"Carolina Chickadee","Poecile carolinensis",2.6667
2022,"Carolina Chickadee","Poecile carolinensis",1.9113
2023,"Carolina Chickadee","Poecile carolinensis",1.9706
2024,"Carolina Chickadee","Poecile carolinensis",1.8472
1902,"Blue-gray Gnatcatcher","Polioptila caerulea",0
1903,"Blue-gray Gnatcatcher","Polioptila caerulea",0
1904,"Blue-gray Gnatcatcher","Polioptila caerulea",0
1905,"Blue-gray Gnatcatcher","Polioptila caerulea",0
1906,"Blue-gray Gnatcatcher","Polioptila caerulea",0
1940,"Blue-gray Gnatcatcher","Polioptila caerulea",0
1942,"Blue-gray Gnatcatcher","Polioptila caerulea",0
1943,"Blue-gray Gnatcatcher","Polioptila caerulea",0
1948,"Blue-gray Gnatcatcher","Polioptila caerulea",0
1949,"Blue-gray Gnatcatcher","Polioptila caerulea",0
1968,"Blue-gray Gnatcatcher","Polioptila caerulea",0
1969,"Blue-gray Gnatcatcher","Polioptila caerulea",0
1970,"Blue-gray Gnatcatcher","Polioptila caerulea",0
1971,"Blue-gray Gnatcatcher","Polioptila caerulea",0
1973,"Blue-gray Gnatcatcher","Polioptila caerulea",0
1974,"Blue-gray Gnatcatcher","Polioptila caerulea",0
1975,"Blue-gray Gnatcatcher","Polioptila caerulea",0
1976,"Blue-gray Gnatcatcher","Polioptila caerulea",0
1977,"Blue-gray Gnatcatcher","Polioptila caerulea",0
1978,"Blue-gray Gnatcatcher","Polioptila caerulea",0
1979,"Blue-gray Gnatcatcher","Polioptila caerulea",0
1980,"Blue-gray Gnatcatcher","Polioptila caerulea",0
1981,"Blue-gray Gnatcatcher","Polioptila caerulea",0
1982,"Blue-gray Gnatcatcher","Polioptila caerulea",0
1983,"Blue-gray Gnatcatcher","Polioptila caerulea",0
1984,"Blue-gray Gnatcatcher","Polioptila caerulea",0
1985,"Blue-gray Gnatcatcher","Polioptila caerulea",0
1986,"Blue-gray Gnatcatcher","Polioptila caerulea",0
1987,"Blue-gray Gnatcatcher","Polioptila caerulea",0
1988,"Blue-gray Gnatcatcher","Polioptila caerulea",0
1989,"Blue-gray Gnatcatcher","Polioptila caerulea",0
1990,"Blue-gray Gnatcatcher","Polioptila caerulea",0.0282
1991,"Blue-gray Gnatcatcher","Polioptila caerulea",0
1992,"Blue-gray Gnatcatcher","Polioptila caerulea",0.0154
1993,"Blue-gray Gnatcatcher","Polioptila caerulea",0
1994,"Blue-gray Gnatcatcher","Polioptila caerulea",0
1995,"Blue-gray Gnatcatcher","Polioptila caerulea",0
1996,"Blue-gray Gnatcatcher","Polioptila caerulea",0
1997,"Blue-gray Gnatcatcher","Polioptila caerulea",0
1998,"Blue-gray Gnatcatcher","Polioptila caerulea",0
1999,"Blue-gray Gnatcatcher","Polioptila caerulea",0
2000,"Blue-gray Gnatcatcher","Polioptila caerulea",0.0399
2001,"Blue-gray Gnatcatcher","Polioptila caerulea",0.0266
2002,"Blue-gray Gnatcatcher","Polioptila caerulea",0
2003,"Blue-gray Gnatcatcher","Polioptila caerulea",0
2004,"Blue-gray Gnatcatcher","Polioptila caerulea",0.0278
2005,"Blue-gray Gnatcatcher","Polioptila caerulea",0
2006,"Blue-gray Gnatcatcher","Polioptila caerulea",0
2007,"Blue-gray Gnatcatcher","Polioptila caerulea",0
2008,"Blue-gray Gnatcatcher","Polioptila caerulea",0
2009,"Blue-gray Gnatcatcher","Polioptila caerulea",0
2010,"Blue-gray Gnatcatcher","Polioptila caerulea",0
2011,"Blue-gray Gnatcatcher","Polioptila caerulea",0
2012,"Blue-gray Gnatcatcher","Polioptila caerulea",0
2013,"Blue-gray Gnatcatcher","Polioptila caerulea",0
2014,"Blue-gray Gnatcatcher","Polioptila caerulea",0.0075
2015,"Blue-gray Gnatcatcher","Polioptila caerulea",0
2016,"Blue-gray Gnatcatcher","Polioptila caerulea",0.032
2017,"Blue-gray Gnatcatcher","Polioptila caerulea",0.0086
2018,"Blue-gray Gnatcatcher","Polioptila caerulea",0
2019,"Blue-gray Gnatcatcher","Polioptila caerulea",0.0096
2020,"Blue-gray Gnatcatcher","Polioptila caerulea",0
2021,"Blue-gray Gnatcatcher","Polioptila caerulea",0
2022,"Blue-gray Gnatcatcher","Polioptila caerulea",0
2023,"Blue-gray Gnatcatcher","Polioptila caerulea",0
2024,"Blue-gray Gnatcatcher","Polioptila caerulea",0.0139
1902,"Common Grackle","Quiscalus quiscula",0
1903,"Common Grackle","Quiscalus quiscula",0
1904,"Common Grackle","Quiscalus quiscula",0
1905,"Common Grackle","Quiscalus quiscula",0
1906,"Common Grackle","Quiscalus quiscula",0
1940,"Common Grackle","Quiscalus quiscula",0
1942,"Common Grackle","Quiscalus quiscula",0
1943,"Common Grackle","Quiscalus quiscula",0
1948,"Common Grackle","Quiscalus quiscula",0
1949,"Common Grackle","Quiscalus quiscula",0
1968,"Common Grackle","Quiscalus quiscula",0.0732
1969,"Common Grackle","Quiscalus quiscula",0.027
1970,"Common Grackle","Quiscalus quiscula",0.35
1971,"Common Grackle","Quiscalus quiscula",0
1973,"Common Grackle","Quiscalus quiscula",21.1667
1974,"Common Grackle","Quiscalus quiscula",2.641
1975,"Common Grackle","Quiscalus quiscula",6.9
1976,"Common Grackle","Quiscalus quiscula",7.2931
1977,"Common Grackle","Quiscalus quiscula",67.8571
1978,"Common Grackle","Quiscalus quiscula",0.0606
1979,"Common Grackle","Quiscalus quiscula",0
1980,"Common Grackle","Quiscalus quiscula",0.0606
1981,"Common Grackle","Quiscalus quiscula",0.486
1982,"Common Grackle","Quiscalus quiscula",9.9048
1983,"Common Grackle","Quiscalus quiscula",0.15
1984,"Common Grackle","Quiscalus quiscula",4.75
1985,"Common Grackle","Quiscalus quiscula",0.0667
1986,"Common Grackle","Quiscalus quiscula",21.3269
1987,"Common Grackle","Quiscalus quiscula",0.0189
1988,"Common Grackle","Quiscalus quiscula",1.766
1989,"Common Grackle","Quiscalus quiscula",1.4531
1990,"Common Grackle","Quiscalus quiscula",0.2958
1991,"Common Grackle","Quiscalus quiscula",6.8767
1992,"Common Grackle","Quiscalus quiscula",1.6769
1993,"Common Grackle","Quiscalus quiscula",0.0123
1994,"Common Grackle","Quiscalus quiscula",0.0766
1995,"Common Grackle","Quiscalus quiscula",0.2637
1996,"Common Grackle","Quiscalus quiscula",0.0161
1997,"Common Grackle","Quiscalus quiscula",0.2297
1998,"Common Grackle","Quiscalus quiscula",0.0315
1999,"Common Grackle","Quiscalus quiscula",0.053
2000,"Common Grackle","Quiscalus quiscula",14.6977
2001,"Common Grackle","Quiscalus quiscula",8.3322
2002,"Common Grackle","Quiscalus quiscula",3.1171
2003,"Common Grackle","Quiscalus quiscula",0.0196
2004,"Common Grackle","Quiscalus quiscula",0
2005,"Common Grackle","Quiscalus quiscula",0.2682
2006,"Common Grackle","Quiscalus quiscula",2.0538
2007,"Common Grackle","Quiscalus quiscula",30.6062
2008,"Common Grackle","Quiscalus quiscula",0.0177
2009,"Common Grackle","Quiscalus quiscula",1.1771
2010,"Common Grackle","Quiscalus quiscula",9.7874
2011,"Common Grackle","Quiscalus quiscula",1.3679
2012,"Common Grackle","Quiscalus quiscula",0.3894
2013,"Common Grackle","Quiscalus quiscula",14.7013
2014,"Common Grackle","Quiscalus quiscula",2.7239
2015,"Common Grackle","Quiscalus quiscula",0.0587
2016,"Common Grackle","Quiscalus quiscula",0.2716
2017,"Common Grackle","Quiscalus quiscula",24.0944
2018,"Common Grackle","Quiscalus quiscula",11.4514
2019,"Common Grackle","Quiscalus quiscula",2.4289
2020,"Common Grackle","Quiscalus quiscula",2.8956
2021,"Common Grackle","Quiscalus quiscula",0.4593
2022,"Common Grackle","Quiscalus quiscula",83.5904
2023,"Common Grackle","Quiscalus quiscula",0.0588
2024,"Common Grackle","Quiscalus quiscula",0.1528
1902,"Eastern Phoebe","Sayornis phoebe",0
1903,"Eastern Phoebe","Sayornis phoebe",0
1904,"Eastern Phoebe","Sayornis phoebe",0
1905,"Eastern Phoebe","Sayornis phoebe",0
1906,"Eastern Phoebe","Sayornis phoebe",0
1940,"Eastern Phoebe","Sayornis phoebe",0
1942,"Eastern Phoebe","Sayornis phoebe",0
1943,"Eastern Phoebe","Sayornis phoebe",0
1948,"Eastern Phoebe","Sayornis phoebe",0
1949,"Eastern Phoebe","Sayornis phoebe",0
1968,"Eastern Phoebe","Sayornis phoebe",0.0488
1969,"Eastern Phoebe","Sayornis phoebe",0.027
1970,"Eastern Phoebe","Sayornis phoebe",0
1971,"Eastern Phoebe","Sayornis phoebe",0
1973,"Eastern Phoebe","Sayornis phoebe",0.2
1974,"Eastern Phoebe","Sayornis phoebe",0.0897
1975,"Eastern Phoebe","Sayornis phoebe",0.0667
1976,"Eastern Phoebe","Sayornis phoebe",0.1379
1977,"Eastern Phoebe","Sayornis phoebe",0.039
1978,"Eastern Phoebe","Sayornis phoebe",0.1061
1979,"Eastern Phoebe","Sayornis phoebe",0.1553
1980,"Eastern Phoebe","Sayornis phoebe",0.0606
1981,"Eastern Phoebe","Sayornis phoebe",0.0374
1982,"Eastern Phoebe","Sayornis phoebe",0.0159
1983,"Eastern Phoebe","Sayornis phoebe",0.1833
1984,"Eastern Phoebe","Sayornis phoebe",0.2656
1985,"Eastern Phoebe","Sayornis phoebe",0.1067
1986,"Eastern Phoebe","Sayornis phoebe",0.1154
1987,"Eastern Phoebe","Sayornis phoebe",0.1887
1988,"Eastern Phoebe","Sayornis phoebe",0.2128
1989,"Eastern Phoebe","Sayornis phoebe",0.125
1990,"Eastern Phoebe","Sayornis phoebe",0.3803
1991,"Eastern Phoebe","Sayornis phoebe",0.4521
1992,"Eastern Phoebe","Sayornis phoebe",0.1846
1993,"Eastern Phoebe","Sayornis phoebe",0.3446
1994,"Eastern Phoebe","Sayornis phoebe",0.567
1995,"Eastern Phoebe","Sayornis phoebe",0.4725
1996,"Eastern Phoebe","Sayornis phoebe",0.1129
1997,"Eastern Phoebe","Sayornis phoebe",0.1757
1998,"Eastern Phoebe","Sayornis phoebe",0.7874
1999,"Eastern Phoebe","Sayornis phoebe",0.3179
2000,"Eastern Phoebe","Sayornis phoebe",0.2126
2001,"Eastern Phoebe","Sayornis phoebe",0.4917
2002,"Eastern Phoebe","Sayornis phoebe",0.6288
2003,"Eastern Phoebe","Sayornis phoebe",0.1569
2004,"Eastern Phoebe","Sayornis phoebe",0.3704
2005,"Eastern Phoebe","Sayornis phoebe",0.648
2006,"Eastern Phoebe","Sayornis phoebe",0.4108
2007,"Eastern Phoebe","Sayornis phoebe",0.1432
2008,"Eastern Phoebe","Sayornis phoebe",0.4789
2009,"Eastern Phoebe","Sayornis phoebe",0.3691
2010,"Eastern Phoebe","Sayornis phoebe",0.3478
2011,"Eastern Phoebe","Sayornis phoebe",0.3938
2012,"Eastern Phoebe","Sayornis phoebe",0.5221
2013,"Eastern Phoebe","Sayornis phoebe",0.7199
2014,"Eastern Phoebe","Sayornis phoebe",0.5373
2015,"Eastern Phoebe","Sayornis phoebe",0.2933
2016,"Eastern Phoebe","Sayornis phoebe",0.2956
2017,"Eastern Phoebe","Sayornis phoebe",0.4893
2018,"Eastern Phoebe","Sayornis phoebe",0.5104
2019,"Eastern Phoebe","Sayornis phoebe",0.6554
2020,"Eastern Phoebe","Sayornis phoebe",0.2501
2021,"Eastern Phoebe","Sayornis phoebe",0.2519
2022,"Eastern Phoebe","Sayornis phoebe",0.5597
2023,"Eastern Phoebe","Sayornis phoebe",0.2059
2024,"Eastern Phoebe","Sayornis phoebe",0.5139
1902,"Pine Warbler","Setophaga pinus",0
1903,"Pine Warbler","Setophaga pinus",0
1904,"Pine Warbler","Setophaga pinus",0
1905,"Pine Warbler","Setophaga pinus",0
1906,"Pine Warbler","Setophaga pinus",0
1940,"Pine Warbler","Setophaga pinus",0
1942,"Pine Warbler","Setophaga pinus",0
1943,"Pine Warbler","Setophaga pinus",0.1333
1948,"Pine Warbler","Setophaga pinus",0
1949,"Pine Warbler","Setophaga pinus",0
1968,"Pine Warbler","Setophaga pinus",0.1707
1969,"Pine Warbler","Setophaga pinus",0.027
1970,"Pine Warbler","Setophaga pinus",0
1971,"Pine Warbler","Setophaga pinus",0.0667
1973,"Pine Warbler","Setophaga pinus",0.1667
1974,"Pine Warbler","Setophaga pinus",0.1667
1975,"Pine Warbler","Setophaga pinus",0.1
1976,"Pine Warbler","Setophaga pinus",0.1207
1977,"Pine Warbler","Setophaga pinus",0.0519
1978,"Pine Warbler","Setophaga pinus",0.0303
1979,"Pine Warbler","Setophaga pinus",0.0583
1980,"Pine Warbler","Setophaga pinus",0.2727
1981,"Pine Warbler","Setophaga pinus",0.0748
1982,"Pine Warbler","Setophaga pinus",0.0159
1983,"Pine Warbler","Setophaga pinus",0.15
1984,"Pine Warbler","Setophaga pinus",0.6094
1985,"Pine Warbler","Setophaga pinus",0.44
1986,"Pine Warbler","Setophaga pinus",0.25
1987,"Pine Warbler","Setophaga pinus",0.0189
1988,"Pine Warbler","Setophaga pinus",0.1702
1989,"Pine Warbler","Setophaga pinus",0.2188
1990,"Pine Warbler","Setophaga pinus",0.7606
1991,"Pine Warbler","Setophaga pinus",0.6986
1992,"Pine Warbler","Setophaga pinus",0.2462
1993,"Pine Warbler","Setophaga pinus",0.4062
1994,"Pine Warbler","Setophaga pinus",0.8123
1995,"Pine Warbler","Setophaga pinus",0.3187
1996,"Pine Warbler","Setophaga pinus",0.0484
1997,"Pine Warbler","Setophaga pinus",0.9595
1998,"Pine Warbler","Setophaga pinus",0.6772
1999,"Pine Warbler","Setophaga pinus",0.1589
2000,"Pine Warbler","Setophaga pinus",0.4385
2001,"Pine Warbler","Setophaga pinus",0.7442
2002,"Pine Warbler","Setophaga pinus",0.1338
2003,"Pine Warbler","Setophaga pinus",0.0784
2004,"Pine Warbler","Setophaga pinus",0.3704
2005,"Pine Warbler","Setophaga pinus",0.1899
2006,"Pine Warbler","Setophaga pinus",0.3325
2007,"Pine Warbler","Setophaga pinus",0.0764
2008,"Pine Warbler","Setophaga pinus",0.3104
2009,"Pine Warbler","Setophaga pinus",0.2394
2010,"Pine Warbler","Setophaga pinus",0.5217
2011,"Pine Warbler","Setophaga pinus",0.0933
2012,"Pine Warbler","Setophaga pinus",0.2301
2013,"Pine Warbler","Setophaga pinus",0.2301
2014,"Pine Warbler","Setophaga pinus",0.0896
2015,"Pine Warbler","Setophaga pinus",0.1642
2016,"Pine Warbler","Setophaga pinus",0.2317
2017,"Pine Warbler","Setophaga pinus",0.309
2018,"Pine Warbler","Setophaga pinus",0.0785
2019,"Pine Warbler","Setophaga pinus",0.8193
2020,"Pine Warbler","Setophaga pinus",0.1058
2021,"Pine Warbler","Setophaga pinus",0.1185
2022,"Pine Warbler","Setophaga pinus",0.2321
2023,"Pine Warbler","Setophaga pinus",0.1765
2024,"Pine Warbler","Setophaga pinus",0.0972
1902,"Eastern Bluebird","Sialia sialis",0
1903,"Eastern Bluebird","Sialia sialis",0
1904,"Eastern Bluebird","Sialia sialis",0
1905,"Eastern Bluebird","Sialia sialis",0
1906,"Eastern Bluebird","Sialia sialis",0
1940,"Eastern Bluebird","Sialia sialis",0
1942,"Eastern Bluebird","Sialia sialis",0
1943,"Eastern Bluebird","Sialia sialis",0
1948,"Eastern Bluebird","Sialia sialis",0
1949,"Eastern Bluebird","Sialia sialis",0
1968,"Eastern Bluebird","Sialia sialis",0.2195
1969,"Eastern Bluebird","Sialia sialis",0.3243
1970,"Eastern Bluebird","Sialia sialis",0
1971,"Eastern Bluebird","Sialia sialis",2.9333
1973,"Eastern Bluebird","Sialia sialis",1.4333
1974,"Eastern Bluebird","Sialia sialis",1.0641
1975,"Eastern Bluebird","Sialia sialis",0.75
1976,"Eastern Bluebird","Sialia sialis",1.5
1977,"Eastern Bluebird","Sialia sialis",0.9091
1978,"Eastern Bluebird","Sialia sialis",0.7576
1979,"Eastern Bluebird","Sialia sialis",1.8058
1980,"Eastern Bluebird","Sialia sialis",0.5455
1981,"Eastern Bluebird","Sialia sialis",0.6168
1982,"Eastern Bluebird","Sialia sialis",0.7619
1983,"Eastern Bluebird","Sialia sialis",1.6667
1984,"Eastern Bluebird","Sialia sialis",1.9375
1985,"Eastern Bluebird","Sialia sialis",1.52
1986,"Eastern Bluebird","Sialia sialis",2.0769
1987,"Eastern Bluebird","Sialia sialis",3.6415
1988,"Eastern Bluebird","Sialia sialis",3.9574
1989,"Eastern Bluebird","Sialia sialis",1.8281
1990,"Eastern Bluebird","Sialia sialis",3.3521
1991,"Eastern Bluebird","Sialia sialis",2.9315
1992,"Eastern Bluebird","Sialia sialis",2.6
1993,"Eastern Bluebird","Sialia sialis",1.6862
1994,"Eastern Bluebird","Sialia sialis",2.8046
1995,"Eastern Bluebird","Sialia sialis",2.8132
1996,"Eastern Bluebird","Sialia sialis",1.5
1997,"Eastern Bluebird","Sialia sialis",2.6757
1998,"Eastern Bluebird","Sialia sialis",1.811
1999,"Eastern Bluebird","Sialia sialis",2.7285
2000,"Eastern Bluebird","Sialia sialis",1.7276
2001,"Eastern Bluebird","Sialia sialis",2.1927
2002,"Eastern Bluebird","Sialia sialis",2.8094
2003,"Eastern Bluebird","Sialia sialis",1.8137
2004,"Eastern Bluebird","Sialia sialis",2
2005,"Eastern Bluebird","Sialia sialis",2.8156
2006,"Eastern Bluebird","Sialia sialis",2.9633
2007,"Eastern Bluebird","Sialia sialis",2.7017
2008,"Eastern Bluebird","Sialia sialis",2.9889
2009,"Eastern Bluebird","Sialia sialis",2.3342
2010,"Eastern Bluebird","Sialia sialis",3.1498
2011,"Eastern Bluebird","Sialia sialis",1.9482
2012,"Eastern Bluebird","Sialia sialis",2.7345
2013,"Eastern Bluebird","Sialia sialis",2.6494
2014,"Eastern Bluebird","Sialia sialis",2.3209
2015,"Eastern Bluebird","Sialia sialis",1.8416
2016,"Eastern Bluebird","Sialia sialis",1.9573
2017,"Eastern Bluebird","Sialia sialis",3.6824
2018,"Eastern Bluebird","Sialia sialis",2.1725
2019,"Eastern Bluebird","Sialia sialis",3.3253
2020,"Eastern Bluebird","Sialia sialis",3.3285
2021,"Eastern Bluebird","Sialia sialis",5.6444
2022,"Eastern Bluebird","Sialia sialis",3.7406
2023,"Eastern Bluebird","Sialia sialis",1.3824
2024,"Eastern Bluebird","Sialia sialis",2.2361
1902,"White-breasted Nuthatch","Sitta carolinensis",0
1903,"White-breasted Nuthatch","Sitta carolinensis",0
1904,"White-breasted Nuthatch","Sitta carolinensis",0
1905,"White-breasted Nuthatch","Sitta carolinensis",0
1906,"White-breasted Nuthatch","Sitta carolinensis",0
1940,"White-breasted Nuthatch","Sitta carolinensis",0
1942,"White-breasted Nuthatch","Sitta carolinensis",0
1943,"White-breasted Nuthatch","Sitta carolinensis",0.4
1948,"White-breasted Nuthatch","Sitta carolinensis",0
1949,"White-breasted Nuthatch","Sitta carolinensis",0
1968,"White-breasted Nuthatch","Sitta carolinensis",0.3171
1969,"White-breasted Nuthatch","Sitta carolinensis",0.2703
1970,"White-breasted Nuthatch","Sitta carolinensis",0.4
1971,"White-breasted Nuthatch","Sitta carolinensis",0.6667
1973,"White-breasted Nuthatch","Sitta carolinensis",0.1667
1974,"White-breasted Nuthatch","Sitta carolinensis",0.2179
1975,"White-breasted Nuthatch","Sitta carolinensis",0.2833
1976,"White-breasted Nuthatch","Sitta carolinensis",0.1034
1977,"White-breasted Nuthatch","Sitta carolinensis",0.1039
1978,"White-breasted Nuthatch","Sitta carolinensis",0.1061
1979,"White-breasted Nuthatch","Sitta carolinensis",0.1165
1980,"White-breasted Nuthatch","Sitta carolinensis",0.1515
1981,"White-breasted Nuthatch","Sitta carolinensis",0.1869
1982,"White-breasted Nuthatch","Sitta carolinensis",0.1746
1983,"White-breasted Nuthatch","Sitta carolinensis",0.2167
1984,"White-breasted Nuthatch","Sitta carolinensis",0.1094
1985,"White-breasted Nuthatch","Sitta carolinensis",0.1867
1986,"White-breasted Nuthatch","Sitta carolinensis",0.25
1987,"White-breasted Nuthatch","Sitta carolinensis",0.4151
1988,"White-breasted Nuthatch","Sitta carolinensis",0.2553
1989,"White-breasted Nuthatch","Sitta carolinensis",0.1406
1990,"White-breasted Nuthatch","Sitta carolinensis",0.1831
1991,"White-breasted Nuthatch","Sitta carolinensis",0.3014
1992,"White-breasted Nuthatch","Sitta carolinensis",0.1538
1993,"White-breasted Nuthatch","Sitta carolinensis",0.2954
1994,"White-breasted Nuthatch","Sitta carolinensis",0.3218
1995,"White-breasted Nuthatch","Sitta carolinensis",0.2747
1996,"White-breasted Nuthatch","Sitta carolinensis",0.3548
1997,"White-breasted Nuthatch","Sitta carolinensis",0.4324
1998,"White-breasted Nuthatch","Sitta carolinensis",0.2835
1999,"White-breasted Nuthatch","Sitta carolinensis",0.5298
2000,"White-breasted Nuthatch","Sitta carolinensis",0.2126
2001,"White-breasted Nuthatch","Sitta carolinensis",0.3322
2002,"White-breasted Nuthatch","Sitta carolinensis",0.3478
2003,"White-breasted Nuthatch","Sitta carolinensis",0.2941
2004,"White-breasted Nuthatch","Sitta carolinensis",0.7222
2005,"White-breasted Nuthatch","Sitta carolinensis",0.7151
2006,"White-breasted Nuthatch","Sitta carolinensis",0.5183
2007,"White-breasted Nuthatch","Sitta carolinensis",0.315
2008,"White-breasted Nuthatch","Sitta carolinensis",0.4523
2009,"White-breasted Nuthatch","Sitta carolinensis",0.8678
2010,"White-breasted Nuthatch","Sitta carolinensis",0.4734
2011,"White-breasted Nuthatch","Sitta carolinensis",0.5389
2012,"White-breasted Nuthatch","Sitta carolinensis",0.469
2013,"White-breasted Nuthatch","Sitta carolinensis",0.4453
2014,"White-breasted Nuthatch","Sitta carolinensis",0.3881
2015,"White-breasted Nuthatch","Sitta carolinensis",0.5513
2016,"White-breasted Nuthatch","Sitta carolinensis",0.5433
2017,"White-breasted Nuthatch","Sitta carolinensis",0.4807
2018,"White-breasted Nuthatch","Sitta carolinensis",0.7852
2019,"White-breasted Nuthatch","Sitta carolinensis",0.4627
2020,"White-breasted Nuthatch","Sitta carolinensis",0.4521
2021,"White-breasted Nuthatch","Sitta carolinensis",0.2815
2022,"White-breasted Nuthatch","Sitta carolinensis",0.5461
2023,"White-breasted Nuthatch","Sitta carolinensis",0.2647
2024,"White-breasted Nuthatch","Sitta carolinensis",0.7361
1902,"Brown-headed Nuthatch","Sitta pusilla",0
1903,"Brown-headed Nuthatch","Sitta pusilla",0
1904,"Brown-headed Nuthatch","Sitta pusilla",0
1905,"Brown-headed Nuthatch","Sitta pusilla",0
1906,"Brown-headed Nuthatch","Sitta pusilla",0
1940,"Brown-headed Nuthatch","Sitta pusilla",0
1942,"Brown-headed Nuthatch","Sitta pusilla",0
1943,"Brown-headed Nuthatch","Sitta pusilla",0.2
1948,"Brown-headed Nuthatch","Sitta pusilla",0
1949,"Brown-headed Nuthatch","Sitta pusilla",0
1968,"Brown-headed Nuthatch","Sitta pusilla",0.2195
1969,"Brown-headed Nuthatch","Sitta pusilla",0.2703
1970,"Brown-headed Nuthatch","Sitta pusilla",0.55
1971,"Brown-headed Nuthatch","Sitta pusilla",1.5333
1973,"Brown-headed Nuthatch","Sitta pusilla",0.4333
1974,"Brown-headed Nuthatch","Sitta pusilla",0.5
1975,"Brown-headed Nuthatch","Sitta pusilla",0.1833
1976,"Brown-headed Nuthatch","Sitta pusilla",0.3103
1977,"Brown-headed Nuthatch","Sitta pusilla",0.1688
1978,"Brown-headed Nuthatch","Sitta pusilla",0.1515
1979,"Brown-headed Nuthatch","Sitta pusilla",0.3883
1980,"Brown-headed Nuthatch","Sitta pusilla",0.4848
1981,"Brown-headed Nuthatch","Sitta pusilla",0.4112
1982,"Brown-headed Nuthatch","Sitta pusilla",0.127
1983,"Brown-headed Nuthatch","Sitta pusilla",0.1833
1984,"Brown-headed Nuthatch","Sitta pusilla",0.25
1985,"Brown-headed Nuthatch","Sitta pusilla",0.16
1986,"Brown-headed Nuthatch","Sitta pusilla",0.2115
1987,"Brown-headed Nuthatch","Sitta pusilla",0.0943
1988,"Brown-headed Nuthatch","Sitta pusilla",0.3404
1989,"Brown-headed Nuthatch","Sitta pusilla",0.2031
1990,"Brown-headed Nuthatch","Sitta pusilla",0.4507
1991,"Brown-headed Nuthatch","Sitta pusilla",0.1096
1992,"Brown-headed Nuthatch","Sitta pusilla",0.2923
1993,"Brown-headed Nuthatch","Sitta pusilla",0.4677
1994,"Brown-headed Nuthatch","Sitta pusilla",0.3831
1995,"Brown-headed Nuthatch","Sitta pusilla",0.5055
1996,"Brown-headed Nuthatch","Sitta pusilla",0.3871
1997,"Brown-headed Nuthatch","Sitta pusilla",0.4054
1998,"Brown-headed Nuthatch","Sitta pusilla",0.5039
1999,"Brown-headed Nuthatch","Sitta pusilla",0.3444
2000,"Brown-headed Nuthatch","Sitta pusilla",0.2126
2001,"Brown-headed Nuthatch","Sitta pusilla",0.505
2002,"Brown-headed Nuthatch","Sitta pusilla",0.6421
2003,"Brown-headed Nuthatch","Sitta pusilla",0.1569
2004,"Brown-headed Nuthatch","Sitta pusilla",0.4167
2005,"Brown-headed Nuthatch","Sitta pusilla",0.4804
2006,"Brown-headed Nuthatch","Sitta pusilla",0.6357
2007,"Brown-headed Nuthatch","Sitta pusilla",0.3819
2008,"Brown-headed Nuthatch","Sitta pusilla",0.6741
2009,"Brown-headed Nuthatch","Sitta pusilla",0.7781
2010,"Brown-headed Nuthatch","Sitta pusilla",0.7729
2011,"Brown-headed Nuthatch","Sitta pusilla",0.5907
2012,"Brown-headed Nuthatch","Sitta pusilla",0.885
2013,"Brown-headed Nuthatch","Sitta pusilla",0.5788
2014,"Brown-headed Nuthatch","Sitta pusilla",0.9701
2015,"Brown-headed Nuthatch","Sitta pusilla",0.6569
2016,"Brown-headed Nuthatch","Sitta pusilla",0.5752
2017,"Brown-headed Nuthatch","Sitta pusilla",0.5751
2018,"Brown-headed Nuthatch","Sitta pusilla",0.7722
2019,"Brown-headed Nuthatch","Sitta pusilla",0.5205
2020,"Brown-headed Nuthatch","Sitta pusilla",0.3944
2021,"Brown-headed Nuthatch","Sitta pusilla",0.3852
2022,"Brown-headed Nuthatch","Sitta pusilla",1.1058
2023,"Brown-headed Nuthatch","Sitta pusilla",0.4412
2024,"Brown-headed Nuthatch","Sitta pusilla",0.4722
1902,"American Goldfinch","Spinus tristis",0
1903,"American Goldfinch","Spinus tristis",0
1904,"American Goldfinch","Spinus tristis",0
1905,"American Goldfinch","Spinus tristis",0
1906,"American Goldfinch","Spinus tristis",0
1940,"American Goldfinch","Spinus tristis",0
1942,"American Goldfinch","Spinus tristis",0
1943,"American Goldfinch","Spinus tristis",0
1948,"American Goldfinch","Spinus tristis",0
1949,"American Goldfinch","Spinus tristis",0
1968,"American Goldfinch","Spinus tristis",1.8293
1969,"American Goldfinch","Spinus tristis",3.7838
1970,"American Goldfinch","Spinus tristis",2.25
1971,"American Goldfinch","Spinus tristis",4.6
1973,"American Goldfinch","Spinus tristis",3.0667
1974,"American Goldfinch","Spinus tristis",1.9744
1975,"American Goldfinch","Spinus tristis",1.2333
1976,"American Goldfinch","Spinus tristis",1.2759
1977,"American Goldfinch","Spinus tristis",2.974
1978,"American Goldfinch","Spinus tristis",1.0303
1979,"American Goldfinch","Spinus tristis",2.3301
1980,"American Goldfinch","Spinus tristis",2.0909
1981,"American Goldfinch","Spinus tristis",2.0935
1982,"American Goldfinch","Spinus tristis",5
1983,"American Goldfinch","Spinus tristis",3.45
1984,"American Goldfinch","Spinus tristis",4.6563
1985,"American Goldfinch","Spinus tristis",3.7867
1986,"American Goldfinch","Spinus tristis",5.5962
1987,"American Goldfinch","Spinus tristis",4.7736
1988,"American Goldfinch","Spinus tristis",2.383
1989,"American Goldfinch","Spinus tristis",2.1406
1990,"American Goldfinch","Spinus tristis",3.4366
1991,"American Goldfinch","Spinus tristis",2.0685
1992,"American Goldfinch","Spinus tristis",2.7692
1993,"American Goldfinch","Spinus tristis",2.7692
1994,"American Goldfinch","Spinus tristis",1.8544
1995,"American Goldfinch","Spinus tristis",2.1868
1996,"American Goldfinch","Spinus tristis",2.2419
1997,"American Goldfinch","Spinus tristis",3.1757
1998,"American Goldfinch","Spinus tristis",3.1969
1999,"American Goldfinch","Spinus tristis",2.7947
2000,"American Goldfinch","Spinus tristis",1.9668
2001,"American Goldfinch","Spinus tristis",5.2625
2002,"American Goldfinch","Spinus tristis",2.6488
2003,"American Goldfinch","Spinus tristis",4.0588
2004,"American Goldfinch","Spinus tristis",3.4352
2005,"American Goldfinch","Spinus tristis",7.0279
2006,"American Goldfinch","Spinus tristis",3.1198
2007,"American Goldfinch","Spinus tristis",4.2196
2008,"American Goldfinch","Spinus tristis",4.6918
2009,"American Goldfinch","Spinus tristis",1.4065
2010,"American Goldfinch","Spinus tristis",5.0918
2011,"American Goldfinch","Spinus tristis",1.9896
2012,"American Goldfinch","Spinus tristis",3.5664
2013,"American Goldfinch","Spinus tristis",2.0705
2014,"American Goldfinch","Spinus tristis",0
2015,"American Goldfinch","Spinus tristis",1.9355
2016,"American Goldfinch","Spinus tristis",3.0439
2017,"American Goldfinch","Spinus tristis",3.1588
2018,"American Goldfinch","Spinus tristis",4.6198
2019,"American Goldfinch","Spinus tristis",2.6024
2020,"American Goldfinch","Spinus tristis",2.7417
2021,"American Goldfinch","Spinus tristis",1.5556
2022,"American Goldfinch","Spinus tristis",2.1024
2023,"American Goldfinch","Spinus tristis",1.1765
2024,"American Goldfinch","Spinus tristis",0.8056
1902,"Chipping Sparrow","Spizella passerina",0
1903,"Chipping Sparrow","Spizella passerina",0
1904,"Chipping Sparrow","Spizella passerina",0
1905,"Chipping Sparrow","Spizella passerina",0
1906,"Chipping Sparrow","Spizella passerina",0
1940,"Chipping Sparrow","Spizella passerina",0
1942,"Chipping Sparrow","Spizella passerina",0
1943,"Chipping Sparrow","Spizella passerina",0
1948,"Chipping Sparrow","Spizella passerina",0
1949,"Chipping Sparrow","Spizella passerina",0
1968,"Chipping Sparrow","Spizella passerina",0
1969,"Chipping Sparrow","Spizella passerina",0
1970,"Chipping Sparrow","Spizella passerina",0
1971,"Chipping Sparrow","Spizella passerina",0
1973,"Chipping Sparrow","Spizella passerina",0
1974,"Chipping Sparrow","Spizella passerina",0.0128
1975,"Chipping Sparrow","Spizella passerina",0
1976,"Chipping Sparrow","Spizella passerina",0.0345
1977,"Chipping Sparrow","Spizella passerina",0
1978,"Chipping Sparrow","Spizella passerina",0.5606
1979,"Chipping Sparrow","Spizella passerina",0.3883
1980,"Chipping Sparrow","Spizella passerina",0
1981,"Chipping Sparrow","Spizella passerina",0.243
1982,"Chipping Sparrow","Spizella passerina",0.1905
1983,"Chipping Sparrow","Spizella passerina",0.0167
1984,"Chipping Sparrow","Spizella passerina",0.4219
1985,"Chipping Sparrow","Spizella passerina",0.8267
1986,"Chipping Sparrow","Spizella passerina",0.3269
1987,"Chipping Sparrow","Spizella passerina",0.6415
1988,"Chipping Sparrow","Spizella passerina",0
1989,"Chipping Sparrow","Spizella passerina",0.1719
1990,"Chipping Sparrow","Spizella passerina",0.0141
1991,"Chipping Sparrow","Spizella passerina",0.5753
1992,"Chipping Sparrow","Spizella passerina",0.2769
1993,"Chipping Sparrow","Spizella passerina",0.0123
1994,"Chipping Sparrow","Spizella passerina",0.5517
1995,"Chipping Sparrow","Spizella passerina",0.6044
1996,"Chipping Sparrow","Spizella passerina",0.5645
1997,"Chipping Sparrow","Spizella passerina",0.2297
1998,"Chipping Sparrow","Spizella passerina",0.4882
1999,"Chipping Sparrow","Spizella passerina",0.649
2000,"Chipping Sparrow","Spizella passerina",0.3056
2001,"Chipping Sparrow","Spizella passerina",0.7176
2002,"Chipping Sparrow","Spizella passerina",0.9632
2003,"Chipping Sparrow","Spizella passerina",2.549
2004,"Chipping Sparrow","Spizella passerina",2.8796
2005,"Chipping Sparrow","Spizella passerina",2.3352
2006,"Chipping Sparrow","Spizella passerina",2.0049
2007,"Chipping Sparrow","Spizella passerina",0.3341
2008,"Chipping Sparrow","Spizella passerina",1.8093
2009,"Chipping Sparrow","Spizella passerina",2.4239
2010,"Chipping Sparrow","Spizella passerina",2.4734
2011,"Chipping Sparrow","Spizella passerina",5.3057
2012,"Chipping Sparrow","Spizella passerina",4.0177
2013,"Chipping Sparrow","Spizella passerina",5.5659
2014,"Chipping Sparrow","Spizella passerina",2.9851
2015,"Chipping Sparrow","Spizella passerina",2.217
2016,"Chipping Sparrow","Spizella passerina",2.6444
2017,"Chipping Sparrow","Spizella passerina",0.97
2018,"Chipping Sparrow","Spizella passerina",5.1171
2019,"Chipping Sparrow","Spizella passerina",3.0747
2020,"Chipping Sparrow","Spizella passerina",7.4844
2021,"Chipping Sparrow","Spizella passerina",4.8889
2022,"Chipping Sparrow","Spizella passerina",4.3276
2023,"Chipping Sparrow","Spizella passerina",3.5294
2024,"Chipping Sparrow","Spizella passerina",3.3889
1902,"Field Sparrow","Spizella pusilla",0
1903,"Field Sparrow","Spizella pusilla",0
1904,"Field Sparrow","Spizella pusilla",0
1905,"Field Sparrow","Spizella pusilla",0
1906,"Field Sparrow","Spizella pusilla",0
1940,"Field Sparrow","Spizella pusilla",0
1942,"Field Sparrow","Spizella pusilla",0
1943,"Field Sparrow","Spizella pusilla",0.2
1948,"Field Sparrow","Spizella pusilla",0
1949,"Field Sparrow","Spizella pusilla",0
1968,"Field Sparrow","Spizella pusilla",2.3171
1969,"Field Sparrow","Spizella pusilla",3.2432
1970,"Field Sparrow","Spizella pusilla",1.8
1971,"Field Sparrow","Spizella pusilla",8
1973,"Field Sparrow","Spizella pusilla",1.3667
1974,"Field Sparrow","Spizella pusilla",2.0256
1975,"Field Sparrow","Spizella pusilla",1.1833
1976,"Field Sparrow","Spizella pusilla",2.0517
1977,"Field Sparrow","Spizella pusilla",2.0909
1978,"Field Sparrow","Spizella pusilla",1.3788
1979,"Field Sparrow","Spizella pusilla",2.699
1980,"Field Sparrow","Spizella pusilla",2.1212
1981,"Field Sparrow","Spizella pusilla",2
1982,"Field Sparrow","Spizella pusilla",2.5873
1983,"Field Sparrow","Spizella pusilla",1.5333
1984,"Field Sparrow","Spizella pusilla",2.6406
1985,"Field Sparrow","Spizella pusilla",3.7867
1986,"Field Sparrow","Spizella pusilla",6.2115
1987,"Field Sparrow","Spizella pusilla",3.3962
1988,"Field Sparrow","Spizella pusilla",1.9149
1989,"Field Sparrow","Spizella pusilla",1.3281
1990,"Field Sparrow","Spizella pusilla",2.9577
1991,"Field Sparrow","Spizella pusilla",2.5753
1992,"Field Sparrow","Spizella pusilla",1.3077
1993,"Field Sparrow","Spizella pusilla",1.3292
1994,"Field Sparrow","Spizella pusilla",3.6475
1995,"Field Sparrow","Spizella pusilla",3.5165
1996,"Field Sparrow","Spizella pusilla",1.5323
1997,"Field Sparrow","Spizella pusilla",1.4054
1998,"Field Sparrow","Spizella pusilla",1.9528
1999,"Field Sparrow","Spizella pusilla",1.1523
2000,"Field Sparrow","Spizella pusilla",0.691
2001,"Field Sparrow","Spizella pusilla",0.7841
2002,"Field Sparrow","Spizella pusilla",0.8027
2003,"Field Sparrow","Spizella pusilla",0.8627
2004,"Field Sparrow","Spizella pusilla",1
2005,"Field Sparrow","Spizella pusilla",2.1117
2006,"Field Sparrow","Spizella pusilla",1.0465
2007,"Field Sparrow","Spizella pusilla",0.6205
2008,"Field Sparrow","Spizella pusilla",1.5698
2009,"Field Sparrow","Spizella pusilla",0.7082
2010,"Field Sparrow","Spizella pusilla",1.3623
2011,"Field Sparrow","Spizella pusilla",0.9119
2012,"Field Sparrow","Spizella pusilla",1.2478
2013,"Field Sparrow","Spizella pusilla",0.8312
2014,"Field Sparrow","Spizella pusilla",2.1716
2015,"Field Sparrow","Spizella pusilla",1.0792
2016,"Field Sparrow","Spizella pusilla",0.703
2017,"Field Sparrow","Spizella pusilla",0.824
2018,"Field Sparrow","Spizella pusilla",0.5104
2019,"Field Sparrow","Spizella pusilla",1.4651
2020,"Field Sparrow","Spizella pusilla",0.8947
2021,"Field Sparrow","Spizella pusilla",1.4074
2022,"Field Sparrow","Spizella pusilla",0.6553
2023,"Field Sparrow","Spizella pusilla",0.3824
2024,"Field Sparrow","Spizella pusilla",0.4444
1902,"Eastern Meadowlark","Sturnella magna",0
1903,"Eastern Meadowlark","Sturnella magna",0
1904,"Eastern Meadowlark","Sturnella magna",0
1905,"Eastern Meadowlark","Sturnella magna",0
1906,"Eastern Meadowlark","Sturnella magna",0
1940,"Eastern Meadowlark","Sturnella magna",0
1942,"Eastern Meadowlark","Sturnella magna",0
1943,"Eastern Meadowlark","Sturnella magna",0
1948,"Eastern Meadowlark","Sturnella magna",0
1949,"Eastern Meadowlark","Sturnella magna",0
1968,"Eastern Meadowlark","Sturnella magna",1.8537
1969,"Eastern Meadowlark","Sturnella magna",1.4865
1970,"Eastern Meadowlark","Sturnella magna",1.35
1971,"Eastern Meadowlark","Sturnella magna",2.4
1973,"Eastern Meadowlark","Sturnella magna",2.2667
1974,"Eastern Meadowlark","Sturnella magna",3.2179
1975,"Eastern Meadowlark","Sturnella magna",3.2
1976,"Eastern Meadowlark","Sturnella magna",5.7241
1977,"Eastern Meadowlark","Sturnella magna",3.0519
1978,"Eastern Meadowlark","Sturnella magna",2.6364
1979,"Eastern Meadowlark","Sturnella magna",4.4466
1980,"Eastern Meadowlark","Sturnella magna",6.303
1981,"Eastern Meadowlark","Sturnella magna",5.9065
1982,"Eastern Meadowlark","Sturnella magna",1.9683
1983,"Eastern Meadowlark","Sturnella magna",3.7333
1984,"Eastern Meadowlark","Sturnella magna",5.125
1985,"Eastern Meadowlark","Sturnella magna",2.56
1986,"Eastern Meadowlark","Sturnella magna",1.9615
1987,"Eastern Meadowlark","Sturnella magna",5.3396
1988,"Eastern Meadowlark","Sturnella magna",3.234
1989,"Eastern Meadowlark","Sturnella magna",1.5938
1990,"Eastern Meadowlark","Sturnella magna",1.6761
1991,"Eastern Meadowlark","Sturnella magna",1.3973
1992,"Eastern Meadowlark","Sturnella magna",2.6308
1993,"Eastern Meadowlark","Sturnella magna",1.1077
1994,"Eastern Meadowlark","Sturnella magna",0.9808
1995,"Eastern Meadowlark","Sturnella magna",1.3736
1996,"Eastern Meadowlark","Sturnella magna",0.4516
1997,"Eastern Meadowlark","Sturnella magna",0.1757
1998,"Eastern Meadowlark","Sturnella magna",0.8189
1999,"Eastern Meadowlark","Sturnella magna",0.3576
2000,"Eastern Meadowlark","Sturnella magna",1.0233
2001,"Eastern Meadowlark","Sturnella magna",0.1595
2002,"Eastern Meadowlark","Sturnella magna",0.3344
2003,"Eastern Meadowlark","Sturnella magna",0.2549
2004,"Eastern Meadowlark","Sturnella magna",0.5
2005,"Eastern Meadowlark","Sturnella magna",0.3352
2006,"Eastern Meadowlark","Sturnella magna",0.3912
2007,"Eastern Meadowlark","Sturnella magna",0.2673
2008,"Eastern Meadowlark","Sturnella magna",0.4169
2009,"Eastern Meadowlark","Sturnella magna",0.3691
2010,"Eastern Meadowlark","Sturnella magna",0.6473
2011,"Eastern Meadowlark","Sturnella magna",0.4041
2012,"Eastern Meadowlark","Sturnella magna",0.2566
2013,"Eastern Meadowlark","Sturnella magna",0.2078
2014,"Eastern Meadowlark","Sturnella magna",0.2313
2015,"Eastern Meadowlark","Sturnella magna",0.0587
2016,"Eastern Meadowlark","Sturnella magna",0.0639
2017,"Eastern Meadowlark","Sturnella magna",0.4979
2018,"Eastern Meadowlark","Sturnella magna",0.4319
2019,"Eastern Meadowlark","Sturnella magna",0.0867
2020,"Eastern Meadowlark","Sturnella magna",0.1251
2021,"Eastern Meadowlark","Sturnella magna",0.1037
2022,"Eastern Meadowlark","Sturnella magna",0.0956
2023,"Eastern Meadowlark","Sturnella magna",0.3235
2024,"Eastern Meadowlark","Sturnella magna",0.3889
1902,"European Starling","Sturnus vulgaris",0
1903,"European Starling","Sturnus vulgaris",0
1904,"European Starling","Sturnus vulgaris",0
1905,"European Starling","Sturnus vulgaris",0
1906,"European Starling","Sturnus vulgaris",0
1940,"European Starling","Sturnus vulgaris",0
1942,"European Starling","Sturnus vulgaris",0
1943,"European Starling","Sturnus vulgaris",5.9333
1948,"European Starling","Sturnus vulgaris",0
1949,"European Starling","Sturnus vulgaris",0
1968,"European Starling","Sturnus vulgaris",12.439
1969,"European Starling","Sturnus vulgaris",32.4324
1970,"European Starling","Sturnus vulgaris",155
1971,"European Starling","Sturnus vulgaris",0
1973,"European Starling","Sturnus vulgaris",79.3333
1974,"European Starling","Sturnus vulgaris",17.5513
1975,"European Starling","Sturnus vulgaris",13.8667
1976,"European Starling","Sturnus vulgaris",115.7931
1977,"European Starling","Sturnus vulgaris",25.961
1978,"European Starling","Sturnus vulgaris",14.7424
1979,"European Starling","Sturnus vulgaris",0
1980,"European Starling","Sturnus vulgaris",10.4242
1981,"European Starling","Sturnus vulgaris",8.0374
1982,"European Starling","Sturnus vulgaris",15.0159
1983,"European Starling","Sturnus vulgaris",4.3667
1984,"European Starling","Sturnus vulgaris",64.7969
1985,"European Starling","Sturnus vulgaris",3.96
1986,"European Starling","Sturnus vulgaris",95.4808
1987,"European Starling","Sturnus vulgaris",6.5849
1988,"European Starling","Sturnus vulgaris",29.234
1989,"European Starling","Sturnus vulgaris",11.7656
1990,"European Starling","Sturnus vulgaris",6.2676
1991,"European Starling","Sturnus vulgaris",12.4247
1992,"European Starling","Sturnus vulgaris",12.6308
1993,"European Starling","Sturnus vulgaris",11.0769
1994,"European Starling","Sturnus vulgaris",4.3678
1995,"European Starling","Sturnus vulgaris",10.8242
1996,"European Starling","Sturnus vulgaris",28.9032
1997,"European Starling","Sturnus vulgaris",20.1757
1998,"European Starling","Sturnus vulgaris",7.2913
1999,"European Starling","Sturnus vulgaris",10.1987
2000,"European Starling","Sturnus vulgaris",11.0299
2001,"European Starling","Sturnus vulgaris",3.9867
2002,"European Starling","Sturnus vulgaris",5.2709
2003,"European Starling","Sturnus vulgaris",2.7157
2004,"European Starling","Sturnus vulgaris",4.3333
2005,"European Starling","Sturnus vulgaris",3.3184
2006,"European Starling","Sturnus vulgaris",1.956
2007,"European Starling","Sturnus vulgaris",3.7327
2008,"European Starling","Sturnus vulgaris",4.2483
2009,"European Starling","Sturnus vulgaris",2.2344
2010,"European Starling","Sturnus vulgaris",3.9807
2011,"European Starling","Sturnus vulgaris",1.1813
2012,"European Starling","Sturnus vulgaris",4.5487
2013,"European Starling","Sturnus vulgaris",2.9536
2014,"European Starling","Sturnus vulgaris",4.4104
2015,"European Starling","Sturnus vulgaris",0.8094
2016,"European Starling","Sturnus vulgaris",2.5006
2017,"European Starling","Sturnus vulgaris",4.7468
2018,"European Starling","Sturnus vulgaris",2.1071
2019,"European Starling","Sturnus vulgaris",2.6506
2020,"European Starling","Sturnus vulgaris",6.8302
2021,"European Starling","Sturnus vulgaris",5.2741
2022,"European Starling","Sturnus vulgaris",1.9113
2023,"European Starling","Sturnus vulgaris",4.0588
2024,"European Starling","Sturnus vulgaris",0.4722
1902,"Carolina Wren","Thryothorus ludovicianus",0
1903,"Carolina Wren","Thryothorus ludovicianus",0
1904,"Carolina Wren","Thryothorus ludovicianus",0
1905,"Carolina Wren","Thryothorus ludovicianus",0
1906,"Carolina Wren","Thryothorus ludovicianus",0
1940,"Carolina Wren","Thryothorus ludovicianus",0
1942,"Carolina Wren","Thryothorus ludovicianus",0
1943,"Carolina Wren","Thryothorus ludovicianus",1.4667
1948,"Carolina Wren","Thryothorus ludovicianus",0
1949,"Carolina Wren","Thryothorus ludovicianus",0
1968,"Carolina Wren","Thryothorus ludovicianus",0.6585
1969,"Carolina Wren","Thryothorus ludovicianus",0.2973
1970,"Carolina Wren","Thryothorus ludovicianus",1.1
1971,"Carolina Wren","Thryothorus ludovicianus",2.4
1973,"Carolina Wren","Thryothorus ludovicianus",1.3667
1974,"Carolina Wren","Thryothorus ludovicianus",1.6667
1975,"Carolina Wren","Thryothorus ludovicianus",1.3667
1976,"Carolina Wren","Thryothorus ludovicianus",2.2241
1977,"Carolina Wren","Thryothorus ludovicianus",1.1429
1978,"Carolina Wren","Thryothorus ludovicianus",0.7121
1979,"Carolina Wren","Thryothorus ludovicianus",1.9029
1980,"Carolina Wren","Thryothorus ludovicianus",0.8788
1981,"Carolina Wren","Thryothorus ludovicianus",1.028
1982,"Carolina Wren","Thryothorus ludovicianus",1.1905
1983,"Carolina Wren","Thryothorus ludovicianus",1.6333
1984,"Carolina Wren","Thryothorus ludovicianus",1.8281
1985,"Carolina Wren","Thryothorus ludovicianus",1.72
1986,"Carolina Wren","Thryothorus ludovicianus",1.0769
1987,"Carolina Wren","Thryothorus ludovicianus",2.4717
1988,"Carolina Wren","Thryothorus ludovicianus",1.5745
1989,"Carolina Wren","Thryothorus ludovicianus",1.375
1990,"Carolina Wren","Thryothorus ludovicianus",1.8169
1991,"Carolina Wren","Thryothorus ludovicianus",1.6986
1992,"Carolina Wren","Thryothorus ludovicianus",1.6154
1993,"Carolina Wren","Thryothorus ludovicianus",1.7846
1994,"Carolina Wren","Thryothorus ludovicianus",2.1149
1995,"Carolina Wren","Thryothorus ludovicianus",1.956
1996,"Carolina Wren","Thryothorus ludovicianus",1.3065
1997,"Carolina Wren","Thryothorus ludovicianus",1.5946
1998,"Carolina Wren","Thryothorus ludovicianus",2.4567
1999,"Carolina Wren","Thryothorus ludovicianus",2.6755
2000,"Carolina Wren","Thryothorus ludovicianus",0.691
2001,"Carolina Wren","Thryothorus ludovicianus",1.515
2002,"Carolina Wren","Thryothorus ludovicianus",1.8194
2003,"Carolina Wren","Thryothorus ludovicianus",1.6961
2004,"Carolina Wren","Thryothorus ludovicianus",2.7778
2005,"Carolina Wren","Thryothorus ludovicianus",2.9274
2006,"Carolina Wren","Thryothorus ludovicianus",2.9046
2007,"Carolina Wren","Thryothorus ludovicianus",1.7661
2008,"Carolina Wren","Thryothorus ludovicianus",2.4479
2009,"Carolina Wren","Thryothorus ludovicianus",2.8429
2010,"Carolina Wren","Thryothorus ludovicianus",2.1836
2011,"Carolina Wren","Thryothorus ludovicianus",2.2176
2012,"Carolina Wren","Thryothorus ludovicianus",2.5575
2013,"Carolina Wren","Thryothorus ludovicianus",2.8794
2014,"Carolina Wren","Thryothorus ludovicianus",2.291
2015,"Carolina Wren","Thryothorus ludovicianus",1.7595
2016,"Carolina Wren","Thryothorus ludovicianus",2.4607
2017,"Carolina Wren","Thryothorus ludovicianus",2.2403
2018,"Carolina Wren","Thryothorus ludovicianus",2.2641
2019,"Carolina Wren","Thryothorus ludovicianus",2.5735
2020,"Carolina Wren","Thryothorus ludovicianus",2.7706
2021,"Carolina Wren","Thryothorus ludovicianus",2.237
2022,"Carolina Wren","Thryothorus ludovicianus",2.1843
2023,"Carolina Wren","Thryothorus ludovicianus",2.0588
2024,"Carolina Wren","Thryothorus ludovicianus",1.6806
1902,"Brown Thrasher","Toxostoma rufum",0
1903,"Brown Thrasher","Toxostoma rufum",0
1904,"Brown Thrasher","Toxostoma rufum",0
1905,"Brown Thrasher","Toxostoma rufum",0
1906,"Brown Thrasher","Toxostoma rufum",0
1940,"Brown Thrasher","Toxostoma rufum",0
1942,"Brown Thrasher","Toxostoma rufum",0
1943,"Brown Thrasher","Toxostoma rufum",0
1948,"Brown Thrasher","Toxostoma rufum",0
1949,"Brown Thrasher","Toxostoma rufum",0
1968,"Brown Thrasher","Toxostoma rufum",0.0244
1969,"Brown Thrasher","Toxostoma rufum",0.1892
1970,"Brown Thrasher","Toxostoma rufum",0.4
1971,"Brown Thrasher","Toxostoma rufum",0.2
1973,"Brown Thrasher","Toxostoma rufum",0.3
1974,"Brown Thrasher","Toxostoma rufum",0.1538
1975,"Brown Thrasher","Toxostoma rufum",0.3
1976,"Brown Thrasher","Toxostoma rufum",0.1034
1977,"Brown Thrasher","Toxostoma rufum",0.1688
1978,"Brown Thrasher","Toxostoma rufum",0.0758
1979,"Brown Thrasher","Toxostoma rufum",0.1942
1980,"Brown Thrasher","Toxostoma rufum",0.2121
1981,"Brown Thrasher","Toxostoma rufum",0.243
1982,"Brown Thrasher","Toxostoma rufum",0.254
1983,"Brown Thrasher","Toxostoma rufum",0.0167
1984,"Brown Thrasher","Toxostoma rufum",0.1406
1985,"Brown Thrasher","Toxostoma rufum",0.1733
1986,"Brown Thrasher","Toxostoma rufum",0.0192
1987,"Brown Thrasher","Toxostoma rufum",0.1132
1988,"Brown Thrasher","Toxostoma rufum",0.1489
1989,"Brown Thrasher","Toxostoma rufum",0.375
1990,"Brown Thrasher","Toxostoma rufum",0.169
1991,"Brown Thrasher","Toxostoma rufum",0.2055
1992,"Brown Thrasher","Toxostoma rufum",0.1077
1993,"Brown Thrasher","Toxostoma rufum",0.1108
1994,"Brown Thrasher","Toxostoma rufum",0.092
1995,"Brown Thrasher","Toxostoma rufum",0.2747
1996,"Brown Thrasher","Toxostoma rufum",0.1452
1997,"Brown Thrasher","Toxostoma rufum",0.0811
1998,"Brown Thrasher","Toxostoma rufum",0.1575
1999,"Brown Thrasher","Toxostoma rufum",0.1987
2000,"Brown Thrasher","Toxostoma rufum",0.1063
2001,"Brown Thrasher","Toxostoma rufum",0.1196
2002,"Brown Thrasher","Toxostoma rufum",0.1338
2003,"Brown Thrasher","Toxostoma rufum",0.1667
2004,"Brown Thrasher","Toxostoma rufum",0.3889
2005,"Brown Thrasher","Toxostoma rufum",0.3687
2006,"Brown Thrasher","Toxostoma rufum",0.2934
2007,"Brown Thrasher","Toxostoma rufum",0.3341
2008,"Brown Thrasher","Toxostoma rufum",0.2129
2009,"Brown Thrasher","Toxostoma rufum",0.409
2010,"Brown Thrasher","Toxostoma rufum",0.4444
2011,"Brown Thrasher","Toxostoma rufum",0.2902
2012,"Brown Thrasher","Toxostoma rufum",0.2478
2013,"Brown Thrasher","Toxostoma rufum",0.4898
2014,"Brown Thrasher","Toxostoma rufum",0.3134
2015,"Brown Thrasher","Toxostoma rufum",0.2346
2016,"Brown Thrasher","Toxostoma rufum",0.2477
2017,"Brown Thrasher","Toxostoma rufum",0.3519
2018,"Brown Thrasher","Toxostoma rufum",0.3664
2019,"Brown Thrasher","Toxostoma rufum",0.3952
2020,"Brown Thrasher","Toxostoma rufum",0.4233
2021,"Brown Thrasher","Toxostoma rufum",0.4148
2022,"Brown Thrasher","Toxostoma rufum",0.1502
2023,"Brown Thrasher","Toxostoma rufum",0.3529
2024,"Brown Thrasher","Toxostoma rufum",0.4444
1902,"American Robin","Turdus migratorius",0
1903,"American Robin","Turdus migratorius",0
1904,"American Robin","Turdus migratorius",0
1905,"American Robin","Turdus migratorius",0
1906,"American Robin","Turdus migratorius",0
1940,"American Robin","Turdus migratorius",0
1942,"American Robin","Turdus migratorius",0
1943,"American Robin","Turdus migratorius",0
1948,"American Robin","Turdus migratorius",0
1949,"American Robin","Turdus migratorius",0
1968,"American Robin","Turdus migratorius",0.2439
1969,"American Robin","Turdus migratorius",0.5676
1970,"American Robin","Turdus migratorius",0.55
1971,"American Robin","Turdus migratorius",1.5333
1973,"American Robin","Turdus migratorius",0.1333
1974,"American Robin","Turdus migratorius",0.5128
1975,"American Robin","Turdus migratorius",0.0667
1976,"American Robin","Turdus migratorius",2.9138
1977,"American Robin","Turdus migratorius",0.2597
1978,"American Robin","Turdus migratorius",1.0606
1979,"American Robin","Turdus migratorius",1.4369
1980,"American Robin","Turdus migratorius",0.0303
1981,"American Robin","Turdus migratorius",1.215
1982,"American Robin","Turdus migratorius",0.5079
1983,"American Robin","Turdus migratorius",0.75
1984,"American Robin","Turdus migratorius",1.9844
1985,"American Robin","Turdus migratorius",0.36
1986,"American Robin","Turdus migratorius",3.7308
1987,"American Robin","Turdus migratorius",0.0189
1988,"American Robin","Turdus migratorius",2.8085
1989,"American Robin","Turdus migratorius",2.5781
1990,"American Robin","Turdus migratorius",0.4366
1991,"American Robin","Turdus migratorius",1.1918
1992,"American Robin","Turdus migratorius",0.1231
1993,"American Robin","Turdus migratorius",0.7262
1994,"American Robin","Turdus migratorius",12.8889
1995,"American Robin","Turdus migratorius",4.8242
1996,"American Robin","Turdus migratorius",1.1129
1997,"American Robin","Turdus migratorius",1.3378
1998,"American Robin","Turdus migratorius",3.1339
1999,"American Robin","Turdus migratorius",15.4834
2000,"American Robin","Turdus migratorius",1.7674
2001,"American Robin","Turdus migratorius",0.8372
2002,"American Robin","Turdus migratorius",5.4448
2003,"American Robin","Turdus migratorius",5.7353
2004,"American Robin","Turdus migratorius",2.1389
2005,"American Robin","Turdus migratorius",6.0335
2006,"American Robin","Turdus migratorius",4.401
2007,"American Robin","Turdus migratorius",2.2053
2008,"American Robin","Turdus migratorius",4.3814
2009,"American Robin","Turdus migratorius",4.9177
2010,"American Robin","Turdus migratorius",5.5749
2011,"American Robin","Turdus migratorius",4.7979
2012,"American Robin","Turdus migratorius",3.1947
2013,"American Robin","Turdus migratorius",0.8757
2014,"American Robin","Turdus migratorius",1.7537
2015,"American Robin","Turdus migratorius",2.088
2016,"American Robin","Turdus migratorius",0.9507
2017,"American Robin","Turdus migratorius",5.8884
2018,"American Robin","Turdus migratorius",1.3873
2019,"American Robin","Turdus migratorius",0.6843
2020,"American Robin","Turdus migratorius",3.2804
2021,"American Robin","Turdus migratorius",2.2222
2022,"American Robin","Turdus migratorius",3.5222
2023,"American Robin","Turdus migratorius",10.9706
2024,"American Robin","Turdus migratorius",1.25
1902,"Mourning Dove","Zenaida macroura",0
1903,"Mourning Dove","Zenaida macroura",0
1904,"Mourning Dove","Zenaida macroura",0
1905,"Mourning Dove","Zenaida macroura",0
1906,"Mourning Dove","Zenaida macroura",0
1940,"Mourning Dove","Zenaida macroura",0
1942,"Mourning Dove","Zenaida macroura",0
1943,"Mourning Dove","Zenaida macroura",5
1948,"Mourning Dove","Zenaida macroura",0
1949,"Mourning Dove","Zenaida macroura",0
1968,"Mourning Dove","Zenaida macroura",0.878
1969,"Mourning Dove","Zenaida macroura",6.2162
1970,"Mourning Dove","Zenaida macroura",4.9
1971,"Mourning Dove","Zenaida macroura",4.8667
1973,"Mourning Dove","Zenaida macroura",8.9667
1974,"Mourning Dove","Zenaida macroura",20.359
1975,"Mourning Dove","Zenaida macroura",3.25
1976,"Mourning Dove","Zenaida macroura",14.4483
1977,"Mourning Dove","Zenaida macroura",13.4156
1978,"Mourning Dove","Zenaida macroura",5.0152
1979,"Mourning Dove","Zenaida macroura",13.068
1980,"Mourning Dove","Zenaida macroura",15.8788
1981,"Mourning Dove","Zenaida macroura",4.1121
1982,"Mourning Dove","Zenaida macroura",8.0159
1983,"Mourning Dove","Zenaida macroura",5.6
1984,"Mourning Dove","Zenaida macroura",3.8594
1985,"Mourning Dove","Zenaida macroura",6.0667
1986,"Mourning Dove","Zenaida macroura",2.8654
1987,"Mourning Dove","Zenaida macroura",13.6981
1988,"Mourning Dove","Zenaida macroura",8.0851
1989,"Mourning Dove","Zenaida macroura",6.0781
1990,"Mourning Dove","Zenaida macroura",6.0282
1991,"Mourning Dove","Zenaida macroura",4.2055
1992,"Mourning Dove","Zenaida macroura",6.9231
1993,"Mourning Dove","Zenaida macroura",2.56
1994,"Mourning Dove","Zenaida macroura",2.4828
1995,"Mourning Dove","Zenaida macroura",2.6374
1996,"Mourning Dove","Zenaida macroura",2.7097
1997,"Mourning Dove","Zenaida macroura",3.3378
1998,"Mourning Dove","Zenaida macroura",3.1181
1999,"Mourning Dove","Zenaida macroura",2.3974
2000,"Mourning Dove","Zenaida macroura",1.7542
2001,"Mourning Dove","Zenaida macroura",3.0166
2002,"Mourning Dove","Zenaida macroura",1.097
2003,"Mourning Dove","Zenaida macroura",1.7451
2004,"Mourning Dove","Zenaida macroura",2.3241
2005,"Mourning Dove","Zenaida macroura",6.3687
2006,"Mourning Dove","Zenaida macroura",1.2029
2007,"Mourning Dove","Zenaida macroura",2.7685
2008,"Mourning Dove","Zenaida macroura",1.3925
2009,"Mourning Dove","Zenaida macroura",1.2569
2010,"Mourning Dove","Zenaida macroura",1.0242
2011,"Mourning Dove","Zenaida macroura",1.9689
2012,"Mourning Dove","Zenaida macroura",2.5133
2013,"Mourning Dove","Zenaida macroura",1.3506
2014,"Mourning Dove","Zenaida macroura",2.1642
2015,"Mourning Dove","Zenaida macroura",0.915
2016,"Mourning Dove","Zenaida macroura",1.8774
2017,"Mourning Dove","Zenaida macroura",3.2361
2018,"Mourning Dove","Zenaida macroura",1.492
2019,"Mourning Dove","Zenaida macroura",0.6554
2020,"Mourning Dove","Zenaida macroura",2.3569
2021,"Mourning Dove","Zenaida macroura",2.5926
2022,"Mourning Dove","Zenaida macroura",1.1741
2023,"Mourning Dove","Zenaida macroura",1.3824
2024,"Mourning Dove","Zenaida macroura",1.7083
1977,"Red-winged Blackbird","Agelaius phoeniceus",1.383
1978,"Red-winged Blackbird","Agelaius phoeniceus",2.3684
1979,"Red-winged Blackbird","Agelaius phoeniceus",1.8136
1980,"Red-winged Blackbird","Agelaius phoeniceus",5.0769
1981,"Red-winged Blackbird","Agelaius phoeniceus",8.6387
1982,"Red-winged Blackbird","Agelaius phoeniceus",9.2115
1983,"Red-winged Blackbird","Agelaius phoeniceus",2.7914
1984,"Red-winged Blackbird","Agelaius phoeniceus",2.4472
1985,"Red-winged Blackbird","Agelaius phoeniceus",1.5873
1986,"Red-winged Blackbird","Agelaius phoeniceus",3.7238
1987,"Red-winged Blackbird","Agelaius phoeniceus",7.3672
1988,"Red-winged Blackbird","Agelaius phoeniceus",6.6077
1989,"Red-winged Blackbird","Agelaius phoeniceus",9.0234
1990,"Red-winged Blackbird","Agelaius phoeniceus",5.4142
1991,"Red-winged Blackbird","Agelaius phoeniceus",10.9141
1992,"Red-winged Blackbird","Agelaius phoeniceus",4.2112
1993,"Red-winged Blackbird","Agelaius phoeniceus",0.3144
1994,"Red-winged Blackbird","Agelaius phoeniceus",2.259
1995,"Red-winged Blackbird","Agelaius phoeniceus",5.7011
1996,"Red-winged Blackbird","Agelaius phoeniceus",2.0316
1997,"Red-winged Blackbird","Agelaius phoeniceus",11.4657
1998,"Red-winged Blackbird","Agelaius phoeniceus",5.9549
1999,"Red-winged Blackbird","Agelaius phoeniceus",7.5152
2000,"Red-winged Blackbird","Agelaius phoeniceus",1.415
2001,"Red-winged Blackbird","Agelaius phoeniceus",1.7227
2002,"Red-winged Blackbird","Agelaius phoeniceus",2.3836
2003,"Red-winged Blackbird","Agelaius phoeniceus",1.9144
2004,"Red-winged Blackbird","Agelaius phoeniceus",1.9964
2005,"Red-winged Blackbird","Agelaius phoeniceus",4.4362
2006,"Red-winged Blackbird","Agelaius phoeniceus",21.4314
2007,"Red-winged Blackbird","Agelaius phoeniceus",8.4433
2008,"Red-winged Blackbird","Agelaius phoeniceus",6.6322
2009,"Red-winged Blackbird","Agelaius phoeniceus",0.9765
2010,"Red-winged Blackbird","Agelaius phoeniceus",12.9004
2011,"Red-winged Blackbird","Agelaius phoeniceus",9.9847
2012,"Red-winged Blackbird","Agelaius phoeniceus",5.2456
2013,"Red-winged Blackbird","Agelaius phoeniceus",6.5725
2014,"Red-winged Blackbird","Agelaius phoeniceus",7.7317
2015,"Red-winged Blackbird","Agelaius phoeniceus",4.1406
2016,"Red-winged Blackbird","Agelaius phoeniceus",25.5352
2017,"Red-winged Blackbird","Agelaius phoeniceus",6.8257
2018,"Red-winged Blackbird","Agelaius phoeniceus",28.4017
2019,"Red-winged Blackbird","Agelaius phoeniceus",2.4334
2020,"Red-winged Blackbird","Agelaius phoeniceus",6.4195
2021,"Red-winged Blackbird","Agelaius phoeniceus",8.36
2022,"Red-winged Blackbird","Agelaius phoeniceus",13.7325
2023,"Red-winged Blackbird","Agelaius phoeniceus",36.5232
2024,"Red-winged Blackbird","Agelaius phoeniceus",3.1599
1977,"Great Blue Heron","Ardea herodias herodias Group",0.0851
1978,"Great Blue Heron","Ardea herodias herodias Group",0.0737
1979,"Great Blue Heron","Ardea herodias herodias Group",0.3006
1980,"Great Blue Heron","Ardea herodias herodias Group",0.3407
1981,"Great Blue Heron","Ardea herodias herodias Group",0.2827
1982,"Great Blue Heron","Ardea herodias herodias Group",0.1731
1983,"Great Blue Heron","Ardea herodias herodias Group",0.4385
1984,"Great Blue Heron","Ardea herodias herodias Group",0.5714
1985,"Great Blue Heron","Ardea herodias herodias Group",0.5397
1986,"Great Blue Heron","Ardea herodias herodias Group",0.7113
1987,"Great Blue Heron","Ardea herodias herodias Group",0.4972
1988,"Great Blue Heron","Ardea herodias herodias Group",0.5846
1989,"Great Blue Heron","Ardea herodias herodias Group",0.5547
1990,"Great Blue Heron","Ardea herodias herodias Group",0.3813
1991,"Great Blue Heron","Ardea herodias herodias Group",0.6641
1992,"Great Blue Heron","Ardea herodias herodias Group",0.5504
1993,"Great Blue Heron","Ardea herodias herodias Group",0.5284
1994,"Great Blue Heron","Ardea herodias herodias Group",0.3741
1995,"Great Blue Heron","Ardea herodias herodias Group",0.4521
1996,"Great Blue Heron","Ardea herodias herodias Group",0.4348
1997,"Great Blue Heron","Ardea herodias herodias Group",0.4601
1998,"Great Blue Heron","Ardea herodias herodias Group",0.7519
1999,"Great Blue Heron","Ardea herodias herodias Group",0.6591
2000,"Great Blue Heron","Ardea herodias herodias Group",0.7007
2001,"Great Blue Heron","Ardea herodias herodias Group",0.6137
2002,"Great Blue Heron","Ardea herodias herodias Group",0.5472
2003,"Great Blue Heron","Ardea herodias herodias Group",0.492
2004,"Great Blue Heron","Ardea herodias herodias Group",0.6132
2005,"Great Blue Heron","Ardea herodias herodias Group",0.6285
2006,"Great Blue Heron","Ardea herodias herodias Group",0.5819
2007,"Great Blue Heron","Ardea herodias herodias Group",1.2243
2008,"Great Blue Heron","Ardea herodias herodias Group",0.5841
2009,"Great Blue Heron","Ardea herodias herodias Group",0.5425
2010,"Great Blue Heron","Ardea herodias herodias Group",0.524
2011,"Great Blue Heron","Ardea herodias herodias Group",0.687
2012,"Great Blue Heron","Ardea herodias herodias Group",0.5803
2013,"Great Blue Heron","Ardea herodias herodias Group",0.632
2014,"Great Blue Heron","Ardea herodias herodias Group",0.626
2015,"Great Blue Heron","Ardea herodias herodias Group",0.3819
2016,"Great Blue Heron","Ardea herodias herodias Group",0.5535
2017,"Great Blue Heron","Ardea herodias herodias Group",1.0367
2018,"Great Blue Heron","Ardea herodias herodias Group",0.4105
2019,"Great Blue Heron","Ardea herodias herodias Group",0.6203
2020,"Great Blue Heron","Ardea herodias herodias Group",0.7089
2021,"Great Blue Heron","Ardea herodias herodias Group",0.792
2022,"Great Blue Heron","Ardea herodias herodias Group",0.7425
2023,"Great Blue Heron","Ardea herodias herodias Group",0.5654
2024,"Great Blue Heron","Ardea herodias herodias Group",1.58
1977,"Tufted Titmouse","Baeolophus bicolor",0.8191
1978,"Tufted Titmouse","Baeolophus bicolor",0.7474
1979,"Tufted Titmouse","Baeolophus bicolor",0.5411
1980,"Tufted Titmouse","Baeolophus bicolor",0.8242
1981,"Tufted Titmouse","Baeolophus bicolor",0.7644
1982,"Tufted Titmouse","Baeolophus bicolor",1.0577
1983,"Tufted Titmouse","Baeolophus bicolor",0.9626
1984,"Tufted Titmouse","Baeolophus bicolor",0.9068
1985,"Tufted Titmouse","Baeolophus bicolor",0.3016
1986,"Tufted Titmouse","Baeolophus bicolor",0.8285
1987,"Tufted Titmouse","Baeolophus bicolor",0.6215
1988,"Tufted Titmouse","Baeolophus bicolor",1.1615
1989,"Tufted Titmouse","Baeolophus bicolor",0.9141
1990,"Tufted Titmouse","Baeolophus bicolor",1.3172
1991,"Tufted Titmouse","Baeolophus bicolor",1.0859
1992,"Tufted Titmouse","Baeolophus bicolor",1.28
1993,"Tufted Titmouse","Baeolophus bicolor",1.5184
1994,"Tufted Titmouse","Baeolophus bicolor",1.5108
1995,"Tufted Titmouse","Baeolophus bicolor",1.4713
1996,"Tufted Titmouse","Baeolophus bicolor",1.336
1997,"Tufted Titmouse","Baeolophus bicolor",1.9963
1998,"Tufted Titmouse","Baeolophus bicolor",2.0677
1999,"Tufted Titmouse","Baeolophus bicolor",1.947
2000,"Tufted Titmouse","Baeolophus bicolor",2.483
2001,"Tufted Titmouse","Baeolophus bicolor",1.9445
2002,"Tufted Titmouse","Baeolophus bicolor",1.6226
2003,"Tufted Titmouse","Baeolophus bicolor",1.5722
2004,"Tufted Titmouse","Baeolophus bicolor",2.0392
2005,"Tufted Titmouse","Baeolophus bicolor",1.8706
2006,"Tufted Titmouse","Baeolophus bicolor",1.8997
2007,"Tufted Titmouse","Baeolophus bicolor",1.3087
2008,"Tufted Titmouse","Baeolophus bicolor",1.6636
2009,"Tufted Titmouse","Baeolophus bicolor",1.6709
2010,"Tufted Titmouse","Baeolophus bicolor",2.5314
2011,"Tufted Titmouse","Baeolophus bicolor",3.2137
2012,"Tufted Titmouse","Baeolophus bicolor",2.8085
2013,"Tufted Titmouse","Baeolophus bicolor",2.9368
2014,"Tufted Titmouse","Baeolophus bicolor",2.5285
2015,"Tufted Titmouse","Baeolophus bicolor",2.1701
2016,"Tufted Titmouse","Baeolophus bicolor",1.7337
2017,"Tufted Titmouse","Baeolophus bicolor",2.1651
2018,"Tufted Titmouse","Baeolophus bicolor",2.1048
2019,"Tufted Titmouse","Baeolophus bicolor",2.1312
2020,"Tufted Titmouse","Baeolophus bicolor",2.1528
2021,"Tufted Titmouse","Baeolophus bicolor",3.2
2022,"Tufted Titmouse","Baeolophus bicolor",2.7465
2023,"Tufted Titmouse","Baeolophus bicolor",2.8692
2024,"Tufted Titmouse","Baeolophus bicolor",2.4894
1977,"Canada Goose","Branta canadensis",0
1978,"Canada Goose","Branta canadensis",0.0421
1979,"Canada Goose","Branta canadensis",0
1980,"Canada Goose","Branta canadensis",0
1981,"Canada Goose","Branta canadensis",0
1982,"Canada Goose","Branta canadensis",0
1983,"Canada Goose","Branta canadensis",0.0107
1984,"Canada Goose","Branta canadensis",0
1985,"Canada Goose","Branta canadensis",0.0159
1986,"Canada Goose","Branta canadensis",0.1339
1987,"Canada Goose","Branta canadensis",0.1582
1988,"Canada Goose","Branta canadensis",0.0692
1989,"Canada Goose","Branta canadensis",0.4375
1990,"Canada Goose","Branta canadensis",0
1991,"Canada Goose","Branta canadensis",0.0938
1992,"Canada Goose","Branta canadensis",0.0704
1993,"Canada Goose","Branta canadensis",0.0468
1994,"Canada Goose","Branta canadensis",0
1995,"Canada Goose","Branta canadensis",0.1073
1996,"Canada Goose","Branta canadensis",1.3913
1997,"Canada Goose","Branta canadensis",1.2096
1998,"Canada Goose","Branta canadensis",0.3383
1999,"Canada Goose","Branta canadensis",0.7879
2000,"Canada Goose","Branta canadensis",2.4014
2001,"Canada Goose","Branta canadensis",2.2403
2002,"Canada Goose","Branta canadensis",1.7547
2003,"Canada Goose","Branta canadensis",1.3102
2004,"Canada Goose","Branta canadensis",1.9893
2005,"Canada Goose","Branta canadensis",2.8688
2006,"Canada Goose","Branta canadensis",2.8094
2007,"Canada Goose","Branta canadensis",2.4485
2008,"Canada Goose","Branta canadensis",1.8558
2009,"Canada Goose","Branta canadensis",2.1917
2010,"Canada Goose","Branta canadensis",2.6199
2011,"Canada Goose","Branta canadensis",2.7939
2012,"Canada Goose","Branta canadensis",1.3153
2013,"Canada Goose","Branta canadensis",0.8401
2014,"Canada Goose","Branta canadensis",1.626
2015,"Canada Goose","Branta canadensis",1.0243
2016,"Canada Goose","Branta canadensis",1.1175
2017,"Canada Goose","Branta canadensis",0.7156
2018,"Canada Goose","Branta canadensis",1.6332
2019,"Canada Goose","Branta canadensis",1.1054
2020,"Canada Goose","Branta canadensis",1.574
2021,"Canada Goose","Branta canadensis",1.656
2022,"Canada Goose","Branta canadensis",3.2974
2023,"Canada Goose","Branta canadensis",2.7595
2024,"Canada Goose","Branta canadensis",1.6416
1977,"Red-shouldered Hawk","Buteo lineatus",0.0957
1978,"Red-shouldered Hawk","Buteo lineatus",0.0737
1979,"Red-shouldered Hawk","Buteo lineatus",0.1303
1980,"Red-shouldered Hawk","Buteo lineatus",0.1429
1981,"Red-shouldered Hawk","Buteo lineatus",0.0419
1982,"Red-shouldered Hawk","Buteo lineatus",0.0288
1983,"Red-shouldered Hawk","Buteo lineatus",0.0535
1984,"Red-shouldered Hawk","Buteo lineatus",0.1118
1985,"Red-shouldered Hawk","Buteo lineatus",0.0397
1986,"Red-shouldered Hawk","Buteo lineatus",0.0084
1987,"Red-shouldered Hawk","Buteo lineatus",0.0226
1988,"Red-shouldered Hawk","Buteo lineatus",0.0615
1989,"Red-shouldered Hawk","Buteo lineatus",0.1094
1990,"Red-shouldered Hawk","Buteo lineatus",0.0763
1991,"Red-shouldered Hawk","Buteo lineatus",0.0859
1992,"Red-shouldered Hawk","Buteo lineatus",0.128
1993,"Red-shouldered Hawk","Buteo lineatus",0.1538
1994,"Red-shouldered Hawk","Buteo lineatus",0.1223
1995,"Red-shouldered Hawk","Buteo lineatus",0.046
1996,"Red-shouldered Hawk","Buteo lineatus",0.1344
1997,"Red-shouldered Hawk","Buteo lineatus",0.1484
1998,"Red-shouldered Hawk","Buteo lineatus",0.1053
1999,"Red-shouldered Hawk","Buteo lineatus",0.1439
2000,"Red-shouldered Hawk","Buteo lineatus",0.1429
2001,"Red-shouldered Hawk","Buteo lineatus",0.1627
2002,"Red-shouldered Hawk","Buteo lineatus",0.2075
2003,"Red-shouldered Hawk","Buteo lineatus",0.1176
2004,"Red-shouldered Hawk","Buteo lineatus",0.2852
2005,"Red-shouldered Hawk","Buteo lineatus",0.2218
2006,"Red-shouldered Hawk","Buteo lineatus",0.1672
2007,"Red-shouldered Hawk","Buteo lineatus",0.0633
2008,"Red-shouldered Hawk","Buteo lineatus",0.1701
2009,"Red-shouldered Hawk","Buteo lineatus",0.1519
2010,"Red-shouldered Hawk","Buteo lineatus",0.2288
2011,"Red-shouldered Hawk","Buteo lineatus",0.2519
2012,"Red-shouldered Hawk","Buteo lineatus",0.2476
2013,"Red-shouldered Hawk","Buteo lineatus",0.4238
2014,"Red-shouldered Hawk","Buteo lineatus",0.2276
2015,"Red-shouldered Hawk","Buteo lineatus",0.4688
2016,"Red-shouldered Hawk","Buteo lineatus",0.1984
2017,"Red-shouldered Hawk","Buteo lineatus",0.1284
2018,"Red-shouldered Hawk","Buteo lineatus",0.262
2019,"Red-shouldered Hawk","Buteo lineatus",0.2545
2020,"Red-shouldered Hawk","Buteo lineatus",0.2276
2021,"Red-shouldered Hawk","Buteo lineatus",0.224
2022,"Red-shouldered Hawk","Buteo lineatus",0.3593
2023,"Red-shouldered Hawk","Buteo lineatus",0.2278
2024,"Red-shouldered Hawk","Buteo lineatus",0.2466
1977,"Northern Cardinal","Cardinalis cardinalis",2.2128
1978,"Northern Cardinal","Cardinalis cardinalis",1.4842
1979,"Northern Cardinal","Cardinalis cardinalis",1.2024
1980,"Northern Cardinal","Cardinalis cardinalis",1.3956
1981,"Northern Cardinal","Cardinalis cardinalis",1.466
1982,"Northern Cardinal","Cardinalis cardinalis",3.0865
1983,"Northern Cardinal","Cardinalis cardinalis",2.0428
1984,"Northern Cardinal","Cardinalis cardinalis",1.2174
1985,"Northern Cardinal","Cardinalis cardinalis",0.7778
1986,"Northern Cardinal","Cardinalis cardinalis",1.5481
1987,"Northern Cardinal","Cardinalis cardinalis",2.8362
1988,"Northern Cardinal","Cardinalis cardinalis",2.5846
1989,"Northern Cardinal","Cardinalis cardinalis",2.25
1990,"Northern Cardinal","Cardinalis cardinalis",2.0867
1991,"Northern Cardinal","Cardinalis cardinalis",1.9375
1992,"Northern Cardinal","Cardinalis cardinalis",2.016
1993,"Northern Cardinal","Cardinalis cardinalis",1.7391
1994,"Northern Cardinal","Cardinalis cardinalis",1.6619
1995,"Northern Cardinal","Cardinalis cardinalis",2.8659
1996,"Northern Cardinal","Cardinalis cardinalis",1.6601
1997,"Northern Cardinal","Cardinalis cardinalis",1.7514
1998,"Northern Cardinal","Cardinalis cardinalis",2.2256
1999,"Northern Cardinal","Cardinalis cardinalis",1.9091
2000,"Northern Cardinal","Cardinalis cardinalis",1.9864
2001,"Northern Cardinal","Cardinalis cardinalis",1.9741
2002,"Northern Cardinal","Cardinalis cardinalis",2.1384
2003,"Northern Cardinal","Cardinalis cardinalis",1.7807
2004,"Northern Cardinal","Cardinalis cardinalis",2.2959
2005,"Northern Cardinal","Cardinalis cardinalis",1.9667
2006,"Northern Cardinal","Cardinalis cardinalis",2.2274
2007,"Northern Cardinal","Cardinalis cardinalis",2.8391
2008,"Northern Cardinal","Cardinalis cardinalis",2.9575
2009,"Northern Cardinal","Cardinalis cardinalis",2.7052
2010,"Northern Cardinal","Cardinalis cardinalis",3.0627
2011,"Northern Cardinal","Cardinalis cardinalis",2.5649
2012,"Northern Cardinal","Cardinalis cardinalis",1.7021
2013,"Northern Cardinal","Cardinalis cardinalis",2.9219
2014,"Northern Cardinal","Cardinalis cardinalis",3.4146
2015,"Northern Cardinal","Cardinalis cardinalis",3.533
2016,"Northern Cardinal","Cardinalis cardinalis",3.8747
2017,"Northern Cardinal","Cardinalis cardinalis",3.8807
2018,"Northern Cardinal","Cardinalis cardinalis",3.5546
2019,"Northern Cardinal","Cardinalis cardinalis",2.505
2020,"Northern Cardinal","Cardinalis cardinalis",2.6992
2021,"Northern Cardinal","Cardinalis cardinalis",3.952
2022,"Northern Cardinal","Cardinalis cardinalis",2.8822
2023,"Northern Cardinal","Cardinalis cardinalis",3.1139
2024,"Northern Cardinal","Cardinalis cardinalis",2.0501
1977,"Turkey Vulture","Cathartes aura",0.117
1978,"Turkey Vulture","Cathartes aura",0.1474
1979,"Turkey Vulture","Cathartes aura",0.0601
1980,"Turkey Vulture","Cathartes aura",0.3297
1981,"Turkey Vulture","Cathartes aura",0.0524
1982,"Turkey Vulture","Cathartes aura",0.4519
1983,"Turkey Vulture","Cathartes aura",0.2995
1984,"Turkey Vulture","Cathartes aura",1.0062
1985,"Turkey Vulture","Cathartes aura",0.5714
1986,"Turkey Vulture","Cathartes aura",0.4351
1987,"Turkey Vulture","Cathartes aura",0.7345
1988,"Turkey Vulture","Cathartes aura",0.4231
1989,"Turkey Vulture","Cathartes aura",0.5938
1990,"Turkey Vulture","Cathartes aura",0.8666
1991,"Turkey Vulture","Cathartes aura",0.3906
1992,"Turkey Vulture","Cathartes aura",0.9728
1993,"Turkey Vulture","Cathartes aura",0.8629
1994,"Turkey Vulture","Cathartes aura",2.4101
1995,"Turkey Vulture","Cathartes aura",0.613
1996,"Turkey Vulture","Cathartes aura",3.1621
1997,"Turkey Vulture","Cathartes aura",1.9147
1998,"Turkey Vulture","Cathartes aura",1.0526
1999,"Turkey Vulture","Cathartes aura",2.2348
2000,"Turkey Vulture","Cathartes aura",1.1156
2001,"Turkey Vulture","Cathartes aura",1.7301
2002,"Turkey Vulture","Cathartes aura",0.9937
2003,"Turkey Vulture","Cathartes aura",1.0267
2004,"Turkey Vulture","Cathartes aura",1.2977
2005,"Turkey Vulture","Cathartes aura",1.5305
2006,"Turkey Vulture","Cathartes aura",2.2341
2007,"Turkey Vulture","Cathartes aura",0.971
2008,"Turkey Vulture","Cathartes aura",1.4787
2009,"Turkey Vulture","Cathartes aura",1.8517
2010,"Turkey Vulture","Cathartes aura",0.9004
2011,"Turkey Vulture","Cathartes aura",2.2366
2012,"Turkey Vulture","Cathartes aura",2.4526
2013,"Turkey Vulture","Cathartes aura",1.3383
2014,"Turkey Vulture","Cathartes aura",1.1057
2015,"Turkey Vulture","Cathartes aura",1.2847
2016,"Turkey Vulture","Cathartes aura",0.1358
2017,"Turkey Vulture","Cathartes aura",1.1009
2018,"Turkey Vulture","Cathartes aura",1.0218
2019,"Turkey Vulture","Cathartes aura",2.7753
2020,"Turkey Vulture","Cathartes aura",1.2163
2021,"Turkey Vulture","Cathartes aura",1.024
2022,"Turkey Vulture","Cathartes aura",1.2535
2023,"Turkey Vulture","Cathartes aura",1.2405
2024,"Turkey Vulture","Cathartes aura",1.395
1977,"Killdeer","Charadrius vociferus",0
1978,"Killdeer","Charadrius vociferus",0.2105
1979,"Killdeer","Charadrius vociferus",0.7014
1980,"Killdeer","Charadrius vociferus",0.1429
1981,"Killdeer","Charadrius vociferus",0.199
1982,"Killdeer","Charadrius vociferus",0.0192
1983,"Killdeer","Charadrius vociferus",0.2139
1984,"Killdeer","Charadrius vociferus",0.2981
1985,"Killdeer","Charadrius vociferus",0.2302
1986,"Killdeer","Charadrius vociferus",0.1004
1987,"Killdeer","Charadrius vociferus",0.0565
1988,"Killdeer","Charadrius vociferus",0.1692
1989,"Killdeer","Charadrius vociferus",0.1875
1990,"Killdeer","Charadrius vociferus",0.3189
1991,"Killdeer","Charadrius vociferus",0.2188
1992,"Killdeer","Charadrius vociferus",0.192
1993,"Killdeer","Charadrius vociferus",0.2742
1994,"Killdeer","Charadrius vociferus",0.4964
1995,"Killdeer","Charadrius vociferus",0.1379
1996,"Killdeer","Charadrius vociferus",0.2767
1997,"Killdeer","Charadrius vociferus",0.4527
1998,"Killdeer","Charadrius vociferus",0.5038
1999,"Killdeer","Charadrius vociferus",0.7197
2000,"Killdeer","Charadrius vociferus",0.4422
2001,"Killdeer","Charadrius vociferus",0.488
2002,"Killdeer","Charadrius vociferus",0.3522
2003,"Killdeer","Charadrius vociferus",0.246
2004,"Killdeer","Charadrius vociferus",0.5348
2005,"Killdeer","Charadrius vociferus",0.5841
2006,"Killdeer","Charadrius vociferus",0.301
2007,"Killdeer","Charadrius vociferus",0.9182
2008,"Killdeer","Charadrius vociferus",0.3771
2009,"Killdeer","Charadrius vociferus",0.4195
2010,"Killdeer","Charadrius vociferus",0.3469
2011,"Killdeer","Charadrius vociferus",1.2672
2012,"Killdeer","Charadrius vociferus",0.8124
2013,"Killdeer","Charadrius vociferus",0.5651
2014,"Killdeer","Charadrius vociferus",0.2602
2015,"Killdeer","Charadrius vociferus",0.6163
2016,"Killdeer","Charadrius vociferus",0.5222
2017,"Killdeer","Charadrius vociferus",0.6055
2018,"Killdeer","Charadrius vociferus",0.1747
2019,"Killdeer","Charadrius vociferus",0.6918
2020,"Killdeer","Charadrius vociferus",0.0715
2021,"Killdeer","Charadrius vociferus",0.192
2022,"Killdeer","Charadrius vociferus",0.1198
2023,"Killdeer","Charadrius vociferus",0.4219
2024,"Killdeer","Charadrius vociferus",0.3314
1977,"Northern Bobwhite","Colinus virginianus",0.3298
1978,"Northern Bobwhite","Colinus virginianus",0.5789
1979,"Northern Bobwhite","Colinus virginianus",0.2705
1980,"Northern Bobwhite","Colinus virginianus",1.0549
1981,"Northern Bobwhite","Colinus virginianus",0.3246
1982,"Northern Bobwhite","Colinus virginianus",0.2981
1983,"Northern Bobwhite","Colinus virginianus",0.2995
1984,"Northern Bobwhite","Colinus virginianus",0.0621
1985,"Northern Bobwhite","Colinus virginianus",0.3492
1986,"Northern Bobwhite","Colinus virginianus",0.0251
1987,"Northern Bobwhite","Colinus virginianus",0.4068
1988,"Northern Bobwhite","Colinus virginianus",0.1154
1989,"Northern Bobwhite","Colinus virginianus",0.1328
1990,"Northern Bobwhite","Colinus virginianus",0.1386
1991,"Northern Bobwhite","Colinus virginianus",0.0469
1992,"Northern Bobwhite","Colinus virginianus",0.1792
1993,"Northern Bobwhite","Colinus virginianus",0.1003
1994,"Northern Bobwhite","Colinus virginianus",0.0791
1995,"Northern Bobwhite","Colinus virginianus",0
1996,"Northern Bobwhite","Colinus virginianus",0.0079
1997,"Northern Bobwhite","Colinus virginianus",0
1998,"Northern Bobwhite","Colinus virginianus",0
1999,"Northern Bobwhite","Colinus virginianus",0
2000,"Northern Bobwhite","Colinus virginianus",0
2001,"Northern Bobwhite","Colinus virginianus",0.0222
2002,"Northern Bobwhite","Colinus virginianus",0.0314
2003,"Northern Bobwhite","Colinus virginianus",0
2004,"Northern Bobwhite","Colinus virginianus",0.0214
2005,"Northern Bobwhite","Colinus virginianus",0.1479
2006,"Northern Bobwhite","Colinus virginianus",0
2007,"Northern Bobwhite","Colinus virginianus",0
2008,"Northern Bobwhite","Colinus virginianus",0.0148
2009,"Northern Bobwhite","Colinus virginianus",0
2010,"Northern Bobwhite","Colinus virginianus",0.059
2011,"Northern Bobwhite","Colinus virginianus",0
2012,"Northern Bobwhite","Colinus virginianus",0
2013,"Northern Bobwhite","Colinus virginianus",0
2014,"Northern Bobwhite","Colinus virginianus",0.0244
2015,"Northern Bobwhite","Colinus virginianus",0
2016,"Northern Bobwhite","Colinus virginianus",0
2017,"Northern Bobwhite","Colinus virginianus",0
2018,"Northern Bobwhite","Colinus virginianus",0
2019,"Northern Bobwhite","Colinus virginianus",0.008
2020,"Northern Bobwhite","Colinus virginianus",0
2021,"Northern Bobwhite","Colinus virginianus",0
2022,"Northern Bobwhite","Colinus virginianus",0.008
2023,"Northern Bobwhite","Colinus virginianus",0
2024,"Northern Bobwhite","Colinus virginianus",0
1977,"American Crow","Corvus brachyrhynchos",3.5745
1978,"American Crow","Corvus brachyrhynchos",1.6737
1979,"American Crow","Corvus brachyrhynchos",1.6834
1980,"American Crow","Corvus brachyrhynchos",2.6264
1981,"American Crow","Corvus brachyrhynchos",2.1257
1982,"American Crow","Corvus brachyrhynchos",2.9135
1983,"American Crow","Corvus brachyrhynchos",2.0107
1984,"American Crow","Corvus brachyrhynchos",2.795
1985,"American Crow","Corvus brachyrhynchos",2.3571
1986,"American Crow","Corvus brachyrhynchos",3.0711
1987,"American Crow","Corvus brachyrhynchos",2.5198
1988,"American Crow","Corvus brachyrhynchos",3.7846
1989,"American Crow","Corvus brachyrhynchos",3.6328
1990,"American Crow","Corvus brachyrhynchos",2.8977
1991,"American Crow","Corvus brachyrhynchos",3.0625
1992,"American Crow","Corvus brachyrhynchos",3.6864
1993,"American Crow","Corvus brachyrhynchos",3.311
1994,"American Crow","Corvus brachyrhynchos",4.1799
1995,"American Crow","Corvus brachyrhynchos",4.2835
1996,"American Crow","Corvus brachyrhynchos",5.3202
1997,"American Crow","Corvus brachyrhynchos",4.3785
1998,"American Crow","Corvus brachyrhynchos",5.4662
1999,"American Crow","Corvus brachyrhynchos",5.0985
2000,"American Crow","Corvus brachyrhynchos",4.3537
2001,"American Crow","Corvus brachyrhynchos",5.1312
2002,"American Crow","Corvus brachyrhynchos",3.4088
2003,"American Crow","Corvus brachyrhynchos",2.7754
2004,"American Crow","Corvus brachyrhynchos",3.7077
2005,"American Crow","Corvus brachyrhynchos",3.2902
2006,"American Crow","Corvus brachyrhynchos",4.0067
2007,"American Crow","Corvus brachyrhynchos",3.9156
2008,"American Crow","Corvus brachyrhynchos",4.7911
2009,"American Crow","Corvus brachyrhynchos",6.8933
2010,"American Crow","Corvus brachyrhynchos",5.0406
2011,"American Crow","Corvus brachyrhynchos",5.4046
2012,"American Crow","Corvus brachyrhynchos",6.7853
2013,"American Crow","Corvus brachyrhynchos",6.5428
2014,"American Crow","Corvus brachyrhynchos",5.1707
2015,"American Crow","Corvus brachyrhynchos",4.5399
2016,"American Crow","Corvus brachyrhynchos",6.4543
2017,"American Crow","Corvus brachyrhynchos",4.8807
2018,"American Crow","Corvus brachyrhynchos",3.9738
2019,"American Crow","Corvus brachyrhynchos",4.2942
2020,"American Crow","Corvus brachyrhynchos",4.2146
2021,"American Crow","Corvus brachyrhynchos",3.56
2022,"American Crow","Corvus brachyrhynchos",4.2156
2023,"American Crow","Corvus brachyrhynchos",4.0506
2024,"American Crow","Corvus brachyrhynchos",3.2832
1977,"Fish Crow","Corvus ossifragus",0
1978,"Fish Crow","Corvus ossifragus",0
1979,"Fish Crow","Corvus ossifragus",0
1980,"Fish Crow","Corvus ossifragus",0
1981,"Fish Crow","Corvus ossifragus",0
1982,"Fish Crow","Corvus ossifragus",0
1983,"Fish Crow","Corvus ossifragus",0
1984,"Fish Crow","Corvus ossifragus",0
1985,"Fish Crow","Corvus ossifragus",0
1986,"Fish Crow","Corvus ossifragus",0
1987,"Fish Crow","Corvus ossifragus",0
1988,"Fish Crow","Corvus ossifragus",0
1989,"Fish Crow","Corvus ossifragus",0
1990,"Fish Crow","Corvus ossifragus",0
1991,"Fish Crow","Corvus ossifragus",0
1992,"Fish Crow","Corvus ossifragus",0
1993,"Fish Crow","Corvus ossifragus",0
1994,"Fish Crow","Corvus ossifragus",0
1995,"Fish Crow","Corvus ossifragus",0
1996,"Fish Crow","Corvus ossifragus",0
1997,"Fish Crow","Corvus ossifragus",0
1998,"Fish Crow","Corvus ossifragus",0
1999,"Fish Crow","Corvus ossifragus",0
2000,"Fish Crow","Corvus ossifragus",0
2001,"Fish Crow","Corvus ossifragus",0
2002,"Fish Crow","Corvus ossifragus",0
2003,"Fish Crow","Corvus ossifragus",0
2004,"Fish Crow","Corvus ossifragus",0
2005,"Fish Crow","Corvus ossifragus",0.0148
2006,"Fish Crow","Corvus ossifragus",0.0201
2007,"Fish Crow","Corvus ossifragus",0
2008,"Fish Crow","Corvus ossifragus",0.0074
2009,"Fish Crow","Corvus ossifragus",0
2010,"Fish Crow","Corvus ossifragus",0
2011,"Fish Crow","Corvus ossifragus",0
2012,"Fish Crow","Corvus ossifragus",0
2013,"Fish Crow","Corvus ossifragus",0
2014,"Fish Crow","Corvus ossifragus",0.187
2015,"Fish Crow","Corvus ossifragus",0.0174
2016,"Fish Crow","Corvus ossifragus",0.0209
2017,"Fish Crow","Corvus ossifragus",0
2018,"Fish Crow","Corvus ossifragus",0
2019,"Fish Crow","Corvus ossifragus",0
2020,"Fish Crow","Corvus ossifragus",0
2021,"Fish Crow","Corvus ossifragus",0.032
2022,"Fish Crow","Corvus ossifragus",0
2023,"Fish Crow","Corvus ossifragus",0.0675
2024,"Fish Crow","Corvus ossifragus",0
1977,"Blue Jay","Cyanocitta cristata",1.5745
1978,"Blue Jay","Cyanocitta cristata",3
1979,"Blue Jay","Cyanocitta cristata",3.8778
1980,"Blue Jay","Cyanocitta cristata",2.3846
1981,"Blue Jay","Cyanocitta cristata",1.8848
1982,"Blue Jay","Cyanocitta cristata",5.6731
1983,"Blue Jay","Cyanocitta cristata",0.3743
1984,"Blue Jay","Cyanocitta cristata",2.795
1985,"Blue Jay","Cyanocitta cristata",0.6746
1986,"Blue Jay","Cyanocitta cristata",2.1004
1987,"Blue Jay","Cyanocitta cristata",1.1412
1988,"Blue Jay","Cyanocitta cristata",2.0615
1989,"Blue Jay","Cyanocitta cristata",3.1875
1990,"Blue Jay","Cyanocitta cristata",1.0191
1991,"Blue Jay","Cyanocitta cristata",1.8125
1992,"Blue Jay","Cyanocitta cristata",3.7376
1993,"Blue Jay","Cyanocitta cristata",1.6455
1994,"Blue Jay","Cyanocitta cristata",1.2302
1995,"Blue Jay","Cyanocitta cristata",1.8621
1996,"Blue Jay","Cyanocitta cristata",1.0909
1997,"Blue Jay","Cyanocitta cristata",1.3432
1998,"Blue Jay","Cyanocitta cristata",1.6015
1999,"Blue Jay","Cyanocitta cristata",2.1061
2000,"Blue Jay","Cyanocitta cristata",1.5918
2001,"Blue Jay","Cyanocitta cristata",1.9445
2002,"Blue Jay","Cyanocitta cristata",1.3019
2003,"Blue Jay","Cyanocitta cristata",1.1765
2004,"Blue Jay","Cyanocitta cristata",1.861
2005,"Blue Jay","Cyanocitta cristata",1.8262
2006,"Blue Jay","Cyanocitta cristata",1.5987
2007,"Blue Jay","Cyanocitta cristata",1.1187
2008,"Blue Jay","Cyanocitta cristata",2.2403
2009,"Blue Jay","Cyanocitta cristata",1.859
2010,"Blue Jay","Cyanocitta cristata",2.4354
2011,"Blue Jay","Cyanocitta cristata",1.7252
2012,"Blue Jay","Cyanocitta cristata",1.2379
2013,"Blue Jay","Cyanocitta cristata",2.2974
2014,"Blue Jay","Cyanocitta cristata",1.5854
2015,"Blue Jay","Cyanocitta cristata",1.5972
2016,"Blue Jay","Cyanocitta cristata",2.3916
2017,"Blue Jay","Cyanocitta cristata",1.6055
2018,"Blue Jay","Cyanocitta cristata",2.9782
2019,"Blue Jay","Cyanocitta cristata",0.6044
2020,"Blue Jay","Cyanocitta cristata",2.387
2021,"Blue Jay","Cyanocitta cristata",1.576
2022,"Blue Jay","Cyanocitta cristata",3.2814
2023,"Blue Jay","Cyanocitta cristata",1.6203
2024,"Blue Jay","Cyanocitta cristata",1.9576
1977,"Pileated Woodpecker","Dryocopus pileatus",0.0532
1978,"Pileated Woodpecker","Dryocopus pileatus",0.0316
1979,"Pileated Woodpecker","Dryocopus pileatus",0.0701
1980,"Pileated Woodpecker","Dryocopus pileatus",0.022
1981,"Pileated Woodpecker","Dryocopus pileatus",0.0314
1982,"Pileated Woodpecker","Dryocopus pileatus",0.0096
1983,"Pileated Woodpecker","Dryocopus pileatus",0.0321
1984,"Pileated Woodpecker","Dryocopus pileatus",0.0621
1985,"Pileated Woodpecker","Dryocopus pileatus",0.0238
1986,"Pileated Woodpecker","Dryocopus pileatus",0.0669
1987,"Pileated Woodpecker","Dryocopus pileatus",0
1988,"Pileated Woodpecker","Dryocopus pileatus",0.0385
1989,"Pileated Woodpecker","Dryocopus pileatus",0.125
1990,"Pileated Woodpecker","Dryocopus pileatus",0.0624
1991,"Pileated Woodpecker","Dryocopus pileatus",0.1484
1992,"Pileated Woodpecker","Dryocopus pileatus",0.1152
1993,"Pileated Woodpecker","Dryocopus pileatus",0.2274
1994,"Pileated Woodpecker","Dryocopus pileatus",0.2374
1995,"Pileated Woodpecker","Dryocopus pileatus",0.092
1996,"Pileated Woodpecker","Dryocopus pileatus",0.0791
1997,"Pileated Woodpecker","Dryocopus pileatus",0.1929
1998,"Pileated Woodpecker","Dryocopus pileatus",0.1955
1999,"Pileated Woodpecker","Dryocopus pileatus",0.2121
2000,"Pileated Woodpecker","Dryocopus pileatus",0.1224
2001,"Pileated Woodpecker","Dryocopus pileatus",0.1774
2002,"Pileated Woodpecker","Dryocopus pileatus",0.2201
2003,"Pileated Woodpecker","Dryocopus pileatus",0.1818
2004,"Pileated Woodpecker","Dryocopus pileatus",0.2353
2005,"Pileated Woodpecker","Dryocopus pileatus",0.1774
2006,"Pileated Woodpecker","Dryocopus pileatus",0.1472
2007,"Pileated Woodpecker","Dryocopus pileatus",0.0739
2008,"Pileated Woodpecker","Dryocopus pileatus",0.2218
2009,"Pileated Woodpecker","Dryocopus pileatus",0.1736
2010,"Pileated Woodpecker","Dryocopus pileatus",0.1919
2011,"Pileated Woodpecker","Dryocopus pileatus",0.229
2012,"Pileated Woodpecker","Dryocopus pileatus",0.0928
2013,"Pileated Woodpecker","Dryocopus pileatus",0.1784
2014,"Pileated Woodpecker","Dryocopus pileatus",0.3171
2015,"Pileated Woodpecker","Dryocopus pileatus",0.3038
2016,"Pileated Woodpecker","Dryocopus pileatus",0.1358
2017,"Pileated Woodpecker","Dryocopus pileatus",0.1009
2018,"Pileated Woodpecker","Dryocopus pileatus",0.2183
2019,"Pileated Woodpecker","Dryocopus pileatus",0.1113
2020,"Pileated Woodpecker","Dryocopus pileatus",0.3837
2021,"Pileated Woodpecker","Dryocopus pileatus",0.36
2022,"Pileated Woodpecker","Dryocopus pileatus",0.3593
2023,"Pileated Woodpecker","Dryocopus pileatus",0.346
2024,"Pileated Woodpecker","Dryocopus pileatus",0.2929
1977,"Gray Catbird","Dumetella carolinensis",0
1978,"Gray Catbird","Dumetella carolinensis",0
1979,"Gray Catbird","Dumetella carolinensis",0
1980,"Gray Catbird","Dumetella carolinensis",0
1981,"Gray Catbird","Dumetella carolinensis",0
1982,"Gray Catbird","Dumetella carolinensis",0.0096
1983,"Gray Catbird","Dumetella carolinensis",0
1984,"Gray Catbird","Dumetella carolinensis",0
1985,"Gray Catbird","Dumetella carolinensis",0
1986,"Gray Catbird","Dumetella carolinensis",0
1987,"Gray Catbird","Dumetella carolinensis",0
1988,"Gray Catbird","Dumetella carolinensis",0
1989,"Gray Catbird","Dumetella carolinensis",0.0078
1990,"Gray Catbird","Dumetella carolinensis",0
1991,"Gray Catbird","Dumetella carolinensis",0.0469
1992,"Gray Catbird","Dumetella carolinensis",0
1993,"Gray Catbird","Dumetella carolinensis",0.0067
1994,"Gray Catbird","Dumetella carolinensis",0.0144
1995,"Gray Catbird","Dumetella carolinensis",0
1996,"Gray Catbird","Dumetella carolinensis",0.0079
1997,"Gray Catbird","Dumetella carolinensis",0.0074
1998,"Gray Catbird","Dumetella carolinensis",0.0075
1999,"Gray Catbird","Dumetella carolinensis",0
2000,"Gray Catbird","Dumetella carolinensis",0
2001,"Gray Catbird","Dumetella carolinensis",0
2002,"Gray Catbird","Dumetella carolinensis",0
2003,"Gray Catbird","Dumetella carolinensis",0.0053
2004,"Gray Catbird","Dumetella carolinensis",0.0214
2005,"Gray Catbird","Dumetella carolinensis",0.037
2006,"Gray Catbird","Dumetella carolinensis",0.0201
2007,"Gray Catbird","Dumetella carolinensis",0
2008,"Gray Catbird","Dumetella carolinensis",0.0074
2009,"Gray Catbird","Dumetella carolinensis",0
2010,"Gray Catbird","Dumetella carolinensis",0
2011,"Gray Catbird","Dumetella carolinensis",0
2012,"Gray Catbird","Dumetella carolinensis",0.0077
2013,"Gray Catbird","Dumetella carolinensis",0.0149
2014,"Gray Catbird","Dumetella carolinensis",0
2015,"Gray Catbird","Dumetella carolinensis",0
2016,"Gray Catbird","Dumetella carolinensis",0.0104
2017,"Gray Catbird","Dumetella carolinensis",0
2018,"Gray Catbird","Dumetella carolinensis",0.0175
2019,"Gray Catbird","Dumetella carolinensis",0.008
2020,"Gray Catbird","Dumetella carolinensis",0.0065
2021,"Gray Catbird","Dumetella carolinensis",0.008
2022,"Gray Catbird","Dumetella carolinensis",0.024
2023,"Gray Catbird","Dumetella carolinensis",0
2024,"Gray Catbird","Dumetella carolinensis",0.0077
1977,"Common Yellowthroat","Geothlypis trichas",0
1978,"Common Yellowthroat","Geothlypis trichas",0.0421
1979,"Common Yellowthroat","Geothlypis trichas",0.0401
1980,"Common Yellowthroat","Geothlypis trichas",0.033
1981,"Common Yellowthroat","Geothlypis trichas",0.0314
1982,"Common Yellowthroat","Geothlypis trichas",0.0385
1983,"Common Yellowthroat","Geothlypis trichas",0
1984,"Common Yellowthroat","Geothlypis trichas",0
1985,"Common Yellowthroat","Geothlypis trichas",0
1986,"Common Yellowthroat","Geothlypis trichas",0
1987,"Common Yellowthroat","Geothlypis trichas",0.0226
1988,"Common Yellowthroat","Geothlypis trichas",0.0077
1989,"Common Yellowthroat","Geothlypis trichas",0.0156
1990,"Common Yellowthroat","Geothlypis trichas",0.0069
1991,"Common Yellowthroat","Geothlypis trichas",0.0078
1992,"Common Yellowthroat","Geothlypis trichas",0.0128
1993,"Common Yellowthroat","Geothlypis trichas",0.0201
1994,"Common Yellowthroat","Geothlypis trichas",0.0072
1995,"Common Yellowthroat","Geothlypis trichas",0
1996,"Common Yellowthroat","Geothlypis trichas",0
1997,"Common Yellowthroat","Geothlypis trichas",0
1998,"Common Yellowthroat","Geothlypis trichas",0.0075
1999,"Common Yellowthroat","Geothlypis trichas",0
2000,"Common Yellowthroat","Geothlypis trichas",0
2001,"Common Yellowthroat","Geothlypis trichas",0.0148
2002,"Common Yellowthroat","Geothlypis trichas",0.0126
2003,"Common Yellowthroat","Geothlypis trichas",0.016
2004,"Common Yellowthroat","Geothlypis trichas",0.0214
2005,"Common Yellowthroat","Geothlypis trichas",0
2006,"Common Yellowthroat","Geothlypis trichas",0.0334
2007,"Common Yellowthroat","Geothlypis trichas",0
2008,"Common Yellowthroat","Geothlypis trichas",0
2009,"Common Yellowthroat","Geothlypis trichas",0
2010,"Common Yellowthroat","Geothlypis trichas",0
2011,"Common Yellowthroat","Geothlypis trichas",0
2012,"Common Yellowthroat","Geothlypis trichas",0
2013,"Common Yellowthroat","Geothlypis trichas",0
2014,"Common Yellowthroat","Geothlypis trichas",0
2015,"Common Yellowthroat","Geothlypis trichas",0
2016,"Common Yellowthroat","Geothlypis trichas",0
2017,"Common Yellowthroat","Geothlypis trichas",0
2018,"Common Yellowthroat","Geothlypis trichas",0.0087
2019,"Common Yellowthroat","Geothlypis trichas",0.0159
2020,"Common Yellowthroat","Geothlypis trichas",0.026
2021,"Common Yellowthroat","Geothlypis trichas",0
2022,"Common Yellowthroat","Geothlypis trichas",0
2023,"Common Yellowthroat","Geothlypis trichas",0.0084
2024,"Common Yellowthroat","Geothlypis trichas",0
1977,"House Finch","Haemorhous mexicanus",0
1978,"House Finch","Haemorhous mexicanus",0
1979,"House Finch","Haemorhous mexicanus",0
1980,"House Finch","Haemorhous mexicanus",0
1981,"House Finch","Haemorhous mexicanus",0.0314
1982,"House Finch","Haemorhous mexicanus",0.0192
1983,"House Finch","Haemorhous mexicanus",0.0642
1984,"House Finch","Haemorhous mexicanus",0
1985,"House Finch","Haemorhous mexicanus",0.0397
1986,"House Finch","Haemorhous mexicanus",0.1088
1987,"House Finch","Haemorhous mexicanus",0.1356
1988,"House Finch","Haemorhous mexicanus",0.0231
1989,"House Finch","Haemorhous mexicanus",0.3359
1990,"House Finch","Haemorhous mexicanus",0.5407
1991,"House Finch","Haemorhous mexicanus",0.6484
1992,"House Finch","Haemorhous mexicanus",0.6528
1993,"House Finch","Haemorhous mexicanus",0.9565
1994,"House Finch","Haemorhous mexicanus",1.0216
1995,"House Finch","Haemorhous mexicanus",1.2261
1996,"House Finch","Haemorhous mexicanus",0.6008
1997,"House Finch","Haemorhous mexicanus",0.6679
1998,"House Finch","Haemorhous mexicanus",1.203
1999,"House Finch","Haemorhous mexicanus",1.1439
2000,"House Finch","Haemorhous mexicanus",0.449
2001,"House Finch","Haemorhous mexicanus",0.525
2002,"House Finch","Haemorhous mexicanus",0.6289
2003,"House Finch","Haemorhous mexicanus",0.1925
2004,"House Finch","Haemorhous mexicanus",0.2139
2005,"House Finch","Haemorhous mexicanus",0.3771
2006,"House Finch","Haemorhous mexicanus",0.2007
2007,"House Finch","Haemorhous mexicanus",0.2005
2008,"House Finch","Haemorhous mexicanus",0.5619
2009,"House Finch","Haemorhous mexicanus",0.5714
2010,"House Finch","Haemorhous mexicanus",0.9815
2011,"House Finch","Haemorhous mexicanus",0.458
2012,"House Finch","Haemorhous mexicanus",0.6422
2013,"House Finch","Haemorhous mexicanus",0.3643
2014,"House Finch","Haemorhous mexicanus",0.6992
2015,"House Finch","Haemorhous mexicanus",0.4514
2016,"House Finch","Haemorhous mexicanus",0.4595
2017,"House Finch","Haemorhous mexicanus",0.422
2018,"House Finch","Haemorhous mexicanus",0.5502
2019,"House Finch","Haemorhous mexicanus",0.3738
2020,"House Finch","Haemorhous mexicanus",0.4228
2021,"House Finch","Haemorhous mexicanus",1.296
2022,"House Finch","Haemorhous mexicanus",0.7186
2023,"House Finch","Haemorhous mexicanus",0.9367
2024,"House Finch","Haemorhous mexicanus",0.4624
1977,"Red-bellied Woodpecker","Melanerpes carolinus",0.5851
1978,"Red-bellied Woodpecker","Melanerpes carolinus",0.4842
1979,"Red-bellied Woodpecker","Melanerpes carolinus",0.9218
1980,"Red-bellied Woodpecker","Melanerpes carolinus",0.5495
1981,"Red-bellied Woodpecker","Melanerpes carolinus",0.6178
1982,"Red-bellied Woodpecker","Melanerpes carolinus",0.9712
1983,"Red-bellied Woodpecker","Melanerpes carolinus",0.4492
1984,"Red-bellied Woodpecker","Melanerpes carolinus",0.8447
1985,"Red-bellied Woodpecker","Melanerpes carolinus",0.2937
1986,"Red-bellied Woodpecker","Melanerpes carolinus",0.5272
1987,"Red-bellied Woodpecker","Melanerpes carolinus",0.3277
1988,"Red-bellied Woodpecker","Melanerpes carolinus",0.7923
1989,"Red-bellied Woodpecker","Melanerpes carolinus",0.8438
1990,"Red-bellied Woodpecker","Melanerpes carolinus",0.5407
1991,"Red-bellied Woodpecker","Melanerpes carolinus",0.9297
1992,"Red-bellied Woodpecker","Melanerpes carolinus",0.9728
1993,"Red-bellied Woodpecker","Melanerpes carolinus",0.8361
1994,"Red-bellied Woodpecker","Melanerpes carolinus",0.7842
1995,"Red-bellied Woodpecker","Melanerpes carolinus",0.9272
1996,"Red-bellied Woodpecker","Melanerpes carolinus",0.6245
1997,"Red-bellied Woodpecker","Melanerpes carolinus",0.8312
1998,"Red-bellied Woodpecker","Melanerpes carolinus",0.9624
1999,"Red-bellied Woodpecker","Melanerpes carolinus",1.1818
2000,"Red-bellied Woodpecker","Melanerpes carolinus",1.1156
2001,"Red-bellied Woodpecker","Melanerpes carolinus",0.8281
2002,"Red-bellied Woodpecker","Melanerpes carolinus",1.0629
2003,"Red-bellied Woodpecker","Melanerpes carolinus",0.738
2004,"Red-bellied Woodpecker","Melanerpes carolinus",0.8414
2005,"Red-bellied Woodpecker","Melanerpes carolinus",1.3752
2006,"Red-bellied Woodpecker","Melanerpes carolinus",1.3779
2007,"Red-bellied Woodpecker","Melanerpes carolinus",0.3377
2008,"Red-bellied Woodpecker","Melanerpes carolinus",0.9612
2009,"Red-bellied Woodpecker","Melanerpes carolinus",1.0271
2010,"Red-bellied Woodpecker","Melanerpes carolinus",1.0037
2011,"Red-bellied Woodpecker","Melanerpes carolinus",1.3282
2012,"Red-bellied Woodpecker","Melanerpes carolinus",1.0368
2013,"Red-bellied Woodpecker","Melanerpes carolinus",1.4349
2014,"Red-bellied Woodpecker","Melanerpes carolinus",1.0325
2015,"Red-bellied Woodpecker","Melanerpes carolinus",1.1979
2016,"Red-bellied Woodpecker","Melanerpes carolinus",1.0444
2017,"Red-bellied Woodpecker","Melanerpes carolinus",0.8899
2018,"Red-bellied Woodpecker","Melanerpes carolinus",2.1135
2019,"Red-bellied Woodpecker","Melanerpes carolinus",0.8748
2020,"Red-bellied Woodpecker","Melanerpes carolinus",1.3333
2021,"Red-bellied Woodpecker","Melanerpes carolinus",1.008
2022,"Red-bellied Woodpecker","Melanerpes carolinus",1.8762
2023,"Red-bellied Woodpecker","Melanerpes carolinus",1.0633
2024,"Red-bellied Woodpecker","Melanerpes carolinus",1.21
1977,"Song Sparrow","Melospiza melodia",3.0106
1978,"Song Sparrow","Melospiza melodia",1.8
1979,"Song Sparrow","Melospiza melodia",5.0701
1980,"Song Sparrow","Melospiza melodia",3.2527
1981,"Song Sparrow","Melospiza melodia",5.3403
1982,"Song Sparrow","Melospiza melodia",3.9615
1983,"Song Sparrow","Melospiza melodia",8.1283
1984,"Song Sparrow","Melospiza melodia",2.8323
1985,"Song Sparrow","Melospiza melodia",1.5714
1986,"Song Sparrow","Melospiza melodia",2.6862
1987,"Song Sparrow","Melospiza melodia",2.5424
1988,"Song Sparrow","Melospiza melodia",1.9231
1989,"Song Sparrow","Melospiza melodia",2.3906
1990,"Song Sparrow","Melospiza melodia",2.1837
1991,"Song Sparrow","Melospiza melodia",2.25
1992,"Song Sparrow","Melospiza melodia",3.328
1993,"Song Sparrow","Melospiza melodia",2.0468
1994,"Song Sparrow","Melospiza melodia",2.1079
1995,"Song Sparrow","Melospiza melodia",3.1648
1996,"Song Sparrow","Melospiza melodia",1.7549
1997,"Song Sparrow","Melospiza melodia",1.4397
1998,"Song Sparrow","Melospiza melodia",1.2556
1999,"Song Sparrow","Melospiza melodia",2.0909
2000,"Song Sparrow","Melospiza melodia",1.1429
2001,"Song Sparrow","Melospiza melodia",2.2921
2002,"Song Sparrow","Melospiza melodia",2.3145
2003,"Song Sparrow","Melospiza melodia",1.4332
2004,"Song Sparrow","Melospiza melodia",2.0535
2005,"Song Sparrow","Melospiza melodia",2.5139
2006,"Song Sparrow","Melospiza melodia",3.4849
2007,"Song Sparrow","Melospiza melodia",1.4354
2008,"Song Sparrow","Melospiza melodia",2.6396
2009,"Song Sparrow","Melospiza melodia",2.0759
2010,"Song Sparrow","Melospiza melodia",2.893
2011,"Song Sparrow","Melospiza melodia",1.6794
2012,"Song Sparrow","Melospiza melodia",3.1412
2013,"Song Sparrow","Melospiza melodia",1.8439
2014,"Song Sparrow","Melospiza melodia",1.4715
2015,"Song Sparrow","Melospiza melodia",1.4063
2016,"Song Sparrow","Melospiza melodia",1.7337
2017,"Song Sparrow","Melospiza melodia",1.8624
2018,"Song Sparrow","Melospiza melodia",1.1703
2019,"Song Sparrow","Melospiza melodia",1.1928
2020,"Song Sparrow","Melospiza melodia",3.278
2021,"Song Sparrow","Melospiza melodia",3.168
2022,"Song Sparrow","Melospiza melodia",3.6567
2023,"Song Sparrow","Melospiza melodia",4.3376
2024,"Song Sparrow","Melospiza melodia",3.4066
1977,"Northern Mockingbird","Mimus polyglottos",0.5106
1978,"Northern Mockingbird","Mimus polyglottos",0.5474
1979,"Northern Mockingbird","Mimus polyglottos",0.4208
1980,"Northern Mockingbird","Mimus polyglottos",0.4615
1981,"Northern Mockingbird","Mimus polyglottos",0.5864
1982,"Northern Mockingbird","Mimus polyglottos",0.7692
1983,"Northern Mockingbird","Mimus polyglottos",0.8984
1984,"Northern Mockingbird","Mimus polyglottos",0.3851
1985,"Northern Mockingbird","Mimus polyglottos",0.373
1986,"Northern Mockingbird","Mimus polyglottos",0.4854
1987,"Northern Mockingbird","Mimus polyglottos",0.3955
1988,"Northern Mockingbird","Mimus polyglottos",0.4154
1989,"Northern Mockingbird","Mimus polyglottos",0.4922
1990,"Northern Mockingbird","Mimus polyglottos",0.3813
1991,"Northern Mockingbird","Mimus polyglottos",0.3281
1992,"Northern Mockingbird","Mimus polyglottos",0.3072
1993,"Northern Mockingbird","Mimus polyglottos",0.4682
1994,"Northern Mockingbird","Mimus polyglottos",0.3957
1995,"Northern Mockingbird","Mimus polyglottos",0.636
1996,"Northern Mockingbird","Mimus polyglottos",0.4506
1997,"Northern Mockingbird","Mimus polyglottos",0.3191
1998,"Northern Mockingbird","Mimus polyglottos",0.5714
1999,"Northern Mockingbird","Mimus polyglottos",0.4924
2000,"Northern Mockingbird","Mimus polyglottos",0.5102
2001,"Northern Mockingbird","Mimus polyglottos",0.5693
2002,"Northern Mockingbird","Mimus polyglottos",0.4654
2003,"Northern Mockingbird","Mimus polyglottos",0.3529
2004,"Northern Mockingbird","Mimus polyglottos",0.5205
2005,"Northern Mockingbird","Mimus polyglottos",0.4362
2006,"Northern Mockingbird","Mimus polyglottos",0.5753
2007,"Northern Mockingbird","Mimus polyglottos",0.3166
2008,"Northern Mockingbird","Mimus polyglottos",0.4658
2009,"Northern Mockingbird","Mimus polyglottos",0.6148
2010,"Northern Mockingbird","Mimus polyglottos",0.679
2011,"Northern Mockingbird","Mimus polyglottos",0.5725
2012,"Northern Mockingbird","Mimus polyglottos",0.5648
2013,"Northern Mockingbird","Mimus polyglottos",0.632
2014,"Northern Mockingbird","Mimus polyglottos",0.6016
2015,"Northern Mockingbird","Mimus polyglottos",0.5382
2016,"Northern Mockingbird","Mimus polyglottos",0.4282
2017,"Northern Mockingbird","Mimus polyglottos",0.4771
2018,"Northern Mockingbird","Mimus polyglottos",0.559
2019,"Northern Mockingbird","Mimus polyglottos",0.3658
2020,"Northern Mockingbird","Mimus polyglottos",0.3642
2021,"Northern Mockingbird","Mimus polyglottos",0.448
2022,"Northern Mockingbird","Mimus polyglottos",0.4631
2023,"Northern Mockingbird","Mimus polyglottos",0.4135
2024,"Northern Mockingbird","Mimus polyglottos",0.5318
1977,"Brown-headed Cowbird","Molothrus ater",0.1277
1978,"Brown-headed Cowbird","Molothrus ater",0
1979,"Brown-headed Cowbird","Molothrus ater",0.01
1980,"Brown-headed Cowbird","Molothrus ater",0.0989
1981,"Brown-headed Cowbird","Molothrus ater",0.2199
1982,"Brown-headed Cowbird","Molothrus ater",0.1635
1983,"Brown-headed Cowbird","Molothrus ater",0.2139
1984,"Brown-headed Cowbird","Molothrus ater",0.1491
1985,"Brown-headed Cowbird","Molothrus ater",0
1986,"Brown-headed Cowbird","Molothrus ater",0.0837
1987,"Brown-headed Cowbird","Molothrus ater",0.1921
1988,"Brown-headed Cowbird","Molothrus ater",0
1989,"Brown-headed Cowbird","Molothrus ater",0.4766
1990,"Brown-headed Cowbird","Molothrus ater",0.1525
1991,"Brown-headed Cowbird","Molothrus ater",0
1992,"Brown-headed Cowbird","Molothrus ater",0
1993,"Brown-headed Cowbird","Molothrus ater",0
1994,"Brown-headed Cowbird","Molothrus ater",0.0432
1995,"Brown-headed Cowbird","Molothrus ater",0.0536
1996,"Brown-headed Cowbird","Molothrus ater",0.0079
1997,"Brown-headed Cowbird","Molothrus ater",0.0594
1998,"Brown-headed Cowbird","Molothrus ater",0.0301
1999,"Brown-headed Cowbird","Molothrus ater",0.1818
2000,"Brown-headed Cowbird","Molothrus ater",0.0068
2001,"Brown-headed Cowbird","Molothrus ater",0
2002,"Brown-headed Cowbird","Molothrus ater",0.0126
2003,"Brown-headed Cowbird","Molothrus ater",0
2004,"Brown-headed Cowbird","Molothrus ater",0.057
2005,"Brown-headed Cowbird","Molothrus ater",0.1479
2006,"Brown-headed Cowbird","Molothrus ater",0.0201
2007,"Brown-headed Cowbird","Molothrus ater",0
2008,"Brown-headed Cowbird","Molothrus ater",0.0148
2009,"Brown-headed Cowbird","Molothrus ater",0.123
2010,"Brown-headed Cowbird","Molothrus ater",0.5166
2011,"Brown-headed Cowbird","Molothrus ater",0.0763
2012,"Brown-headed Cowbird","Molothrus ater",0
2013,"Brown-headed Cowbird","Molothrus ater",0.1487
2014,"Brown-headed Cowbird","Molothrus ater",0.3415
2015,"Brown-headed Cowbird","Molothrus ater",0.1215
2016,"Brown-headed Cowbird","Molothrus ater",0.0209
2017,"Brown-headed Cowbird","Molothrus ater",0
2018,"Brown-headed Cowbird","Molothrus ater",0.6201
2019,"Brown-headed Cowbird","Molothrus ater",0
2020,"Brown-headed Cowbird","Molothrus ater",0.1236
2021,"Brown-headed Cowbird","Molothrus ater",0.04
2022,"Brown-headed Cowbird","Molothrus ater",0.1038
2023,"Brown-headed Cowbird","Molothrus ater",0.0675
2024,"Brown-headed Cowbird","Molothrus ater",1.1869
1977,"House Sparrow","Passer domesticus",1.3511
1978,"House Sparrow","Passer domesticus",1.1474
1979,"House Sparrow","Passer domesticus",1.0621
1980,"House Sparrow","Passer domesticus",0.7582
1981,"House Sparrow","Passer domesticus",0.5131
1982,"House Sparrow","Passer domesticus",0.9519
1983,"House Sparrow","Passer domesticus",1.6043
1984,"House Sparrow","Passer domesticus",0.1863
1985,"House Sparrow","Passer domesticus",0.3175
1986,"House Sparrow","Passer domesticus",1.4059
1987,"House Sparrow","Passer domesticus",0.226
1988,"House Sparrow","Passer domesticus",0.7538
1989,"House Sparrow","Passer domesticus",0.3672
1990,"House Sparrow","Passer domesticus",0.3882
1991,"House Sparrow","Passer domesticus",0.25
1992,"House Sparrow","Passer domesticus",0.1024
1993,"House Sparrow","Passer domesticus",0.2207
1994,"House Sparrow","Passer domesticus",0.0504
1995,"House Sparrow","Passer domesticus",0.2299
1996,"House Sparrow","Passer domesticus",0.253
1997,"House Sparrow","Passer domesticus",0.1707
1998,"House Sparrow","Passer domesticus",0.2707
1999,"House Sparrow","Passer domesticus",0.2197
2000,"House Sparrow","Passer domesticus",0.3129
2001,"House Sparrow","Passer domesticus",0.2736
2002,"House Sparrow","Passer domesticus",0.0755
2003,"House Sparrow","Passer domesticus",0.0428
2004,"House Sparrow","Passer domesticus",0.107
2005,"House Sparrow","Passer domesticus",0.0813
2006,"House Sparrow","Passer domesticus",0.1003
2007,"House Sparrow","Passer domesticus",0.1266
2008,"House Sparrow","Passer domesticus",0.2588
2009,"House Sparrow","Passer domesticus",0.1374
2010,"House Sparrow","Passer domesticus",0.1107
2011,"House Sparrow","Passer domesticus",0.1756
2012,"House Sparrow","Passer domesticus",0.0542
2013,"House Sparrow","Passer domesticus",0.052
2014,"House Sparrow","Passer domesticus",0.1138
2015,"House Sparrow","Passer domesticus",0.026
2016,"House Sparrow","Passer domesticus",0.0627
2017,"House Sparrow","Passer domesticus",0
2018,"House Sparrow","Passer domesticus",0.1223
2019,"House Sparrow","Passer domesticus",0.0477
2020,"House Sparrow","Passer domesticus",0.052
2021,"House Sparrow","Passer domesticus",0.128
2022,"House Sparrow","Passer domesticus",0.1118
2023,"House Sparrow","Passer domesticus",0.211
2024,"House Sparrow","Passer domesticus",0.0848
1977,"Downy Woodpecker","Picoides pubescens",0.5319
1978,"Downy Woodpecker","Picoides pubescens",0.3579
1979,"Downy Woodpecker","Picoides pubescens",0.3607
1980,"Downy Woodpecker","Picoides pubescens",0.3187
1981,"Downy Woodpecker","Picoides pubescens",0.4084
1982,"Downy Woodpecker","Picoides pubescens",0.5288
1983,"Downy Woodpecker","Picoides pubescens",0.6203
1984,"Downy Woodpecker","Picoides pubescens",0.4969
1985,"Downy Woodpecker","Picoides pubescens",0.246
1986,"Downy Woodpecker","Picoides pubescens",0.3766
1987,"Downy Woodpecker","Picoides pubescens",0.1356
1988,"Downy Woodpecker","Picoides pubescens",0.6615
1989,"Downy Woodpecker","Picoides pubescens",0.4844
1990,"Downy Woodpecker","Picoides pubescens",0.5338
1991,"Downy Woodpecker","Picoides pubescens",0.6484
1992,"Downy Woodpecker","Picoides pubescens",0.6528
1993,"Downy Woodpecker","Picoides pubescens",0.5017
1994,"Downy Woodpecker","Picoides pubescens",0.6763
1995,"Downy Woodpecker","Picoides pubescens",0.5824
1996,"Downy Woodpecker","Picoides pubescens",0.5534
1997,"Downy Woodpecker","Picoides pubescens",0.7124
1998,"Downy Woodpecker","Picoides pubescens",0.6992
1999,"Downy Woodpecker","Picoides pubescens",0.947
2000,"Downy Woodpecker","Picoides pubescens",0.7891
2001,"Downy Woodpecker","Picoides pubescens",0.7689
2002,"Downy Woodpecker","Picoides pubescens",0.6792
2003,"Downy Woodpecker","Picoides pubescens",0.4492
2004,"Downy Woodpecker","Picoides pubescens",0.7843
2005,"Downy Woodpecker","Picoides pubescens",0.7394
2006,"Downy Woodpecker","Picoides pubescens",0.9498
2007,"Downy Woodpecker","Picoides pubescens",0.3061
2008,"Downy Woodpecker","Picoides pubescens",0.5767
2009,"Downy Woodpecker","Picoides pubescens",0.528
2010,"Downy Woodpecker","Picoides pubescens",0.583
2011,"Downy Woodpecker","Picoides pubescens",0.6031
2012,"Downy Woodpecker","Picoides pubescens",0.5338
2013,"Downy Woodpecker","Picoides pubescens",0.7063
2014,"Downy Woodpecker","Picoides pubescens",0.6504
2015,"Downy Woodpecker","Picoides pubescens",0.5469
2016,"Downy Woodpecker","Picoides pubescens",0.3133
2017,"Downy Woodpecker","Picoides pubescens",0.633
2018,"Downy Woodpecker","Picoides pubescens",0.7686
2019,"Downy Woodpecker","Picoides pubescens",0.4771
2020,"Downy Woodpecker","Picoides pubescens",0.6374
2021,"Downy Woodpecker","Picoides pubescens",0.8
2022,"Downy Woodpecker","Picoides pubescens",0.9261
2023,"Downy Woodpecker","Picoides pubescens",0.8017
2024,"Downy Woodpecker","Picoides pubescens",0.7399
1977,"Eastern Towhee","Pipilo erythrophthalmus",0
1978,"Eastern Towhee","Pipilo erythrophthalmus",0
1979,"Eastern Towhee","Pipilo erythrophthalmus",0
1980,"Eastern Towhee","Pipilo erythrophthalmus",0
1981,"Eastern Towhee","Pipilo erythrophthalmus",0
1982,"Eastern Towhee","Pipilo erythrophthalmus",0
1983,"Eastern Towhee","Pipilo erythrophthalmus",0
1984,"Eastern Towhee","Pipilo erythrophthalmus",0.7205
1985,"Eastern Towhee","Pipilo erythrophthalmus",0
1986,"Eastern Towhee","Pipilo erythrophthalmus",0.7197
1987,"Eastern Towhee","Pipilo erythrophthalmus",0.5311
1988,"Eastern Towhee","Pipilo erythrophthalmus",0.7846
1989,"Eastern Towhee","Pipilo erythrophthalmus",1.1484
1990,"Eastern Towhee","Pipilo erythrophthalmus",0.3813
1991,"Eastern Towhee","Pipilo erythrophthalmus",0.8359
1992,"Eastern Towhee","Pipilo erythrophthalmus",0.864
1993,"Eastern Towhee","Pipilo erythrophthalmus",0.8763
1994,"Eastern Towhee","Pipilo erythrophthalmus",0.9065
1995,"Eastern Towhee","Pipilo erythrophthalmus",1.0881
1996,"Eastern Towhee","Pipilo erythrophthalmus",0.7273
1997,"Eastern Towhee","Pipilo erythrophthalmus",0.6234
1998,"Eastern Towhee","Pipilo erythrophthalmus",0.5038
1999,"Eastern Towhee","Pipilo erythrophthalmus",0.6061
2000,"Eastern Towhee","Pipilo erythrophthalmus",0.7551
2001,"Eastern Towhee","Pipilo erythrophthalmus",0.5989
2002,"Eastern Towhee","Pipilo erythrophthalmus",0.8679
2003,"Eastern Towhee","Pipilo erythrophthalmus",0.4866
2004,"Eastern Towhee","Pipilo erythrophthalmus",0.9269
2005,"Eastern Towhee","Pipilo erythrophthalmus",0.9094
2006,"Eastern Towhee","Pipilo erythrophthalmus",0.8629
2007,"Eastern Towhee","Pipilo erythrophthalmus",0.6544
2008,"Eastern Towhee","Pipilo erythrophthalmus",0.939
2009,"Eastern Towhee","Pipilo erythrophthalmus",0.745
2010,"Eastern Towhee","Pipilo erythrophthalmus",0.9889
2011,"Eastern Towhee","Pipilo erythrophthalmus",1.1374
2012,"Eastern Towhee","Pipilo erythrophthalmus",0.8124
2013,"Eastern Towhee","Pipilo erythrophthalmus",1.3383
2014,"Eastern Towhee","Pipilo erythrophthalmus",0.8699
2015,"Eastern Towhee","Pipilo erythrophthalmus",0.8333
2016,"Eastern Towhee","Pipilo erythrophthalmus",0.8355
2017,"Eastern Towhee","Pipilo erythrophthalmus",0.8073
2018,"Eastern Towhee","Pipilo erythrophthalmus",1.1004
2019,"Eastern Towhee","Pipilo erythrophthalmus",0.5805
2020,"Eastern Towhee","Pipilo erythrophthalmus",0.8
2021,"Eastern Towhee","Pipilo erythrophthalmus",0.992
2022,"Eastern Towhee","Pipilo erythrophthalmus",1.0938
2023,"Eastern Towhee","Pipilo erythrophthalmus",0.7089
2024,"Eastern Towhee","Pipilo erythrophthalmus",0.5934
1977,"Eastern Towhee","Pipilo maculatus/erythrophthalmus",0.6277
1978,"Eastern Towhee","Pipilo maculatus/erythrophthalmus",1.3368
1979,"Eastern Towhee","Pipilo maculatus/erythrophthalmus",1.0421
1980,"Eastern Towhee","Pipilo maculatus/erythrophthalmus",0.8242
1981,"Eastern Towhee","Pipilo maculatus/erythrophthalmus",1.0785
1982,"Eastern Towhee","Pipilo maculatus/erythrophthalmus",2.3173
1983,"Eastern Towhee","Pipilo maculatus/erythrophthalmus",0.5241
1984,"Eastern Towhee","Pipilo maculatus/erythrophthalmus",0
1985,"Eastern Towhee","Pipilo maculatus/erythrophthalmus",0.3413
1986,"Eastern Towhee","Pipilo maculatus/erythrophthalmus",0
1987,"Eastern Towhee","Pipilo maculatus/erythrophthalmus",0
1988,"Eastern Towhee","Pipilo maculatus/erythrophthalmus",0
1989,"Eastern Towhee","Pipilo maculatus/erythrophthalmus",0
1990,"Eastern Towhee","Pipilo maculatus/erythrophthalmus",0
1991,"Eastern Towhee","Pipilo maculatus/erythrophthalmus",0
1992,"Eastern Towhee","Pipilo maculatus/erythrophthalmus",0
1993,"Eastern Towhee","Pipilo maculatus/erythrophthalmus",0
1994,"Eastern Towhee","Pipilo maculatus/erythrophthalmus",0
1995,"Eastern Towhee","Pipilo maculatus/erythrophthalmus",0
1996,"Eastern Towhee","Pipilo maculatus/erythrophthalmus",0
1997,"Eastern Towhee","Pipilo maculatus/erythrophthalmus",0
1998,"Eastern Towhee","Pipilo maculatus/erythrophthalmus",0
1999,"Eastern Towhee","Pipilo maculatus/erythrophthalmus",0
2000,"Eastern Towhee","Pipilo maculatus/erythrophthalmus",0
2001,"Eastern Towhee","Pipilo maculatus/erythrophthalmus",0
2002,"Eastern Towhee","Pipilo maculatus/erythrophthalmus",0
2003,"Eastern Towhee","Pipilo maculatus/erythrophthalmus",0
2004,"Eastern Towhee","Pipilo maculatus/erythrophthalmus",0
2005,"Eastern Towhee","Pipilo maculatus/erythrophthalmus",0
2006,"Eastern Towhee","Pipilo maculatus/erythrophthalmus",0
2007,"Eastern Towhee","Pipilo maculatus/erythrophthalmus",0
2008,"Eastern Towhee","Pipilo maculatus/erythrophthalmus",0
2009,"Eastern Towhee","Pipilo maculatus/erythrophthalmus",0
2010,"Eastern Towhee","Pipilo maculatus/erythrophthalmus",0
2011,"Eastern Towhee","Pipilo maculatus/erythrophthalmus",0
2012,"Eastern Towhee","Pipilo maculatus/erythrophthalmus",0
2013,"Eastern Towhee","Pipilo maculatus/erythrophthalmus",0
2014,"Eastern Towhee","Pipilo maculatus/erythrophthalmus",0
2015,"Eastern Towhee","Pipilo maculatus/erythrophthalmus",0
2016,"Eastern Towhee","Pipilo maculatus/erythrophthalmus",0
2017,"Eastern Towhee","Pipilo maculatus/erythrophthalmus",0
2018,"Eastern Towhee","Pipilo maculatus/erythrophthalmus",0
2019,"Eastern Towhee","Pipilo maculatus/erythrophthalmus",0
2020,"Eastern Towhee","Pipilo maculatus/erythrophthalmus",0
2021,"Eastern Towhee","Pipilo maculatus/erythrophthalmus",0
2022,"Eastern Towhee","Pipilo maculatus/erythrophthalmus",0
2023,"Eastern Towhee","Pipilo maculatus/erythrophthalmus",0
2024,"Eastern Towhee","Pipilo maculatus/erythrophthalmus",0
1977,"Carolina Chickadee","Poecile carolinensis",2.2234
1978,"Carolina Chickadee","Poecile carolinensis",1.6211
1979,"Carolina Chickadee","Poecile carolinensis",1.3327
1980,"Carolina Chickadee","Poecile carolinensis",1.6374
1981,"Carolina Chickadee","Poecile carolinensis",2
1982,"Carolina Chickadee","Poecile carolinensis",2.5192
1983,"Carolina Chickadee","Poecile carolinensis",2.4492
1984,"Carolina Chickadee","Poecile carolinensis",2.5839
1985,"Carolina Chickadee","Poecile carolinensis",1.3254
1986,"Carolina Chickadee","Poecile carolinensis",2.0502
1987,"Carolina Chickadee","Poecile carolinensis",1.1751
1988,"Carolina Chickadee","Poecile carolinensis",2.9846
1989,"Carolina Chickadee","Poecile carolinensis",2.0781
1990,"Carolina Chickadee","Poecile carolinensis",2.7938
1991,"Carolina Chickadee","Poecile carolinensis",2.5078
1992,"Carolina Chickadee","Poecile carolinensis",2.3104
1993,"Carolina Chickadee","Poecile carolinensis",2.8094
1994,"Carolina Chickadee","Poecile carolinensis",2.3741
1995,"Carolina Chickadee","Poecile carolinensis",1.8238
1996,"Carolina Chickadee","Poecile carolinensis",2.3557
1997,"Carolina Chickadee","Poecile carolinensis",2.6865
1998,"Carolina Chickadee","Poecile carolinensis",3.0977
1999,"Carolina Chickadee","Poecile carolinensis",3.1212
2000,"Carolina Chickadee","Poecile carolinensis",2.8095
2001,"Carolina Chickadee","Poecile carolinensis",2.3808
2002,"Carolina Chickadee","Poecile carolinensis",2.5031
2003,"Carolina Chickadee","Poecile carolinensis",2.2513
2004,"Carolina Chickadee","Poecile carolinensis",2.8093
2005,"Carolina Chickadee","Poecile carolinensis",2.8835
2006,"Carolina Chickadee","Poecile carolinensis",2.6355
2007,"Carolina Chickadee","Poecile carolinensis",1.7098
2008,"Carolina Chickadee","Poecile carolinensis",2.2625
2009,"Carolina Chickadee","Poecile carolinensis",1.9675
2010,"Carolina Chickadee","Poecile carolinensis",2.8118
2011,"Carolina Chickadee","Poecile carolinensis",3.2137
2012,"Carolina Chickadee","Poecile carolinensis",2.7466
2013,"Carolina Chickadee","Poecile carolinensis",3.0112
2014,"Carolina Chickadee","Poecile carolinensis",2.9837
2015,"Carolina Chickadee","Poecile carolinensis",2.1441
2016,"Carolina Chickadee","Poecile carolinensis",2.1932
2017,"Carolina Chickadee","Poecile carolinensis",2.2661
2018,"Carolina Chickadee","Poecile carolinensis",2.2009
2019,"Carolina Chickadee","Poecile carolinensis",2.3062
2020,"Carolina Chickadee","Poecile carolinensis",2.5561
2021,"Carolina Chickadee","Poecile carolinensis",3.584
2022,"Carolina Chickadee","Poecile carolinensis",3.0259
2023,"Carolina Chickadee","Poecile carolinensis",3.1224
2024,"Carolina Chickadee","Poecile carolinensis",2.5973
1977,"Blue-gray Gnatcatcher","Polioptila caerulea",0
1978,"Blue-gray Gnatcatcher","Polioptila caerulea",0
1979,"Blue-gray Gnatcatcher","Polioptila caerulea",0
1980,"Blue-gray Gnatcatcher","Polioptila caerulea",0
1981,"Blue-gray Gnatcatcher","Polioptila caerulea",0
1982,"Blue-gray Gnatcatcher","Polioptila caerulea",0.0192
1983,"Blue-gray Gnatcatcher","Polioptila caerulea",0
1984,"Blue-gray Gnatcatcher","Polioptila caerulea",0.0124
1985,"Blue-gray Gnatcatcher","Polioptila caerulea",0
1986,"Blue-gray Gnatcatcher","Polioptila caerulea",0.0084
1987,"Blue-gray Gnatcatcher","Polioptila caerulea",0
1988,"Blue-gray Gnatcatcher","Polioptila caerulea",0
1989,"Blue-gray Gnatcatcher","Polioptila caerulea",0
1990,"Blue-gray Gnatcatcher","Polioptila caerulea",0.0069
1991,"Blue-gray Gnatcatcher","Polioptila caerulea",0
1992,"Blue-gray Gnatcatcher","Polioptila caerulea",0
1993,"Blue-gray Gnatcatcher","Polioptila caerulea",0.0134
1994,"Blue-gray Gnatcatcher","Polioptila caerulea",0
1995,"Blue-gray Gnatcatcher","Polioptila caerulea",0
1996,"Blue-gray Gnatcatcher","Polioptila caerulea",0.0079
1997,"Blue-gray Gnatcatcher","Polioptila caerulea",0
1998,"Blue-gray Gnatcatcher","Polioptila caerulea",0
1999,"Blue-gray Gnatcatcher","Polioptila caerulea",0.0152
2000,"Blue-gray Gnatcatcher","Polioptila caerulea",0
2001,"Blue-gray Gnatcatcher","Polioptila caerulea",0.0074
2002,"Blue-gray Gnatcatcher","Polioptila caerulea",0
2003,"Blue-gray Gnatcatcher","Polioptila caerulea",0
2004,"Blue-gray Gnatcatcher","Polioptila caerulea",0
2005,"Blue-gray Gnatcatcher","Polioptila caerulea",0
2006,"Blue-gray Gnatcatcher","Polioptila caerulea",0
2007,"Blue-gray Gnatcatcher","Polioptila caerulea",0
2008,"Blue-gray Gnatcatcher","Polioptila caerulea",0.0074
2009,"Blue-gray Gnatcatcher","Polioptila caerulea",0
2010,"Blue-gray Gnatcatcher","Polioptila caerulea",0
2011,"Blue-gray Gnatcatcher","Polioptila caerulea",0
2012,"Blue-gray Gnatcatcher","Polioptila caerulea",0
2013,"Blue-gray Gnatcatcher","Polioptila caerulea",0
2014,"Blue-gray Gnatcatcher","Polioptila caerulea",0.0081
2015,"Blue-gray Gnatcatcher","Polioptila caerulea",0
2016,"Blue-gray Gnatcatcher","Polioptila caerulea",0
2017,"Blue-gray Gnatcatcher","Polioptila caerulea",0.0092
2018,"Blue-gray Gnatcatcher","Polioptila caerulea",0
2019,"Blue-gray Gnatcatcher","Polioptila caerulea",0.008
2020,"Blue-gray Gnatcatcher","Polioptila caerulea",0.0065
2021,"Blue-gray Gnatcatcher","Polioptila caerulea",0.016
2022,"Blue-gray Gnatcatcher","Polioptila caerulea",0
2023,"Blue-gray Gnatcatcher","Polioptila caerulea",0.0084
2024,"Blue-gray Gnatcatcher","Polioptila caerulea",0
1977,"Common Grackle","Quiscalus quiscula",0.0638
1978,"Common Grackle","Quiscalus quiscula",0.0105
1979,"Common Grackle","Quiscalus quiscula",0.6012
1980,"Common Grackle","Quiscalus quiscula",0.1209
1981,"Common Grackle","Quiscalus quiscula",1.5079
1982,"Common Grackle","Quiscalus quiscula",0.0481
1983,"Common Grackle","Quiscalus quiscula",0.0214
1984,"Common Grackle","Quiscalus quiscula",1.6149
1985,"Common Grackle","Quiscalus quiscula",0.254
1986,"Common Grackle","Quiscalus quiscula",0.1339
1987,"Common Grackle","Quiscalus quiscula",0.1243
1988,"Common Grackle","Quiscalus quiscula",0.2846
1989,"Common Grackle","Quiscalus quiscula",0.1484
1990,"Common Grackle","Quiscalus quiscula",0.0208
1991,"Common Grackle","Quiscalus quiscula",0.4063
1992,"Common Grackle","Quiscalus quiscula",2.1632
1993,"Common Grackle","Quiscalus quiscula",0.0268
1994,"Common Grackle","Quiscalus quiscula",0.2518
1995,"Common Grackle","Quiscalus quiscula",8.6897
1996,"Common Grackle","Quiscalus quiscula",1.6047
1997,"Common Grackle","Quiscalus quiscula",0.0297
1998,"Common Grackle","Quiscalus quiscula",0.203
1999,"Common Grackle","Quiscalus quiscula",7.0606
2000,"Common Grackle","Quiscalus quiscula",0.4218
2001,"Common Grackle","Quiscalus quiscula",0.7024
2002,"Common Grackle","Quiscalus quiscula",0.0189
2003,"Common Grackle","Quiscalus quiscula",0.2086
2004,"Common Grackle","Quiscalus quiscula",0.0214
2005,"Common Grackle","Quiscalus quiscula",0.3253
2006,"Common Grackle","Quiscalus quiscula",16.9365
2007,"Common Grackle","Quiscalus quiscula",0
2008,"Common Grackle","Quiscalus quiscula",0.8503
2009,"Common Grackle","Quiscalus quiscula",0.0506
2010,"Common Grackle","Quiscalus quiscula",44.2804
2011,"Common Grackle","Quiscalus quiscula",3.0305
2012,"Common Grackle","Quiscalus quiscula",0.0155
2013,"Common Grackle","Quiscalus quiscula",2.1784
2014,"Common Grackle","Quiscalus quiscula",0.252
2015,"Common Grackle","Quiscalus quiscula",0.4861
2016,"Common Grackle","Quiscalus quiscula",0.0209
2017,"Common Grackle","Quiscalus quiscula",0.0826
2018,"Common Grackle","Quiscalus quiscula",11.1004
2019,"Common Grackle","Quiscalus quiscula",0.008
2020,"Common Grackle","Quiscalus quiscula",0.1691
2021,"Common Grackle","Quiscalus quiscula",0.2
2022,"Common Grackle","Quiscalus quiscula",3.3134
2023,"Common Grackle","Quiscalus quiscula",0.0169
2024,"Common Grackle","Quiscalus quiscula",0.0925
1977,"Eastern Phoebe","Sayornis phoebe",0.1489
1978,"Eastern Phoebe","Sayornis phoebe",0.2105
1979,"Eastern Phoebe","Sayornis phoebe",0.1503
1980,"Eastern Phoebe","Sayornis phoebe",0.1319
1981,"Eastern Phoebe","Sayornis phoebe",0.0838
1982,"Eastern Phoebe","Sayornis phoebe",0.1346
1983,"Eastern Phoebe","Sayornis phoebe",0.1711
1984,"Eastern Phoebe","Sayornis phoebe",0.2857
1985,"Eastern Phoebe","Sayornis phoebe",0.127
1986,"Eastern Phoebe","Sayornis phoebe",0.318
1987,"Eastern Phoebe","Sayornis phoebe",0.0791
1988,"Eastern Phoebe","Sayornis phoebe",0.0923
1989,"Eastern Phoebe","Sayornis phoebe",0.0938
1990,"Eastern Phoebe","Sayornis phoebe",0.1733
1991,"Eastern Phoebe","Sayornis phoebe",0.2813
1992,"Eastern Phoebe","Sayornis phoebe",0.1856
1993,"Eastern Phoebe","Sayornis phoebe",0.4214
1994,"Eastern Phoebe","Sayornis phoebe",0.446
1995,"Eastern Phoebe","Sayornis phoebe",0.1839
1996,"Eastern Phoebe","Sayornis phoebe",0.1423
1997,"Eastern Phoebe","Sayornis phoebe",0.3043
1998,"Eastern Phoebe","Sayornis phoebe",0.3609
1999,"Eastern Phoebe","Sayornis phoebe",0.3561
2000,"Eastern Phoebe","Sayornis phoebe",0.3129
2001,"Eastern Phoebe","Sayornis phoebe",0.2144
2002,"Eastern Phoebe","Sayornis phoebe",0.2642
2003,"Eastern Phoebe","Sayornis phoebe",0.1337
2004,"Eastern Phoebe","Sayornis phoebe",0.3565
2005,"Eastern Phoebe","Sayornis phoebe",0.6876
2006,"Eastern Phoebe","Sayornis phoebe",0.2274
2007,"Eastern Phoebe","Sayornis phoebe",0.1794
2008,"Eastern Phoebe","Sayornis phoebe",0.2588
2009,"Eastern Phoebe","Sayornis phoebe",0.4846
2010,"Eastern Phoebe","Sayornis phoebe",0.1624
2011,"Eastern Phoebe","Sayornis phoebe",0.2595
2012,"Eastern Phoebe","Sayornis phoebe",0.3868
2013,"Eastern Phoebe","Sayornis phoebe",0.3569
2014,"Eastern Phoebe","Sayornis phoebe",0.3821
2015,"Eastern Phoebe","Sayornis phoebe",0.1649
2016,"Eastern Phoebe","Sayornis phoebe",0.1462
2017,"Eastern Phoebe","Sayornis phoebe",0.4495
2018,"Eastern Phoebe","Sayornis phoebe",0.2183
2019,"Eastern Phoebe","Sayornis phoebe",0.334
2020,"Eastern Phoebe","Sayornis phoebe",0.3187
2021,"Eastern Phoebe","Sayornis phoebe",0.48
2022,"Eastern Phoebe","Sayornis phoebe",0.3114
2023,"Eastern Phoebe","Sayornis phoebe",0.6245
2024,"Eastern Phoebe","Sayornis phoebe",0.4855
1977,"Pine Warbler","Setophaga pinus",0.1702
1978,"Pine Warbler","Setophaga pinus",0.1263
1979,"Pine Warbler","Setophaga pinus",0.0601
1980,"Pine Warbler","Setophaga pinus",0.0989
1981,"Pine Warbler","Setophaga pinus",0.199
1982,"Pine Warbler","Setophaga pinus",0.5481
1983,"Pine Warbler","Setophaga pinus",0.4278
1984,"Pine Warbler","Setophaga pinus",1.528
1985,"Pine Warbler","Setophaga pinus",1.0556
1986,"Pine Warbler","Setophaga pinus",0.4519
1987,"Pine Warbler","Setophaga pinus",0.2373
1988,"Pine Warbler","Setophaga pinus",0.7308
1989,"Pine Warbler","Setophaga pinus",0.5781
1990,"Pine Warbler","Setophaga pinus",0.5615
1991,"Pine Warbler","Setophaga pinus",1.3828
1992,"Pine Warbler","Setophaga pinus",1.0752
1993,"Pine Warbler","Setophaga pinus",1.5117
1994,"Pine Warbler","Setophaga pinus",1.4245
1995,"Pine Warbler","Setophaga pinus",0.5287
1996,"Pine Warbler","Setophaga pinus",0.4585
1997,"Pine Warbler","Setophaga pinus",1.5955
1998,"Pine Warbler","Setophaga pinus",1.1805
1999,"Pine Warbler","Setophaga pinus",0.4394
2000,"Pine Warbler","Setophaga pinus",1.6531
2001,"Pine Warbler","Setophaga pinus",1.0277
2002,"Pine Warbler","Setophaga pinus",0.4654
2003,"Pine Warbler","Setophaga pinus",0.4332
2004,"Pine Warbler","Setophaga pinus",0.9198
2005,"Pine Warbler","Setophaga pinus",0.4806
2006,"Pine Warbler","Setophaga pinus",1.4381
2007,"Pine Warbler","Setophaga pinus",0.1055
2008,"Pine Warbler","Setophaga pinus",0.6433
2009,"Pine Warbler","Setophaga pinus",0.6221
2010,"Pine Warbler","Setophaga pinus",0.2731
2011,"Pine Warbler","Setophaga pinus",0.229
2012,"Pine Warbler","Setophaga pinus",0.7505
2013,"Pine Warbler","Setophaga pinus",0.3643
2014,"Pine Warbler","Setophaga pinus",0.1382
2015,"Pine Warbler","Setophaga pinus",0.4774
2016,"Pine Warbler","Setophaga pinus",0.3029
2017,"Pine Warbler","Setophaga pinus",1.4128
2018,"Pine Warbler","Setophaga pinus",0.4454
2019,"Pine Warbler","Setophaga pinus",2.2028
2020,"Pine Warbler","Setophaga pinus",0.8455
2021,"Pine Warbler","Setophaga pinus",0.784
2022,"Pine Warbler","Setophaga pinus",1.0619
2023,"Pine Warbler","Setophaga pinus",0.4473
2024,"Pine Warbler","Setophaga pinus",0.4547
1977,"Eastern Bluebird","Sialia sialis",1.0106
1978,"Eastern Bluebird","Sialia sialis",1.2316
1979,"Eastern Bluebird","Sialia sialis",1.6834
1980,"Eastern Bluebird","Sialia sialis",1.5385
1981,"Eastern Bluebird","Sialia sialis",1.5393
1982,"Eastern Bluebird","Sialia sialis",1.3077
1983,"Eastern Bluebird","Sialia sialis",1.1872
1984,"Eastern Bluebird","Sialia sialis",1.6149
1985,"Eastern Bluebird","Sialia sialis",2.0873
1986,"Eastern Bluebird","Sialia sialis",2.3515
1987,"Eastern Bluebird","Sialia sialis",0.791
1988,"Eastern Bluebird","Sialia sialis",2.2
1989,"Eastern Bluebird","Sialia sialis",1.6641
1990,"Eastern Bluebird","Sialia sialis",1.9411
1991,"Eastern Bluebird","Sialia sialis",2.1875
1992,"Eastern Bluebird","Sialia sialis",1.536
1993,"Eastern Bluebird","Sialia sialis",2.0334
1994,"Eastern Bluebird","Sialia sialis",2.4245
1995,"Eastern Bluebird","Sialia sialis",1.0115
1996,"Eastern Bluebird","Sialia sialis",1.8735
1997,"Eastern Bluebird","Sialia sialis",2.6568
1998,"Eastern Bluebird","Sialia sialis",1.8496
1999,"Eastern Bluebird","Sialia sialis",3.1364
2000,"Eastern Bluebird","Sialia sialis",2.2517
2001,"Eastern Bluebird","Sialia sialis",3.1497
2002,"Eastern Bluebird","Sialia sialis",1.5094
2003,"Eastern Bluebird","Sialia sialis",1.1765
2004,"Eastern Bluebird","Sialia sialis",2.303
2005,"Eastern Bluebird","Sialia sialis",2.0998
2006,"Eastern Bluebird","Sialia sialis",1.9666
2007,"Eastern Bluebird","Sialia sialis",2.0264
2008,"Eastern Bluebird","Sialia sialis",2.3216
2009,"Eastern Bluebird","Sialia sialis",2.3002
2010,"Eastern Bluebird","Sialia sialis",2.5166
2011,"Eastern Bluebird","Sialia sialis",2.7634
2012,"Eastern Bluebird","Sialia sialis",2.5764
2013,"Eastern Bluebird","Sialia sialis",1.6952
2014,"Eastern Bluebird","Sialia sialis",3.3902
2015,"Eastern Bluebird","Sialia sialis",1.3194
2016,"Eastern Bluebird","Sialia sialis",1.1593
2017,"Eastern Bluebird","Sialia sialis",2.1101
2018,"Eastern Bluebird","Sialia sialis",1.5895
2019,"Eastern Bluebird","Sialia sialis",2.0517
2020,"Eastern Bluebird","Sialia sialis",1.6976
2021,"Eastern Bluebird","Sialia sialis",2.424
2022,"Eastern Bluebird","Sialia sialis",2.1317
2023,"Eastern Bluebird","Sialia sialis",2.0338
2024,"Eastern Bluebird","Sialia sialis",1.6493
1977,"White-breasted Nuthatch","Sitta carolinensis",0.0319
1978,"White-breasted Nuthatch","Sitta carolinensis",0.0105
1979,"White-breasted Nuthatch","Sitta carolinensis",0
1980,"White-breasted Nuthatch","Sitta carolinensis",0.011
1981,"White-breasted Nuthatch","Sitta carolinensis",0.0105
1982,"White-breasted Nuthatch","Sitta carolinensis",0.0481
1983,"White-breasted Nuthatch","Sitta carolinensis",0.0642
1984,"White-breasted Nuthatch","Sitta carolinensis",0.0124
1985,"White-breasted Nuthatch","Sitta carolinensis",0.0079
1986,"White-breasted Nuthatch","Sitta carolinensis",0
1987,"White-breasted Nuthatch","Sitta carolinensis",0.0565
1988,"White-breasted Nuthatch","Sitta carolinensis",0.0846
1989,"White-breasted Nuthatch","Sitta carolinensis",0.1563
1990,"White-breasted Nuthatch","Sitta carolinensis",0.1456
1991,"White-breasted Nuthatch","Sitta carolinensis",0.0859
1992,"White-breasted Nuthatch","Sitta carolinensis",0.1152
1993,"White-breasted Nuthatch","Sitta carolinensis",0.1271
1994,"White-breasted Nuthatch","Sitta carolinensis",0.1367
1995,"White-breasted Nuthatch","Sitta carolinensis",0.1149
1996,"White-breasted Nuthatch","Sitta carolinensis",0.1186
1997,"White-breasted Nuthatch","Sitta carolinensis",0.1558
1998,"White-breasted Nuthatch","Sitta carolinensis",0.1579
1999,"White-breasted Nuthatch","Sitta carolinensis",0.2955
2000,"White-breasted Nuthatch","Sitta carolinensis",0.3129
2001,"White-breasted Nuthatch","Sitta carolinensis",0.3327
2002,"White-breasted Nuthatch","Sitta carolinensis",0.3019
2003,"White-breasted Nuthatch","Sitta carolinensis",0.2406
2004,"White-breasted Nuthatch","Sitta carolinensis",0.3708
2005,"White-breasted Nuthatch","Sitta carolinensis",0.414
2006,"White-breasted Nuthatch","Sitta carolinensis",0.2007
2007,"White-breasted Nuthatch","Sitta carolinensis",0.1055
2008,"White-breasted Nuthatch","Sitta carolinensis",0.3401
2009,"White-breasted Nuthatch","Sitta carolinensis",0.217
2010,"White-breasted Nuthatch","Sitta carolinensis",0.3542
2011,"White-breasted Nuthatch","Sitta carolinensis",0.4427
2012,"White-breasted Nuthatch","Sitta carolinensis",0.3868
2013,"White-breasted Nuthatch","Sitta carolinensis",0.2974
2014,"White-breasted Nuthatch","Sitta carolinensis",0.4797
2015,"White-breasted Nuthatch","Sitta carolinensis",0.3819
2016,"White-breasted Nuthatch","Sitta carolinensis",0.1671
2017,"White-breasted Nuthatch","Sitta carolinensis",0.3761
2018,"White-breasted Nuthatch","Sitta carolinensis",0.4454
2019,"White-breasted Nuthatch","Sitta carolinensis",0.2624
2020,"White-breasted Nuthatch","Sitta carolinensis",0.4293
2021,"White-breasted Nuthatch","Sitta carolinensis",0.632
2022,"White-breasted Nuthatch","Sitta carolinensis",0.6068
2023,"White-breasted Nuthatch","Sitta carolinensis",0.5401
2024,"White-breasted Nuthatch","Sitta carolinensis",0.5549
1977,"Brown-headed Nuthatch","Sitta pusilla",0.1064
1978,"Brown-headed Nuthatch","Sitta pusilla",0.1158
1979,"Brown-headed Nuthatch","Sitta pusilla",0.1303
1980,"Brown-headed Nuthatch","Sitta pusilla",0.011
1981,"Brown-headed Nuthatch","Sitta pusilla",0.1047
1982,"Brown-headed Nuthatch","Sitta pusilla",0.2404
1983,"Brown-headed Nuthatch","Sitta pusilla",0.0428
1984,"Brown-headed Nuthatch","Sitta pusilla",0.1988
1985,"Brown-headed Nuthatch","Sitta pusilla",0.119
1986,"Brown-headed Nuthatch","Sitta pusilla",0.1841
1987,"Brown-headed Nuthatch","Sitta pusilla",0.1017
1988,"Brown-headed Nuthatch","Sitta pusilla",0.3615
1989,"Brown-headed Nuthatch","Sitta pusilla",0.2891
1990,"Brown-headed Nuthatch","Sitta pusilla",0.2842
1991,"Brown-headed Nuthatch","Sitta pusilla",0.5859
1992,"Brown-headed Nuthatch","Sitta pusilla",0.4032
1993,"Brown-headed Nuthatch","Sitta pusilla",0.4214
1994,"Brown-headed Nuthatch","Sitta pusilla",0.741
1995,"Brown-headed Nuthatch","Sitta pusilla",0.3448
1996,"Brown-headed Nuthatch","Sitta pusilla",0.6087
1997,"Brown-headed Nuthatch","Sitta pusilla",0.8609
1998,"Brown-headed Nuthatch","Sitta pusilla",0.6316
1999,"Brown-headed Nuthatch","Sitta pusilla",0.8258
2000,"Brown-headed Nuthatch","Sitta pusilla",0.6531
2001,"Brown-headed Nuthatch","Sitta pusilla",0.8207
2002,"Brown-headed Nuthatch","Sitta pusilla",0.9371
2003,"Brown-headed Nuthatch","Sitta pusilla",0.6952
2004,"Brown-headed Nuthatch","Sitta pusilla",1.1123
2005,"Brown-headed Nuthatch","Sitta pusilla",0.7098
2006,"Brown-headed Nuthatch","Sitta pusilla",1.4582
2007,"Brown-headed Nuthatch","Sitta pusilla",0.2639
2008,"Brown-headed Nuthatch","Sitta pusilla",1.0573
2009,"Brown-headed Nuthatch","Sitta pusilla",1.1863
2010,"Brown-headed Nuthatch","Sitta pusilla",1.0406
2011,"Brown-headed Nuthatch","Sitta pusilla",1.4885
2012,"Brown-headed Nuthatch","Sitta pusilla",0.766
2013,"Brown-headed Nuthatch","Sitta pusilla",0.9814
2014,"Brown-headed Nuthatch","Sitta pusilla",1
2015,"Brown-headed Nuthatch","Sitta pusilla",0.7205
2016,"Brown-headed Nuthatch","Sitta pusilla",0.4491
2017,"Brown-headed Nuthatch","Sitta pusilla",0.6606
2018,"Brown-headed Nuthatch","Sitta pusilla",0.8734
2019,"Brown-headed Nuthatch","Sitta pusilla",0.994
2020,"Brown-headed Nuthatch","Sitta pusilla",1.5285
2021,"Brown-headed Nuthatch","Sitta pusilla",1.448
2022,"Brown-headed Nuthatch","Sitta pusilla",1.525
2023,"Brown-headed Nuthatch","Sitta pusilla",1.7468
2024,"Brown-headed Nuthatch","Sitta pusilla",1.3025
1977,"American Goldfinch","Spinus tristis",2.3511
1978,"American Goldfinch","Spinus tristis",2.5368
1979,"American Goldfinch","Spinus tristis",3.0461
1980,"American Goldfinch","Spinus tristis",12.989
1981,"American Goldfinch","Spinus tristis",3.4031
1982,"American Goldfinch","Spinus tristis",5.3462
1983,"American Goldfinch","Spinus tristis",4.0856
1984,"American Goldfinch","Spinus tristis",2.9441
1985,"American Goldfinch","Spinus tristis",1.6746
1986,"American Goldfinch","Spinus tristis",3.6234
1987,"American Goldfinch","Spinus tristis",1.6497
1988,"American Goldfinch","Spinus tristis",2.9462
1989,"American Goldfinch","Spinus tristis",2.7656
1990,"American Goldfinch","Spinus tristis",4.1525
1991,"American Goldfinch","Spinus tristis",3.6641
1992,"American Goldfinch","Spinus tristis",1.792
1993,"American Goldfinch","Spinus tristis",2.6823
1994,"American Goldfinch","Spinus tristis",2.4676
1995,"American Goldfinch","Spinus tristis",2.1762
1996,"American Goldfinch","Spinus tristis",3.6996
1997,"American Goldfinch","Spinus tristis",2.538
1998,"American Goldfinch","Spinus tristis",2.9925
1999,"American Goldfinch","Spinus tristis",2.7273
2000,"American Goldfinch","Spinus tristis",1.6599
2001,"American Goldfinch","Spinus tristis",3.1645
2002,"American Goldfinch","Spinus tristis",2.5786
2003,"American Goldfinch","Spinus tristis",1.6417
2004,"American Goldfinch","Spinus tristis",3.3298
2005,"American Goldfinch","Spinus tristis",4.525
2006,"American Goldfinch","Spinus tristis",2.3813
2007,"American Goldfinch","Spinus tristis",1.0871
2008,"American Goldfinch","Spinus tristis",4.1996
2009,"American Goldfinch","Spinus tristis",0.8101
2010,"American Goldfinch","Spinus tristis",3.572
2011,"American Goldfinch","Spinus tristis",0.8168
2012,"American Goldfinch","Spinus tristis",2.1663
2013,"American Goldfinch","Spinus tristis",1.2342
2014,"American Goldfinch","Spinus tristis",3.9512
2015,"American Goldfinch","Spinus tristis",2.2569
2016,"American Goldfinch","Spinus tristis",1.5457
2017,"American Goldfinch","Spinus tristis",1.3394
2018,"American Goldfinch","Spinus tristis",1.179
2019,"American Goldfinch","Spinus tristis",0.8827
2020,"American Goldfinch","Spinus tristis",1.4829
2021,"American Goldfinch","Spinus tristis",1.216
2022,"American Goldfinch","Spinus tristis",2.8263
2023,"American Goldfinch","Spinus tristis",1.3502
2024,"American Goldfinch","Spinus tristis",0.6012
1977,"Chipping Sparrow","Spizella passerina",0.0106
1978,"Chipping Sparrow","Spizella passerina",0.8842
1979,"Chipping Sparrow","Spizella passerina",0.2806
1980,"Chipping Sparrow","Spizella passerina",0.6703
1981,"Chipping Sparrow","Spizella passerina",0.4398
1982,"Chipping Sparrow","Spizella passerina",0.9231
1983,"Chipping Sparrow","Spizella passerina",0.1283
1984,"Chipping Sparrow","Spizella passerina",0.2484
1985,"Chipping Sparrow","Spizella passerina",0.4365
1986,"Chipping Sparrow","Spizella passerina",0.5523
1987,"Chipping Sparrow","Spizella passerina",0.1921
1988,"Chipping Sparrow","Spizella passerina",0.1154
1989,"Chipping Sparrow","Spizella passerina",0.1875
1990,"Chipping Sparrow","Spizella passerina",0.2496
1991,"Chipping Sparrow","Spizella passerina",0.4922
1992,"Chipping Sparrow","Spizella passerina",0.3136
1993,"Chipping Sparrow","Spizella passerina",0.7358
1994,"Chipping Sparrow","Spizella passerina",2.0719
1995,"Chipping Sparrow","Spizella passerina",0.1992
1996,"Chipping Sparrow","Spizella passerina",0.5296
1997,"Chipping Sparrow","Spizella passerina",0.2004
1998,"Chipping Sparrow","Spizella passerina",0.6165
1999,"Chipping Sparrow","Spizella passerina",0.2576
2000,"Chipping Sparrow","Spizella passerina",0.102
2001,"Chipping Sparrow","Spizella passerina",0.7542
2002,"Chipping Sparrow","Spizella passerina",0.8805
2003,"Chipping Sparrow","Spizella passerina",0.5668
2004,"Chipping Sparrow","Spizella passerina",1.6257
2005,"Chipping Sparrow","Spizella passerina",2.403
2006,"Chipping Sparrow","Spizella passerina",1.9599
2007,"Chipping Sparrow","Spizella passerina",0.4855
2008,"Chipping Sparrow","Spizella passerina",2.9427
2009,"Chipping Sparrow","Spizella passerina",1.8734
2010,"Chipping Sparrow","Spizella passerina",2.3985
2011,"Chipping Sparrow","Spizella passerina",2.3664
2012,"Chipping Sparrow","Spizella passerina",3.6905
2013,"Chipping Sparrow","Spizella passerina",3.3457
2014,"Chipping Sparrow","Spizella passerina",2.3659
2015,"Chipping Sparrow","Spizella passerina",5.3993
2016,"Chipping Sparrow","Spizella passerina",3.1018
2017,"Chipping Sparrow","Spizella passerina",2.7615
2018,"Chipping Sparrow","Spizella passerina",2.69
2019,"Chipping Sparrow","Spizella passerina",3.8012
2020,"Chipping Sparrow","Spizella passerina",2.8228
2021,"Chipping Sparrow","Spizella passerina",3.416
2022,"Chipping Sparrow","Spizella passerina",2.0918
2023,"Chipping Sparrow","Spizella passerina",2.8439
2024,"Chipping Sparrow","Spizella passerina",4.6243
1977,"Field Sparrow","Spizella pusilla",0.7234
1978,"Field Sparrow","Spizella pusilla",2.9474
1979,"Field Sparrow","Spizella pusilla",2.0641
1980,"Field Sparrow","Spizella pusilla",3.5934
1981,"Field Sparrow","Spizella pusilla",4.4293
1982,"Field Sparrow","Spizella pusilla",3.375
1983,"Field Sparrow","Spizella pusilla",1.3797
1984,"Field Sparrow","Spizella pusilla",1.3292
1985,"Field Sparrow","Spizella pusilla",1.9048
1986,"Field Sparrow","Spizella pusilla",2.4686
1987,"Field Sparrow","Spizella pusilla",1.6497
1988,"Field Sparrow","Spizella pusilla",1.2538
1989,"Field Sparrow","Spizella pusilla",0.7188
1990,"Field Sparrow","Spizella pusilla",0.9012
1991,"Field Sparrow","Spizella pusilla",0.7891
1992,"Field Sparrow","Spizella pusilla",0.6528
1993,"Field Sparrow","Spizella pusilla",0.6957
1994,"Field Sparrow","Spizella pusilla",0.6187
1995,"Field Sparrow","Spizella pusilla",0.8582
1996,"Field Sparrow","Spizella pusilla",1.0119
1997,"Field Sparrow","Spizella pusilla",0.4453
1998,"Field Sparrow","Spizella pusilla",0.8647
1999,"Field Sparrow","Spizella pusilla",0.5909
2000,"Field Sparrow","Spizella pusilla",0.5238
2001,"Field Sparrow","Spizella pusilla",0.5767
2002,"Field Sparrow","Spizella pusilla",0.7673
2003,"Field Sparrow","Spizella pusilla",0.1818
2004,"Field Sparrow","Spizella pusilla",0.4635
2005,"Field Sparrow","Spizella pusilla",0.3031
2006,"Field Sparrow","Spizella pusilla",0.3478
2007,"Field Sparrow","Spizella pusilla",0.2427
2008,"Field Sparrow","Spizella pusilla",1.5231
2009,"Field Sparrow","Spizella pusilla",0.2098
2010,"Field Sparrow","Spizella pusilla",0.5609
2011,"Field Sparrow","Spizella pusilla",0.2595
2012,"Field Sparrow","Spizella pusilla",1.0213
2013,"Field Sparrow","Spizella pusilla",0.2602
2014,"Field Sparrow","Spizella pusilla",0.3496
2015,"Field Sparrow","Spizella pusilla",0.1215
2016,"Field Sparrow","Spizella pusilla",0.2193
2017,"Field Sparrow","Spizella pusilla",0.1009
2018,"Field Sparrow","Spizella pusilla",0.1572
2019,"Field Sparrow","Spizella pusilla",0.3022
2020,"Field Sparrow","Spizella pusilla",0.2016
2021,"Field Sparrow","Spizella pusilla",0.184
2022,"Field Sparrow","Spizella pusilla",0.3353
2023,"Field Sparrow","Spizella pusilla",0.1688
2024,"Field Sparrow","Spizella pusilla",0.4008
1977,"Eastern Meadowlark","Sturnella magna",1.6489
1978,"Eastern Meadowlark","Sturnella magna",1.5579
1979,"Eastern Meadowlark","Sturnella magna",2.2645
1980,"Eastern Meadowlark","Sturnella magna",3.2088
1981,"Eastern Meadowlark","Sturnella magna",2.6178
1982,"Eastern Meadowlark","Sturnella magna",2.2788
1983,"Eastern Meadowlark","Sturnella magna",2.0963
1984,"Eastern Meadowlark","Sturnella magna",2.0248
1985,"Eastern Meadowlark","Sturnella magna",1.0079
1986,"Eastern Meadowlark","Sturnella magna",2.2092
1987,"Eastern Meadowlark","Sturnella magna",1.2542
1988,"Eastern Meadowlark","Sturnella magna",1.0615
1989,"Eastern Meadowlark","Sturnella magna",1.0078
1990,"Eastern Meadowlark","Sturnella magna",1.026
1991,"Eastern Meadowlark","Sturnella magna",0.8516
1992,"Eastern Meadowlark","Sturnella magna",0.5632
1993,"Eastern Meadowlark","Sturnella magna",0.7023
1994,"Eastern Meadowlark","Sturnella magna",0.7266
1995,"Eastern Meadowlark","Sturnella magna",0.1992
1996,"Eastern Meadowlark","Sturnella magna",0.585
1997,"Eastern Meadowlark","Sturnella magna",0.2894
1998,"Eastern Meadowlark","Sturnella magna",0.7143
1999,"Eastern Meadowlark","Sturnella magna",0.553
2000,"Eastern Meadowlark","Sturnella magna",0.3197
2001,"Eastern Meadowlark","Sturnella magna",0.4067
2002,"Eastern Meadowlark","Sturnella magna",0.2642
2003,"Eastern Meadowlark","Sturnella magna",0.7166
2004,"Eastern Meadowlark","Sturnella magna",0.1426
2005,"Eastern Meadowlark","Sturnella magna",0.1701
2006,"Eastern Meadowlark","Sturnella magna",0.1472
2007,"Eastern Meadowlark","Sturnella magna",0.285
2008,"Eastern Meadowlark","Sturnella magna",0.4362
2009,"Eastern Meadowlark","Sturnella magna",0.6655
2010,"Eastern Meadowlark","Sturnella magna",0.2288
2011,"Eastern Meadowlark","Sturnella magna",0.2137
2012,"Eastern Meadowlark","Sturnella magna",0.5416
2013,"Eastern Meadowlark","Sturnella magna",0.2379
2014,"Eastern Meadowlark","Sturnella magna",0.2683
2015,"Eastern Meadowlark","Sturnella magna",0.2604
2016,"Eastern Meadowlark","Sturnella magna",0.8355
2017,"Eastern Meadowlark","Sturnella magna",0.4954
2018,"Eastern Meadowlark","Sturnella magna",0.3581
2019,"Eastern Meadowlark","Sturnella magna",0.3897
2020,"Eastern Meadowlark","Sturnella magna",0.1431
2021,"Eastern Meadowlark","Sturnella magna",0.784
2022,"Eastern Meadowlark","Sturnella magna",0.2315
2023,"Eastern Meadowlark","Sturnella magna",0.6582
2024,"Eastern Meadowlark","Sturnella magna",0.5318
1977,"European Starling","Sturnus vulgaris",4.7021
1978,"European Starling","Sturnus vulgaris",5.1684
1979,"European Starling","Sturnus vulgaris",2.9459
1980,"European Starling","Sturnus vulgaris",2.4725
1981,"European Starling","Sturnus vulgaris",2.8168
1982,"European Starling","Sturnus vulgaris",2.75
1983,"European Starling","Sturnus vulgaris",2.6738
1984,"European Starling","Sturnus vulgaris",2.4472
1985,"European Starling","Sturnus vulgaris",1.8175
1986,"European Starling","Sturnus vulgaris",1.6402
1987,"European Starling","Sturnus vulgaris",2.9944
1988,"European Starling","Sturnus vulgaris",1.4846
1989,"European Starling","Sturnus vulgaris",3.0078
1990,"European Starling","Sturnus vulgaris",2.8076
1991,"European Starling","Sturnus vulgaris",1.3359
1992,"European Starling","Sturnus vulgaris",3.0528
1993,"European Starling","Sturnus vulgaris",0.796
1994,"European Starling","Sturnus vulgaris",1.777
1995,"European Starling","Sturnus vulgaris",1.8084
1996,"European Starling","Sturnus vulgaris",3.2174
1997,"European Starling","Sturnus vulgaris",1.5436
1998,"European Starling","Sturnus vulgaris",6.609
1999,"European Starling","Sturnus vulgaris",2.5227
2000,"European Starling","Sturnus vulgaris",1.9796
2001,"European Starling","Sturnus vulgaris",1.8336
2002,"European Starling","Sturnus vulgaris",0.7862
2003,"European Starling","Sturnus vulgaris",1.4439
2004,"European Starling","Sturnus vulgaris",1.6043
2005,"European Starling","Sturnus vulgaris",1.3974
2006,"European Starling","Sturnus vulgaris",1.5184
2007,"European Starling","Sturnus vulgaris",2.0475
2008,"European Starling","Sturnus vulgaris",4.3549
2009,"European Starling","Sturnus vulgaris",2.6835
2010,"European Starling","Sturnus vulgaris",4.5683
2011,"European Starling","Sturnus vulgaris",1.6947
2012,"European Starling","Sturnus vulgaris",1.2766
2013,"European Starling","Sturnus vulgaris",1.4647
2014,"European Starling","Sturnus vulgaris",4.6179
2015,"European Starling","Sturnus vulgaris",1.0069
2016,"European Starling","Sturnus vulgaris",1.0339
2017,"European Starling","Sturnus vulgaris",0.2385
2018,"European Starling","Sturnus vulgaris",2.8559
2019,"European Starling","Sturnus vulgaris",0.8827
2020,"European Starling","Sturnus vulgaris",0.722
2021,"European Starling","Sturnus vulgaris",1.368
2022,"European Starling","Sturnus vulgaris",0.519
2023,"European Starling","Sturnus vulgaris",1.0802
2024,"European Starling","Sturnus vulgaris",0.5857
1977,"Carolina Wren","Thryothorus ludovicianus",0.9894
1978,"Carolina Wren","Thryothorus ludovicianus",1.3474
1979,"Carolina Wren","Thryothorus ludovicianus",1.1523
1980,"Carolina Wren","Thryothorus ludovicianus",0.6044
1981,"Carolina Wren","Thryothorus ludovicianus",0.4817
1982,"Carolina Wren","Thryothorus ludovicianus",1.9038
1983,"Carolina Wren","Thryothorus ludovicianus",1.4866
1984,"Carolina Wren","Thryothorus ludovicianus",1.6273
1985,"Carolina Wren","Thryothorus ludovicianus",1.0635
1986,"Carolina Wren","Thryothorus ludovicianus",1.1381
1987,"Carolina Wren","Thryothorus ludovicianus",0.6328
1988,"Carolina Wren","Thryothorus ludovicianus",1.5462
1989,"Carolina Wren","Thryothorus ludovicianus",1.6719
1990,"Carolina Wren","Thryothorus ludovicianus",1.6638
1991,"Carolina Wren","Thryothorus ludovicianus",1.7422
1992,"Carolina Wren","Thryothorus ludovicianus",1.504
1993,"Carolina Wren","Thryothorus ludovicianus",1.7592
1994,"Carolina Wren","Thryothorus ludovicianus",1.3309
1995,"Carolina Wren","Thryothorus ludovicianus",1.433
1996,"Carolina Wren","Thryothorus ludovicianus",1.3992
1997,"Carolina Wren","Thryothorus ludovicianus",1.9592
1998,"Carolina Wren","Thryothorus ludovicianus",1.8346
1999,"Carolina Wren","Thryothorus ludovicianus",2.3485
2000,"Carolina Wren","Thryothorus ludovicianus",0.9796
2001,"Carolina Wren","Thryothorus ludovicianus",1.1534
2002,"Carolina Wren","Thryothorus ludovicianus",1.6981
2003,"Carolina Wren","Thryothorus ludovicianus",1.2674
2004,"Carolina Wren","Thryothorus ludovicianus",2.9804
2005,"Carolina Wren","Thryothorus ludovicianus",2.5508
2006,"Carolina Wren","Thryothorus ludovicianus",2.194
2007,"Carolina Wren","Thryothorus ludovicianus",0.876
2008,"Carolina Wren","Thryothorus ludovicianus",1.7449
2009,"Carolina Wren","Thryothorus ludovicianus",1.208
2010,"Carolina Wren","Thryothorus ludovicianus",2.1402
2011,"Carolina Wren","Thryothorus ludovicianus",1.855
2012,"Carolina Wren","Thryothorus ludovicianus",1.4313
2013,"Carolina Wren","Thryothorus ludovicianus",2.7361
2014,"Carolina Wren","Thryothorus ludovicianus",2.6829
2015,"Carolina Wren","Thryothorus ludovicianus",1.9097
2016,"Carolina Wren","Thryothorus ludovicianus",0.9817
2017,"Carolina Wren","Thryothorus ludovicianus",1.2477
2018,"Carolina Wren","Thryothorus ludovicianus",1.9738
2019,"Carolina Wren","Thryothorus ludovicianus",1.5586
2020,"Carolina Wren","Thryothorus ludovicianus",2.426
2021,"Carolina Wren","Thryothorus ludovicianus",1.248
2022,"Carolina Wren","Thryothorus ludovicianus",2.3633
2023,"Carolina Wren","Thryothorus ludovicianus",2.346
2024,"Carolina Wren","Thryothorus ludovicianus",1.8189
1977,"Brown Thrasher","Toxostoma rufum",0.0426
1978,"Brown Thrasher","Toxostoma rufum",0.1579
1979,"Brown Thrasher","Toxostoma rufum",0.0701
1980,"Brown Thrasher","Toxostoma rufum",0.0989
1981,"Brown Thrasher","Toxostoma rufum",0.0838
1982,"Brown Thrasher","Toxostoma rufum",0.0673
1983,"Brown Thrasher","Toxostoma rufum",0.0535
1984,"Brown Thrasher","Toxostoma rufum",0.0621
1985,"Brown Thrasher","Toxostoma rufum",0.0635
1986,"Brown Thrasher","Toxostoma rufum",0.0084
1987,"Brown Thrasher","Toxostoma rufum",0
1988,"Brown Thrasher","Toxostoma rufum",0.0538
1989,"Brown Thrasher","Toxostoma rufum",0.0938
1990,"Brown Thrasher","Toxostoma rufum",0.0485
1991,"Brown Thrasher","Toxostoma rufum",0.0703
1992,"Brown Thrasher","Toxostoma rufum",0.0448
1993,"Brown Thrasher","Toxostoma rufum",0.0936
1994,"Brown Thrasher","Toxostoma rufum",0.0935
1995,"Brown Thrasher","Toxostoma rufum",0.1916
1996,"Brown Thrasher","Toxostoma rufum",0.0474
1997,"Brown Thrasher","Toxostoma rufum",0.0668
1998,"Brown Thrasher","Toxostoma rufum",0.0902
1999,"Brown Thrasher","Toxostoma rufum",0.0758
2000,"Brown Thrasher","Toxostoma rufum",0.0816
2001,"Brown Thrasher","Toxostoma rufum",0.1035
2002,"Brown Thrasher","Toxostoma rufum",0.1384
2003,"Brown Thrasher","Toxostoma rufum",0.0963
2004,"Brown Thrasher","Toxostoma rufum",0.164
2005,"Brown Thrasher","Toxostoma rufum",0.1479
2006,"Brown Thrasher","Toxostoma rufum",0.0669
2007,"Brown Thrasher","Toxostoma rufum",0.0633
2008,"Brown Thrasher","Toxostoma rufum",0.1109
2009,"Brown Thrasher","Toxostoma rufum",0.0796
2010,"Brown Thrasher","Toxostoma rufum",0.1033
2011,"Brown Thrasher","Toxostoma rufum",0.145
2012,"Brown Thrasher","Toxostoma rufum",0.0851
2013,"Brown Thrasher","Toxostoma rufum",0.2007
2014,"Brown Thrasher","Toxostoma rufum",0.1301
2015,"Brown Thrasher","Toxostoma rufum",0.0781
2016,"Brown Thrasher","Toxostoma rufum",0.0731
2017,"Brown Thrasher","Toxostoma rufum",0.2018
2018,"Brown Thrasher","Toxostoma rufum",0.1048
2019,"Brown Thrasher","Toxostoma rufum",0.0954
2020,"Brown Thrasher","Toxostoma rufum",0.0846
2021,"Brown Thrasher","Toxostoma rufum",0.184
2022,"Brown Thrasher","Toxostoma rufum",0.1836
2023,"Brown Thrasher","Toxostoma rufum",0.0844
2024,"Brown Thrasher","Toxostoma rufum",0.1156
1977,"American Robin","Turdus migratorius",12.1277
1978,"American Robin","Turdus migratorius",8.3158
1979,"American Robin","Turdus migratorius",28.1663
1980,"American Robin","Turdus migratorius",0.8242
1981,"American Robin","Turdus migratorius",31.822
1982,"American Robin","Turdus migratorius",2.0769
1983,"American Robin","Turdus migratorius",1.4866
1984,"American Robin","Turdus migratorius",2.7205
1985,"American Robin","Turdus migratorius",0.381
1986,"American Robin","Turdus migratorius",3.3891
1987,"American Robin","Turdus migratorius",0.3164
1988,"American Robin","Turdus migratorius",5.9692
1989,"American Robin","Turdus migratorius",4
1990,"American Robin","Turdus migratorius",0.4783
1991,"American Robin","Turdus migratorius",16.7891
1992,"American Robin","Turdus migratorius",14.432
1993,"American Robin","Turdus migratorius",8.7492
1994,"American Robin","Turdus migratorius",14.2662
1995,"American Robin","Turdus migratorius",7.931
1996,"American Robin","Turdus migratorius",1.8419
1997,"American Robin","Turdus migratorius",9.3581
1998,"American Robin","Turdus migratorius",20.4361
1999,"American Robin","Turdus migratorius",6.7348
2000,"American Robin","Turdus migratorius",23.5034
2001,"American Robin","Turdus migratorius",1.7893
2002,"American Robin","Turdus migratorius",7.9308
2003,"American Robin","Turdus migratorius",4.3155
2004,"American Robin","Turdus migratorius",3.1444
2005,"American Robin","Turdus migratorius",8.7616
2006,"American Robin","Turdus migratorius",2.9967
2007,"American Robin","Turdus migratorius",2.153
2008,"American Robin","Turdus migratorius",14.9575
2009,"American Robin","Turdus migratorius",3.2767
2010,"American Robin","Turdus migratorius",4.8708
2011,"American Robin","Turdus migratorius",1.6565
2012,"American Robin","Turdus migratorius",6.8549
2013,"American Robin","Turdus migratorius",13.5167
2014,"American Robin","Turdus migratorius",15.4553
2015,"American Robin","Turdus migratorius",5.4948
2016,"American Robin","Turdus migratorius",4.7206
2017,"American Robin","Turdus migratorius",8.9083
2018,"American Robin","Turdus migratorius",17.4061
2019,"American Robin","Turdus migratorius",1.5109
2020,"American Robin","Turdus migratorius",24.6439
2021,"American Robin","Turdus migratorius",1.736
2022,"American Robin","Turdus migratorius",12.7824
2023,"American Robin","Turdus migratorius",7.5105
2024,"American Robin","Turdus migratorius",4.1387
1977,"Mourning Dove","Zenaida macroura",4.9043
1978,"Mourning Dove","Zenaida macroura",2.4842
1979,"Mourning Dove","Zenaida macroura",2.2745
1980,"Mourning Dove","Zenaida macroura",2.3846
1981,"Mourning Dove","Zenaida macroura",2.7435
1982,"Mourning Dove","Zenaida macroura",2.9615
1983,"Mourning Dove","Zenaida macroura",1.4652
1984,"Mourning Dove","Zenaida macroura",1.9379
1985,"Mourning Dove","Zenaida macroura",1.5
1986,"Mourning Dove","Zenaida macroura",4.1004
1987,"Mourning Dove","Zenaida macroura",2.6102
1988,"Mourning Dove","Zenaida macroura",5.4308
1989,"Mourning Dove","Zenaida macroura",2.4609
1990,"Mourning Dove","Zenaida macroura",3.7158
1991,"Mourning Dove","Zenaida macroura",5.1563
1992,"Mourning Dove","Zenaida macroura",2.5024
1993,"Mourning Dove","Zenaida macroura",1.7592
1994,"Mourning Dove","Zenaida macroura",2.0647
1995,"Mourning Dove","Zenaida macroura",3.1418
1996,"Mourning Dove","Zenaida macroura",3.4783
1997,"Mourning Dove","Zenaida macroura",1.3803
1998,"Mourning Dove","Zenaida macroura",3.4586
1999,"Mourning Dove","Zenaida macroura",1.8258
2000,"Mourning Dove","Zenaida macroura",1.4354
2001,"Mourning Dove","Zenaida macroura",1.6192
2002,"Mourning Dove","Zenaida macroura",1
2003,"Mourning Dove","Zenaida macroura",0.8556
2004,"Mourning Dove","Zenaida macroura",1.5401
2005,"Mourning Dove","Zenaida macroura",1.2126
2006,"Mourning Dove","Zenaida macroura",2.0134
2007,"Mourning Dove","Zenaida macroura",1.6148
2008,"Mourning Dove","Zenaida macroura",2.6026
2009,"Mourning Dove","Zenaida macroura",0.5931
2010,"Mourning Dove","Zenaida macroura",2.1624
2011,"Mourning Dove","Zenaida macroura",1.5649
2012,"Mourning Dove","Zenaida macroura",0.735
2013,"Mourning Dove","Zenaida macroura",2.1784
2014,"Mourning Dove","Zenaida macroura",1.8699
2015,"Mourning Dove","Zenaida macroura",1.5451
2016,"Mourning Dove","Zenaida macroura",1.3159
2017,"Mourning Dove","Zenaida macroura",2.0642
2018,"Mourning Dove","Zenaida macroura",2.4716
2019,"Mourning Dove","Zenaida macroura",0.7793
2020,"Mourning Dove","Zenaida macroura",1.0146
2021,"Mourning Dove","Zenaida macroura",3.728
2022,"Mourning Dove","Zenaida macroura",2.3952
2023,"Mourning Dove","Zenaida macroura",1.6118
2024,"Mourning Dove","Zenaida macroura",1.4258
