"year","common_name","count"
1999,"American Crow",17
1999,"American Goldfinch",2
1999,"American Robin",2
1999,"Blue-gray Gnatcatcher",9
1999,"Brown-headed Cowbird",2
1999,"Canada Goose",28
1999,"Carolina Wren",12
1999,"Chipping Sparrow",7
1999,"Common Grackle",10
1999,"Downy Woodpecker",1
1999,"Eastern Bluebird",9
1999,"Eastern Meadowlark",14
1999,"Eastern Phoebe",2
1999,"Eastern Towhee",1
1999,"European Starling",17
1999,"Field Sparrow",2
1999,"Gray Catbird",1
1999,"House Finch",5
1999,"Killdeer",2
1999,"Mourning Dove",18
1999,"Northern Bobwhite",1
1999,"Northern Cardinal",5
1999,"Northern Mockingbird",7
1999,"Pine Warbler",1
1999,"Red-bellied Woodpecker",4
1999,"Red-winged Blackbird",1
1999,"Tufted Titmouse",8
1999,"Turkey Vulture",1
1999,"White-breasted Nuthatch",1
1999,"American Goldfinch",5
1999,"American Robin",6
1999,"Blue Jay",1
1999,"Blue-gray Gnatcatcher",8
1999,"Brown-headed Cowbird",1
1999,"Carolina Chickadee",5
1999,"Carolina Wren",2
1999,"Common Grackle",2
1999,"Common Yellowthroat",2
1999,"Downy Woodpecker",1
1999,"Eastern Bluebird",6
1999,"Eastern Meadowlark",2
1999,"Eastern Phoebe",5
1999,"European Starling",6
1999,"Field Sparrow",5
1999,"Mourning Dove",17
1999,"Northern Cardinal",16
1999,"Northern Mockingbird",5
1999,"Red-bellied Woodpecker",7
1999,"Red-winged Blackbird",3
1999,"Song Sparrow",1
1999,"Tufted Titmouse",14
1999,"American Crow",22
1999,"American Goldfinch",8
1999,"American Robin",9
1999,"Blue Jay",7
1999,"Blue-gray Gnatcatcher",3
1999,"Brown Thrasher",5
1999,"Brown-headed Nuthatch",1
1999,"Canada Goose",8
1999,"Carolina Chickadee",9
1999,"Carolina Wren",11
1999,"Chipping Sparrow",19
1999,"Common Grackle",23
1999,"Downy Woodpecker",1
1999,"Eastern Bluebird",17
1999,"Eastern Meadowlark",13
1999,"Eastern Towhee",5
1999,"European Starling",21
1999,"Field Sparrow",5
1999,"Gray Catbird",1
1999,"House Finch",3
1999,"House Sparrow",10
1999,"Mourning Dove",39
1999,"Northern Bobwhite",1
1999,"Northern Cardinal",13
1999,"Northern Mockingbird",16
1999,"Pine Warbler",11
1999,"Red-bellied Woodpecker",6
1999,"Tufted Titmouse",11
1999,"White-breasted Nuthatch",2
1999,"American Crow",29
1999,"American Goldfinch",2
1999,"American Robin",3
1999,"Blue Jay",6
1999,"Blue-gray Gnatcatcher",2
1999,"Brown Thrasher",1
1999,"Brown-headed Cowbird",6
1999,"Carolina Chickadee",11
1999,"Carolina Wren",20
1999,"Chipping Sparrow",4
1999,"Common Grackle",1
1999,"Eastern Bluebird",1
1999,"Eastern Phoebe",2
1999,"Eastern Towhee",4
1999,"European Starling",4
1999,"Field Sparrow",2
1999,"Fish Crow",1
1999,"House Finch",3
1999,"House Sparrow",1
1999,"Mourning Dove",7
1999,"Northern Bobwhite",1
1999,"Northern Cardinal",25
1999,"Pine Warbler",7
1999,"Red-bellied Woodpecker",5
1999,"Red-winged Blackbird",1
1999,"Tufted Titmouse",11
1999,"White-breasted Nuthatch",2
1999,"American Crow",34
1999,"American Goldfinch",8
1999,"American Robin",2
1999,"Blue Jay",1
1999,"Blue-gray Gnatcatcher",7
1999,"Brown Thrasher",3
1999,"Brown-headed Nuthatch",1
1999,"Canada Goose",2
1999,"Carolina Chickadee",10
1999,"Carolina Wren",27
1999,"Chipping Sparrow",12
1999,"Common Grackle",33
1999,"Common Yellowthroat",2
1999,"Downy Woodpecker",8
1999,"Eastern Bluebird",6
1999,"Eastern Meadowlark",20
1999,"Eastern Phoebe",4
1999,"Eastern Towhee",3
1999,"European Starling",15
1999,"Field Sparrow",3
1999,"Great Blue Heron",1
1999,"House Finch",12
1999,"House Sparrow",6
1999,"Killdeer",1
1999,"Mourning Dove",40
1999,"Northern Bobwhite",1
1999,"Northern Cardinal",24
1999,"Northern Mockingbird",10
1999,"Pileated Woodpecker",1
1999,"Pine Warbler",15
1999,"Red-bellied Woodpecker",9
1999,"Red-winged Blackbird",8
1999,"Tufted Titmouse",8
1999,"White-breasted Nuthatch",3
1999,"American Crow",24
1999,"American Goldfinch",4
1999,"Blue Jay",2
1999,"Blue-gray Gnatcatcher",11
1999,"Brown Thrasher",2
1999,"Carolina Chickadee",10
1999,"Carolina Wren",13
1999,"Chipping Sparrow",5
1999,"Common Grackle",54
1999,"Eastern Bluebird",6
1999,"Eastern Phoebe",1
1999,"Eastern Towhee",7
1999,"European Starling",4
1999,"Fish Crow",2
1999,"Gray Catbird",4
1999,"House Finch",4
1999,"Mourning Dove",8
1999,"Northern Cardinal",30
1999,"Northern Mockingbird",4
1999,"Pine Warbler",10
1999,"Red-bellied Woodpecker",3
1999,"Red-winged Blackbird",1
1999,"Tufted Titmouse",8
1999,"Turkey Vulture",1
1999,"American Crow",19
1999,"American Goldfinch",1
1999,"American Robin",13
1999,"Blue Jay",1
1999,"Blue-gray Gnatcatcher",4
1999,"Brown-headed Cowbird",4
1999,"Canada Goose",2
1999,"Carolina Chickadee",11
1999,"Carolina Wren",19
1999,"Chipping Sparrow",15
1999,"Common Grackle",4
1999,"Common Yellowthroat",6
1999,"Eastern Bluebird",14
1999,"Eastern Meadowlark",8
1999,"Eastern Phoebe",2
1999,"Eastern Towhee",5
1999,"Field Sparrow",5
1999,"Gray Catbird",1
1999,"House Finch",9
1999,"House Sparrow",3
1999,"Killdeer",8
1999,"Mourning Dove",11
1999,"Northern Bobwhite",1
1999,"Northern Cardinal",19
1999,"Northern Mockingbird",16
1999,"Pine Warbler",3
1999,"Red-bellied Woodpecker",2
1999,"Red-winged Blackbird",6
1999,"Tufted Titmouse",19
1999,"American Crow",23
1999,"American Goldfinch",7
1999,"American Robin",3
1999,"Blue Jay",1
1999,"Blue-gray Gnatcatcher",5
1999,"Brown Thrasher",1
1999,"Canada Goose",4
1999,"Carolina Chickadee",1
1999,"Carolina Wren",18
1999,"Chipping Sparrow",11
1999,"Common Grackle",8
1999,"Downy Woodpecker",1
1999,"Eastern Bluebird",5
1999,"Eastern Meadowlark",6
1999,"Eastern Phoebe",3
1999,"Eastern Towhee",6
1999,"European Starling",5
1999,"Field Sparrow",7
1999,"Fish Crow",2
1999,"House Sparrow",4
1999,"Killdeer",1
1999,"Mourning Dove",28
1999,"Northern Bobwhite",2
1999,"Northern Cardinal",22
1999,"Northern Mockingbird",5
1999,"Red-bellied Woodpecker",4
1999,"Red-shouldered Hawk",1
1999,"Red-winged Blackbird",1
1999,"Tufted Titmouse",17
1999,"White-breasted Nuthatch",2
1999,"American Crow",17
1999,"American Goldfinch",12
1999,"American Robin",6
1999,"Blue Jay",7
1999,"Blue-gray Gnatcatcher",5
1999,"Brown-headed Cowbird",4
1999,"Brown-headed Nuthatch",1
1999,"Canada Goose",2
1999,"Carolina Chickadee",20
1999,"Carolina Wren",3
1999,"Chipping Sparrow",12
1999,"Common Grackle",14
1999,"Common Yellowthroat",7
1999,"Downy Woodpecker",3
1999,"Eastern Bluebird",3
1999,"Eastern Meadowlark",1
1999,"Eastern Towhee",2
1999,"European Starling",1
1999,"Field Sparrow",2
1999,"House Finch",2
1999,"Killdeer",1
1999,"Mourning Dove",12
1999,"Northern Cardinal",31
1999,"Northern Mockingbird",5
1999,"Pine Warbler",5
1999,"Red-bellied Woodpecker",11
1999,"Red-shouldered Hawk",2
1999,"Red-winged Blackbird",5
1999,"Tufted Titmouse",9
1999,"Turkey Vulture",1
1999,"White-breasted Nuthatch",3
1999,"American Crow",22
1999,"American Goldfinch",3
1999,"American Robin",4
1999,"Blue Jay",12
1999,"Blue-gray Gnatcatcher",9
1999,"Brown Thrasher",2
1999,"Brown-headed Cowbird",2
1999,"Brown-headed Nuthatch",1
1999,"Canada Goose",19
1999,"Carolina Chickadee",6
1999,"Carolina Wren",25
1999,"Chipping Sparrow",10
1999,"Common Grackle",15
1999,"Common Yellowthroat",3
1999,"Downy Woodpecker",4
1999,"Eastern Bluebird",10
1999,"Eastern Meadowlark",4
1999,"Eastern Towhee",1
1999,"European Starling",26
1999,"Field Sparrow",3
1999,"Gray Catbird",1
1999,"Great Blue Heron",1
1999,"House Finch",4
1999,"House Sparrow",2
1999,"Killdeer",2
1999,"Mourning Dove",27
1999,"Northern Cardinal",23
1999,"Northern Mockingbird",7
1999,"Pine Warbler",16
1999,"Red-bellied Woodpecker",9
1999,"Red-shouldered Hawk",2
1999,"Red-winged Blackbird",5
1999,"Tufted Titmouse",16
1999,"American Crow",38
1999,"American Goldfinch",13
1999,"American Robin",3
1999,"Blue Jay",6
1999,"Brown Thrasher",1
1999,"Canada Goose",8
1999,"Carolina Chickadee",19
1999,"Carolina Wren",18
1999,"Chipping Sparrow",2
1999,"Common Grackle",40
1999,"Downy Woodpecker",1
1999,"Eastern Bluebird",11
1999,"Eastern Meadowlark",6
1999,"Eastern Phoebe",13
1999,"Eastern Towhee",8
1999,"European Starling",21
1999,"Field Sparrow",2
1999,"Gray Catbird",2
1999,"House Finch",1
1999,"Mourning Dove",16
1999,"Northern Cardinal",43
1999,"Northern Mockingbird",9
1999,"Pine Warbler",10
1999,"Red-bellied Woodpecker",6
1999,"Red-shouldered Hawk",2
1999,"Red-winged Blackbird",4
1999,"Tufted Titmouse",25
1999,"White-breasted Nuthatch",2
1999,"American Crow",17
1999,"American Goldfinch",6
1999,"American Robin",22
1999,"Blue Jay",1
1999,"Blue-gray Gnatcatcher",5
1999,"Brown Thrasher",1
1999,"Brown-headed Cowbird",1
1999,"Brown-headed Nuthatch",3
1999,"Canada Goose",4
1999,"Carolina Chickadee",7
1999,"Carolina Wren",18
1999,"Chipping Sparrow",6
1999,"Common Grackle",18
1999,"Common Yellowthroat",1
1999,"Downy Woodpecker",1
1999,"Eastern Bluebird",1
1999,"Eastern Meadowlark",1
1999,"Eastern Towhee",13
1999,"European Starling",36
1999,"Field Sparrow",1
1999,"Fish Crow",2
1999,"Gray Catbird",8
1999,"House Finch",5
1999,"Mourning Dove",7
1999,"Northern Cardinal",48
1999,"Northern Mockingbird",8
1999,"Pine Warbler",16
1999,"Red-bellied Woodpecker",7
1999,"Red-winged Blackbird",5
1999,"Tufted Titmouse",13
2000,"American Crow",27
2000,"American Goldfinch",2
2000,"Blue Jay",1
2000,"Blue-gray Gnatcatcher",6
2000,"Brown Thrasher",4
2000,"Brown-headed Cowbird",1
2000,"Carolina Chickadee",8
2000,"Carolina Wren",3
2000,"Eastern Bluebird",9
2000,"Eastern Towhee",4
2000,"European Starling",5
2000,"House Finch",1
2000,"Killdeer",3
2000,"Mourning Dove",10
2000,"Northern Cardinal",32
2000,"Northern Mockingbird",3
2000,"Pileated Woodpecker",2
2000,"Pine Warbler",14
2000,"Red-bellied Woodpecker",6
2000,"Tufted Titmouse",13
2000,"American Crow",16
2000,"American Goldfinch",7
2000,"American Robin",13
2000,"Blue Jay",3
2000,"Blue-gray Gnatcatcher",18
2000,"Brown Thrasher",2
2000,"Brown-headed Cowbird",6
2000,"Carolina Chickadee",13
2000,"Carolina Wren",10
2000,"Chipping Sparrow",12
2000,"Common Grackle",4
2000,"Common Yellowthroat",1
2000,"Downy Woodpecker",3
2000,"Eastern Bluebird",1
2000,"Eastern Towhee",3
2000,"European Starling",10
2000,"Great Blue Heron",1
2000,"Mourning Dove",24
2000,"Northern Cardinal",26
2000,"Northern Mockingbird",1
2000,"Pine Warbler",17
2000,"Red-bellied Woodpecker",6
2000,"Tufted Titmouse",18
2000,"American Crow",16
2000,"American Goldfinch",2
2000,"American Robin",8
2000,"Blue Jay",3
2000,"Blue-gray Gnatcatcher",5
2000,"Brown Thrasher",3
2000,"Brown-headed Cowbird",2
2000,"Brown-headed Nuthatch",2
2000,"Carolina Chickadee",10
2000,"Carolina Wren",20
2000,"Chipping Sparrow",6
2000,"Common Grackle",19
2000,"Common Yellowthroat",2
2000,"Downy Woodpecker",1
2000,"Eastern Bluebird",7
2000,"Eastern Meadowlark",4
2000,"Eastern Phoebe",1
2000,"Eastern Towhee",2
2000,"European Starling",2
2000,"Gray Catbird",1
2000,"Killdeer",2
2000,"Mourning Dove",4
2000,"Northern Bobwhite",3
2000,"Northern Cardinal",14
2000,"Northern Mockingbird",4
2000,"Pine Warbler",13
2000,"Red-bellied Woodpecker",3
2000,"Tufted Titmouse",25
2000,"White-breasted Nuthatch",1
2000,"American Crow",30
2000,"American Goldfinch",5
2000,"Blue Jay",5
2000,"Blue-gray Gnatcatcher",7
2000,"Brown Thrasher",1
2000,"Brown-headed Nuthatch",2
2000,"Carolina Chickadee",6
2000,"Carolina Wren",20
2000,"Chipping Sparrow",14
2000,"Common Grackle",6
2000,"Common Yellowthroat",2
2000,"Downy Woodpecker",7
2000,"Eastern Bluebird",9
2000,"Eastern Meadowlark",4
2000,"Eastern Phoebe",2
2000,"Eastern Towhee",6
2000,"Field Sparrow",1
2000,"House Sparrow",6
2000,"Mourning Dove",15
2000,"Northern Bobwhite",4
2000,"Northern Cardinal",18
2000,"Northern Mockingbird",4
2000,"Pine Warbler",8
2000,"Red-bellied Woodpecker",3
2000,"Red-winged Blackbird",1
2000,"Tufted Titmouse",17
2000,"White-breasted Nuthatch",3
2000,"American Crow",27
2000,"American Goldfinch",1
2000,"American Robin",4
2000,"Blue Jay",1
2000,"Blue-gray Gnatcatcher",6
2000,"Brown Thrasher",4
2000,"Brown-headed Cowbird",4
2000,"Carolina Chickadee",4
2000,"Carolina Wren",8
2000,"Chipping Sparrow",10
2000,"Common Grackle",2
2000,"Common Yellowthroat",3
2000,"Downy Woodpecker",7
2000,"Eastern Bluebird",15
2000,"Eastern Meadowlark",6
2000,"Eastern Towhee",3
2000,"European Starling",16
2000,"Field Sparrow",2
2000,"House Finch",7
2000,"Mourning Dove",8
2000,"Northern Cardinal",21
2000,"Northern Mockingbird",5
2000,"Pine Warbler",2
2000,"Red-bellied Woodpecker",3
2000,"Red-winged Blackbird",1
2000,"Tufted Titmouse",10
2000,"Turkey Vulture",1
2000,"White-breasted Nuthatch",1
2000,"American Crow",53
2000,"American Goldfinch",3
2000,"American Robin",8
2000,"Blue Jay",1
2000,"Blue-gray Gnatcatcher",2
2000,"Brown Thrasher",3
2000,"Brown-headed Cowbird",2
2000,"Brown-headed Nuthatch",2
2000,"Carolina Chickadee",3
2000,"Carolina Wren",5
2000,"Chipping Sparrow",12
2000,"Common Grackle",30
2000,"Downy Woodpecker",4
2000,"Eastern Bluebird",8
2000,"Eastern Meadowlark",6
2000,"Eastern Towhee",3
2000,"European Starling",11
2000,"Killdeer",2
2000,"Mourning Dove",21
2000,"Northern Cardinal",32
2000,"Northern Mockingbird",16
2000,"Pine Warbler",3
2000,"Red-bellied Woodpecker",6
2000,"Red-winged Blackbird",7
2000,"Tufted Titmouse",13
2000,"White-breasted Nuthatch",2
2000,"American Crow",33
2000,"American Goldfinch",5
2000,"Blue Jay",6
2000,"Blue-gray Gnatcatcher",15
2000,"Brown Thrasher",3
2000,"Brown-headed Cowbird",1
2000,"Carolina Chickadee",10
2000,"Carolina Wren",13
2000,"Chipping Sparrow",4
2000,"Common Grackle",1
2000,"Common Yellowthroat",6
2000,"Downy Woodpecker",6
2000,"Eastern Bluebird",5
2000,"Eastern Meadowlark",4
2000,"Eastern Towhee",7
2000,"European Starling",2
2000,"Field Sparrow",1
2000,"Gray Catbird",1
2000,"Mourning Dove",31
2000,"Northern Bobwhite",2
2000,"Northern Cardinal",21
2000,"Northern Mockingbird",1
2000,"Pileated Woodpecker",1
2000,"Pine Warbler",10
2000,"Red-bellied Woodpecker",11
2000,"Red-shouldered Hawk",1
2000,"Tufted Titmouse",9
2000,"White-breasted Nuthatch",1
2000,"American Crow",33
2000,"American Goldfinch",10
2000,"American Robin",2
2000,"Blue Jay",6
2000,"Blue-gray Gnatcatcher",8
2000,"Brown-headed Cowbird",1
2000,"Carolina Chickadee",7
2000,"Carolina Wren",4
2000,"Chipping Sparrow",9
2000,"Common Grackle",7
2000,"Common Yellowthroat",1
2000,"Downy Woodpecker",3
2000,"Eastern Bluebird",13
2000,"Eastern Meadowlark",9
2000,"Eastern Phoebe",4
2000,"Eastern Towhee",6
2000,"Fish Crow",1
2000,"Killdeer",1
2000,"Mourning Dove",22
2000,"Northern Bobwhite",1
2000,"Northern Cardinal",32
2000,"Northern Mockingbird",7
2000,"Pine Warbler",2
2000,"Red-bellied Woodpecker",6
2000,"Tufted Titmouse",12
2000,"American Crow",21
2000,"American Goldfinch",2
2000,"American Robin",2
2000,"Blue Jay",11
2000,"Blue-gray Gnatcatcher",8
2000,"Brown Thrasher",3
2000,"Brown-headed Cowbird",3
2000,"Carolina Chickadee",12
2000,"Carolina Wren",14
2000,"Chipping Sparrow",8
2000,"Common Grackle",1
2000,"Downy Woodpecker",4
2000,"Eastern Bluebird",6
2000,"Eastern Towhee",3
2000,"Fish Crow",2
2000,"Great Blue Heron",1
2000,"House Finch",7
2000,"Killdeer",3
2000,"Mourning Dove",13
2000,"Northern Cardinal",30
2000,"Northern Mockingbird",1
2000,"Pine Warbler",11
2000,"Red-bellied Woodpecker",9
2000,"Red-winged Blackbird",2
2000,"Tufted Titmouse",7
2000,"White-breasted Nuthatch",4
2000,"American Crow",12
2000,"American Goldfinch",8
2000,"American Robin",6
2000,"Blue Jay",2
2000,"Blue-gray Gnatcatcher",21
2000,"Brown Thrasher",2
2000,"Brown-headed Cowbird",2
2000,"Brown-headed Nuthatch",2
2000,"Carolina Chickadee",8
2000,"Carolina Wren",4
2000,"Chipping Sparrow",7
2000,"Common Grackle",24
2000,"Downy Woodpecker",3
2000,"Eastern Bluebird",9
2000,"Eastern Phoebe",1
2000,"Eastern Towhee",4
2000,"European Starling",47
2000,"Gray Catbird",2
2000,"Killdeer",3
2000,"Mourning Dove",11
2000,"Northern Bobwhite",2
2000,"Northern Cardinal",19
2000,"Northern Mockingbird",10
2000,"Pine Warbler",1
2000,"Tufted Titmouse",6
2000,"American Crow",33
2000,"American Robin",1
2000,"Blue-gray Gnatcatcher",14
2000,"Carolina Wren",4
2000,"Common Grackle",1
2000,"Common Yellowthroat",3
2000,"Eastern Bluebird",5
2000,"Eastern Phoebe",1
2000,"Eastern Towhee",1
2000,"Field Sparrow",1
2000,"House Finch",2
2000,"Mourning Dove",18
2000,"Northern Bobwhite",3
2000,"Northern Cardinal",16
2000,"Northern Mockingbird",2
2000,"Pine Warbler",7
2000,"Red-bellied Woodpecker",3
2000,"Tufted Titmouse",15
2000,"American Crow",32
2000,"American Goldfinch",5
2000,"American Robin",5
2000,"Blue Jay",4
2000,"Blue-gray Gnatcatcher",2
2000,"Brown Thrasher",3
2000,"Brown-headed Cowbird",5
2000,"Carolina Chickadee",1
2000,"Carolina Wren",11
2000,"Chipping Sparrow",11
2000,"Common Yellowthroat",1
2000,"Downy Woodpecker",3
2000,"Eastern Bluebird",12
2000,"Eastern Meadowlark",6
2000,"Eastern Phoebe",1
2000,"Eastern Towhee",4
2000,"European Starling",59
2000,"Mourning Dove",14
2000,"Northern Bobwhite",1
2000,"Northern Cardinal",16
2000,"Northern Mockingbird",18
2000,"Pine Warbler",4
2000,"Red-bellied Woodpecker",7
2000,"Red-winged Blackbird",3
2000,"Song Sparrow",1
2000,"Tufted Titmouse",4
2000,"White-breasted Nuthatch",3
2000,"American Crow",29
2000,"American Goldfinch",4
2000,"American Robin",11
2000,"Blue Jay",8
2000,"Blue-gray Gnatcatcher",2
2000,"Carolina Chickadee",6
2000,"Carolina Wren",5
2000,"Chipping Sparrow",4
2000,"Downy Woodpecker",3
2000,"Eastern Bluebird",6
2000,"Eastern Meadowlark",5
2000,"Eastern Phoebe",1
2000,"Eastern Towhee",10
2000,"European Starling",23
2000,"Field Sparrow",1
2000,"Great Blue Heron",2
2000,"House Sparrow",12
2000,"Mourning Dove",31
2000,"Northern Cardinal",39
2000,"Northern Mockingbird",19
2000,"Pine Warbler",4
2000,"Red-bellied Woodpecker",4
2000,"Song Sparrow",8
2000,"Tufted Titmouse",5
2000,"White-breasted Nuthatch",1
2000,"American Crow",27
2000,"American Goldfinch",10
2000,"American Robin",4
2000,"Blue-gray Gnatcatcher",13
2000,"Brown Thrasher",1
2000,"Brown-headed Cowbird",3
2000,"Brown-headed Nuthatch",1
2000,"Canada Goose",2
2000,"Carolina Chickadee",8
2000,"Carolina Wren",6
2000,"Chipping Sparrow",5
2000,"Common Grackle",14
2000,"Downy Woodpecker",1
2000,"Eastern Bluebird",6
2000,"Eastern Phoebe",3
2000,"Eastern Towhee",10
2000,"European Starling",2
2000,"House Finch",5
2000,"Mourning Dove",23
2000,"Northern Cardinal",9
2000,"Northern Mockingbird",4
2000,"Pine Warbler",9
2000,"Red-bellied Woodpecker",3
2000,"Tufted Titmouse",12
2000,"American Crow",33
2000,"American Goldfinch",6
2000,"American Robin",2
2000,"Blue Jay",5
2000,"Brown Thrasher",4
2000,"Canada Goose",23
2000,"Carolina Wren",4
2000,"Chipping Sparrow",10
2000,"Common Grackle",12
2000,"Common Yellowthroat",2
2000,"Eastern Bluebird",4
2000,"Eastern Meadowlark",3
2000,"Eastern Towhee",2
2000,"European Starling",8
2000,"Field Sparrow",1
2000,"Great Blue Heron",2
2000,"House Sparrow",1
2000,"Killdeer",6
2000,"Mourning Dove",17
2000,"Northern Bobwhite",1
2000,"Northern Cardinal",10
2000,"Northern Mockingbird",6
2000,"Pine Warbler",2
2000,"Red-bellied Woodpecker",2
2000,"Red-winged Blackbird",3
2000,"Tufted Titmouse",8
2000,"American Crow",21
2000,"American Goldfinch",8
2000,"Blue Jay",1
2000,"Blue-gray Gnatcatcher",1
2000,"Brown Thrasher",1
2000,"Brown-headed Cowbird",2
2000,"Carolina Chickadee",3
2000,"Carolina Wren",5
2000,"Chipping Sparrow",4
2000,"Common Grackle",9
2000,"Eastern Bluebird",6
2000,"Eastern Meadowlark",1
2000,"Eastern Towhee",1
2000,"European Starling",3
2000,"Field Sparrow",3
2000,"Great Blue Heron",1
2000,"Mourning Dove",19
2000,"Northern Bobwhite",2
2000,"Northern Cardinal",7
2000,"Northern Mockingbird",3
2000,"Pine Warbler",1
2000,"Red-bellied Woodpecker",7
2000,"Red-winged Blackbird",2
2000,"Tufted Titmouse",18
2000,"American Crow",23
2000,"American Goldfinch",5
2000,"American Robin",8
2000,"Blue Jay",4
2000,"Blue-gray Gnatcatcher",5
2000,"Brown-headed Cowbird",4
2000,"Canada Goose",9
2000,"Carolina Chickadee",9
2000,"Carolina Wren",9
2000,"Chipping Sparrow",7
2000,"Common Grackle",18
2000,"Common Yellowthroat",1
2000,"Eastern Bluebird",21
2000,"Eastern Meadowlark",11
2000,"Eastern Towhee",3
2000,"European Starling",12
2000,"Field Sparrow",1
2000,"House Finch",8
2000,"House Sparrow",7
2000,"Killdeer",1
2000,"Mourning Dove",12
2000,"Northern Bobwhite",2
2000,"Northern Cardinal",15
2000,"Northern Mockingbird",13
2000,"Pine Warbler",10
2000,"Red-bellied Woodpecker",7
2000,"Red-winged Blackbird",1
2000,"Tufted Titmouse",13
2000,"Turkey Vulture",2
2000,"White-breasted Nuthatch",1
2000,"American Crow",36
2000,"American Goldfinch",3
2000,"American Robin",4
2000,"Blue-gray Gnatcatcher",5
2000,"Brown Thrasher",2
2000,"Brown-headed Cowbird",3
2000,"Carolina Chickadee",4
2000,"Carolina Wren",16
2000,"Chipping Sparrow",1
2000,"Common Grackle",5
2000,"Common Yellowthroat",3
2000,"Downy Woodpecker",4
2000,"Eastern Bluebird",1
2000,"Eastern Phoebe",1
2000,"Eastern Towhee",4
2000,"European Starling",8
2000,"Field Sparrow",1
2000,"Gray Catbird",3
2000,"Mourning Dove",7
2000,"Northern Bobwhite",1
2000,"Northern Cardinal",29
2000,"Northern Mockingbird",2
2000,"Pine Warbler",5
2000,"Red-bellied Woodpecker",4
2000,"Red-shouldered Hawk",1
2000,"Tufted Titmouse",7
2000,"White-breasted Nuthatch",1
2000,"American Crow",28
2000,"American Goldfinch",12
2000,"American Robin",3
2000,"Blue-gray Gnatcatcher",5
2000,"Brown Thrasher",3
2000,"Brown-headed Cowbird",3
2000,"Canada Goose",111
2000,"Carolina Chickadee",3
2000,"Carolina Wren",12
2000,"Chipping Sparrow",14
2000,"Common Grackle",7
2000,"Common Yellowthroat",4
2000,"Downy Woodpecker",1
2000,"Eastern Bluebird",7
2000,"Eastern Meadowlark",6
2000,"Eastern Phoebe",2
2000,"Eastern Towhee",6
2000,"European Starling",8
2000,"Field Sparrow",2
2000,"House Sparrow",3
2000,"Killdeer",1
2000,"Mourning Dove",26
2000,"Northern Bobwhite",2
2000,"Northern Cardinal",21
2000,"Northern Mockingbird",3
2000,"Pine Warbler",5
2000,"Red-bellied Woodpecker",2
2000,"Red-winged Blackbird",4
2000,"Tufted Titmouse",13
2000,"American Crow",29
2000,"American Goldfinch",13
2000,"American Robin",3
2000,"Blue Jay",3
2000,"Blue-gray Gnatcatcher",7
2000,"Brown Thrasher",3
2000,"Brown-headed Cowbird",2
2000,"Carolina Chickadee",4
2000,"Carolina Wren",3
2000,"Chipping Sparrow",15
2000,"Common Grackle",8
2000,"Eastern Bluebird",11
2000,"Eastern Meadowlark",1
2000,"Eastern Towhee",6
2000,"European Starling",3
2000,"Gray Catbird",3
2000,"House Finch",4
2000,"Killdeer",1
2000,"Mourning Dove",11
2000,"Northern Cardinal",38
2000,"Northern Mockingbird",4
2000,"Pine Warbler",8
2000,"Red-bellied Woodpecker",2
2000,"Tufted Titmouse",11
2000,"Turkey Vulture",9
2000,"White-breasted Nuthatch",1
2000,"American Crow",25
2000,"American Robin",9
2000,"Blue Jay",4
2000,"Blue-gray Gnatcatcher",1
2000,"Brown Thrasher",3
2000,"Brown-headed Nuthatch",2
2000,"Carolina Chickadee",6
2000,"Carolina Wren",10
2000,"Chipping Sparrow",19
2000,"Common Grackle",12
2000,"Common Yellowthroat",4
2000,"Eastern Bluebird",10
2000,"Eastern Meadowlark",5
2000,"Eastern Towhee",4
2000,"European Starling",7
2000,"Field Sparrow",1
2000,"House Finch",4
2000,"House Sparrow",2
2000,"Killdeer",5
2000,"Mourning Dove",12
2000,"Northern Cardinal",17
2000,"Northern Mockingbird",14
2000,"Pine Warbler",5
2000,"Red-bellied Woodpecker",4
2000,"Red-winged Blackbird",8
2000,"Tufted Titmouse",18
2000,"American Crow",13
2000,"American Robin",10
2000,"Blue Jay",3
2000,"Blue-gray Gnatcatcher",1
2000,"Brown-headed Cowbird",1
2000,"Carolina Chickadee",4
2000,"Carolina Wren",7
2000,"Chipping Sparrow",7
2000,"Common Grackle",6
2000,"Eastern Bluebird",6
2000,"Eastern Meadowlark",1
2000,"Eastern Towhee",2
2000,"European Starling",4
2000,"Field Sparrow",3
2000,"House Finch",2
2000,"Mourning Dove",12
2000,"Northern Cardinal",12
2000,"Northern Mockingbird",2
2000,"Pine Warbler",2
2000,"Red-bellied Woodpecker",5
2000,"Tufted Titmouse",14
2000,"White-breasted Nuthatch",1
2000,"American Crow",18
2000,"American Goldfinch",6
2000,"Blue-gray Gnatcatcher",2
2000,"Brown-headed Nuthatch",2
2000,"Carolina Chickadee",12
2000,"Carolina Wren",10
2000,"Common Grackle",7
2000,"Common Yellowthroat",1
2000,"Downy Woodpecker",1
2000,"Eastern Bluebird",2
2000,"Eastern Meadowlark",2
2000,"Eastern Phoebe",1
2000,"Eastern Towhee",4
2000,"Fish Crow",4
2000,"Great Blue Heron",1
2000,"House Sparrow",1
2000,"Mourning Dove",6
2000,"Northern Cardinal",10
2000,"Northern Mockingbird",4
2000,"Pileated Woodpecker",3
2000,"Pine Warbler",12
2000,"Red-bellied Woodpecker",2
2000,"Tufted Titmouse",7
2000,"White-breasted Nuthatch",3
2000,"American Crow",26
2000,"American Goldfinch",2
2000,"American Robin",4
2000,"Blue Jay",5
2000,"Blue-gray Gnatcatcher",8
2000,"Brown Thrasher",3
2000,"Brown-headed Cowbird",2
2000,"Brown-headed Nuthatch",2
2000,"Carolina Chickadee",10
2000,"Carolina Wren",19
2000,"Chipping Sparrow",12
2000,"Common Grackle",15
2000,"Common Yellowthroat",2
2000,"Downy Woodpecker",4
2000,"Eastern Bluebird",10
2000,"Eastern Meadowlark",2
2000,"Eastern Phoebe",1
2000,"Eastern Towhee",7
2000,"European Starling",7
2000,"Field Sparrow",2
2000,"Fish Crow",2
2000,"House Finch",4
2000,"Killdeer",2
2000,"Mourning Dove",21
2000,"Northern Cardinal",22
2000,"Northern Mockingbird",10
2000,"Pine Warbler",11
2000,"Red-bellied Woodpecker",6
2000,"Red-shouldered Hawk",1
2000,"Red-winged Blackbird",2
2000,"Tufted Titmouse",20
2000,"White-breasted Nuthatch",3
2000,"American Crow",42
2000,"American Goldfinch",14
2000,"American Robin",4
2000,"Blue Jay",8
2000,"Brown-headed Nuthatch",2
2000,"Carolina Chickadee",14
2000,"Carolina Wren",9
2000,"Chipping Sparrow",1
2000,"Common Grackle",1
2000,"Downy Woodpecker",1
2000,"Eastern Bluebird",14
2000,"Eastern Meadowlark",1
2000,"Eastern Phoebe",2
2000,"Eastern Towhee",4
2000,"European Starling",1
2000,"Mourning Dove",26
2000,"Northern Cardinal",47
2000,"Northern Mockingbird",11
2000,"Pine Warbler",11
2000,"Red-bellied Woodpecker",8
2000,"Red-shouldered Hawk",2
2000,"Red-winged Blackbird",3
2000,"Tufted Titmouse",8
2000,"White-breasted Nuthatch",7
2000,"American Crow",10
2000,"American Robin",21
2000,"Blue Jay",2
2000,"Blue-gray Gnatcatcher",2
2000,"Brown Thrasher",4
2000,"Brown-headed Cowbird",6
2000,"Carolina Chickadee",3
2000,"Carolina Wren",29
2000,"Chipping Sparrow",4
2000,"Common Grackle",11
2000,"Common Yellowthroat",1
2000,"Eastern Bluebird",11
2000,"Eastern Meadowlark",1
2000,"Eastern Towhee",9
2000,"European Starling",10
2000,"Fish Crow",4
2000,"Gray Catbird",5
2000,"House Finch",6
2000,"Mourning Dove",14
2000,"Northern Cardinal",40
2000,"Northern Mockingbird",6
2000,"Pine Warbler",7
2000,"Red-bellied Woodpecker",6
2000,"Song Sparrow",1
2000,"Tufted Titmouse",18
2000,"White-breasted Nuthatch",3
2001,"American Crow",21
2001,"American Goldfinch",4
2001,"Blue Jay",11
2001,"Blue-gray Gnatcatcher",15
2001,"Brown Thrasher",2
2001,"Brown-headed Cowbird",4
2001,"Carolina Chickadee",15
2001,"Carolina Wren",12
2001,"Chipping Sparrow",6
2001,"Common Grackle",4
2001,"Downy Woodpecker",7
2001,"Eastern Bluebird",19
2001,"Eastern Meadowlark",2
2001,"Eastern Phoebe",1
2001,"Eastern Towhee",9
2001,"European Starling",1
2001,"Fish Crow",3
2001,"House Sparrow",1
2001,"Mourning Dove",18
2001,"Northern Cardinal",39
2001,"Northern Mockingbird",3
2001,"Pine Warbler",22
2001,"Red-bellied Woodpecker",9
2001,"Tufted Titmouse",15
2001,"Turkey Vulture",1
2001,"White-breasted Nuthatch",1
2001,"American Crow",49
2001,"American Goldfinch",15
2001,"American Robin",4
2001,"Blue Jay",4
2001,"Blue-gray Gnatcatcher",15
2001,"Brown Thrasher",3
2001,"Brown-headed Cowbird",12
2001,"Brown-headed Nuthatch",2
2001,"Carolina Chickadee",13
2001,"Carolina Wren",12
2001,"Chipping Sparrow",9
2001,"Common Grackle",7
2001,"Common Yellowthroat",1
2001,"Downy Woodpecker",5
2001,"Eastern Bluebird",4
2001,"Eastern Meadowlark",2
2001,"Eastern Towhee",11
2001,"European Starling",23
2001,"Field Sparrow",1
2001,"Great Blue Heron",1
2001,"Mourning Dove",17
2001,"Northern Cardinal",20
2001,"Northern Mockingbird",7
2001,"Pileated Woodpecker",1
2001,"Pine Warbler",13
2001,"Red-bellied Woodpecker",7
2001,"Tufted Titmouse",13
2001,"American Crow",12
2001,"American Goldfinch",1
2001,"American Robin",3
2001,"Blue Jay",2
2001,"Blue-gray Gnatcatcher",1
2001,"Brown Thrasher",1
2001,"Brown-headed Cowbird",1
2001,"Brown-headed Nuthatch",2
2001,"Carolina Chickadee",7
2001,"Carolina Wren",10
2001,"Chipping Sparrow",8
2001,"Common Grackle",15
2001,"Common Yellowthroat",2
2001,"Eastern Bluebird",8
2001,"Eastern Meadowlark",1
2001,"Eastern Phoebe",1
2001,"Eastern Towhee",3
2001,"European Starling",4
2001,"Field Sparrow",1
2001,"Gray Catbird",2
2001,"Killdeer",3
2001,"Mourning Dove",7
2001,"Northern Bobwhite",5
2001,"Northern Cardinal",11
2001,"Northern Mockingbird",5
2001,"Pine Warbler",16
2001,"Red-bellied Woodpecker",2
2001,"Red-shouldered Hawk",1
2001,"Tufted Titmouse",21
2001,"American Crow",33
2001,"American Goldfinch",2
2001,"American Robin",1
2001,"Blue Jay",5
2001,"Blue-gray Gnatcatcher",9
2001,"Brown-headed Cowbird",3
2001,"Carolina Chickadee",9
2001,"Carolina Wren",16
2001,"Chipping Sparrow",13
2001,"Common Yellowthroat",4
2001,"Downy Woodpecker",5
2001,"Eastern Bluebird",10
2001,"Eastern Towhee",3
2001,"European Starling",4
2001,"Field Sparrow",3
2001,"Fish Crow",1
2001,"Killdeer",3
2001,"Mourning Dove",11
2001,"Northern Bobwhite",10
2001,"Northern Cardinal",11
2001,"Northern Mockingbird",5
2001,"Pine Warbler",2
2001,"Red-bellied Woodpecker",4
2001,"Red-winged Blackbird",3
2001,"Tufted Titmouse",7
2001,"White-breasted Nuthatch",1
2001,"American Crow",31
2001,"American Goldfinch",1
2001,"American Robin",2
2001,"Blue Jay",6
2001,"Blue-gray Gnatcatcher",3
2001,"Brown-headed Cowbird",4
2001,"Carolina Chickadee",2
2001,"Carolina Wren",16
2001,"Chipping Sparrow",12
2001,"Common Yellowthroat",3
2001,"Downy Woodpecker",3
2001,"Eastern Bluebird",3
2001,"Eastern Meadowlark",11
2001,"Eastern Phoebe",3
2001,"Eastern Towhee",4
2001,"Field Sparrow",1
2001,"House Finch",1
2001,"Mourning Dove",15
2001,"Northern Bobwhite",3
2001,"Northern Cardinal",23
2001,"Northern Mockingbird",8
2001,"Pine Warbler",1
2001,"Red-bellied Woodpecker",7
2001,"Red-winged Blackbird",8
2001,"Tufted Titmouse",17
2001,"White-breasted Nuthatch",1
2001,"American Crow",36
2001,"American Goldfinch",9
2001,"American Robin",2
2001,"Blue Jay",9
2001,"Brown Thrasher",2
2001,"Brown-headed Cowbird",1
2001,"Canada Goose",21
2001,"Carolina Chickadee",9
2001,"Carolina Wren",12
2001,"Chipping Sparrow",15
2001,"Common Grackle",30
2001,"Common Yellowthroat",1
2001,"Downy Woodpecker",5
2001,"Eastern Bluebird",20
2001,"Eastern Meadowlark",21
2001,"Eastern Phoebe",1
2001,"Eastern Towhee",2
2001,"European Starling",25
2001,"House Finch",1
2001,"House Sparrow",10
2001,"Killdeer",1
2001,"Mourning Dove",16
2001,"Northern Cardinal",15
2001,"Northern Mockingbird",24
2001,"Red-bellied Woodpecker",6
2001,"Red-winged Blackbird",7
2001,"Tufted Titmouse",8
2001,"Turkey Vulture",13
2001,"American Crow",22
2001,"American Goldfinch",1
2001,"Blue Jay",4
2001,"Blue-gray Gnatcatcher",10
2001,"Brown Thrasher",1
2001,"Brown-headed Cowbird",10
2001,"Canada Goose",1
2001,"Carolina Chickadee",3
2001,"Carolina Wren",16
2001,"Chipping Sparrow",6
2001,"Common Grackle",15
2001,"Common Yellowthroat",2
2001,"Downy Woodpecker",3
2001,"Eastern Bluebird",3
2001,"Eastern Meadowlark",2
2001,"Eastern Phoebe",2
2001,"Eastern Towhee",2
2001,"House Finch",1
2001,"House Sparrow",1
2001,"Mourning Dove",18
2001,"Northern Bobwhite",4
2001,"Northern Cardinal",32
2001,"Northern Mockingbird",5
2001,"Pileated Woodpecker",2
2001,"Pine Warbler",6
2001,"Red-bellied Woodpecker",9
2001,"Red-shouldered Hawk",1
2001,"Tufted Titmouse",7
2001,"White-breasted Nuthatch",1
2001,"American Crow",54
2001,"American Goldfinch",17
2001,"American Robin",6
2001,"Blue Jay",6
2001,"Blue-gray Gnatcatcher",16
2001,"Brown Thrasher",1
2001,"Brown-headed Cowbird",1
2001,"Brown-headed Nuthatch",6
2001,"Canada Goose",2
2001,"Chipping Sparrow",41
2001,"Common Grackle",6
2001,"Common Yellowthroat",4
2001,"Eastern Bluebird",23
2001,"Eastern Meadowlark",10
2001,"Eastern Phoebe",3
2001,"Eastern Towhee",1
2001,"European Starling",2
2001,"Fish Crow",1
2001,"Gray Catbird",1
2001,"House Finch",3
2001,"Killdeer",4
2001,"Mourning Dove",14
2001,"Northern Bobwhite",4
2001,"Northern Cardinal",19
2001,"Northern Mockingbird",6
2001,"Pine Warbler",5
2001,"Red-bellied Woodpecker",13
2001,"Tufted Titmouse",16
2001,"White-breasted Nuthatch",2
2001,"American Crow",41
2001,"American Goldfinch",12
2001,"American Robin",9
2001,"Blue Jay",6
2001,"Blue-gray Gnatcatcher",27
2001,"Brown Thrasher",3
2001,"Brown-headed Cowbird",2
2001,"Brown-headed Nuthatch",2
2001,"Carolina Chickadee",24
2001,"Carolina Wren",42
2001,"Chipping Sparrow",11
2001,"Common Grackle",7
2001,"Common Yellowthroat",3
2001,"Downy Woodpecker",7
2001,"Eastern Bluebird",15
2001,"Eastern Phoebe",2
2001,"Eastern Towhee",5
2001,"European Starling",2
2001,"Field Sparrow",3
2001,"Fish Crow",1
2001,"House Finch",3
2001,"Mourning Dove",15
2001,"Northern Bobwhite",2
2001,"Northern Cardinal",58
2001,"Northern Mockingbird",5
2001,"Pileated Woodpecker",1
2001,"Pine Warbler",33
2001,"Red-bellied Woodpecker",6
2001,"Red-shouldered Hawk",1
2001,"Red-winged Blackbird",1
2001,"Song Sparrow",1
2001,"Tufted Titmouse",20
2001,"American Crow",22
2001,"American Goldfinch",4
2001,"American Robin",4
2001,"Blue Jay",9
2001,"Blue-gray Gnatcatcher",5
2001,"Brown Thrasher",1
2001,"Brown-headed Cowbird",3
2001,"Carolina Chickadee",6
2001,"Carolina Wren",17
2001,"Chipping Sparrow",11
2001,"Common Grackle",16
2001,"Common Yellowthroat",2
2001,"Eastern Bluebird",8
2001,"Eastern Meadowlark",1
2001,"Eastern Phoebe",4
2001,"Eastern Towhee",5
2001,"European Starling",6
2001,"House Finch",9
2001,"House Sparrow",4
2001,"Killdeer",1
2001,"Mourning Dove",10
2001,"Northern Cardinal",19
2001,"Northern Mockingbird",7
2001,"Pine Warbler",4
2001,"Red-bellied Woodpecker",1
2001,"Red-shouldered Hawk",1
2001,"Red-winged Blackbird",4
2001,"Tufted Titmouse",8
2001,"American Crow",37
2001,"Blue Jay",5
2001,"Blue-gray Gnatcatcher",4
2001,"Carolina Chickadee",6
2001,"Carolina Wren",15
2001,"Chipping Sparrow",7
2001,"Common Grackle",2
2001,"Common Yellowthroat",1
2001,"Downy Woodpecker",4
2001,"Eastern Bluebird",5
2001,"Eastern Meadowlark",1
2001,"Eastern Phoebe",2
2001,"Eastern Towhee",5
2001,"Field Sparrow",1
2001,"Gray Catbird",1
2001,"Mourning Dove",12
2001,"Northern Bobwhite",2
2001,"Northern Cardinal",22
2001,"Pine Warbler",2
2001,"Red-bellied Woodpecker",4
2001,"Tufted Titmouse",5
2001,"American Crow",22
2001,"American Goldfinch",7
2001,"American Robin",14
2001,"Blue Jay",2
2001,"Blue-gray Gnatcatcher",6
2001,"Brown-headed Cowbird",8
2001,"Carolina Chickadee",3
2001,"Carolina Wren",8
2001,"Chipping Sparrow",9
2001,"Common Grackle",6
2001,"Common Yellowthroat",1
2001,"Eastern Bluebird",7
2001,"Eastern Meadowlark",13
2001,"Eastern Phoebe",1
2001,"Eastern Towhee",3
2001,"Field Sparrow",1
2001,"Mourning Dove",16
2001,"Northern Bobwhite",4
2001,"Northern Cardinal",9
2001,"Northern Mockingbird",11
2001,"Pine Warbler",3
2001,"Red-bellied Woodpecker",9
2001,"Red-winged Blackbird",3
2001,"Tufted Titmouse",7
2001,"White-breasted Nuthatch",2
2001,"American Crow",30
2001,"American Goldfinch",2
2001,"American Robin",18
2001,"Blue Jay",10
2001,"Brown Thrasher",1
2001,"Carolina Chickadee",4
2001,"Carolina Wren",12
2001,"Chipping Sparrow",2
2001,"Downy Woodpecker",1
2001,"Eastern Bluebird",9
2001,"Eastern Meadowlark",7
2001,"Eastern Towhee",10
2001,"European Starling",20
2001,"Gray Catbird",2
2001,"House Finch",5
2001,"House Sparrow",11
2001,"Mourning Dove",12
2001,"Northern Cardinal",34
2001,"Northern Mockingbird",12
2001,"Pine Warbler",3
2001,"Song Sparrow",2
2001,"Tufted Titmouse",5
2001,"American Crow",26
2001,"American Goldfinch",2
2001,"American Robin",5
2001,"Blue Jay",3
2001,"Blue-gray Gnatcatcher",11
2001,"Brown Thrasher",1
2001,"Brown-headed Cowbird",2
2001,"Canada Goose",2
2001,"Carolina Chickadee",4
2001,"Carolina Wren",19
2001,"Chipping Sparrow",9
2001,"Common Grackle",10
2001,"Common Yellowthroat",1
2001,"Downy Woodpecker",1
2001,"Eastern Bluebird",7
2001,"Eastern Phoebe",2
2001,"Eastern Towhee",8
2001,"European Starling",16
2001,"Field Sparrow",2
2001,"House Finch",6
2001,"House Sparrow",3
2001,"Mourning Dove",49
2001,"Northern Cardinal",10
2001,"Northern Mockingbird",3
2001,"Pileated Woodpecker",1
2001,"Pine Warbler",12
2001,"Red-bellied Woodpecker",3
2001,"Red-winged Blackbird",1
2001,"Tufted Titmouse",18
2001,"American Crow",35
2001,"American Goldfinch",6
2001,"American Robin",2
2001,"Blue Jay",5
2001,"Blue-gray Gnatcatcher",3
2001,"Brown Thrasher",3
2001,"Brown-headed Cowbird",6
2001,"Canada Goose",27
2001,"Carolina Chickadee",4
2001,"Carolina Wren",4
2001,"Chipping Sparrow",2
2001,"Common Grackle",11
2001,"Common Yellowthroat",2
2001,"Eastern Bluebird",17
2001,"Eastern Meadowlark",5
2001,"Eastern Towhee",2
2001,"European Starling",12
2001,"Field Sparrow",3
2001,"Mourning Dove",20
2001,"Northern Cardinal",7
2001,"Northern Mockingbird",5
2001,"Pine Warbler",4
2001,"Red-bellied Woodpecker",6
2001,"Tufted Titmouse",10
2001,"Turkey Vulture",1
2001,"White-breasted Nuthatch",1
2001,"American Crow",25
2001,"American Goldfinch",3
2001,"American Robin",2
2001,"Blue Jay",6
2001,"Canada Goose",22
2001,"Carolina Wren",4
2001,"Chipping Sparrow",4
2001,"Common Grackle",3
2001,"Eastern Bluebird",3
2001,"Eastern Meadowlark",3
2001,"Eastern Phoebe",1
2001,"Eastern Towhee",1
2001,"European Starling",8
2001,"Field Sparrow",2
2001,"Mourning Dove",17
2001,"Northern Bobwhite",1
2001,"Northern Cardinal",32
2001,"Northern Mockingbird",6
2001,"Red-bellied Woodpecker",2
2001,"Red-winged Blackbird",1
2001,"Tufted Titmouse",8
2001,"American Crow",18
2001,"American Goldfinch",7
2001,"American Robin",21
2001,"Blue Jay",2
2001,"Blue-gray Gnatcatcher",4
2001,"Brown Thrasher",1
2001,"Brown-headed Cowbird",5
2001,"Canada Goose",1
2001,"Carolina Chickadee",3
2001,"Carolina Wren",13
2001,"Chipping Sparrow",9
2001,"Common Grackle",11
2001,"Common Yellowthroat",2
2001,"Eastern Bluebird",14
2001,"Eastern Meadowlark",4
2001,"Eastern Towhee",7
2001,"European Starling",22
2001,"Field Sparrow",5
2001,"House Finch",4
2001,"House Sparrow",2
2001,"Killdeer",1
2001,"Mourning Dove",14
2001,"Northern Bobwhite",2
2001,"Northern Cardinal",18
2001,"Northern Mockingbird",10
2001,"Pine Warbler",5
2001,"Red-bellied Woodpecker",4
2001,"Red-winged Blackbird",2
2001,"Tufted Titmouse",9
2001,"Turkey Vulture",2
2001,"American Crow",30
2001,"American Goldfinch",4
2001,"American Robin",3
2001,"Blue Jay",3
2001,"Blue-gray Gnatcatcher",4
2001,"Brown Thrasher",2
2001,"Brown-headed Nuthatch",4
2001,"Canada Goose",25
2001,"Carolina Chickadee",10
2001,"Carolina Wren",12
2001,"Chipping Sparrow",2
2001,"Common Grackle",6
2001,"Common Yellowthroat",2
2001,"Downy Woodpecker",2
2001,"Eastern Phoebe",1
2001,"Eastern Towhee",5
2001,"European Starling",6
2001,"Field Sparrow",2
2001,"Gray Catbird",2
2001,"House Finch",4
2001,"Killdeer",1
2001,"Mourning Dove",4
2001,"Northern Bobwhite",2
2001,"Northern Cardinal",33
2001,"Northern Mockingbird",6
2001,"Pine Warbler",4
2001,"Red-bellied Woodpecker",4
2001,"Tufted Titmouse",14
2001,"White-breasted Nuthatch",1
2001,"American Crow",42
2001,"American Goldfinch",8
2001,"American Robin",3
2001,"Blue Jay",5
2001,"Blue-gray Gnatcatcher",8
2001,"Brown Thrasher",2
2001,"Brown-headed Cowbird",7
2001,"Canada Goose",52
2001,"Carolina Chickadee",2
2001,"Carolina Wren",11
2001,"Chipping Sparrow",13
2001,"Common Grackle",13
2001,"Common Yellowthroat",5
2001,"Eastern Bluebird",10
2001,"Eastern Meadowlark",3
2001,"Eastern Phoebe",4
2001,"Eastern Towhee",6
2001,"European Starling",18
2001,"Field Sparrow",2
2001,"Fish Crow",1
2001,"House Finch",2
2001,"House Sparrow",2
2001,"Killdeer",1
2001,"Mourning Dove",34
2001,"Northern Cardinal",26
2001,"Northern Mockingbird",12
2001,"Pine Warbler",10
2001,"Red-bellied Woodpecker",8
2001,"Red-shouldered Hawk",1
2001,"Red-winged Blackbird",5
2001,"Tufted Titmouse",13
2001,"American Crow",29
2001,"American Goldfinch",14
2001,"Blue Jay",3
2001,"Blue-gray Gnatcatcher",10
2001,"Brown Thrasher",1
2001,"Brown-headed Cowbird",2
2001,"Brown-headed Nuthatch",6
2001,"Carolina Chickadee",14
2001,"Carolina Wren",4
2001,"Chipping Sparrow",16
2001,"Common Yellowthroat",2
2001,"Downy Woodpecker",1
2001,"Eastern Bluebird",12
2001,"Eastern Phoebe",1
2001,"Eastern Towhee",6
2001,"European Starling",2
2001,"Fish Crow",2
2001,"Gray Catbird",3
2001,"Mourning Dove",12
2001,"Northern Cardinal",46
2001,"Northern Mockingbird",5
2001,"Pine Warbler",10
2001,"Red-bellied Woodpecker",2
2001,"Tufted Titmouse",20
2001,"White-breasted Nuthatch",2
2001,"American Crow",25
2001,"American Goldfinch",3
2001,"American Robin",5
2001,"Blue Jay",10
2001,"Blue-gray Gnatcatcher",4
2001,"Brown Thrasher",1
2001,"Carolina Chickadee",7
2001,"Carolina Wren",11
2001,"Chipping Sparrow",8
2001,"Common Grackle",13
2001,"Common Yellowthroat",5
2001,"Eastern Bluebird",4
2001,"Eastern Meadowlark",6
2001,"Eastern Towhee",5
2001,"European Starling",2
2001,"Field Sparrow",1
2001,"House Finch",1
2001,"House Sparrow",1
2001,"Killdeer",1
2001,"Mourning Dove",10
2001,"Northern Bobwhite",2
2001,"Northern Cardinal",17
2001,"Northern Mockingbird",7
2001,"Pine Warbler",10
2001,"Red-bellied Woodpecker",4
2001,"Red-winged Blackbird",2
2001,"Tufted Titmouse",14
2001,"American Crow",28
2001,"American Goldfinch",6
2001,"American Robin",5
2001,"Blue Jay",2
2001,"Blue-gray Gnatcatcher",1
2001,"Brown Thrasher",2
2001,"Canada Goose",1
2001,"Carolina Wren",9
2001,"Chipping Sparrow",8
2001,"Common Grackle",1
2001,"Common Yellowthroat",1
2001,"Downy Woodpecker",1
2001,"Eastern Bluebird",3
2001,"Eastern Meadowlark",5
2001,"Eastern Towhee",1
2001,"European Starling",7
2001,"Field Sparrow",1
2001,"Gray Catbird",1
2001,"House Finch",2
2001,"House Sparrow",2
2001,"Mourning Dove",14
2001,"Northern Bobwhite",1
2001,"Northern Cardinal",18
2001,"Northern Mockingbird",3
2001,"Pine Warbler",2
2001,"Red-bellied Woodpecker",4
2001,"Tufted Titmouse",18
2001,"White-breasted Nuthatch",2
2001,"American Crow",9
2001,"American Goldfinch",10
2001,"American Robin",5
2001,"Blue Jay",10
2001,"Blue-gray Gnatcatcher",5
2001,"Brown Thrasher",1
2001,"Brown-headed Cowbird",3
2001,"Brown-headed Nuthatch",5
2001,"Carolina Chickadee",8
2001,"Carolina Wren",9
2001,"Chipping Sparrow",6
2001,"Common Grackle",12
2001,"Downy Woodpecker",6
2001,"Eastern Bluebird",8
2001,"Eastern Meadowlark",5
2001,"Eastern Phoebe",3
2001,"Eastern Towhee",5
2001,"European Starling",2
2001,"Great Blue Heron",1
2001,"House Finch",4
2001,"Mourning Dove",14
2001,"Northern Cardinal",21
2001,"Northern Mockingbird",9
2001,"Pileated Woodpecker",3
2001,"Pine Warbler",7
2001,"Red-bellied Woodpecker",9
2001,"Red-shouldered Hawk",2
2001,"Tufted Titmouse",11
2001,"Turkey Vulture",1
2001,"White-breasted Nuthatch",4
2001,"American Crow",29
2001,"American Goldfinch",5
2001,"American Robin",4
2001,"Blue Jay",4
2001,"Blue-gray Gnatcatcher",7
2001,"Brown Thrasher",2
2001,"Brown-headed Cowbird",4
2001,"Canada Goose",64
2001,"Carolina Chickadee",7
2001,"Carolina Wren",24
2001,"Chipping Sparrow",11
2001,"Common Grackle",7
2001,"Common Yellowthroat",1
2001,"Downy Woodpecker",3
2001,"Eastern Bluebird",15
2001,"Eastern Meadowlark",2
2001,"Eastern Phoebe",1
2001,"Eastern Towhee",6
2001,"European Starling",1
2001,"Fish Crow",4
2001,"Great Blue Heron",1
2001,"House Finch",10
2001,"Killdeer",1
2001,"Mourning Dove",26
2001,"Northern Cardinal",30
2001,"Northern Mockingbird",10
2001,"Pine Warbler",15
2001,"Red-bellied Woodpecker",9
2001,"Red-shouldered Hawk",1
2001,"Red-winged Blackbird",1
2001,"Tufted Titmouse",18
2001,"White-breasted Nuthatch",2
2001,"American Crow",31
2001,"American Goldfinch",12
2001,"Blue Jay",9
2001,"Blue-gray Gnatcatcher",4
2001,"Brown-headed Nuthatch",4
2001,"Carolina Chickadee",11
2001,"Carolina Wren",16
2001,"Chipping Sparrow",2
2001,"Downy Woodpecker",1
2001,"Eastern Bluebird",8
2001,"Eastern Meadowlark",1
2001,"Eastern Phoebe",1
2001,"Eastern Towhee",7
2001,"European Starling",4
2001,"Mourning Dove",12
2001,"Northern Cardinal",29
2001,"Northern Mockingbird",11
2001,"Pine Warbler",4
2001,"Red-bellied Woodpecker",3
2001,"Red-shouldered Hawk",2
2001,"Tufted Titmouse",14
2001,"White-breasted Nuthatch",4
2001,"American Crow",30
2001,"American Goldfinch",3
2001,"American Robin",18
2001,"Blue Jay",2
2001,"Brown Thrasher",1
2001,"Brown-headed Cowbird",1
2001,"Brown-headed Nuthatch",3
2001,"Carolina Chickadee",7
2001,"Carolina Wren",30
2001,"Chipping Sparrow",9
2001,"Common Grackle",15
2001,"Downy Woodpecker",2
2001,"Eastern Bluebird",7
2001,"Eastern Meadowlark",2
2001,"Eastern Phoebe",1
2001,"Eastern Towhee",10
2001,"European Starling",25
2001,"Gray Catbird",6
2001,"House Finch",3
2001,"Mourning Dove",4
2001,"Northern Cardinal",32
2001,"Northern Mockingbird",10
2001,"Pine Warbler",6
2001,"Red-bellied Woodpecker",5
2001,"Tufted Titmouse",16
2001,"White-breasted Nuthatch",2
2002,"American Crow",44
2002,"American Goldfinch",34
2002,"American Robin",1
2002,"Blue Jay",10
2002,"Blue-gray Gnatcatcher",5
2002,"Brown Thrasher",5
2002,"Brown-headed Cowbird",1
2002,"Carolina Chickadee",12
2002,"Carolina Wren",4
2002,"Chipping Sparrow",5
2002,"Downy Woodpecker",4
2002,"Eastern Bluebird",4
2002,"Eastern Phoebe",3
2002,"Eastern Towhee",12
2002,"European Starling",2
2002,"Field Sparrow",2
2002,"House Finch",16
2002,"Mourning Dove",13
2002,"Northern Cardinal",30
2002,"Northern Mockingbird",6
2002,"Pileated Woodpecker",3
2002,"Pine Warbler",27
2002,"Red-bellied Woodpecker",11
2002,"Red-winged Blackbird",4
2002,"Tufted Titmouse",26
2002,"Turkey Vulture",3
2002,"White-breasted Nuthatch",2
2002,"American Crow",16
2002,"American Goldfinch",21
2002,"American Robin",7
2002,"Blue Jay",6
2002,"Blue-gray Gnatcatcher",13
2002,"Brown Thrasher",1
2002,"Brown-headed Cowbird",9
2002,"Brown-headed Nuthatch",11
2002,"Canada Goose",9
2002,"Carolina Chickadee",9
2002,"Carolina Wren",11
2002,"Chipping Sparrow",11
2002,"Common Grackle",1
2002,"Common Yellowthroat",1
2002,"Downy Woodpecker",4
2002,"Eastern Bluebird",4
2002,"Eastern Phoebe",1
2002,"Eastern Towhee",11
2002,"European Starling",2
2002,"Field Sparrow",1
2002,"Fish Crow",1
2002,"Great Blue Heron",8
2002,"House Finch",2
2002,"Mourning Dove",17
2002,"Northern Cardinal",20
2002,"Northern Mockingbird",3
2002,"Pine Warbler",21
2002,"Red-bellied Woodpecker",13
2002,"Red-winged Blackbird",3
2002,"Tufted Titmouse",16
2002,"White-breasted Nuthatch",3
2002,"American Crow",10
2002,"American Goldfinch",1
2002,"American Robin",7
2002,"Blue Jay",1
2002,"Brown Thrasher",1
2002,"Brown-headed Cowbird",2
2002,"Canada Goose",5
2002,"Carolina Chickadee",1
2002,"Carolina Wren",16
2002,"Chipping Sparrow",4
2002,"Common Grackle",14
2002,"Common Yellowthroat",3
2002,"Eastern Bluebird",6
2002,"Eastern Meadowlark",4
2002,"Eastern Phoebe",1
2002,"Eastern Towhee",8
2002,"European Starling",2
2002,"Field Sparrow",3
2002,"Gray Catbird",3
2002,"House Finch",6
2002,"Killdeer",3
2002,"Mourning Dove",11
2002,"Northern Bobwhite",4
2002,"Northern Cardinal",24
2002,"Northern Mockingbird",12
2002,"Pine Warbler",19
2002,"Red-bellied Woodpecker",6
2002,"Red-winged Blackbird",1
2002,"Tufted Titmouse",15
2002,"Turkey Vulture",1
2002,"American Crow",25
2002,"American Robin",8
2002,"Blue Jay",2
2002,"Blue-gray Gnatcatcher",16
2002,"Brown-headed Cowbird",8
2002,"Carolina Chickadee",4
2002,"Carolina Wren",21
2002,"Chipping Sparrow",20
2002,"Common Grackle",13
2002,"Common Yellowthroat",8
2002,"Eastern Bluebird",3
2002,"Eastern Meadowlark",3
2002,"Eastern Towhee",6
2002,"European Starling",11
2002,"Field Sparrow",4
2002,"Gray Catbird",2
2002,"Mourning Dove",4
2002,"Northern Bobwhite",2
2002,"Northern Cardinal",21
2002,"Northern Mockingbird",8
2002,"Pine Warbler",1
2002,"Red-bellied Woodpecker",3
2002,"Red-winged Blackbird",1
2002,"Tufted Titmouse",7
2002,"American Crow",16
2002,"American Goldfinch",5
2002,"American Robin",6
2002,"Blue-gray Gnatcatcher",1
2002,"Brown-headed Cowbird",9
2002,"Canada Goose",4
2002,"Carolina Chickadee",3
2002,"Carolina Wren",20
2002,"Chipping Sparrow",5
2002,"Common Grackle",17
2002,"Common Yellowthroat",3
2002,"Eastern Bluebird",10
2002,"Eastern Meadowlark",13
2002,"Eastern Towhee",2
2002,"European Starling",2
2002,"Field Sparrow",8
2002,"House Finch",1
2002,"Killdeer",1
2002,"Mourning Dove",9
2002,"Northern Cardinal",22
2002,"Northern Mockingbird",20
2002,"Pine Warbler",5
2002,"Red-bellied Woodpecker",9
2002,"Tufted Titmouse",17
2002,"American Crow",44
2002,"American Goldfinch",5
2002,"American Robin",5
2002,"Blue Jay",1
2002,"Brown Thrasher",3
2002,"Brown-headed Cowbird",1
2002,"Brown-headed Nuthatch",1
2002,"Carolina Chickadee",2
2002,"Carolina Wren",6
2002,"Chipping Sparrow",15
2002,"Common Grackle",4
2002,"Common Yellowthroat",1
2002,"Downy Woodpecker",1
2002,"Eastern Bluebird",17
2002,"Eastern Meadowlark",8
2002,"Eastern Phoebe",2
2002,"Eastern Towhee",4
2002,"European Starling",3
2002,"Gray Catbird",1
2002,"Great Blue Heron",1
2002,"House Finch",3
2002,"House Sparrow",5
2002,"Killdeer",1
2002,"Mourning Dove",15
2002,"Northern Bobwhite",1
2002,"Northern Cardinal",32
2002,"Northern Mockingbird",21
2002,"Pine Warbler",1
2002,"Red-bellied Woodpecker",4
2002,"Red-winged Blackbird",5
2002,"Tufted Titmouse",12
2002,"American Crow",23
2002,"American Goldfinch",5
2002,"Blue Jay",3
2002,"Blue-gray Gnatcatcher",9
2002,"Brown Thrasher",3
2002,"Brown-headed Cowbird",11
2002,"Carolina Chickadee",6
2002,"Carolina Wren",15
2002,"Chipping Sparrow",9
2002,"Common Grackle",5
2002,"Common Yellowthroat",3
2002,"Downy Woodpecker",1
2002,"Eastern Bluebird",3
2002,"Eastern Meadowlark",2
2002,"Eastern Phoebe",2
2002,"Eastern Towhee",1
2002,"European Starling",1
2002,"Mourning Dove",18
2002,"Northern Bobwhite",4
2002,"Northern Cardinal",24
2002,"Northern Mockingbird",7
2002,"Pileated Woodpecker",2
2002,"Pine Warbler",10
2002,"Red-bellied Woodpecker",12
2002,"Red-shouldered Hawk",1
2002,"Red-winged Blackbird",7
2002,"Tufted Titmouse",7
2002,"American Crow",28
2002,"American Goldfinch",6
2002,"American Robin",16
2002,"Blue-gray Gnatcatcher",7
2002,"Brown Thrasher",1
2002,"Brown-headed Nuthatch",6
2002,"Carolina Chickadee",2
2002,"Carolina Wren",4
2002,"Chipping Sparrow",27
2002,"Common Grackle",51
2002,"Common Yellowthroat",2
2002,"Eastern Bluebird",6
2002,"Eastern Meadowlark",2
2002,"Eastern Phoebe",1
2002,"Eastern Towhee",10
2002,"European Starling",6
2002,"Field Sparrow",1
2002,"House Finch",5
2002,"Killdeer",4
2002,"Mourning Dove",11
2002,"Northern Bobwhite",4
2002,"Northern Cardinal",29
2002,"Northern Mockingbird",5
2002,"Pine Warbler",10
2002,"Red-bellied Woodpecker",5
2002,"Tufted Titmouse",1
2002,"American Crow",21
2002,"American Goldfinch",6
2002,"American Robin",2
2002,"Blue Jay",12
2002,"Blue-gray Gnatcatcher",2
2002,"Brown Thrasher",9
2002,"Brown-headed Cowbird",4
2002,"Brown-headed Nuthatch",8
2002,"Canada Goose",6
2002,"Carolina Chickadee",10
2002,"Carolina Wren",19
2002,"Chipping Sparrow",7
2002,"Common Yellowthroat",1
2002,"Downy Woodpecker",1
2002,"Eastern Bluebird",10
2002,"Eastern Phoebe",3
2002,"Eastern Towhee",12
2002,"European Starling",1
2002,"Fish Crow",3
2002,"House Finch",1
2002,"Mourning Dove",12
2002,"Northern Bobwhite",4
2002,"Northern Cardinal",34
2002,"Northern Mockingbird",5
2002,"Pileated Woodpecker",1
2002,"Pine Warbler",15
2002,"Red-bellied Woodpecker",15
2002,"Red-shouldered Hawk",4
2002,"Red-winged Blackbird",2
2002,"Tufted Titmouse",24
2002,"White-breasted Nuthatch",3
2002,"American Crow",18
2002,"American Goldfinch",14
2002,"American Robin",1
2002,"Blue Jay",2
2002,"Blue-gray Gnatcatcher",6
2002,"Brown Thrasher",1
2002,"Brown-headed Cowbird",4
2002,"Carolina Chickadee",6
2002,"Carolina Wren",5
2002,"Chipping Sparrow",6
2002,"Common Yellowthroat",1
2002,"Eastern Bluebird",10
2002,"Eastern Meadowlark",1
2002,"Eastern Towhee",7
2002,"European Starling",1
2002,"Gray Catbird",2
2002,"House Finch",3
2002,"House Sparrow",2
2002,"Mourning Dove",25
2002,"Northern Bobwhite",4
2002,"Northern Cardinal",23
2002,"Northern Mockingbird",10
2002,"Pine Warbler",1
2002,"Red-bellied Woodpecker",11
2002,"Red-shouldered Hawk",3
2002,"Red-winged Blackbird",6
2002,"Song Sparrow",2
2002,"Tufted Titmouse",13
2002,"American Crow",36
2002,"American Goldfinch",2
2002,"American Robin",2
2002,"Blue Jay",4
2002,"Blue-gray Gnatcatcher",3
2002,"Carolina Chickadee",3
2002,"Carolina Wren",19
2002,"Chipping Sparrow",3
2002,"Common Yellowthroat",9
2002,"Eastern Bluebird",13
2002,"Eastern Towhee",4
2002,"Gray Catbird",2
2002,"Killdeer",1
2002,"Mourning Dove",13
2002,"Northern Bobwhite",2
2002,"Northern Cardinal",24
2002,"Northern Mockingbird",3
2002,"Pileated Woodpecker",1
2002,"Red-bellied Woodpecker",4
2002,"Tufted Titmouse",10
2002,"White-breasted Nuthatch",1
2002,"American Crow",14
2002,"American Goldfinch",6
2002,"American Robin",7
2002,"Blue Jay",8
2002,"Blue-gray Gnatcatcher",1
2002,"Brown Thrasher",1
2002,"Brown-headed Cowbird",6
2002,"Brown-headed Nuthatch",2
2002,"Canada Goose",1
2002,"Carolina Chickadee",5
2002,"Carolina Wren",12
2002,"Chipping Sparrow",9
2002,"Common Grackle",8
2002,"Common Yellowthroat",3
2002,"Downy Woodpecker",2
2002,"Eastern Bluebird",17
2002,"Eastern Meadowlark",10
2002,"Eastern Phoebe",1
2002,"Eastern Towhee",3
2002,"European Starling",7
2002,"House Finch",2
2002,"House Sparrow",1
2002,"Killdeer",1
2002,"Mourning Dove",17
2002,"Northern Bobwhite",3
2002,"Northern Cardinal",20
2002,"Northern Mockingbird",12
2002,"Pine Warbler",1
2002,"Red-bellied Woodpecker",13
2002,"Red-winged Blackbird",6
2002,"Tufted Titmouse",8
2002,"White-breasted Nuthatch",6
2002,"American Crow",44
2002,"American Goldfinch",10
2002,"American Robin",17
2002,"Blue Jay",14
2002,"Brown Thrasher",2
2002,"Carolina Chickadee",14
2002,"Carolina Wren",7
2002,"Eastern Bluebird",10
2002,"Eastern Meadowlark",6
2002,"Eastern Towhee",5
2002,"European Starling",32
2002,"House Finch",3
2002,"House Sparrow",9
2002,"Mourning Dove",22
2002,"Northern Cardinal",21
2002,"Northern Mockingbird",14
2002,"Song Sparrow",3
2002,"Tufted Titmouse",13
2002,"American Crow",26
2002,"American Goldfinch",11
2002,"American Robin",1
2002,"Blue Jay",2
2002,"Blue-gray Gnatcatcher",9
2002,"Brown-headed Cowbird",2
2002,"Brown-headed Nuthatch",3
2002,"Canada Goose",3
2002,"Carolina Chickadee",11
2002,"Carolina Wren",12
2002,"Chipping Sparrow",12
2002,"Common Grackle",17
2002,"Downy Woodpecker",4
2002,"Eastern Bluebird",9
2002,"Eastern Meadowlark",1
2002,"Eastern Towhee",6
2002,"European Starling",2
2002,"Field Sparrow",2
2002,"House Finch",1
2002,"Killdeer",1
2002,"Mourning Dove",31
2002,"Northern Cardinal",16
2002,"Northern Mockingbird",5
2002,"Pine Warbler",18
2002,"Red-bellied Woodpecker",4
2002,"Red-winged Blackbird",1
2002,"Tufted Titmouse",10
2002,"American Crow",15
2002,"American Goldfinch",1
2002,"American Robin",8
2002,"Blue Jay",3
2002,"Blue-gray Gnatcatcher",11
2002,"Brown Thrasher",1
2002,"Brown-headed Cowbird",4
2002,"Carolina Chickadee",5
2002,"Carolina Wren",5
2002,"Chipping Sparrow",16
2002,"Common Grackle",7
2002,"Common Yellowthroat",4
2002,"Downy Woodpecker",1
2002,"Eastern Bluebird",6
2002,"Eastern Meadowlark",3
2002,"Eastern Phoebe",3
2002,"Eastern Towhee",2
2002,"European Starling",2
2002,"Field Sparrow",3
2002,"Mourning Dove",18
2002,"Northern Cardinal",28
2002,"Pine Warbler",3
2002,"Red-bellied Woodpecker",9
2002,"Tufted Titmouse",5
2002,"American Crow",27
2002,"American Goldfinch",3
2002,"American Robin",3
2002,"Blue Jay",6
2002,"Blue-gray Gnatcatcher",7
2002,"Brown Thrasher",1
2002,"Brown-headed Nuthatch",1
2002,"Carolina Chickadee",16
2002,"Carolina Wren",13
2002,"Chipping Sparrow",13
2002,"Common Grackle",72
2002,"Common Yellowthroat",2
2002,"Downy Woodpecker",2
2002,"Eastern Bluebird",8
2002,"Eastern Phoebe",3
2002,"Eastern Towhee",2
2002,"European Starling",42
2002,"Great Blue Heron",2
2002,"House Finch",5
2002,"House Sparrow",1
2002,"Mourning Dove",16
2002,"Northern Cardinal",25
2002,"Northern Mockingbird",4
2002,"Pine Warbler",16
2002,"Red-bellied Woodpecker",6
2002,"Red-shouldered Hawk",1
2002,"Red-winged Blackbird",1
2002,"Tufted Titmouse",15
2002,"American Crow",19
2002,"American Goldfinch",8
2002,"American Robin",28
2002,"Blue Jay",13
2002,"Blue-gray Gnatcatcher",3
2002,"Brown-headed Cowbird",2
2002,"Brown-headed Nuthatch",3
2002,"Carolina Chickadee",5
2002,"Carolina Wren",8
2002,"Chipping Sparrow",4
2002,"Common Grackle",32
2002,"Downy Woodpecker",4
2002,"Eastern Bluebird",3
2002,"Eastern Phoebe",2
2002,"Eastern Towhee",13
2002,"European Starling",10
2002,"Fish Crow",1
2002,"Gray Catbird",6
2002,"House Finch",5
2002,"House Sparrow",1
2002,"Mourning Dove",13
2002,"Northern Cardinal",29
2002,"Northern Mockingbird",19
2002,"Pine Warbler",3
2002,"Red-bellied Woodpecker",9
2002,"Song Sparrow",2
2002,"Tufted Titmouse",4
2002,"White-breasted Nuthatch",3
2002,"American Crow",14
2002,"American Goldfinch",7
2002,"American Robin",8
2002,"Blue Jay",1
2002,"Blue-gray Gnatcatcher",3
2002,"Brown Thrasher",2
2002,"Brown-headed Cowbird",7
2002,"Carolina Chickadee",2
2002,"Carolina Wren",10
2002,"Chipping Sparrow",5
2002,"Common Grackle",5
2002,"Common Yellowthroat",1
2002,"Downy Woodpecker",2
2002,"Eastern Bluebird",2
2002,"Eastern Phoebe",2
2002,"Eastern Towhee",11
2002,"European Starling",9
2002,"Fish Crow",1
2002,"Great Blue Heron",2
2002,"House Finch",5
2002,"Killdeer",1
2002,"Mourning Dove",11
2002,"Northern Cardinal",24
2002,"Northern Mockingbird",5
2002,"Pine Warbler",3
2002,"Red-bellied Woodpecker",3
2002,"Red-shouldered Hawk",1
2002,"Song Sparrow",1
2002,"Tufted Titmouse",8
2002,"White-breasted Nuthatch",1
2002,"American Crow",14
2002,"American Goldfinch",17
2002,"American Robin",15
2002,"Blue Jay",10
2002,"Blue-gray Gnatcatcher",12
2002,"Brown Thrasher",3
2002,"Brown-headed Nuthatch",10
2002,"Canada Goose",8
2002,"Carolina Chickadee",12
2002,"Carolina Wren",17
2002,"Chipping Sparrow",13
2002,"Common Grackle",1
2002,"Eastern Bluebird",3
2002,"Eastern Towhee",17
2002,"European Starling",6
2002,"Gray Catbird",1
2002,"House Finch",12
2002,"House Sparrow",6
2002,"Mourning Dove",30
2002,"Northern Cardinal",40
2002,"Northern Mockingbird",21
2002,"Pine Warbler",6
2002,"Red-bellied Woodpecker",9
2002,"Red-shouldered Hawk",2
2002,"Song Sparrow",1
2002,"Tufted Titmouse",22
2002,"White-breasted Nuthatch",5
2002,"American Crow",7
2002,"American Goldfinch",7
2002,"American Robin",16
2002,"Blue Jay",4
2002,"Brown Thrasher",1
2002,"Brown-headed Cowbird",2
2002,"Brown-headed Nuthatch",1
2002,"Carolina Chickadee",1
2002,"Carolina Wren",18
2002,"Common Yellowthroat",1
2002,"Downy Woodpecker",1
2002,"Eastern Bluebird",1
2002,"Eastern Towhee",18
2002,"European Starling",4
2002,"Gray Catbird",3
2002,"House Finch",9
2002,"House Sparrow",2
2002,"Mourning Dove",2
2002,"Northern Cardinal",13
2002,"Northern Mockingbird",16
2002,"Pine Warbler",5
2002,"Red-bellied Woodpecker",1
2002,"Song Sparrow",2
2002,"Tufted Titmouse",6
2002,"American Crow",7
2002,"American Goldfinch",8
2002,"American Robin",1
2002,"Blue Jay",5
2002,"Blue-gray Gnatcatcher",8
2002,"Brown Thrasher",2
2002,"Brown-headed Cowbird",5
2002,"Carolina Chickadee",10
2002,"Carolina Wren",11
2002,"Chipping Sparrow",12
2002,"Common Grackle",3
2002,"Eastern Bluebird",5
2002,"Eastern Phoebe",2
2002,"Eastern Towhee",13
2002,"European Starling",1
2002,"Field Sparrow",2
2002,"House Sparrow",1
2002,"Mourning Dove",13
2002,"Northern Bobwhite",3
2002,"Northern Cardinal",14
2002,"Northern Mockingbird",6
2002,"Pine Warbler",3
2002,"Red-bellied Woodpecker",6
2002,"Red-shouldered Hawk",1
2002,"Song Sparrow",1
2002,"Tufted Titmouse",8
2002,"White-breasted Nuthatch",1
2002,"American Crow",22
2002,"American Goldfinch",5
2002,"American Robin",3
2002,"Blue Jay",1
2002,"Blue-gray Gnatcatcher",12
2002,"Brown-headed Cowbird",5
2002,"Brown-headed Nuthatch",2
2002,"Carolina Chickadee",4
2002,"Carolina Wren",7
2002,"Chipping Sparrow",8
2002,"Common Grackle",3
2002,"Common Yellowthroat",3
2002,"Downy Woodpecker",5
2002,"Eastern Bluebird",5
2002,"Eastern Phoebe",2
2002,"Eastern Towhee",3
2002,"European Starling",14
2002,"Field Sparrow",3
2002,"Fish Crow",4
2002,"House Finch",2
2002,"Killdeer",2
2002,"Mourning Dove",10
2002,"Northern Cardinal",29
2002,"Northern Mockingbird",15
2002,"Pine Warbler",3
2002,"Red-bellied Woodpecker",5
2002,"Red-shouldered Hawk",1
2002,"Tufted Titmouse",5
2002,"American Crow",28
2002,"American Goldfinch",13
2002,"American Robin",3
2002,"Blue Jay",3
2002,"Blue-gray Gnatcatcher",3
2002,"Brown Thrasher",2
2002,"Brown-headed Cowbird",1
2002,"Carolina Chickadee",2
2002,"Carolina Wren",6
2002,"Chipping Sparrow",4
2002,"Common Grackle",18
2002,"Common Yellowthroat",1
2002,"Downy Woodpecker",1
2002,"Eastern Bluebird",6
2002,"Eastern Meadowlark",7
2002,"Eastern Towhee",1
2002,"European Starling",18
2002,"Field Sparrow",2
2002,"House Sparrow",1
2002,"Mourning Dove",21
2002,"Northern Cardinal",12
2002,"Northern Mockingbird",11
2002,"Red-bellied Woodpecker",3
2002,"Red-winged Blackbird",2
2002,"Tufted Titmouse",10
2002,"American Crow",22
2002,"American Goldfinch",5
2002,"American Robin",3
2002,"Blue Jay",1
2002,"Carolina Chickadee",3
2002,"Carolina Wren",8
2002,"Chipping Sparrow",12
2002,"Common Grackle",6
2002,"Common Yellowthroat",3
2002,"Downy Woodpecker",1
2002,"Eastern Bluebird",3
2002,"Eastern Meadowlark",2
2002,"Eastern Towhee",1
2002,"European Starling",10
2002,"Field Sparrow",1
2002,"Gray Catbird",1
2002,"House Finch",5
2002,"Mourning Dove",27
2002,"Northern Bobwhite",2
2002,"Northern Cardinal",12
2002,"Northern Mockingbird",3
2002,"Pine Warbler",2
2002,"Red-bellied Woodpecker",6
2002,"Tufted Titmouse",11
2002,"Turkey Vulture",8
2002,"American Crow",31
2002,"American Goldfinch",9
2002,"American Robin",17
2002,"Blue Jay",9
2002,"Blue-gray Gnatcatcher",5
2002,"Brown Thrasher",2
2002,"Brown-headed Cowbird",2
2002,"Carolina Wren",11
2002,"Chipping Sparrow",12
2002,"Common Grackle",12
2002,"Common Yellowthroat",3
2002,"Downy Woodpecker",2
2002,"Eastern Bluebird",13
2002,"Eastern Meadowlark",2
2002,"Eastern Phoebe",1
2002,"Eastern Towhee",10
2002,"European Starling",3
2002,"Field Sparrow",2
2002,"House Finch",4
2002,"House Sparrow",9
2002,"Killdeer",2
2002,"Mourning Dove",11
2002,"Northern Bobwhite",1
2002,"Northern Cardinal",13
2002,"Northern Mockingbird",11
2002,"Pine Warbler",2
2002,"Red-bellied Woodpecker",10
2002,"Red-shouldered Hawk",1
2002,"Red-winged Blackbird",1
2002,"Song Sparrow",1
2002,"Tufted Titmouse",5
2002,"White-breasted Nuthatch",2
2002,"American Crow",26
2002,"American Goldfinch",9
2002,"American Robin",1
2002,"Blue Jay",4
2002,"Blue-gray Gnatcatcher",3
2002,"Brown Thrasher",2
2002,"Brown-headed Cowbird",5
2002,"Brown-headed Nuthatch",1
2002,"Carolina Chickadee",5
2002,"Carolina Wren",13
2002,"Chipping Sparrow",4
2002,"Common Grackle",1
2002,"Common Yellowthroat",1
2002,"Downy Woodpecker",1
2002,"Eastern Bluebird",2
2002,"Eastern Phoebe",2
2002,"Eastern Towhee",7
2002,"Field Sparrow",3
2002,"Fish Crow",1
2002,"Gray Catbird",1
2002,"House Finch",2
2002,"Mourning Dove",6
2002,"Northern Cardinal",29
2002,"Northern Mockingbird",2
2002,"Pine Warbler",5
2002,"Red-bellied Woodpecker",5
2002,"Red-shouldered Hawk",3
2002,"Red-winged Blackbird",3
2002,"Tufted Titmouse",5
2002,"White-breasted Nuthatch",1
2002,"American Crow",25
2002,"American Goldfinch",10
2002,"American Robin",2
2002,"Blue Jay",11
2002,"Blue-gray Gnatcatcher",4
2002,"Brown Thrasher",2
2002,"Brown-headed Cowbird",4
2002,"Canada Goose",51
2002,"Carolina Chickadee",6
2002,"Carolina Wren",12
2002,"Chipping Sparrow",15
2002,"Common Grackle",12
2002,"Common Yellowthroat",3
2002,"Downy Woodpecker",5
2002,"Eastern Bluebird",15
2002,"Eastern Meadowlark",4
2002,"Eastern Towhee",6
2002,"European Starling",4
2002,"Field Sparrow",3
2002,"House Finch",5
2002,"House Sparrow",1
2002,"Killdeer",2
2002,"Mourning Dove",44
2002,"Northern Bobwhite",2
2002,"Northern Cardinal",21
2002,"Northern Mockingbird",16
2002,"Pileated Woodpecker",1
2002,"Pine Warbler",7
2002,"Red-bellied Woodpecker",6
2002,"Red-winged Blackbird",6
2002,"Tufted Titmouse",8
2002,"Turkey Vulture",2
2002,"American Crow",41
2002,"American Goldfinch",6
2002,"American Robin",3
2002,"Blue Jay",3
2002,"Blue-gray Gnatcatcher",2
2002,"Brown-headed Cowbird",1
2002,"Carolina Chickadee",15
2002,"Carolina Wren",5
2002,"Chipping Sparrow",8
2002,"Common Grackle",1
2002,"Common Yellowthroat",1
2002,"Downy Woodpecker",3
2002,"Eastern Bluebird",6
2002,"Eastern Meadowlark",1
2002,"Eastern Towhee",7
2002,"European Starling",1
2002,"House Finch",4
2002,"Mourning Dove",23
2002,"Northern Cardinal",35
2002,"Northern Mockingbird",1
2002,"Pine Warbler",12
2002,"Red-bellied Woodpecker",9
2002,"Tufted Titmouse",27
2002,"Turkey Vulture",2
2002,"American Crow",23
2002,"American Goldfinch",8
2002,"American Robin",10
2002,"Blue Jay",1
2002,"Blue-gray Gnatcatcher",1
2002,"Brown Thrasher",4
2002,"Brown-headed Cowbird",2
2002,"Canada Goose",3
2002,"Carolina Chickadee",4
2002,"Carolina Wren",15
2002,"Chipping Sparrow",11
2002,"Common Grackle",10
2002,"Common Yellowthroat",6
2002,"Downy Woodpecker",1
2002,"Eastern Bluebird",12
2002,"Eastern Meadowlark",4
2002,"Eastern Towhee",5
2002,"European Starling",15
2002,"Field Sparrow",9
2002,"House Finch",1
2002,"House Sparrow",1
2002,"Killdeer",2
2002,"Mourning Dove",16
2002,"Northern Cardinal",24
2002,"Northern Mockingbird",21
2002,"Pine Warbler",5
2002,"Red-bellied Woodpecker",2
2002,"Red-winged Blackbird",5
2002,"Tufted Titmouse",17
2002,"Turkey Vulture",5
2002,"American Crow",13
2002,"American Goldfinch",3
2002,"American Robin",4
2002,"Blue Jay",3
2002,"Brown-headed Cowbird",1
2002,"Brown-headed Nuthatch",2
2002,"Carolina Chickadee",5
2002,"Carolina Wren",8
2002,"Chipping Sparrow",8
2002,"Eastern Towhee",4
2002,"Great Blue Heron",2
2002,"House Sparrow",7
2002,"Mourning Dove",12
2002,"Northern Cardinal",24
2002,"Northern Mockingbird",5
2002,"Pine Warbler",3
2002,"Red-bellied Woodpecker",2
2002,"Red-winged Blackbird",1
2002,"Tufted Titmouse",2
2002,"American Crow",28
2002,"American Goldfinch",17
2002,"American Robin",7
2002,"Blue Jay",9
2002,"Blue-gray Gnatcatcher",11
2002,"Brown Thrasher",1
2002,"Brown-headed Nuthatch",1
2002,"Carolina Wren",11
2002,"Chipping Sparrow",11
2002,"Common Yellowthroat",2
2002,"Downy Woodpecker",4
2002,"Eastern Bluebird",2
2002,"Eastern Meadowlark",2
2002,"Eastern Phoebe",3
2002,"Eastern Towhee",6
2002,"European Starling",2
2002,"Field Sparrow",4
2002,"Gray Catbird",1
2002,"House Finch",11
2002,"Mourning Dove",19
2002,"Northern Cardinal",31
2002,"Northern Mockingbird",12
2002,"Pine Warbler",4
2002,"Red-bellied Woodpecker",9
2002,"Red-shouldered Hawk",1
2002,"Red-winged Blackbird",1
2002,"Tufted Titmouse",13
2002,"White-breasted Nuthatch",3
2002,"American Crow",26
2002,"American Goldfinch",15
2002,"American Robin",10
2002,"Blue Jay",5
2002,"Blue-gray Gnatcatcher",1
2002,"Brown Thrasher",4
2002,"Brown-headed Cowbird",9
2002,"Canada Goose",3
2002,"Carolina Chickadee",8
2002,"Carolina Wren",13
2002,"Chipping Sparrow",10
2002,"Common Grackle",9
2002,"Common Yellowthroat",5
2002,"Downy Woodpecker",2
2002,"Eastern Bluebird",12
2002,"Eastern Towhee",12
2002,"European Starling",20
2002,"Field Sparrow",1
2002,"Fish Crow",1
2002,"House Finch",2
2002,"Mourning Dove",23
2002,"Northern Bobwhite",3
2002,"Northern Cardinal",29
2002,"Northern Mockingbird",25
2002,"Pine Warbler",7
2002,"Red-bellied Woodpecker",8
2002,"Red-winged Blackbird",2
2002,"Tufted Titmouse",9
2002,"American Crow",30
2002,"American Goldfinch",7
2002,"American Robin",2
2002,"Blue Jay",5
2002,"Blue-gray Gnatcatcher",1
2002,"Brown Thrasher",1
2002,"Brown-headed Nuthatch",3
2002,"Carolina Chickadee",12
2002,"Carolina Wren",12
2002,"Common Grackle",30
2002,"Eastern Bluebird",5
2002,"Eastern Meadowlark",2
2002,"Eastern Phoebe",1
2002,"Eastern Towhee",13
2002,"European Starling",11
2002,"Mourning Dove",9
2002,"Northern Cardinal",32
2002,"Northern Mockingbird",12
2002,"Pine Warbler",9
2002,"Red-bellied Woodpecker",2
2002,"Red-winged Blackbird",3
2002,"Tufted Titmouse",8
2002,"American Crow",14
2002,"American Goldfinch",5
2002,"American Robin",21
2002,"Blue Jay",3
2002,"Brown Thrasher",4
2002,"Brown-headed Nuthatch",2
2002,"Canada Goose",1
2002,"Carolina Chickadee",7
2002,"Carolina Wren",24
2002,"Chipping Sparrow",3
2002,"Common Grackle",11
2002,"Eastern Bluebird",5
2002,"Eastern Meadowlark",1
2002,"Eastern Phoebe",2
2002,"Eastern Towhee",18
2002,"European Starling",30
2002,"Gray Catbird",4
2002,"House Finch",3
2002,"Killdeer",1
2002,"Mourning Dove",12
2002,"Northern Cardinal",44
2002,"Northern Mockingbird",13
2002,"Pine Warbler",14
2002,"Red-bellied Woodpecker",8
2002,"Tufted Titmouse",22
2003,"American Crow",24
2003,"American Goldfinch",8
2003,"American Robin",2
2003,"Blue Jay",5
2003,"Blue-gray Gnatcatcher",9
2003,"Brown Thrasher",2
2003,"Brown-headed Cowbird",2
2003,"Canada Goose",2
2003,"Carolina Chickadee",2
2003,"Carolina Wren",13
2003,"Eastern Bluebird",4
2003,"Eastern Towhee",10
2003,"Field Sparrow",1
2003,"Gray Catbird",1
2003,"House Finch",6
2003,"Mourning Dove",10
2003,"Northern Cardinal",29
2003,"Northern Mockingbird",7
2003,"Pine Warbler",12
2003,"Red-bellied Woodpecker",6
2003,"Tufted Titmouse",18
2003,"White-breasted Nuthatch",1
2003,"American Crow",11
2003,"American Goldfinch",14
2003,"American Robin",13
2003,"Blue Jay",10
2003,"Blue-gray Gnatcatcher",17
2003,"Brown Thrasher",1
2003,"Brown-headed Nuthatch",1
2003,"Carolina Chickadee",8
2003,"Carolina Wren",13
2003,"Chipping Sparrow",13
2003,"Common Grackle",21
2003,"Common Yellowthroat",4
2003,"Downy Woodpecker",4
2003,"Eastern Bluebird",1
2003,"Eastern Towhee",13
2003,"European Starling",5
2003,"Great Blue Heron",1
2003,"House Finch",1
2003,"Mourning Dove",14
2003,"Northern Cardinal",32
2003,"Northern Mockingbird",2
2003,"Pileated Woodpecker",1
2003,"Pine Warbler",17
2003,"Red-bellied Woodpecker",8
2003,"Tufted Titmouse",22
2003,"White-breasted Nuthatch",3
2003,"American Crow",18
2003,"American Goldfinch",2
2003,"American Robin",9
2003,"Blue Jay",4
2003,"Canada Goose",2
2003,"Carolina Chickadee",2
2003,"Carolina Wren",13
2003,"Chipping Sparrow",4
2003,"Common Grackle",24
2003,"Common Yellowthroat",2
2003,"Eastern Bluebird",4
2003,"Eastern Meadowlark",2
2003,"Eastern Phoebe",1
2003,"Eastern Towhee",8
2003,"Field Sparrow",1
2003,"Gray Catbird",2
2003,"Killdeer",2
2003,"Mourning Dove",5
2003,"Northern Bobwhite",5
2003,"Northern Cardinal",24
2003,"Northern Mockingbird",6
2003,"Pileated Woodpecker",1
2003,"Pine Warbler",17
2003,"Red-bellied Woodpecker",3
2003,"Red-shouldered Hawk",1
2003,"Red-winged Blackbird",2
2003,"Tufted Titmouse",16
2003,"American Crow",33
2003,"Blue Jay",5
2003,"Blue-gray Gnatcatcher",8
2003,"Brown-headed Cowbird",1
2003,"Carolina Chickadee",2
2003,"Carolina Wren",16
2003,"Chipping Sparrow",15
2003,"Common Grackle",6
2003,"Common Yellowthroat",4
2003,"Downy Woodpecker",1
2003,"Eastern Meadowlark",3
2003,"Eastern Towhee",2
2003,"European Starling",2
2003,"Field Sparrow",5
2003,"Mourning Dove",11
2003,"Northern Bobwhite",3
2003,"Northern Cardinal",13
2003,"Northern Mockingbird",2
2003,"Pileated Woodpecker",1
2003,"Pine Warbler",1
2003,"Red-bellied Woodpecker",4
2003,"Red-winged Blackbird",3
2003,"Tufted Titmouse",10
2003,"American Crow",35
2003,"American Robin",8
2003,"Blue Jay",3
2003,"Brown-headed Cowbird",1
2003,"Carolina Chickadee",2
2003,"Carolina Wren",24
2003,"Chipping Sparrow",8
2003,"Common Grackle",15
2003,"Common Yellowthroat",3
2003,"Eastern Bluebird",9
2003,"Eastern Meadowlark",12
2003,"Eastern Towhee",3
2003,"European Starling",3
2003,"Field Sparrow",1
2003,"Gray Catbird",2
2003,"Mourning Dove",14
2003,"Northern Bobwhite",1
2003,"Northern Cardinal",30
2003,"Northern Mockingbird",10
2003,"Pine Warbler",2
2003,"Red-bellied Woodpecker",7
2003,"Red-winged Blackbird",1
2003,"Tufted Titmouse",17
2003,"Turkey Vulture",1
2003,"White-breasted Nuthatch",1
2003,"American Crow",31
2003,"American Goldfinch",10
2003,"American Robin",4
2003,"Carolina Chickadee",1
2003,"Carolina Wren",10
2003,"Chipping Sparrow",16
2003,"Common Grackle",7
2003,"Eastern Bluebird",15
2003,"Eastern Meadowlark",7
2003,"Eastern Phoebe",1
2003,"Eastern Towhee",9
2003,"European Starling",8
2003,"Field Sparrow",1
2003,"Mourning Dove",15
2003,"Northern Cardinal",24
2003,"Northern Mockingbird",9
2003,"Pileated Woodpecker",1
2003,"Red-winged Blackbird",4
2003,"Tufted Titmouse",6
2003,"American Crow",29
2003,"American Goldfinch",3
2003,"Blue Jay",7
2003,"Blue-gray Gnatcatcher",12
2003,"Brown-headed Cowbird",3
2003,"Carolina Chickadee",2
2003,"Carolina Wren",11
2003,"Chipping Sparrow",9
2003,"Common Grackle",8
2003,"Common Yellowthroat",3
2003,"Downy Woodpecker",1
2003,"Eastern Meadowlark",2
2003,"Eastern Towhee",9
2003,"European Starling",25
2003,"House Finch",1
2003,"Mourning Dove",16
2003,"Northern Cardinal",28
2003,"Northern Mockingbird",13
2003,"Pine Warbler",5
2003,"Red-bellied Woodpecker",8
2003,"Red-shouldered Hawk",2
2003,"Red-winged Blackbird",1
2003,"Tufted Titmouse",10
2003,"American Crow",47
2003,"American Goldfinch",7
2003,"American Robin",23
2003,"Blue Jay",2
2003,"Blue-gray Gnatcatcher",5
2003,"Brown-headed Cowbird",4
2003,"Brown-headed Nuthatch",2
2003,"Carolina Chickadee",2
2003,"Carolina Wren",3
2003,"Chipping Sparrow",26
2003,"Common Grackle",45
2003,"Common Yellowthroat",3
2003,"Downy Woodpecker",3
2003,"Eastern Bluebird",6
2003,"Eastern Meadowlark",17
2003,"Eastern Towhee",7
2003,"European Starling",1
2003,"Field Sparrow",1
2003,"Mourning Dove",11
2003,"Northern Cardinal",26
2003,"Northern Mockingbird",5
2003,"Pine Warbler",2
2003,"Red-bellied Woodpecker",7
2003,"Red-shouldered Hawk",1
2003,"Tufted Titmouse",7
2003,"American Crow",26
2003,"American Goldfinch",17
2003,"American Robin",9
2003,"Blue Jay",9
2003,"Blue-gray Gnatcatcher",17
2003,"Brown Thrasher",12
2003,"Brown-headed Cowbird",2
2003,"Brown-headed Nuthatch",3
2003,"Canada Goose",1
2003,"Carolina Chickadee",11
2003,"Carolina Wren",40
2003,"Chipping Sparrow",10
2003,"Common Yellowthroat",2
2003,"Downy Woodpecker",2
2003,"Eastern Bluebird",4
2003,"Eastern Phoebe",2
2003,"Eastern Towhee",4
2003,"European Starling",1
2003,"Field Sparrow",1
2003,"Fish Crow",2
2003,"Great Blue Heron",1
2003,"House Finch",10
2003,"Mourning Dove",22
2003,"Northern Cardinal",47
2003,"Northern Mockingbird",2
2003,"Pileated Woodpecker",1
2003,"Pine Warbler",24
2003,"Red-bellied Woodpecker",12
2003,"Red-shouldered Hawk",1
2003,"Red-winged Blackbird",2
2003,"Tufted Titmouse",22
2003,"White-breasted Nuthatch",1
2003,"American Crow",20
2003,"American Goldfinch",3
2003,"American Robin",1
2003,"Blue Jay",4
2003,"Blue-gray Gnatcatcher",8
2003,"Brown Thrasher",2
2003,"Brown-headed Cowbird",2
2003,"Carolina Chickadee",3
2003,"Carolina Wren",12
2003,"Chipping Sparrow",4
2003,"Common Grackle",1
2003,"Common Yellowthroat",2
2003,"Eastern Bluebird",2
2003,"Eastern Meadowlark",1
2003,"Eastern Phoebe",2
2003,"Eastern Towhee",4
2003,"European Starling",1
2003,"Field Sparrow",1
2003,"House Finch",3
2003,"House Sparrow",1
2003,"Mourning Dove",8
2003,"Northern Cardinal",14
2003,"Northern Mockingbird",4
2003,"Pine Warbler",4
2003,"Red-bellied Woodpecker",3
2003,"Red-shouldered Hawk",3
2003,"Red-winged Blackbird",1
2003,"Tufted Titmouse",7
2003,"American Crow",36
2003,"American Goldfinch",2
2003,"American Robin",2
2003,"Blue Jay",4
2003,"Blue-gray Gnatcatcher",3
2003,"Carolina Chickadee",3
2003,"Carolina Wren",19
2003,"Chipping Sparrow",3
2003,"Common Yellowthroat",9
2003,"Eastern Bluebird",13
2003,"Eastern Towhee",4
2003,"Gray Catbird",2
2003,"Killdeer",1
2003,"Mourning Dove",13
2003,"Northern Bobwhite",2
2003,"Northern Cardinal",24
2003,"Northern Mockingbird",3
2003,"Pileated Woodpecker",1
2003,"Pine Warbler",5
2003,"Red-bellied Woodpecker",4
2003,"Tufted Titmouse",10
2003,"White-breasted Nuthatch",1
2003,"American Crow",16
2003,"American Goldfinch",4
2003,"American Robin",5
2003,"Blue Jay",4
2003,"Blue-gray Gnatcatcher",3
2003,"Brown-headed Cowbird",3
2003,"Brown-headed Nuthatch",1
2003,"Carolina Chickadee",6
2003,"Carolina Wren",17
2003,"Chipping Sparrow",19
2003,"Common Grackle",10
2003,"Common Yellowthroat",2
2003,"Downy Woodpecker",1
2003,"Eastern Bluebird",12
2003,"Eastern Meadowlark",8
2003,"Eastern Phoebe",4
2003,"Eastern Towhee",5
2003,"House Finch",1
2003,"Killdeer",1
2003,"Mourning Dove",12
2003,"Northern Bobwhite",1
2003,"Northern Cardinal",13
2003,"Northern Mockingbird",13
2003,"Pine Warbler",1
2003,"Red-bellied Woodpecker",6
2003,"Red-winged Blackbird",5
2003,"Tufted Titmouse",6
2003,"Turkey Vulture",1
2003,"American Crow",34
2003,"American Goldfinch",3
2003,"American Robin",8
2003,"Blue Jay",8
2003,"Carolina Chickadee",5
2003,"Carolina Wren",6
2003,"Eastern Bluebird",8
2003,"Eastern Meadowlark",7
2003,"Eastern Towhee",2
2003,"European Starling",29
2003,"House Sparrow",8
2003,"Mourning Dove",14
2003,"Northern Cardinal",25
2003,"Northern Mockingbird",13
2003,"Song Sparrow",4
2003,"Tufted Titmouse",4
2003,"American Crow",10
2003,"American Goldfinch",5
2003,"American Robin",2
2003,"Blue Jay",1
2003,"Blue-gray Gnatcatcher",9
2003,"Brown Thrasher",1
2003,"Brown-headed Cowbird",2
2003,"Brown-headed Nuthatch",2
2003,"Carolina Chickadee",3
2003,"Carolina Wren",24
2003,"Chipping Sparrow",9
2003,"Common Grackle",4
2003,"Downy Woodpecker",1
2003,"Eastern Bluebird",1
2003,"Eastern Phoebe",1
2003,"Eastern Towhee",7
2003,"Field Sparrow",1
2003,"Fish Crow",1
2003,"Great Blue Heron",2
2003,"House Finch",1
2003,"Mourning Dove",17
2003,"Northern Cardinal",21
2003,"Northern Mockingbird",3
2003,"Pine Warbler",15
2003,"Red-bellied Woodpecker",4
2003,"Tufted Titmouse",9
2003,"American Crow",18
2003,"American Goldfinch",6
2003,"American Robin",1
2003,"Blue Jay",4
2003,"Blue-gray Gnatcatcher",1
2003,"Brown Thrasher",1
2003,"Brown-headed Cowbird",1
2003,"Carolina Chickadee",3
2003,"Carolina Wren",6
2003,"Chipping Sparrow",15
2003,"Common Grackle",1
2003,"Common Yellowthroat",4
2003,"Eastern Meadowlark",7
2003,"Eastern Phoebe",1
2003,"Eastern Towhee",5
2003,"Mourning Dove",12
2003,"Northern Bobwhite",2
2003,"Northern Cardinal",33
2003,"Northern Mockingbird",5
2003,"Pine Warbler",1
2003,"Red-bellied Woodpecker",7
2003,"Red-winged Blackbird",2
2003,"Tufted Titmouse",9
2003,"Turkey Vulture",2
2003,"American Crow",28
2003,"American Goldfinch",3
2003,"American Robin",1
2003,"Blue Jay",3
2003,"Blue-gray Gnatcatcher",4
2003,"Brown Thrasher",1
2003,"Brown-headed Nuthatch",3
2003,"Carolina Chickadee",21
2003,"Carolina Wren",2
2003,"Chipping Sparrow",18
2003,"Common Grackle",6
2003,"Eastern Bluebird",4
2003,"Eastern Towhee",3
2003,"House Sparrow",1
2003,"Mourning Dove",12
2003,"Northern Cardinal",23
2003,"Pine Warbler",13
2003,"Red-bellied Woodpecker",4
2003,"Tufted Titmouse",27
2003,"American Crow",25
2003,"American Goldfinch",4
2003,"American Robin",26
2003,"Blue Jay",15
2003,"Blue-gray Gnatcatcher",4
2003,"Brown Thrasher",5
2003,"Brown-headed Cowbird",1
2003,"Brown-headed Nuthatch",3
2003,"Carolina Chickadee",9
2003,"Carolina Wren",3
2003,"Chipping Sparrow",6
2003,"Common Grackle",31
2003,"Downy Woodpecker",3
2003,"Eastern Bluebird",1
2003,"Eastern Phoebe",1
2003,"Eastern Towhee",11
2003,"European Starling",12
2003,"Gray Catbird",6
2003,"House Finch",16
2003,"Mourning Dove",21
2003,"Northern Cardinal",32
2003,"Northern Mockingbird",12
2003,"Pine Warbler",3
2003,"Red-bellied Woodpecker",12
2003,"Red-shouldered Hawk",3
2003,"Red-winged Blackbird",2
2003,"Song Sparrow",2
2003,"Tufted Titmouse",10
2003,"White-breasted Nuthatch",3
2003,"American Crow",4
2003,"American Goldfinch",2
2003,"American Robin",11
2003,"Blue Jay",2
2003,"Blue-gray Gnatcatcher",8
2003,"Brown-headed Cowbird",12
2003,"Canada Goose",2
2003,"Carolina Chickadee",4
2003,"Carolina Wren",9
2003,"Chipping Sparrow",9
2003,"Common Grackle",1
2003,"Common Yellowthroat",3
2003,"Downy Woodpecker",2
2003,"Eastern Bluebird",4
2003,"Eastern Phoebe",1
2003,"Eastern Towhee",9
2003,"European Starling",5
2003,"Gray Catbird",1
2003,"House Finch",4
2003,"Killdeer",4
2003,"Mourning Dove",9
2003,"Northern Cardinal",15
2003,"Northern Mockingbird",2
2003,"Pileated Woodpecker",1
2003,"Pine Warbler",2
2003,"Red-bellied Woodpecker",2
2003,"Red-shouldered Hawk",1
2003,"Tufted Titmouse",8
2003,"Turkey Vulture",1
2003,"American Crow",11
2003,"American Goldfinch",12
2003,"American Robin",17
2003,"Blue Jay",9
2003,"Blue-gray Gnatcatcher",17
2003,"Brown Thrasher",1
2003,"Brown-headed Cowbird",1
2003,"Brown-headed Nuthatch",5
2003,"Canada Goose",16
2003,"Carolina Chickadee",4
2003,"Carolina Wren",1
2003,"Chipping Sparrow",7
2003,"Common Grackle",5
2003,"Downy Woodpecker",1
2003,"Eastern Bluebird",2
2003,"Eastern Towhee",14
2003,"European Starling",7
2003,"Fish Crow",2
2003,"House Finch",9
2003,"House Sparrow",5
2003,"Mourning Dove",7
2003,"Northern Cardinal",22
2003,"Northern Mockingbird",12
2003,"Pine Warbler",1
2003,"Red-bellied Woodpecker",5
2003,"Song Sparrow",1
2003,"Tufted Titmouse",1
2003,"White-breasted Nuthatch",4
2003,"American Crow",6
2003,"American Goldfinch",2
2003,"American Robin",15
2003,"Blue Jay",2
2003,"Brown Thrasher",2
2003,"Brown-headed Cowbird",1
2003,"Brown-headed Nuthatch",1
2003,"Carolina Chickadee",1
2003,"Carolina Wren",13
2003,"Chipping Sparrow",3
2003,"Common Grackle",3
2003,"Eastern Towhee",8
2003,"Mourning Dove",3
2003,"Northern Cardinal",17
2003,"Northern Mockingbird",7
2003,"Pine Warbler",4
2003,"Red-bellied Woodpecker",4
2003,"Tufted Titmouse",9
2003,"American Crow",6
2003,"American Goldfinch",2
2003,"American Robin",6
2003,"Blue Jay",2
2003,"Blue-gray Gnatcatcher",6
2003,"Carolina Chickadee",2
2003,"Carolina Wren",10
2003,"Chipping Sparrow",6
2003,"Common Grackle",6
2003,"Common Yellowthroat",1
2003,"Eastern Bluebird",5
2003,"Eastern Towhee",9
2003,"Field Sparrow",2
2003,"House Finch",2
2003,"House Sparrow",1
2003,"Mourning Dove",4
2003,"Northern Bobwhite",2
2003,"Northern Cardinal",18
2003,"Northern Mockingbird",6
2003,"Pine Warbler",3
2003,"Red-bellied Woodpecker",3
2003,"Red-winged Blackbird",2
2003,"Tufted Titmouse",3
2003,"Turkey Vulture",1
2003,"American Crow",26
2003,"American Goldfinch",3
2003,"American Robin",4
2003,"Blue Jay",2
2003,"Blue-gray Gnatcatcher",13
2003,"Brown-headed Cowbird",3
2003,"Canada Goose",14
2003,"Carolina Chickadee",5
2003,"Carolina Wren",8
2003,"Chipping Sparrow",11
2003,"Common Grackle",10
2003,"Common Yellowthroat",2
2003,"Downy Woodpecker",1
2003,"Eastern Bluebird",5
2003,"Eastern Phoebe",2
2003,"Eastern Towhee",3
2003,"European Starling",1
2003,"Field Sparrow",1
2003,"Fish Crow",1
2003,"Great Blue Heron",1
2003,"House Finch",2
2003,"House Sparrow",3
2003,"Mourning Dove",14
2003,"Northern Bobwhite",1
2003,"Northern Cardinal",26
2003,"Northern Mockingbird",17
2003,"Red-bellied Woodpecker",4
2003,"Tufted Titmouse",14
2003,"American Crow",21
2003,"American Goldfinch",6
2003,"American Robin",5
2003,"Blue Jay",7
2003,"Blue-gray Gnatcatcher",11
2003,"Brown Thrasher",2
2003,"Brown-headed Cowbird",3
2003,"Carolina Chickadee",5
2003,"Carolina Wren",15
2003,"Chipping Sparrow",16
2003,"Common Grackle",9
2003,"Common Yellowthroat",3
2003,"Downy Woodpecker",3
2003,"Eastern Bluebird",13
2003,"Eastern Meadowlark",9
2003,"Eastern Phoebe",5
2003,"Eastern Towhee",6
2003,"European Starling",24
2003,"Field Sparrow",2
2003,"House Finch",3
2003,"House Sparrow",2
2003,"Killdeer",2
2003,"Mourning Dove",23
2003,"Northern Bobwhite",1
2003,"Northern Cardinal",16
2003,"Northern Mockingbird",9
2003,"Red-bellied Woodpecker",3
2003,"Red-winged Blackbird",1
2003,"Tufted Titmouse",20
2003,"White-breasted Nuthatch",5
2003,"American Crow",15
2003,"American Goldfinch",2
2003,"American Robin",3
2003,"Brown Thrasher",1
2003,"Canada Goose",25
2003,"Carolina Chickadee",1
2003,"Carolina Wren",9
2003,"Chipping Sparrow",2
2003,"Common Grackle",3
2003,"Common Yellowthroat",1
2003,"Downy Woodpecker",2
2003,"Eastern Bluebird",6
2003,"Eastern Phoebe",2
2003,"Eastern Towhee",3
2003,"European Starling",13
2003,"Fish Crow",3
2003,"Mourning Dove",9
2003,"Northern Cardinal",20
2003,"Northern Mockingbird",5
2003,"Pine Warbler",2
2003,"Red-bellied Woodpecker",4
2003,"Red-winged Blackbird",1
2003,"Tufted Titmouse",11
2003,"White-breasted Nuthatch",1
2003,"American Crow",32
2003,"American Goldfinch",7
2003,"American Robin",12
2003,"Blue Jay",8
2003,"Blue-gray Gnatcatcher",5
2003,"Brown-headed Cowbird",2
2003,"Carolina Chickadee",2
2003,"Carolina Wren",14
2003,"Chipping Sparrow",12
2003,"Common Grackle",29
2003,"Common Yellowthroat",4
2003,"Downy Woodpecker",1
2003,"Eastern Bluebird",18
2003,"Eastern Meadowlark",5
2003,"Eastern Phoebe",1
2003,"Eastern Towhee",8
2003,"European Starling",30
2003,"Field Sparrow",3
2003,"House Finch",5
2003,"House Sparrow",10
2003,"Killdeer",1
2003,"Mourning Dove",21
2003,"Northern Cardinal",12
2003,"Northern Mockingbird",14
2003,"Pine Warbler",2
2003,"Red-bellied Woodpecker",4
2003,"Red-winged Blackbird",1
2003,"Song Sparrow",1
2003,"Tufted Titmouse",10
2003,"White-breasted Nuthatch",3
2003,"American Crow",19
2003,"American Goldfinch",3
2003,"American Robin",3
2003,"Blue Jay",1
2003,"Blue-gray Gnatcatcher",8
2003,"Brown-headed Cowbird",2
2003,"Carolina Chickadee",6
2003,"Carolina Wren",11
2003,"Chipping Sparrow",1
2003,"Common Grackle",1
2003,"Downy Woodpecker",3
2003,"Eastern Bluebird",3
2003,"Eastern Phoebe",1
2003,"Eastern Towhee",13
2003,"House Finch",3
2003,"Mourning Dove",6
2003,"Northern Cardinal",36
2003,"Northern Mockingbird",3
2003,"Pine Warbler",3
2003,"Red-bellied Woodpecker",3
2003,"Red-winged Blackbird",3
2003,"Tufted Titmouse",11
2003,"Turkey Vulture",6
2003,"American Crow",30
2003,"American Goldfinch",10
2003,"American Robin",1
2003,"Blue Jay",4
2003,"Blue-gray Gnatcatcher",9
2003,"Brown Thrasher",1
2003,"Brown-headed Cowbird",3
2003,"Canada Goose",21
2003,"Carolina Chickadee",7
2003,"Carolina Wren",23
2003,"Chipping Sparrow",22
2003,"Common Grackle",6
2003,"Common Yellowthroat",4
2003,"Downy Woodpecker",1
2003,"Eastern Bluebird",3
2003,"Eastern Meadowlark",4
2003,"Eastern Phoebe",1
2003,"Eastern Towhee",9
2003,"European Starling",1
2003,"Field Sparrow",2
2003,"Great Blue Heron",2
2003,"House Finch",2
2003,"Killdeer",5
2003,"Mourning Dove",31
2003,"Northern Cardinal",18
2003,"Northern Mockingbird",9
2003,"Pine Warbler",5
2003,"Red-bellied Woodpecker",5
2003,"Red-shouldered Hawk",3
2003,"Red-winged Blackbird",6
2003,"Tufted Titmouse",7
2003,"American Crow",28
2003,"American Goldfinch",8
2003,"American Robin",5
2003,"Blue Jay",4
2003,"Blue-gray Gnatcatcher",1
2003,"Brown Thrasher",1
2003,"Brown-headed Cowbird",7
2003,"Brown-headed Nuthatch",1
2003,"Carolina Chickadee",9
2003,"Carolina Wren",5
2003,"Chipping Sparrow",7
2003,"Downy Woodpecker",4
2003,"Eastern Bluebird",9
2003,"Eastern Phoebe",1
2003,"Eastern Towhee",8
2003,"European Starling",5
2003,"Fish Crow",1
2003,"Gray Catbird",1
2003,"Mourning Dove",15
2003,"Northern Cardinal",35
2003,"Northern Mockingbird",7
2003,"Pine Warbler",10
2003,"Red-bellied Woodpecker",2
2003,"Red-shouldered Hawk",1
2003,"Tufted Titmouse",19
2003,"White-breasted Nuthatch",2
2003,"American Crow",15
2003,"American Goldfinch",6
2003,"American Robin",16
2003,"Blue Jay",2
2003,"Brown-headed Cowbird",2
2003,"Canada Goose",10
2003,"Carolina Chickadee",4
2003,"Carolina Wren",22
2003,"Chipping Sparrow",9
2003,"Common Grackle",8
2003,"Common Yellowthroat",9
2003,"Eastern Bluebird",2
2003,"Eastern Phoebe",4
2003,"Eastern Towhee",7
2003,"European Starling",3
2003,"Field Sparrow",2
2003,"Gray Catbird",2
2003,"House Finch",7
2003,"House Sparrow",5
2003,"Mourning Dove",12
2003,"Northern Cardinal",25
2003,"Northern Mockingbird",13
2003,"Pine Warbler",3
2003,"Red-bellied Woodpecker",4
2003,"Red-winged Blackbird",4
2003,"Tufted Titmouse",15
2003,"American Crow",18
2003,"American Goldfinch",1
2003,"Blue Jay",3
2003,"Canada Goose",3
2003,"Carolina Chickadee",1
2003,"Carolina Wren",11
2003,"Chipping Sparrow",3
2003,"Common Grackle",2
2003,"Eastern Bluebird",8
2003,"House Finch",2
2003,"Mourning Dove",10
2003,"Northern Mockingbird",1
2003,"Red-bellied Woodpecker",6
2003,"Tufted Titmouse",14
2003,"Turkey Vulture",3
2003,"American Crow",23
2003,"American Goldfinch",4
2003,"American Robin",8
2003,"Blue Jay",5
2003,"Blue-gray Gnatcatcher",15
2003,"Brown Thrasher",1
2003,"Brown-headed Cowbird",2
2003,"Brown-headed Nuthatch",1
2003,"Carolina Chickadee",11
2003,"Carolina Wren",13
2003,"Chipping Sparrow",6
2003,"Common Grackle",21
2003,"Common Yellowthroat",6
2003,"Downy Woodpecker",1
2003,"Eastern Bluebird",8
2003,"Eastern Meadowlark",2
2003,"Eastern Phoebe",1
2003,"Eastern Towhee",12
2003,"European Starling",35
2003,"Field Sparrow",1
2003,"Gray Catbird",2
2003,"House Finch",12
2003,"Mourning Dove",16
2003,"Northern Cardinal",27
2003,"Northern Mockingbird",9
2003,"Pine Warbler",6
2003,"Red-bellied Woodpecker",10
2003,"Tufted Titmouse",21
2003,"American Crow",26
2003,"American Goldfinch",9
2003,"American Robin",8
2003,"Blue Jay",7
2003,"Blue-gray Gnatcatcher",2
2003,"Carolina Chickadee",17
2003,"Carolina Wren",13
2003,"Eastern Bluebird",13
2003,"Eastern Towhee",5
2003,"Northern Cardinal",33
2003,"Northern Mockingbird",8
2003,"Red-bellied Woodpecker",3
2003,"Red-winged Blackbird",2
2003,"Tufted Titmouse",8
2003,"American Crow",14
2003,"American Goldfinch",8
2003,"American Robin",15
2003,"Blue Jay",2
2003,"Brown Thrasher",3
2003,"Canada Goose",1
2003,"Carolina Wren",19
2003,"Chipping Sparrow",1
2003,"Common Grackle",15
2003,"Common Yellowthroat",2
2003,"Eastern Bluebird",3
2003,"Eastern Phoebe",1
2003,"Eastern Towhee",11
2003,"European Starling",36
2003,"Fish Crow",1
2003,"Gray Catbird",5
2003,"House Finch",4
2003,"Mourning Dove",5
2003,"Northern Cardinal",59
2003,"Northern Mockingbird",9
2003,"Pine Warbler",11
2003,"Red-bellied Woodpecker",11
2003,"Red-shouldered Hawk",2
2003,"Tufted Titmouse",10
2003,"White-breasted Nuthatch",1
2004,"American Crow",18
2004,"American Goldfinch",12
2004,"Blue Jay",1
2004,"Blue-gray Gnatcatcher",16
2004,"Brown Thrasher",4
2004,"Brown-headed Cowbird",2
2004,"Carolina Chickadee",6
2004,"Carolina Wren",14
2004,"Common Grackle",1
2004,"Downy Woodpecker",2
2004,"Eastern Bluebird",2
2004,"Eastern Towhee",6
2004,"European Starling",3
2004,"Fish Crow",2
2004,"Killdeer",1
2004,"Mourning Dove",4
2004,"Northern Cardinal",30
2004,"Northern Mockingbird",2
2004,"Pileated Woodpecker",3
2004,"Pine Warbler",17
2004,"Red-bellied Woodpecker",6
2004,"Tufted Titmouse",13
2004,"Turkey Vulture",1
2004,"White-breasted Nuthatch",3
2004,"American Crow",14
2004,"American Goldfinch",5
2004,"American Robin",3
2004,"Blue Jay",6
2004,"Blue-gray Gnatcatcher",20
2004,"Brown Thrasher",2
2004,"Brown-headed Cowbird",5
2004,"Brown-headed Nuthatch",1
2004,"Carolina Chickadee",11
2004,"Carolina Wren",12
2004,"Chipping Sparrow",8
2004,"Common Grackle",7
2004,"Common Yellowthroat",10
2004,"Downy Woodpecker",2
2004,"Eastern Bluebird",3
2004,"Eastern Towhee",10
2004,"European Starling",1
2004,"Field Sparrow",2
2004,"House Finch",2
2004,"Mourning Dove",17
2004,"Northern Bobwhite",1
2004,"Northern Cardinal",25
2004,"Northern Mockingbird",5
2004,"Pileated Woodpecker",1
2004,"Pine Warbler",8
2004,"Red-bellied Woodpecker",6
2004,"Tufted Titmouse",12
2004,"American Crow",11
2004,"American Goldfinch",2
2004,"American Robin",9
2004,"Blue Jay",4
2004,"Blue-gray Gnatcatcher",2
2004,"Brown Thrasher",1
2004,"Brown-headed Nuthatch",1
2004,"Carolina Wren",17
2004,"Chipping Sparrow",8
2004,"Common Grackle",10
2004,"Common Yellowthroat",5
2004,"Downy Woodpecker",1
2004,"Eastern Bluebird",1
2004,"Eastern Meadowlark",2
2004,"Eastern Phoebe",1
2004,"Eastern Towhee",14
2004,"Field Sparrow",1
2004,"Mourning Dove",7
2004,"Northern Bobwhite",1
2004,"Northern Cardinal",17
2004,"Northern Mockingbird",6
2004,"Pine Warbler",11
2004,"Red-bellied Woodpecker",7
2004,"Red-winged Blackbird",2
2004,"Tufted Titmouse",12
2004,"American Crow",36
2004,"American Goldfinch",3
2004,"American Robin",2
2004,"Blue Jay",3
2004,"Blue-gray Gnatcatcher",7
2004,"Brown Thrasher",1
2004,"Carolina Chickadee",2
2004,"Carolina Wren",18
2004,"Chipping Sparrow",14
2004,"Common Grackle",5
2004,"Common Yellowthroat",4
2004,"Eastern Bluebird",5
2004,"Eastern Meadowlark",1
2004,"Eastern Towhee",6
2004,"European Starling",12
2004,"Field Sparrow",2
2004,"Mourning Dove",11
2004,"Northern Cardinal",24
2004,"Northern Mockingbird",2
2004,"Pine Warbler",2
2004,"Red-bellied Woodpecker",3
2004,"Red-shouldered Hawk",1
2004,"Red-winged Blackbird",3
2004,"Tufted Titmouse",6
2004,"Turkey Vulture",1
2004,"American Crow",22
2004,"American Goldfinch",1
2004,"American Robin",5
2004,"Blue Jay",2
2004,"Blue-gray Gnatcatcher",4
2004,"Brown Thrasher",1
2004,"Canada Goose",2
2004,"Carolina Chickadee",1
2004,"Carolina Wren",32
2004,"Chipping Sparrow",12
2004,"Common Yellowthroat",4
2004,"Downy Woodpecker",1
2004,"Eastern Bluebird",7
2004,"Eastern Meadowlark",10
2004,"Eastern Towhee",5
2004,"Field Sparrow",3
2004,"House Finch",2
2004,"Mourning Dove",16
2004,"Northern Bobwhite",5
2004,"Northern Cardinal",23
2004,"Northern Mockingbird",23
2004,"Red-bellied Woodpecker",9
2004,"Red-winged Blackbird",5
2004,"Tufted Titmouse",18
2004,"American Crow",36
2004,"American Goldfinch",7
2004,"American Robin",4
2004,"Blue Jay",2
2004,"Carolina Chickadee",2
2004,"Carolina Wren",6
2004,"Chipping Sparrow",8
2004,"Common Grackle",5
2004,"Eastern Bluebird",21
2004,"Eastern Meadowlark",7
2004,"Eastern Phoebe",1
2004,"Eastern Towhee",7
2004,"Mourning Dove",15
2004,"Northern Cardinal",29
2004,"Northern Mockingbird",10
2004,"Red-winged Blackbird",3
2004,"Tufted Titmouse",7
2004,"American Crow",17
2004,"American Goldfinch",1
2004,"Blue Jay",4
2004,"Blue-gray Gnatcatcher",13
2004,"Brown Thrasher",3
2004,"Carolina Chickadee",6
2004,"Carolina Wren",21
2004,"Chipping Sparrow",10
2004,"Common Grackle",23
2004,"Common Yellowthroat",4
2004,"Downy Woodpecker",2
2004,"Eastern Bluebird",7
2004,"Eastern Meadowlark",2
2004,"Eastern Phoebe",1
2004,"Eastern Towhee",5
2004,"Mourning Dove",24
2004,"Northern Bobwhite",3
2004,"Northern Cardinal",33
2004,"Northern Mockingbird",9
2004,"Pine Warbler",1
2004,"Red-bellied Woodpecker",9
2004,"Red-winged Blackbird",5
2004,"Tufted Titmouse",10
2004,"White-breasted Nuthatch",1
2004,"American Crow",54
2004,"American Goldfinch",13
2004,"American Robin",15
2004,"Blue Jay",3
2004,"Blue-gray Gnatcatcher",5
2004,"Brown Thrasher",1
2004,"Brown-headed Cowbird",3
2004,"Carolina Wren",10
2004,"Chipping Sparrow",11
2004,"Common Yellowthroat",1
2004,"Downy Woodpecker",3
2004,"Eastern Bluebird",2
2004,"Eastern Meadowlark",4
2004,"Eastern Phoebe",1
2004,"Eastern Towhee",10
2004,"Great Blue Heron",4
2004,"Mourning Dove",11
2004,"Northern Bobwhite",2
2004,"Northern Cardinal",27
2004,"Northern Mockingbird",7
2004,"Pine Warbler",4
2004,"Red-bellied Woodpecker",10
2004,"Red-shouldered Hawk",2
2004,"Red-winged Blackbird",1
2004,"Tufted Titmouse",2
2004,"American Crow",22
2004,"American Goldfinch",3
2004,"American Robin",4
2004,"Blue Jay",4
2004,"Blue-gray Gnatcatcher",6
2004,"Brown-headed Cowbird",1
2004,"Carolina Chickadee",2
2004,"Carolina Wren",22
2004,"Chipping Sparrow",5
2004,"Common Grackle",3
2004,"Common Yellowthroat",1
2004,"Eastern Bluebird",9
2004,"Eastern Meadowlark",1
2004,"Eastern Phoebe",2
2004,"Eastern Towhee",2
2004,"European Starling",3
2004,"Fish Crow",2
2004,"Gray Catbird",1
2004,"House Finch",9
2004,"House Sparrow",2
2004,"Mourning Dove",11
2004,"Northern Bobwhite",2
2004,"Northern Cardinal",17
2004,"Northern Mockingbird",3
2004,"Pine Warbler",1
2004,"Red-bellied Woodpecker",6
2004,"Red-shouldered Hawk",2
2004,"Tufted Titmouse",4
2004,"American Crow",31
2004,"American Goldfinch",5
2004,"American Robin",3
2004,"Blue Jay",9
2004,"Blue-gray Gnatcatcher",4
2004,"Brown-headed Cowbird",7
2004,"Carolina Chickadee",1
2004,"Carolina Wren",15
2004,"Chipping Sparrow",13
2004,"Common Yellowthroat",3
2004,"Eastern Bluebird",8
2004,"Eastern Meadowlark",7
2004,"Eastern Towhee",4
2004,"Mourning Dove",17
2004,"Northern Bobwhite",4
2004,"Northern Cardinal",14
2004,"Northern Mockingbird",13
2004,"Pine Warbler",1
2004,"Red-bellied Woodpecker",7
2004,"Red-winged Blackbird",7
2004,"Tufted Titmouse",5
2004,"White-breasted Nuthatch",1
2004,"American Crow",36
2004,"American Robin",8
2004,"Blue Jay",10
2004,"Carolina Chickadee",12
2004,"Carolina Wren",9
2004,"Eastern Bluebird",10
2004,"Eastern Meadowlark",6
2004,"Eastern Towhee",9
2004,"European Starling",12
2004,"House Finch",3
2004,"House Sparrow",6
2004,"Mourning Dove",13
2004,"Northern Cardinal",37
2004,"Northern Mockingbird",20
2004,"Pine Warbler",5
2004,"Red-bellied Woodpecker",4
2004,"Song Sparrow",8
2004,"Tufted Titmouse",5
2004,"American Crow",15
2004,"American Goldfinch",8
2004,"American Robin",4
2004,"Blue Jay",1
2004,"Blue-gray Gnatcatcher",13
2004,"Brown-headed Cowbird",2
2004,"Brown-headed Nuthatch",1
2004,"Canada Goose",1
2004,"Carolina Chickadee",5
2004,"Carolina Wren",23
2004,"Chipping Sparrow",9
2004,"Common Grackle",14
2004,"Downy Woodpecker",1
2004,"Eastern Bluebird",6
2004,"Eastern Meadowlark",1
2004,"Eastern Phoebe",1
2004,"Eastern Towhee",4
2004,"European Starling",19
2004,"Field Sparrow",1
2004,"House Finch",5
2004,"Mourning Dove",15
2004,"Northern Cardinal",18
2004,"Northern Mockingbird",3
2004,"Pine Warbler",12
2004,"Red-bellied Woodpecker",3
2004,"Red-winged Blackbird",1
2004,"Tufted Titmouse",8
2004,"American Crow",31
2004,"American Goldfinch",1
2004,"Blue Jay",1
2004,"Blue-gray Gnatcatcher",3
2004,"Brown Thrasher",4
2004,"Brown-headed Cowbird",7
2004,"Canada Goose",27
2004,"Carolina Chickadee",1
2004,"Carolina Wren",6
2004,"Chipping Sparrow",19
2004,"Common Grackle",14
2004,"Common Yellowthroat",9
2004,"Downy Woodpecker",1
2004,"Eastern Bluebird",11
2004,"Eastern Meadowlark",5
2004,"Eastern Phoebe",2
2004,"Eastern Towhee",4
2004,"Field Sparrow",1
2004,"Gray Catbird",1
2004,"Mourning Dove",8
2004,"Northern Cardinal",42
2004,"Northern Mockingbird",5
2004,"Pine Warbler",1
2004,"Red-bellied Woodpecker",1
2004,"Red-winged Blackbird",3
2004,"Tufted Titmouse",1
2004,"American Crow",22
2004,"American Goldfinch",3
2004,"American Robin",10
2004,"Blue Jay",4
2004,"Blue-gray Gnatcatcher",13
2004,"Brown Thrasher",1
2004,"Brown-headed Cowbird",1
2004,"Brown-headed Nuthatch",2
2004,"Carolina Chickadee",5
2004,"Carolina Wren",9
2004,"Chipping Sparrow",7
2004,"Common Grackle",1
2004,"Common Yellowthroat",2
2004,"Eastern Bluebird",10
2004,"Eastern Meadowlark",2
2004,"Eastern Towhee",4
2004,"European Starling",2
2004,"Fish Crow",1
2004,"House Finch",2
2004,"Killdeer",1
2004,"Mourning Dove",21
2004,"Northern Bobwhite",1
2004,"Northern Cardinal",16
2004,"Northern Mockingbird",2
2004,"Pine Warbler",2
2004,"Red-bellied Woodpecker",6
2004,"Song Sparrow",1
2004,"Tufted Titmouse",16
2004,"American Crow",15
2004,"American Goldfinch",4
2004,"American Robin",31
2004,"Blue Jay",15
2004,"Blue-gray Gnatcatcher",5
2004,"Brown Thrasher",3
2004,"Brown-headed Cowbird",4
2004,"Brown-headed Nuthatch",2
2004,"Carolina Chickadee",11
2004,"Carolina Wren",6
2004,"Chipping Sparrow",8
2004,"Common Grackle",25
2004,"Downy Woodpecker",6
2004,"Eastern Towhee",6
2004,"European Starling",14
2004,"Gray Catbird",4
2004,"Great Blue Heron",1
2004,"House Finch",20
2004,"Killdeer",3
2004,"Mourning Dove",17
2004,"Northern Cardinal",30
2004,"Northern Mockingbird",7
2004,"Pine Warbler",3
2004,"Red-bellied Woodpecker",9
2004,"Red-shouldered Hawk",1
2004,"Song Sparrow",2
2004,"Tufted Titmouse",12
2004,"White-breasted Nuthatch",3
2004,"American Crow",4
2004,"American Goldfinch",1
2004,"American Robin",7
2004,"Blue Jay",2
2004,"Blue-gray Gnatcatcher",24
2004,"Brown Thrasher",1
2004,"Brown-headed Cowbird",1
2004,"Carolina Wren",17
2004,"Chipping Sparrow",8
2004,"Common Grackle",4
2004,"Common Yellowthroat",3
2004,"Downy Woodpecker",1
2004,"Eastern Bluebird",3
2004,"Eastern Meadowlark",1
2004,"Eastern Towhee",12
2004,"Fish Crow",1
2004,"Gray Catbird",1
2004,"Great Blue Heron",4
2004,"House Finch",2
2004,"Mourning Dove",6
2004,"Northern Cardinal",23
2004,"Northern Mockingbird",4
2004,"Pine Warbler",2
2004,"Red-bellied Woodpecker",3
2004,"Tufted Titmouse",5
2004,"White-breasted Nuthatch",1
2004,"American Goldfinch",9
2004,"American Robin",20
2004,"Blue Jay",11
2004,"Blue-gray Gnatcatcher",17
2004,"Brown Thrasher",2
2004,"Brown-headed Cowbird",1
2004,"Brown-headed Nuthatch",3
2004,"Canada Goose",7
2004,"Carolina Chickadee",6
2004,"Carolina Wren",15
2004,"Chipping Sparrow",2
2004,"Common Grackle",1
2004,"Downy Woodpecker",6
2004,"Eastern Bluebird",2
2004,"Eastern Phoebe",1
2004,"Eastern Towhee",25
2004,"European Starling",2
2004,"Gray Catbird",1
2004,"House Finch",12
2004,"House Sparrow",2
2004,"Mourning Dove",11
2004,"Northern Cardinal",51
2004,"Northern Mockingbird",7
2004,"Pine Warbler",6
2004,"Red-bellied Woodpecker",7
2004,"Red-shouldered Hawk",1
2004,"Tufted Titmouse",15
2004,"White-breasted Nuthatch",5
2004,"American Crow",13
2004,"American Goldfinch",3
2004,"American Robin",6
2004,"Blue Jay",8
2004,"Blue-gray Gnatcatcher",1
2004,"Brown Thrasher",2
2004,"Brown-headed Cowbird",4
2004,"Brown-headed Nuthatch",1
2004,"Carolina Chickadee",2
2004,"Carolina Wren",11
2004,"Chipping Sparrow",3
2004,"Common Grackle",15
2004,"Common Yellowthroat",1
2004,"Eastern Bluebird",2
2004,"Eastern Towhee",10
2004,"European Starling",5
2004,"Fish Crow",2
2004,"House Finch",12
2004,"House Sparrow",1
2004,"Mourning Dove",5
2004,"Northern Cardinal",7
2004,"Northern Mockingbird",15
2004,"Pine Warbler",3
2004,"Red-bellied Woodpecker",1
2004,"Tufted Titmouse",4
2004,"White-breasted Nuthatch",1
2004,"American Crow",9
2004,"American Goldfinch",10
2004,"American Robin",5
2004,"Blue Jay",2
2004,"Blue-gray Gnatcatcher",10
2004,"Brown-headed Cowbird",1
2004,"Carolina Chickadee",2
2004,"Carolina Wren",16
2004,"Chipping Sparrow",8
2004,"Common Yellowthroat",1
2004,"Downy Woodpecker",1
2004,"Eastern Bluebird",3
2004,"Eastern Phoebe",1
2004,"Eastern Towhee",9
2004,"European Starling",1
2004,"Field Sparrow",1
2004,"Fish Crow",4
2004,"House Sparrow",1
2004,"Mourning Dove",9
2004,"Northern Bobwhite",5
2004,"Northern Cardinal",18
2004,"Northern Mockingbird",1
2004,"Red-bellied Woodpecker",3
2004,"Red-winged Blackbird",2
2004,"Tufted Titmouse",10
2004,"American Crow",18
2004,"American Robin",4
2004,"Blue-gray Gnatcatcher",20
2004,"Brown-headed Nuthatch",1
2004,"Carolina Chickadee",3
2004,"Carolina Wren",5
2004,"Chipping Sparrow",7
2004,"Common Grackle",5
2004,"Downy Woodpecker",2
2004,"Eastern Bluebird",8
2004,"Eastern Phoebe",3
2004,"Eastern Towhee",7
2004,"European Starling",4
2004,"Great Blue Heron",1
2004,"Killdeer",1
2004,"Mourning Dove",15
2004,"Northern Cardinal",31
2004,"Northern Mockingbird",15
2004,"Red-bellied Woodpecker",4
2004,"White-breasted Nuthatch",1
2004,"American Crow",30
2004,"American Goldfinch",3
2004,"American Robin",3
2004,"Blue Jay",8
2004,"Blue-gray Gnatcatcher",13
2004,"Brown Thrasher",4
2004,"Brown-headed Cowbird",8
2004,"Carolina Chickadee",9
2004,"Carolina Wren",18
2004,"Chipping Sparrow",16
2004,"Common Grackle",12
2004,"Common Yellowthroat",7
2004,"Downy Woodpecker",3
2004,"Eastern Bluebird",4
2004,"Eastern Meadowlark",10
2004,"Eastern Phoebe",3
2004,"Eastern Towhee",7
2004,"European Starling",15
2004,"Field Sparrow",5
2004,"Fish Crow",1
2004,"Great Blue Heron",10
2004,"House Finch",9
2004,"House Sparrow",1
2004,"Killdeer",1
2004,"Mourning Dove",41
2004,"Northern Bobwhite",1
2004,"Northern Cardinal",12
2004,"Northern Mockingbird",13
2004,"Pine Warbler",2
2004,"Red-bellied Woodpecker",8
2004,"Red-winged Blackbird",3
2004,"Song Sparrow",1
2004,"Tufted Titmouse",12
2004,"American Crow",10
2004,"American Goldfinch",1
2004,"American Robin",4
2004,"Blue Jay",1
2004,"Carolina Wren",9
2004,"Chipping Sparrow",1
2004,"Common Grackle",9
2004,"Eastern Bluebird",7
2004,"Eastern Meadowlark",2
2004,"Eastern Towhee",6
2004,"European Starling",15
2004,"Field Sparrow",5
2004,"House Finch",1
2004,"Mourning Dove",20
2004,"Northern Cardinal",12
2004,"Northern Mockingbird",3
2004,"Pine Warbler",2
2004,"Red-bellied Woodpecker",1
2004,"Tufted Titmouse",17
2004,"Turkey Vulture",7
2004,"American Crow",15
2004,"American Goldfinch",9
2004,"American Robin",10
2004,"Blue Jay",3
2004,"Blue-gray Gnatcatcher",6
2004,"Brown Thrasher",4
2004,"Brown-headed Cowbird",2
2004,"Canada Goose",12
2004,"Carolina Chickadee",1
2004,"Carolina Wren",9
2004,"Chipping Sparrow",16
2004,"Common Grackle",7
2004,"Common Yellowthroat",4
2004,"Eastern Bluebird",11
2004,"Eastern Meadowlark",5
2004,"Eastern Phoebe",2
2004,"Eastern Towhee",9
2004,"European Starling",17
2004,"Field Sparrow",5
2004,"Gray Catbird",1
2004,"Great Blue Heron",1
2004,"House Finch",1
2004,"House Sparrow",6
2004,"Mourning Dove",21
2004,"Northern Cardinal",19
2004,"Northern Mockingbird",9
2004,"Red-bellied Woodpecker",12
2004,"Red-winged Blackbird",1
2004,"Tufted Titmouse",5
2004,"White-breasted Nuthatch",3
2004,"American Crow",25
2004,"American Goldfinch",6
2004,"Blue Jay",4
2004,"Blue-gray Gnatcatcher",8
2004,"Brown Thrasher",2
2004,"Brown-headed Cowbird",5
2004,"Brown-headed Nuthatch",7
2004,"Carolina Chickadee",4
2004,"Carolina Wren",18
2004,"Common Grackle",8
2004,"Common Yellowthroat",2
2004,"Eastern Bluebird",4
2004,"Eastern Phoebe",3
2004,"Eastern Towhee",3
2004,"Field Sparrow",1
2004,"Gray Catbird",1
2004,"House Finch",6
2004,"Mourning Dove",6
2004,"Northern Cardinal",29
2004,"Northern Mockingbird",2
2004,"Pine Warbler",1
2004,"Red-bellied Woodpecker",1
2004,"Tufted Titmouse",6
2004,"Turkey Vulture",5
2004,"White-breasted Nuthatch",3
2004,"American Crow",31
2004,"American Goldfinch",6
2004,"American Robin",1
2004,"Blue Jay",8
2004,"Blue-gray Gnatcatcher",13
2004,"Brown Thrasher",3
2004,"Brown-headed Cowbird",1
2004,"Brown-headed Nuthatch",1
2004,"Canada Goose",83
2004,"Carolina Chickadee",10
2004,"Carolina Wren",17
2004,"Chipping Sparrow",24
2004,"Common Grackle",7
2004,"Common Yellowthroat",4
2004,"Downy Woodpecker",3
2004,"Eastern Bluebird",9
2004,"Eastern Meadowlark",3
2004,"Eastern Towhee",6
2004,"European Starling",3
2004,"Field Sparrow",2
2004,"House Finch",1
2004,"Killdeer",8
2004,"Mourning Dove",34
2004,"Northern Cardinal",28
2004,"Northern Mockingbird",14
2004,"Pine Warbler",5
2004,"Red-bellied Woodpecker",15
2004,"Red-winged Blackbird",6
2004,"Song Sparrow",1
2004,"Tufted Titmouse",20
2004,"White-breasted Nuthatch",1
2004,"American Crow",21
2004,"American Goldfinch",3
2004,"Blue Jay",1
2004,"Blue-gray Gnatcatcher",7
2004,"Brown Thrasher",1
2004,"Brown-headed Cowbird",1
2004,"Canada Goose",9
2004,"Carolina Chickadee",5
2004,"Carolina Wren",11
2004,"Chipping Sparrow",13
2004,"Downy Woodpecker",2
2004,"Eastern Bluebird",4
2004,"Eastern Phoebe",1
2004,"Eastern Towhee",12
2004,"European Starling",2
2004,"Gray Catbird",2
2004,"House Finch",3
2004,"Mourning Dove",8
2004,"Northern Cardinal",31
2004,"Northern Mockingbird",3
2004,"Pine Warbler",7
2004,"Red-bellied Woodpecker",7
2004,"Tufted Titmouse",27
2004,"Turkey Vulture",1
2004,"White-breasted Nuthatch",1
2004,"American Crow",15
2004,"American Goldfinch",11
2004,"Blue Jay",4
2004,"Blue-gray Gnatcatcher",2
2004,"Brown Thrasher",7
2004,"Brown-headed Cowbird",6
2004,"Brown-headed Nuthatch",3
2004,"Canada Goose",10
2004,"Carolina Chickadee",6
2004,"Carolina Wren",23
2004,"Chipping Sparrow",13
2004,"Common Grackle",15
2004,"Common Yellowthroat",8
2004,"Eastern Bluebird",13
2004,"Eastern Meadowlark",10
2004,"Eastern Phoebe",2
2004,"Eastern Towhee",3
2004,"European Starling",6
2004,"Field Sparrow",10
2004,"House Finch",5
2004,"House Sparrow",1
2004,"Killdeer",2
2004,"Mourning Dove",16
2004,"Northern Bobwhite",4
2004,"Northern Cardinal",23
2004,"Northern Mockingbird",10
2004,"Pine Warbler",5
2004,"Red-bellied Woodpecker",5
2004,"Red-winged Blackbird",8
2004,"Tufted Titmouse",13
2004,"White-breasted Nuthatch",1
2004,"American Crow",21
2004,"American Robin",3
2004,"Brown Thrasher",1
2004,"Canada Goose",25
2004,"Carolina Wren",15
2004,"Chipping Sparrow",2
2004,"Common Grackle",12
2004,"Eastern Bluebird",4
2004,"Eastern Meadowlark",2
2004,"Eastern Towhee",1
2004,"European Starling",2
2004,"Mourning Dove",12
2004,"Northern Cardinal",29
2004,"Northern Mockingbird",4
2004,"Pine Warbler",2
2004,"Red-bellied Woodpecker",4
2004,"Red-shouldered Hawk",1
2004,"Tufted Titmouse",11
2004,"White-breasted Nuthatch",2
2004,"American Crow",6
2004,"American Goldfinch",15
2004,"American Robin",4
2004,"Blue Jay",3
2004,"Blue-gray Gnatcatcher",6
2004,"Brown Thrasher",2
2004,"Brown-headed Cowbird",1
2004,"Brown-headed Nuthatch",6
2004,"Carolina Chickadee",6
2004,"Carolina Wren",3
2004,"Chipping Sparrow",12
2004,"Common Yellowthroat",1
2004,"Downy Woodpecker",1
2004,"Eastern Meadowlark",3
2004,"Eastern Towhee",11
2004,"Field Sparrow",6
2004,"Gray Catbird",2
2004,"Killdeer",1
2004,"Mourning Dove",13
2004,"Northern Cardinal",15
2004,"Northern Mockingbird",4
2004,"Pileated Woodpecker",1
2004,"Pine Warbler",4
2004,"Red-bellied Woodpecker",7
2004,"Red-shouldered Hawk",1
2004,"Tufted Titmouse",7
2004,"White-breasted Nuthatch",3
2004,"American Crow",14
2004,"American Goldfinch",6
2004,"American Robin",8
2004,"Blue Jay",6
2004,"Blue-gray Gnatcatcher",19
2004,"Brown Thrasher",3
2004,"Brown-headed Cowbird",7
2004,"Brown-headed Nuthatch",1
2004,"Carolina Chickadee",4
2004,"Carolina Wren",23
2004,"Chipping Sparrow",18
2004,"Common Grackle",20
2004,"Common Yellowthroat",4
2004,"Downy Woodpecker",1
2004,"Eastern Bluebird",8
2004,"Eastern Meadowlark",3
2004,"Eastern Towhee",7
2004,"European Starling",27
2004,"Field Sparrow",1
2004,"House Finch",4
2004,"Killdeer",2
2004,"Mourning Dove",17
2004,"Northern Cardinal",22
2004,"Northern Mockingbird",7
2004,"Pileated Woodpecker",1
2004,"Pine Warbler",7
2004,"Red-bellied Woodpecker",5
2004,"Tufted Titmouse",15
2004,"Turkey Vulture",1
2004,"American Crow",31
2004,"American Robin",3
2004,"Blue Jay",4
2004,"Blue-gray Gnatcatcher",2
2004,"Brown Thrasher",1
2004,"Carolina Chickadee",18
2004,"Carolina Wren",4
2004,"Eastern Bluebird",6
2004,"Eastern Meadowlark",3
2004,"Eastern Phoebe",1
2004,"Eastern Towhee",12
2004,"European Starling",4
2004,"Mourning Dove",13
2004,"Northern Cardinal",33
2004,"Northern Mockingbird",9
2004,"Pine Warbler",11
2004,"Red-bellied Woodpecker",7
2004,"Tufted Titmouse",14
2004,"American Crow",16
2004,"American Goldfinch",3
2004,"American Robin",7
2004,"Blue Jay",3
2004,"Brown Thrasher",5
2004,"Brown-headed Cowbird",1
2004,"Brown-headed Nuthatch",3
2004,"Carolina Chickadee",6
2004,"Carolina Wren",28
2004,"Chipping Sparrow",3
2004,"Common Grackle",10
2004,"Downy Woodpecker",1
2004,"Eastern Bluebird",6
2004,"Eastern Phoebe",1
2004,"Eastern Towhee",15
2004,"European Starling",3
2004,"Gray Catbird",5
2004,"House Finch",9
2004,"House Sparrow",2
2004,"Killdeer",1
2004,"Mourning Dove",10
2004,"Northern Cardinal",36
2004,"Northern Mockingbird",16
2004,"Pine Warbler",10
2004,"Red-bellied Woodpecker",13
2004,"Tufted Titmouse",23
2004,"White-breasted Nuthatch",1
2005,"American Crow",23
2005,"American Goldfinch",5
2005,"American Robin",1
2005,"Blue Jay",9
2005,"Blue-gray Gnatcatcher",10
2005,"Brown Thrasher",4
2005,"Brown-headed Cowbird",1
2005,"Carolina Chickadee",6
2005,"Carolina Wren",10
2005,"Chipping Sparrow",11
2005,"Common Yellowthroat",2
2005,"Downy Woodpecker",1
2005,"Eastern Bluebird",6
2005,"Eastern Phoebe",2
2005,"Eastern Towhee",1
2005,"Fish Crow",1
2005,"House Finch",1
2005,"Mourning Dove",20
2005,"Northern Cardinal",41
2005,"Northern Mockingbird",4
2005,"Pileated Woodpecker",2
2005,"Pine Warbler",25
2005,"Red-bellied Woodpecker",13
2005,"Red-shouldered Hawk",1
2005,"Red-winged Blackbird",4
2005,"Tufted Titmouse",4
2005,"American Crow",15
2005,"American Goldfinch",13
2005,"American Robin",6
2005,"Blue Jay",4
2005,"Blue-gray Gnatcatcher",11
2005,"Brown Thrasher",3
2005,"Brown-headed Cowbird",6
2005,"Brown-headed Nuthatch",2
2005,"Canada Goose",5
2005,"Carolina Chickadee",10
2005,"Carolina Wren",20
2005,"Chipping Sparrow",11
2005,"Common Grackle",3
2005,"Common Yellowthroat",1
2005,"Downy Woodpecker",1
2005,"Eastern Bluebird",8
2005,"Eastern Towhee",7
2005,"European Starling",7
2005,"Field Sparrow",1
2005,"Fish Crow",1
2005,"Great Blue Heron",2
2005,"House Finch",4
2005,"Killdeer",1
2005,"Mourning Dove",15
2005,"Northern Cardinal",26
2005,"Northern Mockingbird",2
2005,"Pileated Woodpecker",2
2005,"Pine Warbler",17
2005,"Red-bellied Woodpecker",5
2005,"Red-winged Blackbird",1
2005,"Tufted Titmouse",18
2005,"Turkey Vulture",1
2005,"American Crow",16
2005,"American Goldfinch",6
2005,"American Robin",9
2005,"Blue Jay",4
2005,"Brown Thrasher",1
2005,"Brown-headed Cowbird",2
2005,"Brown-headed Nuthatch",1
2005,"Canada Goose",4
2005,"Carolina Chickadee",3
2005,"Carolina Wren",32
2005,"Chipping Sparrow",6
2005,"Common Grackle",15
2005,"Common Yellowthroat",9
2005,"Eastern Bluebird",1
2005,"Eastern Meadowlark",2
2005,"Eastern Phoebe",2
2005,"Eastern Towhee",11
2005,"Field Sparrow",2
2005,"Gray Catbird",1
2005,"House Finch",1
2005,"Killdeer",1
2005,"Mourning Dove",14
2005,"Northern Bobwhite",2
2005,"Northern Cardinal",23
2005,"Northern Mockingbird",3
2005,"Pine Warbler",28
2005,"Red-bellied Woodpecker",7
2005,"Tufted Titmouse",13
2005,"American Crow",27
2005,"American Goldfinch",6
2005,"American Robin",4
2005,"Blue Jay",2
2005,"Blue-gray Gnatcatcher",15
2005,"Brown Thrasher",1
2005,"Brown-headed Cowbird",6
2005,"Carolina Chickadee",3
2005,"Carolina Wren",14
2005,"Chipping Sparrow",15
2005,"Common Grackle",3
2005,"Common Yellowthroat",4
2005,"Eastern Bluebird",4
2005,"Eastern Meadowlark",3
2005,"Eastern Phoebe",2
2005,"Eastern Towhee",12
2005,"European Starling",4
2005,"Field Sparrow",2
2005,"Gray Catbird",3
2005,"Great Blue Heron",1
2005,"House Sparrow",1
2005,"Mourning Dove",7
2005,"Northern Cardinal",23
2005,"Northern Mockingbird",3
2005,"Pine Warbler",2
2005,"Red-bellied Woodpecker",1
2005,"Red-shouldered Hawk",1
2005,"Tufted Titmouse",12
2005,"American Crow",18
2005,"American Goldfinch",1
2005,"American Robin",7
2005,"Blue Jay",2
2005,"Blue-gray Gnatcatcher",1
2005,"Brown Thrasher",1
2005,"Carolina Wren",37
2005,"Chipping Sparrow",15
2005,"Common Grackle",1
2005,"Common Yellowthroat",5
2005,"Eastern Bluebird",7
2005,"Eastern Meadowlark",7
2005,"Eastern Towhee",6
2005,"Mourning Dove",16
2005,"Northern Cardinal",30
2005,"Northern Mockingbird",15
2005,"Red-bellied Woodpecker",7
2005,"Red-winged Blackbird",2
2005,"Tufted Titmouse",12
2005,"White-breasted Nuthatch",1
2005,"American Crow",27
2005,"American Goldfinch",1
2005,"American Robin",2
2005,"Blue Jay",9
2005,"Blue-gray Gnatcatcher",4
2005,"Brown Thrasher",2
2005,"Brown-headed Cowbird",2
2005,"Brown-headed Nuthatch",1
2005,"Canada Goose",5
2005,"Carolina Chickadee",1
2005,"Carolina Wren",13
2005,"Chipping Sparrow",19
2005,"Common Grackle",26
2005,"Downy Woodpecker",1
2005,"Eastern Bluebird",10
2005,"Eastern Meadowlark",24
2005,"Eastern Phoebe",4
2005,"Eastern Towhee",11
2005,"European Starling",15
2005,"Field Sparrow",2
2005,"Gray Catbird",1
2005,"Great Blue Heron",1
2005,"House Sparrow",10
2005,"Killdeer",5
2005,"Mourning Dove",20
2005,"Northern Cardinal",46
2005,"Northern Mockingbird",3
2005,"Red-bellied Woodpecker",7
2005,"Red-winged Blackbird",5
2005,"Tufted Titmouse",11
2005,"Turkey Vulture",1
2005,"White-breasted Nuthatch",2
2005,"American Crow",33
2005,"American Goldfinch",7
2005,"American Robin",1
2005,"Blue Jay",7
2005,"Blue-gray Gnatcatcher",10
2005,"Brown Thrasher",2
2005,"Brown-headed Cowbird",7
2005,"Carolina Chickadee",2
2005,"Carolina Wren",19
2005,"Chipping Sparrow",12
2005,"Common Grackle",3
2005,"Common Yellowthroat",2
2005,"Downy Woodpecker",1
2005,"Eastern Bluebird",4
2005,"Eastern Meadowlark",5
2005,"Eastern Phoebe",2
2005,"Eastern Towhee",7
2005,"House Finch",1
2005,"Killdeer",1
2005,"Mourning Dove",20
2005,"Northern Bobwhite",6
2005,"Northern Cardinal",30
2005,"Northern Mockingbird",5
2005,"Pine Warbler",2
2005,"Red-bellied Woodpecker",7
2005,"Red-shouldered Hawk",1
2005,"Red-winged Blackbird",7
2005,"Tufted Titmouse",3
2005,"American Crow",49
2005,"American Goldfinch",7
2005,"American Robin",4
2005,"Blue Jay",2
2005,"Blue-gray Gnatcatcher",4
2005,"Brown Thrasher",2
2005,"Brown-headed Cowbird",1
2005,"Carolina Chickadee",3
2005,"Carolina Wren",10
2005,"Chipping Sparrow",9
2005,"Common Grackle",3
2005,"Downy Woodpecker",1
2005,"Eastern Bluebird",7
2005,"Eastern Meadowlark",1
2005,"Eastern Phoebe",1
2005,"Eastern Towhee",3
2005,"Great Blue Heron",1
2005,"Mourning Dove",9
2005,"Northern Bobwhite",3
2005,"Northern Cardinal",25
2005,"Northern Mockingbird",4
2005,"Pine Warbler",2
2005,"Red-bellied Woodpecker",4
2005,"Red-shouldered Hawk",2
2005,"Tufted Titmouse",2
2005,"White-breasted Nuthatch",1
2005,"American Crow",15
2005,"American Goldfinch",10
2005,"American Robin",5
2005,"Blue Jay",7
2005,"Blue-gray Gnatcatcher",22
2005,"Brown Thrasher",5
2005,"Brown-headed Cowbird",3
2005,"Brown-headed Nuthatch",4
2005,"Carolina Chickadee",14
2005,"Carolina Wren",29
2005,"Chipping Sparrow",5
2005,"Common Grackle",1
2005,"Common Yellowthroat",2
2005,"Downy Woodpecker",1
2005,"Eastern Bluebird",9
2005,"Eastern Phoebe",3
2005,"Eastern Towhee",9
2005,"Field Sparrow",2
2005,"Gray Catbird",1
2005,"House Finch",8
2005,"Mourning Dove",9
2005,"Northern Cardinal",19
2005,"Northern Mockingbird",9
2005,"Pileated Woodpecker",2
2005,"Pine Warbler",17
2005,"Red-bellied Woodpecker",12
2005,"Red-shouldered Hawk",2
2005,"Red-winged Blackbird",5
2005,"Song Sparrow",1
2005,"Tufted Titmouse",9
2005,"White-breasted Nuthatch",1
2005,"American Crow",13
2005,"American Goldfinch",5
2005,"Blue Jay",4
2005,"Blue-gray Gnatcatcher",4
2005,"Brown Thrasher",1
2005,"Carolina Chickadee",5
2005,"Carolina Wren",7
2005,"Chipping Sparrow",10
2005,"Common Grackle",1
2005,"Common Yellowthroat",4
2005,"Eastern Bluebird",4
2005,"Eastern Meadowlark",2
2005,"Eastern Towhee",4
2005,"European Starling",2
2005,"Field Sparrow",2
2005,"House Sparrow",2
2005,"Mourning Dove",11
2005,"Northern Cardinal",8
2005,"Northern Mockingbird",7
2005,"Pileated Woodpecker",2
2005,"Pine Warbler",4
2005,"Red-bellied Woodpecker",6
2005,"Red-shouldered Hawk",1
2005,"Tufted Titmouse",3
2005,"American Crow",17
2005,"American Goldfinch",3
2005,"American Robin",3
2005,"Blue Jay",6
2005,"Blue-gray Gnatcatcher",6
2005,"Brown Thrasher",1
2005,"Brown-headed Cowbird",3
2005,"Brown-headed Nuthatch",1
2005,"Carolina Chickadee",1
2005,"Carolina Wren",17
2005,"Chipping Sparrow",4
2005,"Common Grackle",1
2005,"Common Yellowthroat",7
2005,"Eastern Meadowlark",2
2005,"Eastern Phoebe",3
2005,"Eastern Towhee",3
2005,"Gray Catbird",2
2005,"Killdeer",1
2005,"Mourning Dove",8
2005,"Northern Cardinal",16
2005,"Pine Warbler",7
2005,"Red-bellied Woodpecker",3
2005,"Red-shouldered Hawk",1
2005,"Tufted Titmouse",16
2005,"White-breasted Nuthatch",2
2005,"American Crow",19
2005,"American Goldfinch",6
2005,"American Robin",8
2005,"Blue Jay",4
2005,"Blue-gray Gnatcatcher",4
2005,"Brown-headed Cowbird",5
2005,"Carolina Chickadee",5
2005,"Carolina Wren",21
2005,"Chipping Sparrow",7
2005,"Common Grackle",17
2005,"Common Yellowthroat",4
2005,"Downy Woodpecker",1
2005,"Eastern Bluebird",22
2005,"Eastern Meadowlark",7
2005,"Eastern Towhee",8
2005,"European Starling",10
2005,"Field Sparrow",1
2005,"Great Blue Heron",1
2005,"House Finch",3
2005,"House Sparrow",3
2005,"Mourning Dove",15
2005,"Northern Bobwhite",4
2005,"Northern Cardinal",21
2005,"Northern Mockingbird",14
2005,"Red-bellied Woodpecker",10
2005,"Red-winged Blackbird",4
2005,"Tufted Titmouse",4
2005,"American Crow",15
2005,"American Goldfinch",4
2005,"American Robin",4
2005,"Blue Jay",6
2005,"Brown Thrasher",2
2005,"Eastern Bluebird",16
2005,"Eastern Phoebe",1
2005,"European Starling",20
2005,"House Finch",3
2005,"House Sparrow",3
2005,"Mourning Dove",9
2005,"Northern Cardinal",20
2005,"Northern Mockingbird",9
2005,"Tufted Titmouse",3
2005,"American Crow",11
2005,"American Goldfinch",2
2005,"American Robin",1
2005,"Blue Jay",2
2005,"Blue-gray Gnatcatcher",6
2005,"Brown Thrasher",2
2005,"Brown-headed Cowbird",10
2005,"Brown-headed Nuthatch",2
2005,"Canada Goose",1
2005,"Carolina Chickadee",7
2005,"Carolina Wren",13
2005,"Chipping Sparrow",9
2005,"Common Grackle",65
2005,"Common Yellowthroat",1
2005,"Eastern Bluebird",3
2005,"Eastern Phoebe",1
2005,"Eastern Towhee",10
2005,"European Starling",2
2005,"Great Blue Heron",1
2005,"House Finch",2
2005,"Mourning Dove",14
2005,"Northern Cardinal",11
2005,"Northern Mockingbird",2
2005,"Pileated Woodpecker",1
2005,"Pine Warbler",9
2005,"Red-bellied Woodpecker",4
2005,"Red-shouldered Hawk",2
2005,"Tufted Titmouse",9
2005,"American Crow",38
2005,"Blue Jay",3
2005,"Blue-gray Gnatcatcher",3
2005,"Brown-headed Cowbird",12
2005,"Canada Goose",9
2005,"Carolina Chickadee",3
2005,"Carolina Wren",12
2005,"Chipping Sparrow",10
2005,"Common Grackle",3
2005,"Common Yellowthroat",1
2005,"Downy Woodpecker",3
2005,"Eastern Bluebird",7
2005,"Eastern Meadowlark",4
2005,"Eastern Phoebe",2
2005,"Eastern Towhee",2
2005,"Field Sparrow",2
2005,"House Finch",1
2005,"Mourning Dove",14
2005,"Northern Bobwhite",1
2005,"Northern Cardinal",29
2005,"Northern Mockingbird",8
2005,"Red-bellied Woodpecker",1
2005,"Red-winged Blackbird",4
2005,"Tufted Titmouse",6
2005,"Turkey Vulture",2
2005,"White-breasted Nuthatch",1
2005,"American Crow",34
2005,"American Goldfinch",7
2005,"American Robin",6
2005,"Blue Jay",5
2005,"Blue-gray Gnatcatcher",12
2005,"Brown Thrasher",2
2005,"Canada Goose",12
2005,"Carolina Chickadee",8
2005,"Carolina Wren",19
2005,"Chipping Sparrow",12
2005,"Eastern Bluebird",9
2005,"Eastern Meadowlark",4
2005,"Eastern Towhee",3
2005,"Great Blue Heron",1
2005,"Mourning Dove",16
2005,"Northern Bobwhite",2
2005,"Northern Cardinal",10
2005,"Northern Mockingbird",5
2005,"Pileated Woodpecker",1
2005,"Pine Warbler",7
2005,"Red-bellied Woodpecker",11
2005,"Tufted Titmouse",3
2005,"American Crow",21
2005,"American Goldfinch",6
2005,"American Robin",24
2005,"Blue Jay",3
2005,"Blue-gray Gnatcatcher",8
2005,"Brown Thrasher",1
2005,"Brown-headed Cowbird",2
2005,"Brown-headed Nuthatch",2
2005,"Carolina Chickadee",3
2005,"Carolina Wren",7
2005,"Chipping Sparrow",8
2005,"Common Grackle",5
2005,"Downy Woodpecker",2
2005,"Eastern Bluebird",1
2005,"Eastern Towhee",14
2005,"European Starling",4
2005,"Fish Crow",1
2005,"Gray Catbird",6
2005,"House Finch",9
2005,"Mourning Dove",14
2005,"Northern Cardinal",32
2005,"Northern Mockingbird",8
2005,"Pine Warbler",4
2005,"Red-bellied Woodpecker",1
2005,"Song Sparrow",6
2005,"Tufted Titmouse",4
2005,"American Crow",2
2005,"American Goldfinch",3
2005,"American Robin",7
2005,"Blue Jay",1
2005,"Blue-gray Gnatcatcher",7
2005,"Brown Thrasher",1
2005,"Brown-headed Cowbird",16
2005,"Canada Goose",16
2005,"Carolina Chickadee",8
2005,"Carolina Wren",17
2005,"Chipping Sparrow",5
2005,"Common Grackle",5
2005,"Common Yellowthroat",2
2005,"Downy Woodpecker",2
2005,"Eastern Bluebird",1
2005,"Eastern Meadowlark",2
2005,"Eastern Phoebe",2
2005,"Eastern Towhee",5
2005,"European Starling",2
2005,"Great Blue Heron",9
2005,"House Finch",1
2005,"Killdeer",1
2005,"Mourning Dove",12
2005,"Northern Cardinal",30
2005,"Northern Mockingbird",5
2005,"Pine Warbler",5
2005,"Red-bellied Woodpecker",3
2005,"Tufted Titmouse",4
2005,"American Crow",9
2005,"American Goldfinch",13
2005,"American Robin",10
2005,"Blue Jay",7
2005,"Blue-gray Gnatcatcher",4
2005,"Brown-headed Cowbird",4
2005,"Brown-headed Nuthatch",13
2005,"Carolina Chickadee",6
2005,"Carolina Wren",19
2005,"Chipping Sparrow",7
2005,"Common Grackle",11
2005,"Downy Woodpecker",3
2005,"Eastern Bluebird",7
2005,"Eastern Phoebe",1
2005,"Eastern Towhee",15
2005,"European Starling",2
2005,"Fish Crow",2
2005,"Gray Catbird",2
2005,"Great Blue Heron",1
2005,"House Finch",3
2005,"House Sparrow",2
2005,"Mourning Dove",8
2005,"Northern Cardinal",59
2005,"Northern Mockingbird",8
2005,"Pine Warbler",3
2005,"Red-bellied Woodpecker",6
2005,"Song Sparrow",1
2005,"Tufted Titmouse",12
2005,"White-breasted Nuthatch",6
2005,"American Crow",6
2005,"American Goldfinch",8
2005,"American Robin",14
2005,"Blue Jay",8
2005,"Blue-gray Gnatcatcher",2
2005,"Brown Thrasher",1
2005,"Brown-headed Cowbird",1
2005,"Brown-headed Nuthatch",2
2005,"Carolina Chickadee",1
2005,"Carolina Wren",25
2005,"Chipping Sparrow",4
2005,"Common Grackle",6
2005,"Common Yellowthroat",1
2005,"Eastern Bluebird",1
2005,"Eastern Towhee",13
2005,"European Starling",5
2005,"Gray Catbird",4
2005,"House Finch",5
2005,"Mourning Dove",2
2005,"Northern Cardinal",17
2005,"Northern Mockingbird",15
2005,"Pine Warbler",10
2005,"Red-bellied Woodpecker",3
2005,"Song Sparrow",4
2005,"Tufted Titmouse",3
2005,"American Crow",10
2005,"American Goldfinch",7
2005,"American Robin",3
2005,"Blue Jay",3
2005,"Blue-gray Gnatcatcher",7
2005,"Brown-headed Cowbird",8
2005,"Canada Goose",2
2005,"Carolina Chickadee",7
2005,"Carolina Wren",8
2005,"Chipping Sparrow",9
2005,"Common Grackle",4
2005,"Common Yellowthroat",4
2005,"Eastern Bluebird",4
2005,"Eastern Phoebe",1
2005,"Eastern Towhee",10
2005,"European Starling",5
2005,"Field Sparrow",5
2005,"Gray Catbird",2
2005,"Great Blue Heron",1
2005,"House Finch",1
2005,"House Sparrow",2
2005,"Mourning Dove",11
2005,"Northern Bobwhite",3
2005,"Northern Cardinal",14
2005,"Northern Mockingbird",4
2005,"Pine Warbler",3
2005,"Red-bellied Woodpecker",4
2005,"Tufted Titmouse",5
2005,"White-breasted Nuthatch",1
2005,"American Crow",27
2005,"American Goldfinch",5
2005,"American Robin",8
2005,"Blue Jay",2
2005,"Blue-gray Gnatcatcher",9
2005,"Brown Thrasher",4
2005,"Brown-headed Nuthatch",1
2005,"Carolina Chickadee",5
2005,"Carolina Wren",5
2005,"Chipping Sparrow",9
2005,"Common Grackle",10
2005,"Common Yellowthroat",1
2005,"Downy Woodpecker",1
2005,"Eastern Bluebird",4
2005,"Eastern Phoebe",1
2005,"Eastern Towhee",4
2005,"European Starling",13
2005,"Fish Crow",1
2005,"Gray Catbird",1
2005,"Great Blue Heron",1
2005,"House Finch",1
2005,"House Sparrow",3
2005,"Killdeer",2
2005,"Mourning Dove",13
2005,"Northern Bobwhite",1
2005,"Northern Cardinal",34
2005,"Northern Mockingbird",11
2005,"Pine Warbler",1
2005,"Red-bellied Woodpecker",2
2005,"Tufted Titmouse",1
2005,"White-breasted Nuthatch",1
2005,"American Crow",31
2005,"American Goldfinch",3
2005,"American Robin",5
2005,"Blue Jay",5
2005,"Blue-gray Gnatcatcher",7
2005,"Brown Thrasher",1
2005,"Brown-headed Cowbird",4
2005,"Canada Goose",11
2005,"Carolina Chickadee",3
2005,"Carolina Wren",23
2005,"Chipping Sparrow",20
2005,"Common Grackle",13
2005,"Common Yellowthroat",5
2005,"Eastern Bluebird",18
2005,"Eastern Meadowlark",10
2005,"Eastern Phoebe",3
2005,"Eastern Towhee",8
2005,"European Starling",13
2005,"Field Sparrow",6
2005,"House Finch",4
2005,"House Sparrow",5
2005,"Mourning Dove",30
2005,"Northern Bobwhite",2
2005,"Northern Cardinal",19
2005,"Northern Mockingbird",10
2005,"Red-bellied Woodpecker",11
2005,"Red-shouldered Hawk",1
2005,"Red-winged Blackbird",5
2005,"Song Sparrow",1
2005,"Tufted Titmouse",11
2005,"White-breasted Nuthatch",6
2005,"American Crow",16
2005,"American Goldfinch",4
2005,"American Robin",5
2005,"Blue Jay",1
2005,"Brown Thrasher",4
2005,"Brown-headed Cowbird",3
2005,"Canada Goose",13
2005,"Carolina Chickadee",2
2005,"Carolina Wren",12
2005,"Chipping Sparrow",2
2005,"Common Grackle",4
2005,"Common Yellowthroat",2
2005,"Eastern Bluebird",3
2005,"Eastern Meadowlark",2
2005,"Eastern Phoebe",1
2005,"Eastern Towhee",5
2005,"European Starling",4
2005,"Great Blue Heron",1
2005,"House Finch",2
2005,"Mourning Dove",18
2005,"Northern Bobwhite",3
2005,"Northern Cardinal",27
2005,"Northern Mockingbird",3
2005,"Pine Warbler",2
2005,"Red-bellied Woodpecker",5
2005,"Tufted Titmouse",16
2005,"American Crow",26
2005,"American Goldfinch",4
2005,"American Robin",3
2005,"Blue Jay",2
2005,"Blue-gray Gnatcatcher",2
2005,"Brown Thrasher",2
2005,"Brown-headed Cowbird",3
2005,"Carolina Chickadee",2
2005,"Carolina Wren",12
2005,"Chipping Sparrow",9
2005,"Common Grackle",20
2005,"Common Yellowthroat",1
2005,"Eastern Bluebird",13
2005,"Eastern Meadowlark",2
2005,"Eastern Phoebe",1
2005,"Eastern Towhee",7
2005,"European Starling",6
2005,"Field Sparrow",1
2005,"Fish Crow",4
2005,"House Finch",2
2005,"House Sparrow",12
2005,"Mourning Dove",9
2005,"Northern Cardinal",20
2005,"Northern Mockingbird",9
2005,"Red-bellied Woodpecker",6
2005,"Red-shouldered Hawk",1
2005,"Tufted Titmouse",1
2005,"American Crow",35
2005,"American Goldfinch",3
2005,"American Robin",1
2005,"Blue Jay",1
2005,"Blue-gray Gnatcatcher",2
2005,"Brown-headed Cowbird",2
2005,"Brown-headed Nuthatch",3
2005,"Canada Goose",44
2005,"Carolina Chickadee",6
2005,"Carolina Wren",16
2005,"Chipping Sparrow",2
2005,"Common Grackle",5
2005,"Common Yellowthroat",2
2005,"Downy Woodpecker",4
2005,"Eastern Bluebird",5
2005,"Eastern Phoebe",1
2005,"Eastern Towhee",5
2005,"European Starling",2
2005,"Gray Catbird",1
2005,"House Finch",4
2005,"Mourning Dove",4
2005,"Northern Cardinal",26
2005,"Northern Mockingbird",5
2005,"Pine Warbler",2
2005,"Red-bellied Woodpecker",6
2005,"Red-winged Blackbird",1
2005,"Song Sparrow",1
2005,"Tufted Titmouse",7
2005,"White-breasted Nuthatch",3
2005,"American Crow",23
2005,"American Goldfinch",11
2005,"American Robin",2
2005,"Blue Jay",5
2005,"Blue-gray Gnatcatcher",6
2005,"Brown Thrasher",2
2005,"Brown-headed Cowbird",4
2005,"Canada Goose",3
2005,"Carolina Chickadee",8
2005,"Carolina Wren",13
2005,"Chipping Sparrow",23
2005,"Common Grackle",16
2005,"Common Yellowthroat",3
2005,"Downy Woodpecker",1
2005,"Eastern Bluebird",6
2005,"Eastern Meadowlark",2
2005,"Eastern Towhee",7
2005,"European Starling",35
2005,"Field Sparrow",3
2005,"Gray Catbird",1
2005,"House Finch",1
2005,"Killdeer",6
2005,"Mourning Dove",25
2005,"Northern Cardinal",31
2005,"Northern Mockingbird",14
2005,"Pine Warbler",6
2005,"Red-bellied Woodpecker",8
2005,"Red-winged Blackbird",9
2005,"Tufted Titmouse",7
2005,"White-breasted Nuthatch",2
2005,"American Crow",14
2005,"American Goldfinch",8
2005,"American Robin",8
2005,"Blue Jay",6
2005,"Blue-gray Gnatcatcher",1
2005,"Brown Thrasher",1
2005,"Brown-headed Cowbird",1
2005,"Canada Goose",9
2005,"Carolina Chickadee",2
2005,"Carolina Wren",6
2005,"Chipping Sparrow",13
2005,"Common Grackle",10
2005,"Downy Woodpecker",1
2005,"Eastern Bluebird",10
2005,"Eastern Towhee",16
2005,"Gray Catbird",3
2005,"House Finch",11
2005,"Mourning Dove",14
2005,"Northern Cardinal",29
2005,"Northern Mockingbird",5
2005,"Red-bellied Woodpecker",4
2005,"Tufted Titmouse",7
2005,"White-breasted Nuthatch",1
2005,"American Crow",13
2005,"American Goldfinch",4
2005,"American Robin",12
2005,"Blue Jay",1
2005,"Blue-gray Gnatcatcher",1
2005,"Brown Thrasher",4
2005,"Brown-headed Nuthatch",1
2005,"Canada Goose",2
2005,"Carolina Chickadee",4
2005,"Carolina Wren",18
2005,"Chipping Sparrow",13
2005,"Common Grackle",20
2005,"Common Yellowthroat",4
2005,"Eastern Bluebird",8
2005,"Eastern Meadowlark",11
2005,"Eastern Phoebe",1
2005,"Eastern Towhee",4
2005,"European Starling",6
2005,"Field Sparrow",3
2005,"Gray Catbird",1
2005,"House Finch",1
2005,"Mourning Dove",11
2005,"Northern Bobwhite",2
2005,"Northern Cardinal",18
2005,"Northern Mockingbird",11
2005,"Pine Warbler",2
2005,"Red-bellied Woodpecker",3
2005,"Red-winged Blackbird",16
2005,"Tufted Titmouse",9
2005,"American Crow",15
2005,"American Goldfinch",3
2005,"American Robin",4
2005,"Blue Jay",1
2005,"Brown-headed Cowbird",1
2005,"Canada Goose",22
2005,"Carolina Wren",7
2005,"Chipping Sparrow",7
2005,"Common Grackle",4
2005,"Downy Woodpecker",1
2005,"Eastern Bluebird",10
2005,"Eastern Phoebe",1
2005,"Eastern Towhee",3
2005,"European Starling",2
2005,"Field Sparrow",4
2005,"Mourning Dove",11
2005,"Northern Cardinal",16
2005,"Northern Mockingbird",4
2005,"Pine Warbler",2
2005,"Red-bellied Woodpecker",2
2005,"Red-winged Blackbird",2
2005,"Tufted Titmouse",16
2005,"Turkey Vulture",2
2005,"American Crow",22
2005,"American Goldfinch",13
2005,"American Robin",5
2005,"Blue Jay",7
2005,"Blue-gray Gnatcatcher",8
2005,"Brown Thrasher",1
2005,"Brown-headed Cowbird",8
2005,"Brown-headed Nuthatch",2
2005,"Carolina Chickadee",6
2005,"Carolina Wren",4
2005,"Chipping Sparrow",19
2005,"Downy Woodpecker",1
2005,"Eastern Bluebird",7
2005,"Eastern Meadowlark",2
2005,"Eastern Towhee",6
2005,"European Starling",6
2005,"House Finch",3
2005,"Mourning Dove",9
2005,"Northern Cardinal",32
2005,"Northern Mockingbird",3
2005,"Pine Warbler",7
2005,"Red-bellied Woodpecker",1
2005,"Red-winged Blackbird",5
2005,"Tufted Titmouse",10
2005,"Turkey Vulture",2
2005,"White-breasted Nuthatch",2
2005,"American Crow",24
2005,"American Goldfinch",5
2005,"American Robin",4
2005,"Blue Jay",7
2005,"Blue-gray Gnatcatcher",18
2005,"Brown Thrasher",2
2005,"Brown-headed Cowbird",3
2005,"Canada Goose",5
2005,"Carolina Chickadee",7
2005,"Carolina Wren",22
2005,"Chipping Sparrow",16
2005,"Common Grackle",19
2005,"Common Yellowthroat",4
2005,"Eastern Bluebird",15
2005,"Eastern Meadowlark",2
2005,"Eastern Phoebe",2
2005,"Eastern Towhee",9
2005,"European Starling",8
2005,"Gray Catbird",1
2005,"House Finch",9
2005,"Mourning Dove",17
2005,"Northern Cardinal",26
2005,"Northern Mockingbird",6
2005,"Pine Warbler",6
2005,"Red-bellied Woodpecker",15
2005,"Red-winged Blackbird",2
2005,"Tufted Titmouse",14
2005,"White-breasted Nuthatch",2
2005,"American Crow",27
2005,"American Goldfinch",6
2005,"American Robin",2
2005,"Blue Jay",6
2005,"Blue-gray Gnatcatcher",3
2005,"Brown Thrasher",2
2005,"Brown-headed Nuthatch",1
2005,"Carolina Chickadee",15
2005,"Carolina Wren",10
2005,"Eastern Bluebird",7
2005,"Eastern Meadowlark",2
2005,"Eastern Phoebe",1
2005,"Eastern Towhee",12
2005,"European Starling",6
2005,"Mourning Dove",13
2005,"Northern Cardinal",28
2005,"Northern Mockingbird",5
2005,"Pine Warbler",8
2005,"Red-bellied Woodpecker",2
2005,"Red-winged Blackbird",1
2005,"Tufted Titmouse",8
2005,"American Crow",16
2005,"American Goldfinch",1
2005,"American Robin",12
2005,"Blue Jay",5
2005,"Brown Thrasher",2
2005,"Carolina Chickadee",6
2005,"Carolina Wren",31
2005,"Chipping Sparrow",3
2005,"Common Grackle",14
2005,"Common Yellowthroat",1
2005,"Eastern Bluebird",8
2005,"Eastern Phoebe",2
2005,"Eastern Towhee",16
2005,"European Starling",2
2005,"Gray Catbird",2
2005,"House Finch",7
2005,"Mourning Dove",8
2005,"Northern Cardinal",54
2005,"Northern Mockingbird",6
2005,"Pine Warbler",2
2005,"Red-bellied Woodpecker",11
2005,"Tufted Titmouse",16
2006,"American Crow",47
2006,"American Goldfinch",9
2006,"Blue Jay",3
2006,"Blue-gray Gnatcatcher",9
2006,"Brown Thrasher",3
2006,"Brown-headed Cowbird",5
2006,"Brown-headed Nuthatch",1
2006,"Carolina Chickadee",7
2006,"Carolina Wren",28
2006,"Chipping Sparrow",2
2006,"Common Grackle",4
2006,"Downy Woodpecker",1
2006,"Eastern Bluebird",6
2006,"Eastern Phoebe",2
2006,"Eastern Towhee",4
2006,"European Starling",10
2006,"Fish Crow",9
2006,"Gray Catbird",2
2006,"Mourning Dove",7
2006,"Northern Cardinal",24
2006,"Northern Mockingbird",7
2006,"Pileated Woodpecker",4
2006,"Pine Warbler",27
2006,"Red-bellied Woodpecker",12
2006,"Tufted Titmouse",14
2006,"American Crow",19
2006,"American Goldfinch",9
2006,"American Robin",7
2006,"Blue Jay",7
2006,"Blue-gray Gnatcatcher",11
2006,"Brown Thrasher",1
2006,"Brown-headed Cowbird",4
2006,"Brown-headed Nuthatch",1
2006,"Carolina Chickadee",4
2006,"Carolina Wren",19
2006,"Chipping Sparrow",11
2006,"Common Grackle",7
2006,"Downy Woodpecker",4
2006,"Eastern Bluebird",7
2006,"Eastern Phoebe",1
2006,"Eastern Towhee",8
2006,"Fish Crow",1
2006,"Gray Catbird",1
2006,"Great Blue Heron",1
2006,"House Finch",3
2006,"Mourning Dove",9
2006,"Northern Cardinal",20
2006,"Northern Mockingbird",5
2006,"Pine Warbler",6
2006,"Red-winged Blackbird",1
2006,"Tufted Titmouse",9
2006,"Turkey Vulture",3
2006,"American Crow",11
2006,"American Goldfinch",1
2006,"American Robin",7
2006,"Blue Jay",1
2006,"Brown Thrasher",1
2006,"Carolina Chickadee",4
2006,"Carolina Wren",31
2006,"Chipping Sparrow",7
2006,"Common Grackle",3
2006,"Common Yellowthroat",5
2006,"Downy Woodpecker",1
2006,"Eastern Bluebird",3
2006,"Eastern Towhee",18
2006,"European Starling",2
2006,"Field Sparrow",2
2006,"Killdeer",1
2006,"Mourning Dove",15
2006,"Northern Bobwhite",1
2006,"Northern Cardinal",9
2006,"Northern Mockingbird",7
2006,"Pine Warbler",13
2006,"Red-bellied Woodpecker",3
2006,"Tufted Titmouse",13
2006,"American Crow",43
2006,"American Goldfinch",2
2006,"American Robin",5
2006,"Blue Jay",7
2006,"Blue-gray Gnatcatcher",9
2006,"Carolina Chickadee",4
2006,"Carolina Wren",20
2006,"Chipping Sparrow",11
2006,"Common Grackle",5
2006,"Common Yellowthroat",3
2006,"Downy Woodpecker",3
2006,"Eastern Bluebird",2
2006,"Eastern Meadowlark",1
2006,"Eastern Phoebe",4
2006,"Eastern Towhee",9
2006,"European Starling",4
2006,"Mourning Dove",26
2006,"Northern Bobwhite",1
2006,"Northern Cardinal",22
2006,"Northern Mockingbird",11
2006,"Pine Warbler",1
2006,"Red-bellied Woodpecker",2
2006,"Red-shouldered Hawk",2
2006,"Tufted Titmouse",5
2006,"Turkey Vulture",5
2006,"White-breasted Nuthatch",1
2006,"American Crow",48
2006,"American Goldfinch",20
2006,"American Robin",1
2006,"Blue Jay",9
2006,"Blue-gray Gnatcatcher",4
2006,"Brown Thrasher",4
2006,"Brown-headed Cowbird",6
2006,"Carolina Chickadee",9
2006,"Carolina Wren",28
2006,"Chipping Sparrow",41
2006,"Common Grackle",13
2006,"Common Yellowthroat",4
2006,"Downy Woodpecker",4
2006,"Eastern Bluebird",20
2006,"Eastern Meadowlark",20
2006,"Eastern Phoebe",6
2006,"Eastern Towhee",9
2006,"European Starling",19
2006,"Gray Catbird",3
2006,"Mourning Dove",19
2006,"Northern Cardinal",40
2006,"Northern Mockingbird",16
2006,"Pileated Woodpecker",1
2006,"Pine Warbler",4
2006,"Red-bellied Woodpecker",10
2006,"Red-shouldered Hawk",3
2006,"Red-winged Blackbird",2
2006,"Tufted Titmouse",19
2006,"Turkey Vulture",1
2006,"White-breasted Nuthatch",2
2006,"American Crow",38
2006,"American Goldfinch",8
2006,"American Robin",8
2006,"Blue-gray Gnatcatcher",6
2006,"Brown-headed Cowbird",1
2006,"Carolina Chickadee",3
2006,"Carolina Wren",24
2006,"Chipping Sparrow",13
2006,"Common Grackle",14
2006,"Downy Woodpecker",6
2006,"Eastern Bluebird",3
2006,"Eastern Meadowlark",18
2006,"Eastern Phoebe",1
2006,"Eastern Towhee",12
2006,"European Starling",3
2006,"Field Sparrow",1
2006,"Great Blue Heron",1
2006,"House Sparrow",3
2006,"Killdeer",1
2006,"Mourning Dove",18
2006,"Northern Cardinal",35
2006,"Northern Mockingbird",7
2006,"Pine Warbler",7
2006,"Red-bellied Woodpecker",3
2006,"Red-winged Blackbird",5
2006,"Tufted Titmouse",6
2006,"American Crow",20
2006,"American Goldfinch",1
2006,"Blue Jay",2
2006,"Blue-gray Gnatcatcher",3
2006,"Brown Thrasher",2
2006,"Brown-headed Cowbird",3
2006,"Brown-headed Nuthatch",1
2006,"Carolina Chickadee",2
2006,"Carolina Wren",22
2006,"Chipping Sparrow",5
2006,"Common Grackle",4
2006,"Common Yellowthroat",3
2006,"Eastern Bluebird",2
2006,"Eastern Meadowlark",4
2006,"Eastern Towhee",6
2006,"Field Sparrow",1
2006,"Mourning Dove",11
2006,"Northern Bobwhite",2
2006,"Northern Cardinal",36
2006,"Northern Mockingbird",6
2006,"Pileated Woodpecker",3
2006,"Pine Warbler",8
2006,"Red-bellied Woodpecker",3
2006,"Red-winged Blackbird",3
2006,"Tufted Titmouse",2
2006,"American Crow",32
2006,"American Goldfinch",8
2006,"Blue Jay",1
2006,"Blue-gray Gnatcatcher",7
2006,"Brown Thrasher",1
2006,"Brown-headed Cowbird",3
2006,"Carolina Chickadee",3
2006,"Carolina Wren",15
2006,"Chipping Sparrow",9
2006,"Common Grackle",1
2006,"Common Yellowthroat",7
2006,"Downy Woodpecker",3
2006,"Eastern Bluebird",15
2006,"Eastern Meadowlark",6
2006,"Eastern Phoebe",2
2006,"Eastern Towhee",2
2006,"Field Sparrow",2
2006,"Fish Crow",2
2006,"Killdeer",1
2006,"Mourning Dove",19
2006,"Northern Cardinal",21
2006,"Northern Mockingbird",7
2006,"Pine Warbler",9
2006,"Red-bellied Woodpecker",10
2006,"Red-shouldered Hawk",2
2006,"Tufted Titmouse",5
2006,"White-breasted Nuthatch",1
2006,"American Crow",26
2006,"American Goldfinch",26
2006,"American Robin",1
2006,"Blue Jay",12
2006,"Blue-gray Gnatcatcher",18
2006,"Brown Thrasher",4
2006,"Brown-headed Nuthatch",3
2006,"Carolina Chickadee",11
2006,"Carolina Wren",30
2006,"Chipping Sparrow",8
2006,"Common Grackle",3
2006,"Downy Woodpecker",2
2006,"Eastern Bluebird",4
2006,"Eastern Meadowlark",1
2006,"Eastern Phoebe",1
2006,"Eastern Towhee",13
2006,"European Starling",1
2006,"Great Blue Heron",1
2006,"House Finch",6
2006,"Mourning Dove",7
2006,"Northern Cardinal",39
2006,"Northern Mockingbird",2
2006,"Pileated Woodpecker",1
2006,"Pine Warbler",19
2006,"Red-bellied Woodpecker",4
2006,"Red-shouldered Hawk",1
2006,"Tufted Titmouse",13
2006,"American Crow",17
2006,"American Robin",1
2006,"Blue-gray Gnatcatcher",3
2006,"Carolina Chickadee",3
2006,"Carolina Wren",20
2006,"Chipping Sparrow",3
2006,"Common Yellowthroat",4
2006,"Eastern Bluebird",6
2006,"Eastern Phoebe",2
2006,"Field Sparrow",2
2006,"House Sparrow",1
2006,"Mourning Dove",7
2006,"Northern Cardinal",12
2006,"Northern Mockingbird",3
2006,"Pileated Woodpecker",1
2006,"Pine Warbler",1
2006,"Red-bellied Woodpecker",5
2006,"Tufted Titmouse",2
2006,"American Crow",18
2006,"American Goldfinch",2
2006,"Blue Jay",3
2006,"Blue-gray Gnatcatcher",6
2006,"Brown Thrasher",1
2006,"Brown-headed Cowbird",2
2006,"Brown-headed Nuthatch",1
2006,"Canada Goose",4
2006,"Carolina Chickadee",1
2006,"Carolina Wren",29
2006,"Chipping Sparrow",3
2006,"Common Grackle",8
2006,"Common Yellowthroat",7
2006,"Downy Woodpecker",1
2006,"Eastern Bluebird",2
2006,"Eastern Phoebe",4
2006,"Eastern Towhee",6
2006,"European Starling",1
2006,"Killdeer",1
2006,"Mourning Dove",10
2006,"Northern Cardinal",13
2006,"Northern Mockingbird",3
2006,"Pine Warbler",4
2006,"Red-bellied Woodpecker",12
2006,"Red-shouldered Hawk",1
2006,"Red-winged Blackbird",2
2006,"Tufted Titmouse",10
2006,"White-breasted Nuthatch",1
2006,"American Crow",34
2006,"American Goldfinch",6
2006,"American Robin",4
2006,"Blue Jay",3
2006,"Blue-gray Gnatcatcher",5
2006,"Brown Thrasher",1
2006,"Brown-headed Cowbird",3
2006,"Canada Goose",4
2006,"Carolina Chickadee",2
2006,"Carolina Wren",18
2006,"Chipping Sparrow",14
2006,"Common Grackle",13
2006,"Common Yellowthroat",5
2006,"Downy Woodpecker",2
2006,"Eastern Bluebird",14
2006,"Eastern Meadowlark",5
2006,"Eastern Phoebe",3
2006,"Eastern Towhee",3
2006,"European Starling",1
2006,"Great Blue Heron",1
2006,"House Finch",1
2006,"House Sparrow",2
2006,"Mourning Dove",7
2006,"Northern Bobwhite",2
2006,"Northern Cardinal",26
2006,"Northern Mockingbird",13
2006,"Pileated Woodpecker",1
2006,"Red-bellied Woodpecker",8
2006,"Red-shouldered Hawk",3
2006,"Red-winged Blackbird",11
2006,"Tufted Titmouse",6
2006,"White-breasted Nuthatch",5
2006,"American Crow",28
2006,"American Goldfinch",2
2006,"American Robin",10
2006,"Blue Jay",8
2006,"Brown-headed Cowbird",1
2006,"Carolina Chickadee",2
2006,"Carolina Wren",2
2006,"Chipping Sparrow",1
2006,"Common Grackle",4
2006,"Eastern Bluebird",1
2006,"Eastern Phoebe",1
2006,"Eastern Towhee",1
2006,"Field Sparrow",2
2006,"House Finch",4
2006,"Mourning Dove",15
2006,"Northern Cardinal",29
2006,"Northern Mockingbird",16
2006,"Red-bellied Woodpecker",3
2006,"Red-winged Blackbird",1
2006,"White-breasted Nuthatch",2
2006,"American Crow",17
2006,"American Goldfinch",5
2006,"American Robin",3
2006,"Blue Jay",3
2006,"Blue-gray Gnatcatcher",4
2006,"Brown Thrasher",1
2006,"Brown-headed Cowbird",11
2006,"Canada Goose",11
2006,"Carolina Chickadee",5
2006,"Carolina Wren",22
2006,"Chipping Sparrow",7
2006,"Common Grackle",8
2006,"Downy Woodpecker",1
2006,"Eastern Bluebird",10
2006,"Eastern Phoebe",1
2006,"Eastern Towhee",6
2006,"European Starling",4
2006,"Fish Crow",2
2006,"Great Blue Heron",3
2006,"House Finch",7
2006,"Mourning Dove",15
2006,"Northern Cardinal",22
2006,"Northern Mockingbird",3
2006,"Pine Warbler",12
2006,"Red-bellied Woodpecker",10
2006,"Tufted Titmouse",10
2006,"American Crow",29
2006,"American Goldfinch",7
2006,"Blue-gray Gnatcatcher",9
2006,"Brown Thrasher",2
2006,"Brown-headed Cowbird",8
2006,"Canada Goose",17
2006,"Carolina Chickadee",2
2006,"Carolina Wren",16
2006,"Chipping Sparrow",9
2006,"Common Grackle",8
2006,"Common Yellowthroat",4
2006,"Downy Woodpecker",1
2006,"Eastern Bluebird",19
2006,"Eastern Meadowlark",7
2006,"Eastern Phoebe",1
2006,"Eastern Towhee",3
2006,"European Starling",3
2006,"Field Sparrow",4
2006,"Great Blue Heron",1
2006,"Mourning Dove",13
2006,"Northern Cardinal",40
2006,"Northern Mockingbird",5
2006,"Red-bellied Woodpecker",3
2006,"Red-winged Blackbird",7
2006,"Tufted Titmouse",7
2006,"American Crow",20
2006,"American Goldfinch",3
2006,"American Robin",7
2006,"Blue Jay",3
2006,"Blue-gray Gnatcatcher",6
2006,"Brown-headed Cowbird",3
2006,"Canada Goose",2
2006,"Carolina Wren",11
2006,"Chipping Sparrow",9
2006,"Common Grackle",12
2006,"Downy Woodpecker",1
2006,"Eastern Bluebird",5
2006,"Eastern Phoebe",3
2006,"Eastern Towhee",17
2006,"Fish Crow",1
2006,"House Finch",6
2006,"Mourning Dove",9
2006,"Northern Bobwhite",2
2006,"Northern Cardinal",23
2006,"Northern Mockingbird",3
2006,"Pine Warbler",8
2006,"Red-bellied Woodpecker",2
2006,"Tufted Titmouse",4
2006,"White-breasted Nuthatch",3
2006,"American Crow",22
2006,"American Goldfinch",16
2006,"American Robin",34
2006,"Blue Jay",6
2006,"Blue-gray Gnatcatcher",3
2006,"Brown-headed Cowbird",7
2006,"Canada Goose",10
2006,"Carolina Chickadee",14
2006,"Carolina Wren",11
2006,"Chipping Sparrow",8
2006,"Common Grackle",22
2006,"Downy Woodpecker",6
2006,"Eastern Bluebird",3
2006,"Eastern Phoebe",2
2006,"Eastern Towhee",18
2006,"European Starling",10
2006,"Fish Crow",1
2006,"Gray Catbird",2
2006,"House Finch",12
2006,"Mourning Dove",6
2006,"Northern Cardinal",34
2006,"Northern Mockingbird",4
2006,"Pine Warbler",6
2006,"Red-bellied Woodpecker",11
2006,"Red-shouldered Hawk",1
2006,"Song Sparrow",1
2006,"Tufted Titmouse",12
2006,"White-breasted Nuthatch",2
2006,"American Crow",9
2006,"American Goldfinch",4
2006,"American Robin",10
2006,"Blue Jay",2
2006,"Blue-gray Gnatcatcher",12
2006,"Brown Thrasher",1
2006,"Brown-headed Cowbird",11
2006,"Brown-headed Nuthatch",4
2006,"Canada Goose",28
2006,"Carolina Chickadee",7
2006,"Carolina Wren",17
2006,"Chipping Sparrow",13
2006,"Common Grackle",6
2006,"Common Yellowthroat",2
2006,"Eastern Bluebird",4
2006,"Eastern Meadowlark",1
2006,"Eastern Towhee",12
2006,"Field Sparrow",1
2006,"Great Blue Heron",1
2006,"House Finch",2
2006,"Killdeer",1
2006,"Mourning Dove",11
2006,"Northern Cardinal",32
2006,"Northern Mockingbird",2
2006,"Pine Warbler",3
2006,"Red-shouldered Hawk",3
2006,"Song Sparrow",2
2006,"Tufted Titmouse",1
2006,"White-breasted Nuthatch",1
2006,"American Crow",8
2006,"American Goldfinch",19
2006,"American Robin",23
2006,"Blue Jay",10
2006,"Blue-gray Gnatcatcher",5
2006,"Brown Thrasher",2
2006,"Brown-headed Cowbird",5
2006,"Brown-headed Nuthatch",10
2006,"Carolina Chickadee",3
2006,"Carolina Wren",19
2006,"Chipping Sparrow",11
2006,"Common Grackle",19
2006,"Downy Woodpecker",2
2006,"Eastern Bluebird",12
2006,"Eastern Towhee",36
2006,"Fish Crow",2
2006,"Gray Catbird",1
2006,"Great Blue Heron",1
2006,"House Finch",19
2006,"House Sparrow",2
2006,"Mourning Dove",13
2006,"Northern Cardinal",37
2006,"Northern Mockingbird",17
2006,"Pine Warbler",7
2006,"Red-bellied Woodpecker",6
2006,"Song Sparrow",6
2006,"Tufted Titmouse",10
2006,"White-breasted Nuthatch",5
2006,"American Crow",11
2006,"American Goldfinch",10
2006,"American Robin",17
2006,"Blue Jay",1
2006,"Blue-gray Gnatcatcher",1
2006,"Brown-headed Cowbird",3
2006,"Brown-headed Nuthatch",5
2006,"Carolina Chickadee",2
2006,"Carolina Wren",26
2006,"Chipping Sparrow",2
2006,"Common Grackle",14
2006,"Eastern Bluebird",5
2006,"Eastern Towhee",14
2006,"European Starling",3
2006,"Fish Crow",3
2006,"Gray Catbird",1
2006,"House Finch",5
2006,"Killdeer",2
2006,"Mourning Dove",11
2006,"Northern Cardinal",20
2006,"Northern Mockingbird",14
2006,"Pine Warbler",10
2006,"Red-bellied Woodpecker",4
2006,"Red-shouldered Hawk",1
2006,"Song Sparrow",3
2006,"Tufted Titmouse",7
2006,"American Crow",19
2006,"American Goldfinch",5
2006,"American Robin",5
2006,"Blue Jay",4
2006,"Blue-gray Gnatcatcher",5
2006,"Brown-headed Cowbird",5
2006,"Carolina Chickadee",12
2006,"Carolina Wren",9
2006,"Chipping Sparrow",5
2006,"Common Grackle",3
2006,"Common Yellowthroat",1
2006,"Eastern Bluebird",10
2006,"Eastern Phoebe",2
2006,"Eastern Towhee",8
2006,"European Starling",5
2006,"Killdeer",4
2006,"Mourning Dove",4
2006,"Northern Bobwhite",4
2006,"Northern Cardinal",7
2006,"Northern Mockingbird",8
2006,"Pileated Woodpecker",3
2006,"Pine Warbler",2
2006,"Red-bellied Woodpecker",1
2006,"Red-shouldered Hawk",1
2006,"Song Sparrow",1
2006,"Tufted Titmouse",9
2006,"American Crow",24
2006,"American Goldfinch",2
2006,"American Robin",4
2006,"Blue Jay",4
2006,"Blue-gray Gnatcatcher",11
2006,"Brown-headed Cowbird",4
2006,"Brown-headed Nuthatch",1
2006,"Carolina Chickadee",7
2006,"Carolina Wren",5
2006,"Chipping Sparrow",8
2006,"Common Grackle",15
2006,"Downy Woodpecker",3
2006,"Eastern Bluebird",6
2006,"Eastern Phoebe",3
2006,"Eastern Towhee",3
2006,"European Starling",4
2006,"Fish Crow",1
2006,"Gray Catbird",1
2006,"Great Blue Heron",2
2006,"House Finch",7
2006,"Killdeer",2
2006,"Mourning Dove",8
2006,"Northern Bobwhite",1
2006,"Northern Cardinal",34
2006,"Northern Mockingbird",10
2006,"Pine Warbler",1
2006,"Red-bellied Woodpecker",1
2006,"Tufted Titmouse",9
2006,"White-breasted Nuthatch",2
2006,"American Crow",29
2006,"American Goldfinch",5
2006,"Blue Jay",4
2006,"Brown Thrasher",1
2006,"Brown-headed Cowbird",3
2006,"Canada Goose",2
2006,"Carolina Wren",15
2006,"Chipping Sparrow",2
2006,"Common Grackle",10
2006,"Downy Woodpecker",1
2006,"Eastern Bluebird",6
2006,"Eastern Meadowlark",6
2006,"Eastern Towhee",3
2006,"European Starling",8
2006,"Field Sparrow",2
2006,"Great Blue Heron",1
2006,"House Finch",1
2006,"Mourning Dove",27
2006,"Northern Bobwhite",1
2006,"Northern Cardinal",16
2006,"Northern Mockingbird",10
2006,"Pileated Woodpecker",2
2006,"Red-bellied Woodpecker",2
2006,"Red-shouldered Hawk",1
2006,"Red-winged Blackbird",2
2006,"Tufted Titmouse",6
2006,"Turkey Vulture",1
2006,"American Crow",32
2006,"American Goldfinch",5
2006,"American Robin",3
2006,"Blue Jay",1
2006,"Brown Thrasher",3
2006,"Brown-headed Cowbird",2
2006,"Canada Goose",5
2006,"Carolina Wren",22
2006,"Chipping Sparrow",1
2006,"Common Grackle",20
2006,"Eastern Bluebird",2
2006,"Eastern Meadowlark",5
2006,"Eastern Towhee",5
2006,"European Starling",20
2006,"Field Sparrow",3
2006,"Northern Cardinal",24
2006,"Northern Mockingbird",1
2006,"Red-bellied Woodpecker",5
2006,"Red-winged Blackbird",1
2006,"Tufted Titmouse",14
2006,"American Crow",23
2006,"American Goldfinch",16
2006,"American Robin",7
2006,"Blue Jay",2
2006,"Blue-gray Gnatcatcher",3
2006,"Brown Thrasher",1
2006,"Brown-headed Cowbird",4
2006,"Carolina Chickadee",3
2006,"Carolina Wren",17
2006,"Chipping Sparrow",16
2006,"Common Grackle",9
2006,"Common Yellowthroat",5
2006,"Downy Woodpecker",2
2006,"Eastern Bluebird",17
2006,"Eastern Meadowlark",6
2006,"Eastern Phoebe",3
2006,"Eastern Towhee",5
2006,"European Starling",29
2006,"Field Sparrow",2
2006,"Great Blue Heron",1
2006,"House Finch",3
2006,"House Sparrow",3
2006,"Mourning Dove",22
2006,"Northern Cardinal",26
2006,"Northern Mockingbird",9
2006,"Pine Warbler",1
2006,"Red-bellied Woodpecker",8
2006,"Red-shouldered Hawk",1
2006,"Red-winged Blackbird",1
2006,"Tufted Titmouse",5
2006,"White-breasted Nuthatch",2
2006,"American Crow",25
2006,"American Goldfinch",3
2006,"American Robin",4
2006,"Blue Jay",1
2006,"Blue-gray Gnatcatcher",6
2006,"Brown-headed Cowbird",4
2006,"Carolina Chickadee",5
2006,"Carolina Wren",15
2006,"Chipping Sparrow",1
2006,"Common Grackle",5
2006,"Common Yellowthroat",2
2006,"Downy Woodpecker",1
2006,"Eastern Bluebird",4
2006,"Eastern Phoebe",1
2006,"Eastern Towhee",8
2006,"European Starling",1
2006,"Field Sparrow",1
2006,"Fish Crow",1
2006,"Gray Catbird",1
2006,"Great Blue Heron",1
2006,"House Finch",2
2006,"Mourning Dove",3
2006,"Northern Cardinal",28
2006,"Pine Warbler",5
2006,"Red-bellied Woodpecker",6
2006,"Red-winged Blackbird",1
2006,"Tufted Titmouse",13
2006,"American Crow",24
2006,"American Goldfinch",1
2006,"American Robin",7
2006,"Blue Jay",5
2006,"Blue-gray Gnatcatcher",9
2006,"Brown Thrasher",3
2006,"Brown-headed Cowbird",4
2006,"Carolina Chickadee",4
2006,"Carolina Wren",17
2006,"Chipping Sparrow",17
2006,"Common Grackle",8
2006,"Common Yellowthroat",1
2006,"Downy Woodpecker",3
2006,"Eastern Bluebird",11
2006,"Eastern Meadowlark",3
2006,"Eastern Phoebe",1
2006,"Eastern Towhee",9
2006,"European Starling",15
2006,"Field Sparrow",4
2006,"Great Blue Heron",1
2006,"House Finch",3
2006,"Killdeer",4
2006,"Mourning Dove",43
2006,"Northern Cardinal",32
2006,"Northern Mockingbird",14
2006,"Pine Warbler",3
2006,"Red-bellied Woodpecker",7
2006,"Red-winged Blackbird",4
2006,"Tufted Titmouse",7
2006,"White-breasted Nuthatch",2
2006,"American Crow",14
2006,"American Goldfinch",23
2006,"American Robin",2
2006,"Blue Jay",2
2006,"Blue-gray Gnatcatcher",3
2006,"Brown Thrasher",5
2006,"Brown-headed Cowbird",7
2006,"Carolina Chickadee",8
2006,"Carolina Wren",11
2006,"Chipping Sparrow",8
2006,"Downy Woodpecker",3
2006,"Eastern Bluebird",20
2006,"Eastern Towhee",8
2006,"Gray Catbird",4
2006,"House Finch",6
2006,"Mourning Dove",17
2006,"Northern Cardinal",38
2006,"Northern Mockingbird",2
2006,"Pine Warbler",7
2006,"Red-bellied Woodpecker",4
2006,"Red-shouldered Hawk",2
2006,"Tufted Titmouse",14
2006,"Turkey Vulture",2
2006,"White-breasted Nuthatch",4
2006,"American Crow",22
2006,"American Goldfinch",15
2006,"American Robin",12
2006,"Blue-gray Gnatcatcher",2
2006,"Brown Thrasher",5
2006,"Brown-headed Cowbird",2
2006,"Canada Goose",3
2006,"Carolina Chickadee",5
2006,"Carolina Wren",27
2006,"Chipping Sparrow",14
2006,"Common Grackle",21
2006,"Common Yellowthroat",3
2006,"Downy Woodpecker",2
2006,"Eastern Bluebird",10
2006,"Eastern Meadowlark",9
2006,"Eastern Phoebe",2
2006,"Eastern Towhee",3
2006,"European Starling",9
2006,"Field Sparrow",6
2006,"House Finch",4
2006,"House Sparrow",3
2006,"Killdeer",11
2006,"Mourning Dove",23
2006,"Northern Cardinal",21
2006,"Northern Mockingbird",18
2006,"Pileated Woodpecker",1
2006,"Pine Warbler",4
2006,"Red-bellied Woodpecker",5
2006,"Red-winged Blackbird",8
2006,"Tufted Titmouse",10
2006,"White-breasted Nuthatch",1
2006,"American Crow",29
2006,"American Goldfinch",1
2006,"American Robin",4
2006,"Blue Jay",3
2006,"Brown Thrasher",2
2006,"Brown-headed Cowbird",2
2006,"Canada Goose",7
2006,"Carolina Wren",15
2006,"Chipping Sparrow",3
2006,"Common Grackle",6
2006,"Eastern Bluebird",1
2006,"Eastern Meadowlark",5
2006,"Eastern Towhee",5
2006,"Mourning Dove",15
2006,"Northern Cardinal",31
2006,"Northern Mockingbird",3
2006,"Pileated Woodpecker",1
2006,"Red-bellied Woodpecker",9
2006,"Tufted Titmouse",13
2006,"American Crow",29
2006,"American Goldfinch",9
2006,"Blue Jay",4
2006,"Blue-gray Gnatcatcher",3
2006,"Brown-headed Cowbird",3
2006,"Carolina Chickadee",11
2006,"Carolina Wren",15
2006,"Chipping Sparrow",7
2006,"Common Grackle",6
2006,"Downy Woodpecker",3
2006,"Eastern Bluebird",16
2006,"Eastern Phoebe",2
2006,"Eastern Towhee",11
2006,"House Finch",12
2006,"Mourning Dove",17
2006,"Northern Cardinal",30
2006,"Northern Mockingbird",4
2006,"Pine Warbler",11
2006,"Red-bellied Woodpecker",2
2006,"Red-shouldered Hawk",3
2006,"Tufted Titmouse",11
2006,"White-breasted Nuthatch",2
2006,"American Crow",27
2006,"American Goldfinch",12
2006,"American Robin",6
2006,"Blue Jay",7
2006,"Blue-gray Gnatcatcher",13
2006,"Brown Thrasher",1
2006,"Brown-headed Cowbird",4
2006,"Carolina Chickadee",11
2006,"Carolina Wren",26
2006,"Chipping Sparrow",13
2006,"Common Grackle",6
2006,"Common Yellowthroat",2
2006,"Downy Woodpecker",8
2006,"Eastern Bluebird",8
2006,"Eastern Meadowlark",1
2006,"Eastern Phoebe",2
2006,"Eastern Towhee",12
2006,"European Starling",2
2006,"House Finch",3
2006,"Mourning Dove",11
2006,"Northern Cardinal",24
2006,"Northern Mockingbird",6
2006,"Pine Warbler",1
2006,"Red-bellied Woodpecker",7
2006,"Red-shouldered Hawk",1
2006,"Red-winged Blackbird",1
2006,"Tufted Titmouse",22
2006,"White-breasted Nuthatch",2
2006,"American Crow",23
2006,"American Goldfinch",9
2006,"Blue Jay",11
2006,"Blue-gray Gnatcatcher",13
2006,"Brown-headed Cowbird",2
2006,"Brown-headed Nuthatch",2
2006,"Canada Goose",20
2006,"Carolina Chickadee",11
2006,"Carolina Wren",35
2006,"Common Grackle",5
2006,"Downy Woodpecker",1
2006,"Eastern Bluebird",8
2006,"Eastern Meadowlark",5
2006,"Eastern Phoebe",4
2006,"Eastern Towhee",17
2006,"Gray Catbird",1
2006,"Great Blue Heron",2
2006,"House Finch",5
2006,"Mourning Dove",11
2006,"Northern Cardinal",52
2006,"Northern Mockingbird",13
2006,"Pine Warbler",14
2006,"Red-bellied Woodpecker",7
2006,"Tufted Titmouse",14
2006,"White-breasted Nuthatch",2
2006,"American Crow",8
2006,"American Goldfinch",2
2006,"American Robin",19
2006,"Blue Jay",4
2006,"Blue-gray Gnatcatcher",1
2006,"Brown Thrasher",6
2006,"Canada Goose",7
2006,"Carolina Chickadee",7
2006,"Carolina Wren",31
2006,"Common Grackle",3
2006,"Downy Woodpecker",1
2006,"Eastern Bluebird",2
2006,"Eastern Meadowlark",1
2006,"Eastern Phoebe",2
2006,"Eastern Towhee",25
2006,"European Starling",4
2006,"Fish Crow",4
2006,"Gray Catbird",3
2006,"House Finch",2
2006,"Mourning Dove",9
2006,"Northern Cardinal",43
2006,"Northern Mockingbird",9
2006,"Pine Warbler",13
2006,"Red-bellied Woodpecker",12
2006,"Song Sparrow",1
2006,"Tufted Titmouse",12
2006,"White-breasted Nuthatch",2
2007,"American Crow",24
2007,"American Goldfinch",6
2007,"Blue Jay",1
2007,"Blue-gray Gnatcatcher",15
2007,"Brown Thrasher",1
2007,"Brown-headed Cowbird",3
2007,"Brown-headed Nuthatch",1
2007,"Carolina Chickadee",16
2007,"Carolina Wren",21
2007,"Chipping Sparrow",4
2007,"Common Grackle",3
2007,"Downy Woodpecker",4
2007,"Eastern Bluebird",2
2007,"Eastern Meadowlark",1
2007,"Eastern Phoebe",1
2007,"Eastern Towhee",6
2007,"European Starling",6
2007,"Fish Crow",5
2007,"Killdeer",1
2007,"Mourning Dove",13
2007,"Northern Cardinal",39
2007,"Northern Mockingbird",9
2007,"Pileated Woodpecker",1
2007,"Pine Warbler",21
2007,"Red-bellied Woodpecker",13
2007,"Red-shouldered Hawk",1
2007,"Tufted Titmouse",10
2007,"Turkey Vulture",5
2007,"American Crow",34
2007,"American Goldfinch",19
2007,"American Robin",7
2007,"Blue-gray Gnatcatcher",18
2007,"Brown Thrasher",2
2007,"Brown-headed Cowbird",2
2007,"Carolina Chickadee",15
2007,"Carolina Wren",15
2007,"Chipping Sparrow",5
2007,"Common Grackle",3
2007,"Common Yellowthroat",3
2007,"Downy Woodpecker",3
2007,"Eastern Bluebird",4
2007,"Eastern Phoebe",3
2007,"Eastern Towhee",13
2007,"Field Sparrow",4
2007,"Fish Crow",1
2007,"Gray Catbird",3
2007,"House Finch",1
2007,"Mourning Dove",10
2007,"Northern Cardinal",18
2007,"Northern Mockingbird",3
2007,"Pine Warbler",16
2007,"Red-bellied Woodpecker",6
2007,"Red-winged Blackbird",10
2007,"Tufted Titmouse",12
2007,"White-breasted Nuthatch",1
2007,"American Crow",8
2007,"American Goldfinch",4
2007,"American Robin",8
2007,"Blue-gray Gnatcatcher",2
2007,"Brown Thrasher",5
2007,"Brown-headed Nuthatch",3
2007,"Carolina Chickadee",5
2007,"Carolina Wren",25
2007,"Chipping Sparrow",15
2007,"Common Grackle",3
2007,"Common Yellowthroat",6
2007,"Eastern Bluebird",5
2007,"Eastern Meadowlark",1
2007,"Eastern Phoebe",1
2007,"Eastern Towhee",5
2007,"Field Sparrow",2
2007,"Gray Catbird",2
2007,"House Sparrow",1
2007,"Mourning Dove",5
2007,"Northern Bobwhite",3
2007,"Northern Mockingbird",9
2007,"Pine Warbler",11
2007,"Red-bellied Woodpecker",6
2007,"Red-shouldered Hawk",1
2007,"Red-winged Blackbird",1
2007,"Tufted Titmouse",8
2007,"White-breasted Nuthatch",1
2007,"American Crow",33
2007,"American Goldfinch",2
2007,"American Robin",1
2007,"Blue Jay",5
2007,"Blue-gray Gnatcatcher",15
2007,"Brown Thrasher",1
2007,"Brown-headed Cowbird",4
2007,"Canada Goose",2
2007,"Carolina Chickadee",7
2007,"Carolina Wren",13
2007,"Chipping Sparrow",15
2007,"Common Grackle",14
2007,"Common Yellowthroat",3
2007,"Downy Woodpecker",3
2007,"Eastern Bluebird",11
2007,"Eastern Meadowlark",1
2007,"Eastern Phoebe",1
2007,"Eastern Towhee",9
2007,"European Starling",3
2007,"Field Sparrow",1
2007,"House Sparrow",1
2007,"Killdeer",2
2007,"Mourning Dove",13
2007,"Northern Cardinal",21
2007,"Northern Mockingbird",7
2007,"Pine Warbler",2
2007,"Red-bellied Woodpecker",4
2007,"Red-winged Blackbird",2
2007,"Tufted Titmouse",8
2007,"Turkey Vulture",1
2007,"White-breasted Nuthatch",2
2007,"American Crow",48
2007,"American Goldfinch",13
2007,"American Robin",9
2007,"Blue Jay",3
2007,"Blue-gray Gnatcatcher",3
2007,"Brown-headed Cowbird",6
2007,"Carolina Chickadee",2
2007,"Carolina Wren",13
2007,"Chipping Sparrow",22
2007,"Common Grackle",4
2007,"Common Yellowthroat",4
2007,"Downy Woodpecker",2
2007,"Eastern Bluebird",16
2007,"Eastern Meadowlark",14
2007,"Eastern Phoebe",6
2007,"Eastern Towhee",3
2007,"European Starling",42
2007,"House Finch",6
2007,"Mourning Dove",17
2007,"Northern Cardinal",34
2007,"Northern Mockingbird",28
2007,"Pine Warbler",3
2007,"Red-bellied Woodpecker",12
2007,"Red-winged Blackbird",2
2007,"Tufted Titmouse",5
2007,"American Crow",30
2007,"American Robin",1
2007,"Blue Jay",5
2007,"Blue-gray Gnatcatcher",5
2007,"Brown Thrasher",2
2007,"Brown-headed Cowbird",4
2007,"Brown-headed Nuthatch",5
2007,"Carolina Chickadee",4
2007,"Carolina Wren",23
2007,"Chipping Sparrow",10
2007,"Common Grackle",22
2007,"Eastern Bluebird",14
2007,"Eastern Meadowlark",11
2007,"Eastern Towhee",11
2007,"European Starling",7
2007,"Field Sparrow",2
2007,"House Sparrow",10
2007,"Mourning Dove",6
2007,"Northern Bobwhite",2
2007,"Northern Cardinal",14
2007,"Northern Mockingbird",22
2007,"Pine Warbler",6
2007,"Red-bellied Woodpecker",6
2007,"Red-winged Blackbird",7
2007,"Tufted Titmouse",1
2007,"American Crow",26
2007,"American Goldfinch",6
2007,"Blue Jay",6
2007,"Blue-gray Gnatcatcher",9
2007,"Brown Thrasher",7
2007,"Brown-headed Cowbird",1
2007,"Carolina Chickadee",4
2007,"Carolina Wren",16
2007,"Chipping Sparrow",5
2007,"Common Grackle",4
2007,"Common Yellowthroat",2
2007,"Eastern Bluebird",6
2007,"Eastern Meadowlark",9
2007,"Eastern Towhee",9
2007,"House Finch",2
2007,"Mourning Dove",15
2007,"Northern Bobwhite",4
2007,"Northern Cardinal",37
2007,"Northern Mockingbird",6
2007,"Pine Warbler",8
2007,"Red-bellied Woodpecker",6
2007,"Red-winged Blackbird",6
2007,"Tufted Titmouse",3
2007,"White-breasted Nuthatch",1
2007,"American Crow",29
2007,"American Goldfinch",5
2007,"Blue Jay",2
2007,"Blue-gray Gnatcatcher",5
2007,"Brown-headed Cowbird",1
2007,"Brown-headed Nuthatch",1
2007,"Carolina Chickadee",1
2007,"Carolina Wren",2
2007,"Chipping Sparrow",16
2007,"Common Grackle",4
2007,"Common Yellowthroat",3
2007,"Downy Woodpecker",2
2007,"Eastern Bluebird",20
2007,"Eastern Meadowlark",2
2007,"Eastern Phoebe",2
2007,"Killdeer",1
2007,"Mourning Dove",16
2007,"Northern Bobwhite",1
2007,"Northern Cardinal",26
2007,"Northern Mockingbird",5
2007,"Pine Warbler",9
2007,"Red-bellied Woodpecker",8
2007,"Red-shouldered Hawk",2
2007,"Tufted Titmouse",4
2007,"White-breasted Nuthatch",2
2007,"American Crow",45
2007,"American Goldfinch",20
2007,"American Robin",2
2007,"Blue Jay",11
2007,"Blue-gray Gnatcatcher",11
2007,"Brown Thrasher",2
2007,"Brown-headed Cowbird",3
2007,"Brown-headed Nuthatch",6
2007,"Carolina Chickadee",5
2007,"Carolina Wren",37
2007,"Chipping Sparrow",8
2007,"Common Yellowthroat",2
2007,"Downy Woodpecker",2
2007,"Eastern Bluebird",18
2007,"Eastern Towhee",17
2007,"Field Sparrow",1
2007,"House Finch",4
2007,"Mourning Dove",5
2007,"Northern Cardinal",32
2007,"Northern Mockingbird",3
2007,"Pileated Woodpecker",1
2007,"Pine Warbler",10
2007,"Red-bellied Woodpecker",4
2007,"Tufted Titmouse",8
2007,"White-breasted Nuthatch",2
2007,"American Crow",17
2007,"American Goldfinch",10
2007,"Blue Jay",2
2007,"Blue-gray Gnatcatcher",5
2007,"Brown-headed Cowbird",1
2007,"Carolina Chickadee",1
2007,"Carolina Wren",6
2007,"Chipping Sparrow",6
2007,"Common Grackle",3
2007,"Common Yellowthroat",3
2007,"Eastern Bluebird",1
2007,"Eastern Phoebe",1
2007,"European Starling",1
2007,"Field Sparrow",1
2007,"Gray Catbird",2
2007,"Mourning Dove",15
2007,"Northern Cardinal",20
2007,"Northern Mockingbird",7
2007,"Pine Warbler",1
2007,"Red-bellied Woodpecker",5
2007,"Red-shouldered Hawk",1
2007,"Tufted Titmouse",3
2007,"American Crow",37
2007,"American Goldfinch",1
2007,"Blue Jay",6
2007,"Blue-gray Gnatcatcher",8
2007,"Brown Thrasher",1
2007,"Brown-headed Cowbird",4
2007,"Brown-headed Nuthatch",1
2007,"Canada Goose",3
2007,"Carolina Chickadee",5
2007,"Carolina Wren",30
2007,"Chipping Sparrow",7
2007,"Common Grackle",17
2007,"Common Yellowthroat",7
2007,"Eastern Bluebird",4
2007,"Eastern Meadowlark",3
2007,"Eastern Phoebe",2
2007,"Eastern Towhee",2
2007,"Gray Catbird",1
2007,"Mourning Dove",25
2007,"Northern Cardinal",18
2007,"Northern Mockingbird",3
2007,"Pine Warbler",1
2007,"Red-bellied Woodpecker",7
2007,"Red-shouldered Hawk",3
2007,"Red-winged Blackbird",2
2007,"Tufted Titmouse",10
2007,"American Crow",23
2007,"American Goldfinch",4
2007,"American Robin",7
2007,"Blue Jay",4
2007,"Blue-gray Gnatcatcher",4
2007,"Brown Thrasher",4
2007,"Brown-headed Cowbird",1
2007,"Carolina Wren",13
2007,"Chipping Sparrow",14
2007,"Common Grackle",5
2007,"Common Yellowthroat",3
2007,"Downy Woodpecker",1
2007,"Eastern Bluebird",10
2007,"Eastern Meadowlark",2
2007,"Eastern Phoebe",4
2007,"Eastern Towhee",3
2007,"European Starling",2
2007,"Field Sparrow",2
2007,"House Finch",3
2007,"House Sparrow",2
2007,"Mourning Dove",12
2007,"Northern Bobwhite",1
2007,"Northern Cardinal",18
2007,"Northern Mockingbird",12
2007,"Red-bellied Woodpecker",11
2007,"Red-winged Blackbird",6
2007,"Song Sparrow",1
2007,"Tufted Titmouse",2
2007,"White-breasted Nuthatch",1
2007,"American Crow",15
2007,"American Goldfinch",12
2007,"American Robin",15
2007,"Blue Jay",1
2007,"Carolina Chickadee",2
2007,"Carolina Wren",35
2007,"Chipping Sparrow",9
2007,"Common Grackle",2
2007,"Common Yellowthroat",2
2007,"Downy Woodpecker",2
2007,"Eastern Bluebird",9
2007,"Eastern Meadowlark",3
2007,"Eastern Towhee",9
2007,"European Starling",16
2007,"Gray Catbird",7
2007,"House Finch",17
2007,"House Sparrow",2
2007,"Mourning Dove",11
2007,"Northern Bobwhite",2
2007,"Northern Cardinal",22
2007,"Northern Mockingbird",9
2007,"Pileated Woodpecker",1
2007,"Red-bellied Woodpecker",1
2007,"Red-shouldered Hawk",2
2007,"Song Sparrow",3
2007,"Tufted Titmouse",4
2007,"Turkey Vulture",1
2007,"American Crow",15
2007,"American Goldfinch",2
2007,"American Robin",2
2007,"Blue Jay",1
2007,"Blue-gray Gnatcatcher",3
2007,"Brown Thrasher",1
2007,"Brown-headed Cowbird",4
2007,"Brown-headed Nuthatch",4
2007,"Canada Goose",2
2007,"Carolina Chickadee",4
2007,"Carolina Wren",14
2007,"Chipping Sparrow",10
2007,"Common Grackle",51
2007,"Common Yellowthroat",1
2007,"Downy Woodpecker",1
2007,"Eastern Bluebird",1
2007,"Eastern Phoebe",2
2007,"Eastern Towhee",3
2007,"European Starling",4
2007,"Fish Crow",1
2007,"Great Blue Heron",1
2007,"House Finch",3
2007,"Mourning Dove",21
2007,"Northern Cardinal",24
2007,"Northern Mockingbird",4
2007,"Pine Warbler",5
2007,"Red-bellied Woodpecker",4
2007,"Tufted Titmouse",1
2007,"Turkey Vulture",1
2007,"American Crow",22
2007,"American Goldfinch",6
2007,"American Robin",3
2007,"Blue Jay",5
2007,"Blue-gray Gnatcatcher",5
2007,"Brown-headed Cowbird",2
2007,"Carolina Chickadee",3
2007,"Carolina Wren",11
2007,"Chipping Sparrow",15
2007,"Common Grackle",4
2007,"Common Yellowthroat",3
2007,"Downy Woodpecker",3
2007,"Eastern Bluebird",4
2007,"Eastern Meadowlark",5
2007,"Eastern Phoebe",1
2007,"Eastern Towhee",4
2007,"European Starling",20
2007,"Field Sparrow",1
2007,"Gray Catbird",1
2007,"House Finch",1
2007,"Killdeer",1
2007,"Mourning Dove",18
2007,"Northern Cardinal",32
2007,"Northern Mockingbird",6
2007,"Red-bellied Woodpecker",4
2007,"Red-winged Blackbird",2
2007,"Tufted Titmouse",1
2007,"Turkey Vulture",2
2007,"American Crow",18
2007,"American Robin",4
2007,"Blue Jay",3
2007,"Blue-gray Gnatcatcher",9
2007,"Brown Thrasher",2
2007,"Brown-headed Cowbird",2
2007,"Canada Goose",3
2007,"Carolina Chickadee",12
2007,"Carolina Wren",11
2007,"Chipping Sparrow",14
2007,"Eastern Bluebird",5
2007,"Eastern Meadowlark",2
2007,"Eastern Phoebe",2
2007,"Eastern Towhee",8
2007,"European Starling",18
2007,"Fish Crow",1
2007,"House Finch",3
2007,"Mourning Dove",9
2007,"Northern Cardinal",22
2007,"Northern Mockingbird",6
2007,"Pine Warbler",16
2007,"Red-bellied Woodpecker",8
2007,"Tufted Titmouse",24
2007,"American Crow",27
2007,"American Goldfinch",7
2007,"American Robin",33
2007,"Blue Jay",15
2007,"Blue-gray Gnatcatcher",7
2007,"Brown Thrasher",2
2007,"Brown-headed Cowbird",3
2007,"Brown-headed Nuthatch",5
2007,"Canada Goose",1
2007,"Carolina Chickadee",11
2007,"Carolina Wren",17
2007,"Chipping Sparrow",5
2007,"Common Grackle",11
2007,"Common Yellowthroat",1
2007,"Downy Woodpecker",3
2007,"Eastern Bluebird",1
2007,"Eastern Phoebe",2
2007,"Eastern Towhee",12
2007,"European Starling",15
2007,"Fish Crow",3
2007,"Gray Catbird",8
2007,"House Finch",9
2007,"House Sparrow",5
2007,"Mourning Dove",4
2007,"Northern Cardinal",30
2007,"Northern Mockingbird",6
2007,"Pine Warbler",5
2007,"Red-bellied Woodpecker",11
2007,"Song Sparrow",4
2007,"Tufted Titmouse",13
2007,"American Crow",4
2007,"American Goldfinch",1
2007,"American Robin",5
2007,"Blue-gray Gnatcatcher",11
2007,"Brown Thrasher",1
2007,"Brown-headed Cowbird",6
2007,"Canada Goose",7
2007,"Carolina Chickadee",8
2007,"Carolina Wren",15
2007,"Chipping Sparrow",13
2007,"Common Grackle",13
2007,"Common Yellowthroat",3
2007,"Downy Woodpecker",3
2007,"Eastern Bluebird",7
2007,"Eastern Phoebe",1
2007,"Eastern Towhee",8
2007,"European Starling",2
2007,"Great Blue Heron",7
2007,"House Finch",3
2007,"Mourning Dove",5
2007,"Northern Cardinal",19
2007,"Northern Mockingbird",4
2007,"Pine Warbler",1
2007,"Red-bellied Woodpecker",3
2007,"Tufted Titmouse",12
2007,"American Crow",11
2007,"American Goldfinch",8
2007,"American Robin",15
2007,"Blue Jay",5
2007,"Blue-gray Gnatcatcher",11
2007,"Brown-headed Nuthatch",3
2007,"Carolina Chickadee",2
2007,"Carolina Wren",20
2007,"Chipping Sparrow",12
2007,"Common Grackle",3
2007,"Downy Woodpecker",4
2007,"Eastern Bluebird",5
2007,"Eastern Towhee",30
2007,"Gray Catbird",4
2007,"House Finch",8
2007,"House Sparrow",5
2007,"Mourning Dove",10
2007,"Northern Cardinal",49
2007,"Northern Mockingbird",12
2007,"Red-bellied Woodpecker",9
2007,"Song Sparrow",1
2007,"Tufted Titmouse",1
2007,"White-breasted Nuthatch",2
2007,"American Crow",9
2007,"American Goldfinch",8
2007,"American Robin",19
2007,"Blue Jay",1
2007,"Blue-gray Gnatcatcher",1
2007,"Brown-headed Nuthatch",3
2007,"Carolina Wren",17
2007,"Chipping Sparrow",3
2007,"Common Grackle",12
2007,"Common Yellowthroat",1
2007,"Eastern Bluebird",6
2007,"Eastern Towhee",15
2007,"Fish Crow",1
2007,"Gray Catbird",1
2007,"House Finch",3
2007,"House Sparrow",2
2007,"Mourning Dove",5
2007,"Northern Cardinal",26
2007,"Northern Mockingbird",12
2007,"Pine Warbler",5
2007,"Song Sparrow",4
2007,"Tufted Titmouse",5
2007,"White-breasted Nuthatch",2
2007,"American Crow",12
2007,"American Goldfinch",4
2007,"Blue Jay",3
2007,"Blue-gray Gnatcatcher",5
2007,"Brown Thrasher",1
2007,"Brown-headed Cowbird",3
2007,"Carolina Chickadee",1
2007,"Carolina Wren",16
2007,"Chipping Sparrow",10
2007,"Common Grackle",2
2007,"Common Yellowthroat",1
2007,"Downy Woodpecker",1
2007,"Eastern Bluebird",5
2007,"Eastern Phoebe",2
2007,"Eastern Towhee",13
2007,"Field Sparrow",4
2007,"Fish Crow",5
2007,"House Finch",2
2007,"House Sparrow",2
2007,"Mourning Dove",7
2007,"Northern Bobwhite",5
2007,"Northern Cardinal",15
2007,"Northern Mockingbird",2
2007,"Pileated Woodpecker",1
2007,"Pine Warbler",1
2007,"Red-bellied Woodpecker",4
2007,"Red-shouldered Hawk",2
2007,"Tufted Titmouse",3
2007,"White-breasted Nuthatch",2
2007,"American Crow",18
2007,"American Goldfinch",8
2007,"American Robin",3
2007,"Blue Jay",4
2007,"Blue-gray Gnatcatcher",6
2007,"Brown-headed Cowbird",1
2007,"Canada Goose",9
2007,"Carolina Chickadee",6
2007,"Carolina Wren",6
2007,"Chipping Sparrow",7
2007,"Common Yellowthroat",1
2007,"Eastern Bluebird",5
2007,"Eastern Towhee",5
2007,"Fish Crow",1
2007,"Mourning Dove",11
2007,"Northern Cardinal",28
2007,"Northern Mockingbird",12
2007,"Pine Warbler",1
2007,"Red-bellied Woodpecker",1
2007,"Red-shouldered Hawk",1
2007,"Turkey Vulture",1
2007,"American Crow",20
2007,"American Goldfinch",2
2007,"American Robin",1
2007,"Blue Jay",3
2007,"Blue-gray Gnatcatcher",1
2007,"Brown Thrasher",3
2007,"Brown-headed Cowbird",1
2007,"Carolina Chickadee",1
2007,"Carolina Wren",13
2007,"Chipping Sparrow",6
2007,"Common Grackle",9
2007,"Common Yellowthroat",1
2007,"Eastern Bluebird",12
2007,"Eastern Meadowlark",9
2007,"Eastern Towhee",1
2007,"European Starling",17
2007,"Field Sparrow",3
2007,"Great Blue Heron",3
2007,"Mourning Dove",25
2007,"Northern Cardinal",15
2007,"Northern Mockingbird",8
2007,"Pileated Woodpecker",1
2007,"Red-bellied Woodpecker",5
2007,"Red-winged Blackbird",3
2007,"Tufted Titmouse",9
2007,"American Crow",33
2007,"American Goldfinch",6
2007,"American Robin",4
2007,"Carolina Wren",13
2007,"Chipping Sparrow",1
2007,"Common Grackle",7
2007,"Common Yellowthroat",2
2007,"Eastern Bluebird",9
2007,"Eastern Meadowlark",4
2007,"Eastern Towhee",2
2007,"European Starling",10
2007,"Field Sparrow",1
2007,"Mourning Dove",24
2007,"Northern Bobwhite",2
2007,"Northern Cardinal",12
2007,"Northern Mockingbird",9
2007,"Pine Warbler",2
2007,"Red-bellied Woodpecker",5
2007,"Tufted Titmouse",8
2007,"White-breasted Nuthatch",1
2007,"American Crow",20
2007,"American Goldfinch",3
2007,"American Robin",9
2007,"Blue Jay",1
2007,"Blue-gray Gnatcatcher",7
2007,"Brown-headed Cowbird",2
2007,"Carolina Chickadee",2
2007,"Carolina Wren",12
2007,"Chipping Sparrow",12
2007,"Common Yellowthroat",2
2007,"Downy Woodpecker",1
2007,"Eastern Bluebird",9
2007,"Eastern Meadowlark",4
2007,"Eastern Phoebe",1
2007,"Eastern Towhee",6
2007,"European Starling",4
2007,"Field Sparrow",2
2007,"Great Blue Heron",1
2007,"House Finch",2
2007,"House Sparrow",4
2007,"Mourning Dove",6
2007,"Northern Cardinal",24
2007,"Northern Mockingbird",3
2007,"Pileated Woodpecker",1
2007,"Pine Warbler",1
2007,"Red-bellied Woodpecker",2
2007,"Tufted Titmouse",3
2007,"White-breasted Nuthatch",1
2007,"American Crow",27
2007,"American Goldfinch",7
2007,"American Robin",1
2007,"Blue Jay",1
2007,"Blue-gray Gnatcatcher",7
2007,"Brown Thrasher",2
2007,"Brown-headed Cowbird",4
2007,"Canada Goose",11
2007,"Carolina Chickadee",2
2007,"Carolina Wren",17
2007,"Chipping Sparrow",5
2007,"Common Yellowthroat",2
2007,"Downy Woodpecker",1
2007,"Eastern Bluebird",3
2007,"Eastern Phoebe",1
2007,"Eastern Towhee",6
2007,"European Starling",1
2007,"House Finch",2
2007,"Mourning Dove",2
2007,"Northern Cardinal",26
2007,"Northern Mockingbird",9
2007,"Pine Warbler",1
2007,"Red-bellied Woodpecker",6
2007,"Tufted Titmouse",3
2007,"American Crow",20
2007,"American Goldfinch",2
2007,"American Robin",4
2007,"Blue Jay",3
2007,"Blue-gray Gnatcatcher",7
2007,"Brown Thrasher",2
2007,"Brown-headed Cowbird",5
2007,"Brown-headed Nuthatch",1
2007,"Canada Goose",19
2007,"Carolina Chickadee",6
2007,"Carolina Wren",17
2007,"Chipping Sparrow",21
2007,"Common Grackle",13
2007,"Common Yellowthroat",2
2007,"Eastern Bluebird",6
2007,"Eastern Meadowlark",1
2007,"Eastern Phoebe",4
2007,"Eastern Towhee",5
2007,"European Starling",1
2007,"Field Sparrow",2
2007,"House Finch",4
2007,"Mourning Dove",30
2007,"Northern Bobwhite",2
2007,"Northern Cardinal",36
2007,"Northern Mockingbird",9
2007,"Pine Warbler",9
2007,"Red-bellied Woodpecker",7
2007,"Red-winged Blackbird",8
2007,"Tufted Titmouse",4
2007,"White-breasted Nuthatch",1
2007,"American Crow",26
2007,"American Goldfinch",4
2007,"American Robin",9
2007,"Blue Jay",5
2007,"Blue-gray Gnatcatcher",9
2007,"Brown Thrasher",2
2007,"Brown-headed Cowbird",1
2007,"Brown-headed Nuthatch",3
2007,"Canada Goose",1
2007,"Carolina Chickadee",7
2007,"Carolina Wren",4
2007,"Chipping Sparrow",21
2007,"Downy Woodpecker",2
2007,"Eastern Bluebird",6
2007,"Eastern Towhee",9
2007,"European Starling",4
2007,"Fish Crow",1
2007,"Great Blue Heron",3
2007,"House Finch",7
2007,"Mourning Dove",10
2007,"Northern Cardinal",30
2007,"Northern Mockingbird",9
2007,"Pileated Woodpecker",2
2007,"Pine Warbler",5
2007,"Red-bellied Woodpecker",4
2007,"Tufted Titmouse",4
2007,"Turkey Vulture",10
2007,"White-breasted Nuthatch",1
2007,"American Crow",18
2007,"American Goldfinch",7
2007,"American Robin",15
2007,"Blue Jay",2
2007,"Brown Thrasher",1
2007,"Brown-headed Cowbird",1
2007,"Canada Goose",4
2007,"Carolina Chickadee",7
2007,"Carolina Wren",25
2007,"Chipping Sparrow",4
2007,"Common Grackle",13
2007,"Common Yellowthroat",8
2007,"Eastern Bluebird",10
2007,"Eastern Meadowlark",6
2007,"Eastern Phoebe",4
2007,"Eastern Towhee",6
2007,"Field Sparrow",9
2007,"Great Blue Heron",1
2007,"House Finch",3
2007,"House Sparrow",1
2007,"Killdeer",4
2007,"Mourning Dove",20
2007,"Northern Bobwhite",3
2007,"Northern Cardinal",29
2007,"Northern Mockingbird",18
2007,"Pine Warbler",4
2007,"Red-bellied Woodpecker",7
2007,"Red-shouldered Hawk",1
2007,"Red-winged Blackbird",4
2007,"Tufted Titmouse",12
2007,"American Crow",40
2007,"American Goldfinch",1
2007,"American Robin",2
2007,"Blue Jay",2
2007,"Carolina Wren",20
2007,"Chipping Sparrow",2
2007,"Common Grackle",3
2007,"Common Yellowthroat",1
2007,"Eastern Bluebird",8
2007,"Eastern Towhee",2
2007,"Field Sparrow",1
2007,"Mourning Dove",16
2007,"Northern Cardinal",16
2007,"Northern Mockingbird",9
2007,"Pine Warbler",2
2007,"Red-bellied Woodpecker",6
2007,"Red-shouldered Hawk",2
2007,"Red-winged Blackbird",2
2007,"Tufted Titmouse",12
2007,"American Crow",34
2007,"American Robin",4
2007,"Blue Jay",10
2007,"Blue-gray Gnatcatcher",6
2007,"Brown Thrasher",1
2007,"Carolina Chickadee",7
2007,"Carolina Wren",17
2007,"Chipping Sparrow",6
2007,"Common Grackle",1
2007,"Downy Woodpecker",3
2007,"Eastern Bluebird",6
2007,"Eastern Phoebe",1
2007,"Eastern Towhee",13
2007,"European Starling",5
2007,"House Finch",4
2007,"Mourning Dove",9
2007,"Northern Cardinal",20
2007,"Northern Mockingbird",9
2007,"Pileated Woodpecker",3
2007,"Pine Warbler",2
2007,"Red-bellied Woodpecker",4
2007,"Red-shouldered Hawk",3
2007,"Tufted Titmouse",5
2007,"Turkey Vulture",2
2007,"White-breasted Nuthatch",4
2007,"American Crow",34
2007,"American Goldfinch",10
2007,"American Robin",7
2007,"Blue Jay",6
2007,"Blue-gray Gnatcatcher",11
2007,"Brown Thrasher",2
2007,"Brown-headed Cowbird",3
2007,"Canada Goose",1
2007,"Carolina Chickadee",3
2007,"Carolina Wren",21
2007,"Chipping Sparrow",15
2007,"Common Grackle",11
2007,"Common Yellowthroat",2
2007,"Downy Woodpecker",3
2007,"Eastern Bluebird",9
2007,"Eastern Meadowlark",2
2007,"Eastern Phoebe",3
2007,"Eastern Towhee",6
2007,"European Starling",4
2007,"Fish Crow",1
2007,"House Finch",13
2007,"Mourning Dove",9
2007,"Northern Cardinal",27
2007,"Northern Mockingbird",8
2007,"Pine Warbler",6
2007,"Red-bellied Woodpecker",5
2007,"Red-winged Blackbird",3
2007,"Tufted Titmouse",21
2007,"American Crow",23
2007,"American Goldfinch",11
2007,"Blue Jay",14
2007,"Blue-gray Gnatcatcher",4
2007,"Brown-headed Nuthatch",2
2007,"Canada Goose",4
2007,"Carolina Chickadee",6
2007,"Carolina Wren",22
2007,"Common Grackle",5
2007,"Downy Woodpecker",3
2007,"Eastern Bluebird",9
2007,"Eastern Meadowlark",2
2007,"Eastern Phoebe",6
2007,"Eastern Towhee",10
2007,"Great Blue Heron",2
2007,"House Finch",2
2007,"Mourning Dove",19
2007,"Northern Cardinal",30
2007,"Northern Mockingbird",9
2007,"Pine Warbler",7
2007,"Red-bellied Woodpecker",6
2007,"Tufted Titmouse",12
2007,"White-breasted Nuthatch",2
2007,"American Crow",10
2007,"American Goldfinch",2
2007,"American Robin",29
2007,"Blue Jay",3
2007,"Blue-gray Gnatcatcher",2
2007,"Brown Thrasher",4
2007,"Brown-headed Cowbird",1
2007,"Carolina Chickadee",3
2007,"Carolina Wren",33
2007,"Chipping Sparrow",7
2007,"Common Grackle",19
2007,"Common Yellowthroat",1
2007,"Eastern Bluebird",21
2007,"Eastern Phoebe",2
2007,"Eastern Towhee",21
2007,"European Starling",8
2007,"Fish Crow",2
2007,"Gray Catbird",4
2007,"House Finch",3
2007,"Mourning Dove",6
2007,"Northern Cardinal",60
2007,"Northern Mockingbird",3
2007,"Pileated Woodpecker",1
2007,"Pine Warbler",11
2007,"Red-bellied Woodpecker",9
2007,"Tufted Titmouse",15
2007,"White-breasted Nuthatch",4
2008,"American Crow",35
2008,"American Goldfinch",5
2008,"American Robin",1
2008,"Blue Jay",3
2008,"Blue-gray Gnatcatcher",14
2008,"Brown Thrasher",1
2008,"Brown-headed Cowbird",3
2008,"Brown-headed Nuthatch",4
2008,"Canada Goose",1
2008,"Carolina Chickadee",11
2008,"Carolina Wren",7
2008,"Chipping Sparrow",8
2008,"Common Grackle",2
2008,"Common Yellowthroat",4
2008,"Downy Woodpecker",1
2008,"Eastern Bluebird",4
2008,"Eastern Towhee",5
2008,"European Starling",8
2008,"Fish Crow",1
2008,"Killdeer",2
2008,"Mourning Dove",8
2008,"Northern Cardinal",35
2008,"Northern Mockingbird",5
2008,"Pileated Woodpecker",2
2008,"Pine Warbler",29
2008,"Red-bellied Woodpecker",9
2008,"Red-shouldered Hawk",1
2008,"Tufted Titmouse",15
2008,"Turkey Vulture",1
2008,"White-breasted Nuthatch",5
2008,"American Crow",35
2008,"American Goldfinch",6
2008,"American Robin",2
2008,"Blue Jay",4
2008,"Blue-gray Gnatcatcher",14
2008,"Brown Thrasher",3
2008,"Brown-headed Cowbird",5
2008,"Brown-headed Nuthatch",3
2008,"Canada Goose",3
2008,"Carolina Chickadee",12
2008,"Carolina Wren",16
2008,"Chipping Sparrow",10
2008,"Common Grackle",8
2008,"Common Yellowthroat",5
2008,"Downy Woodpecker",5
2008,"Eastern Bluebird",3
2008,"Eastern Phoebe",1
2008,"Eastern Towhee",15
2008,"Field Sparrow",2
2008,"Fish Crow",1
2008,"Great Blue Heron",1
2008,"House Finch",5
2008,"Mourning Dove",15
2008,"Northern Cardinal",22
2008,"Northern Mockingbird",5
2008,"Pine Warbler",14
2008,"Red-bellied Woodpecker",7
2008,"Red-shouldered Hawk",1
2008,"Tufted Titmouse",10
2008,"White-breasted Nuthatch",1
2008,"American Crow",6
2008,"American Robin",6
2008,"Blue Jay",2
2008,"Blue-gray Gnatcatcher",1
2008,"Brown Thrasher",3
2008,"Carolina Chickadee",3
2008,"Carolina Wren",14
2008,"Chipping Sparrow",10
2008,"Common Grackle",1
2008,"Common Yellowthroat",3
2008,"Downy Woodpecker",1
2008,"Eastern Bluebird",3
2008,"Eastern Phoebe",2
2008,"Eastern Towhee",5
2008,"Field Sparrow",2
2008,"Gray Catbird",5
2008,"Mourning Dove",8
2008,"Northern Bobwhite",3
2008,"Northern Cardinal",15
2008,"Northern Mockingbird",7
2008,"Pine Warbler",21
2008,"Red-bellied Woodpecker",5
2008,"Red-winged Blackbird",2
2008,"Tufted Titmouse",9
2008,"American Crow",27
2008,"American Goldfinch",7
2008,"American Robin",3
2008,"Blue Jay",4
2008,"Blue-gray Gnatcatcher",9
2008,"Brown-headed Cowbird",2
2008,"Canada Goose",6
2008,"Carolina Chickadee",8
2008,"Carolina Wren",10
2008,"Chipping Sparrow",9
2008,"Common Grackle",4
2008,"Common Yellowthroat",4
2008,"Eastern Bluebird",7
2008,"Eastern Meadowlark",2
2008,"Eastern Phoebe",1
2008,"Eastern Towhee",5
2008,"European Starling",2
2008,"Field Sparrow",2
2008,"Great Blue Heron",2
2008,"Killdeer",1
2008,"Mourning Dove",14
2008,"Northern Cardinal",17
2008,"Northern Mockingbird",2
2008,"Pine Warbler",4
2008,"Red-bellied Woodpecker",7
2008,"Red-winged Blackbird",1
2008,"Tufted Titmouse",16
2008,"American Crow",42
2008,"American Goldfinch",6
2008,"American Robin",4
2008,"Blue Jay",7
2008,"Blue-gray Gnatcatcher",3
2008,"Brown Thrasher",4
2008,"Brown-headed Cowbird",5
2008,"Brown-headed Nuthatch",2
2008,"Canada Goose",4
2008,"Carolina Chickadee",1
2008,"Carolina Wren",12
2008,"Chipping Sparrow",3
2008,"Common Grackle",27
2008,"Common Yellowthroat",1
2008,"Eastern Bluebird",11
2008,"Eastern Meadowlark",21
2008,"Eastern Phoebe",1
2008,"Eastern Towhee",9
2008,"Field Sparrow",2
2008,"Gray Catbird",2
2008,"Great Blue Heron",1
2008,"House Sparrow",12
2008,"Killdeer",1
2008,"Mourning Dove",36
2008,"Northern Cardinal",17
2008,"Northern Mockingbird",25
2008,"Pileated Woodpecker",4
2008,"Red-bellied Woodpecker",6
2008,"Song Sparrow",3
2008,"Tufted Titmouse",15
2008,"American Crow",36
2008,"American Goldfinch",8
2008,"American Robin",10
2008,"Blue-gray Gnatcatcher",6
2008,"Brown-headed Cowbird",1
2008,"Carolina Chickadee",3
2008,"Carolina Wren",24
2008,"Chipping Sparrow",13
2008,"Common Grackle",14
2008,"Downy Woodpecker",7
2008,"Eastern Bluebird",3
2008,"Eastern Meadowlark",18
2008,"Eastern Phoebe",2
2008,"Eastern Towhee",12
2008,"European Starling",3
2008,"Field Sparrow",1
2008,"Great Blue Heron",1
2008,"House Sparrow",3
2008,"Killdeer",1
2008,"Mourning Dove",18
2008,"Northern Cardinal",35
2008,"Northern Mockingbird",7
2008,"Pine Warbler",7
2008,"Red-bellied Woodpecker",3
2008,"Red-winged Blackbird",5
2008,"Tufted Titmouse",6
2008,"American Crow",24
2008,"American Goldfinch",4
2008,"American Robin",1
2008,"Blue Jay",7
2008,"Blue-gray Gnatcatcher",10
2008,"Brown Thrasher",2
2008,"Brown-headed Cowbird",2
2008,"Canada Goose",1
2008,"Carolina Chickadee",3
2008,"Carolina Wren",15
2008,"Chipping Sparrow",6
2008,"Common Grackle",9
2008,"Common Yellowthroat",3
2008,"Downy Woodpecker",2
2008,"Eastern Bluebird",5
2008,"Eastern Meadowlark",5
2008,"Eastern Towhee",5
2008,"European Starling",1
2008,"Field Sparrow",1
2008,"House Finch",2
2008,"Mourning Dove",22
2008,"Northern Bobwhite",7
2008,"Northern Cardinal",25
2008,"Northern Mockingbird",8
2008,"Pine Warbler",16
2008,"Red-bellied Woodpecker",10
2008,"Red-winged Blackbird",3
2008,"Tufted Titmouse",10
2008,"American Crow",32
2008,"American Goldfinch",11
2008,"American Robin",5
2008,"Blue-gray Gnatcatcher",13
2008,"Brown-headed Cowbird",1
2008,"Carolina Chickadee",4
2008,"Carolina Wren",6
2008,"Chipping Sparrow",15
2008,"Common Grackle",11
2008,"Common Yellowthroat",9
2008,"Eastern Bluebird",3
2008,"Eastern Meadowlark",7
2008,"Eastern Phoebe",6
2008,"Eastern Towhee",8
2008,"European Starling",2
2008,"Gray Catbird",1
2008,"Killdeer",2
2008,"Mourning Dove",28
2008,"Northern Cardinal",26
2008,"Northern Mockingbird",6
2008,"Pine Warbler",11
2008,"Red-bellied Woodpecker",3
2008,"Tufted Titmouse",9
2008,"American Crow",48
2008,"American Goldfinch",14
2008,"American Robin",4
2008,"Blue Jay",5
2008,"Blue-gray Gnatcatcher",26
2008,"Brown Thrasher",2
2008,"Brown-headed Cowbird",2
2008,"Brown-headed Nuthatch",1
2008,"Canada Goose",1
2008,"Carolina Chickadee",12
2008,"Carolina Wren",35
2008,"Chipping Sparrow",11
2008,"Common Yellowthroat",1
2008,"Downy Woodpecker",5
2008,"Eastern Bluebird",12
2008,"Eastern Phoebe",5
2008,"Eastern Towhee",14
2008,"Field Sparrow",1
2008,"Fish Crow",2
2008,"Gray Catbird",1
2008,"Great Blue Heron",2
2008,"House Finch",6
2008,"Mourning Dove",20
2008,"Northern Cardinal",36
2008,"Northern Mockingbird",1
2008,"Pine Warbler",16
2008,"Red-bellied Woodpecker",10
2008,"Red-shouldered Hawk",2
2008,"Red-winged Blackbird",3
2008,"Tufted Titmouse",23
2008,"White-breasted Nuthatch",4
2008,"American Crow",14
2008,"American Goldfinch",4
2008,"American Robin",1
2008,"Blue Jay",1
2008,"Blue-gray Gnatcatcher",7
2008,"Brown Thrasher",1
2008,"Brown-headed Cowbird",1
2008,"Canada Goose",1
2008,"Carolina Chickadee",4
2008,"Carolina Wren",5
2008,"Chipping Sparrow",8
2008,"Common Grackle",2
2008,"Eastern Bluebird",3
2008,"Eastern Phoebe",1
2008,"Eastern Towhee",5
2008,"European Starling",1
2008,"Field Sparrow",1
2008,"Fish Crow",1
2008,"Gray Catbird",1
2008,"Great Blue Heron",3
2008,"Mourning Dove",12
2008,"Northern Cardinal",10
2008,"Northern Mockingbird",4
2008,"Pileated Woodpecker",1
2008,"Pine Warbler",1
2008,"Red-bellied Woodpecker",5
2008,"Red-shouldered Hawk",1
2008,"Red-winged Blackbird",1
2008,"Tufted Titmouse",1
2008,"White-breasted Nuthatch",1
2008,"American Crow",32
2008,"American Goldfinch",5
2008,"Blue Jay",2
2008,"Blue-gray Gnatcatcher",7
2008,"Brown-headed Cowbird",2
2008,"Brown-headed Nuthatch",2
2008,"Carolina Chickadee",6
2008,"Carolina Wren",19
2008,"Chipping Sparrow",7
2008,"Common Grackle",10
2008,"Common Yellowthroat",10
2008,"Eastern Bluebird",4
2008,"Eastern Meadowlark",4
2008,"Eastern Phoebe",2
2008,"Eastern Towhee",2
2008,"Field Sparrow",1
2008,"Gray Catbird",1
2008,"House Finch",3
2008,"Mourning Dove",14
2008,"Northern Bobwhite",2
2008,"Northern Cardinal",9
2008,"Northern Mockingbird",2
2008,"Pileated Woodpecker",1
2008,"Pine Warbler",3
2008,"Red-bellied Woodpecker",8
2008,"Red-winged Blackbird",1
2008,"Tufted Titmouse",12
2008,"American Crow",18
2008,"American Goldfinch",2
2008,"American Robin",5
2008,"Blue Jay",5
2008,"Blue-gray Gnatcatcher",6
2008,"Brown-headed Cowbird",3
2008,"Carolina Chickadee",3
2008,"Carolina Wren",5
2008,"Chipping Sparrow",13
2008,"Common Grackle",3
2008,"Common Yellowthroat",4
2008,"Downy Woodpecker",4
2008,"Eastern Bluebird",14
2008,"Eastern Meadowlark",6
2008,"Eastern Phoebe",3
2008,"Eastern Towhee",3
2008,"Field Sparrow",1
2008,"House Finch",1
2008,"Mourning Dove",19
2008,"Northern Cardinal",17
2008,"Northern Mockingbird",15
2008,"Red-bellied Woodpecker",7
2008,"Red-winged Blackbird",6
2008,"Tufted Titmouse",11
2008,"Turkey Vulture",2
2008,"American Crow",34
2008,"American Goldfinch",8
2008,"American Robin",6
2008,"Blue Jay",2
2008,"Blue-gray Gnatcatcher",4
2008,"Brown Thrasher",2
2008,"Brown-headed Cowbird",6
2008,"Carolina Chickadee",4
2008,"Carolina Wren",12
2008,"Chipping Sparrow",36
2008,"Common Grackle",37
2008,"Eastern Bluebird",13
2008,"Eastern Meadowlark",1
2008,"Eastern Phoebe",5
2008,"Eastern Towhee",13
2008,"European Starling",10
2008,"Fish Crow",2
2008,"Gray Catbird",3
2008,"Great Blue Heron",1
2008,"House Finch",10
2008,"House Sparrow",6
2008,"Killdeer",3
2008,"Mourning Dove",13
2008,"Northern Cardinal",30
2008,"Northern Mockingbird",13
2008,"Pine Warbler",1
2008,"Red-winged Blackbird",4
2008,"Song Sparrow",1
2008,"Tufted Titmouse",10
2008,"Turkey Vulture",1
2008,"American Crow",18
2008,"American Goldfinch",4
2008,"American Robin",2
2008,"Blue-gray Gnatcatcher",2
2008,"Brown Thrasher",2
2008,"Brown-headed Cowbird",3
2008,"Canada Goose",11
2008,"Carolina Chickadee",4
2008,"Carolina Wren",16
2008,"Chipping Sparrow",4
2008,"Common Grackle",10
2008,"Eastern Bluebird",4
2008,"Eastern Phoebe",3
2008,"Eastern Towhee",5
2008,"European Starling",7
2008,"Fish Crow",7
2008,"Great Blue Heron",10
2008,"House Finch",6
2008,"Mourning Dove",5
2008,"Northern Cardinal",20
2008,"Northern Mockingbird",2
2008,"Pileated Woodpecker",1
2008,"Pine Warbler",5
2008,"Red-bellied Woodpecker",3
2008,"Red-shouldered Hawk",3
2008,"Tufted Titmouse",10
2008,"American Crow",28
2008,"American Goldfinch",1
2008,"Blue Jay",3
2008,"Blue-gray Gnatcatcher",8
2008,"Brown Thrasher",1
2008,"Brown-headed Cowbird",3
2008,"Canada Goose",52
2008,"Carolina Chickadee",2
2008,"Carolina Wren",3
2008,"Chipping Sparrow",15
2008,"Common Grackle",4
2008,"Common Yellowthroat",4
2008,"Eastern Bluebird",7
2008,"Eastern Meadowlark",8
2008,"Eastern Phoebe",2
2008,"Eastern Towhee",2
2008,"Field Sparrow",2
2008,"Fish Crow",4
2008,"Great Blue Heron",1
2008,"Killdeer",4
2008,"Mourning Dove",22
2008,"Northern Cardinal",24
2008,"Northern Mockingbird",1
2008,"Pine Warbler",3
2008,"Red-bellied Woodpecker",3
2008,"Red-winged Blackbird",4
2008,"Tufted Titmouse",5
2008,"American Crow",30
2008,"American Goldfinch",2
2008,"American Robin",4
2008,"Blue Jay",5
2008,"Blue-gray Gnatcatcher",13
2008,"Brown Thrasher",1
2008,"Brown-headed Cowbird",2
2008,"Canada Goose",6
2008,"Carolina Chickadee",12
2008,"Carolina Wren",14
2008,"Chipping Sparrow",19
2008,"Common Grackle",4
2008,"Eastern Bluebird",5
2008,"Eastern Phoebe",5
2008,"Eastern Towhee",5
2008,"House Finch",1
2008,"Killdeer",3
2008,"Mourning Dove",18
2008,"Northern Bobwhite",2
2008,"Northern Cardinal",25
2008,"Northern Mockingbird",6
2008,"Pine Warbler",16
2008,"Red-bellied Woodpecker",10
2008,"Tufted Titmouse",17
2008,"American Crow",24
2008,"American Goldfinch",4
2008,"American Robin",30
2008,"Blue Jay",8
2008,"Blue-gray Gnatcatcher",5
2008,"Brown-headed Cowbird",3
2008,"Brown-headed Nuthatch",3
2008,"Carolina Chickadee",12
2008,"Carolina Wren",4
2008,"Chipping Sparrow",7
2008,"Common Grackle",36
2008,"Downy Woodpecker",5
2008,"Eastern Bluebird",4
2008,"Eastern Phoebe",2
2008,"Eastern Towhee",12
2008,"European Starling",7
2008,"Fish Crow",4
2008,"Gray Catbird",5
2008,"House Finch",7
2008,"House Sparrow",4
2008,"Mourning Dove",10
2008,"Northern Cardinal",33
2008,"Northern Mockingbird",16
2008,"Pine Warbler",2
2008,"Red-bellied Woodpecker",12
2008,"Song Sparrow",6
2008,"Tufted Titmouse",12
2008,"White-breasted Nuthatch",2
2008,"American Crow",15
2008,"American Goldfinch",5
2008,"American Robin",10
2008,"Blue Jay",2
2008,"Blue-gray Gnatcatcher",15
2008,"Brown Thrasher",2
2008,"Brown-headed Cowbird",5
2008,"Canada Goose",3
2008,"Carolina Chickadee",5
2008,"Carolina Wren",12
2008,"Chipping Sparrow",12
2008,"Common Grackle",8
2008,"Common Yellowthroat",1
2008,"Downy Woodpecker",1
2008,"Eastern Bluebird",3
2008,"Eastern Meadowlark",3
2008,"Eastern Phoebe",4
2008,"Eastern Towhee",5
2008,"European Starling",4
2008,"Gray Catbird",1
2008,"Great Blue Heron",6
2008,"House Finch",6
2008,"Mourning Dove",12
2008,"Northern Cardinal",26
2008,"Northern Mockingbird",2
2008,"Pileated Woodpecker",1
2008,"Pine Warbler",5
2008,"Red-bellied Woodpecker",5
2008,"Red-shouldered Hawk",1
2008,"Red-winged Blackbird",2
2008,"Tufted Titmouse",14
2008,"American Crow",7
2008,"American Goldfinch",12
2008,"American Robin",19
2008,"Blue Jay",4
2008,"Blue-gray Gnatcatcher",24
2008,"Brown-headed Cowbird",4
2008,"Brown-headed Nuthatch",1
2008,"Carolina Chickadee",18
2008,"Carolina Wren",20
2008,"Chipping Sparrow",11
2008,"Common Grackle",3
2008,"Common Yellowthroat",1
2008,"Downy Woodpecker",4
2008,"Eastern Bluebird",8
2008,"Eastern Phoebe",2
2008,"Eastern Towhee",28
2008,"Fish Crow",1
2008,"Gray Catbird",2
2008,"Great Blue Heron",2
2008,"House Finch",11
2008,"House Sparrow",4
2008,"Mourning Dove",15
2008,"Northern Cardinal",56
2008,"Northern Mockingbird",14
2008,"Pine Warbler",8
2008,"Red-bellied Woodpecker",14
2008,"Song Sparrow",7
2008,"Tufted Titmouse",22
2008,"White-breasted Nuthatch",4
2008,"American Crow",12
2008,"American Goldfinch",1
2008,"American Robin",18
2008,"Blue Jay",4
2008,"Brown Thrasher",4
2008,"Brown-headed Cowbird",5
2008,"Brown-headed Nuthatch",1
2008,"Canada Goose",2
2008,"Carolina Chickadee",3
2008,"Carolina Wren",9
2008,"Chipping Sparrow",3
2008,"Common Grackle",23
2008,"Common Yellowthroat",1
2008,"Downy Woodpecker",2
2008,"Eastern Bluebird",7
2008,"Eastern Towhee",15
2008,"European Starling",6
2008,"Field Sparrow",1
2008,"Fish Crow",4
2008,"Gray Catbird",4
2008,"House Finch",4
2008,"Mourning Dove",9
2008,"Northern Cardinal",12
2008,"Northern Mockingbird",8
2008,"Pine Warbler",9
2008,"Red-bellied Woodpecker",5
2008,"Red-shouldered Hawk",1
2008,"Red-winged Blackbird",1
2008,"Song Sparrow",4
2008,"Tufted Titmouse",13
2008,"American Crow",7
2008,"American Goldfinch",5
2008,"Blue Jay",3
2008,"Blue-gray Gnatcatcher",11
2008,"Brown Thrasher",2
2008,"Brown-headed Cowbird",4
2008,"Carolina Chickadee",6
2008,"Carolina Wren",8
2008,"Chipping Sparrow",15
2008,"Common Grackle",1
2008,"Common Yellowthroat",1
2008,"Eastern Bluebird",2
2008,"Eastern Towhee",10
2008,"Fish Crow",1
2008,"House Sparrow",1
2008,"Mourning Dove",10
2008,"Northern Bobwhite",2
2008,"Northern Cardinal",13
2008,"Northern Mockingbird",3
2008,"Red-bellied Woodpecker",3
2008,"Tufted Titmouse",15
2008,"American Crow",28
2008,"American Goldfinch",2
2008,"American Robin",6
2008,"Blue Jay",3
2008,"Blue-gray Gnatcatcher",8
2008,"Brown-headed Cowbird",1
2008,"Carolina Chickadee",14
2008,"Carolina Wren",7
2008,"Chipping Sparrow",12
2008,"Common Grackle",11
2008,"Eastern Bluebird",4
2008,"Eastern Phoebe",1
2008,"Eastern Towhee",6
2008,"European Starling",1
2008,"Fish Crow",1
2008,"House Finch",9
2008,"House Sparrow",4
2008,"Mourning Dove",17
2008,"Northern Cardinal",29
2008,"Northern Mockingbird",8
2008,"Pine Warbler",2
2008,"Red-bellied Woodpecker",2
2008,"Red-shouldered Hawk",1
2008,"Tufted Titmouse",2
2008,"White-breasted Nuthatch",1
2008,"American Crow",23
2008,"American Goldfinch",2
2008,"American Robin",3
2008,"Blue Jay",1
2008,"Blue-gray Gnatcatcher",1
2008,"Brown-headed Cowbird",1
2008,"Brown-headed Nuthatch",1
2008,"Carolina Wren",10
2008,"Chipping Sparrow",7
2008,"Common Grackle",2
2008,"Eastern Bluebird",12
2008,"Eastern Meadowlark",2
2008,"Eastern Phoebe",1
2008,"Eastern Towhee",2
2008,"European Starling",6
2008,"Field Sparrow",2
2008,"House Finch",9
2008,"Mourning Dove",24
2008,"Northern Cardinal",16
2008,"Northern Mockingbird",8
2008,"Pileated Woodpecker",1
2008,"Red-bellied Woodpecker",7
2008,"Red-winged Blackbird",2
2008,"Tufted Titmouse",10
2008,"White-breasted Nuthatch",1
2008,"American Crow",16
2008,"American Robin",4
2008,"Blue Jay",1
2008,"Brown Thrasher",1
2008,"Brown-headed Cowbird",1
2008,"Carolina Wren",11
2008,"Chipping Sparrow",5
2008,"Common Grackle",3
2008,"Eastern Bluebird",6
2008,"Eastern Meadowlark",1
2008,"Eastern Towhee",2
2008,"Field Sparrow",2
2008,"House Finch",2
2008,"Killdeer",2
2008,"Mourning Dove",10
2008,"Northern Bobwhite",1
2008,"Northern Cardinal",16
2008,"Northern Mockingbird",8
2008,"Red-bellied Woodpecker",6
2008,"Red-winged Blackbird",2
2008,"Tufted Titmouse",15
2008,"White-breasted Nuthatch",1
2008,"American Crow",26
2008,"American Goldfinch",3
2008,"American Robin",9
2008,"Blue Jay",5
2008,"Brown Thrasher",2
2008,"Brown-headed Cowbird",1
2008,"Brown-headed Nuthatch",1
2008,"Canada Goose",1
2008,"Carolina Chickadee",5
2008,"Carolina Wren",10
2008,"Chipping Sparrow",12
2008,"Common Grackle",11
2008,"Common Yellowthroat",3
2008,"Eastern Bluebird",13
2008,"Eastern Meadowlark",4
2008,"Eastern Towhee",6
2008,"European Starling",2
2008,"Field Sparrow",2
2008,"Gray Catbird",1
2008,"House Sparrow",6
2008,"Killdeer",1
2008,"Mourning Dove",10
2008,"Northern Bobwhite",1
2008,"Northern Cardinal",19
2008,"Northern Mockingbird",8
2008,"Red-bellied Woodpecker",2
2008,"Red-shouldered Hawk",1
2008,"Red-winged Blackbird",2
2008,"Tufted Titmouse",9
2008,"White-breasted Nuthatch",2
2008,"American Crow",28
2008,"American Goldfinch",4
2008,"American Robin",2
2008,"Blue Jay",2
2008,"Blue-gray Gnatcatcher",5
2008,"Canada Goose",6
2008,"Carolina Chickadee",3
2008,"Carolina Wren",9
2008,"Chipping Sparrow",3
2008,"Common Grackle",7
2008,"Common Yellowthroat",1
2008,"Eastern Bluebird",1
2008,"Eastern Phoebe",1
2008,"Eastern Towhee",6
2008,"European Starling",4
2008,"Gray Catbird",2
2008,"House Finch",1
2008,"Mourning Dove",6
2008,"Northern Cardinal",21
2008,"Northern Mockingbird",6
2008,"Pine Warbler",4
2008,"Red-bellied Woodpecker",7
2008,"Tufted Titmouse",8
2008,"American Crow",31
2008,"American Goldfinch",12
2008,"American Robin",3
2008,"Blue Jay",4
2008,"Blue-gray Gnatcatcher",12
2008,"Brown Thrasher",2
2008,"Brown-headed Cowbird",5
2008,"Brown-headed Nuthatch",3
2008,"Canada Goose",19
2008,"Carolina Chickadee",7
2008,"Carolina Wren",14
2008,"Chipping Sparrow",20
2008,"Common Grackle",10
2008,"Common Yellowthroat",3
2008,"Downy Woodpecker",1
2008,"Eastern Bluebird",9
2008,"Eastern Meadowlark",6
2008,"Eastern Phoebe",2
2008,"Eastern Towhee",7
2008,"European Starling",1
2008,"Field Sparrow",5
2008,"Great Blue Heron",1
2008,"House Finch",11
2008,"Killdeer",1
2008,"Mourning Dove",41
2008,"Northern Bobwhite",2
2008,"Northern Cardinal",33
2008,"Northern Mockingbird",11
2008,"Pine Warbler",10
2008,"Red-bellied Woodpecker",7
2008,"Red-shouldered Hawk",1
2008,"Red-winged Blackbird",10
2008,"Tufted Titmouse",12
2008,"White-breasted Nuthatch",1
2008,"American Crow",23
2008,"American Goldfinch",13
2008,"American Robin",9
2008,"Blue-gray Gnatcatcher",3
2008,"Brown Thrasher",1
2008,"Brown-headed Cowbird",3
2008,"Brown-headed Nuthatch",4
2008,"Canada Goose",4
2008,"Carolina Chickadee",5
2008,"Carolina Wren",7
2008,"Chipping Sparrow",13
2008,"Downy Woodpecker",3
2008,"Eastern Bluebird",11
2008,"Eastern Phoebe",1
2008,"Eastern Towhee",15
2008,"European Starling",1
2008,"Fish Crow",1
2008,"House Finch",2
2008,"Mourning Dove",14
2008,"Northern Cardinal",19
2008,"Northern Mockingbird",8
2008,"Pileated Woodpecker",2
2008,"Pine Warbler",7
2008,"Red-bellied Woodpecker",5
2008,"Red-shouldered Hawk",1
2008,"Tufted Titmouse",5
2008,"Turkey Vulture",4
2008,"White-breasted Nuthatch",2
2008,"American Crow",18
2008,"American Goldfinch",9
2008,"American Robin",15
2008,"Blue Jay",6
2008,"Brown Thrasher",4
2008,"Brown-headed Cowbird",4
2008,"Brown-headed Nuthatch",2
2008,"Canada Goose",3
2008,"Carolina Chickadee",7
2008,"Carolina Wren",12
2008,"Chipping Sparrow",9
2008,"Common Grackle",31
2008,"Common Yellowthroat",3
2008,"Eastern Bluebird",13
2008,"Eastern Meadowlark",15
2008,"Eastern Phoebe",5
2008,"Eastern Towhee",7
2008,"European Starling",7
2008,"Field Sparrow",10
2008,"Gray Catbird",1
2008,"House Finch",3
2008,"Killdeer",5
2008,"Mourning Dove",23
2008,"Northern Cardinal",26
2008,"Northern Mockingbird",14
2008,"Pine Warbler",4
2008,"Red-bellied Woodpecker",5
2008,"Tufted Titmouse",17
2008,"White-breasted Nuthatch",2
2008,"American Crow",39
2008,"American Goldfinch",3
2008,"American Robin",6
2008,"Brown Thrasher",1
2008,"Brown-headed Cowbird",2
2008,"Carolina Chickadee",2
2008,"Carolina Wren",8
2008,"Chipping Sparrow",1
2008,"Common Grackle",9
2008,"Common Yellowthroat",1
2008,"Eastern Bluebird",8
2008,"Eastern Meadowlark",2
2008,"Eastern Towhee",1
2008,"European Starling",7
2008,"House Sparrow",1
2008,"Mourning Dove",21
2008,"Northern Cardinal",22
2008,"Northern Mockingbird",9
2008,"Red-bellied Woodpecker",2
2008,"Red-shouldered Hawk",3
2008,"Tufted Titmouse",17
2008,"American Crow",44
2008,"American Goldfinch",1
2008,"American Robin",4
2008,"Blue Jay",7
2008,"Blue-gray Gnatcatcher",7
2008,"Carolina Chickadee",14
2008,"Carolina Wren",10
2008,"Chipping Sparrow",13
2008,"Common Grackle",1
2008,"Common Yellowthroat",1
2008,"Downy Woodpecker",5
2008,"Eastern Bluebird",4
2008,"Eastern Meadowlark",1
2008,"Eastern Phoebe",3
2008,"Eastern Towhee",8
2008,"European Starling",5
2008,"Gray Catbird",1
2008,"House Finch",4
2008,"Mourning Dove",14
2008,"Northern Cardinal",27
2008,"Northern Mockingbird",11
2008,"Pine Warbler",5
2008,"Red-bellied Woodpecker",11
2008,"Red-shouldered Hawk",1
2008,"Red-winged Blackbird",1
2008,"Tufted Titmouse",30
2008,"American Crow",26
2008,"American Goldfinch",7
2008,"American Robin",5
2008,"Blue Jay",6
2008,"Blue-gray Gnatcatcher",10
2008,"Brown Thrasher",3
2008,"Brown-headed Cowbird",2
2008,"Canada Goose",49
2008,"Carolina Chickadee",14
2008,"Carolina Wren",21
2008,"Chipping Sparrow",9
2008,"Common Grackle",8
2008,"Common Yellowthroat",2
2008,"Downy Woodpecker",5
2008,"Eastern Bluebird",7
2008,"Eastern Meadowlark",4
2008,"Eastern Phoebe",1
2008,"Eastern Towhee",11
2008,"European Starling",4
2008,"Fish Crow",3
2008,"House Finch",25
2008,"Killdeer",1
2008,"Mourning Dove",11
2008,"Northern Cardinal",25
2008,"Northern Mockingbird",6
2008,"Pine Warbler",8
2008,"Red-bellied Woodpecker",11
2008,"Tufted Titmouse",30
2008,"White-breasted Nuthatch",2
2008,"American Crow",32
2008,"American Goldfinch",4
2008,"American Robin",1
2008,"Blue Jay",13
2008,"Blue-gray Gnatcatcher",4
2008,"Brown-headed Nuthatch",2
2008,"Carolina Chickadee",8
2008,"Carolina Wren",22
2008,"Eastern Bluebird",15
2008,"Eastern Meadowlark",4
2008,"Eastern Towhee",10
2008,"House Finch",12
2008,"Mourning Dove",25
2008,"Northern Cardinal",43
2008,"Northern Mockingbird",9
2008,"Red-bellied Woodpecker",6
2008,"Tufted Titmouse",10
2008,"White-breasted Nuthatch",4
2008,"American Crow",9
2008,"American Goldfinch",4
2008,"American Robin",11
2008,"Blue Jay",2
2008,"Brown-headed Cowbird",7
2008,"Carolina Chickadee",6
2008,"Carolina Wren",38
2008,"Chipping Sparrow",6
2008,"Common Grackle",10
2008,"Downy Woodpecker",2
2008,"Eastern Bluebird",8
2008,"Eastern Meadowlark",2
2008,"Eastern Towhee",25
2008,"European Starling",3
2008,"Fish Crow",4
2008,"Gray Catbird",10
2008,"House Finch",12
2008,"Mourning Dove",9
2008,"Northern Cardinal",56
2008,"Northern Mockingbird",10
2008,"Pine Warbler",11
2008,"Red-bellied Woodpecker",12
2008,"Tufted Titmouse",17
2009,"American Crow",7
2009,"American Goldfinch",1
2009,"Blue-gray Gnatcatcher",15
2009,"Brown-headed Cowbird",5
2009,"Brown-headed Nuthatch",3
2009,"Canada Goose",2
2009,"Carolina Chickadee",4
2009,"Carolina Wren",6
2009,"Chipping Sparrow",5
2009,"Common Grackle",5
2009,"Common Yellowthroat",2
2009,"Downy Woodpecker",2
2009,"Eastern Bluebird",3
2009,"Eastern Towhee",5
2009,"Fish Crow",1
2009,"Killdeer",1
2009,"Mourning Dove",10
2009,"Northern Cardinal",25
2009,"Northern Mockingbird",4
2009,"Pine Warbler",13
2009,"Red-bellied Woodpecker",4
2009,"Tufted Titmouse",9
2009,"White-breasted Nuthatch",1
2009,"American Crow",21
2009,"American Goldfinch",5
2009,"American Robin",3
2009,"Blue Jay",1
2009,"Blue-gray Gnatcatcher",21
2009,"Brown Thrasher",1
2009,"Brown-headed Cowbird",7
2009,"Brown-headed Nuthatch",4
2009,"Carolina Chickadee",9
2009,"Carolina Wren",25
2009,"Chipping Sparrow",10
2009,"Common Grackle",4
2009,"Common Yellowthroat",2
2009,"Eastern Bluebird",2
2009,"Eastern Phoebe",3
2009,"Eastern Towhee",9
2009,"Fish Crow",1
2009,"Great Blue Heron",3
2009,"Mourning Dove",28
2009,"Northern Cardinal",26
2009,"Northern Mockingbird",5
2009,"Pine Warbler",15
2009,"Red-bellied Woodpecker",3
2009,"Tufted Titmouse",16
2009,"White-breasted Nuthatch",6
2009,"American Crow",5
2009,"American Robin",7
2009,"Blue Jay",1
2009,"Brown Thrasher",1
2009,"Brown-headed Cowbird",2
2009,"Carolina Chickadee",1
2009,"Carolina Wren",46
2009,"Chipping Sparrow",6
2009,"Common Grackle",6
2009,"Common Yellowthroat",7
2009,"Downy Woodpecker",2
2009,"Eastern Bluebird",1
2009,"Eastern Phoebe",2
2009,"Eastern Towhee",8
2009,"European Starling",120
2009,"Field Sparrow",1
2009,"House Finch",3
2009,"Mourning Dove",15
2009,"Northern Bobwhite",2
2009,"Northern Cardinal",16
2009,"Northern Mockingbird",12
2009,"Pine Warbler",20
2009,"Red-bellied Woodpecker",2
2009,"Tufted Titmouse",13
2009,"American Crow",35
2009,"American Goldfinch",6
2009,"Blue Jay",6
2009,"Blue-gray Gnatcatcher",12
2009,"Brown Thrasher",1
2009,"Brown-headed Cowbird",7
2009,"Carolina Chickadee",3
2009,"Carolina Wren",19
2009,"Chipping Sparrow",17
2009,"Common Grackle",10
2009,"Common Yellowthroat",5
2009,"Downy Woodpecker",1
2009,"Eastern Bluebird",9
2009,"Eastern Meadowlark",2
2009,"Eastern Phoebe",2
2009,"Eastern Towhee",2
2009,"European Starling",1
2009,"Field Sparrow",1
2009,"House Sparrow",1
2009,"Killdeer",1
2009,"Mourning Dove",11
2009,"Northern Cardinal",17
2009,"Northern Mockingbird",6
2009,"Pine Warbler",5
2009,"Red-bellied Woodpecker",7
2009,"Red-winged Blackbird",3
2009,"Tufted Titmouse",16
2009,"Turkey Vulture",3
2009,"White-breasted Nuthatch",2
2009,"American Crow",58
2009,"American Goldfinch",5
2009,"American Robin",4
2009,"Blue Jay",12
2009,"Blue-gray Gnatcatcher",17
2009,"Brown Thrasher",1
2009,"Brown-headed Cowbird",11
2009,"Carolina Chickadee",10
2009,"Carolina Wren",16
2009,"Chipping Sparrow",33
2009,"Common Grackle",4
2009,"Common Yellowthroat",1
2009,"Downy Woodpecker",1
2009,"Eastern Bluebird",32
2009,"Eastern Meadowlark",14
2009,"Eastern Phoebe",3
2009,"Eastern Towhee",3
2009,"European Starling",29
2009,"House Finch",8
2009,"House Sparrow",6
2009,"Killdeer",1
2009,"Mourning Dove",37
2009,"Northern Bobwhite",2
2009,"Northern Cardinal",29
2009,"Northern Mockingbird",23
2009,"Pileated Woodpecker",1
2009,"Pine Warbler",3
2009,"Red-bellied Woodpecker",12
2009,"Red-shouldered Hawk",1
2009,"Red-winged Blackbird",1
2009,"Tufted Titmouse",10
2009,"Turkey Vulture",1
2009,"White-breasted Nuthatch",3
2009,"American Crow",54
2009,"American Goldfinch",6
2009,"American Robin",6
2009,"Blue Jay",6
2009,"Blue-gray Gnatcatcher",2
2009,"Brown Thrasher",2
2009,"Brown-headed Cowbird",3
2009,"Brown-headed Nuthatch",1
2009,"Carolina Chickadee",2
2009,"Carolina Wren",18
2009,"Chipping Sparrow",16
2009,"Common Grackle",33
2009,"Common Yellowthroat",2
2009,"Eastern Bluebird",28
2009,"Eastern Meadowlark",11
2009,"Eastern Phoebe",2
2009,"Eastern Towhee",9
2009,"Field Sparrow",3
2009,"Fish Crow",1
2009,"Great Blue Heron",3
2009,"Mourning Dove",18
2009,"Northern Bobwhite",1
2009,"Northern Cardinal",25
2009,"Pileated Woodpecker",3
2009,"Pine Warbler",4
2009,"Red-bellied Woodpecker",3
2009,"Red-winged Blackbird",4
2009,"Tufted Titmouse",8
2009,"Northern Mockingbird",24
2009,"American Crow",30
2009,"American Goldfinch",3
2009,"Blue Jay",8
2009,"Blue-gray Gnatcatcher",9
2009,"Brown Thrasher",1
2009,"Brown-headed Cowbird",3
2009,"Carolina Chickadee",2
2009,"Carolina Wren",16
2009,"Chipping Sparrow",6
2009,"Common Grackle",3
2009,"Common Yellowthroat",4
2009,"Eastern Bluebird",15
2009,"Eastern Meadowlark",4
2009,"Eastern Phoebe",2
2009,"Eastern Towhee",4
2009,"European Starling",1
2009,"Field Sparrow",1
2009,"Great Blue Heron",4
2009,"Mourning Dove",34
2009,"Northern Cardinal",26
2009,"Northern Mockingbird",8
2009,"Pileated Woodpecker",4
2009,"Pine Warbler",7
2009,"Red-bellied Woodpecker",11
2009,"Red-shouldered Hawk",1
2009,"Red-winged Blackbird",3
2009,"Tufted Titmouse",6
2009,"White-breasted Nuthatch",1
2009,"American Crow",29
2009,"American Goldfinch",13
2009,"American Robin",11
2009,"Blue Jay",3
2009,"Blue-gray Gnatcatcher",9
2009,"Brown Thrasher",2
2009,"Brown-headed Cowbird",3
2009,"Canada Goose",10
2009,"Carolina Wren",11
2009,"Chipping Sparrow",17
2009,"Common Grackle",4
2009,"Common Yellowthroat",3
2009,"Eastern Bluebird",5
2009,"Eastern Meadowlark",4
2009,"Eastern Phoebe",1
2009,"Eastern Towhee",10
2009,"European Starling",2
2009,"Mourning Dove",26
2009,"Northern Cardinal",26
2009,"Northern Mockingbird",4
2009,"Pine Warbler",2
2009,"Red-bellied Woodpecker",8
2009,"Red-shouldered Hawk",2
2009,"Tufted Titmouse",6
2009,"American Crow",54
2009,"American Goldfinch",10
2009,"American Robin",2
2009,"Blue Jay",11
2009,"Blue-gray Gnatcatcher",26
2009,"Brown Thrasher",3
2009,"Brown-headed Cowbird",1
2009,"Brown-headed Nuthatch",3
2009,"Carolina Chickadee",25
2009,"Carolina Wren",52
2009,"Chipping Sparrow",14
2009,"Common Grackle",5
2009,"Common Yellowthroat",1
2009,"Downy Woodpecker",1
2009,"Eastern Bluebird",19
2009,"Eastern Phoebe",1
2009,"Eastern Towhee",10
2009,"Fish Crow",2
2009,"House Finch",2
2009,"Mourning Dove",13
2009,"Northern Cardinal",49
2009,"Northern Mockingbird",3
2009,"Pileated Woodpecker",1
2009,"Pine Warbler",23
2009,"Red-bellied Woodpecker",10
2009,"Red-shouldered Hawk",4
2009,"Tufted Titmouse",28
2009,"American Crow",16
2009,"American Goldfinch",1
2009,"American Robin",4
2009,"Blue-gray Gnatcatcher",3
2009,"Brown Thrasher",1
2009,"Brown-headed Cowbird",2
2009,"Carolina Chickadee",1
2009,"Carolina Wren",5
2009,"Chipping Sparrow",10
2009,"Common Grackle",3
2009,"Common Yellowthroat",1
2009,"Eastern Bluebird",3
2009,"Eastern Meadowlark",1
2009,"Eastern Phoebe",4
2009,"Eastern Towhee",1
2009,"European Starling",15
2009,"Field Sparrow",2
2009,"Fish Crow",6
2009,"Great Blue Heron",1
2009,"House Finch",2
2009,"Mourning Dove",9
2009,"Northern Cardinal",11
2009,"Northern Mockingbird",6
2009,"Pileated Woodpecker",2
2009,"Red-bellied Woodpecker",1
2009,"American Crow",26
2009,"Blue Jay",4
2009,"Blue-gray Gnatcatcher",4
2009,"Brown Thrasher",3
2009,"Brown-headed Cowbird",2
2009,"Canada Goose",3
2009,"Carolina Wren",10
2009,"Chipping Sparrow",9
2009,"Common Grackle",4
2009,"Common Yellowthroat",4
2009,"Downy Woodpecker",2
2009,"Eastern Bluebird",6
2009,"Eastern Phoebe",2
2009,"Eastern Towhee",2
2009,"Gray Catbird",2
2009,"Killdeer",1
2009,"Mourning Dove",23
2009,"Northern Cardinal",17
2009,"Northern Mockingbird",2
2009,"Pine Warbler",2
2009,"Red-bellied Woodpecker",7
2009,"Red-shouldered Hawk",1
2009,"Tufted Titmouse",13
2009,"American Crow",23
2009,"American Robin",4
2009,"Blue Jay",5
2009,"Blue-gray Gnatcatcher",5
2009,"Brown Thrasher",4
2009,"Brown-headed Cowbird",1
2009,"Canada Goose",3
2009,"Carolina Chickadee",4
2009,"Carolina Wren",7
2009,"Chipping Sparrow",13
2009,"Common Yellowthroat",4
2009,"Downy Woodpecker",1
2009,"Eastern Bluebird",10
2009,"Eastern Meadowlark",5
2009,"Eastern Phoebe",3
2009,"Eastern Towhee",2
2009,"European Starling",1
2009,"Fish Crow",1
2009,"Great Blue Heron",1
2009,"Killdeer",1
2009,"Mourning Dove",13
2009,"Northern Bobwhite",1
2009,"Northern Cardinal",11
2009,"Northern Mockingbird",10
2009,"Pine Warbler",1
2009,"Red-bellied Woodpecker",5
2009,"Red-shouldered Hawk",3
2009,"Red-winged Blackbird",4
2009,"Tufted Titmouse",5
2009,"White-breasted Nuthatch",1
2009,"American Crow",58
2009,"American Goldfinch",3
2009,"American Robin",6
2009,"Blue Jay",8
2009,"Blue-gray Gnatcatcher",2
2009,"Carolina Chickadee",8
2009,"Carolina Wren",16
2009,"Chipping Sparrow",20
2009,"Common Grackle",12
2009,"Eastern Bluebird",18
2009,"Eastern Meadowlark",3
2009,"Eastern Phoebe",2
2009,"Eastern Towhee",8
2009,"European Starling",16
2009,"House Finch",10
2009,"House Sparrow",8
2009,"Killdeer",1
2009,"Mourning Dove",18
2009,"Northern Cardinal",36
2009,"Northern Mockingbird",21
2009,"Pine Warbler",5
2009,"Red-bellied Woodpecker",3
2009,"Red-winged Blackbird",2
2009,"Song Sparrow",2
2009,"Tufted Titmouse",6
2009,"American Crow",27
2009,"American Goldfinch",4
2009,"American Robin",1
2009,"Blue Jay",4
2009,"Blue-gray Gnatcatcher",11
2009,"Brown-headed Cowbird",6
2009,"Carolina Chickadee",5
2009,"Carolina Wren",16
2009,"Chipping Sparrow",4
2009,"Common Grackle",8
2009,"Eastern Bluebird",2
2009,"Eastern Phoebe",1
2009,"Eastern Towhee",7
2009,"European Starling",1
2009,"Fish Crow",1
2009,"Great Blue Heron",4
2009,"House Finch",3
2009,"Killdeer",2
2009,"Mourning Dove",10
2009,"Northern Cardinal",16
2009,"Northern Mockingbird",6
2009,"Pileated Woodpecker",2
2009,"Pine Warbler",9
2009,"Red-bellied Woodpecker",5
2009,"Tufted Titmouse",5
2009,"American Crow",16
2009,"American Goldfinch",6
2009,"American Robin",1
2009,"Blue Jay",1
2009,"Blue-gray Gnatcatcher",4
2009,"Brown-headed Cowbird",1
2009,"Canada Goose",2
2009,"Carolina Wren",10
2009,"Chipping Sparrow",13
2009,"Common Grackle",1
2009,"Common Yellowthroat",1
2009,"Downy Woodpecker",1
2009,"Eastern Bluebird",6
2009,"Eastern Meadowlark",3
2009,"Eastern Phoebe",1
2009,"Eastern Towhee",1
2009,"Killdeer",1
2009,"Mourning Dove",10
2009,"Northern Bobwhite",1
2009,"Northern Cardinal",22
2009,"Northern Mockingbird",3
2009,"Pine Warbler",3
2009,"Red-bellied Woodpecker",1
2009,"Red-winged Blackbird",3
2009,"Tufted Titmouse",2
2009,"American Crow",21
2009,"American Goldfinch",1
2009,"American Robin",9
2009,"Blue Jay",4
2009,"Blue-gray Gnatcatcher",14
2009,"Brown Thrasher",3
2009,"Brown-headed Cowbird",3
2009,"Carolina Chickadee",8
2009,"Carolina Wren",21
2009,"Chipping Sparrow",12
2009,"Common Grackle",11
2009,"Common Yellowthroat",1
2009,"Eastern Bluebird",2
2009,"Eastern Meadowlark",1
2009,"Eastern Phoebe",3
2009,"Eastern Towhee",3
2009,"Great Blue Heron",2
2009,"Mourning Dove",21
2009,"Northern Cardinal",17
2009,"Northern Mockingbird",3
2009,"Pine Warbler",8
2009,"Red-bellied Woodpecker",4
2009,"Red-shouldered Hawk",1
2009,"Tufted Titmouse",14
2009,"Turkey Vulture",3
2009,"White-breasted Nuthatch",1
2009,"American Crow",30
2009,"American Goldfinch",6
2009,"American Robin",39
2009,"Blue Jay",6
2009,"Blue-gray Gnatcatcher",1
2009,"Brown Thrasher",1
2009,"Brown-headed Cowbird",2
2009,"Carolina Chickadee",8
2009,"Carolina Wren",8
2009,"Chipping Sparrow",3
2009,"Common Grackle",79
2009,"Eastern Bluebird",5
2009,"Eastern Phoebe",1
2009,"Eastern Towhee",16
2009,"Fish Crow",1
2009,"Gray Catbird",3
2009,"House Finch",10
2009,"Mourning Dove",9
2009,"Northern Cardinal",34
2009,"Northern Mockingbird",7
2009,"Pine Warbler",1
2009,"Red-bellied Woodpecker",9
2009,"Red-shouldered Hawk",4
2009,"Song Sparrow",5
2009,"Tufted Titmouse",8
2009,"White-breasted Nuthatch",1
2009,"American Crow",8
2009,"American Goldfinch",5
2009,"American Robin",8
2009,"Blue Jay",1
2009,"Blue-gray Gnatcatcher",17
2009,"Brown Thrasher",1
2009,"Brown-headed Cowbird",4
2009,"Carolina Chickadee",3
2009,"Carolina Wren",20
2009,"Chipping Sparrow",12
2009,"Common Grackle",12
2009,"Common Yellowthroat",2
2009,"Downy Woodpecker",1
2009,"Eastern Bluebird",6
2009,"Eastern Meadowlark",1
2009,"Eastern Phoebe",1
2009,"Eastern Towhee",9
2009,"European Starling",4
2009,"Great Blue Heron",3
2009,"House Finch",1
2009,"Mourning Dove",10
2009,"Northern Cardinal",27
2009,"Northern Mockingbird",3
2009,"Pine Warbler",4
2009,"Red-bellied Woodpecker",6
2009,"Song Sparrow",1
2009,"Tufted Titmouse",14
2009,"White-breasted Nuthatch",2
2009,"American Crow",15
2009,"American Robin",15
2009,"Blue Jay",7
2009,"Blue-gray Gnatcatcher",21
2009,"Brown Thrasher",2
2009,"Brown-headed Cowbird",2
2009,"Brown-headed Nuthatch",4
2009,"Carolina Chickadee",18
2009,"Carolina Wren",22
2009,"Chipping Sparrow",5
2009,"Common Grackle",6
2009,"Downy Woodpecker",4
2009,"Eastern Bluebird",12
2009,"Eastern Phoebe",2
2009,"Eastern Towhee",21
2009,"European Starling",4
2009,"Fish Crow",5
2009,"Gray Catbird",4
2009,"House Finch",20
2009,"House Sparrow",3
2009,"Mourning Dove",14
2009,"Northern Cardinal",49
2009,"Northern Mockingbird",19
2009,"Pine Warbler",11
2009,"Red-bellied Woodpecker",9
2009,"Song Sparrow",1
2009,"Tufted Titmouse",6
2009,"Turkey Vulture",1
2009,"White-breasted Nuthatch",2
2009,"American Crow",3
2009,"American Robin",11
2009,"Blue Jay",2
2009,"Brown-headed Nuthatch",1
2009,"Carolina Chickadee",3
2009,"Carolina Wren",13
2009,"Chipping Sparrow",3
2009,"Common Grackle",8
2009,"Common Yellowthroat",1
2009,"Eastern Bluebird",2
2009,"Eastern Towhee",6
2009,"European Starling",23
2009,"Field Sparrow",1
2009,"Fish Crow",10
2009,"Gray Catbird",3
2009,"House Finch",4
2009,"Killdeer",1
2009,"Mourning Dove",5
2009,"Northern Cardinal",15
2009,"Northern Mockingbird",17
2009,"Pine Warbler",4
2009,"Red-bellied Woodpecker",1
2009,"Red-winged Blackbird",3
2009,"Song Sparrow",1
2009,"Tufted Titmouse",10
2009,"American Crow",6
2009,"American Robin",2
2009,"Blue Jay",2
2009,"Blue-gray Gnatcatcher",8
2009,"Brown-headed Cowbird",2
2009,"Brown-headed Nuthatch",3
2009,"Carolina Chickadee",4
2009,"Carolina Wren",13
2009,"Chipping Sparrow",11
2009,"Common Yellowthroat",2
2009,"Downy Woodpecker",1
2009,"Eastern Bluebird",3
2009,"Eastern Towhee",9
2009,"Field Sparrow",1
2009,"Great Blue Heron",1
2009,"House Sparrow",1
2009,"Killdeer",2
2009,"Mourning Dove",11
2009,"Northern Cardinal",21
2009,"Northern Mockingbird",11
2009,"Pileated Woodpecker",2
2009,"Red-bellied Woodpecker",5
2009,"Tufted Titmouse",7
2009,"American Crow",24
2009,"American Robin",8
2009,"Blue Jay",1
2009,"Brown Thrasher",4
2009,"Canada Goose",2
2009,"Carolina Wren",9
2009,"Common Grackle",7
2009,"Eastern Bluebird",9
2009,"Eastern Meadowlark",10
2009,"European Starling",8
2009,"Great Blue Heron",3
2009,"House Finch",10
2009,"Mourning Dove",24
2009,"Northern Cardinal",12
2009,"Northern Mockingbird",5
2009,"Red-bellied Woodpecker",6
2009,"Tufted Titmouse",10
2009,"White-breasted Nuthatch",1
2009,"American Crow",16
2009,"Blue Jay",3
2009,"Brown Thrasher",1
2009,"Canada Goose",4
2009,"Carolina Wren",12
2009,"Chipping Sparrow",1
2009,"Common Grackle",6
2009,"Eastern Bluebird",10
2009,"Eastern Meadowlark",1
2009,"Eastern Phoebe",3
2009,"Eastern Towhee",2
2009,"European Starling",3
2009,"House Finch",6
2009,"Mourning Dove",10
2009,"Northern Cardinal",15
2009,"Northern Mockingbird",6
2009,"Pine Warbler",1
2009,"Red-bellied Woodpecker",2
2009,"Red-winged Blackbird",1
2009,"Tufted Titmouse",13
2009,"American Crow",18
2009,"American Goldfinch",9
2009,"American Robin",10
2009,"Blue Jay",3
2009,"Blue-gray Gnatcatcher",9
2009,"Brown Thrasher",7
2009,"Brown-headed Cowbird",7
2009,"Canada Goose",8
2009,"Carolina Chickadee",5
2009,"Carolina Wren",9
2009,"Chipping Sparrow",12
2009,"Common Grackle",6
2009,"Common Yellowthroat",2
2009,"Downy Woodpecker",3
2009,"Eastern Bluebird",15
2009,"Eastern Meadowlark",10
2009,"Eastern Phoebe",2
2009,"Eastern Towhee",6
2009,"European Starling",15
2009,"Field Sparrow",2
2009,"Gray Catbird",1
2009,"House Sparrow",1
2009,"Mourning Dove",13
2009,"Northern Cardinal",17
2009,"Northern Mockingbird",8
2009,"Pine Warbler",2
2009,"Red-bellied Woodpecker",9
2009,"Red-winged Blackbird",1
2009,"Tufted Titmouse",7
2009,"American Crow",18
2009,"American Robin",3
2009,"Blue-gray Gnatcatcher",4
2009,"Brown-headed Cowbird",2
2009,"Canada Goose",2
2009,"Carolina Chickadee",3
2009,"Carolina Wren",21
2009,"Chipping Sparrow",2
2009,"Common Yellowthroat",1
2009,"Eastern Bluebird",4
2009,"Eastern Phoebe",4
2009,"Eastern Towhee",4
2009,"Gray Catbird",2
2009,"Mourning Dove",12
2009,"Northern Cardinal",27
2009,"Northern Mockingbird",5
2009,"Red-bellied Woodpecker",9
2009,"Tufted Titmouse",13
2009,"White-breasted Nuthatch",1
2009,"American Crow",28
2009,"American Goldfinch",7
2009,"American Robin",12
2009,"Blue Jay",5
2009,"Blue-gray Gnatcatcher",9
2009,"Brown Thrasher",3
2009,"Canada Goose",4
2009,"Carolina Chickadee",5
2009,"Carolina Wren",20
2009,"Chipping Sparrow",20
2009,"Common Grackle",33
2009,"Common Yellowthroat",3
2009,"Downy Woodpecker",1
2009,"Eastern Bluebird",12
2009,"Eastern Meadowlark",3
2009,"Eastern Phoebe",1
2009,"Eastern Towhee",5
2009,"European Starling",10
2009,"Field Sparrow",4
2009,"Fish Crow",1
2009,"House Finch",2
2009,"Killdeer",3
2009,"Mourning Dove",35
2009,"Northern Cardinal",23
2009,"Northern Mockingbird",9
2009,"Pine Warbler",4
2009,"Red-bellied Woodpecker",8
2009,"Red-winged Blackbird",3
2009,"Tufted Titmouse",10
2009,"Turkey Vulture",1
2009,"American Crow",12
2009,"American Goldfinch",9
2009,"American Robin",5
2009,"Blue-gray Gnatcatcher",1
2009,"Brown Thrasher",1
2009,"Brown-headed Nuthatch",1
2009,"Carolina Chickadee",12
2009,"Carolina Wren",11
2009,"Chipping Sparrow",12
2009,"Common Grackle",1
2009,"Downy Woodpecker",4
2009,"Eastern Bluebird",9
2009,"Eastern Phoebe",3
2009,"Eastern Towhee",13
2009,"Gray Catbird",1
2009,"House Finch",5
2009,"Mourning Dove",15
2009,"Northern Cardinal",20
2009,"Northern Mockingbird",2
2009,"Pine Warbler",6
2009,"Red-bellied Woodpecker",5
2009,"Red-shouldered Hawk",1
2009,"Tufted Titmouse",6
2009,"White-breasted Nuthatch",1
2009,"American Crow",18
2009,"American Robin",20
2009,"Blue Jay",5
2009,"Blue-gray Gnatcatcher",1
2009,"Brown Thrasher",2
2009,"Brown-headed Cowbird",3
2009,"Canada Goose",1
2009,"Carolina Chickadee",2
2009,"Carolina Wren",17
2009,"Chipping Sparrow",8
2009,"Common Grackle",18
2009,"Common Yellowthroat",7
2009,"Eastern Bluebird",6
2009,"Eastern Meadowlark",10
2009,"Eastern Phoebe",1
2009,"Eastern Towhee",6
2009,"European Starling",4
2009,"Field Sparrow",7
2009,"House Finch",3
2009,"Killdeer",3
2009,"Mourning Dove",23
2009,"Northern Cardinal",22
2009,"Northern Mockingbird",10
2009,"Pileated Woodpecker",1
2009,"Pine Warbler",5
2009,"Red-bellied Woodpecker",5
2009,"Red-shouldered Hawk",1
2009,"Tufted Titmouse",9
2009,"Turkey Vulture",3
2009,"American Crow",21
2009,"American Robin",3
2009,"Blue Jay",3
2009,"Brown Thrasher",2
2009,"Brown-headed Cowbird",2
2009,"Carolina Wren",21
2009,"Chipping Sparrow",3
2009,"Common Grackle",12
2009,"Eastern Bluebird",6
2009,"Eastern Meadowlark",1
2009,"Eastern Towhee",1
2009,"European Starling",1
2009,"Mourning Dove",20
2009,"Northern Cardinal",13
2009,"Northern Mockingbird",9
2009,"Pine Warbler",5
2009,"Red-bellied Woodpecker",3
2009,"Tufted Titmouse",12
2009,"White-breasted Nuthatch",1
2009,"American Crow",39
2009,"American Goldfinch",1
2009,"American Robin",6
2009,"Blue Jay",4
2009,"Blue-gray Gnatcatcher",3
2009,"Brown Thrasher",2
2009,"Carolina Chickadee",11
2009,"Carolina Wren",8
2009,"Chipping Sparrow",11
2009,"Common Grackle",2
2009,"Downy Woodpecker",3
2009,"Eastern Bluebird",10
2009,"Eastern Meadowlark",1
2009,"Eastern Towhee",5
2009,"European Starling",4
2009,"House Finch",3
2009,"Mourning Dove",17
2009,"Northern Cardinal",27
2009,"Northern Mockingbird",7
2009,"Pine Warbler",2
2009,"Red-bellied Woodpecker",9
2009,"Red-shouldered Hawk",3
2009,"Tufted Titmouse",4
2009,"White-breasted Nuthatch",1
2009,"American Crow",33
2009,"American Goldfinch",6
2009,"American Robin",7
2009,"Blue Jay",2
2009,"Blue-gray Gnatcatcher",17
2009,"Brown Thrasher",3
2009,"Brown-headed Cowbird",4
2009,"Brown-headed Nuthatch",1
2009,"Canada Goose",3
2009,"Carolina Chickadee",9
2009,"Carolina Wren",21
2009,"Chipping Sparrow",11
2009,"Common Grackle",4
2009,"Eastern Bluebird",2
2009,"Eastern Meadowlark",1
2009,"Eastern Phoebe",1
2009,"Eastern Towhee",4
2009,"European Starling",2
2009,"House Finch",6
2009,"Killdeer",2
2009,"Mourning Dove",5
2009,"Northern Cardinal",25
2009,"Northern Mockingbird",1
2009,"Pine Warbler",5
2009,"Red-bellied Woodpecker",10
2009,"Red-shouldered Hawk",1
2009,"Red-winged Blackbird",2
2009,"Tufted Titmouse",18
2009,"American Crow",32
2009,"American Robin",1
2009,"Blue Jay",13
2009,"Blue-gray Gnatcatcher",4
2009,"Brown-headed Nuthatch",2
2009,"Carolina Chickadee",8
2009,"Carolina Wren",22
2009,"Eastern Bluebird",15
2009,"Eastern Meadowlark",4
2009,"Eastern Phoebe",1
2009,"Eastern Towhee",11
2009,"Mourning Dove",13
2009,"Northern Cardinal",34
2009,"Northern Mockingbird",9
2009,"Pine Warbler",1
2009,"Tufted Titmouse",10
2009,"Turkey Vulture",2
2009,"White-breasted Nuthatch",4
2009,"American Crow",4
2009,"American Goldfinch",3
2009,"American Robin",18
2009,"Blue Jay",1
2009,"Brown Thrasher",4
2009,"Carolina Wren",29
2009,"Chipping Sparrow",4
2009,"Common Grackle",3
2009,"Eastern Bluebird",22
2009,"Eastern Towhee",28
2009,"European Starling",4
2009,"Gray Catbird",7
2009,"House Finch",16
2009,"Mourning Dove",12
2009,"Northern Cardinal",54
2009,"Northern Mockingbird",11
2009,"Pileated Woodpecker",1
2009,"Pine Warbler",4
2009,"Red-bellied Woodpecker",10
2009,"Tufted Titmouse",2
2009,"White-breasted Nuthatch",3
2010,"American Crow",20
2010,"American Robin",2
2010,"Blue Jay",3
2010,"Blue-gray Gnatcatcher",8
2010,"Brown Thrasher",1
2010,"Brown-headed Cowbird",1
2010,"Carolina Chickadee",13
2010,"Carolina Wren",15
2010,"Chipping Sparrow",3
2010,"Common Grackle",8
2010,"Common Yellowthroat",1
2010,"Downy Woodpecker",2
2010,"Eastern Bluebird",4
2010,"Eastern Phoebe",1
2010,"Eastern Towhee",6
2010,"Fish Crow",4
2010,"Mourning Dove",12
2010,"Northern Cardinal",38
2010,"Northern Mockingbird",5
2010,"Pileated Woodpecker",2
2010,"Pine Warbler",25
2010,"Red-bellied Woodpecker",10
2010,"Tufted Titmouse",17
2010,"Turkey Vulture",3
2010,"White-breasted Nuthatch",1
2010,"American Crow",20
2010,"American Goldfinch",3
2010,"American Robin",3
2010,"Blue Jay",1
2010,"Blue-gray Gnatcatcher",6
2010,"Brown Thrasher",3
2010,"Brown-headed Cowbird",11
2010,"Brown-headed Nuthatch",1
2010,"Carolina Chickadee",12
2010,"Carolina Wren",21
2010,"Chipping Sparrow",5
2010,"Common Grackle",5
2010,"Downy Woodpecker",4
2010,"Eastern Bluebird",9
2010,"Eastern Phoebe",4
2010,"Eastern Towhee",6
2010,"Fish Crow",1
2010,"Great Blue Heron",2
2010,"House Finch",2
2010,"Mourning Dove",12
2010,"Northern Cardinal",21
2010,"Northern Mockingbird",4
2010,"Pine Warbler",11
2010,"Red-bellied Woodpecker",8
2010,"Tufted Titmouse",18
2010,"American Crow",13
2010,"American Goldfinch",3
2010,"American Robin",7
2010,"Blue-gray Gnatcatcher",2
2010,"Brown Thrasher",2
2010,"Brown-headed Cowbird",7
2010,"Carolina Chickadee",1
2010,"Carolina Wren",20
2010,"Chipping Sparrow",7
2010,"Common Grackle",13
2010,"Common Yellowthroat",1
2010,"Eastern Bluebird",4
2010,"Eastern Meadowlark",2
2010,"Eastern Phoebe",1
2010,"Eastern Towhee",1
2010,"Gray Catbird",7
2010,"Mourning Dove",9
2010,"Northern Bobwhite",1
2010,"Northern Cardinal",17
2010,"Northern Mockingbird",2
2010,"Pine Warbler",24
2010,"Red-bellied Woodpecker",4
2010,"Red-shouldered Hawk",1
2010,"Tufted Titmouse",11
2010,"American Crow",32
2010,"American Goldfinch",1
2010,"American Robin",2
2010,"Blue Jay",11
2010,"Blue-gray Gnatcatcher",12
2010,"Brown Thrasher",1
2010,"Brown-headed Cowbird",4
2010,"Canada Goose",3
2010,"Carolina Chickadee",5
2010,"Carolina Wren",14
2010,"Chipping Sparrow",15
2010,"Common Yellowthroat",2
2010,"Downy Woodpecker",2
2010,"Eastern Bluebird",6
2010,"Eastern Meadowlark",1
2010,"Eastern Phoebe",1
2010,"Eastern Towhee",6
2010,"European Starling",2
2010,"Field Sparrow",3
2010,"Gray Catbird",1
2010,"Mourning Dove",16
2010,"Northern Cardinal",17
2010,"Northern Mockingbird",3
2010,"Red-bellied Woodpecker",6
2010,"Red-winged Blackbird",2
2010,"Tufted Titmouse",12
2010,"American Crow",36
2010,"American Goldfinch",6
2010,"American Robin",2
2010,"Blue Jay",7
2010,"Blue-gray Gnatcatcher",16
2010,"Brown Thrasher",2
2010,"Brown-headed Cowbird",15
2010,"Carolina Chickadee",24
2010,"Carolina Wren",41
2010,"Chipping Sparrow",44
2010,"Common Grackle",62
2010,"Downy Woodpecker",2
2010,"Eastern Bluebird",30
2010,"Eastern Meadowlark",33
2010,"Eastern Phoebe",10
2010,"Eastern Towhee",3
2010,"European Starling",57
2010,"Field Sparrow",3
2010,"Gray Catbird",1
2010,"House Finch",5
2010,"House Sparrow",2
2010,"Mourning Dove",29
2010,"Northern Cardinal",47
2010,"Northern Mockingbird",23
2010,"Pileated Woodpecker",2
2010,"Pine Warbler",2
2010,"Red-bellied Woodpecker",13
2010,"Red-shouldered Hawk",3
2010,"Red-winged Blackbird",3
2010,"Tufted Titmouse",18
2010,"Turkey Vulture",5
2010,"White-breasted Nuthatch",1
2010,"American Crow",45
2010,"American Goldfinch",2
2010,"American Robin",28
2010,"Blue Jay",3
2010,"Blue-gray Gnatcatcher",12
2010,"Brown Thrasher",4
2010,"Brown-headed Cowbird",8
2010,"Canada Goose",7
2010,"Carolina Chickadee",9
2010,"Carolina Wren",20
2010,"Chipping Sparrow",31
2010,"Common Grackle",62
2010,"Common Yellowthroat",2
2010,"Downy Woodpecker",2
2010,"Eastern Bluebird",25
2010,"Eastern Meadowlark",19
2010,"Eastern Phoebe",10
2010,"Eastern Towhee",6
2010,"European Starling",16
2010,"Field Sparrow",4
2010,"Gray Catbird",2
2010,"Great Blue Heron",3
2010,"House Finch",2
2010,"House Sparrow",4
2010,"Killdeer",4
2010,"Mourning Dove",51
2010,"Northern Bobwhite",3
2010,"Northern Cardinal",76
2010,"Northern Mockingbird",55
2010,"Pine Warbler",4
2010,"Red-bellied Woodpecker",6
2010,"Red-winged Blackbird",4
2010,"Tufted Titmouse",8
2010,"White-breasted Nuthatch",3
2010,"American Crow",25
2010,"American Goldfinch",8
2010,"Blue Jay",2
2010,"Blue-gray Gnatcatcher",8
2010,"Brown-headed Cowbird",4
2010,"Brown-headed Nuthatch",2
2010,"Carolina Chickadee",2
2010,"Carolina Wren",14
2010,"Chipping Sparrow",4
2010,"Common Grackle",7
2010,"Eastern Bluebird",3
2010,"Eastern Meadowlark",9
2010,"Eastern Towhee",10
2010,"Fish Crow",1
2010,"House Finch",3
2010,"House Sparrow",1
2010,"Northern Cardinal",19
2010,"Northern Mockingbird",7
2010,"Pileated Woodpecker",3
2010,"Pine Warbler",1
2010,"Red-bellied Woodpecker",2
2010,"Red-winged Blackbird",2
2010,"Tufted Titmouse",13
2010,"American Crow",21
2010,"American Goldfinch",16
2010,"American Robin",6
2010,"Blue Jay",6
2010,"Blue-gray Gnatcatcher",9
2010,"Brown Thrasher",2
2010,"Brown-headed Cowbird",5
2010,"Brown-headed Nuthatch",1
2010,"Carolina Chickadee",4
2010,"Carolina Wren",5
2010,"Chipping Sparrow",13
2010,"Common Grackle",6
2010,"Common Yellowthroat",1
2010,"Eastern Bluebird",19
2010,"Eastern Meadowlark",7
2010,"Eastern Phoebe",6
2010,"Eastern Towhee",7
2010,"European Starling",3
2010,"Mourning Dove",20
2010,"Northern Cardinal",24
2010,"Northern Mockingbird",7
2010,"Pine Warbler",10
2010,"Red-bellied Woodpecker",5
2010,"Red-shouldered Hawk",2
2010,"Tufted Titmouse",1
2010,"Turkey Vulture",2
2010,"American Crow",20
2010,"American Goldfinch",10
2010,"American Robin",3
2010,"Blue Jay",6
2010,"Blue-gray Gnatcatcher",10
2010,"Brown Thrasher",3
2010,"Brown-headed Cowbird",2
2010,"Brown-headed Nuthatch",6
2010,"Carolina Chickadee",15
2010,"Carolina Wren",46
2010,"Chipping Sparrow",7
2010,"Common Grackle",7
2010,"Common Yellowthroat",3
2010,"Downy Woodpecker",7
2010,"Eastern Bluebird",20
2010,"Eastern Phoebe",7
2010,"Eastern Towhee",10
2010,"Field Sparrow",1
2010,"Fish Crow",5
2010,"Gray Catbird",2
2010,"Great Blue Heron",1
2010,"Mourning Dove",11
2010,"Northern Cardinal",35
2010,"Pileated Woodpecker",1
2010,"Pine Warbler",16
2010,"Red-bellied Woodpecker",13
2010,"Red-shouldered Hawk",3
2010,"Tufted Titmouse",21
2010,"White-breasted Nuthatch",5
2010,"American Crow",28
2010,"American Robin",1
2010,"Blue Jay",1
2010,"Blue-gray Gnatcatcher",3
2010,"Brown-headed Cowbird",1
2010,"Brown-headed Nuthatch",1
2010,"Carolina Chickadee",3
2010,"Carolina Wren",15
2010,"Chipping Sparrow",6
2010,"Common Yellowthroat",1
2010,"Eastern Bluebird",3
2010,"Eastern Meadowlark",1
2010,"Eastern Phoebe",4
2010,"European Starling",1
2010,"Field Sparrow",1
2010,"Fish Crow",3
2010,"Gray Catbird",2
2010,"House Sparrow",1
2010,"Mourning Dove",8
2010,"Northern Cardinal",9
2010,"Northern Mockingbird",5
2010,"Pine Warbler",4
2010,"Red-bellied Woodpecker",3
2010,"Tufted Titmouse",4
2010,"American Crow",28
2010,"American Goldfinch",1
2010,"Blue Jay",4
2010,"Blue-gray Gnatcatcher",1
2010,"Brown Thrasher",3
2010,"Carolina Chickadee",1
2010,"Carolina Wren",16
2010,"Chipping Sparrow",3
2010,"Common Grackle",1
2010,"Common Yellowthroat",1
2010,"Eastern Bluebird",4
2010,"Eastern Phoebe",3
2010,"Eastern Towhee",7
2010,"Mourning Dove",11
2010,"Northern Cardinal",18
2010,"Northern Mockingbird",1
2010,"Pileated Woodpecker",1
2010,"Pine Warbler",9
2010,"Red-bellied Woodpecker",5
2010,"Red-shouldered Hawk",3
2010,"Tufted Titmouse",10
2010,"White-breasted Nuthatch",4
2010,"American Crow",34
2010,"American Goldfinch",1
2010,"American Robin",21
2010,"Blue Jay",13
2010,"Blue-gray Gnatcatcher",6
2010,"Brown Thrasher",4
2010,"Brown-headed Cowbird",4
2010,"Canada Goose",58
2010,"Carolina Chickadee",17
2010,"Carolina Wren",10
2010,"Chipping Sparrow",15
2010,"Common Grackle",21
2010,"Downy Woodpecker",2
2010,"Eastern Bluebird",6
2010,"Eastern Meadowlark",8
2010,"Eastern Phoebe",6
2010,"Eastern Towhee",13
2010,"European Starling",12
2010,"Gray Catbird",5
2010,"House Finch",10
2010,"House Sparrow",6
2010,"Killdeer",5
2010,"Mourning Dove",16
2010,"Northern Cardinal",73
2010,"Northern Mockingbird",29
2010,"Pine Warbler",1
2010,"Red-bellied Woodpecker",7
2010,"Song Sparrow",13
2010,"Tufted Titmouse",12
2010,"White-breasted Nuthatch",1
2010,"American Crow",27
2010,"American Goldfinch",7
2010,"Blue Jay",1
2010,"Brown Thrasher",1
2010,"Brown-headed Cowbird",6
2010,"Brown-headed Nuthatch",3
2010,"Canada Goose",6
2010,"Carolina Wren",7
2010,"Chipping Sparrow",5
2010,"Common Grackle",4
2010,"Common Yellowthroat",1
2010,"Eastern Bluebird",13
2010,"Eastern Meadowlark",3
2010,"Eastern Phoebe",1
2010,"Eastern Towhee",3
2010,"Field Sparrow",1
2010,"Great Blue Heron",1
2010,"Mourning Dove",18
2010,"Northern Cardinal",31
2010,"Northern Mockingbird",5
2010,"Pileated Woodpecker",1
2010,"Pine Warbler",2
2010,"Red-bellied Woodpecker",9
2010,"Red-shouldered Hawk",1
2010,"Red-winged Blackbird",3
2010,"Tufted Titmouse",12
2010,"American Crow",12
2010,"American Goldfinch",5
2010,"American Robin",4
2010,"Blue Jay",1
2010,"Blue-gray Gnatcatcher",6
2010,"Brown Thrasher",1
2010,"Brown-headed Cowbird",3
2010,"Brown-headed Nuthatch",1
2010,"Carolina Chickadee",6
2010,"Carolina Wren",16
2010,"Chipping Sparrow",4
2010,"Eastern Bluebird",2
2010,"Eastern Phoebe",4
2010,"Eastern Towhee",5
2010,"Great Blue Heron",1
2010,"Mourning Dove",12
2010,"Northern Bobwhite",1
2010,"Northern Cardinal",15
2010,"Northern Mockingbird",5
2010,"Pileated Woodpecker",2
2010,"Pine Warbler",12
2010,"Red-bellied Woodpecker",7
2010,"Tufted Titmouse",4
2010,"White-breasted Nuthatch",1
2010,"American Crow",14
2010,"American Goldfinch",2
2010,"American Robin",30
2010,"Blue Jay",2
2010,"Blue-gray Gnatcatcher",1
2010,"Brown Thrasher",1
2010,"Brown-headed Cowbird",2
2010,"Brown-headed Nuthatch",1
2010,"Canada Goose",2
2010,"Carolina Chickadee",18
2010,"Carolina Wren",10
2010,"Chipping Sparrow",11
2010,"Common Grackle",62
2010,"Downy Woodpecker",1
2010,"Eastern Towhee",16
2010,"European Starling",14
2010,"Fish Crow",3
2010,"Great Blue Heron",1
2010,"House Finch",17
2010,"Mourning Dove",5
2010,"Northern Cardinal",47
2010,"Northern Mockingbird",10
2010,"Pine Warbler",4
2010,"Red-bellied Woodpecker",2
2010,"Red-winged Blackbird",1
2010,"Song Sparrow",6
2010,"Tufted Titmouse",7
2010,"White-breasted Nuthatch",1
2010,"American Crow",4
2010,"American Goldfinch",2
2010,"American Robin",7
2010,"Blue Jay",1
2010,"Blue-gray Gnatcatcher",9
2010,"Brown Thrasher",1
2010,"Brown-headed Cowbird",4
2010,"Brown-headed Nuthatch",1
2010,"Canada Goose",10
2010,"Carolina Chickadee",12
2010,"Carolina Wren",33
2010,"Chipping Sparrow",9
2010,"Common Grackle",9
2010,"Common Yellowthroat",3
2010,"Downy Woodpecker",3
2010,"Eastern Bluebird",4
2010,"Eastern Meadowlark",1
2010,"Eastern Phoebe",4
2010,"Eastern Towhee",14
2010,"European Starling",2
2010,"Gray Catbird",2
2010,"Great Blue Heron",1
2010,"Killdeer",1
2010,"Mourning Dove",13
2010,"Northern Cardinal",32
2010,"Northern Mockingbird",4
2010,"Pine Warbler",3
2010,"Red-bellied Woodpecker",6
2010,"Song Sparrow",1
2010,"Tufted Titmouse",5
2010,"American Crow",15
2010,"American Goldfinch",6
2010,"American Robin",13
2010,"Blue Jay",4
2010,"Blue-gray Gnatcatcher",5
2010,"Brown Thrasher",1
2010,"Brown-headed Cowbird",5
2010,"Brown-headed Nuthatch",11
2010,"Carolina Chickadee",3
2010,"Carolina Wren",22
2010,"Chipping Sparrow",3
2010,"Common Grackle",1
2010,"Common Yellowthroat",1
2010,"Downy Woodpecker",6
2010,"Eastern Bluebird",8
2010,"Eastern Towhee",26
2010,"European Starling",1
2010,"Fish Crow",6
2010,"Gray Catbird",4
2010,"Great Blue Heron",1
2010,"House Finch",8
2010,"House Sparrow",1
2010,"Mourning Dove",15
2010,"Northern Cardinal",39
2010,"Northern Mockingbird",13
2010,"Pine Warbler",8
2010,"Red-bellied Woodpecker",7
2010,"Song Sparrow",3
2010,"Tufted Titmouse",6
2010,"White-breasted Nuthatch",1
2010,"American Crow",14
2010,"American Goldfinch",4
2010,"American Robin",17
2010,"Blue Jay",7
2010,"Brown Thrasher",5
2010,"Carolina Wren",22
2010,"Eastern Bluebird",3
2010,"Eastern Towhee",12
2010,"European Starling",5
2010,"Fish Crow",7
2010,"House Finch",9
2010,"Killdeer",1
2010,"Mourning Dove",9
2010,"Northern Cardinal",11
2010,"Northern Mockingbird",15
2010,"Pine Warbler",3
2010,"Red-bellied Woodpecker",4
2010,"Red-winged Blackbird",1
2010,"Song Sparrow",4
2010,"Tufted Titmouse",2
2010,"American Crow",9
2010,"American Robin",1
2010,"Blue Jay",1
2010,"Blue-gray Gnatcatcher",6
2010,"Brown-headed Cowbird",1
2010,"Brown-headed Nuthatch",2
2010,"Carolina Chickadee",2
2010,"Carolina Wren",14
2010,"Chipping Sparrow",8
2010,"Common Grackle",30
2010,"Eastern Bluebird",3
2010,"Eastern Towhee",8
2010,"Fish Crow",2
2010,"Gray Catbird",1
2010,"Great Blue Heron",2
2010,"House Sparrow",1
2010,"Mourning Dove",8
2010,"Northern Bobwhite",1
2010,"Northern Cardinal",4
2010,"Northern Mockingbird",8
2010,"Pine Warbler",1
2010,"Red-bellied Woodpecker",3
2010,"Song Sparrow",2
2010,"Tufted Titmouse",8
2010,"White-breasted Nuthatch",2
2010,"American Crow",31
2010,"American Goldfinch",4
2010,"American Robin",4
2010,"Blue Jay",2
2010,"Blue-gray Gnatcatcher",3
2010,"Brown Thrasher",1
2010,"Brown-headed Cowbird",1
2010,"Carolina Chickadee",2
2010,"Carolina Wren",5
2010,"Chipping Sparrow",24
2010,"Common Grackle",8
2010,"Common Yellowthroat",6
2010,"Downy Woodpecker",3
2010,"Eastern Bluebird",8
2010,"Eastern Meadowlark",12
2010,"Eastern Phoebe",3
2010,"Eastern Towhee",3
2010,"European Starling",27
2010,"Field Sparrow",2
2010,"House Finch",3
2010,"Mourning Dove",13
2010,"Northern Bobwhite",2
2010,"Northern Cardinal",11
2010,"Northern Mockingbird",11
2010,"Pileated Woodpecker",1
2010,"Red-bellied Woodpecker",2
2010,"Red-winged Blackbird",2
2010,"Tufted Titmouse",9
2010,"White-breasted Nuthatch",1
2010,"American Crow",12
2010,"American Goldfinch",7
2010,"American Robin",2
2010,"Blue Jay",1
2010,"Brown Thrasher",3
2010,"Carolina Wren",20
2010,"Chipping Sparrow",1
2010,"Common Grackle",2
2010,"Eastern Bluebird",5
2010,"Eastern Meadowlark",1
2010,"Eastern Phoebe",1
2010,"Eastern Towhee",3
2010,"European Starling",7
2010,"Field Sparrow",1
2010,"Killdeer",1
2010,"Mourning Dove",10
2010,"Northern Cardinal",10
2010,"Northern Mockingbird",4
2010,"Pine Warbler",1
2010,"Red-bellied Woodpecker",6
2010,"Red-shouldered Hawk",1
2010,"Red-winged Blackbird",1
2010,"Tufted Titmouse",8
2010,"White-breasted Nuthatch",1
2010,"American Crow",17
2010,"American Goldfinch",22
2010,"American Robin",6
2010,"Blue Jay",10
2010,"Blue-gray Gnatcatcher",1
2010,"Brown-headed Nuthatch",2
2010,"Carolina Chickadee",8
2010,"Carolina Wren",39
2010,"Common Grackle",2
2010,"Common Yellowthroat",2
2010,"Eastern Bluebird",8
2010,"Eastern Towhee",10
2010,"Gray Catbird",2
2010,"House Finch",5
2010,"Mourning Dove",6
2010,"Northern Cardinal",32
2010,"Northern Mockingbird",2
2010,"Pileated Woodpecker",3
2010,"Pine Warbler",1
2010,"Red-bellied Woodpecker",1
2010,"Red-shouldered Hawk",1
2010,"Tufted Titmouse",12
2010,"White-breasted Nuthatch",1
2010,"American Crow",32
2010,"American Goldfinch",5
2010,"American Robin",1
2010,"Blue Jay",7
2010,"Blue-gray Gnatcatcher",16
2010,"Brown Thrasher",2
2010,"Carolina Chickadee",6
2010,"Carolina Wren",14
2010,"Chipping Sparrow",23
2010,"Common Yellowthroat",4
2010,"Eastern Bluebird",10
2010,"Eastern Meadowlark",3
2010,"Eastern Phoebe",2
2010,"Eastern Towhee",5
2010,"European Starling",9
2010,"Field Sparrow",2
2010,"Fish Crow",1
2010,"Killdeer",21
2010,"Mourning Dove",3
2010,"Northern Bobwhite",1
2010,"Northern Cardinal",30
2010,"Northern Mockingbird",13
2010,"Pileated Woodpecker",5
2010,"Pine Warbler",7
2010,"Red-bellied Woodpecker",2
2010,"Red-winged Blackbird",1
2010,"Tufted Titmouse",12
2010,"Turkey Vulture",5
2010,"American Crow",22
2010,"American Goldfinch",5
2010,"American Robin",6
2010,"Blue Jay",1
2010,"Blue-gray Gnatcatcher",4
2010,"Brown-headed Cowbird",1
2010,"Carolina Chickadee",4
2010,"Carolina Wren",7
2010,"Chipping Sparrow",8
2010,"Downy Woodpecker",1
2010,"Eastern Bluebird",5
2010,"Eastern Phoebe",1
2010,"Eastern Towhee",3
2010,"Gray Catbird",3
2010,"House Finch",12
2010,"Mourning Dove",7
2010,"Northern Cardinal",17
2010,"Northern Mockingbird",8
2010,"Pine Warbler",4
2010,"Red-bellied Woodpecker",3
2010,"Red-shouldered Hawk",2
2010,"Tufted Titmouse",1
2010,"Turkey Vulture",2
2010,"White-breasted Nuthatch",1
2010,"American Crow",11
2010,"American Goldfinch",10
2010,"American Robin",22
2010,"Blue Jay",1
2010,"Brown-headed Cowbird",2
2010,"Carolina Chickadee",1
2010,"Carolina Wren",20
2010,"Chipping Sparrow",5
2010,"Common Grackle",28
2010,"Common Yellowthroat",1
2010,"Eastern Bluebird",6
2010,"Eastern Meadowlark",15
2010,"Eastern Phoebe",3
2010,"Eastern Towhee",5
2010,"European Starling",4
2010,"Field Sparrow",5
2010,"Fish Crow",1
2010,"Great Blue Heron",1
2010,"House Finch",1
2010,"Mourning Dove",20
2010,"Northern Bobwhite",3
2010,"Northern Cardinal",23
2010,"Northern Mockingbird",11
2010,"Pine Warbler",2
2010,"Red-bellied Woodpecker",2
2010,"Red-winged Blackbird",7
2010,"Tufted Titmouse",11
2010,"White-breasted Nuthatch",3
2010,"American Crow",13
2010,"American Goldfinch",5
2010,"American Robin",1
2010,"Blue-gray Gnatcatcher",4
2010,"Brown-headed Cowbird",7
2010,"Carolina Chickadee",5
2010,"Carolina Wren",14
2010,"Chipping Sparrow",6
2010,"Common Grackle",3
2010,"Eastern Bluebird",10
2010,"Eastern Phoebe",2
2010,"Eastern Towhee",6
2010,"Field Sparrow",1
2010,"Great Blue Heron",1
2010,"Mourning Dove",10
2010,"Northern Cardinal",15
2010,"Northern Mockingbird",3
2010,"Pine Warbler",2
2010,"Red-bellied Woodpecker",4
2010,"Red-winged Blackbird",1
2010,"Tufted Titmouse",12
2010,"White-breasted Nuthatch",1
2010,"American Crow",9
2010,"American Goldfinch",1
2010,"American Robin",18
2010,"Blue Jay",1
2010,"Blue-gray Gnatcatcher",1
2010,"Brown Thrasher",5
2010,"Canada Goose",35
2010,"Carolina Chickadee",5
2010,"Carolina Wren",39
2010,"Chipping Sparrow",4
2010,"Common Grackle",8
2010,"Downy Woodpecker",2
2010,"Eastern Bluebird",14
2010,"Eastern Meadowlark",3
2010,"Eastern Phoebe",1
2010,"Eastern Towhee",11
2010,"European Starling",1
2010,"Fish Crow",3
2010,"Gray Catbird",7
2010,"House Finch",18
2010,"House Sparrow",1
2010,"Mourning Dove",10
2010,"Northern Cardinal",43
2010,"Northern Mockingbird",8
2010,"Pine Warbler",9
2010,"Red-bellied Woodpecker",10
2010,"Red-shouldered Hawk",1
2010,"Tufted Titmouse",19
2010,"White-breasted Nuthatch",3
2011,"American Crow",19
2011,"American Goldfinch",7
2011,"American Robin",1
2011,"Blue-gray Gnatcatcher",8
2011,"Brown Thrasher",5
2011,"Brown-headed Cowbird",1
2011,"Brown-headed Nuthatch",3
2011,"Carolina Chickadee",12
2011,"Carolina Wren",6
2011,"Chipping Sparrow",12
2011,"Common Grackle",1
2011,"Downy Woodpecker",2
2011,"Eastern Bluebird",3
2011,"Eastern Phoebe",1
2011,"Eastern Towhee",1
2011,"Field Sparrow",2
2011,"Fish Crow",3
2011,"House Finch",1
2011,"Mourning Dove",6
2011,"Northern Cardinal",34
2011,"Northern Mockingbird",10
2011,"Pileated Woodpecker",2
2011,"Pine Warbler",15
2011,"Red-bellied Woodpecker",10
2011,"Tufted Titmouse",12
2011,"White-breasted Nuthatch",4
2011,"American Crow",13
2011,"American Goldfinch",9
2011,"American Robin",1
2011,"Blue Jay",1
2011,"Blue-gray Gnatcatcher",15
2011,"Brown Thrasher",1
2011,"Brown-headed Cowbird",1
2011,"Canada Goose",2
2011,"Carolina Chickadee",12
2011,"Carolina Wren",7
2011,"Chipping Sparrow",3
2011,"Common Grackle",1
2011,"Downy Woodpecker",2
2011,"Eastern Bluebird",6
2011,"Eastern Phoebe",2
2011,"Eastern Towhee",6
2011,"Fish Crow",2
2011,"Great Blue Heron",5
2011,"Mourning Dove",17
2011,"Northern Cardinal",39
2011,"Northern Mockingbird",4
2011,"Pine Warbler",12
2011,"Red-bellied Woodpecker",7
2011,"Red-shouldered Hawk",1
2011,"Red-winged Blackbird",1
2011,"Tufted Titmouse",16
2011,"American Crow",10
2011,"American Goldfinch",4
2011,"American Robin",4
2011,"Blue Jay",1
2011,"Brown Thrasher",1
2011,"Brown-headed Nuthatch",2
2011,"Canada Goose",12
2011,"Carolina Wren",23
2011,"Chipping Sparrow",4
2011,"Common Yellowthroat",1
2011,"Downy Woodpecker",1
2011,"Eastern Bluebird",4
2011,"Eastern Meadowlark",1
2011,"Eastern Towhee",5
2011,"Fish Crow",5
2011,"Gray Catbird",2
2011,"House Finch",3
2011,"Mourning Dove",9
2011,"Northern Cardinal",14
2011,"Northern Mockingbird",10
2011,"Pine Warbler",17
2011,"Red-bellied Woodpecker",7
2011,"Red-winged Blackbird",1
2011,"Tufted Titmouse",6
2011,"American Crow",34
2011,"American Robin",2
2011,"Blue Jay",3
2011,"Blue-gray Gnatcatcher",5
2011,"Brown Thrasher",2
2011,"Canada Goose",10
2011,"Carolina Chickadee",12
2011,"Carolina Wren",11
2011,"Chipping Sparrow",11
2011,"Common Grackle",6
2011,"Common Yellowthroat",3
2011,"Downy Woodpecker",3
2011,"Eastern Bluebird",10
2011,"Eastern Towhee",5
2011,"European Starling",4
2011,"Field Sparrow",1
2011,"Great Blue Heron",1
2011,"Mourning Dove",9
2011,"Northern Cardinal",26
2011,"Northern Mockingbird",9
2011,"Pine Warbler",2
2011,"Red-bellied Woodpecker",6
2011,"Red-shouldered Hawk",1
2011,"Red-winged Blackbird",2
2011,"Tufted Titmouse",6
2011,"American Crow",54
2011,"American Goldfinch",3
2011,"American Robin",5
2011,"Blue Jay",6
2011,"Blue-gray Gnatcatcher",2
2011,"Brown Thrasher",2
2011,"Brown-headed Cowbird",20
2011,"Carolina Chickadee",7
2011,"Carolina Wren",21
2011,"Chipping Sparrow",28
2011,"Common Grackle",47
2011,"Common Yellowthroat",4
2011,"Downy Woodpecker",2
2011,"Eastern Bluebird",17
2011,"Eastern Meadowlark",20
2011,"Eastern Phoebe",6
2011,"Eastern Towhee",7
2011,"European Starling",36
2011,"Field Sparrow",1
2011,"Great Blue Heron",2
2011,"House Finch",3
2011,"House Sparrow",2
2011,"Killdeer",7
2011,"Mourning Dove",14
2011,"Northern Cardinal",34
2011,"Northern Mockingbird",19
2011,"Pileated Woodpecker",1
2011,"Pine Warbler",6
2011,"Red-bellied Woodpecker",23
2011,"Red-shouldered Hawk",1
2011,"Tufted Titmouse",38
2011,"White-breasted Nuthatch",2
2011,"American Crow",24
2011,"American Goldfinch",6
2011,"Blue Jay",5
2011,"Blue-gray Gnatcatcher",6
2011,"Brown Thrasher",1
2011,"Brown-headed Cowbird",2
2011,"Carolina Chickadee",3
2011,"Carolina Wren",9
2011,"Chipping Sparrow",13
2011,"Common Grackle",4
2011,"Common Yellowthroat",3
2011,"Downy Woodpecker",5
2011,"Eastern Bluebird",7
2011,"Eastern Meadowlark",5
2011,"Eastern Towhee",7
2011,"European Starling",1
2011,"House Finch",1
2011,"Mourning Dove",22
2011,"Northern Cardinal",25
2011,"Northern Mockingbird",12
2011,"Pine Warbler",8
2011,"Red-bellied Woodpecker",10
2011,"Tufted Titmouse",6
2011,"White-breasted Nuthatch",2
2011,"American Crow",17
2011,"American Goldfinch",14
2011,"American Robin",1
2011,"Blue Jay",12
2011,"Blue-gray Gnatcatcher",12
2011,"Brown Thrasher",1
2011,"Brown-headed Cowbird",5
2011,"Carolina Chickadee",1
2011,"Carolina Wren",12
2011,"Chipping Sparrow",10
2011,"Common Grackle",1
2011,"Common Yellowthroat",4
2011,"Downy Woodpecker",1
2011,"Eastern Bluebird",8
2011,"Eastern Meadowlark",3
2011,"Eastern Phoebe",3
2011,"Eastern Towhee",3
2011,"European Starling",3
2011,"Killdeer",1
2011,"Mourning Dove",20
2011,"Northern Cardinal",20
2011,"Northern Mockingbird",9
2011,"Pine Warbler",4
2011,"Red-bellied Woodpecker",5
2011,"Red-winged Blackbird",2
2011,"Tufted Titmouse",8
2011,"American Crow",24
2011,"American Goldfinch",13
2011,"Blue Jay",15
2011,"Blue-gray Gnatcatcher",19
2011,"Brown Thrasher",5
2011,"Brown-headed Cowbird",8
2011,"Brown-headed Nuthatch",1
2011,"Canada Goose",8
2011,"Carolina Chickadee",13
2011,"Carolina Wren",27
2011,"Chipping Sparrow",3
2011,"Common Grackle",4
2011,"Downy Woodpecker",11
2011,"Eastern Bluebird",14
2011,"Eastern Phoebe",3
2011,"Eastern Towhee",5
2011,"Field Sparrow",1
2011,"Fish Crow",2
2011,"Gray Catbird",1
2011,"Great Blue Heron",1
2011,"Mourning Dove",3
2011,"Northern Cardinal",31
2011,"Northern Mockingbird",2
2011,"Pileated Woodpecker",3
2011,"Pine Warbler",21
2011,"Red-bellied Woodpecker",11
2011,"Red-shouldered Hawk",3
2011,"Red-winged Blackbird",1
2011,"Tufted Titmouse",18
2011,"White-breasted Nuthatch",5
2011,"American Crow",22
2011,"American Goldfinch",3
2011,"American Robin",1
2011,"Blue Jay",3
2011,"Blue-gray Gnatcatcher",2
2011,"Brown Thrasher",1
2011,"Brown-headed Cowbird",2
2011,"Brown-headed Nuthatch",3
2011,"Carolina Chickadee",2
2011,"Carolina Wren",9
2011,"Chipping Sparrow",9
2011,"Common Grackle",1
2011,"Common Yellowthroat",1
2011,"Eastern Bluebird",5
2011,"Eastern Meadowlark",1
2011,"Eastern Phoebe",3
2011,"Eastern Towhee",1
2011,"Fish Crow",4
2011,"Gray Catbird",1
2011,"House Finch",1
2011,"House Sparrow",1
2011,"Mourning Dove",13
2011,"Northern Cardinal",18
2011,"Northern Mockingbird",5
2011,"Pine Warbler",3
2011,"Red-bellied Woodpecker",6
2011,"Tufted Titmouse",4
2011,"American Crow",32
2011,"American Goldfinch",7
2011,"Blue Jay",2
2011,"Brown Thrasher",3
2011,"Carolina Chickadee",3
2011,"Carolina Wren",15
2011,"Chipping Sparrow",6
2011,"Common Grackle",5
2011,"Common Yellowthroat",3
2011,"Eastern Bluebird",7
2011,"Eastern Phoebe",2
2011,"Eastern Towhee",4
2011,"Field Sparrow",2
2011,"Mourning Dove",9
2011,"Northern Cardinal",13
2011,"Northern Mockingbird",6
2011,"Pine Warbler",4
2011,"Red-bellied Woodpecker",11
2011,"Tufted Titmouse",6
2011,"White-breasted Nuthatch",2
2011,"American Crow",33
2011,"American Goldfinch",19
2011,"Blue Jay",19
2011,"Blue-gray Gnatcatcher",9
2011,"Brown Thrasher",3
2011,"Brown-headed Cowbird",1
2011,"Canada Goose",32
2011,"Carolina Chickadee",7
2011,"Carolina Wren",37
2011,"Chipping Sparrow",33
2011,"Common Grackle",52
2011,"Common Yellowthroat",1
2011,"Downy Woodpecker",1
2011,"Eastern Bluebird",5
2011,"Eastern Meadowlark",3
2011,"Eastern Phoebe",6
2011,"Eastern Towhee",17
2011,"European Starling",13
2011,"Field Sparrow",3
2011,"House Finch",14
2011,"House Sparrow",8
2011,"Mourning Dove",33
2011,"Northern Cardinal",52
2011,"Northern Mockingbird",31
2011,"Pine Warbler",9
2011,"Red-bellied Woodpecker",11
2011,"Song Sparrow",5
2011,"Tufted Titmouse",13
2011,"American Crow",21
2011,"American Goldfinch",7
2011,"Blue Jay",4
2011,"Blue-gray Gnatcatcher",6
2011,"Brown Thrasher",2
2011,"Carolina Wren",12
2011,"Chipping Sparrow",12
2011,"Common Yellowthroat",1
2011,"Eastern Bluebird",5
2011,"Eastern Meadowlark",6
2011,"Eastern Phoebe",3
2011,"Eastern Towhee",1
2011,"Fish Crow",1
2011,"Great Blue Heron",1
2011,"Killdeer",1
2011,"Mourning Dove",17
2011,"Northern Cardinal",34
2011,"Northern Mockingbird",4
2011,"Pine Warbler",1
2011,"Red-bellied Woodpecker",9
2011,"Red-winged Blackbird",3
2011,"Tufted Titmouse",15
2011,"American Crow",11
2011,"American Goldfinch",9
2011,"American Robin",2
2011,"Blue Jay",1
2011,"Blue-gray Gnatcatcher",14
2011,"Carolina Chickadee",11
2011,"Carolina Wren",10
2011,"Chipping Sparrow",2
2011,"Common Grackle",17
2011,"Common Yellowthroat",2
2011,"Eastern Bluebird",5
2011,"Eastern Phoebe",1
2011,"Eastern Towhee",3
2011,"Gray Catbird",1
2011,"Mourning Dove",15
2011,"Northern Cardinal",14
2011,"Northern Mockingbird",5
2011,"Pileated Woodpecker",2
2011,"Pine Warbler",10
2011,"Red-bellied Woodpecker",4
2011,"Red-winged Blackbird",2
2011,"Tufted Titmouse",11
2011,"Turkey Vulture",2
2011,"White-breasted Nuthatch",1
2011,"American Crow",14
2011,"American Goldfinch",2
2011,"American Robin",30
2011,"Blue Jay",2
2011,"Blue-gray Gnatcatcher",1
2011,"Brown Thrasher",1
2011,"Brown-headed Cowbird",2
2011,"Brown-headed Nuthatch",1
2011,"Canada Goose",2
2011,"Carolina Chickadee",18
2011,"Carolina Wren",10
2011,"Chipping Sparrow",11
2011,"Common Grackle",62
2011,"Downy Woodpecker",1
2011,"Eastern Towhee",16
2011,"European Starling",14
2011,"Fish Crow",3
2011,"Great Blue Heron",1
2011,"House Finch",17
2011,"Mourning Dove",5
2011,"Northern Cardinal",47
2011,"Northern Mockingbird",10
2011,"Pine Warbler",4
2011,"Red-bellied Woodpecker",2
2011,"Red-winged Blackbird",1
2011,"Song Sparrow",6
2011,"Tufted Titmouse",7
2011,"White-breasted Nuthatch",1
2011,"American Crow",22
2011,"American Goldfinch",2
2011,"American Robin",6
2011,"Blue Jay",2
2011,"Blue-gray Gnatcatcher",8
2011,"Brown-headed Cowbird",7
2011,"Brown-headed Nuthatch",1
2011,"Canada Goose",13
2011,"Carolina Chickadee",12
2011,"Carolina Wren",10
2011,"Chipping Sparrow",13
2011,"Common Grackle",2
2011,"Common Yellowthroat",2
2011,"Downy Woodpecker",1
2011,"Eastern Bluebird",10
2011,"Eastern Meadowlark",2
2011,"Eastern Phoebe",1
2011,"Eastern Towhee",11
2011,"European Starling",2
2011,"Gray Catbird",1
2011,"Great Blue Heron",1
2011,"House Finch",8
2011,"Mourning Dove",7
2011,"Northern Cardinal",33
2011,"Northern Mockingbird",5
2011,"Red-bellied Woodpecker",4
2011,"Red-shouldered Hawk",1
2011,"Song Sparrow",1
2011,"Tufted Titmouse",16
2011,"American Crow",11
2011,"American Goldfinch",14
2011,"American Robin",12
2011,"Blue Jay",8
2011,"Blue-gray Gnatcatcher",5
2011,"Brown Thrasher",4
2011,"Brown-headed Cowbird",3
2011,"Brown-headed Nuthatch",9
2011,"Canada Goose",1
2011,"Carolina Chickadee",15
2011,"Carolina Wren",14
2011,"Chipping Sparrow",6
2011,"Common Grackle",13
2011,"Eastern Bluebird",7
2011,"Eastern Phoebe",1
2011,"Eastern Towhee",9
2011,"European Starling",2
2011,"Fish Crow",2
2011,"Gray Catbird",3
2011,"House Finch",10
2011,"Mourning Dove",17
2011,"Northern Cardinal",46
2011,"Northern Mockingbird",11
2011,"Pine Warbler",7
2011,"Red-bellied Woodpecker",11
2011,"Red-winged Blackbird",2
2011,"Song Sparrow",2
2011,"Tufted Titmouse",10
2011,"White-breasted Nuthatch",1
2011,"American Crow",13
2011,"American Goldfinch",1
2011,"American Robin",31
2011,"Blue Jay",1
2011,"Brown-headed Cowbird",5
2011,"Canada Goose",16
2011,"Carolina Chickadee",5
2011,"Carolina Wren",17
2011,"Chipping Sparrow",11
2011,"Common Grackle",3
2011,"Common Yellowthroat",1
2011,"Downy Woodpecker",1
2011,"Eastern Bluebird",2
2011,"Eastern Phoebe",2
2011,"Eastern Towhee",15
2011,"European Starling",2
2011,"Fish Crow",1
2011,"Gray Catbird",1
2011,"House Finch",15
2011,"Killdeer",1
2011,"Mourning Dove",9
2011,"Northern Cardinal",35
2011,"Northern Mockingbird",14
2011,"Pine Warbler",2
2011,"Red-bellied Woodpecker",6
2011,"Song Sparrow",2
2011,"Tufted Titmouse",23
2011,"White-breasted Nuthatch",3
2011,"American Crow",14
2011,"American Goldfinch",4
2011,"American Robin",2
2011,"Blue Jay",5
2011,"Blue-gray Gnatcatcher",6
2011,"Canada Goose",2
2011,"Carolina Chickadee",4
2011,"Carolina Wren",12
2011,"Chipping Sparrow",8
2011,"Common Yellowthroat",1
2011,"Eastern Bluebird",7
2011,"Eastern Meadowlark",1
2011,"Eastern Towhee",6
2011,"European Starling",1
2011,"Field Sparrow",1
2011,"Fish Crow",3
2011,"Gray Catbird",2
2011,"House Finch",2
2011,"Mourning Dove",8
2011,"Northern Cardinal",13
2011,"Northern Mockingbird",9
2011,"Pine Warbler",1
2011,"Red-bellied Woodpecker",1
2011,"Tufted Titmouse",12
2011,"Turkey Vulture",1
2011,"American Crow",28
2011,"American Goldfinch",1
2011,"American Robin",7
2011,"Blue Jay",2
2011,"Blue-gray Gnatcatcher",12
2011,"Brown Thrasher",1
2011,"Brown-headed Cowbird",3
2011,"Brown-headed Nuthatch",4
2011,"Carolina Chickadee",8
2011,"Carolina Wren",18
2011,"Chipping Sparrow",15
2011,"Common Grackle",3
2011,"Downy Woodpecker",6
2011,"Eastern Bluebird",12
2011,"Eastern Phoebe",1
2011,"Eastern Towhee",3
2011,"Field Sparrow",2
2011,"Fish Crow",2
2011,"House Finch",6
2011,"House Sparrow",3
2011,"Mourning Dove",8
2011,"Northern Cardinal",32
2011,"Northern Mockingbird",14
2011,"Pine Warbler",8
2011,"Red-bellied Woodpecker",3
2011,"Tufted Titmouse",7
2011,"White-breasted Nuthatch",2
2011,"American Crow",26
2011,"American Robin",3
2011,"Blue Jay",3
2011,"Blue-gray Gnatcatcher",8
2011,"Brown Thrasher",2
2011,"Brown-headed Cowbird",3
2011,"Canada Goose",26
2011,"Carolina Chickadee",4
2011,"Carolina Wren",7
2011,"Chipping Sparrow",22
2011,"Common Grackle",10
2011,"Common Yellowthroat",4
2011,"Eastern Bluebird",7
2011,"Eastern Meadowlark",9
2011,"Eastern Phoebe",4
2011,"Eastern Towhee",1
2011,"European Starling",15
2011,"Field Sparrow",2
2011,"Gray Catbird",1
2011,"Great Blue Heron",1
2011,"Killdeer",2
2011,"Mourning Dove",21
2011,"Northern Bobwhite",1
2011,"Northern Cardinal",17
2011,"Northern Mockingbird",9
2011,"Pine Warbler",1
2011,"Red-bellied Woodpecker",10
2011,"Red-winged Blackbird",3
2011,"Tufted Titmouse",12
2011,"White-breasted Nuthatch",2
2011,"American Crow",17
2011,"American Goldfinch",1
2011,"Blue Jay",3
2011,"Brown Thrasher",1
2011,"Brown-headed Cowbird",1
2011,"Canada Goose",15
2011,"Carolina Wren",12
2011,"Common Grackle",3
2011,"Downy Woodpecker",1
2011,"Eastern Bluebird",8
2011,"Eastern Phoebe",2
2011,"Eastern Towhee",5
2011,"Field Sparrow",3
2011,"House Finch",1
2011,"Mourning Dove",16
2011,"Northern Cardinal",21
2011,"Northern Mockingbird",6
2011,"Red-bellied Woodpecker",10
2011,"Tufted Titmouse",14
2011,"White-breasted Nuthatch",2
2011,"American Crow",17
2011,"American Robin",10
2011,"Blue Jay",3
2011,"Canada Goose",8
2011,"Carolina Chickadee",7
2011,"Carolina Wren",6
2011,"Eastern Meadowlark",1
2011,"Eastern Towhee",2
2011,"European Starling",9
2011,"Mourning Dove",5
2011,"Northern Cardinal",10
2011,"Northern Mockingbird",11
2011,"Red-bellied Woodpecker",6
2011,"Song Sparrow",11
2011,"Tufted Titmouse",5
2011,"American Crow",38
2011,"American Goldfinch",10
2011,"American Robin",9
2011,"Blue Jay",14
2011,"Blue-gray Gnatcatcher",17
2011,"Brown Thrasher",3
2011,"Brown-headed Cowbird",7
2011,"Brown-headed Nuthatch",5
2011,"Carolina Chickadee",26
2011,"Carolina Wren",38
2011,"Chipping Sparrow",25
2011,"Common Grackle",37
2011,"Common Yellowthroat",1
2011,"Eastern Bluebird",12
2011,"Eastern Phoebe",3
2011,"Eastern Towhee",3
2011,"European Starling",4
2011,"Fish Crow",4
2011,"Gray Catbird",1
2011,"House Finch",9
2011,"House Sparrow",2
2011,"Killdeer",2
2011,"Mourning Dove",9
2011,"Northern Cardinal",59
2011,"Northern Mockingbird",25
2011,"Pine Warbler",2
2011,"Red-bellied Woodpecker",8
2011,"Tufted Titmouse",16
2011,"White-breasted Nuthatch",4
2011,"American Crow",43
2011,"American Goldfinch",4
2011,"Blue Jay",5
2011,"Blue-gray Gnatcatcher",4
2011,"Brown-headed Cowbird",3
2011,"Canada Goose",3
2011,"Carolina Chickadee",5
2011,"Carolina Wren",23
2011,"Chipping Sparrow",21
2011,"Common Grackle",8
2011,"Common Yellowthroat",2
2011,"Downy Woodpecker",6
2011,"Eastern Bluebird",13
2011,"Eastern Meadowlark",5
2011,"Eastern Phoebe",2
2011,"Eastern Towhee",4
2011,"European Starling",30
2011,"Field Sparrow",2
2011,"House Finch",4
2011,"House Sparrow",3
2011,"Mourning Dove",30
2011,"Northern Cardinal",16
2011,"Northern Mockingbird",17
2011,"Pileated Woodpecker",2
2011,"Pine Warbler",6
2011,"Red-bellied Woodpecker",14
2011,"Red-winged Blackbird",2
2011,"Tufted Titmouse",10
2011,"Turkey Vulture",2
2011,"White-breasted Nuthatch",2
2011,"American Crow",10
2011,"American Goldfinch",3
2011,"American Robin",7
2011,"Blue Jay",3
2011,"Blue-gray Gnatcatcher",3
2011,"Brown Thrasher",1
2011,"Brown-headed Cowbird",3
2011,"Brown-headed Nuthatch",4
2011,"Carolina Chickadee",9
2011,"Carolina Wren",8
2011,"Chipping Sparrow",11
2011,"Common Grackle",2
2011,"Downy Woodpecker",2
2011,"Eastern Bluebird",7
2011,"Eastern Phoebe",1
2011,"Eastern Towhee",13
2011,"European Starling",4
2011,"Fish Crow",1
2011,"Gray Catbird",1
2011,"Mourning Dove",7
2011,"Northern Cardinal",31
2011,"Northern Mockingbird",4
2011,"Pileated Woodpecker",2
2011,"Pine Warbler",3
2011,"Red-bellied Woodpecker",14
2011,"Tufted Titmouse",13
2011,"White-breasted Nuthatch",3
2011,"American Crow",15
2011,"American Robin",13
2011,"Blue Jay",4
2011,"Brown Thrasher",2
2011,"Brown-headed Cowbird",5
2011,"Brown-headed Nuthatch",2
2011,"Canada Goose",11
2011,"Carolina Chickadee",3
2011,"Carolina Wren",15
2011,"Chipping Sparrow",3
2011,"Common Grackle",18
2011,"Common Yellowthroat",5
2011,"Eastern Bluebird",5
2011,"Eastern Meadowlark",11
2011,"Eastern Phoebe",2
2011,"Eastern Towhee",5
2011,"European Starling",3
2011,"Field Sparrow",4
2011,"Fish Crow",1
2011,"House Finch",6
2011,"Mourning Dove",12
2011,"Northern Cardinal",23
2011,"Northern Mockingbird",16
2011,"Pine Warbler",3
2011,"Red-bellied Woodpecker",4
2011,"Red-winged Blackbird",10
2011,"Tufted Titmouse",17
2011,"Turkey Vulture",1
2011,"American Crow",33
2011,"American Goldfinch",1
2011,"Blue Jay",3
2011,"Brown Thrasher",4
2011,"Carolina Chickadee",2
2011,"Carolina Wren",19
2011,"Chipping Sparrow",2
2011,"Common Grackle",6
2011,"Eastern Bluebird",4
2011,"Eastern Meadowlark",3
2011,"Eastern Towhee",1
2011,"House Finch",2
2011,"Mourning Dove",14
2011,"Northern Cardinal",25
2011,"Northern Mockingbird",3
2011,"Pine Warbler",1
2011,"Red-bellied Woodpecker",4
2011,"Tufted Titmouse",19
2011,"White-breasted Nuthatch",1
2011,"American Crow",39
2011,"American Goldfinch",1
2011,"American Robin",2
2011,"Blue Jay",2
2011,"Canada Goose",1
2011,"Carolina Chickadee",12
2011,"Carolina Wren",13
2011,"Chipping Sparrow",8
2011,"Common Grackle",1
2011,"Downy Woodpecker",2
2011,"Eastern Bluebird",8
2011,"Eastern Meadowlark",3
2011,"Eastern Phoebe",2
2011,"Eastern Towhee",2
2011,"House Finch",3
2011,"Mourning Dove",20
2011,"Northern Cardinal",22
2011,"Northern Mockingbird",13
2011,"Pine Warbler",11
2011,"Red-bellied Woodpecker",3
2011,"Red-shouldered Hawk",1
2011,"Tufted Titmouse",17
2011,"American Crow",5
2011,"American Goldfinch",2
2011,"American Robin",20
2011,"Blue Jay",4
2011,"Brown Thrasher",3
2011,"Brown-headed Cowbird",2
2011,"Carolina Chickadee",6
2011,"Carolina Wren",17
2011,"Chipping Sparrow",1
2011,"Common Grackle",1
2011,"Downy Woodpecker",2
2011,"Eastern Bluebird",10
2011,"Eastern Meadowlark",2
2011,"Eastern Towhee",19
2011,"Fish Crow",4
2011,"Gray Catbird",11
2011,"House Finch",13
2011,"Mourning Dove",6
2011,"Northern Cardinal",41
2011,"Northern Mockingbird",7
2011,"Pine Warbler",7
2011,"Tufted Titmouse",19
2011,"White-breasted Nuthatch",1
2012,"American Crow",61
2012,"American Goldfinch",6
2012,"Blue Jay",7
2012,"Blue-gray Gnatcatcher",6
2012,"Brown Thrasher",2
2012,"Brown-headed Cowbird",2
2012,"Brown-headed Nuthatch",6
2012,"Carolina Chickadee",17
2012,"Carolina Wren",15
2012,"Chipping Sparrow",13
2012,"Downy Woodpecker",7
2012,"Eastern Bluebird",7
2012,"Eastern Phoebe",1
2012,"Eastern Towhee",10
2012,"European Starling",15
2012,"Fish Crow",3
2012,"Killdeer",2
2012,"Mourning Dove",6
2012,"Northern Cardinal",58
2012,"Northern Mockingbird",8
2012,"Pileated Woodpecker",1
2012,"Pine Warbler",20
2012,"Red-bellied Woodpecker",24
2012,"Red-shouldered Hawk",1
2012,"Tufted Titmouse",17
2012,"Turkey Vulture",15
2012,"American Crow",21
2012,"American Goldfinch",5
2012,"American Robin",4
2012,"Blue Jay",3
2012,"Blue-gray Gnatcatcher",16
2012,"Brown Thrasher",3
2012,"Brown-headed Cowbird",6
2012,"Brown-headed Nuthatch",8
2012,"Canada Goose",2
2012,"Carolina Chickadee",18
2012,"Carolina Wren",13
2012,"Chipping Sparrow",11
2012,"Common Grackle",3
2012,"Common Yellowthroat",1
2012,"Downy Woodpecker",3
2012,"Eastern Bluebird",4
2012,"Eastern Phoebe",3
2012,"Eastern Towhee",10
2012,"European Starling",31
2012,"Fish Crow",2
2012,"Great Blue Heron",3
2012,"House Finch",6
2012,"Mourning Dove",14
2012,"Northern Cardinal",29
2012,"Northern Mockingbird",6
2012,"Pine Warbler",19
2012,"Red-bellied Woodpecker",16
2012,"Red-winged Blackbird",1
2012,"Tufted Titmouse",15
2012,"White-breasted Nuthatch",1
2012,"American Crow",11
2012,"American Goldfinch",1
2012,"American Robin",4
2012,"Blue Jay",5
2012,"Brown-headed Cowbird",2
2012,"Carolina Chickadee",8
2012,"Carolina Wren",17
2012,"Chipping Sparrow",5
2012,"Common Grackle",15
2012,"Common Yellowthroat",3
2012,"Eastern Bluebird",8
2012,"Eastern Meadowlark",2
2012,"Eastern Phoebe",3
2012,"Eastern Towhee",11
2012,"Field Sparrow",1
2012,"Fish Crow",3
2012,"Gray Catbird",2
2012,"Great Blue Heron",2
2012,"House Finch",1
2012,"Mourning Dove",8
2012,"Northern Bobwhite",1
2012,"Northern Cardinal",19
2012,"Northern Mockingbird",5
2012,"Pileated Woodpecker",1
2012,"Pine Warbler",21
2012,"Red-bellied Woodpecker",8
2012,"Red-shouldered Hawk",2
2012,"Red-winged Blackbird",1
2012,"Tufted Titmouse",15
2012,"American Crow",34
2012,"American Robin",3
2012,"Blue Jay",6
2012,"Blue-gray Gnatcatcher",8
2012,"Brown-headed Cowbird",5
2012,"Carolina Chickadee",3
2012,"Carolina Wren",13
2012,"Chipping Sparrow",7
2012,"Common Grackle",13
2012,"Eastern Bluebird",10
2012,"Eastern Meadowlark",1
2012,"Eastern Phoebe",2
2012,"Eastern Towhee",1
2012,"European Starling",8
2012,"Field Sparrow",1
2012,"Gray Catbird",1
2012,"Mourning Dove",14
2012,"Northern Cardinal",19
2012,"Northern Mockingbird",9
2012,"Pine Warbler",5
2012,"Red-bellied Woodpecker",3
2012,"Red-shouldered Hawk",1
2012,"Red-winged Blackbird",1
2012,"Tufted Titmouse",12
2012,"Turkey Vulture",3
2012,"American Crow",40
2012,"American Goldfinch",19
2012,"Blue Jay",9
2012,"Blue-gray Gnatcatcher",9
2012,"Brown Thrasher",1
2012,"Brown-headed Cowbird",11
2012,"Carolina Chickadee",11
2012,"Carolina Wren",19
2012,"Chipping Sparrow",23
2012,"Common Grackle",6
2012,"Downy Woodpecker",2
2012,"Eastern Bluebird",30
2012,"Eastern Meadowlark",11
2012,"Eastern Phoebe",2
2012,"Eastern Towhee",2
2012,"European Starling",16
2012,"Great Blue Heron",1
2012,"House Finch",2
2012,"House Sparrow",5
2012,"Killdeer",2
2012,"Mourning Dove",35
2012,"Northern Bobwhite",2
2012,"Northern Cardinal",36
2012,"Northern Mockingbird",31
2012,"Pileated Woodpecker",2
2012,"Pine Warbler",2
2012,"Red-bellied Woodpecker",18
2012,"Red-shouldered Hawk",1
2012,"Tufted Titmouse",20
2012,"White-breasted Nuthatch",1
2012,"American Crow",33
2012,"American Goldfinch",1
2012,"American Robin",1
2012,"Blue Jay",7
2012,"Blue-gray Gnatcatcher",7
2012,"Brown Thrasher",1
2012,"Brown-headed Cowbird",3
2012,"Carolina Chickadee",8
2012,"Carolina Wren",12
2012,"Chipping Sparrow",12
2012,"Common Grackle",6
2012,"Common Yellowthroat",2
2012,"Downy Woodpecker",6
2012,"Eastern Bluebird",3
2012,"Eastern Meadowlark",8
2012,"Eastern Phoebe",1
2012,"Eastern Towhee",5
2012,"House Sparrow",6
2012,"Killdeer",1
2012,"Mourning Dove",16
2012,"Northern Bobwhite",1
2012,"Northern Cardinal",28
2012,"Northern Mockingbird",10
2012,"Pileated Woodpecker",2
2012,"Pine Warbler",8
2012,"Red-bellied Woodpecker",16
2012,"Red-winged Blackbird",1
2012,"Tufted Titmouse",6
2012,"American Crow",47
2012,"American Goldfinch",16
2012,"Blue Jay",5
2012,"Blue-gray Gnatcatcher",2
2012,"Brown Thrasher",2
2012,"Brown-headed Cowbird",1
2012,"Carolina Chickadee",4
2012,"Carolina Wren",11
2012,"Chipping Sparrow",12
2012,"Common Grackle",25
2012,"Common Yellowthroat",7
2012,"Downy Woodpecker",1
2012,"Eastern Bluebird",4
2012,"Eastern Meadowlark",4
2012,"Eastern Phoebe",1
2012,"Eastern Towhee",7
2012,"European Starling",3
2012,"Field Sparrow",5
2012,"Fish Crow",1
2012,"Mourning Dove",15
2012,"Northern Cardinal",16
2012,"Northern Mockingbird",8
2012,"Pine Warbler",5
2012,"Red-bellied Woodpecker",9
2012,"Red-shouldered Hawk",2
2012,"Tufted Titmouse",4
2012,"Turkey Vulture",2
2012,"American Crow",19
2012,"American Goldfinch",1
2012,"American Robin",2
2012,"Blue Jay",3
2012,"Blue-gray Gnatcatcher",5
2012,"Brown Thrasher",3
2012,"Brown-headed Cowbird",1
2012,"Brown-headed Nuthatch",2
2012,"Canada Goose",2
2012,"Carolina Chickadee",8
2012,"Carolina Wren",20
2012,"Chipping Sparrow",4
2012,"Eastern Bluebird",7
2012,"Eastern Phoebe",2
2012,"Eastern Towhee",6
2012,"Fish Crow",2
2012,"Gray Catbird",1
2012,"Great Blue Heron",1
2012,"Mourning Dove",3
2012,"Northern Cardinal",18
2012,"Northern Mockingbird",7
2012,"Pileated Woodpecker",2
2012,"Pine Warbler",16
2012,"Red-bellied Woodpecker",7
2012,"Red-shouldered Hawk",2
2012,"Red-winged Blackbird",1
2012,"Tufted Titmouse",14
2012,"White-breasted Nuthatch",1
2012,"American Crow",18
2012,"American Goldfinch",6
2012,"Blue Jay",4
2012,"Blue-gray Gnatcatcher",3
2012,"Brown-headed Cowbird",4
2012,"Brown-headed Nuthatch",1
2012,"Carolina Chickadee",4
2012,"Carolina Wren",21
2012,"Chipping Sparrow",8
2012,"Common Grackle",16
2012,"Common Yellowthroat",2
2012,"Eastern Bluebird",2
2012,"Eastern Phoebe",3
2012,"Eastern Towhee",1
2012,"Fish Crow",5
2012,"House Sparrow",1
2012,"Mourning Dove",11
2012,"Northern Cardinal",18
2012,"Northern Mockingbird",6
2012,"Pine Warbler",2
2012,"Red-bellied Woodpecker",10
2012,"Red-shouldered Hawk",1
2012,"Tufted Titmouse",9
2012,"American Crow",29
2012,"American Goldfinch",2
2012,"Blue Jay",2
2012,"Brown-headed Nuthatch",1
2012,"Carolina Chickadee",3
2012,"Chipping Sparrow",11
2012,"Common Grackle",2
2012,"Common Yellowthroat",1
2012,"Eastern Meadowlark",2
2012,"Eastern Phoebe",3
2012,"Mourning Dove",18
2012,"Northern Cardinal",6
2012,"Northern Mockingbird",24
2012,"Pileated Woodpecker",1
2012,"Red-bellied Woodpecker",7
2012,"White-breasted Nuthatch",2
2012,"American Crow",48
2012,"American Goldfinch",19
2012,"American Robin",13
2012,"Blue Jay",12
2012,"Blue-gray Gnatcatcher",5
2012,"Brown Thrasher",13
2012,"Brown-headed Cowbird",3
2012,"Carolina Chickadee",6
2012,"Carolina Wren",24
2012,"Chipping Sparrow",28
2012,"Common Grackle",19
2012,"Downy Woodpecker",2
2012,"Eastern Bluebird",7
2012,"Eastern Meadowlark",5
2012,"Eastern Phoebe",1
2012,"Eastern Towhee",5
2012,"European Starling",16
2012,"Fish Crow",2
2012,"Gray Catbird",1
2012,"Great Blue Heron",1
2012,"House Finch",8
2012,"House Sparrow",2
2012,"Killdeer",3
2012,"Mourning Dove",38
2012,"Northern Cardinal",32
2012,"Northern Mockingbird",39
2012,"Pileated Woodpecker",1
2012,"Pine Warbler",5
2012,"Red-bellied Woodpecker",16
2012,"Song Sparrow",1
2012,"Tufted Titmouse",8
2012,"White-breasted Nuthatch",2
2012,"American Crow",16
2012,"American Goldfinch",2
2012,"American Robin",1
2012,"Blue Jay",4
2012,"Brown Thrasher",1
2012,"Brown-headed Cowbird",1
2012,"Canada Goose",8
2012,"Carolina Chickadee",4
2012,"Carolina Wren",18
2012,"Chipping Sparrow",10
2012,"Common Yellowthroat",4
2012,"Downy Woodpecker",1
2012,"Eastern Bluebird",8
2012,"Eastern Meadowlark",2
2012,"Eastern Phoebe",1
2012,"Eastern Towhee",3
2012,"Field Sparrow",1
2012,"House Finch",1
2012,"Mourning Dove",15
2012,"Northern Bobwhite",2
2012,"Northern Cardinal",35
2012,"Northern Mockingbird",7
2012,"Pine Warbler",6
2012,"Red-bellied Woodpecker",4
2012,"Red-winged Blackbird",3
2012,"Tufted Titmouse",15
2012,"White-breasted Nuthatch",1
2012,"American Crow",15
2012,"American Goldfinch",6
2012,"American Robin",4
2012,"Blue Jay",3
2012,"Blue-gray Gnatcatcher",3
2012,"Brown Thrasher",1
2012,"Brown-headed Nuthatch",2
2012,"Carolina Chickadee",7
2012,"Carolina Wren",11
2012,"Chipping Sparrow",4
2012,"Common Grackle",7
2012,"Common Yellowthroat",2
2012,"Downy Woodpecker",1
2012,"Eastern Bluebird",3
2012,"Eastern Meadowlark",1
2012,"Eastern Towhee",2
2012,"Fish Crow",3
2012,"Great Blue Heron",1
2012,"Mourning Dove",9
2012,"Northern Cardinal",13
2012,"Northern Mockingbird",6
2012,"Pileated Woodpecker",1
2012,"Pine Warbler",8
2012,"Red-bellied Woodpecker",4
2012,"Red-shouldered Hawk",1
2012,"Tufted Titmouse",5
2012,"American Crow",23
2012,"American Goldfinch",2
2012,"American Robin",29
2012,"Blue Jay",7
2012,"Blue-gray Gnatcatcher",1
2012,"Brown Thrasher",8
2012,"Brown-headed Cowbird",6
2012,"Brown-headed Nuthatch",2
2012,"Carolina Chickadee",5
2012,"Carolina Wren",12
2012,"Chipping Sparrow",6
2012,"Common Grackle",56
2012,"Downy Woodpecker",7
2012,"Eastern Bluebird",4
2012,"Eastern Phoebe",1
2012,"Eastern Towhee",15
2012,"European Starling",5
2012,"Fish Crow",8
2012,"Gray Catbird",6
2012,"House Finch",15
2012,"House Sparrow",1
2012,"Mourning Dove",10
2012,"Northern Cardinal",31
2012,"Northern Mockingbird",19
2012,"Red-bellied Woodpecker",7
2012,"Red-shouldered Hawk",5
2012,"Song Sparrow",6
2012,"Tufted Titmouse",8
2012,"American Crow",9
2012,"American Goldfinch",9
2012,"American Robin",3
2012,"Blue Jay",6
2012,"Blue-gray Gnatcatcher",9
2012,"Brown Thrasher",7
2012,"Brown-headed Cowbird",3
2012,"Brown-headed Nuthatch",3
2012,"Canada Goose",15
2012,"Carolina Chickadee",8
2012,"Carolina Wren",21
2012,"Chipping Sparrow",11
2012,"Common Grackle",9
2012,"Common Yellowthroat",1
2012,"Downy Woodpecker",3
2012,"Eastern Bluebird",5
2012,"Eastern Meadowlark",1
2012,"Eastern Phoebe",5
2012,"Eastern Towhee",7
2012,"Gray Catbird",2
2012,"Great Blue Heron",4
2012,"House Finch",2
2012,"Killdeer",2
2012,"Mourning Dove",13
2012,"Northern Cardinal",26
2012,"Northern Mockingbird",8
2012,"Pileated Woodpecker",2
2012,"Red-bellied Woodpecker",9
2012,"Tufted Titmouse",6
2012,"American Crow",12
2012,"American Robin",13
2012,"Blue Jay",1
2012,"Brown Thrasher",6
2012,"Brown-headed Nuthatch",1
2012,"Carolina Chickadee",2
2012,"Carolina Wren",14
2012,"Chipping Sparrow",11
2012,"Common Grackle",6
2012,"Common Yellowthroat",1
2012,"Downy Woodpecker",3
2012,"Eastern Bluebird",8
2012,"Eastern Phoebe",1
2012,"Eastern Towhee",19
2012,"European Starling",8
2012,"House Finch",8
2012,"Mourning Dove",7
2012,"Northern Cardinal",23
2012,"Northern Mockingbird",9
2012,"Pine Warbler",3
2012,"Red-bellied Woodpecker",7
2012,"Song Sparrow",3
2012,"Tufted Titmouse",18
2012,"White-breasted Nuthatch",3
2012,"American Crow",12
2012,"American Goldfinch",3
2012,"American Robin",18
2012,"Blue Jay",7
2012,"Brown-headed Cowbird",3
2012,"Canada Goose",28
2012,"Carolina Chickadee",10
2012,"Carolina Wren",9
2012,"Chipping Sparrow",8
2012,"Common Grackle",10
2012,"Common Yellowthroat",2
2012,"Downy Woodpecker",2
2012,"Eastern Bluebird",6
2012,"Eastern Phoebe",4
2012,"Eastern Towhee",8
2012,"European Starling",26
2012,"Fish Crow",1
2012,"Gray Catbird",4
2012,"House Finch",8
2012,"Mourning Dove",10
2012,"Northern Cardinal",16
2012,"Northern Mockingbird",7
2012,"Pine Warbler",8
2012,"Red-bellied Woodpecker",1
2012,"Red-winged Blackbird",1
2012,"Song Sparrow",2
2012,"Tufted Titmouse",8
2012,"American Crow",3
2012,"American Goldfinch",3
2012,"American Robin",3
2012,"Blue Jay",1
2012,"Blue-gray Gnatcatcher",4
2012,"Brown-headed Cowbird",4
2012,"Carolina Chickadee",6
2012,"Carolina Wren",16
2012,"Chipping Sparrow",12
2012,"Common Grackle",1
2012,"Common Yellowthroat",1
2012,"Eastern Bluebird",3
2012,"Eastern Meadowlark",2
2012,"Eastern Towhee",4
2012,"European Starling",25
2012,"Gray Catbird",1
2012,"House Sparrow",1
2012,"Mourning Dove",2
2012,"Northern Cardinal",19
2012,"Northern Mockingbird",3
2012,"Pine Warbler",2
2012,"Red-bellied Woodpecker",2
2012,"Tufted Titmouse",8
2012,"White-breasted Nuthatch",1
2012,"American Crow",31
2012,"American Goldfinch",5
2012,"American Robin",11
2012,"Blue Jay",2
2012,"Blue-gray Gnatcatcher",9
2012,"Brown Thrasher",3
2012,"Brown-headed Nuthatch",2
2012,"Canada Goose",26
2012,"Carolina Chickadee",7
2012,"Carolina Wren",8
2012,"Chipping Sparrow",26
2012,"Downy Woodpecker",5
2012,"Eastern Bluebird",13
2012,"Eastern Phoebe",4
2012,"Eastern Towhee",10
2012,"European Starling",2
2012,"Fish Crow",6
2012,"House Finch",3
2012,"Killdeer",1
2012,"Mourning Dove",13
2012,"Northern Bobwhite",1
2012,"Northern Cardinal",36
2012,"Northern Mockingbird",14
2012,"Pine Warbler",1
2012,"Red-bellied Woodpecker",4
2012,"Red-shouldered Hawk",1
2012,"Tufted Titmouse",15
2012,"American Crow",25
2012,"American Goldfinch",1
2012,"American Robin",4
2012,"Blue Jay",4
2012,"Blue-gray Gnatcatcher",5
2012,"Brown Thrasher",1
2012,"Brown-headed Cowbird",1
2012,"Carolina Chickadee",2
2012,"Carolina Wren",4
2012,"Chipping Sparrow",25
2012,"Common Grackle",12
2012,"Common Yellowthroat",1
2012,"Downy Woodpecker",2
2012,"Eastern Bluebird",18
2012,"Eastern Meadowlark",18
2012,"Eastern Phoebe",9
2012,"Eastern Towhee",7
2012,"European Starling",54
2012,"Field Sparrow",2
2012,"House Finch",5
2012,"Killdeer",2
2012,"Mourning Dove",28
2012,"Northern Bobwhite",1
2012,"Northern Cardinal",15
2012,"Northern Mockingbird",20
2012,"Pileated Woodpecker",1
2012,"Pine Warbler",1
2012,"Red-bellied Woodpecker",7
2012,"Tufted Titmouse",8
2012,"White-breasted Nuthatch",1
2012,"American Crow",33
2012,"American Goldfinch",1
2012,"Blue Jay",1
2012,"Brown Thrasher",5
2012,"Carolina Wren",5
2012,"Chipping Sparrow",2
2012,"Common Grackle",1
2012,"Eastern Bluebird",8
2012,"Eastern Meadowlark",1
2012,"European Starling",5
2012,"Field Sparrow",1
2012,"Great Blue Heron",2
2012,"Mourning Dove",24
2012,"Northern Cardinal",18
2012,"Northern Mockingbird",7
2012,"Red-bellied Woodpecker",4
2012,"Red-shouldered Hawk",1
2012,"Red-winged Blackbird",1
2012,"Tufted Titmouse",17
2012,"American Crow",34
2012,"American Goldfinch",3
2012,"American Robin",1
2012,"Blue Jay",4
2012,"Blue-gray Gnatcatcher",6
2012,"Brown Thrasher",2
2012,"Brown-headed Cowbird",2
2012,"Canada Goose",58
2012,"Carolina Chickadee",9
2012,"Carolina Wren",27
2012,"Chipping Sparrow",24
2012,"Common Grackle",14
2012,"Common Yellowthroat",2
2012,"Downy Woodpecker",3
2012,"Eastern Bluebird",9
2012,"Eastern Meadowlark",3
2012,"Eastern Phoebe",1
2012,"Eastern Towhee",5
2012,"European Starling",4
2012,"Field Sparrow",1
2012,"Fish Crow",2
2012,"Great Blue Heron",1
2012,"House Finch",1
2012,"House Sparrow",1
2012,"Killdeer",5
2012,"Mourning Dove",29
2012,"Northern Cardinal",15
2012,"Northern Mockingbird",10
2012,"Pine Warbler",10
2012,"Red-bellied Woodpecker",14
2012,"Red-shouldered Hawk",4
2012,"Red-winged Blackbird",3
2012,"Tufted Titmouse",16
2012,"Turkey Vulture",1
2012,"White-breasted Nuthatch",3
2012,"American Crow",24
2012,"American Robin",4
2012,"Blue Jay",10
2012,"Brown Thrasher",5
2012,"Brown-headed Cowbird",1
2012,"Brown-headed Nuthatch",3
2012,"Carolina Chickadee",6
2012,"Carolina Wren",8
2012,"Chipping Sparrow",9
2012,"Downy Woodpecker",2
2012,"Eastern Bluebird",7
2012,"Eastern Meadowlark",1
2012,"Eastern Phoebe",2
2012,"Eastern Towhee",10
2012,"Fish Crow",1
2012,"House Finch",4
2012,"Mourning Dove",12
2012,"Northern Bobwhite",1
2012,"Northern Cardinal",21
2012,"Northern Mockingbird",7
2012,"Pine Warbler",5
2012,"Red-bellied Woodpecker",10
2012,"Tufted Titmouse",12
2012,"White-breasted Nuthatch",3
2012,"American Crow",18
2012,"American Goldfinch",4
2012,"Blue Jay",3
2012,"Brown Thrasher",4
2012,"Brown-headed Cowbird",3
2012,"Brown-headed Nuthatch",2
2012,"Canada Goose",7
2012,"Carolina Chickadee",1
2012,"Carolina Wren",19
2012,"Chipping Sparrow",10
2012,"Common Grackle",31
2012,"Common Yellowthroat",6
2012,"Eastern Bluebird",7
2012,"Eastern Meadowlark",5
2012,"Eastern Phoebe",5
2012,"Eastern Towhee",6
2012,"Field Sparrow",2
2012,"Gray Catbird",1
2012,"House Finch",1
2012,"Killdeer",2
2012,"Mourning Dove",23
2012,"Northern Cardinal",27
2012,"Northern Mockingbird",19
2012,"Pileated Woodpecker",1
2012,"Pine Warbler",6
2012,"Red-bellied Woodpecker",8
2012,"Red-winged Blackbird",1
2012,"Tufted Titmouse",21
2012,"Turkey Vulture",1
2012,"American Robin",22
2012,"American Crow",40
2012,"American Goldfinch",2
2012,"American Robin",1
2012,"Blue Jay",2
2012,"Brown Thrasher",2
2012,"Brown-headed Cowbird",1
2012,"Canada Goose",3
2012,"Carolina Wren",11
2012,"Common Grackle",3
2012,"Common Yellowthroat",1
2012,"Eastern Bluebird",15
2012,"Eastern Meadowlark",2
2012,"Eastern Phoebe",1
2012,"Eastern Towhee",2
2012,"House Finch",4
2012,"Mourning Dove",12
2012,"Northern Cardinal",20
2012,"Northern Mockingbird",7
2012,"Red-bellied Woodpecker",5
2012,"Tufted Titmouse",17
2012,"White-breasted Nuthatch",2
2012,"American Crow",39
2012,"American Goldfinch",3
2012,"American Robin",3
2012,"Blue Jay",3
2012,"Blue-gray Gnatcatcher",3
2012,"Brown Thrasher",1
2012,"Carolina Chickadee",12
2012,"Carolina Wren",17
2012,"Chipping Sparrow",5
2012,"Common Grackle",1
2012,"Downy Woodpecker",2
2012,"Eastern Bluebird",12
2012,"Eastern Phoebe",1
2012,"Eastern Towhee",8
2012,"House Finch",16
2012,"Mourning Dove",20
2012,"Northern Cardinal",25
2012,"Northern Mockingbird",9
2012,"Pine Warbler",10
2012,"Red-bellied Woodpecker",3
2012,"Red-shouldered Hawk",1
2012,"Tufted Titmouse",8
2012,"Turkey Vulture",1
2012,"White-breasted Nuthatch",2
2012,"American Crow",70
2012,"American Goldfinch",4
2012,"American Robin",9
2012,"Blue Jay",12
2012,"Blue-gray Gnatcatcher",12
2012,"Brown-headed Cowbird",3
2012,"Brown-headed Nuthatch",3
2012,"Carolina Chickadee",18
2012,"Carolina Wren",24
2012,"Chipping Sparrow",4
2012,"Common Grackle",6
2012,"Downy Woodpecker",10
2012,"Eastern Bluebird",12
2012,"Eastern Meadowlark",3
2012,"Eastern Phoebe",2
2012,"Eastern Towhee",8
2012,"European Starling",25
2012,"Fish Crow",2
2012,"Killdeer",4
2012,"Mourning Dove",19
2012,"Northern Cardinal",43
2012,"Northern Mockingbird",13
2012,"Pine Warbler",16
2012,"Red-bellied Woodpecker",13
2012,"Red-shouldered Hawk",3
2012,"Tufted Titmouse",19
2012,"White-breasted Nuthatch",2
2012,"American Crow",10
2012,"American Goldfinch",1
2012,"American Robin",15
2012,"Blue Jay",5
2012,"Brown Thrasher",1
2012,"Brown-headed Cowbird",1
2012,"Carolina Chickadee",5
2012,"Carolina Wren",28
2012,"Chipping Sparrow",1
2012,"Common Grackle",2
2012,"Downy Woodpecker",2
2012,"Eastern Bluebird",10
2012,"Eastern Phoebe",1
2012,"Eastern Towhee",24
2012,"Fish Crow",6
2012,"Gray Catbird",7
2012,"House Finch",8
2012,"Killdeer",2
2012,"Mourning Dove",14
2012,"Northern Cardinal",40
2012,"Northern Mockingbird",8
2012,"Pine Warbler",7
2012,"Red-bellied Woodpecker",5
2012,"Red-shouldered Hawk",1
2012,"Tufted Titmouse",11
2012,"White-breasted Nuthatch",1
2013,"American Crow",29
2013,"American Goldfinch",5
2013,"Blue Jay",5
2013,"Blue-gray Gnatcatcher",10
2013,"Brown Thrasher",3
2013,"Brown-headed Cowbird",1
2013,"Brown-headed Nuthatch",5
2013,"Carolina Chickadee",11
2013,"Carolina Wren",9
2013,"Chipping Sparrow",7
2013,"Downy Woodpecker",3
2013,"Eastern Bluebird",3
2013,"Eastern Phoebe",4
2013,"Eastern Towhee",9
2013,"European Starling",1
2013,"Fish Crow",6
2013,"House Finch",3
2013,"Killdeer",1
2013,"Mourning Dove",7
2013,"Northern Cardinal",52
2013,"Northern Mockingbird",6
2013,"Pileated Woodpecker",3
2013,"Pine Warbler",13
2013,"Red-bellied Woodpecker",14
2013,"Red-shouldered Hawk",1
2013,"Tufted Titmouse",17
2013,"White-breasted Nuthatch",4
2013,"American Crow",18
2013,"American Goldfinch",5
2013,"American Robin",3
2013,"Blue Jay",5
2013,"Blue-gray Gnatcatcher",12
2013,"Brown-headed Cowbird",9
2013,"Brown-headed Nuthatch",1
2013,"Carolina Chickadee",10
2013,"Carolina Wren",19
2013,"Chipping Sparrow",13
2013,"Common Grackle",9
2013,"Downy Woodpecker",1
2013,"Eastern Bluebird",1
2013,"Eastern Phoebe",2
2013,"Eastern Towhee",12
2013,"Fish Crow",5
2013,"Great Blue Heron",6
2013,"House Finch",2
2013,"Killdeer",1
2013,"Mourning Dove",13
2013,"Northern Cardinal",21
2013,"Northern Mockingbird",7
2013,"Pine Warbler",12
2013,"Red-bellied Woodpecker",5
2013,"Red-shouldered Hawk",2
2013,"Red-winged Blackbird",1
2013,"Tufted Titmouse",14
2013,"White-breasted Nuthatch",1
2013,"American Crow",12
2013,"American Goldfinch",2
2013,"American Robin",6
2013,"Blue Jay",1
2013,"Blue-gray Gnatcatcher",2
2013,"Brown Thrasher",1
2013,"Carolina Chickadee",1
2013,"Carolina Wren",17
2013,"Chipping Sparrow",8
2013,"Common Grackle",1
2013,"Common Yellowthroat",2
2013,"Downy Woodpecker",1
2013,"Eastern Bluebird",10
2013,"Eastern Meadowlark",1
2013,"Eastern Phoebe",3
2013,"Eastern Towhee",3
2013,"House Finch",1
2013,"Mourning Dove",5
2013,"Northern Cardinal",19
2013,"Northern Mockingbird",8
2013,"Pine Warbler",15
2013,"Red-bellied Woodpecker",9
2013,"Tufted Titmouse",19
2013,"Turkey Vulture",1
2013,"American Crow",33
2013,"American Goldfinch",6
2013,"Blue Jay",8
2013,"Blue-gray Gnatcatcher",9
2013,"Brown Thrasher",2
2013,"Canada Goose",1
2013,"Carolina Chickadee",6
2013,"Carolina Wren",14
2013,"Chipping Sparrow",14
2013,"Common Grackle",4
2013,"Common Yellowthroat",1
2013,"Downy Woodpecker",1
2013,"Eastern Bluebird",6
2013,"Eastern Meadowlark",3
2013,"Eastern Phoebe",2
2013,"Eastern Towhee",5
2013,"European Starling",4
2013,"Field Sparrow",1
2013,"Fish Crow",9
2013,"Mourning Dove",15
2013,"Northern Cardinal",13
2013,"Northern Mockingbird",12
2013,"Pine Warbler",1
2013,"Red-bellied Woodpecker",2
2013,"Tufted Titmouse",14
2013,"American Crow",56
2013,"American Goldfinch",9
2013,"American Robin",2
2013,"Blue Jay",6
2013,"Blue-gray Gnatcatcher",4
2013,"Brown Thrasher",5
2013,"Brown-headed Cowbird",2
2013,"Canada Goose",3
2013,"Carolina Chickadee",6
2013,"Carolina Wren",27
2013,"Chipping Sparrow",37
2013,"Common Grackle",11
2013,"Downy Woodpecker",3
2013,"Eastern Bluebird",27
2013,"Eastern Meadowlark",17
2013,"Eastern Phoebe",7
2013,"European Starling",14
2013,"House Finch",3
2013,"House Sparrow",3
2013,"Killdeer",4
2013,"Mourning Dove",33
2013,"Northern Cardinal",29
2013,"Northern Mockingbird",21
2013,"Pileated Woodpecker",1
2013,"Red-bellied Woodpecker",9
2013,"Red-shouldered Hawk",3
2013,"Red-winged Blackbird",3
2013,"Tufted Titmouse",25
2013,"Turkey Vulture",1
2013,"White-breasted Nuthatch",3
2013,"American Crow",31
2013,"American Goldfinch",1
2013,"Blue Jay",4
2013,"Blue-gray Gnatcatcher",9
2013,"Brown Thrasher",2
2013,"Brown-headed Cowbird",6
2013,"Carolina Chickadee",13
2013,"Carolina Wren",16
2013,"Chipping Sparrow",12
2013,"Common Grackle",7
2013,"Common Yellowthroat",1
2013,"Downy Woodpecker",2
2013,"Eastern Bluebird",11
2013,"Eastern Meadowlark",9
2013,"Eastern Towhee",5
2013,"Great Blue Heron",1
2013,"Killdeer",1
2013,"Mourning Dove",22
2013,"Northern Cardinal",24
2013,"Northern Mockingbird",13
2013,"Pileated Woodpecker",1
2013,"Pine Warbler",13
2013,"Red-bellied Woodpecker",8
2013,"Red-shouldered Hawk",2
2013,"Red-winged Blackbird",1
2013,"Tufted Titmouse",14
2013,"Turkey Vulture",1
2013,"American Crow",48
2013,"American Goldfinch",6
2013,"American Robin",5
2013,"Blue Jay",1
2013,"Brown-headed Cowbird",8
2013,"Carolina Chickadee",3
2013,"Carolina Wren",12
2013,"Chipping Sparrow",10
2013,"Common Yellowthroat",2
2013,"Downy Woodpecker",1
2013,"Eastern Bluebird",3
2013,"Eastern Meadowlark",3
2013,"Eastern Phoebe",3
2013,"Eastern Towhee",1
2013,"European Starling",8
2013,"Field Sparrow",2
2013,"Gray Catbird",1
2013,"House Finch",2
2013,"Mourning Dove",15
2013,"Northern Cardinal",22
2013,"Northern Mockingbird",4
2013,"Pine Warbler",3
2013,"Red-bellied Woodpecker",9
2013,"Red-shouldered Hawk",1
2013,"Tufted Titmouse",5
2013,"White-breasted Nuthatch",1
2013,"American Crow",20
2013,"American Goldfinch",3
2013,"American Robin",1
2013,"Blue Jay",4
2013,"Blue-gray Gnatcatcher",6
2013,"Brown Thrasher",5
2013,"Brown-headed Nuthatch",5
2013,"Carolina Chickadee",7
2013,"Carolina Wren",21
2013,"Chipping Sparrow",7
2013,"Common Grackle",1
2013,"Downy Woodpecker",1
2013,"Eastern Bluebird",6
2013,"Eastern Phoebe",3
2013,"Eastern Towhee",3
2013,"Fish Crow",1
2013,"Great Blue Heron",2
2013,"House Finch",1
2013,"Mourning Dove",8
2013,"Northern Cardinal",21
2013,"Northern Mockingbird",5
2013,"Pine Warbler",13
2013,"Red-bellied Woodpecker",5
2013,"Tufted Titmouse",21
2013,"White-breasted Nuthatch",2
2013,"American Crow",18
2013,"American Goldfinch",2
2013,"American Robin",2
2013,"Blue Jay",2
2013,"Blue-gray Gnatcatcher",10
2013,"Brown-headed Nuthatch",1
2013,"Carolina Chickadee",1
2013,"Carolina Wren",10
2013,"Chipping Sparrow",5
2013,"Common Grackle",2
2013,"Common Yellowthroat",2
2013,"Eastern Bluebird",4
2013,"Eastern Phoebe",5
2013,"Eastern Towhee",1
2013,"European Starling",4
2013,"Field Sparrow",1
2013,"Fish Crow",3
2013,"House Sparrow",1
2013,"Killdeer",2
2013,"Mourning Dove",6
2013,"Northern Cardinal",20
2013,"Northern Mockingbird",7
2013,"Pine Warbler",2
2013,"Red-bellied Woodpecker",13
2013,"Tufted Titmouse",6
2013,"American Crow",15
2013,"American Robin",2
2013,"Blue-gray Gnatcatcher",2
2013,"Brown Thrasher",1
2013,"Carolina Chickadee",1
2013,"Carolina Wren",13
2013,"Chipping Sparrow",2
2013,"Common Grackle",3
2013,"Downy Woodpecker",1
2013,"Eastern Bluebird",8
2013,"Eastern Meadowlark",3
2013,"Field Sparrow",1
2013,"Great Blue Heron",1
2013,"Mourning Dove",7
2013,"Northern Cardinal",14
2013,"Pine Warbler",4
2013,"Red-bellied Woodpecker",4
2013,"Red-shouldered Hawk",1
2013,"Tufted Titmouse",4
2013,"American Crow",53
2013,"American Goldfinch",17
2013,"American Robin",15
2013,"Blue Jay",13
2013,"Blue-gray Gnatcatcher",5
2013,"Brown Thrasher",9
2013,"Brown-headed Cowbird",11
2013,"Carolina Chickadee",10
2013,"Carolina Wren",35
2013,"Chipping Sparrow",33
2013,"Common Grackle",10
2013,"Common Yellowthroat",2
2013,"Downy Woodpecker",1
2013,"Eastern Bluebird",28
2013,"Eastern Meadowlark",9
2013,"Eastern Phoebe",6
2013,"Eastern Towhee",7
2013,"European Starling",28
2013,"Field Sparrow",4
2013,"Fish Crow",3
2013,"Gray Catbird",2
2013,"House Finch",4
2013,"House Sparrow",4
2013,"Mourning Dove",17
2013,"Northern Cardinal",35
2013,"Northern Mockingbird",31
2013,"Pine Warbler",5
2013,"Red-bellied Woodpecker",8
2013,"Red-shouldered Hawk",1
2013,"Song Sparrow",4
2013,"Tufted Titmouse",18
2013,"American Crow",28
2013,"American Goldfinch",12
2013,"American Robin",2
2013,"Blue-gray Gnatcatcher",2
2013,"Canada Goose",25
2013,"Carolina Wren",14
2013,"Chipping Sparrow",10
2013,"Common Yellowthroat",1
2013,"Downy Woodpecker",2
2013,"Eastern Bluebird",6
2013,"Eastern Meadowlark",1
2013,"Eastern Towhee",5
2013,"European Starling",20
2013,"Field Sparrow",1
2013,"House Finch",1
2013,"Mourning Dove",19
2013,"Northern Cardinal",26
2013,"Northern Mockingbird",4
2013,"Pine Warbler",5
2013,"Red-bellied Woodpecker",5
2013,"Red-winged Blackbird",2
2013,"Tufted Titmouse",9
2013,"Turkey Vulture",2
2013,"American Crow",6
2013,"American Goldfinch",2
2013,"Blue Jay",6
2013,"Blue-gray Gnatcatcher",8
2013,"Brown Thrasher",1
2013,"Brown-headed Cowbird",2
2013,"Brown-headed Nuthatch",2
2013,"Carolina Chickadee",6
2013,"Carolina Wren",8
2013,"Chipping Sparrow",4
2013,"Common Grackle",4
2013,"Common Yellowthroat",1
2013,"Eastern Bluebird",3
2013,"Eastern Meadowlark",1
2013,"Eastern Towhee",1
2013,"Great Blue Heron",3
2013,"House Finch",1
2013,"Mourning Dove",4
2013,"Northern Cardinal",6
2013,"Northern Mockingbird",1
2013,"Pileated Woodpecker",1
2013,"Pine Warbler",5
2013,"Red-bellied Woodpecker",1
2013,"Red-shouldered Hawk",1
2013,"Tufted Titmouse",8
2013,"American Crow",25
2013,"American Goldfinch",5
2013,"American Robin",32
2013,"Blue Jay",3
2013,"Blue-gray Gnatcatcher",6
2013,"Brown Thrasher",2
2013,"Brown-headed Cowbird",5
2013,"Brown-headed Nuthatch",1
2013,"Carolina Chickadee",15
2013,"Carolina Wren",7
2013,"Chipping Sparrow",10
2013,"Common Grackle",16
2013,"Eastern Bluebird",4
2013,"Eastern Phoebe",1
2013,"Eastern Towhee",13
2013,"Fish Crow",2
2013,"Gray Catbird",3
2013,"House Finch",4
2013,"Mourning Dove",4
2013,"Northern Cardinal",30
2013,"Northern Mockingbird",14
2013,"Pine Warbler",1
2013,"Red-bellied Woodpecker",7
2013,"Red-shouldered Hawk",1
2013,"Song Sparrow",4
2013,"Tufted Titmouse",5
2013,"White-breasted Nuthatch",1
2013,"American Crow",13
2013,"American Goldfinch",6
2013,"American Robin",10
2013,"Blue Jay",1
2013,"Blue-gray Gnatcatcher",9
2013,"Brown-headed Cowbird",1
2013,"Canada Goose",30
2013,"Carolina Chickadee",15
2013,"Carolina Wren",18
2013,"Chipping Sparrow",13
2013,"Common Grackle",12
2013,"Common Yellowthroat",2
2013,"Downy Woodpecker",3
2013,"Eastern Bluebird",15
2013,"Eastern Meadowlark",4
2013,"Eastern Phoebe",2
2013,"Eastern Towhee",4
2013,"Fish Crow",1
2013,"Great Blue Heron",3
2013,"House Finch",1
2013,"Mourning Dove",12
2013,"Northern Cardinal",19
2013,"Northern Mockingbird",5
2013,"Pine Warbler",5
2013,"Red-bellied Woodpecker",4
2013,"Song Sparrow",1
2013,"Tufted Titmouse",12
2013,"White-breasted Nuthatch",2
2013,"American Crow",10
2013,"American Goldfinch",1
2013,"American Robin",27
2013,"Blue Jay",4
2013,"Brown Thrasher",4
2013,"Brown-headed Cowbird",2
2013,"Carolina Chickadee",1
2013,"Carolina Wren",22
2013,"Chipping Sparrow",6
2013,"Common Grackle",1
2013,"Downy Woodpecker",1
2013,"Eastern Bluebird",4
2013,"Eastern Phoebe",1
2013,"Eastern Towhee",12
2013,"European Starling",4
2013,"Gray Catbird",2
2013,"House Finch",8
2013,"House Sparrow",1
2013,"Mourning Dove",7
2013,"Northern Cardinal",22
2013,"Northern Mockingbird",13
2013,"Pine Warbler",4
2013,"Red-bellied Woodpecker",10
2013,"Red-winged Blackbird",1
2013,"Song Sparrow",2
2013,"Tufted Titmouse",8
2013,"White-breasted Nuthatch",1
2013,"American Crow",22
2013,"American Goldfinch",7
2013,"American Robin",22
2013,"Blue Jay",2
2013,"Brown Thrasher",2
2013,"Brown-headed Cowbird",4
2013,"Carolina Chickadee",1
2013,"Carolina Wren",12
2013,"Chipping Sparrow",8
2013,"Common Grackle",7
2013,"Common Yellowthroat",1
2013,"Downy Woodpecker",3
2013,"Eastern Bluebird",6
2013,"Eastern Phoebe",2
2013,"Eastern Towhee",9
2013,"European Starling",15
2013,"Fish Crow",12
2013,"Gray Catbird",3
2013,"House Finch",1
2013,"Killdeer",1
2013,"Mourning Dove",4
2013,"Northern Cardinal",15
2013,"Northern Mockingbird",9
2013,"Pine Warbler",6
2013,"Red-bellied Woodpecker",1
2013,"Red-winged Blackbird",1
2013,"Song Sparrow",1
2013,"Tufted Titmouse",5
2013,"White-breasted Nuthatch",1
2013,"American Crow",10
2013,"American Robin",3
2013,"Blue Jay",1
2013,"Blue-gray Gnatcatcher",7
2013,"Brown Thrasher",1
2013,"Brown-headed Cowbird",5
2013,"Brown-headed Nuthatch",1
2013,"Carolina Chickadee",6
2013,"Carolina Wren",11
2013,"Chipping Sparrow",7
2013,"Common Grackle",1
2013,"Common Yellowthroat",2
2013,"Eastern Bluebird",5
2013,"Eastern Phoebe",2
2013,"Eastern Towhee",8
2013,"European Starling",4
2013,"House Finch",1
2013,"Mourning Dove",2
2013,"Northern Cardinal",17
2013,"Northern Mockingbird",7
2013,"Pileated Woodpecker",1
2013,"Pine Warbler",4
2013,"Red-bellied Woodpecker",4
2013,"Red-shouldered Hawk",1
2013,"Tufted Titmouse",4
2013,"American Crow",34
2013,"American Goldfinch",2
2013,"American Robin",11
2013,"Blue Jay",4
2013,"Blue-gray Gnatcatcher",13
2013,"Brown Thrasher",12
2013,"Brown-headed Cowbird",9
2013,"Brown-headed Nuthatch",3
2013,"Carolina Chickadee",4
2013,"Carolina Wren",17
2013,"Chipping Sparrow",32
2013,"Common Grackle",5
2013,"Common Yellowthroat",1
2013,"Downy Woodpecker",1
2013,"Eastern Bluebird",10
2013,"Eastern Phoebe",5
2013,"Eastern Towhee",7
2013,"Fish Crow",13
2013,"House Finch",2
2013,"House Sparrow",5
2013,"Mourning Dove",6
2013,"Northern Cardinal",37
2013,"Northern Mockingbird",12
2013,"Pine Warbler",5
2013,"Red-bellied Woodpecker",5
2013,"Red-shouldered Hawk",1
2013,"Tufted Titmouse",18
2013,"American Crow",23
2013,"American Goldfinch",1
2013,"American Robin",1
2013,"Blue Jay",3
2013,"Blue-gray Gnatcatcher",10
2013,"Brown Thrasher",2
2013,"Brown-headed Cowbird",4
2013,"Canada Goose",4
2013,"Carolina Chickadee",7
2013,"Carolina Wren",3
2013,"Chipping Sparrow",19
2013,"Common Grackle",5
2013,"Downy Woodpecker",3
2013,"Eastern Bluebird",15
2013,"Eastern Meadowlark",16
2013,"Eastern Phoebe",6
2013,"Eastern Towhee",1
2013,"European Starling",10
2013,"Field Sparrow",3
2013,"Great Blue Heron",1
2013,"Killdeer",2
2013,"Mourning Dove",32
2013,"Northern Bobwhite",2
2013,"Northern Cardinal",13
2013,"Northern Mockingbird",18
2013,"Red-bellied Woodpecker",5
2013,"Red-winged Blackbird",1
2013,"Tufted Titmouse",12
2013,"White-breasted Nuthatch",2
2013,"American Crow",29
2013,"Brown Thrasher",5
2013,"Brown-headed Cowbird",1
2013,"Carolina Chickadee",2
2013,"Carolina Wren",10
2013,"Chipping Sparrow",2
2013,"Eastern Bluebird",2
2013,"Eastern Meadowlark",2
2013,"Eastern Towhee",1
2013,"European Starling",12
2013,"Mourning Dove",17
2013,"Northern Bobwhite",1
2013,"Northern Cardinal",12
2013,"Northern Mockingbird",2
2013,"Pine Warbler",1
2013,"Red-bellied Woodpecker",6
2013,"Tufted Titmouse",12
2013,"American Crow",26
2013,"American Robin",4
2013,"Blue Jay",5
2013,"Blue-gray Gnatcatcher",5
2013,"Brown Thrasher",1
2013,"Brown-headed Nuthatch",3
2013,"Carolina Chickadee",15
2013,"Carolina Wren",17
2013,"Chipping Sparrow",7
2013,"Common Grackle",3
2013,"Downy Woodpecker",2
2013,"Eastern Bluebird",6
2013,"Eastern Phoebe",4
2013,"Eastern Towhee",3
2013,"Fish Crow",1
2013,"Great Blue Heron",1
2013,"Mourning Dove",5
2013,"Northern Cardinal",35
2013,"Northern Mockingbird",5
2013,"Pileated Woodpecker",1
2013,"Pine Warbler",7
2013,"Red-bellied Woodpecker",6
2013,"Red-shouldered Hawk",2
2013,"Tufted Titmouse",13
2013,"White-breasted Nuthatch",1
2013,"American Crow",41
2013,"American Goldfinch",11
2013,"Blue Jay",9
2013,"Blue-gray Gnatcatcher",15
2013,"Brown Thrasher",2
2013,"Brown-headed Cowbird",4
2013,"Brown-headed Nuthatch",4
2013,"Canada Goose",29
2013,"Carolina Chickadee",6
2013,"Carolina Wren",18
2013,"Chipping Sparrow",18
2013,"Common Grackle",8
2013,"Common Yellowthroat",1
2013,"Downy Woodpecker",2
2013,"Eastern Bluebird",13
2013,"Eastern Meadowlark",3
2013,"Eastern Phoebe",3
2013,"Eastern Towhee",4
2013,"European Starling",1
2013,"Field Sparrow",1
2013,"Fish Crow",2
2013,"Gray Catbird",1
2013,"Great Blue Heron",2
2013,"House Finch",6
2013,"House Sparrow",1
2013,"Mourning Dove",27
2013,"Northern Cardinal",25
2013,"Northern Mockingbird",11
2013,"Pine Warbler",6
2013,"Red-bellied Woodpecker",22
2013,"Red-shouldered Hawk",3
2013,"Red-winged Blackbird",1
2013,"Tufted Titmouse",15
2013,"Turkey Vulture",10
2013,"White-breasted Nuthatch",1
2013,"American Crow",10
2013,"American Goldfinch",1
2013,"American Robin",6
2013,"Blue Jay",3
2013,"Blue-gray Gnatcatcher",1
2013,"Brown Thrasher",3
2013,"Canada Goose",2
2013,"Carolina Chickadee",3
2013,"Carolina Wren",12
2013,"Chipping Sparrow",8
2013,"Downy Woodpecker",1
2013,"Eastern Bluebird",4
2013,"Eastern Towhee",6
2013,"European Starling",5
2013,"Gray Catbird",1
2013,"House Finch",1
2013,"Mourning Dove",9
2013,"Northern Cardinal",25
2013,"Northern Mockingbird",4
2013,"Pine Warbler",4
2013,"Red-bellied Woodpecker",3
2013,"Red-shouldered Hawk",1
2013,"Tufted Titmouse",10
2013,"Turkey Vulture",6
2013,"White-breasted Nuthatch",2
2013,"American Crow",16
2013,"American Robin",3
2013,"Brown Thrasher",3
2013,"Brown-headed Cowbird",1
2013,"Carolina Wren",11
2013,"Eastern Bluebird",7
2013,"Eastern Meadowlark",2
2013,"Eastern Towhee",1
2013,"European Starling",1
2013,"Mourning Dove",5
2013,"Northern Cardinal",20
2013,"Northern Mockingbird",3
2013,"Pileated Woodpecker",1
2013,"Pine Warbler",1
2013,"Red-bellied Woodpecker",2
2013,"Red-winged Blackbird",1
2013,"Tufted Titmouse",8
2013,"American Crow",39
2013,"American Goldfinch",2
2013,"American Robin",3
2013,"Blue Jay",6
2013,"Blue-gray Gnatcatcher",3
2013,"Canada Goose",2
2013,"Carolina Chickadee",15
2013,"Carolina Wren",8
2013,"Chipping Sparrow",3
2013,"Common Grackle",2
2013,"Downy Woodpecker",7
2013,"Eastern Bluebird",12
2013,"Eastern Phoebe",3
2013,"Eastern Towhee",4
2013,"Fish Crow",2
2013,"House Finch",1
2013,"Killdeer",1
2013,"Mourning Dove",18
2013,"Northern Cardinal",22
2013,"Northern Mockingbird",10
2013,"Pine Warbler",3
2013,"Red-bellied Woodpecker",11
2013,"Red-shouldered Hawk",1
2013,"Tufted Titmouse",7
2013,"Turkey Vulture",1
2013,"American Crow",48
2013,"American Goldfinch",8
2013,"American Robin",3
2013,"Blue Jay",1
2013,"Blue-gray Gnatcatcher",8
2013,"Brown-headed Cowbird",6
2013,"Canada Goose",2
2013,"Carolina Chickadee",14
2013,"Carolina Wren",27
2013,"Chipping Sparrow",12
2013,"Common Grackle",8
2013,"Common Yellowthroat",1
2013,"Downy Woodpecker",4
2013,"Eastern Bluebird",5
2013,"Eastern Meadowlark",4
2013,"Eastern Phoebe",6
2013,"Eastern Towhee",3
2013,"House Finch",3
2013,"Killdeer",1
2013,"Mourning Dove",8
2013,"Northern Cardinal",48
2013,"Northern Mockingbird",4
2013,"Pine Warbler",13
2013,"Red-bellied Woodpecker",6
2013,"Red-shouldered Hawk",2
2013,"Tufted Titmouse",23
2013,"White-breasted Nuthatch",2
2013,"American Crow",6
2013,"American Robin",10
2013,"Brown Thrasher",4
2013,"Carolina Chickadee",8
2013,"Carolina Wren",47
2013,"Chipping Sparrow",10
2013,"Eastern Bluebird",12
2013,"Eastern Phoebe",1
2013,"Eastern Towhee",22
2013,"Fish Crow",2
2013,"Gray Catbird",3
2013,"House Finch",3
2013,"Mourning Dove",10
2013,"Northern Cardinal",30
2013,"Northern Mockingbird",1
2013,"Red-bellied Woodpecker",13
2013,"Song Sparrow",2
2013,"Tufted Titmouse",24
2013,"White-breasted Nuthatch",2
2014,"American Crow",28
2014,"American Goldfinch",11
2014,"American Robin",3
2014,"Blue Jay",5
2014,"Blue-gray Gnatcatcher",11
2014,"Brown-headed Cowbird",1
2014,"Brown-headed Nuthatch",2
2014,"Carolina Chickadee",9
2014,"Carolina Wren",8
2014,"Chipping Sparrow",1
2014,"Common Yellowthroat",1
2014,"Downy Woodpecker",1
2014,"Eastern Bluebird",2
2014,"Eastern Phoebe",1
2014,"Eastern Towhee",1
2014,"Field Sparrow",1
2014,"Fish Crow",3
2014,"Gray Catbird",1
2014,"House Finch",2
2014,"Mourning Dove",11
2014,"Northern Cardinal",38
2014,"Northern Mockingbird",2
2014,"Pine Warbler",17
2014,"Red-bellied Woodpecker",14
2014,"Tufted Titmouse",20
2014,"Turkey Vulture",19
2014,"White-breasted Nuthatch",4
2014,"American Crow",23
2014,"American Goldfinch",17
2014,"American Robin",4
2014,"Blue Jay",3
2014,"Blue-gray Gnatcatcher",12
2014,"Brown Thrasher",1
2014,"Brown-headed Cowbird",5
2014,"Brown-headed Nuthatch",8
2014,"Carolina Chickadee",7
2014,"Carolina Wren",17
2014,"Chipping Sparrow",17
2014,"Common Grackle",4
2014,"Common Yellowthroat",1
2014,"Downy Woodpecker",2
2014,"Eastern Bluebird",4
2014,"Eastern Phoebe",2
2014,"Eastern Towhee",12
2014,"Fish Crow",8
2014,"Great Blue Heron",5
2014,"House Finch",2
2014,"Mourning Dove",15
2014,"Northern Cardinal",29
2014,"Northern Mockingbird",1
2014,"Pine Warbler",13
2014,"Red-bellied Woodpecker",9
2014,"Tufted Titmouse",18
2014,"White-breasted Nuthatch",1
2014,"American Crow",20
2014,"American Goldfinch",1
2014,"American Robin",4
2014,"Blue Jay",1
2014,"Brown-headed Cowbird",1
2014,"Carolina Chickadee",1
2014,"Carolina Wren",15
2014,"Chipping Sparrow",5
2014,"Common Grackle",2
2014,"Common Yellowthroat",5
2014,"Eastern Bluebird",7
2014,"Eastern Meadowlark",2
2014,"Eastern Phoebe",1
2014,"Eastern Towhee",6
2014,"Gray Catbird",1
2014,"Mourning Dove",32
2014,"Northern Bobwhite",1
2014,"Northern Cardinal",22
2014,"Northern Mockingbird",9
2014,"Pine Warbler",13
2014,"Red-bellied Woodpecker",12
2014,"Red-winged Blackbird",2
2014,"Tufted Titmouse",16
2014,"American Crow",30
2014,"Blue Jay",5
2014,"Blue-gray Gnatcatcher",15
2014,"Brown Thrasher",2
2014,"Brown-headed Cowbird",7
2014,"Canada Goose",5
2014,"Carolina Chickadee",4
2014,"Carolina Wren",15
2014,"Chipping Sparrow",12
2014,"Common Grackle",2
2014,"Common Yellowthroat",2
2014,"Eastern Bluebird",3
2014,"Eastern Meadowlark",1
2014,"Eastern Phoebe",3
2014,"Eastern Towhee",9
2014,"European Starling",9
2014,"Field Sparrow",1
2014,"Gray Catbird",1
2014,"House Sparrow",9
2014,"Mourning Dove",18
2014,"Northern Cardinal",12
2014,"Northern Mockingbird",6
2014,"Pileated Woodpecker",4
2014,"Pine Warbler",1
2014,"Red-bellied Woodpecker",6
2014,"Tufted Titmouse",21
2014,"American Crow",47
2014,"American Goldfinch",19
2014,"American Robin",6
2014,"Blue Jay",16
2014,"Blue-gray Gnatcatcher",14
2014,"Brown Thrasher",6
2014,"Brown-headed Cowbird",12
2014,"Carolina Chickadee",8
2014,"Carolina Wren",35
2014,"Common Grackle",6
2014,"Downy Woodpecker",2
2014,"Eastern Bluebird",18
2014,"Eastern Meadowlark",17
2014,"Eastern Phoebe",2
2014,"Eastern Towhee",2
2014,"European Starling",12
2014,"Gray Catbird",2
2014,"Killdeer",5
2014,"Mourning Dove",39
2014,"Northern Cardinal",37
2014,"Northern Mockingbird",26
2014,"Red-bellied Woodpecker",17
2014,"Red-shouldered Hawk",1
2014,"Tufted Titmouse",22
2014,"White-breasted Nuthatch",2
2014,"American Crow",28
2014,"American Goldfinch",5
2014,"Blue Jay",5
2014,"Blue-gray Gnatcatcher",9
2014,"Brown Thrasher",1
2014,"Brown-headed Cowbird",2
2014,"Brown-headed Nuthatch",1
2014,"Carolina Chickadee",2
2014,"Carolina Wren",26
2014,"Chipping Sparrow",4
2014,"Common Grackle",1
2014,"Common Yellowthroat",2
2014,"Downy Woodpecker",5
2014,"Eastern Bluebird",4
2014,"Eastern Meadowlark",5
2014,"Eastern Phoebe",1
2014,"Eastern Towhee",7
2014,"Mourning Dove",20
2014,"Northern Cardinal",25
2014,"Northern Mockingbird",13
2014,"Pileated Woodpecker",2
2014,"Pine Warbler",7
2014,"Red-bellied Woodpecker",14
2014,"Red-shouldered Hawk",1
2014,"Tufted Titmouse",9
2014,"White-breasted Nuthatch",1
2014,"American Crow",44
2014,"American Goldfinch",13
2014,"American Robin",1
2014,"Blue Jay",4
2014,"Blue-gray Gnatcatcher",3
2014,"Brown Thrasher",1
2014,"Brown-headed Cowbird",1
2014,"Canada Goose",10
2014,"Carolina Chickadee",1
2014,"Carolina Wren",10
2014,"Chipping Sparrow",9
2014,"Common Grackle",1
2014,"Common Yellowthroat",3
2014,"Eastern Bluebird",4
2014,"Eastern Meadowlark",10
2014,"Eastern Phoebe",2
2014,"Eastern Towhee",4
2014,"European Starling",2
2014,"Field Sparrow",1
2014,"Killdeer",1
2014,"Mourning Dove",12
2014,"Northern Cardinal",26
2014,"Northern Mockingbird",5
2014,"Pileated Woodpecker",1
2014,"Pine Warbler",5
2014,"Red-bellied Woodpecker",5
2014,"Red-shouldered Hawk",4
2014,"Red-winged Blackbird",1
2014,"Tufted Titmouse",7
2014,"American Crow",35
2014,"American Goldfinch",4
2014,"American Robin",4
2014,"Blue Jay",7
2014,"Blue-gray Gnatcatcher",16
2014,"Brown Thrasher",3
2014,"Carolina Chickadee",16
2014,"Carolina Wren",44
2014,"Chipping Sparrow",10
2014,"Common Yellowthroat",1
2014,"Eastern Bluebird",8
2014,"Eastern Phoebe",3
2014,"Eastern Towhee",7
2014,"Fish Crow",4
2014,"Great Blue Heron",2
2014,"Killdeer",1
2014,"Mourning Dove",8
2014,"Northern Cardinal",35
2014,"Northern Mockingbird",6
2014,"Pine Warbler",18
2014,"Red-bellied Woodpecker",6
2014,"Red-shouldered Hawk",3
2014,"Tufted Titmouse",20
2014,"Turkey Vulture",1
2014,"White-breasted Nuthatch",2
2014,"American Crow",43
2014,"American Goldfinch",17
2014,"American Robin",12
2014,"Blue Jay",11
2014,"Blue-gray Gnatcatcher",12
2014,"Brown Thrasher",7
2014,"Brown-headed Cowbird",4
2014,"Canada Goose",6
2014,"Carolina Chickadee",4
2014,"Carolina Wren",32
2014,"Chipping Sparrow",23
2014,"Common Grackle",34
2014,"Downy Woodpecker",1
2014,"Eastern Bluebird",10
2014,"Eastern Meadowlark",7
2014,"Eastern Phoebe",5
2014,"Eastern Towhee",8
2014,"European Starling",22
2014,"Gray Catbird",5
2014,"House Finch",2
2014,"House Sparrow",3
2014,"Killdeer",2
2014,"Mourning Dove",33
2014,"Northern Cardinal",33
2014,"Northern Mockingbird",19
2014,"Red-bellied Woodpecker",13
2014,"Song Sparrow",1
2014,"Tufted Titmouse",8
2014,"American Crow",17
2014,"American Goldfinch",5
2014,"American Robin",5
2014,"Blue Jay",4
2014,"Blue-gray Gnatcatcher",21
2014,"Brown Thrasher",2
2014,"Brown-headed Cowbird",9
2014,"Brown-headed Nuthatch",7
2014,"Carolina Chickadee",17
2014,"Carolina Wren",12
2014,"Chipping Sparrow",24
2014,"Common Grackle",2
2014,"Common Yellowthroat",1
2014,"Downy Woodpecker",6
2014,"Eastern Bluebird",6
2014,"Eastern Phoebe",4
2014,"Eastern Towhee",10
2014,"Gray Catbird",1
2014,"Great Blue Heron",1
2014,"Mourning Dove",19
2014,"Northern Cardinal",36
2014,"Northern Mockingbird",2
2014,"Pine Warbler",14
2014,"Red-bellied Woodpecker",11
2014,"Tufted Titmouse",17
2014,"White-breasted Nuthatch",8
2014,"American Crow",47
2014,"American Goldfinch",2
2014,"American Robin",1
2014,"Blue-gray Gnatcatcher",3
2014,"Brown Thrasher",6
2014,"Brown-headed Cowbird",1
2014,"Carolina Chickadee",4
2014,"Carolina Wren",14
2014,"Chipping Sparrow",6
2014,"Common Yellowthroat",3
2014,"Eastern Bluebird",11
2014,"Eastern Meadowlark",8
2014,"Eastern Phoebe",1
2014,"Eastern Towhee",4
2014,"Gray Catbird",1
2014,"Mourning Dove",16
2014,"Northern Bobwhite",1
2014,"Northern Cardinal",17
2014,"Northern Mockingbird",3
2014,"Pine Warbler",3
2014,"Red-bellied Woodpecker",3
2014,"Red-shouldered Hawk",1
2014,"Red-winged Blackbird",3
2014,"Tufted Titmouse",4
2014,"American Crow",6
2014,"American Goldfinch",2
2014,"Blue Jay",6
2014,"Blue-gray Gnatcatcher",7
2014,"Brown Thrasher",1
2014,"Carolina Chickadee",5
2014,"Carolina Wren",8
2014,"Chipping Sparrow",5
2014,"Common Grackle",2
2014,"Downy Woodpecker",1
2014,"Eastern Bluebird",7
2014,"Eastern Phoebe",1
2014,"Eastern Towhee",3
2014,"Great Blue Heron",1
2014,"Mourning Dove",4
2014,"Northern Cardinal",10
2014,"Northern Mockingbird",2
2014,"Pine Warbler",7
2014,"Red-bellied Woodpecker",3
2014,"Red-shouldered Hawk",1
2014,"Tufted Titmouse",9
2014,"American Crow",10
2014,"American Goldfinch",3
2014,"American Robin",27
2014,"Blue Jay",6
2014,"Blue-gray Gnatcatcher",6
2014,"Carolina Chickadee",8
2014,"Carolina Wren",10
2014,"Chipping Sparrow",8
2014,"Common Grackle",1
2014,"Downy Woodpecker",3
2014,"Eastern Towhee",13
2014,"European Starling",3
2014,"Fish Crow",1
2014,"Gray Catbird",3
2014,"House Finch",4
2014,"Mourning Dove",4
2014,"Northern Cardinal",18
2014,"Northern Mockingbird",6
2014,"Pine Warbler",2
2014,"Red-bellied Woodpecker",2
2014,"Song Sparrow",7
2014,"Tufted Titmouse",5
2014,"American Crow",9
2014,"American Goldfinch",1
2014,"American Robin",7
2014,"Blue-gray Gnatcatcher",20
2014,"Brown-headed Cowbird",1
2014,"Canada Goose",6
2014,"Carolina Wren",18
2014,"Chipping Sparrow",6
2014,"Common Grackle",8
2014,"Common Yellowthroat",2
2014,"Downy Woodpecker",2
2014,"Eastern Meadowlark",1
2014,"Eastern Phoebe",3
2014,"Eastern Towhee",5
2014,"Field Sparrow",1
2014,"Gray Catbird",1
2014,"Great Blue Heron",8
2014,"Mourning Dove",8
2014,"Northern Cardinal",29
2014,"Northern Mockingbird",3
2014,"Pine Warbler",1
2014,"Tufted Titmouse",10
2014,"American Crow",15
2014,"American Goldfinch",1
2014,"American Robin",23
2014,"Blue Jay",7
2014,"Brown Thrasher",3
2014,"Brown-headed Cowbird",5
2014,"Carolina Chickadee",1
2014,"Carolina Wren",19
2014,"Chipping Sparrow",10
2014,"Common Yellowthroat",1
2014,"Eastern Bluebird",10
2014,"Eastern Phoebe",6
2014,"Eastern Towhee",22
2014,"Fish Crow",1
2014,"Gray Catbird",2
2014,"House Finch",5
2014,"Mourning Dove",11
2014,"Northern Cardinal",27
2014,"Northern Mockingbird",11
2014,"Pine Warbler",5
2014,"Red-bellied Woodpecker",9
2014,"Song Sparrow",1
2014,"Tufted Titmouse",9
2014,"White-breasted Nuthatch",3
2014,"American Crow",17
2014,"American Goldfinch",2
2014,"American Robin",15
2014,"Blue Jay",3
2014,"Blue-gray Gnatcatcher",3
2014,"Brown-headed Cowbird",6
2014,"Canada Goose",2
2014,"Carolina Chickadee",5
2014,"Carolina Wren",14
2014,"Chipping Sparrow",14
2014,"Common Grackle",9
2014,"Common Yellowthroat",1
2014,"Eastern Bluebird",2
2014,"Eastern Phoebe",2
2014,"Eastern Towhee",19
2014,"Fish Crow",4
2014,"Gray Catbird",1
2014,"Mourning Dove",13
2014,"Northern Cardinal",15
2014,"Northern Mockingbird",9
2014,"Pine Warbler",4
2014,"Red-bellied Woodpecker",2
2014,"Song Sparrow",5
2014,"Tufted Titmouse",5
2014,"American Crow",32
2014,"American Robin",8
2014,"Blue Jay",2
2014,"Blue-gray Gnatcatcher",13
2014,"Brown Thrasher",2
2014,"Brown-headed Cowbird",4
2014,"Canada Goose",41
2014,"Carolina Chickadee",12
2014,"Carolina Wren",8
2014,"Chipping Sparrow",18
2014,"Common Grackle",2
2014,"Downy Woodpecker",2
2014,"Eastern Bluebird",8
2014,"Eastern Phoebe",6
2014,"Eastern Towhee",9
2014,"European Starling",2
2014,"Fish Crow",3
2014,"House Finch",7
2014,"Killdeer",1
2014,"Mourning Dove",18
2014,"Northern Cardinal",29
2014,"Northern Mockingbird",7
2014,"Pine Warbler",4
2014,"Red-bellied Woodpecker",13
2014,"Red-shouldered Hawk",2
2014,"Song Sparrow",1
2014,"Tufted Titmouse",19
2014,"White-breasted Nuthatch",2
2014,"American Crow",26
2014,"American Goldfinch",5
2014,"American Robin",2
2014,"Blue-gray Gnatcatcher",3
2014,"Carolina Wren",10
2014,"Chipping Sparrow",21
2014,"Common Grackle",3
2014,"Common Yellowthroat",2
2014,"Downy Woodpecker",4
2014,"Eastern Bluebird",8
2014,"Eastern Meadowlark",7
2014,"Eastern Phoebe",5
2014,"Eastern Towhee",2
2014,"European Starling",1
2014,"Field Sparrow",3
2014,"Great Blue Heron",1
2014,"House Finch",1
2014,"Killdeer",3
2014,"Mourning Dove",14
2014,"Northern Cardinal",17
2014,"Northern Mockingbird",14
2014,"Pine Warbler",1
2014,"Red-bellied Woodpecker",10
2014,"Red-shouldered Hawk",1
2014,"Red-winged Blackbird",2
2014,"Tufted Titmouse",5
2014,"White-breasted Nuthatch",2
2014,"American Crow",27
2014,"Brown Thrasher",2
2014,"Carolina Wren",11
2014,"Eastern Bluebird",5
2014,"Eastern Meadowlark",2
2014,"Eastern Towhee",1
2014,"European Starling",12
2014,"Killdeer",1
2014,"Mourning Dove",17
2014,"Northern Cardinal",16
2014,"Northern Mockingbird",4
2014,"Red-bellied Woodpecker",7
2014,"Red-winged Blackbird",1
2014,"Tufted Titmouse",9
2014,"American Crow",26
2014,"American Robin",2
2014,"Blue Jay",1
2014,"Carolina Wren",8
2014,"Chipping Sparrow",1
2014,"Common Grackle",1
2014,"Eastern Bluebird",8
2014,"Eastern Meadowlark",5
2014,"European Starling",4
2014,"House Sparrow",3
2014,"Mourning Dove",5
2014,"Northern Cardinal",5
2014,"Northern Mockingbird",5
2014,"Pine Warbler",1
2014,"Red-bellied Woodpecker",7
2014,"Red-winged Blackbird",1
2014,"Tufted Titmouse",6
2014,"Turkey Vulture",1
2014,"American Crow",21
2014,"American Robin",5
2014,"Blue Jay",2
2014,"Blue-gray Gnatcatcher",4
2014,"Brown Thrasher",1
2014,"Carolina Chickadee",6
2014,"Carolina Wren",12
2014,"Chipping Sparrow",6
2014,"Common Grackle",2
2014,"Downy Woodpecker",1
2014,"Eastern Bluebird",10
2014,"Eastern Phoebe",3
2014,"Eastern Towhee",6
2014,"Gray Catbird",2
2014,"House Finch",1
2014,"House Sparrow",3
2014,"Mourning Dove",1
2014,"Northern Cardinal",36
2014,"Northern Mockingbird",7
2014,"Red-bellied Woodpecker",3
2014,"Red-shouldered Hawk",1
2014,"Red-winged Blackbird",9
2014,"Tufted Titmouse",8
2014,"White-breasted Nuthatch",1
2014,"American Crow",42
2014,"American Goldfinch",17
2014,"American Robin",1
2014,"Blue Jay",3
2014,"Blue-gray Gnatcatcher",7
2014,"Brown Thrasher",3
2014,"Brown-headed Cowbird",5
2014,"Canada Goose",4
2014,"Carolina Chickadee",4
2014,"Carolina Wren",31
2014,"Chipping Sparrow",26
2014,"Common Grackle",6
2014,"Common Yellowthroat",2
2014,"Downy Woodpecker",2
2014,"Eastern Bluebird",10
2014,"Eastern Meadowlark",4
2014,"Eastern Phoebe",3
2014,"Eastern Towhee",3
2014,"European Starling",10
2014,"Field Sparrow",2
2014,"Fish Crow",1
2014,"Great Blue Heron",4
2014,"Mourning Dove",25
2014,"Northern Cardinal",19
2014,"Northern Mockingbird",10
2014,"Pileated Woodpecker",1
2014,"Pine Warbler",7
2014,"Red-bellied Woodpecker",9
2014,"Red-shouldered Hawk",3
2014,"Red-winged Blackbird",2
2014,"Tufted Titmouse",9
2014,"White-breasted Nuthatch",1
2014,"American Crow",15
2014,"American Robin",14
2014,"Blue Jay",4
2014,"Blue-gray Gnatcatcher",2
2014,"Brown Thrasher",2
2014,"Brown-headed Nuthatch",2
2014,"Carolina Chickadee",5
2014,"Carolina Wren",19
2014,"Chipping Sparrow",12
2014,"Common Grackle",12
2014,"Eastern Bluebird",1
2014,"Eastern Towhee",7
2014,"European Starling",1
2014,"Mourning Dove",12
2014,"Northern Cardinal",30
2014,"Northern Mockingbird",4
2014,"Pine Warbler",6
2014,"Red-bellied Woodpecker",9
2014,"Tufted Titmouse",19
2014,"White-breasted Nuthatch",3
2014,"American Crow",22
2014,"American Goldfinch",3
2014,"American Robin",6
2014,"Blue Jay",2
2014,"Blue-gray Gnatcatcher",12
2014,"Brown Thrasher",3
2014,"Brown-headed Cowbird",33
2014,"Carolina Chickadee",4
2014,"Carolina Wren",3
2014,"Chipping Sparrow",18
2014,"Common Grackle",45
2014,"Common Yellowthroat",7
2014,"Eastern Bluebird",13
2014,"Eastern Meadowlark",1
2014,"Eastern Phoebe",2
2014,"Eastern Towhee",9
2014,"European Starling",10
2014,"Field Sparrow",4
2014,"Fish Crow",1
2014,"Killdeer",3
2014,"Mourning Dove",25
2014,"Northern Cardinal",35
2014,"Northern Mockingbird",6
2014,"Red-bellied Woodpecker",2
2014,"Red-winged Blackbird",2
2014,"Tufted Titmouse",15
2014,"Turkey Vulture",1
2014,"American Crow",18
2014,"American Robin",1
2014,"Brown Thrasher",1
2014,"Carolina Chickadee",1
2014,"Carolina Wren",18
2014,"Chipping Sparrow",2
2014,"Common Grackle",1
2014,"Eastern Bluebird",10
2014,"Field Sparrow",1
2014,"Mourning Dove",9
2014,"Northern Cardinal",14
2014,"Northern Mockingbird",4
2014,"Pine Warbler",2
2014,"Red-bellied Woodpecker",3
2014,"Red-shouldered Hawk",1
2014,"Tufted Titmouse",7
2014,"American Crow",46
2014,"American Goldfinch",11
2014,"Blue Jay",4
2014,"Blue-gray Gnatcatcher",1
2014,"Brown-headed Cowbird",1
2014,"Canada Goose",3
2014,"Carolina Chickadee",10
2014,"Carolina Wren",9
2014,"Chipping Sparrow",5
2014,"Downy Woodpecker",12
2014,"Eastern Bluebird",21
2014,"Eastern Phoebe",1
2014,"Eastern Towhee",6
2014,"European Starling",2
2014,"Mourning Dove",23
2014,"Northern Cardinal",24
2014,"Northern Mockingbird",9
2014,"Pileated Woodpecker",1
2014,"Pine Warbler",11
2014,"Red-bellied Woodpecker",8
2014,"Red-shouldered Hawk",1
2014,"Tufted Titmouse",21
2014,"American Crow",8
2014,"American Goldfinch",1
2014,"American Robin",16
2014,"Blue Jay",2
2014,"Brown Thrasher",2
2014,"Brown-headed Cowbird",1
2014,"Carolina Chickadee",1
2014,"Carolina Wren",29
2014,"Chipping Sparrow",5
2014,"Eastern Bluebird",9
2014,"Eastern Phoebe",3
2014,"Eastern Towhee",21
2014,"Fish Crow",9
2014,"Gray Catbird",7
2014,"House Finch",8
2014,"Mourning Dove",9
2014,"Northern Cardinal",33
2014,"Northern Mockingbird",10
2014,"Pine Warbler",6
2014,"Red-bellied Woodpecker",10
2014,"Red-winged Blackbird",1
2014,"Tufted Titmouse",12
2015,"American Crow",30
2015,"American Goldfinch",4
2015,"Blue Jay",4
2015,"Blue-gray Gnatcatcher",14
2015,"Brown-headed Cowbird",2
2015,"Brown-headed Nuthatch",3
2015,"Canada Goose",1
2015,"Carolina Chickadee",12
2015,"Carolina Wren",2
2015,"Chipping Sparrow",4
2015,"Common Grackle",3
2015,"Common Yellowthroat",1
2015,"Downy Woodpecker",1
2015,"Eastern Bluebird",1
2015,"Eastern Phoebe",1
2015,"Eastern Towhee",2
2015,"European Starling",2
2015,"Field Sparrow",2
2015,"Fish Crow",6
2015,"Mourning Dove",9
2015,"Northern Cardinal",33
2015,"Northern Mockingbird",3
2015,"Pileated Woodpecker",1
2015,"Pine Warbler",19
2015,"Red-bellied Woodpecker",12
2015,"Red-shouldered Hawk",1
2015,"Tufted Titmouse",17
2015,"White-breasted Nuthatch",2
2015,"American Crow",22
2015,"American Goldfinch",6
2015,"American Robin",2
2015,"Blue Jay",4
2015,"Blue-gray Gnatcatcher",13
2015,"Brown Thrasher",2
2015,"Brown-headed Cowbird",4
2015,"Canada Goose",5
2015,"Carolina Chickadee",12
2015,"Carolina Wren",7
2015,"Chipping Sparrow",9
2015,"Common Grackle",5
2015,"Common Yellowthroat",2
2015,"Downy Woodpecker",2
2015,"Eastern Towhee",12
2015,"Field Sparrow",1
2015,"Fish Crow",2
2015,"Great Blue Heron",10
2015,"Mourning Dove",8
2015,"Northern Cardinal",31
2015,"Northern Mockingbird",5
2015,"Pine Warbler",12
2015,"Red-bellied Woodpecker",9
2015,"Tufted Titmouse",23
2015,"American Crow",6
2015,"Blue Jay",1
2015,"Blue-gray Gnatcatcher",1
2015,"Canada Goose",1
2015,"Carolina Chickadee",5
2015,"Carolina Wren",15
2015,"Chipping Sparrow",5
2015,"Common Grackle",4
2015,"Common Yellowthroat",5
2015,"Eastern Bluebird",2
2015,"Eastern Meadowlark",2
2015,"Eastern Towhee",3
2015,"European Starling",1
2015,"Killdeer",3
2015,"Mourning Dove",7
2015,"Northern Cardinal",23
2015,"Northern Mockingbird",4
2015,"Pileated Woodpecker",1
2015,"Pine Warbler",15
2015,"Red-bellied Woodpecker",8
2015,"Tufted Titmouse",28
2015,"Turkey Vulture",3
2015,"American Crow",27
2015,"American Goldfinch",3
2015,"Blue Jay",2
2015,"Blue-gray Gnatcatcher",18
2015,"Brown Thrasher",3
2015,"Brown-headed Cowbird",2
2015,"Brown-headed Nuthatch",1
2015,"Carolina Chickadee",2
2015,"Carolina Wren",9
2015,"Chipping Sparrow",17
2015,"Common Grackle",1
2015,"Common Yellowthroat",3
2015,"Downy Woodpecker",1
2015,"Eastern Bluebird",6
2015,"Eastern Phoebe",1
2015,"Eastern Towhee",5
2015,"European Starling",4
2015,"Gray Catbird",1
2015,"Mourning Dove",7
2015,"Northern Cardinal",18
2015,"Northern Mockingbird",9
2015,"Red-bellied Woodpecker",6
2015,"Red-winged Blackbird",1
2015,"Tufted Titmouse",24
2015,"American Crow",37
2015,"American Goldfinch",21
2015,"American Robin",8
2015,"Blue Jay",6
2015,"Blue-gray Gnatcatcher",4
2015,"Brown Thrasher",8
2015,"Brown-headed Cowbird",12
2015,"Carolina Chickadee",10
2015,"Carolina Wren",35
2015,"Chipping Sparrow",28
2015,"Common Grackle",6
2015,"Downy Woodpecker",1
2015,"Eastern Bluebird",17
2015,"Eastern Meadowlark",13
2015,"Eastern Phoebe",4
2015,"Eastern Towhee",2
2015,"European Starling",28
2015,"Field Sparrow",3
2015,"House Finch",8
2015,"House Sparrow",2
2015,"Killdeer",3
2015,"Mourning Dove",13
2015,"Northern Cardinal",52
2015,"Northern Mockingbird",24
2015,"Pileated Woodpecker",1
2015,"Pine Warbler",3
2015,"Red-bellied Woodpecker",10
2015,"Tufted Titmouse",22
2015,"American Crow",19
2015,"American Goldfinch",4
2015,"Blue Jay",1
2015,"Blue-gray Gnatcatcher",6
2015,"Brown-headed Cowbird",1
2015,"Brown-headed Nuthatch",1
2015,"Carolina Chickadee",7
2015,"Carolina Wren",16
2015,"Chipping Sparrow",5
2015,"Common Grackle",42
2015,"Common Yellowthroat",4
2015,"Downy Woodpecker",1
2015,"Eastern Bluebird",5
2015,"Eastern Meadowlark",1
2015,"Eastern Towhee",6
2015,"Field Sparrow",1
2015,"House Finch",2
2015,"Mourning Dove",19
2015,"Northern Bobwhite",3
2015,"Northern Cardinal",22
2015,"Northern Mockingbird",6
2015,"Pine Warbler",8
2015,"Red-bellied Woodpecker",8
2015,"Red-shouldered Hawk",1
2015,"Tufted Titmouse",9
2015,"White-breasted Nuthatch",1
2015,"American Crow",36
2015,"American Goldfinch",14
2015,"American Robin",6
2015,"Blue Jay",2
2015,"Blue-gray Gnatcatcher",4
2015,"Brown Thrasher",1
2015,"Brown-headed Cowbird",8
2015,"Carolina Chickadee",2
2015,"Carolina Wren",3
2015,"Chipping Sparrow",9
2015,"Common Yellowthroat",2
2015,"Eastern Bluebird",5
2015,"Eastern Meadowlark",5
2015,"Eastern Towhee",4
2015,"European Starling",6
2015,"Mourning Dove",18
2015,"Northern Cardinal",33
2015,"Northern Mockingbird",4
2015,"Pileated Woodpecker",1
2015,"Pine Warbler",5
2015,"Red-bellied Woodpecker",6
2015,"Red-shouldered Hawk",3
2015,"Tufted Titmouse",22
2015,"White-breasted Nuthatch",1
2015,"American Crow",15
2015,"American Goldfinch",11
2015,"American Robin",1
2015,"Blue Jay",5
2015,"Blue-gray Gnatcatcher",23
2015,"Brown Thrasher",8
2015,"Brown-headed Cowbird",1
2015,"Brown-headed Nuthatch",5
2015,"Canada Goose",1
2015,"Carolina Chickadee",11
2015,"Carolina Wren",31
2015,"Chipping Sparrow",9
2015,"Downy Woodpecker",2
2015,"Eastern Bluebird",11
2015,"Eastern Towhee",10
2015,"Fish Crow",1
2015,"Mourning Dove",3
2015,"Northern Cardinal",35
2015,"Northern Mockingbird",3
2015,"Pine Warbler",16
2015,"Red-bellied Woodpecker",3
2015,"Red-shouldered Hawk",6
2015,"Tufted Titmouse",24
2015,"White-breasted Nuthatch",3
2015,"American Crow",14
2015,"American Goldfinch",1
2015,"American Robin",5
2015,"Blue Jay",5
2015,"Blue-gray Gnatcatcher",13
2015,"Carolina Chickadee",2
2015,"Carolina Wren",11
2015,"Chipping Sparrow",8
2015,"Common Yellowthroat",3
2015,"Eastern Bluebird",3
2015,"Fish Crow",3
2015,"Gray Catbird",1
2015,"Great Blue Heron",1
2015,"Mourning Dove",6
2015,"Northern Cardinal",17
2015,"Northern Mockingbird",2
2015,"Pine Warbler",1
2015,"Red-bellied Woodpecker",6
2015,"Tufted Titmouse",3
2015,"American Crow",55
2015,"American Goldfinch",7
2015,"American Robin",20
2015,"Blue Jay",12
2015,"Blue-gray Gnatcatcher",8
2015,"Brown Thrasher",8
2015,"Brown-headed Cowbird",4
2015,"Carolina Chickadee",7
2015,"Carolina Wren",17
2015,"Chipping Sparrow",26
2015,"Common Grackle",20
2015,"Common Yellowthroat",1
2015,"Downy Woodpecker",4
2015,"Eastern Bluebird",7
2015,"Eastern Meadowlark",8
2015,"Eastern Phoebe",1
2015,"Eastern Towhee",5
2015,"European Starling",57
2015,"Field Sparrow",1
2015,"Gray Catbird",2
2015,"Great Blue Heron",1
2015,"House Finch",4
2015,"Mourning Dove",21
2015,"Northern Cardinal",50
2015,"Northern Mockingbird",35
2015,"Pine Warbler",2
2015,"Red-bellied Woodpecker",8
2015,"Tufted Titmouse",16
2015,"American Crow",16
2015,"American Goldfinch",3
2015,"American Robin",5
2015,"Blue Jay",3
2015,"Blue-gray Gnatcatcher",17
2015,"Brown Thrasher",1
2015,"Brown-headed Cowbird",6
2015,"Brown-headed Nuthatch",3
2015,"Carolina Chickadee",15
2015,"Carolina Wren",23
2015,"Chipping Sparrow",20
2015,"Common Grackle",2
2015,"Downy Woodpecker",2
2015,"Eastern Bluebird",4
2015,"Eastern Phoebe",1
2015,"Eastern Towhee",7
2015,"Fish Crow",5
2015,"Great Blue Heron",1
2015,"House Finch",2
2015,"Mourning Dove",14
2015,"Northern Mockingbird",8
2015,"Pine Warbler",6
2015,"Red-bellied Woodpecker",7
2015,"Tufted Titmouse",10
2015,"Turkey Vulture",1
2015,"White-breasted Nuthatch",1
2015,"American Crow",26
2015,"American Goldfinch",3
2015,"American Robin",2
2015,"Blue-gray Gnatcatcher",3
2015,"Brown-headed Cowbird",3
2015,"Canada Goose",5
2015,"Carolina Wren",5
2015,"Chipping Sparrow",11
2015,"Common Grackle",1
2015,"Common Yellowthroat",3
2015,"Downy Woodpecker",1
2015,"Eastern Bluebird",6
2015,"Eastern Meadowlark",2
2015,"Eastern Towhee",2
2015,"European Starling",4
2015,"Great Blue Heron",1
2015,"Mourning Dove",13
2015,"Northern Cardinal",34
2015,"Northern Mockingbird",6
2015,"Pine Warbler",1
2015,"Red-bellied Woodpecker",3
2015,"Red-winged Blackbird",1
2015,"Tufted Titmouse",5
2015,"American Crow",11
2015,"American Robin",1
2015,"Blue Jay",2
2015,"Blue-gray Gnatcatcher",5
2015,"Brown Thrasher",2
2015,"Brown-headed Cowbird",1
2015,"Carolina Chickadee",4
2015,"Carolina Wren",4
2015,"Chipping Sparrow",4
2015,"Common Grackle",2
2015,"Eastern Bluebird",2
2015,"Eastern Towhee",4
2015,"Mourning Dove",5
2015,"Northern Cardinal",8
2015,"Northern Mockingbird",4
2015,"Pileated Woodpecker",1
2015,"Pine Warbler",9
2015,"Red-bellied Woodpecker",7
2015,"Red-shouldered Hawk",1
2015,"Tufted Titmouse",8
2015,"American Crow",19
2015,"American Goldfinch",11
2015,"American Robin",16
2015,"Blue Jay",7
2015,"Brown Thrasher",2
2015,"Brown-headed Cowbird",5
2015,"Carolina Chickadee",14
2015,"Carolina Wren",14
2015,"Chipping Sparrow",11
2015,"Common Grackle",5
2015,"Downy Woodpecker",2
2015,"Eastern Bluebird",6
2015,"Eastern Phoebe",1
2015,"Eastern Towhee",10
2015,"European Starling",1
2015,"Fish Crow",9
2015,"Gray Catbird",6
2015,"House Finch",1
2015,"House Sparrow",1
2015,"Mourning Dove",5
2015,"Northern Cardinal",32
2015,"Northern Mockingbird",7
2015,"Pine Warbler",2
2015,"Red-bellied Woodpecker",8
2015,"Song Sparrow",9
2015,"Tufted Titmouse",10
2015,"White-breasted Nuthatch",1
2015,"American Crow",18
2015,"American Goldfinch",2
2015,"American Robin",27
2015,"Blue Jay",9
2015,"Brown Thrasher",2
2015,"Brown-headed Cowbird",1
2015,"Carolina Chickadee",12
2015,"Carolina Wren",12
2015,"Chipping Sparrow",12
2015,"Common Grackle",3
2015,"Downy Woodpecker",1
2015,"Eastern Bluebird",2
2015,"Eastern Towhee",23
2015,"European Starling",1
2015,"Gray Catbird",1
2015,"House Finch",6
2015,"Mourning Dove",6
2015,"Northern Cardinal",33
2015,"Northern Mockingbird",5
2015,"Pine Warbler",5
2015,"Red-bellied Woodpecker",12
2015,"Song Sparrow",3
2015,"Tufted Titmouse",18
2015,"White-breasted Nuthatch",1
2015,"American Crow",12
2015,"American Goldfinch",5
2015,"American Robin",19
2015,"Blue Jay",8
2015,"Blue-gray Gnatcatcher",2
2015,"Brown-headed Cowbird",1
2015,"Brown-headed Nuthatch",2
2015,"Canada Goose",5
2015,"Carolina Chickadee",4
2015,"Carolina Wren",11
2015,"Chipping Sparrow",15
2015,"Common Grackle",3
2015,"Common Yellowthroat",1
2015,"Eastern Bluebird",1
2015,"Eastern Towhee",14
2015,"European Starling",12
2015,"Fish Crow",2
2015,"House Finch",3
2015,"Mourning Dove",14
2015,"Northern Cardinal",19
2015,"Northern Mockingbird",12
2015,"Pine Warbler",6
2015,"Red-bellied Woodpecker",4
2015,"Red-shouldered Hawk",1
2015,"Red-winged Blackbird",1
2015,"Song Sparrow",6
2015,"Tufted Titmouse",13
2015,"White-breasted Nuthatch",1
2015,"American Crow",16
2015,"American Goldfinch",4
2015,"American Robin",2
2015,"Blue Jay",2
2015,"Blue-gray Gnatcatcher",7
2015,"Brown-headed Cowbird",1
2015,"Brown-headed Nuthatch",1
2015,"Carolina Chickadee",4
2015,"Carolina Wren",14
2015,"Chipping Sparrow",3
2015,"Common Grackle",16
2015,"Eastern Bluebird",3
2015,"Eastern Phoebe",1
2015,"Eastern Towhee",9
2015,"Fish Crow",2
2015,"House Finch",1
2015,"House Sparrow",3
2015,"Mourning Dove",8
2015,"Northern Cardinal",17
2015,"Northern Mockingbird",4
2015,"Pine Warbler",4
2015,"Red-bellied Woodpecker",4
2015,"Red-shouldered Hawk",1
2015,"Song Sparrow",1
2015,"Tufted Titmouse",6
2015,"American Crow",21
2015,"American Goldfinch",1
2015,"American Robin",14
2015,"Blue Jay",1
2015,"Blue-gray Gnatcatcher",13
2015,"Brown Thrasher",2
2015,"Brown-headed Cowbird",3
2015,"Canada Goose",6
2015,"Carolina Chickadee",6
2015,"Carolina Wren",11
2015,"Chipping Sparrow",9
2015,"Common Grackle",7
2015,"Common Yellowthroat",1
2015,"Downy Woodpecker",5
2015,"Eastern Bluebird",12
2015,"Eastern Towhee",2
2015,"European Starling",17
2015,"Fish Crow",6
2015,"House Finch",8
2015,"Killdeer",2
2015,"Mourning Dove",17
2015,"Northern Cardinal",35
2015,"Northern Mockingbird",8
2015,"Pileated Woodpecker",1
2015,"Pine Warbler",3
2015,"Red-bellied Woodpecker",7
2015,"Tufted Titmouse",21
2015,"White-breasted Nuthatch",1
2015,"American Crow",22
2015,"American Goldfinch",1
2015,"American Robin",4
2015,"Blue Jay",3
2015,"Blue-gray Gnatcatcher",3
2015,"Brown Thrasher",2
2015,"Brown-headed Cowbird",6
2015,"Canada Goose",15
2015,"Carolina Chickadee",6
2015,"Carolina Wren",11
2015,"Chipping Sparrow",19
2015,"Common Grackle",4
2015,"Common Yellowthroat",3
2015,"Downy Woodpecker",2
2015,"Eastern Bluebird",11
2015,"Eastern Meadowlark",14
2015,"Eastern Phoebe",1
2015,"Eastern Towhee",4
2015,"European Starling",19
2015,"Field Sparrow",4
2015,"Great Blue Heron",2
2015,"House Finch",2
2015,"House Sparrow",4
2015,"Killdeer",4
2015,"Mourning Dove",18
2015,"Northern Cardinal",16
2015,"Northern Mockingbird",10
2015,"Pileated Woodpecker",1
2015,"Pine Warbler",2
2015,"Red-bellied Woodpecker",6
2015,"Red-shouldered Hawk",1
2015,"Red-winged Blackbird",1
2015,"Tufted Titmouse",14
2015,"White-breasted Nuthatch",3
2015,"American Crow",16
2015,"American Robin",4
2015,"Blue Jay",1
2015,"Brown Thrasher",1
2015,"Canada Goose",2
2015,"Carolina Chickadee",1
2015,"Carolina Wren",9
2015,"Common Grackle",2
2015,"Common Yellowthroat",1
2015,"Eastern Bluebird",2
2015,"Eastern Meadowlark",1
2015,"Eastern Towhee",5
2015,"European Starling",4
2015,"Mourning Dove",14
2015,"Northern Cardinal",23
2015,"Northern Mockingbird",4
2015,"Pine Warbler",1
2015,"Red-bellied Woodpecker",1
2015,"Red-winged Blackbird",1
2015,"Tufted Titmouse",18
2015,"American Crow",23
2015,"American Goldfinch",1
2015,"American Robin",7
2015,"Blue Jay",3
2015,"Brown Thrasher",5
2015,"Brown-headed Cowbird",2
2015,"Canada Goose",7
2015,"Carolina Chickadee",3
2015,"Carolina Wren",12
2015,"Chipping Sparrow",4
2015,"Eastern Bluebird",4
2015,"Eastern Meadowlark",1
2015,"Eastern Towhee",4
2015,"European Starling",14
2015,"Mourning Dove",3
2015,"Northern Cardinal",11
2015,"Northern Mockingbird",4
2015,"Red-bellied Woodpecker",5
2015,"Tufted Titmouse",10
2015,"Turkey Vulture",6
2015,"American Crow",20
2015,"American Robin",2
2015,"Blue Jay",7
2015,"Blue-gray Gnatcatcher",5
2015,"Brown Thrasher",2
2015,"Brown-headed Cowbird",2
2015,"Brown-headed Nuthatch",5
2015,"Carolina Chickadee",12
2015,"Carolina Wren",14
2015,"Chipping Sparrow",5
2015,"Downy Woodpecker",3
2015,"Eastern Bluebird",1
2015,"Eastern Phoebe",1
2015,"Eastern Towhee",5
2015,"European Starling",1
2015,"Gray Catbird",3
2015,"House Finch",2
2015,"Mourning Dove",8
2015,"Northern Cardinal",41
2015,"Northern Mockingbird",4
2015,"Red-bellied Woodpecker",5
2015,"Red-winged Blackbird",2
2015,"Tufted Titmouse",25
2015,"White-breasted Nuthatch",1
2015,"American Crow",34
2015,"American Goldfinch",10
2015,"Blue Jay",1
2015,"Blue-gray Gnatcatcher",10
2015,"Brown Thrasher",6
2015,"Brown-headed Cowbird",9
2015,"Canada Goose",21
2015,"Carolina Chickadee",5
2015,"Carolina Wren",20
2015,"Chipping Sparrow",16
2015,"Common Grackle",17
2015,"Common Yellowthroat",2
2015,"Downy Woodpecker",1
2015,"Eastern Bluebird",7
2015,"Eastern Meadowlark",2
2015,"Eastern Phoebe",2
2015,"Eastern Towhee",9
2015,"European Starling",2
2015,"Field Sparrow",2
2015,"Fish Crow",1
2015,"House Finch",3
2015,"Mourning Dove",37
2015,"Northern Cardinal",26
2015,"Northern Mockingbird",7
2015,"Pileated Woodpecker",1
2015,"Pine Warbler",7
2015,"Red-bellied Woodpecker",10
2015,"Red-shouldered Hawk",1
2015,"Red-winged Blackbird",2
2015,"Tufted Titmouse",16
2015,"American Crow",15
2015,"American Goldfinch",1
2015,"American Robin",18
2015,"Blue Jay",1
2015,"Blue-gray Gnatcatcher",1
2015,"Brown Thrasher",2
2015,"Carolina Chickadee",1
2015,"Carolina Wren",13
2015,"Chipping Sparrow",14
2015,"Eastern Bluebird",4
2015,"Eastern Towhee",6
2015,"Fish Crow",10
2015,"House Finch",1
2015,"Mourning Dove",12
2015,"Northern Cardinal",22
2015,"Northern Mockingbird",1
2015,"Pine Warbler",3
2015,"Red-bellied Woodpecker",5
2015,"Red-shouldered Hawk",1
2015,"Tufted Titmouse",15
2015,"American Crow",34
2015,"American Goldfinch",3
2015,"American Robin",6
2015,"Blue Jay",3
2015,"Blue-gray Gnatcatcher",10
2015,"Brown Thrasher",2
2015,"Brown-headed Cowbird",12
2015,"Canada Goose",19
2015,"Carolina Wren",12
2015,"Chipping Sparrow",22
2015,"Common Grackle",7
2015,"Common Yellowthroat",5
2015,"Downy Woodpecker",2
2015,"Eastern Bluebird",2
2015,"Eastern Meadowlark",2
2015,"Eastern Towhee",4
2015,"Field Sparrow",10
2015,"Fish Crow",1
2015,"Great Blue Heron",1
2015,"Mourning Dove",29
2015,"Northern Cardinal",27
2015,"Northern Mockingbird",12
2015,"Pine Warbler",1
2015,"Red-bellied Woodpecker",8
2015,"Red-shouldered Hawk",1
2015,"Red-winged Blackbird",2
2015,"Tufted Titmouse",12
2015,"Turkey Vulture",1
2015,"American Crow",22
2015,"American Robin",1
2015,"Blue Jay",1
2015,"Brown Thrasher",2
2015,"Brown-headed Cowbird",1
2015,"Carolina Chickadee",1
2015,"Carolina Wren",8
2015,"Chipping Sparrow",4
2015,"Common Yellowthroat",1
2015,"Eastern Bluebird",2
2015,"Mourning Dove",6
2015,"Northern Cardinal",15
2015,"Northern Mockingbird",4
2015,"Pine Warbler",1
2015,"Red-bellied Woodpecker",7
2015,"Red-shouldered Hawk",1
2015,"Tufted Titmouse",18
2015,"Turkey Vulture",1
2015,"White-breasted Nuthatch",2
2015,"American Crow",36
2015,"American Goldfinch",4
2015,"Blue Jay",1
2015,"Blue-gray Gnatcatcher",2
2015,"Canada Goose",5
2015,"Carolina Chickadee",6
2015,"Carolina Wren",3
2015,"Chipping Sparrow",3
2015,"Common Grackle",1
2015,"Downy Woodpecker",12
2015,"Eastern Bluebird",5
2015,"Eastern Meadowlark",1
2015,"Eastern Towhee",4
2015,"European Starling",2
2015,"House Finch",10
2015,"Mourning Dove",13
2015,"Northern Cardinal",31
2015,"Northern Mockingbird",7
2015,"Pileated Woodpecker",1
2015,"Pine Warbler",6
2015,"Red-bellied Woodpecker",11
2015,"Red-shouldered Hawk",1
2015,"Tufted Titmouse",16
2015,"White-breasted Nuthatch",1
2015,"American Crow",9
2015,"American Goldfinch",2
2015,"American Robin",13
2015,"Blue Jay",3
2015,"Blue-gray Gnatcatcher",2
2015,"Brown-headed Nuthatch",1
2015,"Carolina Chickadee",1
2015,"Carolina Wren",24
2015,"Chipping Sparrow",6
2015,"Eastern Bluebird",8
2015,"Eastern Towhee",19
2015,"Fish Crow",1
2015,"Gray Catbird",5
2015,"House Finch",3
2015,"Mourning Dove",12
2015,"Northern Cardinal",26
2015,"Northern Mockingbird",5
2015,"Pine Warbler",6
2015,"Red-bellied Woodpecker",4
2015,"Tufted Titmouse",4
2016,"American Crow",28
2016,"American Goldfinch",3
2016,"Blue Jay",3
2016,"Blue-gray Gnatcatcher",7
2016,"Brown Thrasher",4
2016,"Brown-headed Cowbird",2
2016,"Brown-headed Nuthatch",1
2016,"Carolina Chickadee",1
2016,"Carolina Wren",10
2016,"Chipping Sparrow",4
2016,"Eastern Bluebird",4
2016,"Eastern Towhee",4
2016,"Fish Crow",4
2016,"Mourning Dove",9
2016,"Northern Cardinal",31
2016,"Northern Mockingbird",3
2016,"Pileated Woodpecker",3
2016,"Pine Warbler",19
2016,"Red-bellied Woodpecker",8
2016,"Tufted Titmouse",10
2016,"White-breasted Nuthatch",1
2016,"American Crow",21
2016,"American Goldfinch",11
2016,"American Robin",3
2016,"Blue Jay",4
2016,"Blue-gray Gnatcatcher",13
2016,"Brown-headed Cowbird",1
2016,"Brown-headed Nuthatch",3
2016,"Canada Goose",2
2016,"Carolina Chickadee",14
2016,"Carolina Wren",2
2016,"Chipping Sparrow",6
2016,"Common Grackle",1
2016,"Common Yellowthroat",1
2016,"Downy Woodpecker",1
2016,"Eastern Bluebird",5
2016,"Eastern Phoebe",1
2016,"Eastern Towhee",8
2016,"European Starling",1
2016,"Field Sparrow",3
2016,"Gray Catbird",1
2016,"Great Blue Heron",9
2016,"House Finch",3
2016,"Killdeer",1
2016,"Mourning Dove",12
2016,"Northern Cardinal",29
2016,"Northern Mockingbird",7
2016,"Pileated Woodpecker",1
2016,"Pine Warbler",14
2016,"Red-bellied Woodpecker",6
2016,"Red-shouldered Hawk",2
2016,"Tufted Titmouse",19
2016,"Turkey Vulture",3
2016,"American Crow",7
2016,"American Goldfinch",1
2016,"American Robin",4
2016,"Blue Jay",1
2016,"Blue-gray Gnatcatcher",2
2016,"Brown Thrasher",3
2016,"Carolina Wren",14
2016,"Chipping Sparrow",9
2016,"Common Grackle",3
2016,"Common Yellowthroat",6
2016,"Eastern Bluebird",4
2016,"Eastern Towhee",5
2016,"European Starling",5
2016,"Fish Crow",3
2016,"Mourning Dove",33
2016,"Northern Bobwhite",1
2016,"Northern Cardinal",20
2016,"Northern Mockingbird",9
2016,"Pine Warbler",16
2016,"Red-bellied Woodpecker",10
2016,"Tufted Titmouse",11
2016,"Turkey Vulture",2
2016,"American Crow",35
2016,"American Goldfinch",3
2016,"American Robin",1
2016,"Blue Jay",2
2016,"Blue-gray Gnatcatcher",5
2016,"Brown-headed Cowbird",1
2016,"Carolina Chickadee",1
2016,"Carolina Wren",18
2016,"Chipping Sparrow",18
2016,"Downy Woodpecker",1
2016,"Eastern Bluebird",4
2016,"Eastern Meadowlark",1
2016,"Eastern Phoebe",1
2016,"Eastern Towhee",3
2016,"European Starling",2
2016,"Mourning Dove",1
2016,"Northern Cardinal",26
2016,"Northern Mockingbird",7
2016,"Pine Warbler",1
2016,"Red-bellied Woodpecker",7
2016,"Red-winged Blackbird",1
2016,"Tufted Titmouse",17
2016,"American Crow",40
2016,"American Goldfinch",12
2016,"American Robin",6
2016,"Blue Jay",3
2016,"Blue-gray Gnatcatcher",3
2016,"Brown Thrasher",7
2016,"Brown-headed Cowbird",6
2016,"Carolina Chickadee",3
2016,"Carolina Wren",24
2016,"Chipping Sparrow",15
2016,"Common Grackle",3
2016,"Downy Woodpecker",1
2016,"Eastern Bluebird",12
2016,"Eastern Meadowlark",9
2016,"Eastern Phoebe",2
2016,"European Starling",14
2016,"Field Sparrow",1
2016,"Fish Crow",1
2016,"House Finch",3
2016,"Mourning Dove",14
2016,"Northern Cardinal",38
2016,"Northern Mockingbird",18
2016,"Pileated Woodpecker",3
2016,"Red-bellied Woodpecker",10
2016,"Red-shouldered Hawk",1
2016,"Red-winged Blackbird",5
2016,"Tufted Titmouse",16
2016,"Turkey Vulture",1
2016,"White-breasted Nuthatch",1
2016,"American Crow",32
2016,"American Goldfinch",6
2016,"Blue Jay",6
2016,"Blue-gray Gnatcatcher",3
2016,"Brown Thrasher",4
2016,"Brown-headed Cowbird",2
2016,"Carolina Chickadee",8
2016,"Carolina Wren",15
2016,"Chipping Sparrow",13
2016,"Common Grackle",5
2016,"Common Yellowthroat",5
2016,"Downy Woodpecker",2
2016,"Eastern Bluebird",6
2016,"Eastern Meadowlark",3
2016,"Eastern Towhee",5
2016,"Field Sparrow",1
2016,"House Finch",7
2016,"Mourning Dove",24
2016,"Northern Cardinal",22
2016,"Northern Mockingbird",9
2016,"Pine Warbler",10
2016,"Red-bellied Woodpecker",14
2016,"Red-shouldered Hawk",1
2016,"Tufted Titmouse",8
2016,"White-breasted Nuthatch",3
2016,"American Crow",30
2016,"American Goldfinch",5
2016,"American Robin",8
2016,"Blue Jay",2
2016,"Brown-headed Cowbird",5
2016,"Carolina Chickadee",6
2016,"Carolina Wren",4
2016,"Chipping Sparrow",14
2016,"Common Yellowthroat",2
2016,"Downy Woodpecker",1
2016,"Eastern Bluebird",13
2016,"Eastern Meadowlark",5
2016,"Eastern Phoebe",1
2016,"Eastern Towhee",4
2016,"Field Sparrow",3
2016,"Fish Crow",1
2016,"House Finch",2
2016,"Mourning Dove",9
2016,"Northern Cardinal",19
2016,"Northern Mockingbird",6
2016,"Pine Warbler",7
2016,"Red-bellied Woodpecker",3
2016,"Red-shouldered Hawk",3
2016,"Tufted Titmouse",7
2016,"Turkey Vulture",4
2016,"White-breasted Nuthatch",1
2016,"American Crow",16
2016,"American Goldfinch",24
2016,"American Robin",3
2016,"Blue Jay",5
2016,"Blue-gray Gnatcatcher",26
2016,"Brown Thrasher",4
2016,"Brown-headed Nuthatch",8
2016,"Carolina Chickadee",9
2016,"Carolina Wren",27
2016,"Chipping Sparrow",8
2016,"Common Grackle",3
2016,"Downy Woodpecker",4
2016,"Eastern Bluebird",11
2016,"Eastern Phoebe",2
2016,"Eastern Towhee",5
2016,"Fish Crow",1
2016,"Great Blue Heron",2
2016,"Mourning Dove",9
2016,"Northern Cardinal",21
2016,"Northern Mockingbird",3
2016,"Pileated Woodpecker",2
2016,"Pine Warbler",20
2016,"Red-bellied Woodpecker",5
2016,"Red-shouldered Hawk",5
2016,"Tufted Titmouse",21
2016,"White-breasted Nuthatch",3
2016,"American Crow",19
2016,"American Goldfinch",6
2016,"American Robin",3
2016,"Blue Jay",5
2016,"Blue-gray Gnatcatcher",7
2016,"Brown Thrasher",1
2016,"Brown-headed Cowbird",3
2016,"Brown-headed Nuthatch",2
2016,"Carolina Chickadee",2
2016,"Carolina Wren",12
2016,"Chipping Sparrow",8
2016,"Common Yellowthroat",1
2016,"Eastern Bluebird",5
2016,"European Starling",1
2016,"Field Sparrow",1
2016,"Fish Crow",3
2016,"Gray Catbird",1
2016,"House Finch",1
2016,"Mourning Dove",9
2016,"Northern Cardinal",15
2016,"Northern Mockingbird",5
2016,"Pine Warbler",3
2016,"Red-bellied Woodpecker",5
2016,"Tufted Titmouse",10
2016,"American Crow",12
2016,"Blue-gray Gnatcatcher",1
2016,"Carolina Chickadee",1
2016,"Carolina Wren",4
2016,"Chipping Sparrow",5
2016,"Eastern Bluebird",2
2016,"Eastern Phoebe",2
2016,"Great Blue Heron",1
2016,"Mourning Dove",4
2016,"Northern Cardinal",15
2016,"Pine Warbler",6
2016,"Red-bellied Woodpecker",1
2016,"Red-shouldered Hawk",1
2016,"Song Sparrow",1
2016,"Tufted Titmouse",9
2016,"American Crow",57
2016,"American Goldfinch",8
2016,"American Robin",10
2016,"Blue Jay",8
2016,"Blue-gray Gnatcatcher",7
2016,"Brown Thrasher",5
2016,"Brown-headed Cowbird",2
2016,"Carolina Chickadee",4
2016,"Carolina Wren",22
2016,"Chipping Sparrow",16
2016,"Common Grackle",15
2016,"Common Yellowthroat",2
2016,"Eastern Bluebird",24
2016,"Eastern Meadowlark",7
2016,"Eastern Towhee",5
2016,"European Starling",8
2016,"Field Sparrow",2
2016,"Fish Crow",2
2016,"Great Blue Heron",1
2016,"House Finch",10
2016,"House Sparrow",2
2016,"Killdeer",8
2016,"Mourning Dove",24
2016,"Northern Cardinal",31
2016,"Northern Mockingbird",25
2016,"Pine Warbler",1
2016,"Red-bellied Woodpecker",7
2016,"Red-shouldered Hawk",2
2016,"Red-winged Blackbird",28
2016,"Song Sparrow",1
2016,"Tufted Titmouse",15
2016,"American Crow",41
2016,"American Goldfinch",6
2016,"Blue-gray Gnatcatcher",2
2016,"Brown-headed Cowbird",3
2016,"Carolina Chickadee",3
2016,"Carolina Wren",10
2016,"Chipping Sparrow",6
2016,"Common Yellowthroat",3
2016,"Downy Woodpecker",1
2016,"Eastern Bluebird",7
2016,"Eastern Towhee",1
2016,"House Finch",3
2016,"Mourning Dove",8
2016,"Northern Cardinal",27
2016,"Northern Mockingbird",2
2016,"Pileated Woodpecker",1
2016,"Red-bellied Woodpecker",7
2016,"Red-shouldered Hawk",1
2016,"Red-winged Blackbird",2
2016,"Tufted Titmouse",8
2016,"Turkey Vulture",6
2016,"White-breasted Nuthatch",2
2016,"American Crow",25
2016,"American Goldfinch",9
2016,"American Robin",20
2016,"Blue Jay",10
2016,"Blue-gray Gnatcatcher",2
2016,"Brown Thrasher",3
2016,"Brown-headed Cowbird",1
2016,"Brown-headed Nuthatch",7
2016,"Carolina Chickadee",8
2016,"Carolina Wren",10
2016,"Chipping Sparrow",5
2016,"Common Grackle",2
2016,"Downy Woodpecker",2
2016,"Eastern Bluebird",3
2016,"Eastern Phoebe",1
2016,"Eastern Towhee",9
2016,"Fish Crow",2
2016,"Gray Catbird",4
2016,"House Finch",8
2016,"Mourning Dove",3
2016,"Northern Cardinal",30
2016,"Northern Mockingbird",6
2016,"Pine Warbler",1
2016,"Red-bellied Woodpecker",3
2016,"Red-shouldered Hawk",2
2016,"Song Sparrow",11
2016,"Tufted Titmouse",9
2016,"American Crow",9
2016,"American Robin",15
2016,"Blue Jay",6
2016,"Brown Thrasher",3
2016,"Brown-headed Cowbird",4
2016,"Brown-headed Nuthatch",2
2016,"Carolina Chickadee",4
2016,"Carolina Wren",17
2016,"Chipping Sparrow",15
2016,"Eastern Bluebird",5
2016,"Eastern Phoebe",1
2016,"Eastern Towhee",13
2016,"Gray Catbird",2
2016,"House Finch",7
2016,"Mourning Dove",5
2016,"Northern Cardinal",34
2016,"Northern Mockingbird",3
2016,"Pine Warbler",9
2016,"Red-bellied Woodpecker",10
2016,"Red-winged Blackbird",2
2016,"Song Sparrow",4
2016,"Tufted Titmouse",8
2016,"White-breasted Nuthatch",3
2016,"American Crow",5
2016,"American Goldfinch",2
2016,"American Robin",17
2016,"Blue Jay",5
2016,"Blue-gray Gnatcatcher",1
2016,"Brown-headed Cowbird",3
2016,"Canada Goose",17
2016,"Carolina Wren",16
2016,"Chipping Sparrow",15
2016,"Common Grackle",1
2016,"Common Yellowthroat",1
2016,"Downy Woodpecker",1
2016,"Eastern Bluebird",5
2016,"Eastern Towhee",13
2016,"European Starling",28
2016,"Fish Crow",2
2016,"Gray Catbird",3
2016,"House Finch",5
2016,"Mourning Dove",4
2016,"Northern Cardinal",10
2016,"Northern Mockingbird",7
2016,"Pine Warbler",4
2016,"Red-bellied Woodpecker",2
2016,"Red-winged Blackbird",1
2016,"Song Sparrow",8
2016,"Tufted Titmouse",1
2016,"American Crow",8
2016,"American Goldfinch",4
2016,"American Robin",3
2016,"Blue Jay",1
2016,"Blue-gray Gnatcatcher",6
2016,"Brown Thrasher",1
2016,"Brown-headed Cowbird",4
2016,"Brown-headed Nuthatch",4
2016,"Carolina Chickadee",1
2016,"Chipping Sparrow",10
2016,"Common Yellowthroat",1
2016,"Eastern Bluebird",3
2016,"Eastern Phoebe",1
2016,"Eastern Towhee",6
2016,"European Starling",1
2016,"House Finch",2
2016,"House Sparrow",4
2016,"Killdeer",1
2016,"Mourning Dove",8
2016,"Northern Cardinal",23
2016,"Northern Mockingbird",7
2016,"Red-bellied Woodpecker",3
2016,"Red-shouldered Hawk",1
2016,"Song Sparrow",1
2016,"Tufted Titmouse",4
2016,"American Crow",24
2016,"American Goldfinch",3
2016,"American Robin",10
2016,"Blue Jay",4
2016,"Blue-gray Gnatcatcher",8
2016,"Brown Thrasher",2
2016,"Brown-headed Cowbird",2
2016,"Brown-headed Nuthatch",2
2016,"Canada Goose",43
2016,"Carolina Chickadee",8
2016,"Carolina Wren",7
2016,"Chipping Sparrow",18
2016,"Common Grackle",19
2016,"Downy Woodpecker",2
2016,"Eastern Bluebird",13
2016,"Eastern Phoebe",2
2016,"Eastern Towhee",11
2016,"European Starling",1
2016,"Fish Crow",132
2016,"House Finch",8
2016,"Mourning Dove",14
2016,"Northern Cardinal",40
2016,"Northern Mockingbird",15
2016,"Pileated Woodpecker",1
2016,"Pine Warbler",2
2016,"Red-bellied Woodpecker",12
2016,"Red-shouldered Hawk",5
2016,"Tufted Titmouse",13
2016,"White-breasted Nuthatch",2
2016,"American Crow",26
2016,"American Goldfinch",7
2016,"American Robin",1
2016,"Blue Jay",4
2016,"Blue-gray Gnatcatcher",9
2016,"Brown-headed Cowbird",8
2016,"Carolina Chickadee",8
2016,"Carolina Wren",8
2016,"Chipping Sparrow",17
2016,"Common Grackle",7
2016,"Common Yellowthroat",4
2016,"Downy Woodpecker",2
2016,"Eastern Bluebird",8
2016,"Eastern Meadowlark",25
2016,"Eastern Phoebe",3
2016,"Eastern Towhee",4
2016,"European Starling",13
2016,"Field Sparrow",2
2016,"House Finch",1
2016,"Killdeer",6
2016,"Mourning Dove",15
2016,"Northern Cardinal",20
2016,"Northern Mockingbird",7
2016,"Pine Warbler",1
2016,"Red-bellied Woodpecker",6
2016,"Tufted Titmouse",9
2016,"American Crow",12
2016,"Carolina Wren",10
2016,"Common Grackle",2
2016,"Eastern Bluebird",4
2016,"European Starling",3
2016,"Gray Catbird",1
2016,"Mourning Dove",17
2016,"Northern Cardinal",14
2016,"Northern Mockingbird",4
2016,"Red-bellied Woodpecker",3
2016,"Red-winged Blackbird",1
2016,"Tufted Titmouse",6
2016,"White-breasted Nuthatch",1
2016,"American Crow",25
2016,"American Goldfinch",3
2016,"American Robin",1
2016,"Blue Jay",1
2016,"Brown Thrasher",1
2016,"Brown-headed Cowbird",2
2016,"Carolina Wren",4
2016,"Chipping Sparrow",1
2016,"Common Grackle",5
2016,"Eastern Bluebird",5
2016,"Eastern Meadowlark",2
2016,"Mourning Dove",4
2016,"Northern Cardinal",5
2016,"Northern Mockingbird",1
2016,"Red-bellied Woodpecker",1
2016,"Tufted Titmouse",3
2016,"American Crow",15
2016,"American Robin",3
2016,"Blue Jay",2
2016,"Blue-gray Gnatcatcher",5
2016,"Brown-headed Nuthatch",1
2016,"Carolina Chickadee",5
2016,"Carolina Wren",22
2016,"Chipping Sparrow",10
2016,"Eastern Bluebird",4
2016,"Eastern Phoebe",1
2016,"Eastern Towhee",1
2016,"Fish Crow",2
2016,"Gray Catbird",3
2016,"House Finch",3
2016,"Mourning Dove",6
2016,"Northern Cardinal",30
2016,"Northern Mockingbird",3
2016,"Red-bellied Woodpecker",2
2016,"Red-shouldered Hawk",1
2016,"Red-winged Blackbird",3
2016,"Tufted Titmouse",8
2016,"American Crow",32
2016,"American Goldfinch",9
2016,"American Robin",2
2016,"Blue-gray Gnatcatcher",12
2016,"Brown Thrasher",2
2016,"Brown-headed Cowbird",1
2016,"Brown-headed Nuthatch",1
2016,"Canada Goose",1
2016,"Carolina Chickadee",4
2016,"Carolina Wren",22
2016,"Chipping Sparrow",21
2016,"Common Grackle",7
2016,"Common Yellowthroat",2
2016,"Downy Woodpecker",2
2016,"Eastern Bluebird",11
2016,"Eastern Meadowlark",3
2016,"Eastern Phoebe",1
2016,"Eastern Towhee",8
2016,"European Starling",2
2016,"Field Sparrow",2
2016,"House Finch",8
2016,"Killdeer",1
2016,"Mourning Dove",37
2016,"Northern Cardinal",30
2016,"Northern Mockingbird",6
2016,"Pine Warbler",10
2016,"Red-bellied Woodpecker",6
2016,"Red-shouldered Hawk",1
2016,"Red-winged Blackbird",1
2016,"Tufted Titmouse",19
2016,"Turkey Vulture",1
2016,"American Crow",16
2016,"American Goldfinch",2
2016,"American Robin",16
2016,"Blue Jay",1
2016,"Brown Thrasher",1
2016,"Canada Goose",2
2016,"Carolina Wren",7
2016,"Chipping Sparrow",9
2016,"Common Yellowthroat",2
2016,"Eastern Bluebird",7
2016,"Eastern Towhee",4
2016,"European Starling",2
2016,"Fish Crow",2
2016,"Great Blue Heron",1
2016,"House Finch",2
2016,"Mourning Dove",5
2016,"Northern Cardinal",33
2016,"Northern Mockingbird",4
2016,"Red-bellied Woodpecker",4
2016,"Red-shouldered Hawk",1
2016,"Tufted Titmouse",13
2016,"Turkey Vulture",2
2016,"White-breasted Nuthatch",1
2016,"American Crow",28
2016,"American Goldfinch",1
2016,"American Robin",5
2016,"Blue-gray Gnatcatcher",7
2016,"Brown Thrasher",3
2016,"Brown-headed Cowbird",5
2016,"Carolina Chickadee",1
2016,"Carolina Wren",8
2016,"Chipping Sparrow",19
2016,"Common Grackle",1
2016,"Common Yellowthroat",3
2016,"Downy Woodpecker",3
2016,"Eastern Bluebird",16
2016,"Eastern Towhee",8
2016,"European Starling",7
2016,"Field Sparrow",6
2016,"House Finch",2
2016,"Mourning Dove",25
2016,"Northern Bobwhite",5
2016,"Northern Cardinal",36
2016,"Northern Mockingbird",15
2016,"Pine Warbler",1
2016,"Red-bellied Woodpecker",5
2016,"Red-shouldered Hawk",3
2016,"Tufted Titmouse",9
2016,"Turkey Vulture",1
2016,"White-breasted Nuthatch",1
2016,"American Crow",17
2016,"American Robin",6
2016,"Carolina Wren",7
2016,"Common Grackle",2
2016,"Eastern Bluebird",4
2016,"Eastern Towhee",2
2016,"Mourning Dove",3
2016,"Northern Cardinal",14
2016,"Northern Mockingbird",2
2016,"Red-bellied Woodpecker",3
2016,"Tufted Titmouse",13
2016,"American Crow",35
2016,"American Goldfinch",3
2016,"American Robin",4
2016,"Blue Jay",6
2016,"Blue-gray Gnatcatcher",1
2016,"Brown Thrasher",1
2016,"Carolina Chickadee",14
2016,"Carolina Wren",11
2016,"Chipping Sparrow",1
2016,"Downy Woodpecker",7
2016,"Eastern Bluebird",3
2016,"Eastern Meadowlark",1
2016,"Eastern Phoebe",1
2016,"Eastern Towhee",7
2016,"House Finch",9
2016,"Mourning Dove",9
2016,"Northern Cardinal",33
2016,"Northern Mockingbird",2
2016,"Pine Warbler",4
2016,"Red-bellied Woodpecker",6
2016,"Red-shouldered Hawk",5
2016,"Tufted Titmouse",9
2016,"American Crow",20
2016,"Carolina Wren",8
2016,"Chipping Sparrow",1
2016,"Eastern Bluebird",1
2016,"Eastern Towhee",1
2016,"European Starling",1
2016,"Gray Catbird",1
2016,"Northern Cardinal",12
2016,"Northern Mockingbird",8
2016,"Red-bellied Woodpecker",3
2016,"Tufted Titmouse",7
2016,"American Crow",3
2016,"American Robin",11
2016,"Blue Jay",1
2016,"Brown Thrasher",1
2016,"Brown-headed Cowbird",3
2016,"Carolina Chickadee",2
2016,"Carolina Wren",34
2016,"Chipping Sparrow",5
2016,"Common Grackle",3
2016,"Eastern Bluebird",5
2016,"Eastern Towhee",13
2016,"European Starling",10
2016,"Fish Crow",1
2016,"Gray Catbird",5
2016,"Great Blue Heron",1
2016,"House Finch",8
2016,"Mourning Dove",6
2016,"Northern Cardinal",32
2016,"Northern Mockingbird",7
2016,"Pileated Woodpecker",2
2016,"Pine Warbler",2
2016,"Red-bellied Woodpecker",13
2016,"Song Sparrow",1
2016,"Tufted Titmouse",22
2017,"American Crow",34
2017,"American Goldfinch",7
2017,"American Robin",1
2017,"Blue Jay",6
2017,"Blue-gray Gnatcatcher",10
2017,"Brown Thrasher",4
2017,"Brown-headed Cowbird",1
2017,"Brown-headed Nuthatch",2
2017,"Carolina Chickadee",12
2017,"Carolina Wren",5
2017,"Chipping Sparrow",8
2017,"Common Grackle",1
2017,"Downy Woodpecker",1
2017,"Eastern Bluebird",4
2017,"Eastern Towhee",1
2017,"European Starling",16
2017,"Field Sparrow",1
2017,"Fish Crow",1
2017,"Mourning Dove",9
2017,"Northern Cardinal",29
2017,"Northern Mockingbird",2
2017,"Pileated Woodpecker",3
2017,"Pine Warbler",13
2017,"Red-bellied Woodpecker",10
2017,"Red-shouldered Hawk",1
2017,"Tufted Titmouse",10
2017,"Turkey Vulture",14
2017,"White-breasted Nuthatch",2
2017,"American Crow",20
2017,"American Goldfinch",8
2017,"American Robin",1
2017,"Blue Jay",4
2017,"Blue-gray Gnatcatcher",14
2017,"Brown Thrasher",1
2017,"Brown-headed Cowbird",4
2017,"Brown-headed Nuthatch",6
2017,"Carolina Chickadee",14
2017,"Carolina Wren",15
2017,"Chipping Sparrow",19
2017,"Common Grackle",8
2017,"Common Yellowthroat",1
2017,"Downy Woodpecker",2
2017,"Eastern Bluebird",3
2017,"Eastern Towhee",11
2017,"Fish Crow",2
2017,"Great Blue Heron",9
2017,"House Finch",4
2017,"Mourning Dove",12
2017,"Northern Cardinal",20
2017,"Northern Mockingbird",4
2017,"Pine Warbler",15
2017,"Red-bellied Woodpecker",5
2017,"Tufted Titmouse",21
2017,"American Crow",6
2017,"American Goldfinch",2
2017,"American Robin",7
2017,"Carolina Chickadee",2
2017,"Carolina Wren",16
2017,"Chipping Sparrow",3
2017,"Common Grackle",5
2017,"Common Yellowthroat",3
2017,"Eastern Bluebird",1
2017,"Eastern Meadowlark",6
2017,"Eastern Towhee",2
2017,"Fish Crow",1
2017,"House Finch",1
2017,"Mourning Dove",15
2017,"Northern Bobwhite",1
2017,"Northern Cardinal",14
2017,"Northern Mockingbird",5
2017,"Pileated Woodpecker",4
2017,"Pine Warbler",14
2017,"Red-bellied Woodpecker",4
2017,"Tufted Titmouse",10
2017,"American Crow",25
2017,"American Goldfinch",6
2017,"Blue Jay",4
2017,"Blue-gray Gnatcatcher",18
2017,"Brown Thrasher",1
2017,"Carolina Chickadee",6
2017,"Carolina Wren",11
2017,"Chipping Sparrow",12
2017,"Common Yellowthroat",1
2017,"Downy Woodpecker",1
2017,"Eastern Bluebird",6
2017,"Eastern Meadowlark",4
2017,"Eastern Towhee",4
2017,"Mourning Dove",10
2017,"Northern Cardinal",16
2017,"Northern Mockingbird",4
2017,"Red-bellied Woodpecker",2
2017,"Red-shouldered Hawk",1
2017,"Red-winged Blackbird",1
2017,"Tufted Titmouse",14
2017,"Turkey Vulture",1
2017,"American Crow",24
2017,"American Goldfinch",4
2017,"American Robin",11
2017,"Blue Jay",7
2017,"Blue-gray Gnatcatcher",4
2017,"Brown-headed Cowbird",4
2017,"Canada Goose",13
2017,"Carolina Chickadee",4
2017,"Carolina Wren",13
2017,"Chipping Sparrow",19
2017,"Common Grackle",8
2017,"Downy Woodpecker",1
2017,"Eastern Bluebird",20
2017,"Eastern Meadowlark",11
2017,"European Starling",10
2017,"House Finch",1
2017,"Killdeer",1
2017,"Mourning Dove",12
2017,"Northern Cardinal",39
2017,"Northern Mockingbird",21
2017,"Pileated Woodpecker",2
2017,"Red-bellied Woodpecker",10
2017,"Tufted Titmouse",13
2017,"Turkey Vulture",4
2017,"American Crow",22
2017,"American Goldfinch",6
2017,"Blue Jay",4
2017,"Blue-gray Gnatcatcher",8
2017,"Brown-headed Cowbird",2
2017,"Brown-headed Nuthatch",1
2017,"Carolina Chickadee",6
2017,"Carolina Wren",18
2017,"Chipping Sparrow",5
2017,"Common Grackle",3
2017,"Common Yellowthroat",3
2017,"Downy Woodpecker",4
2017,"Eastern Bluebird",1
2017,"Eastern Meadowlark",3
2017,"Eastern Phoebe",1
2017,"Eastern Towhee",5
2017,"Field Sparrow",3
2017,"Great Blue Heron",1
2017,"House Finch",2
2017,"House Sparrow",1
2017,"Mourning Dove",32
2017,"Northern Cardinal",18
2017,"Northern Mockingbird",11
2017,"Pine Warbler",7
2017,"Red-bellied Woodpecker",8
2017,"Tufted Titmouse",18
2017,"White-breasted Nuthatch",2
2017,"American Crow",49
2017,"American Goldfinch",7
2017,"American Robin",6
2017,"Blue Jay",2
2017,"Blue-gray Gnatcatcher",1
2017,"Brown Thrasher",2
2017,"Carolina Chickadee",1
2017,"Carolina Wren",6
2017,"Chipping Sparrow",4
2017,"Downy Woodpecker",1
2017,"Eastern Bluebird",6
2017,"Eastern Meadowlark",2
2017,"Eastern Phoebe",1
2017,"Eastern Towhee",1
2017,"European Starling",10
2017,"Fish Crow",4
2017,"House Finch",4
2017,"Mourning Dove",15
2017,"Northern Cardinal",23
2017,"Northern Mockingbird",4
2017,"Pileated Woodpecker",1
2017,"Pine Warbler",8
2017,"Red-bellied Woodpecker",5
2017,"Tufted Titmouse",10
2017,"American Crow",19
2017,"American Robin",5
2017,"Blue Jay",1
2017,"Blue-gray Gnatcatcher",8
2017,"Brown Thrasher",2
2017,"Brown-headed Nuthatch",1
2017,"Carolina Chickadee",7
2017,"Carolina Wren",43
2017,"Chipping Sparrow",9
2017,"Common Grackle",1
2017,"Downy Woodpecker",4
2017,"Eastern Bluebird",10
2017,"Eastern Towhee",11
2017,"Fish Crow",7
2017,"Great Blue Heron",2
2017,"Mourning Dove",11
2017,"Northern Cardinal",36
2017,"Northern Mockingbird",1
2017,"Pine Warbler",14
2017,"Red-bellied Woodpecker",6
2017,"Red-shouldered Hawk",3
2017,"Tufted Titmouse",17
2017,"White-breasted Nuthatch",5
2017,"American Crow",29
2017,"American Goldfinch",2
2017,"American Robin",1
2017,"Blue Jay",3
2017,"Blue-gray Gnatcatcher",12
2017,"Brown-headed Cowbird",2
2017,"Carolina Chickadee",7
2017,"Carolina Wren",15
2017,"Chipping Sparrow",3
2017,"Common Grackle",1
2017,"Common Yellowthroat",3
2017,"Eastern Bluebird",5
2017,"Eastern Phoebe",3
2017,"Eastern Towhee",6
2017,"European Starling",5
2017,"Fish Crow",2
2017,"House Sparrow",1
2017,"Mourning Dove",6
2017,"Northern Cardinal",22
2017,"Northern Mockingbird",6
2017,"Pileated Woodpecker",1
2017,"Pine Warbler",2
2017,"Red-bellied Woodpecker",10
2017,"Tufted Titmouse",11
2017,"White-breasted Nuthatch",1
2017,"American Crow",22
2017,"American Goldfinch",6
2017,"American Robin",18
2017,"Blue Jay",5
2017,"Blue-gray Gnatcatcher",8
2017,"Brown Thrasher",3
2017,"Brown-headed Cowbird",4
2017,"Carolina Chickadee",4
2017,"Carolina Wren",12
2017,"Chipping Sparrow",18
2017,"Common Grackle",7
2017,"Downy Woodpecker",1
2017,"Eastern Bluebird",12
2017,"Eastern Meadowlark",7
2017,"Eastern Phoebe",6
2017,"Eastern Towhee",2
2017,"Field Sparrow",4
2017,"Fish Crow",1
2017,"Gray Catbird",3
2017,"Great Blue Heron",1
2017,"House Finch",1
2017,"Mourning Dove",12
2017,"Northern Cardinal",31
2017,"Northern Mockingbird",19
2017,"Pine Warbler",2
2017,"Red-bellied Woodpecker",7
2017,"Red-shouldered Hawk",2
2017,"Tufted Titmouse",11
2017,"White-breasted Nuthatch",1
2017,"American Crow",62
2017,"American Robin",17
2017,"Blue-gray Gnatcatcher",6
2017,"Brown Thrasher",2
2017,"Brown-headed Cowbird",1
2017,"Brown-headed Nuthatch",2
2017,"Carolina Chickadee",2
2017,"Carolina Wren",12
2017,"Chipping Sparrow",14
2017,"Common Grackle",5
2017,"Eastern Bluebird",13
2017,"Eastern Meadowlark",7
2017,"Eastern Phoebe",7
2017,"Eastern Towhee",4
2017,"European Starling",11
2017,"Fish Crow",1
2017,"Gray Catbird",1
2017,"House Finch",12
2017,"Mourning Dove",12
2017,"Northern Cardinal",29
2017,"Northern Mockingbird",29
2017,"Pileated Woodpecker",1
2017,"Pine Warbler",4
2017,"Red-bellied Woodpecker",6
2017,"Song Sparrow",2
2017,"Tufted Titmouse",16
2017,"White-breasted Nuthatch",1
2017,"American Crow",27
2017,"American Goldfinch",2
2017,"American Robin",4
2017,"Blue Jay",3
2017,"Brown Thrasher",1
2017,"Carolina Chickadee",2
2017,"Carolina Wren",6
2017,"Chipping Sparrow",5
2017,"Common Grackle",7
2017,"Eastern Bluebird",4
2017,"Eastern Meadowlark",2
2017,"Eastern Towhee",1
2017,"European Starling",44
2017,"Gray Catbird",1
2017,"Great Blue Heron",1
2017,"Mourning Dove",12
2017,"Northern Cardinal",19
2017,"Northern Mockingbird",7
2017,"Pine Warbler",2
2017,"Red-bellied Woodpecker",10
2017,"Red-shouldered Hawk",2
2017,"Red-winged Blackbird",4
2017,"Tufted Titmouse",5
2017,"White-breasted Nuthatch",2
2017,"American Crow",29
2017,"American Goldfinch",2
2017,"American Robin",7
2017,"Blue Jay",10
2017,"Blue-gray Gnatcatcher",7
2017,"Brown Thrasher",3
2017,"Brown-headed Cowbird",4
2017,"Brown-headed Nuthatch",5
2017,"Carolina Chickadee",6
2017,"Carolina Wren",11
2017,"Chipping Sparrow",13
2017,"Common Grackle",2
2017,"Common Yellowthroat",2
2017,"Downy Woodpecker",2
2017,"Eastern Phoebe",5
2017,"Eastern Towhee",5
2017,"Fish Crow",2
2017,"House Finch",5
2017,"Mourning Dove",9
2017,"Northern Cardinal",9
2017,"Northern Mockingbird",8
2017,"Pine Warbler",16
2017,"Red-bellied Woodpecker",5
2017,"Red-shouldered Hawk",1
2017,"Tufted Titmouse",22
2017,"White-breasted Nuthatch",1
2017,"American Crow",24
2017,"American Goldfinch",6
2017,"American Robin",14
2017,"Blue Jay",3
2017,"Blue-gray Gnatcatcher",3
2017,"Brown Thrasher",2
2017,"Brown-headed Cowbird",5
2017,"Brown-headed Nuthatch",1
2017,"Carolina Chickadee",9
2017,"Carolina Wren",8
2017,"Chipping Sparrow",7
2017,"Common Grackle",2
2017,"Downy Woodpecker",1
2017,"Eastern Bluebird",4
2017,"Eastern Phoebe",1
2017,"Eastern Towhee",7
2017,"European Starling",1
2017,"Fish Crow",2
2017,"Gray Catbird",6
2017,"House Sparrow",1
2017,"Mourning Dove",6
2017,"Northern Cardinal",25
2017,"Northern Mockingbird",12
2017,"Pine Warbler",2
2017,"Red-bellied Woodpecker",8
2017,"Red-winged Blackbird",3
2017,"Song Sparrow",6
2017,"Tufted Titmouse",10
2017,"American Crow",4
2017,"American Goldfinch",2
2017,"American Robin",26
2017,"Blue-gray Gnatcatcher",4
2017,"Brown-headed Nuthatch",1
2017,"Canada Goose",3
2017,"Carolina Chickadee",8
2017,"Carolina Wren",13
2017,"Chipping Sparrow",12
2017,"Downy Woodpecker",1
2017,"Eastern Bluebird",3
2017,"Eastern Phoebe",2
2017,"Eastern Towhee",9
2017,"Fish Crow",3
2017,"Gray Catbird",5
2017,"House Finch",8
2017,"Mourning Dove",5
2017,"Northern Cardinal",31
2017,"Northern Mockingbird",4
2017,"Pine Warbler",5
2017,"Red-bellied Woodpecker",11
2017,"Red-shouldered Hawk",1
2017,"Song Sparrow",4
2017,"Tufted Titmouse",13
2017,"White-breasted Nuthatch",2
2017,"American Crow",14
2017,"American Goldfinch",2
2017,"American Robin",12
2017,"Blue Jay",5
2017,"Blue-gray Gnatcatcher",3
2017,"Brown Thrasher",1
2017,"Brown-headed Cowbird",4
2017,"Brown-headed Nuthatch",1
2017,"Carolina Chickadee",2
2017,"Carolina Wren",1
2017,"Chipping Sparrow",12
2017,"Common Grackle",12
2017,"Common Yellowthroat",1
2017,"Downy Woodpecker",1
2017,"Eastern Bluebird",8
2017,"Eastern Phoebe",1
2017,"Eastern Towhee",14
2017,"European Starling",9
2017,"Fish Crow",1
2017,"Gray Catbird",2
2017,"House Finch",4
2017,"Mourning Dove",6
2017,"Northern Cardinal",16
2017,"Northern Mockingbird",11
2017,"Pine Warbler",4
2017,"Red-bellied Woodpecker",2
2017,"Red-winged Blackbird",1
2017,"Tufted Titmouse",8
2017,"American Crow",13
2017,"American Goldfinch",6
2017,"American Robin",3
2017,"Blue Jay",1
2017,"Blue-gray Gnatcatcher",9
2017,"Brown-headed Cowbird",3
2017,"Brown-headed Nuthatch",3
2017,"Carolina Chickadee",1
2017,"Carolina Wren",19
2017,"Chipping Sparrow",13
2017,"Common Grackle",1
2017,"Common Yellowthroat",1
2017,"Eastern Bluebird",2
2017,"Eastern Phoebe",1
2017,"Eastern Towhee",10
2017,"Fish Crow",1
2017,"Great Blue Heron",1
2017,"House Sparrow",1
2017,"Mourning Dove",7
2017,"Northern Cardinal",22
2017,"Northern Mockingbird",1
2017,"Pine Warbler",8
2017,"Red-bellied Woodpecker",2
2017,"Red-shouldered Hawk",1
2017,"Tufted Titmouse",6
2017,"White-breasted Nuthatch",1
2017,"American Crow",29
2017,"American Goldfinch",3
2017,"American Robin",10
2017,"Blue Jay",2
2017,"Blue-gray Gnatcatcher",12
2017,"Brown Thrasher",4
2017,"Brown-headed Nuthatch",1
2017,"Canada Goose",38
2017,"Carolina Chickadee",2
2017,"Carolina Wren",16
2017,"Chipping Sparrow",23
2017,"Common Grackle",2
2017,"Downy Woodpecker",1
2017,"Eastern Bluebird",7
2017,"Eastern Phoebe",2
2017,"Eastern Towhee",5
2017,"European Starling",1
2017,"Fish Crow",2
2017,"Great Blue Heron",3
2017,"House Finch",4
2017,"Mourning Dove",12
2017,"Northern Bobwhite",1
2017,"Northern Cardinal",47
2017,"Northern Mockingbird",13
2017,"Pine Warbler",3
2017,"Red-bellied Woodpecker",13
2017,"Tufted Titmouse",20
2017,"American Crow",25
2017,"American Goldfinch",2
2017,"American Robin",2
2017,"Blue Jay",1
2017,"Blue-gray Gnatcatcher",9
2017,"Brown Thrasher",2
2017,"Brown-headed Cowbird",4
2017,"Canada Goose",10
2017,"Carolina Chickadee",2
2017,"Carolina Wren",9
2017,"Chipping Sparrow",19
2017,"Common Grackle",5
2017,"Common Yellowthroat",4
2017,"Eastern Bluebird",6
2017,"Eastern Meadowlark",9
2017,"Eastern Phoebe",2
2017,"European Starling",13
2017,"House Finch",2
2017,"Killdeer",1
2017,"Mourning Dove",13
2017,"Northern Cardinal",20
2017,"Northern Mockingbird",13
2017,"Pine Warbler",1
2017,"Red-bellied Woodpecker",8
2017,"Red-shouldered Hawk",1
2017,"Red-winged Blackbird",9
2017,"Tufted Titmouse",13
2017,"Turkey Vulture",3
2017,"American Crow",15
2017,"American Goldfinch",1
2017,"Brown Thrasher",1
2017,"Carolina Wren",14
2017,"Eastern Bluebird",1
2017,"Eastern Meadowlark",1
2017,"European Starling",6
2017,"Mourning Dove",6
2017,"Northern Cardinal",7
2017,"Red-bellied Woodpecker",2
2017,"Red-winged Blackbird",4
2017,"Tufted Titmouse",6
2017,"American Crow",27
2017,"Brown Thrasher",2
2017,"Carolina Chickadee",3
2017,"Carolina Wren",9
2017,"Eastern Bluebird",3
2017,"Eastern Meadowlark",1
2017,"Eastern Towhee",3
2017,"European Starling",2
2017,"Mourning Dove",5
2017,"Northern Cardinal",13
2017,"Northern Mockingbird",3
2017,"Red-bellied Woodpecker",3
2017,"Tufted Titmouse",15
2017,"American Crow",19
2017,"Blue Jay",2
2017,"Blue-gray Gnatcatcher",11
2017,"Brown Thrasher",3
2017,"Carolina Chickadee",7
2017,"Carolina Wren",18
2017,"Chipping Sparrow",10
2017,"Downy Woodpecker",1
2017,"Eastern Bluebird",2
2017,"Eastern Phoebe",4
2017,"Eastern Towhee",2
2017,"Gray Catbird",3
2017,"House Finch",4
2017,"Mourning Dove",7
2017,"Northern Cardinal",25
2017,"Northern Mockingbird",6
2017,"Pileated Woodpecker",1
2017,"Pine Warbler",2
2017,"Red-bellied Woodpecker",6
2017,"Red-shouldered Hawk",1
2017,"Tufted Titmouse",22
2017,"White-breasted Nuthatch",3
2017,"American Crow",28
2017,"American Goldfinch",14
2017,"Blue Jay",4
2017,"Blue-gray Gnatcatcher",14
2017,"Brown-headed Cowbird",7
2017,"Brown-headed Nuthatch",1
2017,"Canada Goose",1
2017,"Carolina Chickadee",7
2017,"Carolina Wren",21
2017,"Chipping Sparrow",17
2017,"Common Grackle",5
2017,"Common Yellowthroat",3
2017,"Downy Woodpecker",2
2017,"Eastern Bluebird",13
2017,"Eastern Meadowlark",2
2017,"Eastern Phoebe",3
2017,"Eastern Towhee",2
2017,"European Starling",1
2017,"Field Sparrow",1
2017,"Fish Crow",4
2017,"Great Blue Heron",1
2017,"House Finch",2
2017,"Killdeer",2
2017,"Mourning Dove",28
2017,"Northern Cardinal",31
2017,"Northern Mockingbird",9
2017,"Pine Warbler",9
2017,"Red-bellied Woodpecker",11
2017,"Red-shouldered Hawk",4
2017,"Red-winged Blackbird",1
2017,"Tufted Titmouse",20
2017,"Turkey Vulture",2
2017,"White-breasted Nuthatch",1
2017,"American Crow",17
2017,"American Robin",10
2017,"Blue Jay",2
2017,"Brown Thrasher",3
2017,"Carolina Wren",11
2017,"Chipping Sparrow",11
2017,"Eastern Bluebird",3
2017,"Eastern Meadowlark",1
2017,"Eastern Phoebe",1
2017,"Eastern Towhee",9
2017,"European Starling",1
2017,"House Finch",3
2017,"Killdeer",3
2017,"Mourning Dove",11
2017,"Northern Cardinal",24
2017,"Northern Mockingbird",3
2017,"Pine Warbler",1
2017,"Red-bellied Woodpecker",5
2017,"Tufted Titmouse",11
2017,"Turkey Vulture",1
2017,"American Crow",25
2017,"American Goldfinch",3
2017,"American Robin",3
2017,"Blue Jay",1
2017,"Blue-gray Gnatcatcher",9
2017,"Brown Thrasher",6
2017,"Brown-headed Cowbird",5
2017,"Canada Goose",2
2017,"Carolina Chickadee",3
2017,"Carolina Wren",5
2017,"Chipping Sparrow",27
2017,"Common Grackle",5
2017,"Common Yellowthroat",8
2017,"Eastern Bluebird",11
2017,"Eastern Meadowlark",2
2017,"Eastern Towhee",5
2017,"European Starling",6
2017,"Field Sparrow",6
2017,"Fish Crow",4
2017,"Gray Catbird",2
2017,"House Sparrow",2
2017,"Mourning Dove",16
2017,"Northern Cardinal",32
2017,"Northern Mockingbird",3
2017,"Pileated Woodpecker",2
2017,"Pine Warbler",1
2017,"Red-bellied Woodpecker",1
2017,"Red-shouldered Hawk",3
2017,"Red-winged Blackbird",2
2017,"Tufted Titmouse",22
2017,"American Crow",16
2017,"Blue Jay",2
2017,"Carolina Wren",9
2017,"Chipping Sparrow",1
2017,"Common Grackle",2
2017,"Eastern Bluebird",3
2017,"Eastern Towhee",2
2017,"European Starling",1
2017,"Mourning Dove",9
2017,"Northern Cardinal",13
2017,"Red-bellied Woodpecker",2
2017,"Tufted Titmouse",16
2017,"American Crow",26
2017,"Brown Thrasher",3
2017,"Carolina Chickadee",1
2017,"Carolina Wren",8
2017,"Common Grackle",22
2017,"Eastern Towhee",2
2017,"Northern Cardinal",13
2017,"Red-bellied Woodpecker",2
2017,"Tufted Titmouse",17
2017,"White-breasted Nuthatch",2
2017,"American Crow",33
2017,"American Goldfinch",1
2017,"American Robin",2
2017,"Blue Jay",4
2017,"Blue-gray Gnatcatcher",3
2017,"Brown-headed Cowbird",1
2017,"Carolina Chickadee",3
2017,"Carolina Wren",11
2017,"Chipping Sparrow",10
2017,"Common Grackle",1
2017,"Downy Woodpecker",1
2017,"Eastern Bluebird",6
2017,"Eastern Meadowlark",1
2017,"Eastern Phoebe",1
2017,"Eastern Towhee",5
2017,"Mourning Dove",5
2017,"Northern Cardinal",19
2017,"Northern Mockingbird",4
2017,"Pine Warbler",6
2017,"Red-bellied Woodpecker",7
2017,"Red-shouldered Hawk",1
2017,"Tufted Titmouse",5
2017,"White-breasted Nuthatch",1
2017,"American Crow",8
2017,"American Robin",8
2017,"Brown Thrasher",4
2017,"Brown-headed Cowbird",1
2017,"Carolina Chickadee",1
2017,"Carolina Wren",23
2017,"Chipping Sparrow",4
2017,"Common Grackle",5
2017,"Eastern Bluebird",3
2017,"Eastern Phoebe",1
2017,"Eastern Towhee",9
2017,"Fish Crow",3
2017,"Gray Catbird",5
2017,"House Finch",2
2017,"Mourning Dove",9
2017,"Northern Cardinal",33
2017,"Northern Mockingbird",3
2017,"Pine Warbler",5
2017,"Red-bellied Woodpecker",10
2017,"Song Sparrow",1
2017,"Tufted Titmouse",23
2018,"American Crow",23
2018,"American Goldfinch",8
2018,"Blue Jay",2
2018,"Blue-gray Gnatcatcher",8
2018,"Brown Thrasher",1
2018,"Brown-headed Cowbird",2
2018,"Brown-headed Nuthatch",2
2018,"Carolina Chickadee",5
2018,"Carolina Wren",12
2018,"Chipping Sparrow",5
2018,"Common Grackle",2
2018,"Common Yellowthroat",2
2018,"Downy Woodpecker",1
2018,"Eastern Bluebird",8
2018,"Eastern Phoebe",1
2018,"Eastern Towhee",4
2018,"Fish Crow",2
2018,"House Finch",2
2018,"Mourning Dove",5
2018,"Northern Cardinal",33
2018,"Northern Mockingbird",3
2018,"Pine Warbler",9
2018,"Red-bellied Woodpecker",8
2018,"Tufted Titmouse",15
2018,"White-breasted Nuthatch",1
2018,"American Crow",15
2018,"American Goldfinch",8
2018,"American Robin",5
2018,"Blue Jay",3
2018,"Blue-gray Gnatcatcher",16
2018,"Brown Thrasher",1
2018,"Brown-headed Cowbird",1
2018,"Brown-headed Nuthatch",6
2018,"Canada Goose",13
2018,"Carolina Chickadee",4
2018,"Carolina Wren",14
2018,"Chipping Sparrow",12
2018,"Common Grackle",11
2018,"Eastern Bluebird",1
2018,"Eastern Towhee",8
2018,"European Starling",5
2018,"Fish Crow",1
2018,"Great Blue Heron",2
2018,"House Finch",9
2018,"Killdeer",2
2018,"Mourning Dove",12
2018,"Northern Cardinal",32
2018,"Northern Mockingbird",5
2018,"Pine Warbler",14
2018,"Red-bellied Woodpecker",11
2018,"Tufted Titmouse",19
2018,"White-breasted Nuthatch",2
2018,"American Crow",12
2018,"American Robin",7
2018,"Blue Jay",2
2018,"Brown Thrasher",1
2018,"Carolina Chickadee",3
2018,"Carolina Wren",14
2018,"Chipping Sparrow",3
2018,"Common Grackle",4
2018,"Common Yellowthroat",2
2018,"Eastern Bluebird",10
2018,"Eastern Meadowlark",2
2018,"Eastern Phoebe",1
2018,"Eastern Towhee",2
2018,"European Starling",3
2018,"Mourning Dove",17
2018,"Northern Bobwhite",2
2018,"Northern Cardinal",13
2018,"Northern Mockingbird",3
2018,"Pine Warbler",13
2018,"Red-bellied Woodpecker",5
2018,"Tufted Titmouse",10
2018,"American Crow",23
2018,"American Goldfinch",7
2018,"American Robin",1
2018,"Blue-gray Gnatcatcher",16
2018,"Brown Thrasher",2
2018,"Carolina Chickadee",4
2018,"Carolina Wren",14
2018,"Chipping Sparrow",13
2018,"Common Yellowthroat",2
2018,"Eastern Bluebird",3
2018,"Eastern Meadowlark",1
2018,"Eastern Phoebe",1
2018,"Eastern Towhee",1
2018,"European Starling",2
2018,"Great Blue Heron",2
2018,"House Finch",7
2018,"Mourning Dove",13
2018,"Northern Cardinal",21
2018,"Northern Mockingbird",5
2018,"Red-bellied Woodpecker",3
2018,"Red-winged Blackbird",2
2018,"Tufted Titmouse",27
2018,"American Crow",38
2018,"American Goldfinch",15
2018,"American Robin",2
2018,"Blue Jay",8
2018,"Blue-gray Gnatcatcher",10
2018,"Brown Thrasher",5
2018,"Brown-headed Cowbird",9
2018,"Carolina Chickadee",5
2018,"Carolina Wren",29
2018,"Chipping Sparrow",20
2018,"Common Grackle",9
2018,"Eastern Bluebird",15
2018,"Eastern Meadowlark",10
2018,"European Starling",6
2018,"Great Blue Heron",1
2018,"House Finch",4
2018,"Mourning Dove",21
2018,"Northern Bobwhite",1
2018,"Northern Cardinal",44
2018,"Northern Mockingbird",30
2018,"Red-bellied Woodpecker",19
2018,"Red-shouldered Hawk",2
2018,"Red-winged Blackbird",2
2018,"Tufted Titmouse",28
2018,"White-breasted Nuthatch",5
2018,"American Crow",52
2018,"American Goldfinch",2
2018,"American Robin",2
2018,"Blue Jay",6
2018,"Blue-gray Gnatcatcher",8
2018,"Brown Thrasher",3
2018,"Brown-headed Cowbird",5
2018,"Carolina Chickadee",8
2018,"Carolina Wren",22
2018,"Chipping Sparrow",10
2018,"Common Grackle",18
2018,"Common Yellowthroat",2
2018,"Downy Woodpecker",3
2018,"Eastern Bluebird",5
2018,"Eastern Meadowlark",2
2018,"Eastern Phoebe",2
2018,"Eastern Towhee",9
2018,"Field Sparrow",2
2018,"Killdeer",1
2018,"Mourning Dove",30
2018,"Northern Cardinal",22
2018,"Northern Mockingbird",7
2018,"Pileated Woodpecker",2
2018,"Pine Warbler",2
2018,"Red-bellied Woodpecker",13
2018,"Red-shouldered Hawk",3
2018,"Red-winged Blackbird",7
2018,"Tufted Titmouse",15
2018,"White-breasted Nuthatch",1
2018,"American Crow",21
2018,"American Goldfinch",2
2018,"Blue Jay",2
2018,"Blue-gray Gnatcatcher",7
2018,"Brown Thrasher",2
2018,"Brown-headed Cowbird",2
2018,"Brown-headed Nuthatch",1
2018,"Carolina Chickadee",2
2018,"Carolina Wren",19
2018,"Chipping Sparrow",7
2018,"Common Grackle",6
2018,"Common Yellowthroat",1
2018,"Downy Woodpecker",1
2018,"Eastern Bluebird",4
2018,"Eastern Meadowlark",5
2018,"Eastern Phoebe",1
2018,"Eastern Towhee",5
2018,"Field Sparrow",1
2018,"House Finch",2
2018,"Mourning Dove",15
2018,"Northern Cardinal",22
2018,"Northern Mockingbird",7
2018,"Pine Warbler",7
2018,"Red-bellied Woodpecker",17
2018,"Red-shouldered Hawk",1
2018,"Tufted Titmouse",12
2018,"Turkey Vulture",1
2018,"American Crow",42
2018,"American Goldfinch",9
2018,"American Robin",8
2018,"Blue Jay",5
2018,"Blue-gray Gnatcatcher",14
2018,"Brown Thrasher",4
2018,"Brown-headed Nuthatch",4
2018,"Carolina Chickadee",15
2018,"Carolina Wren",30
2018,"Chipping Sparrow",4
2018,"Common Grackle",4
2018,"Downy Woodpecker",4
2018,"Eastern Bluebird",6
2018,"Eastern Towhee",5
2018,"Fish Crow",6
2018,"Great Blue Heron",1
2018,"Mourning Dove",12
2018,"Northern Cardinal",27
2018,"Northern Mockingbird",2
2018,"Pileated Woodpecker",1
2018,"Pine Warbler",21
2018,"Red-bellied Woodpecker",11
2018,"Red-shouldered Hawk",3
2018,"Red-winged Blackbird",6
2018,"Tufted Titmouse",24
2018,"White-breasted Nuthatch",11
2018,"American Crow",17
2018,"American Goldfinch",2
2018,"American Robin",2
2018,"Blue Jay",1
2018,"Blue-gray Gnatcatcher",8
2018,"Brown Thrasher",1
2018,"Brown-headed Cowbird",2
2018,"Carolina Chickadee",1
2018,"Carolina Wren",10
2018,"Chipping Sparrow",8
2018,"Common Grackle",2
2018,"Eastern Bluebird",5
2018,"Eastern Phoebe",3
2018,"Eastern Towhee",2
2018,"European Starling",2
2018,"Fish Crow",2
2018,"Great Blue Heron",1
2018,"Mourning Dove",11
2018,"Northern Cardinal",19
2018,"Northern Mockingbird",6
2018,"Pileated Woodpecker",1
2018,"Pine Warbler",9
2018,"Red-bellied Woodpecker",11
2018,"Red-shouldered Hawk",1
2018,"Tufted Titmouse",5
2018,"American Crow",30
2018,"American Goldfinch",3
2018,"American Robin",10
2018,"Blue Jay",6
2018,"Blue-gray Gnatcatcher",6
2018,"Brown Thrasher",6
2018,"Brown-headed Cowbird",7
2018,"Brown-headed Nuthatch",2
2018,"Carolina Chickadee",4
2018,"Carolina Wren",28
2018,"Chipping Sparrow",21
2018,"Common Grackle",1
2018,"Downy Woodpecker",1
2018,"Eastern Bluebird",8
2018,"Eastern Meadowlark",10
2018,"Eastern Phoebe",1
2018,"Eastern Towhee",8
2018,"European Starling",10
2018,"Field Sparrow",3
2018,"Gray Catbird",2
2018,"Great Blue Heron",1
2018,"House Finch",4
2018,"Mourning Dove",16
2018,"Northern Cardinal",37
2018,"Northern Mockingbird",25
2018,"Pine Warbler",1
2018,"Red-bellied Woodpecker",9
2018,"Red-shouldered Hawk",3
2018,"Song Sparrow",3
2018,"Tufted Titmouse",15
2018,"American Crow",26
2018,"American Goldfinch",3
2018,"American Robin",1
2018,"Blue Jay",4
2018,"Brown Thrasher",1
2018,"Carolina Chickadee",4
2018,"Carolina Wren",6
2018,"Chipping Sparrow",2
2018,"Eastern Bluebird",9
2018,"Eastern Meadowlark",2
2018,"Eastern Phoebe",3
2018,"Eastern Towhee",2
2018,"European Starling",3
2018,"Field Sparrow",5
2018,"Great Blue Heron",1
2018,"House Finch",6
2018,"Mourning Dove",16
2018,"Northern Cardinal",18
2018,"Northern Mockingbird",7
2018,"Pileated Woodpecker",1
2018,"Red-winged Blackbird",3
2018,"Tufted Titmouse",17
2018,"Turkey Vulture",6
2018,"Red-bellied Woodpecker",8
2018,"American Crow",20
2018,"American Robin",1
2018,"Blue Jay",2
2018,"Blue-gray Gnatcatcher",13
2018,"Brown-headed Cowbird",4
2018,"Brown-headed Nuthatch",1
2018,"Carolina Chickadee",9
2018,"Carolina Wren",23
2018,"Chipping Sparrow",13
2018,"Common Grackle",3
2018,"Common Yellowthroat",3
2018,"Downy Woodpecker",2
2018,"Eastern Bluebird",7
2018,"Eastern Towhee",6
2018,"Fish Crow",1
2018,"Great Blue Heron",2
2018,"Mourning Dove",13
2018,"Northern Cardinal",35
2018,"Northern Mockingbird",2
2018,"Pine Warbler",5
2018,"Red-bellied Woodpecker",9
2018,"Red-shouldered Hawk",1
2018,"Tufted Titmouse",31
2018,"American Crow",16
2018,"American Goldfinch",5
2018,"American Robin",28
2018,"Blue Jay",1
2018,"Blue-gray Gnatcatcher",4
2018,"Carolina Chickadee",16
2018,"Carolina Wren",13
2018,"Chipping Sparrow",5
2018,"Common Grackle",1
2018,"Downy Woodpecker",1
2018,"Eastern Bluebird",3
2018,"Eastern Towhee",7
2018,"European Starling",1
2018,"Fish Crow",1
2018,"Gray Catbird",5
2018,"House Finch",12
2018,"Mourning Dove",9
2018,"Northern Cardinal",33
2018,"Northern Mockingbird",7
2018,"Pine Warbler",2
2018,"Red-bellied Woodpecker",8
2018,"Song Sparrow",10
2018,"Tufted Titmouse",17
2018,"American Crow",14
2018,"American Goldfinch",2
2018,"Blue Jay",6
2018,"Blue-gray Gnatcatcher",13
2018,"Brown-headed Cowbird",1
2018,"Carolina Chickadee",7
2018,"Carolina Wren",10
2018,"Chipping Sparrow",9
2018,"Common Grackle",3
2018,"Common Yellowthroat",1
2018,"Downy Woodpecker",1
2018,"Eastern Bluebird",2
2018,"Eastern Towhee",3
2018,"Fish Crow",8
2018,"Gray Catbird",2
2018,"Mourning Dove",5
2018,"Northern Cardinal",29
2018,"Northern Mockingbird",4
2018,"Pine Warbler",5
2018,"Red-bellied Woodpecker",10
2018,"Song Sparrow",2
2018,"Tufted Titmouse",10
2018,"American Crow",10
2018,"American Robin",6
2018,"Blue Jay",2
2018,"Blue-gray Gnatcatcher",6
2018,"Brown-headed Cowbird",4
2018,"Carolina Chickadee",5
2018,"Carolina Wren",18
2018,"Chipping Sparrow",7
2018,"Common Grackle",1
2018,"Eastern Towhee",13
2018,"Gray Catbird",3
2018,"House Finch",14
2018,"Mourning Dove",6
2018,"Northern Cardinal",37
2018,"Northern Mockingbird",2
2018,"Pine Warbler",3
2018,"Red-bellied Woodpecker",7
2018,"Red-shouldered Hawk",1
2018,"Song Sparrow",2
2018,"Tufted Titmouse",10
2018,"White-breasted Nuthatch",1
2018,"American Crow",10
2018,"American Goldfinch",2
2018,"American Robin",8
2018,"Blue Jay",5
2018,"Blue-gray Gnatcatcher",6
2018,"Brown Thrasher",5
2018,"Brown-headed Cowbird",1
2018,"Brown-headed Nuthatch",2
2018,"Canada Goose",7
2018,"Carolina Chickadee",3
2018,"Carolina Wren",4
2018,"Chipping Sparrow",11
2018,"Common Grackle",2
2018,"Eastern Bluebird",3
2018,"Eastern Phoebe",1
2018,"Eastern Towhee",13
2018,"European Starling",3
2018,"Gray Catbird",2
2018,"House Finch",7
2018,"House Sparrow",4
2018,"Mourning Dove",6
2018,"Northern Cardinal",17
2018,"Northern Mockingbird",12
2018,"Pine Warbler",11
2018,"Red-bellied Woodpecker",5
2018,"Red-shouldered Hawk",2
2018,"Song Sparrow",3
2018,"Tufted Titmouse",12
2018,"American Crow",9
2018,"American Goldfinch",2
2018,"American Robin",4
2018,"Blue Jay",2
2018,"Blue-gray Gnatcatcher",9
2018,"Brown Thrasher",2
2018,"Carolina Chickadee",3
2018,"Carolina Wren",4
2018,"Chipping Sparrow",8
2018,"Downy Woodpecker",1
2018,"Eastern Bluebird",3
2018,"Eastern Phoebe",1
2018,"Eastern Towhee",8
2018,"European Starling",1
2018,"Fish Crow",4
2018,"Great Blue Heron",1
2018,"House Sparrow",3
2018,"Mourning Dove",14
2018,"Northern Cardinal",20
2018,"Northern Mockingbird",2
2018,"Pine Warbler",3
2018,"Red-bellied Woodpecker",5
2018,"Red-shouldered Hawk",2
2018,"Tufted Titmouse",13
2018,"White-breasted Nuthatch",1
2018,"American Crow",26
2018,"American Goldfinch",6
2018,"American Robin",13
2018,"Blue Jay",3
2018,"Blue-gray Gnatcatcher",17
2018,"Brown Thrasher",2
2018,"Brown-headed Cowbird",5
2018,"Carolina Chickadee",7
2018,"Carolina Wren",16
2018,"Chipping Sparrow",17
2018,"Common Grackle",2
2018,"Common Yellowthroat",1
2018,"Eastern Bluebird",10
2018,"Eastern Phoebe",2
2018,"Eastern Towhee",8
2018,"European Starling",3
2018,"Fish Crow",3
2018,"Great Blue Heron",1
2018,"House Finch",2
2018,"Killdeer",1
2018,"Mourning Dove",20
2018,"Northern Cardinal",36
2018,"Northern Mockingbird",13
2018,"Pine Warbler",2
2018,"Red-bellied Woodpecker",4
2018,"Red-shouldered Hawk",1
2018,"Tufted Titmouse",15
2018,"White-breasted Nuthatch",2
2018,"American Crow",33
2018,"American Goldfinch",6
2018,"American Robin",2
2018,"Blue Jay",1
2018,"Blue-gray Gnatcatcher",8
2018,"Brown-headed Cowbird",13
2018,"Brown-headed Nuthatch",1
2018,"Carolina Chickadee",2
2018,"Carolina Wren",16
2018,"Chipping Sparrow",20
2018,"Common Yellowthroat",4
2018,"Eastern Bluebird",17
2018,"Eastern Meadowlark",15
2018,"Eastern Towhee",2
2018,"European Starling",11
2018,"Field Sparrow",7
2018,"Great Blue Heron",1
2018,"House Finch",6
2018,"Mourning Dove",13
2018,"Northern Cardinal",20
2018,"Northern Mockingbird",9
2018,"Red-bellied Woodpecker",6
2018,"Red-winged Blackbird",1
2018,"Tufted Titmouse",23
2018,"White-breasted Nuthatch",2
2018,"American Crow",16
2018,"American Goldfinch",3
2018,"Brown Thrasher",1
2018,"Canada Goose",20
2018,"Carolina Wren",3
2018,"Chipping Sparrow",3
2018,"Common Grackle",1
2018,"Eastern Bluebird",2
2018,"Eastern Meadowlark",2
2018,"Eastern Phoebe",1
2018,"European Starling",6
2018,"Great Blue Heron",1
2018,"Mourning Dove",8
2018,"Northern Cardinal",15
2018,"Red-bellied Woodpecker",1
2018,"Red-winged Blackbird",1
2018,"Tufted Titmouse",10
2018,"American Crow",12
2018,"American Goldfinch",2
2018,"American Robin",1
2018,"Brown Thrasher",2
2018,"Carolina Wren",4
2018,"Chipping Sparrow",1
2018,"Eastern Bluebird",6
2018,"European Starling",16
2018,"Mourning Dove",14
2018,"Northern Cardinal",6
2018,"Northern Mockingbird",2
2018,"Red-bellied Woodpecker",1
2018,"Red-shouldered Hawk",1
2018,"Tufted Titmouse",5
2018,"American Crow",22
2018,"American Goldfinch",3
2018,"American Robin",8
2018,"Blue Jay",5
2018,"Blue-gray Gnatcatcher",9
2018,"Brown Thrasher",2
2018,"Brown-headed Cowbird",1
2018,"Brown-headed Nuthatch",1
2018,"Canada Goose",4
2018,"Carolina Chickadee",11
2018,"Carolina Wren",21
2018,"Chipping Sparrow",7
2018,"Downy Woodpecker",3
2018,"Eastern Bluebird",6
2018,"Eastern Phoebe",1
2018,"Eastern Towhee",1
2018,"European Starling",1
2018,"Fish Crow",5
2018,"Gray Catbird",2
2018,"House Finch",3
2018,"Mourning Dove",2
2018,"Northern Cardinal",37
2018,"Northern Mockingbird",5
2018,"Pileated Woodpecker",1
2018,"Red-bellied Woodpecker",8
2018,"Red-shouldered Hawk",1
2018,"Song Sparrow",1
2018,"Tufted Titmouse",24
2018,"Turkey Vulture",8
2018,"White-breasted Nuthatch",3
2018,"American Crow",34
2018,"American Goldfinch",4
2018,"American Robin",1
2018,"Blue Jay",3
2018,"Blue-gray Gnatcatcher",3
2018,"Brown Thrasher",3
2018,"Brown-headed Cowbird",3
2018,"Carolina Chickadee",5
2018,"Carolina Wren",19
2018,"Chipping Sparrow",21
2018,"Common Grackle",6
2018,"Common Yellowthroat",2
2018,"Eastern Bluebird",21
2018,"Eastern Meadowlark",3
2018,"European Starling",1
2018,"Field Sparrow",2
2018,"Fish Crow",1
2018,"Great Blue Heron",1
2018,"House Finch",4
2018,"Mourning Dove",27
2018,"Northern Cardinal",33
2018,"Northern Mockingbird",8
2018,"Pine Warbler",5
2018,"Red-bellied Woodpecker",19
2018,"Red-shouldered Hawk",3
2018,"Red-winged Blackbird",2
2018,"Tufted Titmouse",12
2018,"White-breasted Nuthatch",1
2018,"American Crow",34
2018,"American Goldfinch",3
2018,"American Robin",9
2018,"Blue Jay",1
2018,"Blue-gray Gnatcatcher",12
2018,"Brown Thrasher",1
2018,"Brown-headed Cowbird",3
2018,"Carolina Chickadee",1
2018,"Carolina Wren",15
2018,"Chipping Sparrow",19
2018,"Common Grackle",5
2018,"Common Yellowthroat",4
2018,"Downy Woodpecker",1
2018,"Eastern Bluebird",6
2018,"Eastern Meadowlark",3
2018,"Eastern Towhee",3
2018,"European Starling",7
2018,"Field Sparrow",5
2018,"Fish Crow",1
2018,"House Finch",1
2018,"Killdeer",1
2018,"Mourning Dove",24
2018,"Northern Cardinal",35
2018,"Northern Mockingbird",8
2018,"Pileated Woodpecker",1
2018,"Red-bellied Woodpecker",6
2018,"Red-shouldered Hawk",3
2018,"Red-winged Blackbird",1
2018,"Song Sparrow",2
2018,"Tufted Titmouse",11
2018,"White-breasted Nuthatch",1
2018,"American Crow",16
2018,"Blue Jay",2
2018,"Brown Thrasher",1
2018,"Canada Goose",2
2018,"Carolina Wren",5
2018,"Eastern Bluebird",5
2018,"Eastern Towhee",1
2018,"Mourning Dove",5
2018,"Northern Cardinal",11
2018,"Northern Mockingbird",1
2018,"Pine Warbler",2
2018,"Tufted Titmouse",10
2018,"American Crow",19
2018,"Brown Thrasher",2
2018,"Canada Goose",4
2018,"Carolina Wren",6
2018,"Eastern Bluebird",2
2018,"Eastern Meadowlark",1
2018,"European Starling",40
2018,"Fish Crow",2
2018,"Mourning Dove",1
2018,"Northern Mockingbird",3
2018,"Red-bellied Woodpecker",4
2018,"Tufted Titmouse",9
2018,"American Crow",28
2018,"American Goldfinch",2
2018,"American Robin",1
2018,"Blue Jay",2
2018,"Blue-gray Gnatcatcher",2
2018,"Brown Thrasher",1
2018,"Brown-headed Cowbird",2
2018,"Carolina Chickadee",2
2018,"Carolina Wren",6
2018,"Chipping Sparrow",8
2018,"Common Yellowthroat",1
2018,"Downy Woodpecker",1
2018,"Eastern Bluebird",3
2018,"Eastern Meadowlark",1
2018,"Eastern Phoebe",1
2018,"Eastern Towhee",2
2018,"European Starling",2
2018,"Great Blue Heron",2
2018,"Mourning Dove",4
2018,"Northern Cardinal",13
2018,"Northern Mockingbird",4
2018,"Pileated Woodpecker",2
2018,"Pine Warbler",1
2018,"Red-bellied Woodpecker",3
2018,"Tufted Titmouse",12
2018,"White-breasted Nuthatch",1
2018,"American Crow",5
2018,"American Robin",15
2018,"Blue Jay",1
2018,"Brown Thrasher",1
2018,"Carolina Chickadee",4
2018,"Carolina Wren",21
2018,"Chipping Sparrow",6
2018,"Eastern Bluebird",5
2018,"Eastern Phoebe",1
2018,"Eastern Towhee",7
2018,"Gray Catbird",3
2018,"House Finch",3
2018,"Mourning Dove",5
2018,"Northern Cardinal",32
2018,"Northern Mockingbird",3
2018,"Pileated Woodpecker",1
2018,"Pine Warbler",3
2018,"Red-bellied Woodpecker",11
2018,"Tufted Titmouse",20
2018,"White-breasted Nuthatch",2
2019,"American Crow",20
2019,"American Goldfinch",6
2019,"American Robin",2
2019,"Blue Jay",3
2019,"Blue-gray Gnatcatcher",10
2019,"Brown Thrasher",1
2019,"Brown-headed Cowbird",3
2019,"Brown-headed Nuthatch",5
2019,"Carolina Chickadee",5
2019,"Carolina Wren",11
2019,"Chipping Sparrow",5
2019,"Common Yellowthroat",1
2019,"Downy Woodpecker",2
2019,"Eastern Bluebird",2
2019,"Eastern Towhee",2
2019,"Fish Crow",1
2019,"Gray Catbird",1
2019,"Killdeer",1
2019,"Mourning Dove",10
2019,"Northern Cardinal",34
2019,"Northern Mockingbird",3
2019,"Pileated Woodpecker",3
2019,"Pine Warbler",19
2019,"Red-bellied Woodpecker",8
2019,"Tufted Titmouse",16
2019,"White-breasted Nuthatch",2
2019,"American Crow",14
2019,"American Goldfinch",8
2019,"American Robin",2
2019,"Blue Jay",1
2019,"Blue-gray Gnatcatcher",20
2019,"Brown Thrasher",1
2019,"Brown-headed Cowbird",2
2019,"Brown-headed Nuthatch",3
2019,"Canada Goose",5
2019,"Carolina Chickadee",11
2019,"Carolina Wren",13
2019,"Chipping Sparrow",13
2019,"Common Yellowthroat",1
2019,"Downy Woodpecker",3
2019,"Eastern Towhee",6
2019,"European Starling",8
2019,"Fish Crow",7
2019,"Gray Catbird",1
2019,"Great Blue Heron",2
2019,"House Finch",3
2019,"Mourning Dove",8
2019,"Northern Cardinal",32
2019,"Northern Mockingbird",4
2019,"Pine Warbler",14
2019,"Red-bellied Woodpecker",16
2019,"Red-shouldered Hawk",1
2019,"Tufted Titmouse",24
2019,"American Robin",5
2019,"Blue Jay",3
2019,"Blue-gray Gnatcatcher",7
2019,"Brown Thrasher",1
2019,"Carolina Chickadee",4
2019,"Carolina Wren",16
2019,"Chipping Sparrow",7
2019,"Common Yellowthroat",2
2019,"Downy Woodpecker",2
2019,"Eastern Bluebird",9
2019,"Eastern Meadowlark",1
2019,"Eastern Phoebe",1
2019,"Eastern Towhee",8
2019,"Mourning Dove",13
2019,"Northern Cardinal",17
2019,"Northern Mockingbird",11
2019,"Pine Warbler",21
2019,"Red-bellied Woodpecker",2
2019,"Tufted Titmouse",17
2019,"American Crow",18
2019,"American Goldfinch",1
2019,"American Robin",1
2019,"Blue Jay",4
2019,"Blue-gray Gnatcatcher",20
2019,"Brown Thrasher",1
2019,"Brown-headed Cowbird",1
2019,"Canada Goose",4
2019,"Carolina Chickadee",3
2019,"Carolina Wren",13
2019,"Chipping Sparrow",16
2019,"Common Grackle",4
2019,"Common Yellowthroat",2
2019,"Eastern Bluebird",2
2019,"Eastern Meadowlark",3
2019,"Eastern Towhee",3
2019,"European Starling",4
2019,"Field Sparrow",1
2019,"Mourning Dove",12
2019,"Northern Cardinal",8
2019,"Northern Mockingbird",6
2019,"Pine Warbler",5
2019,"Red-bellied Woodpecker",2
2019,"Tufted Titmouse",20
2019,"Turkey Vulture",2
2019,"American Crow",33
2019,"American Goldfinch",8
2019,"American Robin",2
2019,"Blue-gray Gnatcatcher",6
2019,"Brown-headed Cowbird",8
2019,"Carolina Chickadee",7
2019,"Carolina Wren",30
2019,"Chipping Sparrow",12
2019,"Common Grackle",11
2019,"Downy Woodpecker",1
2019,"Eastern Bluebird",7
2019,"Eastern Meadowlark",6
2019,"European Starling",1
2019,"Field Sparrow",2
2019,"Fish Crow",1
2019,"Killdeer",1
2019,"Mourning Dove",21
2019,"Northern Cardinal",40
2019,"Northern Mockingbird",13
2019,"Red-bellied Woodpecker",11
2019,"Red-winged Blackbird",2
2019,"Tufted Titmouse",16
2019,"White-breasted Nuthatch",3
2019,"American Crow",29
2019,"American Robin",2
2019,"Blue Jay",4
2019,"Blue-gray Gnatcatcher",5
2019,"Brown Thrasher",5
2019,"Brown-headed Cowbird",2
2019,"Brown-headed Nuthatch",1
2019,"Carolina Chickadee",3
2019,"Carolina Wren",21
2019,"Chipping Sparrow",8
2019,"Common Grackle",6
2019,"Common Yellowthroat",1
2019,"Downy Woodpecker",2
2019,"Eastern Bluebird",10
2019,"Eastern Meadowlark",3
2019,"Eastern Phoebe",1
2019,"Eastern Towhee",7
2019,"European Starling",1
2019,"Field Sparrow",2
2019,"Mourning Dove",23
2019,"Northern Cardinal",26
2019,"Northern Mockingbird",3
2019,"Pine Warbler",3
2019,"Red-bellied Woodpecker",10
2019,"Red-shouldered Hawk",4
2019,"Red-winged Blackbird",6
2019,"Tufted Titmouse",6
2019,"American Crow",23
2019,"American Goldfinch",5
2019,"American Robin",1
2019,"Blue Jay",7
2019,"Blue-gray Gnatcatcher",5
2019,"Brown Thrasher",1
2019,"Brown-headed Cowbird",3
2019,"Canada Goose",1
2019,"Carolina Chickadee",6
2019,"Carolina Wren",21
2019,"Chipping Sparrow",9
2019,"Common Grackle",2
2019,"Common Yellowthroat",2
2019,"Downy Woodpecker",1
2019,"Eastern Bluebird",7
2019,"Eastern Meadowlark",5
2019,"Eastern Phoebe",1
2019,"Eastern Towhee",4
2019,"European Starling",3
2019,"Field Sparrow",1
2019,"Mourning Dove",29
2019,"Northern Bobwhite",2
2019,"Northern Cardinal",24
2019,"Northern Mockingbird",11
2019,"Pine Warbler",11
2019,"Red-bellied Woodpecker",9
2019,"Red-shouldered Hawk",3
2019,"Tufted Titmouse",9
2019,"Turkey Vulture",1
2019,"American Crow",48
2019,"American Goldfinch",12
2019,"American Robin",2
2019,"Blue Jay",11
2019,"Blue-gray Gnatcatcher",6
2019,"Brown Thrasher",1
2019,"Brown-headed Cowbird",1
2019,"Brown-headed Nuthatch",4
2019,"Carolina Chickadee",14
2019,"Carolina Wren",14
2019,"Chipping Sparrow",12
2019,"Downy Woodpecker",3
2019,"Eastern Bluebird",6
2019,"Eastern Meadowlark",2
2019,"Eastern Phoebe",5
2019,"Eastern Towhee",3
2019,"European Starling",10
2019,"Field Sparrow",3
2019,"Killdeer",7
2019,"Mourning Dove",19
2019,"Northern Cardinal",34
2019,"Northern Mockingbird",10
2019,"Pileated Woodpecker",1
2019,"Pine Warbler",3
2019,"Red-bellied Woodpecker",5
2019,"Red-shouldered Hawk",1
2019,"Red-winged Blackbird",4
2019,"Tufted Titmouse",21
2019,"White-breasted Nuthatch",2
2019,"American Crow",23
2019,"American Goldfinch",1
2019,"Blue Jay",4
2019,"Blue-gray Gnatcatcher",19
2019,"Brown Thrasher",4
2019,"Brown-headed Nuthatch",1
2019,"Carolina Chickadee",10
2019,"Carolina Wren",27
2019,"Chipping Sparrow",13
2019,"Common Grackle",1
2019,"Common Yellowthroat",1
2019,"Downy Woodpecker",5
2019,"Eastern Bluebird",11
2019,"Eastern Phoebe",1
2019,"Eastern Towhee",8
2019,"Fish Crow",2
2019,"Great Blue Heron",1
2019,"House Finch",1
2019,"Mourning Dove",7
2019,"Northern Cardinal",26
2019,"Northern Mockingbird",4
2019,"Pine Warbler",18
2019,"Red-bellied Woodpecker",2
2019,"Red-shouldered Hawk",1
2019,"Tufted Titmouse",14
2019,"White-breasted Nuthatch",3
2019,"American Crow",20
2019,"American Goldfinch",1
2019,"American Robin",3
2019,"Blue Jay",3
2019,"Blue-gray Gnatcatcher",8
2019,"Brown Thrasher",1
2019,"Brown-headed Cowbird",5
2019,"Brown-headed Nuthatch",1
2019,"Carolina Wren",12
2019,"Chipping Sparrow",12
2019,"Common Yellowthroat",1
2019,"Eastern Bluebird",4
2019,"Eastern Phoebe",3
2019,"Eastern Towhee",1
2019,"Fish Crow",2
2019,"Mourning Dove",10
2019,"Northern Cardinal",13
2019,"Northern Mockingbird",2
2019,"Pileated Woodpecker",3
2019,"Red-shouldered Hawk",1
2019,"Tufted Titmouse",2
2019,"American Crow",21
2019,"American Goldfinch",11
2019,"American Robin",3
2019,"Blue Jay",3
2019,"Blue-gray Gnatcatcher",3
2019,"Brown Thrasher",3
2019,"Brown-headed Cowbird",8
2019,"Canada Goose",7
2019,"Carolina Chickadee",10
2019,"Carolina Wren",20
2019,"Chipping Sparrow",9
2019,"Common Grackle",8
2019,"Downy Woodpecker",1
2019,"Eastern Bluebird",12
2019,"Eastern Meadowlark",11
2019,"European Starling",2
2019,"Field Sparrow",1
2019,"Great Blue Heron",4
2019,"House Finch",2
2019,"Mourning Dove",12
2019,"Northern Cardinal",22
2019,"Northern Mockingbird",16
2019,"Pileated Woodpecker",1
2019,"Pine Warbler",1
2019,"Red-bellied Woodpecker",3
2019,"Red-shouldered Hawk",1
2019,"Red-winged Blackbird",3
2019,"Tufted Titmouse",16
2019,"Turkey Vulture",7
2019,"White-breasted Nuthatch",1
2019,"American Crow",24
2019,"American Goldfinch",5
2019,"American Robin",7
2019,"Blue Jay",3
2019,"Blue-gray Gnatcatcher",3
2019,"Brown Thrasher",1
2019,"Brown-headed Cowbird",3
2019,"Carolina Chickadee",19
2019,"Carolina Wren",21
2019,"Chipping Sparrow",26
2019,"Common Grackle",4
2019,"Downy Woodpecker",1
2019,"Eastern Bluebird",5
2019,"Eastern Meadowlark",6
2019,"Eastern Phoebe",2
2019,"Eastern Towhee",5
2019,"European Starling",25
2019,"Field Sparrow",2
2019,"Gray Catbird",1
2019,"House Finch",2
2019,"House Sparrow",2
2019,"Killdeer",2
2019,"Mourning Dove",11
2019,"Northern Cardinal",26
2019,"Northern Mockingbird",35
2019,"Pine Warbler",1
2019,"Red-bellied Woodpecker",5
2019,"Red-shouldered Hawk",2
2019,"Red-winged Blackbird",1
2019,"Song Sparrow",6
2019,"Tufted Titmouse",14
2019,"White-breasted Nuthatch",1
2019,"American Crow",7
2019,"Blue Jay",1
2019,"Canada Goose",36
2019,"Carolina Chickadee",1
2019,"Carolina Wren",3
2019,"Chipping Sparrow",5
2019,"Eastern Bluebird",1
2019,"Eastern Towhee",1
2019,"Mourning Dove",4
2019,"Northern Cardinal",22
2019,"Pileated Woodpecker",1
2019,"Red-bellied Woodpecker",2
2019,"American Crow",15
2019,"Blue Jay",2
2019,"Brown Thrasher",6
2019,"Canada Goose",1
2019,"Carolina Chickadee",1
2019,"Carolina Wren",5
2019,"Chipping Sparrow",3
2019,"Common Grackle",28
2019,"Common Yellowthroat",3
2019,"Eastern Bluebird",6
2019,"Eastern Meadowlark",5
2019,"Eastern Phoebe",1
2019,"Eastern Towhee",1
2019,"European Starling",6
2019,"Field Sparrow",2
2019,"Mourning Dove",12
2019,"Northern Cardinal",14
2019,"Northern Mockingbird",1
2019,"Pileated Woodpecker",1
2019,"Red-bellied Woodpecker",5
2019,"Red-shouldered Hawk",1
2019,"Red-winged Blackbird",3
2019,"Tufted Titmouse",9
2019,"Turkey Vulture",1
2019,"American Crow",31
2019,"American Goldfinch",1
2019,"American Robin",9
2019,"Blue Jay",6
2019,"Blue-gray Gnatcatcher",6
2019,"Brown-headed Cowbird",4
2019,"Brown-headed Nuthatch",2
2019,"Carolina Chickadee",5
2019,"Carolina Wren",20
2019,"Chipping Sparrow",11
2019,"Common Yellowthroat",5
2019,"Downy Woodpecker",2
2019,"Eastern Bluebird",11
2019,"Eastern Meadowlark",1
2019,"Eastern Phoebe",2
2019,"Fish Crow",1
2019,"Gray Catbird",1
2019,"Great Blue Heron",2
2019,"House Finch",1
2019,"Mourning Dove",4
2019,"Northern Cardinal",33
2019,"Northern Mockingbird",3
2019,"Pine Warbler",11
2019,"Red-bellied Woodpecker",6
2019,"Red-shouldered Hawk",3
2019,"Tufted Titmouse",8
2019,"Turkey Vulture",3
2019,"American Crow",15
2019,"American Goldfinch",6
2019,"American Robin",11
2019,"Blue Jay",4
2019,"Blue-gray Gnatcatcher",2
2019,"Brown Thrasher",1
2019,"Brown-headed Cowbird",6
2019,"Brown-headed Nuthatch",3
2019,"Carolina Chickadee",9
2019,"Carolina Wren",7
2019,"Chipping Sparrow",6
2019,"Common Grackle",4
2019,"Eastern Bluebird",1
2019,"Eastern Towhee",5
2019,"European Starling",4
2019,"Fish Crow",3
2019,"Gray Catbird",4
2019,"House Finch",10
2019,"Mourning Dove",2
2019,"Northern Cardinal",21
2019,"Northern Mockingbird",7
2019,"Pine Warbler",1
2019,"Red-bellied Woodpecker",4
2019,"Red-shouldered Hawk",2
2019,"Song Sparrow",6
2019,"Tufted Titmouse",10
2019,"American Crow",7
2019,"American Goldfinch",1
2019,"American Robin",3
2019,"Blue Jay",2
2019,"Blue-gray Gnatcatcher",18
2019,"Brown Thrasher",2
2019,"Canada Goose",5
2019,"Carolina Chickadee",9
2019,"Carolina Wren",25
2019,"Chipping Sparrow",10
2019,"Common Grackle",3
2019,"Common Yellowthroat",2
2019,"Downy Woodpecker",4
2019,"Eastern Bluebird",3
2019,"Eastern Phoebe",2
2019,"Eastern Towhee",3
2019,"European Starling",4
2019,"Fish Crow",1
2019,"Great Blue Heron",3
2019,"House Finch",2
2019,"House Sparrow",1
2019,"Killdeer",1
2019,"Mourning Dove",11
2019,"Northern Cardinal",23
2019,"Northern Mockingbird",1
2019,"Pine Warbler",13
2019,"Red-bellied Woodpecker",1
2019,"Red-shouldered Hawk",1
2019,"Tufted Titmouse",8
2019,"White-breasted Nuthatch",2
2019,"American Crow",3
2019,"American Robin",9
2019,"Blue Jay",3
2019,"Blue-gray Gnatcatcher",4
2019,"Brown Thrasher",1
2019,"Brown-headed Cowbird",10
2019,"Canada Goose",7
2019,"Carolina Chickadee",4
2019,"Carolina Wren",31
2019,"Chipping Sparrow",16
2019,"Common Grackle",2
2019,"Downy Woodpecker",1
2019,"Eastern Bluebird",5
2019,"Eastern Towhee",12
2019,"Fish Crow",12
2019,"Gray Catbird",1
2019,"Great Blue Heron",1
2019,"House Finch",10
2019,"House Sparrow",4
2019,"Mourning Dove",13
2019,"Northern Cardinal",38
2019,"Northern Mockingbird",6
2019,"Pine Warbler",2
2019,"Red-bellied Woodpecker",9
2019,"Song Sparrow",2
2019,"Tufted Titmouse",10
2019,"White-breasted Nuthatch",1
2019,"American Crow",6
2019,"American Goldfinch",1
2019,"American Robin",19
2019,"Blue Jay",8
2019,"Blue-gray Gnatcatcher",6
2019,"Brown Thrasher",2
2019,"Brown-headed Cowbird",3
2019,"Canada Goose",6
2019,"Carolina Chickadee",6
2019,"Carolina Wren",12
2019,"Chipping Sparrow",11
2019,"Common Grackle",12
2019,"Eastern Bluebird",8
2019,"Eastern Towhee",16
2019,"Fish Crow",2
2019,"Gray Catbird",4
2019,"House Finch",2
2019,"House Sparrow",4
2019,"Mourning Dove",7
2019,"Northern Cardinal",15
2019,"Northern Mockingbird",15
2019,"Pine Warbler",6
2019,"Red-bellied Woodpecker",5
2019,"Red-shouldered Hawk",1
2019,"Song Sparrow",5
2019,"Tufted Titmouse",14
2019,"White-breasted Nuthatch",2
2019,"American Crow",3
2019,"American Goldfinch",2
2019,"American Robin",1
2019,"Blue Jay",3
2019,"Blue-gray Gnatcatcher",9
2019,"Carolina Wren",11
2019,"Chipping Sparrow",11
2019,"Common Grackle",21
2019,"Eastern Bluebird",12
2019,"Eastern Towhee",5
2019,"Gray Catbird",1
2019,"House Finch",2
2019,"House Sparrow",1
2019,"Mourning Dove",7
2019,"Northern Cardinal",21
2019,"Northern Mockingbird",3
2019,"Pileated Woodpecker",1
2019,"Red-bellied Woodpecker",2
2019,"Red-shouldered Hawk",3
2019,"Tufted Titmouse",3
2019,"White-breasted Nuthatch",1
2019,"American Crow",28
2019,"American Goldfinch",3
2019,"American Robin",11
2019,"Blue Jay",1
2019,"Blue-gray Gnatcatcher",12
2019,"Brown Thrasher",1
2019,"Brown-headed Cowbird",1
2019,"Canada Goose",16
2019,"Carolina Chickadee",2
2019,"Carolina Wren",18
2019,"Chipping Sparrow",6
2019,"Common Grackle",14
2019,"Common Yellowthroat",6
2019,"Downy Woodpecker",3
2019,"Eastern Bluebird",6
2019,"Eastern Phoebe",1
2019,"Eastern Towhee",6
2019,"Fish Crow",6
2019,"Gray Catbird",1
2019,"House Finch",5
2019,"Mourning Dove",15
2019,"Northern Cardinal",31
2019,"Northern Mockingbird",9
2019,"Pine Warbler",3
2019,"Red-bellied Woodpecker",5
2019,"Red-shouldered Hawk",2
2019,"Song Sparrow",2
2019,"Tufted Titmouse",2
2019,"White-breasted Nuthatch",1
2019,"American Crow",27
2019,"American Goldfinch",3
2019,"American Robin",1
2019,"Blue Jay",2
2019,"Blue-gray Gnatcatcher",13
2019,"Carolina Chickadee",2
2019,"Carolina Wren",4
2019,"Chipping Sparrow",23
2019,"Common Yellowthroat",6
2019,"Downy Woodpecker",1
2019,"Eastern Bluebird",5
2019,"Eastern Meadowlark",8
2019,"Eastern Phoebe",2
2019,"Eastern Towhee",1
2019,"European Starling",14
2019,"Field Sparrow",2
2019,"Great Blue Heron",1
2019,"House Finch",5
2019,"Mourning Dove",13
2019,"Northern Cardinal",26
2019,"Northern Mockingbird",6
2019,"Pileated Woodpecker",1
2019,"Pine Warbler",1
2019,"Red-bellied Woodpecker",7
2019,"Red-winged Blackbird",15
2019,"Tufted Titmouse",13
2019,"White-breasted Nuthatch",1
2019,"American Crow",11
2019,"Brown Thrasher",1
2019,"Brown-headed Cowbird",2
2019,"Carolina Chickadee",2
2019,"Carolina Wren",8
2019,"Chipping Sparrow",1
2019,"Eastern Bluebird",5
2019,"Great Blue Heron",1
2019,"Mourning Dove",7
2019,"Northern Cardinal",8
2019,"Northern Mockingbird",1
2019,"Red-bellied Woodpecker",1
2019,"Red-winged Blackbird",1
2019,"Tufted Titmouse",2
2019,"American Crow",28
2019,"Blue Jay",2
2019,"Blue-gray Gnatcatcher",1
2019,"Brown-headed Nuthatch",1
2019,"Carolina Chickadee",4
2019,"Carolina Wren",33
2019,"Chipping Sparrow",9
2019,"Common Grackle",13
2019,"Downy Woodpecker",4
2019,"Eastern Bluebird",17
2019,"Eastern Meadowlark",3
2019,"Eastern Towhee",3
2019,"Gray Catbird",1
2019,"House Finch",1
2019,"Mourning Dove",8
2019,"Northern Cardinal",29
2019,"Northern Mockingbird",8
2019,"Red-bellied Woodpecker",4
2019,"Red-shouldered Hawk",3
2019,"Tufted Titmouse",3
2019,"White-breasted Nuthatch",1
2019,"American Crow",25
2019,"American Goldfinch",3
2019,"American Robin",3
2019,"Blue Jay",4
2019,"Blue-gray Gnatcatcher",8
2019,"Brown Thrasher",1
2019,"Brown-headed Cowbird",1
2019,"Brown-headed Nuthatch",2
2019,"Canada Goose",9
2019,"Carolina Chickadee",5
2019,"Carolina Wren",22
2019,"Chipping Sparrow",9
2019,"Common Yellowthroat",1
2019,"Downy Woodpecker",2
2019,"Eastern Bluebird",5
2019,"Eastern Phoebe",4
2019,"Eastern Towhee",4
2019,"Gray Catbird",1
2019,"House Finch",8
2019,"Mourning Dove",6
2019,"Northern Cardinal",33
2019,"Northern Mockingbird",4
2019,"Pine Warbler",4
2019,"Red-bellied Woodpecker",9
2019,"Red-shouldered Hawk",1
2019,"Tufted Titmouse",13
2019,"Turkey Vulture",4
2019,"White-breasted Nuthatch",2
2019,"American Crow",28
2019,"American Goldfinch",4
2019,"Blue Jay",3
2019,"Blue-gray Gnatcatcher",6
2019,"Brown-headed Cowbird",1
2019,"Canada Goose",3
2019,"Carolina Chickadee",5
2019,"Carolina Wren",16
2019,"Chipping Sparrow",19
2019,"Common Grackle",6
2019,"Common Yellowthroat",5
2019,"Downy Woodpecker",2
2019,"Eastern Bluebird",5
2019,"Eastern Meadowlark",5
2019,"Eastern Phoebe",2
2019,"Eastern Towhee",4
2019,"European Starling",27
2019,"Field Sparrow",3
2019,"Great Blue Heron",1
2019,"Killdeer",1
2019,"Mourning Dove",35
2019,"Northern Bobwhite",1
2019,"Northern Cardinal",22
2019,"Northern Mockingbird",12
2019,"Pine Warbler",11
2019,"Red-bellied Woodpecker",14
2019,"Red-shouldered Hawk",3
2019,"Red-winged Blackbird",4
2019,"Tufted Titmouse",20
2019,"White-breasted Nuthatch",2
2019,"American Crow",16
2019,"American Robin",5
2019,"Blue Jay",3
2019,"Blue-gray Gnatcatcher",8
2019,"Brown-headed Cowbird",2
2019,"Carolina Chickadee",11
2019,"Carolina Wren",18
2019,"Chipping Sparrow",11
2019,"Downy Woodpecker",1
2019,"Eastern Bluebird",6
2019,"Eastern Meadowlark",1
2019,"Eastern Towhee",4
2019,"House Finch",1
2019,"Mourning Dove",10
2019,"Northern Cardinal",28
2019,"Northern Mockingbird",2
2019,"Pine Warbler",8
2019,"Red-bellied Woodpecker",3
2019,"Song Sparrow",3
2019,"Tufted Titmouse",15
2019,"American Crow",24
2019,"Blue Jay",1
2019,"Blue-gray Gnatcatcher",9
2019,"Brown Thrasher",3
2019,"Brown-headed Cowbird",3
2019,"Canada Goose",4
2019,"Carolina Chickadee",1
2019,"Carolina Wren",5
2019,"Chipping Sparrow",14
2019,"Common Grackle",1
2019,"Common Yellowthroat",5
2019,"Downy Woodpecker",1
2019,"Eastern Bluebird",6
2019,"Eastern Phoebe",3
2019,"Eastern Towhee",2
2019,"European Starling",3
2019,"Field Sparrow",4
2019,"Fish Crow",1
2019,"Mourning Dove",29
2019,"Northern Cardinal",37
2019,"Northern Mockingbird",10
2019,"Pileated Woodpecker",1
2019,"Pine Warbler",2
2019,"Red-bellied Woodpecker",3
2019,"Red-shouldered Hawk",1
2019,"Red-winged Blackbird",1
2019,"Tufted Titmouse",9
2019,"American Crow",17
2019,"Blue Jay",2
2019,"Brown Thrasher",2
2019,"Carolina Wren",4
2019,"Eastern Bluebird",1
2019,"Mourning Dove",7
2019,"Northern Cardinal",12
2019,"Northern Mockingbird",1
2019,"Pileated Woodpecker",2
2019,"Red-bellied Woodpecker",4
2019,"Tufted Titmouse",9
2019,"American Crow",17
2019,"American Goldfinch",1
2019,"American Robin",1
2019,"Blue Jay",3
2019,"Blue-gray Gnatcatcher",10
2019,"Brown-headed Cowbird",1
2019,"Carolina Chickadee",7
2019,"Carolina Wren",11
2019,"Chipping Sparrow",13
2019,"Eastern Bluebird",4
2019,"Eastern Meadowlark",1
2019,"Eastern Towhee",2
2019,"Mourning Dove",7
2019,"Northern Cardinal",20
2019,"Northern Mockingbird",2
2019,"Pileated Woodpecker",1
2019,"Pine Warbler",8
2019,"Red-bellied Woodpecker",7
2019,"Red-shouldered Hawk",3
2019,"Tufted Titmouse",25
2019,"Turkey Vulture",2
2019,"White-breasted Nuthatch",1
2019,"American Crow",19
2019,"American Robin",3
2019,"Blue Jay",8
2019,"Blue-gray Gnatcatcher",2
2019,"Brown-headed Cowbird",1
2019,"Carolina Chickadee",8
2019,"Carolina Wren",16
2019,"Chipping Sparrow",2
2019,"Common Grackle",2
2019,"Eastern Bluebird",23
2019,"Eastern Meadowlark",1
2019,"Eastern Towhee",6
2019,"European Starling",9
2019,"Fish Crow",2
2019,"Gray Catbird",1
2019,"House Finch",4
2019,"Killdeer",1
2019,"Mourning Dove",6
2019,"Northern Cardinal",41
2019,"Northern Mockingbird",4
2019,"Red-bellied Woodpecker",5
2019,"Tufted Titmouse",16
2019,"White-breasted Nuthatch",3
2019,"American Crow",20
2019,"American Goldfinch",2
2019,"American Robin",1
2019,"Blue-gray Gnatcatcher",11
2019,"Brown Thrasher",2
2019,"Brown-headed Cowbird",1
2019,"Brown-headed Nuthatch",2
2019,"Carolina Chickadee",5
2019,"Carolina Wren",13
2019,"Chipping Sparrow",9
2019,"Common Grackle",3
2019,"Common Yellowthroat",1
2019,"Downy Woodpecker",4
2019,"Eastern Bluebird",2
2019,"Eastern Phoebe",1
2019,"Eastern Towhee",3
2019,"Mourning Dove",8
2019,"Northern Cardinal",19
2019,"Northern Mockingbird",2
2019,"Pileated Woodpecker",1
2019,"Pine Warbler",11
2019,"Red-bellied Woodpecker",10
2019,"Red-shouldered Hawk",1
2019,"Red-winged Blackbird",3
2019,"Tufted Titmouse",5
2019,"White-breasted Nuthatch",3
2019,"American Crow",6
2019,"American Goldfinch",1
2019,"American Robin",12
2019,"Blue-gray Gnatcatcher",3
2019,"Brown Thrasher",1
2019,"Brown-headed Cowbird",2
2019,"Carolina Chickadee",9
2019,"Carolina Wren",29
2019,"Chipping Sparrow",8
2019,"Common Grackle",2
2019,"Common Yellowthroat",1
2019,"Downy Woodpecker",3
2019,"Eastern Bluebird",9
2019,"Eastern Towhee",9
2019,"Gray Catbird",7
2019,"House Finch",7
2019,"Mourning Dove",6
2019,"Northern Cardinal",32
2019,"Northern Mockingbird",1
2019,"Pine Warbler",8
2019,"Red-bellied Woodpecker",8
2019,"Tufted Titmouse",24
2020,"American Crow",19
2020,"American Goldfinch",6
2020,"Blue Jay",2
2020,"Blue-gray Gnatcatcher",15
2020,"Brown Thrasher",2
2020,"Brown-headed Cowbird",3
2020,"Brown-headed Nuthatch",1
2020,"Carolina Chickadee",7
2020,"Carolina Wren",5
2020,"Chipping Sparrow",3
2020,"Common Yellowthroat",3
2020,"Downy Woodpecker",1
2020,"Eastern Bluebird",4
2020,"Eastern Towhee",2
2020,"Fish Crow",3
2020,"Mourning Dove",10
2020,"Northern Cardinal",33
2020,"Northern Mockingbird",2
2020,"Pine Warbler",25
2020,"Red-bellied Woodpecker",5
2020,"Tufted Titmouse",6
2020,"Turkey Vulture",1
2020,"White-breasted Nuthatch",2
2020,"American Crow",11
2020,"American Goldfinch",15
2020,"American Robin",2
2020,"Blue Jay",5
2020,"Blue-gray Gnatcatcher",9
2020,"Brown-headed Cowbird",3
2020,"Brown-headed Nuthatch",1
2020,"Carolina Chickadee",4
2020,"Carolina Wren",9
2020,"Chipping Sparrow",10
2020,"Common Grackle",2
2020,"Common Yellowthroat",1
2020,"Eastern Bluebird",4
2020,"Eastern Towhee",5
2020,"European Starling",30
2020,"Fish Crow",1
2020,"House Finch",2
2020,"Mourning Dove",2
2020,"Northern Cardinal",20
2020,"Northern Mockingbird",2
2020,"Pine Warbler",15
2020,"Red-bellied Woodpecker",5
2020,"Red-shouldered Hawk",1
2020,"Tufted Titmouse",11
2020,"American Crow",12
2020,"American Goldfinch",2
2020,"American Robin",2
2020,"Blue Jay",2
2020,"Blue-gray Gnatcatcher",9
2020,"Brown Thrasher",3
2020,"Carolina Chickadee",3
2020,"Carolina Wren",22
2020,"Chipping Sparrow",10
2020,"Eastern Bluebird",27
2020,"Eastern Meadowlark",1
2020,"Eastern Phoebe",1
2020,"Eastern Towhee",7
2020,"European Starling",50
2020,"Field Sparrow",1
2020,"Fish Crow",3
2020,"Gray Catbird",1
2020,"Great Blue Heron",3
2020,"Mourning Dove",8
2020,"Northern Bobwhite",1
2020,"Northern Cardinal",12
2020,"Northern Mockingbird",1
2020,"Pileated Woodpecker",2
2020,"Pine Warbler",17
2020,"Red-bellied Woodpecker",5
2020,"Red-shouldered Hawk",1
2020,"Tufted Titmouse",6
2020,"American Crow",21
2020,"American Goldfinch",5
2020,"American Robin",1
2020,"Blue Jay",2
2020,"Blue-gray Gnatcatcher",16
2020,"Brown Thrasher",1
2020,"Brown-headed Cowbird",3
2020,"Canada Goose",2
2020,"Carolina Chickadee",2
2020,"Carolina Wren",14
2020,"Chipping Sparrow",11
2020,"Common Grackle",4
2020,"Common Yellowthroat",1
2020,"Eastern Bluebird",2
2020,"Eastern Meadowlark",1
2020,"Eastern Phoebe",2
2020,"Eastern Towhee",1
2020,"European Starling",3
2020,"Mourning Dove",11
2020,"Northern Cardinal",13
2020,"Northern Mockingbird",5
2020,"Pine Warbler",1
2020,"Red-bellied Woodpecker",7
2020,"Tufted Titmouse",5
2020,"White-breasted Nuthatch",1
2020,"American Crow",17
2020,"American Goldfinch",14
2020,"Blue Jay",2
2020,"Blue-gray Gnatcatcher",8
2020,"Brown Thrasher",1
2020,"Brown-headed Cowbird",2
2020,"Carolina Chickadee",6
2020,"Carolina Wren",18
2020,"Chipping Sparrow",12
2020,"Common Grackle",12
2020,"Common Yellowthroat",1
2020,"Eastern Bluebird",15
2020,"Eastern Meadowlark",5
2020,"Eastern Phoebe",4
2020,"Eastern Towhee",2
2020,"European Starling",18
2020,"House Finch",2
2020,"Mourning Dove",11
2020,"Northern Cardinal",22
2020,"Northern Mockingbird",11
2020,"Pileated Woodpecker",1
2020,"Pine Warbler",1
2020,"Red-bellied Woodpecker",3
2020,"Tufted Titmouse",11
2020,"White-breasted Nuthatch",1
2020,"American Crow",28
2020,"American Goldfinch",3
2020,"American Robin",3
2020,"Blue Jay",6
2020,"Blue-gray Gnatcatcher",9
2020,"Brown Thrasher",3
2020,"Brown-headed Cowbird",8
2020,"Brown-headed Nuthatch",1
2020,"Carolina Chickadee",7
2020,"Carolina Wren",19
2020,"Chipping Sparrow",13
2020,"Common Grackle",2
2020,"Common Yellowthroat",2
2020,"Downy Woodpecker",3
2020,"Eastern Bluebird",14
2020,"Eastern Meadowlark",2
2020,"Eastern Phoebe",3
2020,"Eastern Towhee",5
2020,"Field Sparrow",1
2020,"Killdeer",1
2020,"Mourning Dove",24
2020,"Northern Cardinal",30
2020,"Northern Mockingbird",7
2020,"Pine Warbler",3
2020,"Red-bellied Woodpecker",13
2020,"Red-shouldered Hawk",2
2020,"Red-winged Blackbird",6
2020,"Tufted Titmouse",8
2020,"American Crow",27
2020,"American Goldfinch",5
2020,"Blue Jay",4
2020,"Blue-gray Gnatcatcher",6
2020,"Brown Thrasher",2
2020,"Brown-headed Cowbird",3
2020,"Brown-headed Nuthatch",2
2020,"Carolina Chickadee",6
2020,"Carolina Wren",22
2020,"Chipping Sparrow",12
2020,"Common Grackle",2
2020,"Common Yellowthroat",1
2020,"Downy Woodpecker",1
2020,"Eastern Bluebird",5
2020,"Eastern Meadowlark",5
2020,"Eastern Phoebe",2
2020,"Eastern Towhee",2
2020,"European Starling",2
2020,"Field Sparrow",1
2020,"House Finch",1
2020,"Mourning Dove",20
2020,"Northern Cardinal",24
2020,"Northern Mockingbird",4
2020,"Pileated Woodpecker",1
2020,"Pine Warbler",2
2020,"Red-bellied Woodpecker",6
2020,"Tufted Titmouse",9
2020,"White-breasted Nuthatch",2
2020,"American Crow",22
2020,"American Goldfinch",2
2020,"Blue Jay",2
2020,"Blue-gray Gnatcatcher",6
2020,"Brown Thrasher",5
2020,"Brown-headed Cowbird",1
2020,"Brown-headed Nuthatch",2
2020,"Carolina Chickadee",7
2020,"Carolina Wren",7
2020,"Chipping Sparrow",13
2020,"Downy Woodpecker",1
2020,"Eastern Bluebird",9
2020,"Eastern Meadowlark",3
2020,"Eastern Towhee",2
2020,"European Starling",1
2020,"Fish Crow",4
2020,"House Finch",2
2020,"Killdeer",3
2020,"Mourning Dove",17
2020,"Northern Cardinal",23
2020,"Northern Mockingbird",9
2020,"Pileated Woodpecker",1
2020,"Pine Warbler",9
2020,"Red-bellied Woodpecker",8
2020,"Red-shouldered Hawk",2
2020,"Tufted Titmouse",14
2020,"White-breasted Nuthatch",2
2020,"American Crow",7
2020,"American Goldfinch",4
2020,"American Robin",2
2020,"Blue Jay",1
2020,"Blue-gray Gnatcatcher",19
2020,"Brown Thrasher",2
2020,"Brown-headed Cowbird",1
2020,"Brown-headed Nuthatch",4
2020,"Carolina Chickadee",4
2020,"Carolina Wren",28
2020,"Chipping Sparrow",11
2020,"Common Grackle",2
2020,"Common Yellowthroat",1
2020,"Downy Woodpecker",5
2020,"Eastern Bluebird",7
2020,"Fish Crow",2
2020,"Gray Catbird",1
2020,"House Finch",2
2020,"Mourning Dove",29
2020,"Northern Cardinal",36
2020,"Northern Mockingbird",2
2020,"Pileated Woodpecker",1
2020,"Pine Warbler",18
2020,"Red-bellied Woodpecker",7
2020,"Red-shouldered Hawk",1
2020,"Tufted Titmouse",14
2020,"White-breasted Nuthatch",4
2020,"American Crow",10
2020,"American Goldfinch",4
2020,"American Robin",2
2020,"Blue Jay",3
2020,"Blue-gray Gnatcatcher",7
2020,"Brown Thrasher",1
2020,"Brown-headed Nuthatch",1
2020,"Canada Goose",1
2020,"Carolina Chickadee",1
2020,"Carolina Wren",17
2020,"Chipping Sparrow",11
2020,"Common Grackle",1
2020,"Common Yellowthroat",2
2020,"Eastern Bluebird",2
2020,"Eastern Phoebe",2
2020,"Eastern Towhee",1
2020,"European Starling",3
2020,"Fish Crow",5
2020,"House Sparrow",2
2020,"Northern Cardinal",11
2020,"Northern Mockingbird",6
2020,"Pileated Woodpecker",1
2020,"Red-bellied Woodpecker",4
2020,"Tufted Titmouse",7
2020,"American Crow",10
2020,"American Goldfinch",3
2020,"Blue Jay",3
2020,"Blue-gray Gnatcatcher",9
2020,"Brown Thrasher",1
2020,"Brown-headed Cowbird",1
2020,"Carolina Chickadee",2
2020,"Carolina Wren",7
2020,"Chipping Sparrow",8
2020,"Common Grackle",1
2020,"Common Yellowthroat",2
2020,"Downy Woodpecker",2
2020,"Eastern Bluebird",2
2020,"Eastern Towhee",2
2020,"Fish Crow",1
2020,"Great Blue Heron",1
2020,"House Finch",3
2020,"Mourning Dove",4
2020,"Northern Cardinal",14
2020,"Northern Mockingbird",1
2020,"Pine Warbler",3
2020,"Red-bellied Woodpecker",4
2020,"Tufted Titmouse",5
2020,"White-breasted Nuthatch",1
2020,"American Crow",22
2020,"American Goldfinch",7
2020,"American Robin",2
2020,"Blue Jay",6
2020,"Brown Thrasher",3
2020,"Brown-headed Cowbird",15
2020,"Carolina Chickadee",6
2020,"Carolina Wren",14
2020,"Chipping Sparrow",12
2020,"Common Grackle",2
2020,"Downy Woodpecker",2
2020,"Eastern Bluebird",7
2020,"Eastern Meadowlark",10
2020,"Eastern Phoebe",5
2020,"Eastern Towhee",3
2020,"Great Blue Heron",1
2020,"Mourning Dove",24
2020,"Northern Cardinal",25
2020,"Northern Mockingbird",21
2020,"Pine Warbler",2
2020,"Red-bellied Woodpecker",12
2020,"Red-winged Blackbird",8
2020,"Tufted Titmouse",10
2020,"Turkey Vulture",1
2020,"American Crow",29
2020,"American Goldfinch",6
2020,"American Robin",6
2020,"Blue Jay",2
2020,"Blue-gray Gnatcatcher",2
2020,"Brown Thrasher",3
2020,"Brown-headed Cowbird",7
2020,"Brown-headed Nuthatch",2
2020,"Carolina Chickadee",7
2020,"Carolina Wren",15
2020,"Chipping Sparrow",10
2020,"Common Grackle",9
2020,"Common Yellowthroat",4
2020,"Eastern Bluebird",9
2020,"Eastern Phoebe",6
2020,"Eastern Towhee",5
2020,"European Starling",4
2020,"Gray Catbird",3
2020,"House Finch",4
2020,"House Sparrow",2
2020,"Mourning Dove",11
2020,"Northern Cardinal",19
2020,"Northern Mockingbird",23
2020,"Red-bellied Woodpecker",4
2020,"Red-winged Blackbird",2
2020,"Song Sparrow",5
2020,"Tufted Titmouse",6
2020,"Turkey Vulture",1
2020,"White-breasted Nuthatch",1
2020,"American Crow",20
2020,"American Goldfinch",9
2020,"Blue Jay",4
2020,"Blue-gray Gnatcatcher",9
2020,"Brown Thrasher",1
2020,"Brown-headed Cowbird",2
2020,"Brown-headed Nuthatch",10
2020,"Carolina Chickadee",15
2020,"Carolina Wren",20
2020,"Chipping Sparrow",12
2020,"Downy Woodpecker",5
2020,"Eastern Bluebird",8
2020,"Eastern Phoebe",4
2020,"Eastern Towhee",6
2020,"Fish Crow",8
2020,"Great Blue Heron",1
2020,"House Finch",3
2020,"Mourning Dove",16
2020,"Northern Cardinal",19
2020,"Northern Mockingbird",1
2020,"Pileated Woodpecker",1
2020,"Pine Warbler",19
2020,"Red-bellied Woodpecker",12
2020,"Red-shouldered Hawk",1
2020,"Red-winged Blackbird",2
2020,"Tufted Titmouse",19
2020,"White-breasted Nuthatch",5
2020,"American Crow",21
2020,"American Goldfinch",1
2020,"Blue Jay",4
2020,"Blue-gray Gnatcatcher",1
2020,"Brown Thrasher",1
2020,"Canada Goose",3
2020,"Carolina Chickadee",1
2020,"Carolina Wren",10
2020,"Chipping Sparrow",4
2020,"Common Grackle",6
2020,"Common Yellowthroat",3
2020,"Eastern Bluebird",17
2020,"Eastern Meadowlark",1
2020,"Eastern Phoebe",3
2020,"Eastern Towhee",1
2020,"Field Sparrow",2
2020,"Fish Crow",1
2020,"House Finch",2
2020,"Mourning Dove",12
2020,"Northern Cardinal",26
2020,"Northern Mockingbird",5
2020,"Pine Warbler",2
2020,"Red-bellied Woodpecker",10
2020,"Red-shouldered Hawk",1
2020,"Tufted Titmouse",3
2020,"Turkey Vulture",3
2020,"White-breasted Nuthatch",2
2020,"American Crow",23
2020,"American Goldfinch",6
2020,"American Robin",4
2020,"Blue Jay",4
2020,"Blue-gray Gnatcatcher",17
2020,"Brown Thrasher",2
2020,"Brown-headed Cowbird",8
2020,"Brown-headed Nuthatch",2
2020,"Carolina Chickadee",18
2020,"Carolina Wren",19
2020,"Chipping Sparrow",14
2020,"Common Yellowthroat",1
2020,"Downy Woodpecker",5
2020,"Eastern Bluebird",5
2020,"Eastern Meadowlark",1
2020,"Eastern Phoebe",3
2020,"Eastern Towhee",2
2020,"Fish Crow",2
2020,"Great Blue Heron",1
2020,"House Finch",7
2020,"Killdeer",1
2020,"Mourning Dove",13
2020,"Northern Cardinal",26
2020,"Northern Mockingbird",5
2020,"Pileated Woodpecker",2
2020,"Pine Warbler",10
2020,"Red-bellied Woodpecker",6
2020,"Red-shouldered Hawk",1
2020,"Tufted Titmouse",17
2020,"White-breasted Nuthatch",3
2020,"American Crow",5
2020,"American Goldfinch",1
2020,"American Robin",18
2020,"Blue Jay",8
2020,"Blue-gray Gnatcatcher",4
2020,"Brown-headed Cowbird",13
2020,"Carolina Chickadee",11
2020,"Carolina Wren",14
2020,"Chipping Sparrow",8
2020,"Downy Woodpecker",1
2020,"Eastern Bluebird",4
2020,"Eastern Phoebe",2
2020,"Eastern Towhee",10
2020,"European Starling",3
2020,"Fish Crow",4
2020,"Gray Catbird",2
2020,"House Finch",8
2020,"Mourning Dove",5
2020,"Northern Cardinal",30
2020,"Northern Mockingbird",10
2020,"Pine Warbler",2
2020,"Red-bellied Woodpecker",9
2020,"Red-shouldered Hawk",2
2020,"Song Sparrow",10
2020,"Tufted Titmouse",15
2020,"American Crow",6
2020,"American Robin",5
2020,"Blue-gray Gnatcatcher",24
2020,"Brown Thrasher",2
2020,"Brown-headed Cowbird",3
2020,"Brown-headed Nuthatch",6
2020,"Canada Goose",2
2020,"Carolina Chickadee",10
2020,"Carolina Wren",21
2020,"Chipping Sparrow",16
2020,"Common Grackle",6
2020,"Common Yellowthroat",2
2020,"Downy Woodpecker",3
2020,"Eastern Bluebird",4
2020,"Eastern Meadowlark",1
2020,"Eastern Phoebe",5
2020,"Eastern Towhee",3
2020,"European Starling",3
2020,"Fish Crow",4
2020,"House Finch",5
2020,"House Sparrow",3
2020,"Killdeer",1
2020,"Mourning Dove",5
2020,"Northern Cardinal",22
2020,"Northern Mockingbird",5
2020,"Pine Warbler",6
2020,"Red-bellied Woodpecker",4
2020,"Red-shouldered Hawk",2
2020,"Tufted Titmouse",13
2020,"White-breasted Nuthatch",4
2020,"American Crow",9
2020,"American Goldfinch",4
2020,"American Robin",9
2020,"Blue Jay",5
2020,"Blue-gray Gnatcatcher",10
2020,"Brown-headed Cowbird",5
2020,"Carolina Chickadee",7
2020,"Carolina Wren",14
2020,"Chipping Sparrow",9
2020,"Common Grackle",5
2020,"Eastern Bluebird",5
2020,"Eastern Phoebe",2
2020,"Eastern Towhee",13
2020,"Gray Catbird",2
2020,"House Finch",16
2020,"Mourning Dove",11
2020,"Northern Cardinal",27
2020,"Northern Mockingbird",6
2020,"Pine Warbler",9
2020,"Red-bellied Woodpecker",10
2020,"Red-shouldered Hawk",2
2020,"Song Sparrow",1
2020,"Tufted Titmouse",8
2020,"White-breasted Nuthatch",7
2020,"American Crow",18
2020,"American Goldfinch",2
2020,"American Robin",11
2020,"Blue Jay",3
2020,"Blue-gray Gnatcatcher",4
2020,"Brown Thrasher",3
2020,"Brown-headed Cowbird",9
2020,"Canada Goose",6
2020,"Carolina Chickadee",5
2020,"Carolina Wren",14
2020,"Chipping Sparrow",10
2020,"Common Grackle",9
2020,"Downy Woodpecker",1
2020,"Eastern Bluebird",3
2020,"Eastern Towhee",9
2020,"European Starling",1
2020,"Gray Catbird",2
2020,"Great Blue Heron",2
2020,"House Finch",10
2020,"House Sparrow",3
2020,"Killdeer",1
2020,"Mourning Dove",16
2020,"Northern Cardinal",10
2020,"Northern Mockingbird",15
2020,"Pine Warbler",6
2020,"Red-bellied Woodpecker",3
2020,"Song Sparrow",3
2020,"Tufted Titmouse",12
2020,"White-breasted Nuthatch",1
2020,"American Crow",6
2020,"American Goldfinch",1
2020,"American Robin",5
2020,"Blue Jay",1
2020,"Blue-gray Gnatcatcher",12
2020,"Brown Thrasher",1
2020,"Brown-headed Cowbird",1
2020,"Carolina Chickadee",5
2020,"Carolina Wren",18
2020,"Chipping Sparrow",8
2020,"Common Grackle",3
2020,"Common Yellowthroat",1
2020,"Eastern Bluebird",6
2020,"Eastern Phoebe",1
2020,"Eastern Towhee",10
2020,"European Starling",1
2020,"Fish Crow",1
2020,"Mourning Dove",13
2020,"Northern Cardinal",17
2020,"Northern Mockingbird",6
2020,"Pileated Woodpecker",1
2020,"Red-bellied Woodpecker",5
2020,"Red-shouldered Hawk",1
2020,"Tufted Titmouse",2
2020,"White-breasted Nuthatch",1
2020,"American Crow",18
2020,"American Goldfinch",1
2020,"American Robin",13
2020,"Blue-gray Gnatcatcher",14
2020,"Brown Thrasher",2
2020,"Brown-headed Cowbird",4
2020,"Brown-headed Nuthatch",1
2020,"Canada Goose",5
2020,"Carolina Chickadee",3
2020,"Carolina Wren",18
2020,"Chipping Sparrow",15
2020,"Common Grackle",2
2020,"Common Yellowthroat",2
2020,"Downy Woodpecker",2
2020,"Eastern Bluebird",5
2020,"Eastern Phoebe",2
2020,"Eastern Towhee",5
2020,"Great Blue Heron",1
2020,"House Finch",5
2020,"Mourning Dove",21
2020,"Northern Cardinal",35
2020,"Northern Mockingbird",11
2020,"Pine Warbler",2
2020,"Red-bellied Woodpecker",1
2020,"Red-shouldered Hawk",1
2020,"Tufted Titmouse",6
2020,"White-breasted Nuthatch",1
2020,"American Crow",22
2020,"American Goldfinch",2
2020,"American Robin",1
2020,"Blue-gray Gnatcatcher",8
2020,"Brown Thrasher",1
2020,"Brown-headed Cowbird",1
2020,"Carolina Chickadee",6
2020,"Carolina Wren",5
2020,"Chipping Sparrow",10
2020,"Common Grackle",1
2020,"Common Yellowthroat",8
2020,"Eastern Bluebird",9
2020,"Eastern Meadowlark",8
2020,"Eastern Phoebe",3
2020,"Eastern Towhee",1
2020,"European Starling",10
2020,"Field Sparrow",3
2020,"Killdeer",3
2020,"Mourning Dove",14
2020,"Northern Cardinal",14
2020,"Northern Mockingbird",19
2020,"Pine Warbler",2
2020,"Red-bellied Woodpecker",2
2020,"Tufted Titmouse",12
2020,"American Crow",14
2020,"Brown Thrasher",2
2020,"Canada Goose",10
2020,"Carolina Wren",1
2020,"Common Grackle",4
2020,"Eastern Bluebird",3
2020,"Eastern Phoebe",1
2020,"European Starling",7
2020,"Mourning Dove",12
2020,"Northern Bobwhite",1
2020,"Northern Cardinal",7
2020,"Red-bellied Woodpecker",5
2020,"Red-winged Blackbird",1
2020,"Tufted Titmouse",3
2020,"American Crow",33
2020,"American Robin",2
2020,"Blue Jay",8
2020,"Blue-gray Gnatcatcher",2
2020,"Carolina Chickadee",7
2020,"Carolina Wren",9
2020,"Chipping Sparrow",9
2020,"Common Grackle",2
2020,"Downy Woodpecker",2
2020,"Eastern Bluebird",13
2020,"Eastern Meadowlark",3
2020,"Eastern Towhee",6
2020,"Gray Catbird",1
2020,"Killdeer",2
2020,"Mourning Dove",17
2020,"Northern Cardinal",14
2020,"Northern Mockingbird",15
2020,"Pine Warbler",2
2020,"Red-bellied Woodpecker",6
2020,"Red-shouldered Hawk",1
2020,"Song Sparrow",1
2020,"Tufted Titmouse",7
2020,"White-breasted Nuthatch",2
2020,"American Crow",22
2020,"American Goldfinch",4
2020,"American Robin",2
2020,"Blue Jay",2
2020,"Blue-gray Gnatcatcher",14
2020,"Brown-headed Cowbird",1
2020,"Brown-headed Nuthatch",7
2020,"Canada Goose",2
2020,"Carolina Chickadee",8
2020,"Carolina Wren",23
2020,"Chipping Sparrow",15
2020,"Downy Woodpecker",1
2020,"Eastern Bluebird",12
2020,"Eastern Phoebe",3
2020,"Eastern Towhee",3
2020,"Fish Crow",4
2020,"Gray Catbird",1
2020,"House Finch",4
2020,"Mourning Dove",2
2020,"Northern Cardinal",32
2020,"Northern Mockingbird",2
2020,"Red-bellied Woodpecker",2
2020,"Red-shouldered Hawk",1
2020,"Red-winged Blackbird",4
2020,"Tufted Titmouse",24
2020,"Turkey Vulture",1
2020,"White-breasted Nuthatch",8
2020,"American Crow",39
2020,"American Goldfinch",5
2020,"American Robin",1
2020,"Blue Jay",6
2020,"Blue-gray Gnatcatcher",12
2020,"Brown Thrasher",8
2020,"Brown-headed Cowbird",4
2020,"Brown-headed Nuthatch",2
2020,"Canada Goose",10
2020,"Carolina Chickadee",3
2020,"Carolina Wren",17
2020,"Chipping Sparrow",24
2020,"Common Grackle",34
2020,"Common Yellowthroat",2
2020,"Downy Woodpecker",2
2020,"Eastern Bluebird",13
2020,"Eastern Meadowlark",7
2020,"Eastern Phoebe",2
2020,"Eastern Towhee",5
2020,"European Starling",23
2020,"Field Sparrow",3
2020,"Fish Crow",5
2020,"Great Blue Heron",1
2020,"House Finch",2
2020,"Mourning Dove",29
2020,"Northern Cardinal",23
2020,"Northern Mockingbird",12
2020,"Pileated Woodpecker",1
2020,"Pine Warbler",15
2020,"Red-bellied Woodpecker",17
2020,"Red-shouldered Hawk",2
2020,"Red-winged Blackbird",2
2020,"Tufted Titmouse",12
2020,"White-breasted Nuthatch",1
2020,"American Crow",25
2020,"American Goldfinch",4
2020,"American Robin",8
2020,"Blue Jay",2
2020,"Blue-gray Gnatcatcher",5
2020,"Brown Thrasher",2
2020,"Brown-headed Cowbird",3
2020,"Brown-headed Nuthatch",6
2020,"Carolina Chickadee",15
2020,"Carolina Wren",16
2020,"Chipping Sparrow",8
2020,"Downy Woodpecker",6
2020,"Eastern Bluebird",10
2020,"Eastern Towhee",7
2020,"Fish Crow",2
2020,"Gray Catbird",4
2020,"House Finch",7
2020,"Mourning Dove",5
2020,"Northern Cardinal",53
2020,"Pine Warbler",13
2020,"Red-bellied Woodpecker",6
2020,"Song Sparrow",1
2020,"Tufted Titmouse",12
2020,"Turkey Vulture",1
2020,"White-breasted Nuthatch",1
2020,"American Crow",24
2020,"American Goldfinch",1
2020,"American Robin",2
2020,"Blue Jay",1
2020,"Blue-gray Gnatcatcher",14
2020,"Brown Thrasher",1
2020,"Brown-headed Cowbird",4
2020,"Carolina Chickadee",5
2020,"Carolina Wren",18
2020,"Chipping Sparrow",14
2020,"Common Grackle",2
2020,"Common Yellowthroat",2
2020,"Downy Woodpecker",1
2020,"Eastern Bluebird",6
2020,"Eastern Meadowlark",3
2020,"Eastern Towhee",3
2020,"European Starling",3
2020,"Field Sparrow",3
2020,"House Finch",3
2020,"Mourning Dove",17
2020,"Northern Cardinal",30
2020,"Northern Mockingbird",5
2020,"Pine Warbler",2
2020,"Red-bellied Woodpecker",3
2020,"Tufted Titmouse",8
2020,"American Crow",13
2020,"American Goldfinch",1
2020,"Blue Jay",1
2020,"Brown Thrasher",1
2020,"Carolina Chickadee",2
2020,"Carolina Wren",5
2020,"Eastern Bluebird",6
2020,"Eastern Phoebe",2
2020,"Eastern Towhee",1
2020,"European Starling",1
2020,"Mourning Dove",8
2020,"Northern Cardinal",18
2020,"Pileated Woodpecker",1
2020,"Red-bellied Woodpecker",2
2020,"Tufted Titmouse",2
2020,"American Crow",24
2020,"American Goldfinch",4
2020,"Blue Jay",4
2020,"Blue-gray Gnatcatcher",10
2020,"Brown Thrasher",2
2020,"Brown-headed Cowbird",2
2020,"Carolina Chickadee",6
2020,"Carolina Wren",15
2020,"Chipping Sparrow",6
2020,"Common Yellowthroat",1
2020,"Eastern Bluebird",7
2020,"Eastern Meadowlark",2
2020,"Eastern Towhee",1
2020,"Gray Catbird",1
2020,"House Finch",1
2020,"Killdeer",1
2020,"Mourning Dove",15
2020,"Northern Cardinal",28
2020,"Northern Mockingbird",4
2020,"Pine Warbler",3
2020,"Red-bellied Woodpecker",1
2020,"Red-shouldered Hawk",1
2020,"Tufted Titmouse",19
2020,"White-breasted Nuthatch",1
2020,"American Crow",37
2020,"Blue Jay",1
2020,"Brown-headed Cowbird",1
2020,"Carolina Chickadee",1
2020,"Carolina Wren",20
2020,"Chipping Sparrow",1
2020,"Eastern Bluebird",8
2020,"Eastern Meadowlark",2
2020,"Eastern Towhee",1
2020,"House Finch",3
2020,"Mourning Dove",6
2020,"Northern Cardinal",15
2020,"Northern Mockingbird",5
2020,"Pileated Woodpecker",2
2020,"Pine Warbler",3
2020,"Red-bellied Woodpecker",3
2020,"Red-shouldered Hawk",1
2020,"Tufted Titmouse",11
2020,"White-breasted Nuthatch",2
2020,"American Crow",28
2020,"American Goldfinch",4
2020,"American Robin",4
2020,"Blue Jay",1
2020,"Blue-gray Gnatcatcher",7
2020,"Brown Thrasher",1
2020,"Brown-headed Cowbird",8
2020,"Brown-headed Nuthatch",7
2020,"Carolina Chickadee",9
2020,"Carolina Wren",11
2020,"Chipping Sparrow",13
2020,"Downy Woodpecker",5
2020,"Eastern Bluebird",18
2020,"Eastern Towhee",2
2020,"Fish Crow",2
2020,"House Finch",3
2020,"Mourning Dove",10
2020,"Northern Cardinal",18
2020,"Northern Mockingbird",3
2020,"Pine Warbler",10
2020,"Red-bellied Woodpecker",7
2020,"Red-shouldered Hawk",1
2020,"Red-winged Blackbird",2
2020,"Tufted Titmouse",2
2020,"White-breasted Nuthatch",5
2020,"American Crow",4
2020,"American Goldfinch",2
2020,"American Robin",14
2020,"Blue Jay",2
2020,"Blue-gray Gnatcatcher",1
2020,"Brown-headed Cowbird",2
2020,"Brown-headed Nuthatch",2
2020,"Carolina Chickadee",12
2020,"Carolina Wren",25
2020,"Chipping Sparrow",16
2020,"Common Grackle",1
2020,"Downy Woodpecker",1
2020,"Eastern Bluebird",2
2020,"Eastern Meadowlark",2
2020,"Eastern Towhee",4
2020,"Fish Crow",4
2020,"Gray Catbird",3
2020,"House Finch",3
2020,"Mourning Dove",1
2020,"Northern Cardinal",26
2020,"Northern Mockingbird",9
2020,"Pine Warbler",6
2020,"Red-bellied Woodpecker",10
2020,"Song Sparrow",1
2020,"Tufted Titmouse",12
2020,"White-breasted Nuthatch",1
2021,"American Crow",14
2021,"American Goldfinch",6
2021,"Blue Jay",2
2021,"Blue-gray Gnatcatcher",6
2021,"Brown-headed Cowbird",1
2021,"Brown-headed Nuthatch",3
2021,"Canada Goose",29
2021,"Carolina Chickadee",8
2021,"Carolina Wren",11
2021,"Chipping Sparrow",8
2021,"Common Yellowthroat",2
2021,"Downy Woodpecker",2
2021,"Eastern Bluebird",3
2021,"Eastern Phoebe",1
2021,"Eastern Towhee",1
2021,"Fish Crow",5
2021,"Great Blue Heron",1
2021,"Killdeer",2
2021,"Mourning Dove",4
2021,"Northern Cardinal",24
2021,"Northern Mockingbird",2
2021,"Pine Warbler",25
2021,"Red-bellied Woodpecker",7
2021,"Tufted Titmouse",12
2021,"Turkey Vulture",2
2021,"White-breasted Nuthatch",3
2021,"American Crow",19
2021,"American Goldfinch",12
2021,"American Robin",2
2021,"Blue Jay",4
2021,"Blue-gray Gnatcatcher",9
2021,"Brown-headed Cowbird",5
2021,"Brown-headed Nuthatch",2
2021,"Canada Goose",3
2021,"Carolina Chickadee",4
2021,"Carolina Wren",16
2021,"Chipping Sparrow",17
2021,"Downy Woodpecker",1
2021,"Eastern Bluebird",3
2021,"Eastern Phoebe",1
2021,"Eastern Towhee",4
2021,"Fish Crow",1
2021,"Great Blue Heron",1
2021,"House Finch",2
2021,"Mourning Dove",8
2021,"Northern Cardinal",21
2021,"Northern Mockingbird",3
2021,"Pine Warbler",15
2021,"Red-bellied Woodpecker",8
2021,"Tufted Titmouse",13
2021,"American Crow",6
2021,"Blue-gray Gnatcatcher",7
2021,"Brown Thrasher",1
2021,"Brown-headed Cowbird",2
2021,"Carolina Chickadee",2
2021,"Carolina Wren",23
2021,"Chipping Sparrow",11
2021,"Common Yellowthroat",2
2021,"Eastern Bluebird",8
2021,"Eastern Meadowlark",3
2021,"Eastern Phoebe",1
2021,"Eastern Towhee",2
2021,"European Starling",4
2021,"Field Sparrow",1
2021,"Fish Crow",2
2021,"Mourning Dove",12
2021,"Northern Bobwhite",2
2021,"Northern Cardinal",13
2021,"Northern Mockingbird",6
2021,"Pine Warbler",12
2021,"Red-shouldered Hawk",2
2021,"Tufted Titmouse",3
2021,"Turkey Vulture",3
2021,"American Crow",14
2021,"American Goldfinch",1
2021,"Blue Jay",9
2021,"Blue-gray Gnatcatcher",12
2021,"Brown Thrasher",1
2021,"Brown-headed Cowbird",5
2021,"Carolina Chickadee",16
2021,"Carolina Wren",19
2021,"Chipping Sparrow",11
2021,"Common Grackle",2
2021,"Common Yellowthroat",1
2021,"Downy Woodpecker",3
2021,"Eastern Bluebird",7
2021,"Eastern Towhee",1
2021,"European Starling",7
2021,"Gray Catbird",1
2021,"Mourning Dove",6
2021,"Northern Cardinal",18
2021,"Northern Mockingbird",1
2021,"Pine Warbler",3
2021,"Red-bellied Woodpecker",2
2021,"Tufted Titmouse",7
2021,"American Crow",37
2021,"American Goldfinch",11
2021,"American Robin",2
2021,"Blue Jay",5
2021,"Blue-gray Gnatcatcher",1
2021,"Brown Thrasher",2
2021,"Brown-headed Cowbird",4
2021,"Carolina Chickadee",5
2021,"Carolina Wren",25
2021,"Chipping Sparrow",15
2021,"Common Grackle",1
2021,"Common Yellowthroat",1
2021,"Eastern Bluebird",20
2021,"Eastern Meadowlark",12
2021,"Eastern Phoebe",3
2021,"Eastern Towhee",1
2021,"European Starling",1
2021,"Field Sparrow",4
2021,"Mourning Dove",7
2021,"Northern Cardinal",25
2021,"Northern Mockingbird",15
2021,"Red-bellied Woodpecker",7
2021,"Red-shouldered Hawk",1
2021,"Red-winged Blackbird",2
2021,"Tufted Titmouse",15
2021,"White-breasted Nuthatch",1
2021,"American Crow",25
2021,"American Goldfinch",2
2021,"Blue Jay",7
2021,"Blue-gray Gnatcatcher",8
2021,"Brown Thrasher",1
2021,"Carolina Chickadee",10
2021,"Carolina Wren",29
2021,"Chipping Sparrow",13
2021,"Common Grackle",1
2021,"Common Yellowthroat",2
2021,"Downy Woodpecker",3
2021,"Eastern Bluebird",7
2021,"Eastern Meadowlark",5
2021,"Eastern Phoebe",2
2021,"Eastern Towhee",2
2021,"Field Sparrow",2
2021,"Great Blue Heron",1
2021,"House Finch",1
2021,"Killdeer",10
2021,"Mourning Dove",22
2021,"Northern Cardinal",36
2021,"Northern Mockingbird",10
2021,"Red-bellied Woodpecker",10
2021,"Red-shouldered Hawk",3
2021,"Red-winged Blackbird",4
2021,"Tufted Titmouse",11
2021,"White-breasted Nuthatch",1
2021,"American Crow",9
2021,"American Goldfinch",1
2021,"Blue Jay",1
2021,"Blue-gray Gnatcatcher",3
2021,"Brown-headed Cowbird",3
2021,"Carolina Chickadee",1
2021,"Carolina Wren",22
2021,"Chipping Sparrow",8
2021,"Common Grackle",2
2021,"Common Yellowthroat",1
2021,"Eastern Bluebird",7
2021,"Eastern Meadowlark",2
2021,"Eastern Towhee",3
2021,"House Finch",1
2021,"Mourning Dove",17
2021,"Northern Cardinal",21
2021,"Northern Mockingbird",5
2021,"Pileated Woodpecker",1
2021,"Pine Warbler",10
2021,"Red-bellied Woodpecker",8
2021,"Tufted Titmouse",4
2021,"American Crow",30
2021,"American Goldfinch",3
2021,"American Robin",1
2021,"Blue Jay",5
2021,"Blue-gray Gnatcatcher",7
2021,"Brown-headed Cowbird",3
2021,"Brown-headed Nuthatch",3
2021,"Carolina Chickadee",9
2021,"Carolina Wren",16
2021,"Chipping Sparrow",12
2021,"Common Yellowthroat",3
2021,"Downy Woodpecker",1
2021,"Eastern Bluebird",11
2021,"Eastern Meadowlark",3
2021,"Eastern Phoebe",5
2021,"Eastern Towhee",2
2021,"European Starling",5
2021,"Fish Crow",3
2021,"Mourning Dove",23
2021,"Northern Cardinal",32
2021,"Northern Mockingbird",9
2021,"Pileated Woodpecker",1
2021,"Pine Warbler",13
2021,"Red-bellied Woodpecker",4
2021,"Red-shouldered Hawk",4
2021,"Tufted Titmouse",13
2021,"White-breasted Nuthatch",2
2021,"American Crow",19
2021,"American Robin",3
2021,"Blue Jay",6
2021,"Blue-gray Gnatcatcher",16
2021,"Brown Thrasher",3
2021,"Brown-headed Cowbird",7
2021,"Carolina Chickadee",7
2021,"Carolina Wren",18
2021,"Chipping Sparrow",5
2021,"Eastern Bluebird",4
2021,"Eastern Phoebe",1
2021,"Great Blue Heron",2
2021,"Killdeer",1
2021,"Mourning Dove",10
2021,"Northern Cardinal",22
2021,"Northern Mockingbird",6
2021,"Pileated Woodpecker",3
2021,"Pine Warbler",18
2021,"Red-bellied Woodpecker",3
2021,"Red-shouldered Hawk",4
2021,"Tufted Titmouse",7
2021,"White-breasted Nuthatch",2
2021,"American Crow",19
2021,"American Goldfinch",7
2021,"American Robin",1
2021,"Blue Jay",3
2021,"Blue-gray Gnatcatcher",5
2021,"Brown Thrasher",1
2021,"Brown-headed Cowbird",1
2021,"Brown-headed Nuthatch",1
2021,"Carolina Chickadee",3
2021,"Carolina Wren",4
2021,"Chipping Sparrow",10
2021,"Eastern Bluebird",6
2021,"Eastern Phoebe",2
2021,"Eastern Towhee",1
2021,"European Starling",1
2021,"Fish Crow",8
2021,"House Finch",1
2021,"House Sparrow",1
2021,"Mourning Dove",9
2021,"Northern Cardinal",14
2021,"Northern Mockingbird",3
2021,"Pileated Woodpecker",1
2021,"Red-bellied Woodpecker",3
2021,"Red-shouldered Hawk",1
2021,"Tufted Titmouse",5
2021,"Turkey Vulture",1
2021,"American Crow",22
2021,"American Robin",3
2021,"Blue Jay",16
2021,"Blue-gray Gnatcatcher",2
2021,"Brown Thrasher",2
2021,"Brown-headed Cowbird",1
2021,"Canada Goose",11
2021,"Carolina Chickadee",7
2021,"Carolina Wren",29
2021,"Chipping Sparrow",19
2021,"Common Grackle",4
2021,"Downy Woodpecker",1
2021,"Eastern Bluebird",8
2021,"Eastern Meadowlark",7
2021,"Eastern Phoebe",2
2021,"Eastern Towhee",2
2021,"European Starling",2
2021,"Gray Catbird",1
2021,"Great Blue Heron",1
2021,"Mourning Dove",15
2021,"Northern Cardinal",31
2021,"Northern Mockingbird",26
2021,"Pileated Woodpecker",4
2021,"Red-bellied Woodpecker",3
2021,"Red-shouldered Hawk",1
2021,"Tufted Titmouse",16
2021,"Turkey Vulture",2
2021,"White-breasted Nuthatch",2
2021,"American Crow",34
2021,"American Goldfinch",5
2021,"American Robin",7
2021,"Blue Jay",9
2021,"Blue-gray Gnatcatcher",1
2021,"Brown Thrasher",4
2021,"Brown-headed Cowbird",9
2021,"Carolina Chickadee",3
2021,"Carolina Wren",36
2021,"Chipping Sparrow",17
2021,"Common Grackle",9
2021,"Common Yellowthroat",4
2021,"Eastern Bluebird",13
2021,"Eastern Meadowlark",6
2021,"Eastern Phoebe",2
2021,"Eastern Towhee",6
2021,"European Starling",4
2021,"Fish Crow",2
2021,"Great Blue Heron",1
2021,"House Finch",8
2021,"Killdeer",1
2021,"Mourning Dove",17
2021,"Northern Cardinal",20
2021,"Northern Mockingbird",12
2021,"Pileated Woodpecker",2
2021,"Pine Warbler",2
2021,"Red-bellied Woodpecker",10
2021,"Red-shouldered Hawk",4
2021,"Red-winged Blackbird",2
2021,"Song Sparrow",3
2021,"Tufted Titmouse",9
2021,"American Crow",16
2021,"American Goldfinch",5
2021,"American Robin",7
2021,"Blue Jay",4
2021,"Blue-gray Gnatcatcher",7
2021,"Brown Thrasher",1
2021,"Brown-headed Cowbird",5
2021,"Brown-headed Nuthatch",11
2021,"Canada Goose",1
2021,"Carolina Chickadee",19
2021,"Carolina Wren",24
2021,"Chipping Sparrow",18
2021,"Common Yellowthroat",1
2021,"Downy Woodpecker",3
2021,"Eastern Bluebird",13
2021,"Eastern Phoebe",5
2021,"Eastern Towhee",3
2021,"European Starling",1
2021,"Field Sparrow",2
2021,"Fish Crow",4
2021,"Gray Catbird",1
2021,"Great Blue Heron",6
2021,"House Finch",11
2021,"Mourning Dove",17
2021,"Northern Cardinal",23
2021,"Northern Mockingbird",10
2021,"Pine Warbler",23
2021,"Red-bellied Woodpecker",11
2021,"Red-winged Blackbird",1
2021,"Tufted Titmouse",17
2021,"White-breasted Nuthatch",1
2021,"American Crow",23
2021,"American Goldfinch",8
2021,"American Robin",1
2021,"Blue Jay",7
2021,"Blue-gray Gnatcatcher",7
2021,"Brown Thrasher",1
2021,"Brown-headed Cowbird",11
2021,"Carolina Chickadee",17
2021,"Carolina Wren",17
2021,"Chipping Sparrow",16
2021,"Common Yellowthroat",5
2021,"Downy Woodpecker",4
2021,"Eastern Bluebird",7
2021,"Eastern Meadowlark",3
2021,"Eastern Phoebe",6
2021,"Eastern Towhee",1
2021,"European Starling",6
2021,"Field Sparrow",1
2021,"Fish Crow",1
2021,"Gray Catbird",1
2021,"House Finch",3
2021,"Killdeer",1
2021,"Mourning Dove",19
2021,"Northern Cardinal",13
2021,"Northern Mockingbird",13
2021,"Pine Warbler",5
2021,"Red-bellied Woodpecker",6
2021,"Red-shouldered Hawk",1
2021,"Red-winged Blackbird",1
2021,"Tufted Titmouse",18
2021,"Turkey Vulture",2
2021,"White-breasted Nuthatch",4
2021,"American Crow",31
2021,"American Goldfinch",6
2021,"American Robin",10
2021,"Brown Thrasher",2
2021,"Brown-headed Cowbird",4
2021,"Carolina Chickadee",7
2021,"Carolina Wren",16
2021,"Chipping Sparrow",11
2021,"Eastern Bluebird",3
2021,"Eastern Towhee",4
2021,"Fish Crow",1
2021,"Gray Catbird",1
2021,"House Finch",5
2021,"Killdeer",1
2021,"Mourning Dove",1
2021,"Northern Cardinal",22
2021,"Northern Mockingbird",4
2021,"Pine Warbler",3
2021,"Red-bellied Woodpecker",2
2021,"Song Sparrow",8
2021,"Tufted Titmouse",9
2021,"American Crow",6
2021,"American Robin",11
2021,"Blue Jay",1
2021,"Blue-gray Gnatcatcher",13
2021,"Brown-headed Cowbird",4
2021,"Canada Goose",1
2021,"Carolina Chickadee",8
2021,"Carolina Wren",16
2021,"Chipping Sparrow",15
2021,"Common Grackle",6
2021,"Common Yellowthroat",1
2021,"Downy Woodpecker",2
2021,"Eastern Bluebird",2
2021,"Eastern Phoebe",2
2021,"Eastern Towhee",1
2021,"European Starling",2
2021,"Fish Crow",2
2021,"Great Blue Heron",1
2021,"House Finch",1
2021,"House Sparrow",3
2021,"Mourning Dove",6
2021,"Northern Cardinal",22
2021,"Northern Mockingbird",3
2021,"Pine Warbler",6
2021,"Red-bellied Woodpecker",1
2021,"Red-shouldered Hawk",1
2021,"Song Sparrow",1
2021,"Tufted Titmouse",5
2021,"White-breasted Nuthatch",2
2021,"American Crow",9
2021,"American Goldfinch",1
2021,"American Robin",15
2021,"Blue Jay",1
2021,"Blue-gray Gnatcatcher",2
2021,"Brown Thrasher",1
2021,"Brown-headed Nuthatch",3
2021,"Carolina Chickadee",10
2021,"Carolina Wren",15
2021,"Chipping Sparrow",14
2021,"Downy Woodpecker",3
2021,"Eastern Bluebird",6
2021,"Eastern Phoebe",1
2021,"Eastern Towhee",8
2021,"European Starling",5
2021,"Fish Crow",3
2021,"Gray Catbird",3
2021,"House Finch",10
2021,"Mourning Dove",1
2021,"Northern Cardinal",27
2021,"Pine Warbler",6
2021,"Red-bellied Woodpecker",3
2021,"Song Sparrow",3
2021,"Tufted Titmouse",8
2021,"White-breasted Nuthatch",2
2021,"American Crow",12
2021,"American Goldfinch",5
2021,"American Robin",21
2021,"Blue Jay",5
2021,"Blue-gray Gnatcatcher",2
2021,"Brown Thrasher",2
2021,"Brown-headed Cowbird",4
2021,"Canada Goose",1
2021,"Carolina Chickadee",3
2021,"Carolina Wren",13
2021,"Chipping Sparrow",8
2021,"Common Grackle",12
2021,"Eastern Bluebird",7
2021,"Eastern Phoebe",2
2021,"Eastern Towhee",14
2021,"European Starling",5
2021,"Gray Catbird",1
2021,"House Finch",6
2021,"House Sparrow",2
2021,"Mourning Dove",8
2021,"Northern Cardinal",22
2021,"Northern Mockingbird",5
2021,"Pine Warbler",5
2021,"Red-bellied Woodpecker",3
2021,"Red-winged Blackbird",2
2021,"Song Sparrow",2
2021,"Tufted Titmouse",5
2021,"White-breasted Nuthatch",1
2021,"American Crow",4
2021,"Blue Jay",1
2021,"Blue-gray Gnatcatcher",7
2021,"Brown-headed Cowbird",2
2021,"Brown-headed Nuthatch",5
2021,"Carolina Chickadee",12
2021,"Carolina Wren",14
2021,"Chipping Sparrow",11
2021,"Common Grackle",3
2021,"Common Yellowthroat",2
2021,"Eastern Bluebird",8
2021,"Eastern Phoebe",2
2021,"Eastern Towhee",7
2021,"European Starling",5
2021,"Fish Crow",6
2021,"House Finch",1
2021,"Mourning Dove",7
2021,"Northern Cardinal",19
2021,"Northern Mockingbird",7
2021,"Pine Warbler",8
2021,"Red-bellied Woodpecker",1
2021,"Red-shouldered Hawk",1
2021,"Song Sparrow",1
2021,"Tufted Titmouse",12
2021,"American Crow",12
2021,"American Goldfinch",1
2021,"American Robin",6
2021,"Blue Jay",3
2021,"Blue-gray Gnatcatcher",9
2021,"Brown Thrasher",2
2021,"Brown-headed Cowbird",2
2021,"Canada Goose",28
2021,"Carolina Chickadee",12
2021,"Carolina Wren",15
2021,"Chipping Sparrow",13
2021,"Common Grackle",6
2021,"Downy Woodpecker",1
2021,"Eastern Bluebird",6
2021,"Eastern Phoebe",5
2021,"Eastern Towhee",9
2021,"European Starling",2
2021,"Fish Crow",2
2021,"Gray Catbird",1
2021,"Great Blue Heron",1
2021,"House Finch",1
2021,"House Sparrow",5
2021,"Mourning Dove",17
2021,"Northern Cardinal",23
2021,"Northern Mockingbird",14
2021,"Pine Warbler",2
2021,"Red-bellied Woodpecker",5
2021,"Red-shouldered Hawk",1
2021,"Tufted Titmouse",8
2021,"White-breasted Nuthatch",1
2021,"American Crow",16
2021,"American Goldfinch",5
2021,"Blue Jay",1
2021,"Blue-gray Gnatcatcher",9
2021,"Brown Thrasher",2
2021,"Brown-headed Cowbird",9
2021,"Carolina Chickadee",7
2021,"Carolina Wren",9
2021,"Chipping Sparrow",13
2021,"Common Yellowthroat",4
2021,"Eastern Bluebird",13
2021,"Eastern Meadowlark",20
2021,"Eastern Phoebe",6
2021,"European Starling",12
2021,"Field Sparrow",3
2021,"Great Blue Heron",1
2021,"House Finch",2
2021,"Mourning Dove",22
2021,"Northern Cardinal",19
2021,"Northern Mockingbird",8
2021,"Pileated Woodpecker",2
2021,"Red-bellied Woodpecker",3
2021,"Red-winged Blackbird",1
2021,"Tufted Titmouse",6
2021,"White-breasted Nuthatch",1
2021,"American Crow",9
2021,"American Goldfinch",2
2021,"Carolina Wren",14
2021,"Chipping Sparrow",1
2021,"Common Grackle",3
2021,"Common Yellowthroat",1
2021,"Eastern Bluebird",7
2021,"Eastern Meadowlark",1
2021,"European Starling",8
2021,"Mourning Dove",4
2021,"Northern Cardinal",6
2021,"Northern Mockingbird",5
2021,"Pine Warbler",1
2021,"Red-bellied Woodpecker",1
2021,"Red-winged Blackbird",1
2021,"Tufted Titmouse",8
2021,"American Crow",32
2021,"Blue Jay",6
2021,"Carolina Chickadee",5
2021,"Carolina Wren",18
2021,"Chipping Sparrow",8
2021,"Common Grackle",1
2021,"Downy Woodpecker",1
2021,"Eastern Bluebird",20
2021,"Eastern Meadowlark",2
2021,"Eastern Phoebe",3
2021,"Eastern Towhee",2
2021,"European Starling",10
2021,"Gray Catbird",1
2021,"Killdeer",1
2021,"Mourning Dove",15
2021,"Northern Cardinal",29
2021,"Northern Mockingbird",9
2021,"Pileated Woodpecker",1
2021,"Red-bellied Woodpecker",9
2021,"Red-shouldered Hawk",1
2021,"Tufted Titmouse",8
2021,"American Crow",24
2021,"American Goldfinch",1
2021,"Blue Jay",3
2021,"Blue-gray Gnatcatcher",4
2021,"Brown-headed Cowbird",3
2021,"Brown-headed Nuthatch",6
2021,"Carolina Chickadee",10
2021,"Carolina Wren",23
2021,"Chipping Sparrow",10
2021,"Common Grackle",3
2021,"Downy Woodpecker",5
2021,"Eastern Bluebird",8
2021,"Eastern Phoebe",2
2021,"Eastern Towhee",1
2021,"Fish Crow",4
2021,"Gray Catbird",1
2021,"House Finch",8
2021,"Mourning Dove",7
2021,"Northern Cardinal",24
2021,"Northern Mockingbird",3
2021,"Pileated Woodpecker",1
2021,"Pine Warbler",1
2021,"Red-bellied Woodpecker",7
2021,"Red-shouldered Hawk",1
2021,"Red-winged Blackbird",5
2021,"Tufted Titmouse",19
2021,"Turkey Vulture",7
2021,"White-breasted Nuthatch",1
2021,"American Crow",20
2021,"American Goldfinch",9
2021,"American Robin",2
2021,"Blue Jay",3
2021,"Blue-gray Gnatcatcher",5
2021,"Brown Thrasher",3
2021,"Brown-headed Cowbird",3
2021,"Brown-headed Nuthatch",2
2021,"Carolina Chickadee",5
2021,"Carolina Wren",19
2021,"Chipping Sparrow",19
2021,"Common Grackle",22
2021,"Common Yellowthroat",1
2021,"Downy Woodpecker",1
2021,"Eastern Bluebird",12
2021,"Eastern Meadowlark",4
2021,"Eastern Phoebe",2
2021,"Eastern Towhee",4
2021,"European Starling",152
2021,"Field Sparrow",2
2021,"Great Blue Heron",1
2021,"House Finch",1
2021,"Killdeer",1
2021,"Mourning Dove",43
2021,"Northern Bobwhite",2
2021,"Northern Cardinal",21
2021,"Northern Mockingbird",13
2021,"Pileated Woodpecker",1
2021,"Pine Warbler",9
2021,"Red-bellied Woodpecker",4
2021,"Red-shouldered Hawk",3
2021,"Red-winged Blackbird",1
2021,"Tufted Titmouse",12
2021,"American Crow",18
2021,"American Goldfinch",4
2021,"American Robin",6
2021,"Blue Jay",4
2021,"Blue-gray Gnatcatcher",6
2021,"Brown Thrasher",2
2021,"Brown-headed Cowbird",1
2021,"Brown-headed Nuthatch",3
2021,"Carolina Chickadee",12
2021,"Carolina Wren",20
2021,"Chipping Sparrow",13
2021,"Common Yellowthroat",1
2021,"Downy Woodpecker",8
2021,"Eastern Bluebird",5
2021,"Eastern Towhee",8
2021,"Fish Crow",4
2021,"Gray Catbird",2
2021,"House Finch",9
2021,"Mourning Dove",6
2021,"Northern Cardinal",30
2021,"Northern Mockingbird",3
2021,"Pileated Woodpecker",1
2021,"Pine Warbler",10
2021,"Red-bellied Woodpecker",5
2021,"Red-shouldered Hawk",2
2021,"Song Sparrow",1
2021,"Tufted Titmouse",24
2021,"White-breasted Nuthatch",8
2021,"American Crow",26
2021,"American Goldfinch",1
2021,"American Robin",1
2021,"Blue-gray Gnatcatcher",4
2021,"Brown-headed Cowbird",7
2021,"Carolina Chickadee",3
2021,"Carolina Wren",27
2021,"Chipping Sparrow",17
2021,"Common Grackle",1
2021,"Common Yellowthroat",5
2021,"Downy Woodpecker",2
2021,"Eastern Bluebird",10
2021,"Eastern Meadowlark",1
2021,"Eastern Phoebe",1
2021,"Eastern Towhee",4
2021,"European Starling",4
2021,"Field Sparrow",2
2021,"Fish Crow",1
2021,"Gray Catbird",2
2021,"Mourning Dove",19
2021,"Northern Bobwhite",1
2021,"Northern Cardinal",18
2021,"Northern Mockingbird",9
2021,"Pine Warbler",2
2021,"Red-bellied Woodpecker",1
2021,"Red-shouldered Hawk",1
2021,"Red-winged Blackbird",2
2021,"Tufted Titmouse",6
2021,"American Crow",15
2021,"American Goldfinch",1
2021,"Brown Thrasher",1
2021,"Canada Goose",1
2021,"Carolina Chickadee",3
2021,"Carolina Wren",10
2021,"Chipping Sparrow",7
2021,"Common Yellowthroat",1
2021,"Eastern Bluebird",5
2021,"Eastern Phoebe",1
2021,"European Starling",3
2021,"Field Sparrow",1
2021,"Mourning Dove",1
2021,"Northern Bobwhite",1
2021,"Northern Cardinal",11
2021,"Pine Warbler",2
2021,"Red-bellied Woodpecker",1
2021,"Tufted Titmouse",13
2021,"American Crow",11
2021,"American Goldfinch",1
2021,"Blue-gray Gnatcatcher",6
2021,"Brown Thrasher",2
2021,"Brown-headed Cowbird",3
2021,"Brown-headed Nuthatch",1
2021,"Carolina Chickadee",2
2021,"Carolina Wren",20
2021,"Chipping Sparrow",12
2021,"Common Yellowthroat",1
2021,"Downy Woodpecker",3
2021,"Eastern Bluebird",6
2021,"Eastern Towhee",3
2021,"Fish Crow",2
2021,"House Finch",1
2021,"Mourning Dove",14
2021,"Northern Cardinal",30
2021,"Northern Mockingbird",1
2021,"Pine Warbler",2
2021,"Red-bellied Woodpecker",3
2021,"Red-shouldered Hawk",1
2021,"Tufted Titmouse",9
2021,"Turkey Vulture",1
2021,"White-breasted Nuthatch",3
2021,"American Crow",14
2021,"American Goldfinch",6
2021,"American Robin",2
2021,"Blue Jay",1
2021,"Brown Thrasher",1
2021,"Brown-headed Cowbird",9
2021,"Canada Goose",13
2021,"Carolina Wren",22
2021,"Chipping Sparrow",4
2021,"Common Grackle",2
2021,"Eastern Bluebird",10
2021,"Eastern Towhee",7
2021,"European Starling",5
2021,"House Finch",2
2021,"Killdeer",2
2021,"Mourning Dove",12
2021,"Northern Cardinal",19
2021,"Northern Mockingbird",4
2021,"Pine Warbler",3
2021,"Red-bellied Woodpecker",3
2021,"Tufted Titmouse",17
2021,"White-breasted Nuthatch",1
2021,"American Crow",23
2021,"American Goldfinch",3
2021,"American Robin",5
2021,"Blue Jay",3
2021,"Blue-gray Gnatcatcher",6
2021,"Brown-headed Cowbird",4
2021,"Carolina Chickadee",9
2021,"Carolina Wren",19
2021,"Chipping Sparrow",8
2021,"Common Grackle",1
2021,"Downy Woodpecker",3
2021,"Eastern Bluebird",4
2021,"Eastern Meadowlark",2
2021,"Eastern Phoebe",1
2021,"Eastern Towhee",4
2021,"Gray Catbird",1
2021,"Great Blue Heron",1
2021,"Mourning Dove",13
2021,"Northern Cardinal",21
2021,"Northern Mockingbird",4
2021,"Pine Warbler",6
2021,"Red-bellied Woodpecker",4
2021,"Tufted Titmouse",7
2021,"White-breasted Nuthatch",1
2021,"American Crow",1
2021,"American Goldfinch",2
2021,"American Robin",5
2021,"Blue Jay",2
2021,"Brown-headed Cowbird",1
2021,"Carolina Chickadee",6
2021,"Carolina Wren",31
2021,"Chipping Sparrow",14
2021,"Downy Woodpecker",2
2021,"Eastern Bluebird",11
2021,"Eastern Phoebe",2
2021,"Eastern Towhee",7
2021,"Fish Crow",4
2021,"Gray Catbird",1
2021,"House Finch",4
2021,"Mourning Dove",7
2021,"Northern Cardinal",29
2021,"Northern Mockingbird",2
2021,"Pileated Woodpecker",1
2021,"Pine Warbler",8
2021,"Red-bellied Woodpecker",1
2021,"Tufted Titmouse",6
2022,"American Crow",22
2022,"Blue Jay",3
2022,"Blue-gray Gnatcatcher",5
2022,"Brown Thrasher",1
2022,"Brown-headed Cowbird",5
2022,"Brown-headed Nuthatch",3
2022,"Canada Goose",1
2022,"Carolina Chickadee",9
2022,"Carolina Wren",8
2022,"Chipping Sparrow",13
2022,"Common Grackle",3
2022,"Downy Woodpecker",3
2022,"Eastern Bluebird",4
2022,"Eastern Towhee",2
2022,"Fish Crow",1
2022,"Gray Catbird",1
2022,"Killdeer",4
2022,"Mourning Dove",6
2022,"Northern Cardinal",37
2022,"Northern Mockingbird",4
2022,"Pine Warbler",14
2022,"Red-bellied Woodpecker",6
2022,"Tufted Titmouse",16
2022,"Turkey Vulture",2
2022,"White-breasted Nuthatch",2
2022,"American Crow",23
2022,"American Goldfinch",2
2022,"American Robin",3
2022,"Blue Jay",1
2022,"Blue-gray Gnatcatcher",16
2022,"Brown Thrasher",1
2022,"Brown-headed Cowbird",9
2022,"Brown-headed Nuthatch",2
2022,"Carolina Chickadee",10
2022,"Carolina Wren",16
2022,"Chipping Sparrow",9
2022,"Common Grackle",2
2022,"Downy Woodpecker",1
2022,"Eastern Bluebird",2
2022,"Eastern Phoebe",1
2022,"Eastern Towhee",4
2022,"Fish Crow",6
2022,"Great Blue Heron",1
2022,"Mourning Dove",6
2022,"Northern Cardinal",19
2022,"Northern Mockingbird",5
2022,"Pine Warbler",18
2022,"Red-bellied Woodpecker",4
2022,"Tufted Titmouse",10
2022,"White-breasted Nuthatch",1
2022,"American Crow",5
2022,"American Goldfinch",1
2022,"Blue Jay",2
2022,"Blue-gray Gnatcatcher",1
2022,"Brown Thrasher",3
2022,"Carolina Chickadee",3
2022,"Carolina Wren",13
2022,"Chipping Sparrow",11
2022,"Common Yellowthroat",2
2022,"Eastern Bluebird",10
2022,"Eastern Towhee",5
2022,"European Starling",4
2022,"Field Sparrow",1
2022,"Mourning Dove",9
2022,"Northern Bobwhite",1
2022,"Northern Cardinal",9
2022,"Northern Mockingbird",6
2022,"Pine Warbler",17
2022,"Red-bellied Woodpecker",6
2022,"Tufted Titmouse",8
2022,"Turkey Vulture",4
2022,"American Crow",12
2022,"American Goldfinch",2
2022,"American Robin",3
2022,"Blue Jay",5
2022,"Blue-gray Gnatcatcher",14
2022,"Brown Thrasher",4
2022,"Canada Goose",1
2022,"Carolina Chickadee",9
2022,"Carolina Wren",15
2022,"Chipping Sparrow",11
2022,"Common Grackle",2
2022,"Downy Woodpecker",2
2022,"Eastern Bluebird",3
2022,"Eastern Phoebe",1
2022,"Eastern Towhee",2
2022,"European Starling",4
2022,"Fish Crow",2
2022,"House Finch",1
2022,"Mourning Dove",7
2022,"Northern Cardinal",16
2022,"Northern Mockingbird",4
2022,"Pileated Woodpecker",1
2022,"Pine Warbler",1
2022,"Red-bellied Woodpecker",2
2022,"Red-shouldered Hawk",2
2022,"Red-winged Blackbird",1
2022,"Tufted Titmouse",10
2022,"American Crow",17
2022,"American Goldfinch",2
2022,"American Robin",6
2022,"Blue Jay",5
2022,"Blue-gray Gnatcatcher",5
2022,"Carolina Chickadee",3
2022,"Carolina Wren",24
2022,"Chipping Sparrow",9
2022,"Common Yellowthroat",2
2022,"Eastern Bluebird",13
2022,"Eastern Meadowlark",4
2022,"Eastern Phoebe",1
2022,"Eastern Towhee",2
2022,"European Starling",3
2022,"Field Sparrow",1
2022,"Fish Crow",3
2022,"Great Blue Heron",2
2022,"House Finch",2
2022,"Killdeer",2
2022,"Mourning Dove",9
2022,"Northern Cardinal",25
2022,"Northern Mockingbird",18
2022,"Pileated Woodpecker",7
2022,"Pine Warbler",2
2022,"Red-bellied Woodpecker",7
2022,"Red-winged Blackbird",2
2022,"Tufted Titmouse",9
2022,"Turkey Vulture",1
2022,"White-breasted Nuthatch",1
2022,"American Crow",26
2022,"American Goldfinch",4
2022,"American Robin",2
2022,"Blue Jay",1
2022,"Blue-gray Gnatcatcher",9
2022,"Brown Thrasher",4
2022,"Brown-headed Cowbird",3
2022,"Carolina Chickadee",7
2022,"Carolina Wren",29
2022,"Chipping Sparrow",18
2022,"Common Grackle",1
2022,"Common Yellowthroat",1
2022,"Downy Woodpecker",1
2022,"Eastern Bluebird",11
2022,"Eastern Meadowlark",3
2022,"Eastern Phoebe",4
2022,"Eastern Towhee",1
2022,"Field Sparrow",2
2022,"Great Blue Heron",1
2022,"House Finch",5
2022,"Killdeer",1
2022,"Mourning Dove",17
2022,"Northern Cardinal",28
2022,"Northern Mockingbird",4
2022,"Pileated Woodpecker",1
2022,"Pine Warbler",3
2022,"Red-bellied Woodpecker",12
2022,"Red-shouldered Hawk",5
2022,"Red-winged Blackbird",4
2022,"Tufted Titmouse",10
2022,"American Crow",32
2022,"American Goldfinch",1
2022,"Blue Jay",4
2022,"Blue-gray Gnatcatcher",1
2022,"Brown Thrasher",4
2022,"Brown-headed Cowbird",2
2022,"Brown-headed Nuthatch",1
2022,"Canada Goose",1
2022,"Carolina Chickadee",9
2022,"Carolina Wren",17
2022,"Chipping Sparrow",3
2022,"Common Grackle",4
2022,"Downy Woodpecker",2
2022,"Eastern Bluebird",8
2022,"Eastern Phoebe",2
2022,"Eastern Towhee",4
2022,"Fish Crow",1
2022,"Great Blue Heron",1
2022,"House Finch",2
2022,"Mourning Dove",22
2022,"Northern Bobwhite",3
2022,"Northern Cardinal",26
2022,"Northern Mockingbird",8
2022,"Pileated Woodpecker",4
2022,"Pine Warbler",4
2022,"Red-bellied Woodpecker",7
2022,"Red-shouldered Hawk",4
2022,"Tufted Titmouse",8
2022,"White-breasted Nuthatch",4
2022,"American Crow",43
2022,"American Goldfinch",8
2022,"Blue Jay",7
2022,"Blue-gray Gnatcatcher",6
2022,"Brown-headed Cowbird",4
2022,"Brown-headed Nuthatch",3
2022,"Carolina Chickadee",14
2022,"Carolina Wren",14
2022,"Chipping Sparrow",8
2022,"Common Grackle",2
2022,"Common Yellowthroat",1
2022,"Downy Woodpecker",3
2022,"Eastern Bluebird",5
2022,"Eastern Meadowlark",5
2022,"Eastern Phoebe",1
2022,"Eastern Towhee",6
2022,"European Starling",13
2022,"Fish Crow",2
2022,"Great Blue Heron",2
2022,"House Finch",1
2022,"Killdeer",1
2022,"Mourning Dove",31
2022,"Northern Cardinal",27
2022,"Northern Mockingbird",5
2022,"Pileated Woodpecker",4
2022,"Pine Warbler",11
2022,"Red-bellied Woodpecker",11
2022,"Red-shouldered Hawk",4
2022,"Red-winged Blackbird",2
2022,"Tufted Titmouse",21
2022,"White-breasted Nuthatch",3
2022,"American Crow",20
2022,"American Goldfinch",7
2022,"American Robin",5
2022,"Blue Jay",3
2022,"Blue-gray Gnatcatcher",15
2022,"Brown Thrasher",5
2022,"Brown-headed Nuthatch",4
2022,"Canada Goose",4
2022,"Carolina Chickadee",12
2022,"Carolina Wren",26
2022,"Chipping Sparrow",9
2022,"Downy Woodpecker",4
2022,"Eastern Bluebird",11
2022,"Eastern Phoebe",2
2022,"Fish Crow",2
2022,"Gray Catbird",1
2022,"Mourning Dove",8
2022,"Northern Cardinal",31
2022,"Northern Mockingbird",4
2022,"Pileated Woodpecker",2
2022,"Pine Warbler",15
2022,"Red-bellied Woodpecker",9
2022,"Red-shouldered Hawk",3
2022,"Tufted Titmouse",9
2022,"White-breasted Nuthatch",3
2022,"American Crow",12
2022,"American Goldfinch",7
2022,"American Robin",2
2022,"Blue Jay",6
2022,"Blue-gray Gnatcatcher",9
2022,"Brown-headed Cowbird",1
2022,"Brown-headed Nuthatch",1
2022,"Carolina Chickadee",6
2022,"Carolina Wren",12
2022,"Chipping Sparrow",12
2022,"Common Yellowthroat",1
2022,"Downy Woodpecker",3
2022,"Eastern Bluebird",5
2022,"Eastern Phoebe",4
2022,"Eastern Towhee",1
2022,"Fish Crow",1
2022,"Gray Catbird",1
2022,"House Finch",1
2022,"Mourning Dove",7
2022,"Northern Cardinal",15
2022,"Northern Mockingbird",3
2022,"Pine Warbler",3
2022,"Red-bellied Woodpecker",3
2022,"Red-shouldered Hawk",1
2022,"Song Sparrow",1
2022,"Tufted Titmouse",11
2022,"White-breasted Nuthatch",3
2022,"American Crow",20
2022,"American Goldfinch",3
2022,"Blue Jay",6
2022,"Blue-gray Gnatcatcher",11
2022,"Brown Thrasher",4
2022,"Carolina Chickadee",6
2022,"Carolina Wren",9
2022,"Chipping Sparrow",9
2022,"Common Yellowthroat",3
2022,"Downy Woodpecker",2
2022,"Eastern Bluebird",6
2022,"Eastern Meadowlark",1
2022,"Eastern Phoebe",4
2022,"Fish Crow",1
2022,"Mourning Dove",17
2022,"Northern Cardinal",15
2022,"Northern Mockingbird",7
2022,"Pileated Woodpecker",3
2022,"Pine Warbler",7
2022,"Red-bellied Woodpecker",10
2022,"Red-winged Blackbird",3
2022,"Tufted Titmouse",11
2022,"White-breasted Nuthatch",3
2022,"American Crow",24
2022,"American Goldfinch",2
2022,"American Robin",3
2022,"Blue Jay",13
2022,"Blue-gray Gnatcatcher",4
2022,"Brown Thrasher",1
2022,"Brown-headed Cowbird",2
2022,"Carolina Chickadee",6
2022,"Carolina Wren",24
2022,"Chipping Sparrow",7
2022,"Common Grackle",8
2022,"Common Yellowthroat",3
2022,"Downy Woodpecker",1
2022,"Eastern Bluebird",11
2022,"Eastern Meadowlark",3
2022,"Eastern Phoebe",2
2022,"Eastern Towhee",3
2022,"Field Sparrow",1
2022,"House Finch",1
2022,"Mourning Dove",7
2022,"Northern Cardinal",19
2022,"Northern Mockingbird",10
2022,"Pileated Woodpecker",2
2022,"Red-bellied Woodpecker",7
2022,"Red-shouldered Hawk",4
2022,"Red-winged Blackbird",2
2022,"Tufted Titmouse",11
2022,"American Crow",21
2022,"American Goldfinch",3
2022,"American Robin",10
2022,"Blue Jay",11
2022,"Blue-gray Gnatcatcher",3
2022,"Brown Thrasher",3
2022,"Brown-headed Cowbird",3
2022,"Brown-headed Nuthatch",3
2022,"Canada Goose",1
2022,"Carolina Chickadee",5
2022,"Carolina Wren",25
2022,"Chipping Sparrow",17
2022,"Common Grackle",7
2022,"Common Yellowthroat",4
2022,"Downy Woodpecker",1
2022,"Eastern Bluebird",17
2022,"Eastern Meadowlark",5
2022,"Eastern Towhee",1
2022,"European Starling",23
2022,"Field Sparrow",3
2022,"Fish Crow",1
2022,"Gray Catbird",1
2022,"Great Blue Heron",2
2022,"House Finch",4
2022,"House Sparrow",3
2022,"Killdeer",1
2022,"Mourning Dove",13
2022,"Northern Cardinal",24
2022,"Northern Mockingbird",15
2022,"Pileated Woodpecker",1
2022,"Pine Warbler",4
2022,"Red-bellied Woodpecker",7
2022,"Red-shouldered Hawk",3
2022,"Red-winged Blackbird",2
2022,"Song Sparrow",4
2022,"Tufted Titmouse",10
2022,"White-breasted Nuthatch",2
2022,"American Crow",7
2022,"American Goldfinch",5
2022,"American Robin",3
2022,"Blue Jay",3
2022,"Blue-gray Gnatcatcher",6
2022,"Brown Thrasher",1
2022,"Brown-headed Cowbird",10
2022,"Brown-headed Nuthatch",11
2022,"Carolina Chickadee",13
2022,"Carolina Wren",28
2022,"Chipping Sparrow",20
2022,"Downy Woodpecker",4
2022,"Eastern Bluebird",6
2022,"Eastern Phoebe",1
2022,"Eastern Towhee",8
2022,"Field Sparrow",1
2022,"Gray Catbird",1
2022,"Great Blue Heron",1
2022,"House Finch",9
2022,"Mourning Dove",14
2022,"Northern Cardinal",35
2022,"Northern Mockingbird",4
2022,"Pine Warbler",1
2022,"Red-bellied Woodpecker",2
2022,"Tufted Titmouse",8
2022,"White-breasted Nuthatch",2
2022,"American Crow",40
2022,"American Goldfinch",5
2022,"Blue Jay",3
2022,"Blue-gray Gnatcatcher",17
2022,"Brown Thrasher",1
2022,"Brown-headed Cowbird",13
2022,"Carolina Chickadee",8
2022,"Carolina Wren",19
2022,"Chipping Sparrow",27
2022,"Common Grackle",3
2022,"Common Yellowthroat",6
2022,"Downy Woodpecker",1
2022,"Eastern Bluebird",14
2022,"Eastern Meadowlark",4
2022,"Eastern Phoebe",5
2022,"Eastern Towhee",1
2022,"European Starling",21
2022,"Field Sparrow",1
2022,"House Finch",8
2022,"Killdeer",2
2022,"Mourning Dove",27
2022,"Northern Cardinal",31
2022,"Northern Mockingbird",13
2022,"Pine Warbler",5
2022,"Red-bellied Woodpecker",8
2022,"Red-winged Blackbird",3
2022,"Tufted Titmouse",9
2022,"White-breasted Nuthatch",1
2022,"American Crow",56
2022,"American Goldfinch",9
2022,"Blue Jay",5
2022,"Blue-gray Gnatcatcher",12
2022,"Brown Thrasher",3
2022,"Brown-headed Cowbird",6
2022,"Brown-headed Nuthatch",1
2022,"Carolina Chickadee",17
2022,"Carolina Wren",25
2022,"Chipping Sparrow",16
2022,"Common Yellowthroat",1
2022,"Downy Woodpecker",2
2022,"Eastern Bluebird",17
2022,"Eastern Meadowlark",3
2022,"Eastern Phoebe",2
2022,"Eastern Towhee",3
2022,"Fish Crow",4
2022,"Great Blue Heron",5
2022,"House Finch",7
2022,"Killdeer",1
2022,"Mourning Dove",13
2022,"Northern Cardinal",26
2022,"Northern Mockingbird",5
2022,"Pileated Woodpecker",1
2022,"Pine Warbler",23
2022,"Red-bellied Woodpecker",10
2022,"Red-shouldered Hawk",3
2022,"Tufted Titmouse",18
2022,"White-breasted Nuthatch",5
2022,"American Crow",16
2022,"American Goldfinch",2
2022,"American Robin",19
2022,"Blue-gray Gnatcatcher",3
2022,"Brown Thrasher",1
2022,"Brown-headed Cowbird",3
2022,"Brown-headed Nuthatch",4
2022,"Carolina Chickadee",6
2022,"Carolina Wren",5
2022,"Chipping Sparrow",7
2022,"Common Grackle",4
2022,"Downy Woodpecker",1
2022,"Eastern Bluebird",7
2022,"Eastern Towhee",5
2022,"Fish Crow",6
2022,"Gray Catbird",4
2022,"House Finch",11
2022,"Mourning Dove",5
2022,"Northern Cardinal",19
2022,"Northern Mockingbird",2
2022,"Pine Warbler",1
2022,"Red-bellied Woodpecker",5
2022,"Red-shouldered Hawk",1
2022,"Song Sparrow",7
2022,"Tufted Titmouse",10
2022,"American Crow",17
2022,"American Goldfinch",2
2022,"American Robin",6
2022,"Blue Jay",1
2022,"Blue-gray Gnatcatcher",10
2022,"Brown-headed Cowbird",3
2022,"Brown-headed Nuthatch",3
2022,"Carolina Chickadee",4
2022,"Carolina Wren",15
2022,"Chipping Sparrow",16
2022,"Common Grackle",1
2022,"Common Yellowthroat",3
2022,"Downy Woodpecker",4
2022,"Eastern Bluebird",8
2022,"Eastern Meadowlark",2
2022,"Eastern Phoebe",2
2022,"Eastern Towhee",1
2022,"European Starling",11
2022,"Great Blue Heron",3
2022,"House Finch",3
2022,"House Sparrow",1
2022,"Killdeer",1
2022,"Mourning Dove",14
2022,"Northern Cardinal",16
2022,"Northern Mockingbird",5
2022,"Pine Warbler",9
2022,"Red-bellied Woodpecker",4
2022,"Tufted Titmouse",14
2022,"White-breasted Nuthatch",1
2022,"American Crow",12
2022,"American Goldfinch",1
2022,"American Robin",14
2022,"Blue Jay",1
2022,"Blue-gray Gnatcatcher",7
2022,"Brown Thrasher",3
2022,"Brown-headed Cowbird",6
2022,"Brown-headed Nuthatch",1
2022,"Carolina Chickadee",10
2022,"Carolina Wren",21
2022,"Chipping Sparrow",8
2022,"Common Grackle",12
2022,"Downy Woodpecker",2
2022,"Eastern Bluebird",7
2022,"Eastern Phoebe",1
2022,"Eastern Towhee",9
2022,"European Starling",4
2022,"Fish Crow",2
2022,"Gray Catbird",3
2022,"House Finch",5
2022,"Mourning Dove",7
2022,"Northern Cardinal",30
2022,"Northern Mockingbird",2
2022,"Pine Warbler",12
2022,"Red-bellied Woodpecker",9
2022,"Red-shouldered Hawk",2
2022,"Song Sparrow",3
2022,"Tufted Titmouse",14
2022,"White-breasted Nuthatch",1
2022,"American Crow",13
2022,"American Goldfinch",5
2022,"American Robin",22
2022,"Blue Jay",2
2022,"Blue-gray Gnatcatcher",1
2022,"Brown-headed Cowbird",4
2022,"Canada Goose",4
2022,"Carolina Chickadee",4
2022,"Carolina Wren",13
2022,"Chipping Sparrow",10
2022,"Downy Woodpecker",2
2022,"Eastern Bluebird",2
2022,"Eastern Phoebe",2
2022,"Eastern Towhee",12
2022,"European Starling",1
2022,"Fish Crow",1
2022,"Gray Catbird",3
2022,"House Finch",10
2022,"House Sparrow",2
2022,"Killdeer",3
2022,"Mourning Dove",2
2022,"Northern Cardinal",20
2022,"Northern Mockingbird",16
2022,"Pine Warbler",6
2022,"Red-bellied Woodpecker",3
2022,"Red-shouldered Hawk",3
2022,"Red-winged Blackbird",1
2022,"Tufted Titmouse",9
2022,"American Crow",8
2022,"American Goldfinch",4
2022,"American Robin",3
2022,"Blue Jay",3
2022,"Blue-gray Gnatcatcher",8
2022,"Brown Thrasher",3
2022,"Brown-headed Cowbird",1
2022,"Brown-headed Nuthatch",2
2022,"Carolina Chickadee",1
2022,"Carolina Wren",15
2022,"Chipping Sparrow",9
2022,"Common Grackle",10
2022,"Common Yellowthroat",1
2022,"Downy Woodpecker",2
2022,"Eastern Bluebird",11
2022,"Eastern Towhee",3
2022,"European Starling",3
2022,"Fish Crow",2
2022,"Gray Catbird",1
2022,"House Finch",3
2022,"House Sparrow",1
2022,"Mourning Dove",10
2022,"Northern Cardinal",20
2022,"Northern Mockingbird",6
2022,"Pileated Woodpecker",1
2022,"Pine Warbler",4
2022,"Red-bellied Woodpecker",4
2022,"Red-shouldered Hawk",1
2022,"Red-winged Blackbird",1
2022,"Song Sparrow",1
2022,"Tufted Titmouse",7
2022,"White-breasted Nuthatch",3
2022,"American Crow",31
2022,"American Goldfinch",2
2022,"American Robin",10
2022,"Blue Jay",9
2022,"Blue-gray Gnatcatcher",4
2022,"Brown Thrasher",1
2022,"Brown-headed Cowbird",6
2022,"Canada Goose",16
2022,"Carolina Chickadee",5
2022,"Carolina Wren",23
2022,"Chipping Sparrow",16
2022,"Downy Woodpecker",1
2022,"Eastern Bluebird",7
2022,"Eastern Phoebe",2
2022,"Eastern Towhee",6
2022,"Fish Crow",4
2022,"House Finch",18
2022,"Killdeer",2
2022,"Mourning Dove",14
2022,"Northern Cardinal",33
2022,"Northern Mockingbird",10
2022,"Pine Warbler",5
2022,"Red-bellied Woodpecker",10
2022,"Red-shouldered Hawk",4
2022,"Tufted Titmouse",8
2022,"American Crow",31
2022,"American Goldfinch",1
2022,"American Robin",1
2022,"Blue Jay",1
2022,"Blue-gray Gnatcatcher",8
2022,"Brown-headed Cowbird",7
2022,"Canada Goose",40
2022,"Carolina Chickadee",2
2022,"Carolina Wren",21
2022,"Chipping Sparrow",16
2022,"Common Grackle",3
2022,"Common Yellowthroat",1
2022,"Downy Woodpecker",2
2022,"Eastern Bluebird",12
2022,"Eastern Meadowlark",14
2022,"Eastern Phoebe",2
2022,"European Starling",22
2022,"Field Sparrow",2
2022,"Great Blue Heron",1
2022,"House Finch",4
2022,"Killdeer",2
2022,"Mourning Dove",25
2022,"Northern Cardinal",20
2022,"Northern Mockingbird",3
2022,"Pileated Woodpecker",1
2022,"Red-bellied Woodpecker",5
2022,"Red-winged Blackbird",1
2022,"Tufted Titmouse",12
2022,"American Crow",11
2022,"Brown Thrasher",1
2022,"Carolina Wren",11
2022,"Chipping Sparrow",6
2022,"Common Grackle",3
2022,"Eastern Bluebird",4
2022,"Eastern Meadowlark",4
2022,"Eastern Phoebe",1
2022,"European Starling",3
2022,"Mourning Dove",3
2022,"Northern Bobwhite",1
2022,"Northern Cardinal",9
2022,"Northern Mockingbird",1
2022,"Red-bellied Woodpecker",3
2022,"Red-shouldered Hawk",2
2022,"Tufted Titmouse",5
2022,"American Crow",32
2022,"American Goldfinch",4
2022,"Blue Jay",4
2022,"Blue-gray Gnatcatcher",4
2022,"Carolina Chickadee",1
2022,"Carolina Wren",20
2022,"Chipping Sparrow",4
2022,"Common Grackle",1
2022,"Downy Woodpecker",2
2022,"Eastern Bluebird",17
2022,"Eastern Phoebe",1
2022,"Eastern Towhee",6
2022,"European Starling",10
2022,"Mourning Dove",14
2022,"Northern Cardinal",23
2022,"Northern Mockingbird",16
2022,"Pileated Woodpecker",2
2022,"Pine Warbler",5
2022,"Red-bellied Woodpecker",6
2022,"Red-shouldered Hawk",1
2022,"Tufted Titmouse",3
2022,"American Crow",23
2022,"American Goldfinch",3
2022,"Blue Jay",5
2022,"Blue-gray Gnatcatcher",15
2022,"Brown Thrasher",1
2022,"Brown-headed Cowbird",5
2022,"Brown-headed Nuthatch",3
2022,"Canada Goose",4
2022,"Carolina Chickadee",8
2022,"Carolina Wren",19
2022,"Chipping Sparrow",11
2022,"Downy Woodpecker",1
2022,"Eastern Bluebird",12
2022,"Eastern Phoebe",4
2022,"Eastern Towhee",1
2022,"European Starling",3
2022,"Fish Crow",2
2022,"Gray Catbird",2
2022,"House Finch",5
2022,"Mourning Dove",5
2022,"Northern Cardinal",26
2022,"Northern Mockingbird",4
2022,"Pileated Woodpecker",1
2022,"Pine Warbler",4
2022,"Red-bellied Woodpecker",4
2022,"Red-shouldered Hawk",1
2022,"Tufted Titmouse",15
2022,"White-breasted Nuthatch",4
2022,"American Crow",21
2022,"American Goldfinch",6
2022,"American Robin",1
2022,"Blue Jay",3
2022,"Blue-gray Gnatcatcher",4
2022,"Brown Thrasher",4
2022,"Brown-headed Cowbird",4
2022,"Brown-headed Nuthatch",1
2022,"Carolina Chickadee",4
2022,"Carolina Wren",20
2022,"Chipping Sparrow",23
2022,"Common Grackle",4
2022,"Common Yellowthroat",1
2022,"Downy Woodpecker",3
2022,"Eastern Bluebird",11
2022,"Eastern Meadowlark",3
2022,"Eastern Phoebe",2
2022,"Eastern Towhee",8
2022,"European Starling",3
2022,"Field Sparrow",2
2022,"Fish Crow",2
2022,"Great Blue Heron",2
2022,"House Finch",3
2022,"Mourning Dove",34
2022,"Northern Cardinal",26
2022,"Northern Mockingbird",9
2022,"Pileated Woodpecker",1
2022,"Pine Warbler",7
2022,"Red-bellied Woodpecker",5
2022,"Red-winged Blackbird",1
2022,"Tufted Titmouse",15
2022,"Turkey Vulture",1
2022,"White-breasted Nuthatch",5
2022,"American Crow",19
2022,"American Goldfinch",5
2022,"American Robin",8
2022,"Blue Jay",2
2022,"Blue-gray Gnatcatcher",4
2022,"Brown Thrasher",3
2022,"Brown-headed Cowbird",3
2022,"Brown-headed Nuthatch",9
2022,"Carolina Chickadee",10
2022,"Carolina Wren",15
2022,"Chipping Sparrow",10
2022,"Downy Woodpecker",3
2022,"Eastern Bluebird",6
2022,"Eastern Towhee",5
2022,"Fish Crow",5
2022,"Gray Catbird",2
2022,"House Finch",1
2022,"Mourning Dove",6
2022,"Northern Cardinal",33
2022,"Northern Mockingbird",5
2022,"Pileated Woodpecker",1
2022,"Pine Warbler",7
2022,"Red-bellied Woodpecker",3
2022,"Red-shouldered Hawk",1
2022,"Song Sparrow",1
2022,"Tufted Titmouse",13
2022,"White-breasted Nuthatch",1
2022,"American Crow",21
2022,"Blue Jay",3
2022,"Blue-gray Gnatcatcher",10
2022,"Brown Thrasher",3
2022,"Brown-headed Cowbird",6
2022,"Carolina Chickadee",4
2022,"Carolina Wren",17
2022,"Chipping Sparrow",13
2022,"Common Grackle",4
2022,"Common Yellowthroat",3
2022,"Eastern Bluebird",7
2022,"Eastern Meadowlark",1
2022,"Eastern Phoebe",1
2022,"Eastern Towhee",6
2022,"European Starling",2
2022,"Field Sparrow",7
2022,"Fish Crow",1
2022,"Mourning Dove",17
2022,"Northern Cardinal",31
2022,"Northern Mockingbird",13
2022,"Pine Warbler",2
2022,"Red-bellied Woodpecker",9
2022,"Red-winged Blackbird",1
2022,"Tufted Titmouse",5
2022,"American Crow",15
2022,"American Robin",1
2022,"Blue Jay",1
2022,"Blue-gray Gnatcatcher",14
2022,"Brown Thrasher",4
2022,"Carolina Chickadee",6
2022,"Carolina Wren",13
2022,"Chipping Sparrow",4
2022,"Common Grackle",2
2022,"Downy Woodpecker",1
2022,"Eastern Bluebird",4
2022,"Eastern Meadowlark",1
2022,"Eastern Phoebe",1
2022,"Eastern Towhee",1
2022,"Gray Catbird",1
2022,"Mourning Dove",5
2022,"Northern Cardinal",10
2022,"Pine Warbler",5
2022,"Red-bellied Woodpecker",2
2022,"Red-shouldered Hawk",1
2022,"Tufted Titmouse",8
2022,"Turkey Vulture",1
2022,"White-breasted Nuthatch",2
2022,"American Crow",21
2022,"American Goldfinch",4
2022,"Blue Jay",3
2022,"Blue-gray Gnatcatcher",9
2022,"Brown Thrasher",1
2022,"Brown-headed Cowbird",6
2022,"Brown-headed Nuthatch",1
2022,"Carolina Chickadee",5
2022,"Carolina Wren",10
2022,"Chipping Sparrow",10
2022,"Downy Woodpecker",4
2022,"Eastern Bluebird",10
2022,"Eastern Meadowlark",2
2022,"Eastern Towhee",1
2022,"Fish Crow",1
2022,"Mourning Dove",11
2022,"Northern Cardinal",26
2022,"Northern Mockingbird",2
2022,"Pileated Woodpecker",2
2022,"Pine Warbler",5
2022,"Red-bellied Woodpecker",7
2022,"Red-shouldered Hawk",4
2022,"Tufted Titmouse",16
2022,"White-breasted Nuthatch",3
2022,"American Crow",20
2022,"American Goldfinch",4
2022,"American Robin",2
2022,"Blue-gray Gnatcatcher",6
2022,"Brown Thrasher",1
2022,"Brown-headed Cowbird",7
2022,"Carolina Chickadee",4
2022,"Carolina Wren",8
2022,"Chipping Sparrow",14
2022,"Downy Woodpecker",6
2022,"Eastern Bluebird",8
2022,"Eastern Meadowlark",2
2022,"Eastern Phoebe",1
2022,"Eastern Towhee",4
2022,"Fish Crow",1
2022,"Gray Catbird",2
2022,"Mourning Dove",11
2022,"Northern Cardinal",23
2022,"Northern Mockingbird",3
2022,"Pileated Woodpecker",1
2022,"Pine Warbler",7
2022,"Red-bellied Woodpecker",7
2022,"Red-shouldered Hawk",1
2022,"Red-winged Blackbird",1
2022,"Tufted Titmouse",13
2022,"White-breasted Nuthatch",2
2022,"American Crow",4
2022,"American Robin",11
2022,"Blue-gray Gnatcatcher",3
2022,"Brown Thrasher",1
2022,"Brown-headed Cowbird",1
2022,"Carolina Chickadee",5
2022,"Carolina Wren",16
2022,"Chipping Sparrow",18
2022,"Eastern Bluebird",7
2022,"Eastern Meadowlark",1
2022,"Eastern Phoebe",1
2022,"Eastern Towhee",6
2022,"European Starling",12
2022,"Gray Catbird",1
2022,"House Finch",6
2022,"Mourning Dove",6
2022,"Northern Cardinal",38
2022,"Northern Mockingbird",8
2022,"Pine Warbler",6
2022,"Red-bellied Woodpecker",5
2022,"Song Sparrow",1
2022,"Tufted Titmouse",11
2023,"American Crow",13
2023,"American Goldfinch",5
2023,"American Robin",1
2023,"Blue Jay",2
2023,"Carolina Chickadee",2
2023,"Carolina Wren",8
2023,"Chipping Sparrow",10
2023,"Common Yellowthroat",1
2023,"Eastern Bluebird",1
2023,"Eastern Phoebe",1
2023,"European Starling",6
2023,"Fish Crow",1
2023,"Mourning Dove",8
2023,"Northern Cardinal",25
2023,"Pine Warbler",10
2023,"Red-bellied Woodpecker",3
2023,"Red-shouldered Hawk",1
2023,"Tufted Titmouse",7
2023,"White-breasted Nuthatch",1
2023,"American Crow",16
2023,"American Goldfinch",5
2023,"American Robin",1
2023,"Blue Jay",2
2023,"Blue-gray Gnatcatcher",7
2023,"Brown-headed Cowbird",1
2023,"Brown-headed Nuthatch",5
2023,"Carolina Chickadee",4
2023,"Carolina Wren",17
2023,"Chipping Sparrow",12
2023,"Downy Woodpecker",2
2023,"Eastern Bluebird",2
2023,"Eastern Towhee",2
2023,"House Finch",2
2023,"Mourning Dove",1
2023,"Northern Cardinal",16
2023,"Northern Mockingbird",1
2023,"Pileated Woodpecker",1
2023,"Pine Warbler",11
2023,"Red-bellied Woodpecker",2
2023,"Red-winged Blackbird",12
2023,"Song Sparrow",1
2023,"Tufted Titmouse",4
2023,"American Crow",6
2023,"American Goldfinch",3
2023,"American Robin",4
2023,"Blue Jay",1
2023,"Blue-gray Gnatcatcher",1
2023,"Brown-headed Cowbird",3
2023,"Carolina Wren",11
2023,"Chipping Sparrow",8
2023,"Common Grackle",1
2023,"Common Yellowthroat",1
2023,"Eastern Bluebird",13
2023,"Eastern Meadowlark",3
2023,"Eastern Phoebe",1
2023,"Eastern Towhee",3
2023,"European Starling",21
2023,"Mourning Dove",9
2023,"Northern Cardinal",12
2023,"Northern Mockingbird",5
2023,"Pine Warbler",7
2023,"Red-bellied Woodpecker",1
2023,"Tufted Titmouse",1
2023,"Turkey Vulture",4
2023,"American Crow",14
2023,"American Goldfinch",4
2023,"American Robin",1
2023,"Blue Jay",1
2023,"Blue-gray Gnatcatcher",8
2023,"Brown Thrasher",2
2023,"Brown-headed Cowbird",3
2023,"Canada Goose",13
2023,"Carolina Chickadee",8
2023,"Carolina Wren",13
2023,"Chipping Sparrow",12
2023,"Common Grackle",10
2023,"Common Yellowthroat",2
2023,"Downy Woodpecker",1
2023,"Eastern Bluebird",6
2023,"Eastern Meadowlark",1
2023,"Eastern Phoebe",1
2023,"Eastern Towhee",1
2023,"European Starling",2
2023,"Fish Crow",1
2023,"House Sparrow",1
2023,"Mourning Dove",6
2023,"Northern Cardinal",9
2023,"Northern Mockingbird",3
2023,"Pileated Woodpecker",1
2023,"Pine Warbler",3
2023,"Red-bellied Woodpecker",1
2023,"Tufted Titmouse",13
2023,"American Crow",30
2023,"Blue Jay",11
2023,"Blue-gray Gnatcatcher",4
2023,"Brown Thrasher",1
2023,"Brown-headed Cowbird",5
2023,"Carolina Chickadee",6
2023,"Carolina Wren",26
2023,"Chipping Sparrow",8
2023,"Common Grackle",3
2023,"Common Yellowthroat",4
2023,"Downy Woodpecker",1
2023,"Eastern Bluebird",14
2023,"Eastern Meadowlark",8
2023,"Eastern Phoebe",1
2023,"Eastern Towhee",1
2023,"Great Blue Heron",1
2023,"House Finch",5
2023,"Mourning Dove",16
2023,"Northern Cardinal",28
2023,"Northern Mockingbird",15
2023,"Pileated Woodpecker",1
2023,"Pine Warbler",1
2023,"Red-bellied Woodpecker",13
2023,"Red-winged Blackbird",9
2023,"Tufted Titmouse",14
2023,"White-breasted Nuthatch",3
2023,"American Crow",32
2023,"American Goldfinch",4
2023,"American Robin",1
2023,"Blue Jay",3
2023,"Blue-gray Gnatcatcher",7
2023,"Brown Thrasher",1
2023,"Brown-headed Cowbird",2
2023,"Canada Goose",1
2023,"Carolina Chickadee",16
2023,"Carolina Wren",25
2023,"Chipping Sparrow",17
2023,"Common Yellowthroat",3
2023,"Downy Woodpecker",3
2023,"Eastern Bluebird",6
2023,"Eastern Meadowlark",6
2023,"Eastern Phoebe",5
2023,"Eastern Towhee",4
2023,"Field Sparrow",1
2023,"Mourning Dove",34
2023,"Northern Cardinal",18
2023,"Northern Mockingbird",4
2023,"Pileated Woodpecker",2
2023,"Pine Warbler",6
2023,"Red-bellied Woodpecker",9
2023,"Red-shouldered Hawk",4
2023,"Red-winged Blackbird",5
2023,"Tufted Titmouse",9
2023,"White-breasted Nuthatch",3
2023,"American Crow",16
2023,"American Goldfinch",4
2023,"Blue Jay",4
2023,"Blue-gray Gnatcatcher",6
2023,"Carolina Chickadee",5
2023,"Carolina Wren",15
2023,"Chipping Sparrow",6
2023,"Common Grackle",2
2023,"Common Yellowthroat",5
2023,"Downy Woodpecker",4
2023,"Eastern Bluebird",9
2023,"Eastern Meadowlark",2
2023,"Eastern Phoebe",2
2023,"Eastern Towhee",1
2023,"House Finch",3
2023,"Mourning Dove",20
2023,"Northern Bobwhite",2
2023,"Northern Cardinal",24
2023,"Northern Mockingbird",7
2023,"Pine Warbler",7
2023,"Red-bellied Woodpecker",13
2023,"Red-shouldered Hawk",1
2023,"Tufted Titmouse",7
2023,"American Crow",19
2023,"American Goldfinch",2
2023,"Blue Jay",5
2023,"Blue-gray Gnatcatcher",9
2023,"Brown-headed Cowbird",3
2023,"Carolina Chickadee",4
2023,"Carolina Wren",16
2023,"Chipping Sparrow",12
2023,"Common Yellowthroat",3
2023,"Eastern Bluebird",8
2023,"Eastern Meadowlark",4
2023,"Eastern Phoebe",5
2023,"Eastern Towhee",3
2023,"European Starling",3
2023,"Fish Crow",3
2023,"Killdeer",4
2023,"Mourning Dove",14
2023,"Northern Cardinal",17
2023,"Northern Mockingbird",7
2023,"Pileated Woodpecker",1
2023,"Pine Warbler",6
2023,"Red-bellied Woodpecker",7
2023,"Tufted Titmouse",17
2023,"Turkey Vulture",1
2023,"White-breasted Nuthatch",1
2023,"American Crow",39
2023,"American Goldfinch",4
2023,"American Robin",7
2023,"Blue Jay",2
2023,"Blue-gray Gnatcatcher",16
2023,"Brown Thrasher",4
2023,"Brown-headed Cowbird",1
2023,"Brown-headed Nuthatch",6
2023,"Carolina Chickadee",5
2023,"Carolina Wren",14
2023,"Chipping Sparrow",12
2023,"Common Grackle",3
2023,"Downy Woodpecker",3
2023,"Eastern Bluebird",11
2023,"Eastern Towhee",3
2023,"European Starling",1
2023,"House Finch",1
2023,"Mourning Dove",10
2023,"Northern Cardinal",22
2023,"Northern Mockingbird",6
2023,"Pileated Woodpecker",2
2023,"Pine Warbler",14
2023,"Red-bellied Woodpecker",7
2023,"Red-shouldered Hawk",1
2023,"Tufted Titmouse",10
2023,"American Crow",24
2023,"American Goldfinch",2
2023,"Blue Jay",2
2023,"Blue-gray Gnatcatcher",8
2023,"Brown-headed Cowbird",7
2023,"Brown-headed Nuthatch",3
2023,"Carolina Chickadee",7
2023,"Carolina Wren",11
2023,"Chipping Sparrow",12
2023,"Common Grackle",1
2023,"Common Yellowthroat",2
2023,"Downy Woodpecker",3
2023,"Eastern Bluebird",9
2023,"Eastern Phoebe",2
2023,"European Starling",1
2023,"House Finch",3
2023,"Mourning Dove",8
2023,"Northern Cardinal",22
2023,"Northern Mockingbird",6
2023,"Pileated Woodpecker",1
2023,"Pine Warbler",11
2023,"Red-bellied Woodpecker",6
2023,"Red-shouldered Hawk",1
2023,"Tufted Titmouse",11
2023,"Turkey Vulture",4
2023,"White-breasted Nuthatch",1
2023,"American Crow",11
2023,"American Goldfinch",4
2023,"Blue-gray Gnatcatcher",14
2023,"Brown-headed Cowbird",3
2023,"Brown-headed Nuthatch",2
2023,"Carolina Chickadee",4
2023,"Carolina Wren",11
2023,"Chipping Sparrow",13
2023,"Common Yellowthroat",2
2023,"Downy Woodpecker",2
2023,"Eastern Bluebird",9
2023,"Eastern Phoebe",2
2023,"Eastern Towhee",2
2023,"Gray Catbird",1
2023,"House Finch",5
2023,"Mourning Dove",13
2023,"Northern Cardinal",18
2023,"Northern Mockingbird",1
2023,"Pine Warbler",5
2023,"Red-bellied Woodpecker",6
2023,"Tufted Titmouse",6
2023,"Turkey Vulture",3
2023,"White-breasted Nuthatch",1
2023,"American Crow",21
2023,"American Goldfinch",4
2023,"American Robin",1
2023,"Blue Jay",2
2023,"Blue-gray Gnatcatcher",2
2023,"Brown-headed Cowbird",2
2023,"Carolina Chickadee",5
2023,"Carolina Wren",13
2023,"Chipping Sparrow",5
2023,"Common Grackle",3
2023,"Common Yellowthroat",1
2023,"Eastern Bluebird",13
2023,"Eastern Meadowlark",3
2023,"Eastern Phoebe",4
2023,"Eastern Towhee",3
2023,"Field Sparrow",1
2023,"Great Blue Heron",2
2023,"House Finch",4
2023,"Killdeer",1
2023,"Mourning Dove",10
2023,"Northern Cardinal",23
2023,"Northern Mockingbird",14
2023,"Pine Warbler",1
2023,"Red-bellied Woodpecker",5
2023,"Red-shouldered Hawk",1
2023,"Red-winged Blackbird",4
2023,"Song Sparrow",1
2023,"Tufted Titmouse",5
2023,"White-breasted Nuthatch",1
2023,"American Crow",31
2023,"American Goldfinch",9
2023,"American Robin",9
2023,"Blue Jay",5
2023,"Brown Thrasher",2
2023,"Brown-headed Cowbird",1
2023,"Carolina Chickadee",2
2023,"Carolina Wren",22
2023,"Chipping Sparrow",15
2023,"Common Grackle",7
2023,"Common Yellowthroat",2
2023,"Eastern Bluebird",8
2023,"Eastern Meadowlark",1
2023,"Eastern Phoebe",2
2023,"Eastern Towhee",4
2023,"European Starling",31
2023,"Fish Crow",6
2023,"Gray Catbird",1
2023,"House Finch",10
2023,"Killdeer",1
2023,"Mourning Dove",8
2023,"Northern Cardinal",30
2023,"Northern Mockingbird",12
2023,"Pine Warbler",3
2023,"Red-bellied Woodpecker",3
2023,"Song Sparrow",3
2023,"Tufted Titmouse",3
2023,"Turkey Vulture",3
2023,"American Crow",23
2023,"American Goldfinch",3
2023,"American Robin",1
2023,"Blue Jay",1
2023,"Blue-gray Gnatcatcher",19
2023,"Brown Thrasher",2
2023,"Brown-headed Cowbird",5
2023,"Brown-headed Nuthatch",5
2023,"Carolina Chickadee",10
2023,"Carolina Wren",18
2023,"Chipping Sparrow",14
2023,"Common Grackle",1
2023,"Downy Woodpecker",7
2023,"Eastern Bluebird",4
2023,"Eastern Phoebe",2
2023,"Eastern Towhee",6
2023,"Fish Crow",6
2023,"Gray Catbird",1
2023,"Great Blue Heron",4
2023,"House Finch",6
2023,"Mourning Dove",12
2023,"Northern Cardinal",15
2023,"Northern Mockingbird",6
2023,"Pine Warbler",8
2023,"Red-bellied Woodpecker",8
2023,"Red-shouldered Hawk",1
2023,"Tufted Titmouse",13
2023,"White-breasted Nuthatch",4
2023,"American Crow",29
2023,"American Goldfinch",2
2023,"Blue Jay",1
2023,"Blue-gray Gnatcatcher",10
2023,"Brown Thrasher",4
2023,"Brown-headed Cowbird",15
2023,"Canada Goose",13
2023,"Carolina Chickadee",6
2023,"Carolina Wren",18
2023,"Chipping Sparrow",18
2023,"Common Yellowthroat",3
2023,"Downy Woodpecker",2
2023,"Eastern Bluebird",6
2023,"Eastern Meadowlark",5
2023,"Eastern Phoebe",2
2023,"European Starling",6
2023,"Field Sparrow",1
2023,"Fish Crow",2
2023,"Great Blue Heron",3
2023,"House Finch",2
2023,"Killdeer",1
2023,"Mourning Dove",22
2023,"Northern Cardinal",23
2023,"Northern Mockingbird",5
2023,"Pine Warbler",4
2023,"Red-bellied Woodpecker",5
2023,"Red-shouldered Hawk",3
2023,"Red-winged Blackbird",3
2023,"Tufted Titmouse",16
2023,"Turkey Vulture",4
2023,"American Crow",41
2023,"American Goldfinch",3
2023,"American Robin",7
2023,"Blue Jay",6
2023,"Blue-gray Gnatcatcher",13
2023,"Brown Thrasher",1
2023,"Brown-headed Cowbird",4
2023,"Brown-headed Nuthatch",4
2023,"Carolina Chickadee",11
2023,"Carolina Wren",14
2023,"Chipping Sparrow",22
2023,"Common Grackle",2
2023,"Common Yellowthroat",2
2023,"Downy Woodpecker",4
2023,"Eastern Bluebird",15
2023,"Eastern Meadowlark",3
2023,"Eastern Phoebe",2
2023,"House Finch",4
2023,"Killdeer",1
2023,"Mourning Dove",11
2023,"Northern Cardinal",27
2023,"Northern Mockingbird",6
2023,"Pileated Woodpecker",1
2023,"Pine Warbler",17
2023,"Red-bellied Woodpecker",9
2023,"Red-shouldered Hawk",2
2023,"Tufted Titmouse",28
2023,"White-breasted Nuthatch",6
2023,"American Crow",10
2023,"American Goldfinch",5
2023,"American Robin",13
2023,"Blue Jay",4
2023,"Brown Thrasher",2
2023,"Brown-headed Cowbird",5
2023,"Brown-headed Nuthatch",2
2023,"Carolina Chickadee",5
2023,"Carolina Wren",10
2023,"Chipping Sparrow",9
2023,"Common Grackle",4
2023,"Downy Woodpecker",2
2023,"Eastern Bluebird",2
2023,"Eastern Phoebe",1
2023,"Eastern Towhee",8
2023,"European Starling",1
2023,"Fish Crow",2
2023,"Gray Catbird",3
2023,"House Finch",6
2023,"House Sparrow",3
2023,"Mourning Dove",5
2023,"Northern Cardinal",31
2023,"Pine Warbler",2
2023,"Red-bellied Woodpecker",4
2023,"Red-winged Blackbird",19
2023,"Song Sparrow",10
2023,"Tufted Titmouse",10
2023,"American Crow",17
2023,"American Goldfinch",4
2023,"American Robin",3
2023,"Blue-gray Gnatcatcher",18
2023,"Brown Thrasher",1
2023,"Brown-headed Cowbird",3
2023,"Carolina Chickadee",14
2023,"Carolina Wren",15
2023,"Chipping Sparrow",20
2023,"Downy Woodpecker",1
2023,"Eastern Bluebird",9
2023,"Eastern Meadowlark",1
2023,"Eastern Phoebe",2
2023,"Eastern Towhee",2
2023,"European Starling",3
2023,"Fish Crow",6
2023,"Gray Catbird",1
2023,"Great Blue Heron",1
2023,"House Finch",1
2023,"Mourning Dove",8
2023,"Northern Cardinal",14
2023,"Northern Mockingbird",3
2023,"Pine Warbler",5
2023,"Red-bellied Woodpecker",3
2023,"Tufted Titmouse",14
2023,"White-breasted Nuthatch",2
2023,"American Crow",9
2023,"American Goldfinch",1
2023,"American Robin",16
2023,"Blue Jay",3
2023,"Blue-gray Gnatcatcher",5
2023,"Brown Thrasher",1
2023,"Brown-headed Cowbird",2
2023,"Carolina Chickadee",3
2023,"Carolina Wren",14
2023,"Chipping Sparrow",13
2023,"Downy Woodpecker",2
2023,"Eastern Bluebird",9
2023,"Eastern Towhee",4
2023,"European Starling",1
2023,"Fish Crow",3
2023,"Gray Catbird",3
2023,"Great Blue Heron",1
2023,"House Finch",28
2023,"Mourning Dove",3
2023,"Northern Cardinal",22
2023,"Northern Mockingbird",1
2023,"Pine Warbler",5
2023,"Red-bellied Woodpecker",2
2023,"Red-shouldered Hawk",4
2023,"Song Sparrow",3
2023,"Tufted Titmouse",7
2023,"White-breasted Nuthatch",1
2023,"American Crow",19
2023,"American Goldfinch",3
2023,"American Robin",9
2023,"Blue-gray Gnatcatcher",3
2023,"Brown Thrasher",2
2023,"Brown-headed Cowbird",5
2023,"Canada Goose",77
2023,"Carolina Chickadee",4
2023,"Carolina Wren",10
2023,"Chipping Sparrow",8
2023,"Downy Woodpecker",5
2023,"Eastern Bluebird",4
2023,"Eastern Phoebe",1
2023,"Eastern Towhee",10
2023,"European Starling",1
2023,"House Finch",7
2023,"House Sparrow",2
2023,"Killdeer",5
2023,"Mourning Dove",5
2023,"Northern Cardinal",14
2023,"Northern Mockingbird",8
2023,"Pine Warbler",3
2023,"Red-winged Blackbird",2
2023,"Tufted Titmouse",2
2023,"American Crow",10
2023,"American Goldfinch",5
2023,"American Robin",8
2023,"Blue Jay",3
2023,"Blue-gray Gnatcatcher",11
2023,"Brown-headed Cowbird",7
2023,"Brown-headed Nuthatch",3
2023,"Carolina Chickadee",5
2023,"Carolina Wren",25
2023,"Chipping Sparrow",26
2023,"Downy Woodpecker",6
2023,"Eastern Bluebird",5
2023,"Eastern Phoebe",2
2023,"Eastern Towhee",7
2023,"House Finch",7
2023,"House Sparrow",2
2023,"Killdeer",1
2023,"Mourning Dove",10
2023,"Northern Cardinal",23
2023,"Northern Mockingbird",2
2023,"Pileated Woodpecker",2
2023,"Pine Warbler",3
2023,"Red-bellied Woodpecker",2
2023,"Red-shouldered Hawk",1
2023,"Red-winged Blackbird",2
2023,"Song Sparrow",1
2023,"Tufted Titmouse",9
2023,"American Crow",14
2023,"American Goldfinch",4
2023,"American Robin",8
2023,"Blue Jay",4
2023,"Blue-gray Gnatcatcher",5
2023,"Brown Thrasher",1
2023,"Brown-headed Cowbird",3
2023,"Brown-headed Nuthatch",3
2023,"Canada Goose",22
2023,"Carolina Chickadee",2
2023,"Carolina Wren",14
2023,"Chipping Sparrow",16
2023,"Common Grackle",1
2023,"Downy Woodpecker",1
2023,"Eastern Bluebird",8
2023,"Eastern Phoebe",1
2023,"Eastern Towhee",9
2023,"Fish Crow",4
2023,"House Finch",15
2023,"Killdeer",2
2023,"Mourning Dove",13
2023,"Northern Cardinal",38
2023,"Northern Mockingbird",12
2023,"Pine Warbler",3
2023,"Red-bellied Woodpecker",6
2023,"Red-shouldered Hawk",4
2023,"Tufted Titmouse",12
2023,"White-breasted Nuthatch",2
2023,"American Crow",39
2023,"American Goldfinch",3
2023,"Blue Jay",1
2023,"Blue-gray Gnatcatcher",8
2023,"Brown-headed Cowbird",5
2023,"Canada Goose",4
2023,"Carolina Chickadee",4
2023,"Carolina Wren",10
2023,"Chipping Sparrow",11
2023,"Common Grackle",1
2023,"Common Yellowthroat",1
2023,"Downy Woodpecker",4
2023,"Eastern Bluebird",18
2023,"Eastern Meadowlark",10
2023,"Eastern Phoebe",5
2023,"Eastern Towhee",1
2023,"European Starling",11
2023,"Field Sparrow",4
2023,"Great Blue Heron",2
2023,"House Finch",2
2023,"Mourning Dove",18
2023,"Northern Cardinal",9
2023,"Northern Mockingbird",8
2023,"Red-bellied Woodpecker",4
2023,"Red-shouldered Hawk",2
2023,"Red-winged Blackbird",3
2023,"Tufted Titmouse",12
2023,"White-breasted Nuthatch",1
2023,"American Crow",17
2023,"Blue Jay",3
2023,"Brown Thrasher",1
2023,"Brown-headed Cowbird",1
2023,"Brown-headed Nuthatch",1
2023,"Carolina Chickadee",1
2023,"Carolina Wren",12
2023,"Chipping Sparrow",3
2023,"Eastern Bluebird",5
2023,"Eastern Phoebe",1
2023,"European Starling",1
2023,"Mourning Dove",9
2023,"Northern Cardinal",7
2023,"Northern Mockingbird",3
2023,"Pine Warbler",1
2023,"Red-bellied Woodpecker",3
2023,"Tufted Titmouse",7
2023,"American Crow",37
2023,"American Goldfinch",5
2023,"American Robin",1
2023,"Blue Jay",3
2023,"Blue-gray Gnatcatcher",4
2023,"Brown Thrasher",1
2023,"Brown-headed Nuthatch",1
2023,"Carolina Chickadee",4
2023,"Carolina Wren",19
2023,"Chipping Sparrow",15
2023,"Downy Woodpecker",1
2023,"Eastern Bluebird",11
2023,"Eastern Meadowlark",2
2023,"Eastern Phoebe",4
2023,"Eastern Towhee",4
2023,"European Starling",6
2023,"Gray Catbird",2
2023,"House Sparrow",2
2023,"Mourning Dove",9
2023,"Northern Cardinal",19
2023,"Northern Mockingbird",6
2023,"Pileated Woodpecker",1
2023,"Pine Warbler",2
2023,"Red-bellied Woodpecker",7
2023,"Red-shouldered Hawk",2
2023,"Tufted Titmouse",9
2023,"American Crow",18
2023,"American Goldfinch",1
2023,"American Robin",1
2023,"Blue Jay",7
2023,"Blue-gray Gnatcatcher",8
2023,"Brown-headed Cowbird",3
2023,"Brown-headed Nuthatch",3
2023,"Canada Goose",2
2023,"Carolina Chickadee",13
2023,"Carolina Wren",9
2023,"Chipping Sparrow",8
2023,"Common Grackle",2
2023,"Downy Woodpecker",2
2023,"Eastern Bluebird",5
2023,"Eastern Phoebe",2
2023,"Eastern Towhee",3
2023,"Fish Crow",3
2023,"Gray Catbird",2
2023,"House Finch",7
2023,"Mourning Dove",6
2023,"Northern Cardinal",27
2023,"Northern Mockingbird",5
2023,"Pine Warbler",8
2023,"Red-bellied Woodpecker",7
2023,"Red-shouldered Hawk",2
2023,"Tufted Titmouse",18
2023,"White-breasted Nuthatch",4
2023,"American Crow",33
2023,"American Goldfinch",1
2023,"American Robin",1
2023,"Blue Jay",3
2023,"Blue-gray Gnatcatcher",2
2023,"Brown Thrasher",7
2023,"Brown-headed Cowbird",5
2023,"Canada Goose",2
2023,"Carolina Chickadee",7
2023,"Carolina Wren",19
2023,"Chipping Sparrow",21
2023,"Common Grackle",13
2023,"Common Yellowthroat",3
2023,"Downy Woodpecker",1
2023,"Eastern Bluebird",15
2023,"Eastern Meadowlark",3
2023,"Eastern Phoebe",2
2023,"Eastern Towhee",2
2023,"European Starling",6
2023,"Field Sparrow",2
2023,"Fish Crow",3
2023,"House Finch",3
2023,"Killdeer",3
2023,"Mourning Dove",49
2023,"Northern Cardinal",22
2023,"Northern Mockingbird",16
2023,"Pileated Woodpecker",1
2023,"Pine Warbler",8
2023,"Red-bellied Woodpecker",10
2023,"Red-shouldered Hawk",1
2023,"Red-winged Blackbird",4
2023,"Tufted Titmouse",12
2023,"Turkey Vulture",1
2023,"White-breasted Nuthatch",3
2023,"American Crow",13
2023,"American Goldfinch",4
2023,"American Robin",8
2023,"Blue Jay",4
2023,"Blue-gray Gnatcatcher",2
2023,"Brown Thrasher",1
2023,"Brown-headed Cowbird",2
2023,"Brown-headed Nuthatch",7
2023,"Carolina Chickadee",7
2023,"Carolina Wren",20
2023,"Chipping Sparrow",13
2023,"Eastern Bluebird",4
2023,"Eastern Meadowlark",1
2023,"Eastern Phoebe",2
2023,"Eastern Towhee",4
2023,"European Starling",4
2023,"Gray Catbird",3
2023,"House Finch",9
2023,"Mourning Dove",2
2023,"Northern Cardinal",27
2023,"Northern Mockingbird",2
2023,"Pine Warbler",6
2023,"Red-bellied Woodpecker",2
2023,"Song Sparrow",3
2023,"Tufted Titmouse",13
2023,"Turkey Vulture",4
2023,"White-breasted Nuthatch",2
2023,"American Crow",23
2023,"American Goldfinch",1
2023,"American Robin",2
2023,"Blue-gray Gnatcatcher",10
2023,"Brown Thrasher",2
2023,"Brown-headed Cowbird",2
2023,"Carolina Chickadee",2
2023,"Carolina Wren",18
2023,"Chipping Sparrow",15
2023,"Common Grackle",1
2023,"Common Yellowthroat",3
2023,"Downy Woodpecker",2
2023,"Eastern Bluebird",12
2023,"Eastern Meadowlark",2
2023,"Eastern Phoebe",2
2023,"Eastern Towhee",3
2023,"Field Sparrow",3
2023,"Fish Crow",4
2023,"Gray Catbird",1
2023,"Great Blue Heron",1
2023,"House Finch",3
2023,"Mourning Dove",25
2023,"Northern Bobwhite",1
2023,"Northern Cardinal",29
2023,"Northern Mockingbird",3
2023,"Pine Warbler",5
2023,"Red-bellied Woodpecker",6
2023,"Red-shouldered Hawk",1
2023,"Red-winged Blackbird",1
2023,"Song Sparrow",1
2023,"Tufted Titmouse",11
2023,"White-breasted Nuthatch",1
2023,"American Crow",16
2023,"American Goldfinch",1
2023,"Brown-headed Cowbird",1
2023,"Carolina Chickadee",1
2023,"Carolina Wren",12
2023,"Chipping Sparrow",3
2023,"Common Yellowthroat",1
2023,"Eastern Bluebird",6
2023,"Eastern Phoebe",1
2023,"Mourning Dove",2
2023,"Northern Cardinal",5
2023,"Northern Mockingbird",1
2023,"Pine Warbler",1
2023,"Red-bellied Woodpecker",3
2023,"Tufted Titmouse",4
2023,"White-breasted Nuthatch",2
2023,"American Crow",15
2023,"Blue Jay",4
2023,"Blue-gray Gnatcatcher",9
2023,"Brown Thrasher",1
2023,"Brown-headed Cowbird",4
2023,"Carolina Chickadee",7
2023,"Carolina Wren",17
2023,"Chipping Sparrow",12
2023,"Common Grackle",1
2023,"Downy Woodpecker",3
2023,"Eastern Bluebird",5
2023,"Eastern Phoebe",1
2023,"Eastern Towhee",1
2023,"Fish Crow",1
2023,"Mourning Dove",6
2023,"Northern Cardinal",20
2023,"Northern Mockingbird",3
2023,"Pileated Woodpecker",1
2023,"Pine Warbler",6
2023,"Red-bellied Woodpecker",4
2023,"Tufted Titmouse",18
2023,"White-breasted Nuthatch",1
2023,"American Crow",29
2023,"American Goldfinch",4
2023,"American Robin",1
2023,"Blue-gray Gnatcatcher",10
2023,"Brown-headed Cowbird",2
2023,"Brown-headed Nuthatch",3
2023,"Carolina Chickadee",9
2023,"Carolina Wren",23
2023,"Chipping Sparrow",19
2023,"Common Yellowthroat",1
2023,"Downy Woodpecker",5
2023,"Eastern Bluebird",10
2023,"Eastern Meadowlark",4
2023,"Eastern Phoebe",2
2023,"Eastern Towhee",2
2023,"European Starling",11
2023,"Fish Crow",3
2023,"House Finch",4
2023,"Mourning Dove",15
2023,"Northern Cardinal",30
2023,"Northern Mockingbird",7
2023,"Pine Warbler",3
2023,"Red-bellied Woodpecker",8
2023,"Red-shouldered Hawk",2
2023,"Red-winged Blackbird",2
2023,"Tufted Titmouse",8
2023,"White-breasted Nuthatch",2
2023,"American Crow",32
2023,"American Goldfinch",4
2023,"American Robin",3
2023,"Blue Jay",8
2023,"Blue-gray Gnatcatcher",14
2023,"Brown Thrasher",1
2023,"Brown-headed Cowbird",6
2023,"Brown-headed Nuthatch",5
2023,"Carolina Chickadee",15
2023,"Carolina Wren",14
2023,"Chipping Sparrow",20
2023,"Common Grackle",3
2023,"Downy Woodpecker",2
2023,"Eastern Bluebird",13
2023,"Eastern Meadowlark",2
2023,"Eastern Phoebe",3
2023,"Eastern Towhee",7
2023,"European Starling",2
2023,"Great Blue Heron",1
2023,"House Finch",1
2023,"Killdeer",5
2023,"Mourning Dove",13
2023,"Northern Cardinal",21
2023,"Northern Mockingbird",6
2023,"Pine Warbler",9
2023,"Red-bellied Woodpecker",7
2023,"Red-shouldered Hawk",5
2023,"Red-winged Blackbird",1
2023,"Tufted Titmouse",17
2023,"White-breasted Nuthatch",6
2023,"American Crow",2
2023,"Blue Jay",2
2023,"Brown Thrasher",1
2023,"Carolina Chickadee",7
2023,"Carolina Wren",20
2023,"Chipping Sparrow",9
2023,"Downy Woodpecker",2
2023,"Eastern Bluebird",4
2023,"Eastern Meadowlark",2
2023,"Eastern Phoebe",1
2023,"Eastern Towhee",7
2023,"Fish Crow",3
2023,"Gray Catbird",4
2023,"Great Blue Heron",1
2023,"House Finch",8
2023,"Mourning Dove",4
2023,"Northern Cardinal",28
2023,"Northern Mockingbird",2
2023,"Pine Warbler",4
2023,"Red-bellied Woodpecker",6
2023,"Song Sparrow",1
2023,"Tufted Titmouse",21
2024,"American Crow",14
2024,"American Goldfinch",4
2024,"American Robin",1
2024,"Blue Jay",1
2024,"Blue-gray Gnatcatcher",5
2024,"Brown Thrasher",2
2024,"Brown-headed Cowbird",1
2024,"Brown-headed Nuthatch",1
2024,"Carolina Chickadee",7
2024,"Carolina Wren",9
2024,"Chipping Sparrow",11
2024,"Common Yellowthroat",1
2024,"Downy Woodpecker",7
2024,"Eastern Bluebird",3
2024,"Eastern Towhee",2
2024,"Fish Crow",5
2024,"Mourning Dove",6
2024,"Northern Cardinal",22
2024,"Northern Mockingbird",1
2024,"Pileated Woodpecker",2
2024,"Pine Warbler",8
2024,"Red-bellied Woodpecker",7
2024,"Red-shouldered Hawk",2
2024,"Tufted Titmouse",16
2024,"Turkey Vulture",9
2024,"White-breasted Nuthatch",2
2024,"American Crow",14
2024,"American Goldfinch",3
2024,"Blue Jay",2
2024,"Blue-gray Gnatcatcher",8
2024,"Brown Thrasher",3
2024,"Brown-headed Cowbird",7
2024,"Brown-headed Nuthatch",3
2024,"Carolina Chickadee",3
2024,"Carolina Wren",12
2024,"Chipping Sparrow",8
2024,"Common Grackle",7
2024,"Common Yellowthroat",1
2024,"Downy Woodpecker",2
2024,"Eastern Bluebird",2
2024,"Eastern Phoebe",1
2024,"Eastern Towhee",3
2024,"Fish Crow",1
2024,"Great Blue Heron",4
2024,"Mourning Dove",7
2024,"Northern Cardinal",15
2024,"Northern Mockingbird",1
2024,"Pine Warbler",10
2024,"Red-bellied Woodpecker",2
2024,"Red-shouldered Hawk",1
2024,"Tufted Titmouse",21
2024,"White-breasted Nuthatch",2
2024,"American Crow",1
2024,"American Robin",4
2024,"Blue Jay",3
2024,"Blue-gray Gnatcatcher",3
2024,"Brown-headed Cowbird",4
2024,"Canada Goose",25
2024,"Carolina Wren",9
2024,"Chipping Sparrow",6
2024,"Eastern Bluebird",9
2024,"Eastern Meadowlark",1
2024,"Eastern Phoebe",3
2024,"Eastern Towhee",1
2024,"European Starling",12
2024,"Fish Crow",1
2024,"Killdeer",2
2024,"Mourning Dove",7
2024,"Northern Bobwhite",2
2024,"Northern Cardinal",7
2024,"Northern Mockingbird",6
2024,"Pine Warbler",10
2024,"Red-bellied Woodpecker",2
2024,"Tufted Titmouse",5
2024,"Turkey Vulture",2
2024,"American Crow",13
2024,"American Goldfinch",2
2024,"American Robin",1
2024,"Blue Jay",3
2024,"Blue-gray Gnatcatcher",10
2024,"Brown Thrasher",1
2024,"Brown-headed Cowbird",2
2024,"Brown-headed Nuthatch",5
2024,"Carolina Chickadee",7
2024,"Carolina Wren",14
2024,"Chipping Sparrow",4
2024,"Downy Woodpecker",3
2024,"Eastern Bluebird",5
2024,"Eastern Meadowlark",2
2024,"Eastern Phoebe",3
2024,"Eastern Towhee",3
2024,"European Starling",1
2024,"Fish Crow",1
2024,"Mourning Dove",9
2024,"Northern Cardinal",13
2024,"Northern Mockingbird",2
2024,"Pine Warbler",8
2024,"Red-bellied Woodpecker",1
2024,"Red-shouldered Hawk",2
2024,"Tufted Titmouse",10
2024,"American Crow",33
2024,"American Goldfinch",3
2024,"American Robin",1
2024,"Blue Jay",1
2024,"Blue-gray Gnatcatcher",2
2024,"Brown Thrasher",1
2024,"Brown-headed Cowbird",3
2024,"Canada Goose",1
2024,"Carolina Wren",24
2024,"Chipping Sparrow",10
2024,"Common Grackle",5
2024,"Common Yellowthroat",2
2024,"Eastern Bluebird",16
2024,"Eastern Meadowlark",9
2024,"Eastern Phoebe",3
2024,"Eastern Towhee",3
2024,"Field Sparrow",1
2024,"Fish Crow",3
2024,"Killdeer",5
2024,"Mourning Dove",8
2024,"Northern Cardinal",28
2024,"Northern Mockingbird",8
2024,"Pine Warbler",2
2024,"Red-bellied Woodpecker",4
2024,"Red-shouldered Hawk",1
2024,"Red-winged Blackbird",6
2024,"Tufted Titmouse",12
2024,"Turkey Vulture",1
2024,"American Crow",30
2024,"American Goldfinch",2
2024,"American Robin",1
2024,"Blue Jay",3
2024,"Blue-gray Gnatcatcher",12
2024,"Brown-headed Cowbird",1
2024,"Canada Goose",2
2024,"Carolina Chickadee",4
2024,"Carolina Wren",24
2024,"Chipping Sparrow",12
2024,"Common Grackle",2
2024,"Common Yellowthroat",3
2024,"Downy Woodpecker",1
2024,"Eastern Bluebird",7
2024,"Eastern Meadowlark",3
2024,"Eastern Phoebe",4
2024,"Eastern Towhee",2
2024,"European Starling",1
2024,"Field Sparrow",1
2024,"House Finch",1
2024,"Mourning Dove",29
2024,"Northern Cardinal",28
2024,"Northern Mockingbird",4
2024,"Pine Warbler",3
2024,"Red-bellied Woodpecker",6
2024,"Red-winged Blackbird",4
2024,"Tufted Titmouse",13
2024,"White-breasted Nuthatch",2
2024,"American Crow",17
2024,"American Goldfinch",12
2024,"Blue Jay",4
2024,"Blue-gray Gnatcatcher",4
2024,"Brown Thrasher",1
2024,"Brown-headed Cowbird",1
2024,"Carolina Chickadee",5
2024,"Carolina Wren",18
2024,"Chipping Sparrow",5
2024,"Common Grackle",1
2024,"Common Yellowthroat",3
2024,"Downy Woodpecker",5
2024,"Eastern Bluebird",1
2024,"Eastern Meadowlark",4
2024,"Eastern Phoebe",1
2024,"Eastern Towhee",5
2024,"House Finch",1
2024,"Mourning Dove",23
2024,"Northern Bobwhite",1
2024,"Northern Cardinal",32
2024,"Northern Mockingbird",11
2024,"Pine Warbler",6
2024,"Red-bellied Woodpecker",7
2024,"Red-shouldered Hawk",3
2024,"Tufted Titmouse",8
2024,"White-breasted Nuthatch",2
2024,"American Crow",28
2024,"American Goldfinch",9
2024,"Blue Jay",4
2024,"Blue-gray Gnatcatcher",6
2024,"Brown-headed Cowbird",3
2024,"Brown-headed Nuthatch",2
2024,"Carolina Chickadee",3
2024,"Carolina Wren",21
2024,"Chipping Sparrow",9
2024,"Common Grackle",3
2024,"Downy Woodpecker",1
2024,"Eastern Bluebird",14
2024,"Eastern Meadowlark",5
2024,"Eastern Phoebe",6
2024,"Fish Crow",1
2024,"Killdeer",6
2024,"Mourning Dove",31
2024,"Northern Cardinal",15
2024,"Northern Mockingbird",10
2024,"Pileated Woodpecker",1
2024,"Pine Warbler",13
2024,"Red-bellied Woodpecker",5
2024,"Red-shouldered Hawk",3
2024,"Tufted Titmouse",27
2024,"Turkey Vulture",5
2024,"White-breasted Nuthatch",5
2024,"American Crow",17
2024,"American Goldfinch",10
2024,"American Robin",6
2024,"Blue Jay",4
2024,"Blue-gray Gnatcatcher",16
2024,"Brown Thrasher",4
2024,"Brown-headed Nuthatch",3
2024,"Carolina Chickadee",8
2024,"Carolina Wren",25
2024,"Chipping Sparrow",15
2024,"Common Grackle",2
2024,"Common Yellowthroat",1
2024,"Downy Woodpecker",7
2024,"Eastern Bluebird",8
2024,"Eastern Phoebe",1
2024,"Eastern Towhee",2
2024,"Fish Crow",1
2024,"House Finch",2
2024,"Mourning Dove",5
2024,"Northern Bobwhite",1
2024,"Northern Cardinal",23
2024,"Northern Mockingbird",4
2024,"Pileated Woodpecker",1
2024,"Pine Warbler",11
2024,"Red-bellied Woodpecker",5
2024,"Red-shouldered Hawk",1
2024,"Tufted Titmouse",13
2024,"White-breasted Nuthatch",4
2024,"American Crow",39
2024,"American Goldfinch",3
2024,"American Robin",8
2024,"Blue Jay",10
2024,"Blue-gray Gnatcatcher",7
2024,"Brown Thrasher",1
2024,"Brown-headed Cowbird",2
2024,"Brown-headed Nuthatch",6
2024,"Carolina Chickadee",6
2024,"Carolina Wren",17
2024,"Chipping Sparrow",11
2024,"Common Grackle",7
2024,"Common Yellowthroat",2
2024,"Downy Woodpecker",6
2024,"Eastern Bluebird",3
2024,"Eastern Phoebe",4
2024,"Eastern Towhee",2
2024,"European Starling",2
2024,"Fish Crow",5
2024,"House Finch",7
2024,"House Sparrow",1
2024,"Mourning Dove",12
2024,"Northern Cardinal",27
2024,"Northern Mockingbird",8
2024,"Pileated Woodpecker",1
2024,"Pine Warbler",5
2024,"Red-bellied Woodpecker",14
2024,"Red-shouldered Hawk",2
2024,"Tufted Titmouse",10
2024,"White-breasted Nuthatch",3
2024,"American Crow",23
2024,"American Goldfinch",5
2024,"Blue Jay",1
2024,"Blue-gray Gnatcatcher",21
2024,"Brown Thrasher",2
2024,"Brown-headed Cowbird",3
2024,"Brown-headed Nuthatch",1
2024,"Carolina Chickadee",6
2024,"Carolina Wren",8
2024,"Chipping Sparrow",13
2024,"Common Yellowthroat",1
2024,"Downy Woodpecker",3
2024,"Eastern Bluebird",6
2024,"Eastern Meadowlark",1
2024,"Eastern Phoebe",2
2024,"Fish Crow",2
2024,"House Finch",4
2024,"Mourning Dove",24
2024,"Northern Cardinal",19
2024,"Northern Mockingbird",7
2024,"Pileated Woodpecker",1
2024,"Pine Warbler",5
2024,"Red-bellied Woodpecker",14
2024,"Tufted Titmouse",14
2024,"White-breasted Nuthatch",2
2024,"American Crow",22
2024,"American Goldfinch",1
2024,"American Robin",2
2024,"Blue Jay",5
2024,"Blue-gray Gnatcatcher",6
2024,"Brown Thrasher",1
2024,"Brown-headed Cowbird",4
2024,"Carolina Chickadee",4
2024,"Carolina Wren",16
2024,"Chipping Sparrow",8
2024,"Common Grackle",2
2024,"Common Yellowthroat",1
2024,"Downy Woodpecker",3
2024,"Eastern Bluebird",14
2024,"Eastern Meadowlark",5
2024,"Eastern Phoebe",6
2024,"Eastern Towhee",8
2024,"European Starling",6
2024,"Field Sparrow",3
2024,"Great Blue Heron",3
2024,"House Finch",8
2024,"House Sparrow",2
2024,"Killdeer",1
2024,"Mourning Dove",8
2024,"Northern Cardinal",21
2024,"Northern Mockingbird",13
2024,"Pileated Woodpecker",1
2024,"Pine Warbler",1
2024,"Red-bellied Woodpecker",7
2024,"Red-shouldered Hawk",2
2024,"Red-winged Blackbird",8
2024,"Tufted Titmouse",10
2024,"American Crow",24
2024,"American Goldfinch",1
2024,"American Robin",8
2024,"Blue Jay",6
2024,"Blue-gray Gnatcatcher",4
2024,"Brown Thrasher",1
2024,"Brown-headed Cowbird",1
2024,"Brown-headed Nuthatch",1
2024,"Carolina Wren",21
2024,"Chipping Sparrow",13
2024,"Common Grackle",7
2024,"Common Yellowthroat",2
2024,"Downy Woodpecker",1
2024,"Eastern Bluebird",11
2024,"Eastern Meadowlark",3
2024,"Eastern Phoebe",1
2024,"Eastern Towhee",2
2024,"European Starling",4
2024,"Fish Crow",8
2024,"House Finch",6
2024,"House Sparrow",6
2024,"Mourning Dove",10
2024,"Northern Cardinal",21
2024,"Northern Mockingbird",12
2024,"Pine Warbler",8
2024,"Red-bellied Woodpecker",3
2024,"Red-shouldered Hawk",2
2024,"Song Sparrow",3
2024,"Tufted Titmouse",4
2024,"White-breasted Nuthatch",1
2024,"American Crow",12
2024,"American Goldfinch",4
2024,"American Robin",1
2024,"Blue Jay",2
2024,"Blue-gray Gnatcatcher",6
2024,"Brown Thrasher",2
2024,"Brown-headed Cowbird",4
2024,"Brown-headed Nuthatch",4
2024,"Carolina Chickadee",5
2024,"Carolina Wren",18
2024,"Chipping Sparrow",12
2024,"Common Grackle",4
2024,"Downy Woodpecker",6
2024,"Eastern Bluebird",4
2024,"Eastern Phoebe",1
2024,"Eastern Towhee",3
2024,"Fish Crow",4
2024,"Great Blue Heron",1
2024,"House Finch",8
2024,"Mourning Dove",15
2024,"Northern Cardinal",16
2024,"Northern Mockingbird",3
2024,"Pileated Woodpecker",3
2024,"Pine Warbler",8
2024,"Red-bellied Woodpecker",8
2024,"Red-shouldered Hawk",2
2024,"Tufted Titmouse",10
2024,"White-breasted Nuthatch",1
2024,"American Crow",21
2024,"American Goldfinch",12
2024,"Blue Jay",4
2024,"Blue-gray Gnatcatcher",10
2024,"Brown Thrasher",4
2024,"Brown-headed Cowbird",8
2024,"Canada Goose",5
2024,"Carolina Chickadee",4
2024,"Carolina Wren",23
2024,"Chipping Sparrow",15
2024,"Common Grackle",1
2024,"Common Yellowthroat",4
2024,"Downy Woodpecker",2
2024,"Eastern Bluebird",13
2024,"Eastern Meadowlark",6
2024,"Eastern Phoebe",2
2024,"Eastern Towhee",3
2024,"European Starling",6
2024,"Field Sparrow",3
2024,"Great Blue Heron",1
2024,"House Finch",1
2024,"Mourning Dove",18
2024,"Northern Cardinal",18
2024,"Northern Mockingbird",11
2024,"Pine Warbler",5
2024,"Red-bellied Woodpecker",3
2024,"Red-shouldered Hawk",1
2024,"Red-winged Blackbird",4
2024,"Tufted Titmouse",9
2024,"American Crow",55
2024,"American Goldfinch",6
2024,"American Robin",2
2024,"Blue Jay",8
2024,"Blue-gray Gnatcatcher",16
2024,"Brown Thrasher",1
2024,"Brown-headed Cowbird",2
2024,"Brown-headed Nuthatch",2
2024,"Carolina Chickadee",14
2024,"Carolina Wren",24
2024,"Chipping Sparrow",26
2024,"Common Yellowthroat",2
2024,"Downy Woodpecker",4
2024,"Eastern Bluebird",23
2024,"Eastern Meadowlark",1
2024,"Eastern Phoebe",2
2024,"Eastern Towhee",1
2024,"European Starling",10
2024,"Fish Crow",3
2024,"Great Blue Heron",1
2024,"House Finch",4
2024,"House Sparrow",1
2024,"Killdeer",1
2024,"Mourning Dove",7
2024,"Northern Cardinal",26
2024,"Northern Mockingbird",6
2024,"Pileated Woodpecker",1
2024,"Pine Warbler",20
2024,"Red-bellied Woodpecker",10
2024,"Tufted Titmouse",17
2024,"White-breasted Nuthatch",2
2024,"American Crow",11
2024,"American Goldfinch",1
2024,"American Robin",16
2024,"Blue Jay",6
2024,"Blue-gray Gnatcatcher",3
2024,"Brown-headed Cowbird",3
2024,"Brown-headed Nuthatch",3
2024,"Carolina Chickadee",12
2024,"Carolina Wren",6
2024,"Chipping Sparrow",6
2024,"Downy Woodpecker",1
2024,"Eastern Bluebird",4
2024,"Eastern Phoebe",1
2024,"Eastern Towhee",4
2024,"Fish Crow",6
2024,"Gray Catbird",6
2024,"House Finch",15
2024,"Mourning Dove",6
2024,"Northern Cardinal",24
2024,"Northern Mockingbird",5
2024,"Pine Warbler",4
2024,"Red-bellied Woodpecker",2
2024,"Red-shouldered Hawk",1
2024,"Song Sparrow",8
2024,"Tufted Titmouse",11
2024,"White-breasted Nuthatch",1
2024,"American Crow",2
2024,"American Goldfinch",3
2024,"American Robin",3
2024,"Blue-gray Gnatcatcher",11
2024,"Brown-headed Nuthatch",2
2024,"Canada Goose",7
2024,"Carolina Chickadee",9
2024,"Carolina Wren",14
2024,"Chipping Sparrow",5
2024,"Downy Woodpecker",6
2024,"Eastern Bluebird",4
2024,"Eastern Phoebe",1
2024,"Eastern Towhee",1
2024,"House Finch",11
2024,"Mourning Dove",11
2024,"Northern Cardinal",17
2024,"Northern Mockingbird",2
2024,"Pileated Woodpecker",1
2024,"Pine Warbler",3
2024,"Red-bellied Woodpecker",2
2024,"Red-shouldered Hawk",4
2024,"Song Sparrow",1
2024,"Tufted Titmouse",19
2024,"White-breasted Nuthatch",4
2024,"American Crow",19
2024,"American Goldfinch",2
2024,"American Robin",17
2024,"Blue Jay",1
2024,"Blue-gray Gnatcatcher",3
2024,"Brown-headed Cowbird",2
2024,"Carolina Chickadee",2
2024,"Carolina Wren",10
2024,"Chipping Sparrow",8
2024,"Common Grackle",1
2024,"Downy Woodpecker",4
2024,"Eastern Bluebird",9
2024,"Eastern Towhee",6
2024,"European Starling",6
2024,"Fish Crow",2
2024,"Gray Catbird",2
2024,"House Finch",8
2024,"Killdeer",1
2024,"Mourning Dove",6
2024,"Northern Cardinal",26
2024,"Northern Mockingbird",4
2024,"Pine Warbler",6
2024,"Red-bellied Woodpecker",6
2024,"Red-shouldered Hawk",1
2024,"Song Sparrow",2
2024,"Tufted Titmouse",9
2024,"White-breasted Nuthatch",5
2024,"American Crow",6
2024,"American Robin",22
2024,"Blue Jay",1
2024,"Blue-gray Gnatcatcher",2
2024,"Brown Thrasher",3
2024,"Brown-headed Cowbird",5
2024,"Canada Goose",27
2024,"Carolina Chickadee",1
2024,"Carolina Wren",14
2024,"Chipping Sparrow",4
2024,"Downy Woodpecker",4
2024,"Eastern Bluebird",4
2024,"Eastern Phoebe",4
2024,"Eastern Towhee",4
2024,"European Starling",2
2024,"House Finch",17
2024,"Mourning Dove",4
2024,"Northern Cardinal",16
2024,"Northern Mockingbird",12
2024,"Pine Warbler",5
2024,"Red-bellied Woodpecker",6
2024,"Song Sparrow",2
2024,"Tufted Titmouse",6
2024,"White-breasted Nuthatch",1
2024,"American Crow",15
2024,"American Goldfinch",10
2024,"American Robin",1
2024,"Blue Jay",2
2024,"Blue-gray Gnatcatcher",12
2024,"Brown Thrasher",2
2024,"Brown-headed Cowbird",4
2024,"Brown-headed Nuthatch",5
2024,"Carolina Chickadee",7
2024,"Carolina Wren",24
2024,"Chipping Sparrow",11
2024,"Downy Woodpecker",3
2024,"Eastern Bluebird",4
2024,"Eastern Towhee",5
2024,"European Starling",4
2024,"Fish Crow",1
2024,"Mourning Dove",11
2024,"Northern Cardinal",22
2024,"Northern Mockingbird",9
2024,"Pine Warbler",5
2024,"Red-bellied Woodpecker",3
2024,"Red-shouldered Hawk",1
2024,"Tufted Titmouse",4
2024,"American Crow",24
2024,"American Goldfinch",4
2024,"American Robin",22
2024,"Blue Jay",2
2024,"Blue-gray Gnatcatcher",8
2024,"Brown Thrasher",4
2024,"Brown-headed Cowbird",3
2024,"Brown-headed Nuthatch",1
2024,"Canada Goose",8
2024,"Carolina Chickadee",1
2024,"Carolina Wren",12
2024,"Chipping Sparrow",15
2024,"Common Grackle",5
2024,"Downy Woodpecker",1
2024,"Eastern Bluebird",9
2024,"Eastern Phoebe",5
2024,"Eastern Towhee",4
2024,"Fish Crow",5
2024,"Great Blue Heron",1
2024,"House Finch",4
2024,"Mourning Dove",17
2024,"Northern Cardinal",20
2024,"Northern Mockingbird",5
2024,"Pileated Woodpecker",3
2024,"Pine Warbler",6
2024,"Red-bellied Woodpecker",7
2024,"Red-shouldered Hawk",5
2024,"Tufted Titmouse",14
2024,"White-breasted Nuthatch",2
2024,"American Crow",18
2024,"American Goldfinch",4
2024,"Blue Jay",4
2024,"Blue-gray Gnatcatcher",9
2024,"Brown-headed Cowbird",8
2024,"Carolina Chickadee",1
2024,"Carolina Wren",17
2024,"Chipping Sparrow",9
2024,"Common Grackle",11
2024,"Common Yellowthroat",3
2024,"Downy Woodpecker",1
2024,"Eastern Bluebird",15
2024,"Eastern Meadowlark",13
2024,"Eastern Phoebe",5
2024,"European Starling",1
2024,"Field Sparrow",2
2024,"Fish Crow",4
2024,"House Finch",2
2024,"Killdeer",1
2024,"Mourning Dove",23
2024,"Northern Cardinal",11
2024,"Northern Mockingbird",9
2024,"Red-bellied Woodpecker",6
2024,"Tufted Titmouse",14
2024,"American Crow",23
2024,"American Goldfinch",5
2024,"Blue-gray Gnatcatcher",12
2024,"Brown-headed Cowbird",1
2024,"Carolina Chickadee",4
2024,"Carolina Wren",21
2024,"Chipping Sparrow",13
2024,"Common Grackle",4
2024,"Common Yellowthroat",1
2024,"Eastern Bluebird",10
2024,"Eastern Meadowlark",4
2024,"Eastern Phoebe",2
2024,"Mourning Dove",14
2024,"Northern Cardinal",16
2024,"Northern Mockingbird",4
2024,"Pileated Woodpecker",2
2024,"Pine Warbler",5
2024,"Red-bellied Woodpecker",3
2024,"Red-shouldered Hawk",1
2024,"Red-winged Blackbird",1
2024,"Tufted Titmouse",9
2024,"Turkey Vulture",1
2024,"White-breasted Nuthatch",3
2024,"American Crow",33
2024,"American Robin",1
2024,"Blue Jay",6
2024,"Blue-gray Gnatcatcher",6
2024,"Brown Thrasher",1
2024,"Brown-headed Nuthatch",1
2024,"Carolina Chickadee",6
2024,"Carolina Wren",21
2024,"Chipping Sparrow",11
2024,"Common Grackle",1
2024,"Common Yellowthroat",1
2024,"Downy Woodpecker",1
2024,"Eastern Bluebird",10
2024,"Eastern Meadowlark",3
2024,"Eastern Phoebe",3
2024,"Eastern Towhee",4
2024,"European Starling",3
2024,"Field Sparrow",1
2024,"Fish Crow",1
2024,"Gray Catbird",1
2024,"House Finch",2
2024,"Mourning Dove",8
2024,"Northern Cardinal",19
2024,"Northern Mockingbird",12
2024,"Pine Warbler",1
2024,"Red-bellied Woodpecker",6
2024,"Red-shouldered Hawk",1
2024,"Song Sparrow",1
2024,"Tufted Titmouse",7
2024,"American Crow",25
2024,"American Goldfinch",3
2024,"Blue Jay",3
2024,"Blue-gray Gnatcatcher",10
2024,"Brown Thrasher",3
2024,"Brown-headed Cowbird",3
2024,"Brown-headed Nuthatch",4
2024,"Canada Goose",5
2024,"Carolina Chickadee",6
2024,"Carolina Wren",23
2024,"Chipping Sparrow",9
2024,"Common Grackle",2
2024,"Downy Woodpecker",3
2024,"Eastern Bluebird",10
2024,"Eastern Phoebe",1
2024,"Eastern Towhee",3
2024,"European Starling",2
2024,"Fish Crow",1
2024,"House Finch",1
2024,"Mourning Dove",7
2024,"Northern Cardinal",38
2024,"Northern Mockingbird",4
2024,"Pileated Woodpecker",2
2024,"Pine Warbler",6
2024,"Red-bellied Woodpecker",8
2024,"Red-shouldered Hawk",3
2024,"Tufted Titmouse",9
2024,"White-breasted Nuthatch",6
2024,"American Crow",29
2024,"American Goldfinch",3
2024,"American Robin",1
2024,"Blue Jay",9
2024,"Blue-gray Gnatcatcher",7
2024,"Brown Thrasher",3
2024,"Brown-headed Cowbird",2
2024,"Brown-headed Nuthatch",1
2024,"Canada Goose",3
2024,"Carolina Chickadee",6
2024,"Carolina Wren",25
2024,"Chipping Sparrow",12
2024,"Common Grackle",13
2024,"Common Yellowthroat",3
2024,"Downy Woodpecker",4
2024,"Eastern Bluebird",7
2024,"Eastern Meadowlark",5
2024,"Eastern Phoebe",5
2024,"Eastern Towhee",1
2024,"European Starling",2
2024,"Field Sparrow",2
2024,"House Finch",6
2024,"Mourning Dove",51
2024,"Northern Cardinal",19
2024,"Northern Mockingbird",10
2024,"Pileated Woodpecker",1
2024,"Pine Warbler",8
2024,"Red-bellied Woodpecker",11
2024,"Red-shouldered Hawk",4
2024,"Red-winged Blackbird",4
2024,"Tufted Titmouse",14
2024,"Turkey Vulture",1
2024,"White-breasted Nuthatch",4
2024,"American Crow",13
2024,"American Goldfinch",2
2024,"American Robin",9
2024,"Blue-gray Gnatcatcher",6
2024,"Brown Thrasher",2
2024,"Brown-headed Cowbird",4
2024,"Brown-headed Nuthatch",6
2024,"Carolina Chickadee",10
2024,"Carolina Wren",15
2024,"Chipping Sparrow",12
2024,"Common Yellowthroat",1
2024,"Downy Woodpecker",6
2024,"Eastern Bluebird",2
2024,"Eastern Phoebe",2
2024,"Eastern Towhee",4
2024,"Fish Crow",7
2024,"Gray Catbird",1
2024,"House Finch",13
2024,"Mourning Dove",11
2024,"Northern Cardinal",29
2024,"Northern Mockingbird",6
2024,"Pine Warbler",6
2024,"Red-bellied Woodpecker",2
2024,"Song Sparrow",2
2024,"Tufted Titmouse",21
2024,"White-breasted Nuthatch",6
2024,"American Crow",29
2024,"American Goldfinch",5
2024,"American Robin",3
2024,"Blue Jay",1
2024,"Blue-gray Gnatcatcher",14
2024,"Brown Thrasher",1
2024,"Brown-headed Cowbird",11
2024,"Carolina Chickadee",2
2024,"Carolina Wren",14
2024,"Chipping Sparrow",14
2024,"Common Yellowthroat",2
2024,"Downy Woodpecker",2
2024,"Eastern Bluebird",13
2024,"Eastern Meadowlark",1
2024,"Eastern Phoebe",2
2024,"Eastern Towhee",6
2024,"Field Sparrow",4
2024,"Fish Crow",1
2024,"Gray Catbird",2
2024,"Great Blue Heron",1
2024,"Mourning Dove",23
2024,"Northern Cardinal",38
2024,"Northern Mockingbird",4
2024,"Pileated Woodpecker",1
2024,"Pine Warbler",3
2024,"Red-bellied Woodpecker",4
2024,"Red-shouldered Hawk",2
2024,"Red-winged Blackbird",2
2024,"Tufted Titmouse",15
2024,"Turkey Vulture",1
2024,"American Crow",16
2024,"American Goldfinch",3
2024,"American Robin",1
2024,"Blue Jay",2
2024,"Blue-gray Gnatcatcher",3
2024,"Brown Thrasher",3
2024,"Brown-headed Cowbird",2
2024,"Canada Goose",9
2024,"Carolina Chickadee",3
2024,"Carolina Wren",13
2024,"Chipping Sparrow",7
2024,"Common Yellowthroat",1
2024,"Eastern Bluebird",6
2024,"Eastern Meadowlark",1
2024,"Eastern Phoebe",1
2024,"Eastern Towhee",1
2024,"European Starling",2
2024,"Field Sparrow",2
2024,"Mourning Dove",2
2024,"Northern Cardinal",20
2024,"Northern Mockingbird",5
2024,"Pine Warbler",3
2024,"Red-bellied Woodpecker",3
2024,"Tufted Titmouse",7
2024,"White-breasted Nuthatch",1
2024,"American Crow",21
2024,"Blue Jay",3
2024,"Blue-gray Gnatcatcher",7
2024,"Carolina Chickadee",11
2024,"Carolina Wren",16
2024,"Chipping Sparrow",9
2024,"Common Yellowthroat",1
2024,"Downy Woodpecker",3
2024,"Eastern Bluebird",8
2024,"Eastern Meadowlark",1
2024,"Eastern Phoebe",3
2024,"Eastern Towhee",1
2024,"Fish Crow",4
2024,"House Finch",1
2024,"Mourning Dove",8
2024,"Northern Cardinal",24
2024,"Northern Mockingbird",2
2024,"Pine Warbler",4
2024,"Red-bellied Woodpecker",5
2024,"Red-shouldered Hawk",1
2024,"Red-winged Blackbird",3
2024,"Tufted Titmouse",24
2024,"White-breasted Nuthatch",1
2024,"American Crow",18
2024,"American Goldfinch",3
2024,"American Robin",1
2024,"Blue Jay",1
2024,"Blue-gray Gnatcatcher",9
2024,"Brown Thrasher",4
2024,"Brown-headed Cowbird",3
2024,"Brown-headed Nuthatch",2
2024,"Canada Goose",35
2024,"Carolina Chickadee",7
2024,"Carolina Wren",13
2024,"Chipping Sparrow",19
2024,"Common Grackle",1
2024,"Downy Woodpecker",2
2024,"Eastern Bluebird",8
2024,"Eastern Meadowlark",1
2024,"Eastern Phoebe",2
2024,"European Starling",1
2024,"Gray Catbird",1
2024,"House Finch",4
2024,"Killdeer",2
2024,"Mourning Dove",10
2024,"Northern Cardinal",34
2024,"Northern Mockingbird",11
2024,"Pine Warbler",1
2024,"Red-bellied Woodpecker",8
2024,"Red-shouldered Hawk",3
2024,"Red-winged Blackbird",3
2024,"Song Sparrow",1
2024,"Tufted Titmouse",19
2024,"White-breasted Nuthatch",2
2024,"American Crow",29
2024,"American Goldfinch",6
2024,"American Robin",1
2024,"Blue Jay",9
2024,"Blue-gray Gnatcatcher",12
2024,"Brown Thrasher",2
2024,"Brown-headed Cowbird",3
2024,"Brown-headed Nuthatch",1
2024,"Carolina Chickadee",11
2024,"Carolina Wren",19
2024,"Chipping Sparrow",12
2024,"Common Yellowthroat",1
2024,"Downy Woodpecker",8
2024,"Eastern Bluebird",11
2024,"Eastern Meadowlark",1
2024,"Eastern Towhee",3
2024,"Fish Crow",5
2024,"House Finch",5
2024,"Mourning Dove",10
2024,"Northern Cardinal",34
2024,"Northern Mockingbird",8
2024,"Pine Warbler",8
2024,"Red-bellied Woodpecker",9
2024,"Red-shouldered Hawk",3
2024,"Red-winged Blackbird",3
2024,"Tufted Titmouse",23
2024,"White-breasted Nuthatch",4
2024,"American Crow",6
2024,"American Robin",9
2024,"Carolina Chickadee",2
2024,"Carolina Wren",25
2024,"Chipping Sparrow",12
2024,"Common Grackle",4
2024,"Eastern Bluebird",4
2024,"Eastern Meadowlark",1
2024,"Eastern Phoebe",2
2024,"Eastern Towhee",8
2024,"Fish Crow",7
2024,"Gray Catbird",3
2024,"House Finch",6
2024,"Mourning Dove",3
2024,"Northern Cardinal",24
2024,"Northern Mockingbird",8
2024,"Pine Warbler",1
2024,"Red-bellied Woodpecker",2
2024,"Tufted Titmouse",5
2024,"White-breasted Nuthatch",2
2025,"American Crow",15
2025,"American Goldfinch",8
2025,"Blue Jay",4
2025,"Blue-gray Gnatcatcher",11
2025,"Brown-headed Cowbird",3
2025,"Brown-headed Nuthatch",5
2025,"Canada Goose",3
2025,"Carolina Chickadee",5
2025,"Carolina Wren",12
2025,"Chipping Sparrow",14
2025,"Downy Woodpecker",3
2025,"Eastern Bluebird",3
2025,"Eastern Towhee",1
2025,"Gray Catbird",1
2025,"House Finch",6
2025,"Killdeer",1
2025,"Mourning Dove",4
2025,"Northern Cardinal",24
2025,"Pileated Woodpecker",2
2025,"Pine Warbler",8
2025,"Red-bellied Woodpecker",9
2025,"Red-shouldered Hawk",1
2025,"Tufted Titmouse",25
2025,"White-breasted Nuthatch",1
2025,"American Crow",9
2025,"American Robin",1
2025,"Blue Jay",1
2025,"Blue-gray Gnatcatcher",10
2025,"Brown-headed Nuthatch",1
2025,"Carolina Chickadee",10
2025,"Carolina Wren",8
2025,"Chipping Sparrow",5
2025,"Common Yellowthroat",3
2025,"Downy Woodpecker",4
2025,"Eastern Bluebird",4
2025,"Eastern Phoebe",1
2025,"Eastern Towhee",2
2025,"Fish Crow",1
2025,"Gray Catbird",2
2025,"Great Blue Heron",1
2025,"House Finch",3
2025,"Mourning Dove",4
2025,"Northern Cardinal",16
2025,"Pine Warbler",11
2025,"Red-bellied Woodpecker",5
2025,"Tufted Titmouse",13
2025,"American Robin",3
2025,"Blue-gray Gnatcatcher",1
2025,"Brown-headed Cowbird",5
2025,"Carolina Chickadee",5
2025,"Carolina Wren",6
2025,"Chipping Sparrow",1
2025,"Common Yellowthroat",1
2025,"Eastern Bluebird",3
2025,"Eastern Towhee",3
2025,"European Starling",20
2025,"Mourning Dove",7
2025,"Northern Bobwhite",1
2025,"Northern Cardinal",8
2025,"Northern Mockingbird",6
2025,"Pine Warbler",2
2025,"Tufted Titmouse",2
2025,"American Crow",22
2025,"American Robin",2
2025,"Blue Jay",4
2025,"Blue-gray Gnatcatcher",12
2025,"Brown Thrasher",1
2025,"Brown-headed Cowbird",2
2025,"Carolina Chickadee",5
2025,"Carolina Wren",12
2025,"Chipping Sparrow",7
2025,"Common Grackle",21
2025,"Common Yellowthroat",1
2025,"Downy Woodpecker",3
2025,"Eastern Bluebird",2
2025,"Eastern Meadowlark",3
2025,"Eastern Towhee",2
2025,"House Finch",2
2025,"Killdeer",1
2025,"Mourning Dove",7
2025,"Northern Cardinal",15
2025,"Northern Mockingbird",4
2025,"Pine Warbler",4
2025,"Red-bellied Woodpecker",5
2025,"Tufted Titmouse",8
2025,"Turkey Vulture",1
2025,"White-breasted Nuthatch",1
2025,"American Crow",23
2025,"American Goldfinch",6
2025,"American Robin",4
2025,"Blue Jay",2
2025,"Blue-gray Gnatcatcher",9
2025,"Brown Thrasher",3
2025,"Brown-headed Cowbird",3
2025,"Carolina Chickadee",12
2025,"Carolina Wren",20
2025,"Chipping Sparrow",16
2025,"Common Grackle",5
2025,"Common Yellowthroat",2
2025,"Eastern Bluebird",5
2025,"Eastern Meadowlark",5
2025,"Eastern Phoebe",4
2025,"Eastern Towhee",3
2025,"Field Sparrow",1
2025,"Fish Crow",2
2025,"Mourning Dove",11
2025,"Northern Cardinal",30
2025,"Northern Mockingbird",12
2025,"Pileated Woodpecker",1
2025,"Red-bellied Woodpecker",7
2025,"Red-shouldered Hawk",1
2025,"Red-winged Blackbird",2
2025,"Tufted Titmouse",14
2025,"White-breasted Nuthatch",3
2025,"American Crow",35
2025,"American Goldfinch",2
2025,"American Robin",1
2025,"Blue Jay",2
2025,"Blue-gray Gnatcatcher",13
2025,"Brown Thrasher",1
2025,"Brown-headed Cowbird",8
2025,"Brown-headed Nuthatch",1
2025,"Canada Goose",14
2025,"Carolina Chickadee",7
2025,"Carolina Wren",27
2025,"Chipping Sparrow",18
2025,"Common Grackle",6
2025,"Common Yellowthroat",2
2025,"Downy Woodpecker",2
2025,"Eastern Bluebird",12
2025,"Eastern Meadowlark",2
2025,"Eastern Phoebe",4
2025,"Eastern Towhee",1
2025,"Field Sparrow",1
2025,"Great Blue Heron",1
2025,"House Finch",1
2025,"Mourning Dove",27
2025,"Northern Cardinal",21
2025,"Northern Mockingbird",7
2025,"Pine Warbler",4
2025,"Red-bellied Woodpecker",13
2025,"Red-winged Blackbird",2
2025,"Tufted Titmouse",13
2025,"White-breasted Nuthatch",2
2025,"American Crow",23
2025,"American Goldfinch",7
2025,"Blue Jay",1
2025,"Blue-gray Gnatcatcher",3
2025,"Brown Thrasher",3
2025,"Brown-headed Cowbird",1
2025,"Brown-headed Nuthatch",1
2025,"Carolina Chickadee",2
2025,"Carolina Wren",16
2025,"Chipping Sparrow",7
2025,"Common Grackle",70
2025,"Eastern Bluebird",8
2025,"Eastern Meadowlark",2
2025,"Eastern Phoebe",1
2025,"Eastern Towhee",4
2025,"Field Sparrow",1
2025,"Fish Crow",2
2025,"House Finch",1
2025,"Mourning Dove",20
2025,"Northern Cardinal",26
2025,"Northern Mockingbird",6
2025,"Pine Warbler",5
2025,"Red-bellied Woodpecker",9
2025,"Red-shouldered Hawk",3
2025,"Tufted Titmouse",7
2025,"Turkey Vulture",4
2025,"White-breasted Nuthatch",3
2025,"American Crow",50
2025,"American Goldfinch",2
2025,"American Robin",2
2025,"Blue Jay",8
2025,"Blue-gray Gnatcatcher",10
2025,"Brown Thrasher",2
2025,"Brown-headed Cowbird",4
2025,"Brown-headed Nuthatch",3
2025,"Carolina Chickadee",6
2025,"Carolina Wren",15
2025,"Chipping Sparrow",9
2025,"Common Yellowthroat",1
2025,"Eastern Bluebird",7
2025,"Eastern Meadowlark",4
2025,"Eastern Towhee",4
2025,"Fish Crow",2
2025,"Great Blue Heron",1
2025,"Killdeer",1
2025,"Mourning Dove",21
2025,"Northern Cardinal",31
2025,"Northern Mockingbird",5
2025,"Pine Warbler",20
2025,"Red-bellied Woodpecker",8
2025,"Red-shouldered Hawk",5
2025,"Red-winged Blackbird",1
2025,"Tufted Titmouse",26
2025,"Turkey Vulture",1
2025,"White-breasted Nuthatch",1
2025,"American Crow",19
2025,"American Goldfinch",6
2025,"American Robin",3
2025,"Blue Jay",4
2025,"Blue-gray Gnatcatcher",14
2025,"Brown Thrasher",1
2025,"Brown-headed Cowbird",4
2025,"Brown-headed Nuthatch",4
2025,"Carolina Chickadee",15
2025,"Carolina Wren",14
2025,"Chipping Sparrow",14
2025,"Downy Woodpecker",2
2025,"Eastern Bluebird",4
2025,"Eastern Phoebe",4
2025,"Fish Crow",4
2025,"House Finch",12
2025,"Mourning Dove",4
2025,"Northern Cardinal",24
2025,"Northern Mockingbird",4
2025,"Pine Warbler",13
2025,"Red-bellied Woodpecker",9
2025,"Red-shouldered Hawk",3
2025,"Tufted Titmouse",33
2025,"White-breasted Nuthatch",1
2025,"American Crow",24
2025,"American Goldfinch",3
2025,"American Robin",1
2025,"Blue Jay",4
2025,"Blue-gray Gnatcatcher",8
2025,"Brown Thrasher",4
2025,"Brown-headed Cowbird",5
2025,"Brown-headed Nuthatch",1
2025,"Carolina Chickadee",9
2025,"Carolina Wren",12
2025,"Chipping Sparrow",12
2025,"Common Yellowthroat",2
2025,"Downy Woodpecker",2
2025,"Eastern Bluebird",6
2025,"Eastern Phoebe",4
2025,"Eastern Towhee",2
2025,"European Starling",1
2025,"Fish Crow",4
2025,"Great Blue Heron",1
2025,"House Finch",3
2025,"Killdeer",1
2025,"Mourning Dove",10
2025,"Northern Cardinal",20
2025,"Northern Mockingbird",7
2025,"Pileated Woodpecker",3
2025,"Pine Warbler",9
2025,"Red-bellied Woodpecker",10
2025,"Red-shouldered Hawk",1
2025,"Tufted Titmouse",13
2025,"White-breasted Nuthatch",2
2025,"American Crow",19
2025,"American Goldfinch",4
2025,"Blue Jay",2
2025,"Blue-gray Gnatcatcher",9
2025,"Brown Thrasher",5
2025,"Brown-headed Cowbird",1
2025,"Brown-headed Nuthatch",3
2025,"Carolina Chickadee",6
2025,"Carolina Wren",8
2025,"Chipping Sparrow",13
2025,"Common Grackle",2
2025,"Common Yellowthroat",2
2025,"Downy Woodpecker",3
2025,"Eastern Bluebird",4
2025,"Eastern Phoebe",2
2025,"Eastern Towhee",1
2025,"Fish Crow",4
2025,"House Finch",1
2025,"Mourning Dove",17
2025,"Northern Cardinal",15
2025,"Northern Mockingbird",6
2025,"Pine Warbler",7
2025,"Red-bellied Woodpecker",7
2025,"Tufted Titmouse",12
2025,"White-breasted Nuthatch",2
2025,"American Crow",18
2025,"American Goldfinch",12
2025,"American Robin",2
2025,"Blue Jay",3
2025,"Blue-gray Gnatcatcher",5
2025,"Brown Thrasher",3
2025,"Brown-headed Cowbird",1
2025,"Carolina Chickadee",4
2025,"Carolina Wren",22
2025,"Chipping Sparrow",13
2025,"Common Grackle",1
2025,"Common Yellowthroat",1
2025,"Downy Woodpecker",1
2025,"Eastern Bluebird",7
2025,"Eastern Meadowlark",5
2025,"Eastern Phoebe",1
2025,"Eastern Towhee",2
2025,"Field Sparrow",1
2025,"Great Blue Heron",1
2025,"House Finch",3
2025,"Mourning Dove",7
2025,"Northern Cardinal",20
2025,"Northern Mockingbird",16
2025,"Pine Warbler",2
2025,"Red-bellied Woodpecker",5
2025,"Red-shouldered Hawk",2
2025,"Red-winged Blackbird",3
2025,"Tufted Titmouse",12
2025,"White-breasted Nuthatch",1
2025,"American Crow",27
2025,"American Goldfinch",1
2025,"American Robin",9
2025,"Blue Jay",5
2025,"Blue-gray Gnatcatcher",5
2025,"Brown-headed Nuthatch",2
2025,"Carolina Chickadee",8
2025,"Carolina Wren",19
2025,"Chipping Sparrow",10
2025,"Common Grackle",6
2025,"Downy Woodpecker",1
2025,"Eastern Bluebird",2
2025,"Eastern Meadowlark",1
2025,"Eastern Phoebe",2
2025,"European Starling",6
2025,"Gray Catbird",2
2025,"Mourning Dove",7
2025,"Northern Cardinal",16
2025,"Northern Mockingbird",7
2025,"Pileated Woodpecker",2
2025,"Pine Warbler",4
2025,"Red-bellied Woodpecker",8
2025,"Red-shouldered Hawk",1
2025,"Red-winged Blackbird",1
2025,"Song Sparrow",2
2025,"Tufted Titmouse",23
2025,"American Crow",23
2025,"American Goldfinch",6
2025,"American Robin",5
2025,"Blue Jay",4
2025,"Blue-gray Gnatcatcher",26
2025,"Brown-headed Cowbird",14
2025,"Brown-headed Nuthatch",10
2025,"Canada Goose",1
2025,"Carolina Chickadee",21
2025,"Carolina Wren",30
2025,"Chipping Sparrow",22
2025,"Common Grackle",2
2025,"Downy Woodpecker",2
2025,"Eastern Bluebird",2
2025,"Eastern Phoebe",2
2025,"Eastern Towhee",8
2025,"Fish Crow",3
2025,"Great Blue Heron",3
2025,"House Finch",6
2025,"Mourning Dove",16
2025,"Northern Cardinal",26
2025,"Northern Mockingbird",6
2025,"Pine Warbler",4
2025,"Red-bellied Woodpecker",8
2025,"Red-shouldered Hawk",3
2025,"Song Sparrow",2
2025,"Tufted Titmouse",21
2025,"White-breasted Nuthatch",4
2025,"American Crow",19
2025,"American Goldfinch",4
2025,"Blue Jay",3
2025,"Blue-gray Gnatcatcher",17
2025,"Brown Thrasher",4
2025,"Brown-headed Cowbird",7
2025,"Brown-headed Nuthatch",2
2025,"Canada Goose",1
2025,"Carolina Chickadee",11
2025,"Carolina Wren",17
2025,"Chipping Sparrow",31
2025,"Common Grackle",1
2025,"Common Yellowthroat",4
2025,"Downy Woodpecker",1
2025,"Eastern Bluebird",9
2025,"Eastern Meadowlark",7
2025,"Eastern Phoebe",2
2025,"Eastern Towhee",3
2025,"Fish Crow",9
2025,"Great Blue Heron",2
2025,"House Finch",1
2025,"Mourning Dove",19
2025,"Northern Cardinal",29
2025,"Northern Mockingbird",6
2025,"Pileated Woodpecker",2
2025,"Pine Warbler",11
2025,"Red-bellied Woodpecker",10
2025,"Red-shouldered Hawk",1
2025,"Red-winged Blackbird",5
2025,"Song Sparrow",1
2025,"Tufted Titmouse",16
2025,"White-breasted Nuthatch",2
2025,"American Crow",29
2025,"American Goldfinch",1
2025,"American Robin",4
2025,"Blue Jay",3
2025,"Blue-gray Gnatcatcher",9
2025,"Brown Thrasher",1
2025,"Brown-headed Cowbird",2
2025,"Brown-headed Nuthatch",3
2025,"Carolina Chickadee",15
2025,"Carolina Wren",19
2025,"Chipping Sparrow",20
2025,"Common Grackle",1
2025,"Common Yellowthroat",2
2025,"Downy Woodpecker",5
2025,"Eastern Bluebird",4
2025,"Eastern Meadowlark",1
2025,"Eastern Phoebe",3
2025,"Great Blue Heron",2
2025,"House Finch",1
2025,"Mourning Dove",12
2025,"Northern Cardinal",32
2025,"Northern Mockingbird",6
2025,"Pine Warbler",11
2025,"Red-bellied Woodpecker",14
2025,"Tufted Titmouse",19
2025,"White-breasted Nuthatch",2
2025,"American Crow",19
2025,"American Goldfinch",7
2025,"American Robin",17
2025,"Blue Jay",4
2025,"Blue-gray Gnatcatcher",7
2025,"Brown Thrasher",2
2025,"Brown-headed Cowbird",4
2025,"Brown-headed Nuthatch",8
2025,"Carolina Chickadee",14
2025,"Carolina Wren",24
2025,"Chipping Sparrow",22
2025,"Common Grackle",3
2025,"Downy Woodpecker",8
2025,"Eastern Bluebird",9
2025,"Eastern Towhee",2
2025,"European Starling",1
2025,"Fish Crow",7
2025,"Gray Catbird",5
2025,"House Finch",31
2025,"House Sparrow",1
2025,"Killdeer",1
2025,"Mourning Dove",17
2025,"Northern Cardinal",23
2025,"Northern Mockingbird",6
2025,"Pine Warbler",7
2025,"Red-bellied Woodpecker",13
2025,"Song Sparrow",7
2025,"Tufted Titmouse",18
2025,"White-breasted Nuthatch",1
2025,"American Crow",8
2025,"American Goldfinch",2
2025,"American Robin",2
2025,"Blue Jay",6
2025,"Blue-gray Gnatcatcher",11
2025,"Brown-headed Cowbird",2
2025,"Brown-headed Nuthatch",1
2025,"Carolina Chickadee",1
2025,"Carolina Wren",16
2025,"Chipping Sparrow",12
2025,"Common Grackle",1
2025,"Common Yellowthroat",1
2025,"Downy Woodpecker",4
2025,"Eastern Bluebird",6
2025,"Eastern Phoebe",1
2025,"European Starling",4
2025,"Fish Crow",6
2025,"House Finch",2
2025,"Killdeer",1
2025,"Mourning Dove",7
2025,"Northern Cardinal",12
2025,"Northern Mockingbird",5
2025,"Pine Warbler",3
2025,"Red-bellied Woodpecker",5
2025,"Red-shouldered Hawk",1
2025,"Song Sparrow",1
2025,"Tufted Titmouse",11
2025,"White-breasted Nuthatch",3
2025,"American Crow",6
2025,"American Goldfinch",3
2025,"American Robin",8
2025,"Blue Jay",3
2025,"Blue-gray Gnatcatcher",4
2025,"Brown Thrasher",2
2025,"Brown-headed Cowbird",1
2025,"Brown-headed Nuthatch",1
2025,"Carolina Chickadee",4
2025,"Carolina Wren",21
2025,"Chipping Sparrow",9
2025,"Common Grackle",1
2025,"Downy Woodpecker",5
2025,"Eastern Bluebird",3
2025,"Eastern Towhee",11
2025,"European Starling",6
2025,"Fish Crow",4
2025,"Gray Catbird",4
2025,"House Finch",15
2025,"Mourning Dove",7
2025,"Northern Cardinal",25
2025,"Northern Mockingbird",4
2025,"Pine Warbler",1
2025,"Red-bellied Woodpecker",7
2025,"Red-shouldered Hawk",3
2025,"Song Sparrow",1
2025,"Tufted Titmouse",6
2025,"White-breasted Nuthatch",1
2025,"American Crow",10
2025,"American Goldfinch",2
2025,"American Robin",15
2025,"Blue Jay",1
2025,"Blue-gray Gnatcatcher",2
2025,"Brown Thrasher",1
2025,"Brown-headed Cowbird",3
2025,"Brown-headed Nuthatch",4
2025,"Carolina Chickadee",1
2025,"Carolina Wren",14
2025,"Chipping Sparrow",5
2025,"Downy Woodpecker",1
2025,"Eastern Bluebird",10
2025,"Eastern Phoebe",3
2025,"Eastern Towhee",6
2025,"European Starling",1
2025,"Gray Catbird",2
2025,"Great Blue Heron",2
2025,"House Finch",12
2025,"Killdeer",1
2025,"Mourning Dove",7
2025,"Northern Cardinal",21
2025,"Northern Mockingbird",20
2025,"Pine Warbler",9
2025,"Red-bellied Woodpecker",7
2025,"Song Sparrow",1
2025,"Tufted Titmouse",5
2025,"White-breasted Nuthatch",1
2025,"American Crow",20
2025,"American Goldfinch",6
2025,"American Robin",11
2025,"Blue Jay",4
2025,"Blue-gray Gnatcatcher",11
2025,"Brown Thrasher",2
2025,"Brown-headed Cowbird",4
2025,"Brown-headed Nuthatch",7
2025,"Carolina Chickadee",13
2025,"Carolina Wren",21
2025,"Chipping Sparrow",24
2025,"Common Grackle",1
2025,"Common Yellowthroat",1
2025,"Downy Woodpecker",3
2025,"Eastern Bluebird",8
2025,"Eastern Phoebe",3
2025,"Eastern Towhee",5
2025,"European Starling",9
2025,"Field Sparrow",1
2025,"Fish Crow",4
2025,"House Finch",7
2025,"House Sparrow",1
2025,"Killdeer",1
2025,"Mourning Dove",22
2025,"Northern Cardinal",31
2025,"Northern Mockingbird",5
2025,"Pileated Woodpecker",1
2025,"Pine Warbler",12
2025,"Red-bellied Woodpecker",2
2025,"Tufted Titmouse",21
2025,"Turkey Vulture",1
2025,"American Crow",8
2025,"American Robin",5
2025,"Blue Jay",1
2025,"Blue-gray Gnatcatcher",10
2025,"Brown Thrasher",2
2025,"Brown-headed Cowbird",7
2025,"Brown-headed Nuthatch",5
2025,"Carolina Chickadee",16
2025,"Carolina Wren",20
2025,"Chipping Sparrow",26
2025,"Common Grackle",1
2025,"Downy Woodpecker",4
2025,"Eastern Bluebird",4
2025,"Eastern Phoebe",3
2025,"Eastern Towhee",4
2025,"European Starling",36
2025,"Fish Crow",4
2025,"Gray Catbird",2
2025,"House Finch",32
2025,"Mourning Dove",13
2025,"Northern Cardinal",26
2025,"Northern Mockingbird",7
2025,"Pileated Woodpecker",2
2025,"Pine Warbler",8
2025,"Red-bellied Woodpecker",11
2025,"Tufted Titmouse",17
2025,"White-breasted Nuthatch",3
2025,"American Crow",23
2025,"American Goldfinch",2
2025,"Blue Jay",2
2025,"Blue-gray Gnatcatcher",6
2025,"Brown Thrasher",1
2025,"Brown-headed Cowbird",2
2025,"Carolina Chickadee",2
2025,"Carolina Wren",12
2025,"Chipping Sparrow",21
2025,"Common Yellowthroat",1
2025,"Downy Woodpecker",2
2025,"Eastern Bluebird",3
2025,"Eastern Meadowlark",7
2025,"Eastern Phoebe",5
2025,"Eastern Towhee",1
2025,"Field Sparrow",1
2025,"Great Blue Heron",2
2025,"House Finch",4
2025,"Mourning Dove",11
2025,"Northern Cardinal",16
2025,"Northern Mockingbird",9
2025,"Pine Warbler",1
2025,"Red-bellied Woodpecker",1
2025,"Tufted Titmouse",12
2025,"American Crow",16
2025,"American Goldfinch",4
2025,"American Robin",2
2025,"Blue Jay",1
2025,"Blue-gray Gnatcatcher",18
2025,"Brown-headed Cowbird",7
2025,"Carolina Chickadee",1
2025,"Carolina Wren",16
2025,"Chipping Sparrow",9
2025,"Common Yellowthroat",2
2025,"Eastern Bluebird",8
2025,"Eastern Meadowlark",4
2025,"European Starling",9
2025,"Field Sparrow",1
2025,"Fish Crow",1
2025,"Great Blue Heron",1
2025,"Killdeer",1
2025,"Mourning Dove",8
2025,"Northern Cardinal",16
2025,"Northern Mockingbird",3
2025,"Pileated Woodpecker",1
2025,"Pine Warbler",3
2025,"Red-bellied Woodpecker",6
2025,"Tufted Titmouse",13
2025,"American Crow",27
2025,"American Goldfinch",1
2025,"American Robin",3
2025,"Blue Jay",2
2025,"Blue-gray Gnatcatcher",11
2025,"Brown Thrasher",1
2025,"Brown-headed Cowbird",1
2025,"Carolina Chickadee",7
2025,"Carolina Wren",23
2025,"Chipping Sparrow",8
2025,"Common Grackle",10
2025,"Common Yellowthroat",1
2025,"Downy Woodpecker",2
2025,"Eastern Bluebird",12
2025,"Eastern Meadowlark",1
2025,"Eastern Phoebe",3
2025,"Eastern Towhee",5
2025,"European Starling",4
2025,"House Finch",1
2025,"Mourning Dove",5
2025,"Northern Cardinal",25
2025,"Northern Mockingbird",10
2025,"Pileated Woodpecker",1
2025,"Pine Warbler",1
2025,"Red-bellied Woodpecker",7
2025,"Red-shouldered Hawk",1
2025,"Tufted Titmouse",11
2025,"Turkey Vulture",1
2025,"White-breasted Nuthatch",2
2025,"American Crow",26
2025,"American Goldfinch",4
2025,"American Robin",2
2025,"Blue Jay",4
2025,"Blue-gray Gnatcatcher",11
2025,"Brown Thrasher",2
2025,"Brown-headed Cowbird",6
2025,"Brown-headed Nuthatch",3
2025,"Canada Goose",7
2025,"Carolina Chickadee",17
2025,"Carolina Wren",17
2025,"Chipping Sparrow",15
2025,"Common Yellowthroat",1
2025,"Downy Woodpecker",3
2025,"Eastern Bluebird",3
2025,"Eastern Phoebe",7
2025,"Eastern Towhee",3
2025,"European Starling",1
2025,"Fish Crow",4
2025,"House Finch",7
2025,"Mourning Dove",3
2025,"Northern Cardinal",28
2025,"Northern Mockingbird",8
2025,"Pileated Woodpecker",2
2025,"Pine Warbler",5
2025,"Red-bellied Woodpecker",6
2025,"Red-winged Blackbird",1
2025,"Tufted Titmouse",14
2025,"White-breasted Nuthatch",3
2025,"American Crow",31
2025,"American Goldfinch",3
2025,"American Robin",6
2025,"Blue Jay",4
2025,"Blue-gray Gnatcatcher",2
2025,"Brown Thrasher",6
2025,"Brown-headed Cowbird",2
2025,"Brown-headed Nuthatch",2
2025,"Canada Goose",17
2025,"Carolina Chickadee",3
2025,"Carolina Wren",15
2025,"Chipping Sparrow",22
2025,"Common Grackle",20
2025,"Common Yellowthroat",3
2025,"Downy Woodpecker",2
2025,"Eastern Bluebird",7
2025,"Eastern Meadowlark",3
2025,"Eastern Phoebe",1
2025,"Eastern Towhee",3
2025,"Field Sparrow",3
2025,"Fish Crow",4
2025,"Great Blue Heron",1
2025,"House Finch",4
2025,"Killdeer",1
2025,"Mourning Dove",39
2025,"Northern Cardinal",18
2025,"Northern Mockingbird",11
2025,"Pine Warbler",8
2025,"Red-bellied Woodpecker",13
2025,"Red-shouldered Hawk",1
2025,"Red-winged Blackbird",1
2025,"Tufted Titmouse",11
2025,"Turkey Vulture",1
2025,"White-breasted Nuthatch",2
2025,"American Crow",15
2025,"American Goldfinch",2
2025,"American Robin",4
2025,"Blue Jay",1
2025,"Blue-gray Gnatcatcher",9
2025,"Brown-headed Cowbird",7
2025,"Brown-headed Nuthatch",4
2025,"Carolina Chickadee",9
2025,"Carolina Wren",14
2025,"Chipping Sparrow",11
2025,"Downy Woodpecker",4
2025,"Eastern Towhee",7
2025,"Fish Crow",3
2025,"House Finch",7
2025,"Killdeer",1
2025,"Mourning Dove",7
2025,"Northern Cardinal",31
2025,"Northern Mockingbird",6
2025,"Pine Warbler",6
2025,"Red-bellied Woodpecker",3
2025,"Song Sparrow",1
2025,"Tufted Titmouse",13
2025,"White-breasted Nuthatch",4
2025,"American Crow",29
2025,"American Goldfinch",8
2025,"American Robin",1
2025,"Blue Jay",6
2025,"Blue-gray Gnatcatcher",5
2025,"Brown-headed Cowbird",2
2025,"Carolina Chickadee",4
2025,"Carolina Wren",17
2025,"Chipping Sparrow",23
2025,"Common Grackle",2
2025,"Common Yellowthroat",2
2025,"Downy Woodpecker",3
2025,"Eastern Bluebird",9
2025,"Eastern Meadowlark",1
2025,"Eastern Phoebe",1
2025,"Eastern Towhee",2
2025,"Field Sparrow",6
2025,"Fish Crow",1
2025,"Great Blue Heron",3
2025,"House Finch",6
2025,"Mourning Dove",20
2025,"Northern Bobwhite",1
2025,"Northern Cardinal",19
2025,"Northern Mockingbird",9
2025,"Pileated Woodpecker",2
2025,"Pine Warbler",5
2025,"Red-bellied Woodpecker",10
2025,"Red-shouldered Hawk",4
2025,"Red-winged Blackbird",1
2025,"Tufted Titmouse",13
2025,"White-breasted Nuthatch",3
2025,"American Crow",36
2025,"Blue Jay",3
2025,"Blue-gray Gnatcatcher",9
2025,"Brown Thrasher",2
2025,"Brown-headed Cowbird",1
2025,"Brown-headed Nuthatch",1
2025,"Canada Goose",8
2025,"Carolina Chickadee",5
2025,"Carolina Wren",12
2025,"Chipping Sparrow",22
2025,"Common Yellowthroat",2
2025,"Eastern Bluebird",4
2025,"Eastern Meadowlark",1
2025,"Eastern Phoebe",5
2025,"Eastern Towhee",1
2025,"House Finch",1
2025,"Mourning Dove",17
2025,"Northern Cardinal",18
2025,"Northern Mockingbird",8
2025,"Pine Warbler",3
2025,"Red-bellied Woodpecker",9
2025,"Red-shouldered Hawk",2
2025,"Tufted Titmouse",10
2025,"White-breasted Nuthatch",1
2025,"American Crow",13
2025,"American Goldfinch",1
2025,"American Robin",1
2025,"Blue Jay",2
2025,"Blue-gray Gnatcatcher",12
2025,"Brown-headed Cowbird",1
2025,"Brown-headed Nuthatch",3
2025,"Carolina Chickadee",6
2025,"Carolina Wren",5
2025,"Chipping Sparrow",8
2025,"Common Yellowthroat",1
2025,"Downy Woodpecker",1
2025,"Eastern Bluebird",6
2025,"Eastern Towhee",1
2025,"Fish Crow",3
2025,"Mourning Dove",6
2025,"Northern Cardinal",20
2025,"Northern Mockingbird",1
2025,"Pine Warbler",5
2025,"Red-bellied Woodpecker",5
2025,"Tufted Titmouse",12
2025,"White-breasted Nuthatch",3
2025,"American Crow",8
2025,"American Goldfinch",6
2025,"American Robin",1
2025,"Blue Jay",5
2025,"Blue-gray Gnatcatcher",10
2025,"Brown-headed Cowbird",6
2025,"Brown-headed Nuthatch",3
2025,"Canada Goose",19
2025,"Carolina Chickadee",13
2025,"Carolina Wren",14
2025,"Chipping Sparrow",23
2025,"Common Grackle",3
2025,"Common Yellowthroat",1
2025,"Downy Woodpecker",5
2025,"Eastern Bluebird",6
2025,"Eastern Phoebe",1
2025,"Eastern Towhee",2
2025,"European Starling",1
2025,"Fish Crow",3
2025,"Great Blue Heron",1
2025,"House Finch",3
2025,"Killdeer",1
2025,"Mourning Dove",3
2025,"Northern Cardinal",20
2025,"Northern Mockingbird",7
2025,"Pine Warbler",2
2025,"Red-bellied Woodpecker",3
2025,"Red-winged Blackbird",2
2025,"Song Sparrow",1
2025,"Tufted Titmouse",14
2025,"American Crow",21
2025,"American Goldfinch",1
2025,"American Robin",3
2025,"Blue Jay",2
2025,"Blue-gray Gnatcatcher",10
2025,"Brown Thrasher",3
2025,"Brown-headed Cowbird",1
2025,"Brown-headed Nuthatch",2
2025,"Carolina Chickadee",6
2025,"Carolina Wren",14
2025,"Chipping Sparrow",15
2025,"Common Grackle",1
2025,"Downy Woodpecker",5
2025,"Eastern Bluebird",6
2025,"Eastern Meadowlark",1
2025,"Eastern Phoebe",1
2025,"Eastern Towhee",7
2025,"Fish Crow",6
2025,"House Finch",1
2025,"Mourning Dove",11
2025,"Northern Cardinal",22
2025,"Northern Mockingbird",3
2025,"Pileated Woodpecker",1
2025,"Pine Warbler",4
2025,"Red-bellied Woodpecker",13
2025,"Red-shouldered Hawk",1
2025,"Red-winged Blackbird",1
2025,"Tufted Titmouse",17
2025,"Turkey Vulture",1
2025,"White-breasted Nuthatch",5
2025,"American Crow",7
2025,"American Robin",1
2025,"Blue Jay",1
2025,"Brown Thrasher",2
2025,"Brown-headed Cowbird",1
2025,"Canada Goose",1
2025,"Carolina Chickadee",5
2025,"Carolina Wren",18
2025,"Chipping Sparrow",6
2025,"Downy Woodpecker",2
2025,"Eastern Bluebird",3
2025,"Eastern Phoebe",1
2025,"Eastern Towhee",3
2025,"Gray Catbird",2
2025,"Mourning Dove",3
2025,"Northern Cardinal",25
2025,"Northern Mockingbird",2
2025,"Pileated Woodpecker",1
2025,"Pine Warbler",2
2025,"Red-bellied Woodpecker",3
2025,"Tufted Titmouse",13
1999,"American Crow",32.0707692307692
1999,"American Goldfinch",9.62461538461537
1999,"American Robin",0.652307692307691
1999,"Blue Jay",5.40923076923082
1999,"Blue-gray Gnatcatcher",11.8184615384615
1999,"Brown Thrasher",3.44000000000005
1999,"Brown-headed Cowbird",2.3476923076923
1999,"Brown-headed Nuthatch",0.516923076923064
1999,"Canada Goose",-0.950769230769254
1999,"Carolina Chickadee",10.6892307692308
1999,"Carolina Wren",11.7969230769231
1999,"Chipping Sparrow",2.34461538461528
1999,"Common Grackle",2.28615384615387
1999,"Common Yellowthroat",0.433846153846154
1999,"Downy Woodpecker",2.22153846153845
1999,"Eastern Bluebird",7.16923076923086
1999,"Eastern Meadowlark",0.378461538461536
1999,"Eastern Phoebe",1.27384615384616
1999,"Eastern Towhee",8.02461538461546
1999,"European Starling",4.00615384615386
1999,"Field Sparrow",0.553846153846152
1999,"Fish Crow",2.39692307692307
1999,"Gray Catbird",0.199999999999999
1999,"Great Blue Heron",-0.0400000000000009
1999,"House Finch",2.90153846153848
1999,"House Sparrow",0.144615384615387
1999,"Killdeer",0.643076923076929
1999,"Mourning Dove",12.7446153846154
1999,"Northern Bobwhite",0
1999,"Northern Cardinal",36.8061538461538
1999,"Northern Mockingbird",6.40923076923082
1999,"Pileated Woodpecker",1.96615384615387
1999,"Pine Warbler",22.6492307692308
1999,"Red-bellied Woodpecker",10.7692307692308
1999,"Red-shouldered Hawk",0.0953846153846101
1999,"Red-winged Blackbird",0.972307692307709
1999,"Song Sparrow",0
1999,"Tufted Titmouse",14.3876923076923
1999,"Turkey Vulture",1.6307692307692
1999,"White-breasted Nuthatch",1.29230769230769
1999,"American Crow",24.6492307692308
1999,"American Goldfinch",13.043076923077
1999,"American Robin",7.97538461538466
1999,"Blue Jay",5.13538461538462
1999,"Blue-gray Gnatcatcher",16.6707692307693
1999,"Brown Thrasher",2.28000000000003
1999,"Brown-headed Cowbird",6.72307692307692
1999,"Brown-headed Nuthatch",2.57538461538461
1999,"Canada Goose",1.88923076923076
1999,"Carolina Chickadee",12.4123076923078
1999,"Carolina Wren",14.9938461538462
1999,"Chipping Sparrow",9.86153846153845
1999,"Common Grackle",7.61538461538464
1999,"Common Yellowthroat",2.77538461538464
1999,"Downy Woodpecker",3.51384615384617
1999,"Eastern Bluebird",4.31999999999999
1999,"Eastern Meadowlark",0.289230769230773
1999,"Eastern Phoebe",1.16307692307692
1999,"Eastern Towhee",11.6923076923077
1999,"European Starling",6.82153846153847
1999,"Field Sparrow",1.1723076923077
1999,"Fish Crow",0.550769230769191
1999,"Gray Catbird",0.196923076923078
1999,"Great Blue Heron",2.63076923076922
1999,"House Finch",1.68615384615383
1999,"House Sparrow",0
1999,"Killdeer",0.123076923076921
1999,"Mourning Dove",20.1446153846155
1999,"Northern Bobwhite",0.116923076923079
1999,"Northern Cardinal",26.48
1999,"Northern Mockingbird",4.52
1999,"Pileated Woodpecker",0.550769230769234
1999,"Pine Warbler",14.9353846153847
1999,"Red-bellied Woodpecker",7.56307692307693
1999,"Red-shouldered Hawk",0.0923076923076849
1999,"Red-winged Blackbird",0.932307692307688
1999,"Song Sparrow",-0.0584615384615415
1999,"Tufted Titmouse",15.9784615384616
1999,"Turkey Vulture",0.421538461538464
1999,"White-breasted Nuthatch",1.27076923076924
1999,"American Crow",14.8523076923078
1999,"American Goldfinch",2.41846153846154
1999,"American Robin",8.27384615384614
1999,"Blue Jay",2.45538461538465
1999,"Blue-gray Gnatcatcher",0.529230769230736
1999,"Brown Thrasher",1.73538461538462
1999,"Brown-headed Cowbird",0.710769230769216
1999,"Brown-headed Nuthatch",1.19384615384617
1999,"Canada Goose",0.310769230769182
1999,"Carolina Chickadee",4.12000000000003
1999,"Carolina Wren",23.3323076923078
1999,"Chipping Sparrow",6.90461538461539
1999,"Common Grackle",15.3538461538465
1999,"Common Yellowthroat",4.72923076923081
1999,"Downy Woodpecker",0.633846153846157
1999,"Eastern Bluebird",2.63076923076915
1999,"Eastern Meadowlark",2.00923076923078
1999,"Eastern Phoebe",1.23384615384616
1999,"Eastern Towhee",8.74461538461543
1999,"European Starling",4.38153846153841
1999,"Field Sparrow",1.53846153846156
1999,"Fish Crow",0.166153846153833
1999,"Gray Catbird",2.40307692307692
1999,"Great Blue Heron",-0.0061538461538504
1999,"House Finch",1.36307692307693
1999,"House Sparrow",0.0892307692307694
1999,"Killdeer",1.51692307692309
1999,"Mourning Dove",9.0923076923076
1999,"Northern Bobwhite",3.17230769230775
1999,"Northern Cardinal",18.2707692307692
1999,"Northern Mockingbird",7.10153846153848
1999,"Pileated Woodpecker",0.110769230769229
1999,"Pine Warbler",19.3815384615385
1999,"Red-bellied Woodpecker",5.86769230769232
1999,"Red-shouldered Hawk",0.396923076923076
1999,"Red-winged Blackbird",1.01538461538462
1999,"Song Sparrow",0
1999,"Tufted Titmouse",18.7723076923078
1999,"Turkey Vulture",-0.458461538461592
1999,"White-breasted Nuthatch",0.243076923076931
1999,"American Crow",37.6307692307694
1999,"American Goldfinch",2.95692307692309
1999,"American Robin",2.5846153846154
1999,"Blue Jay",5.03384615384616
1999,"Blue-gray Gnatcatcher",9.69538461538457
1999,"Brown Thrasher",0.28923076923077
1999,"Brown-headed Cowbird",3.19384615384615
1999,"Brown-headed Nuthatch",-0.0153846153846118
1999,"Canada Goose",0.566153846153838
1999,"Carolina Chickadee",4.24615384615382
1999,"Carolina Wren",17.1815384615385
1999,"Chipping Sparrow",15.8000000000001
1999,"Common Grackle",5.60307692307693
1999,"Common Yellowthroat",4.68307692307695
1999,"Downy Woodpecker",2.18153846153849
1999,"Eastern Bluebird",6.91384615384618
1999,"Eastern Meadowlark",2.02153846153848
1999,"Eastern Phoebe",1.15384615384616
1999,"Eastern Towhee",7.13230769230768
1999,"European Starling",5.28923076923076
1999,"Field Sparrow",2.84615384615392
1999,"Fish Crow",0.224615384615383
1999,"Gray Catbird",0.698461538461544
1999,"Great Blue Heron",0.295384615384615
1999,"House Finch",-0.289230769230784
1999,"House Sparrow",1.35384615384618
1999,"Killdeer",0.68615384615385
1999,"Mourning Dove",13.7384615384616
1999,"Northern Bobwhite",2.80923076923079
1999,"Northern Cardinal",20.1784615384615
1999,"Northern Mockingbird",6.08923076923078
1999,"Pileated Woodpecker",0.116923076923072
1999,"Pine Warbler",2.23384615384617
1999,"Red-bellied Woodpecker",4.19076923076923
1999,"Red-shouldered Hawk",0.279999999999998
1999,"Red-winged Blackbird",2.13846153846154
1999,"Song Sparrow",0
1999,"Tufted Titmouse",10.6984615384615
1999,"Turkey Vulture",0.916923076923084
1999,"White-breasted Nuthatch",0.916923076923084
1999,"American Crow",36.9846153846154
1999,"American Goldfinch",5.67384615384611
1999,"American Robin",5.4769230769231
1999,"Blue Jay",4.75999999999996
1999,"Blue-gray Gnatcatcher",4.35076923076923
1999,"Brown Thrasher",1.84923076923077
1999,"Brown-headed Cowbird",6.62769230769231
1999,"Brown-headed Nuthatch",0.160000000000002
1999,"Canada Goose",1.08923076923077
1999,"Carolina Chickadee",4.39076923076919
1999,"Carolina Wren",21.4553846153845
1999,"Chipping Sparrow",19.1415384615385
1999,"Common Grackle",14.1723076923078
1999,"Common Yellowthroat",3.10461538461539
1999,"Downy Woodpecker",2.6738461538462
1999,"Eastern Bluebird",14.48
1999,"Eastern Meadowlark",15.8215384615385
1999,"Eastern Phoebe",2.36615384615383
1999,"Eastern Towhee",5.03076923076924
1999,"European Starling",17.2800000000001
1999,"Field Sparrow",2.06461538461542
1999,"Fish Crow",-0.52000000000001
1999,"Gray Catbird",0.818461538461534
1999,"Great Blue Heron",0.0584615384615361
1999,"House Finch",2.98153846153849
1999,"House Sparrow",1.96000000000001
1999,"Killdeer",0.581538461538443
1999,"Mourning Dove",21.1199999999999
1999,"Northern Bobwhite",1.36000000000003
1999,"Northern Cardinal",28.5015384615384
1999,"Northern Mockingbird",18.596923076923
1999,"Pileated Woodpecker",0.301538461538456
1999,"Pine Warbler",2.50153846153847
1999,"Red-bellied Woodpecker",9.69538461538458
1999,"Red-shouldered Hawk",0.569230769230764
1999,"Red-winged Blackbird",1.66769230769231
1999,"Song Sparrow",0.240000000000002
1999,"Tufted Titmouse",17.0276923076923
1999,"Turkey Vulture",0.667692307692309
1999,"White-breasted Nuthatch",0.655384615384605
1999,"American Crow",38.6154658035463
1999,"American Goldfinch",6.02913031241212
1999,"American Robin",7.13889670700826
1999,"Blue Jay",2.99831128623698
1999,"Blue-gray Gnatcatcher",0.341964537010767
1999,"Brown Thrasher",1.51899802983392
1999,"Brown-headed Cowbird",1.04728398536446
1999,"Brown-headed Nuthatch",0.995848578665914
1999,"Canada Goose",2.97734309034621
1999,"Carolina Chickadee",1.81487475372916
1999,"Carolina Wren",8.50668449197838
1999,"Chipping Sparrow",13.4230931607093
1999,"Common Grackle",24.4570081621168
1999,"Common Yellowthroat",-0.0834506051224366
1999,"Downy Woodpecker",2.33689839572192
1999,"Eastern Bluebird",14.9954967632987
1999,"Eastern Meadowlark",15.0036588798201
1999,"Eastern Phoebe",1.10083028426678
1999,"Eastern Towhee",8.10702223473129
1999,"European Starling",10.7149591894175
1999,"Field Sparrow",0.820855614973254
1999,"Fish Crow",0.0752181255277247
1999,"Gray Catbird",0.381930762735724
1999,"Great Blue Heron",0.716647903180418
1999,"House Finch",0.323529411764703
1999,"House Sparrow",5.03300028145242
1999,"Killdeer",1.20546017450041
1999,"Mourning Dove",14.4761469180971
1999,"Northern Bobwhite",0.598578665916136
1999,"Northern Cardinal",30.4607374050099
1999,"Northern Mockingbird",18.7675204052914
1999,"Pileated Woodpecker",0.199620039403314
1999,"Pine Warbler",2.02364199268222
1999,"Red-bellied Woodpecker",1.81663383056559
1999,"Red-shouldered Hawk",-0.636011820996373
1999,"Red-winged Blackbird",5.19715733183226
1999,"Song Sparrow",0
1999,"Tufted Titmouse",6.77392344497605
1999,"Turkey Vulture",2.02575288488606
1999,"White-breasted Nuthatch",0.284829721362215
1999,"American Crow",27.9046153846155
1999,"American Goldfinch",3.13230769230768
1999,"American Robin",0.209230769230768
1999,"Blue Jay",5.73846153846156
1999,"Blue-gray Gnatcatcher",11.9384615384616
1999,"Brown Thrasher",2.24
1999,"Brown-headed Cowbird",5.18769230769232
1999,"Brown-headed Nuthatch",0.058461538461529
1999,"Canada Goose",0.153846153846153
1999,"Carolina Chickadee",4.53538461538463
1999,"Carolina Wren",15.0676923076923
1999,"Chipping Sparrow",7.88615384615384
1999,"Common Grackle",4.50769230769231
1999,"Common Yellowthroat",3.46461538461543
1999,"Downy Woodpecker",2.11076923076924
1999,"Eastern Bluebird",4.07692307692304
1999,"Eastern Meadowlark",4.74769230769232
1999,"Eastern Phoebe",0.643076923076915
1999,"Eastern Towhee",6.46769230769237
1999,"European Starling",3.67384615384617
1999,"Field Sparrow",0.273846153846158
1999,"Fish Crow",-0.141538461538467
1999,"Gray Catbird",0.15384615384616
1999,"Great Blue Heron",0.264615384615384
1999,"House Finch",0.507692307692295
1999,"House Sparrow",0.461538461538463
1999,"Killdeer",0.184615384615386
1999,"Mourning Dove",19.3415384615385
1999,"Northern Bobwhite",3.25230769230774
1999,"Northern Cardinal",28.7292307692308
1999,"Northern Mockingbird",7.09538461538457
1999,"Pileated Woodpecker",1.37846153846155
1999,"Pine Warbler",7.41846153846156
1999,"Red-bellied Woodpecker",8.8
1999,"Red-shouldered Hawk",0.212307692307675
1999,"Red-winged Blackbird",3.89538461538467
1999,"Song Sparrow",0
1999,"Tufted Titmouse",7.32615384615382
1999,"Turkey Vulture",-0.307692307692321
1999,"White-breasted Nuthatch",0.107692307692304
1999,"American Crow",39.7325581395349
1999,"American Goldfinch",12.3462656529517
1999,"American Robin",10.0765876565295
1999,"Blue Jay",2.40004472271917
1999,"Blue-gray Gnatcatcher",7.68805903398928
1999,"Brown Thrasher",0.805120751341683
1999,"Brown-headed Cowbird",1.9054114490161
1999,"Brown-headed Nuthatch",1.28510733452594
1999,"Canada Goose",1.23412343470483
1999,"Carolina Chickadee",0.757491055456228
1999,"Carolina Wren",3.30713327370302
1999,"Chipping Sparrow",20.1687164579606
1999,"Common Grackle",17.6631261180678
1999,"Common Yellowthroat",3.69901610017888
1999,"Downy Woodpecker",1.54159212880143
1999,"Eastern Bluebird",10.6910778175313
1999,"Eastern Meadowlark",7.21030858676204
1999,"Eastern Phoebe",1.97126565295169
1999,"Eastern Towhee",6.41949910554558
1999,"European Starling",1.06932021466906
1999,"Field Sparrow",0.711091234347048
1999,"Fish Crow",-0.224955277280856
1999,"Gray Catbird",0.257714669051879
1999,"Great Blue Heron",0.396466905187834
1999,"House Finch",1.05992844364938
1999,"House Sparrow",0
1999,"Killdeer",0.666703935599273
1999,"Mourning Dove",13.7797406082291
1999,"Northern Bobwhite",1.91961091234347
1999,"Northern Cardinal",25.4404069767442
1999,"Northern Mockingbird",5.33855098389984
1999,"Pileated Woodpecker",-0.388975849731651
1999,"Pine Warbler",3.10957066189633
1999,"Red-bellied Woodpecker",7.449686940966
1999,"Red-shouldered Hawk",0.441413237924877
1999,"Red-winged Blackbird",-0.0232558139534831
1999,"Song Sparrow",0
1999,"Tufted Titmouse",1.52772808586769
1999,"Turkey Vulture",-0.251900715563465
1999,"White-breasted Nuthatch",-0.0950357781753155
1999,"American Crow",31.8642601776035
1999,"American Goldfinch",13.5205281974397
1999,"American Robin",3.55760581247839
1999,"Blue Jay",10.9344942913158
1999,"Blue-gray Gnatcatcher",15.712201591512
1999,"Brown Thrasher",5.51182101257064
1999,"Brown-headed Cowbird",2.55616422557951
1999,"Brown-headed Nuthatch",3.23590128012919
1999,"Canada Goose",1.4918117864145
1999,"Carolina Chickadee",14.8142082804752
1999,"Carolina Wren",35.6228808672588
1999,"Chipping Sparrow",7.14900242186599
1999,"Common Grackle",2.42647906815824
1999,"Common Yellowthroat",1.60754238265483
1999,"Downy Woodpecker",3.11619190404798
1999,"Eastern Bluebird",11.6619767039557
1999,"Eastern Meadowlark",0.108234344366277
1999,"Eastern Phoebe",2.42497981778342
1999,"Eastern Towhee",11.0197785722523
1999,"European Starling",0.64940606619767
1999,"Field Sparrow",1.16214969438357
1999,"Fish Crow",1.59797024564641
1999,"Gray Catbird",0.36708568792527
1999,"Great Blue Heron",0.798004843731979
1999,"House Finch",4.62956983046928
1999,"House Sparrow",0
1999,"Killdeer",0.491292815130883
1999,"Mourning Dove",12.8725060546649
1999,"Northern Bobwhite",0.837446661284744
1999,"Northern Cardinal",40.5687348633376
1999,"Northern Mockingbird",3.16705108983971
1999,"Pileated Woodpecker",0.858839810863806
1999,"Pine Warbler",20.0051897128359
1999,"Red-bellied Woodpecker",10.0784799907739
1999,"Red-shouldered Hawk",1.65032868181295
1999,"Red-winged Blackbird",1.96067350939913
1999,"Song Sparrow",0.276323376773149
1999,"Tufted Titmouse",17.5551262830124
1999,"Turkey Vulture",0.028428093645485
1999,"White-breasted Nuthatch",1.89170799215776
1999,"American Crow",16.2024983563446
1999,"American Goldfinch",5.53517422748189
1999,"American Robin",2.11176857330706
1999,"Blue Jay",2.49638395792243
1999,"Blue-gray Gnatcatcher",6.87442472057866
1999,"Brown Thrasher",0.696909927679171
1999,"Brown-headed Cowbird",1.21564760026301
1999,"Brown-headed Nuthatch",-0.157790927021665
1999,"Canada Goose",0.051282051282052
1999,"Carolina Chickadee",3.47994740302435
1999,"Carolina Wren",10.6002629848783
1999,"Chipping Sparrow",5.49572649572656
1999,"Common Grackle",7.52005259697557
1999,"Common Yellowthroat",1.76923076923076
1999,"Downy Woodpecker",-0.401709401709354
1999,"Eastern Bluebird",5.72386587771204
1999,"Eastern Meadowlark",0.930309007232069
1999,"Eastern Phoebe",1.48520710059177
1999,"Eastern Towhee",3.62721893491121
1999,"European Starling",9.99605522682452
1999,"Field Sparrow",0.961209730440473
1999,"Fish Crow",0.334648257725235
1999,"Gray Catbird",1.11374095989478
1999,"Great Blue Heron",0.243918474687704
1999,"House Finch",2.40959894806046
1999,"House Sparrow",1.56015779092699
1999,"Killdeer",0.602892833662068
1999,"Mourning Dove",12.7343852728467
1999,"Northern Bobwhite",1.08875739644969
1999,"Northern Cardinal",14.7869822485208
1999,"Northern Mockingbird",6.41946088099934
1999,"Pileated Woodpecker",0.0473372781065251
1999,"Pine Warbler",0.91650230111776
1999,"Red-bellied Woodpecker",3.78763971071663
1999,"Red-shouldered Hawk",1.10913872452333
1999,"Red-winged Blackbird",1.60552268244572
1999,"Song Sparrow",0.22419460880999
1999,"Tufted Titmouse",3.95923734385281
1999,"Turkey Vulture",-0.267587113740944
1999,"White-breasted Nuthatch",-0.47271531886912
1999,"American Crow",34.4935236584713
1999,"American Goldfinch",0.959203454048861
1999,"American Robin",1.1835404000352
1999,"Blue Jay",3.8583135077979
1999,"Blue-gray Gnatcatcher",2.80121596616493
1999,"Brown Thrasher",0.104766939818546
1999,"Brown-headed Cowbird",0.739712750022036
1999,"Brown-headed Nuthatch",0.0706670191206626
1999,"Canada Goose",0.965195171380699
1999,"Carolina Chickadee",1.81971979910125
1999,"Carolina Wren",18.8006872852227
1999,"Chipping Sparrow",2.10926072781763
1999,"Common Grackle",4.6947748700324
1999,"Common Yellowthroat",6.42329720680209
1999,"Downy Woodpecker",0.121244162481361
1999,"Eastern Bluebird",5.99206978588415
1999,"Eastern Meadowlark",1.11472376420826
1999,"Eastern Phoebe",1.58445678033308
1999,"Eastern Towhee",4.08344347519585
1999,"European Starling",0.108996387346897
1999,"Field Sparrow",0.570799189355888
1999,"Fish Crow",-0.604458542602799
1999,"Gray Catbird",1.25596968895931
1999,"Great Blue Heron",0.00467001497930042
1999,"House Finch",-0.242312097982079
1999,"House Sparrow",0
1999,"Killdeer",0.596968895937934
1999,"Mourning Dove",13.3148295003966
1999,"Northern Bobwhite",1.59406115076214
1999,"Northern Cardinal",17.8919728610449
1999,"Northern Mockingbird",2.11375451581642
1999,"Pileated Woodpecker",0.242752665433088
1999,"Pine Warbler",3.16212882192278
1999,"Red-bellied Woodpecker",4.52753546567988
1999,"Red-shouldered Hawk",0.845448938232408
1999,"Red-winged Blackbird",0.331306723059297
1999,"Song Sparrow",0.00502246893999736
1999,"Tufted Titmouse",10.1684729932153
1999,"Turkey Vulture",-0.203277821834497
1999,"White-breasted Nuthatch",0.505595206626168
1999,"American Crow",23.8485932284214
1999,"American Goldfinch",4.74010491177871
1999,"American Robin",7.70457796852679
1999,"Blue Jay",4.402241297091
1999,"Blue-gray Gnatcatcher",3.87029089175017
1999,"Brown Thrasher",1.09966618979485
1999,"Brown-headed Cowbird",4.90963280877448
1999,"Brown-headed Nuthatch",0.436337625178858
1999,"Canada Goose",0.468049594658964
1999,"Carolina Chickadee",2.47401049117781
1999,"Carolina Wren",11.1113495469714
1999,"Chipping Sparrow",12.5772532188842
1999,"Common Grackle",7.03481163567034
1999,"Common Yellowthroat",3.2088698140202
1999,"Downy Woodpecker",1.50047687172147
1999,"Eastern Bluebird",13.0894134477827
1999,"Eastern Meadowlark",7.85693848354811
1999,"Eastern Phoebe",1.54196471149254
1999,"Eastern Towhee",3.92823080591326
1999,"European Starling",12.0951359084399
1999,"Field Sparrow",0.284453981878826
1999,"Fish Crow",0.0925131139723425
1999,"Gray Catbird",-0.000953743443034227
1999,"Great Blue Heron",-0.0875059608966069
1999,"House Finch",0.42989985693842
1999,"House Sparrow",0.825226514067758
1999,"Killdeer",0.2684787792084
1999,"Mourning Dove",15.417024320458
1999,"Northern Bobwhite",2.79399141630918
1999,"Northern Cardinal",14.9141630901283
1999,"Northern Mockingbird",12.7041010968047
1999,"Pileated Woodpecker",-0.141630901287613
1999,"Pine Warbler",1.38078206962322
1999,"Red-bellied Woodpecker",9.06294706723912
1999,"Red-shouldered Hawk",0.12565569861701
1999,"Red-winged Blackbird",5.59680495946606
1999,"Song Sparrow",0.222460658082959
1999,"Tufted Titmouse",4.55817835002358
1999,"Turkey Vulture",0.182880305197855
1999,"White-breasted Nuthatch",2.41177873152128
1999,"American Crow",35.8492307692308
1999,"American Goldfinch",6.86461538461538
1999,"American Robin",12.1815384615385
1999,"Blue Jay",10.0707692307693
1999,"Blue-gray Gnatcatcher",1.39384615384614
1999,"Brown Thrasher",1.69846153846152
1999,"Brown-headed Cowbird",0.54769230769233
1999,"Brown-headed Nuthatch",-0.461538461538481
1999,"Canada Goose",5.34153846153848
1999,"Carolina Chickadee",7.15384615384619
1999,"Carolina Wren",8.49230769230735
1999,"Chipping Sparrow",6.92615384615351
1999,"Common Grackle",8.34769230769228
1999,"Common Yellowthroat",-0.40615384615387
1999,"Downy Woodpecker",0.938461538461548
1999,"Eastern Bluebird",9.83076923076921
1999,"Eastern Meadowlark",5.14769230769231
1999,"Eastern Phoebe",1.28923076923076
1999,"Eastern Towhee",8.88923076923089
1999,"European Starling",21.2061538461539
1999,"Field Sparrow",0.443076923076916
1999,"Fish Crow",-0.664615384615416
1999,"Gray Catbird",1.32307692307692
1999,"Great Blue Heron",0.301538461538465
1999,"House Finch",5.46153846153844
1999,"House Sparrow",8.35076923076929
1999,"Killdeer",0.655384615384612
1999,"Mourning Dove",20.9046153846156
1999,"Northern Bobwhite",0.178461538461539
1999,"Northern Cardinal",36.6307692307694
1999,"Northern Mockingbird",18.5723076923076
1999,"Pileated Woodpecker",-0.153846153846175
1999,"Pine Warbler",1.67384615384614
1999,"Red-bellied Woodpecker",2.03384615384607
1999,"Red-shouldered Hawk",-0.375384615384633
1999,"Red-winged Blackbird",0.393846153846141
1999,"Song Sparrow",3.95076923076925
1999,"Tufted Titmouse",5.36615384615379
1999,"Turkey Vulture",-0.0369230769230811
1999,"White-breasted Nuthatch",0.276923076923072
1999,"American Crow",20.2088554720134
1999,"American Goldfinch",5.8139287612972
1999,"American Robin",2.76498063340171
1999,"Blue Jay",1.41900205058101
1999,"Blue-gray Gnatcatcher",7.91983747246928
1999,"Brown Thrasher",0.859307359307373
1999,"Brown-headed Cowbird",3.53732816890721
1999,"Brown-headed Nuthatch",-0.260385813017137
1999,"Canada Goose",3.14593301435407
1999,"Carolina Chickadee",4.33473836105452
1999,"Carolina Wren",14.4957089693931
1999,"Chipping Sparrow",6.49578491683781
1999,"Common Grackle",23.5669856459322
1999,"Common Yellowthroat",0.375712007290943
1999,"Downy Woodpecker",0.408103592314262
1999,"Eastern Bluebird",5.23657628920788
1999,"Eastern Meadowlark",0.274094326725887
1999,"Eastern Phoebe",1.42002734108002
1999,"Eastern Towhee",7.29854940381256
1999,"European Starling",7.29216981848526
1999,"Field Sparrow",0.764449001291077
1999,"Fish Crow",0.231449836713125
1999,"Gray Catbird",-0.0896179843548168
1999,"Great Blue Heron",1.3773069036227
1999,"House Finch",2.82653603706248
1999,"House Sparrow",0.467418546365892
1999,"Killdeer",0.30796688691424
1999,"Mourning Dove",23.7011468064095
1999,"Northern Bobwhite",0
1999,"Northern Cardinal",14.5614035087721
1999,"Northern Mockingbird",3.14073061441488
1999,"Pileated Woodpecker",0.310587073744976
1999,"Pine Warbler",11.8889268626108
1999,"Red-bellied Woodpecker",3.493582440951
1999,"Red-shouldered Hawk",0.106326422115927
1999,"Red-winged Blackbird",0.353307511202239
1999,"Song Sparrow",-0.138604085972489
1999,"Tufted Titmouse",8.87814232551091
1999,"Turkey Vulture",0.124022176653752
1999,"White-breasted Nuthatch",-0.469962785752159
1999,"American Crow",25.4661376385278
1999,"American Goldfinch",3.36564509508824
1999,"American Robin",2.305513750171
1999,"Blue Jay",1.970686824463
1999,"Blue-gray Gnatcatcher",2.1303871938706
1999,"Brown Thrasher",0.49449309071008
1999,"Brown-headed Cowbird",2.33294568340403
1999,"Brown-headed Nuthatch",0.0543850047886174
1999,"Canada Goose",14.6464632644684
1999,"Carolina Chickadee",-0.11567929949382
1999,"Carolina Wren",5.68590094404158
1999,"Chipping Sparrow",10.4049459570393
1999,"Common Grackle",5.30469284443834
1999,"Common Yellowthroat",3.3280544534136
1999,"Downy Woodpecker",0.887022848542893
1999,"Eastern Bluebird",6.50451498152961
1999,"Eastern Meadowlark",4.89294021069914
1999,"Eastern Phoebe",0.982384731153374
1999,"Eastern Towhee",3.58585305787383
1999,"European Starling",1.38302093309619
1999,"Field Sparrow",1.44185251060336
1999,"Fish Crow",-0.645266110275003
1999,"Gray Catbird",0.267786290874264
1999,"Great Blue Heron",-0.10965932412094
1999,"House Finch",-0.765802435353692
1999,"House Sparrow",0
1999,"Killdeer",0.483684498563415
1999,"Mourning Dove",12.860959091531
1999,"Northern Bobwhite",0.754001915446707
1999,"Northern Cardinal",35.9127103570938
1999,"Northern Mockingbird",2.49021754001922
1999,"Pileated Woodpecker",-0.148139280339301
1999,"Pine Warbler",-0.0302708988917857
1999,"Red-bellied Woodpecker",3.56642495553427
1999,"Red-shouldered Hawk",-0.41093172800656
1999,"Red-winged Blackbird",2.81088384183882
1999,"Song Sparrow",-0.102100150499385
1999,"Tufted Titmouse",3.43319879600494
1999,"Turkey Vulture",0.414181146531661
1999,"White-breasted Nuthatch",-0.326412641948281
1999,"American Crow",13.9920671563493
1999,"American Goldfinch",3.05708289611754
1999,"American Robin",5.04470094438602
1999,"Blue Jay",3.21406086044087
1999,"Blue-gray Gnatcatcher",7.376243441763
1999,"Brown Thrasher",1.13359916054565
1999,"Brown-headed Cowbird",-0.0511227701992425
1999,"Brown-headed Nuthatch",0.208226652675876
1999,"Canada Goose",3.10820566631668
1999,"Carolina Chickadee",8.27244491080833
1999,"Carolina Wren",7.71236096537302
1999,"Chipping Sparrow",6.97947534102877
1999,"Common Grackle",19.5493389296969
1999,"Common Yellowthroat",0.186820566631837
1999,"Downy Woodpecker",-1.14060860440685
1999,"Eastern Bluebird",2.53716684155336
1999,"Eastern Meadowlark",0.629716684155298
1999,"Eastern Phoebe",1.45981112277028
1999,"Eastern Towhee",6.61464847848862
1999,"European Starling",9.5146274921309
1999,"Field Sparrow",0
1999,"Fish Crow",-0.123819517313677
1999,"Gray Catbird",0.040209863588669
1999,"Great Blue Heron",0.223126967471273
1999,"House Finch",0.918992654774627
1999,"House Sparrow",0.26782791185731
1999,"Killdeer",0.199748163693602
1999,"Mourning Dove",15.5529905561383
1999,"Northern Bobwhite",1.04277019937032
1999,"Northern Cardinal",13.950346274922
1999,"Northern Mockingbird",2.77762854144819
1999,"Pileated Woodpecker",0.248394543546702
1999,"Pine Warbler",7.99626442812229
1999,"Red-bellied Woodpecker",4.01179433368338
1999,"Red-shouldered Hawk",-0.0991815320041098
1999,"Red-winged Blackbird",0.332675760755517
1999,"Song Sparrow",0.162770199370399
1999,"Tufted Titmouse",10.5935781741873
1999,"Turkey Vulture",0.342413431269664
1999,"White-breasted Nuthatch",-0.742455403987265
1999,"American Crow",23.9075362318844
1999,"American Goldfinch",6.98507246376818
1999,"American Robin",36.3085507246385
1999,"Blue Jay",11.689275362319
1999,"Blue-gray Gnatcatcher",4.44536231884069
1999,"Brown Thrasher",2.0978260869566
1999,"Brown-headed Cowbird",2.20405797101444
1999,"Brown-headed Nuthatch",1.45043478260862
1999,"Canada Goose",1.80391304347836
1999,"Carolina Chickadee",10.0307246376813
1999,"Carolina Wren",6.33086956521714
1999,"Chipping Sparrow",5.0873913043477
1999,"Common Grackle",45.4484057971026
1999,"Common Yellowthroat",0.123623188405805
1999,"Downy Woodpecker",3.83652173913049
1999,"Eastern Bluebird",0.64217391304328
1999,"Eastern Meadowlark",0
1999,"Eastern Phoebe",1.27710144927536
1999,"Eastern Towhee",16.6930434782613
1999,"European Starling",13.0317391304352
1999,"Field Sparrow",0
1999,"Fish Crow",0.568985507246225
1999,"Gray Catbird",4.71376811594202
1999,"Great Blue Heron",0.320434782608714
1999,"House Finch",10.0460869565219
1999,"House Sparrow",0.992028985507261
1999,"Killdeer",0.328115942029001
1999,"Mourning Dove",12.6169565217393
1999,"Northern Bobwhite",0
1999,"Northern Cardinal",36.6647826086962
1999,"Northern Mockingbird",13.4047826086957
1999,"Pileated Woodpecker",0
1999,"Pine Warbler",3.118115942029
1999,"Red-bellied Woodpecker",8.92362318840588
1999,"Red-shouldered Hawk",1.292463768116
1999,"Red-winged Blackbird",-0.984492753623329
1999,"Song Sparrow",1.9528985507244
1999,"Tufted Titmouse",6.78202898550717
1999,"Turkey Vulture",0
1999,"White-breasted Nuthatch",2.19507246376816
1999,"American Crow",7.74059514751849
1999,"American Goldfinch",4.2687463014625
1999,"American Robin",9.61070251077894
1999,"Blue Jay",1.41398258517203
1999,"Blue-gray Gnatcatcher",10.1024600557951
1999,"Brown Thrasher",1.58922985882155
1999,"Brown-headed Cowbird",9.37758897624519
1999,"Brown-headed Nuthatch",0.196550849606851
1999,"Canada Goose",11.3954687632097
1999,"Carolina Chickadee",4.92941077014115
1999,"Carolina Wren",15.4120804801759
1999,"Chipping Sparrow",7.84816975230348
1999,"Common Grackle",8.60829317778376
1999,"Common Yellowthroat",2.61915631076181
1999,"Downy Woodpecker",0.914743427170379
1999,"Eastern Bluebird",3.69680446360636
1999,"Eastern Meadowlark",1.32640121734727
1999,"Eastern Phoebe",1.64929410770138
1999,"Eastern Towhee",12.7037788485929
1999,"European Starling",2.62820187674338
1999,"Field Sparrow",0.174148279651714
1999,"Fish Crow",-1.0535125538932
1999,"Gray Catbird",0.75615013948774
1999,"Great Blue Heron",4.81257925437507
1999,"House Finch",2.56302307887385
1999,"House Sparrow",-0.35793389128419
1999,"Killdeer",1.1562684926875
1999,"Mourning Dove",10.1995519486009
1999,"Northern Bobwhite",0
1999,"Northern Cardinal",28.8319384563367
1999,"Northern Mockingbird",3.90278130019441
1999,"Pileated Woodpecker",0.322385662355245
1999,"Pine Warbler",1.56454476287075
1999,"Red-bellied Woodpecker",3.42733958914532
1999,"Red-shouldered Hawk",0.35121312029753
1999,"Red-winged Blackbird",0.224363851551288
1999,"Song Sparrow",0.505072279989836
1999,"Tufted Titmouse",6.02121903795717
1999,"Turkey Vulture",0.174951390650111
1999,"White-breasted Nuthatch",-0.396694564206769
1999,"American Crow",9.98521739130422
1999,"American Goldfinch",14.3737681159425
1999,"American Robin",18.6100000000002
1999,"Blue Jay",9.9905797101452
1999,"Blue-gray Gnatcatcher",13.8514492753626
1999,"Brown Thrasher",2.08028985507246
1999,"Brown-headed Cowbird",1.86492753623189
1999,"Brown-headed Nuthatch",8.74739130434796
1999,"Canada Goose",5.28043478260884
1999,"Carolina Chickadee",8.59579710144925
1999,"Carolina Wren",15.9107246376811
1999,"Chipping Sparrow",7.25811594202872
1999,"Common Grackle",7.00333333333361
1999,"Common Yellowthroat",0.292753623188418
1999,"Downy Woodpecker",2.6055072463769
1999,"Eastern Bluebird",5.96710144927545
1999,"Eastern Meadowlark",0
1999,"Eastern Phoebe",0.929275362318869
1999,"Eastern Towhee",27.6359420289862
1999,"European Starling",2.51507246376802
1999,"Field Sparrow",0
1999,"Fish Crow",0.759420289855029
1999,"Gray Catbird",1.31449275362317
1999,"Great Blue Heron",0.487101449275386
1999,"House Finch",9.15637681159401
1999,"House Sparrow",4.26376811594213
1999,"Killdeer",-0.0907246376811699
1999,"Mourning Dove",16.783188405797
1999,"Northern Bobwhite",0
1999,"Northern Cardinal",48.8323188405805
1999,"Northern Mockingbird",17.7421739130439
1999,"Pileated Woodpecker",0
1999,"Pine Warbler",4.97043478260863
1999,"Red-bellied Woodpecker",8.98869565217394
1999,"Red-shouldered Hawk",-0.407536231884166
1999,"Red-winged Blackbird",0.214637681159427
1999,"Song Sparrow",2.14173913043481
1999,"Tufted Titmouse",12.4315942028983
1999,"Turkey Vulture",0.0984057971014538
1999,"White-breasted Nuthatch",4.31101449275369
1999,"American Crow",8.81652173913039
1999,"American Goldfinch",5.7544927536232
1999,"American Robin",15.4836231884057
1999,"Blue Jay",4.99086956521748
1999,"Blue-gray Gnatcatcher",-0.338115942029106
1999,"Brown Thrasher",1.08391304347824
1999,"Brown-headed Cowbird",1.2123188405796
1999,"Brown-headed Nuthatch",1.68086956521744
1999,"Canada Goose",-5.84652173913128
1999,"Carolina Chickadee",1.67579710144923
1999,"Carolina Wren",18.2057971014494
1999,"Chipping Sparrow",2.04999999999984
1999,"Common Grackle",10.7368115942033
1999,"Common Yellowthroat",1.13811594202902
1999,"Downy Woodpecker",-0.273478260869666
1999,"Eastern Bluebird",1.6372463768115
1999,"Eastern Meadowlark",0
1999,"Eastern Phoebe",-0.450000000000074
1999,"Eastern Towhee",14.1585507246377
1999,"European Starling",8.26275362318864
1999,"Field Sparrow",0.209420289855085
1999,"Fish Crow",3.67724637681178
1999,"Gray Catbird",1.99724637681157
1999,"Great Blue Heron",-0.287246376811616
1999,"House Finch",3.89768115942007
1999,"House Sparrow",0.0971014492752573
1999,"Killdeer",-0.152898550724686
1999,"Mourning Dove",5.68101449275369
1999,"Northern Bobwhite",0
1999,"Northern Cardinal",15.748695652174
1999,"Northern Mockingbird",12.3204347826086
1999,"Pileated Woodpecker",0
1999,"Pine Warbler",5.6113043478261
1999,"Red-bellied Woodpecker",1.79971014492753
1999,"Red-shouldered Hawk",0.0156521739130255
1999,"Red-winged Blackbird",0.303478260869561
1999,"Song Sparrow",2.77246376811598
1999,"Tufted Titmouse",7.6971014492754
1999,"Turkey Vulture",0
1999,"White-breasted Nuthatch",0.356376811594203
1999,"American Crow",8.54447133565267
1999,"American Goldfinch",4.65481772802904
1999,"American Robin",1.7633111480865
1999,"Blue Jay",2.96180608077447
1999,"Blue-gray Gnatcatcher",5.67036000605054
1999,"Brown Thrasher",0.148918469217961
1999,"Brown-headed Cowbird",3.16718348207532
1999,"Brown-headed Nuthatch",-1.1772424746635
1999,"Canada Goose",0.449856300105893
1999,"Carolina Chickadee",4.4719785206474
1999,"Carolina Wren",8.15572530630766
1999,"Chipping Sparrow",6.00767659960673
1999,"Common Grackle",4.5544925124792
1999,"Common Yellowthroat",1.45420511269097
1999,"Downy Woodpecker",-0.783807290878855
1999,"Eastern Bluebird",3.50971865073362
1999,"Eastern Meadowlark",0.198873090304039
1999,"Eastern Phoebe",0.736424141582209
1999,"Eastern Towhee",11.1499016790198
1999,"European Starling",1.85667826350021
1999,"Field Sparrow",2.21411284223262
1999,"Fish Crow",0.812396006655575
1999,"Gray Catbird",0.509340493117534
1999,"Great Blue Heron",0.41033882922402
1999,"House Finch",-0.543261231281235
1999,"House Sparrow",1.17281803055514
1999,"Killdeer",0.584026622296179
1999,"Mourning Dove",5.86530025714717
1999,"Northern Bobwhite",3.66790198154592
1999,"Northern Cardinal",10.6385191347754
1999,"Northern Mockingbird",5.27268945696566
1999,"Pileated Woodpecker",0.404250491604902
1999,"Pine Warbler",-0.0834593858720609
1999,"Red-bellied Woodpecker",3.76554227802148
1999,"Red-shouldered Hawk",0.236197247012541
1999,"Red-winged Blackbird",0.459839661170779
1999,"Song Sparrow",0.344766298593252
1999,"Tufted Titmouse",6.31693389804869
1999,"Turkey Vulture",0.148502495840267
1999,"White-breasted Nuthatch",0.5544925124792
1999,"American Crow",27.4224134415396
1999,"American Goldfinch",3.68863423188289
1999,"American Robin",3.22698911137422
1999,"Blue Jay",1.8035153541862
1999,"Blue-gray Gnatcatcher",13.1324986746053
1999,"Brown Thrasher",0.910117858162408
1999,"Brown-headed Cowbird",1.59977162432222
1999,"Brown-headed Nuthatch",0.711431018310904
1999,"Canada Goose",3.21426532360056
1999,"Carolina Chickadee",5.93205823579783
1999,"Carolina Wren",3.3585905958164
1999,"Chipping Sparrow",8.68141592920381
1999,"Common Grackle",8.47440968965344
1999,"Common Yellowthroat",1.15884344031651
1999,"Downy Woodpecker",2.5309734513275
1999,"Eastern Bluebird",6.58044125443496
1999,"Eastern Meadowlark",0
1999,"Eastern Phoebe",1.68594266139232
1999,"Eastern Towhee",4.28216630643126
1999,"European Starling",3.52709922107624
1999,"Field Sparrow",0.968598344276387
1999,"Fish Crow",3.78336935687798
1999,"Gray Catbird",0.0351127604910175
1999,"Great Blue Heron",0.656987887932763
1999,"House Finch",-1.66192243383171
1999,"House Sparrow",1.84376656743189
1999,"Killdeer",1.09824232290691
1999,"Mourning Dove",10.9122384894581
1999,"Northern Bobwhite",0.578239060397166
1999,"Northern Cardinal",31.9914766934463
1999,"Northern Mockingbird",14.4235145385587
1999,"Pileated Woodpecker",-0.428000489376402
1999,"Pine Warbler",0.475959381754649
1999,"Red-bellied Woodpecker",1.9072631621878
1999,"Red-shouldered Hawk",-0.38452754781602
1999,"Red-winged Blackbird",0
1999,"Song Sparrow",-0.00244688226417367
1999,"Tufted Titmouse",4.63423188287618
1999,"Turkey Vulture",0.136984625423096
1999,"White-breasted Nuthatch",0.313812650381323
2000,"American Crow",25.4316595977562
2000,"American Goldfinch",3.41975646463263
2000,"American Robin",2.2165822957997
2000,"Blue Jay",1.99993159118895
2000,"Blue-gray Gnatcatcher",2.31769051853883
2000,"Brown Thrasher",0.575249692160355
2000,"Brown-headed Cowbird",2.4628540155972
2000,"Brown-headed Nuthatch",0.0643042823915749
2000,"Canada Goose",14.1228622246545
2000,"Carolina Chickadee",0.121083595567086
2000,"Carolina Wren",6.03427281433846
2000,"Chipping Sparrow",10.4945272951156
2000,"Common Grackle",5.19674374059377
2000,"Common Yellowthroat",3.30298262416199
2000,"Downy Woodpecker",0.894718839786565
2000,"Eastern Bluebird",6.60911205363251
2000,"Eastern Meadowlark",4.82938842522917
2000,"Eastern Phoebe",1.03263100287317
2000,"Eastern Towhee",3.49144889861813
2000,"European Starling",1.67300588315777
2000,"Field Sparrow",1.42810233958134
2000,"Fish Crow",-0.552264331645915
2000,"Gray Catbird",0.263168696128062
2000,"Great Blue Heron",-0.0667669995895324
2000,"House Finch",-0.631892187713788
2000,"House Sparrow",0
2000,"Killdeer",0.480708715282528
2000,"Mourning Dove",13.0148447119989
2000,"Northern Bobwhite",0.721712956628807
2000,"Northern Cardinal",35.2238336297714
2000,"Northern Mockingbird",2.68025721712962
2000,"Pileated Woodpecker",-0.121699274866593
2000,"Pine Warbler",0.143453276782054
2000,"Red-bellied Woodpecker",3.68860309207827
2000,"Red-shouldered Hawk",-0.347516760158697
2000,"Red-winged Blackbird",2.80469284443836
2000,"Song Sparrow",-0.0924203037351212
2000,"Tufted Titmouse",3.76063757011912
2000,"Turkey Vulture",0.467711041182099
2000,"White-breasted Nuthatch",-0.263305513750169
2000,"American Crow",14.7596222455413
2000,"American Goldfinch",3.07890870933895
2000,"American Robin",4.97355718782779
2000,"Blue Jay",3.29590766002116
2000,"Blue-gray Gnatcatcher",7.54363064008407
2000,"Brown Thrasher",1.14350472193075
2000,"Brown-headed Cowbird",0.117565582371583
2000,"Brown-headed Nuthatch",0.293725078698969
2000,"Canada Goose",2.96134312696728
2000,"Carolina Chickadee",8.38249737670549
2000,"Carolina Wren",8.17296956978009
2000,"Chipping Sparrow",7.33045120671602
2000,"Common Grackle",18.6299685204626
2000,"Common Yellowthroat",0.264134312696882
2000,"Downy Woodpecker",-0.959076600209585
2000,"Eastern Bluebird",2.84843651626488
2000,"Eastern Meadowlark",0.652843651626441
2000,"Eastern Phoebe",1.4885624344177
2000,"Eastern Towhee",6.40260230849913
2000,"European Starling",9.0702203567688
2000,"Field Sparrow",0
2000,"Fish Crow",-0.0535152151101101
2000,"Gray Catbird",0.0438195173137474
2000,"Great Blue Heron",0.284910807974939
2000,"House Finch",1.00566631689424
2000,"House Sparrow",0.258467995802743
2000,"Killdeer",0.211416579223506
2000,"Mourning Dove",15.2644281217206
2000,"Northern Bobwhite",0.99441762854137
2000,"Northern Cardinal",14.3843022035684
2000,"Northern Mockingbird",2.8808394543548
2000,"Pileated Woodpecker",0.272780692549851
2000,"Pine Warbler",8.23601259181584
2000,"Red-bellied Woodpecker",4.1986568730328
2000,"Red-shouldered Hawk",-0.0371038824763019
2000,"Red-winged Blackbird",0.318698845750269
2000,"Song Sparrow",0.154417628541438
2000,"Tufted Titmouse",10.8911227701998
2000,"Turkey Vulture",0.34392444910807
2000,"White-breasted Nuthatch",-0.608688352570653
2000,"American Crow",23.5805797101452
2000,"American Goldfinch",6.8711594202899
2000,"American Robin",35.4568115942036
2000,"Blue Jay",11.3084057971016
2000,"Blue-gray Gnatcatcher",4.36579710144937
2000,"Brown Thrasher",2.06521739130443
2000,"Brown-headed Cowbird",2.30492753623184
2000,"Brown-headed Nuthatch",1.49695652173907
2000,"Canada Goose",1.72260869565227
2000,"Carolina Chickadee",10.0515942028987
2000,"Carolina Wren",6.58391304347799
2000,"Chipping Sparrow",5.28826086956514
2000,"Common Grackle",43.6444927536245
2000,"Common Yellowthroat",0.11797101449276
2000,"Downy Woodpecker",3.74434782608702
2000,"Eastern Bluebird",0.804782608695461
2000,"Eastern Meadowlark",0
2000,"Eastern Phoebe",1.24362318840581
2000,"Eastern Towhee",16.2486956521743
2000,"European Starling",12.4778260869568
2000,"Field Sparrow",0
2000,"Fish Crow",0.733768115941871
2000,"Gray Catbird",4.67028985507245
2000,"Great Blue Heron",0.306956521739149
2000,"House Finch",10.0773913043479
2000,"House Sparrow",0.972463768115958
2000,"Killdeer",0.319855072463785
2000,"Mourning Dove",12.2813043478263
2000,"Northern Bobwhite",0
2000,"Northern Cardinal",36.1965217391311
2000,"Northern Mockingbird",13.0665217391304
2000,"Pileated Woodpecker",0
2000,"Pine Warbler",3.08985507246378
2000,"Red-bellied Woodpecker",8.76797101449284
2000,"Red-shouldered Hawk",1.26942028985513
2000,"Red-winged Blackbird",-0.841884057971185
2000,"Song Sparrow",2.24637681159402
2000,"Tufted Titmouse",6.99246376811584
2000,"Turkey Vulture",0
2000,"White-breasted Nuthatch",2.10115942028989
2000,"American Crow",7.84647899230674
2000,"American Goldfinch",4.17566996364866
2000,"American Robin",9.3756023332491
2000,"Blue Jay",1.43858314312283
2000,"Blue-gray Gnatcatcher",10.2972356074055
2000,"Brown Thrasher",1.55093414489815
2000,"Brown-headed Cowbird",9.03102544593833
2000,"Brown-headed Nuthatch",0.253360385493238
2000,"Canada Goose",11.0779440358447
2000,"Carolina Chickadee",5.07244906585504
2000,"Carolina Wren",15.4974215910053
2000,"Chipping Sparrow",8.07439343985106
2000,"Common Grackle",8.38346436723339
2000,"Common Yellowthroat",2.55854256488303
2000,"Downy Woodpecker",1.01504776396979
2000,"Eastern Bluebird",3.77884859244227
2000,"Eastern Meadowlark",1.30332234339342
2000,"Eastern Phoebe",1.67072449065852
2000,"Eastern Towhee",12.2297742835409
2000,"European Starling",2.63428861273122
2000,"Field Sparrow",0.168568771662873
2000,"Fish Crow",-0.87801166624422
2000,"Gray Catbird",0.74308901851386
2000,"Great Blue Heron",4.66421506467179
2000,"House Finch",2.58381942683226
2000,"House Sparrow",-0.305689407388684
2000,"Killdeer",1.12165018175673
2000,"Mourning Dove",10.1383041677234
2000,"Northern Bobwhite",0
2000,"Northern Cardinal",28.4431481951143
2000,"Northern Mockingbird",3.8961873362076
2000,"Pileated Woodpecker",0.316425733367163
2000,"Pine Warbler",1.73674866852633
2000,"Red-bellied Woodpecker",3.44762870910474
2000,"Red-shouldered Hawk",0.380251923239456
2000,"Red-winged Blackbird",0.215233747569549
2000,"Song Sparrow",0.509764138980453
2000,"Tufted Titmouse",6.29917998140127
2000,"Turkey Vulture",0.165948093668117
2000,"White-breasted Nuthatch",-0.284470369431205
2000,"American Crow",10.0034782608694
2000,"American Goldfinch",13.7502898550729
2000,"American Robin",18.4300000000002
2000,"Blue Jay",9.64927536231914
2000,"Blue-gray Gnatcatcher",13.3731884057975
2000,"Brown Thrasher",2.05463768115941
2000,"Brown-headed Cowbird",1.92884057971015
2000,"Brown-headed Nuthatch",8.36826086956535
2000,"Canada Goose",5.03695652173928
2000,"Carolina Chickadee",8.4627536231884
2000,"Carolina Wren",15.9915942028985
2000,"Chipping Sparrow",7.40985507246353
2000,"Common Grackle",6.79333333333363
2000,"Common Yellowthroat",0.284057971014505
2000,"Downy Woodpecker",2.57811594202907
2000,"Eastern Bluebird",5.96362318840588
2000,"Eastern Meadowlark",0
2000,"Eastern Phoebe",0.928405797101475
2000,"Eastern Towhee",26.8650724637687
2000,"European Starling",2.51115942028976
2000,"Field Sparrow",0
2000,"Fish Crow",0.850724637681111
2000,"Gray Catbird",1.38188405797101
2000,"Great Blue Heron",0.473623188405817
2000,"House Finch",9.27202898550706
2000,"House Sparrow",4.07028985507253
2000,"Killdeer",-0.081594202898561
2000,"Mourning Dove",16.3010144927536
2000,"Northern Bobwhite",0
2000,"Northern Cardinal",47.9071014492761
2000,"Northern Mockingbird",17.104782608696
2000,"Pileated Woodpecker",0
2000,"Pine Warbler",5.00695652173907
2000,"Red-bellied Woodpecker",8.92913043478264
2000,"Red-shouldered Hawk",-0.330579710145031
2000,"Red-winged Blackbird",0.214202898550731
2000,"Song Sparrow",2.15782608695654
2000,"Tufted Titmouse",12.2955072463766
2000,"Turkey Vulture",0.094492753623193
2000,"White-breasted Nuthatch",4.20623188405801
2000,"American Crow",8.98434782608689
2000,"American Goldfinch",5.60188405797106
2000,"American Robin",15.5479710144927
2000,"Blue Jay",4.91391304347835
2000,"Blue-gray Gnatcatcher",-0.19985507246389
2000,"Brown Thrasher",1.11260869565216
2000,"Brown-headed Cowbird",1.34710144927521
2000,"Brown-headed Nuthatch",1.6339130434783
2000,"Canada Goose",-4.87434782608761
2000,"Carolina Chickadee",1.75275362318837
2000,"Carolina Wren",17.8927536231886
2000,"Chipping Sparrow",2.39999999999986
2000,"Common Grackle",10.4589855072469
2000,"Common Yellowthroat",1.0998550724638
2000,"Downy Woodpecker",-0.185652173913155
2000,"Eastern Bluebird",1.80594202898538
2000,"Eastern Meadowlark",0
2000,"Eastern Phoebe",-0.35000000000008
2000,"Eastern Towhee",14.0068115942029
2000,"European Starling",8.14405797101472
2000,"Field Sparrow",0.200724637681169
2000,"Fish Crow",3.57594202898568
2000,"Gray Catbird",1.98594202898549
2000,"Great Blue Heron",-0.25594202898553
2000,"House Finch",4.08289855072439
2000,"House Sparrow",0.153623188405703
2000,"Killdeer",-0.09637681159424
2000,"Mourning Dove",5.76623188405802
2000,"Northern Bobwhite",0
2000,"Northern Cardinal",15.8091304347826
2000,"Northern Mockingbird",12.306956521739
2000,"Pileated Woodpecker",0
2000,"Pine Warbler",5.6208695652174
2000,"Red-bellied Woodpecker",1.88536231884055
2000,"Red-shouldered Hawk",0.0404347826086777
2000,"Red-winged Blackbird",0.325652173913042
2000,"Song Sparrow",2.7594202898551
2000,"Tufted Titmouse",7.70362318840584
2000,"Turkey Vulture",0
2000,"White-breasted Nuthatch",0.372028985507246
2000,"American Crow",8.62698532748448
2000,"American Goldfinch",4.60959007714416
2000,"American Robin",1.85773710482528
2000,"Blue Jay",2.92240205717744
2000,"Blue-gray Gnatcatcher",5.83126607169868
2000,"Brown Thrasher",0.189683860232932
2000,"Brown-headed Cowbird",3.14362426259265
2000,"Brown-headed Nuthatch",-0.987823324761791
2000,"Canada Goose",0.430797156254734
2000,"Carolina Chickadee",4.50544546967174
2000,"Carolina Wren",8.52034487974583
2000,"Chipping Sparrow",6.32846770533956
2000,"Common Grackle",4.55823627287854
2000,"Common Yellowthroat",1.419830585388
2000,"Downy Woodpecker",-0.675616396914251
2000,"Eastern Bluebird",3.62766601119344
2000,"Eastern Meadowlark",0.194146120102859
2000,"Eastern Phoebe",0.751626077749201
2000,"Eastern Towhee",10.9263348963848
2000,"European Starling",1.92663742247768
2000,"Field Sparrow",2.11223718045682
2000,"Fish Crow",0.864392678868555
2000,"Gray Catbird",0.498184843442747
2000,"Great Blue Heron",0.400015126304645
2000,"House Finch",-0.412645590682189
2000,"House Sparrow",1.17289366207835
2000,"Killdeer",0.570715474209656
2000,"Mourning Dove",6.07880804719406
2000,"Northern Bobwhite",3.48963848131905
2000,"Northern Cardinal",11.1289517470882
2000,"Northern Mockingbird",5.26887006504311
2000,"Pileated Woodpecker",0.415368325518074
2000,"Pine Warbler",0.123506277416368
2000,"Red-bellied Woodpecker",3.72167599455453
2000,"Red-shouldered Hawk",0.273937377098761
2000,"Red-winged Blackbird",0.449099984873698
2000,"Song Sparrow",0.347980638330054
2000,"Tufted Titmouse",6.41816669187716
2000,"Turkey Vulture",0.147254575707155
2000,"White-breasted Nuthatch",0.558236272878535
2000,"American Crow",27.176868806329
2000,"American Goldfinch",3.62701358019658
2000,"American Robin",3.59398066963035
2000,"Blue Jay",1.85343175237551
2000,"Blue-gray Gnatcatcher",12.9767953998612
2000,"Brown Thrasher",0.986501366175958
2000,"Brown-headed Cowbird",1.6939765914932
2000,"Brown-headed Nuthatch",0.746135965091213
2000,"Canada Goose",3.82981933852648
2000,"Carolina Chickadee",5.95803596916923
2000,"Carolina Wren",3.93996982178601
2000,"Chipping Sparrow",9.09734513274361
2000,"Common Grackle",8.28041270747491
2000,"Common Yellowthroat",1.13592430977533
2000,"Downy Woodpecker",2.50442477876113
2000,"Eastern Bluebird",6.64842380000815
2000,"Eastern Meadowlark",0
2000,"Eastern Phoebe",1.73459483707846
2000,"Eastern Towhee",4.38856490355209
2000,"European Starling",3.59867052730351
2000,"Field Sparrow",0.921781330288368
2000,"Fish Crow",4.14350964479445
2000,"Gray Catbird",0.0510990579503385
2000,"Great Blue Heron",0.649484115655941
2000,"House Finch",-1.11891847803872
2000,"House Sparrow",1.7900575017331
2000,"Killdeer",1.07328412381226
2000,"Mourning Dove",11.1138615880267
2000,"Northern Bobwhite",0.554626646547817
2000,"Northern Cardinal",32.0073406467925
2000,"Northern Mockingbird",14.2237673830593
2000,"Pileated Woodpecker",-0.377798621589605
2000,"Pine Warbler",0.642714408058623
2000,"Red-bellied Woodpecker",2.16120875983881
2000,"Red-shouldered Hawk",-0.266914073651037
2000,"Red-winged Blackbird",0
2000,"Song Sparrow",0.00689205171078555
2000,"Tufted Titmouse",5.01358019656641
2000,"Turkey Vulture",0.130826638391573
2000,"White-breasted Nuthatch",0.366094368092675
2001,"American Crow",25.3971815569845
2001,"American Goldfinch",3.47386783417703
2001,"American Robin",2.12765084142836
2001,"Blue Jay",2.02917635791491
2001,"Blue-gray Gnatcatcher",2.50499384320705
2001,"Brown Thrasher",0.656006293610602
2001,"Brown-headed Cowbird",2.59276234779037
2001,"Brown-headed Nuthatch",0.0742235599945289
2001,"Canada Goose",13.5992611848405
2001,"Carolina Chickadee",0.357846490627992
2001,"Carolina Wren",6.38264468463535
2001,"Chipping Sparrow",10.584108633192
2001,"Common Grackle",5.08879463674918
2001,"Common Yellowthroat",3.27791079491039
2001,"Downy Woodpecker",0.902414831030237
2001,"Eastern Bluebird",6.71370912573539
2001,"Eastern Meadowlark",4.7658366397592
2001,"Eastern Phoebe",1.08287727459297
2001,"Eastern Towhee",3.3970447393624
2001,"European Starling",1.96299083321935
2001,"Field Sparrow",1.41435216855931
2001,"Fish Crow",-0.459262553016828
2001,"Gray Catbird",0.258551101381858
2001,"Great Blue Heron",-0.0238746750581385
2001,"House Finch",-0.497981940073885
2001,"House Sparrow",0
2001,"Killdeer",0.477732932001642
2001,"Mourning Dove",13.1687303324669
2001,"Northern Bobwhite",0.68942399781092
2001,"Northern Cardinal",34.5349569024488
2001,"Northern Mockingbird",2.87029689424003
2001,"Pileated Woodpecker",-0.0952592693938925
2001,"Pine Warbler",0.317177452455894
2001,"Red-bellied Woodpecker",3.81078122862226
2001,"Red-shouldered Hawk",-0.28410179231085
2001,"Red-winged Blackbird",2.7985018470379
2001,"Song Sparrow",-0.082740456970857
2001,"Tufted Titmouse",4.08807634423317
2001,"Turkey Vulture",0.521240935832523
2001,"White-breasted Nuthatch",-0.200198385552056
2001,"American Crow",15.5271773347333
2001,"American Goldfinch",3.10073452256035
2001,"American Robin",4.90241343126957
2001,"Blue Jay",3.37775445960142
2001,"Blue-gray Gnatcatcher",7.71101783840516
2001,"Brown Thrasher",1.15341028331585
2001,"Brown-headed Cowbird",0.286253934942408
2001,"Brown-headed Nuthatch",0.379223504722034
2001,"Canada Goose",2.81448058761782
2001,"Carolina Chickadee",8.49254984260264
2001,"Carolina Wren",8.63357817418728
2001,"Chipping Sparrow",7.68142707240338
2001,"Common Grackle",17.7105981112286
2001,"Common Yellowthroat",0.341448058761955
2001,"Downy Woodpecker",-0.777544596012376
2001,"Eastern Bluebird",3.15970619097629
2001,"Eastern Meadowlark",0.67597061909759
2001,"Eastern Phoebe",1.51731374606513
2001,"Eastern Towhee",6.19055613850963
2001,"European Starling",8.6258132214067
2001,"Field Sparrow",0
2001,"Fish Crow",0.0167890870934571
2001,"Gray Catbird",0.0474291710388259
2001,"Great Blue Heron",0.346694648478604
2001,"House Finch",1.09233997901384
2001,"House Sparrow",0.249108079748179
2001,"Killdeer",0.223084994753414
2001,"Mourning Dove",14.975865687303
2001,"Northern Bobwhite",0.946065057712417
2001,"Northern Cardinal",14.8182581322147
2001,"Northern Mockingbird",2.9840503672614
2001,"Pileated Woodpecker",0.297166841553
2001,"Pine Warbler",8.47576075550944
2001,"Red-bellied Woodpecker",4.38551941238222
2001,"Red-shouldered Hawk",0.024973767051506
2001,"Red-winged Blackbird",0.304721930745021
2001,"Song Sparrow",0.146065057712477
2001,"Tufted Titmouse",11.1886673662124
2001,"Turkey Vulture",0.345435466946475
2001,"White-breasted Nuthatch",-0.474921301154097
2001,"American Crow",23.2536231884061
2001,"American Goldfinch",6.75724637681165
2001,"American Robin",34.6050724637689
2001,"Blue Jay",10.9275362318842
2001,"Blue-gray Gnatcatcher",4.28623188405808
2001,"Brown Thrasher",2.03260869565224
2001,"Brown-headed Cowbird",2.40579710144922
2001,"Brown-headed Nuthatch",1.54347826086951
2001,"Canada Goose",1.64130434782618
2001,"Carolina Chickadee",10.0724637681161
2001,"Carolina Wren",6.8369565217389
2001,"Chipping Sparrow",5.48913043478251
2001,"Common Grackle",41.8405797101459
2001,"Common Yellowthroat",0.112318840579716
2001,"Downy Woodpecker",3.65217391304353
2001,"Eastern Bluebird",0.967391304347643
2001,"Eastern Meadowlark",0
2001,"Eastern Phoebe",1.21014492753623
2001,"Eastern Towhee",15.8043478260875
2001,"European Starling",11.9239130434787
2001,"Field Sparrow",0
2001,"Fish Crow",0.898550724637573
2001,"Gray Catbird",4.62681159420289
2001,"Great Blue Heron",0.29347826086958
2001,"House Finch",10.108695652174
2001,"House Sparrow",0.952898550724655
2001,"Killdeer",0.311594202898565
2001,"Mourning Dove",11.9456521739132
2001,"Northern Bobwhite",0
2001,"Northern Cardinal",35.7282608695658
2001,"Northern Mockingbird",12.7282608695652
2001,"Pileated Woodpecker",0
2001,"Pine Warbler",3.06159420289857
2001,"Red-bellied Woodpecker",8.6123188405798
2001,"Red-shouldered Hawk",1.24637681159425
2001,"Red-winged Blackbird",-0.699275362318986
2001,"Song Sparrow",2.53985507246352
2001,"Tufted Titmouse",7.20289855072451
2001,"Turkey Vulture",0
2001,"White-breasted Nuthatch",2.00724637681162
2001,"American Crow",7.952362837095
2001,"American Goldfinch",4.08259362583482
2001,"American Robin",9.14050215571933
2001,"Blue Jay",1.46318370107362
2001,"Blue-gray Gnatcatcher",10.492011159016
2001,"Brown Thrasher",1.51263843097473
2001,"Brown-headed Cowbird",8.68446191563146
2001,"Brown-headed Nuthatch",0.310169921379625
2001,"Canada Goose",10.7604193084798
2001,"Carolina Chickadee",5.21548736156899
2001,"Carolina Wren",15.5827627018346
2001,"Chipping Sparrow",8.3006171273986
2001,"Common Grackle",8.15863555668307
2001,"Common Yellowthroat",2.49792881900426
2001,"Downy Woodpecker",1.11535210076917
2001,"Eastern Bluebird",3.86089272127819
2001,"Eastern Meadowlark",1.28024346943958
2001,"Eastern Phoebe",1.69215487361566
2001,"Eastern Towhee",11.755769718489
2001,"European Starling",2.64037534871906
2001,"Field Sparrow",0.162989263674032
2001,"Fish Crow",-0.702510778595183
2001,"Gray Catbird",0.73002789753998
2001,"Great Blue Heron",4.51585087496852
2001,"House Finch",2.60461577479068
2001,"House Sparrow",-0.253444923493163
2001,"Killdeer",1.08703187082597
2001,"Mourning Dove",10.0770563868459
2001,"Northern Bobwhite",0
2001,"Northern Cardinal",28.0543579338919
2001,"Northern Mockingbird",3.88959337222079
2001,"Pileated Woodpecker",0.310465804379083
2001,"Pine Warbler",1.90895257418191
2001,"Red-bellied Woodpecker",3.46791782906416
2001,"Red-shouldered Hawk",0.409290726181375
2001,"Red-winged Blackbird",0.206103643587809
2001,"Song Sparrow",0.514455997971071
2001,"Tufted Titmouse",6.57714092484537
2001,"Turkey Vulture",0.156944796686123
2001,"White-breasted Nuthatch",-0.172246174655641
2001,"American Crow",10.0217391304347
2001,"American Goldfinch",13.1268115942032
2001,"American Robin",18.2500000000002
2001,"Blue Jay",9.30797101449298
2001,"Blue-gray Gnatcatcher",12.8949275362322
2001,"Brown Thrasher",2.02898550724638
2001,"Brown-headed Cowbird",1.99275362318841
2001,"Brown-headed Nuthatch",7.98913043478274
2001,"Canada Goose",4.79347826086968
2001,"Carolina Chickadee",8.3297101449275
2001,"Carolina Wren",16.0724637681159
2001,"Chipping Sparrow",7.56159420289833
2001,"Common Grackle",6.5833333333336
2001,"Common Yellowthroat",0.275362318840589
2001,"Downy Woodpecker",2.55072463768124
2001,"Eastern Bluebird",5.96014492753631
2001,"Eastern Meadowlark",0
2001,"Eastern Phoebe",0.927536231884082
2001,"Eastern Towhee",26.0942028985514
2001,"European Starling",2.50724637681151
2001,"Field Sparrow",0
2001,"Fish Crow",0.942028985507193
2001,"Gray Catbird",1.44927536231882
2001,"Great Blue Heron",0.460144927536252
2001,"House Finch",9.38768115942011
2001,"House Sparrow",3.87681159420299
2001,"Killdeer",-0.0724637681159521
2001,"Mourning Dove",15.81884057971
2001,"Northern Bobwhite",0
2001,"Northern Cardinal",46.9818840579717
2001,"Northern Mockingbird",16.4673913043482
2001,"Pileated Woodpecker",0
2001,"Pine Warbler",5.04347826086951
2001,"Red-bellied Woodpecker",8.86956521739133
2001,"Red-shouldered Hawk",-0.253623188405896
2001,"Red-winged Blackbird",0.213768115942035
2001,"Song Sparrow",2.17391304347828
2001,"Tufted Titmouse",12.1594202898549
2001,"Turkey Vulture",0.0905797101449313
2001,"White-breasted Nuthatch",4.10144927536237
2001,"American Crow",9.15217391304344
2001,"American Goldfinch",5.44927536231887
2001,"American Robin",15.6123188405797
2001,"Blue Jay",4.83695652173921
2001,"Blue-gray Gnatcatcher",-0.0615942028986751
2001,"Brown Thrasher",1.14130434782606
2001,"Brown-headed Cowbird",1.48188405797089
2001,"Brown-headed Nuthatch",1.58695652173917
2001,"Canada Goose",-3.90217391304418
2001,"Carolina Chickadee",1.8297101449275
2001,"Carolina Wren",17.5797101449277
2001,"Chipping Sparrow",2.74999999999989
2001,"Common Grackle",10.1811594202903
2001,"Common Yellowthroat",1.06159420289859
2001,"Downy Woodpecker",-0.0978260869566157
2001,"Eastern Bluebird",1.97463768115932
2001,"Eastern Meadowlark",0
2001,"Eastern Phoebe",-0.250000000000085
2001,"Eastern Towhee",13.8550724637681
2001,"European Starling",8.02536231884079
2001,"Field Sparrow",0.192028985507257
2001,"Fish Crow",3.47463768115958
2001,"Gray Catbird",1.9746376811594
2001,"Great Blue Heron",-0.224637681159443
2001,"House Finch",4.26811594202877
2001,"House Sparrow",0.210144927536149
2001,"Killdeer",-0.0398550724638085
2001,"Mourning Dove",5.85144927536237
2001,"Northern Bobwhite",0
2001,"Northern Cardinal",15.8695652173913
2001,"Northern Mockingbird",12.2934782608695
2001,"Pileated Woodpecker",0
2001,"Pine Warbler",5.6304347826087
2001,"Red-bellied Woodpecker",1.9710144927536
2001,"Red-shouldered Hawk",0.0652173913043299
2001,"Red-winged Blackbird",0.347826086956516
2001,"Song Sparrow",2.74637681159423
2001,"Tufted Titmouse",7.71014492753627
2001,"Turkey Vulture",0
2001,"White-breasted Nuthatch",0.387681159420289
2001,"American Crow",8.70949931931628
2001,"American Goldfinch",4.56436242625927
2001,"American Robin",1.95216306156405
2001,"Blue Jay",2.88299803358039
2001,"Blue-gray Gnatcatcher",5.99217213734687
2001,"Brown Thrasher",0.230449251247919
2001,"Brown-headed Cowbird",3.12006504310997
2001,"Brown-headed Nuthatch",-0.798404174860138
2001,"Canada Goose",0.411738012403575
2001,"Carolina Chickadee",4.5389124186961
2001,"Carolina Wren",8.88496445318401
2001,"Chipping Sparrow",6.6492588110724
2001,"Common Grackle",4.56198003327787
2001,"Common Yellowthroat",1.38545605808501
2001,"Downy Woodpecker",-0.567425502949646
2001,"Eastern Bluebird",3.74561337165329
2001,"Eastern Meadowlark",0.18941914990168
2001,"Eastern Phoebe",0.766828013916196
2001,"Eastern Towhee",10.7027681137498
2001,"European Starling",1.99659658145515
2001,"Field Sparrow",2.01036151868098
2001,"Fish Crow",0.916389351081534
2001,"Gray Catbird",0.487029193767963
2001,"Great Blue Heron",0.389691423385269
2001,"House Finch",-0.282029950083199
2001,"House Sparrow",1.17296929360157
2001,"Killdeer",0.557404326123134
2001,"Mourning Dove",6.29231583724095
2001,"Northern Bobwhite",3.31137498109211
2001,"Northern Cardinal",11.619384359401
2001,"Northern Mockingbird",5.26505067312056
2001,"Pileated Woodpecker",0.426486159431249
2001,"Pine Warbler",0.330471940704854
2001,"Red-bellied Woodpecker",3.67780971108758
2001,"Red-shouldered Hawk",0.311677507184982
2001,"Red-winged Blackbird",0.438360308576616
2001,"Song Sparrow",0.351194978066856
2001,"Tufted Titmouse",6.51939948570563
2001,"Turkey Vulture",0.146006655574044
2001,"White-breasted Nuthatch",0.56198003327787
2001,"American Crow",26.9313241711183
2001,"American Goldfinch",3.56539292851026
2001,"American Robin",3.9609722278866
2001,"Blue Jay",1.90334815056482
2001,"Blue-gray Gnatcatcher",12.8210921251171
2001,"Brown Thrasher",1.06288487418948
2001,"Brown-headed Cowbird",1.78818155866418
2001,"Brown-headed Nuthatch",0.780840911871522
2001,"Canada Goose",4.4453733534524
2001,"Carolina Chickadee",5.98401370254063
2001,"Carolina Wren",4.52134904775562
2001,"Chipping Sparrow",9.51327433628342
2001,"Common Grackle",8.08641572529638
2001,"Common Yellowthroat",1.11300517923416
2001,"Downy Woodpecker",2.47787610619475
2001,"Eastern Bluebird",6.71640634558133
2001,"Eastern Meadowlark",0
2001,"Eastern Phoebe",1.7832470127646
2001,"Eastern Towhee",4.49496350067292
2001,"European Starling",3.67024183353081
2001,"Field Sparrow",0.874964316300364
2001,"Fish Crow",4.50364993271091
2001,"Gray Catbird",0.0670853554096595
2001,"Great Blue Heron",0.641980343379119
2001,"House Finch",-0.575914522245739
2001,"House Sparrow",1.73634843603432
2001,"Killdeer",1.0483259247176
2001,"Mourning Dove",11.3154846865953
2001,"Northern Bobwhite",0.531014232698467
2001,"Northern Cardinal",32.0232046001386
2001,"Northern Mockingbird",14.02402022756
2001,"Pileated Woodpecker",-0.327596753802823
2001,"Pine Warbler",0.809469434362597
2001,"Red-bellied Woodpecker",2.41515435748977
2001,"Red-shouldered Hawk",-0.149300599486025
2001,"Red-winged Blackbird",0
2001,"Song Sparrow",0.0162309856857448
2001,"Tufted Titmouse",5.39292851025675
2001,"Turkey Vulture",0.12466865136005
2001,"White-breasted Nuthatch",0.418376085804027
2003,"American Crow",26.8314197458911
2003,"American Goldfinch",8.98624548315638
2003,"American Robin",4.1225375917939
2003,"Blue Jay",5.94282550413794
2003,"Blue-gray Gnatcatcher",4.37210047791126
2003,"Brown Thrasher",0.671523487585963
2003,"Brown-headed Cowbird",1.59663130901038
2003,"Brown-headed Nuthatch",1.59593192679796
2003,"Canada Goose",0.58934607763143
2003,"Carolina Chickadee",10.3886525236042
2003,"Carolina Wren",8.67362163422314
2003,"Chipping Sparrow",8.40211563119246
2003,"Common Grackle",4.74839724909657
2003,"Common Yellowthroat",1.25664413101761
2003,"Downy Woodpecker",3.69087306212845
2003,"Eastern Bluebird",6.2811516493764
2003,"Eastern Meadowlark",1.80854411936122
2003,"Eastern Phoebe",1.38856510082758
2003,"Eastern Towhee",6.96876092784697
2003,"European Starling",2.12950227299214
2003,"Field Sparrow",1.20940669075648
2003,"Fish Crow",0.256556708241064
2003,"Gray Catbird",0.350099079146744
2003,"Great Blue Heron",0.225696468119818
2003,"House Finch",5.05289077981109
2003,"House Sparrow",0.115864319850797
2003,"Killdeer",0.246299102459492
2003,"Mourning Dove",14.4248455530947
2003,"Northern Bobwhite",0
2003,"Northern Cardinal",24.38926448304
2003,"Northern Mockingbird",7.77322531763605
2003,"Pileated Woodpecker",0.991228581419733
2003,"Pine Warbler",6.76483273108752
2003,"Red-bellied Woodpecker",6.75527450751835
2003,"Red-shouldered Hawk",1.54712087655904
2003,"Red-winged Blackbird",1.12268329642149
2003,"Song Sparrow",0
2003,"Tufted Titmouse",10.2244142673973
2003,"Turkey Vulture",0.62303298752768
2003,"White-breasted Nuthatch",2.29534328010257
2004,"American Crow",29.7601199400299
2004,"American Goldfinch",11.8729385307346
2004,"American Robin",3.5584707646177
2004,"Blue Jay",9.28185907046475
2004,"Blue-gray Gnatcatcher",15.8017241379311
2004,"Brown Thrasher",5.00899550224887
2004,"Brown-headed Cowbird",2.28298350824586
2004,"Brown-headed Nuthatch",3.28073463268367
2004,"Canada Goose",1.28523238380811
2004,"Carolina Chickadee",13.5952023988006
2004,"Carolina Wren",33.4325337331335
2004,"Chipping Sparrow",7.7743628185907
2004,"Common Grackle",2.20014992503749
2004,"Common Yellowthroat",1.30134932533733
2004,"Downy Woodpecker",3.20427286356822
2004,"Eastern Bluebird",11.003748125937
2004,"Eastern Meadowlark",0.083583208395801
2004,"Eastern Phoebe",2.21364317841079
2004,"Eastern Towhee",9.37968515742125
2004,"European Starling",0.501499250374813
2004,"Field Sparrow",0.886806596701646
2004,"Fish Crow",1.7721139430285
2004,"Gray Catbird",0.350074962518741
2004,"Great Blue Heron",0.798725637181409
2004,"House Finch",3.91079460269856
2004,"House Sparrow",0
2004,"Killdeer",0.386056971514236
2004,"Mourning Dove",11.9359070464767
2004,"Northern Bobwhite",0.636056971514236
2004,"Northern Cardinal",37.2852323838079
2004,"Northern Mockingbird",3.32346326836583
2004,"Pileated Woodpecker",0.92428785607197
2004,"Pine Warbler",18.9917541229385
2004,"Red-bellied Woodpecker",9.19752623688157
2004,"Red-shouldered Hawk",1.87781109445278
2004,"Red-winged Blackbird",1.5847076461769
2004,"Song Sparrow",0.205397301349322
2004,"Tufted Titmouse",17.4846326836582
2004,"Turkey Vulture",0.0326086956521741
2004,"White-breasted Nuthatch",2.20539730134932
2004,"American Crow",30.5872323552728
2004,"American Goldfinch",1.50528680941056
2004,"American Robin",0.918979645783736
2004,"Blue Jay",3.44924662965889
2004,"Blue-gray Gnatcatcher",4.27954004758158
2004,"Brown Thrasher",0.592254824213654
2004,"Brown-headed Cowbird",0.886862278614863
2004,"Brown-headed Nuthatch",0.296457837694973
2004,"Canada Goose",0.788527623579142
2004,"Carolina Chickadee",2.31601903251391
2004,"Carolina Wren",16.5927835051541
2004,"Chipping Sparrow",3.92968543484028
2004,"Common Grackle",4.01255617234983
2004,"Common Yellowthroat",5.36307163626731
2004,"Downy Woodpecker",0.496167063177438
2004,"Eastern Bluebird",5.69865186360028
2004,"Eastern Meadowlark",1.02616970658205
2004,"Eastern Phoebe",1.70935765265664
2004,"Eastern Towhee",3.39307427967208
2004,"European Starling",0.0863071636267456
2004,"Field Sparrow",0.468146973301607
2004,"Fish Crow",-0.19164684113133
2004,"Gray Catbird",1.00462595823416
2004,"Great Blue Heron",0.0663494581020423
2004,"House Finch",0.236584721120892
2004,"House Sparrow",0
2004,"Killdeer",0.462595823420543
2004,"Mourning Dove",13.4635210150675
2004,"Northern Bobwhite",1.18543484007398
2004,"Northern Cardinal",17.1727464974887
2004,"Northern Mockingbird",2.76711604546665
2004,"Pileated Woodpecker",0.335712397568081
2004,"Pine Warbler",3.60533967750473
2004,"Red-bellied Woodpecker",5.26856991805454
2004,"Red-shouldered Hawk",0.738170763943934
2004,"Red-winged Blackbird",0.367433254031193
2004,"Song Sparrow",0.0241871530531341
2004,"Tufted Titmouse",9.84641818662442
2004,"Turkey Vulture",-0.0578905630451843
2004,"White-breasted Nuthatch",0.768173407348698
2009,"American Crow",24.9669670894334
2009,"American Goldfinch",3.07242771501977
2009,"American Robin",6.89690469393599
2009,"Blue Jay",2.30267933607929
2009,"Blue-gray Gnatcatcher",11.5754659271644
2009,"Brown Thrasher",1.67395293829782
2009,"Brown-headed Cowbird",2.54182129603205
2009,"Brown-headed Nuthatch",1.05848048611398
2009,"Canada Goose",9.36980547286021
2009,"Carolina Chickadee",6.19183556951183
2009,"Carolina Wren",9.17238285551207
2009,"Chipping Sparrow",12.840707964602
2009,"Common Grackle",6.53443986786817
2009,"Common Yellowthroat",0.929652134904778
2009,"Downy Woodpecker",2.26548672566373
2009,"Eastern Bluebird",7.26026671016683
2009,"Eastern Meadowlark",0
2009,"Eastern Phoebe",2.17246441825377
2009,"Eastern Towhee",5.34615227763962
2009,"European Starling",4.24281228334911
2009,"Field Sparrow",0.500428204396243
2009,"Fish Crow",7.38477223604275
2009,"Gray Catbird",0.194975735084224
2009,"Great Blue Heron",0.581950165164541
2009,"House Finch",3.76811712409813
2009,"House Sparrow",1.30667591044406
2009,"Killdeer",0.84866033196036
2009,"Mourning Dove",12.9284694751438
2009,"Northern Bobwhite",0.342114921903651
2009,"Northern Cardinal",32.1501162269075
2009,"Northern Mockingbird",12.426042983565
2009,"Pileated Woodpecker",0.0740181884915216
2009,"Pine Warbler",2.14350964479439
2009,"Red-bellied Woodpecker",4.44671913869763
2009,"Red-shouldered Hawk",0.791607193833926
2009,"Red-winged Blackbird",0
2009,"Song Sparrow",0.0909424574854256
2009,"Tufted Titmouse",8.42771501977916
2009,"Turkey Vulture",0.0754047551078614
2009,"White-breasted Nuthatch",0.836629827494818
2010,"American Crow",24.5601541170164
2010,"American Goldfinch",4.641397259575
2010,"American Robin",7.05728356000122
2010,"Blue Jay",3.66112117578017
2010,"Blue-gray Gnatcatcher",3.28486132020109
2010,"Brown Thrasher",1.66862289811438
2010,"Brown-headed Cowbird",1.80615447424157
2010,"Brown-headed Nuthatch",0.192340078079146
2010,"Canada Goose",2.67040902247976
2010,"Carolina Chickadee",3.66875047842616
2010,"Carolina Wren",12.38156719655
2010,"Chipping Sparrow",9.15715342808301
2010,"Common Grackle",8.80842540379194
2010,"Common Yellowthroat",1.42489347043971
2010,"Downy Woodpecker",0.892016024087141
2010,"Eastern Bluebird",12.3146130489144
2010,"Eastern Meadowlark",4.26355540812949
2010,"Eastern Phoebe",0.936694649281705
2010,"Eastern Towhee",4.93585261922385
2010,"European Starling",11.0872904493383
2010,"Field Sparrow",1.60585338470571
2010,"Fish Crow",0.228598402694502
2010,"Gray Catbird",0.379679007935486
2010,"Great Blue Heron",0.148911739940299
2010,"House Finch",1.83945293562306
2010,"House Sparrow",3.8603250746346
2010,"Killdeer",0.414227756372647
2010,"Mourning Dove",12.9861447781381
2010,"Northern Bobwhite",0.383302288790816
2010,"Northern Cardinal",16.5518103646245
2010,"Northern Mockingbird",9.05817662218371
2010,"Pileated Woodpecker",0.190298793090236
2010,"Pine Warbler",2.2416371105611
2010,"Red-bellied Woodpecker",5.842208670358
2010,"Red-shouldered Hawk",0.53326018728788
2010,"Red-winged Blackbird",0.553928197800531
2010,"Song Sparrow",0.638284299966832
2010,"Tufted Titmouse",7.12719757087087
2010,"Turkey Vulture",0.516878875251976
2010,"White-breasted Nuthatch",0.982368400908399
2010,"American Crow",26.3200256440144
2010,"American Goldfinch",6.02109803007329
2010,"American Robin",2.7760228464856
2010,"Blue Jay",4.76990325212722
2010,"Blue-gray Gnatcatcher",5.33389672456002
2010,"Brown Thrasher",0.690290243618136
2010,"Brown-headed Cowbird",1.60601468702646
2010,"Brown-headed Nuthatch",1.09861289194544
2010,"Canada Goose",0.570579321599254
2010,"Carolina Chickadee",9.3424058748106
2010,"Carolina Wren",10.2124956288612
2010,"Chipping Sparrow",8.35989043012007
2010,"Common Grackle",2.71220421960595
2010,"Common Yellowthroat",0.820317053269605
2010,"Downy Woodpecker",3.7284065741928
2010,"Eastern Bluebird",6.97552162256676
2010,"Eastern Meadowlark",1.34875859657302
2010,"Eastern Phoebe",1.15398065042544
2010,"Eastern Towhee",5.33605315304806
2010,"European Starling",1.45389905583397
2010,"Field Sparrow",0.674554143839572
2010,"Fish Crow",0.631891828884491
2010,"Gray Catbird",0.246881920969802
2010,"Great Blue Heron",0.117787620934834
2010,"House Finch",3.99726075300146
2010,"House Sparrow",0.0595640517542826
2010,"Killdeer",0.189998834362978
2010,"Mourning Dove",13.3504487702529
2010,"Northern Bobwhite",0
2010,"Northern Cardinal",24.6613824455065
2010,"Northern Mockingbird",6.22496794498193
2010,"Pileated Woodpecker",0.761335820025636
2010,"Pine Warbler",6.13614640400979
2010,"Red-bellied Woodpecker",6.20165520456928
2010,"Red-shouldered Hawk",1.56119594358317
2010,"Red-winged Blackbird",0.75673155379414
2010,"Song Sparrow",0
2010,"Tufted Titmouse",12.6875509966197
2010,"Turkey Vulture",0.510432451334651
2010,"White-breasted Nuthatch",1.89654971441892
2010,"American Crow",27.2071119654012
2010,"American Goldfinch",5.08457472369048
2010,"American Robin",4.33373378183569
2010,"Blue Jay",4.61076405574244
2010,"Blue-gray Gnatcatcher",8.58745795290724
2010,"Brown Thrasher",1.73666506487265
2010,"Brown-headed Cowbird",3.37602114368093
2010,"Brown-headed Nuthatch",0.72633349351274
2010,"Canada Goose",10.1496876501682
2010,"Carolina Chickadee",7.48750600672753
2010,"Carolina Wren",18.9666025949062
2010,"Chipping Sparrow",9.91350312349829
2010,"Common Grackle",8.96323882748675
2010,"Common Yellowthroat",1.76117251321477
2010,"Downy Woodpecker",2.66194137433926
2010,"Eastern Bluebird",8.76381547333011
2010,"Eastern Meadowlark",1.84839019702066
2010,"Eastern Phoebe",1.13767419509851
2010,"Eastern Towhee",5.81763575204218
2010,"European Starling",11.034839019702
2010,"Field Sparrow",0.445939452186451
2010,"Fish Crow",1.03051417587698
2010,"Gray Catbird",0.328928399807786
2010,"Great Blue Heron",0.145362806343105
2010,"House Finch",5.58024987986545
2010,"House Sparrow",0.114848630466128
2010,"Killdeer",0.966602594906295
2010,"Mourning Dove",12.9238346948582
2010,"Northern Bobwhite",0.163623258049014
2010,"Northern Cardinal",25.4178279673234
2010,"Northern Mockingbird",7.61340701585772
2010,"Pileated Woodpecker",0.127102354637193
2010,"Pine Warbler",6.44473810667944
2010,"Red-bellied Woodpecker",7.2424315233061
2010,"Red-shouldered Hawk",0.75420470927439
2010,"Red-winged Blackbird",1.19726093224411
2010,"Song Sparrow",0.0658337337818367
2010,"Tufted Titmouse",16.8476693897165
2010,"Turkey Vulture",0.0526189332051885
2010,"White-breasted Nuthatch",1.20158577606919
2010,"American Crow",28.9766330323952
2010,"American Goldfinch",6.1039017837619
2010,"American Robin",2.30402049295555
2010,"Blue Jay",6.61519477679553
2010,"Blue-gray Gnatcatcher",4.87960388616409
2010,"Brown Thrasher",0.725156977289046
2010,"Brown-headed Cowbird",1.43119552653769
2010,"Brown-headed Nuthatch",1.71469182468526
2010,"Canada Goose",1.83999250257727
2010,"Carolina Chickadee",10.6746743306988
2010,"Carolina Wren",15.0460779107182
2010,"Chipping Sparrow",4.65271312986147
2010,"Common Grackle",5.29842866514639
2010,"Common Yellowthroat",0.123145168848204
2010,"Downy Woodpecker",1.78382431039324
2010,"Eastern Bluebird",9.22607853550346
2010,"Eastern Meadowlark",2.12061478866642
2010,"Eastern Phoebe",2.14520008746996
2010,"Eastern Towhee",7.7163787448066
2010,"European Starling",3.02539751960262
2010,"Field Sparrow",0.126081659429573
2010,"Fish Crow",0.525881728155923
2010,"Gray Catbird",0.300927806066663
2010,"Great Blue Heron",0.386804535940771
2010,"House Finch",1.48195932648152
2010,"House Sparrow",0
2010,"Killdeer",0.191496673018648
2010,"Mourning Dove",12.4446284089844
2010,"Northern Bobwhite",0
2010,"Northern Cardinal",30.9918153134861
2010,"Northern Mockingbird",7.57039767579897
2010,"Pileated Woodpecker",0.204898316203803
2010,"Pine Warbler",6.90159632626284
2010,"Red-bellied Woodpecker",5.5820186810783
2010,"Red-shouldered Hawk",0.87922901502607
2010,"Red-winged Blackbird",1.22845271937771
2010,"Song Sparrow",0
2010,"Tufted Titmouse",11.6028865077629
2010,"Turkey Vulture",0.141701290181498
2010,"White-breasted Nuthatch",2.55252881821872
2010,"American Crow",22.6604673342871
2010,"American Goldfinch",4.86599904625655
2010,"American Robin",5.69814020028633
2010,"Blue Jay",5.42513113972333
2010,"Blue-gray Gnatcatcher",3.88602765855986
2010,"Brown Thrasher",1.53242727706244
2010,"Brown-headed Cowbird",4.46900333810208
2010,"Brown-headed Nuthatch",0.208154506437786
2010,"Canada Goose",1.29422985216971
2010,"Carolina Chickadee",3.95326657129226
2010,"Carolina Wren",14.730805913209
2010,"Chipping Sparrow",11.947782546495
2010,"Common Grackle",5.64210777300917
2010,"Common Yellowthroat",2.18597997138778
2010,"Downy Woodpecker",1.40605627086314
2010,"Eastern Bluebird",11.8855507868385
2010,"Eastern Meadowlark",6.84978540772542
2010,"Eastern Phoebe",2.39961850262273
2010,"Eastern Towhee",3.47186456843113
2010,"European Starling",6.09155937052969
2010,"Field Sparrow",0.79589890319501
2010,"Fish Crow",0.108249880782069
2010,"Gray Catbird",0.187887458273707
2010,"Great Blue Heron",0.738674296614136
2010,"House Finch",1.47639484978535
2010,"House Sparrow",0.597043395326672
2010,"Killdeer",0.276347162613258
2010,"Mourning Dove",13.5128755364809
2010,"Northern Bobwhite",1.4170243204579
2010,"Northern Cardinal",19.0765379113016
2010,"Northern Mockingbird",14.4587505960895
2010,"Pileated Woodpecker",0.401287553648018
2010,"Pine Warbler",1.15259895088221
2010,"Red-bellied Woodpecker",7.59942775393432
2010,"Red-shouldered Hawk",0.912494039103422
2010,"Red-winged Blackbird",4.76275631855037
2010,"Song Sparrow",0.175250357653791
2010,"Tufted Titmouse",7.70553171196923
2010,"Turkey Vulture",0.639246542679984
2010,"White-breasted Nuthatch",1.54625655698624
2010,"American Crow",17.939014202172
2010,"American Goldfinch",5.03615098351938
2010,"American Robin",2.74117110959217
2010,"Blue Jay",2.13328776486674
2010,"Blue-gray Gnatcatcher",9.7690438216755
2010,"Brown Thrasher",0.978354978354986
2010,"Brown-headed Cowbird",4.99764562922462
2010,"Brown-headed Nuthatch",3.25548720285587
2010,"Canada Goose",3.64593301435407
2010,"Carolina Chickadee",8.32680185311779
2010,"Carolina Wren",17.4163438900282
2010,"Chipping Sparrow",11.0195944406473
2010,"Common Grackle",13.0669856459324
2010,"Common Yellowthroat",0.280473912052855
2010,"Downy Woodpecker",2.06683375104438
2010,"Eastern Bluebird",5.12546517809675
2010,"Eastern Meadowlark",0.131237183868752
2010,"Eastern Phoebe",1.77717019822285
2010,"Eastern Towhee",6.37791448317759
2010,"European Starling",3.70486823118381
2010,"Field Sparrow",0.518417255259351
2010,"Fish Crow",1.90605301131626
2010,"Gray Catbird",0.164350269613436
2010,"Great Blue Heron",1.94873547505129
2010,"House Finch",4.17574238626878
2010,"House Sparrow",0.205513784461139
2010,"Killdeer",0.180982759930124
2010,"Mourning Dove",18.2090833143461
2010,"Northern Bobwhite",0
2010,"Northern Cardinal",18.2280701754388
2010,"Northern Mockingbird",3.82327029695453
2010,"Pileated Woodpecker",0.49312675628466
2010,"Pine Warbler",10.2460697197538
2010,"Red-bellied Woodpecker",5.52532847269697
2010,"Red-shouldered Hawk",0.55077086656037
2010,"Red-winged Blackbird",0.321561479456214
2010,"Song Sparrow",0.0677451203767063
2010,"Tufted Titmouse",10.58449153186
2010,"Turkey Vulture",0.108149160780738
2010,"White-breasted Nuthatch",1.08559276980338
2010,"American Crow",24.7214224542228
2010,"American Goldfinch",3.01080706333346
2010,"American Robin",7.26389625219213
2010,"Blue Jay",2.3525957342686
2010,"Blue-gray Gnatcatcher",11.4197626524203
2010,"Brown Thrasher",1.75033644631134
2010,"Brown-headed Cowbird",2.63602626320306
2010,"Brown-headed Nuthatch",1.09318543289427
2010,"Canada Goose",9.98535948778635
2010,"Carolina Chickadee",6.21781330288323
2010,"Carolina Wren",9.75376208148168
2010,"Chipping Sparrow",13.2566371681418
2010,"Common Grackle",6.3404428856897
2010,"Common Yellowthroat",0.906733004363609
2010,"Downy Woodpecker",2.23893805309735
2010,"Eastern Bluebird",7.32824925573999
2010,"Eastern Meadowlark",0
2010,"Eastern Phoebe",2.22111659393991
2010,"Eastern Towhee",5.45255087476045
2010,"European Starling",4.31438358957641
2010,"Field Sparrow",0.453611190408225
2010,"Fish Crow",7.74491252395921
2010,"Gray Catbird",0.210962032543545
2010,"Great Blue Heron",0.574446392887719
2010,"House Finch",4.31112107989111
2010,"House Sparrow",1.25296684474527
2010,"Killdeer",0.823702132865705
2010,"Mourning Dove",13.1300925737124
2010,"Northern Bobwhite",0.318502508054301
2010,"Northern Cardinal",32.1659801802536
2010,"Northern Mockingbird",12.2262958280656
2010,"Pileated Woodpecker",0.124220056278318
2010,"Pine Warbler",2.31026467109837
2010,"Red-bellied Woodpecker",4.70066473634859
2010,"Red-shouldered Hawk",0.909220667998937
2010,"Red-winged Blackbird",0
2010,"Song Sparrow",0.100281391460385
2010,"Tufted Titmouse",8.80706333346939
2010,"Turkey Vulture",0.0692467680763382
2010,"White-breasted Nuthatch",0.88891154520617
2011,"American Crow",27.0022224891879
2011,"American Goldfinch",4.90142960115327
2011,"American Robin",4.07304180682377
2011,"Blue Jay",4.3783637674195
2011,"Blue-gray Gnatcatcher",8.27733061028357
2011,"Brown Thrasher",1.66770783277272
2011,"Brown-headed Cowbird",3.33625660740029
2011,"Brown-headed Nuthatch",0.758229216722739
2011,"Canada Goose",9.95302739067756
2011,"Carolina Chickadee",7.37109562710233
2011,"Carolina Wren",18.7083133109082
2011,"Chipping Sparrow",9.8479697260932
2011,"Common Grackle",8.39476213358967
2011,"Common Yellowthroat",1.61286641037958
2011,"Downy Woodpecker",2.61310667948102
2011,"Eastern Bluebird",8.64494233541564
2011,"Eastern Meadowlark",1.79637193656896
2011,"Eastern Phoebe",1.13677318596828
2011,"Eastern Towhee",5.53676117251314
2011,"European Starling",10.6046371936568
2011,"Field Sparrow",0.389356078808262
2011,"Fish Crow",1.04078567996156
2011,"Gray Catbird",0.321540124939933
2011,"Great Blue Heron",0.13917587698222
2011,"House Finch",5.33757808745798
2011,"House Sparrow",0.0983901970206702
2011,"Killdeer",0.958313310908217
2011,"Mourning Dove",12.2574483421431
2011,"Northern Bobwhite",0.144882268140321
2011,"Northern Cardinal",25.2868212397885
2011,"Northern Mockingbird",7.41043969245555
2011,"Pileated Woodpecker",0.133469485824122
2011,"Pine Warbler",6.04523065833735
2011,"Red-bellied Woodpecker",7.04450985103313
2011,"Red-shouldered Hawk",0.766938971648248
2011,"Red-winged Blackbird",1.15539404132628
2011,"Song Sparrow",0.08307304180682
2011,"Tufted Titmouse",16.6398966842864
2011,"Turkey Vulture",0.0476934166266219
2011,"White-breasted Nuthatch",1.21924555502162
2011,"American Crow",28.6574614976103
2011,"American Goldfinch",5.79850676330022
2011,"American Robin",2.30158383055825
2011,"Blue Jay",6.39386460904069
2011,"Blue-gray Gnatcatcher",5.19499547030705
2011,"Brown Thrasher",0.770516384992646
2011,"Brown-headed Cowbird",1.62441035893903
2011,"Brown-headed Nuthatch",1.7360907188154
2011,"Canada Goose",1.69454250101529
2011,"Carolina Chickadee",10.3566898878511
2011,"Carolina Wren",14.9575458436163
2011,"Chipping Sparrow",5.28743244509678
2011,"Common Grackle",4.81453250445168
2011,"Common Yellowthroat",0.139420824091715
2011,"Downy Woodpecker",1.97544594045792
2011,"Eastern Bluebird",9.14966730186501
2011,"Eastern Meadowlark",2.04751491674739
2011,"Eastern Phoebe",2.02689700415485
2011,"Eastern Towhee",7.46402799037844
2011,"European Starling",2.73727781075263
2011,"Field Sparrow",0.110274593108624
2011,"Fish Crow",0.631407953515946
2011,"Gray Catbird",0.300365499359595
2011,"Great Blue Heron",0.394801786885756
2011,"House Finch",1.49289306800787
2011,"House Sparrow",0
2011,"Killdeer",0.22695323482553
2011,"Mourning Dove",12.2357627065696
2011,"Northern Bobwhite",0
2011,"Northern Cardinal",30.2088969416766
2011,"Northern Mockingbird",7.28530817531475
2011,"Pileated Woodpecker",0.232232670019677
2011,"Pine Warbler",6.87032582549748
2011,"Red-bellied Woodpecker",5.74443160163685
2011,"Red-shouldered Hawk",0.922120521070866
2011,"Red-winged Blackbird",1.21120864702759
2011,"Song Sparrow",0
2011,"Tufted Titmouse",11.6011371091187
2011,"Turkey Vulture",0.14673081128362
2011,"White-breasted Nuthatch",2.61160226172251
2011,"American Crow",34.6165916127217
2011,"American Goldfinch",4.03307064452576
2011,"American Robin",4.66493104418811
2011,"Blue Jay",3.37489445538981
2011,"Blue-gray Gnatcatcher",5.08387278356304
2011,"Brown Thrasher",1.78243737686461
2011,"Brown-headed Cowbird",2.50295524908526
2011,"Brown-headed Nuthatch",0.671615536166627
2011,"Canada Goose",2.52983394314664
2011,"Carolina Chickadee",4.847804672108
2011,"Carolina Wren",17.2660427807486
2011,"Chipping Sparrow",13.8233183225443
2011,"Common Grackle",14.7941880101325
2011,"Common Yellowthroat",1.02603433717985
2011,"Downy Woodpecker",2.20855614973262
2011,"Eastern Bluebird",11.9997185477062
2011,"Eastern Meadowlark",9.18772867998894
2011,"Eastern Phoebe",2.36567689276666
2011,"Eastern Towhee",5.99106388967078
2011,"European Starling",5.0290599493386
2011,"Field Sparrow",1.27005347593582
2011,"Fish Crow",0.0515761328454838
2011,"Gray Catbird",0.211370672670988
2011,"Great Blue Heron",0.654165493948778
2011,"House Finch",0.67647058823529
2011,"House Sparrow",2.42393751759084
2011,"Killdeer",1.38784126090627
2011,"Mourning Dove",20.5453841823809
2011,"Northern Bobwhite",0.365536166619762
2011,"Northern Cardinal",28.7162960878132
2011,"Northern Mockingbird",12.6104700253309
2011,"Pileated Woodpecker",0.434351252462697
2011,"Pine Warbler",2.75147762454263
2011,"Red-bellied Woodpecker",6.20728961441023
2011,"Red-shouldered Hawk",0.944624261187698
2011,"Red-winged Blackbird",4.73107233323952
2011,"Song Sparrow",0
2011,"Tufted Titmouse",8.43899521531102
2011,"Turkey Vulture",0.782859555305407
2011,"White-breasted Nuthatch",0.767801857585127
2011,"American Crow",22.5524558893658
2011,"American Goldfinch",4.87744396757271
2011,"American Robin",5.51573676680994
2011,"Blue Jay",5.5181211254172
2011,"Blue-gray Gnatcatcher",3.88745827372437
2011,"Brown Thrasher",1.57176919408676
2011,"Brown-headed Cowbird",4.4289461134955
2011,"Brown-headed Nuthatch",0.187410586552232
2011,"Canada Goose",1.36933714830704
2011,"Carolina Chickadee",4.08774439675722
2011,"Carolina Wren",15.0598474010487
2011,"Chipping Sparrow",11.8905579399142
2011,"Common Grackle",5.51549833094907
2011,"Common Yellowthroat",2.09298998569392
2011,"Downy Woodpecker",1.39747257987602
2011,"Eastern Bluebird",11.7761087267526
2011,"Eastern Meadowlark",6.7582260371961
2011,"Eastern Phoebe",2.47758702908911
2011,"Eastern Towhee",3.43037672866002
2011,"European Starling",5.54577968526496
2011,"Field Sparrow",0.842393896041926
2011,"Fish Crow",0.10968049594659
2011,"Gray Catbird",0.205054840247961
2011,"Great Blue Heron",0.813781592751496
2011,"House Finch",1.57153075822598
2011,"House Sparrow",0.576299475441118
2011,"Killdeer",0.277062470195517
2011,"Mourning Dove",13.3397711015738
2011,"Northern Bobwhite",1.29184549356231
2011,"Northern Cardinal",19.4549356223173
2011,"Northern Mockingbird",14.6182641869336
2011,"Pileated Woodpecker",0.450643776823995
2011,"Pine Warbler",1.13185503099667
2011,"Red-bellied Woodpecker",7.46638054363387
2011,"Red-shouldered Hawk",0.984024797329482
2011,"Red-winged Blackbird",4.68693371483079
2011,"Song Sparrow",0.170958512160231
2011,"Tufted Titmouse",7.99165474487347
2011,"Turkey Vulture",0.680734382451092
2011,"White-breasted Nuthatch",1.4675727229376
2011,"American Crow",17.7326649958228
2011,"American Goldfinch",4.9654439128123
2011,"American Robin",2.73900660742766
2011,"Blue Jay",2.19822282980181
2011,"Blue-gray Gnatcatcher",9.93715348978515
2011,"Brown Thrasher",0.989177489177496
2011,"Brown-headed Cowbird",5.13040176198075
2011,"Brown-headed Nuthatch",3.57511202248065
2011,"Canada Goose",3.69138755980862
2011,"Carolina Chickadee",8.68971671603265
2011,"Carolina Wren",17.6818561555405
2011,"Chipping Sparrow",11.4308498519027
2011,"Common Grackle",12.1124401913871
2011,"Common Yellowthroat",0.271815903394849
2011,"Downy Woodpecker",2.217627401838
2011,"Eastern Bluebird",5.11536416799574
2011,"Eastern Meadowlark",0.11825017088174
2011,"Eastern Phoebe",1.80963773069038
2011,"Eastern Towhee",6.29422039948352
2011,"European Starling",3.37874990506555
2011,"Field Sparrow",0.496050732892826
2011,"Fish Crow",2.0582896635529
2011,"Gray Catbird",0.187438292701458
2011,"Great Blue Heron",2.00068352699934
2011,"House Finch",4.2983975089239
2011,"House Sparrow",0.181704260651621
2011,"Killdeer",0.169438748386114
2011,"Mourning Dove",17.7098048150676
2011,"Northern Bobwhite",0
2011,"Northern Cardinal",18.5614035087721
2011,"Northern Mockingbird",3.88531935900359
2011,"Pileated Woodpecker",0.509721272879176
2011,"Pine Warbler",10.0967190704032
2011,"Red-bellied Woodpecker",5.71003265740114
2011,"Red-shouldered Hawk",0.591174906964397
2011,"Red-winged Blackbird",0.318675476570212
2011,"Song Sparrow",0.0865041391357266
2011,"Tufted Titmouse",10.7396141869827
2011,"Turkey Vulture",0.106706159337737
2011,"White-breasted Nuthatch",1.22700691121753
2012,"American Crow",25.235921512592
2012,"American Goldfinch",4.01308973999141
2012,"American Robin",5.98076088897983
2012,"Blue Jay",3.54410451379145
2012,"Blue-gray Gnatcatcher",3.20989512898372
2012,"Brown Thrasher",1.54425761016563
2012,"Brown-headed Cowbird",1.54706437702538
2012,"Brown-headed Nuthatch",0.208006940368961
2012,"Canada Goose",2.25857977596905
2012,"Carolina Chickadee",3.66670919343727
2012,"Carolina Wren",13.028195248909
2012,"Chipping Sparrow",8.63586027404256
2012,"Common Grackle",7.52670255926137
2012,"Common Yellowthroat",1.21275292796821
2012,"Downy Woodpecker",0.956979918858906
2012,"Eastern Bluebird",11.9656043479371
2012,"Eastern Meadowlark",3.76048072261494
2012,"Eastern Phoebe",1.03952438059757
2012,"Eastern Towhee",4.63134393100461
2012,"European Starling",9.98137327447671
2012,"Field Sparrow",1.29807864050423
2012,"Fish Crow",0.208746906177446
2012,"Gray Catbird",0.415911816488475
2012,"Great Blue Heron",0.125487994692666
2012,"House Finch",1.50692761093114
2012,"House Sparrow",3.1400066341763
2012,"Killdeer",0.37580056645659
2012,"Mourning Dove",12.101758056697
2012,"Northern Bobwhite",0.293536781403915
2012,"Northern Cardinal",16.8275879666249
2012,"Northern Mockingbird",8.83792197188134
2012,"Pileated Woodpecker",0.248781608022234
2012,"Pine Warbler",1.92329871654209
2012,"Red-bellied Woodpecker",5.75188180959915
2012,"Red-shouldered Hawk",0.623127758924227
2012,"Red-winged Blackbird",0.460284248934727
2012,"Song Sparrow",0.62527110816259
2012,"Tufted Titmouse",7.08422852185452
2012,"Turkey Vulture",0.500344466841881
2012,"White-breasted Nuthatch",0.877191191855289
2012,"American Crow",24.5769230769231
2012,"American Goldfinch",3.7692307692308
2012,"American Robin",2.69230769230771
2012,"Blue Jay",3.76923076923075
2012,"Blue-gray Gnatcatcher",6.96153846153834
2012,"Brown Thrasher",1.15384615384615
2012,"Brown-headed Cowbird",2.50000000000001
2012,"Brown-headed Nuthatch",2.30769230769229
2012,"Canada Goose",4.65384615384625
2012,"Carolina Chickadee",8.30769230769226
2012,"Carolina Wren",18.6538461538461
2012,"Chipping Sparrow",6.61538461538453
2012,"Common Grackle",3.46153846153851
2012,"Common Yellowthroat",0.807692307692321
2012,"Downy Woodpecker",1.65384615384615
2012,"Eastern Bluebird",5.07692307692304
2012,"Eastern Meadowlark",0
2012,"Eastern Phoebe",2.23076923076923
2012,"Eastern Towhee",4.38461538461547
2012,"European Starling",1.46153846153851
2012,"Field Sparrow",0.384615384615401
2012,"Fish Crow",1.26923076923072
2012,"Gray Catbird",1.38461538461538
2012,"Great Blue Heron",0.0769230769230775
2012,"House Finch",3.61538461538458
2012,"House Sparrow",0.230769230769234
2012,"Killdeer",0.115384615384619
2012,"Mourning Dove",5.5
2012,"Northern Bobwhite",0.15384615384616
2012,"Northern Cardinal",31.2307692307692
2012,"Northern Mockingbird",4.88461538461539
2012,"Pileated Woodpecker",0.461538461538453
2012,"Pine Warbler",2.96153846153847
2012,"Red-bellied Woodpecker",5.30769230769229
2012,"Red-shouldered Hawk",0.769230769230759
2012,"Red-winged Blackbird",1.26923076923077
2012,"Song Sparrow",0.0769230769230771
2012,"Tufted Titmouse",12.9999999999998
2012,"Turkey Vulture",1.19230769230768
2012,"White-breasted Nuthatch",2.07692307692304
2012,"American Crow",28.3382899628253
2012,"American Goldfinch",5.49311174283844
2012,"American Robin",2.29914716816095
2012,"Blue Jay",6.17253444128585
2012,"Blue-gray Gnatcatcher",5.51038705445001
2012,"Brown Thrasher",0.815875792696247
2012,"Brown-headed Cowbird",1.81762519134043
2012,"Brown-headed Nuthatch",1.75748961294555
2012,"Canada Goose",1.54909249945331
2012,"Carolina Chickadee",10.0387054450033
2012,"Carolina Wren",14.8690137765144
2012,"Chipping Sparrow",5.9221517603321
2012,"Common Grackle",4.33063634375696
2012,"Common Yellowthroat",0.155696479335219
2012,"Downy Woodpecker",2.16706757052259
2012,"Eastern Bluebird",9.07325606822658
2012,"Eastern Meadowlark",1.97441504482836
2012,"Eastern Phoebe",1.90859392083973
2012,"Eastern Towhee",7.21167723595028
2012,"European Starling",2.44915810190253
2012,"Field Sparrow",0.0944675267876711
2012,"Fish Crow",0.736934178875998
2012,"Gray Catbird",0.299803192652526
2012,"Great Blue Heron",0.402799037830745
2012,"House Finch",1.50382680953422
2012,"House Sparrow",0
2012,"Killdeer",0.262409796632397
2012,"Mourning Dove",12.0268970041549
2012,"Northern Bobwhite",0
2012,"Northern Cardinal",29.4259785698669
2012,"Northern Mockingbird",7.00021867483053
2012,"Pileated Woodpecker",0.259567023835551
2012,"Pine Warbler",6.83905532473212
2012,"Red-bellied Woodpecker",5.9068445221954
2012,"Red-shouldered Hawk",0.965012027115677
2012,"Red-winged Blackbird",1.19396457467746
2012,"Song Sparrow",0
2012,"Tufted Titmouse",11.5993877104745
2012,"Turkey Vulture",0.151760332385741
2012,"White-breasted Nuthatch",2.67067570522632
2012,"American Crow",34.2833520968197
2012,"American Goldfinch",3.86673233886859
2012,"American Robin",4.4587672389531
2012,"Blue Jay",3.40627638615254
2012,"Blue-gray Gnatcatcher",5.47903180410913
2012,"Brown Thrasher",1.80439065578384
2012,"Brown-headed Cowbird",2.62426118772868
2012,"Brown-headed Nuthatch",0.64459611595835
2012,"Canada Goose",2.49254151421334
2012,"Carolina Chickadee",5.1005488319729
2012,"Carolina Wren",17.9959893048128
2012,"Chipping Sparrow",13.8566704193639
2012,"Common Grackle",13.9889529974671
2012,"Common Yellowthroat",1.11849141570502
2012,"Downy Woodpecker",2.19786096256685
2012,"Eastern Bluebird",11.7500703630735
2012,"Eastern Meadowlark",8.70306783000296
2012,"Eastern Phoebe",2.47108077680829
2012,"Eastern Towhee",5.8147340275824
2012,"European Starling",4.55523501266543
2012,"Field Sparrow",1.30748663101603
2012,"Fish Crow",0.0496059667886306
2012,"Gray Catbird",0.197157331832258
2012,"Great Blue Heron",0.648958626512806
2012,"House Finch",0.705882352941174
2012,"House Sparrow",2.20651562060237
2012,"Killdeer",1.40303968477343
2012,"Mourning Dove",21.0511539544045
2012,"Northern Bobwhite",0.346115958345067
2012,"Northern Cardinal",28.5709259780468
2012,"Northern Mockingbird",12.0973824936673
2012,"Pileated Woodpecker",0.453912186884317
2012,"Pine Warbler",2.81213059386432
2012,"Red-bellied Woodpecker",6.57317759639739
2012,"Red-shouldered Hawk",1.076343934703
2012,"Red-winged Blackbird",4.69223191669013
2012,"Song Sparrow",0
2012,"Tufted Titmouse",8.57775119617224
2012,"Turkey Vulture",0.67928511117367
2012,"White-breasted Nuthatch",0.808049535603715
2012,"American Crow",22.4444444444445
2012,"American Goldfinch",4.88888888888888
2012,"American Robin",5.33333333333354
2012,"Blue Jay",5.61111111111103
2012,"Blue-gray Gnatcatcher",3.88888888888889
2012,"Brown Thrasher",1.61111111111109
2012,"Brown-headed Cowbird",4.38888888888891
2012,"Brown-headed Nuthatch",0.166666666666679
2012,"Canada Goose",1.4444444444444
2012,"Carolina Chickadee",4.22222222222211
2012,"Carolina Wren",15.3888888888886
2012,"Chipping Sparrow",11.8333333333334
2012,"Common Grackle",5.38888888888897
2012,"Common Yellowthroat",2.00000000000006
2012,"Downy Woodpecker",1.3888888888889
2012,"Eastern Bluebird",11.6666666666668
2012,"Eastern Meadowlark",6.66666666666674
2012,"Eastern Phoebe",2.55555555555549
2012,"Eastern Towhee",3.38888888888891
2012,"European Starling",5.00000000000045
2012,"Field Sparrow",0.888888888888857
2012,"Fish Crow",0.11111111111111
2012,"Gray Catbird",0.222222222222207
2012,"Great Blue Heron",0.888888888888829
2012,"House Finch",1.6666666666666
2012,"House Sparrow",0.555555555555564
2012,"Killdeer",0.277777777777777
2012,"Mourning Dove",13.1666666666668
2012,"Northern Bobwhite",1.16666666666674
2012,"Northern Cardinal",19.833333333333
2012,"Northern Mockingbird",14.7777777777777
2012,"Pileated Woodpecker",0.499999999999957
2012,"Pine Warbler",1.11111111111112
2012,"Red-bellied Woodpecker",7.33333333333343
2012,"Red-shouldered Hawk",1.05555555555551
2012,"Red-winged Blackbird",4.61111111111117
2012,"Song Sparrow",0.166666666666671
2012,"Tufted Titmouse",8.2777777777776
2012,"Turkey Vulture",0.722222222222186
2012,"White-breasted Nuthatch",1.38888888888894
2012,"American Crow",17.5263157894736
2012,"American Goldfinch",4.89473684210523
2012,"American Robin",2.73684210526316
2012,"Blue Jay",2.26315789473688
2012,"Blue-gray Gnatcatcher",10.1052631578948
2012,"Brown Thrasher",1.00000000000001
2012,"Brown-headed Cowbird",5.26315789473688
2012,"Brown-headed Nuthatch",3.89473684210543
2012,"Canada Goose",3.73684210526316
2012,"Carolina Chickadee",9.05263157894751
2012,"Carolina Wren",17.9473684210527
2012,"Chipping Sparrow",11.842105263158
2012,"Common Grackle",11.1578947368416
2012,"Common Yellowthroat",0.263157894736839
2012,"Downy Woodpecker",2.36842105263167
2012,"Eastern Bluebird",5.10526315789473
2012,"Eastern Meadowlark",0.105263157894729
2012,"Eastern Phoebe",1.84210526315791
2012,"Eastern Towhee",6.21052631578942
2012,"European Starling",3.05263157894728
2012,"Field Sparrow",0.473684210526308
2012,"Fish Crow",2.21052631578959
2012,"Gray Catbird",0.21052631578948
2012,"Great Blue Heron",2.0526315789474
2012,"House Finch",4.42105263157902
2012,"House Sparrow",0.157894736842096
2012,"Killdeer",0.157894736842103
2012,"Mourning Dove",17.2105263157891
2012,"Northern Bobwhite",0
2012,"Northern Cardinal",18.8947368421054
2012,"Northern Mockingbird",3.94736842105264
2012,"Pileated Woodpecker",0.526315789473692
2012,"Pine Warbler",9.94736842105254
2012,"Red-bellied Woodpecker",5.89473684210537
2012,"Red-shouldered Hawk",0.631578947368439
2012,"Red-winged Blackbird",0.31578947368421
2012,"Song Sparrow",0.105263157894747
2012,"Tufted Titmouse",10.8947368421053
2012,"Turkey Vulture",0.105263157894736
2012,"White-breasted Nuthatch",1.36842105263167
2013,"American Crow",25.5738052103798
2013,"American Goldfinch",3.69893598019962
2013,"American Robin",5.44249955346913
2013,"Blue Jay",3.48559618279708
2013,"Blue-gray Gnatcatcher",3.17241203337502
2013,"Brown Thrasher",1.48207496619125
2013,"Brown-headed Cowbird",1.41751932841726
2013,"Brown-headed Nuthatch",0.215840371513867
2013,"Canada Goose",2.0526651527137
2013,"Carolina Chickadee",3.66568855094282
2013,"Carolina Wren",13.3515092750885
2013,"Chipping Sparrow",8.37521369702233
2013,"Common Grackle",6.88584113699585
2013,"Common Yellowthroat",1.10668265673246
2013,"Downy Woodpecker",0.989461866244795
2013,"Eastern Bluebird",11.7910999974485
2013,"Eastern Meadowlark",3.50894337985767
2013,"Eastern Phoebe",1.0909392462555
2013,"Eastern Towhee",4.47908958689499
2013,"European Starling",9.42841468704592
2013,"Field Sparrow",1.14419126840352
2013,"Fish Crow",0.198821157918914
2013,"Gray Catbird",0.434028220764965
2013,"Great Blue Heron",0.113776122068849
2013,"House Finch",1.34066494858519
2013,"House Sparrow",2.77984741394721
2013,"Killdeer",0.356586971498565
2013,"Mourning Dove",11.6595646959764
2013,"Northern Bobwhite",0.248654027710458
2013,"Northern Cardinal",16.9654767676252
2013,"Northern Mockingbird",8.72779464673016
2013,"Pileated Woodpecker",0.278023015488237
2013,"Pine Warbler",1.76412951953256
2013,"Red-bellied Woodpecker",5.70671837921974
2013,"Red-shouldered Hawk",0.6680615447424
2013,"Red-winged Blackbird",0.413462274501811
2013,"Song Sparrow",0.618764512260469
2013,"Tufted Titmouse",7.06274399734635
2013,"Turkey Vulture",0.492077262636833
2013,"White-breasted Nuthatch",0.824602587328741
2013,"American Crow",21.6439657903072
2013,"American Goldfinch",3.81786506176746
2013,"American Robin",7.74025974025983
2013,"Blue Jay",2.24992081089641
2013,"Blue-gray Gnatcatcher",5.33354450427623
2013,"Brown Thrasher",2.24897054165346
2013,"Brown-headed Cowbird",4.91700981944888
2013,"Brown-headed Nuthatch",0.403547671840357
2013,"Canada Goose",2.86949635730124
2013,"Carolina Chickadee",3.43997465948689
2013,"Carolina Wren",15.1301868862844
2013,"Chipping Sparrow",13.4963573012353
2013,"Common Grackle",11.118783655369
2013,"Common Yellowthroat",4.47006651884703
2013,"Downy Woodpecker",0.81723154893885
2013,"Eastern Bluebird",8.56160912258473
2013,"Eastern Meadowlark",4.56509344314225
2013,"Eastern Phoebe",1.56509344314222
2013,"Eastern Towhee",4.62401013620526
2013,"European Starling",3.83972125435537
2013,"Field Sparrow",4.94583465315173
2013,"Fish Crow",0.745011086474506
2013,"Gray Catbird",0.495090275578082
2013,"Great Blue Heron",0.333227747861898
2013,"House Finch",2.23566677225216
2013,"House Sparrow",0.609122584732319
2013,"Killdeer",1.54292049413999
2013,"Mourning Dove",18.9670573329111
2013,"Northern Bobwhite",0.821349382324996
2013,"Northern Cardinal",25.7038327526133
2013,"Northern Mockingbird",10.5723788406716
2013,"Pileated Woodpecker",0.403547671840357
2013,"Pine Warbler",3.03230915426042
2013,"Red-bellied Woodpecker",4.45802977510294
2013,"Red-shouldered Hawk",0.868862844472574
2013,"Red-winged Blackbird",3.20430788723468
2013,"Song Sparrow",0.125752296484006
2013,"Tufted Titmouse",12.2958504909724
2013,"Turkey Vulture",0.49414000633513
2013,"White-breasted Nuthatch",0.502058916693066
2013,"American Crow",28.0191184280404
2013,"American Goldfinch",5.18771672237676
2013,"American Robin",2.29671050576364
2013,"Blue Jay",5.951204273531
2013,"Blue-gray Gnatcatcher",5.82577863859296
2013,"Brown Thrasher",0.861235200399861
2013,"Brown-headed Cowbird",2.01084002374176
2013,"Brown-headed Nuthatch",1.77888850707569
2013,"Canada Goose",1.40364249789138
2013,"Carolina Chickadee",9.72072100215553
2013,"Carolina Wren",14.7804817094124
2013,"Chipping Sparrow",6.55687107556764
2013,"Common Grackle",3.84674018306214
2013,"Common Yellowthroat",0.171972134578731
2013,"Downy Woodpecker",2.35868920058726
2013,"Eastern Bluebird",8.99684483458813
2013,"Eastern Meadowlark",1.90131517290934
2013,"Eastern Phoebe",1.79029083752462
2013,"Eastern Towhee",6.95932648152211
2013,"European Starling",2.16103839305242
2013,"Field Sparrow",0.0786604604667218
2013,"Fish Crow",0.842460404236022
2013,"Gray Catbird",0.299240885945458
2013,"Great Blue Heron",0.410796288775733
2013,"House Finch",1.51476055106057
2013,"House Sparrow",0
2013,"Killdeer",0.297866358439279
2013,"Mourning Dove",11.8180313017401
2013,"Northern Bobwhite",0
2013,"Northern Cardinal",28.6430601980571
2013,"Northern Mockingbird",6.71512917434632
2013,"Pileated Woodpecker",0.286901377651425
2013,"Pine Warbler",6.80778482396676
2013,"Red-bellied Woodpecker",6.06925744275401
2013,"Red-shouldered Hawk",1.00790353316047
2013,"Red-winged Blackbird",1.17672050232733
2013,"Song Sparrow",0
2013,"Tufted Titmouse",11.5976383118303
2013,"Turkey Vulture",0.156789853487862
2013,"White-breasted Nuthatch",2.72974914873011
2013,"American Crow",33.9501125809177
2013,"American Goldfinch",3.70039403321141
2013,"American Robin",4.25260343371809
2013,"Blue Jay",3.43765831691528
2013,"Blue-gray Gnatcatcher",5.8741908246551
2013,"Brown Thrasher",1.82634393470306
2013,"Brown-headed Cowbird",2.74556712637207
2013,"Brown-headed Nuthatch",0.617576695750074
2013,"Canada Goose",2.45524908528004
2013,"Carolina Chickadee",5.3532929918378
2013,"Carolina Wren",18.7259358288768
2013,"Chipping Sparrow",13.8900225161835
2013,"Common Grackle",13.1837179848019
2013,"Common Yellowthroat",1.21094849423022
2013,"Downy Woodpecker",2.18716577540107
2013,"Eastern Bluebird",11.5004221784408
2013,"Eastern Meadowlark",8.21840698001711
2013,"Eastern Phoebe",2.57648466084996
2013,"Eastern Towhee",5.63840416549402
2013,"European Starling",4.08141007599215
2013,"Field Sparrow",1.34491978609626
2013,"Fish Crow",0.047635800731777
2013,"Gray Catbird",0.182943990993529
2013,"Great Blue Heron",0.643751759076837
2013,"House Finch",0.735294117647051
2013,"House Sparrow",1.98909372361391
2013,"Killdeer",1.41823810864058
2013,"Mourning Dove",21.5569237264282
2013,"Northern Bobwhite",0.326695750070371
2013,"Northern Cardinal",28.4255558682804
2013,"Northern Mockingbird",11.5842949620039
2013,"Pileated Woodpecker",0.473473121305929
2013,"Pine Warbler",2.87278356318603
2013,"Red-bellied Woodpecker",6.93906557838443
2013,"Red-shouldered Hawk",1.20806360821837
2013,"Red-winged Blackbird",4.65339150014074
2013,"Song Sparrow",0
2013,"Tufted Titmouse",8.71650717703346
2013,"Turkey Vulture",0.57571066704196
2013,"White-breasted Nuthatch",0.848297213622288
2013,"American Crow",22.3364329995232
2013,"American Goldfinch",4.90033381020505
2013,"American Robin",5.15092989985715
2013,"Blue Jay",5.70410109680489
2013,"Blue-gray Gnatcatcher",3.8903195040534
2013,"Brown Thrasher",1.65045302813542
2013,"Brown-headed Cowbird",4.34883166428233
2013,"Brown-headed Nuthatch",0.145922746781125
2013,"Canada Goose",1.51955174058173
2013,"Carolina Chickadee",4.35670004768707
2013,"Carolina Wren",15.7179303767283
2013,"Chipping Sparrow",11.7761087267525
2013,"Common Grackle",5.26227944682887
2013,"Common Yellowthroat",1.90701001430622
2013,"Downy Woodpecker",1.38030519790177
2013,"Eastern Bluebird",11.5572246065809
2013,"Eastern Meadowlark",6.57510729613742
2013,"Eastern Phoebe",2.63352408202186
2013,"Eastern Towhee",3.34740104911782
2013,"European Starling",4.45422031473595
2013,"Field Sparrow",0.935383881735774
2013,"Fish Crow",0.112541726275631
2013,"Gray Catbird",0.239389604196454
2013,"Great Blue Heron",0.963996185026161
2013,"House Finch",1.76180257510725
2013,"House Sparrow",0.534811635670017
2013,"Killdeer",0.278493085360037
2013,"Mourning Dove",12.9935622317598
2013,"Northern Bobwhite",1.04148783977118
2013,"Northern Cardinal",20.2117310443488
2013,"Northern Mockingbird",14.9372913686218
2013,"Pileated Woodpecker",0.54935622317592
2013,"Pine Warbler",1.09036719122558
2013,"Red-bellied Woodpecker",7.20028612303298
2013,"Red-shouldered Hawk",1.12708631378155
2013,"Red-winged Blackbird",4.53528850739156
2013,"Song Sparrow",0.16237482117311
2013,"Tufted Titmouse",8.56390081068173
2013,"Turkey Vulture",0.763710061993294
2013,"White-breasted Nuthatch",1.31020505484031
2013,"American Crow",17.3199665831244
2013,"American Goldfinch",4.82402977139813
2013,"American Robin",2.73467760309865
2013,"Blue Jay",2.32809295967195
2013,"Blue-gray Gnatcatcher",10.2733728260044
2013,"Brown Thrasher",1.01082251082252
2013,"Brown-headed Cowbird",5.39591402749301
2013,"Brown-headed Nuthatch",4.21436166173032
2013,"Canada Goose",3.78229665071771
2013,"Carolina Chickadee",9.41554644186238
2013,"Carolina Wren",18.212880686565
2013,"Chipping Sparrow",12.2533606744134
2013,"Common Grackle",10.2033492822961
2013,"Common Yellowthroat",0.254499886078833
2013,"Downy Woodpecker",2.51921470342529
2013,"Eastern Bluebird",5.09516214779372
2013,"Eastern Meadowlark",0.0922761449077178
2013,"Eastern Phoebe",1.87457279562543
2013,"Eastern Towhee",6.12683223209535
2013,"European Starling",2.72651325282891
2013,"Field Sparrow",0.45131768815979
2013,"Fish Crow",2.36276296802623
2013,"Gray Catbird",0.233614338877501
2013,"Great Blue Heron",2.10457963089544
2013,"House Finch",4.54370775423413
2013,"House Sparrow",0.134085213032577
2013,"Killdeer",0.146350725298092
2013,"Mourning Dove",16.7112478165106
2013,"Northern Bobwhite",0
2013,"Northern Cardinal",19.2280701754388
2013,"Northern Mockingbird",4.00941748310171
2013,"Pileated Woodpecker",0.542910306068208
2013,"Pine Warbler",9.79801777170189
2013,"Red-bellied Woodpecker",6.07944102680955
2013,"Red-shouldered Hawk",0.67198298777248
2013,"Red-winged Blackbird",0.312903470798207
2013,"Song Sparrow",0.12402217665376
2013,"Tufted Titmouse",11.0498594972279
2013,"Turkey Vulture",0.103820156451734
2013,"White-breasted Nuthatch",1.50983519404582
2014,"American Crow",26.3875540605478
2014,"American Goldfinch",4.35199423354152
2014,"American Robin",3.29096588178766
2014,"Blue Jay",3.68116290245075
2014,"Blue-gray Gnatcatcher",7.34694858241232
2014,"Brown Thrasher",1.46083613647286
2014,"Brown-headed Cowbird",3.21696299855839
2014,"Brown-headed Nuthatch",0.853916386352722
2014,"Canada Goose",9.36304661220566
2014,"Carolina Chickadee",7.02186448822681
2014,"Carolina Wren",17.933445458914
2014,"Chipping Sparrow",9.65136953387793
2014,"Common Grackle",6.68933205189819
2014,"Common Yellowthroat",1.16794810187406
2014,"Downy Woodpecker",2.46660259490629
2014,"Eastern Bluebird",8.28832292167226
2014,"Eastern Meadowlark",1.64031715521384
2014,"Eastern Phoebe",1.13407015857761
2014,"Eastern Towhee",4.6941374339259
2014,"European Starling",9.31403171552131
2014,"Field Sparrow",0.219605958673711
2014,"Fish Crow",1.07160019221529
2014,"Gray Catbird",0.299375300336377
2014,"Great Blue Heron",0.120615088899568
2014,"House Finch",4.60956271023548
2014,"House Sparrow",0.0490148966842909
2014,"Killdeer",0.933445458913983
2014,"Mourning Dove",10.258289283998
2014,"Northern Bobwhite",0.0886592984142283
2014,"Northern Cardinal",24.893801057184
2014,"Northern Mockingbird",6.8015377222489
2014,"Pileated Woodpecker",0.152570879384911
2014,"Pine Warbler",4.84670831331084
2014,"Red-bellied Woodpecker",6.45074483421433
2014,"Red-shouldered Hawk",0.805141758769821
2014,"Red-winged Blackbird",1.0297933685728
2014,"Song Sparrow",0.134790965881784
2014,"Tufted Titmouse",16.0165785679961
2014,"Turkey Vulture",0.0329168668909166
2014,"White-breasted Nuthatch",1.27222489187891
2014,"American Crow",27.6999468932555
2014,"American Goldfinch",4.88232170191509
2014,"American Robin",2.29427384336634
2014,"Blue Jay",5.72987410577616
2014,"Blue-gray Gnatcatcher",6.14117022273592
2014,"Brown Thrasher",0.906594608103461
2014,"Brown-headed Cowbird",2.20405485614316
2014,"Brown-headed Nuthatch",1.80028740120583
2014,"Canada Goose",1.2581924963294
2014,"Carolina Chickadee",9.40273655930775
2014,"Carolina Wren",14.6919496423105
2014,"Chipping Sparrow",7.19159039080296
2014,"Common Grackle",3.36284402236743
2014,"Common Yellowthroat",0.188247789822242
2014,"Downy Woodpecker",2.55031083065194
2014,"Eastern Bluebird",8.92043360094971
2014,"Eastern Meadowlark",1.82821530099031
2014,"Eastern Phoebe",1.67198775420954
2014,"Eastern Towhee",6.70697572709395
2014,"European Starling",1.87291868420232
2014,"Field Sparrow",0.062853394145769
2014,"Fish Crow",0.947986629596073
2014,"Gray Catbird",0.29867857923839
2014,"Great Blue Heron",0.418793539720719
2014,"House Finch",1.52569429258692
2014,"House Sparrow",0
2014,"Killdeer",0.333322920246161
2014,"Mourning Dove",11.6091655993253
2014,"Northern Bobwhite",0
2014,"Northern Cardinal",27.8601418262474
2014,"Northern Mockingbird",6.4300396738621
2014,"Pileated Woodpecker",0.314235731467306
2014,"Pine Warbler",6.7765143232014
2014,"Red-bellied Woodpecker",6.23167036331256
2014,"Red-shouldered Hawk",1.05079503920527
2014,"Red-winged Blackbird",1.1594764299772
2014,"Song Sparrow",0
2014,"Tufted Titmouse",11.5958889131861
2014,"Turkey Vulture",0.161819374589983
2014,"White-breasted Nuthatch",2.7888225922339
2014,"American Crow",33.6168730650156
2014,"American Goldfinch",3.53405572755423
2014,"American Robin",4.04643962848303
2014,"Blue Jay",3.46904024767801
2014,"Blue-gray Gnatcatcher",6.26934984520108
2014,"Brown Thrasher",1.84829721362229
2014,"Brown-headed Cowbird",2.86687306501548
2014,"Brown-headed Nuthatch",0.590557275541805
2014,"Canada Goose",2.41795665634675
2014,"Carolina Chickadee",5.60603715170271
2014,"Carolina Wren",19.455882352941
2014,"Chipping Sparrow",13.9233746130031
2014,"Common Grackle",12.3784829721365
2014,"Common Yellowthroat",1.30340557275539
2014,"Downy Woodpecker",2.1764705882353
2014,"Eastern Bluebird",11.2507739938081
2014,"Eastern Meadowlark",7.73374613003114
2014,"Eastern Phoebe",2.68188854489162
2014,"Eastern Towhee",5.46207430340564
2014,"European Starling",3.60758513931899
2014,"Field Sparrow",1.38235294117646
2014,"Fish Crow",0.0456656346749233
2014,"Gray Catbird",0.168730650154803
2014,"Great Blue Heron",0.638544891640867
2014,"House Finch",0.764705882352935
2014,"House Sparrow",1.77167182662544
2014,"Killdeer",1.43343653250774
2014,"Mourning Dove",22.0626934984518
2014,"Northern Bobwhite",0.307275541795669
2014,"Northern Cardinal",28.280185758514
2014,"Northern Mockingbird",11.0712074303406
2014,"Pileated Woodpecker",0.493034055727549
2014,"Pine Warbler",2.93343653250773
2014,"Red-bellied Woodpecker",7.30495356037147
2014,"Red-shouldered Hawk",1.33978328173373
2014,"Red-winged Blackbird",4.61455108359135
2014,"Song Sparrow",0
2014,"Tufted Titmouse",8.85526315789474
2014,"Turkey Vulture",0.472136222910223
2014,"White-breasted Nuthatch",0.888544891640862
2014,"American Crow",19.7264957264958
2014,"American Goldfinch",3.86645299145295
2014,"American Robin",2.16559829059829
2014,"Blue Jay",3.4155982905983
2014,"Blue-gray Gnatcatcher",7.14850427350427
2014,"Brown Thrasher",0.811965811965814
2014,"Brown-headed Cowbird",2.13568376068378
2014,"Brown-headed Nuthatch",1.08974358974362
2014,"Canada Goose",0.0833333333333339
2014,"Carolina Chickadee",3.74786324786324
2014,"Carolina Wren",11.7606837606838
2014,"Chipping Sparrow",8.51388888888891
2014,"Common Grackle",2.87713675213661
2014,"Common Yellowthroat",1.625
2014,"Downy Woodpecker",0.805555555555571
2014,"Eastern Bluebird",4.78205128205128
2014,"Eastern Meadowlark",0.293803418803421
2014,"Eastern Phoebe",2.46153846153851
2014,"Eastern Towhee",1.8557692307692
2014,"European Starling",3.21474358974353
2014,"Field Sparrow",0.424145299145295
2014,"Fish Crow",2.59508547008551
2014,"Gray Catbird",0.495726495726473
2014,"Great Blue Heron",0.284188034188035
2014,"House Finch",1.63995726495726
2014,"House Sparrow",0.756410256410248
2014,"Killdeer",0.242521367521356
2014,"Mourning Dove",9.45940170940162
2014,"Northern Bobwhite",0.230769230769212
2014,"Northern Cardinal",16.7211538461539
2014,"Northern Mockingbird",5.41559829059827
2014,"Pileated Woodpecker",0.798076923076934
2014,"Pine Warbler",3.107905982906
2014,"Red-bellied Woodpecker",6.12286324786328
2014,"Red-shouldered Hawk",0.808760683760681
2014,"Red-winged Blackbird",0.34935897435895
2014,"Song Sparrow",0.107905982905981
2014,"Tufted Titmouse",6.59401709401715
2014,"Turkey Vulture",0.254273504273513
2014,"White-breasted Nuthatch",0.545940170940185
2014,"American Crow",22.7746497488761
2014,"American Goldfinch",2.59745352013397
2014,"American Robin",0.389858137280797
2014,"Blue Jay",2.63111287338089
2014,"Blue-gray Gnatcatcher",7.23618821041509
2014,"Brown Thrasher",1.56723059300384
2014,"Brown-headed Cowbird",1.18116133580053
2014,"Brown-headed Nuthatch",0.748039474843623
2014,"Canada Goose",0.435192527976028
2014,"Carolina Chickadee",3.30861749933919
2014,"Carolina Wren",12.176975945017
2014,"Chipping Sparrow",7.57053484888559
2014,"Common Grackle",2.64811877698469
2014,"Common Yellowthroat",3.24262049519774
2014,"Downy Woodpecker",1.24601286456962
2014,"Eastern Bluebird",5.1118160190325
2014,"Eastern Meadowlark",0.84906159132963
2014,"Eastern Phoebe",1.95915939730374
2014,"Eastern Towhee",2.01233588862448
2014,"European Starling",0.0409287161864462
2014,"Field Sparrow",0.262842541193045
2014,"Fish Crow",0.633976561811636
2014,"Gray Catbird",0.501938496783836
2014,"Great Blue Heron",0.189708344347526
2014,"House Finch",1.19437835932683
2014,"House Sparrow",0
2014,"Killdeer",0.193849678385753
2014,"Mourning Dove",13.7609040444092
2014,"Northern Bobwhite",0.368182218697626
2014,"Northern Cardinal",15.7342937703762
2014,"Northern Mockingbird",4.07383910476699
2014,"Pileated Woodpecker",0.52163186183806
2014,"Pine Warbler",4.49176138866864
2014,"Red-bellied Woodpecker",6.75063882280386
2014,"Red-shouldered Hawk",0.523614415366985
2014,"Red-winged Blackbird",0.43968631597498
2014,"Song Sparrow",0.0625165212794094
2014,"Tufted Titmouse",9.20230857344256
2014,"Turkey Vulture",0.232883954533449
2014,"White-breasted Nuthatch",1.29332980879376
2014,"American Crow",22.2284215546019
2014,"American Goldfinch",4.91177873152121
2014,"American Robin",4.9685264663807
2014,"Blue Jay",5.79709108249872
2014,"Blue-gray Gnatcatcher",3.89175011921792
2014,"Brown Thrasher",1.68979494515973
2014,"Brown-headed Cowbird",4.30877443967574
2014,"Brown-headed Nuthatch",0.125178826895571
2014,"Canada Goose",1.59465903671907
2014,"Carolina Chickadee",4.49117787315203
2014,"Carolina Wren",16.0469718645681
2014,"Chipping Sparrow",11.7188841201717
2014,"Common Grackle",5.13567000476874
2014,"Common Yellowthroat",1.81402002861236
2014,"Downy Woodpecker",1.37172150691465
2014,"Eastern Bluebird",11.4477825464951
2014,"Eastern Meadowlark",6.48354792560806
2014,"Eastern Phoebe",2.71149260848824
2014,"Eastern Towhee",3.30591320934671
2014,"European Starling",3.90844062947122
2014,"Field Sparrow",0.981878874582705
2014,"Fish Crow",0.113972341440151
2014,"Gray Catbird",0.256556986170708
2014,"Great Blue Heron",1.03910348116352
2014,"House Finch",1.85693848354788
2014,"House Sparrow",0.514067715784464
2014,"Killdeer",0.279208392942297
2014,"Mourning Dove",12.8204577968528
2014,"Northern Bobwhite",0.916309012875615
2014,"Northern Cardinal",20.5901287553645
2014,"Northern Mockingbird",15.0968049594659
2014,"Pileated Woodpecker",0.598712446351897
2014,"Pine Warbler",1.06962327134003
2014,"Red-bellied Woodpecker",7.06723891273253
2014,"Red-shouldered Hawk",1.19861707200758
2014,"Red-winged Blackbird",4.45946590367197
2014,"Song Sparrow",0.15808297567955
2014,"Tufted Titmouse",8.85002384358586
2014,"Turkey Vulture",0.805197901764387
2014,"White-breasted Nuthatch",1.23152122079168
2014,"American Crow",9.7821812131296
2014,"American Goldfinch",3.97640296475572
2014,"American Robin",3.17970049916804
2014,"Blue Jay",2.37074572681894
2014,"Blue-gray Gnatcatcher",8.08395099077296
2014,"Brown Thrasher",0.760399334442596
2014,"Brown-headed Cowbird",2.81379518983513
2014,"Brown-headed Nuthatch",1.66404477386169
2014,"Canada Goose",0.16396914233853
2014,"Carolina Chickadee",4.9739827560127
2014,"Carolina Wren",13.6250189078808
2014,"Chipping Sparrow",10.8195431855997
2014,"Common Grackle",4.61064891846922
2014,"Common Yellowthroat",0.93858720314627
2014,"Downy Woodpecker",0.839056118590207
2014,"Eastern Bluebird",5.27892905763122
2014,"Eastern Meadowlark",0.127968537286341
2014,"Eastern Phoebe",0.964453184087127
2014,"Eastern Towhee",7.79639993949479
2014,"European Starling",2.90606564816215
2014,"Field Sparrow",0.685977915595203
2014,"Fish Crow",1.59234608985025
2014,"Gray Catbird",0.342005747995763
2014,"Great Blue Heron",0.255483285433368
2014,"House Finch",1.41597337770384
2014,"House Sparrow",1.17395250340342
2014,"Killdeer",0.384359400998338
2014,"Mourning Dove",9.06791710785052
2014,"Northern Bobwhite",0.993949478142497
2014,"Northern Cardinal",17.9950083194676
2014,"Northern Mockingbird",5.21539857812736
2014,"Pileated Woodpecker",0.571018000302526
2014,"Pine Warbler",3.02102556345483
2014,"Red-bellied Woodpecker",3.10754802601726
2014,"Red-shouldered Hawk",0.802299198305846
2014,"Red-winged Blackbird",0.298744516714567
2014,"Song Sparrow",0.392981394645288
2014,"Tufted Titmouse",7.83542580547572
2014,"Turkey Vulture",0.129783693843594
2014,"White-breasted Nuthatch",0.610648918469218
2015,"American Crow",26.1826645843345
2015,"American Goldfinch",4.16884911100431
2015,"American Robin",3.03027390677573
2015,"Blue Jay",3.44876261412782
2015,"Blue-gray Gnatcatcher",7.03682123978854
2015,"Brown Thrasher",1.3918789043729
2015,"Brown-headed Cowbird",3.17719846227776
2015,"Brown-headed Nuthatch",0.885812109562721
2015,"Canada Goose",9.16638635271505
2015,"Carolina Chickadee",6.90545410860165
2015,"Carolina Wren",17.675156174916
2015,"Chipping Sparrow",9.58583613647284
2015,"Common Grackle",6.12085535800111
2015,"Common Yellowthroat",1.01964199903887
2015,"Downy Woodpecker",2.41776790004805
2015,"Eastern Bluebird",8.16944978375778
2015,"Eastern Meadowlark",1.58829889476213
2015,"Eastern Phoebe",1.13316914944738
2015,"Eastern Towhee",4.41326285439686
2015,"European Starling",8.88382988947615
2015,"Field Sparrow",0.163022585295522
2015,"Fish Crow",1.08187169629986
2015,"Gray Catbird",0.291987025468526
2015,"Great Blue Heron",0.114428159538683
2015,"House Finch",4.36689091782796
2015,"House Sparrow",0.0325564632388335
2015,"Killdeer",0.925156174915905
2015,"Mourning Dove",9.5919029312829
2015,"Northern Bobwhite",0.0699183085055282
2015,"Northern Cardinal",24.7627943296492
2015,"Northern Mockingbird",6.59857039884668
2015,"Pileated Woodpecker",0.158938010571839
2015,"Pine Warbler",4.44720086496875
2015,"Red-bellied Woodpecker",6.25282316194136
2015,"Red-shouldered Hawk",0.817876021143679
2015,"Red-winged Blackbird",0.987926477654966
2015,"Song Sparrow",0.152030273906774
2015,"Tufted Titmouse",15.8088058625661
2015,"Turkey Vulture",0.0279913503123499
2015,"White-breasted Nuthatch",1.28988467083133
2015,"American Crow",27.3807753584706
2015,"American Goldfinch",4.5769266814533
2015,"American Robin",2.29183718096904
2015,"Blue Jay",5.50854393802132
2015,"Blue-gray Gnatcatcher",6.45656180687888
2015,"Brown Thrasher",0.951954015807061
2015,"Brown-headed Cowbird",2.3972696885445
2015,"Brown-headed Nuthatch",1.82168629533597
2015,"Canada Goose",1.11274249476742
2015,"Carolina Chickadee",9.08475211645998
2015,"Carolina Wren",14.6034175752085
2015,"Chipping Sparrow",7.82630970603827
2015,"Common Grackle",2.87894786167271
2015,"Common Yellowthroat",0.204523445065753
2015,"Downy Woodpecker",2.74193246071661
2015,"Eastern Bluebird",8.84402236731125
2015,"Eastern Meadowlark",1.75511542907128
2015,"Eastern Phoebe",1.55368467089443
2015,"Eastern Towhee",6.45462497266578
2015,"European Starling",1.58479897535233
2015,"Field Sparrow",0.0470463278248197
2015,"Fish Crow",1.0535128549561
2015,"Gray Catbird",0.298116272531321
2015,"Great Blue Heron",0.426790790665708
2015,"House Finch",1.53662803411327
2015,"House Sparrow",0
2015,"Killdeer",0.368779482053043
2015,"Mourning Dove",11.4002998969105
2015,"Northern Bobwhite",0
2015,"Northern Cardinal",27.0772234544377
2015,"Northern Mockingbird",6.14495017337788
2015,"Pileated Woodpecker",0.34157008528318
2015,"Pine Warbler",6.74524382243604
2015,"Red-bellied Woodpecker",6.39408328387111
2015,"Red-shouldered Hawk",1.09368654525007
2015,"Red-winged Blackbird",1.14223235762707
2015,"Song Sparrow",0
2015,"Tufted Titmouse",11.5941395145419
2015,"Turkey Vulture",0.166848895692103
2015,"White-breasted Nuthatch",2.8478960357377
2015,"American Crow",33.2836335491136
2015,"American Goldfinch",3.367717421897
2015,"American Robin",3.84027582324802
2015,"Blue Jay",3.50042217844074
2015,"Blue-gray Gnatcatcher",6.66450886574717
2015,"Brown Thrasher",1.87025049254151
2015,"Brown-headed Cowbird",2.98817900365887
2015,"Brown-headed Nuthatch",0.563537855333529
2015,"Canada Goose",2.38066422741345
2015,"Carolina Chickadee",5.85878131156761
2015,"Carolina Wren",20.1858288770052
2015,"Chipping Sparrow",13.9567267098227
2015,"Common Grackle",11.573247959471
2015,"Common Yellowthroat",1.3958626512806
2015,"Downy Woodpecker",2.16577540106952
2015,"Eastern Bluebird",11.0011258091753
2015,"Eastern Meadowlark",7.24908528004516
2015,"Eastern Phoebe",2.78729242893326
2015,"Eastern Towhee",5.28574444131726
2015,"European Starling",3.1337602026457
2015,"Field Sparrow",1.41978609625667
2015,"Fish Crow",0.0436954686180702
2015,"Gray Catbird",0.154517309316073
2015,"Great Blue Heron",0.633338024204898
2015,"House Finch",0.794117647058819
2015,"House Sparrow",1.55424992963697
2015,"Killdeer",1.4486349563749
2015,"Mourning Dove",22.5684632704755
2015,"Northern Bobwhite",0.287855333520973
2015,"Northern Cardinal",28.1348156487476
2015,"Northern Mockingbird",10.5581198986772
2015,"Pileated Woodpecker",0.512594990149161
2015,"Pine Warbler",2.99408950182942
2015,"Red-bellied Woodpecker",7.67084154235852
2015,"Red-shouldered Hawk",1.47150295524904
2015,"Red-winged Blackbird",4.57571066704195
2015,"Song Sparrow",0
2015,"Tufted Titmouse",8.99401913875602
2015,"Turkey Vulture",0.368561778778513
2015,"White-breasted Nuthatch",0.928792569659436
2015,"American Crow",21.9933914882363
2015,"American Goldfinch",2.70667019120631
2015,"American Robin",0.336945986430507
2015,"Blue Jay",2.54929949775308
2015,"Blue-gray Gnatcatcher",7.5318530266984
2015,"Brown Thrasher",1.66472816988286
2015,"Brown-headed Cowbird",1.2105912415191
2015,"Brown-headed Nuthatch",0.793197638558482
2015,"Canada Goose",0.399859018415711
2015,"Carolina Chickadee",3.40787734602171
2015,"Carolina Wren",11.7353951890033
2015,"Chipping Sparrow",7.93461979029007
2015,"Common Grackle",2.51167503744819
2015,"Common Yellowthroat",3.03057538109078
2015,"Downy Woodpecker",1.32099744470884
2015,"Eastern Bluebird",5.05313243457572
2015,"Eastern Meadowlark",0.831350779804389
2015,"Eastern Phoebe",1.98413957176846
2015,"Eastern Towhee",1.8742620495197
2015,"European Starling",0.0363908714424159
2015,"Field Sparrow",0.242312097982193
2015,"Fish Crow",0.716538902105924
2015,"Gray Catbird",0.451669750638814
2015,"Great Blue Heron",0.202044232972074
2015,"House Finch",1.29015772314744
2015,"House Sparrow",0
2015,"Killdeer",0.166975063882269
2015,"Mourning Dove",13.7906423473434
2015,"Northern Bobwhite",0.286456956559988
2015,"Northern Cardinal",15.590448497665
2015,"Northern Mockingbird",4.20451141069702
2015,"Pileated Woodpecker",0.540223808265061
2015,"Pine Warbler",4.58040355978503
2015,"Red-bellied Woodpecker",6.89884571327877
2015,"Red-shouldered Hawk",0.502158780509291
2015,"Red-winged Blackbird",0.44691162216936
2015,"Song Sparrow",0.066349458102037
2015,"Tufted Titmouse",9.13789761212436
2015,"Turkey Vulture",0.261961406291313
2015,"White-breasted Nuthatch",1.34584544893826
2015,"American Crow",22.1204101096806
2015,"American Goldfinch",4.92322365283738
2015,"American Robin",4.7861230329043
2015,"Blue Jay",5.89008106819259
2015,"Blue-gray Gnatcatcher",3.89318073438244
2015,"Brown Thrasher",1.72913686218406
2015,"Brown-headed Cowbird",4.26871721506917
2015,"Brown-headed Nuthatch",0.104434907010024
2015,"Canada Goose",1.6697663328564
2015,"Carolina Chickadee",4.62565569861698
2015,"Carolina Wren",16.3760133524079
2015,"Chipping Sparrow",11.6616595135909
2015,"Common Grackle",5.00906056270864
2015,"Common Yellowthroat",1.7210300429185
2015,"Downy Woodpecker",1.36313781592753
2015,"Eastern Bluebird",11.3383404864092
2015,"Eastern Meadowlark",6.39198855507874
2015,"Eastern Phoebe",2.78946113495465
2015,"Eastern Towhee",3.26442536957562
2015,"European Starling",3.36266094420671
2015,"Field Sparrow",1.02837386742962
2015,"Fish Crow",0.115402956604672
2015,"Gray Catbird",0.273724368144954
2015,"Great Blue Heron",1.11421077730085
2015,"House Finch",1.9520743919885
2015,"House Sparrow",0.49332379589891
2015,"Killdeer",0.279923700524557
2015,"Mourning Dove",12.6473533619458
2015,"Northern Bobwhite",0.791130185980023
2015,"Northern Cardinal",20.9685264663802
2015,"Northern Mockingbird",15.25631855031
2015,"Pileated Woodpecker",0.648068669527859
2015,"Pine Warbler",1.04887935145449
2015,"Red-bellied Woodpecker",6.93419170243214
2015,"Red-shouldered Hawk",1.27014783023364
2015,"Red-winged Blackbird",4.38364329995235
2015,"Song Sparrow",0.15379113018599
2015,"Tufted Titmouse",9.1361468764901
2015,"Turkey Vulture",0.846685741535495
2015,"White-breasted Nuthatch",1.15283738674302
2015,"American Crow",9.4347366641305
2015,"American Goldfinch",2.77952489644102
2015,"American Robin",5.849099670302
2015,"Blue Jay",1.8075915123848
2015,"Blue-gray Gnatcatcher",13.2188688815621
2015,"Brown Thrasher",0.976498436047024
2015,"Brown-headed Cowbird",3.83257249133499
2015,"Brown-headed Nuthatch",1.10550342378896
2015,"Canada Goose",6.31507312536996
2015,"Carolina Chickadee",7.21802350156383
2015,"Carolina Wren",16.7775382534448
2015,"Chipping Sparrow",11.4677487530643
2015,"Common Grackle",5.01103220897807
2015,"Common Yellowthroat",1.64933637670137
2015,"Downy Woodpecker",2.51961281596073
2015,"Eastern Bluebird",5.00951052498093
2015,"Eastern Meadowlark",0.95713923408573
2015,"Eastern Phoebe",1.99218023501562
2015,"Eastern Towhee",5.11970580776085
2015,"European Starling",2.72558965254884
2015,"Field Sparrow",0.0848761518302492
2015,"Fish Crow",1.75450164849087
2015,"Gray Catbird",0.547172203905664
2015,"Great Blue Heron",2.43875221912259
2015,"House Finch",2.89576464620847
2015,"House Sparrow",0.477977851044017
2015,"Killdeer",0.602375517795267
2015,"Mourning Dove",9.21958745456085
2015,"Northern Bobwhite",0
2015,"Northern Cardinal",22.6112942767777
2015,"Northern Mockingbird",3.79727787640545
2015,"Pileated Woodpecker",0.227026798545948
2015,"Pine Warbler",4.3198072533603
2015,"Red-bellied Woodpecker",3.75196550849606
2015,"Red-shouldered Hawk",0.81583396736832
2015,"Red-winged Blackbird",0.0782821878434419
2015,"Song Sparrow",0.580142023839716
2015,"Tufted Titmouse",10.4685941330625
2015,"Turkey Vulture",0.0308986389382078
2015,"White-breasted Nuthatch",1.39889255220214
2016,"American Crow",27.0616038236857
2016,"American Goldfinch",4.27153166099163
2016,"American Robin",2.28940051857174
2016,"Blue Jay",5.28721377026648
2016,"Blue-gray Gnatcatcher",6.77195339102184
2016,"Brown Thrasher",0.997313423510661
2016,"Brown-headed Cowbird",2.59048452094589
2016,"Brown-headed Nuthatch",1.84308518946612
2016,"Canada Goose",0.967292493205491
2016,"Carolina Chickadee",8.76676767361221
2016,"Carolina Wren",14.5148855081066
2016,"Chipping Sparrow",8.46102902127382
2016,"Common Grackle",2.395051700978
2016,"Common Yellowthroat",0.220799100309264
2016,"Downy Woodpecker",2.93355409078123
2016,"Eastern Bluebird",8.76761113367283
2016,"Eastern Meadowlark",1.68201555715225
2016,"Eastern Phoebe",1.43538158757931
2016,"Eastern Towhee",6.20227421823762
2016,"European Starling",1.29667926650222
2016,"Field Sparrow",0.0312392615038668
2016,"Fish Crow",1.15903908031612
2016,"Gray Catbird",0.297553965824253
2016,"Great Blue Heron",0.434788041610696
2016,"House Finch",1.54756177563962
2016,"House Sparrow",0
2016,"Killdeer",0.404236043859925
2016,"Mourning Dove",11.1914341944957
2016,"Northern Bobwhite",0
2016,"Northern Cardinal",26.2943050826279
2016,"Northern Mockingbird",5.85986067289366
2016,"Pileated Woodpecker",0.368904439099055
2016,"Pine Warbler",6.71397332167068
2016,"Red-bellied Woodpecker",6.55649620442966
2016,"Red-shouldered Hawk",1.13657805129486
2016,"Red-winged Blackbird",1.12498828527695
2016,"Song Sparrow",0
2016,"Tufted Titmouse",11.5923901158977
2016,"Turkey Vulture",0.171878416794225
2016,"White-breasted Nuthatch",2.9069694792415
2016,"American Crow",32.9503940332115
2016,"American Goldfinch",3.20137911623982
2016,"American Robin",3.63411201801301
2016,"Blue Jay",3.53180410920348
2016,"Blue-gray Gnatcatcher",7.05966788629314
2016,"Brown Thrasher",1.89220377146074
2016,"Brown-headed Cowbird",3.10948494230229
2016,"Brown-headed Nuthatch",0.536518435125252
2016,"Canada Goose",2.34337179848015
2016,"Carolina Chickadee",6.11152547143251
2016,"Carolina Wren",20.9157754010694
2016,"Chipping Sparrow",13.9900788066423
2016,"Common Grackle",10.7680129468058
2016,"Common Yellowthroat",1.4883197298058
2016,"Downy Woodpecker",2.15508021390375
2016,"Eastern Bluebird",10.7514776245426
2016,"Eastern Meadowlark",6.76442443005931
2016,"Eastern Phoebe",2.89269631297492
2016,"Eastern Towhee",5.10941457922888
2016,"European Starling",2.65993526597242
2016,"Field Sparrow",1.45721925133689
2016,"Fish Crow",0.0417253025612165
2016,"Gray Catbird",0.140303968477347
2016,"Great Blue Heron",0.628131156768927
2016,"House Finch",0.823529411764703
2016,"House Sparrow",1.3368280326485
2016,"Killdeer",1.46383338024205
2016,"Mourning Dove",23.0742330424991
2016,"Northern Bobwhite",0.268435125246278
2016,"Northern Cardinal",27.9894455389812
2016,"Northern Mockingbird",10.0450323670138
2016,"Pileated Woodpecker",0.53215592457078
2016,"Pine Warbler",3.05474247115113
2016,"Red-bellied Woodpecker",8.03672952434556
2016,"Red-shouldered Hawk",1.6032226287644
2016,"Red-winged Blackbird",4.53687025049256
2016,"Song Sparrow",0
2016,"Tufted Titmouse",9.13277511961724
2016,"Turkey Vulture",0.264987334646804
2016,"White-breasted Nuthatch",0.969040247678024
2016,"American Crow",22.0123986647593
2016,"American Goldfinch",4.93466857415355
2016,"American Robin",4.6037195994279
2016,"Blue Jay",5.98307105388645
2016,"Blue-gray Gnatcatcher",3.89461134954695
2016,"Brown Thrasher",1.76847877920839
2016,"Brown-headed Cowbird",4.22865999046259
2016,"Brown-headed Nuthatch",0.08369098712447
2016,"Canada Goose",1.74487362899376
2016,"Carolina Chickadee",4.76013352408194
2016,"Carolina Wren",16.7050548402477
2016,"Chipping Sparrow",11.60443490701
2016,"Common Grackle",4.88245112064854
2016,"Common Yellowthroat",1.62804005722464
2016,"Downy Woodpecker",1.35455412494041
2016,"Eastern Bluebird",11.2288984263234
2016,"Eastern Meadowlark",6.30042918454942
2016,"Eastern Phoebe",2.86742966142103
2016,"Eastern Towhee",3.22293752980451
2016,"European Starling",2.8168812589422
2016,"Field Sparrow",1.07486886027655
2016,"Fish Crow",0.116833571769192
2016,"Gray Catbird",0.290891750119208
2016,"Great Blue Heron",1.18931807343819
2016,"House Finch",2.04721030042913
2016,"House Sparrow",0.472579876013356
2016,"Killdeer",0.280639008106816
2016,"Mourning Dove",12.4742489270387
2016,"Northern Bobwhite",0.66595135908446
2016,"Northern Cardinal",21.3469241773961
2016,"Northern Mockingbird",15.4158321411541
2016,"Pileated Woodpecker",0.697424892703822
2016,"Pine Warbler",1.02813543156894
2016,"Red-bellied Woodpecker",6.8011444921317
2016,"Red-shouldered Hawk",1.34167858845967
2016,"Red-winged Blackbird",4.30782069623274
2016,"Song Sparrow",0.149499284692428
2016,"Tufted Titmouse",9.42226990939423
2016,"Turkey Vulture",0.888173581306603
2016,"White-breasted Nuthatch",1.07415355269438
2016,"American Crow",16.7009189640767
2016,"American Goldfinch",4.61190855927691
2016,"American Robin",2.72818409660514
2016,"Blue Jay",2.52289815447713
2016,"Blue-gray Gnatcatcher",10.7777018303335
2016,"Brown Thrasher",1.04329004329005
2016,"Brown-headed Cowbird",5.79418242576139
2016,"Brown-headed Nuthatch",5.17323612060466
2016,"Canada Goose",3.91866028708135
2016,"Carolina Chickadee",10.504291030607
2016,"Carolina Wren",19.0094174831019
2016,"Chipping Sparrow",13.4871269081797
2016,"Common Grackle",7.33971291865987
2016,"Common Yellowthroat",0.22852586010481
2016,"Downy Woodpecker",2.97159565580625
2016,"Eastern Bluebird",5.06485911749069
2016,"Eastern Meadowlark",0.0533151059466803
2016,"Eastern Phoebe",1.97197539302802
2016,"Eastern Towhee",5.87574998101309
2016,"European Starling",1.74815827447401
2016,"Field Sparrow",0.384218121060222
2016,"Fish Crow",2.8194729247362
2016,"Gray Catbird",0.302878408141567
2016,"Great Blue Heron",2.26042378673961
2016,"House Finch",4.91167312219946
2016,"House Sparrow",0.0626566416040077
2016,"Killdeer",0.111718690666059
2016,"Mourning Dove",15.2134123186752
2016,"Northern Bobwhite",0
2016,"Northern Cardinal",20.2280701754388
2016,"Northern Mockingbird",4.19556466924888
2016,"Pileated Woodpecker",0.592693855851763
2016,"Pine Warbler",9.34996582364994
2016,"Red-bellied Woodpecker",6.63355358092207
2016,"Red-shouldered Hawk",0.793195108984605
2016,"Red-winged Blackbird",0.304245462140201
2016,"Song Sparrow",0.180299232930821
2016,"Tufted Titmouse",11.5152274625959
2016,"Turkey Vulture",0.0994911521227309
2016,"White-breasted Nuthatch",1.9340776182882
2016,"American Crow",27.0405036726129
2016,"American Goldfinch",3.42812172088144
2016,"American Robin",3.83525708289611
2016,"Blue Jay",4.60545645330538
2016,"Blue-gray Gnatcatcher",10.2218258132215
2016,"Brown Thrasher",1.30199370409235
2016,"Brown-headed Cowbird",2.81657922350479
2016,"Brown-headed Nuthatch",1.66169989506827
2016,"Canada Goose",0.611542497376661
2016,"Carolina Chickadee",10.1433368310598
2016,"Carolina Wren",15.5427072402939
2016,"Chipping Sparrow",12.9460650577125
2016,"Common Grackle",3.92004197271694
2016,"Common Yellowthroat",1.50115424973771
2016,"Downy Woodpecker",1.94543546694655
2016,"Eastern Bluebird",7.82875131164747
2016,"Eastern Meadowlark",1.02287513116476
2016,"Eastern Phoebe",1.9485834207765
2016,"Eastern Towhee",3.00986358866726
2016,"European Starling",1.95970619097534
2016,"Field Sparrow",0
2016,"Fish Crow",1.07135362014694
2016,"Gray Catbird",0.101573976915007
2016,"Great Blue Heron",1.27345225603361
2016,"House Finch",2.392444910808
2016,"House Sparrow",0.108709338929685
2016,"Killdeer",0.398111227702
2016,"Mourning Dove",10.6474291710387
2016,"Northern Bobwhite",0.220776495278045
2016,"Northern Cardinal",21.32759706191
2016,"Northern Mockingbird",4.5322140608605
2016,"Pileated Woodpecker",0.662959076600224
2016,"Pine Warbler",12.071983210913
2016,"Red-bellied Woodpecker",7.18845750262341
2016,"Red-shouldered Hawk",0.95613850996854
2016,"Red-winged Blackbird",0.0950682056663013
2016,"Song Sparrow",0.0207764952780671
2016,"Tufted Titmouse",15.651836306401
2016,"Turkey Vulture",0.368100734522564
2016,"White-breasted Nuthatch",1.53158447009451
2016,"American Crow",9.54062050891872
2016,"American Goldfinch",2.68644855862718
2016,"American Robin",5.61399949277222
2016,"Blue Jay",1.8321920703356
2016,"Blue-gray Gnatcatcher",13.4136444331725
2016,"Brown Thrasher",0.93820272212362
2016,"Brown-headed Cowbird",3.48600896102812
2016,"Brown-headed Nuthatch",1.16231295967535
2016,"Canada Goose",5.99754839800494
2016,"Carolina Chickadee",7.36106179727773
2016,"Carolina Wren",16.8628793642742
2016,"Chipping Sparrow",11.6939724406118
2016,"Common Grackle",4.78620339842769
2016,"Common Yellowthroat",1.58872263082259
2016,"Downy Woodpecker",2.61991715276011
2016,"Eastern Bluebird",5.09155465381681
2016,"Eastern Meadowlark",0.934060360131888
2016,"Eastern Phoebe",2.01361061797277
2016,"Eastern Towhee",4.64570124270881
2016,"European Starling",2.73167638853669
2016,"Field Sparrow",0.079296643841408
2016,"Fish Crow",1.93000253613991
2016,"Gray Catbird",0.534111082931783
2016,"Great Blue Heron",2.29038802941932
2016,"House Finch",2.91656099416688
2016,"House Sparrow",0.530222334939523
2016,"Killdeer",0.567757206864499
2016,"Mourning Dove",9.15833967368334
2016,"Northern Bobwhite",0
2016,"Northern Cardinal",22.2225040155553
2016,"Northern Mockingbird",3.79068391241864
2016,"Pileated Woodpecker",0.221066869557868
2016,"Pine Warbler",4.49201115901593
2016,"Red-bellied Woodpecker",3.77225462845548
2016,"Red-shouldered Hawk",0.844872770310246
2016,"Red-winged Blackbird",0.0691520838617024
2016,"Song Sparrow",0.584833882830333
2016,"Tufted Titmouse",10.7465550765066
2016,"Turkey Vulture",0.0218953419562133
2016,"White-breasted Nuthatch",1.51111674697771
2017,"American Crow",25.8086315421378
2017,"American Goldfinch",3.0559505769902
2017,"American Robin",1.4295081011773
2017,"Blue Jay",3.5969810001165
2017,"Blue-gray Gnatcatcher",6.29569297120884
2017,"Brown Thrasher",0.70905699965031
2017,"Brown-headed Cowbird",1.61539806504254
2017,"Brown-headed Nuthatch",0.601293857092884
2017,"Canada Goose",0.551812565567078
2017,"Carolina Chickadee",8.29615922601698
2017,"Carolina Wren",11.7513696234993
2017,"Chipping Sparrow",8.31766522904767
2017,"Common Grackle",0.676011190115219
2017,"Common Yellowthroat",0.383989975521601
2017,"Downy Woodpecker",3.76594008625714
2017,"Eastern Bluebird",7.66989159575709
2017,"Eastern Meadowlark",0.888973073784825
2017,"Eastern Phoebe",0.9193962000233
2017,"Eastern Towhee",3.7033453782492
2017,"European Starling",0.778295838675803
2017,"Field Sparrow",0.139701596922691
2017,"Fish Crow",1.00722694952792
2017,"Gray Catbird",0.143664762792863
2017,"Great Blue Heron",0.00987877374984691
2017,"House Finch",2.94163072619182
2017,"House Sparrow",0.00326378365776847
2017,"Killdeer",0.13369856626646
2017,"Mourning Dove",12.2760519874111
2017,"Northern Bobwhite",0
2017,"Northern Cardinal",24.933500407973
2017,"Northern Mockingbird",4.67671057232781
2017,"Pileated Woodpecker",0.531443058631538
2017,"Pine Warbler",5.50746007693203
2017,"Red-bellied Woodpecker",5.6480359016202
2017,"Red-shouldered Hawk",1.5752710106073
2017,"Red-winged Blackbird",0.39077981116678
2017,"Song Sparrow",0
2017,"Tufted Titmouse",15.1506877258422
2017,"Turkey Vulture",0.397831915141623
2017,"White-breasted Nuthatch",1.49775614873528
2017,"American Crow",32.6171545173095
2017,"American Goldfinch",3.03504081058264
2017,"American Robin",3.42794821277801
2017,"Blue Jay",3.56318603996621
2017,"Blue-gray Gnatcatcher",7.45482690683923
2017,"Brown Thrasher",1.91415705037996
2017,"Brown-headed Cowbird",3.23079088094568
2017,"Brown-headed Nuthatch",0.509499014916976
2017,"Canada Goose",2.30607936954685
2017,"Carolina Chickadee",6.36426963129742
2017,"Carolina Wren",21.6457219251336
2017,"Chipping Sparrow",14.0234309034618
2017,"Common Grackle",9.96277793414038
2017,"Common Yellowthroat",1.58077680833097
2017,"Downy Woodpecker",2.14438502673798
2017,"Eastern Bluebird",10.50182943991
2017,"Eastern Meadowlark",6.27976358007334
2017,"Eastern Phoebe",2.99810019701658
2017,"Eastern Towhee",4.9330847171405
2017,"European Starling",2.18611032929925
2017,"Field Sparrow",1.4946524064171
2017,"Fish Crow",0.0397551365043634
2017,"Gray Catbird",0.126090627638618
2017,"Great Blue Heron",0.622924289332957
2017,"House Finch",0.85294117647058
2017,"House Sparrow",1.11940613566003
2017,"Killdeer",1.4790318041092
2017,"Mourning Dove",23.5800028145228
2017,"Northern Bobwhite",0.249014916971575
2017,"Northern Cardinal",27.8440754292148
2017,"Northern Mockingbird",9.53194483535049
2017,"Pileated Woodpecker",0.551716858992393
2017,"Pine Warbler",3.11539544047282
2017,"Red-bellied Woodpecker",8.4026175063326
2017,"Red-shouldered Hawk",1.73494230227971
2017,"Red-winged Blackbird",4.49802983394316
2017,"Song Sparrow",0
2017,"Tufted Titmouse",9.27153110047846
2017,"Turkey Vulture",0.161412890515066
2017,"White-breasted Nuthatch",1.0092879256966
2017,"American Crow",20.4308749669569
2017,"American Goldfinch",2.92510353335101
2017,"American Robin",0.231121684729914
2017,"Blue Jay",2.38567274649751
2017,"Blue-gray Gnatcatcher",8.12318265926513
2017,"Brown Thrasher",1.85972332364088
2017,"Brown-headed Cowbird",1.26945105295623
2017,"Brown-headed Nuthatch",0.883513965988215
2017,"Canada Goose",0.329191999295091
2017,"Carolina Chickadee",3.60639703938676
2017,"Carolina Wren",10.8522336769759
2017,"Chipping Sparrow",8.66278967309916
2017,"Common Grackle",2.23878755837518
2017,"Common Yellowthroat",2.60648515287687
2017,"Downy Woodpecker",1.47096660498727
2017,"Eastern Bluebird",4.93576526566217
2017,"Eastern Meadowlark",0.7959291567539
2017,"Eastern Phoebe",2.03409992069788
2017,"Eastern Towhee",1.5981143713102
2017,"European Starling",0.0273151819543553
2017,"Field Sparrow",0.201251211560482
2017,"Fish Crow",0.881663582694529
2017,"Gray Catbird",0.351132258348741
2017,"Great Blue Heron",0.226716010221171
2017,"House Finch",1.48171645078864
2017,"House Sparrow",0
2017,"Killdeer",0.113225834875315
2017,"Mourning Dove",13.8501189532117
2017,"Northern Bobwhite",0.12300643228474
2017,"Northern Cardinal",15.3027579522425
2017,"Northern Mockingbird",4.46585602255709
2017,"Pileated Woodpecker",0.577407701119057
2017,"Pine Warbler",4.75768790201778
2017,"Red-bellied Woodpecker",7.19525949422865
2017,"Red-shouldered Hawk",0.459247510793908
2017,"Red-winged Blackbird",0.461362234558116
2017,"Song Sparrow",0.074015331747292
2017,"Tufted Titmouse",9.00907568948799
2017,"Turkey Vulture",0.320116309807041
2017,"White-breasted Nuthatch",1.45087672922728
2017,"American Crow",16.4945697577276
2017,"American Goldfinch",4.54120148856984
2017,"American Robin",2.72601959444064
2017,"Blue Jay",2.5878332194122
2017,"Blue-gray Gnatcatcher",10.9458114984431
2017,"Brown Thrasher",1.05411255411256
2017,"Brown-headed Cowbird",5.92693855851752
2017,"Brown-headed Nuthatch",5.49286094022955
2017,"Canada Goose",3.9641148325359
2017,"Carolina Chickadee",10.8672058935218
2017,"Carolina Wren",19.2749297486141
2017,"Chipping Sparrow",13.8983823194351
2017,"Common Grackle",6.3851674641146
2017,"Common Yellowthroat",0.2198678514468
2017,"Downy Woodpecker",3.12238930659987
2017,"Eastern Bluebird",5.05475810738968
2017,"Eastern Meadowlark",0.0403280929596654
2017,"Eastern Phoebe",2.00444292549555
2017,"Eastern Towhee",5.79205589731899
2017,"European Starling",1.42203994835563
2017,"Field Sparrow",0.361851598693704
2017,"Fish Crow",2.97170957697284
2017,"Gray Catbird",0.325966431229595
2017,"Great Blue Heron",2.31237183868767
2017,"House Finch",5.03432824485458
2017,"House Sparrow",0.0388471177944822
2017,"Killdeer",0.100174679122048
2017,"Mourning Dove",14.7141338193967
2017,"Northern Bobwhite",0
2017,"Northern Cardinal",20.5614035087721
2017,"Northern Mockingbird",4.25761373129795
2017,"Pileated Woodpecker",0.609288372446279
2017,"Pine Warbler",9.20061517429934
2017,"Red-bellied Woodpecker",6.81825776562624
2017,"Red-shouldered Hawk",0.833599149388647
2017,"Red-winged Blackbird",0.301359459254198
2017,"Song Sparrow",0.199058251689834
2017,"Tufted Titmouse",11.6703501177186
2017,"Turkey Vulture",0.0980481506797299
2017,"White-breasted Nuthatch",2.07549175970235
2017,"American Crow",9.64650435370697
2017,"American Goldfinch",2.59337222081334
2017,"American Robin",5.37889931524239
2017,"Blue Jay",1.8567926282864
2017,"Blue-gray Gnatcatcher",13.6084199847829
2017,"Brown Thrasher",0.899907008200202
2017,"Brown-headed Cowbird",3.13944543072125
2017,"Brown-headed Nuthatch",1.21912249556172
2017,"Canada Goose",5.68002367064003
2017,"Carolina Chickadee",7.50410009299168
2017,"Carolina Wren",16.9482204751035
2017,"Chipping Sparrow",11.9201961281594
2017,"Common Grackle",4.56137458787737
2017,"Common Yellowthroat",1.52810888494382
2017,"Downy Woodpecker",2.72022148955952
2017,"Eastern Bluebird",5.17359878265273
2017,"Eastern Meadowlark",0.910981486178038
2017,"Eastern Phoebe",2.03504100092991
2017,"Eastern Towhee",4.17169667765688
2017,"European Starling",2.73776312452453
2017,"Field Sparrow",0.0737171358525668
2017,"Fish Crow",2.10550342378889
2017,"Gray Catbird",0.521049961957903
2017,"Great Blue Heron",2.14202383971605
2017,"House Finch",2.9373573421253
2017,"House Sparrow",0.582466818835044
2017,"Killdeer",0.533138895933746
2017,"Mourning Dove",9.09709189280584
2017,"Northern Bobwhite",0
2017,"Northern Cardinal",21.8337137543328
2017,"Northern Mockingbird",3.78408994843183
2017,"Pileated Woodpecker",0.215106940569786
2017,"Pine Warbler",4.66421506467151
2017,"Red-bellied Woodpecker",3.7925437484149
2017,"Red-shouldered Hawk",0.873911573252165
2017,"Red-winged Blackbird",0.0600219798799593
2017,"Song Sparrow",0.589525741820951
2017,"Tufted Titmouse",11.0245160199507
2017,"Turkey Vulture",0.0128920449742189
2017,"White-breasted Nuthatch",1.62334094175327
2018,"American Crow",16.4878892733566
2018,"American Goldfinch",3.09602076124565
2018,"American Robin",8.32352941176464
2018,"Blue Jay",2.46323529411765
2018,"Blue-gray Gnatcatcher",3.74783737024231
2018,"Brown Thrasher",1.71669550173011
2018,"Brown-headed Cowbird",2.2024221453287
2018,"Brown-headed Nuthatch",3.32266435986151
2018,"Canada Goose",0.494377162629775
2018,"Carolina Chickadee",7.44852941176473
2018,"Carolina Wren",13.8442906574393
2018,"Chipping Sparrow",11.1656574394463
2018,"Common Grackle",0.119809688581881
2018,"Common Yellowthroat",0.263840830449825
2018,"Downy Woodpecker",2.73399653979234
2018,"Eastern Bluebird",5.07006920415233
2018,"Eastern Meadowlark",0.240051903114185
2018,"Eastern Phoebe",0.645761245674744
2018,"Eastern Towhee",6.85380622837374
2018,"European Starling",0.970588235294173
2018,"Field Sparrow",0
2018,"Fish Crow",2.41608996539793
2018,"Gray Catbird",1.16479238754329
2018,"Great Blue Heron",0.114619377162629
2018,"House Finch",5.21972318339095
2018,"House Sparrow",0
2018,"Killdeer",0.259083044982695
2018,"Mourning Dove",8.42344290657445
2018,"Northern Bobwhite",0.0393598615916951
2018,"Northern Cardinal",29.4338235294118
2018,"Northern Mockingbird",3.92820069204154
2018,"Pileated Woodpecker",0.310986159169548
2018,"Pine Warbler",5.83217993079592
2018,"Red-bellied Woodpecker",4.60813148788927
2018,"Red-shouldered Hawk",0.527249134948093
2018,"Red-winged Blackbird",-0.0112456747404757
2018,"Song Sparrow",0.931660899653963
2018,"Tufted Titmouse",13.8628892733563
2018,"Turkey Vulture",1.14835640138412
2018,"White-breasted Nuthatch",2.4974048442906
2018,"American Crow",25.7355752418697
2018,"American Goldfinch",2.63235808369257
2018,"American Robin",1.23714885184751
2018,"Blue Jay",3.42942067840067
2018,"Blue-gray Gnatcatcher",6.43309243501579
2018,"Brown Thrasher",0.711737964797764
2018,"Brown-headed Cowbird",1.61673854761627
2018,"Brown-headed Nuthatch",0.530248280685385
2018,"Canada Goose",0.549131600419625
2018,"Carolina Chickadee",8.14669541904647
2018,"Carolina Wren",11.9712087655905
2018,"Chipping Sparrow",8.3116330574659
2018,"Common Grackle",0.385126471616559
2018,"Common Yellowthroat",0.321657535843315
2018,"Downy Woodpecker",3.77130201655205
2018,"Eastern Bluebird",7.76908730621287
2018,"Eastern Meadowlark",0.823289427672222
2018,"Eastern Phoebe",0.885884135680143
2018,"Eastern Towhee",3.47010141042074
2018,"European Starling",0.681781093367505
2018,"Field Sparrow",0.0632940902202677
2018,"Fish Crow",1.06084625247698
2018,"Gray Catbird",0.128919454481871
2018,"Great Blue Heron",-0.00553677584800738
2018,"House Finch",2.79082643664759
2018,"House Sparrow",-0.00477911178459323
2018,"Killdeer",0.125655670824102
2018,"Mourning Dove",12.1225667327194
2018,"Northern Bobwhite",0
2018,"Northern Cardinal",24.972374402611
2018,"Northern Mockingbird",4.45553094766291
2018,"Pileated Woodpecker",0.498601235575251
2018,"Pine Warbler",5.41764774449237
2018,"Red-bellied Woodpecker",5.56894742977033
2018,"Red-shouldered Hawk",1.57728173446789
2018,"Red-winged Blackbird",0.338500990791445
2018,"Song Sparrow",0
2018,"Tufted Titmouse",15.5025644014454
2018,"Turkey Vulture",0.381746124256907
2018,"White-breasted Nuthatch",1.4407856393519
2018,"American Crow",35.4796511627907
2018,"American Goldfinch",7.61591569767444
2018,"American Robin",2.52725290697663
2018,"Blue Jay",4.74636627906978
2018,"Blue-gray Gnatcatcher",5.84520348837211
2018,"Brown Thrasher",1.08393895348837
2018,"Brown-headed Cowbird",3.18531976744185
2018,"Brown-headed Nuthatch",1.33502906976744
2018,"Canada Goose",0.727470930232556
2018,"Carolina Chickadee",5.45385174418607
2018,"Carolina Wren",11.7954215116279
2018,"Chipping Sparrow",10.5417877906976
2018,"Common Grackle",2.12100290697663
2018,"Common Yellowthroat",1.95494186046511
2018,"Downy Woodpecker",0.995639534883722
2018,"Eastern Bluebird",8.09992732558135
2018,"Eastern Meadowlark",4.1624273255814
2018,"Eastern Phoebe",2.58466569767442
2018,"Eastern Towhee",3.4156976744186
2018,"European Starling",4.11773255813955
2018,"Field Sparrow",0.723837209302326
2018,"Fish Crow",1.52761627906975
2018,"Gray Catbird",0.0606831395348841
2018,"Great Blue Heron",0.287063953488373
2018,"House Finch",0.630813953488371
2018,"House Sparrow",0
2018,"Killdeer",1.83030523255813
2018,"Mourning Dove",19.6460755813954
2018,"Northern Bobwhite",0.0316133720930054
2018,"Northern Cardinal",24.4669331395349
2018,"Northern Mockingbird",6.74273255813955
2018,"Pileated Woodpecker",0.854287790697668
2018,"Pine Warbler",8.84738372093034
2018,"Red-bellied Woodpecker",6.46293604651162
2018,"Red-shouldered Hawk",2.38517441860466
2018,"Red-winged Blackbird",0.639534883720927
2018,"Song Sparrow",0
2018,"Tufted Titmouse",14.622093023256
2018,"Turkey Vulture",0.966933139534916
2018,"White-breasted Nuthatch",1.47165697674419
2018,"American Crow",19.6496167063174
2018,"American Goldfinch",3.03432020442335
2018,"American Robin",0.178209533879624
2018,"Blue Jay",2.3038593708697
2018,"Blue-gray Gnatcatcher",8.41884747554843
2018,"Brown Thrasher",1.9572209005199
2018,"Brown-headed Cowbird",1.29888095867479
2018,"Brown-headed Nuthatch",0.928672129703074
2018,"Canada Goose",0.293858489734788
2018,"Carolina Chickadee",3.70565688606931
2018,"Carolina Wren",10.4106529209622
2018,"Chipping Sparrow",9.02687461450364
2018,"Common Grackle",2.10234381883868
2018,"Common Yellowthroat",2.39444003876986
2018,"Downy Woodpecker",1.54595118512648
2018,"Eastern Bluebird",4.87708168120538
2018,"Eastern Meadowlark",0.778218345228659
2018,"Eastern Phoebe",2.05908009516259
2018,"Eastern Towhee",1.46004053220543
2018,"European Starling",0.022777337210325
2018,"Field Sparrow",0.180720768349623
2018,"Fish Crow",0.964225922988817
2018,"Gray Catbird",0.300863512203719
2018,"Great Blue Heron",0.23905189884572
2018,"House Finch",1.57749581460922
2018,"House Sparrow",0
2018,"Killdeer",0.0863512203718386
2018,"Mourning Dove",13.8798572561459
2018,"Northern Bobwhite",0.0412811701471014
2018,"Northern Cardinal",15.1589126795312
2018,"Northern Mockingbird",4.59652832848712
2018,"Pileated Woodpecker",0.595999647546051
2018,"Pine Warbler",4.84633007313417
2018,"Red-bellied Woodpecker",7.34346638470356
2018,"Red-shouldered Hawk",0.437791875936213
2018,"Red-winged Blackbird",0.468587540752496
2018,"Song Sparrow",0.0778482685699196
2018,"Tufted Titmouse",8.94466472816981
2018,"Turkey Vulture",0.349193761564898
2018,"White-breasted Nuthatch",1.50339236937178
2018,"American Crow",21.7963757749167
2018,"American Goldfinch",4.95755841678588
2018,"American Robin",4.23891273247511
2018,"Blue Jay",6.16905102527414
2018,"Blue-gray Gnatcatcher",3.89747257987599
2018,"Brown Thrasher",1.84716261325704
2018,"Brown-headed Cowbird",4.14854554124942
2018,"Brown-headed Nuthatch",0.0422031473533622
2018,"Canada Goose",1.89508822126842
2018,"Carolina Chickadee",5.02908917501185
2018,"Carolina Wren",17.3631378159272
2018,"Chipping Sparrow",11.4899856938484
2018,"Common Grackle",4.62923223652834
2018,"Common Yellowthroat",1.44206008583694
2018,"Downy Woodpecker",1.33738674296617
2018,"Eastern Bluebird",11.0100143061517
2018,"Eastern Meadowlark",6.11731044349074
2018,"Eastern Phoebe",3.02336671435378
2018,"Eastern Towhee",3.13996185026231
2018,"European Starling",1.72532188841296
2018,"Field Sparrow",1.1678588459704
2018,"Fish Crow",0.119694802098234
2018,"Gray Catbird",0.325226514067701
2018,"Great Blue Heron",1.33953266571288
2018,"House Finch",2.23748211731041
2018,"House Sparrow",0.431092036242248
2018,"Killdeer",0.282069623271336
2018,"Mourning Dove",12.1280400572247
2018,"Northern Bobwhite",0.415593705293304
2018,"Northern Cardinal",22.1037195994276
2018,"Northern Mockingbird",15.7348593228422
2018,"Pileated Woodpecker",0.796137339055761
2018,"Pine Warbler",0.986647591797855
2018,"Red-bellied Woodpecker",6.5350500715308
2018,"Red-shouldered Hawk",1.48474010491174
2018,"Red-winged Blackbird",4.15617548879354
2018,"Song Sparrow",0.140915593705307
2018,"Tufted Titmouse",9.99451597520249
2018,"Turkey Vulture",0.971149260848804
2018,"White-breasted Nuthatch",0.91678588459709
2018,"American Crow",16.2882205513783
2018,"American Goldfinch",4.47049441786277
2018,"American Robin",2.72385509227613
2018,"Blue Jay",2.65276828434727
2018,"Blue-gray Gnatcatcher",11.1139211665528
2018,"Brown Thrasher",1.06493506493507
2018,"Brown-headed Cowbird",6.05969469127365
2018,"Brown-headed Nuthatch",5.81248575985433
2018,"Canada Goose",4.00956937799045
2018,"Carolina Chickadee",11.2301207564366
2018,"Carolina Wren",19.5404420141264
2018,"Chipping Sparrow",14.3096377306905
2018,"Common Grackle",5.43062200956911
2018,"Common Yellowthroat",0.211209842788794
2018,"Downy Woodpecker",3.27318295739354
2018,"Eastern Bluebird",5.04465709728867
2018,"Eastern Meadowlark",0.0273410799726541
2018,"Eastern Phoebe",2.03691045796308
2018,"Eastern Towhee",5.70836181362492
2018,"European Starling",1.09592162223737
2018,"Field Sparrow",0.339485076327186
2018,"Fish Crow",3.12394622920948
2018,"Gray Catbird",0.349054454317617
2018,"Great Blue Heron",2.36431989063571
2018,"House Finch",5.1569833675097
2018,"House Sparrow",0.0150375939849638
2018,"Killdeer",0.0886306675780375
2018,"Mourning Dove",14.2148553201182
2018,"Northern Bobwhite",0
2018,"Northern Cardinal",20.8947368421054
2018,"Northern Mockingbird",4.31966279334701
2018,"Pileated Woodpecker",0.625882889040795
2018,"Pine Warbler",9.05126452494869
2018,"Red-bellied Woodpecker",7.00296195033047
2018,"Red-shouldered Hawk",0.874003189792688
2018,"Red-winged Blackbird",0.298473456368196
2018,"Song Sparrow",0.217817270448855
2018,"Tufted Titmouse",11.8254727728412
2018,"Turkey Vulture",0.0966051492367286
2018,"White-breasted Nuthatch",2.21690590111649
2019,"American Crow",18.8683584456776
2019,"American Goldfinch",3.14353687549567
2019,"American Robin",0.12529738302932
2019,"Blue Jay",2.2220459952419
2019,"Blue-gray Gnatcatcher",8.71451229183185
2019,"Brown Thrasher",2.05471847739892
2019,"Brown-headed Cowbird",1.32831086439336
2019,"Brown-headed Nuthatch",0.973830293417933
2019,"Canada Goose",0.258524980174471
2019,"Carolina Chickadee",3.80491673275182
2019,"Carolina Wren",9.96907216494844
2019,"Chipping Sparrow",9.39095955590824
2019,"Common Grackle",1.96590007930212
2019,"Common Yellowthroat",2.1823949246629
2019,"Downy Woodpecker",1.6209357652657
2019,"Eastern Bluebird",4.81839809674861
2019,"Eastern Meadowlark",0.760507533703418
2019,"Eastern Phoebe",2.0840602696273
2019,"Eastern Towhee",1.32196669310071
2019,"European Starling",0.0182394924662965
2019,"Field Sparrow",0.160190325138764
2019,"Fish Crow",1.04678826328313
2019,"Gray Catbird",0.250594766058683
2019,"Great Blue Heron",0.251387787470264
2019,"House Finch",1.67327517842983
2019,"House Sparrow",0
2019,"Killdeer",0.0594766058683547
2019,"Mourning Dove",13.90959555908
2019,"Northern Bobwhite",-0.0404440919905369
2019,"Northern Cardinal",15.01506740682
2019,"Northern Mockingbird",4.72720063441716
2019,"Pileated Woodpecker",0.614591593973053
2019,"Pine Warbler",4.93497224425056
2019,"Red-bellied Woodpecker",7.49167327517853
2019,"Red-shouldered Hawk",0.416336241078518
2019,"Red-winged Blackbird",0.475812846946875
2019,"Song Sparrow",0.0816812053925471
2019,"Tufted Titmouse",8.88025376685164
2019,"Turkey Vulture",0.378271213322762
2019,"White-breasted Nuthatch",1.55590800951629
2021,"American Crow",17.3058419243982
2021,"American Goldfinch",3.36197021764036
2021,"American Robin",0.0194730813287407
2021,"Blue Jay",2.05841924398629
2021,"Blue-gray Gnatcatcher",9.30584192439846
2021,"Brown Thrasher",2.24971363115696
2021,"Brown-headed Cowbird",1.3871706758305
2021,"Brown-headed Nuthatch",1.06414662084767
2021,"Canada Goose",0.187857961053851
2021,"Carolina Chickadee",4.00343642611688
2021,"Carolina Wren",9.08591065292103
2021,"Chipping Sparrow",10.1191294387172
2021,"Common Grackle",1.69301260022911
2021,"Common Yellowthroat",1.75830469644899
2021,"Downy Woodpecker",1.77090492554416
2021,"Eastern Bluebird",4.70103092783505
2021,"Eastern Meadowlark",0.725085910652936
2021,"Eastern Phoebe",2.13402061855673
2021,"Eastern Towhee",1.04581901489115
2021,"European Starling",0.00916380297823594
2021,"Field Sparrow",0.119129438717053
2021,"Fish Crow",1.21191294387171
2021,"Gray Catbird",0.150057273768624
2021,"Great Blue Heron",0.276059564719361
2021,"House Finch",1.864833906071
2021,"House Sparrow",0
2021,"Killdeer",0.00572737686140101
2021,"Mourning Dove",13.9690721649484
2021,"Northern Bobwhite",-0.203894616265814
2021,"Northern Cardinal",14.7273768613975
2021,"Northern Mockingbird",4.98854524627723
2021,"Pileated Woodpecker",0.651775486827049
2021,"Pine Warbler",5.11225658648334
2021,"Red-bellied Woodpecker",7.7880870561284
2021,"Red-shouldered Hawk",0.373424971363129
2021,"Red-winged Blackbird",0.490263459335631
2021,"Song Sparrow",0.0893470790378021
2021,"Tufted Titmouse",8.75143184421526
2021,"Turkey Vulture",0.43642611683849
2021,"White-breasted Nuthatch",1.6609392898053
2021,"American Crow",30.8782791185729
2021,"American Goldfinch",3.53725078698847
2021,"American Robin",3.47953830010496
2021,"Blue Jay",5.01469045120669
2021,"Blue-gray Gnatcatcher",11.0587618048269
2021,"Brown Thrasher",1.35152151101784
2021,"Brown-headed Cowbird",3.66002098635892
2021,"Brown-headed Nuthatch",2.08919202518368
2021,"Canada Goose",-0.122770199370393
2021,"Carolina Chickadee",10.6935991605455
2021,"Carolina Wren",17.8457502623295
2021,"Chipping Sparrow",14.700944386149
2021,"Common Grackle",-0.67681007345368
2021,"Common Yellowthroat",1.88772298006296
2021,"Downy Woodpecker",2.85309548793288
2021,"Eastern Bluebird",9.38509968520464
2021,"Eastern Meadowlark",1.13850996852049
2021,"Eastern Phoebe",2.09233997901362
2021,"Eastern Towhee",1.9496327387198
2021,"European Starling",-0.262329485835039
2021,"Field Sparrow",0
2021,"Fish Crow",1.42287513116477
2021,"Gray Catbird",0.119622245540401
2021,"Great Blue Heron",1.58237145855195
2021,"House Finch",2.82581322140604
2021,"House Sparrow",0.0619097586568529
2021,"Killdeer",0.45645330535153
2021,"Mourning Dove",9.20461699895054
2021,"Northern Bobwhite",-0.0209863588667361
2021,"Northern Cardinal",23.4973767051416
2021,"Northern Mockingbird",5.04826862539352
2021,"Pileated Woodpecker",0.784889821615963
2021,"Pine Warbler",13.2707240293809
2021,"Red-bellied Woodpecker",8.12277019937051
2021,"Red-shouldered Hawk",1.26652675760756
2021,"Red-winged Blackbird",0.0251836306400612
2021,"Song Sparrow",-0.0209863588667361
2021,"Tufted Titmouse",17.139559286464
2021,"Turkey Vulture",0.375655823714593
2021,"White-breasted Nuthatch",2.2004197271774
2022,"American Crow",24.748438250841
2022,"American Goldfinch",2.88683325324365
2022,"American Robin",1.20543008169159
2022,"Blue Jay",1.82196059586738
2022,"Blue-gray Gnatcatcher",4.86592984142237
2022,"Brown Thrasher",0.909178279673256
2022,"Brown-headed Cowbird",2.89884670831333
2022,"Brown-headed Nuthatch",1.10908217203269
2022,"Canada Goose",7.78976453628064
2022,"Carolina Chickadee",6.09058145122538
2022,"Carolina Wren",15.8671311869293
2022,"Chipping Sparrow",9.12710235463717
2022,"Common Grackle",2.14151850072085
2022,"Common Yellowthroat",-0.0185007208073102
2022,"Downy Woodpecker",2.07592503604036
2022,"Eastern Bluebird",7.33733781835656
2022,"Eastern Meadowlark",1.22417107160018
2022,"Eastern Phoebe",1.1268620855358
2022,"Eastern Towhee",2.44714079769335
2022,"European Starling",5.87241710715989
2022,"Field Sparrow",-0.23306102835177
2022,"Fish Crow",1.15377222489188
2022,"Gray Catbird",0.24026910139356
2022,"Great Blue Heron",0.0711196540124917
2022,"House Finch",2.66818837097554
2022,"House Sparrow",-0.0826525708793895
2022,"Killdeer",0.867131186929356
2022,"Mourning Dove",4.9271984622776
2022,"Northern Bobwhite",-0.0612686208553512
2022,"Northern Cardinal",23.8457472369053
2022,"Northern Mockingbird",5.17779913503125
2022,"Pileated Woodpecker",0.203507928880345
2022,"Pine Warbler",1.65064872657376
2022,"Red-bellied Woodpecker",4.86737145603075
2022,"Red-shouldered Hawk",0.907015857760687
2022,"Red-winged Blackbird",0.694858241230165
2022,"Song Sparrow",0.272705430081686
2022,"Tufted Titmouse",14.3543969245555
2022,"Turkey Vulture",-0.00648726573762559
2022,"White-breasted Nuthatch",1.41350312349832
